paper,paper_short,venue,year,table,method,proposed,modality,metric_type,alignment,dataset,sequence,sequence_norm,metric,unit,value,status,note
DEIO,DEIO,ICCV,2025,I,Zhu et al.,no,E+I,metric,"SE3, first 5 s (pos+yaw)",ECD (DAVIS240C),boxes_translation,boxes_translation,MPE,%,2.69,ok,"ECD/Event-Camera-Dataset, 240x180. Authors' takeaway: among non-learning methods EVI-SAM is best; DEIO cuts pose error up to 71% vs DEVO via learning+IMU."
DEIO,DEIO,ICCV,2025,I,Zhu et al.,no,E+I,metric,"SE3, first 5 s (pos+yaw)",ECD (DAVIS240C),hdr_boxes,hdr_boxes,MPE,%,1.23,ok,"ECD/Event-Camera-Dataset, 240x180. Authors' takeaway: among non-learning methods EVI-SAM is best; DEIO cuts pose error up to 71% vs DEVO via learning+IMU."
DEIO,DEIO,ICCV,2025,I,Zhu et al.,no,E+I,metric,"SE3, first 5 s (pos+yaw)",ECD (DAVIS240C),boxes_6dof,boxes_6dof,MPE,%,3.61,ok,"ECD/Event-Camera-Dataset, 240x180. Authors' takeaway: among non-learning methods EVI-SAM is best; DEIO cuts pose error up to 71% vs DEVO via learning+IMU."
DEIO,DEIO,ICCV,2025,I,Zhu et al.,no,E+I,metric,"SE3, first 5 s (pos+yaw)",ECD (DAVIS240C),dynamic_translation,dynamic_translation,MPE,%,1.9,ok,"ECD/Event-Camera-Dataset, 240x180. Authors' takeaway: among non-learning methods EVI-SAM is best; DEIO cuts pose error up to 71% vs DEVO via learning+IMU."
DEIO,DEIO,ICCV,2025,I,Zhu et al.,no,E+I,metric,"SE3, first 5 s (pos+yaw)",ECD (DAVIS240C),dynamic_6dof,dynamic_6dof,MPE,%,4.07,ok,"ECD/Event-Camera-Dataset, 240x180. Authors' takeaway: among non-learning methods EVI-SAM is best; DEIO cuts pose error up to 71% vs DEVO via learning+IMU."
DEIO,DEIO,ICCV,2025,I,Zhu et al.,no,E+I,metric,"SE3, first 5 s (pos+yaw)",ECD (DAVIS240C),poster_translation,poster_translation,MPE,%,0.94,ok,"ECD/Event-Camera-Dataset, 240x180. Authors' takeaway: among non-learning methods EVI-SAM is best; DEIO cuts pose error up to 71% vs DEVO via learning+IMU."
DEIO,DEIO,ICCV,2025,I,Zhu et al.,no,E+I,metric,"SE3, first 5 s (pos+yaw)",ECD (DAVIS240C),hdr_poster,hdr_poster,MPE,%,2.63,ok,"ECD/Event-Camera-Dataset, 240x180. Authors' takeaway: among non-learning methods EVI-SAM is best; DEIO cuts pose error up to 71% vs DEVO via learning+IMU."
DEIO,DEIO,ICCV,2025,I,Zhu et al.,no,E+I,metric,"SE3, first 5 s (pos+yaw)",ECD (DAVIS240C),poster_6dof,poster_6dof,MPE,%,3.56,ok,"ECD/Event-Camera-Dataset, 240x180. Authors' takeaway: among non-learning methods EVI-SAM is best; DEIO cuts pose error up to 71% vs DEVO via learning+IMU."
DEIO,DEIO,ICCV,2025,I,Zhu et al.,no,E+I,metric,"SE3, first 5 s (pos+yaw)",ECD (DAVIS240C),average,average,MPE,%,2.58,ok,"ECD/Event-Camera-Dataset, 240x180. Authors' takeaway: among non-learning methods EVI-SAM is best; DEIO cuts pose error up to 71% vs DEVO via learning+IMU."
DEIO,DEIO,ICCV,2025,I,Rebecq EVIO,no,E+I,metric,"SE3, first 5 s (pos+yaw)",ECD (DAVIS240C),boxes_translation,boxes_translation,MPE,%,0.57,ok,"ECD/Event-Camera-Dataset, 240x180. Authors' takeaway: among non-learning methods EVI-SAM is best; DEIO cuts pose error up to 71% vs DEVO via learning+IMU."
DEIO,DEIO,ICCV,2025,I,Rebecq EVIO,no,E+I,metric,"SE3, first 5 s (pos+yaw)",ECD (DAVIS240C),hdr_boxes,hdr_boxes,MPE,%,0.92,ok,"ECD/Event-Camera-Dataset, 240x180. Authors' takeaway: among non-learning methods EVI-SAM is best; DEIO cuts pose error up to 71% vs DEVO via learning+IMU."
DEIO,DEIO,ICCV,2025,I,Rebecq EVIO,no,E+I,metric,"SE3, first 5 s (pos+yaw)",ECD (DAVIS240C),boxes_6dof,boxes_6dof,MPE,%,0.69,ok,"ECD/Event-Camera-Dataset, 240x180. Authors' takeaway: among non-learning methods EVI-SAM is best; DEIO cuts pose error up to 71% vs DEVO via learning+IMU."
DEIO,DEIO,ICCV,2025,I,Rebecq EVIO,no,E+I,metric,"SE3, first 5 s (pos+yaw)",ECD (DAVIS240C),dynamic_translation,dynamic_translation,MPE,%,0.47,ok,"ECD/Event-Camera-Dataset, 240x180. Authors' takeaway: among non-learning methods EVI-SAM is best; DEIO cuts pose error up to 71% vs DEVO via learning+IMU."
DEIO,DEIO,ICCV,2025,I,Rebecq EVIO,no,E+I,metric,"SE3, first 5 s (pos+yaw)",ECD (DAVIS240C),dynamic_6dof,dynamic_6dof,MPE,%,0.54,ok,"ECD/Event-Camera-Dataset, 240x180. Authors' takeaway: among non-learning methods EVI-SAM is best; DEIO cuts pose error up to 71% vs DEVO via learning+IMU."
DEIO,DEIO,ICCV,2025,I,Rebecq EVIO,no,E+I,metric,"SE3, first 5 s (pos+yaw)",ECD (DAVIS240C),poster_translation,poster_translation,MPE,%,0.89,ok,"ECD/Event-Camera-Dataset, 240x180. Authors' takeaway: among non-learning methods EVI-SAM is best; DEIO cuts pose error up to 71% vs DEVO via learning+IMU."
DEIO,DEIO,ICCV,2025,I,Rebecq EVIO,no,E+I,metric,"SE3, first 5 s (pos+yaw)",ECD (DAVIS240C),hdr_poster,hdr_poster,MPE,%,0.59,ok,"ECD/Event-Camera-Dataset, 240x180. Authors' takeaway: among non-learning methods EVI-SAM is best; DEIO cuts pose error up to 71% vs DEVO via learning+IMU."
DEIO,DEIO,ICCV,2025,I,Rebecq EVIO,no,E+I,metric,"SE3, first 5 s (pos+yaw)",ECD (DAVIS240C),poster_6dof,poster_6dof,MPE,%,0.82,ok,"ECD/Event-Camera-Dataset, 240x180. Authors' takeaway: among non-learning methods EVI-SAM is best; DEIO cuts pose error up to 71% vs DEVO via learning+IMU."
DEIO,DEIO,ICCV,2025,I,Rebecq EVIO,no,E+I,metric,"SE3, first 5 s (pos+yaw)",ECD (DAVIS240C),average,average,MPE,%,0.69,ok,"ECD/Event-Camera-Dataset, 240x180. Authors' takeaway: among non-learning methods EVI-SAM is best; DEIO cuts pose error up to 71% vs DEVO via learning+IMU."
DEIO,DEIO,ICCV,2025,I,Ultimate-SLAM (EIO),no,E+I,metric,"SE3, first 5 s (pos+yaw)",ECD (DAVIS240C),boxes_translation,boxes_translation,MPE,%,0.76,ok,"ECD/Event-Camera-Dataset, 240x180. Authors' takeaway: among non-learning methods EVI-SAM is best; DEIO cuts pose error up to 71% vs DEVO via learning+IMU."
DEIO,DEIO,ICCV,2025,I,Ultimate-SLAM (EIO),no,E+I,metric,"SE3, first 5 s (pos+yaw)",ECD (DAVIS240C),hdr_boxes,hdr_boxes,MPE,%,0.67,ok,"ECD/Event-Camera-Dataset, 240x180. Authors' takeaway: among non-learning methods EVI-SAM is best; DEIO cuts pose error up to 71% vs DEVO via learning+IMU."
DEIO,DEIO,ICCV,2025,I,Ultimate-SLAM (EIO),no,E+I,metric,"SE3, first 5 s (pos+yaw)",ECD (DAVIS240C),boxes_6dof,boxes_6dof,MPE,%,0.44,ok,"ECD/Event-Camera-Dataset, 240x180. Authors' takeaway: among non-learning methods EVI-SAM is best; DEIO cuts pose error up to 71% vs DEVO via learning+IMU."
DEIO,DEIO,ICCV,2025,I,Ultimate-SLAM (EIO),no,E+I,metric,"SE3, first 5 s (pos+yaw)",ECD (DAVIS240C),dynamic_translation,dynamic_translation,MPE,%,0.59,ok,"ECD/Event-Camera-Dataset, 240x180. Authors' takeaway: among non-learning methods EVI-SAM is best; DEIO cuts pose error up to 71% vs DEVO via learning+IMU."
DEIO,DEIO,ICCV,2025,I,Ultimate-SLAM (EIO),no,E+I,metric,"SE3, first 5 s (pos+yaw)",ECD (DAVIS240C),dynamic_6dof,dynamic_6dof,MPE,%,0.38,ok,"ECD/Event-Camera-Dataset, 240x180. Authors' takeaway: among non-learning methods EVI-SAM is best; DEIO cuts pose error up to 71% vs DEVO via learning+IMU."
DEIO,DEIO,ICCV,2025,I,Ultimate-SLAM (EIO),no,E+I,metric,"SE3, first 5 s (pos+yaw)",ECD (DAVIS240C),poster_translation,poster_translation,MPE,%,0.15,ok,"ECD/Event-Camera-Dataset, 240x180. Authors' takeaway: among non-learning methods EVI-SAM is best; DEIO cuts pose error up to 71% vs DEVO via learning+IMU."
DEIO,DEIO,ICCV,2025,I,Ultimate-SLAM (EIO),no,E+I,metric,"SE3, first 5 s (pos+yaw)",ECD (DAVIS240C),hdr_poster,hdr_poster,MPE,%,0.49,ok,"ECD/Event-Camera-Dataset, 240x180. Authors' takeaway: among non-learning methods EVI-SAM is best; DEIO cuts pose error up to 71% vs DEVO via learning+IMU."
DEIO,DEIO,ICCV,2025,I,Ultimate-SLAM (EIO),no,E+I,metric,"SE3, first 5 s (pos+yaw)",ECD (DAVIS240C),poster_6dof,poster_6dof,MPE,%,0.3,ok,"ECD/Event-Camera-Dataset, 240x180. Authors' takeaway: among non-learning methods EVI-SAM is best; DEIO cuts pose error up to 71% vs DEVO via learning+IMU."
DEIO,DEIO,ICCV,2025,I,Ultimate-SLAM (EIO),no,E+I,metric,"SE3, first 5 s (pos+yaw)",ECD (DAVIS240C),average,average,MPE,%,0.47,ok,"ECD/Event-Camera-Dataset, 240x180. Authors' takeaway: among non-learning methods EVI-SAM is best; DEIO cuts pose error up to 71% vs DEVO via learning+IMU."
DEIO,DEIO,ICCV,2025,I,Ultimate-SLAM (EVIO),no,E+F+I,metric,"SE3, first 5 s (pos+yaw)",ECD (DAVIS240C),boxes_translation,boxes_translation,MPE,%,0.27,ok,"ECD/Event-Camera-Dataset, 240x180. Authors' takeaway: among non-learning methods EVI-SAM is best; DEIO cuts pose error up to 71% vs DEVO via learning+IMU."
DEIO,DEIO,ICCV,2025,I,Ultimate-SLAM (EVIO),no,E+F+I,metric,"SE3, first 5 s (pos+yaw)",ECD (DAVIS240C),hdr_boxes,hdr_boxes,MPE,%,0.37,ok,"ECD/Event-Camera-Dataset, 240x180. Authors' takeaway: among non-learning methods EVI-SAM is best; DEIO cuts pose error up to 71% vs DEVO via learning+IMU."
DEIO,DEIO,ICCV,2025,I,Ultimate-SLAM (EVIO),no,E+F+I,metric,"SE3, first 5 s (pos+yaw)",ECD (DAVIS240C),boxes_6dof,boxes_6dof,MPE,%,0.3,ok,"ECD/Event-Camera-Dataset, 240x180. Authors' takeaway: among non-learning methods EVI-SAM is best; DEIO cuts pose error up to 71% vs DEVO via learning+IMU."
DEIO,DEIO,ICCV,2025,I,Ultimate-SLAM (EVIO),no,E+F+I,metric,"SE3, first 5 s (pos+yaw)",ECD (DAVIS240C),dynamic_translation,dynamic_translation,MPE,%,0.18,ok,"ECD/Event-Camera-Dataset, 240x180. Authors' takeaway: among non-learning methods EVI-SAM is best; DEIO cuts pose error up to 71% vs DEVO via learning+IMU."
DEIO,DEIO,ICCV,2025,I,Ultimate-SLAM (EVIO),no,E+F+I,metric,"SE3, first 5 s (pos+yaw)",ECD (DAVIS240C),dynamic_6dof,dynamic_6dof,MPE,%,0.19,ok,"ECD/Event-Camera-Dataset, 240x180. Authors' takeaway: among non-learning methods EVI-SAM is best; DEIO cuts pose error up to 71% vs DEVO via learning+IMU."
DEIO,DEIO,ICCV,2025,I,Ultimate-SLAM (EVIO),no,E+F+I,metric,"SE3, first 5 s (pos+yaw)",ECD (DAVIS240C),poster_translation,poster_translation,MPE,%,0.12,ok,"ECD/Event-Camera-Dataset, 240x180. Authors' takeaway: among non-learning methods EVI-SAM is best; DEIO cuts pose error up to 71% vs DEVO via learning+IMU."
DEIO,DEIO,ICCV,2025,I,Ultimate-SLAM (EVIO),no,E+F+I,metric,"SE3, first 5 s (pos+yaw)",ECD (DAVIS240C),hdr_poster,hdr_poster,MPE,%,0.31,ok,"ECD/Event-Camera-Dataset, 240x180. Authors' takeaway: among non-learning methods EVI-SAM is best; DEIO cuts pose error up to 71% vs DEVO via learning+IMU."
DEIO,DEIO,ICCV,2025,I,Ultimate-SLAM (EVIO),no,E+F+I,metric,"SE3, first 5 s (pos+yaw)",ECD (DAVIS240C),poster_6dof,poster_6dof,MPE,%,0.28,ok,"ECD/Event-Camera-Dataset, 240x180. Authors' takeaway: among non-learning methods EVI-SAM is best; DEIO cuts pose error up to 71% vs DEVO via learning+IMU."
DEIO,DEIO,ICCV,2025,I,Ultimate-SLAM (EVIO),no,E+F+I,metric,"SE3, first 5 s (pos+yaw)",ECD (DAVIS240C),average,average,MPE,%,0.25,ok,"ECD/Event-Camera-Dataset, 240x180. Authors' takeaway: among non-learning methods EVI-SAM is best; DEIO cuts pose error up to 71% vs DEVO via learning+IMU."
DEIO,DEIO,ICCV,2025,I,Jung et al. (EIO),no,E+I,metric,"SE3, first 5 s (pos+yaw)",ECD (DAVIS240C),boxes_translation,boxes_translation,MPE,%,1.5,ok,"ECD/Event-Camera-Dataset, 240x180. Authors' takeaway: among non-learning methods EVI-SAM is best; DEIO cuts pose error up to 71% vs DEVO via learning+IMU."
DEIO,DEIO,ICCV,2025,I,Jung et al. (EIO),no,E+I,metric,"SE3, first 5 s (pos+yaw)",ECD (DAVIS240C),hdr_boxes,hdr_boxes,MPE,%,2.45,ok,"ECD/Event-Camera-Dataset, 240x180. Authors' takeaway: among non-learning methods EVI-SAM is best; DEIO cuts pose error up to 71% vs DEVO via learning+IMU."
DEIO,DEIO,ICCV,2025,I,Jung et al. (EIO),no,E+I,metric,"SE3, first 5 s (pos+yaw)",ECD (DAVIS240C),boxes_6dof,boxes_6dof,MPE,%,2.88,ok,"ECD/Event-Camera-Dataset, 240x180. Authors' takeaway: among non-learning methods EVI-SAM is best; DEIO cuts pose error up to 71% vs DEVO via learning+IMU."
DEIO,DEIO,ICCV,2025,I,Jung et al. (EIO),no,E+I,metric,"SE3, first 5 s (pos+yaw)",ECD (DAVIS240C),dynamic_translation,dynamic_translation,MPE,%,4.92,ok,"ECD/Event-Camera-Dataset, 240x180. Authors' takeaway: among non-learning methods EVI-SAM is best; DEIO cuts pose error up to 71% vs DEVO via learning+IMU."
DEIO,DEIO,ICCV,2025,I,Jung et al. (EIO),no,E+I,metric,"SE3, first 5 s (pos+yaw)",ECD (DAVIS240C),dynamic_6dof,dynamic_6dof,MPE,%,6.23,ok,"ECD/Event-Camera-Dataset, 240x180. Authors' takeaway: among non-learning methods EVI-SAM is best; DEIO cuts pose error up to 71% vs DEVO via learning+IMU."
DEIO,DEIO,ICCV,2025,I,Jung et al. (EIO),no,E+I,metric,"SE3, first 5 s (pos+yaw)",ECD (DAVIS240C),poster_translation,poster_translation,MPE,%,3.43,ok,"ECD/Event-Camera-Dataset, 240x180. Authors' takeaway: among non-learning methods EVI-SAM is best; DEIO cuts pose error up to 71% vs DEVO via learning+IMU."
DEIO,DEIO,ICCV,2025,I,Jung et al. (EIO),no,E+I,metric,"SE3, first 5 s (pos+yaw)",ECD (DAVIS240C),hdr_poster,hdr_poster,MPE,%,2.38,ok,"ECD/Event-Camera-Dataset, 240x180. Authors' takeaway: among non-learning methods EVI-SAM is best; DEIO cuts pose error up to 71% vs DEVO via learning+IMU."
DEIO,DEIO,ICCV,2025,I,Jung et al. (EIO),no,E+I,metric,"SE3, first 5 s (pos+yaw)",ECD (DAVIS240C),poster_6dof,poster_6dof,MPE,%,2.53,ok,"ECD/Event-Camera-Dataset, 240x180. Authors' takeaway: among non-learning methods EVI-SAM is best; DEIO cuts pose error up to 71% vs DEVO via learning+IMU."
DEIO,DEIO,ICCV,2025,I,Jung et al. (EIO),no,E+I,metric,"SE3, first 5 s (pos+yaw)",ECD (DAVIS240C),average,average,MPE,%,3.92,ok,"ECD/Event-Camera-Dataset, 240x180. Authors' takeaway: among non-learning methods EVI-SAM is best; DEIO cuts pose error up to 71% vs DEVO via learning+IMU."
DEIO,DEIO,ICCV,2025,I,Jung et al. (EVIO),no,E+F+I,metric,"SE3, first 5 s (pos+yaw)",ECD (DAVIS240C),boxes_translation,boxes_translation,MPE,%,1.24,ok,"ECD/Event-Camera-Dataset, 240x180. Authors' takeaway: among non-learning methods EVI-SAM is best; DEIO cuts pose error up to 71% vs DEVO via learning+IMU."
DEIO,DEIO,ICCV,2025,I,Jung et al. (EVIO),no,E+F+I,metric,"SE3, first 5 s (pos+yaw)",ECD (DAVIS240C),hdr_boxes,hdr_boxes,MPE,%,1.15,ok,"ECD/Event-Camera-Dataset, 240x180. Authors' takeaway: among non-learning methods EVI-SAM is best; DEIO cuts pose error up to 71% vs DEVO via learning+IMU."
DEIO,DEIO,ICCV,2025,I,Jung et al. (EVIO),no,E+F+I,metric,"SE3, first 5 s (pos+yaw)",ECD (DAVIS240C),boxes_6dof,boxes_6dof,MPE,%,0.98,ok,"ECD/Event-Camera-Dataset, 240x180. Authors' takeaway: among non-learning methods EVI-SAM is best; DEIO cuts pose error up to 71% vs DEVO via learning+IMU."
DEIO,DEIO,ICCV,2025,I,Jung et al. (EVIO),no,E+F+I,metric,"SE3, first 5 s (pos+yaw)",ECD (DAVIS240C),dynamic_translation,dynamic_translation,MPE,%,0.89,ok,"ECD/Event-Camera-Dataset, 240x180. Authors' takeaway: among non-learning methods EVI-SAM is best; DEIO cuts pose error up to 71% vs DEVO via learning+IMU."
DEIO,DEIO,ICCV,2025,I,Jung et al. (EVIO),no,E+F+I,metric,"SE3, first 5 s (pos+yaw)",ECD (DAVIS240C),dynamic_6dof,dynamic_6dof,MPE,%,0.98,ok,"ECD/Event-Camera-Dataset, 240x180. Authors' takeaway: among non-learning methods EVI-SAM is best; DEIO cuts pose error up to 71% vs DEVO via learning+IMU."
DEIO,DEIO,ICCV,2025,I,Jung et al. (EVIO),no,E+F+I,metric,"SE3, first 5 s (pos+yaw)",ECD (DAVIS240C),poster_translation,poster_translation,MPE,%,1.83,ok,"ECD/Event-Camera-Dataset, 240x180. Authors' takeaway: among non-learning methods EVI-SAM is best; DEIO cuts pose error up to 71% vs DEVO via learning+IMU."
DEIO,DEIO,ICCV,2025,I,Jung et al. (EVIO),no,E+F+I,metric,"SE3, first 5 s (pos+yaw)",ECD (DAVIS240C),hdr_poster,hdr_poster,MPE,%,0.57,ok,"ECD/Event-Camera-Dataset, 240x180. Authors' takeaway: among non-learning methods EVI-SAM is best; DEIO cuts pose error up to 71% vs DEVO via learning+IMU."
DEIO,DEIO,ICCV,2025,I,Jung et al. (EVIO),no,E+F+I,metric,"SE3, first 5 s (pos+yaw)",ECD (DAVIS240C),poster_6dof,poster_6dof,MPE,%,0.97,ok,"ECD/Event-Camera-Dataset, 240x180. Authors' takeaway: among non-learning methods EVI-SAM is best; DEIO cuts pose error up to 71% vs DEVO via learning+IMU."
DEIO,DEIO,ICCV,2025,I,Jung et al. (EVIO),no,E+F+I,metric,"SE3, first 5 s (pos+yaw)",ECD (DAVIS240C),average,average,MPE,%,1.07,ok,"ECD/Event-Camera-Dataset, 240x180. Authors' takeaway: among non-learning methods EVI-SAM is best; DEIO cuts pose error up to 71% vs DEVO via learning+IMU."
DEIO,DEIO,ICCV,2025,I,HASTE-VIO,no,E+I,metric,"SE3, first 5 s (pos+yaw)",ECD (DAVIS240C),boxes_translation,boxes_translation,MPE,%,2.55,ok,"ECD/Event-Camera-Dataset, 240x180. Authors' takeaway: among non-learning methods EVI-SAM is best; DEIO cuts pose error up to 71% vs DEVO via learning+IMU."
DEIO,DEIO,ICCV,2025,I,HASTE-VIO,no,E+I,metric,"SE3, first 5 s (pos+yaw)",ECD (DAVIS240C),hdr_boxes,hdr_boxes,MPE,%,1.75,ok,"ECD/Event-Camera-Dataset, 240x180. Authors' takeaway: among non-learning methods EVI-SAM is best; DEIO cuts pose error up to 71% vs DEVO via learning+IMU."
DEIO,DEIO,ICCV,2025,I,HASTE-VIO,no,E+I,metric,"SE3, first 5 s (pos+yaw)",ECD (DAVIS240C),boxes_6dof,boxes_6dof,MPE,%,2.03,ok,"ECD/Event-Camera-Dataset, 240x180. Authors' takeaway: among non-learning methods EVI-SAM is best; DEIO cuts pose error up to 71% vs DEVO via learning+IMU."
DEIO,DEIO,ICCV,2025,I,HASTE-VIO,no,E+I,metric,"SE3, first 5 s (pos+yaw)",ECD (DAVIS240C),dynamic_translation,dynamic_translation,MPE,%,1.32,ok,"ECD/Event-Camera-Dataset, 240x180. Authors' takeaway: among non-learning methods EVI-SAM is best; DEIO cuts pose error up to 71% vs DEVO via learning+IMU."
DEIO,DEIO,ICCV,2025,I,HASTE-VIO,no,E+I,metric,"SE3, first 5 s (pos+yaw)",ECD (DAVIS240C),dynamic_6dof,dynamic_6dof,MPE,%,0.52,ok,"ECD/Event-Camera-Dataset, 240x180. Authors' takeaway: among non-learning methods EVI-SAM is best; DEIO cuts pose error up to 71% vs DEVO via learning+IMU."
DEIO,DEIO,ICCV,2025,I,HASTE-VIO,no,E+I,metric,"SE3, first 5 s (pos+yaw)",ECD (DAVIS240C),poster_translation,poster_translation,MPE,%,1.34,ok,"ECD/Event-Camera-Dataset, 240x180. Authors' takeaway: among non-learning methods EVI-SAM is best; DEIO cuts pose error up to 71% vs DEVO via learning+IMU."
DEIO,DEIO,ICCV,2025,I,HASTE-VIO,no,E+I,metric,"SE3, first 5 s (pos+yaw)",ECD (DAVIS240C),hdr_poster,hdr_poster,MPE,%,0.57,ok,"ECD/Event-Camera-Dataset, 240x180. Authors' takeaway: among non-learning methods EVI-SAM is best; DEIO cuts pose error up to 71% vs DEVO via learning+IMU."
DEIO,DEIO,ICCV,2025,I,HASTE-VIO,no,E+I,metric,"SE3, first 5 s (pos+yaw)",ECD (DAVIS240C),poster_6dof,poster_6dof,MPE,%,1.5,ok,"ECD/Event-Camera-Dataset, 240x180. Authors' takeaway: among non-learning methods EVI-SAM is best; DEIO cuts pose error up to 71% vs DEVO via learning+IMU."
DEIO,DEIO,ICCV,2025,I,HASTE-VIO,no,E+I,metric,"SE3, first 5 s (pos+yaw)",ECD (DAVIS240C),average,average,MPE,%,1.45,ok,"ECD/Event-Camera-Dataset, 240x180. Authors' takeaway: among non-learning methods EVI-SAM is best; DEIO cuts pose error up to 71% vs DEVO via learning+IMU."
DEIO,DEIO,ICCV,2025,I,EKLT-VIO,no,E+F+I,metric,"SE3, first 5 s (pos+yaw)",ECD (DAVIS240C),boxes_translation,boxes_translation,MPE,%,0.48,ok,"ECD/Event-Camera-Dataset, 240x180. Authors' takeaway: among non-learning methods EVI-SAM is best; DEIO cuts pose error up to 71% vs DEVO via learning+IMU."
DEIO,DEIO,ICCV,2025,I,EKLT-VIO,no,E+F+I,metric,"SE3, first 5 s (pos+yaw)",ECD (DAVIS240C),hdr_boxes,hdr_boxes,MPE,%,0.46,ok,"ECD/Event-Camera-Dataset, 240x180. Authors' takeaway: among non-learning methods EVI-SAM is best; DEIO cuts pose error up to 71% vs DEVO via learning+IMU."
DEIO,DEIO,ICCV,2025,I,EKLT-VIO,no,E+F+I,metric,"SE3, first 5 s (pos+yaw)",ECD (DAVIS240C),boxes_6dof,boxes_6dof,MPE,%,0.84,ok,"ECD/Event-Camera-Dataset, 240x180. Authors' takeaway: among non-learning methods EVI-SAM is best; DEIO cuts pose error up to 71% vs DEVO via learning+IMU."
DEIO,DEIO,ICCV,2025,I,EKLT-VIO,no,E+F+I,metric,"SE3, first 5 s (pos+yaw)",ECD (DAVIS240C),dynamic_translation,dynamic_translation,MPE,%,0.4,ok,"ECD/Event-Camera-Dataset, 240x180. Authors' takeaway: among non-learning methods EVI-SAM is best; DEIO cuts pose error up to 71% vs DEVO via learning+IMU."
DEIO,DEIO,ICCV,2025,I,EKLT-VIO,no,E+F+I,metric,"SE3, first 5 s (pos+yaw)",ECD (DAVIS240C),dynamic_6dof,dynamic_6dof,MPE,%,0.79,ok,"ECD/Event-Camera-Dataset, 240x180. Authors' takeaway: among non-learning methods EVI-SAM is best; DEIO cuts pose error up to 71% vs DEVO via learning+IMU."
DEIO,DEIO,ICCV,2025,I,EKLT-VIO,no,E+F+I,metric,"SE3, first 5 s (pos+yaw)",ECD (DAVIS240C),poster_translation,poster_translation,MPE,%,0.35,ok,"ECD/Event-Camera-Dataset, 240x180. Authors' takeaway: among non-learning methods EVI-SAM is best; DEIO cuts pose error up to 71% vs DEVO via learning+IMU."
DEIO,DEIO,ICCV,2025,I,EKLT-VIO,no,E+F+I,metric,"SE3, first 5 s (pos+yaw)",ECD (DAVIS240C),hdr_poster,hdr_poster,MPE,%,0.65,ok,"ECD/Event-Camera-Dataset, 240x180. Authors' takeaway: among non-learning methods EVI-SAM is best; DEIO cuts pose error up to 71% vs DEVO via learning+IMU."
DEIO,DEIO,ICCV,2025,I,EKLT-VIO,no,E+F+I,metric,"SE3, first 5 s (pos+yaw)",ECD (DAVIS240C),poster_6dof,poster_6dof,MPE,%,0.35,ok,"ECD/Event-Camera-Dataset, 240x180. Authors' takeaway: among non-learning methods EVI-SAM is best; DEIO cuts pose error up to 71% vs DEVO via learning+IMU."
DEIO,DEIO,ICCV,2025,I,EKLT-VIO,no,E+F+I,metric,"SE3, first 5 s (pos+yaw)",ECD (DAVIS240C),average,average,MPE,%,0.54,ok,"ECD/Event-Camera-Dataset, 240x180. Authors' takeaway: among non-learning methods EVI-SAM is best; DEIO cuts pose error up to 71% vs DEVO via learning+IMU."
DEIO,DEIO,ICCV,2025,I,Dai et al.,no,E+I,metric,"SE3, first 5 s (pos+yaw)",ECD (DAVIS240C),boxes_translation,boxes_translation,MPE,%,1.0,ok,"ECD/Event-Camera-Dataset, 240x180. Authors' takeaway: among non-learning methods EVI-SAM is best; DEIO cuts pose error up to 71% vs DEVO via learning+IMU."
DEIO,DEIO,ICCV,2025,I,Dai et al.,no,E+I,metric,"SE3, first 5 s (pos+yaw)",ECD (DAVIS240C),hdr_boxes,hdr_boxes,MPE,%,1.8,ok,"ECD/Event-Camera-Dataset, 240x180. Authors' takeaway: among non-learning methods EVI-SAM is best; DEIO cuts pose error up to 71% vs DEVO via learning+IMU."
DEIO,DEIO,ICCV,2025,I,Dai et al.,no,E+I,metric,"SE3, first 5 s (pos+yaw)",ECD (DAVIS240C),boxes_6dof,boxes_6dof,MPE,%,1.5,ok,"ECD/Event-Camera-Dataset, 240x180. Authors' takeaway: among non-learning methods EVI-SAM is best; DEIO cuts pose error up to 71% vs DEVO via learning+IMU."
DEIO,DEIO,ICCV,2025,I,Dai et al.,no,E+I,metric,"SE3, first 5 s (pos+yaw)",ECD (DAVIS240C),dynamic_translation,dynamic_translation,MPE,%,0.9,ok,"ECD/Event-Camera-Dataset, 240x180. Authors' takeaway: among non-learning methods EVI-SAM is best; DEIO cuts pose error up to 71% vs DEVO via learning+IMU."
DEIO,DEIO,ICCV,2025,I,Dai et al.,no,E+I,metric,"SE3, first 5 s (pos+yaw)",ECD (DAVIS240C),dynamic_6dof,dynamic_6dof,MPE,%,1.5,ok,"ECD/Event-Camera-Dataset, 240x180. Authors' takeaway: among non-learning methods EVI-SAM is best; DEIO cuts pose error up to 71% vs DEVO via learning+IMU."
DEIO,DEIO,ICCV,2025,I,Dai et al.,no,E+I,metric,"SE3, first 5 s (pos+yaw)",ECD (DAVIS240C),poster_translation,poster_translation,MPE,%,1.9,ok,"ECD/Event-Camera-Dataset, 240x180. Authors' takeaway: among non-learning methods EVI-SAM is best; DEIO cuts pose error up to 71% vs DEVO via learning+IMU."
DEIO,DEIO,ICCV,2025,I,Dai et al.,no,E+I,metric,"SE3, first 5 s (pos+yaw)",ECD (DAVIS240C),hdr_poster,hdr_poster,MPE,%,2.8,ok,"ECD/Event-Camera-Dataset, 240x180. Authors' takeaway: among non-learning methods EVI-SAM is best; DEIO cuts pose error up to 71% vs DEVO via learning+IMU."
DEIO,DEIO,ICCV,2025,I,Dai et al.,no,E+I,metric,"SE3, first 5 s (pos+yaw)",ECD (DAVIS240C),poster_6dof,poster_6dof,MPE,%,1.2,ok,"ECD/Event-Camera-Dataset, 240x180. Authors' takeaway: among non-learning methods EVI-SAM is best; DEIO cuts pose error up to 71% vs DEVO via learning+IMU."
DEIO,DEIO,ICCV,2025,I,Dai et al.,no,E+I,metric,"SE3, first 5 s (pos+yaw)",ECD (DAVIS240C),average,average,MPE,%,1.56,ok,"ECD/Event-Camera-Dataset, 240x180. Authors' takeaway: among non-learning methods EVI-SAM is best; DEIO cuts pose error up to 71% vs DEVO via learning+IMU."
DEIO,DEIO,ICCV,2025,I,Mono-EIO,no,E+I,metric,"SE3, first 5 s (pos+yaw)",ECD (DAVIS240C),boxes_translation,boxes_translation,MPE,%,0.34,ok,"ECD/Event-Camera-Dataset, 240x180. Authors' takeaway: among non-learning methods EVI-SAM is best; DEIO cuts pose error up to 71% vs DEVO via learning+IMU."
DEIO,DEIO,ICCV,2025,I,Mono-EIO,no,E+I,metric,"SE3, first 5 s (pos+yaw)",ECD (DAVIS240C),hdr_boxes,hdr_boxes,MPE,%,0.4,ok,"ECD/Event-Camera-Dataset, 240x180. Authors' takeaway: among non-learning methods EVI-SAM is best; DEIO cuts pose error up to 71% vs DEVO via learning+IMU."
DEIO,DEIO,ICCV,2025,I,Mono-EIO,no,E+I,metric,"SE3, first 5 s (pos+yaw)",ECD (DAVIS240C),boxes_6dof,boxes_6dof,MPE,%,0.61,ok,"ECD/Event-Camera-Dataset, 240x180. Authors' takeaway: among non-learning methods EVI-SAM is best; DEIO cuts pose error up to 71% vs DEVO via learning+IMU."
DEIO,DEIO,ICCV,2025,I,Mono-EIO,no,E+I,metric,"SE3, first 5 s (pos+yaw)",ECD (DAVIS240C),dynamic_translation,dynamic_translation,MPE,%,0.26,ok,"ECD/Event-Camera-Dataset, 240x180. Authors' takeaway: among non-learning methods EVI-SAM is best; DEIO cuts pose error up to 71% vs DEVO via learning+IMU."
DEIO,DEIO,ICCV,2025,I,Mono-EIO,no,E+I,metric,"SE3, first 5 s (pos+yaw)",ECD (DAVIS240C),dynamic_6dof,dynamic_6dof,MPE,%,0.43,ok,"ECD/Event-Camera-Dataset, 240x180. Authors' takeaway: among non-learning methods EVI-SAM is best; DEIO cuts pose error up to 71% vs DEVO via learning+IMU."
DEIO,DEIO,ICCV,2025,I,Mono-EIO,no,E+I,metric,"SE3, first 5 s (pos+yaw)",ECD (DAVIS240C),poster_translation,poster_translation,MPE,%,0.4,ok,"ECD/Event-Camera-Dataset, 240x180. Authors' takeaway: among non-learning methods EVI-SAM is best; DEIO cuts pose error up to 71% vs DEVO via learning+IMU."
DEIO,DEIO,ICCV,2025,I,Mono-EIO,no,E+I,metric,"SE3, first 5 s (pos+yaw)",ECD (DAVIS240C),hdr_poster,hdr_poster,MPE,%,0.4,ok,"ECD/Event-Camera-Dataset, 240x180. Authors' takeaway: among non-learning methods EVI-SAM is best; DEIO cuts pose error up to 71% vs DEVO via learning+IMU."
DEIO,DEIO,ICCV,2025,I,Mono-EIO,no,E+I,metric,"SE3, first 5 s (pos+yaw)",ECD (DAVIS240C),poster_6dof,poster_6dof,MPE,%,0.26,ok,"ECD/Event-Camera-Dataset, 240x180. Authors' takeaway: among non-learning methods EVI-SAM is best; DEIO cuts pose error up to 71% vs DEVO via learning+IMU."
DEIO,DEIO,ICCV,2025,I,Mono-EIO,no,E+I,metric,"SE3, first 5 s (pos+yaw)",ECD (DAVIS240C),average,average,MPE,%,0.39,ok,"ECD/Event-Camera-Dataset, 240x180. Authors' takeaway: among non-learning methods EVI-SAM is best; DEIO cuts pose error up to 71% vs DEVO via learning+IMU."
DEIO,DEIO,ICCV,2025,I,Kai et al.,no,E+I,metric,"SE3, first 5 s (pos+yaw)",ECD (DAVIS240C),boxes_translation,boxes_translation,MPE,%,0.36,ok,"ECD/Event-Camera-Dataset, 240x180. Authors' takeaway: among non-learning methods EVI-SAM is best; DEIO cuts pose error up to 71% vs DEVO via learning+IMU."
DEIO,DEIO,ICCV,2025,I,Kai et al.,no,E+I,metric,"SE3, first 5 s (pos+yaw)",ECD (DAVIS240C),hdr_boxes,hdr_boxes,MPE,%,0.31,ok,"ECD/Event-Camera-Dataset, 240x180. Authors' takeaway: among non-learning methods EVI-SAM is best; DEIO cuts pose error up to 71% vs DEVO via learning+IMU."
DEIO,DEIO,ICCV,2025,I,Kai et al.,no,E+I,metric,"SE3, first 5 s (pos+yaw)",ECD (DAVIS240C),boxes_6dof,boxes_6dof,MPE,%,0.32,ok,"ECD/Event-Camera-Dataset, 240x180. Authors' takeaway: among non-learning methods EVI-SAM is best; DEIO cuts pose error up to 71% vs DEVO via learning+IMU."
DEIO,DEIO,ICCV,2025,I,Kai et al.,no,E+I,metric,"SE3, first 5 s (pos+yaw)",ECD (DAVIS240C),dynamic_translation,dynamic_translation,MPE,%,0.59,ok,"ECD/Event-Camera-Dataset, 240x180. Authors' takeaway: among non-learning methods EVI-SAM is best; DEIO cuts pose error up to 71% vs DEVO via learning+IMU."
DEIO,DEIO,ICCV,2025,I,Kai et al.,no,E+I,metric,"SE3, first 5 s (pos+yaw)",ECD (DAVIS240C),dynamic_6dof,dynamic_6dof,MPE,%,0.49,ok,"ECD/Event-Camera-Dataset, 240x180. Authors' takeaway: among non-learning methods EVI-SAM is best; DEIO cuts pose error up to 71% vs DEVO via learning+IMU."
DEIO,DEIO,ICCV,2025,I,Kai et al.,no,E+I,metric,"SE3, first 5 s (pos+yaw)",ECD (DAVIS240C),poster_translation,poster_translation,MPE,%,0.23,ok,"ECD/Event-Camera-Dataset, 240x180. Authors' takeaway: among non-learning methods EVI-SAM is best; DEIO cuts pose error up to 71% vs DEVO via learning+IMU."
DEIO,DEIO,ICCV,2025,I,Kai et al.,no,E+I,metric,"SE3, first 5 s (pos+yaw)",ECD (DAVIS240C),hdr_poster,hdr_poster,MPE,%,0.18,ok,"ECD/Event-Camera-Dataset, 240x180. Authors' takeaway: among non-learning methods EVI-SAM is best; DEIO cuts pose error up to 71% vs DEVO via learning+IMU."
DEIO,DEIO,ICCV,2025,I,Kai et al.,no,E+I,metric,"SE3, first 5 s (pos+yaw)",ECD (DAVIS240C),poster_6dof,poster_6dof,MPE,%,0.31,ok,"ECD/Event-Camera-Dataset, 240x180. Authors' takeaway: among non-learning methods EVI-SAM is best; DEIO cuts pose error up to 71% vs DEVO via learning+IMU."
DEIO,DEIO,ICCV,2025,I,Kai et al.,no,E+I,metric,"SE3, first 5 s (pos+yaw)",ECD (DAVIS240C),average,average,MPE,%,0.35,ok,"ECD/Event-Camera-Dataset, 240x180. Authors' takeaway: among non-learning methods EVI-SAM is best; DEIO cuts pose error up to 71% vs DEVO via learning+IMU."
DEIO,DEIO,ICCV,2025,I,PL-EVIO,no,E+F+I,metric,"SE3, first 5 s (pos+yaw)",ECD (DAVIS240C),boxes_translation,boxes_translation,MPE,%,0.06,ok,"ECD/Event-Camera-Dataset, 240x180. Authors' takeaway: among non-learning methods EVI-SAM is best; DEIO cuts pose error up to 71% vs DEVO via learning+IMU."
DEIO,DEIO,ICCV,2025,I,PL-EVIO,no,E+F+I,metric,"SE3, first 5 s (pos+yaw)",ECD (DAVIS240C),hdr_boxes,hdr_boxes,MPE,%,0.1,ok,"ECD/Event-Camera-Dataset, 240x180. Authors' takeaway: among non-learning methods EVI-SAM is best; DEIO cuts pose error up to 71% vs DEVO via learning+IMU."
DEIO,DEIO,ICCV,2025,I,PL-EVIO,no,E+F+I,metric,"SE3, first 5 s (pos+yaw)",ECD (DAVIS240C),boxes_6dof,boxes_6dof,MPE,%,0.21,ok,"ECD/Event-Camera-Dataset, 240x180. Authors' takeaway: among non-learning methods EVI-SAM is best; DEIO cuts pose error up to 71% vs DEVO via learning+IMU."
DEIO,DEIO,ICCV,2025,I,PL-EVIO,no,E+F+I,metric,"SE3, first 5 s (pos+yaw)",ECD (DAVIS240C),dynamic_translation,dynamic_translation,MPE,%,0.24,ok,"ECD/Event-Camera-Dataset, 240x180. Authors' takeaway: among non-learning methods EVI-SAM is best; DEIO cuts pose error up to 71% vs DEVO via learning+IMU."
DEIO,DEIO,ICCV,2025,I,PL-EVIO,no,E+F+I,metric,"SE3, first 5 s (pos+yaw)",ECD (DAVIS240C),dynamic_6dof,dynamic_6dof,MPE,%,0.48,ok,"ECD/Event-Camera-Dataset, 240x180. Authors' takeaway: among non-learning methods EVI-SAM is best; DEIO cuts pose error up to 71% vs DEVO via learning+IMU."
DEIO,DEIO,ICCV,2025,I,PL-EVIO,no,E+F+I,metric,"SE3, first 5 s (pos+yaw)",ECD (DAVIS240C),poster_translation,poster_translation,MPE,%,0.54,ok,"ECD/Event-Camera-Dataset, 240x180. Authors' takeaway: among non-learning methods EVI-SAM is best; DEIO cuts pose error up to 71% vs DEVO via learning+IMU."
DEIO,DEIO,ICCV,2025,I,PL-EVIO,no,E+F+I,metric,"SE3, first 5 s (pos+yaw)",ECD (DAVIS240C),hdr_poster,hdr_poster,MPE,%,0.12,ok,"ECD/Event-Camera-Dataset, 240x180. Authors' takeaway: among non-learning methods EVI-SAM is best; DEIO cuts pose error up to 71% vs DEVO via learning+IMU."
DEIO,DEIO,ICCV,2025,I,PL-EVIO,no,E+F+I,metric,"SE3, first 5 s (pos+yaw)",ECD (DAVIS240C),poster_6dof,poster_6dof,MPE,%,0.14,ok,"ECD/Event-Camera-Dataset, 240x180. Authors' takeaway: among non-learning methods EVI-SAM is best; DEIO cuts pose error up to 71% vs DEVO via learning+IMU."
DEIO,DEIO,ICCV,2025,I,PL-EVIO,no,E+F+I,metric,"SE3, first 5 s (pos+yaw)",ECD (DAVIS240C),average,average,MPE,%,0.24,ok,"ECD/Event-Camera-Dataset, 240x180. Authors' takeaway: among non-learning methods EVI-SAM is best; DEIO cuts pose error up to 71% vs DEVO via learning+IMU."
DEIO,DEIO,ICCV,2025,I,Lee et al.,no,E+F+I,metric,"SE3, first 5 s (pos+yaw)",ECD (DAVIS240C),boxes_translation,boxes_translation,MPE,%,0.74,ok,"ECD/Event-Camera-Dataset, 240x180. Authors' takeaway: among non-learning methods EVI-SAM is best; DEIO cuts pose error up to 71% vs DEVO via learning+IMU."
DEIO,DEIO,ICCV,2025,I,Lee et al.,no,E+F+I,metric,"SE3, first 5 s (pos+yaw)",ECD (DAVIS240C),hdr_boxes,hdr_boxes,MPE,%,0.69,ok,"ECD/Event-Camera-Dataset, 240x180. Authors' takeaway: among non-learning methods EVI-SAM is best; DEIO cuts pose error up to 71% vs DEVO via learning+IMU."
DEIO,DEIO,ICCV,2025,I,Lee et al.,no,E+F+I,metric,"SE3, first 5 s (pos+yaw)",ECD (DAVIS240C),boxes_6dof,boxes_6dof,MPE,%,0.77,ok,"ECD/Event-Camera-Dataset, 240x180. Authors' takeaway: among non-learning methods EVI-SAM is best; DEIO cuts pose error up to 71% vs DEVO via learning+IMU."
DEIO,DEIO,ICCV,2025,I,Lee et al.,no,E+F+I,metric,"SE3, first 5 s (pos+yaw)",ECD (DAVIS240C),dynamic_translation,dynamic_translation,MPE,%,0.71,ok,"ECD/Event-Camera-Dataset, 240x180. Authors' takeaway: among non-learning methods EVI-SAM is best; DEIO cuts pose error up to 71% vs DEVO via learning+IMU."
DEIO,DEIO,ICCV,2025,I,Lee et al.,no,E+F+I,metric,"SE3, first 5 s (pos+yaw)",ECD (DAVIS240C),dynamic_6dof,dynamic_6dof,MPE,%,0.86,ok,"ECD/Event-Camera-Dataset, 240x180. Authors' takeaway: among non-learning methods EVI-SAM is best; DEIO cuts pose error up to 71% vs DEVO via learning+IMU."
DEIO,DEIO,ICCV,2025,I,Lee et al.,no,E+F+I,metric,"SE3, first 5 s (pos+yaw)",ECD (DAVIS240C),poster_translation,poster_translation,MPE,%,0.28,ok,"ECD/Event-Camera-Dataset, 240x180. Authors' takeaway: among non-learning methods EVI-SAM is best; DEIO cuts pose error up to 71% vs DEVO via learning+IMU."
DEIO,DEIO,ICCV,2025,I,Lee et al.,no,E+F+I,metric,"SE3, first 5 s (pos+yaw)",ECD (DAVIS240C),hdr_poster,hdr_poster,MPE,%,0.52,ok,"ECD/Event-Camera-Dataset, 240x180. Authors' takeaway: among non-learning methods EVI-SAM is best; DEIO cuts pose error up to 71% vs DEVO via learning+IMU."
DEIO,DEIO,ICCV,2025,I,Lee et al.,no,E+F+I,metric,"SE3, first 5 s (pos+yaw)",ECD (DAVIS240C),poster_6dof,poster_6dof,MPE,%,0.59,ok,"ECD/Event-Camera-Dataset, 240x180. Authors' takeaway: among non-learning methods EVI-SAM is best; DEIO cuts pose error up to 71% vs DEVO via learning+IMU."
DEIO,DEIO,ICCV,2025,I,Lee et al.,no,E+F+I,metric,"SE3, first 5 s (pos+yaw)",ECD (DAVIS240C),average,average,MPE,%,0.65,ok,"ECD/Event-Camera-Dataset, 240x180. Authors' takeaway: among non-learning methods EVI-SAM is best; DEIO cuts pose error up to 71% vs DEVO via learning+IMU."
DEIO,DEIO,ICCV,2025,I,EVI-SAM,no,E+F+I,metric,"SE3, first 5 s (pos+yaw)",ECD (DAVIS240C),boxes_translation,boxes_translation,MPE,%,0.11,ok,"ECD/Event-Camera-Dataset, 240x180. Authors' takeaway: among non-learning methods EVI-SAM is best; DEIO cuts pose error up to 71% vs DEVO via learning+IMU."
DEIO,DEIO,ICCV,2025,I,EVI-SAM,no,E+F+I,metric,"SE3, first 5 s (pos+yaw)",ECD (DAVIS240C),hdr_boxes,hdr_boxes,MPE,%,0.13,ok,"ECD/Event-Camera-Dataset, 240x180. Authors' takeaway: among non-learning methods EVI-SAM is best; DEIO cuts pose error up to 71% vs DEVO via learning+IMU."
DEIO,DEIO,ICCV,2025,I,EVI-SAM,no,E+F+I,metric,"SE3, first 5 s (pos+yaw)",ECD (DAVIS240C),boxes_6dof,boxes_6dof,MPE,%,0.16,ok,"ECD/Event-Camera-Dataset, 240x180. Authors' takeaway: among non-learning methods EVI-SAM is best; DEIO cuts pose error up to 71% vs DEVO via learning+IMU."
DEIO,DEIO,ICCV,2025,I,EVI-SAM,no,E+F+I,metric,"SE3, first 5 s (pos+yaw)",ECD (DAVIS240C),dynamic_translation,dynamic_translation,MPE,%,0.3,ok,"ECD/Event-Camera-Dataset, 240x180. Authors' takeaway: among non-learning methods EVI-SAM is best; DEIO cuts pose error up to 71% vs DEVO via learning+IMU."
DEIO,DEIO,ICCV,2025,I,EVI-SAM,no,E+F+I,metric,"SE3, first 5 s (pos+yaw)",ECD (DAVIS240C),dynamic_6dof,dynamic_6dof,MPE,%,0.27,ok,"ECD/Event-Camera-Dataset, 240x180. Authors' takeaway: among non-learning methods EVI-SAM is best; DEIO cuts pose error up to 71% vs DEVO via learning+IMU."
DEIO,DEIO,ICCV,2025,I,EVI-SAM,no,E+F+I,metric,"SE3, first 5 s (pos+yaw)",ECD (DAVIS240C),poster_translation,poster_translation,MPE,%,0.34,ok,"ECD/Event-Camera-Dataset, 240x180. Authors' takeaway: among non-learning methods EVI-SAM is best; DEIO cuts pose error up to 71% vs DEVO via learning+IMU."
DEIO,DEIO,ICCV,2025,I,EVI-SAM,no,E+F+I,metric,"SE3, first 5 s (pos+yaw)",ECD (DAVIS240C),hdr_poster,hdr_poster,MPE,%,0.15,ok,"ECD/Event-Camera-Dataset, 240x180. Authors' takeaway: among non-learning methods EVI-SAM is best; DEIO cuts pose error up to 71% vs DEVO via learning+IMU."
DEIO,DEIO,ICCV,2025,I,EVI-SAM,no,E+F+I,metric,"SE3, first 5 s (pos+yaw)",ECD (DAVIS240C),poster_6dof,poster_6dof,MPE,%,0.24,ok,"ECD/Event-Camera-Dataset, 240x180. Authors' takeaway: among non-learning methods EVI-SAM is best; DEIO cuts pose error up to 71% vs DEVO via learning+IMU."
DEIO,DEIO,ICCV,2025,I,EVI-SAM,no,E+F+I,metric,"SE3, first 5 s (pos+yaw)",ECD (DAVIS240C),average,average,MPE,%,0.21,ok,"ECD/Event-Camera-Dataset, 240x180. Authors' takeaway: among non-learning methods EVI-SAM is best; DEIO cuts pose error up to 71% vs DEVO via learning+IMU."
DEIO,DEIO,ICCV,2025,I,DPVO,no,F,up-to-scale,"SE3, first 5 s (pos+yaw)",ECD (DAVIS240C),boxes_translation,boxes_translation,MPE,%,0.02,ok,"ECD/Event-Camera-Dataset, 240x180. Authors' takeaway: among non-learning methods EVI-SAM is best; DEIO cuts pose error up to 71% vs DEVO via learning+IMU."
DEIO,DEIO,ICCV,2025,I,DPVO,no,F,up-to-scale,"SE3, first 5 s (pos+yaw)",ECD (DAVIS240C),hdr_boxes,hdr_boxes,MPE,%,0.71,ok,"ECD/Event-Camera-Dataset, 240x180. Authors' takeaway: among non-learning methods EVI-SAM is best; DEIO cuts pose error up to 71% vs DEVO via learning+IMU."
DEIO,DEIO,ICCV,2025,I,DPVO,no,F,up-to-scale,"SE3, first 5 s (pos+yaw)",ECD (DAVIS240C),boxes_6dof,boxes_6dof,MPE,%,0.59,ok,"ECD/Event-Camera-Dataset, 240x180. Authors' takeaway: among non-learning methods EVI-SAM is best; DEIO cuts pose error up to 71% vs DEVO via learning+IMU."
DEIO,DEIO,ICCV,2025,I,DPVO,no,F,up-to-scale,"SE3, first 5 s (pos+yaw)",ECD (DAVIS240C),dynamic_translation,dynamic_translation,MPE,%,0.09,ok,"ECD/Event-Camera-Dataset, 240x180. Authors' takeaway: among non-learning methods EVI-SAM is best; DEIO cuts pose error up to 71% vs DEVO via learning+IMU."
DEIO,DEIO,ICCV,2025,I,DPVO,no,F,up-to-scale,"SE3, first 5 s (pos+yaw)",ECD (DAVIS240C),dynamic_6dof,dynamic_6dof,MPE,%,0.05,ok,"ECD/Event-Camera-Dataset, 240x180. Authors' takeaway: among non-learning methods EVI-SAM is best; DEIO cuts pose error up to 71% vs DEVO via learning+IMU."
DEIO,DEIO,ICCV,2025,I,DPVO,no,F,up-to-scale,"SE3, first 5 s (pos+yaw)",ECD (DAVIS240C),poster_translation,poster_translation,MPE,%,0.2,ok,"ECD/Event-Camera-Dataset, 240x180. Authors' takeaway: among non-learning methods EVI-SAM is best; DEIO cuts pose error up to 71% vs DEVO via learning+IMU."
DEIO,DEIO,ICCV,2025,I,DPVO,no,F,up-to-scale,"SE3, first 5 s (pos+yaw)",ECD (DAVIS240C),hdr_poster,hdr_poster,MPE,%,0.49,ok,"ECD/Event-Camera-Dataset, 240x180. Authors' takeaway: among non-learning methods EVI-SAM is best; DEIO cuts pose error up to 71% vs DEVO via learning+IMU."
DEIO,DEIO,ICCV,2025,I,DPVO,no,F,up-to-scale,"SE3, first 5 s (pos+yaw)",ECD (DAVIS240C),poster_6dof,poster_6dof,MPE,%,0.44,ok,"ECD/Event-Camera-Dataset, 240x180. Authors' takeaway: among non-learning methods EVI-SAM is best; DEIO cuts pose error up to 71% vs DEVO via learning+IMU."
DEIO,DEIO,ICCV,2025,I,DPVO,no,F,up-to-scale,"SE3, first 5 s (pos+yaw)",ECD (DAVIS240C),average,average,MPE,%,0.32,ok,"ECD/Event-Camera-Dataset, 240x180. Authors' takeaway: among non-learning methods EVI-SAM is best; DEIO cuts pose error up to 71% vs DEVO via learning+IMU."
DEIO,DEIO,ICCV,2025,I,DBA-Fusion,no,F+I,metric,"SE3, first 5 s (pos+yaw)",ECD (DAVIS240C),boxes_translation,boxes_translation,MPE,%,0.07,ok,"ECD/Event-Camera-Dataset, 240x180. Authors' takeaway: among non-learning methods EVI-SAM is best; DEIO cuts pose error up to 71% vs DEVO via learning+IMU."
DEIO,DEIO,ICCV,2025,I,DBA-Fusion,no,F+I,metric,"SE3, first 5 s (pos+yaw)",ECD (DAVIS240C),hdr_boxes,hdr_boxes,MPE,%,0.27,ok,"ECD/Event-Camera-Dataset, 240x180. Authors' takeaway: among non-learning methods EVI-SAM is best; DEIO cuts pose error up to 71% vs DEVO via learning+IMU."
DEIO,DEIO,ICCV,2025,I,DBA-Fusion,no,F+I,metric,"SE3, first 5 s (pos+yaw)",ECD (DAVIS240C),boxes_6dof,boxes_6dof,MPE,%,0.1,ok,"ECD/Event-Camera-Dataset, 240x180. Authors' takeaway: among non-learning methods EVI-SAM is best; DEIO cuts pose error up to 71% vs DEVO via learning+IMU."
DEIO,DEIO,ICCV,2025,I,DBA-Fusion,no,F+I,metric,"SE3, first 5 s (pos+yaw)",ECD (DAVIS240C),dynamic_translation,dynamic_translation,MPE,%,0.56,ok,"ECD/Event-Camera-Dataset, 240x180. Authors' takeaway: among non-learning methods EVI-SAM is best; DEIO cuts pose error up to 71% vs DEVO via learning+IMU."
DEIO,DEIO,ICCV,2025,I,DBA-Fusion,no,F+I,metric,"SE3, first 5 s (pos+yaw)",ECD (DAVIS240C),dynamic_6dof,dynamic_6dof,MPE,%,0.11,ok,"ECD/Event-Camera-Dataset, 240x180. Authors' takeaway: among non-learning methods EVI-SAM is best; DEIO cuts pose error up to 71% vs DEVO via learning+IMU."
DEIO,DEIO,ICCV,2025,I,DBA-Fusion,no,F+I,metric,"SE3, first 5 s (pos+yaw)",ECD (DAVIS240C),poster_translation,poster_translation,MPE,%,0.13,ok,"ECD/Event-Camera-Dataset, 240x180. Authors' takeaway: among non-learning methods EVI-SAM is best; DEIO cuts pose error up to 71% vs DEVO via learning+IMU."
DEIO,DEIO,ICCV,2025,I,DBA-Fusion,no,F+I,metric,"SE3, first 5 s (pos+yaw)",ECD (DAVIS240C),hdr_poster,hdr_poster,MPE,%,0.38,ok,"ECD/Event-Camera-Dataset, 240x180. Authors' takeaway: among non-learning methods EVI-SAM is best; DEIO cuts pose error up to 71% vs DEVO via learning+IMU."
DEIO,DEIO,ICCV,2025,I,DBA-Fusion,no,F+I,metric,"SE3, first 5 s (pos+yaw)",ECD (DAVIS240C),poster_6dof,poster_6dof,MPE,%,0.19,ok,"ECD/Event-Camera-Dataset, 240x180. Authors' takeaway: among non-learning methods EVI-SAM is best; DEIO cuts pose error up to 71% vs DEVO via learning+IMU."
DEIO,DEIO,ICCV,2025,I,DBA-Fusion,no,F+I,metric,"SE3, first 5 s (pos+yaw)",ECD (DAVIS240C),average,average,MPE,%,0.23,ok,"ECD/Event-Camera-Dataset, 240x180. Authors' takeaway: among non-learning methods EVI-SAM is best; DEIO cuts pose error up to 71% vs DEVO via learning+IMU."
DEIO,DEIO,ICCV,2025,I,DEVO,no,E,up-to-scale,"SE3, first 5 s (pos+yaw)",ECD (DAVIS240C),boxes_translation,boxes_translation,MPE,%,0.06,ok,"ECD/Event-Camera-Dataset, 240x180. Authors' takeaway: among non-learning methods EVI-SAM is best; DEIO cuts pose error up to 71% vs DEVO via learning+IMU."
DEIO,DEIO,ICCV,2025,I,DEVO,no,E,up-to-scale,"SE3, first 5 s (pos+yaw)",ECD (DAVIS240C),hdr_boxes,hdr_boxes,MPE,%,0.06,ok,"ECD/Event-Camera-Dataset, 240x180. Authors' takeaway: among non-learning methods EVI-SAM is best; DEIO cuts pose error up to 71% vs DEVO via learning+IMU."
DEIO,DEIO,ICCV,2025,I,DEVO,no,E,up-to-scale,"SE3, first 5 s (pos+yaw)",ECD (DAVIS240C),boxes_6dof,boxes_6dof,MPE,%,0.71,ok,"ECD/Event-Camera-Dataset, 240x180. Authors' takeaway: among non-learning methods EVI-SAM is best; DEIO cuts pose error up to 71% vs DEVO via learning+IMU."
DEIO,DEIO,ICCV,2025,I,DEVO,no,E,up-to-scale,"SE3, first 5 s (pos+yaw)",ECD (DAVIS240C),dynamic_translation,dynamic_translation,MPE,%,0.09,ok,"ECD/Event-Camera-Dataset, 240x180. Authors' takeaway: among non-learning methods EVI-SAM is best; DEIO cuts pose error up to 71% vs DEVO via learning+IMU."
DEIO,DEIO,ICCV,2025,I,DEVO,no,E,up-to-scale,"SE3, first 5 s (pos+yaw)",ECD (DAVIS240C),dynamic_6dof,dynamic_6dof,MPE,%,0.08,ok,"ECD/Event-Camera-Dataset, 240x180. Authors' takeaway: among non-learning methods EVI-SAM is best; DEIO cuts pose error up to 71% vs DEVO via learning+IMU."
DEIO,DEIO,ICCV,2025,I,DEVO,no,E,up-to-scale,"SE3, first 5 s (pos+yaw)",ECD (DAVIS240C),poster_translation,poster_translation,MPE,%,0.06,ok,"ECD/Event-Camera-Dataset, 240x180. Authors' takeaway: among non-learning methods EVI-SAM is best; DEIO cuts pose error up to 71% vs DEVO via learning+IMU."
DEIO,DEIO,ICCV,2025,I,DEVO,no,E,up-to-scale,"SE3, first 5 s (pos+yaw)",ECD (DAVIS240C),hdr_poster,hdr_poster,MPE,%,0.14,ok,"ECD/Event-Camera-Dataset, 240x180. Authors' takeaway: among non-learning methods EVI-SAM is best; DEIO cuts pose error up to 71% vs DEVO via learning+IMU."
DEIO,DEIO,ICCV,2025,I,DEVO,no,E,up-to-scale,"SE3, first 5 s (pos+yaw)",ECD (DAVIS240C),poster_6dof,poster_6dof,MPE,%,0.44,ok,"ECD/Event-Camera-Dataset, 240x180. Authors' takeaway: among non-learning methods EVI-SAM is best; DEIO cuts pose error up to 71% vs DEVO via learning+IMU."
DEIO,DEIO,ICCV,2025,I,DEVO,no,E,up-to-scale,"SE3, first 5 s (pos+yaw)",ECD (DAVIS240C),average,average,MPE,%,0.21,ok,"ECD/Event-Camera-Dataset, 240x180. Authors' takeaway: among non-learning methods EVI-SAM is best; DEIO cuts pose error up to 71% vs DEVO via learning+IMU."
DEIO,DEIO,ICCV,2025,I,DEIO,yes,E+I,metric,"SE3, first 5 s (pos+yaw)",ECD (DAVIS240C),boxes_translation,boxes_translation,MPE,%,0.07,ok,"ECD/Event-Camera-Dataset, 240x180. Authors' takeaway: among non-learning methods EVI-SAM is best; DEIO cuts pose error up to 71% vs DEVO via learning+IMU."
DEIO,DEIO,ICCV,2025,I,DEIO,yes,E+I,metric,"SE3, first 5 s (pos+yaw)",ECD (DAVIS240C),hdr_boxes,hdr_boxes,MPE,%,0.09,ok,"ECD/Event-Camera-Dataset, 240x180. Authors' takeaway: among non-learning methods EVI-SAM is best; DEIO cuts pose error up to 71% vs DEVO via learning+IMU."
DEIO,DEIO,ICCV,2025,I,DEIO,yes,E+I,metric,"SE3, first 5 s (pos+yaw)",ECD (DAVIS240C),boxes_6dof,boxes_6dof,MPE,%,0.05,ok,"ECD/Event-Camera-Dataset, 240x180. Authors' takeaway: among non-learning methods EVI-SAM is best; DEIO cuts pose error up to 71% vs DEVO via learning+IMU."
DEIO,DEIO,ICCV,2025,I,DEIO,yes,E+I,metric,"SE3, first 5 s (pos+yaw)",ECD (DAVIS240C),dynamic_translation,dynamic_translation,MPE,%,0.06,ok,"ECD/Event-Camera-Dataset, 240x180. Authors' takeaway: among non-learning methods EVI-SAM is best; DEIO cuts pose error up to 71% vs DEVO via learning+IMU."
DEIO,DEIO,ICCV,2025,I,DEIO,yes,E+I,metric,"SE3, first 5 s (pos+yaw)",ECD (DAVIS240C),dynamic_6dof,dynamic_6dof,MPE,%,0.04,ok,"ECD/Event-Camera-Dataset, 240x180. Authors' takeaway: among non-learning methods EVI-SAM is best; DEIO cuts pose error up to 71% vs DEVO via learning+IMU."
DEIO,DEIO,ICCV,2025,I,DEIO,yes,E+I,metric,"SE3, first 5 s (pos+yaw)",ECD (DAVIS240C),poster_translation,poster_translation,MPE,%,0.04,ok,"ECD/Event-Camera-Dataset, 240x180. Authors' takeaway: among non-learning methods EVI-SAM is best; DEIO cuts pose error up to 71% vs DEVO via learning+IMU."
DEIO,DEIO,ICCV,2025,I,DEIO,yes,E+I,metric,"SE3, first 5 s (pos+yaw)",ECD (DAVIS240C),hdr_poster,hdr_poster,MPE,%,0.06,ok,"ECD/Event-Camera-Dataset, 240x180. Authors' takeaway: among non-learning methods EVI-SAM is best; DEIO cuts pose error up to 71% vs DEVO via learning+IMU."
DEIO,DEIO,ICCV,2025,I,DEIO,yes,E+I,metric,"SE3, first 5 s (pos+yaw)",ECD (DAVIS240C),poster_6dof,poster_6dof,MPE,%,0.08,ok,"ECD/Event-Camera-Dataset, 240x180. Authors' takeaway: among non-learning methods EVI-SAM is best; DEIO cuts pose error up to 71% vs DEVO via learning+IMU."
DEIO,DEIO,ICCV,2025,I,DEIO,yes,E+I,metric,"SE3, first 5 s (pos+yaw)",ECD (DAVIS240C),average,average,MPE,%,0.06,ok,"ECD/Event-Camera-Dataset, 240x180. Authors' takeaway: among non-learning methods EVI-SAM is best; DEIO cuts pose error up to 71% vs DEVO via learning+IMU."
DEIO,DEIO,ICCV,2025,II,ORB-SLAM3,no,F,up-to-scale,"SE3, first 5 s, no scale-align (metric)",Mono-HKU (arclab vicon),vicon_hdr1,vicon_hdr1,MPE,%,0.32,ok,arclab-HKU DAVIS346 'vicon_*' handheld HDR/low-light. DEIO cuts avg error >=47% vs event baselines; DEVO suffers visible scale loss (mono-event up-to-scale).
DEIO,DEIO,ICCV,2025,II,ORB-SLAM3,no,F,up-to-scale,"SE3, first 5 s, no scale-align (metric)",Mono-HKU (arclab vicon),vicon_hdr2,vicon_hdr2,MPE,%,0.75,ok,arclab-HKU DAVIS346 'vicon_*' handheld HDR/low-light. DEIO cuts avg error >=47% vs event baselines; DEVO suffers visible scale loss (mono-event up-to-scale).
DEIO,DEIO,ICCV,2025,II,ORB-SLAM3,no,F,up-to-scale,"SE3, first 5 s, no scale-align (metric)",Mono-HKU (arclab vicon),vicon_hdr3,vicon_hdr3,MPE,%,0.6,ok,arclab-HKU DAVIS346 'vicon_*' handheld HDR/low-light. DEIO cuts avg error >=47% vs event baselines; DEVO suffers visible scale loss (mono-event up-to-scale).
DEIO,DEIO,ICCV,2025,II,ORB-SLAM3,no,F,up-to-scale,"SE3, first 5 s, no scale-align (metric)",Mono-HKU (arclab vicon),vicon_hdr4,vicon_hdr4,MPE,%,0.7,ok,arclab-HKU DAVIS346 'vicon_*' handheld HDR/low-light. DEIO cuts avg error >=47% vs event baselines; DEVO suffers visible scale loss (mono-event up-to-scale).
DEIO,DEIO,ICCV,2025,II,ORB-SLAM3,no,F,up-to-scale,"SE3, first 5 s, no scale-align (metric)",Mono-HKU (arclab vicon),vicon_darktolight1,vicon_darktolight1,MPE,%,0.75,ok,arclab-HKU DAVIS346 'vicon_*' handheld HDR/low-light. DEIO cuts avg error >=47% vs event baselines; DEVO suffers visible scale loss (mono-event up-to-scale).
DEIO,DEIO,ICCV,2025,II,ORB-SLAM3,no,F,up-to-scale,"SE3, first 5 s, no scale-align (metric)",Mono-HKU (arclab vicon),vicon_darktolight2,vicon_darktolight2,MPE,%,0.76,ok,arclab-HKU DAVIS346 'vicon_*' handheld HDR/low-light. DEIO cuts avg error >=47% vs event baselines; DEVO suffers visible scale loss (mono-event up-to-scale).
DEIO,DEIO,ICCV,2025,II,ORB-SLAM3,no,F,up-to-scale,"SE3, first 5 s, no scale-align (metric)",Mono-HKU (arclab vicon),vicon_lighttodark1,vicon_lighttodark1,MPE,%,0.41,ok,arclab-HKU DAVIS346 'vicon_*' handheld HDR/low-light. DEIO cuts avg error >=47% vs event baselines; DEVO suffers visible scale loss (mono-event up-to-scale).
DEIO,DEIO,ICCV,2025,II,ORB-SLAM3,no,F,up-to-scale,"SE3, first 5 s, no scale-align (metric)",Mono-HKU (arclab vicon),vicon_lighttodark2,vicon_lighttodark2,MPE,%,0.58,ok,arclab-HKU DAVIS346 'vicon_*' handheld HDR/low-light. DEIO cuts avg error >=47% vs event baselines; DEVO suffers visible scale loss (mono-event up-to-scale).
DEIO,DEIO,ICCV,2025,II,ORB-SLAM3,no,F,up-to-scale,"SE3, first 5 s, no scale-align (metric)",Mono-HKU (arclab vicon),vicon_dark1,vicon_dark1,MPE,%,,failed,arclab-HKU DAVIS346 'vicon_*' handheld HDR/low-light. DEIO cuts avg error >=47% vs event baselines; DEVO suffers visible scale loss (mono-event up-to-scale).
DEIO,DEIO,ICCV,2025,II,ORB-SLAM3,no,F,up-to-scale,"SE3, first 5 s, no scale-align (metric)",Mono-HKU (arclab vicon),vicon_dark2,vicon_dark2,MPE,%,0.6,ok,arclab-HKU DAVIS346 'vicon_*' handheld HDR/low-light. DEIO cuts avg error >=47% vs event baselines; DEVO suffers visible scale loss (mono-event up-to-scale).
DEIO,DEIO,ICCV,2025,II,ORB-SLAM3,no,F,up-to-scale,"SE3, first 5 s, no scale-align (metric)",Mono-HKU (arclab vicon),average,average,MPE,%,0.61,ok,arclab-HKU DAVIS346 'vicon_*' handheld HDR/low-light. DEIO cuts avg error >=47% vs event baselines; DEVO suffers visible scale loss (mono-event up-to-scale).
DEIO,DEIO,ICCV,2025,II,VINS-MONO,no,F+I,metric,"SE3, first 5 s, no scale-align (metric)",Mono-HKU (arclab vicon),vicon_hdr1,vicon_hdr1,MPE,%,0.96,ok,arclab-HKU DAVIS346 'vicon_*' handheld HDR/low-light. DEIO cuts avg error >=47% vs event baselines; DEVO suffers visible scale loss (mono-event up-to-scale).
DEIO,DEIO,ICCV,2025,II,VINS-MONO,no,F+I,metric,"SE3, first 5 s, no scale-align (metric)",Mono-HKU (arclab vicon),vicon_hdr2,vicon_hdr2,MPE,%,1.6,ok,arclab-HKU DAVIS346 'vicon_*' handheld HDR/low-light. DEIO cuts avg error >=47% vs event baselines; DEVO suffers visible scale loss (mono-event up-to-scale).
DEIO,DEIO,ICCV,2025,II,VINS-MONO,no,F+I,metric,"SE3, first 5 s, no scale-align (metric)",Mono-HKU (arclab vicon),vicon_hdr3,vicon_hdr3,MPE,%,2.28,ok,arclab-HKU DAVIS346 'vicon_*' handheld HDR/low-light. DEIO cuts avg error >=47% vs event baselines; DEVO suffers visible scale loss (mono-event up-to-scale).
DEIO,DEIO,ICCV,2025,II,VINS-MONO,no,F+I,metric,"SE3, first 5 s, no scale-align (metric)",Mono-HKU (arclab vicon),vicon_hdr4,vicon_hdr4,MPE,%,1.4,ok,arclab-HKU DAVIS346 'vicon_*' handheld HDR/low-light. DEIO cuts avg error >=47% vs event baselines; DEVO suffers visible scale loss (mono-event up-to-scale).
DEIO,DEIO,ICCV,2025,II,VINS-MONO,no,F+I,metric,"SE3, first 5 s, no scale-align (metric)",Mono-HKU (arclab vicon),vicon_darktolight1,vicon_darktolight1,MPE,%,0.51,ok,arclab-HKU DAVIS346 'vicon_*' handheld HDR/low-light. DEIO cuts avg error >=47% vs event baselines; DEVO suffers visible scale loss (mono-event up-to-scale).
DEIO,DEIO,ICCV,2025,II,VINS-MONO,no,F+I,metric,"SE3, first 5 s, no scale-align (metric)",Mono-HKU (arclab vicon),vicon_darktolight2,vicon_darktolight2,MPE,%,0.98,ok,arclab-HKU DAVIS346 'vicon_*' handheld HDR/low-light. DEIO cuts avg error >=47% vs event baselines; DEVO suffers visible scale loss (mono-event up-to-scale).
DEIO,DEIO,ICCV,2025,II,VINS-MONO,no,F+I,metric,"SE3, first 5 s, no scale-align (metric)",Mono-HKU (arclab vicon),vicon_lighttodark1,vicon_lighttodark1,MPE,%,0.55,ok,arclab-HKU DAVIS346 'vicon_*' handheld HDR/low-light. DEIO cuts avg error >=47% vs event baselines; DEVO suffers visible scale loss (mono-event up-to-scale).
DEIO,DEIO,ICCV,2025,II,VINS-MONO,no,F+I,metric,"SE3, first 5 s, no scale-align (metric)",Mono-HKU (arclab vicon),vicon_lighttodark2,vicon_lighttodark2,MPE,%,0.55,ok,arclab-HKU DAVIS346 'vicon_*' handheld HDR/low-light. DEIO cuts avg error >=47% vs event baselines; DEVO suffers visible scale loss (mono-event up-to-scale).
DEIO,DEIO,ICCV,2025,II,VINS-MONO,no,F+I,metric,"SE3, first 5 s, no scale-align (metric)",Mono-HKU (arclab vicon),vicon_dark1,vicon_dark1,MPE,%,0.88,ok,arclab-HKU DAVIS346 'vicon_*' handheld HDR/low-light. DEIO cuts avg error >=47% vs event baselines; DEVO suffers visible scale loss (mono-event up-to-scale).
DEIO,DEIO,ICCV,2025,II,VINS-MONO,no,F+I,metric,"SE3, first 5 s, no scale-align (metric)",Mono-HKU (arclab vicon),vicon_dark2,vicon_dark2,MPE,%,0.52,ok,arclab-HKU DAVIS346 'vicon_*' handheld HDR/low-light. DEIO cuts avg error >=47% vs event baselines; DEVO suffers visible scale loss (mono-event up-to-scale).
DEIO,DEIO,ICCV,2025,II,VINS-MONO,no,F+I,metric,"SE3, first 5 s, no scale-align (metric)",Mono-HKU (arclab vicon),average,average,MPE,%,1.02,ok,arclab-HKU DAVIS346 'vicon_*' handheld HDR/low-light. DEIO cuts avg error >=47% vs event baselines; DEVO suffers visible scale loss (mono-event up-to-scale).
DEIO,DEIO,ICCV,2025,II,DBA-Fusion,no,F+I,metric,"SE3, first 5 s, no scale-align (metric)",Mono-HKU (arclab vicon),vicon_hdr1,vicon_hdr1,MPE,%,0.32,ok,arclab-HKU DAVIS346 'vicon_*' handheld HDR/low-light. DEIO cuts avg error >=47% vs event baselines; DEVO suffers visible scale loss (mono-event up-to-scale).
DEIO,DEIO,ICCV,2025,II,DBA-Fusion,no,F+I,metric,"SE3, first 5 s, no scale-align (metric)",Mono-HKU (arclab vicon),vicon_hdr2,vicon_hdr2,MPE,%,0.41,ok,arclab-HKU DAVIS346 'vicon_*' handheld HDR/low-light. DEIO cuts avg error >=47% vs event baselines; DEVO suffers visible scale loss (mono-event up-to-scale).
DEIO,DEIO,ICCV,2025,II,DBA-Fusion,no,F+I,metric,"SE3, first 5 s, no scale-align (metric)",Mono-HKU (arclab vicon),vicon_hdr3,vicon_hdr3,MPE,%,,failed,arclab-HKU DAVIS346 'vicon_*' handheld HDR/low-light. DEIO cuts avg error >=47% vs event baselines; DEVO suffers visible scale loss (mono-event up-to-scale).
DEIO,DEIO,ICCV,2025,II,DBA-Fusion,no,F+I,metric,"SE3, first 5 s, no scale-align (metric)",Mono-HKU (arclab vicon),vicon_hdr4,vicon_hdr4,MPE,%,,failed,arclab-HKU DAVIS346 'vicon_*' handheld HDR/low-light. DEIO cuts avg error >=47% vs event baselines; DEVO suffers visible scale loss (mono-event up-to-scale).
DEIO,DEIO,ICCV,2025,II,DBA-Fusion,no,F+I,metric,"SE3, first 5 s, no scale-align (metric)",Mono-HKU (arclab vicon),vicon_darktolight1,vicon_darktolight1,MPE,%,0.72,ok,arclab-HKU DAVIS346 'vicon_*' handheld HDR/low-light. DEIO cuts avg error >=47% vs event baselines; DEVO suffers visible scale loss (mono-event up-to-scale).
DEIO,DEIO,ICCV,2025,II,DBA-Fusion,no,F+I,metric,"SE3, first 5 s, no scale-align (metric)",Mono-HKU (arclab vicon),vicon_darktolight2,vicon_darktolight2,MPE,%,0.55,ok,arclab-HKU DAVIS346 'vicon_*' handheld HDR/low-light. DEIO cuts avg error >=47% vs event baselines; DEVO suffers visible scale loss (mono-event up-to-scale).
DEIO,DEIO,ICCV,2025,II,DBA-Fusion,no,F+I,metric,"SE3, first 5 s, no scale-align (metric)",Mono-HKU (arclab vicon),vicon_lighttodark1,vicon_lighttodark1,MPE,%,,failed,arclab-HKU DAVIS346 'vicon_*' handheld HDR/low-light. DEIO cuts avg error >=47% vs event baselines; DEVO suffers visible scale loss (mono-event up-to-scale).
DEIO,DEIO,ICCV,2025,II,DBA-Fusion,no,F+I,metric,"SE3, first 5 s, no scale-align (metric)",Mono-HKU (arclab vicon),vicon_lighttodark2,vicon_lighttodark2,MPE,%,2.65,ok,arclab-HKU DAVIS346 'vicon_*' handheld HDR/low-light. DEIO cuts avg error >=47% vs event baselines; DEVO suffers visible scale loss (mono-event up-to-scale).
DEIO,DEIO,ICCV,2025,II,DBA-Fusion,no,F+I,metric,"SE3, first 5 s, no scale-align (metric)",Mono-HKU (arclab vicon),vicon_dark1,vicon_dark1,MPE,%,3.32,ok,arclab-HKU DAVIS346 'vicon_*' handheld HDR/low-light. DEIO cuts avg error >=47% vs event baselines; DEVO suffers visible scale loss (mono-event up-to-scale).
DEIO,DEIO,ICCV,2025,II,DBA-Fusion,no,F+I,metric,"SE3, first 5 s, no scale-align (metric)",Mono-HKU (arclab vicon),vicon_dark2,vicon_dark2,MPE,%,,failed,arclab-HKU DAVIS346 'vicon_*' handheld HDR/low-light. DEIO cuts avg error >=47% vs event baselines; DEVO suffers visible scale loss (mono-event up-to-scale).
DEIO,DEIO,ICCV,2025,II,DBA-Fusion,no,F+I,metric,"SE3, first 5 s, no scale-align (metric)",Mono-HKU (arclab vicon),average,average,MPE,%,1.33,ok,arclab-HKU DAVIS346 'vicon_*' handheld HDR/low-light. DEIO cuts avg error >=47% vs event baselines; DEVO suffers visible scale loss (mono-event up-to-scale).
DEIO,DEIO,ICCV,2025,II,Ultimate-SLAM (EIO),no,E+I,metric,"SE3, first 5 s, no scale-align (metric)",Mono-HKU (arclab vicon),vicon_hdr1,vicon_hdr1,MPE,%,1.49,ok,arclab-HKU DAVIS346 'vicon_*' handheld HDR/low-light. DEIO cuts avg error >=47% vs event baselines; DEVO suffers visible scale loss (mono-event up-to-scale).
DEIO,DEIO,ICCV,2025,II,Ultimate-SLAM (EIO),no,E+I,metric,"SE3, first 5 s, no scale-align (metric)",Mono-HKU (arclab vicon),vicon_hdr2,vicon_hdr2,MPE,%,1.28,ok,arclab-HKU DAVIS346 'vicon_*' handheld HDR/low-light. DEIO cuts avg error >=47% vs event baselines; DEVO suffers visible scale loss (mono-event up-to-scale).
DEIO,DEIO,ICCV,2025,II,Ultimate-SLAM (EIO),no,E+I,metric,"SE3, first 5 s, no scale-align (metric)",Mono-HKU (arclab vicon),vicon_hdr3,vicon_hdr3,MPE,%,0.66,ok,arclab-HKU DAVIS346 'vicon_*' handheld HDR/low-light. DEIO cuts avg error >=47% vs event baselines; DEVO suffers visible scale loss (mono-event up-to-scale).
DEIO,DEIO,ICCV,2025,II,Ultimate-SLAM (EIO),no,E+I,metric,"SE3, first 5 s, no scale-align (metric)",Mono-HKU (arclab vicon),vicon_hdr4,vicon_hdr4,MPE,%,1.84,ok,arclab-HKU DAVIS346 'vicon_*' handheld HDR/low-light. DEIO cuts avg error >=47% vs event baselines; DEVO suffers visible scale loss (mono-event up-to-scale).
DEIO,DEIO,ICCV,2025,II,Ultimate-SLAM (EIO),no,E+I,metric,"SE3, first 5 s, no scale-align (metric)",Mono-HKU (arclab vicon),vicon_darktolight1,vicon_darktolight1,MPE,%,1.33,ok,arclab-HKU DAVIS346 'vicon_*' handheld HDR/low-light. DEIO cuts avg error >=47% vs event baselines; DEVO suffers visible scale loss (mono-event up-to-scale).
DEIO,DEIO,ICCV,2025,II,Ultimate-SLAM (EIO),no,E+I,metric,"SE3, first 5 s, no scale-align (metric)",Mono-HKU (arclab vicon),vicon_darktolight2,vicon_darktolight2,MPE,%,1.48,ok,arclab-HKU DAVIS346 'vicon_*' handheld HDR/low-light. DEIO cuts avg error >=47% vs event baselines; DEVO suffers visible scale loss (mono-event up-to-scale).
DEIO,DEIO,ICCV,2025,II,Ultimate-SLAM (EIO),no,E+I,metric,"SE3, first 5 s, no scale-align (metric)",Mono-HKU (arclab vicon),vicon_lighttodark1,vicon_lighttodark1,MPE,%,1.79,ok,arclab-HKU DAVIS346 'vicon_*' handheld HDR/low-light. DEIO cuts avg error >=47% vs event baselines; DEVO suffers visible scale loss (mono-event up-to-scale).
DEIO,DEIO,ICCV,2025,II,Ultimate-SLAM (EIO),no,E+I,metric,"SE3, first 5 s, no scale-align (metric)",Mono-HKU (arclab vicon),vicon_lighttodark2,vicon_lighttodark2,MPE,%,1.32,ok,arclab-HKU DAVIS346 'vicon_*' handheld HDR/low-light. DEIO cuts avg error >=47% vs event baselines; DEVO suffers visible scale loss (mono-event up-to-scale).
DEIO,DEIO,ICCV,2025,II,Ultimate-SLAM (EIO),no,E+I,metric,"SE3, first 5 s, no scale-align (metric)",Mono-HKU (arclab vicon),vicon_dark1,vicon_dark1,MPE,%,1.75,ok,arclab-HKU DAVIS346 'vicon_*' handheld HDR/low-light. DEIO cuts avg error >=47% vs event baselines; DEVO suffers visible scale loss (mono-event up-to-scale).
DEIO,DEIO,ICCV,2025,II,Ultimate-SLAM (EIO),no,E+I,metric,"SE3, first 5 s, no scale-align (metric)",Mono-HKU (arclab vicon),vicon_dark2,vicon_dark2,MPE,%,1.1,ok,arclab-HKU DAVIS346 'vicon_*' handheld HDR/low-light. DEIO cuts avg error >=47% vs event baselines; DEVO suffers visible scale loss (mono-event up-to-scale).
DEIO,DEIO,ICCV,2025,II,Ultimate-SLAM (EIO),no,E+I,metric,"SE3, first 5 s, no scale-align (metric)",Mono-HKU (arclab vicon),average,average,MPE,%,1.4,ok,arclab-HKU DAVIS346 'vicon_*' handheld HDR/low-light. DEIO cuts avg error >=47% vs event baselines; DEVO suffers visible scale loss (mono-event up-to-scale).
DEIO,DEIO,ICCV,2025,II,Ultimate-SLAM (EVIO),no,E+F+I,metric,"SE3, first 5 s, no scale-align (metric)",Mono-HKU (arclab vicon),vicon_hdr1,vicon_hdr1,MPE,%,2.44,ok,arclab-HKU DAVIS346 'vicon_*' handheld HDR/low-light. DEIO cuts avg error >=47% vs event baselines; DEVO suffers visible scale loss (mono-event up-to-scale).
DEIO,DEIO,ICCV,2025,II,Ultimate-SLAM (EVIO),no,E+F+I,metric,"SE3, first 5 s, no scale-align (metric)",Mono-HKU (arclab vicon),vicon_hdr2,vicon_hdr2,MPE,%,1.11,ok,arclab-HKU DAVIS346 'vicon_*' handheld HDR/low-light. DEIO cuts avg error >=47% vs event baselines; DEVO suffers visible scale loss (mono-event up-to-scale).
DEIO,DEIO,ICCV,2025,II,Ultimate-SLAM (EVIO),no,E+F+I,metric,"SE3, first 5 s, no scale-align (metric)",Mono-HKU (arclab vicon),vicon_hdr3,vicon_hdr3,MPE,%,0.83,ok,arclab-HKU DAVIS346 'vicon_*' handheld HDR/low-light. DEIO cuts avg error >=47% vs event baselines; DEVO suffers visible scale loss (mono-event up-to-scale).
DEIO,DEIO,ICCV,2025,II,Ultimate-SLAM (EVIO),no,E+F+I,metric,"SE3, first 5 s, no scale-align (metric)",Mono-HKU (arclab vicon),vicon_hdr4,vicon_hdr4,MPE,%,1.49,ok,arclab-HKU DAVIS346 'vicon_*' handheld HDR/low-light. DEIO cuts avg error >=47% vs event baselines; DEVO suffers visible scale loss (mono-event up-to-scale).
DEIO,DEIO,ICCV,2025,II,Ultimate-SLAM (EVIO),no,E+F+I,metric,"SE3, first 5 s, no scale-align (metric)",Mono-HKU (arclab vicon),vicon_darktolight1,vicon_darktolight1,MPE,%,1.0,ok,arclab-HKU DAVIS346 'vicon_*' handheld HDR/low-light. DEIO cuts avg error >=47% vs event baselines; DEVO suffers visible scale loss (mono-event up-to-scale).
DEIO,DEIO,ICCV,2025,II,Ultimate-SLAM (EVIO),no,E+F+I,metric,"SE3, first 5 s, no scale-align (metric)",Mono-HKU (arclab vicon),vicon_darktolight2,vicon_darktolight2,MPE,%,0.79,ok,arclab-HKU DAVIS346 'vicon_*' handheld HDR/low-light. DEIO cuts avg error >=47% vs event baselines; DEVO suffers visible scale loss (mono-event up-to-scale).
DEIO,DEIO,ICCV,2025,II,Ultimate-SLAM (EVIO),no,E+F+I,metric,"SE3, first 5 s, no scale-align (metric)",Mono-HKU (arclab vicon),vicon_lighttodark1,vicon_lighttodark1,MPE,%,0.84,ok,arclab-HKU DAVIS346 'vicon_*' handheld HDR/low-light. DEIO cuts avg error >=47% vs event baselines; DEVO suffers visible scale loss (mono-event up-to-scale).
DEIO,DEIO,ICCV,2025,II,Ultimate-SLAM (EVIO),no,E+F+I,metric,"SE3, first 5 s, no scale-align (metric)",Mono-HKU (arclab vicon),vicon_lighttodark2,vicon_lighttodark2,MPE,%,1.49,ok,arclab-HKU DAVIS346 'vicon_*' handheld HDR/low-light. DEIO cuts avg error >=47% vs event baselines; DEVO suffers visible scale loss (mono-event up-to-scale).
DEIO,DEIO,ICCV,2025,II,Ultimate-SLAM (EVIO),no,E+F+I,metric,"SE3, first 5 s, no scale-align (metric)",Mono-HKU (arclab vicon),vicon_dark1,vicon_dark1,MPE,%,3.45,ok,arclab-HKU DAVIS346 'vicon_*' handheld HDR/low-light. DEIO cuts avg error >=47% vs event baselines; DEVO suffers visible scale loss (mono-event up-to-scale).
DEIO,DEIO,ICCV,2025,II,Ultimate-SLAM (EVIO),no,E+F+I,metric,"SE3, first 5 s, no scale-align (metric)",Mono-HKU (arclab vicon),vicon_dark2,vicon_dark2,MPE,%,0.63,ok,arclab-HKU DAVIS346 'vicon_*' handheld HDR/low-light. DEIO cuts avg error >=47% vs event baselines; DEVO suffers visible scale loss (mono-event up-to-scale).
DEIO,DEIO,ICCV,2025,II,Ultimate-SLAM (EVIO),no,E+F+I,metric,"SE3, first 5 s, no scale-align (metric)",Mono-HKU (arclab vicon),average,average,MPE,%,1.41,ok,arclab-HKU DAVIS346 'vicon_*' handheld HDR/low-light. DEIO cuts avg error >=47% vs event baselines; DEVO suffers visible scale loss (mono-event up-to-scale).
DEIO,DEIO,ICCV,2025,II,Mono-EIO,no,E+I,metric,"SE3, first 5 s, no scale-align (metric)",Mono-HKU (arclab vicon),vicon_hdr1,vicon_hdr1,MPE,%,0.59,ok,arclab-HKU DAVIS346 'vicon_*' handheld HDR/low-light. DEIO cuts avg error >=47% vs event baselines; DEVO suffers visible scale loss (mono-event up-to-scale).
DEIO,DEIO,ICCV,2025,II,Mono-EIO,no,E+I,metric,"SE3, first 5 s, no scale-align (metric)",Mono-HKU (arclab vicon),vicon_hdr2,vicon_hdr2,MPE,%,0.74,ok,arclab-HKU DAVIS346 'vicon_*' handheld HDR/low-light. DEIO cuts avg error >=47% vs event baselines; DEVO suffers visible scale loss (mono-event up-to-scale).
DEIO,DEIO,ICCV,2025,II,Mono-EIO,no,E+I,metric,"SE3, first 5 s, no scale-align (metric)",Mono-HKU (arclab vicon),vicon_hdr3,vicon_hdr3,MPE,%,0.72,ok,arclab-HKU DAVIS346 'vicon_*' handheld HDR/low-light. DEIO cuts avg error >=47% vs event baselines; DEVO suffers visible scale loss (mono-event up-to-scale).
DEIO,DEIO,ICCV,2025,II,Mono-EIO,no,E+I,metric,"SE3, first 5 s, no scale-align (metric)",Mono-HKU (arclab vicon),vicon_hdr4,vicon_hdr4,MPE,%,0.37,ok,arclab-HKU DAVIS346 'vicon_*' handheld HDR/low-light. DEIO cuts avg error >=47% vs event baselines; DEVO suffers visible scale loss (mono-event up-to-scale).
DEIO,DEIO,ICCV,2025,II,Mono-EIO,no,E+I,metric,"SE3, first 5 s, no scale-align (metric)",Mono-HKU (arclab vicon),vicon_darktolight1,vicon_darktolight1,MPE,%,0.81,ok,arclab-HKU DAVIS346 'vicon_*' handheld HDR/low-light. DEIO cuts avg error >=47% vs event baselines; DEVO suffers visible scale loss (mono-event up-to-scale).
DEIO,DEIO,ICCV,2025,II,Mono-EIO,no,E+I,metric,"SE3, first 5 s, no scale-align (metric)",Mono-HKU (arclab vicon),vicon_darktolight2,vicon_darktolight2,MPE,%,0.42,ok,arclab-HKU DAVIS346 'vicon_*' handheld HDR/low-light. DEIO cuts avg error >=47% vs event baselines; DEVO suffers visible scale loss (mono-event up-to-scale).
DEIO,DEIO,ICCV,2025,II,Mono-EIO,no,E+I,metric,"SE3, first 5 s, no scale-align (metric)",Mono-HKU (arclab vicon),vicon_lighttodark1,vicon_lighttodark1,MPE,%,0.29,ok,arclab-HKU DAVIS346 'vicon_*' handheld HDR/low-light. DEIO cuts avg error >=47% vs event baselines; DEVO suffers visible scale loss (mono-event up-to-scale).
DEIO,DEIO,ICCV,2025,II,Mono-EIO,no,E+I,metric,"SE3, first 5 s, no scale-align (metric)",Mono-HKU (arclab vicon),vicon_lighttodark2,vicon_lighttodark2,MPE,%,0.79,ok,arclab-HKU DAVIS346 'vicon_*' handheld HDR/low-light. DEIO cuts avg error >=47% vs event baselines; DEVO suffers visible scale loss (mono-event up-to-scale).
DEIO,DEIO,ICCV,2025,II,Mono-EIO,no,E+I,metric,"SE3, first 5 s, no scale-align (metric)",Mono-HKU (arclab vicon),vicon_dark1,vicon_dark1,MPE,%,1.02,ok,arclab-HKU DAVIS346 'vicon_*' handheld HDR/low-light. DEIO cuts avg error >=47% vs event baselines; DEVO suffers visible scale loss (mono-event up-to-scale).
DEIO,DEIO,ICCV,2025,II,Mono-EIO,no,E+I,metric,"SE3, first 5 s, no scale-align (metric)",Mono-HKU (arclab vicon),vicon_dark2,vicon_dark2,MPE,%,0.49,ok,arclab-HKU DAVIS346 'vicon_*' handheld HDR/low-light. DEIO cuts avg error >=47% vs event baselines; DEVO suffers visible scale loss (mono-event up-to-scale).
DEIO,DEIO,ICCV,2025,II,Mono-EIO,no,E+I,metric,"SE3, first 5 s, no scale-align (metric)",Mono-HKU (arclab vicon),average,average,MPE,%,0.62,ok,arclab-HKU DAVIS346 'vicon_*' handheld HDR/low-light. DEIO cuts avg error >=47% vs event baselines; DEVO suffers visible scale loss (mono-event up-to-scale).
DEIO,DEIO,ICCV,2025,II,PL-EIO,no,E+I,metric,"SE3, first 5 s, no scale-align (metric)",Mono-HKU (arclab vicon),vicon_hdr1,vicon_hdr1,MPE,%,0.57,ok,arclab-HKU DAVIS346 'vicon_*' handheld HDR/low-light. DEIO cuts avg error >=47% vs event baselines; DEVO suffers visible scale loss (mono-event up-to-scale).
DEIO,DEIO,ICCV,2025,II,PL-EIO,no,E+I,metric,"SE3, first 5 s, no scale-align (metric)",Mono-HKU (arclab vicon),vicon_hdr2,vicon_hdr2,MPE,%,0.54,ok,arclab-HKU DAVIS346 'vicon_*' handheld HDR/low-light. DEIO cuts avg error >=47% vs event baselines; DEVO suffers visible scale loss (mono-event up-to-scale).
DEIO,DEIO,ICCV,2025,II,PL-EIO,no,E+I,metric,"SE3, first 5 s, no scale-align (metric)",Mono-HKU (arclab vicon),vicon_hdr3,vicon_hdr3,MPE,%,0.69,ok,arclab-HKU DAVIS346 'vicon_*' handheld HDR/low-light. DEIO cuts avg error >=47% vs event baselines; DEVO suffers visible scale loss (mono-event up-to-scale).
DEIO,DEIO,ICCV,2025,II,PL-EIO,no,E+I,metric,"SE3, first 5 s, no scale-align (metric)",Mono-HKU (arclab vicon),vicon_hdr4,vicon_hdr4,MPE,%,0.32,ok,arclab-HKU DAVIS346 'vicon_*' handheld HDR/low-light. DEIO cuts avg error >=47% vs event baselines; DEVO suffers visible scale loss (mono-event up-to-scale).
DEIO,DEIO,ICCV,2025,II,PL-EIO,no,E+I,metric,"SE3, first 5 s, no scale-align (metric)",Mono-HKU (arclab vicon),vicon_darktolight1,vicon_darktolight1,MPE,%,0.66,ok,arclab-HKU DAVIS346 'vicon_*' handheld HDR/low-light. DEIO cuts avg error >=47% vs event baselines; DEVO suffers visible scale loss (mono-event up-to-scale).
DEIO,DEIO,ICCV,2025,II,PL-EIO,no,E+I,metric,"SE3, first 5 s, no scale-align (metric)",Mono-HKU (arclab vicon),vicon_darktolight2,vicon_darktolight2,MPE,%,0.51,ok,arclab-HKU DAVIS346 'vicon_*' handheld HDR/low-light. DEIO cuts avg error >=47% vs event baselines; DEVO suffers visible scale loss (mono-event up-to-scale).
DEIO,DEIO,ICCV,2025,II,PL-EIO,no,E+I,metric,"SE3, first 5 s, no scale-align (metric)",Mono-HKU (arclab vicon),vicon_lighttodark1,vicon_lighttodark1,MPE,%,0.33,ok,arclab-HKU DAVIS346 'vicon_*' handheld HDR/low-light. DEIO cuts avg error >=47% vs event baselines; DEVO suffers visible scale loss (mono-event up-to-scale).
DEIO,DEIO,ICCV,2025,II,PL-EIO,no,E+I,metric,"SE3, first 5 s, no scale-align (metric)",Mono-HKU (arclab vicon),vicon_lighttodark2,vicon_lighttodark2,MPE,%,0.53,ok,arclab-HKU DAVIS346 'vicon_*' handheld HDR/low-light. DEIO cuts avg error >=47% vs event baselines; DEVO suffers visible scale loss (mono-event up-to-scale).
DEIO,DEIO,ICCV,2025,II,PL-EIO,no,E+I,metric,"SE3, first 5 s, no scale-align (metric)",Mono-HKU (arclab vicon),vicon_dark1,vicon_dark1,MPE,%,0.35,ok,arclab-HKU DAVIS346 'vicon_*' handheld HDR/low-light. DEIO cuts avg error >=47% vs event baselines; DEVO suffers visible scale loss (mono-event up-to-scale).
DEIO,DEIO,ICCV,2025,II,PL-EIO,no,E+I,metric,"SE3, first 5 s, no scale-align (metric)",Mono-HKU (arclab vicon),vicon_dark2,vicon_dark2,MPE,%,0.38,ok,arclab-HKU DAVIS346 'vicon_*' handheld HDR/low-light. DEIO cuts avg error >=47% vs event baselines; DEVO suffers visible scale loss (mono-event up-to-scale).
DEIO,DEIO,ICCV,2025,II,PL-EIO,no,E+I,metric,"SE3, first 5 s, no scale-align (metric)",Mono-HKU (arclab vicon),average,average,MPE,%,0.49,ok,arclab-HKU DAVIS346 'vicon_*' handheld HDR/low-light. DEIO cuts avg error >=47% vs event baselines; DEVO suffers visible scale loss (mono-event up-to-scale).
DEIO,DEIO,ICCV,2025,II,PL-EVIO,no,E+F+I,metric,"SE3, first 5 s, no scale-align (metric)",Mono-HKU (arclab vicon),vicon_hdr1,vicon_hdr1,MPE,%,0.17,ok,arclab-HKU DAVIS346 'vicon_*' handheld HDR/low-light. DEIO cuts avg error >=47% vs event baselines; DEVO suffers visible scale loss (mono-event up-to-scale).
DEIO,DEIO,ICCV,2025,II,PL-EVIO,no,E+F+I,metric,"SE3, first 5 s, no scale-align (metric)",Mono-HKU (arclab vicon),vicon_hdr2,vicon_hdr2,MPE,%,0.12,ok,arclab-HKU DAVIS346 'vicon_*' handheld HDR/low-light. DEIO cuts avg error >=47% vs event baselines; DEVO suffers visible scale loss (mono-event up-to-scale).
DEIO,DEIO,ICCV,2025,II,PL-EVIO,no,E+F+I,metric,"SE3, first 5 s, no scale-align (metric)",Mono-HKU (arclab vicon),vicon_hdr3,vicon_hdr3,MPE,%,0.19,ok,arclab-HKU DAVIS346 'vicon_*' handheld HDR/low-light. DEIO cuts avg error >=47% vs event baselines; DEVO suffers visible scale loss (mono-event up-to-scale).
DEIO,DEIO,ICCV,2025,II,PL-EVIO,no,E+F+I,metric,"SE3, first 5 s, no scale-align (metric)",Mono-HKU (arclab vicon),vicon_hdr4,vicon_hdr4,MPE,%,0.11,ok,arclab-HKU DAVIS346 'vicon_*' handheld HDR/low-light. DEIO cuts avg error >=47% vs event baselines; DEVO suffers visible scale loss (mono-event up-to-scale).
DEIO,DEIO,ICCV,2025,II,PL-EVIO,no,E+F+I,metric,"SE3, first 5 s, no scale-align (metric)",Mono-HKU (arclab vicon),vicon_darktolight1,vicon_darktolight1,MPE,%,0.14,ok,arclab-HKU DAVIS346 'vicon_*' handheld HDR/low-light. DEIO cuts avg error >=47% vs event baselines; DEVO suffers visible scale loss (mono-event up-to-scale).
DEIO,DEIO,ICCV,2025,II,PL-EVIO,no,E+F+I,metric,"SE3, first 5 s, no scale-align (metric)",Mono-HKU (arclab vicon),vicon_darktolight2,vicon_darktolight2,MPE,%,0.12,ok,arclab-HKU DAVIS346 'vicon_*' handheld HDR/low-light. DEIO cuts avg error >=47% vs event baselines; DEVO suffers visible scale loss (mono-event up-to-scale).
DEIO,DEIO,ICCV,2025,II,PL-EVIO,no,E+F+I,metric,"SE3, first 5 s, no scale-align (metric)",Mono-HKU (arclab vicon),vicon_lighttodark1,vicon_lighttodark1,MPE,%,0.13,ok,arclab-HKU DAVIS346 'vicon_*' handheld HDR/low-light. DEIO cuts avg error >=47% vs event baselines; DEVO suffers visible scale loss (mono-event up-to-scale).
DEIO,DEIO,ICCV,2025,II,PL-EVIO,no,E+F+I,metric,"SE3, first 5 s, no scale-align (metric)",Mono-HKU (arclab vicon),vicon_lighttodark2,vicon_lighttodark2,MPE,%,0.16,ok,arclab-HKU DAVIS346 'vicon_*' handheld HDR/low-light. DEIO cuts avg error >=47% vs event baselines; DEVO suffers visible scale loss (mono-event up-to-scale).
DEIO,DEIO,ICCV,2025,II,PL-EVIO,no,E+F+I,metric,"SE3, first 5 s, no scale-align (metric)",Mono-HKU (arclab vicon),vicon_dark1,vicon_dark1,MPE,%,0.43,ok,arclab-HKU DAVIS346 'vicon_*' handheld HDR/low-light. DEIO cuts avg error >=47% vs event baselines; DEVO suffers visible scale loss (mono-event up-to-scale).
DEIO,DEIO,ICCV,2025,II,PL-EVIO,no,E+F+I,metric,"SE3, first 5 s, no scale-align (metric)",Mono-HKU (arclab vicon),vicon_dark2,vicon_dark2,MPE,%,0.47,ok,arclab-HKU DAVIS346 'vicon_*' handheld HDR/low-light. DEIO cuts avg error >=47% vs event baselines; DEVO suffers visible scale loss (mono-event up-to-scale).
DEIO,DEIO,ICCV,2025,II,PL-EVIO,no,E+F+I,metric,"SE3, first 5 s, no scale-align (metric)",Mono-HKU (arclab vicon),average,average,MPE,%,0.2,ok,arclab-HKU DAVIS346 'vicon_*' handheld HDR/low-light. DEIO cuts avg error >=47% vs event baselines; DEVO suffers visible scale loss (mono-event up-to-scale).
DEIO,DEIO,ICCV,2025,II,DEVO,no,E,up-to-scale,"SE3, first 5 s, no scale-align (metric)",Mono-HKU (arclab vicon),vicon_hdr1,vicon_hdr1,MPE,%,0.11,ok,arclab-HKU DAVIS346 'vicon_*' handheld HDR/low-light. DEIO cuts avg error >=47% vs event baselines; DEVO suffers visible scale loss (mono-event up-to-scale).
DEIO,DEIO,ICCV,2025,II,DEVO,no,E,up-to-scale,"SE3, first 5 s, no scale-align (metric)",Mono-HKU (arclab vicon),vicon_hdr2,vicon_hdr2,MPE,%,0.07,ok,arclab-HKU DAVIS346 'vicon_*' handheld HDR/low-light. DEIO cuts avg error >=47% vs event baselines; DEVO suffers visible scale loss (mono-event up-to-scale).
DEIO,DEIO,ICCV,2025,II,DEVO,no,E,up-to-scale,"SE3, first 5 s, no scale-align (metric)",Mono-HKU (arclab vicon),vicon_hdr3,vicon_hdr3,MPE,%,0.12,ok,arclab-HKU DAVIS346 'vicon_*' handheld HDR/low-light. DEIO cuts avg error >=47% vs event baselines; DEVO suffers visible scale loss (mono-event up-to-scale).
DEIO,DEIO,ICCV,2025,II,DEVO,no,E,up-to-scale,"SE3, first 5 s, no scale-align (metric)",Mono-HKU (arclab vicon),vicon_hdr4,vicon_hdr4,MPE,%,0.07,ok,arclab-HKU DAVIS346 'vicon_*' handheld HDR/low-light. DEIO cuts avg error >=47% vs event baselines; DEVO suffers visible scale loss (mono-event up-to-scale).
DEIO,DEIO,ICCV,2025,II,DEVO,no,E,up-to-scale,"SE3, first 5 s, no scale-align (metric)",Mono-HKU (arclab vicon),vicon_darktolight1,vicon_darktolight1,MPE,%,0.97,ok,arclab-HKU DAVIS346 'vicon_*' handheld HDR/low-light. DEIO cuts avg error >=47% vs event baselines; DEVO suffers visible scale loss (mono-event up-to-scale).
DEIO,DEIO,ICCV,2025,II,DEVO,no,E,up-to-scale,"SE3, first 5 s, no scale-align (metric)",Mono-HKU (arclab vicon),vicon_darktolight2,vicon_darktolight2,MPE,%,0.12,ok,arclab-HKU DAVIS346 'vicon_*' handheld HDR/low-light. DEIO cuts avg error >=47% vs event baselines; DEVO suffers visible scale loss (mono-event up-to-scale).
DEIO,DEIO,ICCV,2025,II,DEVO,no,E,up-to-scale,"SE3, first 5 s, no scale-align (metric)",Mono-HKU (arclab vicon),vicon_lighttodark1,vicon_lighttodark1,MPE,%,0.15,ok,arclab-HKU DAVIS346 'vicon_*' handheld HDR/low-light. DEIO cuts avg error >=47% vs event baselines; DEVO suffers visible scale loss (mono-event up-to-scale).
DEIO,DEIO,ICCV,2025,II,DEVO,no,E,up-to-scale,"SE3, first 5 s, no scale-align (metric)",Mono-HKU (arclab vicon),vicon_lighttodark2,vicon_lighttodark2,MPE,%,0.12,ok,arclab-HKU DAVIS346 'vicon_*' handheld HDR/low-light. DEIO cuts avg error >=47% vs event baselines; DEVO suffers visible scale loss (mono-event up-to-scale).
DEIO,DEIO,ICCV,2025,II,DEVO,no,E,up-to-scale,"SE3, first 5 s, no scale-align (metric)",Mono-HKU (arclab vicon),vicon_dark1,vicon_dark1,MPE,%,0.07,ok,arclab-HKU DAVIS346 'vicon_*' handheld HDR/low-light. DEIO cuts avg error >=47% vs event baselines; DEVO suffers visible scale loss (mono-event up-to-scale).
DEIO,DEIO,ICCV,2025,II,DEVO,no,E,up-to-scale,"SE3, first 5 s, no scale-align (metric)",Mono-HKU (arclab vicon),vicon_dark2,vicon_dark2,MPE,%,0.07,ok,arclab-HKU DAVIS346 'vicon_*' handheld HDR/low-light. DEIO cuts avg error >=47% vs event baselines; DEVO suffers visible scale loss (mono-event up-to-scale).
DEIO,DEIO,ICCV,2025,II,DEVO,no,E,up-to-scale,"SE3, first 5 s, no scale-align (metric)",Mono-HKU (arclab vicon),average,average,MPE,%,0.19,ok,arclab-HKU DAVIS346 'vicon_*' handheld HDR/low-light. DEIO cuts avg error >=47% vs event baselines; DEVO suffers visible scale loss (mono-event up-to-scale).
DEIO,DEIO,ICCV,2025,II,DEIO,yes,E+I,metric,"SE3, first 5 s, no scale-align (metric)",Mono-HKU (arclab vicon),vicon_hdr1,vicon_hdr1,MPE,%,0.14,ok,arclab-HKU DAVIS346 'vicon_*' handheld HDR/low-light. DEIO cuts avg error >=47% vs event baselines; DEVO suffers visible scale loss (mono-event up-to-scale).
DEIO,DEIO,ICCV,2025,II,DEIO,yes,E+I,metric,"SE3, first 5 s, no scale-align (metric)",Mono-HKU (arclab vicon),vicon_hdr2,vicon_hdr2,MPE,%,0.09,ok,arclab-HKU DAVIS346 'vicon_*' handheld HDR/low-light. DEIO cuts avg error >=47% vs event baselines; DEVO suffers visible scale loss (mono-event up-to-scale).
DEIO,DEIO,ICCV,2025,II,DEIO,yes,E+I,metric,"SE3, first 5 s, no scale-align (metric)",Mono-HKU (arclab vicon),vicon_hdr3,vicon_hdr3,MPE,%,0.16,ok,arclab-HKU DAVIS346 'vicon_*' handheld HDR/low-light. DEIO cuts avg error >=47% vs event baselines; DEVO suffers visible scale loss (mono-event up-to-scale).
DEIO,DEIO,ICCV,2025,II,DEIO,yes,E+I,metric,"SE3, first 5 s, no scale-align (metric)",Mono-HKU (arclab vicon),vicon_hdr4,vicon_hdr4,MPE,%,0.07,ok,arclab-HKU DAVIS346 'vicon_*' handheld HDR/low-light. DEIO cuts avg error >=47% vs event baselines; DEVO suffers visible scale loss (mono-event up-to-scale).
DEIO,DEIO,ICCV,2025,II,DEIO,yes,E+I,metric,"SE3, first 5 s, no scale-align (metric)",Mono-HKU (arclab vicon),vicon_darktolight1,vicon_darktolight1,MPE,%,0.11,ok,arclab-HKU DAVIS346 'vicon_*' handheld HDR/low-light. DEIO cuts avg error >=47% vs event baselines; DEVO suffers visible scale loss (mono-event up-to-scale).
DEIO,DEIO,ICCV,2025,II,DEIO,yes,E+I,metric,"SE3, first 5 s, no scale-align (metric)",Mono-HKU (arclab vicon),vicon_darktolight2,vicon_darktolight2,MPE,%,0.1,ok,arclab-HKU DAVIS346 'vicon_*' handheld HDR/low-light. DEIO cuts avg error >=47% vs event baselines; DEVO suffers visible scale loss (mono-event up-to-scale).
DEIO,DEIO,ICCV,2025,II,DEIO,yes,E+I,metric,"SE3, first 5 s, no scale-align (metric)",Mono-HKU (arclab vicon),vicon_lighttodark1,vicon_lighttodark1,MPE,%,0.11,ok,arclab-HKU DAVIS346 'vicon_*' handheld HDR/low-light. DEIO cuts avg error >=47% vs event baselines; DEVO suffers visible scale loss (mono-event up-to-scale).
DEIO,DEIO,ICCV,2025,II,DEIO,yes,E+I,metric,"SE3, first 5 s, no scale-align (metric)",Mono-HKU (arclab vicon),vicon_lighttodark2,vicon_lighttodark2,MPE,%,0.13,ok,arclab-HKU DAVIS346 'vicon_*' handheld HDR/low-light. DEIO cuts avg error >=47% vs event baselines; DEVO suffers visible scale loss (mono-event up-to-scale).
DEIO,DEIO,ICCV,2025,II,DEIO,yes,E+I,metric,"SE3, first 5 s, no scale-align (metric)",Mono-HKU (arclab vicon),vicon_dark1,vicon_dark1,MPE,%,0.05,ok,arclab-HKU DAVIS346 'vicon_*' handheld HDR/low-light. DEIO cuts avg error >=47% vs event baselines; DEVO suffers visible scale loss (mono-event up-to-scale).
DEIO,DEIO,ICCV,2025,II,DEIO,yes,E+I,metric,"SE3, first 5 s, no scale-align (metric)",Mono-HKU (arclab vicon),vicon_dark2,vicon_dark2,MPE,%,0.08,ok,arclab-HKU DAVIS346 'vicon_*' handheld HDR/low-light. DEIO cuts avg error >=47% vs event baselines; DEVO suffers visible scale loss (mono-event up-to-scale).
DEIO,DEIO,ICCV,2025,II,DEIO,yes,E+I,metric,"SE3, first 5 s, no scale-align (metric)",Mono-HKU (arclab vicon),average,average,MPE,%,0.1,ok,arclab-HKU DAVIS346 'vicon_*' handheld HDR/low-light. DEIO cuts avg error >=47% vs event baselines; DEVO suffers visible scale loss (mono-event up-to-scale).
DEIO,DEIO,ICCV,2025,III,ORB-SLAM3,no,Stereo F+I,metric,"SE3, full trajectory (metric)",HKU (stereo),agg_translation,agg_translation,MPE,%,0.15,ok,arclab-HKU stereo DAVIS346 'hku_agg/hdr'. DPVO/DEVO baselines taken from DEVO paper; Kai et al. from [42]. DEIO best avg among event methods.
DEIO,DEIO,ICCV,2025,III,ORB-SLAM3,no,Stereo F+I,metric,"SE3, full trajectory (metric)",HKU (stereo),agg_rotation,agg_rotation,MPE,%,0.35,ok,arclab-HKU stereo DAVIS346 'hku_agg/hdr'. DPVO/DEVO baselines taken from DEVO paper; Kai et al. from [42]. DEIO best avg among event methods.
DEIO,DEIO,ICCV,2025,III,ORB-SLAM3,no,Stereo F+I,metric,"SE3, full trajectory (metric)",HKU (stereo),agg_flip,agg_flip,MPE,%,0.36,ok,arclab-HKU stereo DAVIS346 'hku_agg/hdr'. DPVO/DEVO baselines taken from DEVO paper; Kai et al. from [42]. DEIO best avg among event methods.
DEIO,DEIO,ICCV,2025,III,ORB-SLAM3,no,Stereo F+I,metric,"SE3, full trajectory (metric)",HKU (stereo),agg_walk,agg_walk,MPE,%,,failed,arclab-HKU stereo DAVIS346 'hku_agg/hdr'. DPVO/DEVO baselines taken from DEVO paper; Kai et al. from [42]. DEIO best avg among event methods.
DEIO,DEIO,ICCV,2025,III,ORB-SLAM3,no,Stereo F+I,metric,"SE3, full trajectory (metric)",HKU (stereo),hdr_circle,hdr_circle,MPE,%,0.17,ok,arclab-HKU stereo DAVIS346 'hku_agg/hdr'. DPVO/DEVO baselines taken from DEVO paper; Kai et al. from [42]. DEIO best avg among event methods.
DEIO,DEIO,ICCV,2025,III,ORB-SLAM3,no,Stereo F+I,metric,"SE3, full trajectory (metric)",HKU (stereo),hdr_slow,hdr_slow,MPE,%,0.16,ok,arclab-HKU stereo DAVIS346 'hku_agg/hdr'. DPVO/DEVO baselines taken from DEVO paper; Kai et al. from [42]. DEIO best avg among event methods.
DEIO,DEIO,ICCV,2025,III,ORB-SLAM3,no,Stereo F+I,metric,"SE3, full trajectory (metric)",HKU (stereo),hdr_tran_rota,hdr_tran_rota,MPE,%,0.3,ok,arclab-HKU stereo DAVIS346 'hku_agg/hdr'. DPVO/DEVO baselines taken from DEVO paper; Kai et al. from [42]. DEIO best avg among event methods.
DEIO,DEIO,ICCV,2025,III,ORB-SLAM3,no,Stereo F+I,metric,"SE3, full trajectory (metric)",HKU (stereo),hdr_agg,hdr_agg,MPE,%,0.29,ok,arclab-HKU stereo DAVIS346 'hku_agg/hdr'. DPVO/DEVO baselines taken from DEVO paper; Kai et al. from [42]. DEIO best avg among event methods.
DEIO,DEIO,ICCV,2025,III,ORB-SLAM3,no,Stereo F+I,metric,"SE3, full trajectory (metric)",HKU (stereo),dark_normal,dark_normal,MPE,%,,failed,arclab-HKU stereo DAVIS346 'hku_agg/hdr'. DPVO/DEVO baselines taken from DEVO paper; Kai et al. from [42]. DEIO best avg among event methods.
DEIO,DEIO,ICCV,2025,III,ORB-SLAM3,no,Stereo F+I,metric,"SE3, full trajectory (metric)",HKU (stereo),average,average,MPE,%,0.25,ok,arclab-HKU stereo DAVIS346 'hku_agg/hdr'. DPVO/DEVO baselines taken from DEVO paper; Kai et al. from [42]. DEIO best avg among event methods.
DEIO,DEIO,ICCV,2025,III,VINS-Fusion,no,Stereo F+I,metric,"SE3, full trajectory (metric)",HKU (stereo),agg_translation,agg_translation,MPE,%,0.11,ok,arclab-HKU stereo DAVIS346 'hku_agg/hdr'. DPVO/DEVO baselines taken from DEVO paper; Kai et al. from [42]. DEIO best avg among event methods.
DEIO,DEIO,ICCV,2025,III,VINS-Fusion,no,Stereo F+I,metric,"SE3, full trajectory (metric)",HKU (stereo),agg_rotation,agg_rotation,MPE,%,1.34,ok,arclab-HKU stereo DAVIS346 'hku_agg/hdr'. DPVO/DEVO baselines taken from DEVO paper; Kai et al. from [42]. DEIO best avg among event methods.
DEIO,DEIO,ICCV,2025,III,VINS-Fusion,no,Stereo F+I,metric,"SE3, full trajectory (metric)",HKU (stereo),agg_flip,agg_flip,MPE,%,1.16,ok,arclab-HKU stereo DAVIS346 'hku_agg/hdr'. DPVO/DEVO baselines taken from DEVO paper; Kai et al. from [42]. DEIO best avg among event methods.
DEIO,DEIO,ICCV,2025,III,VINS-Fusion,no,Stereo F+I,metric,"SE3, full trajectory (metric)",HKU (stereo),agg_walk,agg_walk,MPE,%,,failed,arclab-HKU stereo DAVIS346 'hku_agg/hdr'. DPVO/DEVO baselines taken from DEVO paper; Kai et al. from [42]. DEIO best avg among event methods.
DEIO,DEIO,ICCV,2025,III,VINS-Fusion,no,Stereo F+I,metric,"SE3, full trajectory (metric)",HKU (stereo),hdr_circle,hdr_circle,MPE,%,5.03,ok,arclab-HKU stereo DAVIS346 'hku_agg/hdr'. DPVO/DEVO baselines taken from DEVO paper; Kai et al. from [42]. DEIO best avg among event methods.
DEIO,DEIO,ICCV,2025,III,VINS-Fusion,no,Stereo F+I,metric,"SE3, full trajectory (metric)",HKU (stereo),hdr_slow,hdr_slow,MPE,%,0.13,ok,arclab-HKU stereo DAVIS346 'hku_agg/hdr'. DPVO/DEVO baselines taken from DEVO paper; Kai et al. from [42]. DEIO best avg among event methods.
DEIO,DEIO,ICCV,2025,III,VINS-Fusion,no,Stereo F+I,metric,"SE3, full trajectory (metric)",HKU (stereo),hdr_tran_rota,hdr_tran_rota,MPE,%,0.11,ok,arclab-HKU stereo DAVIS346 'hku_agg/hdr'. DPVO/DEVO baselines taken from DEVO paper; Kai et al. from [42]. DEIO best avg among event methods.
DEIO,DEIO,ICCV,2025,III,VINS-Fusion,no,Stereo F+I,metric,"SE3, full trajectory (metric)",HKU (stereo),hdr_agg,hdr_agg,MPE,%,1.21,ok,arclab-HKU stereo DAVIS346 'hku_agg/hdr'. DPVO/DEVO baselines taken from DEVO paper; Kai et al. from [42]. DEIO best avg among event methods.
DEIO,DEIO,ICCV,2025,III,VINS-Fusion,no,Stereo F+I,metric,"SE3, full trajectory (metric)",HKU (stereo),dark_normal,dark_normal,MPE,%,0.86,ok,arclab-HKU stereo DAVIS346 'hku_agg/hdr'. DPVO/DEVO baselines taken from DEVO paper; Kai et al. from [42]. DEIO best avg among event methods.
DEIO,DEIO,ICCV,2025,III,VINS-Fusion,no,Stereo F+I,metric,"SE3, full trajectory (metric)",HKU (stereo),average,average,MPE,%,1.24,ok,arclab-HKU stereo DAVIS346 'hku_agg/hdr'. DPVO/DEVO baselines taken from DEVO paper; Kai et al. from [42]. DEIO best avg among event methods.
DEIO,DEIO,ICCV,2025,III,EnVIO,no,Stereo F+I,metric,"SE3, full trajectory (metric)",HKU (stereo),agg_translation,agg_translation,MPE,%,,failed,arclab-HKU stereo DAVIS346 'hku_agg/hdr'. DPVO/DEVO baselines taken from DEVO paper; Kai et al. from [42]. DEIO best avg among event methods.
DEIO,DEIO,ICCV,2025,III,EnVIO,no,Stereo F+I,metric,"SE3, full trajectory (metric)",HKU (stereo),agg_rotation,agg_rotation,MPE,%,2.12,ok,arclab-HKU stereo DAVIS346 'hku_agg/hdr'. DPVO/DEVO baselines taken from DEVO paper; Kai et al. from [42]. DEIO best avg among event methods.
DEIO,DEIO,ICCV,2025,III,EnVIO,no,Stereo F+I,metric,"SE3, full trajectory (metric)",HKU (stereo),agg_flip,agg_flip,MPE,%,2.94,ok,arclab-HKU stereo DAVIS346 'hku_agg/hdr'. DPVO/DEVO baselines taken from DEVO paper; Kai et al. from [42]. DEIO best avg among event methods.
DEIO,DEIO,ICCV,2025,III,EnVIO,no,Stereo F+I,metric,"SE3, full trajectory (metric)",HKU (stereo),agg_walk,agg_walk,MPE,%,3.38,ok,arclab-HKU stereo DAVIS346 'hku_agg/hdr'. DPVO/DEVO baselines taken from DEVO paper; Kai et al. from [42]. DEIO best avg among event methods.
DEIO,DEIO,ICCV,2025,III,EnVIO,no,Stereo F+I,metric,"SE3, full trajectory (metric)",HKU (stereo),hdr_circle,hdr_circle,MPE,%,0.85,ok,arclab-HKU stereo DAVIS346 'hku_agg/hdr'. DPVO/DEVO baselines taken from DEVO paper; Kai et al. from [42]. DEIO best avg among event methods.
DEIO,DEIO,ICCV,2025,III,EnVIO,no,Stereo F+I,metric,"SE3, full trajectory (metric)",HKU (stereo),hdr_slow,hdr_slow,MPE,%,0.43,ok,arclab-HKU stereo DAVIS346 'hku_agg/hdr'. DPVO/DEVO baselines taken from DEVO paper; Kai et al. from [42]. DEIO best avg among event methods.
DEIO,DEIO,ICCV,2025,III,EnVIO,no,Stereo F+I,metric,"SE3, full trajectory (metric)",HKU (stereo),hdr_tran_rota,hdr_tran_rota,MPE,%,0.37,ok,arclab-HKU stereo DAVIS346 'hku_agg/hdr'. DPVO/DEVO baselines taken from DEVO paper; Kai et al. from [42]. DEIO best avg among event methods.
DEIO,DEIO,ICCV,2025,III,EnVIO,no,Stereo F+I,metric,"SE3, full trajectory (metric)",HKU (stereo),hdr_agg,hdr_agg,MPE,%,0.5,ok,arclab-HKU stereo DAVIS346 'hku_agg/hdr'. DPVO/DEVO baselines taken from DEVO paper; Kai et al. from [42]. DEIO best avg among event methods.
DEIO,DEIO,ICCV,2025,III,EnVIO,no,Stereo F+I,metric,"SE3, full trajectory (metric)",HKU (stereo),dark_normal,dark_normal,MPE,%,,failed,arclab-HKU stereo DAVIS346 'hku_agg/hdr'. DPVO/DEVO baselines taken from DEVO paper; Kai et al. from [42]. DEIO best avg among event methods.
DEIO,DEIO,ICCV,2025,III,EnVIO,no,Stereo F+I,metric,"SE3, full trajectory (metric)",HKU (stereo),average,average,MPE,%,1.51,ok,arclab-HKU stereo DAVIS346 'hku_agg/hdr'. DPVO/DEVO baselines taken from DEVO paper; Kai et al. from [42]. DEIO best avg among event methods.
DEIO,DEIO,ICCV,2025,III,MSOC-S-IKF,no,Stereo F+I,metric,"SE3, full trajectory (metric)",HKU (stereo),agg_translation,agg_translation,MPE,%,,failed,arclab-HKU stereo DAVIS346 'hku_agg/hdr'. DPVO/DEVO baselines taken from DEVO paper; Kai et al. from [42]. DEIO best avg among event methods.
DEIO,DEIO,ICCV,2025,III,MSOC-S-IKF,no,Stereo F+I,metric,"SE3, full trajectory (metric)",HKU (stereo),agg_rotation,agg_rotation,MPE,%,1.52,ok,arclab-HKU stereo DAVIS346 'hku_agg/hdr'. DPVO/DEVO baselines taken from DEVO paper; Kai et al. from [42]. DEIO best avg among event methods.
DEIO,DEIO,ICCV,2025,III,MSOC-S-IKF,no,Stereo F+I,metric,"SE3, full trajectory (metric)",HKU (stereo),agg_flip,agg_flip,MPE,%,,failed,arclab-HKU stereo DAVIS346 'hku_agg/hdr'. DPVO/DEVO baselines taken from DEVO paper; Kai et al. from [42]. DEIO best avg among event methods.
DEIO,DEIO,ICCV,2025,III,MSOC-S-IKF,no,Stereo F+I,metric,"SE3, full trajectory (metric)",HKU (stereo),agg_walk,agg_walk,MPE,%,,failed,arclab-HKU stereo DAVIS346 'hku_agg/hdr'. DPVO/DEVO baselines taken from DEVO paper; Kai et al. from [42]. DEIO best avg among event methods.
DEIO,DEIO,ICCV,2025,III,MSOC-S-IKF,no,Stereo F+I,metric,"SE3, full trajectory (metric)",HKU (stereo),hdr_circle,hdr_circle,MPE,%,,failed,arclab-HKU stereo DAVIS346 'hku_agg/hdr'. DPVO/DEVO baselines taken from DEVO paper; Kai et al. from [42]. DEIO best avg among event methods.
DEIO,DEIO,ICCV,2025,III,MSOC-S-IKF,no,Stereo F+I,metric,"SE3, full trajectory (metric)",HKU (stereo),hdr_slow,hdr_slow,MPE,%,,failed,arclab-HKU stereo DAVIS346 'hku_agg/hdr'. DPVO/DEVO baselines taken from DEVO paper; Kai et al. from [42]. DEIO best avg among event methods.
DEIO,DEIO,ICCV,2025,III,MSOC-S-IKF,no,Stereo F+I,metric,"SE3, full trajectory (metric)",HKU (stereo),hdr_tran_rota,hdr_tran_rota,MPE,%,,failed,arclab-HKU stereo DAVIS346 'hku_agg/hdr'. DPVO/DEVO baselines taken from DEVO paper; Kai et al. from [42]. DEIO best avg among event methods.
DEIO,DEIO,ICCV,2025,III,MSOC-S-IKF,no,Stereo F+I,metric,"SE3, full trajectory (metric)",HKU (stereo),hdr_agg,hdr_agg,MPE,%,,failed,arclab-HKU stereo DAVIS346 'hku_agg/hdr'. DPVO/DEVO baselines taken from DEVO paper; Kai et al. from [42]. DEIO best avg among event methods.
DEIO,DEIO,ICCV,2025,III,MSOC-S-IKF,no,Stereo F+I,metric,"SE3, full trajectory (metric)",HKU (stereo),dark_normal,dark_normal,MPE,%,,failed,arclab-HKU stereo DAVIS346 'hku_agg/hdr'. DPVO/DEVO baselines taken from DEVO paper; Kai et al. from [42]. DEIO best avg among event methods.
DEIO,DEIO,ICCV,2025,III,MSOC-S-IKF,no,Stereo F+I,metric,"SE3, full trajectory (metric)",HKU (stereo),average,average,MPE,%,1.52,ok,arclab-HKU stereo DAVIS346 'hku_agg/hdr'. DPVO/DEVO baselines taken from DEVO paper; Kai et al. from [42]. DEIO best avg among event methods.
DEIO,DEIO,ICCV,2025,III,DPVO,no,F,up-to-scale,"SE3, full trajectory (metric)",HKU (stereo),agg_translation,agg_translation,MPE,%,0.07,ok,arclab-HKU stereo DAVIS346 'hku_agg/hdr'. DPVO/DEVO baselines taken from DEVO paper; Kai et al. from [42]. DEIO best avg among event methods.
DEIO,DEIO,ICCV,2025,III,DPVO,no,F,up-to-scale,"SE3, full trajectory (metric)",HKU (stereo),agg_rotation,agg_rotation,MPE,%,0.04,ok,arclab-HKU stereo DAVIS346 'hku_agg/hdr'. DPVO/DEVO baselines taken from DEVO paper; Kai et al. from [42]. DEIO best avg among event methods.
DEIO,DEIO,ICCV,2025,III,DPVO,no,F,up-to-scale,"SE3, full trajectory (metric)",HKU (stereo),agg_flip,agg_flip,MPE,%,0.99,ok,arclab-HKU stereo DAVIS346 'hku_agg/hdr'. DPVO/DEVO baselines taken from DEVO paper; Kai et al. from [42]. DEIO best avg among event methods.
DEIO,DEIO,ICCV,2025,III,DPVO,no,F,up-to-scale,"SE3, full trajectory (metric)",HKU (stereo),agg_walk,agg_walk,MPE,%,1.17,ok,arclab-HKU stereo DAVIS346 'hku_agg/hdr'. DPVO/DEVO baselines taken from DEVO paper; Kai et al. from [42]. DEIO best avg among event methods.
DEIO,DEIO,ICCV,2025,III,DPVO,no,F,up-to-scale,"SE3, full trajectory (metric)",HKU (stereo),hdr_circle,hdr_circle,MPE,%,0.31,ok,arclab-HKU stereo DAVIS346 'hku_agg/hdr'. DPVO/DEVO baselines taken from DEVO paper; Kai et al. from [42]. DEIO best avg among event methods.
DEIO,DEIO,ICCV,2025,III,DPVO,no,F,up-to-scale,"SE3, full trajectory (metric)",HKU (stereo),hdr_slow,hdr_slow,MPE,%,0.23,ok,arclab-HKU stereo DAVIS346 'hku_agg/hdr'. DPVO/DEVO baselines taken from DEVO paper; Kai et al. from [42]. DEIO best avg among event methods.
DEIO,DEIO,ICCV,2025,III,DPVO,no,F,up-to-scale,"SE3, full trajectory (metric)",HKU (stereo),hdr_tran_rota,hdr_tran_rota,MPE,%,0.67,ok,arclab-HKU stereo DAVIS346 'hku_agg/hdr'. DPVO/DEVO baselines taken from DEVO paper; Kai et al. from [42]. DEIO best avg among event methods.
DEIO,DEIO,ICCV,2025,III,DPVO,no,F,up-to-scale,"SE3, full trajectory (metric)",HKU (stereo),hdr_agg,hdr_agg,MPE,%,0.29,ok,arclab-HKU stereo DAVIS346 'hku_agg/hdr'. DPVO/DEVO baselines taken from DEVO paper; Kai et al. from [42]. DEIO best avg among event methods.
DEIO,DEIO,ICCV,2025,III,DPVO,no,F,up-to-scale,"SE3, full trajectory (metric)",HKU (stereo),dark_normal,dark_normal,MPE,%,,failed,arclab-HKU stereo DAVIS346 'hku_agg/hdr'. DPVO/DEVO baselines taken from DEVO paper; Kai et al. from [42]. DEIO best avg among event methods.
DEIO,DEIO,ICCV,2025,III,DPVO,no,F,up-to-scale,"SE3, full trajectory (metric)",HKU (stereo),average,average,MPE,%,0.47,ok,arclab-HKU stereo DAVIS346 'hku_agg/hdr'. DPVO/DEVO baselines taken from DEVO paper; Kai et al. from [42]. DEIO best avg among event methods.
DEIO,DEIO,ICCV,2025,III,DBA-Fusion,no,F+I,metric,"SE3, full trajectory (metric)",HKU (stereo),agg_translation,agg_translation,MPE,%,0.13,ok,arclab-HKU stereo DAVIS346 'hku_agg/hdr'. DPVO/DEVO baselines taken from DEVO paper; Kai et al. from [42]. DEIO best avg among event methods.
DEIO,DEIO,ICCV,2025,III,DBA-Fusion,no,F+I,metric,"SE3, full trajectory (metric)",HKU (stereo),agg_rotation,agg_rotation,MPE,%,0.16,ok,arclab-HKU stereo DAVIS346 'hku_agg/hdr'. DPVO/DEVO baselines taken from DEVO paper; Kai et al. from [42]. DEIO best avg among event methods.
DEIO,DEIO,ICCV,2025,III,DBA-Fusion,no,F+I,metric,"SE3, full trajectory (metric)",HKU (stereo),agg_flip,agg_flip,MPE,%,0.83,ok,arclab-HKU stereo DAVIS346 'hku_agg/hdr'. DPVO/DEVO baselines taken from DEVO paper; Kai et al. from [42]. DEIO best avg among event methods.
DEIO,DEIO,ICCV,2025,III,DBA-Fusion,no,F+I,metric,"SE3, full trajectory (metric)",HKU (stereo),agg_walk,agg_walk,MPE,%,0.37,ok,arclab-HKU stereo DAVIS346 'hku_agg/hdr'. DPVO/DEVO baselines taken from DEVO paper; Kai et al. from [42]. DEIO best avg among event methods.
DEIO,DEIO,ICCV,2025,III,DBA-Fusion,no,F+I,metric,"SE3, full trajectory (metric)",HKU (stereo),hdr_circle,hdr_circle,MPE,%,0.18,ok,arclab-HKU stereo DAVIS346 'hku_agg/hdr'. DPVO/DEVO baselines taken from DEVO paper; Kai et al. from [42]. DEIO best avg among event methods.
DEIO,DEIO,ICCV,2025,III,DBA-Fusion,no,F+I,metric,"SE3, full trajectory (metric)",HKU (stereo),hdr_slow,hdr_slow,MPE,%,,failed,arclab-HKU stereo DAVIS346 'hku_agg/hdr'. DPVO/DEVO baselines taken from DEVO paper; Kai et al. from [42]. DEIO best avg among event methods.
DEIO,DEIO,ICCV,2025,III,DBA-Fusion,no,F+I,metric,"SE3, full trajectory (metric)",HKU (stereo),hdr_tran_rota,hdr_tran_rota,MPE,%,,failed,arclab-HKU stereo DAVIS346 'hku_agg/hdr'. DPVO/DEVO baselines taken from DEVO paper; Kai et al. from [42]. DEIO best avg among event methods.
DEIO,DEIO,ICCV,2025,III,DBA-Fusion,no,F+I,metric,"SE3, full trajectory (metric)",HKU (stereo),hdr_agg,hdr_agg,MPE,%,0.1,ok,arclab-HKU stereo DAVIS346 'hku_agg/hdr'. DPVO/DEVO baselines taken from DEVO paper; Kai et al. from [42]. DEIO best avg among event methods.
DEIO,DEIO,ICCV,2025,III,DBA-Fusion,no,F+I,metric,"SE3, full trajectory (metric)",HKU (stereo),dark_normal,dark_normal,MPE,%,0.27,ok,arclab-HKU stereo DAVIS346 'hku_agg/hdr'. DPVO/DEVO baselines taken from DEVO paper; Kai et al. from [42]. DEIO best avg among event methods.
DEIO,DEIO,ICCV,2025,III,DBA-Fusion,no,F+I,metric,"SE3, full trajectory (metric)",HKU (stereo),average,average,MPE,%,0.29,ok,arclab-HKU stereo DAVIS346 'hku_agg/hdr'. DPVO/DEVO baselines taken from DEVO paper; Kai et al. from [42]. DEIO best avg among event methods.
DEIO,DEIO,ICCV,2025,III,Kai et al.,no,E+I,metric,"SE3, full trajectory (metric)",HKU (stereo),agg_translation,agg_translation,MPE,%,0.21,ok,arclab-HKU stereo DAVIS346 'hku_agg/hdr'. DPVO/DEVO baselines taken from DEVO paper; Kai et al. from [42]. DEIO best avg among event methods.
DEIO,DEIO,ICCV,2025,III,Kai et al.,no,E+I,metric,"SE3, full trajectory (metric)",HKU (stereo),agg_rotation,agg_rotation,MPE,%,0.28,ok,arclab-HKU stereo DAVIS346 'hku_agg/hdr'. DPVO/DEVO baselines taken from DEVO paper; Kai et al. from [42]. DEIO best avg among event methods.
DEIO,DEIO,ICCV,2025,III,Kai et al.,no,E+I,metric,"SE3, full trajectory (metric)",HKU (stereo),agg_flip,agg_flip,MPE,%,0.81,ok,arclab-HKU stereo DAVIS346 'hku_agg/hdr'. DPVO/DEVO baselines taken from DEVO paper; Kai et al. from [42]. DEIO best avg among event methods.
DEIO,DEIO,ICCV,2025,III,Kai et al.,no,E+I,metric,"SE3, full trajectory (metric)",HKU (stereo),agg_walk,agg_walk,MPE,%,0.35,ok,arclab-HKU stereo DAVIS346 'hku_agg/hdr'. DPVO/DEVO baselines taken from DEVO paper; Kai et al. from [42]. DEIO best avg among event methods.
DEIO,DEIO,ICCV,2025,III,Kai et al.,no,E+I,metric,"SE3, full trajectory (metric)",HKU (stereo),hdr_circle,hdr_circle,MPE,%,0.71,ok,arclab-HKU stereo DAVIS346 'hku_agg/hdr'. DPVO/DEVO baselines taken from DEVO paper; Kai et al. from [42]. DEIO best avg among event methods.
DEIO,DEIO,ICCV,2025,III,Kai et al.,no,E+I,metric,"SE3, full trajectory (metric)",HKU (stereo),hdr_slow,hdr_slow,MPE,%,0.43,ok,arclab-HKU stereo DAVIS346 'hku_agg/hdr'. DPVO/DEVO baselines taken from DEVO paper; Kai et al. from [42]. DEIO best avg among event methods.
DEIO,DEIO,ICCV,2025,III,Kai et al.,no,E+I,metric,"SE3, full trajectory (metric)",HKU (stereo),hdr_tran_rota,hdr_tran_rota,MPE,%,0.5,ok,arclab-HKU stereo DAVIS346 'hku_agg/hdr'. DPVO/DEVO baselines taken from DEVO paper; Kai et al. from [42]. DEIO best avg among event methods.
DEIO,DEIO,ICCV,2025,III,Kai et al.,no,E+I,metric,"SE3, full trajectory (metric)",HKU (stereo),hdr_agg,hdr_agg,MPE,%,0.27,ok,arclab-HKU stereo DAVIS346 'hku_agg/hdr'. DPVO/DEVO baselines taken from DEVO paper; Kai et al. from [42]. DEIO best avg among event methods.
DEIO,DEIO,ICCV,2025,III,Kai et al.,no,E+I,metric,"SE3, full trajectory (metric)",HKU (stereo),dark_normal,dark_normal,MPE,%,0.52,ok,arclab-HKU stereo DAVIS346 'hku_agg/hdr'. DPVO/DEVO baselines taken from DEVO paper; Kai et al. from [42]. DEIO best avg among event methods.
DEIO,DEIO,ICCV,2025,III,Kai et al.,no,E+I,metric,"SE3, full trajectory (metric)",HKU (stereo),average,average,MPE,%,0.45,ok,arclab-HKU stereo DAVIS346 'hku_agg/hdr'. DPVO/DEVO baselines taken from DEVO paper; Kai et al. from [42]. DEIO best avg among event methods.
DEIO,DEIO,ICCV,2025,III,PL-EVIO,no,E+F+I,metric,"SE3, full trajectory (metric)",HKU (stereo),agg_translation,agg_translation,MPE,%,0.07,ok,arclab-HKU stereo DAVIS346 'hku_agg/hdr'. DPVO/DEVO baselines taken from DEVO paper; Kai et al. from [42]. DEIO best avg among event methods.
DEIO,DEIO,ICCV,2025,III,PL-EVIO,no,E+F+I,metric,"SE3, full trajectory (metric)",HKU (stereo),agg_rotation,agg_rotation,MPE,%,0.23,ok,arclab-HKU stereo DAVIS346 'hku_agg/hdr'. DPVO/DEVO baselines taken from DEVO paper; Kai et al. from [42]. DEIO best avg among event methods.
DEIO,DEIO,ICCV,2025,III,PL-EVIO,no,E+F+I,metric,"SE3, full trajectory (metric)",HKU (stereo),agg_flip,agg_flip,MPE,%,0.39,ok,arclab-HKU stereo DAVIS346 'hku_agg/hdr'. DPVO/DEVO baselines taken from DEVO paper; Kai et al. from [42]. DEIO best avg among event methods.
DEIO,DEIO,ICCV,2025,III,PL-EVIO,no,E+F+I,metric,"SE3, full trajectory (metric)",HKU (stereo),agg_walk,agg_walk,MPE,%,0.42,ok,arclab-HKU stereo DAVIS346 'hku_agg/hdr'. DPVO/DEVO baselines taken from DEVO paper; Kai et al. from [42]. DEIO best avg among event methods.
DEIO,DEIO,ICCV,2025,III,PL-EVIO,no,E+F+I,metric,"SE3, full trajectory (metric)",HKU (stereo),hdr_circle,hdr_circle,MPE,%,0.14,ok,arclab-HKU stereo DAVIS346 'hku_agg/hdr'. DPVO/DEVO baselines taken from DEVO paper; Kai et al. from [42]. DEIO best avg among event methods.
DEIO,DEIO,ICCV,2025,III,PL-EVIO,no,E+F+I,metric,"SE3, full trajectory (metric)",HKU (stereo),hdr_slow,hdr_slow,MPE,%,0.13,ok,arclab-HKU stereo DAVIS346 'hku_agg/hdr'. DPVO/DEVO baselines taken from DEVO paper; Kai et al. from [42]. DEIO best avg among event methods.
DEIO,DEIO,ICCV,2025,III,PL-EVIO,no,E+F+I,metric,"SE3, full trajectory (metric)",HKU (stereo),hdr_tran_rota,hdr_tran_rota,MPE,%,0.1,ok,arclab-HKU stereo DAVIS346 'hku_agg/hdr'. DPVO/DEVO baselines taken from DEVO paper; Kai et al. from [42]. DEIO best avg among event methods.
DEIO,DEIO,ICCV,2025,III,PL-EVIO,no,E+F+I,metric,"SE3, full trajectory (metric)",HKU (stereo),hdr_agg,hdr_agg,MPE,%,0.14,ok,arclab-HKU stereo DAVIS346 'hku_agg/hdr'. DPVO/DEVO baselines taken from DEVO paper; Kai et al. from [42]. DEIO best avg among event methods.
DEIO,DEIO,ICCV,2025,III,PL-EVIO,no,E+F+I,metric,"SE3, full trajectory (metric)",HKU (stereo),dark_normal,dark_normal,MPE,%,1.35,ok,arclab-HKU stereo DAVIS346 'hku_agg/hdr'. DPVO/DEVO baselines taken from DEVO paper; Kai et al. from [42]. DEIO best avg among event methods.
DEIO,DEIO,ICCV,2025,III,PL-EVIO,no,E+F+I,metric,"SE3, full trajectory (metric)",HKU (stereo),average,average,MPE,%,0.33,ok,arclab-HKU stereo DAVIS346 'hku_agg/hdr'. DPVO/DEVO baselines taken from DEVO paper; Kai et al. from [42]. DEIO best avg among event methods.
DEIO,DEIO,ICCV,2025,III,EVI-SAM,no,E+F+I,metric,"SE3, full trajectory (metric)",HKU (stereo),agg_translation,agg_translation,MPE,%,0.17,ok,arclab-HKU stereo DAVIS346 'hku_agg/hdr'. DPVO/DEVO baselines taken from DEVO paper; Kai et al. from [42]. DEIO best avg among event methods.
DEIO,DEIO,ICCV,2025,III,EVI-SAM,no,E+F+I,metric,"SE3, full trajectory (metric)",HKU (stereo),agg_rotation,agg_rotation,MPE,%,0.24,ok,arclab-HKU stereo DAVIS346 'hku_agg/hdr'. DPVO/DEVO baselines taken from DEVO paper; Kai et al. from [42]. DEIO best avg among event methods.
DEIO,DEIO,ICCV,2025,III,EVI-SAM,no,E+F+I,metric,"SE3, full trajectory (metric)",HKU (stereo),agg_flip,agg_flip,MPE,%,0.32,ok,arclab-HKU stereo DAVIS346 'hku_agg/hdr'. DPVO/DEVO baselines taken from DEVO paper; Kai et al. from [42]. DEIO best avg among event methods.
DEIO,DEIO,ICCV,2025,III,EVI-SAM,no,E+F+I,metric,"SE3, full trajectory (metric)",HKU (stereo),agg_walk,agg_walk,MPE,%,0.26,ok,arclab-HKU stereo DAVIS346 'hku_agg/hdr'. DPVO/DEVO baselines taken from DEVO paper; Kai et al. from [42]. DEIO best avg among event methods.
DEIO,DEIO,ICCV,2025,III,EVI-SAM,no,E+F+I,metric,"SE3, full trajectory (metric)",HKU (stereo),hdr_circle,hdr_circle,MPE,%,0.13,ok,arclab-HKU stereo DAVIS346 'hku_agg/hdr'. DPVO/DEVO baselines taken from DEVO paper; Kai et al. from [42]. DEIO best avg among event methods.
DEIO,DEIO,ICCV,2025,III,EVI-SAM,no,E+F+I,metric,"SE3, full trajectory (metric)",HKU (stereo),hdr_slow,hdr_slow,MPE,%,0.11,ok,arclab-HKU stereo DAVIS346 'hku_agg/hdr'. DPVO/DEVO baselines taken from DEVO paper; Kai et al. from [42]. DEIO best avg among event methods.
DEIO,DEIO,ICCV,2025,III,EVI-SAM,no,E+F+I,metric,"SE3, full trajectory (metric)",HKU (stereo),hdr_tran_rota,hdr_tran_rota,MPE,%,0.11,ok,arclab-HKU stereo DAVIS346 'hku_agg/hdr'. DPVO/DEVO baselines taken from DEVO paper; Kai et al. from [42]. DEIO best avg among event methods.
DEIO,DEIO,ICCV,2025,III,EVI-SAM,no,E+F+I,metric,"SE3, full trajectory (metric)",HKU (stereo),hdr_agg,hdr_agg,MPE,%,0.1,ok,arclab-HKU stereo DAVIS346 'hku_agg/hdr'. DPVO/DEVO baselines taken from DEVO paper; Kai et al. from [42]. DEIO best avg among event methods.
DEIO,DEIO,ICCV,2025,III,EVI-SAM,no,E+F+I,metric,"SE3, full trajectory (metric)",HKU (stereo),dark_normal,dark_normal,MPE,%,0.85,ok,arclab-HKU stereo DAVIS346 'hku_agg/hdr'. DPVO/DEVO baselines taken from DEVO paper; Kai et al. from [42]. DEIO best avg among event methods.
DEIO,DEIO,ICCV,2025,III,EVI-SAM,no,E+F+I,metric,"SE3, full trajectory (metric)",HKU (stereo),average,average,MPE,%,0.25,ok,arclab-HKU stereo DAVIS346 'hku_agg/hdr'. DPVO/DEVO baselines taken from DEVO paper; Kai et al. from [42]. DEIO best avg among event methods.
DEIO,DEIO,ICCV,2025,III,ESIO,no,Stereo E+I,metric,"SE3, full trajectory (metric)",HKU (stereo),agg_translation,agg_translation,MPE,%,0.55,ok,arclab-HKU stereo DAVIS346 'hku_agg/hdr'. DPVO/DEVO baselines taken from DEVO paper; Kai et al. from [42]. DEIO best avg among event methods.
DEIO,DEIO,ICCV,2025,III,ESIO,no,Stereo E+I,metric,"SE3, full trajectory (metric)",HKU (stereo),agg_rotation,agg_rotation,MPE,%,0.78,ok,arclab-HKU stereo DAVIS346 'hku_agg/hdr'. DPVO/DEVO baselines taken from DEVO paper; Kai et al. from [42]. DEIO best avg among event methods.
DEIO,DEIO,ICCV,2025,III,ESIO,no,Stereo E+I,metric,"SE3, full trajectory (metric)",HKU (stereo),agg_flip,agg_flip,MPE,%,3.17,ok,arclab-HKU stereo DAVIS346 'hku_agg/hdr'. DPVO/DEVO baselines taken from DEVO paper; Kai et al. from [42]. DEIO best avg among event methods.
DEIO,DEIO,ICCV,2025,III,ESIO,no,Stereo E+I,metric,"SE3, full trajectory (metric)",HKU (stereo),agg_walk,agg_walk,MPE,%,1.3,ok,arclab-HKU stereo DAVIS346 'hku_agg/hdr'. DPVO/DEVO baselines taken from DEVO paper; Kai et al. from [42]. DEIO best avg among event methods.
DEIO,DEIO,ICCV,2025,III,ESIO,no,Stereo E+I,metric,"SE3, full trajectory (metric)",HKU (stereo),hdr_circle,hdr_circle,MPE,%,0.46,ok,arclab-HKU stereo DAVIS346 'hku_agg/hdr'. DPVO/DEVO baselines taken from DEVO paper; Kai et al. from [42]. DEIO best avg among event methods.
DEIO,DEIO,ICCV,2025,III,ESIO,no,Stereo E+I,metric,"SE3, full trajectory (metric)",HKU (stereo),hdr_slow,hdr_slow,MPE,%,0.31,ok,arclab-HKU stereo DAVIS346 'hku_agg/hdr'. DPVO/DEVO baselines taken from DEVO paper; Kai et al. from [42]. DEIO best avg among event methods.
DEIO,DEIO,ICCV,2025,III,ESIO,no,Stereo E+I,metric,"SE3, full trajectory (metric)",HKU (stereo),hdr_tran_rota,hdr_tran_rota,MPE,%,0.91,ok,arclab-HKU stereo DAVIS346 'hku_agg/hdr'. DPVO/DEVO baselines taken from DEVO paper; Kai et al. from [42]. DEIO best avg among event methods.
DEIO,DEIO,ICCV,2025,III,ESIO,no,Stereo E+I,metric,"SE3, full trajectory (metric)",HKU (stereo),hdr_agg,hdr_agg,MPE,%,1.41,ok,arclab-HKU stereo DAVIS346 'hku_agg/hdr'. DPVO/DEVO baselines taken from DEVO paper; Kai et al. from [42]. DEIO best avg among event methods.
DEIO,DEIO,ICCV,2025,III,ESIO,no,Stereo E+I,metric,"SE3, full trajectory (metric)",HKU (stereo),dark_normal,dark_normal,MPE,%,0.35,ok,arclab-HKU stereo DAVIS346 'hku_agg/hdr'. DPVO/DEVO baselines taken from DEVO paper; Kai et al. from [42]. DEIO best avg among event methods.
DEIO,DEIO,ICCV,2025,III,ESIO,no,Stereo E+I,metric,"SE3, full trajectory (metric)",HKU (stereo),average,average,MPE,%,1.03,ok,arclab-HKU stereo DAVIS346 'hku_agg/hdr'. DPVO/DEVO baselines taken from DEVO paper; Kai et al. from [42]. DEIO best avg among event methods.
DEIO,DEIO,ICCV,2025,III,ESVIO,no,Stereo E+F+I,metric,"SE3, full trajectory (metric)",HKU (stereo),agg_translation,agg_translation,MPE,%,0.1,ok,arclab-HKU stereo DAVIS346 'hku_agg/hdr'. DPVO/DEVO baselines taken from DEVO paper; Kai et al. from [42]. DEIO best avg among event methods.
DEIO,DEIO,ICCV,2025,III,ESVIO,no,Stereo E+F+I,metric,"SE3, full trajectory (metric)",HKU (stereo),agg_rotation,agg_rotation,MPE,%,0.17,ok,arclab-HKU stereo DAVIS346 'hku_agg/hdr'. DPVO/DEVO baselines taken from DEVO paper; Kai et al. from [42]. DEIO best avg among event methods.
DEIO,DEIO,ICCV,2025,III,ESVIO,no,Stereo E+F+I,metric,"SE3, full trajectory (metric)",HKU (stereo),agg_flip,agg_flip,MPE,%,0.36,ok,arclab-HKU stereo DAVIS346 'hku_agg/hdr'. DPVO/DEVO baselines taken from DEVO paper; Kai et al. from [42]. DEIO best avg among event methods.
DEIO,DEIO,ICCV,2025,III,ESVIO,no,Stereo E+F+I,metric,"SE3, full trajectory (metric)",HKU (stereo),agg_walk,agg_walk,MPE,%,0.31,ok,arclab-HKU stereo DAVIS346 'hku_agg/hdr'. DPVO/DEVO baselines taken from DEVO paper; Kai et al. from [42]. DEIO best avg among event methods.
DEIO,DEIO,ICCV,2025,III,ESVIO,no,Stereo E+F+I,metric,"SE3, full trajectory (metric)",HKU (stereo),hdr_circle,hdr_circle,MPE,%,0.16,ok,arclab-HKU stereo DAVIS346 'hku_agg/hdr'. DPVO/DEVO baselines taken from DEVO paper; Kai et al. from [42]. DEIO best avg among event methods.
DEIO,DEIO,ICCV,2025,III,ESVIO,no,Stereo E+F+I,metric,"SE3, full trajectory (metric)",HKU (stereo),hdr_slow,hdr_slow,MPE,%,0.11,ok,arclab-HKU stereo DAVIS346 'hku_agg/hdr'. DPVO/DEVO baselines taken from DEVO paper; Kai et al. from [42]. DEIO best avg among event methods.
DEIO,DEIO,ICCV,2025,III,ESVIO,no,Stereo E+F+I,metric,"SE3, full trajectory (metric)",HKU (stereo),hdr_tran_rota,hdr_tran_rota,MPE,%,0.1,ok,arclab-HKU stereo DAVIS346 'hku_agg/hdr'. DPVO/DEVO baselines taken from DEVO paper; Kai et al. from [42]. DEIO best avg among event methods.
DEIO,DEIO,ICCV,2025,III,ESVIO,no,Stereo E+F+I,metric,"SE3, full trajectory (metric)",HKU (stereo),hdr_agg,hdr_agg,MPE,%,0.1,ok,arclab-HKU stereo DAVIS346 'hku_agg/hdr'. DPVO/DEVO baselines taken from DEVO paper; Kai et al. from [42]. DEIO best avg among event methods.
DEIO,DEIO,ICCV,2025,III,ESVIO,no,Stereo E+F+I,metric,"SE3, full trajectory (metric)",HKU (stereo),dark_normal,dark_normal,MPE,%,0.42,ok,arclab-HKU stereo DAVIS346 'hku_agg/hdr'. DPVO/DEVO baselines taken from DEVO paper; Kai et al. from [42]. DEIO best avg among event methods.
DEIO,DEIO,ICCV,2025,III,ESVIO,no,Stereo E+F+I,metric,"SE3, full trajectory (metric)",HKU (stereo),average,average,MPE,%,0.2,ok,arclab-HKU stereo DAVIS346 'hku_agg/hdr'. DPVO/DEVO baselines taken from DEVO paper; Kai et al. from [42]. DEIO best avg among event methods.
DEIO,DEIO,ICCV,2025,III,DEVO,no,E,up-to-scale,"SE3, full trajectory (metric)",HKU (stereo),agg_translation,agg_translation,MPE,%,0.06,ok,arclab-HKU stereo DAVIS346 'hku_agg/hdr'. DPVO/DEVO baselines taken from DEVO paper; Kai et al. from [42]. DEIO best avg among event methods.
DEIO,DEIO,ICCV,2025,III,DEVO,no,E,up-to-scale,"SE3, full trajectory (metric)",HKU (stereo),agg_rotation,agg_rotation,MPE,%,0.05,ok,arclab-HKU stereo DAVIS346 'hku_agg/hdr'. DPVO/DEVO baselines taken from DEVO paper; Kai et al. from [42]. DEIO best avg among event methods.
DEIO,DEIO,ICCV,2025,III,DEVO,no,E,up-to-scale,"SE3, full trajectory (metric)",HKU (stereo),agg_flip,agg_flip,MPE,%,0.71,ok,arclab-HKU stereo DAVIS346 'hku_agg/hdr'. DPVO/DEVO baselines taken from DEVO paper; Kai et al. from [42]. DEIO best avg among event methods.
DEIO,DEIO,ICCV,2025,III,DEVO,no,E,up-to-scale,"SE3, full trajectory (metric)",HKU (stereo),agg_walk,agg_walk,MPE,%,0.9,ok,arclab-HKU stereo DAVIS346 'hku_agg/hdr'. DPVO/DEVO baselines taken from DEVO paper; Kai et al. from [42]. DEIO best avg among event methods.
DEIO,DEIO,ICCV,2025,III,DEVO,no,E,up-to-scale,"SE3, full trajectory (metric)",HKU (stereo),hdr_circle,hdr_circle,MPE,%,0.39,ok,arclab-HKU stereo DAVIS346 'hku_agg/hdr'. DPVO/DEVO baselines taken from DEVO paper; Kai et al. from [42]. DEIO best avg among event methods.
DEIO,DEIO,ICCV,2025,III,DEVO,no,E,up-to-scale,"SE3, full trajectory (metric)",HKU (stereo),hdr_slow,hdr_slow,MPE,%,0.08,ok,arclab-HKU stereo DAVIS346 'hku_agg/hdr'. DPVO/DEVO baselines taken from DEVO paper; Kai et al. from [42]. DEIO best avg among event methods.
DEIO,DEIO,ICCV,2025,III,DEVO,no,E,up-to-scale,"SE3, full trajectory (metric)",HKU (stereo),hdr_tran_rota,hdr_tran_rota,MPE,%,0.08,ok,arclab-HKU stereo DAVIS346 'hku_agg/hdr'. DPVO/DEVO baselines taken from DEVO paper; Kai et al. from [42]. DEIO best avg among event methods.
DEIO,DEIO,ICCV,2025,III,DEVO,no,E,up-to-scale,"SE3, full trajectory (metric)",HKU (stereo),hdr_agg,hdr_agg,MPE,%,0.26,ok,arclab-HKU stereo DAVIS346 'hku_agg/hdr'. DPVO/DEVO baselines taken from DEVO paper; Kai et al. from [42]. DEIO best avg among event methods.
DEIO,DEIO,ICCV,2025,III,DEVO,no,E,up-to-scale,"SE3, full trajectory (metric)",HKU (stereo),dark_normal,dark_normal,MPE,%,0.06,ok,arclab-HKU stereo DAVIS346 'hku_agg/hdr'. DPVO/DEVO baselines taken from DEVO paper; Kai et al. from [42]. DEIO best avg among event methods.
DEIO,DEIO,ICCV,2025,III,DEVO,no,E,up-to-scale,"SE3, full trajectory (metric)",HKU (stereo),average,average,MPE,%,0.29,ok,arclab-HKU stereo DAVIS346 'hku_agg/hdr'. DPVO/DEVO baselines taken from DEVO paper; Kai et al. from [42]. DEIO best avg among event methods.
DEIO,DEIO,ICCV,2025,III,DEIO,yes,E+I,metric,"SE3, full trajectory (metric)",HKU (stereo),agg_translation,agg_translation,MPE,%,0.06,ok,arclab-HKU stereo DAVIS346 'hku_agg/hdr'. DPVO/DEVO baselines taken from DEVO paper; Kai et al. from [42]. DEIO best avg among event methods.
DEIO,DEIO,ICCV,2025,III,DEIO,yes,E+I,metric,"SE3, full trajectory (metric)",HKU (stereo),agg_rotation,agg_rotation,MPE,%,0.09,ok,arclab-HKU stereo DAVIS346 'hku_agg/hdr'. DPVO/DEVO baselines taken from DEVO paper; Kai et al. from [42]. DEIO best avg among event methods.
DEIO,DEIO,ICCV,2025,III,DEIO,yes,E+I,metric,"SE3, full trajectory (metric)",HKU (stereo),agg_flip,agg_flip,MPE,%,0.2,ok,arclab-HKU stereo DAVIS346 'hku_agg/hdr'. DPVO/DEVO baselines taken from DEVO paper; Kai et al. from [42]. DEIO best avg among event methods.
DEIO,DEIO,ICCV,2025,III,DEIO,yes,E+I,metric,"SE3, full trajectory (metric)",HKU (stereo),agg_walk,agg_walk,MPE,%,0.48,ok,arclab-HKU stereo DAVIS346 'hku_agg/hdr'. DPVO/DEVO baselines taken from DEVO paper; Kai et al. from [42]. DEIO best avg among event methods.
DEIO,DEIO,ICCV,2025,III,DEIO,yes,E+I,metric,"SE3, full trajectory (metric)",HKU (stereo),hdr_circle,hdr_circle,MPE,%,0.14,ok,arclab-HKU stereo DAVIS346 'hku_agg/hdr'. DPVO/DEVO baselines taken from DEVO paper; Kai et al. from [42]. DEIO best avg among event methods.
DEIO,DEIO,ICCV,2025,III,DEIO,yes,E+I,metric,"SE3, full trajectory (metric)",HKU (stereo),hdr_slow,hdr_slow,MPE,%,0.07,ok,arclab-HKU stereo DAVIS346 'hku_agg/hdr'. DPVO/DEVO baselines taken from DEVO paper; Kai et al. from [42]. DEIO best avg among event methods.
DEIO,DEIO,ICCV,2025,III,DEIO,yes,E+I,metric,"SE3, full trajectory (metric)",HKU (stereo),hdr_tran_rota,hdr_tran_rota,MPE,%,0.09,ok,arclab-HKU stereo DAVIS346 'hku_agg/hdr'. DPVO/DEVO baselines taken from DEVO paper; Kai et al. from [42]. DEIO best avg among event methods.
DEIO,DEIO,ICCV,2025,III,DEIO,yes,E+I,metric,"SE3, full trajectory (metric)",HKU (stereo),hdr_agg,hdr_agg,MPE,%,0.06,ok,arclab-HKU stereo DAVIS346 'hku_agg/hdr'. DPVO/DEVO baselines taken from DEVO paper; Kai et al. from [42]. DEIO best avg among event methods.
DEIO,DEIO,ICCV,2025,III,DEIO,yes,E+I,metric,"SE3, full trajectory (metric)",HKU (stereo),dark_normal,dark_normal,MPE,%,0.11,ok,arclab-HKU stereo DAVIS346 'hku_agg/hdr'. DPVO/DEVO baselines taken from DEVO paper; Kai et al. from [42]. DEIO best avg among event methods.
DEIO,DEIO,ICCV,2025,III,DEIO,yes,E+I,metric,"SE3, full trajectory (metric)",HKU (stereo),average,average,MPE,%,0.15,ok,arclab-HKU stereo DAVIS346 'hku_agg/hdr'. DPVO/DEVO baselines taken from DEVO paper; Kai et al. from [42]. DEIO best avg among event methods.
DEIO,DEIO,ICCV,2025,IV,ORB-SLAM3,no,Stereo F+I,metric,"full-trajectory, SCALE-CORRECTED (Sim3) -- see note",VECtor,corner_slow,corner_slow,MPE,%,1.49,ok,"*** CAVEAT: DEIO is a metric (E+I) method, but its released VECtor trajectories are metric-scale-broken; these headline MPE numbers rely on scale correction (Sim3). Independently corroborated: Stereo-DEVO T.II reports DEIO VECtor ATE up to 254.76 cm (desk_normal) and SuperEvent T.5 reports DEIO ATE 492.65 cm (corridors_dolly) under metric eval. Our own reproduction reaches these MPE under Sim3 too."
DEIO,DEIO,ICCV,2025,IV,ORB-SLAM3,no,Stereo F+I,metric,"full-trajectory, SCALE-CORRECTED (Sim3) -- see note",VECtor,desk_normal,desk_normal,MPE,%,0.46,ok,"*** CAVEAT: DEIO is a metric (E+I) method, but its released VECtor trajectories are metric-scale-broken; these headline MPE numbers rely on scale correction (Sim3). Independently corroborated: Stereo-DEVO T.II reports DEIO VECtor ATE up to 254.76 cm (desk_normal) and SuperEvent T.5 reports DEIO ATE 492.65 cm (corridors_dolly) under metric eval. Our own reproduction reaches these MPE under Sim3 too."
DEIO,DEIO,ICCV,2025,IV,ORB-SLAM3,no,Stereo F+I,metric,"full-trajectory, SCALE-CORRECTED (Sim3) -- see note",VECtor,sofa_fast,sofa_fast,MPE,%,0.21,ok,"*** CAVEAT: DEIO is a metric (E+I) method, but its released VECtor trajectories are metric-scale-broken; these headline MPE numbers rely on scale correction (Sim3). Independently corroborated: Stereo-DEVO T.II reports DEIO VECtor ATE up to 254.76 cm (desk_normal) and SuperEvent T.5 reports DEIO ATE 492.65 cm (corridors_dolly) under metric eval. Our own reproduction reaches these MPE under Sim3 too."
DEIO,DEIO,ICCV,2025,IV,ORB-SLAM3,no,Stereo F+I,metric,"full-trajectory, SCALE-CORRECTED (Sim3) -- see note",VECtor,mountain_fast,mountain_fast,MPE,%,2.11,ok,"*** CAVEAT: DEIO is a metric (E+I) method, but its released VECtor trajectories are metric-scale-broken; these headline MPE numbers rely on scale correction (Sim3). Independently corroborated: Stereo-DEVO T.II reports DEIO VECtor ATE up to 254.76 cm (desk_normal) and SuperEvent T.5 reports DEIO ATE 492.65 cm (corridors_dolly) under metric eval. Our own reproduction reaches these MPE under Sim3 too."
DEIO,DEIO,ICCV,2025,IV,ORB-SLAM3,no,Stereo F+I,metric,"full-trajectory, SCALE-CORRECTED (Sim3) -- see note",VECtor,corridors_dolly,corridors_dolly,MPE,%,1.03,ok,"*** CAVEAT: DEIO is a metric (E+I) method, but its released VECtor trajectories are metric-scale-broken; these headline MPE numbers rely on scale correction (Sim3). Independently corroborated: Stereo-DEVO T.II reports DEIO VECtor ATE up to 254.76 cm (desk_normal) and SuperEvent T.5 reports DEIO ATE 492.65 cm (corridors_dolly) under metric eval. Our own reproduction reaches these MPE under Sim3 too."
DEIO,DEIO,ICCV,2025,IV,ORB-SLAM3,no,Stereo F+I,metric,"full-trajectory, SCALE-CORRECTED (Sim3) -- see note",VECtor,corridors_walk,corridors_walk,MPE,%,1.32,ok,"*** CAVEAT: DEIO is a metric (E+I) method, but its released VECtor trajectories are metric-scale-broken; these headline MPE numbers rely on scale correction (Sim3). Independently corroborated: Stereo-DEVO T.II reports DEIO VECtor ATE up to 254.76 cm (desk_normal) and SuperEvent T.5 reports DEIO ATE 492.65 cm (corridors_dolly) under metric eval. Our own reproduction reaches these MPE under Sim3 too."
DEIO,DEIO,ICCV,2025,IV,ORB-SLAM3,no,Stereo F+I,metric,"full-trajectory, SCALE-CORRECTED (Sim3) -- see note",VECtor,units_dolly,units_dolly,MPE,%,7.64,ok,"*** CAVEAT: DEIO is a metric (E+I) method, but its released VECtor trajectories are metric-scale-broken; these headline MPE numbers rely on scale correction (Sim3). Independently corroborated: Stereo-DEVO T.II reports DEIO VECtor ATE up to 254.76 cm (desk_normal) and SuperEvent T.5 reports DEIO ATE 492.65 cm (corridors_dolly) under metric eval. Our own reproduction reaches these MPE under Sim3 too."
DEIO,DEIO,ICCV,2025,IV,ORB-SLAM3,no,Stereo F+I,metric,"full-trajectory, SCALE-CORRECTED (Sim3) -- see note",VECtor,units_scooter,units_scooter,MPE,%,6.22,ok,"*** CAVEAT: DEIO is a metric (E+I) method, but its released VECtor trajectories are metric-scale-broken; these headline MPE numbers rely on scale correction (Sim3). Independently corroborated: Stereo-DEVO T.II reports DEIO VECtor ATE up to 254.76 cm (desk_normal) and SuperEvent T.5 reports DEIO ATE 492.65 cm (corridors_dolly) under metric eval. Our own reproduction reaches these MPE under Sim3 too."
DEIO,DEIO,ICCV,2025,IV,ORB-SLAM3,no,Stereo F+I,metric,"full-trajectory, SCALE-CORRECTED (Sim3) -- see note",VECtor,average,average,MPE,%,2.81,ok,"*** CAVEAT: DEIO is a metric (E+I) method, but its released VECtor trajectories are metric-scale-broken; these headline MPE numbers rely on scale correction (Sim3). Independently corroborated: Stereo-DEVO T.II reports DEIO VECtor ATE up to 254.76 cm (desk_normal) and SuperEvent T.5 reports DEIO ATE 492.65 cm (corridors_dolly) under metric eval. Our own reproduction reaches these MPE under Sim3 too."
DEIO,DEIO,ICCV,2025,IV,VINS-Fusion,no,Stereo F+I,metric,"full-trajectory, SCALE-CORRECTED (Sim3) -- see note",VECtor,corner_slow,corner_slow,MPE,%,1.61,ok,"*** CAVEAT: DEIO is a metric (E+I) method, but its released VECtor trajectories are metric-scale-broken; these headline MPE numbers rely on scale correction (Sim3). Independently corroborated: Stereo-DEVO T.II reports DEIO VECtor ATE up to 254.76 cm (desk_normal) and SuperEvent T.5 reports DEIO ATE 492.65 cm (corridors_dolly) under metric eval. Our own reproduction reaches these MPE under Sim3 too."
DEIO,DEIO,ICCV,2025,IV,VINS-Fusion,no,Stereo F+I,metric,"full-trajectory, SCALE-CORRECTED (Sim3) -- see note",VECtor,desk_normal,desk_normal,MPE,%,0.47,ok,"*** CAVEAT: DEIO is a metric (E+I) method, but its released VECtor trajectories are metric-scale-broken; these headline MPE numbers rely on scale correction (Sim3). Independently corroborated: Stereo-DEVO T.II reports DEIO VECtor ATE up to 254.76 cm (desk_normal) and SuperEvent T.5 reports DEIO ATE 492.65 cm (corridors_dolly) under metric eval. Our own reproduction reaches these MPE under Sim3 too."
DEIO,DEIO,ICCV,2025,IV,VINS-Fusion,no,Stereo F+I,metric,"full-trajectory, SCALE-CORRECTED (Sim3) -- see note",VECtor,sofa_fast,sofa_fast,MPE,%,0.57,ok,"*** CAVEAT: DEIO is a metric (E+I) method, but its released VECtor trajectories are metric-scale-broken; these headline MPE numbers rely on scale correction (Sim3). Independently corroborated: Stereo-DEVO T.II reports DEIO VECtor ATE up to 254.76 cm (desk_normal) and SuperEvent T.5 reports DEIO ATE 492.65 cm (corridors_dolly) under metric eval. Our own reproduction reaches these MPE under Sim3 too."
DEIO,DEIO,ICCV,2025,IV,VINS-Fusion,no,Stereo F+I,metric,"full-trajectory, SCALE-CORRECTED (Sim3) -- see note",VECtor,mountain_fast,mountain_fast,MPE,%,,failed,"*** CAVEAT: DEIO is a metric (E+I) method, but its released VECtor trajectories are metric-scale-broken; these headline MPE numbers rely on scale correction (Sim3). Independently corroborated: Stereo-DEVO T.II reports DEIO VECtor ATE up to 254.76 cm (desk_normal) and SuperEvent T.5 reports DEIO ATE 492.65 cm (corridors_dolly) under metric eval. Our own reproduction reaches these MPE under Sim3 too."
DEIO,DEIO,ICCV,2025,IV,VINS-Fusion,no,Stereo F+I,metric,"full-trajectory, SCALE-CORRECTED (Sim3) -- see note",VECtor,corridors_dolly,corridors_dolly,MPE,%,1.88,ok,"*** CAVEAT: DEIO is a metric (E+I) method, but its released VECtor trajectories are metric-scale-broken; these headline MPE numbers rely on scale correction (Sim3). Independently corroborated: Stereo-DEVO T.II reports DEIO VECtor ATE up to 254.76 cm (desk_normal) and SuperEvent T.5 reports DEIO ATE 492.65 cm (corridors_dolly) under metric eval. Our own reproduction reaches these MPE under Sim3 too."
DEIO,DEIO,ICCV,2025,IV,VINS-Fusion,no,Stereo F+I,metric,"full-trajectory, SCALE-CORRECTED (Sim3) -- see note",VECtor,corridors_walk,corridors_walk,MPE,%,0.5,ok,"*** CAVEAT: DEIO is a metric (E+I) method, but its released VECtor trajectories are metric-scale-broken; these headline MPE numbers rely on scale correction (Sim3). Independently corroborated: Stereo-DEVO T.II reports DEIO VECtor ATE up to 254.76 cm (desk_normal) and SuperEvent T.5 reports DEIO ATE 492.65 cm (corridors_dolly) under metric eval. Our own reproduction reaches these MPE under Sim3 too."
DEIO,DEIO,ICCV,2025,IV,VINS-Fusion,no,Stereo F+I,metric,"full-trajectory, SCALE-CORRECTED (Sim3) -- see note",VECtor,units_dolly,units_dolly,MPE,%,4.39,ok,"*** CAVEAT: DEIO is a metric (E+I) method, but its released VECtor trajectories are metric-scale-broken; these headline MPE numbers rely on scale correction (Sim3). Independently corroborated: Stereo-DEVO T.II reports DEIO VECtor ATE up to 254.76 cm (desk_normal) and SuperEvent T.5 reports DEIO ATE 492.65 cm (corridors_dolly) under metric eval. Our own reproduction reaches these MPE under Sim3 too."
DEIO,DEIO,ICCV,2025,IV,VINS-Fusion,no,Stereo F+I,metric,"full-trajectory, SCALE-CORRECTED (Sim3) -- see note",VECtor,units_scooter,units_scooter,MPE,%,4.92,ok,"*** CAVEAT: DEIO is a metric (E+I) method, but its released VECtor trajectories are metric-scale-broken; these headline MPE numbers rely on scale correction (Sim3). Independently corroborated: Stereo-DEVO T.II reports DEIO VECtor ATE up to 254.76 cm (desk_normal) and SuperEvent T.5 reports DEIO ATE 492.65 cm (corridors_dolly) under metric eval. Our own reproduction reaches these MPE under Sim3 too."
DEIO,DEIO,ICCV,2025,IV,VINS-Fusion,no,Stereo F+I,metric,"full-trajectory, SCALE-CORRECTED (Sim3) -- see note",VECtor,average,average,MPE,%,2.05,ok,"*** CAVEAT: DEIO is a metric (E+I) method, but its released VECtor trajectories are metric-scale-broken; these headline MPE numbers rely on scale correction (Sim3). Independently corroborated: Stereo-DEVO T.II reports DEIO VECtor ATE up to 254.76 cm (desk_normal) and SuperEvent T.5 reports DEIO ATE 492.65 cm (corridors_dolly) under metric eval. Our own reproduction reaches these MPE under Sim3 too."
DEIO,DEIO,ICCV,2025,IV,DPVO,no,F,up-to-scale,"full-trajectory, SCALE-CORRECTED (Sim3) -- see note",VECtor,corner_slow,corner_slow,MPE,%,0.3,ok,"*** CAVEAT: DEIO is a metric (E+I) method, but its released VECtor trajectories are metric-scale-broken; these headline MPE numbers rely on scale correction (Sim3). Independently corroborated: Stereo-DEVO T.II reports DEIO VECtor ATE up to 254.76 cm (desk_normal) and SuperEvent T.5 reports DEIO ATE 492.65 cm (corridors_dolly) under metric eval. Our own reproduction reaches these MPE under Sim3 too."
DEIO,DEIO,ICCV,2025,IV,DPVO,no,F,up-to-scale,"full-trajectory, SCALE-CORRECTED (Sim3) -- see note",VECtor,desk_normal,desk_normal,MPE,%,0.09,ok,"*** CAVEAT: DEIO is a metric (E+I) method, but its released VECtor trajectories are metric-scale-broken; these headline MPE numbers rely on scale correction (Sim3). Independently corroborated: Stereo-DEVO T.II reports DEIO VECtor ATE up to 254.76 cm (desk_normal) and SuperEvent T.5 reports DEIO ATE 492.65 cm (corridors_dolly) under metric eval. Our own reproduction reaches these MPE under Sim3 too."
DEIO,DEIO,ICCV,2025,IV,DPVO,no,F,up-to-scale,"full-trajectory, SCALE-CORRECTED (Sim3) -- see note",VECtor,sofa_fast,sofa_fast,MPE,%,0.07,ok,"*** CAVEAT: DEIO is a metric (E+I) method, but its released VECtor trajectories are metric-scale-broken; these headline MPE numbers rely on scale correction (Sim3). Independently corroborated: Stereo-DEVO T.II reports DEIO VECtor ATE up to 254.76 cm (desk_normal) and SuperEvent T.5 reports DEIO ATE 492.65 cm (corridors_dolly) under metric eval. Our own reproduction reaches these MPE under Sim3 too."
DEIO,DEIO,ICCV,2025,IV,DPVO,no,F,up-to-scale,"full-trajectory, SCALE-CORRECTED (Sim3) -- see note",VECtor,mountain_fast,mountain_fast,MPE,%,0.11,ok,"*** CAVEAT: DEIO is a metric (E+I) method, but its released VECtor trajectories are metric-scale-broken; these headline MPE numbers rely on scale correction (Sim3). Independently corroborated: Stereo-DEVO T.II reports DEIO VECtor ATE up to 254.76 cm (desk_normal) and SuperEvent T.5 reports DEIO ATE 492.65 cm (corridors_dolly) under metric eval. Our own reproduction reaches these MPE under Sim3 too."
DEIO,DEIO,ICCV,2025,IV,DPVO,no,F,up-to-scale,"full-trajectory, SCALE-CORRECTED (Sim3) -- see note",VECtor,corridors_dolly,corridors_dolly,MPE,%,0.56,ok,"*** CAVEAT: DEIO is a metric (E+I) method, but its released VECtor trajectories are metric-scale-broken; these headline MPE numbers rely on scale correction (Sim3). Independently corroborated: Stereo-DEVO T.II reports DEIO VECtor ATE up to 254.76 cm (desk_normal) and SuperEvent T.5 reports DEIO ATE 492.65 cm (corridors_dolly) under metric eval. Our own reproduction reaches these MPE under Sim3 too."
DEIO,DEIO,ICCV,2025,IV,DPVO,no,F,up-to-scale,"full-trajectory, SCALE-CORRECTED (Sim3) -- see note",VECtor,corridors_walk,corridors_walk,MPE,%,0.54,ok,"*** CAVEAT: DEIO is a metric (E+I) method, but its released VECtor trajectories are metric-scale-broken; these headline MPE numbers rely on scale correction (Sim3). Independently corroborated: Stereo-DEVO T.II reports DEIO VECtor ATE up to 254.76 cm (desk_normal) and SuperEvent T.5 reports DEIO ATE 492.65 cm (corridors_dolly) under metric eval. Our own reproduction reaches these MPE under Sim3 too."
DEIO,DEIO,ICCV,2025,IV,DPVO,no,F,up-to-scale,"full-trajectory, SCALE-CORRECTED (Sim3) -- see note",VECtor,units_dolly,units_dolly,MPE,%,1.52,ok,"*** CAVEAT: DEIO is a metric (E+I) method, but its released VECtor trajectories are metric-scale-broken; these headline MPE numbers rely on scale correction (Sim3). Independently corroborated: Stereo-DEVO T.II reports DEIO VECtor ATE up to 254.76 cm (desk_normal) and SuperEvent T.5 reports DEIO ATE 492.65 cm (corridors_dolly) under metric eval. Our own reproduction reaches these MPE under Sim3 too."
DEIO,DEIO,ICCV,2025,IV,DPVO,no,F,up-to-scale,"full-trajectory, SCALE-CORRECTED (Sim3) -- see note",VECtor,units_scooter,units_scooter,MPE,%,1.67,ok,"*** CAVEAT: DEIO is a metric (E+I) method, but its released VECtor trajectories are metric-scale-broken; these headline MPE numbers rely on scale correction (Sim3). Independently corroborated: Stereo-DEVO T.II reports DEIO VECtor ATE up to 254.76 cm (desk_normal) and SuperEvent T.5 reports DEIO ATE 492.65 cm (corridors_dolly) under metric eval. Our own reproduction reaches these MPE under Sim3 too."
DEIO,DEIO,ICCV,2025,IV,DPVO,no,F,up-to-scale,"full-trajectory, SCALE-CORRECTED (Sim3) -- see note",VECtor,average,average,MPE,%,0.61,ok,"*** CAVEAT: DEIO is a metric (E+I) method, but its released VECtor trajectories are metric-scale-broken; these headline MPE numbers rely on scale correction (Sim3). Independently corroborated: Stereo-DEVO T.II reports DEIO VECtor ATE up to 254.76 cm (desk_normal) and SuperEvent T.5 reports DEIO ATE 492.65 cm (corridors_dolly) under metric eval. Our own reproduction reaches these MPE under Sim3 too."
DEIO,DEIO,ICCV,2025,IV,DBA-Fusion,no,F+I,metric,"full-trajectory, SCALE-CORRECTED (Sim3) -- see note",VECtor,corner_slow,corner_slow,MPE,%,1.72,ok,"*** CAVEAT: DEIO is a metric (E+I) method, but its released VECtor trajectories are metric-scale-broken; these headline MPE numbers rely on scale correction (Sim3). Independently corroborated: Stereo-DEVO T.II reports DEIO VECtor ATE up to 254.76 cm (desk_normal) and SuperEvent T.5 reports DEIO ATE 492.65 cm (corridors_dolly) under metric eval. Our own reproduction reaches these MPE under Sim3 too."
DEIO,DEIO,ICCV,2025,IV,DBA-Fusion,no,F+I,metric,"full-trajectory, SCALE-CORRECTED (Sim3) -- see note",VECtor,desk_normal,desk_normal,MPE,%,0.48,ok,"*** CAVEAT: DEIO is a metric (E+I) method, but its released VECtor trajectories are metric-scale-broken; these headline MPE numbers rely on scale correction (Sim3). Independently corroborated: Stereo-DEVO T.II reports DEIO VECtor ATE up to 254.76 cm (desk_normal) and SuperEvent T.5 reports DEIO ATE 492.65 cm (corridors_dolly) under metric eval. Our own reproduction reaches these MPE under Sim3 too."
DEIO,DEIO,ICCV,2025,IV,DBA-Fusion,no,F+I,metric,"full-trajectory, SCALE-CORRECTED (Sim3) -- see note",VECtor,sofa_fast,sofa_fast,MPE,%,0.43,ok,"*** CAVEAT: DEIO is a metric (E+I) method, but its released VECtor trajectories are metric-scale-broken; these headline MPE numbers rely on scale correction (Sim3). Independently corroborated: Stereo-DEVO T.II reports DEIO VECtor ATE up to 254.76 cm (desk_normal) and SuperEvent T.5 reports DEIO ATE 492.65 cm (corridors_dolly) under metric eval. Our own reproduction reaches these MPE under Sim3 too."
DEIO,DEIO,ICCV,2025,IV,DBA-Fusion,no,F+I,metric,"full-trajectory, SCALE-CORRECTED (Sim3) -- see note",VECtor,mountain_fast,mountain_fast,MPE,%,,failed,"*** CAVEAT: DEIO is a metric (E+I) method, but its released VECtor trajectories are metric-scale-broken; these headline MPE numbers rely on scale correction (Sim3). Independently corroborated: Stereo-DEVO T.II reports DEIO VECtor ATE up to 254.76 cm (desk_normal) and SuperEvent T.5 reports DEIO ATE 492.65 cm (corridors_dolly) under metric eval. Our own reproduction reaches these MPE under Sim3 too."
DEIO,DEIO,ICCV,2025,IV,DBA-Fusion,no,F+I,metric,"full-trajectory, SCALE-CORRECTED (Sim3) -- see note",VECtor,corridors_dolly,corridors_dolly,MPE,%,1.37,ok,"*** CAVEAT: DEIO is a metric (E+I) method, but its released VECtor trajectories are metric-scale-broken; these headline MPE numbers rely on scale correction (Sim3). Independently corroborated: Stereo-DEVO T.II reports DEIO VECtor ATE up to 254.76 cm (desk_normal) and SuperEvent T.5 reports DEIO ATE 492.65 cm (corridors_dolly) under metric eval. Our own reproduction reaches these MPE under Sim3 too."
DEIO,DEIO,ICCV,2025,IV,DBA-Fusion,no,F+I,metric,"full-trajectory, SCALE-CORRECTED (Sim3) -- see note",VECtor,corridors_walk,corridors_walk,MPE,%,0.59,ok,"*** CAVEAT: DEIO is a metric (E+I) method, but its released VECtor trajectories are metric-scale-broken; these headline MPE numbers rely on scale correction (Sim3). Independently corroborated: Stereo-DEVO T.II reports DEIO VECtor ATE up to 254.76 cm (desk_normal) and SuperEvent T.5 reports DEIO ATE 492.65 cm (corridors_dolly) under metric eval. Our own reproduction reaches these MPE under Sim3 too."
DEIO,DEIO,ICCV,2025,IV,DBA-Fusion,no,F+I,metric,"full-trajectory, SCALE-CORRECTED (Sim3) -- see note",VECtor,units_dolly,units_dolly,MPE,%,1.23,ok,"*** CAVEAT: DEIO is a metric (E+I) method, but its released VECtor trajectories are metric-scale-broken; these headline MPE numbers rely on scale correction (Sim3). Independently corroborated: Stereo-DEVO T.II reports DEIO VECtor ATE up to 254.76 cm (desk_normal) and SuperEvent T.5 reports DEIO ATE 492.65 cm (corridors_dolly) under metric eval. Our own reproduction reaches these MPE under Sim3 too."
DEIO,DEIO,ICCV,2025,IV,DBA-Fusion,no,F+I,metric,"full-trajectory, SCALE-CORRECTED (Sim3) -- see note",VECtor,units_scooter,units_scooter,MPE,%,0.48,ok,"*** CAVEAT: DEIO is a metric (E+I) method, but its released VECtor trajectories are metric-scale-broken; these headline MPE numbers rely on scale correction (Sim3). Independently corroborated: Stereo-DEVO T.II reports DEIO VECtor ATE up to 254.76 cm (desk_normal) and SuperEvent T.5 reports DEIO ATE 492.65 cm (corridors_dolly) under metric eval. Our own reproduction reaches these MPE under Sim3 too."
DEIO,DEIO,ICCV,2025,IV,DBA-Fusion,no,F+I,metric,"full-trajectory, SCALE-CORRECTED (Sim3) -- see note",VECtor,average,average,MPE,%,0.9,ok,"*** CAVEAT: DEIO is a metric (E+I) method, but its released VECtor trajectories are metric-scale-broken; these headline MPE numbers rely on scale correction (Sim3). Independently corroborated: Stereo-DEVO T.II reports DEIO VECtor ATE up to 254.76 cm (desk_normal) and SuperEvent T.5 reports DEIO ATE 492.65 cm (corridors_dolly) under metric eval. Our own reproduction reaches these MPE under Sim3 too."
DEIO,DEIO,ICCV,2025,IV,EVO,no,E,up-to-scale,"full-trajectory, SCALE-CORRECTED (Sim3) -- see note",VECtor,corner_slow,corner_slow,MPE,%,4.33,ok,"*** CAVEAT: DEIO is a metric (E+I) method, but its released VECtor trajectories are metric-scale-broken; these headline MPE numbers rely on scale correction (Sim3). Independently corroborated: Stereo-DEVO T.II reports DEIO VECtor ATE up to 254.76 cm (desk_normal) and SuperEvent T.5 reports DEIO ATE 492.65 cm (corridors_dolly) under metric eval. Our own reproduction reaches these MPE under Sim3 too."
DEIO,DEIO,ICCV,2025,IV,EVO,no,E,up-to-scale,"full-trajectory, SCALE-CORRECTED (Sim3) -- see note",VECtor,desk_normal,desk_normal,MPE,%,,failed,"*** CAVEAT: DEIO is a metric (E+I) method, but its released VECtor trajectories are metric-scale-broken; these headline MPE numbers rely on scale correction (Sim3). Independently corroborated: Stereo-DEVO T.II reports DEIO VECtor ATE up to 254.76 cm (desk_normal) and SuperEvent T.5 reports DEIO ATE 492.65 cm (corridors_dolly) under metric eval. Our own reproduction reaches these MPE under Sim3 too."
DEIO,DEIO,ICCV,2025,IV,EVO,no,E,up-to-scale,"full-trajectory, SCALE-CORRECTED (Sim3) -- see note",VECtor,sofa_fast,sofa_fast,MPE,%,,failed,"*** CAVEAT: DEIO is a metric (E+I) method, but its released VECtor trajectories are metric-scale-broken; these headline MPE numbers rely on scale correction (Sim3). Independently corroborated: Stereo-DEVO T.II reports DEIO VECtor ATE up to 254.76 cm (desk_normal) and SuperEvent T.5 reports DEIO ATE 492.65 cm (corridors_dolly) under metric eval. Our own reproduction reaches these MPE under Sim3 too."
DEIO,DEIO,ICCV,2025,IV,EVO,no,E,up-to-scale,"full-trajectory, SCALE-CORRECTED (Sim3) -- see note",VECtor,mountain_fast,mountain_fast,MPE,%,,failed,"*** CAVEAT: DEIO is a metric (E+I) method, but its released VECtor trajectories are metric-scale-broken; these headline MPE numbers rely on scale correction (Sim3). Independently corroborated: Stereo-DEVO T.II reports DEIO VECtor ATE up to 254.76 cm (desk_normal) and SuperEvent T.5 reports DEIO ATE 492.65 cm (corridors_dolly) under metric eval. Our own reproduction reaches these MPE under Sim3 too."
DEIO,DEIO,ICCV,2025,IV,EVO,no,E,up-to-scale,"full-trajectory, SCALE-CORRECTED (Sim3) -- see note",VECtor,corridors_dolly,corridors_dolly,MPE,%,,failed,"*** CAVEAT: DEIO is a metric (E+I) method, but its released VECtor trajectories are metric-scale-broken; these headline MPE numbers rely on scale correction (Sim3). Independently corroborated: Stereo-DEVO T.II reports DEIO VECtor ATE up to 254.76 cm (desk_normal) and SuperEvent T.5 reports DEIO ATE 492.65 cm (corridors_dolly) under metric eval. Our own reproduction reaches these MPE under Sim3 too."
DEIO,DEIO,ICCV,2025,IV,EVO,no,E,up-to-scale,"full-trajectory, SCALE-CORRECTED (Sim3) -- see note",VECtor,corridors_walk,corridors_walk,MPE,%,,failed,"*** CAVEAT: DEIO is a metric (E+I) method, but its released VECtor trajectories are metric-scale-broken; these headline MPE numbers rely on scale correction (Sim3). Independently corroborated: Stereo-DEVO T.II reports DEIO VECtor ATE up to 254.76 cm (desk_normal) and SuperEvent T.5 reports DEIO ATE 492.65 cm (corridors_dolly) under metric eval. Our own reproduction reaches these MPE under Sim3 too."
DEIO,DEIO,ICCV,2025,IV,EVO,no,E,up-to-scale,"full-trajectory, SCALE-CORRECTED (Sim3) -- see note",VECtor,units_dolly,units_dolly,MPE,%,,failed,"*** CAVEAT: DEIO is a metric (E+I) method, but its released VECtor trajectories are metric-scale-broken; these headline MPE numbers rely on scale correction (Sim3). Independently corroborated: Stereo-DEVO T.II reports DEIO VECtor ATE up to 254.76 cm (desk_normal) and SuperEvent T.5 reports DEIO ATE 492.65 cm (corridors_dolly) under metric eval. Our own reproduction reaches these MPE under Sim3 too."
DEIO,DEIO,ICCV,2025,IV,EVO,no,E,up-to-scale,"full-trajectory, SCALE-CORRECTED (Sim3) -- see note",VECtor,units_scooter,units_scooter,MPE,%,,failed,"*** CAVEAT: DEIO is a metric (E+I) method, but its released VECtor trajectories are metric-scale-broken; these headline MPE numbers rely on scale correction (Sim3). Independently corroborated: Stereo-DEVO T.II reports DEIO VECtor ATE up to 254.76 cm (desk_normal) and SuperEvent T.5 reports DEIO ATE 492.65 cm (corridors_dolly) under metric eval. Our own reproduction reaches these MPE under Sim3 too."
DEIO,DEIO,ICCV,2025,IV,EVO,no,E,up-to-scale,"full-trajectory, SCALE-CORRECTED (Sim3) -- see note",VECtor,average,average,MPE,%,4.33,ok,"*** CAVEAT: DEIO is a metric (E+I) method, but its released VECtor trajectories are metric-scale-broken; these headline MPE numbers rely on scale correction (Sim3). Independently corroborated: Stereo-DEVO T.II reports DEIO VECtor ATE up to 254.76 cm (desk_normal) and SuperEvent T.5 reports DEIO ATE 492.65 cm (corridors_dolly) under metric eval. Our own reproduction reaches these MPE under Sim3 too."
DEIO,DEIO,ICCV,2025,IV,ESVO,no,Stereo E,metric,"full-trajectory, SCALE-CORRECTED (Sim3) -- see note",VECtor,corner_slow,corner_slow,MPE,%,4.83,ok,"*** CAVEAT: DEIO is a metric (E+I) method, but its released VECtor trajectories are metric-scale-broken; these headline MPE numbers rely on scale correction (Sim3). Independently corroborated: Stereo-DEVO T.II reports DEIO VECtor ATE up to 254.76 cm (desk_normal) and SuperEvent T.5 reports DEIO ATE 492.65 cm (corridors_dolly) under metric eval. Our own reproduction reaches these MPE under Sim3 too."
DEIO,DEIO,ICCV,2025,IV,ESVO,no,Stereo E,metric,"full-trajectory, SCALE-CORRECTED (Sim3) -- see note",VECtor,desk_normal,desk_normal,MPE,%,,failed,"*** CAVEAT: DEIO is a metric (E+I) method, but its released VECtor trajectories are metric-scale-broken; these headline MPE numbers rely on scale correction (Sim3). Independently corroborated: Stereo-DEVO T.II reports DEIO VECtor ATE up to 254.76 cm (desk_normal) and SuperEvent T.5 reports DEIO ATE 492.65 cm (corridors_dolly) under metric eval. Our own reproduction reaches these MPE under Sim3 too."
DEIO,DEIO,ICCV,2025,IV,ESVO,no,Stereo E,metric,"full-trajectory, SCALE-CORRECTED (Sim3) -- see note",VECtor,sofa_fast,sofa_fast,MPE,%,,failed,"*** CAVEAT: DEIO is a metric (E+I) method, but its released VECtor trajectories are metric-scale-broken; these headline MPE numbers rely on scale correction (Sim3). Independently corroborated: Stereo-DEVO T.II reports DEIO VECtor ATE up to 254.76 cm (desk_normal) and SuperEvent T.5 reports DEIO ATE 492.65 cm (corridors_dolly) under metric eval. Our own reproduction reaches these MPE under Sim3 too."
DEIO,DEIO,ICCV,2025,IV,ESVO,no,Stereo E,metric,"full-trajectory, SCALE-CORRECTED (Sim3) -- see note",VECtor,mountain_fast,mountain_fast,MPE,%,,failed,"*** CAVEAT: DEIO is a metric (E+I) method, but its released VECtor trajectories are metric-scale-broken; these headline MPE numbers rely on scale correction (Sim3). Independently corroborated: Stereo-DEVO T.II reports DEIO VECtor ATE up to 254.76 cm (desk_normal) and SuperEvent T.5 reports DEIO ATE 492.65 cm (corridors_dolly) under metric eval. Our own reproduction reaches these MPE under Sim3 too."
DEIO,DEIO,ICCV,2025,IV,ESVO,no,Stereo E,metric,"full-trajectory, SCALE-CORRECTED (Sim3) -- see note",VECtor,corridors_dolly,corridors_dolly,MPE,%,,failed,"*** CAVEAT: DEIO is a metric (E+I) method, but its released VECtor trajectories are metric-scale-broken; these headline MPE numbers rely on scale correction (Sim3). Independently corroborated: Stereo-DEVO T.II reports DEIO VECtor ATE up to 254.76 cm (desk_normal) and SuperEvent T.5 reports DEIO ATE 492.65 cm (corridors_dolly) under metric eval. Our own reproduction reaches these MPE under Sim3 too."
DEIO,DEIO,ICCV,2025,IV,ESVO,no,Stereo E,metric,"full-trajectory, SCALE-CORRECTED (Sim3) -- see note",VECtor,corridors_walk,corridors_walk,MPE,%,,failed,"*** CAVEAT: DEIO is a metric (E+I) method, but its released VECtor trajectories are metric-scale-broken; these headline MPE numbers rely on scale correction (Sim3). Independently corroborated: Stereo-DEVO T.II reports DEIO VECtor ATE up to 254.76 cm (desk_normal) and SuperEvent T.5 reports DEIO ATE 492.65 cm (corridors_dolly) under metric eval. Our own reproduction reaches these MPE under Sim3 too."
DEIO,DEIO,ICCV,2025,IV,ESVO,no,Stereo E,metric,"full-trajectory, SCALE-CORRECTED (Sim3) -- see note",VECtor,units_dolly,units_dolly,MPE,%,,failed,"*** CAVEAT: DEIO is a metric (E+I) method, but its released VECtor trajectories are metric-scale-broken; these headline MPE numbers rely on scale correction (Sim3). Independently corroborated: Stereo-DEVO T.II reports DEIO VECtor ATE up to 254.76 cm (desk_normal) and SuperEvent T.5 reports DEIO ATE 492.65 cm (corridors_dolly) under metric eval. Our own reproduction reaches these MPE under Sim3 too."
DEIO,DEIO,ICCV,2025,IV,ESVO,no,Stereo E,metric,"full-trajectory, SCALE-CORRECTED (Sim3) -- see note",VECtor,units_scooter,units_scooter,MPE,%,,failed,"*** CAVEAT: DEIO is a metric (E+I) method, but its released VECtor trajectories are metric-scale-broken; these headline MPE numbers rely on scale correction (Sim3). Independently corroborated: Stereo-DEVO T.II reports DEIO VECtor ATE up to 254.76 cm (desk_normal) and SuperEvent T.5 reports DEIO ATE 492.65 cm (corridors_dolly) under metric eval. Our own reproduction reaches these MPE under Sim3 too."
DEIO,DEIO,ICCV,2025,IV,ESVO,no,Stereo E,metric,"full-trajectory, SCALE-CORRECTED (Sim3) -- see note",VECtor,average,average,MPE,%,4.83,ok,"*** CAVEAT: DEIO is a metric (E+I) method, but its released VECtor trajectories are metric-scale-broken; these headline MPE numbers rely on scale correction (Sim3). Independently corroborated: Stereo-DEVO T.II reports DEIO VECtor ATE up to 254.76 cm (desk_normal) and SuperEvent T.5 reports DEIO ATE 492.65 cm (corridors_dolly) under metric eval. Our own reproduction reaches these MPE under Sim3 too."
DEIO,DEIO,ICCV,2025,IV,Ultimate-SLAM,no,E+F+I,metric,"full-trajectory, SCALE-CORRECTED (Sim3) -- see note",VECtor,corner_slow,corner_slow,MPE,%,4.83,ok,"*** CAVEAT: DEIO is a metric (E+I) method, but its released VECtor trajectories are metric-scale-broken; these headline MPE numbers rely on scale correction (Sim3). Independently corroborated: Stereo-DEVO T.II reports DEIO VECtor ATE up to 254.76 cm (desk_normal) and SuperEvent T.5 reports DEIO ATE 492.65 cm (corridors_dolly) under metric eval. Our own reproduction reaches these MPE under Sim3 too."
DEIO,DEIO,ICCV,2025,IV,Ultimate-SLAM,no,E+F+I,metric,"full-trajectory, SCALE-CORRECTED (Sim3) -- see note",VECtor,desk_normal,desk_normal,MPE,%,2.24,ok,"*** CAVEAT: DEIO is a metric (E+I) method, but its released VECtor trajectories are metric-scale-broken; these headline MPE numbers rely on scale correction (Sim3). Independently corroborated: Stereo-DEVO T.II reports DEIO VECtor ATE up to 254.76 cm (desk_normal) and SuperEvent T.5 reports DEIO ATE 492.65 cm (corridors_dolly) under metric eval. Our own reproduction reaches these MPE under Sim3 too."
DEIO,DEIO,ICCV,2025,IV,Ultimate-SLAM,no,E+F+I,metric,"full-trajectory, SCALE-CORRECTED (Sim3) -- see note",VECtor,sofa_fast,sofa_fast,MPE,%,2.54,ok,"*** CAVEAT: DEIO is a metric (E+I) method, but its released VECtor trajectories are metric-scale-broken; these headline MPE numbers rely on scale correction (Sim3). Independently corroborated: Stereo-DEVO T.II reports DEIO VECtor ATE up to 254.76 cm (desk_normal) and SuperEvent T.5 reports DEIO ATE 492.65 cm (corridors_dolly) under metric eval. Our own reproduction reaches these MPE under Sim3 too."
DEIO,DEIO,ICCV,2025,IV,Ultimate-SLAM,no,E+F+I,metric,"full-trajectory, SCALE-CORRECTED (Sim3) -- see note",VECtor,mountain_fast,mountain_fast,MPE,%,4.13,ok,"*** CAVEAT: DEIO is a metric (E+I) method, but its released VECtor trajectories are metric-scale-broken; these headline MPE numbers rely on scale correction (Sim3). Independently corroborated: Stereo-DEVO T.II reports DEIO VECtor ATE up to 254.76 cm (desk_normal) and SuperEvent T.5 reports DEIO ATE 492.65 cm (corridors_dolly) under metric eval. Our own reproduction reaches these MPE under Sim3 too."
DEIO,DEIO,ICCV,2025,IV,Ultimate-SLAM,no,E+F+I,metric,"full-trajectory, SCALE-CORRECTED (Sim3) -- see note",VECtor,corridors_dolly,corridors_dolly,MPE,%,,failed,"*** CAVEAT: DEIO is a metric (E+I) method, but its released VECtor trajectories are metric-scale-broken; these headline MPE numbers rely on scale correction (Sim3). Independently corroborated: Stereo-DEVO T.II reports DEIO VECtor ATE up to 254.76 cm (desk_normal) and SuperEvent T.5 reports DEIO ATE 492.65 cm (corridors_dolly) under metric eval. Our own reproduction reaches these MPE under Sim3 too."
DEIO,DEIO,ICCV,2025,IV,Ultimate-SLAM,no,E+F+I,metric,"full-trajectory, SCALE-CORRECTED (Sim3) -- see note",VECtor,corridors_walk,corridors_walk,MPE,%,,failed,"*** CAVEAT: DEIO is a metric (E+I) method, but its released VECtor trajectories are metric-scale-broken; these headline MPE numbers rely on scale correction (Sim3). Independently corroborated: Stereo-DEVO T.II reports DEIO VECtor ATE up to 254.76 cm (desk_normal) and SuperEvent T.5 reports DEIO ATE 492.65 cm (corridors_dolly) under metric eval. Our own reproduction reaches these MPE under Sim3 too."
DEIO,DEIO,ICCV,2025,IV,Ultimate-SLAM,no,E+F+I,metric,"full-trajectory, SCALE-CORRECTED (Sim3) -- see note",VECtor,units_dolly,units_dolly,MPE,%,,failed,"*** CAVEAT: DEIO is a metric (E+I) method, but its released VECtor trajectories are metric-scale-broken; these headline MPE numbers rely on scale correction (Sim3). Independently corroborated: Stereo-DEVO T.II reports DEIO VECtor ATE up to 254.76 cm (desk_normal) and SuperEvent T.5 reports DEIO ATE 492.65 cm (corridors_dolly) under metric eval. Our own reproduction reaches these MPE under Sim3 too."
DEIO,DEIO,ICCV,2025,IV,Ultimate-SLAM,no,E+F+I,metric,"full-trajectory, SCALE-CORRECTED (Sim3) -- see note",VECtor,units_scooter,units_scooter,MPE,%,,failed,"*** CAVEAT: DEIO is a metric (E+I) method, but its released VECtor trajectories are metric-scale-broken; these headline MPE numbers rely on scale correction (Sim3). Independently corroborated: Stereo-DEVO T.II reports DEIO VECtor ATE up to 254.76 cm (desk_normal) and SuperEvent T.5 reports DEIO ATE 492.65 cm (corridors_dolly) under metric eval. Our own reproduction reaches these MPE under Sim3 too."
DEIO,DEIO,ICCV,2025,IV,Ultimate-SLAM,no,E+F+I,metric,"full-trajectory, SCALE-CORRECTED (Sim3) -- see note",VECtor,average,average,MPE,%,3.44,ok,"*** CAVEAT: DEIO is a metric (E+I) method, but its released VECtor trajectories are metric-scale-broken; these headline MPE numbers rely on scale correction (Sim3). Independently corroborated: Stereo-DEVO T.II reports DEIO VECtor ATE up to 254.76 cm (desk_normal) and SuperEvent T.5 reports DEIO ATE 492.65 cm (corridors_dolly) under metric eval. Our own reproduction reaches these MPE under Sim3 too."
DEIO,DEIO,ICCV,2025,IV,PL-EVIO,no,E+F+I,metric,"full-trajectory, SCALE-CORRECTED (Sim3) -- see note",VECtor,corner_slow,corner_slow,MPE,%,2.1,ok,"*** CAVEAT: DEIO is a metric (E+I) method, but its released VECtor trajectories are metric-scale-broken; these headline MPE numbers rely on scale correction (Sim3). Independently corroborated: Stereo-DEVO T.II reports DEIO VECtor ATE up to 254.76 cm (desk_normal) and SuperEvent T.5 reports DEIO ATE 492.65 cm (corridors_dolly) under metric eval. Our own reproduction reaches these MPE under Sim3 too."
DEIO,DEIO,ICCV,2025,IV,PL-EVIO,no,E+F+I,metric,"full-trajectory, SCALE-CORRECTED (Sim3) -- see note",VECtor,desk_normal,desk_normal,MPE,%,3.66,ok,"*** CAVEAT: DEIO is a metric (E+I) method, but its released VECtor trajectories are metric-scale-broken; these headline MPE numbers rely on scale correction (Sim3). Independently corroborated: Stereo-DEVO T.II reports DEIO VECtor ATE up to 254.76 cm (desk_normal) and SuperEvent T.5 reports DEIO ATE 492.65 cm (corridors_dolly) under metric eval. Our own reproduction reaches these MPE under Sim3 too."
DEIO,DEIO,ICCV,2025,IV,PL-EVIO,no,E+F+I,metric,"full-trajectory, SCALE-CORRECTED (Sim3) -- see note",VECtor,sofa_fast,sofa_fast,MPE,%,0.17,ok,"*** CAVEAT: DEIO is a metric (E+I) method, but its released VECtor trajectories are metric-scale-broken; these headline MPE numbers rely on scale correction (Sim3). Independently corroborated: Stereo-DEVO T.II reports DEIO VECtor ATE up to 254.76 cm (desk_normal) and SuperEvent T.5 reports DEIO ATE 492.65 cm (corridors_dolly) under metric eval. Our own reproduction reaches these MPE under Sim3 too."
DEIO,DEIO,ICCV,2025,IV,PL-EVIO,no,E+F+I,metric,"full-trajectory, SCALE-CORRECTED (Sim3) -- see note",VECtor,mountain_fast,mountain_fast,MPE,%,0.13,ok,"*** CAVEAT: DEIO is a metric (E+I) method, but its released VECtor trajectories are metric-scale-broken; these headline MPE numbers rely on scale correction (Sim3). Independently corroborated: Stereo-DEVO T.II reports DEIO VECtor ATE up to 254.76 cm (desk_normal) and SuperEvent T.5 reports DEIO ATE 492.65 cm (corridors_dolly) under metric eval. Our own reproduction reaches these MPE under Sim3 too."
DEIO,DEIO,ICCV,2025,IV,PL-EVIO,no,E+F+I,metric,"full-trajectory, SCALE-CORRECTED (Sim3) -- see note",VECtor,corridors_dolly,corridors_dolly,MPE,%,1.58,ok,"*** CAVEAT: DEIO is a metric (E+I) method, but its released VECtor trajectories are metric-scale-broken; these headline MPE numbers rely on scale correction (Sim3). Independently corroborated: Stereo-DEVO T.II reports DEIO VECtor ATE up to 254.76 cm (desk_normal) and SuperEvent T.5 reports DEIO ATE 492.65 cm (corridors_dolly) under metric eval. Our own reproduction reaches these MPE under Sim3 too."
DEIO,DEIO,ICCV,2025,IV,PL-EVIO,no,E+F+I,metric,"full-trajectory, SCALE-CORRECTED (Sim3) -- see note",VECtor,corridors_walk,corridors_walk,MPE,%,0.92,ok,"*** CAVEAT: DEIO is a metric (E+I) method, but its released VECtor trajectories are metric-scale-broken; these headline MPE numbers rely on scale correction (Sim3). Independently corroborated: Stereo-DEVO T.II reports DEIO VECtor ATE up to 254.76 cm (desk_normal) and SuperEvent T.5 reports DEIO ATE 492.65 cm (corridors_dolly) under metric eval. Our own reproduction reaches these MPE under Sim3 too."
DEIO,DEIO,ICCV,2025,IV,PL-EVIO,no,E+F+I,metric,"full-trajectory, SCALE-CORRECTED (Sim3) -- see note",VECtor,units_dolly,units_dolly,MPE,%,5.84,ok,"*** CAVEAT: DEIO is a metric (E+I) method, but its released VECtor trajectories are metric-scale-broken; these headline MPE numbers rely on scale correction (Sim3). Independently corroborated: Stereo-DEVO T.II reports DEIO VECtor ATE up to 254.76 cm (desk_normal) and SuperEvent T.5 reports DEIO ATE 492.65 cm (corridors_dolly) under metric eval. Our own reproduction reaches these MPE under Sim3 too."
DEIO,DEIO,ICCV,2025,IV,PL-EVIO,no,E+F+I,metric,"full-trajectory, SCALE-CORRECTED (Sim3) -- see note",VECtor,units_scooter,units_scooter,MPE,%,5.0,ok,"*** CAVEAT: DEIO is a metric (E+I) method, but its released VECtor trajectories are metric-scale-broken; these headline MPE numbers rely on scale correction (Sim3). Independently corroborated: Stereo-DEVO T.II reports DEIO VECtor ATE up to 254.76 cm (desk_normal) and SuperEvent T.5 reports DEIO ATE 492.65 cm (corridors_dolly) under metric eval. Our own reproduction reaches these MPE under Sim3 too."
DEIO,DEIO,ICCV,2025,IV,PL-EVIO,no,E+F+I,metric,"full-trajectory, SCALE-CORRECTED (Sim3) -- see note",VECtor,average,average,MPE,%,2.92,ok,"*** CAVEAT: DEIO is a metric (E+I) method, but its released VECtor trajectories are metric-scale-broken; these headline MPE numbers rely on scale correction (Sim3). Independently corroborated: Stereo-DEVO T.II reports DEIO VECtor ATE up to 254.76 cm (desk_normal) and SuperEvent T.5 reports DEIO ATE 492.65 cm (corridors_dolly) under metric eval. Our own reproduction reaches these MPE under Sim3 too."
DEIO,DEIO,ICCV,2025,IV,ESVIO,no,Stereo E+F+I,metric,"full-trajectory, SCALE-CORRECTED (Sim3) -- see note",VECtor,corner_slow,corner_slow,MPE,%,1.49,ok,"*** CAVEAT: DEIO is a metric (E+I) method, but its released VECtor trajectories are metric-scale-broken; these headline MPE numbers rely on scale correction (Sim3). Independently corroborated: Stereo-DEVO T.II reports DEIO VECtor ATE up to 254.76 cm (desk_normal) and SuperEvent T.5 reports DEIO ATE 492.65 cm (corridors_dolly) under metric eval. Our own reproduction reaches these MPE under Sim3 too."
DEIO,DEIO,ICCV,2025,IV,ESVIO,no,Stereo E+F+I,metric,"full-trajectory, SCALE-CORRECTED (Sim3) -- see note",VECtor,desk_normal,desk_normal,MPE,%,0.61,ok,"*** CAVEAT: DEIO is a metric (E+I) method, but its released VECtor trajectories are metric-scale-broken; these headline MPE numbers rely on scale correction (Sim3). Independently corroborated: Stereo-DEVO T.II reports DEIO VECtor ATE up to 254.76 cm (desk_normal) and SuperEvent T.5 reports DEIO ATE 492.65 cm (corridors_dolly) under metric eval. Our own reproduction reaches these MPE under Sim3 too."
DEIO,DEIO,ICCV,2025,IV,ESVIO,no,Stereo E+F+I,metric,"full-trajectory, SCALE-CORRECTED (Sim3) -- see note",VECtor,sofa_fast,sofa_fast,MPE,%,0.17,ok,"*** CAVEAT: DEIO is a metric (E+I) method, but its released VECtor trajectories are metric-scale-broken; these headline MPE numbers rely on scale correction (Sim3). Independently corroborated: Stereo-DEVO T.II reports DEIO VECtor ATE up to 254.76 cm (desk_normal) and SuperEvent T.5 reports DEIO ATE 492.65 cm (corridors_dolly) under metric eval. Our own reproduction reaches these MPE under Sim3 too."
DEIO,DEIO,ICCV,2025,IV,ESVIO,no,Stereo E+F+I,metric,"full-trajectory, SCALE-CORRECTED (Sim3) -- see note",VECtor,mountain_fast,mountain_fast,MPE,%,0.16,ok,"*** CAVEAT: DEIO is a metric (E+I) method, but its released VECtor trajectories are metric-scale-broken; these headline MPE numbers rely on scale correction (Sim3). Independently corroborated: Stereo-DEVO T.II reports DEIO VECtor ATE up to 254.76 cm (desk_normal) and SuperEvent T.5 reports DEIO ATE 492.65 cm (corridors_dolly) under metric eval. Our own reproduction reaches these MPE under Sim3 too."
DEIO,DEIO,ICCV,2025,IV,ESVIO,no,Stereo E+F+I,metric,"full-trajectory, SCALE-CORRECTED (Sim3) -- see note",VECtor,corridors_dolly,corridors_dolly,MPE,%,1.13,ok,"*** CAVEAT: DEIO is a metric (E+I) method, but its released VECtor trajectories are metric-scale-broken; these headline MPE numbers rely on scale correction (Sim3). Independently corroborated: Stereo-DEVO T.II reports DEIO VECtor ATE up to 254.76 cm (desk_normal) and SuperEvent T.5 reports DEIO ATE 492.65 cm (corridors_dolly) under metric eval. Our own reproduction reaches these MPE under Sim3 too."
DEIO,DEIO,ICCV,2025,IV,ESVIO,no,Stereo E+F+I,metric,"full-trajectory, SCALE-CORRECTED (Sim3) -- see note",VECtor,corridors_walk,corridors_walk,MPE,%,0.43,ok,"*** CAVEAT: DEIO is a metric (E+I) method, but its released VECtor trajectories are metric-scale-broken; these headline MPE numbers rely on scale correction (Sim3). Independently corroborated: Stereo-DEVO T.II reports DEIO VECtor ATE up to 254.76 cm (desk_normal) and SuperEvent T.5 reports DEIO ATE 492.65 cm (corridors_dolly) under metric eval. Our own reproduction reaches these MPE under Sim3 too."
DEIO,DEIO,ICCV,2025,IV,ESVIO,no,Stereo E+F+I,metric,"full-trajectory, SCALE-CORRECTED (Sim3) -- see note",VECtor,units_dolly,units_dolly,MPE,%,3.43,ok,"*** CAVEAT: DEIO is a metric (E+I) method, but its released VECtor trajectories are metric-scale-broken; these headline MPE numbers rely on scale correction (Sim3). Independently corroborated: Stereo-DEVO T.II reports DEIO VECtor ATE up to 254.76 cm (desk_normal) and SuperEvent T.5 reports DEIO ATE 492.65 cm (corridors_dolly) under metric eval. Our own reproduction reaches these MPE under Sim3 too."
DEIO,DEIO,ICCV,2025,IV,ESVIO,no,Stereo E+F+I,metric,"full-trajectory, SCALE-CORRECTED (Sim3) -- see note",VECtor,units_scooter,units_scooter,MPE,%,2.85,ok,"*** CAVEAT: DEIO is a metric (E+I) method, but its released VECtor trajectories are metric-scale-broken; these headline MPE numbers rely on scale correction (Sim3). Independently corroborated: Stereo-DEVO T.II reports DEIO VECtor ATE up to 254.76 cm (desk_normal) and SuperEvent T.5 reports DEIO ATE 492.65 cm (corridors_dolly) under metric eval. Our own reproduction reaches these MPE under Sim3 too."
DEIO,DEIO,ICCV,2025,IV,ESVIO,no,Stereo E+F+I,metric,"full-trajectory, SCALE-CORRECTED (Sim3) -- see note",VECtor,average,average,MPE,%,1.41,ok,"*** CAVEAT: DEIO is a metric (E+I) method, but its released VECtor trajectories are metric-scale-broken; these headline MPE numbers rely on scale correction (Sim3). Independently corroborated: Stereo-DEVO T.II reports DEIO VECtor ATE up to 254.76 cm (desk_normal) and SuperEvent T.5 reports DEIO ATE 492.65 cm (corridors_dolly) under metric eval. Our own reproduction reaches these MPE under Sim3 too."
DEIO,DEIO,ICCV,2025,IV,EVI-SAM,no,E+F+I,metric,"full-trajectory, SCALE-CORRECTED (Sim3) -- see note",VECtor,corner_slow,corner_slow,MPE,%,2.5,ok,"*** CAVEAT: DEIO is a metric (E+I) method, but its released VECtor trajectories are metric-scale-broken; these headline MPE numbers rely on scale correction (Sim3). Independently corroborated: Stereo-DEVO T.II reports DEIO VECtor ATE up to 254.76 cm (desk_normal) and SuperEvent T.5 reports DEIO ATE 492.65 cm (corridors_dolly) under metric eval. Our own reproduction reaches these MPE under Sim3 too."
DEIO,DEIO,ICCV,2025,IV,EVI-SAM,no,E+F+I,metric,"full-trajectory, SCALE-CORRECTED (Sim3) -- see note",VECtor,desk_normal,desk_normal,MPE,%,1.45,ok,"*** CAVEAT: DEIO is a metric (E+I) method, but its released VECtor trajectories are metric-scale-broken; these headline MPE numbers rely on scale correction (Sim3). Independently corroborated: Stereo-DEVO T.II reports DEIO VECtor ATE up to 254.76 cm (desk_normal) and SuperEvent T.5 reports DEIO ATE 492.65 cm (corridors_dolly) under metric eval. Our own reproduction reaches these MPE under Sim3 too."
DEIO,DEIO,ICCV,2025,IV,EVI-SAM,no,E+F+I,metric,"full-trajectory, SCALE-CORRECTED (Sim3) -- see note",VECtor,sofa_fast,sofa_fast,MPE,%,0.98,ok,"*** CAVEAT: DEIO is a metric (E+I) method, but its released VECtor trajectories are metric-scale-broken; these headline MPE numbers rely on scale correction (Sim3). Independently corroborated: Stereo-DEVO T.II reports DEIO VECtor ATE up to 254.76 cm (desk_normal) and SuperEvent T.5 reports DEIO ATE 492.65 cm (corridors_dolly) under metric eval. Our own reproduction reaches these MPE under Sim3 too."
DEIO,DEIO,ICCV,2025,IV,EVI-SAM,no,E+F+I,metric,"full-trajectory, SCALE-CORRECTED (Sim3) -- see note",VECtor,mountain_fast,mountain_fast,MPE,%,0.38,ok,"*** CAVEAT: DEIO is a metric (E+I) method, but its released VECtor trajectories are metric-scale-broken; these headline MPE numbers rely on scale correction (Sim3). Independently corroborated: Stereo-DEVO T.II reports DEIO VECtor ATE up to 254.76 cm (desk_normal) and SuperEvent T.5 reports DEIO ATE 492.65 cm (corridors_dolly) under metric eval. Our own reproduction reaches these MPE under Sim3 too."
DEIO,DEIO,ICCV,2025,IV,EVI-SAM,no,E+F+I,metric,"full-trajectory, SCALE-CORRECTED (Sim3) -- see note",VECtor,corridors_dolly,corridors_dolly,MPE,%,1.58,ok,"*** CAVEAT: DEIO is a metric (E+I) method, but its released VECtor trajectories are metric-scale-broken; these headline MPE numbers rely on scale correction (Sim3). Independently corroborated: Stereo-DEVO T.II reports DEIO VECtor ATE up to 254.76 cm (desk_normal) and SuperEvent T.5 reports DEIO ATE 492.65 cm (corridors_dolly) under metric eval. Our own reproduction reaches these MPE under Sim3 too."
DEIO,DEIO,ICCV,2025,IV,EVI-SAM,no,E+F+I,metric,"full-trajectory, SCALE-CORRECTED (Sim3) -- see note",VECtor,corridors_walk,corridors_walk,MPE,%,1.27,ok,"*** CAVEAT: DEIO is a metric (E+I) method, but its released VECtor trajectories are metric-scale-broken; these headline MPE numbers rely on scale correction (Sim3). Independently corroborated: Stereo-DEVO T.II reports DEIO VECtor ATE up to 254.76 cm (desk_normal) and SuperEvent T.5 reports DEIO ATE 492.65 cm (corridors_dolly) under metric eval. Our own reproduction reaches these MPE under Sim3 too."
DEIO,DEIO,ICCV,2025,IV,EVI-SAM,no,E+F+I,metric,"full-trajectory, SCALE-CORRECTED (Sim3) -- see note",VECtor,units_dolly,units_dolly,MPE,%,0.59,ok,"*** CAVEAT: DEIO is a metric (E+I) method, but its released VECtor trajectories are metric-scale-broken; these headline MPE numbers rely on scale correction (Sim3). Independently corroborated: Stereo-DEVO T.II reports DEIO VECtor ATE up to 254.76 cm (desk_normal) and SuperEvent T.5 reports DEIO ATE 492.65 cm (corridors_dolly) under metric eval. Our own reproduction reaches these MPE under Sim3 too."
DEIO,DEIO,ICCV,2025,IV,EVI-SAM,no,E+F+I,metric,"full-trajectory, SCALE-CORRECTED (Sim3) -- see note",VECtor,units_scooter,units_scooter,MPE,%,0.83,ok,"*** CAVEAT: DEIO is a metric (E+I) method, but its released VECtor trajectories are metric-scale-broken; these headline MPE numbers rely on scale correction (Sim3). Independently corroborated: Stereo-DEVO T.II reports DEIO VECtor ATE up to 254.76 cm (desk_normal) and SuperEvent T.5 reports DEIO ATE 492.65 cm (corridors_dolly) under metric eval. Our own reproduction reaches these MPE under Sim3 too."
DEIO,DEIO,ICCV,2025,IV,EVI-SAM,no,E+F+I,metric,"full-trajectory, SCALE-CORRECTED (Sim3) -- see note",VECtor,average,average,MPE,%,1.32,ok,"*** CAVEAT: DEIO is a metric (E+I) method, but its released VECtor trajectories are metric-scale-broken; these headline MPE numbers rely on scale correction (Sim3). Independently corroborated: Stereo-DEVO T.II reports DEIO VECtor ATE up to 254.76 cm (desk_normal) and SuperEvent T.5 reports DEIO ATE 492.65 cm (corridors_dolly) under metric eval. Our own reproduction reaches these MPE under Sim3 too."
DEIO,DEIO,ICCV,2025,IV,DEVO,no,E,up-to-scale,"full-trajectory, SCALE-CORRECTED (Sim3) -- see note",VECtor,corner_slow,corner_slow,MPE,%,0.59,ok,"*** CAVEAT: DEIO is a metric (E+I) method, but its released VECtor trajectories are metric-scale-broken; these headline MPE numbers rely on scale correction (Sim3). Independently corroborated: Stereo-DEVO T.II reports DEIO VECtor ATE up to 254.76 cm (desk_normal) and SuperEvent T.5 reports DEIO ATE 492.65 cm (corridors_dolly) under metric eval. Our own reproduction reaches these MPE under Sim3 too."
DEIO,DEIO,ICCV,2025,IV,DEVO,no,E,up-to-scale,"full-trajectory, SCALE-CORRECTED (Sim3) -- see note",VECtor,desk_normal,desk_normal,MPE,%,0.11,ok,"*** CAVEAT: DEIO is a metric (E+I) method, but its released VECtor trajectories are metric-scale-broken; these headline MPE numbers rely on scale correction (Sim3). Independently corroborated: Stereo-DEVO T.II reports DEIO VECtor ATE up to 254.76 cm (desk_normal) and SuperEvent T.5 reports DEIO ATE 492.65 cm (corridors_dolly) under metric eval. Our own reproduction reaches these MPE under Sim3 too."
DEIO,DEIO,ICCV,2025,IV,DEVO,no,E,up-to-scale,"full-trajectory, SCALE-CORRECTED (Sim3) -- see note",VECtor,sofa_fast,sofa_fast,MPE,%,0.38,ok,"*** CAVEAT: DEIO is a metric (E+I) method, but its released VECtor trajectories are metric-scale-broken; these headline MPE numbers rely on scale correction (Sim3). Independently corroborated: Stereo-DEVO T.II reports DEIO VECtor ATE up to 254.76 cm (desk_normal) and SuperEvent T.5 reports DEIO ATE 492.65 cm (corridors_dolly) under metric eval. Our own reproduction reaches these MPE under Sim3 too."
DEIO,DEIO,ICCV,2025,IV,DEVO,no,E,up-to-scale,"full-trajectory, SCALE-CORRECTED (Sim3) -- see note",VECtor,mountain_fast,mountain_fast,MPE,%,0.37,ok,"*** CAVEAT: DEIO is a metric (E+I) method, but its released VECtor trajectories are metric-scale-broken; these headline MPE numbers rely on scale correction (Sim3). Independently corroborated: Stereo-DEVO T.II reports DEIO VECtor ATE up to 254.76 cm (desk_normal) and SuperEvent T.5 reports DEIO ATE 492.65 cm (corridors_dolly) under metric eval. Our own reproduction reaches these MPE under Sim3 too."
DEIO,DEIO,ICCV,2025,IV,DEVO,no,E,up-to-scale,"full-trajectory, SCALE-CORRECTED (Sim3) -- see note",VECtor,corridors_dolly,corridors_dolly,MPE,%,0.51,ok,"*** CAVEAT: DEIO is a metric (E+I) method, but its released VECtor trajectories are metric-scale-broken; these headline MPE numbers rely on scale correction (Sim3). Independently corroborated: Stereo-DEVO T.II reports DEIO VECtor ATE up to 254.76 cm (desk_normal) and SuperEvent T.5 reports DEIO ATE 492.65 cm (corridors_dolly) under metric eval. Our own reproduction reaches these MPE under Sim3 too."
DEIO,DEIO,ICCV,2025,IV,DEVO,no,E,up-to-scale,"full-trajectory, SCALE-CORRECTED (Sim3) -- see note",VECtor,corridors_walk,corridors_walk,MPE,%,1.04,ok,"*** CAVEAT: DEIO is a metric (E+I) method, but its released VECtor trajectories are metric-scale-broken; these headline MPE numbers rely on scale correction (Sim3). Independently corroborated: Stereo-DEVO T.II reports DEIO VECtor ATE up to 254.76 cm (desk_normal) and SuperEvent T.5 reports DEIO ATE 492.65 cm (corridors_dolly) under metric eval. Our own reproduction reaches these MPE under Sim3 too."
DEIO,DEIO,ICCV,2025,IV,DEVO,no,E,up-to-scale,"full-trajectory, SCALE-CORRECTED (Sim3) -- see note",VECtor,units_dolly,units_dolly,MPE,%,0.48,ok,"*** CAVEAT: DEIO is a metric (E+I) method, but its released VECtor trajectories are metric-scale-broken; these headline MPE numbers rely on scale correction (Sim3). Independently corroborated: Stereo-DEVO T.II reports DEIO VECtor ATE up to 254.76 cm (desk_normal) and SuperEvent T.5 reports DEIO ATE 492.65 cm (corridors_dolly) under metric eval. Our own reproduction reaches these MPE under Sim3 too."
DEIO,DEIO,ICCV,2025,IV,DEVO,no,E,up-to-scale,"full-trajectory, SCALE-CORRECTED (Sim3) -- see note",VECtor,units_scooter,units_scooter,MPE,%,0.88,ok,"*** CAVEAT: DEIO is a metric (E+I) method, but its released VECtor trajectories are metric-scale-broken; these headline MPE numbers rely on scale correction (Sim3). Independently corroborated: Stereo-DEVO T.II reports DEIO VECtor ATE up to 254.76 cm (desk_normal) and SuperEvent T.5 reports DEIO ATE 492.65 cm (corridors_dolly) under metric eval. Our own reproduction reaches these MPE under Sim3 too."
DEIO,DEIO,ICCV,2025,IV,DEVO,no,E,up-to-scale,"full-trajectory, SCALE-CORRECTED (Sim3) -- see note",VECtor,average,average,MPE,%,0.55,ok,"*** CAVEAT: DEIO is a metric (E+I) method, but its released VECtor trajectories are metric-scale-broken; these headline MPE numbers rely on scale correction (Sim3). Independently corroborated: Stereo-DEVO T.II reports DEIO VECtor ATE up to 254.76 cm (desk_normal) and SuperEvent T.5 reports DEIO ATE 492.65 cm (corridors_dolly) under metric eval. Our own reproduction reaches these MPE under Sim3 too."
DEIO,DEIO,ICCV,2025,IV,DEIO,yes,E+I,metric,"full-trajectory, SCALE-CORRECTED (Sim3) -- see note",VECtor,corner_slow,corner_slow,MPE,%,0.5,ok,"*** CAVEAT: DEIO is a metric (E+I) method, but its released VECtor trajectories are metric-scale-broken; these headline MPE numbers rely on scale correction (Sim3). Independently corroborated: Stereo-DEVO T.II reports DEIO VECtor ATE up to 254.76 cm (desk_normal) and SuperEvent T.5 reports DEIO ATE 492.65 cm (corridors_dolly) under metric eval. Our own reproduction reaches these MPE under Sim3 too."
DEIO,DEIO,ICCV,2025,IV,DEIO,yes,E+I,metric,"full-trajectory, SCALE-CORRECTED (Sim3) -- see note",VECtor,desk_normal,desk_normal,MPE,%,0.13,ok,"*** CAVEAT: DEIO is a metric (E+I) method, but its released VECtor trajectories are metric-scale-broken; these headline MPE numbers rely on scale correction (Sim3). Independently corroborated: Stereo-DEVO T.II reports DEIO VECtor ATE up to 254.76 cm (desk_normal) and SuperEvent T.5 reports DEIO ATE 492.65 cm (corridors_dolly) under metric eval. Our own reproduction reaches these MPE under Sim3 too."
DEIO,DEIO,ICCV,2025,IV,DEIO,yes,E+I,metric,"full-trajectory, SCALE-CORRECTED (Sim3) -- see note",VECtor,sofa_fast,sofa_fast,MPE,%,0.44,ok,"*** CAVEAT: DEIO is a metric (E+I) method, but its released VECtor trajectories are metric-scale-broken; these headline MPE numbers rely on scale correction (Sim3). Independently corroborated: Stereo-DEVO T.II reports DEIO VECtor ATE up to 254.76 cm (desk_normal) and SuperEvent T.5 reports DEIO ATE 492.65 cm (corridors_dolly) under metric eval. Our own reproduction reaches these MPE under Sim3 too."
DEIO,DEIO,ICCV,2025,IV,DEIO,yes,E+I,metric,"full-trajectory, SCALE-CORRECTED (Sim3) -- see note",VECtor,mountain_fast,mountain_fast,MPE,%,0.24,ok,"*** CAVEAT: DEIO is a metric (E+I) method, but its released VECtor trajectories are metric-scale-broken; these headline MPE numbers rely on scale correction (Sim3). Independently corroborated: Stereo-DEVO T.II reports DEIO VECtor ATE up to 254.76 cm (desk_normal) and SuperEvent T.5 reports DEIO ATE 492.65 cm (corridors_dolly) under metric eval. Our own reproduction reaches these MPE under Sim3 too."
DEIO,DEIO,ICCV,2025,IV,DEIO,yes,E+I,metric,"full-trajectory, SCALE-CORRECTED (Sim3) -- see note",VECtor,corridors_dolly,corridors_dolly,MPE,%,0.78,ok,"*** CAVEAT: DEIO is a metric (E+I) method, but its released VECtor trajectories are metric-scale-broken; these headline MPE numbers rely on scale correction (Sim3). Independently corroborated: Stereo-DEVO T.II reports DEIO VECtor ATE up to 254.76 cm (desk_normal) and SuperEvent T.5 reports DEIO ATE 492.65 cm (corridors_dolly) under metric eval. Our own reproduction reaches these MPE under Sim3 too."
DEIO,DEIO,ICCV,2025,IV,DEIO,yes,E+I,metric,"full-trajectory, SCALE-CORRECTED (Sim3) -- see note",VECtor,corridors_walk,corridors_walk,MPE,%,0.74,ok,"*** CAVEAT: DEIO is a metric (E+I) method, but its released VECtor trajectories are metric-scale-broken; these headline MPE numbers rely on scale correction (Sim3). Independently corroborated: Stereo-DEVO T.II reports DEIO VECtor ATE up to 254.76 cm (desk_normal) and SuperEvent T.5 reports DEIO ATE 492.65 cm (corridors_dolly) under metric eval. Our own reproduction reaches these MPE under Sim3 too."
DEIO,DEIO,ICCV,2025,IV,DEIO,yes,E+I,metric,"full-trajectory, SCALE-CORRECTED (Sim3) -- see note",VECtor,units_dolly,units_dolly,MPE,%,0.35,ok,"*** CAVEAT: DEIO is a metric (E+I) method, but its released VECtor trajectories are metric-scale-broken; these headline MPE numbers rely on scale correction (Sim3). Independently corroborated: Stereo-DEVO T.II reports DEIO VECtor ATE up to 254.76 cm (desk_normal) and SuperEvent T.5 reports DEIO ATE 492.65 cm (corridors_dolly) under metric eval. Our own reproduction reaches these MPE under Sim3 too."
DEIO,DEIO,ICCV,2025,IV,DEIO,yes,E+I,metric,"full-trajectory, SCALE-CORRECTED (Sim3) -- see note",VECtor,units_scooter,units_scooter,MPE,%,0.35,ok,"*** CAVEAT: DEIO is a metric (E+I) method, but its released VECtor trajectories are metric-scale-broken; these headline MPE numbers rely on scale correction (Sim3). Independently corroborated: Stereo-DEVO T.II reports DEIO VECtor ATE up to 254.76 cm (desk_normal) and SuperEvent T.5 reports DEIO ATE 492.65 cm (corridors_dolly) under metric eval. Our own reproduction reaches these MPE under Sim3 too."
DEIO,DEIO,ICCV,2025,IV,DEIO,yes,E+I,metric,"full-trajectory, SCALE-CORRECTED (Sim3) -- see note",VECtor,average,average,MPE,%,0.44,ok,"*** CAVEAT: DEIO is a metric (E+I) method, but its released VECtor trajectories are metric-scale-broken; these headline MPE numbers rely on scale correction (Sim3). Independently corroborated: Stereo-DEVO T.II reports DEIO VECtor ATE up to 254.76 cm (desk_normal) and SuperEvent T.5 reports DEIO ATE 492.65 cm (corridors_dolly) under metric eval. Our own reproduction reaches these MPE under Sim3 too."
DEIO,DEIO,ICCV,2025,V,EVO,no,E,up-to-scale,full trajectory (metric; DEVO/EVO up-to-scale via Sim3),TUM-VIE,mocap-1d-trans,tumvie_1d_trans,ATE,cm,7.5,ok,"TUM-VIE mocap room, 1280x720 stereo events. DH-PTAM uses all 4 cameras. DEIO best on 4/5."
DEIO,DEIO,ICCV,2025,V,EVO,no,E,up-to-scale,full trajectory (metric; DEVO/EVO up-to-scale via Sim3),TUM-VIE,mocap-3d-trans,tumvie_3d_trans,ATE,cm,12.5,ok,"TUM-VIE mocap room, 1280x720 stereo events. DH-PTAM uses all 4 cameras. DEIO best on 4/5."
DEIO,DEIO,ICCV,2025,V,EVO,no,E,up-to-scale,full trajectory (metric; DEVO/EVO up-to-scale via Sim3),TUM-VIE,mocap-6dof,tumvie_6dof,ATE,cm,85.5,ok,"TUM-VIE mocap room, 1280x720 stereo events. DH-PTAM uses all 4 cameras. DEIO best on 4/5."
DEIO,DEIO,ICCV,2025,V,EVO,no,E,up-to-scale,full trajectory (metric; DEVO/EVO up-to-scale via Sim3),TUM-VIE,mocap-desk,tumvie_desk,ATE,cm,54.1,ok,"TUM-VIE mocap room, 1280x720 stereo events. DH-PTAM uses all 4 cameras. DEIO best on 4/5."
DEIO,DEIO,ICCV,2025,V,EVO,no,E,up-to-scale,full trajectory (metric; DEVO/EVO up-to-scale via Sim3),TUM-VIE,mocap-desk2,tumvie_desk2,ATE,cm,75.2,ok,"TUM-VIE mocap room, 1280x720 stereo events. DH-PTAM uses all 4 cameras. DEIO best on 4/5."
DEIO,DEIO,ICCV,2025,V,EVO,no,E,up-to-scale,full trajectory (metric; DEVO/EVO up-to-scale via Sim3),TUM-VIE,average,average,ATE,cm,47.0,ok,"TUM-VIE mocap room, 1280x720 stereo events. DH-PTAM uses all 4 cameras. DEIO best on 4/5."
DEIO,DEIO,ICCV,2025,V,ESVO,no,Stereo E,metric,full trajectory (metric; DEVO/EVO up-to-scale via Sim3),TUM-VIE,mocap-1d-trans,tumvie_1d_trans,ATE,cm,12.3,ok,"TUM-VIE mocap room, 1280x720 stereo events. DH-PTAM uses all 4 cameras. DEIO best on 4/5."
DEIO,DEIO,ICCV,2025,V,ESVO,no,Stereo E,metric,full trajectory (metric; DEVO/EVO up-to-scale via Sim3),TUM-VIE,mocap-3d-trans,tumvie_3d_trans,ATE,cm,17.2,ok,"TUM-VIE mocap room, 1280x720 stereo events. DH-PTAM uses all 4 cameras. DEIO best on 4/5."
DEIO,DEIO,ICCV,2025,V,ESVO,no,Stereo E,metric,full trajectory (metric; DEVO/EVO up-to-scale via Sim3),TUM-VIE,mocap-6dof,tumvie_6dof,ATE,cm,13.0,ok,"TUM-VIE mocap room, 1280x720 stereo events. DH-PTAM uses all 4 cameras. DEIO best on 4/5."
DEIO,DEIO,ICCV,2025,V,ESVO,no,Stereo E,metric,full trajectory (metric; DEVO/EVO up-to-scale via Sim3),TUM-VIE,mocap-desk,tumvie_desk,ATE,cm,12.4,ok,"TUM-VIE mocap room, 1280x720 stereo events. DH-PTAM uses all 4 cameras. DEIO best on 4/5."
DEIO,DEIO,ICCV,2025,V,ESVO,no,Stereo E,metric,full trajectory (metric; DEVO/EVO up-to-scale via Sim3),TUM-VIE,mocap-desk2,tumvie_desk2,ATE,cm,4.6,ok,"TUM-VIE mocap room, 1280x720 stereo events. DH-PTAM uses all 4 cameras. DEIO best on 4/5."
DEIO,DEIO,ICCV,2025,V,ESVO,no,Stereo E,metric,full trajectory (metric; DEVO/EVO up-to-scale via Sim3),TUM-VIE,average,average,ATE,cm,11.9,ok,"TUM-VIE mocap room, 1280x720 stereo events. DH-PTAM uses all 4 cameras. DEIO best on 4/5."
DEIO,DEIO,ICCV,2025,V,ESVIO AA,no,Stereo E+I,metric,full trajectory (metric; DEVO/EVO up-to-scale via Sim3),TUM-VIE,mocap-1d-trans,tumvie_1d_trans,ATE,cm,3.9,ok,"TUM-VIE mocap room, 1280x720 stereo events. DH-PTAM uses all 4 cameras. DEIO best on 4/5."
DEIO,DEIO,ICCV,2025,V,ESVIO AA,no,Stereo E+I,metric,full trajectory (metric; DEVO/EVO up-to-scale via Sim3),TUM-VIE,mocap-3d-trans,tumvie_3d_trans,ATE,cm,18.9,ok,"TUM-VIE mocap room, 1280x720 stereo events. DH-PTAM uses all 4 cameras. DEIO best on 4/5."
DEIO,DEIO,ICCV,2025,V,ESVIO AA,no,Stereo E+I,metric,full trajectory (metric; DEVO/EVO up-to-scale via Sim3),TUM-VIE,mocap-6dof,tumvie_6dof,ATE,cm,,failed,"TUM-VIE mocap room, 1280x720 stereo events. DH-PTAM uses all 4 cameras. DEIO best on 4/5."
DEIO,DEIO,ICCV,2025,V,ESVIO AA,no,Stereo E+I,metric,full trajectory (metric; DEVO/EVO up-to-scale via Sim3),TUM-VIE,mocap-desk,tumvie_desk,ATE,cm,9.0,ok,"TUM-VIE mocap room, 1280x720 stereo events. DH-PTAM uses all 4 cameras. DEIO best on 4/5."
DEIO,DEIO,ICCV,2025,V,ESVIO AA,no,Stereo E+I,metric,full trajectory (metric; DEVO/EVO up-to-scale via Sim3),TUM-VIE,mocap-desk2,tumvie_desk2,ATE,cm,9.5,ok,"TUM-VIE mocap room, 1280x720 stereo events. DH-PTAM uses all 4 cameras. DEIO best on 4/5."
DEIO,DEIO,ICCV,2025,V,ESVIO AA,no,Stereo E+I,metric,full trajectory (metric; DEVO/EVO up-to-scale via Sim3),TUM-VIE,average,average,ATE,cm,10.3,ok,"TUM-VIE mocap room, 1280x720 stereo events. DH-PTAM uses all 4 cameras. DEIO best on 4/5."
DEIO,DEIO,ICCV,2025,V,ESVO2,no,Stereo E+I,metric,full trajectory (metric; DEVO/EVO up-to-scale via Sim3),TUM-VIE,mocap-1d-trans,tumvie_1d_trans,ATE,cm,3.3,ok,"TUM-VIE mocap room, 1280x720 stereo events. DH-PTAM uses all 4 cameras. DEIO best on 4/5."
DEIO,DEIO,ICCV,2025,V,ESVO2,no,Stereo E+I,metric,full trajectory (metric; DEVO/EVO up-to-scale via Sim3),TUM-VIE,mocap-3d-trans,tumvie_3d_trans,ATE,cm,7.3,ok,"TUM-VIE mocap room, 1280x720 stereo events. DH-PTAM uses all 4 cameras. DEIO best on 4/5."
DEIO,DEIO,ICCV,2025,V,ESVO2,no,Stereo E+I,metric,full trajectory (metric; DEVO/EVO up-to-scale via Sim3),TUM-VIE,mocap-6dof,tumvie_6dof,ATE,cm,3.2,ok,"TUM-VIE mocap room, 1280x720 stereo events. DH-PTAM uses all 4 cameras. DEIO best on 4/5."
DEIO,DEIO,ICCV,2025,V,ESVO2,no,Stereo E+I,metric,full trajectory (metric; DEVO/EVO up-to-scale via Sim3),TUM-VIE,mocap-desk,tumvie_desk,ATE,cm,6.2,ok,"TUM-VIE mocap room, 1280x720 stereo events. DH-PTAM uses all 4 cameras. DEIO best on 4/5."
DEIO,DEIO,ICCV,2025,V,ESVO2,no,Stereo E+I,metric,full trajectory (metric; DEVO/EVO up-to-scale via Sim3),TUM-VIE,mocap-desk2,tumvie_desk2,ATE,cm,4.0,ok,"TUM-VIE mocap room, 1280x720 stereo events. DH-PTAM uses all 4 cameras. DEIO best on 4/5."
DEIO,DEIO,ICCV,2025,V,ESVO2,no,Stereo E+I,metric,full trajectory (metric; DEVO/EVO up-to-scale via Sim3),TUM-VIE,average,average,ATE,cm,4.8,ok,"TUM-VIE mocap room, 1280x720 stereo events. DH-PTAM uses all 4 cameras. DEIO best on 4/5."
DEIO,DEIO,ICCV,2025,V,ES-PTAM,no,Stereo E,metric,full trajectory (metric; DEVO/EVO up-to-scale via Sim3),TUM-VIE,mocap-1d-trans,tumvie_1d_trans,ATE,cm,1.05,ok,"TUM-VIE mocap room, 1280x720 stereo events. DH-PTAM uses all 4 cameras. DEIO best on 4/5."
DEIO,DEIO,ICCV,2025,V,ES-PTAM,no,Stereo E,metric,full trajectory (metric; DEVO/EVO up-to-scale via Sim3),TUM-VIE,mocap-3d-trans,tumvie_3d_trans,ATE,cm,8.53,ok,"TUM-VIE mocap room, 1280x720 stereo events. DH-PTAM uses all 4 cameras. DEIO best on 4/5."
DEIO,DEIO,ICCV,2025,V,ES-PTAM,no,Stereo E,metric,full trajectory (metric; DEVO/EVO up-to-scale via Sim3),TUM-VIE,mocap-6dof,tumvie_6dof,ATE,cm,10.25,ok,"TUM-VIE mocap room, 1280x720 stereo events. DH-PTAM uses all 4 cameras. DEIO best on 4/5."
DEIO,DEIO,ICCV,2025,V,ES-PTAM,no,Stereo E,metric,full trajectory (metric; DEVO/EVO up-to-scale via Sim3),TUM-VIE,mocap-desk,tumvie_desk,ATE,cm,2.5,ok,"TUM-VIE mocap room, 1280x720 stereo events. DH-PTAM uses all 4 cameras. DEIO best on 4/5."
DEIO,DEIO,ICCV,2025,V,ES-PTAM,no,Stereo E,metric,full trajectory (metric; DEVO/EVO up-to-scale via Sim3),TUM-VIE,mocap-desk2,tumvie_desk2,ATE,cm,7.2,ok,"TUM-VIE mocap room, 1280x720 stereo events. DH-PTAM uses all 4 cameras. DEIO best on 4/5."
DEIO,DEIO,ICCV,2025,V,ES-PTAM,no,Stereo E,metric,full trajectory (metric; DEVO/EVO up-to-scale via Sim3),TUM-VIE,average,average,ATE,cm,5.9,ok,"TUM-VIE mocap room, 1280x720 stereo events. DH-PTAM uses all 4 cameras. DEIO best on 4/5."
DEIO,DEIO,ICCV,2025,V,DH-PTAM,no,Stereo E+F,metric,full trajectory (metric; DEVO/EVO up-to-scale via Sim3),TUM-VIE,mocap-1d-trans,tumvie_1d_trans,ATE,cm,10.3,ok,"TUM-VIE mocap room, 1280x720 stereo events. DH-PTAM uses all 4 cameras. DEIO best on 4/5."
DEIO,DEIO,ICCV,2025,V,DH-PTAM,no,Stereo E+F,metric,full trajectory (metric; DEVO/EVO up-to-scale via Sim3),TUM-VIE,mocap-3d-trans,tumvie_3d_trans,ATE,cm,0.7,ok,"TUM-VIE mocap room, 1280x720 stereo events. DH-PTAM uses all 4 cameras. DEIO best on 4/5."
DEIO,DEIO,ICCV,2025,V,DH-PTAM,no,Stereo E+F,metric,full trajectory (metric; DEVO/EVO up-to-scale via Sim3),TUM-VIE,mocap-6dof,tumvie_6dof,ATE,cm,2.4,ok,"TUM-VIE mocap room, 1280x720 stereo events. DH-PTAM uses all 4 cameras. DEIO best on 4/5."
DEIO,DEIO,ICCV,2025,V,DH-PTAM,no,Stereo E+F,metric,full trajectory (metric; DEVO/EVO up-to-scale via Sim3),TUM-VIE,mocap-desk,tumvie_desk,ATE,cm,1.6,ok,"TUM-VIE mocap room, 1280x720 stereo events. DH-PTAM uses all 4 cameras. DEIO best on 4/5."
DEIO,DEIO,ICCV,2025,V,DH-PTAM,no,Stereo E+F,metric,full trajectory (metric; DEVO/EVO up-to-scale via Sim3),TUM-VIE,mocap-desk2,tumvie_desk2,ATE,cm,1.5,ok,"TUM-VIE mocap room, 1280x720 stereo events. DH-PTAM uses all 4 cameras. DEIO best on 4/5."
DEIO,DEIO,ICCV,2025,V,DH-PTAM,no,Stereo E+F,metric,full trajectory (metric; DEVO/EVO up-to-scale via Sim3),TUM-VIE,average,average,ATE,cm,3.9,ok,"TUM-VIE mocap room, 1280x720 stereo events. DH-PTAM uses all 4 cameras. DEIO best on 4/5."
DEIO,DEIO,ICCV,2025,V,Ultimate-SLAM,no,E+F+I,metric,full trajectory (metric; DEVO/EVO up-to-scale via Sim3),TUM-VIE,mocap-1d-trans,tumvie_1d_trans,ATE,cm,3.9,ok,"TUM-VIE mocap room, 1280x720 stereo events. DH-PTAM uses all 4 cameras. DEIO best on 4/5."
DEIO,DEIO,ICCV,2025,V,Ultimate-SLAM,no,E+F+I,metric,full trajectory (metric; DEVO/EVO up-to-scale via Sim3),TUM-VIE,mocap-3d-trans,tumvie_3d_trans,ATE,cm,4.7,ok,"TUM-VIE mocap room, 1280x720 stereo events. DH-PTAM uses all 4 cameras. DEIO best on 4/5."
DEIO,DEIO,ICCV,2025,V,Ultimate-SLAM,no,E+F+I,metric,full trajectory (metric; DEVO/EVO up-to-scale via Sim3),TUM-VIE,mocap-6dof,tumvie_6dof,ATE,cm,35.3,ok,"TUM-VIE mocap room, 1280x720 stereo events. DH-PTAM uses all 4 cameras. DEIO best on 4/5."
DEIO,DEIO,ICCV,2025,V,Ultimate-SLAM,no,E+F+I,metric,full trajectory (metric; DEVO/EVO up-to-scale via Sim3),TUM-VIE,mocap-desk,tumvie_desk,ATE,cm,19.5,ok,"TUM-VIE mocap room, 1280x720 stereo events. DH-PTAM uses all 4 cameras. DEIO best on 4/5."
DEIO,DEIO,ICCV,2025,V,Ultimate-SLAM,no,E+F+I,metric,full trajectory (metric; DEVO/EVO up-to-scale via Sim3),TUM-VIE,mocap-desk2,tumvie_desk2,ATE,cm,34.1,ok,"TUM-VIE mocap room, 1280x720 stereo events. DH-PTAM uses all 4 cameras. DEIO best on 4/5."
DEIO,DEIO,ICCV,2025,V,Ultimate-SLAM,no,E+F+I,metric,full trajectory (metric; DEVO/EVO up-to-scale via Sim3),TUM-VIE,average,average,ATE,cm,19.5,ok,"TUM-VIE mocap room, 1280x720 stereo events. DH-PTAM uses all 4 cameras. DEIO best on 4/5."
DEIO,DEIO,ICCV,2025,V,DEVO,no,E,up-to-scale,full trajectory (metric; DEVO/EVO up-to-scale via Sim3),TUM-VIE,mocap-1d-trans,tumvie_1d_trans,ATE,cm,0.5,ok,"TUM-VIE mocap room, 1280x720 stereo events. DH-PTAM uses all 4 cameras. DEIO best on 4/5."
DEIO,DEIO,ICCV,2025,V,DEVO,no,E,up-to-scale,full trajectory (metric; DEVO/EVO up-to-scale via Sim3),TUM-VIE,mocap-3d-trans,tumvie_3d_trans,ATE,cm,1.1,ok,"TUM-VIE mocap room, 1280x720 stereo events. DH-PTAM uses all 4 cameras. DEIO best on 4/5."
DEIO,DEIO,ICCV,2025,V,DEVO,no,E,up-to-scale,full trajectory (metric; DEVO/EVO up-to-scale via Sim3),TUM-VIE,mocap-6dof,tumvie_6dof,ATE,cm,1.6,ok,"TUM-VIE mocap room, 1280x720 stereo events. DH-PTAM uses all 4 cameras. DEIO best on 4/5."
DEIO,DEIO,ICCV,2025,V,DEVO,no,E,up-to-scale,full trajectory (metric; DEVO/EVO up-to-scale via Sim3),TUM-VIE,mocap-desk,tumvie_desk,ATE,cm,1.7,ok,"TUM-VIE mocap room, 1280x720 stereo events. DH-PTAM uses all 4 cameras. DEIO best on 4/5."
DEIO,DEIO,ICCV,2025,V,DEVO,no,E,up-to-scale,full trajectory (metric; DEVO/EVO up-to-scale via Sim3),TUM-VIE,mocap-desk2,tumvie_desk2,ATE,cm,1.0,ok,"TUM-VIE mocap room, 1280x720 stereo events. DH-PTAM uses all 4 cameras. DEIO best on 4/5."
DEIO,DEIO,ICCV,2025,V,DEVO,no,E,up-to-scale,full trajectory (metric; DEVO/EVO up-to-scale via Sim3),TUM-VIE,average,average,ATE,cm,1.2,ok,"TUM-VIE mocap room, 1280x720 stereo events. DH-PTAM uses all 4 cameras. DEIO best on 4/5."
DEIO,DEIO,ICCV,2025,V,DEIO,yes,E+I,metric,full trajectory (metric; DEVO/EVO up-to-scale via Sim3),TUM-VIE,mocap-1d-trans,tumvie_1d_trans,ATE,cm,0.4,ok,"TUM-VIE mocap room, 1280x720 stereo events. DH-PTAM uses all 4 cameras. DEIO best on 4/5."
DEIO,DEIO,ICCV,2025,V,DEIO,yes,E+I,metric,full trajectory (metric; DEVO/EVO up-to-scale via Sim3),TUM-VIE,mocap-3d-trans,tumvie_3d_trans,ATE,cm,1.1,ok,"TUM-VIE mocap room, 1280x720 stereo events. DH-PTAM uses all 4 cameras. DEIO best on 4/5."
DEIO,DEIO,ICCV,2025,V,DEIO,yes,E+I,metric,full trajectory (metric; DEVO/EVO up-to-scale via Sim3),TUM-VIE,mocap-6dof,tumvie_6dof,ATE,cm,1.4,ok,"TUM-VIE mocap room, 1280x720 stereo events. DH-PTAM uses all 4 cameras. DEIO best on 4/5."
DEIO,DEIO,ICCV,2025,V,DEIO,yes,E+I,metric,full trajectory (metric; DEVO/EVO up-to-scale via Sim3),TUM-VIE,mocap-desk,tumvie_desk,ATE,cm,1.4,ok,"TUM-VIE mocap room, 1280x720 stereo events. DH-PTAM uses all 4 cameras. DEIO best on 4/5."
DEIO,DEIO,ICCV,2025,V,DEIO,yes,E+I,metric,full trajectory (metric; DEVO/EVO up-to-scale via Sim3),TUM-VIE,mocap-desk2,tumvie_desk2,ATE,cm,0.7,ok,"TUM-VIE mocap room, 1280x720 stereo events. DH-PTAM uses all 4 cameras. DEIO best on 4/5."
DEIO,DEIO,ICCV,2025,V,DEIO,yes,E+I,metric,full trajectory (metric; DEVO/EVO up-to-scale via Sim3),TUM-VIE,average,average,ATE,cm,1.0,ok,"TUM-VIE mocap room, 1280x720 stereo events. DH-PTAM uses all 4 cameras. DEIO best on 4/5."
DEIO,DEIO,ICCV,2025,VI,ORB-SLAM3,no,Stereo F+I,metric,full trajectory,EDS,peanuts_dark,peanuts_dark,ATE,cm,6.15,ok,"EDS handheld Prophesee Gen3.1, 640x480. First event-inertial results on EDS. DEIO ~ RAMP-VO; DBA-Fusion (image-based) degrades badly under HDR."
DEIO,DEIO,ICCV,2025,VI,ORB-SLAM3,no,Stereo F+I,metric,full trajectory,EDS,peanuts_light,peanuts_light,ATE,cm,27.26,ok,"EDS handheld Prophesee Gen3.1, 640x480. First event-inertial results on EDS. DEIO ~ RAMP-VO; DBA-Fusion (image-based) degrades badly under HDR."
DEIO,DEIO,ICCV,2025,VI,ORB-SLAM3,no,Stereo F+I,metric,full trajectory,EDS,peanuts_run,peanuts_run,ATE,cm,16.83,ok,"EDS handheld Prophesee Gen3.1, 640x480. First event-inertial results on EDS. DEIO ~ RAMP-VO; DBA-Fusion (image-based) degrades badly under HDR."
DEIO,DEIO,ICCV,2025,VI,ORB-SLAM3,no,Stereo F+I,metric,full trajectory,EDS,rocket_dark,rocket_dark,ATE,cm,10.12,ok,"EDS handheld Prophesee Gen3.1, 640x480. First event-inertial results on EDS. DEIO ~ RAMP-VO; DBA-Fusion (image-based) degrades badly under HDR."
DEIO,DEIO,ICCV,2025,VI,ORB-SLAM3,no,Stereo F+I,metric,full trajectory,EDS,rocket_light,rocket_light,ATE,cm,32.53,ok,"EDS handheld Prophesee Gen3.1, 640x480. First event-inertial results on EDS. DEIO ~ RAMP-VO; DBA-Fusion (image-based) degrades badly under HDR."
DEIO,DEIO,ICCV,2025,VI,ORB-SLAM3,no,Stereo F+I,metric,full trajectory,EDS,ziggy,ziggy,ATE,cm,26.92,ok,"EDS handheld Prophesee Gen3.1, 640x480. First event-inertial results on EDS. DEIO ~ RAMP-VO; DBA-Fusion (image-based) degrades badly under HDR."
DEIO,DEIO,ICCV,2025,VI,ORB-SLAM3,no,Stereo F+I,metric,full trajectory,EDS,ziggy_hdr,ziggy_hdr,ATE,cm,81.98,ok,"EDS handheld Prophesee Gen3.1, 640x480. First event-inertial results on EDS. DEIO ~ RAMP-VO; DBA-Fusion (image-based) degrades badly under HDR."
DEIO,DEIO,ICCV,2025,VI,ORB-SLAM3,no,Stereo F+I,metric,full trajectory,EDS,ziggy_flying,ziggy_flying,ATE,cm,20.57,ok,"EDS handheld Prophesee Gen3.1, 640x480. First event-inertial results on EDS. DEIO ~ RAMP-VO; DBA-Fusion (image-based) degrades badly under HDR."
DEIO,DEIO,ICCV,2025,VI,ORB-SLAM3,no,Stereo F+I,metric,full trajectory,EDS,all_chars,all_chars,ATE,cm,21.37,ok,"EDS handheld Prophesee Gen3.1, 640x480. First event-inertial results on EDS. DEIO ~ RAMP-VO; DBA-Fusion (image-based) degrades badly under HDR."
DEIO,DEIO,ICCV,2025,VI,ORB-SLAM3,no,Stereo F+I,metric,full trajectory,EDS,average,average,ATE,cm,27.08,ok,"EDS handheld Prophesee Gen3.1, 640x480. First event-inertial results on EDS. DEIO ~ RAMP-VO; DBA-Fusion (image-based) degrades badly under HDR."
DEIO,DEIO,ICCV,2025,VI,DPVO,no,F,up-to-scale,full trajectory,EDS,peanuts_dark,peanuts_dark,ATE,cm,1.26,ok,"EDS handheld Prophesee Gen3.1, 640x480. First event-inertial results on EDS. DEIO ~ RAMP-VO; DBA-Fusion (image-based) degrades badly under HDR."
DEIO,DEIO,ICCV,2025,VI,DPVO,no,F,up-to-scale,full trajectory,EDS,peanuts_light,peanuts_light,ATE,cm,12.99,ok,"EDS handheld Prophesee Gen3.1, 640x480. First event-inertial results on EDS. DEIO ~ RAMP-VO; DBA-Fusion (image-based) degrades badly under HDR."
DEIO,DEIO,ICCV,2025,VI,DPVO,no,F,up-to-scale,full trajectory,EDS,peanuts_run,peanuts_run,ATE,cm,25.48,ok,"EDS handheld Prophesee Gen3.1, 640x480. First event-inertial results on EDS. DEIO ~ RAMP-VO; DBA-Fusion (image-based) degrades badly under HDR."
DEIO,DEIO,ICCV,2025,VI,DPVO,no,F,up-to-scale,full trajectory,EDS,rocket_dark,rocket_dark,ATE,cm,27.41,ok,"EDS handheld Prophesee Gen3.1, 640x480. First event-inertial results on EDS. DEIO ~ RAMP-VO; DBA-Fusion (image-based) degrades badly under HDR."
DEIO,DEIO,ICCV,2025,VI,DPVO,no,F,up-to-scale,full trajectory,EDS,rocket_light,rocket_light,ATE,cm,63.11,ok,"EDS handheld Prophesee Gen3.1, 640x480. First event-inertial results on EDS. DEIO ~ RAMP-VO; DBA-Fusion (image-based) degrades badly under HDR."
DEIO,DEIO,ICCV,2025,VI,DPVO,no,F,up-to-scale,full trajectory,EDS,ziggy,ziggy,ATE,cm,14.86,ok,"EDS handheld Prophesee Gen3.1, 640x480. First event-inertial results on EDS. DEIO ~ RAMP-VO; DBA-Fusion (image-based) degrades badly under HDR."
DEIO,DEIO,ICCV,2025,VI,DPVO,no,F,up-to-scale,full trajectory,EDS,ziggy_hdr,ziggy_hdr,ATE,cm,66.17,ok,"EDS handheld Prophesee Gen3.1, 640x480. First event-inertial results on EDS. DEIO ~ RAMP-VO; DBA-Fusion (image-based) degrades badly under HDR."
DEIO,DEIO,ICCV,2025,VI,DPVO,no,F,up-to-scale,full trajectory,EDS,ziggy_flying,ziggy_flying,ATE,cm,10.85,ok,"EDS handheld Prophesee Gen3.1, 640x480. First event-inertial results on EDS. DEIO ~ RAMP-VO; DBA-Fusion (image-based) degrades badly under HDR."
DEIO,DEIO,ICCV,2025,VI,DPVO,no,F,up-to-scale,full trajectory,EDS,all_chars,all_chars,ATE,cm,95.87,ok,"EDS handheld Prophesee Gen3.1, 640x480. First event-inertial results on EDS. DEIO ~ RAMP-VO; DBA-Fusion (image-based) degrades badly under HDR."
DEIO,DEIO,ICCV,2025,VI,DPVO,no,F,up-to-scale,full trajectory,EDS,average,average,ATE,cm,35.33,ok,"EDS handheld Prophesee Gen3.1, 640x480. First event-inertial results on EDS. DEIO ~ RAMP-VO; DBA-Fusion (image-based) degrades badly under HDR."
DEIO,DEIO,ICCV,2025,VI,DBA-Fusion,no,F+I,metric,full trajectory,EDS,peanuts_dark,peanuts_dark,ATE,cm,7.26,ok,"EDS handheld Prophesee Gen3.1, 640x480. First event-inertial results on EDS. DEIO ~ RAMP-VO; DBA-Fusion (image-based) degrades badly under HDR."
DEIO,DEIO,ICCV,2025,VI,DBA-Fusion,no,F+I,metric,full trajectory,EDS,peanuts_light,peanuts_light,ATE,cm,149.36,ok,"EDS handheld Prophesee Gen3.1, 640x480. First event-inertial results on EDS. DEIO ~ RAMP-VO; DBA-Fusion (image-based) degrades badly under HDR."
DEIO,DEIO,ICCV,2025,VI,DBA-Fusion,no,F+I,metric,full trajectory,EDS,peanuts_run,peanuts_run,ATE,cm,134.92,ok,"EDS handheld Prophesee Gen3.1, 640x480. First event-inertial results on EDS. DEIO ~ RAMP-VO; DBA-Fusion (image-based) degrades badly under HDR."
DEIO,DEIO,ICCV,2025,VI,DBA-Fusion,no,F+I,metric,full trajectory,EDS,rocket_dark,rocket_dark,ATE,cm,114.24,ok,"EDS handheld Prophesee Gen3.1, 640x480. First event-inertial results on EDS. DEIO ~ RAMP-VO; DBA-Fusion (image-based) degrades badly under HDR."
DEIO,DEIO,ICCV,2025,VI,DBA-Fusion,no,F+I,metric,full trajectory,EDS,rocket_light,rocket_light,ATE,cm,117.09,ok,"EDS handheld Prophesee Gen3.1, 640x480. First event-inertial results on EDS. DEIO ~ RAMP-VO; DBA-Fusion (image-based) degrades badly under HDR."
DEIO,DEIO,ICCV,2025,VI,DBA-Fusion,no,F+I,metric,full trajectory,EDS,ziggy,ziggy,ATE,cm,173.5,ok,"EDS handheld Prophesee Gen3.1, 640x480. First event-inertial results on EDS. DEIO ~ RAMP-VO; DBA-Fusion (image-based) degrades badly under HDR."
DEIO,DEIO,ICCV,2025,VI,DBA-Fusion,no,F+I,metric,full trajectory,EDS,ziggy_hdr,ziggy_hdr,ATE,cm,140.51,ok,"EDS handheld Prophesee Gen3.1, 640x480. First event-inertial results on EDS. DEIO ~ RAMP-VO; DBA-Fusion (image-based) degrades badly under HDR."
DEIO,DEIO,ICCV,2025,VI,DBA-Fusion,no,F+I,metric,full trajectory,EDS,ziggy_flying,ziggy_flying,ATE,cm,11.81,ok,"EDS handheld Prophesee Gen3.1, 640x480. First event-inertial results on EDS. DEIO ~ RAMP-VO; DBA-Fusion (image-based) degrades badly under HDR."
DEIO,DEIO,ICCV,2025,VI,DBA-Fusion,no,F+I,metric,full trajectory,EDS,all_chars,all_chars,ATE,cm,126.36,ok,"EDS handheld Prophesee Gen3.1, 640x480. First event-inertial results on EDS. DEIO ~ RAMP-VO; DBA-Fusion (image-based) degrades badly under HDR."
DEIO,DEIO,ICCV,2025,VI,DBA-Fusion,no,F+I,metric,full trajectory,EDS,average,average,ATE,cm,108.33,ok,"EDS handheld Prophesee Gen3.1, 640x480. First event-inertial results on EDS. DEIO ~ RAMP-VO; DBA-Fusion (image-based) degrades badly under HDR."
DEIO,DEIO,ICCV,2025,VI,DEVO,no,E,up-to-scale,full trajectory,EDS,peanuts_dark,peanuts_dark,ATE,cm,4.78,ok,"EDS handheld Prophesee Gen3.1, 640x480. First event-inertial results on EDS. DEIO ~ RAMP-VO; DBA-Fusion (image-based) degrades badly under HDR."
DEIO,DEIO,ICCV,2025,VI,DEVO,no,E,up-to-scale,full trajectory,EDS,peanuts_light,peanuts_light,ATE,cm,21.07,ok,"EDS handheld Prophesee Gen3.1, 640x480. First event-inertial results on EDS. DEIO ~ RAMP-VO; DBA-Fusion (image-based) degrades badly under HDR."
DEIO,DEIO,ICCV,2025,VI,DEVO,no,E,up-to-scale,full trajectory,EDS,peanuts_run,peanuts_run,ATE,cm,38.1,ok,"EDS handheld Prophesee Gen3.1, 640x480. First event-inertial results on EDS. DEIO ~ RAMP-VO; DBA-Fusion (image-based) degrades badly under HDR."
DEIO,DEIO,ICCV,2025,VI,DEVO,no,E,up-to-scale,full trajectory,EDS,rocket_dark,rocket_dark,ATE,cm,8.78,ok,"EDS handheld Prophesee Gen3.1, 640x480. First event-inertial results on EDS. DEIO ~ RAMP-VO; DBA-Fusion (image-based) degrades badly under HDR."
DEIO,DEIO,ICCV,2025,VI,DEVO,no,E,up-to-scale,full trajectory,EDS,rocket_light,rocket_light,ATE,cm,59.83,ok,"EDS handheld Prophesee Gen3.1, 640x480. First event-inertial results on EDS. DEIO ~ RAMP-VO; DBA-Fusion (image-based) degrades badly under HDR."
DEIO,DEIO,ICCV,2025,VI,DEVO,no,E,up-to-scale,full trajectory,EDS,ziggy,ziggy,ATE,cm,11.84,ok,"EDS handheld Prophesee Gen3.1, 640x480. First event-inertial results on EDS. DEIO ~ RAMP-VO; DBA-Fusion (image-based) degrades badly under HDR."
DEIO,DEIO,ICCV,2025,VI,DEVO,no,E,up-to-scale,full trajectory,EDS,ziggy_hdr,ziggy_hdr,ATE,cm,22.82,ok,"EDS handheld Prophesee Gen3.1, 640x480. First event-inertial results on EDS. DEIO ~ RAMP-VO; DBA-Fusion (image-based) degrades badly under HDR."
DEIO,DEIO,ICCV,2025,VI,DEVO,no,E,up-to-scale,full trajectory,EDS,ziggy_flying,ziggy_flying,ATE,cm,10.92,ok,"EDS handheld Prophesee Gen3.1, 640x480. First event-inertial results on EDS. DEIO ~ RAMP-VO; DBA-Fusion (image-based) degrades badly under HDR."
DEIO,DEIO,ICCV,2025,VI,DEVO,no,E,up-to-scale,full trajectory,EDS,all_chars,all_chars,ATE,cm,10.76,ok,"EDS handheld Prophesee Gen3.1, 640x480. First event-inertial results on EDS. DEIO ~ RAMP-VO; DBA-Fusion (image-based) degrades badly under HDR."
DEIO,DEIO,ICCV,2025,VI,DEVO,no,E,up-to-scale,full trajectory,EDS,average,average,ATE,cm,21.0,ok,"EDS handheld Prophesee Gen3.1, 640x480. First event-inertial results on EDS. DEIO ~ RAMP-VO; DBA-Fusion (image-based) degrades badly under HDR."
DEIO,DEIO,ICCV,2025,VI,RAMP-VO,no,E+F,up-to-scale,full trajectory,EDS,peanuts_dark,peanuts_dark,ATE,cm,1.2,ok,"EDS handheld Prophesee Gen3.1, 640x480. First event-inertial results on EDS. DEIO ~ RAMP-VO; DBA-Fusion (image-based) degrades badly under HDR."
DEIO,DEIO,ICCV,2025,VI,RAMP-VO,no,E+F,up-to-scale,full trajectory,EDS,peanuts_light,peanuts_light,ATE,cm,9.03,ok,"EDS handheld Prophesee Gen3.1, 640x480. First event-inertial results on EDS. DEIO ~ RAMP-VO; DBA-Fusion (image-based) degrades badly under HDR."
DEIO,DEIO,ICCV,2025,VI,RAMP-VO,no,E+F,up-to-scale,full trajectory,EDS,peanuts_run,peanuts_run,ATE,cm,13.19,ok,"EDS handheld Prophesee Gen3.1, 640x480. First event-inertial results on EDS. DEIO ~ RAMP-VO; DBA-Fusion (image-based) degrades badly under HDR."
DEIO,DEIO,ICCV,2025,VI,RAMP-VO,no,E+F,up-to-scale,full trajectory,EDS,rocket_dark,rocket_dark,ATE,cm,7.2,ok,"EDS handheld Prophesee Gen3.1, 640x480. First event-inertial results on EDS. DEIO ~ RAMP-VO; DBA-Fusion (image-based) degrades badly under HDR."
DEIO,DEIO,ICCV,2025,VI,RAMP-VO,no,E+F,up-to-scale,full trajectory,EDS,rocket_light,rocket_light,ATE,cm,17.53,ok,"EDS handheld Prophesee Gen3.1, 640x480. First event-inertial results on EDS. DEIO ~ RAMP-VO; DBA-Fusion (image-based) degrades badly under HDR."
DEIO,DEIO,ICCV,2025,VI,RAMP-VO,no,E+F,up-to-scale,full trajectory,EDS,ziggy,ziggy,ATE,cm,19.05,ok,"EDS handheld Prophesee Gen3.1, 640x480. First event-inertial results on EDS. DEIO ~ RAMP-VO; DBA-Fusion (image-based) degrades badly under HDR."
DEIO,DEIO,ICCV,2025,VI,RAMP-VO,no,E+F,up-to-scale,full trajectory,EDS,ziggy_hdr,ziggy_hdr,ATE,cm,28.78,ok,"EDS handheld Prophesee Gen3.1, 640x480. First event-inertial results on EDS. DEIO ~ RAMP-VO; DBA-Fusion (image-based) degrades badly under HDR."
DEIO,DEIO,ICCV,2025,VI,RAMP-VO,no,E+F,up-to-scale,full trajectory,EDS,ziggy_flying,ziggy_flying,ATE,cm,6.35,ok,"EDS handheld Prophesee Gen3.1, 640x480. First event-inertial results on EDS. DEIO ~ RAMP-VO; DBA-Fusion (image-based) degrades badly under HDR."
DEIO,DEIO,ICCV,2025,VI,RAMP-VO,no,E+F,up-to-scale,full trajectory,EDS,all_chars,all_chars,ATE,cm,28.61,ok,"EDS handheld Prophesee Gen3.1, 640x480. First event-inertial results on EDS. DEIO ~ RAMP-VO; DBA-Fusion (image-based) degrades badly under HDR."
DEIO,DEIO,ICCV,2025,VI,RAMP-VO,no,E+F,up-to-scale,full trajectory,EDS,average,average,ATE,cm,14.55,ok,"EDS handheld Prophesee Gen3.1, 640x480. First event-inertial results on EDS. DEIO ~ RAMP-VO; DBA-Fusion (image-based) degrades badly under HDR."
DEIO,DEIO,ICCV,2025,VI,DEIO,yes,E+I,metric,full trajectory,EDS,peanuts_dark,peanuts_dark,ATE,cm,1.77,ok,"EDS handheld Prophesee Gen3.1, 640x480. First event-inertial results on EDS. DEIO ~ RAMP-VO; DBA-Fusion (image-based) degrades badly under HDR."
DEIO,DEIO,ICCV,2025,VI,DEIO,yes,E+I,metric,full trajectory,EDS,peanuts_light,peanuts_light,ATE,cm,16.27,ok,"EDS handheld Prophesee Gen3.1, 640x480. First event-inertial results on EDS. DEIO ~ RAMP-VO; DBA-Fusion (image-based) degrades badly under HDR."
DEIO,DEIO,ICCV,2025,VI,DEIO,yes,E+I,metric,full trajectory,EDS,peanuts_run,peanuts_run,ATE,cm,19.96,ok,"EDS handheld Prophesee Gen3.1, 640x480. First event-inertial results on EDS. DEIO ~ RAMP-VO; DBA-Fusion (image-based) degrades badly under HDR."
DEIO,DEIO,ICCV,2025,VI,DEIO,yes,E+I,metric,full trajectory,EDS,rocket_dark,rocket_dark,ATE,cm,8.91,ok,"EDS handheld Prophesee Gen3.1, 640x480. First event-inertial results on EDS. DEIO ~ RAMP-VO; DBA-Fusion (image-based) degrades badly under HDR."
DEIO,DEIO,ICCV,2025,VI,DEIO,yes,E+I,metric,full trajectory,EDS,rocket_light,rocket_light,ATE,cm,15.41,ok,"EDS handheld Prophesee Gen3.1, 640x480. First event-inertial results on EDS. DEIO ~ RAMP-VO; DBA-Fusion (image-based) degrades badly under HDR."
DEIO,DEIO,ICCV,2025,VI,DEIO,yes,E+I,metric,full trajectory,EDS,ziggy,ziggy,ATE,cm,10.39,ok,"EDS handheld Prophesee Gen3.1, 640x480. First event-inertial results on EDS. DEIO ~ RAMP-VO; DBA-Fusion (image-based) degrades badly under HDR."
DEIO,DEIO,ICCV,2025,VI,DEIO,yes,E+I,metric,full trajectory,EDS,ziggy_hdr,ziggy_hdr,ATE,cm,23.82,ok,"EDS handheld Prophesee Gen3.1, 640x480. First event-inertial results on EDS. DEIO ~ RAMP-VO; DBA-Fusion (image-based) degrades badly under HDR."
DEIO,DEIO,ICCV,2025,VI,DEIO,yes,E+I,metric,full trajectory,EDS,ziggy_flying,ziggy_flying,ATE,cm,3.84,ok,"EDS handheld Prophesee Gen3.1, 640x480. First event-inertial results on EDS. DEIO ~ RAMP-VO; DBA-Fusion (image-based) degrades badly under HDR."
DEIO,DEIO,ICCV,2025,VI,DEIO,yes,E+I,metric,full trajectory,EDS,all_chars,all_chars,ATE,cm,31.55,ok,"EDS handheld Prophesee Gen3.1, 640x480. First event-inertial results on EDS. DEIO ~ RAMP-VO; DBA-Fusion (image-based) degrades badly under HDR."
DEIO,DEIO,ICCV,2025,VI,DEIO,yes,E+I,metric,full trajectory,EDS,average,average,ATE,cm,14.66,ok,"EDS handheld Prophesee Gen3.1, 640x480. First event-inertial results on EDS. DEIO ~ RAMP-VO; DBA-Fusion (image-based) degrades badly under HDR."
DEIO,DEIO,ICCV,2025,VII,ORB-SLAM3,no,Stereo F+I,metric,full trajectory,MVSEC,Flying 1,indoor_flying1,MPE,%,5.31,ok,"MVSEC indoor_flying, stereo DAVIS346. DEIO best avg across all 4 sequences."
DEIO,DEIO,ICCV,2025,VII,ORB-SLAM3,no,Stereo F+I,metric,full trajectory,MVSEC,Flying 2,indoor_flying2,MPE,%,5.65,ok,"MVSEC indoor_flying, stereo DAVIS346. DEIO best avg across all 4 sequences."
DEIO,DEIO,ICCV,2025,VII,ORB-SLAM3,no,Stereo F+I,metric,full trajectory,MVSEC,Flying 3,indoor_flying3,MPE,%,2.9,ok,"MVSEC indoor_flying, stereo DAVIS346. DEIO best avg across all 4 sequences."
DEIO,DEIO,ICCV,2025,VII,ORB-SLAM3,no,Stereo F+I,metric,full trajectory,MVSEC,Flying 4,indoor_flying4,MPE,%,6.99,ok,"MVSEC indoor_flying, stereo DAVIS346. DEIO best avg across all 4 sequences."
DEIO,DEIO,ICCV,2025,VII,ORB-SLAM3,no,Stereo F+I,metric,full trajectory,MVSEC,average,average,MPE,%,5.21,ok,"MVSEC indoor_flying, stereo DAVIS346. DEIO best avg across all 4 sequences."
DEIO,DEIO,ICCV,2025,VII,VINS-Fusion,no,Stereo F+I,metric,full trajectory,MVSEC,Flying 1,indoor_flying1,MPE,%,1.5,ok,"MVSEC indoor_flying, stereo DAVIS346. DEIO best avg across all 4 sequences."
DEIO,DEIO,ICCV,2025,VII,VINS-Fusion,no,Stereo F+I,metric,full trajectory,MVSEC,Flying 2,indoor_flying2,MPE,%,6.98,ok,"MVSEC indoor_flying, stereo DAVIS346. DEIO best avg across all 4 sequences."
DEIO,DEIO,ICCV,2025,VII,VINS-Fusion,no,Stereo F+I,metric,full trajectory,MVSEC,Flying 3,indoor_flying3,MPE,%,0.73,ok,"MVSEC indoor_flying, stereo DAVIS346. DEIO best avg across all 4 sequences."
DEIO,DEIO,ICCV,2025,VII,VINS-Fusion,no,Stereo F+I,metric,full trajectory,MVSEC,Flying 4,indoor_flying4,MPE,%,3.62,ok,"MVSEC indoor_flying, stereo DAVIS346. DEIO best avg across all 4 sequences."
DEIO,DEIO,ICCV,2025,VII,VINS-Fusion,no,Stereo F+I,metric,full trajectory,MVSEC,average,average,MPE,%,3.21,ok,"MVSEC indoor_flying, stereo DAVIS346. DEIO best avg across all 4 sequences."
DEIO,DEIO,ICCV,2025,VII,EVO,no,E,up-to-scale,full trajectory,MVSEC,Flying 1,indoor_flying1,MPE,%,5.09,ok,"MVSEC indoor_flying, stereo DAVIS346. DEIO best avg across all 4 sequences."
DEIO,DEIO,ICCV,2025,VII,EVO,no,E,up-to-scale,full trajectory,MVSEC,Flying 2,indoor_flying2,MPE,%,,failed,"MVSEC indoor_flying, stereo DAVIS346. DEIO best avg across all 4 sequences."
DEIO,DEIO,ICCV,2025,VII,EVO,no,E,up-to-scale,full trajectory,MVSEC,Flying 3,indoor_flying3,MPE,%,2.58,ok,"MVSEC indoor_flying, stereo DAVIS346. DEIO best avg across all 4 sequences."
DEIO,DEIO,ICCV,2025,VII,EVO,no,E,up-to-scale,full trajectory,MVSEC,Flying 4,indoor_flying4,MPE,%,,failed,"MVSEC indoor_flying, stereo DAVIS346. DEIO best avg across all 4 sequences."
DEIO,DEIO,ICCV,2025,VII,EVO,no,E,up-to-scale,full trajectory,MVSEC,average,average,MPE,%,3.84,ok,"MVSEC indoor_flying, stereo DAVIS346. DEIO best avg across all 4 sequences."
DEIO,DEIO,ICCV,2025,VII,ESVO,no,Stereo E,metric,full trajectory,MVSEC,Flying 1,indoor_flying1,MPE,%,4.0,ok,"MVSEC indoor_flying, stereo DAVIS346. DEIO best avg across all 4 sequences."
DEIO,DEIO,ICCV,2025,VII,ESVO,no,Stereo E,metric,full trajectory,MVSEC,Flying 2,indoor_flying2,MPE,%,3.66,ok,"MVSEC indoor_flying, stereo DAVIS346. DEIO best avg across all 4 sequences."
DEIO,DEIO,ICCV,2025,VII,ESVO,no,Stereo E,metric,full trajectory,MVSEC,Flying 3,indoor_flying3,MPE,%,1.71,ok,"MVSEC indoor_flying, stereo DAVIS346. DEIO best avg across all 4 sequences."
DEIO,DEIO,ICCV,2025,VII,ESVO,no,Stereo E,metric,full trajectory,MVSEC,Flying 4,indoor_flying4,MPE,%,,failed,"MVSEC indoor_flying, stereo DAVIS346. DEIO best avg across all 4 sequences."
DEIO,DEIO,ICCV,2025,VII,ESVO,no,Stereo E,metric,full trajectory,MVSEC,average,average,MPE,%,3.12,ok,"MVSEC indoor_flying, stereo DAVIS346. DEIO best avg across all 4 sequences."
DEIO,DEIO,ICCV,2025,VII,Ultimate-SLAM,no,E+F+I,metric,full trajectory,MVSEC,Flying 1,indoor_flying1,MPE,%,,failed,"MVSEC indoor_flying, stereo DAVIS346. DEIO best avg across all 4 sequences."
DEIO,DEIO,ICCV,2025,VII,Ultimate-SLAM,no,E+F+I,metric,full trajectory,MVSEC,Flying 2,indoor_flying2,MPE,%,,failed,"MVSEC indoor_flying, stereo DAVIS346. DEIO best avg across all 4 sequences."
DEIO,DEIO,ICCV,2025,VII,Ultimate-SLAM,no,E+F+I,metric,full trajectory,MVSEC,Flying 3,indoor_flying3,MPE,%,,failed,"MVSEC indoor_flying, stereo DAVIS346. DEIO best avg across all 4 sequences."
DEIO,DEIO,ICCV,2025,VII,Ultimate-SLAM,no,E+F+I,metric,full trajectory,MVSEC,Flying 4,indoor_flying4,MPE,%,2.77,ok,"MVSEC indoor_flying, stereo DAVIS346. DEIO best avg across all 4 sequences."
DEIO,DEIO,ICCV,2025,VII,Ultimate-SLAM,no,E+F+I,metric,full trajectory,MVSEC,average,average,MPE,%,2.77,ok,"MVSEC indoor_flying, stereo DAVIS346. DEIO best avg across all 4 sequences."
DEIO,DEIO,ICCV,2025,VII,PL-EVIO,no,E+F+I,metric,full trajectory,MVSEC,Flying 1,indoor_flying1,MPE,%,1.35,ok,"MVSEC indoor_flying, stereo DAVIS346. DEIO best avg across all 4 sequences."
DEIO,DEIO,ICCV,2025,VII,PL-EVIO,no,E+F+I,metric,full trajectory,MVSEC,Flying 2,indoor_flying2,MPE,%,1.0,ok,"MVSEC indoor_flying, stereo DAVIS346. DEIO best avg across all 4 sequences."
DEIO,DEIO,ICCV,2025,VII,PL-EVIO,no,E+F+I,metric,full trajectory,MVSEC,Flying 3,indoor_flying3,MPE,%,0.64,ok,"MVSEC indoor_flying, stereo DAVIS346. DEIO best avg across all 4 sequences."
DEIO,DEIO,ICCV,2025,VII,PL-EVIO,no,E+F+I,metric,full trajectory,MVSEC,Flying 4,indoor_flying4,MPE,%,5.31,ok,"MVSEC indoor_flying, stereo DAVIS346. DEIO best avg across all 4 sequences."
DEIO,DEIO,ICCV,2025,VII,PL-EVIO,no,E+F+I,metric,full trajectory,MVSEC,average,average,MPE,%,2.08,ok,"MVSEC indoor_flying, stereo DAVIS346. DEIO best avg across all 4 sequences."
DEIO,DEIO,ICCV,2025,VII,ESVIO,no,Stereo E+F+I,metric,full trajectory,MVSEC,Flying 1,indoor_flying1,MPE,%,0.94,ok,"MVSEC indoor_flying, stereo DAVIS346. DEIO best avg across all 4 sequences."
DEIO,DEIO,ICCV,2025,VII,ESVIO,no,Stereo E+F+I,metric,full trajectory,MVSEC,Flying 2,indoor_flying2,MPE,%,1.0,ok,"MVSEC indoor_flying, stereo DAVIS346. DEIO best avg across all 4 sequences."
DEIO,DEIO,ICCV,2025,VII,ESVIO,no,Stereo E+F+I,metric,full trajectory,MVSEC,Flying 3,indoor_flying3,MPE,%,0.47,ok,"MVSEC indoor_flying, stereo DAVIS346. DEIO best avg across all 4 sequences."
DEIO,DEIO,ICCV,2025,VII,ESVIO,no,Stereo E+F+I,metric,full trajectory,MVSEC,Flying 4,indoor_flying4,MPE,%,5.55,ok,"MVSEC indoor_flying, stereo DAVIS346. DEIO best avg across all 4 sequences."
DEIO,DEIO,ICCV,2025,VII,ESVIO,no,Stereo E+F+I,metric,full trajectory,MVSEC,average,average,MPE,%,1.99,ok,"MVSEC indoor_flying, stereo DAVIS346. DEIO best avg across all 4 sequences."
DEIO,DEIO,ICCV,2025,VII,DBA-Fusion,no,F+I,metric,full trajectory,MVSEC,Flying 1,indoor_flying1,MPE,%,2.2,ok,"MVSEC indoor_flying, stereo DAVIS346. DEIO best avg across all 4 sequences."
DEIO,DEIO,ICCV,2025,VII,DBA-Fusion,no,F+I,metric,full trajectory,MVSEC,Flying 2,indoor_flying2,MPE,%,,failed,"MVSEC indoor_flying, stereo DAVIS346. DEIO best avg across all 4 sequences."
DEIO,DEIO,ICCV,2025,VII,DBA-Fusion,no,F+I,metric,full trajectory,MVSEC,Flying 3,indoor_flying3,MPE,%,,failed,"MVSEC indoor_flying, stereo DAVIS346. DEIO best avg across all 4 sequences."
DEIO,DEIO,ICCV,2025,VII,DBA-Fusion,no,F+I,metric,full trajectory,MVSEC,Flying 4,indoor_flying4,MPE,%,,failed,"MVSEC indoor_flying, stereo DAVIS346. DEIO best avg across all 4 sequences."
DEIO,DEIO,ICCV,2025,VII,DBA-Fusion,no,F+I,metric,full trajectory,MVSEC,average,average,MPE,%,2.2,ok,"MVSEC indoor_flying, stereo DAVIS346. DEIO best avg across all 4 sequences."
DEIO,DEIO,ICCV,2025,VII,DEVO,no,E,up-to-scale,full trajectory,MVSEC,Flying 1,indoor_flying1,MPE,%,0.26,ok,"MVSEC indoor_flying, stereo DAVIS346. DEIO best avg across all 4 sequences."
DEIO,DEIO,ICCV,2025,VII,DEVO,no,E,up-to-scale,full trajectory,MVSEC,Flying 2,indoor_flying2,MPE,%,0.32,ok,"MVSEC indoor_flying, stereo DAVIS346. DEIO best avg across all 4 sequences."
DEIO,DEIO,ICCV,2025,VII,DEVO,no,E,up-to-scale,full trajectory,MVSEC,Flying 3,indoor_flying3,MPE,%,0.19,ok,"MVSEC indoor_flying, stereo DAVIS346. DEIO best avg across all 4 sequences."
DEIO,DEIO,ICCV,2025,VII,DEVO,no,E,up-to-scale,full trajectory,MVSEC,Flying 4,indoor_flying4,MPE,%,1.08,ok,"MVSEC indoor_flying, stereo DAVIS346. DEIO best avg across all 4 sequences."
DEIO,DEIO,ICCV,2025,VII,DEVO,no,E,up-to-scale,full trajectory,MVSEC,average,average,MPE,%,0.46,ok,"MVSEC indoor_flying, stereo DAVIS346. DEIO best avg across all 4 sequences."
DEIO,DEIO,ICCV,2025,VII,DEIO,yes,E+I,metric,full trajectory,MVSEC,Flying 1,indoor_flying1,MPE,%,0.24,ok,"MVSEC indoor_flying, stereo DAVIS346. DEIO best avg across all 4 sequences."
DEIO,DEIO,ICCV,2025,VII,DEIO,yes,E+I,metric,full trajectory,MVSEC,Flying 2,indoor_flying2,MPE,%,0.21,ok,"MVSEC indoor_flying, stereo DAVIS346. DEIO best avg across all 4 sequences."
DEIO,DEIO,ICCV,2025,VII,DEIO,yes,E+I,metric,full trajectory,MVSEC,Flying 3,indoor_flying3,MPE,%,0.12,ok,"MVSEC indoor_flying, stereo DAVIS346. DEIO best avg across all 4 sequences."
DEIO,DEIO,ICCV,2025,VII,DEIO,yes,E+I,metric,full trajectory,MVSEC,Flying 4,indoor_flying4,MPE,%,0.78,ok,"MVSEC indoor_flying, stereo DAVIS346. DEIO best avg across all 4 sequences."
DEIO,DEIO,ICCV,2025,VII,DEIO,yes,E+I,metric,full trajectory,MVSEC,average,average,MPE,%,0.34,ok,"MVSEC indoor_flying, stereo DAVIS346. DEIO best avg across all 4 sequences."
DEIO,DEIO,ICCV,2025,VIII,VINS-Fusion,no,Stereo F+I,metric,full trajectory,UZH-FPV,indoor_forward_3,uzhfpv_if3,MPE,%,0.84,ok,"UZH-FPV drone racing, mono DAVIS346. DPVO/DBA-Fusion/EVO/USLAM fail on all seqs (motion blur)."
DEIO,DEIO,ICCV,2025,VIII,VINS-Fusion,no,Stereo F+I,metric,full trajectory,UZH-FPV,indoor_forward_5,uzhfpv_if5,MPE,%,,failed,"UZH-FPV drone racing, mono DAVIS346. DPVO/DBA-Fusion/EVO/USLAM fail on all seqs (motion blur)."
DEIO,DEIO,ICCV,2025,VIII,VINS-Fusion,no,Stereo F+I,metric,full trajectory,UZH-FPV,indoor_forward_6,uzhfpv_if6,MPE,%,1.45,ok,"UZH-FPV drone racing, mono DAVIS346. DPVO/DBA-Fusion/EVO/USLAM fail on all seqs (motion blur)."
DEIO,DEIO,ICCV,2025,VIII,VINS-Fusion,no,Stereo F+I,metric,full trajectory,UZH-FPV,indoor_forward_7,uzhfpv_if7,MPE,%,0.61,ok,"UZH-FPV drone racing, mono DAVIS346. DPVO/DBA-Fusion/EVO/USLAM fail on all seqs (motion blur)."
DEIO,DEIO,ICCV,2025,VIII,VINS-Fusion,no,Stereo F+I,metric,full trajectory,UZH-FPV,indoor_forward_9,uzhfpv_if9,MPE,%,2.87,ok,"UZH-FPV drone racing, mono DAVIS346. DPVO/DBA-Fusion/EVO/USLAM fail on all seqs (motion blur)."
DEIO,DEIO,ICCV,2025,VIII,VINS-Fusion,no,Stereo F+I,metric,full trajectory,UZH-FPV,indoor_forward_10,uzhfpv_if10,MPE,%,4.48,ok,"UZH-FPV drone racing, mono DAVIS346. DPVO/DBA-Fusion/EVO/USLAM fail on all seqs (motion blur)."
DEIO,DEIO,ICCV,2025,VIII,VINS-Fusion,no,Stereo F+I,metric,full trajectory,UZH-FPV,average,average,MPE,%,2.45,ok,"UZH-FPV drone racing, mono DAVIS346. DPVO/DBA-Fusion/EVO/USLAM fail on all seqs (motion blur)."
DEIO,DEIO,ICCV,2025,VIII,ORB-SLAM3,no,Stereo F+I,metric,full trajectory,UZH-FPV,indoor_forward_3,uzhfpv_if3,MPE,%,0.55,ok,"UZH-FPV drone racing, mono DAVIS346. DPVO/DBA-Fusion/EVO/USLAM fail on all seqs (motion blur)."
DEIO,DEIO,ICCV,2025,VIII,ORB-SLAM3,no,Stereo F+I,metric,full trajectory,UZH-FPV,indoor_forward_5,uzhfpv_if5,MPE,%,1.19,ok,"UZH-FPV drone racing, mono DAVIS346. DPVO/DBA-Fusion/EVO/USLAM fail on all seqs (motion blur)."
DEIO,DEIO,ICCV,2025,VIII,ORB-SLAM3,no,Stereo F+I,metric,full trajectory,UZH-FPV,indoor_forward_6,uzhfpv_if6,MPE,%,,failed,"UZH-FPV drone racing, mono DAVIS346. DPVO/DBA-Fusion/EVO/USLAM fail on all seqs (motion blur)."
DEIO,DEIO,ICCV,2025,VIII,ORB-SLAM3,no,Stereo F+I,metric,full trajectory,UZH-FPV,indoor_forward_7,uzhfpv_if7,MPE,%,0.36,ok,"UZH-FPV drone racing, mono DAVIS346. DPVO/DBA-Fusion/EVO/USLAM fail on all seqs (motion blur)."
DEIO,DEIO,ICCV,2025,VIII,ORB-SLAM3,no,Stereo F+I,metric,full trajectory,UZH-FPV,indoor_forward_9,uzhfpv_if9,MPE,%,0.77,ok,"UZH-FPV drone racing, mono DAVIS346. DPVO/DBA-Fusion/EVO/USLAM fail on all seqs (motion blur)."
DEIO,DEIO,ICCV,2025,VIII,ORB-SLAM3,no,Stereo F+I,metric,full trajectory,UZH-FPV,indoor_forward_10,uzhfpv_if10,MPE,%,1.02,ok,"UZH-FPV drone racing, mono DAVIS346. DPVO/DBA-Fusion/EVO/USLAM fail on all seqs (motion blur)."
DEIO,DEIO,ICCV,2025,VIII,ORB-SLAM3,no,Stereo F+I,metric,full trajectory,UZH-FPV,average,average,MPE,%,0.78,ok,"UZH-FPV drone racing, mono DAVIS346. DPVO/DBA-Fusion/EVO/USLAM fail on all seqs (motion blur)."
DEIO,DEIO,ICCV,2025,VIII,EVO,no,E,up-to-scale,full trajectory,UZH-FPV,indoor_forward_3,uzhfpv_if3,MPE,%,,failed,"UZH-FPV drone racing, mono DAVIS346. DPVO/DBA-Fusion/EVO/USLAM fail on all seqs (motion blur)."
DEIO,DEIO,ICCV,2025,VIII,EVO,no,E,up-to-scale,full trajectory,UZH-FPV,indoor_forward_5,uzhfpv_if5,MPE,%,,failed,"UZH-FPV drone racing, mono DAVIS346. DPVO/DBA-Fusion/EVO/USLAM fail on all seqs (motion blur)."
DEIO,DEIO,ICCV,2025,VIII,EVO,no,E,up-to-scale,full trajectory,UZH-FPV,indoor_forward_6,uzhfpv_if6,MPE,%,,failed,"UZH-FPV drone racing, mono DAVIS346. DPVO/DBA-Fusion/EVO/USLAM fail on all seqs (motion blur)."
DEIO,DEIO,ICCV,2025,VIII,EVO,no,E,up-to-scale,full trajectory,UZH-FPV,indoor_forward_7,uzhfpv_if7,MPE,%,,failed,"UZH-FPV drone racing, mono DAVIS346. DPVO/DBA-Fusion/EVO/USLAM fail on all seqs (motion blur)."
DEIO,DEIO,ICCV,2025,VIII,EVO,no,E,up-to-scale,full trajectory,UZH-FPV,indoor_forward_9,uzhfpv_if9,MPE,%,,failed,"UZH-FPV drone racing, mono DAVIS346. DPVO/DBA-Fusion/EVO/USLAM fail on all seqs (motion blur)."
DEIO,DEIO,ICCV,2025,VIII,EVO,no,E,up-to-scale,full trajectory,UZH-FPV,indoor_forward_10,uzhfpv_if10,MPE,%,,failed,"UZH-FPV drone racing, mono DAVIS346. DPVO/DBA-Fusion/EVO/USLAM fail on all seqs (motion blur)."
DEIO,DEIO,ICCV,2025,VIII,EVO,no,E,up-to-scale,full trajectory,UZH-FPV,average,average,MPE,%,,n/a,"UZH-FPV drone racing, mono DAVIS346. DPVO/DBA-Fusion/EVO/USLAM fail on all seqs (motion blur)."
DEIO,DEIO,ICCV,2025,VIII,DPVO,no,F,up-to-scale,full trajectory,UZH-FPV,indoor_forward_3,uzhfpv_if3,MPE,%,,failed,"UZH-FPV drone racing, mono DAVIS346. DPVO/DBA-Fusion/EVO/USLAM fail on all seqs (motion blur)."
DEIO,DEIO,ICCV,2025,VIII,DPVO,no,F,up-to-scale,full trajectory,UZH-FPV,indoor_forward_5,uzhfpv_if5,MPE,%,,failed,"UZH-FPV drone racing, mono DAVIS346. DPVO/DBA-Fusion/EVO/USLAM fail on all seqs (motion blur)."
DEIO,DEIO,ICCV,2025,VIII,DPVO,no,F,up-to-scale,full trajectory,UZH-FPV,indoor_forward_6,uzhfpv_if6,MPE,%,,failed,"UZH-FPV drone racing, mono DAVIS346. DPVO/DBA-Fusion/EVO/USLAM fail on all seqs (motion blur)."
DEIO,DEIO,ICCV,2025,VIII,DPVO,no,F,up-to-scale,full trajectory,UZH-FPV,indoor_forward_7,uzhfpv_if7,MPE,%,,failed,"UZH-FPV drone racing, mono DAVIS346. DPVO/DBA-Fusion/EVO/USLAM fail on all seqs (motion blur)."
DEIO,DEIO,ICCV,2025,VIII,DPVO,no,F,up-to-scale,full trajectory,UZH-FPV,indoor_forward_9,uzhfpv_if9,MPE,%,,failed,"UZH-FPV drone racing, mono DAVIS346. DPVO/DBA-Fusion/EVO/USLAM fail on all seqs (motion blur)."
DEIO,DEIO,ICCV,2025,VIII,DPVO,no,F,up-to-scale,full trajectory,UZH-FPV,indoor_forward_10,uzhfpv_if10,MPE,%,,failed,"UZH-FPV drone racing, mono DAVIS346. DPVO/DBA-Fusion/EVO/USLAM fail on all seqs (motion blur)."
DEIO,DEIO,ICCV,2025,VIII,DPVO,no,F,up-to-scale,full trajectory,UZH-FPV,average,average,MPE,%,,n/a,"UZH-FPV drone racing, mono DAVIS346. DPVO/DBA-Fusion/EVO/USLAM fail on all seqs (motion blur)."
DEIO,DEIO,ICCV,2025,VIII,VINS-MONO,no,F+I,metric,full trajectory,UZH-FPV,indoor_forward_3,uzhfpv_if3,MPE,%,0.65,ok,"UZH-FPV drone racing, mono DAVIS346. DPVO/DBA-Fusion/EVO/USLAM fail on all seqs (motion blur)."
DEIO,DEIO,ICCV,2025,VIII,VINS-MONO,no,F+I,metric,full trajectory,UZH-FPV,indoor_forward_5,uzhfpv_if5,MPE,%,1.07,ok,"UZH-FPV drone racing, mono DAVIS346. DPVO/DBA-Fusion/EVO/USLAM fail on all seqs (motion blur)."
DEIO,DEIO,ICCV,2025,VIII,VINS-MONO,no,F+I,metric,full trajectory,UZH-FPV,indoor_forward_6,uzhfpv_if6,MPE,%,0.25,ok,"UZH-FPV drone racing, mono DAVIS346. DPVO/DBA-Fusion/EVO/USLAM fail on all seqs (motion blur)."
DEIO,DEIO,ICCV,2025,VIII,VINS-MONO,no,F+I,metric,full trajectory,UZH-FPV,indoor_forward_7,uzhfpv_if7,MPE,%,0.37,ok,"UZH-FPV drone racing, mono DAVIS346. DPVO/DBA-Fusion/EVO/USLAM fail on all seqs (motion blur)."
DEIO,DEIO,ICCV,2025,VIII,VINS-MONO,no,F+I,metric,full trajectory,UZH-FPV,indoor_forward_9,uzhfpv_if9,MPE,%,0.51,ok,"UZH-FPV drone racing, mono DAVIS346. DPVO/DBA-Fusion/EVO/USLAM fail on all seqs (motion blur)."
DEIO,DEIO,ICCV,2025,VIII,VINS-MONO,no,F+I,metric,full trajectory,UZH-FPV,indoor_forward_10,uzhfpv_if10,MPE,%,0.92,ok,"UZH-FPV drone racing, mono DAVIS346. DPVO/DBA-Fusion/EVO/USLAM fail on all seqs (motion blur)."
DEIO,DEIO,ICCV,2025,VIII,VINS-MONO,no,F+I,metric,full trajectory,UZH-FPV,average,average,MPE,%,0.63,ok,"UZH-FPV drone racing, mono DAVIS346. DPVO/DBA-Fusion/EVO/USLAM fail on all seqs (motion blur)."
DEIO,DEIO,ICCV,2025,VIII,DBA-Fusion,no,F+I,metric,full trajectory,UZH-FPV,indoor_forward_3,uzhfpv_if3,MPE,%,,failed,"UZH-FPV drone racing, mono DAVIS346. DPVO/DBA-Fusion/EVO/USLAM fail on all seqs (motion blur)."
DEIO,DEIO,ICCV,2025,VIII,DBA-Fusion,no,F+I,metric,full trajectory,UZH-FPV,indoor_forward_5,uzhfpv_if5,MPE,%,,failed,"UZH-FPV drone racing, mono DAVIS346. DPVO/DBA-Fusion/EVO/USLAM fail on all seqs (motion blur)."
DEIO,DEIO,ICCV,2025,VIII,DBA-Fusion,no,F+I,metric,full trajectory,UZH-FPV,indoor_forward_6,uzhfpv_if6,MPE,%,,failed,"UZH-FPV drone racing, mono DAVIS346. DPVO/DBA-Fusion/EVO/USLAM fail on all seqs (motion blur)."
DEIO,DEIO,ICCV,2025,VIII,DBA-Fusion,no,F+I,metric,full trajectory,UZH-FPV,indoor_forward_7,uzhfpv_if7,MPE,%,,failed,"UZH-FPV drone racing, mono DAVIS346. DPVO/DBA-Fusion/EVO/USLAM fail on all seqs (motion blur)."
DEIO,DEIO,ICCV,2025,VIII,DBA-Fusion,no,F+I,metric,full trajectory,UZH-FPV,indoor_forward_9,uzhfpv_if9,MPE,%,,failed,"UZH-FPV drone racing, mono DAVIS346. DPVO/DBA-Fusion/EVO/USLAM fail on all seqs (motion blur)."
DEIO,DEIO,ICCV,2025,VIII,DBA-Fusion,no,F+I,metric,full trajectory,UZH-FPV,indoor_forward_10,uzhfpv_if10,MPE,%,,failed,"UZH-FPV drone racing, mono DAVIS346. DPVO/DBA-Fusion/EVO/USLAM fail on all seqs (motion blur)."
DEIO,DEIO,ICCV,2025,VIII,DBA-Fusion,no,F+I,metric,full trajectory,UZH-FPV,average,average,MPE,%,,n/a,"UZH-FPV drone racing, mono DAVIS346. DPVO/DBA-Fusion/EVO/USLAM fail on all seqs (motion blur)."
DEIO,DEIO,ICCV,2025,VIII,Ultimate-SLAM,no,E+F+I,metric,full trajectory,UZH-FPV,indoor_forward_3,uzhfpv_if3,MPE,%,,failed,"UZH-FPV drone racing, mono DAVIS346. DPVO/DBA-Fusion/EVO/USLAM fail on all seqs (motion blur)."
DEIO,DEIO,ICCV,2025,VIII,Ultimate-SLAM,no,E+F+I,metric,full trajectory,UZH-FPV,indoor_forward_5,uzhfpv_if5,MPE,%,,failed,"UZH-FPV drone racing, mono DAVIS346. DPVO/DBA-Fusion/EVO/USLAM fail on all seqs (motion blur)."
DEIO,DEIO,ICCV,2025,VIII,Ultimate-SLAM,no,E+F+I,metric,full trajectory,UZH-FPV,indoor_forward_6,uzhfpv_if6,MPE,%,,failed,"UZH-FPV drone racing, mono DAVIS346. DPVO/DBA-Fusion/EVO/USLAM fail on all seqs (motion blur)."
DEIO,DEIO,ICCV,2025,VIII,Ultimate-SLAM,no,E+F+I,metric,full trajectory,UZH-FPV,indoor_forward_7,uzhfpv_if7,MPE,%,,failed,"UZH-FPV drone racing, mono DAVIS346. DPVO/DBA-Fusion/EVO/USLAM fail on all seqs (motion blur)."
DEIO,DEIO,ICCV,2025,VIII,Ultimate-SLAM,no,E+F+I,metric,full trajectory,UZH-FPV,indoor_forward_9,uzhfpv_if9,MPE,%,,failed,"UZH-FPV drone racing, mono DAVIS346. DPVO/DBA-Fusion/EVO/USLAM fail on all seqs (motion blur)."
DEIO,DEIO,ICCV,2025,VIII,Ultimate-SLAM,no,E+F+I,metric,full trajectory,UZH-FPV,indoor_forward_10,uzhfpv_if10,MPE,%,,failed,"UZH-FPV drone racing, mono DAVIS346. DPVO/DBA-Fusion/EVO/USLAM fail on all seqs (motion blur)."
DEIO,DEIO,ICCV,2025,VIII,Ultimate-SLAM,no,E+F+I,metric,full trajectory,UZH-FPV,average,average,MPE,%,,n/a,"UZH-FPV drone racing, mono DAVIS346. DPVO/DBA-Fusion/EVO/USLAM fail on all seqs (motion blur)."
DEIO,DEIO,ICCV,2025,VIII,PL-EVIO,no,E+F+I,metric,full trajectory,UZH-FPV,indoor_forward_3,uzhfpv_if3,MPE,%,0.38,ok,"UZH-FPV drone racing, mono DAVIS346. DPVO/DBA-Fusion/EVO/USLAM fail on all seqs (motion blur)."
DEIO,DEIO,ICCV,2025,VIII,PL-EVIO,no,E+F+I,metric,full trajectory,UZH-FPV,indoor_forward_5,uzhfpv_if5,MPE,%,0.9,ok,"UZH-FPV drone racing, mono DAVIS346. DPVO/DBA-Fusion/EVO/USLAM fail on all seqs (motion blur)."
DEIO,DEIO,ICCV,2025,VIII,PL-EVIO,no,E+F+I,metric,full trajectory,UZH-FPV,indoor_forward_6,uzhfpv_if6,MPE,%,0.3,ok,"UZH-FPV drone racing, mono DAVIS346. DPVO/DBA-Fusion/EVO/USLAM fail on all seqs (motion blur)."
DEIO,DEIO,ICCV,2025,VIII,PL-EVIO,no,E+F+I,metric,full trajectory,UZH-FPV,indoor_forward_7,uzhfpv_if7,MPE,%,0.55,ok,"UZH-FPV drone racing, mono DAVIS346. DPVO/DBA-Fusion/EVO/USLAM fail on all seqs (motion blur)."
DEIO,DEIO,ICCV,2025,VIII,PL-EVIO,no,E+F+I,metric,full trajectory,UZH-FPV,indoor_forward_9,uzhfpv_if9,MPE,%,0.44,ok,"UZH-FPV drone racing, mono DAVIS346. DPVO/DBA-Fusion/EVO/USLAM fail on all seqs (motion blur)."
DEIO,DEIO,ICCV,2025,VIII,PL-EVIO,no,E+F+I,metric,full trajectory,UZH-FPV,indoor_forward_10,uzhfpv_if10,MPE,%,1.06,ok,"UZH-FPV drone racing, mono DAVIS346. DPVO/DBA-Fusion/EVO/USLAM fail on all seqs (motion blur)."
DEIO,DEIO,ICCV,2025,VIII,PL-EVIO,no,E+F+I,metric,full trajectory,UZH-FPV,average,average,MPE,%,0.6,ok,"UZH-FPV drone racing, mono DAVIS346. DPVO/DBA-Fusion/EVO/USLAM fail on all seqs (motion blur)."
DEIO,DEIO,ICCV,2025,VIII,DEVO,no,E,up-to-scale,full trajectory,UZH-FPV,indoor_forward_3,uzhfpv_if3,MPE,%,0.37,ok,"UZH-FPV drone racing, mono DAVIS346. DPVO/DBA-Fusion/EVO/USLAM fail on all seqs (motion blur)."
DEIO,DEIO,ICCV,2025,VIII,DEVO,no,E,up-to-scale,full trajectory,UZH-FPV,indoor_forward_5,uzhfpv_if5,MPE,%,0.4,ok,"UZH-FPV drone racing, mono DAVIS346. DPVO/DBA-Fusion/EVO/USLAM fail on all seqs (motion blur)."
DEIO,DEIO,ICCV,2025,VIII,DEVO,no,E,up-to-scale,full trajectory,UZH-FPV,indoor_forward_6,uzhfpv_if6,MPE,%,0.31,ok,"UZH-FPV drone racing, mono DAVIS346. DPVO/DBA-Fusion/EVO/USLAM fail on all seqs (motion blur)."
DEIO,DEIO,ICCV,2025,VIII,DEVO,no,E,up-to-scale,full trajectory,UZH-FPV,indoor_forward_7,uzhfpv_if7,MPE,%,0.5,ok,"UZH-FPV drone racing, mono DAVIS346. DPVO/DBA-Fusion/EVO/USLAM fail on all seqs (motion blur)."
DEIO,DEIO,ICCV,2025,VIII,DEVO,no,E,up-to-scale,full trajectory,UZH-FPV,indoor_forward_9,uzhfpv_if9,MPE,%,0.61,ok,"UZH-FPV drone racing, mono DAVIS346. DPVO/DBA-Fusion/EVO/USLAM fail on all seqs (motion blur)."
DEIO,DEIO,ICCV,2025,VIII,DEVO,no,E,up-to-scale,full trajectory,UZH-FPV,indoor_forward_10,uzhfpv_if10,MPE,%,0.52,ok,"UZH-FPV drone racing, mono DAVIS346. DPVO/DBA-Fusion/EVO/USLAM fail on all seqs (motion blur)."
DEIO,DEIO,ICCV,2025,VIII,DEVO,no,E,up-to-scale,full trajectory,UZH-FPV,average,average,MPE,%,0.45,ok,"UZH-FPV drone racing, mono DAVIS346. DPVO/DBA-Fusion/EVO/USLAM fail on all seqs (motion blur)."
DEIO,DEIO,ICCV,2025,VIII,DEIO,yes,E+I,metric,full trajectory,UZH-FPV,indoor_forward_3,uzhfpv_if3,MPE,%,0.39,ok,"UZH-FPV drone racing, mono DAVIS346. DPVO/DBA-Fusion/EVO/USLAM fail on all seqs (motion blur)."
DEIO,DEIO,ICCV,2025,VIII,DEIO,yes,E+I,metric,full trajectory,UZH-FPV,indoor_forward_5,uzhfpv_if5,MPE,%,0.36,ok,"UZH-FPV drone racing, mono DAVIS346. DPVO/DBA-Fusion/EVO/USLAM fail on all seqs (motion blur)."
DEIO,DEIO,ICCV,2025,VIII,DEIO,yes,E+I,metric,full trajectory,UZH-FPV,indoor_forward_6,uzhfpv_if6,MPE,%,0.33,ok,"UZH-FPV drone racing, mono DAVIS346. DPVO/DBA-Fusion/EVO/USLAM fail on all seqs (motion blur)."
DEIO,DEIO,ICCV,2025,VIII,DEIO,yes,E+I,metric,full trajectory,UZH-FPV,indoor_forward_7,uzhfpv_if7,MPE,%,0.32,ok,"UZH-FPV drone racing, mono DAVIS346. DPVO/DBA-Fusion/EVO/USLAM fail on all seqs (motion blur)."
DEIO,DEIO,ICCV,2025,VIII,DEIO,yes,E+I,metric,full trajectory,UZH-FPV,indoor_forward_9,uzhfpv_if9,MPE,%,0.59,ok,"UZH-FPV drone racing, mono DAVIS346. DPVO/DBA-Fusion/EVO/USLAM fail on all seqs (motion blur)."
DEIO,DEIO,ICCV,2025,VIII,DEIO,yes,E+I,metric,full trajectory,UZH-FPV,indoor_forward_10,uzhfpv_if10,MPE,%,0.55,ok,"UZH-FPV drone racing, mono DAVIS346. DPVO/DBA-Fusion/EVO/USLAM fail on all seqs (motion blur)."
DEIO,DEIO,ICCV,2025,VIII,DEIO,yes,E+I,metric,full trajectory,UZH-FPV,average,average,MPE,%,0.42,ok,"UZH-FPV drone racing, mono DAVIS346. DPVO/DBA-Fusion/EVO/USLAM fail on all seqs (motion blur)."
DEIO,DEIO,ICCV,2025,IX,ESVO,no,Stereo E,metric,full trajectory (GT = LiDAR-IMU odometry from ESVIO-AA authors),DSEC,city04_a,city04_a,ATE,cm,371.1,ok,"DSEC zurich_city_04 driving, stereo events. DEIO (mono!) beats stereo-event baselines by >=66.7% on all seqs. GT is a LiDAR-IMU pseudo-GT (no true 6DoF GT in DSEC)."
DEIO,DEIO,ICCV,2025,IX,ESVO,no,Stereo E,metric,full trajectory (GT = LiDAR-IMU odometry from ESVIO-AA authors),DSEC,city04_b,city04_b,ATE,cm,116.6,ok,"DSEC zurich_city_04 driving, stereo events. DEIO (mono!) beats stereo-event baselines by >=66.7% on all seqs. GT is a LiDAR-IMU pseudo-GT (no true 6DoF GT in DSEC)."
DEIO,DEIO,ICCV,2025,IX,ESVO,no,Stereo E,metric,full trajectory (GT = LiDAR-IMU odometry from ESVIO-AA authors),DSEC,city04_c,city04_c,ATE,cm,1357.1,ok,"DSEC zurich_city_04 driving, stereo events. DEIO (mono!) beats stereo-event baselines by >=66.7% on all seqs. GT is a LiDAR-IMU pseudo-GT (no true 6DoF GT in DSEC)."
DEIO,DEIO,ICCV,2025,IX,ESVO,no,Stereo E,metric,full trajectory (GT = LiDAR-IMU odometry from ESVIO-AA authors),DSEC,city04_d,city04_d,ATE,cm,2676.6,ok,"DSEC zurich_city_04 driving, stereo events. DEIO (mono!) beats stereo-event baselines by >=66.7% on all seqs. GT is a LiDAR-IMU pseudo-GT (no true 6DoF GT in DSEC)."
DEIO,DEIO,ICCV,2025,IX,ESVO,no,Stereo E,metric,full trajectory (GT = LiDAR-IMU odometry from ESVIO-AA authors),DSEC,city04_e,city04_e,ATE,cm,794.9,ok,"DSEC zurich_city_04 driving, stereo events. DEIO (mono!) beats stereo-event baselines by >=66.7% on all seqs. GT is a LiDAR-IMU pseudo-GT (no true 6DoF GT in DSEC)."
DEIO,DEIO,ICCV,2025,IX,ESVO,no,Stereo E,metric,full trajectory (GT = LiDAR-IMU odometry from ESVIO-AA authors),DSEC,average,average,ATE,cm,1032.9,ok,"DSEC zurich_city_04 driving, stereo events. DEIO (mono!) beats stereo-event baselines by >=66.7% on all seqs. GT is a LiDAR-IMU pseudo-GT (no true 6DoF GT in DSEC)."
DEIO,DEIO,ICCV,2025,IX,ESVIO AA,no,Stereo E+I,metric,full trajectory (GT = LiDAR-IMU odometry from ESVIO-AA authors),DSEC,city04_a,city04_a,ATE,cm,105.0,ok,"DSEC zurich_city_04 driving, stereo events. DEIO (mono!) beats stereo-event baselines by >=66.7% on all seqs. GT is a LiDAR-IMU pseudo-GT (no true 6DoF GT in DSEC)."
DEIO,DEIO,ICCV,2025,IX,ESVIO AA,no,Stereo E+I,metric,full trajectory (GT = LiDAR-IMU odometry from ESVIO-AA authors),DSEC,city04_b,city04_b,ATE,cm,66.7,ok,"DSEC zurich_city_04 driving, stereo events. DEIO (mono!) beats stereo-event baselines by >=66.7% on all seqs. GT is a LiDAR-IMU pseudo-GT (no true 6DoF GT in DSEC)."
DEIO,DEIO,ICCV,2025,IX,ESVIO AA,no,Stereo E+I,metric,full trajectory (GT = LiDAR-IMU odometry from ESVIO-AA authors),DSEC,city04_c,city04_c,ATE,cm,637.9,ok,"DSEC zurich_city_04 driving, stereo events. DEIO (mono!) beats stereo-event baselines by >=66.7% on all seqs. GT is a LiDAR-IMU pseudo-GT (no true 6DoF GT in DSEC)."
DEIO,DEIO,ICCV,2025,IX,ESVIO AA,no,Stereo E+I,metric,full trajectory (GT = LiDAR-IMU odometry from ESVIO-AA authors),DSEC,city04_d,city04_d,ATE,cm,699.8,ok,"DSEC zurich_city_04 driving, stereo events. DEIO (mono!) beats stereo-event baselines by >=66.7% on all seqs. GT is a LiDAR-IMU pseudo-GT (no true 6DoF GT in DSEC)."
DEIO,DEIO,ICCV,2025,IX,ESVIO AA,no,Stereo E+I,metric,full trajectory (GT = LiDAR-IMU odometry from ESVIO-AA authors),DSEC,city04_e,city04_e,ATE,cm,130.3,ok,"DSEC zurich_city_04 driving, stereo events. DEIO (mono!) beats stereo-event baselines by >=66.7% on all seqs. GT is a LiDAR-IMU pseudo-GT (no true 6DoF GT in DSEC)."
DEIO,DEIO,ICCV,2025,IX,ESVIO AA,no,Stereo E+I,metric,full trajectory (GT = LiDAR-IMU odometry from ESVIO-AA authors),DSEC,average,average,ATE,cm,527.9,ok,"DSEC zurich_city_04 driving, stereo events. DEIO (mono!) beats stereo-event baselines by >=66.7% on all seqs. GT is a LiDAR-IMU pseudo-GT (no true 6DoF GT in DSEC)."
DEIO,DEIO,ICCV,2025,IX,ES-PTAM,no,Stereo E,metric,full trajectory (GT = LiDAR-IMU odometry from ESVIO-AA authors),DSEC,city04_a,city04_a,ATE,cm,131.62,ok,"DSEC zurich_city_04 driving, stereo events. DEIO (mono!) beats stereo-event baselines by >=66.7% on all seqs. GT is a LiDAR-IMU pseudo-GT (no true 6DoF GT in DSEC)."
DEIO,DEIO,ICCV,2025,IX,ES-PTAM,no,Stereo E,metric,full trajectory (GT = LiDAR-IMU odometry from ESVIO-AA authors),DSEC,city04_b,city04_b,ATE,cm,29.02,ok,"DSEC zurich_city_04 driving, stereo events. DEIO (mono!) beats stereo-event baselines by >=66.7% on all seqs. GT is a LiDAR-IMU pseudo-GT (no true 6DoF GT in DSEC)."
DEIO,DEIO,ICCV,2025,IX,ES-PTAM,no,Stereo E,metric,full trajectory (GT = LiDAR-IMU odometry from ESVIO-AA authors),DSEC,city04_c,city04_c,ATE,cm,1184.37,ok,"DSEC zurich_city_04 driving, stereo events. DEIO (mono!) beats stereo-event baselines by >=66.7% on all seqs. GT is a LiDAR-IMU pseudo-GT (no true 6DoF GT in DSEC)."
DEIO,DEIO,ICCV,2025,IX,ES-PTAM,no,Stereo E,metric,full trajectory (GT = LiDAR-IMU odometry from ESVIO-AA authors),DSEC,city04_d,city04_d,ATE,cm,1053.87,ok,"DSEC zurich_city_04 driving, stereo events. DEIO (mono!) beats stereo-event baselines by >=66.7% on all seqs. GT is a LiDAR-IMU pseudo-GT (no true 6DoF GT in DSEC)."
DEIO,DEIO,ICCV,2025,IX,ES-PTAM,no,Stereo E,metric,full trajectory (GT = LiDAR-IMU odometry from ESVIO-AA authors),DSEC,city04_e,city04_e,ATE,cm,75.9,ok,"DSEC zurich_city_04 driving, stereo events. DEIO (mono!) beats stereo-event baselines by >=66.7% on all seqs. GT is a LiDAR-IMU pseudo-GT (no true 6DoF GT in DSEC)."
DEIO,DEIO,ICCV,2025,IX,ES-PTAM,no,Stereo E,metric,full trajectory (GT = LiDAR-IMU odometry from ESVIO-AA authors),DSEC,average,average,ATE,cm,494.9,ok,"DSEC zurich_city_04 driving, stereo events. DEIO (mono!) beats stereo-event baselines by >=66.7% on all seqs. GT is a LiDAR-IMU pseudo-GT (no true 6DoF GT in DSEC)."
DEIO,DEIO,ICCV,2025,IX,ESIO,no,Stereo E+I,metric,full trajectory (GT = LiDAR-IMU odometry from ESVIO-AA authors),DSEC,city04_a,city04_a,ATE,cm,543.5,ok,"DSEC zurich_city_04 driving, stereo events. DEIO (mono!) beats stereo-event baselines by >=66.7% on all seqs. GT is a LiDAR-IMU pseudo-GT (no true 6DoF GT in DSEC)."
DEIO,DEIO,ICCV,2025,IX,ESIO,no,Stereo E+I,metric,full trajectory (GT = LiDAR-IMU odometry from ESVIO-AA authors),DSEC,city04_b,city04_b,ATE,cm,295.1,ok,"DSEC zurich_city_04 driving, stereo events. DEIO (mono!) beats stereo-event baselines by >=66.7% on all seqs. GT is a LiDAR-IMU pseudo-GT (no true 6DoF GT in DSEC)."
DEIO,DEIO,ICCV,2025,IX,ESIO,no,Stereo E+I,metric,full trajectory (GT = LiDAR-IMU odometry from ESVIO-AA authors),DSEC,city04_c,city04_c,ATE,cm,896.2,ok,"DSEC zurich_city_04 driving, stereo events. DEIO (mono!) beats stereo-event baselines by >=66.7% on all seqs. GT is a LiDAR-IMU pseudo-GT (no true 6DoF GT in DSEC)."
DEIO,DEIO,ICCV,2025,IX,ESIO,no,Stereo E+I,metric,full trajectory (GT = LiDAR-IMU odometry from ESVIO-AA authors),DSEC,city04_d,city04_d,ATE,cm,2977.0,ok,"DSEC zurich_city_04 driving, stereo events. DEIO (mono!) beats stereo-event baselines by >=66.7% on all seqs. GT is a LiDAR-IMU pseudo-GT (no true 6DoF GT in DSEC)."
DEIO,DEIO,ICCV,2025,IX,ESIO,no,Stereo E+I,metric,full trajectory (GT = LiDAR-IMU odometry from ESVIO-AA authors),DSEC,city04_e,city04_e,ATE,cm,2326.4,ok,"DSEC zurich_city_04 driving, stereo events. DEIO (mono!) beats stereo-event baselines by >=66.7% on all seqs. GT is a LiDAR-IMU pseudo-GT (no true 6DoF GT in DSEC)."
DEIO,DEIO,ICCV,2025,IX,ESIO,no,Stereo E+I,metric,full trajectory (GT = LiDAR-IMU odometry from ESVIO-AA authors),DSEC,average,average,ATE,cm,1587.8,ok,"DSEC zurich_city_04 driving, stereo events. DEIO (mono!) beats stereo-event baselines by >=66.7% on all seqs. GT is a LiDAR-IMU pseudo-GT (no true 6DoF GT in DSEC)."
DEIO,DEIO,ICCV,2025,IX,ESVIO,no,Stereo E+F+I,metric,full trajectory (GT = LiDAR-IMU odometry from ESVIO-AA authors),DSEC,city04_a,city04_a,ATE,cm,371.2,ok,"DSEC zurich_city_04 driving, stereo events. DEIO (mono!) beats stereo-event baselines by >=66.7% on all seqs. GT is a LiDAR-IMU pseudo-GT (no true 6DoF GT in DSEC)."
DEIO,DEIO,ICCV,2025,IX,ESVIO,no,Stereo E+F+I,metric,full trajectory (GT = LiDAR-IMU odometry from ESVIO-AA authors),DSEC,city04_b,city04_b,ATE,cm,445.8,ok,"DSEC zurich_city_04 driving, stereo events. DEIO (mono!) beats stereo-event baselines by >=66.7% on all seqs. GT is a LiDAR-IMU pseudo-GT (no true 6DoF GT in DSEC)."
DEIO,DEIO,ICCV,2025,IX,ESVIO,no,Stereo E+F+I,metric,full trajectory (GT = LiDAR-IMU odometry from ESVIO-AA authors),DSEC,city04_c,city04_c,ATE,cm,1892.7,ok,"DSEC zurich_city_04 driving, stereo events. DEIO (mono!) beats stereo-event baselines by >=66.7% on all seqs. GT is a LiDAR-IMU pseudo-GT (no true 6DoF GT in DSEC)."
DEIO,DEIO,ICCV,2025,IX,ESVIO,no,Stereo E+F+I,metric,full trajectory (GT = LiDAR-IMU odometry from ESVIO-AA authors),DSEC,city04_d,city04_d,ATE,cm,921.7,ok,"DSEC zurich_city_04 driving, stereo events. DEIO (mono!) beats stereo-event baselines by >=66.7% on all seqs. GT is a LiDAR-IMU pseudo-GT (no true 6DoF GT in DSEC)."
DEIO,DEIO,ICCV,2025,IX,ESVIO,no,Stereo E+F+I,metric,full trajectory (GT = LiDAR-IMU odometry from ESVIO-AA authors),DSEC,city04_e,city04_e,ATE,cm,352.0,ok,"DSEC zurich_city_04 driving, stereo events. DEIO (mono!) beats stereo-event baselines by >=66.7% on all seqs. GT is a LiDAR-IMU pseudo-GT (no true 6DoF GT in DSEC)."
DEIO,DEIO,ICCV,2025,IX,ESVIO,no,Stereo E+F+I,metric,full trajectory (GT = LiDAR-IMU odometry from ESVIO-AA authors),DSEC,average,average,ATE,cm,596.9,ok,"DSEC zurich_city_04 driving, stereo events. DEIO (mono!) beats stereo-event baselines by >=66.7% on all seqs. GT is a LiDAR-IMU pseudo-GT (no true 6DoF GT in DSEC)."
DEIO,DEIO,ICCV,2025,IX,DEIO,yes,E+I,metric,full trajectory (GT = LiDAR-IMU odometry from ESVIO-AA authors),DSEC,city04_a,city04_a,ATE,cm,80.6,ok,"DSEC zurich_city_04 driving, stereo events. DEIO (mono!) beats stereo-event baselines by >=66.7% on all seqs. GT is a LiDAR-IMU pseudo-GT (no true 6DoF GT in DSEC)."
DEIO,DEIO,ICCV,2025,IX,DEIO,yes,E+I,metric,full trajectory (GT = LiDAR-IMU odometry from ESVIO-AA authors),DSEC,city04_b,city04_b,ATE,cm,35.4,ok,"DSEC zurich_city_04 driving, stereo events. DEIO (mono!) beats stereo-event baselines by >=66.7% on all seqs. GT is a LiDAR-IMU pseudo-GT (no true 6DoF GT in DSEC)."
DEIO,DEIO,ICCV,2025,IX,DEIO,yes,E+I,metric,full trajectory (GT = LiDAR-IMU odometry from ESVIO-AA authors),DSEC,city04_c,city04_c,ATE,cm,413.8,ok,"DSEC zurich_city_04 driving, stereo events. DEIO (mono!) beats stereo-event baselines by >=66.7% on all seqs. GT is a LiDAR-IMU pseudo-GT (no true 6DoF GT in DSEC)."
DEIO,DEIO,ICCV,2025,IX,DEIO,yes,E+I,metric,full trajectory (GT = LiDAR-IMU odometry from ESVIO-AA authors),DSEC,city04_d,city04_d,ATE,cm,207.6,ok,"DSEC zurich_city_04 driving, stereo events. DEIO (mono!) beats stereo-event baselines by >=66.7% on all seqs. GT is a LiDAR-IMU pseudo-GT (no true 6DoF GT in DSEC)."
DEIO,DEIO,ICCV,2025,IX,DEIO,yes,E+I,metric,full trajectory (GT = LiDAR-IMU odometry from ESVIO-AA authors),DSEC,city04_e,city04_e,ATE,cm,86.1,ok,"DSEC zurich_city_04 driving, stereo events. DEIO (mono!) beats stereo-event baselines by >=66.7% on all seqs. GT is a LiDAR-IMU pseudo-GT (no true 6DoF GT in DSEC)."
DEIO,DEIO,ICCV,2025,IX,DEIO,yes,E+I,metric,full trajectory (GT = LiDAR-IMU odometry from ESVIO-AA authors),DSEC,average,average,ATE,cm,164.5,ok,"DSEC zurich_city_04 driving, stereo events. DEIO (mono!) beats stereo-event baselines by >=66.7% on all seqs. GT is a LiDAR-IMU pseudo-GT (no true 6DoF GT in DSEC)."
DEVO,DEVO,3DV,2024,1,ORB-SLAM3,no,Stereo F+I,metric,"Sim3, median-of-5",UZH-FPV,indoor_forward_3,uzhfpv_if3,MPE,%,0.55,ok,DEVO (event-only) beats all on 4/9; only successful non-IMU peer is its own DPVO-dagger.
DEVO,DEVO,3DV,2024,1,ORB-SLAM3,no,Stereo F+I,metric,"Sim3, median-of-5",UZH-FPV,indoor_forward_5,uzhfpv_if5,MPE,%,1.19,ok,DEVO (event-only) beats all on 4/9; only successful non-IMU peer is its own DPVO-dagger.
DEVO,DEVO,3DV,2024,1,ORB-SLAM3,no,Stereo F+I,metric,"Sim3, median-of-5",UZH-FPV,indoor_forward_6,uzhfpv_if6,MPE,%,,failed,DEVO (event-only) beats all on 4/9; only successful non-IMU peer is its own DPVO-dagger.
DEVO,DEVO,3DV,2024,1,ORB-SLAM3,no,Stereo F+I,metric,"Sim3, median-of-5",UZH-FPV,indoor_forward_7,uzhfpv_if7,MPE,%,0.36,ok,DEVO (event-only) beats all on 4/9; only successful non-IMU peer is its own DPVO-dagger.
DEVO,DEVO,3DV,2024,1,ORB-SLAM3,no,Stereo F+I,metric,"Sim3, median-of-5",UZH-FPV,indoor_forward_9,uzhfpv_if9,MPE,%,0.77,ok,DEVO (event-only) beats all on 4/9; only successful non-IMU peer is its own DPVO-dagger.
DEVO,DEVO,3DV,2024,1,ORB-SLAM3,no,Stereo F+I,metric,"Sim3, median-of-5",UZH-FPV,indoor_forward_10,uzhfpv_if10,MPE,%,1.02,ok,DEVO (event-only) beats all on 4/9; only successful non-IMU peer is its own DPVO-dagger.
DEVO,DEVO,3DV,2024,1,ORB-SLAM3,no,Stereo F+I,metric,"Sim3, median-of-5",UZH-FPV,indoor_45_degree_2,uzhfpv_45_2,MPE,%,2.18,ok,DEVO (event-only) beats all on 4/9; only successful non-IMU peer is its own DPVO-dagger.
DEVO,DEVO,3DV,2024,1,ORB-SLAM3,no,Stereo F+I,metric,"Sim3, median-of-5",UZH-FPV,indoor_45_degree_4,uzhfpv_45_4,MPE,%,1.53,ok,DEVO (event-only) beats all on 4/9; only successful non-IMU peer is its own DPVO-dagger.
DEVO,DEVO,3DV,2024,1,ORB-SLAM3,no,Stereo F+I,metric,"Sim3, median-of-5",UZH-FPV,indoor_45_degree_9,uzhfpv_45_9,MPE,%,0.49,ok,DEVO (event-only) beats all on 4/9; only successful non-IMU peer is its own DPVO-dagger.
DEVO,DEVO,3DV,2024,1,VINS-Fusion,no,Stereo F+I,metric,"Sim3, median-of-5",UZH-FPV,indoor_forward_3,uzhfpv_if3,MPE,%,0.84,ok,DEVO (event-only) beats all on 4/9; only successful non-IMU peer is its own DPVO-dagger.
DEVO,DEVO,3DV,2024,1,VINS-Fusion,no,Stereo F+I,metric,"Sim3, median-of-5",UZH-FPV,indoor_forward_5,uzhfpv_if5,MPE,%,,failed,DEVO (event-only) beats all on 4/9; only successful non-IMU peer is its own DPVO-dagger.
DEVO,DEVO,3DV,2024,1,VINS-Fusion,no,Stereo F+I,metric,"Sim3, median-of-5",UZH-FPV,indoor_forward_6,uzhfpv_if6,MPE,%,1.45,ok,DEVO (event-only) beats all on 4/9; only successful non-IMU peer is its own DPVO-dagger.
DEVO,DEVO,3DV,2024,1,VINS-Fusion,no,Stereo F+I,metric,"Sim3, median-of-5",UZH-FPV,indoor_forward_7,uzhfpv_if7,MPE,%,0.61,ok,DEVO (event-only) beats all on 4/9; only successful non-IMU peer is its own DPVO-dagger.
DEVO,DEVO,3DV,2024,1,VINS-Fusion,no,Stereo F+I,metric,"Sim3, median-of-5",UZH-FPV,indoor_forward_9,uzhfpv_if9,MPE,%,2.87,ok,DEVO (event-only) beats all on 4/9; only successful non-IMU peer is its own DPVO-dagger.
DEVO,DEVO,3DV,2024,1,VINS-Fusion,no,Stereo F+I,metric,"Sim3, median-of-5",UZH-FPV,indoor_forward_10,uzhfpv_if10,MPE,%,4.48,ok,DEVO (event-only) beats all on 4/9; only successful non-IMU peer is its own DPVO-dagger.
DEVO,DEVO,3DV,2024,1,VINS-Fusion,no,Stereo F+I,metric,"Sim3, median-of-5",UZH-FPV,indoor_45_degree_2,uzhfpv_45_2,MPE,%,,failed,DEVO (event-only) beats all on 4/9; only successful non-IMU peer is its own DPVO-dagger.
DEVO,DEVO,3DV,2024,1,VINS-Fusion,no,Stereo F+I,metric,"Sim3, median-of-5",UZH-FPV,indoor_45_degree_4,uzhfpv_45_4,MPE,%,,failed,DEVO (event-only) beats all on 4/9; only successful non-IMU peer is its own DPVO-dagger.
DEVO,DEVO,3DV,2024,1,VINS-Fusion,no,Stereo F+I,metric,"Sim3, median-of-5",UZH-FPV,indoor_45_degree_9,uzhfpv_45_9,MPE,%,,failed,DEVO (event-only) beats all on 4/9; only successful non-IMU peer is its own DPVO-dagger.
DEVO,DEVO,3DV,2024,1,VINS-Mono,no,F+I,metric,"Sim3, median-of-5",UZH-FPV,indoor_forward_3,uzhfpv_if3,MPE,%,0.65,ok,DEVO (event-only) beats all on 4/9; only successful non-IMU peer is its own DPVO-dagger.
DEVO,DEVO,3DV,2024,1,VINS-Mono,no,F+I,metric,"Sim3, median-of-5",UZH-FPV,indoor_forward_5,uzhfpv_if5,MPE,%,1.07,ok,DEVO (event-only) beats all on 4/9; only successful non-IMU peer is its own DPVO-dagger.
DEVO,DEVO,3DV,2024,1,VINS-Mono,no,F+I,metric,"Sim3, median-of-5",UZH-FPV,indoor_forward_6,uzhfpv_if6,MPE,%,0.25,ok,DEVO (event-only) beats all on 4/9; only successful non-IMU peer is its own DPVO-dagger.
DEVO,DEVO,3DV,2024,1,VINS-Mono,no,F+I,metric,"Sim3, median-of-5",UZH-FPV,indoor_forward_7,uzhfpv_if7,MPE,%,0.37,ok,DEVO (event-only) beats all on 4/9; only successful non-IMU peer is its own DPVO-dagger.
DEVO,DEVO,3DV,2024,1,VINS-Mono,no,F+I,metric,"Sim3, median-of-5",UZH-FPV,indoor_forward_9,uzhfpv_if9,MPE,%,0.51,ok,DEVO (event-only) beats all on 4/9; only successful non-IMU peer is its own DPVO-dagger.
DEVO,DEVO,3DV,2024,1,VINS-Mono,no,F+I,metric,"Sim3, median-of-5",UZH-FPV,indoor_forward_10,uzhfpv_if10,MPE,%,0.92,ok,DEVO (event-only) beats all on 4/9; only successful non-IMU peer is its own DPVO-dagger.
DEVO,DEVO,3DV,2024,1,VINS-Mono,no,F+I,metric,"Sim3, median-of-5",UZH-FPV,indoor_45_degree_2,uzhfpv_45_2,MPE,%,0.53,ok,DEVO (event-only) beats all on 4/9; only successful non-IMU peer is its own DPVO-dagger.
DEVO,DEVO,3DV,2024,1,VINS-Mono,no,F+I,metric,"Sim3, median-of-5",UZH-FPV,indoor_45_degree_4,uzhfpv_45_4,MPE,%,1.72,ok,DEVO (event-only) beats all on 4/9; only successful non-IMU peer is its own DPVO-dagger.
DEVO,DEVO,3DV,2024,1,VINS-Mono,no,F+I,metric,"Sim3, median-of-5",UZH-FPV,indoor_45_degree_9,uzhfpv_45_9,MPE,%,1.25,ok,DEVO (event-only) beats all on 4/9; only successful non-IMU peer is its own DPVO-dagger.
DEVO,DEVO,3DV,2024,1,DPVO,no,F,up-to-scale,"Sim3, median-of-5",UZH-FPV,indoor_forward_3,uzhfpv_if3,MPE,%,,failed,DEVO (event-only) beats all on 4/9; only successful non-IMU peer is its own DPVO-dagger.
DEVO,DEVO,3DV,2024,1,DPVO,no,F,up-to-scale,"Sim3, median-of-5",UZH-FPV,indoor_forward_5,uzhfpv_if5,MPE,%,,failed,DEVO (event-only) beats all on 4/9; only successful non-IMU peer is its own DPVO-dagger.
DEVO,DEVO,3DV,2024,1,DPVO,no,F,up-to-scale,"Sim3, median-of-5",UZH-FPV,indoor_forward_6,uzhfpv_if6,MPE,%,,failed,DEVO (event-only) beats all on 4/9; only successful non-IMU peer is its own DPVO-dagger.
DEVO,DEVO,3DV,2024,1,DPVO,no,F,up-to-scale,"Sim3, median-of-5",UZH-FPV,indoor_forward_7,uzhfpv_if7,MPE,%,,failed,DEVO (event-only) beats all on 4/9; only successful non-IMU peer is its own DPVO-dagger.
DEVO,DEVO,3DV,2024,1,DPVO,no,F,up-to-scale,"Sim3, median-of-5",UZH-FPV,indoor_forward_9,uzhfpv_if9,MPE,%,,failed,DEVO (event-only) beats all on 4/9; only successful non-IMU peer is its own DPVO-dagger.
DEVO,DEVO,3DV,2024,1,DPVO,no,F,up-to-scale,"Sim3, median-of-5",UZH-FPV,indoor_forward_10,uzhfpv_if10,MPE,%,,failed,DEVO (event-only) beats all on 4/9; only successful non-IMU peer is its own DPVO-dagger.
DEVO,DEVO,3DV,2024,1,DPVO,no,F,up-to-scale,"Sim3, median-of-5",UZH-FPV,indoor_45_degree_2,uzhfpv_45_2,MPE,%,,failed,DEVO (event-only) beats all on 4/9; only successful non-IMU peer is its own DPVO-dagger.
DEVO,DEVO,3DV,2024,1,DPVO,no,F,up-to-scale,"Sim3, median-of-5",UZH-FPV,indoor_45_degree_4,uzhfpv_45_4,MPE,%,,failed,DEVO (event-only) beats all on 4/9; only successful non-IMU peer is its own DPVO-dagger.
DEVO,DEVO,3DV,2024,1,DPVO,no,F,up-to-scale,"Sim3, median-of-5",UZH-FPV,indoor_45_degree_9,uzhfpv_45_9,MPE,%,,failed,DEVO (event-only) beats all on 4/9; only successful non-IMU peer is its own DPVO-dagger.
DEVO,DEVO,3DV,2024,1,Ultimate-SLAM,no,E+F+I,metric,"Sim3, median-of-5",UZH-FPV,indoor_forward_3,uzhfpv_if3,MPE,%,,failed,DEVO (event-only) beats all on 4/9; only successful non-IMU peer is its own DPVO-dagger.
DEVO,DEVO,3DV,2024,1,Ultimate-SLAM,no,E+F+I,metric,"Sim3, median-of-5",UZH-FPV,indoor_forward_5,uzhfpv_if5,MPE,%,,failed,DEVO (event-only) beats all on 4/9; only successful non-IMU peer is its own DPVO-dagger.
DEVO,DEVO,3DV,2024,1,Ultimate-SLAM,no,E+F+I,metric,"Sim3, median-of-5",UZH-FPV,indoor_forward_6,uzhfpv_if6,MPE,%,,failed,DEVO (event-only) beats all on 4/9; only successful non-IMU peer is its own DPVO-dagger.
DEVO,DEVO,3DV,2024,1,Ultimate-SLAM,no,E+F+I,metric,"Sim3, median-of-5",UZH-FPV,indoor_forward_7,uzhfpv_if7,MPE,%,,failed,DEVO (event-only) beats all on 4/9; only successful non-IMU peer is its own DPVO-dagger.
DEVO,DEVO,3DV,2024,1,Ultimate-SLAM,no,E+F+I,metric,"Sim3, median-of-5",UZH-FPV,indoor_forward_9,uzhfpv_if9,MPE,%,,failed,DEVO (event-only) beats all on 4/9; only successful non-IMU peer is its own DPVO-dagger.
DEVO,DEVO,3DV,2024,1,Ultimate-SLAM,no,E+F+I,metric,"Sim3, median-of-5",UZH-FPV,indoor_forward_10,uzhfpv_if10,MPE,%,,failed,DEVO (event-only) beats all on 4/9; only successful non-IMU peer is its own DPVO-dagger.
DEVO,DEVO,3DV,2024,1,Ultimate-SLAM,no,E+F+I,metric,"Sim3, median-of-5",UZH-FPV,indoor_45_degree_2,uzhfpv_45_2,MPE,%,,failed,DEVO (event-only) beats all on 4/9; only successful non-IMU peer is its own DPVO-dagger.
DEVO,DEVO,3DV,2024,1,Ultimate-SLAM,no,E+F+I,metric,"Sim3, median-of-5",UZH-FPV,indoor_45_degree_4,uzhfpv_45_4,MPE,%,9.79,ok,DEVO (event-only) beats all on 4/9; only successful non-IMU peer is its own DPVO-dagger.
DEVO,DEVO,3DV,2024,1,Ultimate-SLAM,no,E+F+I,metric,"Sim3, median-of-5",UZH-FPV,indoor_45_degree_9,uzhfpv_45_9,MPE,%,4.74,ok,DEVO (event-only) beats all on 4/9; only successful non-IMU peer is its own DPVO-dagger.
DEVO,DEVO,3DV,2024,1,PL-EVIO,no,E+F+I,metric,"Sim3, median-of-5",UZH-FPV,indoor_forward_3,uzhfpv_if3,MPE,%,0.38,ok,DEVO (event-only) beats all on 4/9; only successful non-IMU peer is its own DPVO-dagger.
DEVO,DEVO,3DV,2024,1,PL-EVIO,no,E+F+I,metric,"Sim3, median-of-5",UZH-FPV,indoor_forward_5,uzhfpv_if5,MPE,%,0.9,ok,DEVO (event-only) beats all on 4/9; only successful non-IMU peer is its own DPVO-dagger.
DEVO,DEVO,3DV,2024,1,PL-EVIO,no,E+F+I,metric,"Sim3, median-of-5",UZH-FPV,indoor_forward_6,uzhfpv_if6,MPE,%,0.3,ok,DEVO (event-only) beats all on 4/9; only successful non-IMU peer is its own DPVO-dagger.
DEVO,DEVO,3DV,2024,1,PL-EVIO,no,E+F+I,metric,"Sim3, median-of-5",UZH-FPV,indoor_forward_7,uzhfpv_if7,MPE,%,0.55,ok,DEVO (event-only) beats all on 4/9; only successful non-IMU peer is its own DPVO-dagger.
DEVO,DEVO,3DV,2024,1,PL-EVIO,no,E+F+I,metric,"Sim3, median-of-5",UZH-FPV,indoor_forward_9,uzhfpv_if9,MPE,%,0.44,ok,DEVO (event-only) beats all on 4/9; only successful non-IMU peer is its own DPVO-dagger.
DEVO,DEVO,3DV,2024,1,PL-EVIO,no,E+F+I,metric,"Sim3, median-of-5",UZH-FPV,indoor_forward_10,uzhfpv_if10,MPE,%,1.06,ok,DEVO (event-only) beats all on 4/9; only successful non-IMU peer is its own DPVO-dagger.
DEVO,DEVO,3DV,2024,1,PL-EVIO,no,E+F+I,metric,"Sim3, median-of-5",UZH-FPV,indoor_45_degree_2,uzhfpv_45_2,MPE,%,0.55,ok,DEVO (event-only) beats all on 4/9; only successful non-IMU peer is its own DPVO-dagger.
DEVO,DEVO,3DV,2024,1,PL-EVIO,no,E+F+I,metric,"Sim3, median-of-5",UZH-FPV,indoor_45_degree_4,uzhfpv_45_4,MPE,%,1.3,ok,DEVO (event-only) beats all on 4/9; only successful non-IMU peer is its own DPVO-dagger.
DEVO,DEVO,3DV,2024,1,PL-EVIO,no,E+F+I,metric,"Sim3, median-of-5",UZH-FPV,indoor_45_degree_9,uzhfpv_45_9,MPE,%,0.76,ok,DEVO (event-only) beats all on 4/9; only successful non-IMU peer is its own DPVO-dagger.
DEVO,DEVO,3DV,2024,1,EVO,no,E,up-to-scale,"Sim3, median-of-5",UZH-FPV,indoor_forward_3,uzhfpv_if3,MPE,%,,failed,DEVO (event-only) beats all on 4/9; only successful non-IMU peer is its own DPVO-dagger.
DEVO,DEVO,3DV,2024,1,EVO,no,E,up-to-scale,"Sim3, median-of-5",UZH-FPV,indoor_forward_5,uzhfpv_if5,MPE,%,,failed,DEVO (event-only) beats all on 4/9; only successful non-IMU peer is its own DPVO-dagger.
DEVO,DEVO,3DV,2024,1,EVO,no,E,up-to-scale,"Sim3, median-of-5",UZH-FPV,indoor_forward_6,uzhfpv_if6,MPE,%,,failed,DEVO (event-only) beats all on 4/9; only successful non-IMU peer is its own DPVO-dagger.
DEVO,DEVO,3DV,2024,1,EVO,no,E,up-to-scale,"Sim3, median-of-5",UZH-FPV,indoor_forward_7,uzhfpv_if7,MPE,%,,failed,DEVO (event-only) beats all on 4/9; only successful non-IMU peer is its own DPVO-dagger.
DEVO,DEVO,3DV,2024,1,EVO,no,E,up-to-scale,"Sim3, median-of-5",UZH-FPV,indoor_forward_9,uzhfpv_if9,MPE,%,,failed,DEVO (event-only) beats all on 4/9; only successful non-IMU peer is its own DPVO-dagger.
DEVO,DEVO,3DV,2024,1,EVO,no,E,up-to-scale,"Sim3, median-of-5",UZH-FPV,indoor_forward_10,uzhfpv_if10,MPE,%,,failed,DEVO (event-only) beats all on 4/9; only successful non-IMU peer is its own DPVO-dagger.
DEVO,DEVO,3DV,2024,1,EVO,no,E,up-to-scale,"Sim3, median-of-5",UZH-FPV,indoor_45_degree_2,uzhfpv_45_2,MPE,%,,failed,DEVO (event-only) beats all on 4/9; only successful non-IMU peer is its own DPVO-dagger.
DEVO,DEVO,3DV,2024,1,EVO,no,E,up-to-scale,"Sim3, median-of-5",UZH-FPV,indoor_45_degree_4,uzhfpv_45_4,MPE,%,,failed,DEVO (event-only) beats all on 4/9; only successful non-IMU peer is its own DPVO-dagger.
DEVO,DEVO,3DV,2024,1,EVO,no,E,up-to-scale,"Sim3, median-of-5",UZH-FPV,indoor_45_degree_9,uzhfpv_45_9,MPE,%,,failed,DEVO (event-only) beats all on 4/9; only successful non-IMU peer is its own DPVO-dagger.
DEVO,DEVO,3DV,2024,1,DPVO-dagger,no,E,up-to-scale,"Sim3, median-of-5",UZH-FPV,indoor_forward_3,uzhfpv_if3,MPE,%,0.52,ok,DEVO (event-only) beats all on 4/9; only successful non-IMU peer is its own DPVO-dagger.
DEVO,DEVO,3DV,2024,1,DPVO-dagger,no,E,up-to-scale,"Sim3, median-of-5",UZH-FPV,indoor_forward_5,uzhfpv_if5,MPE,%,0.42,ok,DEVO (event-only) beats all on 4/9; only successful non-IMU peer is its own DPVO-dagger.
DEVO,DEVO,3DV,2024,1,DPVO-dagger,no,E,up-to-scale,"Sim3, median-of-5",UZH-FPV,indoor_forward_6,uzhfpv_if6,MPE,%,0.55,ok,DEVO (event-only) beats all on 4/9; only successful non-IMU peer is its own DPVO-dagger.
DEVO,DEVO,3DV,2024,1,DPVO-dagger,no,E,up-to-scale,"Sim3, median-of-5",UZH-FPV,indoor_forward_7,uzhfpv_if7,MPE,%,,failed,DEVO (event-only) beats all on 4/9; only successful non-IMU peer is its own DPVO-dagger.
DEVO,DEVO,3DV,2024,1,DPVO-dagger,no,E,up-to-scale,"Sim3, median-of-5",UZH-FPV,indoor_forward_9,uzhfpv_if9,MPE,%,0.45,ok,DEVO (event-only) beats all on 4/9; only successful non-IMU peer is its own DPVO-dagger.
DEVO,DEVO,3DV,2024,1,DPVO-dagger,no,E,up-to-scale,"Sim3, median-of-5",UZH-FPV,indoor_forward_10,uzhfpv_if10,MPE,%,0.54,ok,DEVO (event-only) beats all on 4/9; only successful non-IMU peer is its own DPVO-dagger.
DEVO,DEVO,3DV,2024,1,DPVO-dagger,no,E,up-to-scale,"Sim3, median-of-5",UZH-FPV,indoor_45_degree_2,uzhfpv_45_2,MPE,%,,failed,DEVO (event-only) beats all on 4/9; only successful non-IMU peer is its own DPVO-dagger.
DEVO,DEVO,3DV,2024,1,DPVO-dagger,no,E,up-to-scale,"Sim3, median-of-5",UZH-FPV,indoor_45_degree_4,uzhfpv_45_4,MPE,%,1.21,ok,DEVO (event-only) beats all on 4/9; only successful non-IMU peer is its own DPVO-dagger.
DEVO,DEVO,3DV,2024,1,DPVO-dagger,no,E,up-to-scale,"Sim3, median-of-5",UZH-FPV,indoor_45_degree_9,uzhfpv_45_9,MPE,%,,failed,DEVO (event-only) beats all on 4/9; only successful non-IMU peer is its own DPVO-dagger.
DEVO,DEVO,3DV,2024,1,DEVO,yes,E,up-to-scale,"Sim3, median-of-5",UZH-FPV,indoor_forward_3,uzhfpv_if3,MPE,%,0.37,ok,DEVO (event-only) beats all on 4/9; only successful non-IMU peer is its own DPVO-dagger.
DEVO,DEVO,3DV,2024,1,DEVO,yes,E,up-to-scale,"Sim3, median-of-5",UZH-FPV,indoor_forward_5,uzhfpv_if5,MPE,%,0.4,ok,DEVO (event-only) beats all on 4/9; only successful non-IMU peer is its own DPVO-dagger.
DEVO,DEVO,3DV,2024,1,DEVO,yes,E,up-to-scale,"Sim3, median-of-5",UZH-FPV,indoor_forward_6,uzhfpv_if6,MPE,%,0.31,ok,DEVO (event-only) beats all on 4/9; only successful non-IMU peer is its own DPVO-dagger.
DEVO,DEVO,3DV,2024,1,DEVO,yes,E,up-to-scale,"Sim3, median-of-5",UZH-FPV,indoor_forward_7,uzhfpv_if7,MPE,%,0.5,ok,DEVO (event-only) beats all on 4/9; only successful non-IMU peer is its own DPVO-dagger.
DEVO,DEVO,3DV,2024,1,DEVO,yes,E,up-to-scale,"Sim3, median-of-5",UZH-FPV,indoor_forward_9,uzhfpv_if9,MPE,%,0.61,ok,DEVO (event-only) beats all on 4/9; only successful non-IMU peer is its own DPVO-dagger.
DEVO,DEVO,3DV,2024,1,DEVO,yes,E,up-to-scale,"Sim3, median-of-5",UZH-FPV,indoor_forward_10,uzhfpv_if10,MPE,%,0.52,ok,DEVO (event-only) beats all on 4/9; only successful non-IMU peer is its own DPVO-dagger.
DEVO,DEVO,3DV,2024,1,DEVO,yes,E,up-to-scale,"Sim3, median-of-5",UZH-FPV,indoor_45_degree_2,uzhfpv_45_2,MPE,%,0.72,ok,DEVO (event-only) beats all on 4/9; only successful non-IMU peer is its own DPVO-dagger.
DEVO,DEVO,3DV,2024,1,DEVO,yes,E,up-to-scale,"Sim3, median-of-5",UZH-FPV,indoor_45_degree_4,uzhfpv_45_4,MPE,%,0.45,ok,DEVO (event-only) beats all on 4/9; only successful non-IMU peer is its own DPVO-dagger.
DEVO,DEVO,3DV,2024,1,DEVO,yes,E,up-to-scale,"Sim3, median-of-5",UZH-FPV,indoor_45_degree_9,uzhfpv_45_9,MPE,%,0.89,ok,DEVO (event-only) beats all on 4/9; only successful non-IMU peer is its own DPVO-dagger.
DEVO,DEVO,3DV,2024,2,ORB-SLAM3,no,Stereo F+I,metric,"Sim3, median-of-5",VECtor,corner_slow,corner_slow,MPE,%,1.49,ok,DEVO (event-only) beats ESVIO (stereo E+F+I) on ~70% of seqs; baselines (except DPVO/DPVO-dag) taken from ESVIO paper. Methods using frames have a high-res global-shutter advantage.
DEVO,DEVO,3DV,2024,2,ORB-SLAM3,no,Stereo F+I,metric,"Sim3, median-of-5",VECtor,robot_normal,robot_normal,MPE,%,0.73,ok,DEVO (event-only) beats ESVIO (stereo E+F+I) on ~70% of seqs; baselines (except DPVO/DPVO-dag) taken from ESVIO paper. Methods using frames have a high-res global-shutter advantage.
DEVO,DEVO,3DV,2024,2,ORB-SLAM3,no,Stereo F+I,metric,"Sim3, median-of-5",VECtor,robot_fast,robot_fast,MPE,%,0.71,ok,DEVO (event-only) beats ESVIO (stereo E+F+I) on ~70% of seqs; baselines (except DPVO/DPVO-dag) taken from ESVIO paper. Methods using frames have a high-res global-shutter advantage.
DEVO,DEVO,3DV,2024,2,ORB-SLAM3,no,Stereo F+I,metric,"Sim3, median-of-5",VECtor,desk_normal,desk_normal,MPE,%,0.46,ok,DEVO (event-only) beats ESVIO (stereo E+F+I) on ~70% of seqs; baselines (except DPVO/DPVO-dag) taken from ESVIO paper. Methods using frames have a high-res global-shutter advantage.
DEVO,DEVO,3DV,2024,2,ORB-SLAM3,no,Stereo F+I,metric,"Sim3, median-of-5",VECtor,desk_fast,desk_fast,MPE,%,0.31,ok,DEVO (event-only) beats ESVIO (stereo E+F+I) on ~70% of seqs; baselines (except DPVO/DPVO-dag) taken from ESVIO paper. Methods using frames have a high-res global-shutter advantage.
DEVO,DEVO,3DV,2024,2,ORB-SLAM3,no,Stereo F+I,metric,"Sim3, median-of-5",VECtor,sofa_normal,sofa_normal,MPE,%,0.15,ok,DEVO (event-only) beats ESVIO (stereo E+F+I) on ~70% of seqs; baselines (except DPVO/DPVO-dag) taken from ESVIO paper. Methods using frames have a high-res global-shutter advantage.
DEVO,DEVO,3DV,2024,2,ORB-SLAM3,no,Stereo F+I,metric,"Sim3, median-of-5",VECtor,sofa_fast,sofa_fast,MPE,%,0.21,ok,DEVO (event-only) beats ESVIO (stereo E+F+I) on ~70% of seqs; baselines (except DPVO/DPVO-dag) taken from ESVIO paper. Methods using frames have a high-res global-shutter advantage.
DEVO,DEVO,3DV,2024,2,ORB-SLAM3,no,Stereo F+I,metric,"Sim3, median-of-5",VECtor,mountain_normal,mountain_normal,MPE,%,0.35,ok,DEVO (event-only) beats ESVIO (stereo E+F+I) on ~70% of seqs; baselines (except DPVO/DPVO-dag) taken from ESVIO paper. Methods using frames have a high-res global-shutter advantage.
DEVO,DEVO,3DV,2024,2,ORB-SLAM3,no,Stereo F+I,metric,"Sim3, median-of-5",VECtor,mountain_fast,mountain_fast,MPE,%,2.11,ok,DEVO (event-only) beats ESVIO (stereo E+F+I) on ~70% of seqs; baselines (except DPVO/DPVO-dag) taken from ESVIO paper. Methods using frames have a high-res global-shutter advantage.
DEVO,DEVO,3DV,2024,2,ORB-SLAM3,no,Stereo F+I,metric,"Sim3, median-of-5",VECtor,hdr_normal,hdr_normal,MPE,%,0.64,ok,DEVO (event-only) beats ESVIO (stereo E+F+I) on ~70% of seqs; baselines (except DPVO/DPVO-dag) taken from ESVIO paper. Methods using frames have a high-res global-shutter advantage.
DEVO,DEVO,3DV,2024,2,ORB-SLAM3,no,Stereo F+I,metric,"Sim3, median-of-5",VECtor,hdr_fast,hdr_fast,MPE,%,0.22,ok,DEVO (event-only) beats ESVIO (stereo E+F+I) on ~70% of seqs; baselines (except DPVO/DPVO-dag) taken from ESVIO paper. Methods using frames have a high-res global-shutter advantage.
DEVO,DEVO,3DV,2024,2,ORB-SLAM3,no,Stereo F+I,metric,"Sim3, median-of-5",VECtor,corridors_dolly,corridors_dolly,MPE,%,1.03,ok,DEVO (event-only) beats ESVIO (stereo E+F+I) on ~70% of seqs; baselines (except DPVO/DPVO-dag) taken from ESVIO paper. Methods using frames have a high-res global-shutter advantage.
DEVO,DEVO,3DV,2024,2,ORB-SLAM3,no,Stereo F+I,metric,"Sim3, median-of-5",VECtor,corridors_walk,corridors_walk,MPE,%,1.32,ok,DEVO (event-only) beats ESVIO (stereo E+F+I) on ~70% of seqs; baselines (except DPVO/DPVO-dag) taken from ESVIO paper. Methods using frames have a high-res global-shutter advantage.
DEVO,DEVO,3DV,2024,2,ORB-SLAM3,no,Stereo F+I,metric,"Sim3, median-of-5",VECtor,school_dolly,school_dolly,MPE,%,0.73,ok,DEVO (event-only) beats ESVIO (stereo E+F+I) on ~70% of seqs; baselines (except DPVO/DPVO-dag) taken from ESVIO paper. Methods using frames have a high-res global-shutter advantage.
DEVO,DEVO,3DV,2024,2,ORB-SLAM3,no,Stereo F+I,metric,"Sim3, median-of-5",VECtor,school_scooter,school_scooter,MPE,%,0.7,ok,DEVO (event-only) beats ESVIO (stereo E+F+I) on ~70% of seqs; baselines (except DPVO/DPVO-dag) taken from ESVIO paper. Methods using frames have a high-res global-shutter advantage.
DEVO,DEVO,3DV,2024,2,ORB-SLAM3,no,Stereo F+I,metric,"Sim3, median-of-5",VECtor,units_dolly,units_dolly,MPE,%,7.64,ok,DEVO (event-only) beats ESVIO (stereo E+F+I) on ~70% of seqs; baselines (except DPVO/DPVO-dag) taken from ESVIO paper. Methods using frames have a high-res global-shutter advantage.
DEVO,DEVO,3DV,2024,2,ORB-SLAM3,no,Stereo F+I,metric,"Sim3, median-of-5",VECtor,units_scooter,units_scooter,MPE,%,6.22,ok,DEVO (event-only) beats ESVIO (stereo E+F+I) on ~70% of seqs; baselines (except DPVO/DPVO-dag) taken from ESVIO paper. Methods using frames have a high-res global-shutter advantage.
DEVO,DEVO,3DV,2024,2,VINS-Fusion,no,Stereo F+I,metric,"Sim3, median-of-5",VECtor,corner_slow,corner_slow,MPE,%,1.61,ok,DEVO (event-only) beats ESVIO (stereo E+F+I) on ~70% of seqs; baselines (except DPVO/DPVO-dag) taken from ESVIO paper. Methods using frames have a high-res global-shutter advantage.
DEVO,DEVO,3DV,2024,2,VINS-Fusion,no,Stereo F+I,metric,"Sim3, median-of-5",VECtor,robot_normal,robot_normal,MPE,%,0.58,ok,DEVO (event-only) beats ESVIO (stereo E+F+I) on ~70% of seqs; baselines (except DPVO/DPVO-dag) taken from ESVIO paper. Methods using frames have a high-res global-shutter advantage.
DEVO,DEVO,3DV,2024,2,VINS-Fusion,no,Stereo F+I,metric,"Sim3, median-of-5",VECtor,robot_fast,robot_fast,MPE,%,,failed,DEVO (event-only) beats ESVIO (stereo E+F+I) on ~70% of seqs; baselines (except DPVO/DPVO-dag) taken from ESVIO paper. Methods using frames have a high-res global-shutter advantage.
DEVO,DEVO,3DV,2024,2,VINS-Fusion,no,Stereo F+I,metric,"Sim3, median-of-5",VECtor,desk_normal,desk_normal,MPE,%,0.47,ok,DEVO (event-only) beats ESVIO (stereo E+F+I) on ~70% of seqs; baselines (except DPVO/DPVO-dag) taken from ESVIO paper. Methods using frames have a high-res global-shutter advantage.
DEVO,DEVO,3DV,2024,2,VINS-Fusion,no,Stereo F+I,metric,"Sim3, median-of-5",VECtor,desk_fast,desk_fast,MPE,%,0.32,ok,DEVO (event-only) beats ESVIO (stereo E+F+I) on ~70% of seqs; baselines (except DPVO/DPVO-dag) taken from ESVIO paper. Methods using frames have a high-res global-shutter advantage.
DEVO,DEVO,3DV,2024,2,VINS-Fusion,no,Stereo F+I,metric,"Sim3, median-of-5",VECtor,sofa_normal,sofa_normal,MPE,%,0.13,ok,DEVO (event-only) beats ESVIO (stereo E+F+I) on ~70% of seqs; baselines (except DPVO/DPVO-dag) taken from ESVIO paper. Methods using frames have a high-res global-shutter advantage.
DEVO,DEVO,3DV,2024,2,VINS-Fusion,no,Stereo F+I,metric,"Sim3, median-of-5",VECtor,sofa_fast,sofa_fast,MPE,%,0.57,ok,DEVO (event-only) beats ESVIO (stereo E+F+I) on ~70% of seqs; baselines (except DPVO/DPVO-dag) taken from ESVIO paper. Methods using frames have a high-res global-shutter advantage.
DEVO,DEVO,3DV,2024,2,VINS-Fusion,no,Stereo F+I,metric,"Sim3, median-of-5",VECtor,mountain_normal,mountain_normal,MPE,%,4.05,ok,DEVO (event-only) beats ESVIO (stereo E+F+I) on ~70% of seqs; baselines (except DPVO/DPVO-dag) taken from ESVIO paper. Methods using frames have a high-res global-shutter advantage.
DEVO,DEVO,3DV,2024,2,VINS-Fusion,no,Stereo F+I,metric,"Sim3, median-of-5",VECtor,mountain_fast,mountain_fast,MPE,%,,failed,DEVO (event-only) beats ESVIO (stereo E+F+I) on ~70% of seqs; baselines (except DPVO/DPVO-dag) taken from ESVIO paper. Methods using frames have a high-res global-shutter advantage.
DEVO,DEVO,3DV,2024,2,VINS-Fusion,no,Stereo F+I,metric,"Sim3, median-of-5",VECtor,hdr_normal,hdr_normal,MPE,%,1.27,ok,DEVO (event-only) beats ESVIO (stereo E+F+I) on ~70% of seqs; baselines (except DPVO/DPVO-dag) taken from ESVIO paper. Methods using frames have a high-res global-shutter advantage.
DEVO,DEVO,3DV,2024,2,VINS-Fusion,no,Stereo F+I,metric,"Sim3, median-of-5",VECtor,hdr_fast,hdr_fast,MPE,%,0.3,ok,DEVO (event-only) beats ESVIO (stereo E+F+I) on ~70% of seqs; baselines (except DPVO/DPVO-dag) taken from ESVIO paper. Methods using frames have a high-res global-shutter advantage.
DEVO,DEVO,3DV,2024,2,VINS-Fusion,no,Stereo F+I,metric,"Sim3, median-of-5",VECtor,corridors_dolly,corridors_dolly,MPE,%,1.88,ok,DEVO (event-only) beats ESVIO (stereo E+F+I) on ~70% of seqs; baselines (except DPVO/DPVO-dag) taken from ESVIO paper. Methods using frames have a high-res global-shutter advantage.
DEVO,DEVO,3DV,2024,2,VINS-Fusion,no,Stereo F+I,metric,"Sim3, median-of-5",VECtor,corridors_walk,corridors_walk,MPE,%,0.5,ok,DEVO (event-only) beats ESVIO (stereo E+F+I) on ~70% of seqs; baselines (except DPVO/DPVO-dag) taken from ESVIO paper. Methods using frames have a high-res global-shutter advantage.
DEVO,DEVO,3DV,2024,2,VINS-Fusion,no,Stereo F+I,metric,"Sim3, median-of-5",VECtor,school_dolly,school_dolly,MPE,%,1.42,ok,DEVO (event-only) beats ESVIO (stereo E+F+I) on ~70% of seqs; baselines (except DPVO/DPVO-dag) taken from ESVIO paper. Methods using frames have a high-res global-shutter advantage.
DEVO,DEVO,3DV,2024,2,VINS-Fusion,no,Stereo F+I,metric,"Sim3, median-of-5",VECtor,school_scooter,school_scooter,MPE,%,0.52,ok,DEVO (event-only) beats ESVIO (stereo E+F+I) on ~70% of seqs; baselines (except DPVO/DPVO-dag) taken from ESVIO paper. Methods using frames have a high-res global-shutter advantage.
DEVO,DEVO,3DV,2024,2,VINS-Fusion,no,Stereo F+I,metric,"Sim3, median-of-5",VECtor,units_dolly,units_dolly,MPE,%,4.39,ok,DEVO (event-only) beats ESVIO (stereo E+F+I) on ~70% of seqs; baselines (except DPVO/DPVO-dag) taken from ESVIO paper. Methods using frames have a high-res global-shutter advantage.
DEVO,DEVO,3DV,2024,2,VINS-Fusion,no,Stereo F+I,metric,"Sim3, median-of-5",VECtor,units_scooter,units_scooter,MPE,%,4.92,ok,DEVO (event-only) beats ESVIO (stereo E+F+I) on ~70% of seqs; baselines (except DPVO/DPVO-dag) taken from ESVIO paper. Methods using frames have a high-res global-shutter advantage.
DEVO,DEVO,3DV,2024,2,DPVO,no,F,up-to-scale,"Sim3, median-of-5",VECtor,corner_slow,corner_slow,MPE,%,0.3,ok,DEVO (event-only) beats ESVIO (stereo E+F+I) on ~70% of seqs; baselines (except DPVO/DPVO-dag) taken from ESVIO paper. Methods using frames have a high-res global-shutter advantage.
DEVO,DEVO,3DV,2024,2,DPVO,no,F,up-to-scale,"Sim3, median-of-5",VECtor,robot_normal,robot_normal,MPE,%,0.15,ok,DEVO (event-only) beats ESVIO (stereo E+F+I) on ~70% of seqs; baselines (except DPVO/DPVO-dag) taken from ESVIO paper. Methods using frames have a high-res global-shutter advantage.
DEVO,DEVO,3DV,2024,2,DPVO,no,F,up-to-scale,"Sim3, median-of-5",VECtor,robot_fast,robot_fast,MPE,%,0.07,ok,DEVO (event-only) beats ESVIO (stereo E+F+I) on ~70% of seqs; baselines (except DPVO/DPVO-dag) taken from ESVIO paper. Methods using frames have a high-res global-shutter advantage.
DEVO,DEVO,3DV,2024,2,DPVO,no,F,up-to-scale,"Sim3, median-of-5",VECtor,desk_normal,desk_normal,MPE,%,0.09,ok,DEVO (event-only) beats ESVIO (stereo E+F+I) on ~70% of seqs; baselines (except DPVO/DPVO-dag) taken from ESVIO paper. Methods using frames have a high-res global-shutter advantage.
DEVO,DEVO,3DV,2024,2,DPVO,no,F,up-to-scale,"Sim3, median-of-5",VECtor,desk_fast,desk_fast,MPE,%,0.05,ok,DEVO (event-only) beats ESVIO (stereo E+F+I) on ~70% of seqs; baselines (except DPVO/DPVO-dag) taken from ESVIO paper. Methods using frames have a high-res global-shutter advantage.
DEVO,DEVO,3DV,2024,2,DPVO,no,F,up-to-scale,"Sim3, median-of-5",VECtor,sofa_normal,sofa_normal,MPE,%,0.06,ok,DEVO (event-only) beats ESVIO (stereo E+F+I) on ~70% of seqs; baselines (except DPVO/DPVO-dag) taken from ESVIO paper. Methods using frames have a high-res global-shutter advantage.
DEVO,DEVO,3DV,2024,2,DPVO,no,F,up-to-scale,"Sim3, median-of-5",VECtor,sofa_fast,sofa_fast,MPE,%,0.07,ok,DEVO (event-only) beats ESVIO (stereo E+F+I) on ~70% of seqs; baselines (except DPVO/DPVO-dag) taken from ESVIO paper. Methods using frames have a high-res global-shutter advantage.
DEVO,DEVO,3DV,2024,2,DPVO,no,F,up-to-scale,"Sim3, median-of-5",VECtor,mountain_normal,mountain_normal,MPE,%,0.08,ok,DEVO (event-only) beats ESVIO (stereo E+F+I) on ~70% of seqs; baselines (except DPVO/DPVO-dag) taken from ESVIO paper. Methods using frames have a high-res global-shutter advantage.
DEVO,DEVO,3DV,2024,2,DPVO,no,F,up-to-scale,"Sim3, median-of-5",VECtor,mountain_fast,mountain_fast,MPE,%,0.11,ok,DEVO (event-only) beats ESVIO (stereo E+F+I) on ~70% of seqs; baselines (except DPVO/DPVO-dag) taken from ESVIO paper. Methods using frames have a high-res global-shutter advantage.
DEVO,DEVO,3DV,2024,2,DPVO,no,F,up-to-scale,"Sim3, median-of-5",VECtor,hdr_normal,hdr_normal,MPE,%,0.13,ok,DEVO (event-only) beats ESVIO (stereo E+F+I) on ~70% of seqs; baselines (except DPVO/DPVO-dag) taken from ESVIO paper. Methods using frames have a high-res global-shutter advantage.
DEVO,DEVO,3DV,2024,2,DPVO,no,F,up-to-scale,"Sim3, median-of-5",VECtor,hdr_fast,hdr_fast,MPE,%,0.06,ok,DEVO (event-only) beats ESVIO (stereo E+F+I) on ~70% of seqs; baselines (except DPVO/DPVO-dag) taken from ESVIO paper. Methods using frames have a high-res global-shutter advantage.
DEVO,DEVO,3DV,2024,2,DPVO,no,F,up-to-scale,"Sim3, median-of-5",VECtor,corridors_dolly,corridors_dolly,MPE,%,0.56,ok,DEVO (event-only) beats ESVIO (stereo E+F+I) on ~70% of seqs; baselines (except DPVO/DPVO-dag) taken from ESVIO paper. Methods using frames have a high-res global-shutter advantage.
DEVO,DEVO,3DV,2024,2,DPVO,no,F,up-to-scale,"Sim3, median-of-5",VECtor,corridors_walk,corridors_walk,MPE,%,0.54,ok,DEVO (event-only) beats ESVIO (stereo E+F+I) on ~70% of seqs; baselines (except DPVO/DPVO-dag) taken from ESVIO paper. Methods using frames have a high-res global-shutter advantage.
DEVO,DEVO,3DV,2024,2,DPVO,no,F,up-to-scale,"Sim3, median-of-5",VECtor,school_dolly,school_dolly,MPE,%,0.11,ok,DEVO (event-only) beats ESVIO (stereo E+F+I) on ~70% of seqs; baselines (except DPVO/DPVO-dag) taken from ESVIO paper. Methods using frames have a high-res global-shutter advantage.
DEVO,DEVO,3DV,2024,2,DPVO,no,F,up-to-scale,"Sim3, median-of-5",VECtor,school_scooter,school_scooter,MPE,%,0.4,ok,DEVO (event-only) beats ESVIO (stereo E+F+I) on ~70% of seqs; baselines (except DPVO/DPVO-dag) taken from ESVIO paper. Methods using frames have a high-res global-shutter advantage.
DEVO,DEVO,3DV,2024,2,DPVO,no,F,up-to-scale,"Sim3, median-of-5",VECtor,units_dolly,units_dolly,MPE,%,1.52,ok,DEVO (event-only) beats ESVIO (stereo E+F+I) on ~70% of seqs; baselines (except DPVO/DPVO-dag) taken from ESVIO paper. Methods using frames have a high-res global-shutter advantage.
DEVO,DEVO,3DV,2024,2,DPVO,no,F,up-to-scale,"Sim3, median-of-5",VECtor,units_scooter,units_scooter,MPE,%,1.67,ok,DEVO (event-only) beats ESVIO (stereo E+F+I) on ~70% of seqs; baselines (except DPVO/DPVO-dag) taken from ESVIO paper. Methods using frames have a high-res global-shutter advantage.
DEVO,DEVO,3DV,2024,2,ESVIO,no,Stereo E+F+I,metric,"Sim3, median-of-5",VECtor,corner_slow,corner_slow,MPE,%,1.49,ok,DEVO (event-only) beats ESVIO (stereo E+F+I) on ~70% of seqs; baselines (except DPVO/DPVO-dag) taken from ESVIO paper. Methods using frames have a high-res global-shutter advantage.
DEVO,DEVO,3DV,2024,2,ESVIO,no,Stereo E+F+I,metric,"Sim3, median-of-5",VECtor,robot_normal,robot_normal,MPE,%,1.08,ok,DEVO (event-only) beats ESVIO (stereo E+F+I) on ~70% of seqs; baselines (except DPVO/DPVO-dag) taken from ESVIO paper. Methods using frames have a high-res global-shutter advantage.
DEVO,DEVO,3DV,2024,2,ESVIO,no,Stereo E+F+I,metric,"Sim3, median-of-5",VECtor,robot_fast,robot_fast,MPE,%,0.2,ok,DEVO (event-only) beats ESVIO (stereo E+F+I) on ~70% of seqs; baselines (except DPVO/DPVO-dag) taken from ESVIO paper. Methods using frames have a high-res global-shutter advantage.
DEVO,DEVO,3DV,2024,2,ESVIO,no,Stereo E+F+I,metric,"Sim3, median-of-5",VECtor,desk_normal,desk_normal,MPE,%,0.61,ok,DEVO (event-only) beats ESVIO (stereo E+F+I) on ~70% of seqs; baselines (except DPVO/DPVO-dag) taken from ESVIO paper. Methods using frames have a high-res global-shutter advantage.
DEVO,DEVO,3DV,2024,2,ESVIO,no,Stereo E+F+I,metric,"Sim3, median-of-5",VECtor,desk_fast,desk_fast,MPE,%,0.13,ok,DEVO (event-only) beats ESVIO (stereo E+F+I) on ~70% of seqs; baselines (except DPVO/DPVO-dag) taken from ESVIO paper. Methods using frames have a high-res global-shutter advantage.
DEVO,DEVO,3DV,2024,2,ESVIO,no,Stereo E+F+I,metric,"Sim3, median-of-5",VECtor,sofa_normal,sofa_normal,MPE,%,0.16,ok,DEVO (event-only) beats ESVIO (stereo E+F+I) on ~70% of seqs; baselines (except DPVO/DPVO-dag) taken from ESVIO paper. Methods using frames have a high-res global-shutter advantage.
DEVO,DEVO,3DV,2024,2,ESVIO,no,Stereo E+F+I,metric,"Sim3, median-of-5",VECtor,sofa_fast,sofa_fast,MPE,%,0.17,ok,DEVO (event-only) beats ESVIO (stereo E+F+I) on ~70% of seqs; baselines (except DPVO/DPVO-dag) taken from ESVIO paper. Methods using frames have a high-res global-shutter advantage.
DEVO,DEVO,3DV,2024,2,ESVIO,no,Stereo E+F+I,metric,"Sim3, median-of-5",VECtor,mountain_normal,mountain_normal,MPE,%,0.59,ok,DEVO (event-only) beats ESVIO (stereo E+F+I) on ~70% of seqs; baselines (except DPVO/DPVO-dag) taken from ESVIO paper. Methods using frames have a high-res global-shutter advantage.
DEVO,DEVO,3DV,2024,2,ESVIO,no,Stereo E+F+I,metric,"Sim3, median-of-5",VECtor,mountain_fast,mountain_fast,MPE,%,0.16,ok,DEVO (event-only) beats ESVIO (stereo E+F+I) on ~70% of seqs; baselines (except DPVO/DPVO-dag) taken from ESVIO paper. Methods using frames have a high-res global-shutter advantage.
DEVO,DEVO,3DV,2024,2,ESVIO,no,Stereo E+F+I,metric,"Sim3, median-of-5",VECtor,hdr_normal,hdr_normal,MPE,%,0.57,ok,DEVO (event-only) beats ESVIO (stereo E+F+I) on ~70% of seqs; baselines (except DPVO/DPVO-dag) taken from ESVIO paper. Methods using frames have a high-res global-shutter advantage.
DEVO,DEVO,3DV,2024,2,ESVIO,no,Stereo E+F+I,metric,"Sim3, median-of-5",VECtor,hdr_fast,hdr_fast,MPE,%,0.21,ok,DEVO (event-only) beats ESVIO (stereo E+F+I) on ~70% of seqs; baselines (except DPVO/DPVO-dag) taken from ESVIO paper. Methods using frames have a high-res global-shutter advantage.
DEVO,DEVO,3DV,2024,2,ESVIO,no,Stereo E+F+I,metric,"Sim3, median-of-5",VECtor,corridors_dolly,corridors_dolly,MPE,%,1.13,ok,DEVO (event-only) beats ESVIO (stereo E+F+I) on ~70% of seqs; baselines (except DPVO/DPVO-dag) taken from ESVIO paper. Methods using frames have a high-res global-shutter advantage.
DEVO,DEVO,3DV,2024,2,ESVIO,no,Stereo E+F+I,metric,"Sim3, median-of-5",VECtor,corridors_walk,corridors_walk,MPE,%,0.43,ok,DEVO (event-only) beats ESVIO (stereo E+F+I) on ~70% of seqs; baselines (except DPVO/DPVO-dag) taken from ESVIO paper. Methods using frames have a high-res global-shutter advantage.
DEVO,DEVO,3DV,2024,2,ESVIO,no,Stereo E+F+I,metric,"Sim3, median-of-5",VECtor,school_dolly,school_dolly,MPE,%,0.42,ok,DEVO (event-only) beats ESVIO (stereo E+F+I) on ~70% of seqs; baselines (except DPVO/DPVO-dag) taken from ESVIO paper. Methods using frames have a high-res global-shutter advantage.
DEVO,DEVO,3DV,2024,2,ESVIO,no,Stereo E+F+I,metric,"Sim3, median-of-5",VECtor,school_scooter,school_scooter,MPE,%,0.59,ok,DEVO (event-only) beats ESVIO (stereo E+F+I) on ~70% of seqs; baselines (except DPVO/DPVO-dag) taken from ESVIO paper. Methods using frames have a high-res global-shutter advantage.
DEVO,DEVO,3DV,2024,2,ESVIO,no,Stereo E+F+I,metric,"Sim3, median-of-5",VECtor,units_dolly,units_dolly,MPE,%,3.43,ok,DEVO (event-only) beats ESVIO (stereo E+F+I) on ~70% of seqs; baselines (except DPVO/DPVO-dag) taken from ESVIO paper. Methods using frames have a high-res global-shutter advantage.
DEVO,DEVO,3DV,2024,2,ESVIO,no,Stereo E+F+I,metric,"Sim3, median-of-5",VECtor,units_scooter,units_scooter,MPE,%,2.85,ok,DEVO (event-only) beats ESVIO (stereo E+F+I) on ~70% of seqs; baselines (except DPVO/DPVO-dag) taken from ESVIO paper. Methods using frames have a high-res global-shutter advantage.
DEVO,DEVO,3DV,2024,2,PL-EVIO,no,E+F+I,metric,"Sim3, median-of-5",VECtor,corner_slow,corner_slow,MPE,%,2.1,ok,DEVO (event-only) beats ESVIO (stereo E+F+I) on ~70% of seqs; baselines (except DPVO/DPVO-dag) taken from ESVIO paper. Methods using frames have a high-res global-shutter advantage.
DEVO,DEVO,3DV,2024,2,PL-EVIO,no,E+F+I,metric,"Sim3, median-of-5",VECtor,robot_normal,robot_normal,MPE,%,0.68,ok,DEVO (event-only) beats ESVIO (stereo E+F+I) on ~70% of seqs; baselines (except DPVO/DPVO-dag) taken from ESVIO paper. Methods using frames have a high-res global-shutter advantage.
DEVO,DEVO,3DV,2024,2,PL-EVIO,no,E+F+I,metric,"Sim3, median-of-5",VECtor,robot_fast,robot_fast,MPE,%,0.17,ok,DEVO (event-only) beats ESVIO (stereo E+F+I) on ~70% of seqs; baselines (except DPVO/DPVO-dag) taken from ESVIO paper. Methods using frames have a high-res global-shutter advantage.
DEVO,DEVO,3DV,2024,2,PL-EVIO,no,E+F+I,metric,"Sim3, median-of-5",VECtor,desk_normal,desk_normal,MPE,%,3.66,ok,DEVO (event-only) beats ESVIO (stereo E+F+I) on ~70% of seqs; baselines (except DPVO/DPVO-dag) taken from ESVIO paper. Methods using frames have a high-res global-shutter advantage.
DEVO,DEVO,3DV,2024,2,PL-EVIO,no,E+F+I,metric,"Sim3, median-of-5",VECtor,desk_fast,desk_fast,MPE,%,0.14,ok,DEVO (event-only) beats ESVIO (stereo E+F+I) on ~70% of seqs; baselines (except DPVO/DPVO-dag) taken from ESVIO paper. Methods using frames have a high-res global-shutter advantage.
DEVO,DEVO,3DV,2024,2,PL-EVIO,no,E+F+I,metric,"Sim3, median-of-5",VECtor,sofa_normal,sofa_normal,MPE,%,0.19,ok,DEVO (event-only) beats ESVIO (stereo E+F+I) on ~70% of seqs; baselines (except DPVO/DPVO-dag) taken from ESVIO paper. Methods using frames have a high-res global-shutter advantage.
DEVO,DEVO,3DV,2024,2,PL-EVIO,no,E+F+I,metric,"Sim3, median-of-5",VECtor,sofa_fast,sofa_fast,MPE,%,0.17,ok,DEVO (event-only) beats ESVIO (stereo E+F+I) on ~70% of seqs; baselines (except DPVO/DPVO-dag) taken from ESVIO paper. Methods using frames have a high-res global-shutter advantage.
DEVO,DEVO,3DV,2024,2,PL-EVIO,no,E+F+I,metric,"Sim3, median-of-5",VECtor,mountain_normal,mountain_normal,MPE,%,4.32,ok,DEVO (event-only) beats ESVIO (stereo E+F+I) on ~70% of seqs; baselines (except DPVO/DPVO-dag) taken from ESVIO paper. Methods using frames have a high-res global-shutter advantage.
DEVO,DEVO,3DV,2024,2,PL-EVIO,no,E+F+I,metric,"Sim3, median-of-5",VECtor,mountain_fast,mountain_fast,MPE,%,0.13,ok,DEVO (event-only) beats ESVIO (stereo E+F+I) on ~70% of seqs; baselines (except DPVO/DPVO-dag) taken from ESVIO paper. Methods using frames have a high-res global-shutter advantage.
DEVO,DEVO,3DV,2024,2,PL-EVIO,no,E+F+I,metric,"Sim3, median-of-5",VECtor,hdr_normal,hdr_normal,MPE,%,4.02,ok,DEVO (event-only) beats ESVIO (stereo E+F+I) on ~70% of seqs; baselines (except DPVO/DPVO-dag) taken from ESVIO paper. Methods using frames have a high-res global-shutter advantage.
DEVO,DEVO,3DV,2024,2,PL-EVIO,no,E+F+I,metric,"Sim3, median-of-5",VECtor,hdr_fast,hdr_fast,MPE,%,0.2,ok,DEVO (event-only) beats ESVIO (stereo E+F+I) on ~70% of seqs; baselines (except DPVO/DPVO-dag) taken from ESVIO paper. Methods using frames have a high-res global-shutter advantage.
DEVO,DEVO,3DV,2024,2,PL-EVIO,no,E+F+I,metric,"Sim3, median-of-5",VECtor,corridors_dolly,corridors_dolly,MPE,%,1.58,ok,DEVO (event-only) beats ESVIO (stereo E+F+I) on ~70% of seqs; baselines (except DPVO/DPVO-dag) taken from ESVIO paper. Methods using frames have a high-res global-shutter advantage.
DEVO,DEVO,3DV,2024,2,PL-EVIO,no,E+F+I,metric,"Sim3, median-of-5",VECtor,corridors_walk,corridors_walk,MPE,%,0.92,ok,DEVO (event-only) beats ESVIO (stereo E+F+I) on ~70% of seqs; baselines (except DPVO/DPVO-dag) taken from ESVIO paper. Methods using frames have a high-res global-shutter advantage.
DEVO,DEVO,3DV,2024,2,PL-EVIO,no,E+F+I,metric,"Sim3, median-of-5",VECtor,school_dolly,school_dolly,MPE,%,2.47,ok,DEVO (event-only) beats ESVIO (stereo E+F+I) on ~70% of seqs; baselines (except DPVO/DPVO-dag) taken from ESVIO paper. Methods using frames have a high-res global-shutter advantage.
DEVO,DEVO,3DV,2024,2,PL-EVIO,no,E+F+I,metric,"Sim3, median-of-5",VECtor,school_scooter,school_scooter,MPE,%,1.3,ok,DEVO (event-only) beats ESVIO (stereo E+F+I) on ~70% of seqs; baselines (except DPVO/DPVO-dag) taken from ESVIO paper. Methods using frames have a high-res global-shutter advantage.
DEVO,DEVO,3DV,2024,2,PL-EVIO,no,E+F+I,metric,"Sim3, median-of-5",VECtor,units_dolly,units_dolly,MPE,%,5.84,ok,DEVO (event-only) beats ESVIO (stereo E+F+I) on ~70% of seqs; baselines (except DPVO/DPVO-dag) taken from ESVIO paper. Methods using frames have a high-res global-shutter advantage.
DEVO,DEVO,3DV,2024,2,PL-EVIO,no,E+F+I,metric,"Sim3, median-of-5",VECtor,units_scooter,units_scooter,MPE,%,5.0,ok,DEVO (event-only) beats ESVIO (stereo E+F+I) on ~70% of seqs; baselines (except DPVO/DPVO-dag) taken from ESVIO paper. Methods using frames have a high-res global-shutter advantage.
DEVO,DEVO,3DV,2024,2,ESVO,no,Stereo E,metric,"Sim3, median-of-5",VECtor,corner_slow,corner_slow,MPE,%,4.83,ok,DEVO (event-only) beats ESVIO (stereo E+F+I) on ~70% of seqs; baselines (except DPVO/DPVO-dag) taken from ESVIO paper. Methods using frames have a high-res global-shutter advantage.
DEVO,DEVO,3DV,2024,2,ESVO,no,Stereo E,metric,"Sim3, median-of-5",VECtor,robot_normal,robot_normal,MPE,%,,failed,DEVO (event-only) beats ESVIO (stereo E+F+I) on ~70% of seqs; baselines (except DPVO/DPVO-dag) taken from ESVIO paper. Methods using frames have a high-res global-shutter advantage.
DEVO,DEVO,3DV,2024,2,ESVO,no,Stereo E,metric,"Sim3, median-of-5",VECtor,robot_fast,robot_fast,MPE,%,,failed,DEVO (event-only) beats ESVIO (stereo E+F+I) on ~70% of seqs; baselines (except DPVO/DPVO-dag) taken from ESVIO paper. Methods using frames have a high-res global-shutter advantage.
DEVO,DEVO,3DV,2024,2,ESVO,no,Stereo E,metric,"Sim3, median-of-5",VECtor,desk_normal,desk_normal,MPE,%,,failed,DEVO (event-only) beats ESVIO (stereo E+F+I) on ~70% of seqs; baselines (except DPVO/DPVO-dag) taken from ESVIO paper. Methods using frames have a high-res global-shutter advantage.
DEVO,DEVO,3DV,2024,2,ESVO,no,Stereo E,metric,"Sim3, median-of-5",VECtor,desk_fast,desk_fast,MPE,%,,failed,DEVO (event-only) beats ESVIO (stereo E+F+I) on ~70% of seqs; baselines (except DPVO/DPVO-dag) taken from ESVIO paper. Methods using frames have a high-res global-shutter advantage.
DEVO,DEVO,3DV,2024,2,ESVO,no,Stereo E,metric,"Sim3, median-of-5",VECtor,sofa_normal,sofa_normal,MPE,%,1.77,ok,DEVO (event-only) beats ESVIO (stereo E+F+I) on ~70% of seqs; baselines (except DPVO/DPVO-dag) taken from ESVIO paper. Methods using frames have a high-res global-shutter advantage.
DEVO,DEVO,3DV,2024,2,ESVO,no,Stereo E,metric,"Sim3, median-of-5",VECtor,sofa_fast,sofa_fast,MPE,%,,failed,DEVO (event-only) beats ESVIO (stereo E+F+I) on ~70% of seqs; baselines (except DPVO/DPVO-dag) taken from ESVIO paper. Methods using frames have a high-res global-shutter advantage.
DEVO,DEVO,3DV,2024,2,ESVO,no,Stereo E,metric,"Sim3, median-of-5",VECtor,mountain_normal,mountain_normal,MPE,%,,failed,DEVO (event-only) beats ESVIO (stereo E+F+I) on ~70% of seqs; baselines (except DPVO/DPVO-dag) taken from ESVIO paper. Methods using frames have a high-res global-shutter advantage.
DEVO,DEVO,3DV,2024,2,ESVO,no,Stereo E,metric,"Sim3, median-of-5",VECtor,mountain_fast,mountain_fast,MPE,%,,failed,DEVO (event-only) beats ESVIO (stereo E+F+I) on ~70% of seqs; baselines (except DPVO/DPVO-dag) taken from ESVIO paper. Methods using frames have a high-res global-shutter advantage.
DEVO,DEVO,3DV,2024,2,ESVO,no,Stereo E,metric,"Sim3, median-of-5",VECtor,hdr_normal,hdr_normal,MPE,%,,failed,DEVO (event-only) beats ESVIO (stereo E+F+I) on ~70% of seqs; baselines (except DPVO/DPVO-dag) taken from ESVIO paper. Methods using frames have a high-res global-shutter advantage.
DEVO,DEVO,3DV,2024,2,ESVO,no,Stereo E,metric,"Sim3, median-of-5",VECtor,hdr_fast,hdr_fast,MPE,%,,failed,DEVO (event-only) beats ESVIO (stereo E+F+I) on ~70% of seqs; baselines (except DPVO/DPVO-dag) taken from ESVIO paper. Methods using frames have a high-res global-shutter advantage.
DEVO,DEVO,3DV,2024,2,ESVO,no,Stereo E,metric,"Sim3, median-of-5",VECtor,corridors_dolly,corridors_dolly,MPE,%,,failed,DEVO (event-only) beats ESVIO (stereo E+F+I) on ~70% of seqs; baselines (except DPVO/DPVO-dag) taken from ESVIO paper. Methods using frames have a high-res global-shutter advantage.
DEVO,DEVO,3DV,2024,2,ESVO,no,Stereo E,metric,"Sim3, median-of-5",VECtor,corridors_walk,corridors_walk,MPE,%,,failed,DEVO (event-only) beats ESVIO (stereo E+F+I) on ~70% of seqs; baselines (except DPVO/DPVO-dag) taken from ESVIO paper. Methods using frames have a high-res global-shutter advantage.
DEVO,DEVO,3DV,2024,2,ESVO,no,Stereo E,metric,"Sim3, median-of-5",VECtor,school_dolly,school_dolly,MPE,%,10.9,ok,DEVO (event-only) beats ESVIO (stereo E+F+I) on ~70% of seqs; baselines (except DPVO/DPVO-dag) taken from ESVIO paper. Methods using frames have a high-res global-shutter advantage.
DEVO,DEVO,3DV,2024,2,ESVO,no,Stereo E,metric,"Sim3, median-of-5",VECtor,school_scooter,school_scooter,MPE,%,9.21,ok,DEVO (event-only) beats ESVIO (stereo E+F+I) on ~70% of seqs; baselines (except DPVO/DPVO-dag) taken from ESVIO paper. Methods using frames have a high-res global-shutter advantage.
DEVO,DEVO,3DV,2024,2,ESVO,no,Stereo E,metric,"Sim3, median-of-5",VECtor,units_dolly,units_dolly,MPE,%,,failed,DEVO (event-only) beats ESVIO (stereo E+F+I) on ~70% of seqs; baselines (except DPVO/DPVO-dag) taken from ESVIO paper. Methods using frames have a high-res global-shutter advantage.
DEVO,DEVO,3DV,2024,2,ESVO,no,Stereo E,metric,"Sim3, median-of-5",VECtor,units_scooter,units_scooter,MPE,%,,failed,DEVO (event-only) beats ESVIO (stereo E+F+I) on ~70% of seqs; baselines (except DPVO/DPVO-dag) taken from ESVIO paper. Methods using frames have a high-res global-shutter advantage.
DEVO,DEVO,3DV,2024,2,EVO,no,E,up-to-scale,"Sim3, median-of-5",VECtor,corner_slow,corner_slow,MPE,%,4.33,ok,DEVO (event-only) beats ESVIO (stereo E+F+I) on ~70% of seqs; baselines (except DPVO/DPVO-dag) taken from ESVIO paper. Methods using frames have a high-res global-shutter advantage.
DEVO,DEVO,3DV,2024,2,EVO,no,E,up-to-scale,"Sim3, median-of-5",VECtor,robot_normal,robot_normal,MPE,%,3.25,ok,DEVO (event-only) beats ESVIO (stereo E+F+I) on ~70% of seqs; baselines (except DPVO/DPVO-dag) taken from ESVIO paper. Methods using frames have a high-res global-shutter advantage.
DEVO,DEVO,3DV,2024,2,EVO,no,E,up-to-scale,"Sim3, median-of-5",VECtor,robot_fast,robot_fast,MPE,%,,failed,DEVO (event-only) beats ESVIO (stereo E+F+I) on ~70% of seqs; baselines (except DPVO/DPVO-dag) taken from ESVIO paper. Methods using frames have a high-res global-shutter advantage.
DEVO,DEVO,3DV,2024,2,EVO,no,E,up-to-scale,"Sim3, median-of-5",VECtor,desk_normal,desk_normal,MPE,%,,failed,DEVO (event-only) beats ESVIO (stereo E+F+I) on ~70% of seqs; baselines (except DPVO/DPVO-dag) taken from ESVIO paper. Methods using frames have a high-res global-shutter advantage.
DEVO,DEVO,3DV,2024,2,EVO,no,E,up-to-scale,"Sim3, median-of-5",VECtor,desk_fast,desk_fast,MPE,%,,failed,DEVO (event-only) beats ESVIO (stereo E+F+I) on ~70% of seqs; baselines (except DPVO/DPVO-dag) taken from ESVIO paper. Methods using frames have a high-res global-shutter advantage.
DEVO,DEVO,3DV,2024,2,EVO,no,E,up-to-scale,"Sim3, median-of-5",VECtor,sofa_normal,sofa_normal,MPE,%,,failed,DEVO (event-only) beats ESVIO (stereo E+F+I) on ~70% of seqs; baselines (except DPVO/DPVO-dag) taken from ESVIO paper. Methods using frames have a high-res global-shutter advantage.
DEVO,DEVO,3DV,2024,2,EVO,no,E,up-to-scale,"Sim3, median-of-5",VECtor,sofa_fast,sofa_fast,MPE,%,,failed,DEVO (event-only) beats ESVIO (stereo E+F+I) on ~70% of seqs; baselines (except DPVO/DPVO-dag) taken from ESVIO paper. Methods using frames have a high-res global-shutter advantage.
DEVO,DEVO,3DV,2024,2,EVO,no,E,up-to-scale,"Sim3, median-of-5",VECtor,mountain_normal,mountain_normal,MPE,%,,failed,DEVO (event-only) beats ESVIO (stereo E+F+I) on ~70% of seqs; baselines (except DPVO/DPVO-dag) taken from ESVIO paper. Methods using frames have a high-res global-shutter advantage.
DEVO,DEVO,3DV,2024,2,EVO,no,E,up-to-scale,"Sim3, median-of-5",VECtor,mountain_fast,mountain_fast,MPE,%,,failed,DEVO (event-only) beats ESVIO (stereo E+F+I) on ~70% of seqs; baselines (except DPVO/DPVO-dag) taken from ESVIO paper. Methods using frames have a high-res global-shutter advantage.
DEVO,DEVO,3DV,2024,2,EVO,no,E,up-to-scale,"Sim3, median-of-5",VECtor,hdr_normal,hdr_normal,MPE,%,,failed,DEVO (event-only) beats ESVIO (stereo E+F+I) on ~70% of seqs; baselines (except DPVO/DPVO-dag) taken from ESVIO paper. Methods using frames have a high-res global-shutter advantage.
DEVO,DEVO,3DV,2024,2,EVO,no,E,up-to-scale,"Sim3, median-of-5",VECtor,hdr_fast,hdr_fast,MPE,%,,failed,DEVO (event-only) beats ESVIO (stereo E+F+I) on ~70% of seqs; baselines (except DPVO/DPVO-dag) taken from ESVIO paper. Methods using frames have a high-res global-shutter advantage.
DEVO,DEVO,3DV,2024,2,EVO,no,E,up-to-scale,"Sim3, median-of-5",VECtor,corridors_dolly,corridors_dolly,MPE,%,,failed,DEVO (event-only) beats ESVIO (stereo E+F+I) on ~70% of seqs; baselines (except DPVO/DPVO-dag) taken from ESVIO paper. Methods using frames have a high-res global-shutter advantage.
DEVO,DEVO,3DV,2024,2,EVO,no,E,up-to-scale,"Sim3, median-of-5",VECtor,corridors_walk,corridors_walk,MPE,%,,failed,DEVO (event-only) beats ESVIO (stereo E+F+I) on ~70% of seqs; baselines (except DPVO/DPVO-dag) taken from ESVIO paper. Methods using frames have a high-res global-shutter advantage.
DEVO,DEVO,3DV,2024,2,EVO,no,E,up-to-scale,"Sim3, median-of-5",VECtor,school_dolly,school_dolly,MPE,%,,failed,DEVO (event-only) beats ESVIO (stereo E+F+I) on ~70% of seqs; baselines (except DPVO/DPVO-dag) taken from ESVIO paper. Methods using frames have a high-res global-shutter advantage.
DEVO,DEVO,3DV,2024,2,EVO,no,E,up-to-scale,"Sim3, median-of-5",VECtor,school_scooter,school_scooter,MPE,%,,failed,DEVO (event-only) beats ESVIO (stereo E+F+I) on ~70% of seqs; baselines (except DPVO/DPVO-dag) taken from ESVIO paper. Methods using frames have a high-res global-shutter advantage.
DEVO,DEVO,3DV,2024,2,EVO,no,E,up-to-scale,"Sim3, median-of-5",VECtor,units_dolly,units_dolly,MPE,%,,failed,DEVO (event-only) beats ESVIO (stereo E+F+I) on ~70% of seqs; baselines (except DPVO/DPVO-dag) taken from ESVIO paper. Methods using frames have a high-res global-shutter advantage.
DEVO,DEVO,3DV,2024,2,EVO,no,E,up-to-scale,"Sim3, median-of-5",VECtor,units_scooter,units_scooter,MPE,%,,failed,DEVO (event-only) beats ESVIO (stereo E+F+I) on ~70% of seqs; baselines (except DPVO/DPVO-dag) taken from ESVIO paper. Methods using frames have a high-res global-shutter advantage.
DEVO,DEVO,3DV,2024,2,DPVO-dagger,no,E,up-to-scale,"Sim3, median-of-5",VECtor,corner_slow,corner_slow,MPE,%,,failed,DEVO (event-only) beats ESVIO (stereo E+F+I) on ~70% of seqs; baselines (except DPVO/DPVO-dag) taken from ESVIO paper. Methods using frames have a high-res global-shutter advantage.
DEVO,DEVO,3DV,2024,2,DPVO-dagger,no,E,up-to-scale,"Sim3, median-of-5",VECtor,robot_normal,robot_normal,MPE,%,0.22,ok,DEVO (event-only) beats ESVIO (stereo E+F+I) on ~70% of seqs; baselines (except DPVO/DPVO-dag) taken from ESVIO paper. Methods using frames have a high-res global-shutter advantage.
DEVO,DEVO,3DV,2024,2,DPVO-dagger,no,E,up-to-scale,"Sim3, median-of-5",VECtor,robot_fast,robot_fast,MPE,%,0.73,ok,DEVO (event-only) beats ESVIO (stereo E+F+I) on ~70% of seqs; baselines (except DPVO/DPVO-dag) taken from ESVIO paper. Methods using frames have a high-res global-shutter advantage.
DEVO,DEVO,3DV,2024,2,DPVO-dagger,no,E,up-to-scale,"Sim3, median-of-5",VECtor,desk_normal,desk_normal,MPE,%,0.18,ok,DEVO (event-only) beats ESVIO (stereo E+F+I) on ~70% of seqs; baselines (except DPVO/DPVO-dag) taken from ESVIO paper. Methods using frames have a high-res global-shutter advantage.
DEVO,DEVO,3DV,2024,2,DPVO-dagger,no,E,up-to-scale,"Sim3, median-of-5",VECtor,desk_fast,desk_fast,MPE,%,0.77,ok,DEVO (event-only) beats ESVIO (stereo E+F+I) on ~70% of seqs; baselines (except DPVO/DPVO-dag) taken from ESVIO paper. Methods using frames have a high-res global-shutter advantage.
DEVO,DEVO,3DV,2024,2,DPVO-dagger,no,E,up-to-scale,"Sim3, median-of-5",VECtor,sofa_normal,sofa_normal,MPE,%,0.22,ok,DEVO (event-only) beats ESVIO (stereo E+F+I) on ~70% of seqs; baselines (except DPVO/DPVO-dag) taken from ESVIO paper. Methods using frames have a high-res global-shutter advantage.
DEVO,DEVO,3DV,2024,2,DPVO-dagger,no,E,up-to-scale,"Sim3, median-of-5",VECtor,sofa_fast,sofa_fast,MPE,%,0.6,ok,DEVO (event-only) beats ESVIO (stereo E+F+I) on ~70% of seqs; baselines (except DPVO/DPVO-dag) taken from ESVIO paper. Methods using frames have a high-res global-shutter advantage.
DEVO,DEVO,3DV,2024,2,DPVO-dagger,no,E,up-to-scale,"Sim3, median-of-5",VECtor,mountain_normal,mountain_normal,MPE,%,0.09,ok,DEVO (event-only) beats ESVIO (stereo E+F+I) on ~70% of seqs; baselines (except DPVO/DPVO-dag) taken from ESVIO paper. Methods using frames have a high-res global-shutter advantage.
DEVO,DEVO,3DV,2024,2,DPVO-dagger,no,E,up-to-scale,"Sim3, median-of-5",VECtor,mountain_fast,mountain_fast,MPE,%,0.31,ok,DEVO (event-only) beats ESVIO (stereo E+F+I) on ~70% of seqs; baselines (except DPVO/DPVO-dag) taken from ESVIO paper. Methods using frames have a high-res global-shutter advantage.
DEVO,DEVO,3DV,2024,2,DPVO-dagger,no,E,up-to-scale,"Sim3, median-of-5",VECtor,hdr_normal,hdr_normal,MPE,%,0.52,ok,DEVO (event-only) beats ESVIO (stereo E+F+I) on ~70% of seqs; baselines (except DPVO/DPVO-dag) taken from ESVIO paper. Methods using frames have a high-res global-shutter advantage.
DEVO,DEVO,3DV,2024,2,DPVO-dagger,no,E,up-to-scale,"Sim3, median-of-5",VECtor,hdr_fast,hdr_fast,MPE,%,0.2,ok,DEVO (event-only) beats ESVIO (stereo E+F+I) on ~70% of seqs; baselines (except DPVO/DPVO-dag) taken from ESVIO paper. Methods using frames have a high-res global-shutter advantage.
DEVO,DEVO,3DV,2024,2,DPVO-dagger,no,E,up-to-scale,"Sim3, median-of-5",VECtor,corridors_dolly,corridors_dolly,MPE,%,,failed,DEVO (event-only) beats ESVIO (stereo E+F+I) on ~70% of seqs; baselines (except DPVO/DPVO-dag) taken from ESVIO paper. Methods using frames have a high-res global-shutter advantage.
DEVO,DEVO,3DV,2024,2,DPVO-dagger,no,E,up-to-scale,"Sim3, median-of-5",VECtor,corridors_walk,corridors_walk,MPE,%,,failed,DEVO (event-only) beats ESVIO (stereo E+F+I) on ~70% of seqs; baselines (except DPVO/DPVO-dag) taken from ESVIO paper. Methods using frames have a high-res global-shutter advantage.
DEVO,DEVO,3DV,2024,2,DPVO-dagger,no,E,up-to-scale,"Sim3, median-of-5",VECtor,school_dolly,school_dolly,MPE,%,4.61,ok,DEVO (event-only) beats ESVIO (stereo E+F+I) on ~70% of seqs; baselines (except DPVO/DPVO-dag) taken from ESVIO paper. Methods using frames have a high-res global-shutter advantage.
DEVO,DEVO,3DV,2024,2,DPVO-dagger,no,E,up-to-scale,"Sim3, median-of-5",VECtor,school_scooter,school_scooter,MPE,%,0.55,ok,DEVO (event-only) beats ESVIO (stereo E+F+I) on ~70% of seqs; baselines (except DPVO/DPVO-dag) taken from ESVIO paper. Methods using frames have a high-res global-shutter advantage.
DEVO,DEVO,3DV,2024,2,DPVO-dagger,no,E,up-to-scale,"Sim3, median-of-5",VECtor,units_dolly,units_dolly,MPE,%,,failed,DEVO (event-only) beats ESVIO (stereo E+F+I) on ~70% of seqs; baselines (except DPVO/DPVO-dag) taken from ESVIO paper. Methods using frames have a high-res global-shutter advantage.
DEVO,DEVO,3DV,2024,2,DPVO-dagger,no,E,up-to-scale,"Sim3, median-of-5",VECtor,units_scooter,units_scooter,MPE,%,3.69,ok,DEVO (event-only) beats ESVIO (stereo E+F+I) on ~70% of seqs; baselines (except DPVO/DPVO-dag) taken from ESVIO paper. Methods using frames have a high-res global-shutter advantage.
DEVO,DEVO,3DV,2024,2,DEVO,yes,E,up-to-scale,"Sim3, median-of-5",VECtor,corner_slow,corner_slow,MPE,%,0.59,ok,DEVO (event-only) beats ESVIO (stereo E+F+I) on ~70% of seqs; baselines (except DPVO/DPVO-dag) taken from ESVIO paper. Methods using frames have a high-res global-shutter advantage.
DEVO,DEVO,3DV,2024,2,DEVO,yes,E,up-to-scale,"Sim3, median-of-5",VECtor,robot_normal,robot_normal,MPE,%,0.17,ok,DEVO (event-only) beats ESVIO (stereo E+F+I) on ~70% of seqs; baselines (except DPVO/DPVO-dag) taken from ESVIO paper. Methods using frames have a high-res global-shutter advantage.
DEVO,DEVO,3DV,2024,2,DEVO,yes,E,up-to-scale,"Sim3, median-of-5",VECtor,robot_fast,robot_fast,MPE,%,0.13,ok,DEVO (event-only) beats ESVIO (stereo E+F+I) on ~70% of seqs; baselines (except DPVO/DPVO-dag) taken from ESVIO paper. Methods using frames have a high-res global-shutter advantage.
DEVO,DEVO,3DV,2024,2,DEVO,yes,E,up-to-scale,"Sim3, median-of-5",VECtor,desk_normal,desk_normal,MPE,%,0.11,ok,DEVO (event-only) beats ESVIO (stereo E+F+I) on ~70% of seqs; baselines (except DPVO/DPVO-dag) taken from ESVIO paper. Methods using frames have a high-res global-shutter advantage.
DEVO,DEVO,3DV,2024,2,DEVO,yes,E,up-to-scale,"Sim3, median-of-5",VECtor,desk_fast,desk_fast,MPE,%,0.15,ok,DEVO (event-only) beats ESVIO (stereo E+F+I) on ~70% of seqs; baselines (except DPVO/DPVO-dag) taken from ESVIO paper. Methods using frames have a high-res global-shutter advantage.
DEVO,DEVO,3DV,2024,2,DEVO,yes,E,up-to-scale,"Sim3, median-of-5",VECtor,sofa_normal,sofa_normal,MPE,%,0.13,ok,DEVO (event-only) beats ESVIO (stereo E+F+I) on ~70% of seqs; baselines (except DPVO/DPVO-dag) taken from ESVIO paper. Methods using frames have a high-res global-shutter advantage.
DEVO,DEVO,3DV,2024,2,DEVO,yes,E,up-to-scale,"Sim3, median-of-5",VECtor,sofa_fast,sofa_fast,MPE,%,0.38,ok,DEVO (event-only) beats ESVIO (stereo E+F+I) on ~70% of seqs; baselines (except DPVO/DPVO-dag) taken from ESVIO paper. Methods using frames have a high-res global-shutter advantage.
DEVO,DEVO,3DV,2024,2,DEVO,yes,E,up-to-scale,"Sim3, median-of-5",VECtor,mountain_normal,mountain_normal,MPE,%,0.09,ok,DEVO (event-only) beats ESVIO (stereo E+F+I) on ~70% of seqs; baselines (except DPVO/DPVO-dag) taken from ESVIO paper. Methods using frames have a high-res global-shutter advantage.
DEVO,DEVO,3DV,2024,2,DEVO,yes,E,up-to-scale,"Sim3, median-of-5",VECtor,mountain_fast,mountain_fast,MPE,%,0.37,ok,DEVO (event-only) beats ESVIO (stereo E+F+I) on ~70% of seqs; baselines (except DPVO/DPVO-dag) taken from ESVIO paper. Methods using frames have a high-res global-shutter advantage.
DEVO,DEVO,3DV,2024,2,DEVO,yes,E,up-to-scale,"Sim3, median-of-5",VECtor,hdr_normal,hdr_normal,MPE,%,0.6,ok,DEVO (event-only) beats ESVIO (stereo E+F+I) on ~70% of seqs; baselines (except DPVO/DPVO-dag) taken from ESVIO paper. Methods using frames have a high-res global-shutter advantage.
DEVO,DEVO,3DV,2024,2,DEVO,yes,E,up-to-scale,"Sim3, median-of-5",VECtor,hdr_fast,hdr_fast,MPE,%,0.24,ok,DEVO (event-only) beats ESVIO (stereo E+F+I) on ~70% of seqs; baselines (except DPVO/DPVO-dag) taken from ESVIO paper. Methods using frames have a high-res global-shutter advantage.
DEVO,DEVO,3DV,2024,2,DEVO,yes,E,up-to-scale,"Sim3, median-of-5",VECtor,corridors_dolly,corridors_dolly,MPE,%,0.51,ok,DEVO (event-only) beats ESVIO (stereo E+F+I) on ~70% of seqs; baselines (except DPVO/DPVO-dag) taken from ESVIO paper. Methods using frames have a high-res global-shutter advantage.
DEVO,DEVO,3DV,2024,2,DEVO,yes,E,up-to-scale,"Sim3, median-of-5",VECtor,corridors_walk,corridors_walk,MPE,%,1.04,ok,DEVO (event-only) beats ESVIO (stereo E+F+I) on ~70% of seqs; baselines (except DPVO/DPVO-dag) taken from ESVIO paper. Methods using frames have a high-res global-shutter advantage.
DEVO,DEVO,3DV,2024,2,DEVO,yes,E,up-to-scale,"Sim3, median-of-5",VECtor,school_dolly,school_dolly,MPE,%,0.29,ok,DEVO (event-only) beats ESVIO (stereo E+F+I) on ~70% of seqs; baselines (except DPVO/DPVO-dag) taken from ESVIO paper. Methods using frames have a high-res global-shutter advantage.
DEVO,DEVO,3DV,2024,2,DEVO,yes,E,up-to-scale,"Sim3, median-of-5",VECtor,school_scooter,school_scooter,MPE,%,0.48,ok,DEVO (event-only) beats ESVIO (stereo E+F+I) on ~70% of seqs; baselines (except DPVO/DPVO-dag) taken from ESVIO paper. Methods using frames have a high-res global-shutter advantage.
DEVO,DEVO,3DV,2024,2,DEVO,yes,E,up-to-scale,"Sim3, median-of-5",VECtor,units_dolly,units_dolly,MPE,%,0.48,ok,DEVO (event-only) beats ESVIO (stereo E+F+I) on ~70% of seqs; baselines (except DPVO/DPVO-dag) taken from ESVIO paper. Methods using frames have a high-res global-shutter advantage.
DEVO,DEVO,3DV,2024,2,DEVO,yes,E,up-to-scale,"Sim3, median-of-5",VECtor,units_scooter,units_scooter,MPE,%,0.88,ok,DEVO (event-only) beats ESVIO (stereo E+F+I) on ~70% of seqs; baselines (except DPVO/DPVO-dag) taken from ESVIO paper. Methods using frames have a high-res global-shutter advantage.
DEVO,DEVO,3DV,2024,2,ORB-SLAM3,no,Stereo F+I,metric,"Sim3, median-of-5",VECtor,corner_slow,corner_slow,ATE,cm,1.2,ok,"ATE column of DEVO Table 2 (Sim3, median-of-5)."
DEVO,DEVO,3DV,2024,2,ORB-SLAM3,no,Stereo F+I,metric,"Sim3, median-of-5",VECtor,robot_normal,robot_normal,ATE,cm,2.9,ok,"ATE column of DEVO Table 2 (Sim3, median-of-5)."
DEVO,DEVO,3DV,2024,2,ORB-SLAM3,no,Stereo F+I,metric,"Sim3, median-of-5",VECtor,robot_fast,robot_fast,ATE,cm,15.0,ok,"ATE column of DEVO Table 2 (Sim3, median-of-5)."
DEVO,DEVO,3DV,2024,2,ORB-SLAM3,no,Stereo F+I,metric,"Sim3, median-of-5",VECtor,desk_normal,desk_normal,ATE,cm,3.9,ok,"ATE column of DEVO Table 2 (Sim3, median-of-5)."
DEVO,DEVO,3DV,2024,2,ORB-SLAM3,no,Stereo F+I,metric,"Sim3, median-of-5",VECtor,desk_fast,desk_fast,ATE,cm,9.9,ok,"ATE column of DEVO Table 2 (Sim3, median-of-5)."
DEVO,DEVO,3DV,2024,2,ORB-SLAM3,no,Stereo F+I,metric,"Sim3, median-of-5",VECtor,sofa_normal,sofa_normal,ATE,cm,4.4,ok,"ATE column of DEVO Table 2 (Sim3, median-of-5)."
DEVO,DEVO,3DV,2024,2,ORB-SLAM3,no,Stereo F+I,metric,"Sim3, median-of-5",VECtor,sofa_fast,sofa_fast,ATE,cm,6.4,ok,"ATE column of DEVO Table 2 (Sim3, median-of-5)."
DEVO,DEVO,3DV,2024,2,ORB-SLAM3,no,Stereo F+I,metric,"Sim3, median-of-5",VECtor,mountain_normal,mountain_normal,ATE,cm,2.6,ok,"ATE column of DEVO Table 2 (Sim3, median-of-5)."
DEVO,DEVO,3DV,2024,2,ORB-SLAM3,no,Stereo F+I,metric,"Sim3, median-of-5",VECtor,mountain_fast,mountain_fast,ATE,cm,5.2,ok,"ATE column of DEVO Table 2 (Sim3, median-of-5)."
DEVO,DEVO,3DV,2024,2,ORB-SLAM3,no,Stereo F+I,metric,"Sim3, median-of-5",VECtor,hdr_normal,hdr_normal,ATE,cm,1.9,ok,"ATE column of DEVO Table 2 (Sim3, median-of-5)."
DEVO,DEVO,3DV,2024,2,ORB-SLAM3,no,Stereo F+I,metric,"Sim3, median-of-5",VECtor,hdr_fast,hdr_fast,ATE,cm,4.0,ok,"ATE column of DEVO Table 2 (Sim3, median-of-5)."
DEVO,DEVO,3DV,2024,2,ORB-SLAM3,no,Stereo F+I,metric,"Sim3, median-of-5",VECtor,corridors_dolly,corridors_dolly,ATE,cm,80,ok,"ATE column of DEVO Table 2 (Sim3, median-of-5)."
DEVO,DEVO,3DV,2024,2,ORB-SLAM3,no,Stereo F+I,metric,"Sim3, median-of-5",VECtor,corridors_walk,corridors_walk,ATE,cm,103,ok,"ATE column of DEVO Table 2 (Sim3, median-of-5)."
DEVO,DEVO,3DV,2024,2,ORB-SLAM3,no,Stereo F+I,metric,"Sim3, median-of-5",VECtor,school_dolly,school_dolly,ATE,cm,92,ok,"ATE column of DEVO Table 2 (Sim3, median-of-5)."
DEVO,DEVO,3DV,2024,2,ORB-SLAM3,no,Stereo F+I,metric,"Sim3, median-of-5",VECtor,school_scooter,school_scooter,ATE,cm,75,ok,"ATE column of DEVO Table 2 (Sim3, median-of-5)."
DEVO,DEVO,3DV,2024,2,ORB-SLAM3,no,Stereo F+I,metric,"Sim3, median-of-5",VECtor,units_dolly,units_dolly,ATE,cm,1806,ok,"ATE column of DEVO Table 2 (Sim3, median-of-5)."
DEVO,DEVO,3DV,2024,2,ORB-SLAM3,no,Stereo F+I,metric,"Sim3, median-of-5",VECtor,units_scooter,units_scooter,ATE,cm,1450,ok,"ATE column of DEVO Table 2 (Sim3, median-of-5)."
DEVO,DEVO,3DV,2024,2,VINS-Fusion,no,Stereo F+I,metric,"Sim3, median-of-5",VECtor,corner_slow,corner_slow,ATE,cm,1.3,ok,"ATE column of DEVO Table 2 (Sim3, median-of-5)."
DEVO,DEVO,3DV,2024,2,VINS-Fusion,no,Stereo F+I,metric,"Sim3, median-of-5",VECtor,robot_normal,robot_normal,ATE,cm,2.3,ok,"ATE column of DEVO Table 2 (Sim3, median-of-5)."
DEVO,DEVO,3DV,2024,2,VINS-Fusion,no,Stereo F+I,metric,"Sim3, median-of-5",VECtor,robot_fast,robot_fast,ATE,cm,,failed,"ATE column of DEVO Table 2 (Sim3, median-of-5)."
DEVO,DEVO,3DV,2024,2,VINS-Fusion,no,Stereo F+I,metric,"Sim3, median-of-5",VECtor,desk_normal,desk_normal,ATE,cm,4.0,ok,"ATE column of DEVO Table 2 (Sim3, median-of-5)."
DEVO,DEVO,3DV,2024,2,VINS-Fusion,no,Stereo F+I,metric,"Sim3, median-of-5",VECtor,desk_fast,desk_fast,ATE,cm,10.0,ok,"ATE column of DEVO Table 2 (Sim3, median-of-5)."
DEVO,DEVO,3DV,2024,2,VINS-Fusion,no,Stereo F+I,metric,"Sim3, median-of-5",VECtor,sofa_normal,sofa_normal,ATE,cm,3.8,ok,"ATE column of DEVO Table 2 (Sim3, median-of-5)."
DEVO,DEVO,3DV,2024,2,VINS-Fusion,no,Stereo F+I,metric,"Sim3, median-of-5",VECtor,sofa_fast,sofa_fast,ATE,cm,17.0,ok,"ATE column of DEVO Table 2 (Sim3, median-of-5)."
DEVO,DEVO,3DV,2024,2,VINS-Fusion,no,Stereo F+I,metric,"Sim3, median-of-5",VECtor,mountain_normal,mountain_normal,ATE,cm,30.0,ok,"ATE column of DEVO Table 2 (Sim3, median-of-5)."
DEVO,DEVO,3DV,2024,2,VINS-Fusion,no,Stereo F+I,metric,"Sim3, median-of-5",VECtor,mountain_fast,mountain_fast,ATE,cm,,failed,"ATE column of DEVO Table 2 (Sim3, median-of-5)."
DEVO,DEVO,3DV,2024,2,VINS-Fusion,no,Stereo F+I,metric,"Sim3, median-of-5",VECtor,hdr_normal,hdr_normal,ATE,cm,3.8,ok,"ATE column of DEVO Table 2 (Sim3, median-of-5)."
DEVO,DEVO,3DV,2024,2,VINS-Fusion,no,Stereo F+I,metric,"Sim3, median-of-5",VECtor,hdr_fast,hdr_fast,ATE,cm,5.5,ok,"ATE column of DEVO Table 2 (Sim3, median-of-5)."
DEVO,DEVO,3DV,2024,2,VINS-Fusion,no,Stereo F+I,metric,"Sim3, median-of-5",VECtor,corridors_dolly,corridors_dolly,ATE,cm,146,ok,"ATE column of DEVO Table 2 (Sim3, median-of-5)."
DEVO,DEVO,3DV,2024,2,VINS-Fusion,no,Stereo F+I,metric,"Sim3, median-of-5",VECtor,corridors_walk,corridors_walk,ATE,cm,39,ok,"ATE column of DEVO Table 2 (Sim3, median-of-5)."
DEVO,DEVO,3DV,2024,2,VINS-Fusion,no,Stereo F+I,metric,"Sim3, median-of-5",VECtor,school_dolly,school_dolly,ATE,cm,179,ok,"ATE column of DEVO Table 2 (Sim3, median-of-5)."
DEVO,DEVO,3DV,2024,2,VINS-Fusion,no,Stereo F+I,metric,"Sim3, median-of-5",VECtor,school_scooter,school_scooter,ATE,cm,56,ok,"ATE column of DEVO Table 2 (Sim3, median-of-5)."
DEVO,DEVO,3DV,2024,2,VINS-Fusion,no,Stereo F+I,metric,"Sim3, median-of-5",VECtor,units_dolly,units_dolly,ATE,cm,1039,ok,"ATE column of DEVO Table 2 (Sim3, median-of-5)."
DEVO,DEVO,3DV,2024,2,VINS-Fusion,no,Stereo F+I,metric,"Sim3, median-of-5",VECtor,units_scooter,units_scooter,ATE,cm,1147,ok,"ATE column of DEVO Table 2 (Sim3, median-of-5)."
DEVO,DEVO,3DV,2024,2,DPVO,no,F,up-to-scale,"Sim3, median-of-5",VECtor,corner_slow,corner_slow,ATE,cm,0.4,ok,"ATE column of DEVO Table 2 (Sim3, median-of-5)."
DEVO,DEVO,3DV,2024,2,DPVO,no,F,up-to-scale,"Sim3, median-of-5",VECtor,robot_normal,robot_normal,ATE,cm,0.7,ok,"ATE column of DEVO Table 2 (Sim3, median-of-5)."
DEVO,DEVO,3DV,2024,2,DPVO,no,F,up-to-scale,"Sim3, median-of-5",VECtor,robot_fast,robot_fast,ATE,cm,1.7,ok,"ATE column of DEVO Table 2 (Sim3, median-of-5)."
DEVO,DEVO,3DV,2024,2,DPVO,no,F,up-to-scale,"Sim3, median-of-5",VECtor,desk_normal,desk_normal,ATE,cm,1.0,ok,"ATE column of DEVO Table 2 (Sim3, median-of-5)."
DEVO,DEVO,3DV,2024,2,DPVO,no,F,up-to-scale,"Sim3, median-of-5",VECtor,desk_fast,desk_fast,ATE,cm,1.9,ok,"ATE column of DEVO Table 2 (Sim3, median-of-5)."
DEVO,DEVO,3DV,2024,2,DPVO,no,F,up-to-scale,"Sim3, median-of-5",VECtor,sofa_normal,sofa_normal,ATE,cm,2.1,ok,"ATE column of DEVO Table 2 (Sim3, median-of-5)."
DEVO,DEVO,3DV,2024,2,DPVO,no,F,up-to-scale,"Sim3, median-of-5",VECtor,sofa_fast,sofa_fast,ATE,cm,2.2,ok,"ATE column of DEVO Table 2 (Sim3, median-of-5)."
DEVO,DEVO,3DV,2024,2,DPVO,no,F,up-to-scale,"Sim3, median-of-5",VECtor,mountain_normal,mountain_normal,ATE,cm,0.7,ok,"ATE column of DEVO Table 2 (Sim3, median-of-5)."
DEVO,DEVO,3DV,2024,2,DPVO,no,F,up-to-scale,"Sim3, median-of-5",VECtor,mountain_fast,mountain_fast,ATE,cm,3.7,ok,"ATE column of DEVO Table 2 (Sim3, median-of-5)."
DEVO,DEVO,3DV,2024,2,DPVO,no,F,up-to-scale,"Sim3, median-of-5",VECtor,hdr_normal,hdr_normal,ATE,cm,0.5,ok,"ATE column of DEVO Table 2 (Sim3, median-of-5)."
DEVO,DEVO,3DV,2024,2,DPVO,no,F,up-to-scale,"Sim3, median-of-5",VECtor,hdr_fast,hdr_fast,ATE,cm,1.2,ok,"ATE column of DEVO Table 2 (Sim3, median-of-5)."
DEVO,DEVO,3DV,2024,2,DPVO,no,F,up-to-scale,"Sim3, median-of-5",VECtor,corridors_dolly,corridors_dolly,ATE,cm,54,ok,"ATE column of DEVO Table 2 (Sim3, median-of-5)."
DEVO,DEVO,3DV,2024,2,DPVO,no,F,up-to-scale,"Sim3, median-of-5",VECtor,corridors_walk,corridors_walk,ATE,cm,50,ok,"ATE column of DEVO Table 2 (Sim3, median-of-5)."
DEVO,DEVO,3DV,2024,2,DPVO,no,F,up-to-scale,"Sim3, median-of-5",VECtor,school_dolly,school_dolly,ATE,cm,16,ok,"ATE column of DEVO Table 2 (Sim3, median-of-5)."
DEVO,DEVO,3DV,2024,2,DPVO,no,F,up-to-scale,"Sim3, median-of-5",VECtor,school_scooter,school_scooter,ATE,cm,47,ok,"ATE column of DEVO Table 2 (Sim3, median-of-5)."
DEVO,DEVO,3DV,2024,2,DPVO,no,F,up-to-scale,"Sim3, median-of-5",VECtor,units_dolly,units_dolly,ATE,cm,452,ok,"ATE column of DEVO Table 2 (Sim3, median-of-5)."
DEVO,DEVO,3DV,2024,2,DPVO,no,F,up-to-scale,"Sim3, median-of-5",VECtor,units_scooter,units_scooter,ATE,cm,497,ok,"ATE column of DEVO Table 2 (Sim3, median-of-5)."
DEVO,DEVO,3DV,2024,2,ESVIO,no,Stereo E+F+I,metric,"Sim3, median-of-5",VECtor,corner_slow,corner_slow,ATE,cm,1.2,ok,"ATE column of DEVO Table 2 (Sim3, median-of-5)."
DEVO,DEVO,3DV,2024,2,ESVIO,no,Stereo E+F+I,metric,"Sim3, median-of-5",VECtor,robot_normal,robot_normal,ATE,cm,4.3,ok,"ATE column of DEVO Table 2 (Sim3, median-of-5)."
DEVO,DEVO,3DV,2024,2,ESVIO,no,Stereo E+F+I,metric,"Sim3, median-of-5",VECtor,robot_fast,robot_fast,ATE,cm,4.2,ok,"ATE column of DEVO Table 2 (Sim3, median-of-5)."
DEVO,DEVO,3DV,2024,2,ESVIO,no,Stereo E+F+I,metric,"Sim3, median-of-5",VECtor,desk_normal,desk_normal,ATE,cm,5.2,ok,"ATE column of DEVO Table 2 (Sim3, median-of-5)."
DEVO,DEVO,3DV,2024,2,ESVIO,no,Stereo E+F+I,metric,"Sim3, median-of-5",VECtor,desk_fast,desk_fast,ATE,cm,4.2,ok,"ATE column of DEVO Table 2 (Sim3, median-of-5)."
DEVO,DEVO,3DV,2024,2,ESVIO,no,Stereo E+F+I,metric,"Sim3, median-of-5",VECtor,sofa_normal,sofa_normal,ATE,cm,4.7,ok,"ATE column of DEVO Table 2 (Sim3, median-of-5)."
DEVO,DEVO,3DV,2024,2,ESVIO,no,Stereo E+F+I,metric,"Sim3, median-of-5",VECtor,sofa_fast,sofa_fast,ATE,cm,5.2,ok,"ATE column of DEVO Table 2 (Sim3, median-of-5)."
DEVO,DEVO,3DV,2024,2,ESVIO,no,Stereo E+F+I,metric,"Sim3, median-of-5",VECtor,mountain_normal,mountain_normal,ATE,cm,4.4,ok,"ATE column of DEVO Table 2 (Sim3, median-of-5)."
DEVO,DEVO,3DV,2024,2,ESVIO,no,Stereo E+F+I,metric,"Sim3, median-of-5",VECtor,mountain_fast,mountain_fast,ATE,cm,3.9,ok,"ATE column of DEVO Table 2 (Sim3, median-of-5)."
DEVO,DEVO,3DV,2024,2,ESVIO,no,Stereo E+F+I,metric,"Sim3, median-of-5",VECtor,hdr_normal,hdr_normal,ATE,cm,1.7,ok,"ATE column of DEVO Table 2 (Sim3, median-of-5)."
DEVO,DEVO,3DV,2024,2,ESVIO,no,Stereo E+F+I,metric,"Sim3, median-of-5",VECtor,hdr_fast,hdr_fast,ATE,cm,3.9,ok,"ATE column of DEVO Table 2 (Sim3, median-of-5)."
DEVO,DEVO,3DV,2024,2,ESVIO,no,Stereo E+F+I,metric,"Sim3, median-of-5",VECtor,corridors_dolly,corridors_dolly,ATE,cm,88,ok,"ATE column of DEVO Table 2 (Sim3, median-of-5)."
DEVO,DEVO,3DV,2024,2,ESVIO,no,Stereo E+F+I,metric,"Sim3, median-of-5",VECtor,corridors_walk,corridors_walk,ATE,cm,34,ok,"ATE column of DEVO Table 2 (Sim3, median-of-5)."
DEVO,DEVO,3DV,2024,2,ESVIO,no,Stereo E+F+I,metric,"Sim3, median-of-5",VECtor,school_dolly,school_dolly,ATE,cm,53,ok,"ATE column of DEVO Table 2 (Sim3, median-of-5)."
DEVO,DEVO,3DV,2024,2,ESVIO,no,Stereo E+F+I,metric,"Sim3, median-of-5",VECtor,school_scooter,school_scooter,ATE,cm,63,ok,"ATE column of DEVO Table 2 (Sim3, median-of-5)."
DEVO,DEVO,3DV,2024,2,ESVIO,no,Stereo E+F+I,metric,"Sim3, median-of-5",VECtor,units_dolly,units_dolly,ATE,cm,812,ok,"ATE column of DEVO Table 2 (Sim3, median-of-5)."
DEVO,DEVO,3DV,2024,2,ESVIO,no,Stereo E+F+I,metric,"Sim3, median-of-5",VECtor,units_scooter,units_scooter,ATE,cm,664,ok,"ATE column of DEVO Table 2 (Sim3, median-of-5)."
DEVO,DEVO,3DV,2024,2,PL-EVIO,no,E+F+I,metric,"Sim3, median-of-5",VECtor,corner_slow,corner_slow,ATE,cm,1.7,ok,"ATE column of DEVO Table 2 (Sim3, median-of-5)."
DEVO,DEVO,3DV,2024,2,PL-EVIO,no,E+F+I,metric,"Sim3, median-of-5",VECtor,robot_normal,robot_normal,ATE,cm,2.7,ok,"ATE column of DEVO Table 2 (Sim3, median-of-5)."
DEVO,DEVO,3DV,2024,2,PL-EVIO,no,E+F+I,metric,"Sim3, median-of-5",VECtor,robot_fast,robot_fast,ATE,cm,3.7,ok,"ATE column of DEVO Table 2 (Sim3, median-of-5)."
DEVO,DEVO,3DV,2024,2,PL-EVIO,no,E+F+I,metric,"Sim3, median-of-5",VECtor,desk_normal,desk_normal,ATE,cm,31.0,ok,"ATE column of DEVO Table 2 (Sim3, median-of-5)."
DEVO,DEVO,3DV,2024,2,PL-EVIO,no,E+F+I,metric,"Sim3, median-of-5",VECtor,desk_fast,desk_fast,ATE,cm,4.3,ok,"ATE column of DEVO Table 2 (Sim3, median-of-5)."
DEVO,DEVO,3DV,2024,2,PL-EVIO,no,E+F+I,metric,"Sim3, median-of-5",VECtor,sofa_normal,sofa_normal,ATE,cm,5.8,ok,"ATE column of DEVO Table 2 (Sim3, median-of-5)."
DEVO,DEVO,3DV,2024,2,PL-EVIO,no,E+F+I,metric,"Sim3, median-of-5",VECtor,sofa_fast,sofa_fast,ATE,cm,5.0,ok,"ATE column of DEVO Table 2 (Sim3, median-of-5)."
DEVO,DEVO,3DV,2024,2,PL-EVIO,no,E+F+I,metric,"Sim3, median-of-5",VECtor,mountain_normal,mountain_normal,ATE,cm,32.0,ok,"ATE column of DEVO Table 2 (Sim3, median-of-5)."
DEVO,DEVO,3DV,2024,2,PL-EVIO,no,E+F+I,metric,"Sim3, median-of-5",VECtor,mountain_fast,mountain_fast,ATE,cm,3.1,ok,"ATE column of DEVO Table 2 (Sim3, median-of-5)."
DEVO,DEVO,3DV,2024,2,PL-EVIO,no,E+F+I,metric,"Sim3, median-of-5",VECtor,hdr_normal,hdr_normal,ATE,cm,12.0,ok,"ATE column of DEVO Table 2 (Sim3, median-of-5)."
DEVO,DEVO,3DV,2024,2,PL-EVIO,no,E+F+I,metric,"Sim3, median-of-5",VECtor,hdr_fast,hdr_fast,ATE,cm,3.6,ok,"ATE column of DEVO Table 2 (Sim3, median-of-5)."
DEVO,DEVO,3DV,2024,2,PL-EVIO,no,E+F+I,metric,"Sim3, median-of-5",VECtor,corridors_dolly,corridors_dolly,ATE,cm,123,ok,"ATE column of DEVO Table 2 (Sim3, median-of-5)."
DEVO,DEVO,3DV,2024,2,PL-EVIO,no,E+F+I,metric,"Sim3, median-of-5",VECtor,corridors_walk,corridors_walk,ATE,cm,72,ok,"ATE column of DEVO Table 2 (Sim3, median-of-5)."
DEVO,DEVO,3DV,2024,2,PL-EVIO,no,E+F+I,metric,"Sim3, median-of-5",VECtor,school_dolly,school_dolly,ATE,cm,311,ok,"ATE column of DEVO Table 2 (Sim3, median-of-5)."
DEVO,DEVO,3DV,2024,2,PL-EVIO,no,E+F+I,metric,"Sim3, median-of-5",VECtor,school_scooter,school_scooter,ATE,cm,139,ok,"ATE column of DEVO Table 2 (Sim3, median-of-5)."
DEVO,DEVO,3DV,2024,2,PL-EVIO,no,E+F+I,metric,"Sim3, median-of-5",VECtor,units_dolly,units_dolly,ATE,cm,1382,ok,"ATE column of DEVO Table 2 (Sim3, median-of-5)."
DEVO,DEVO,3DV,2024,2,PL-EVIO,no,E+F+I,metric,"Sim3, median-of-5",VECtor,units_scooter,units_scooter,ATE,cm,1166,ok,"ATE column of DEVO Table 2 (Sim3, median-of-5)."
DEVO,DEVO,3DV,2024,2,ESVO,no,Stereo E,metric,"Sim3, median-of-5",VECtor,corner_slow,corner_slow,ATE,cm,3.9,ok,"ATE column of DEVO Table 2 (Sim3, median-of-5)."
DEVO,DEVO,3DV,2024,2,ESVO,no,Stereo E,metric,"Sim3, median-of-5",VECtor,robot_normal,robot_normal,ATE,cm,,failed,"ATE column of DEVO Table 2 (Sim3, median-of-5)."
DEVO,DEVO,3DV,2024,2,ESVO,no,Stereo E,metric,"Sim3, median-of-5",VECtor,robot_fast,robot_fast,ATE,cm,,failed,"ATE column of DEVO Table 2 (Sim3, median-of-5)."
DEVO,DEVO,3DV,2024,2,ESVO,no,Stereo E,metric,"Sim3, median-of-5",VECtor,desk_normal,desk_normal,ATE,cm,,failed,"ATE column of DEVO Table 2 (Sim3, median-of-5)."
DEVO,DEVO,3DV,2024,2,ESVO,no,Stereo E,metric,"Sim3, median-of-5",VECtor,desk_fast,desk_fast,ATE,cm,,failed,"ATE column of DEVO Table 2 (Sim3, median-of-5)."
DEVO,DEVO,3DV,2024,2,ESVO,no,Stereo E,metric,"Sim3, median-of-5",VECtor,sofa_normal,sofa_normal,ATE,cm,53.0,ok,"ATE column of DEVO Table 2 (Sim3, median-of-5)."
DEVO,DEVO,3DV,2024,2,ESVO,no,Stereo E,metric,"Sim3, median-of-5",VECtor,sofa_fast,sofa_fast,ATE,cm,,failed,"ATE column of DEVO Table 2 (Sim3, median-of-5)."
DEVO,DEVO,3DV,2024,2,ESVO,no,Stereo E,metric,"Sim3, median-of-5",VECtor,mountain_normal,mountain_normal,ATE,cm,,failed,"ATE column of DEVO Table 2 (Sim3, median-of-5)."
DEVO,DEVO,3DV,2024,2,ESVO,no,Stereo E,metric,"Sim3, median-of-5",VECtor,mountain_fast,mountain_fast,ATE,cm,,failed,"ATE column of DEVO Table 2 (Sim3, median-of-5)."
DEVO,DEVO,3DV,2024,2,ESVO,no,Stereo E,metric,"Sim3, median-of-5",VECtor,hdr_normal,hdr_normal,ATE,cm,,failed,"ATE column of DEVO Table 2 (Sim3, median-of-5)."
DEVO,DEVO,3DV,2024,2,ESVO,no,Stereo E,metric,"Sim3, median-of-5",VECtor,hdr_fast,hdr_fast,ATE,cm,,failed,"ATE column of DEVO Table 2 (Sim3, median-of-5)."
DEVO,DEVO,3DV,2024,2,ESVO,no,Stereo E,metric,"Sim3, median-of-5",VECtor,corridors_dolly,corridors_dolly,ATE,cm,,failed,"ATE column of DEVO Table 2 (Sim3, median-of-5)."
DEVO,DEVO,3DV,2024,2,ESVO,no,Stereo E,metric,"Sim3, median-of-5",VECtor,corridors_walk,corridors_walk,ATE,cm,,failed,"ATE column of DEVO Table 2 (Sim3, median-of-5)."
DEVO,DEVO,3DV,2024,2,ESVO,no,Stereo E,metric,"Sim3, median-of-5",VECtor,school_dolly,school_dolly,ATE,cm,1371,ok,"ATE column of DEVO Table 2 (Sim3, median-of-5)."
DEVO,DEVO,3DV,2024,2,ESVO,no,Stereo E,metric,"Sim3, median-of-5",VECtor,school_scooter,school_scooter,ATE,cm,983,ok,"ATE column of DEVO Table 2 (Sim3, median-of-5)."
DEVO,DEVO,3DV,2024,2,ESVO,no,Stereo E,metric,"Sim3, median-of-5",VECtor,units_dolly,units_dolly,ATE,cm,,failed,"ATE column of DEVO Table 2 (Sim3, median-of-5)."
DEVO,DEVO,3DV,2024,2,ESVO,no,Stereo E,metric,"Sim3, median-of-5",VECtor,units_scooter,units_scooter,ATE,cm,,failed,"ATE column of DEVO Table 2 (Sim3, median-of-5)."
DEVO,DEVO,3DV,2024,2,EVO,no,E,up-to-scale,"Sim3, median-of-5",VECtor,corner_slow,corner_slow,ATE,cm,3.5,ok,"ATE column of DEVO Table 2 (Sim3, median-of-5)."
DEVO,DEVO,3DV,2024,2,EVO,no,E,up-to-scale,"Sim3, median-of-5",VECtor,robot_normal,robot_normal,ATE,cm,13.0,ok,"ATE column of DEVO Table 2 (Sim3, median-of-5)."
DEVO,DEVO,3DV,2024,2,EVO,no,E,up-to-scale,"Sim3, median-of-5",VECtor,robot_fast,robot_fast,ATE,cm,,failed,"ATE column of DEVO Table 2 (Sim3, median-of-5)."
DEVO,DEVO,3DV,2024,2,EVO,no,E,up-to-scale,"Sim3, median-of-5",VECtor,desk_normal,desk_normal,ATE,cm,,failed,"ATE column of DEVO Table 2 (Sim3, median-of-5)."
DEVO,DEVO,3DV,2024,2,EVO,no,E,up-to-scale,"Sim3, median-of-5",VECtor,desk_fast,desk_fast,ATE,cm,,failed,"ATE column of DEVO Table 2 (Sim3, median-of-5)."
DEVO,DEVO,3DV,2024,2,EVO,no,E,up-to-scale,"Sim3, median-of-5",VECtor,sofa_normal,sofa_normal,ATE,cm,,failed,"ATE column of DEVO Table 2 (Sim3, median-of-5)."
DEVO,DEVO,3DV,2024,2,EVO,no,E,up-to-scale,"Sim3, median-of-5",VECtor,sofa_fast,sofa_fast,ATE,cm,,failed,"ATE column of DEVO Table 2 (Sim3, median-of-5)."
DEVO,DEVO,3DV,2024,2,EVO,no,E,up-to-scale,"Sim3, median-of-5",VECtor,mountain_normal,mountain_normal,ATE,cm,,failed,"ATE column of DEVO Table 2 (Sim3, median-of-5)."
DEVO,DEVO,3DV,2024,2,EVO,no,E,up-to-scale,"Sim3, median-of-5",VECtor,mountain_fast,mountain_fast,ATE,cm,,failed,"ATE column of DEVO Table 2 (Sim3, median-of-5)."
DEVO,DEVO,3DV,2024,2,EVO,no,E,up-to-scale,"Sim3, median-of-5",VECtor,hdr_normal,hdr_normal,ATE,cm,,failed,"ATE column of DEVO Table 2 (Sim3, median-of-5)."
DEVO,DEVO,3DV,2024,2,EVO,no,E,up-to-scale,"Sim3, median-of-5",VECtor,hdr_fast,hdr_fast,ATE,cm,,failed,"ATE column of DEVO Table 2 (Sim3, median-of-5)."
DEVO,DEVO,3DV,2024,2,EVO,no,E,up-to-scale,"Sim3, median-of-5",VECtor,corridors_dolly,corridors_dolly,ATE,cm,,failed,"ATE column of DEVO Table 2 (Sim3, median-of-5)."
DEVO,DEVO,3DV,2024,2,EVO,no,E,up-to-scale,"Sim3, median-of-5",VECtor,corridors_walk,corridors_walk,ATE,cm,,failed,"ATE column of DEVO Table 2 (Sim3, median-of-5)."
DEVO,DEVO,3DV,2024,2,EVO,no,E,up-to-scale,"Sim3, median-of-5",VECtor,school_dolly,school_dolly,ATE,cm,,failed,"ATE column of DEVO Table 2 (Sim3, median-of-5)."
DEVO,DEVO,3DV,2024,2,EVO,no,E,up-to-scale,"Sim3, median-of-5",VECtor,school_scooter,school_scooter,ATE,cm,,failed,"ATE column of DEVO Table 2 (Sim3, median-of-5)."
DEVO,DEVO,3DV,2024,2,EVO,no,E,up-to-scale,"Sim3, median-of-5",VECtor,units_dolly,units_dolly,ATE,cm,,failed,"ATE column of DEVO Table 2 (Sim3, median-of-5)."
DEVO,DEVO,3DV,2024,2,EVO,no,E,up-to-scale,"Sim3, median-of-5",VECtor,units_scooter,units_scooter,ATE,cm,,failed,"ATE column of DEVO Table 2 (Sim3, median-of-5)."
DEVO,DEVO,3DV,2024,2,DPVO-dagger,no,E,up-to-scale,"Sim3, median-of-5",VECtor,corner_slow,corner_slow,ATE,cm,,failed,"ATE column of DEVO Table 2 (Sim3, median-of-5)."
DEVO,DEVO,3DV,2024,2,DPVO-dagger,no,E,up-to-scale,"Sim3, median-of-5",VECtor,robot_normal,robot_normal,ATE,cm,2.4,ok,"ATE column of DEVO Table 2 (Sim3, median-of-5)."
DEVO,DEVO,3DV,2024,2,DPVO-dagger,no,E,up-to-scale,"Sim3, median-of-5",VECtor,robot_fast,robot_fast,ATE,cm,18.9,ok,"ATE column of DEVO Table 2 (Sim3, median-of-5)."
DEVO,DEVO,3DV,2024,2,DPVO-dagger,no,E,up-to-scale,"Sim3, median-of-5",VECtor,desk_normal,desk_normal,ATE,cm,2.6,ok,"ATE column of DEVO Table 2 (Sim3, median-of-5)."
DEVO,DEVO,3DV,2024,2,DPVO-dagger,no,E,up-to-scale,"Sim3, median-of-5",VECtor,desk_fast,desk_fast,ATE,cm,30.2,ok,"ATE column of DEVO Table 2 (Sim3, median-of-5)."
DEVO,DEVO,3DV,2024,2,DPVO-dagger,no,E,up-to-scale,"Sim3, median-of-5",VECtor,sofa_normal,sofa_normal,ATE,cm,10.1,ok,"ATE column of DEVO Table 2 (Sim3, median-of-5)."
DEVO,DEVO,3DV,2024,2,DPVO-dagger,no,E,up-to-scale,"Sim3, median-of-5",VECtor,sofa_fast,sofa_fast,ATE,cm,22.2,ok,"ATE column of DEVO Table 2 (Sim3, median-of-5)."
DEVO,DEVO,3DV,2024,2,DPVO-dagger,no,E,up-to-scale,"Sim3, median-of-5",VECtor,mountain_normal,mountain_normal,ATE,cm,0.8,ok,"ATE column of DEVO Table 2 (Sim3, median-of-5)."
DEVO,DEVO,3DV,2024,2,DPVO-dagger,no,E,up-to-scale,"Sim3, median-of-5",VECtor,mountain_fast,mountain_fast,ATE,cm,11.5,ok,"ATE column of DEVO Table 2 (Sim3, median-of-5)."
DEVO,DEVO,3DV,2024,2,DPVO-dagger,no,E,up-to-scale,"Sim3, median-of-5",VECtor,hdr_normal,hdr_normal,ATE,cm,2.4,ok,"ATE column of DEVO Table 2 (Sim3, median-of-5)."
DEVO,DEVO,3DV,2024,2,DPVO-dagger,no,E,up-to-scale,"Sim3, median-of-5",VECtor,hdr_fast,hdr_fast,ATE,cm,4.6,ok,"ATE column of DEVO Table 2 (Sim3, median-of-5)."
DEVO,DEVO,3DV,2024,2,DPVO-dagger,no,E,up-to-scale,"Sim3, median-of-5",VECtor,corridors_dolly,corridors_dolly,ATE,cm,,failed,"ATE column of DEVO Table 2 (Sim3, median-of-5)."
DEVO,DEVO,3DV,2024,2,DPVO-dagger,no,E,up-to-scale,"Sim3, median-of-5",VECtor,corridors_walk,corridors_walk,ATE,cm,,failed,"ATE column of DEVO Table 2 (Sim3, median-of-5)."
DEVO,DEVO,3DV,2024,2,DPVO-dagger,no,E,up-to-scale,"Sim3, median-of-5",VECtor,school_dolly,school_dolly,ATE,cm,651,ok,"ATE column of DEVO Table 2 (Sim3, median-of-5)."
DEVO,DEVO,3DV,2024,2,DPVO-dagger,no,E,up-to-scale,"Sim3, median-of-5",VECtor,school_scooter,school_scooter,ATE,cm,66,ok,"ATE column of DEVO Table 2 (Sim3, median-of-5)."
DEVO,DEVO,3DV,2024,2,DPVO-dagger,no,E,up-to-scale,"Sim3, median-of-5",VECtor,units_dolly,units_dolly,ATE,cm,,failed,"ATE column of DEVO Table 2 (Sim3, median-of-5)."
DEVO,DEVO,3DV,2024,2,DPVO-dagger,no,E,up-to-scale,"Sim3, median-of-5",VECtor,units_scooter,units_scooter,ATE,cm,1141,ok,"ATE column of DEVO Table 2 (Sim3, median-of-5)."
DEVO,DEVO,3DV,2024,2,DEVO,yes,E,up-to-scale,"Sim3, median-of-5",VECtor,corner_slow,corner_slow,ATE,cm,1.2,ok,"ATE column of DEVO Table 2 (Sim3, median-of-5)."
DEVO,DEVO,3DV,2024,2,DEVO,yes,E,up-to-scale,"Sim3, median-of-5",VECtor,robot_normal,robot_normal,ATE,cm,1.0,ok,"ATE column of DEVO Table 2 (Sim3, median-of-5)."
DEVO,DEVO,3DV,2024,2,DEVO,yes,E,up-to-scale,"Sim3, median-of-5",VECtor,robot_fast,robot_fast,ATE,cm,3.7,ok,"ATE column of DEVO Table 2 (Sim3, median-of-5)."
DEVO,DEVO,3DV,2024,2,DEVO,yes,E,up-to-scale,"Sim3, median-of-5",VECtor,desk_normal,desk_normal,ATE,cm,1.1,ok,"ATE column of DEVO Table 2 (Sim3, median-of-5)."
DEVO,DEVO,3DV,2024,2,DEVO,yes,E,up-to-scale,"Sim3, median-of-5",VECtor,desk_fast,desk_fast,ATE,cm,6.1,ok,"ATE column of DEVO Table 2 (Sim3, median-of-5)."
DEVO,DEVO,3DV,2024,2,DEVO,yes,E,up-to-scale,"Sim3, median-of-5",VECtor,sofa_normal,sofa_normal,ATE,cm,4.7,ok,"ATE column of DEVO Table 2 (Sim3, median-of-5)."
DEVO,DEVO,3DV,2024,2,DEVO,yes,E,up-to-scale,"Sim3, median-of-5",VECtor,sofa_fast,sofa_fast,ATE,cm,14.4,ok,"ATE column of DEVO Table 2 (Sim3, median-of-5)."
DEVO,DEVO,3DV,2024,2,DEVO,yes,E,up-to-scale,"Sim3, median-of-5",VECtor,mountain_normal,mountain_normal,ATE,cm,0.8,ok,"ATE column of DEVO Table 2 (Sim3, median-of-5)."
DEVO,DEVO,3DV,2024,2,DEVO,yes,E,up-to-scale,"Sim3, median-of-5",VECtor,mountain_fast,mountain_fast,ATE,cm,14.0,ok,"ATE column of DEVO Table 2 (Sim3, median-of-5)."
DEVO,DEVO,3DV,2024,2,DEVO,yes,E,up-to-scale,"Sim3, median-of-5",VECtor,hdr_normal,hdr_normal,ATE,cm,3.1,ok,"ATE column of DEVO Table 2 (Sim3, median-of-5)."
DEVO,DEVO,3DV,2024,2,DEVO,yes,E,up-to-scale,"Sim3, median-of-5",VECtor,hdr_fast,hdr_fast,ATE,cm,5.7,ok,"ATE column of DEVO Table 2 (Sim3, median-of-5)."
DEVO,DEVO,3DV,2024,2,DEVO,yes,E,up-to-scale,"Sim3, median-of-5",VECtor,corridors_dolly,corridors_dolly,ATE,cm,53,ok,"ATE column of DEVO Table 2 (Sim3, median-of-5)."
DEVO,DEVO,3DV,2024,2,DEVO,yes,E,up-to-scale,"Sim3, median-of-5",VECtor,corridors_walk,corridors_walk,ATE,cm,113,ok,"ATE column of DEVO Table 2 (Sim3, median-of-5)."
DEVO,DEVO,3DV,2024,2,DEVO,yes,E,up-to-scale,"Sim3, median-of-5",VECtor,school_dolly,school_dolly,ATE,cm,41,ok,"ATE column of DEVO Table 2 (Sim3, median-of-5)."
DEVO,DEVO,3DV,2024,2,DEVO,yes,E,up-to-scale,"Sim3, median-of-5",VECtor,school_scooter,school_scooter,ATE,cm,58,ok,"ATE column of DEVO Table 2 (Sim3, median-of-5)."
DEVO,DEVO,3DV,2024,2,DEVO,yes,E,up-to-scale,"Sim3, median-of-5",VECtor,units_dolly,units_dolly,ATE,cm,131,ok,"ATE column of DEVO Table 2 (Sim3, median-of-5)."
DEVO,DEVO,3DV,2024,2,DEVO,yes,E,up-to-scale,"Sim3, median-of-5",VECtor,units_scooter,units_scooter,ATE,cm,296,ok,"ATE column of DEVO Table 2 (Sim3, median-of-5)."
DEVO,DEVO,3DV,2024,3,ORB-SLAM3,no,Stereo F+I,metric,"Sim3, median-of-5",HKU (stereo),agg_translation,agg_translation,MPE,%,0.15,ok,agg_flip/hdr_circle/hdr_slow have sensor-detection failures; DEVO agg_walk uses top-P sampling. EVO and ESVO fail on all HKU seqs.
DEVO,DEVO,3DV,2024,3,ORB-SLAM3,no,Stereo F+I,metric,"Sim3, median-of-5",HKU (stereo),agg_rotation,agg_rotation,MPE,%,0.35,ok,agg_flip/hdr_circle/hdr_slow have sensor-detection failures; DEVO agg_walk uses top-P sampling. EVO and ESVO fail on all HKU seqs.
DEVO,DEVO,3DV,2024,3,ORB-SLAM3,no,Stereo F+I,metric,"Sim3, median-of-5",HKU (stereo),agg_flip,agg_flip,MPE,%,0.36,ok,agg_flip/hdr_circle/hdr_slow have sensor-detection failures; DEVO agg_walk uses top-P sampling. EVO and ESVO fail on all HKU seqs.
DEVO,DEVO,3DV,2024,3,ORB-SLAM3,no,Stereo F+I,metric,"Sim3, median-of-5",HKU (stereo),agg_walk,agg_walk,MPE,%,,failed,agg_flip/hdr_circle/hdr_slow have sensor-detection failures; DEVO agg_walk uses top-P sampling. EVO and ESVO fail on all HKU seqs.
DEVO,DEVO,3DV,2024,3,ORB-SLAM3,no,Stereo F+I,metric,"Sim3, median-of-5",HKU (stereo),hdr_circle,hdr_circle,MPE,%,0.17,ok,agg_flip/hdr_circle/hdr_slow have sensor-detection failures; DEVO agg_walk uses top-P sampling. EVO and ESVO fail on all HKU seqs.
DEVO,DEVO,3DV,2024,3,ORB-SLAM3,no,Stereo F+I,metric,"Sim3, median-of-5",HKU (stereo),hdr_slow,hdr_slow,MPE,%,0.16,ok,agg_flip/hdr_circle/hdr_slow have sensor-detection failures; DEVO agg_walk uses top-P sampling. EVO and ESVO fail on all HKU seqs.
DEVO,DEVO,3DV,2024,3,ORB-SLAM3,no,Stereo F+I,metric,"Sim3, median-of-5",HKU (stereo),hdr_tran_rota,hdr_tran_rota,MPE,%,0.3,ok,agg_flip/hdr_circle/hdr_slow have sensor-detection failures; DEVO agg_walk uses top-P sampling. EVO and ESVO fail on all HKU seqs.
DEVO,DEVO,3DV,2024,3,ORB-SLAM3,no,Stereo F+I,metric,"Sim3, median-of-5",HKU (stereo),hdr_agg,hdr_agg,MPE,%,0.29,ok,agg_flip/hdr_circle/hdr_slow have sensor-detection failures; DEVO agg_walk uses top-P sampling. EVO and ESVO fail on all HKU seqs.
DEVO,DEVO,3DV,2024,3,ORB-SLAM3,no,Stereo F+I,metric,"Sim3, median-of-5",HKU (stereo),hdr_dark_normal,hdr_dark_normal,MPE,%,,failed,agg_flip/hdr_circle/hdr_slow have sensor-detection failures; DEVO agg_walk uses top-P sampling. EVO and ESVO fail on all HKU seqs.
DEVO,DEVO,3DV,2024,3,VINS-Fusion,no,Stereo F+I,metric,"Sim3, median-of-5",HKU (stereo),agg_translation,agg_translation,MPE,%,0.11,ok,agg_flip/hdr_circle/hdr_slow have sensor-detection failures; DEVO agg_walk uses top-P sampling. EVO and ESVO fail on all HKU seqs.
DEVO,DEVO,3DV,2024,3,VINS-Fusion,no,Stereo F+I,metric,"Sim3, median-of-5",HKU (stereo),agg_rotation,agg_rotation,MPE,%,1.34,ok,agg_flip/hdr_circle/hdr_slow have sensor-detection failures; DEVO agg_walk uses top-P sampling. EVO and ESVO fail on all HKU seqs.
DEVO,DEVO,3DV,2024,3,VINS-Fusion,no,Stereo F+I,metric,"Sim3, median-of-5",HKU (stereo),agg_flip,agg_flip,MPE,%,1.16,ok,agg_flip/hdr_circle/hdr_slow have sensor-detection failures; DEVO agg_walk uses top-P sampling. EVO and ESVO fail on all HKU seqs.
DEVO,DEVO,3DV,2024,3,VINS-Fusion,no,Stereo F+I,metric,"Sim3, median-of-5",HKU (stereo),agg_walk,agg_walk,MPE,%,,failed,agg_flip/hdr_circle/hdr_slow have sensor-detection failures; DEVO agg_walk uses top-P sampling. EVO and ESVO fail on all HKU seqs.
DEVO,DEVO,3DV,2024,3,VINS-Fusion,no,Stereo F+I,metric,"Sim3, median-of-5",HKU (stereo),hdr_circle,hdr_circle,MPE,%,5.03,ok,agg_flip/hdr_circle/hdr_slow have sensor-detection failures; DEVO agg_walk uses top-P sampling. EVO and ESVO fail on all HKU seqs.
DEVO,DEVO,3DV,2024,3,VINS-Fusion,no,Stereo F+I,metric,"Sim3, median-of-5",HKU (stereo),hdr_slow,hdr_slow,MPE,%,0.13,ok,agg_flip/hdr_circle/hdr_slow have sensor-detection failures; DEVO agg_walk uses top-P sampling. EVO and ESVO fail on all HKU seqs.
DEVO,DEVO,3DV,2024,3,VINS-Fusion,no,Stereo F+I,metric,"Sim3, median-of-5",HKU (stereo),hdr_tran_rota,hdr_tran_rota,MPE,%,0.11,ok,agg_flip/hdr_circle/hdr_slow have sensor-detection failures; DEVO agg_walk uses top-P sampling. EVO and ESVO fail on all HKU seqs.
DEVO,DEVO,3DV,2024,3,VINS-Fusion,no,Stereo F+I,metric,"Sim3, median-of-5",HKU (stereo),hdr_agg,hdr_agg,MPE,%,1.21,ok,agg_flip/hdr_circle/hdr_slow have sensor-detection failures; DEVO agg_walk uses top-P sampling. EVO and ESVO fail on all HKU seqs.
DEVO,DEVO,3DV,2024,3,VINS-Fusion,no,Stereo F+I,metric,"Sim3, median-of-5",HKU (stereo),hdr_dark_normal,hdr_dark_normal,MPE,%,0.86,ok,agg_flip/hdr_circle/hdr_slow have sensor-detection failures; DEVO agg_walk uses top-P sampling. EVO and ESVO fail on all HKU seqs.
DEVO,DEVO,3DV,2024,3,DPVO,no,F,up-to-scale,"Sim3, median-of-5",HKU (stereo),agg_translation,agg_translation,MPE,%,0.07,ok,agg_flip/hdr_circle/hdr_slow have sensor-detection failures; DEVO agg_walk uses top-P sampling. EVO and ESVO fail on all HKU seqs.
DEVO,DEVO,3DV,2024,3,DPVO,no,F,up-to-scale,"Sim3, median-of-5",HKU (stereo),agg_rotation,agg_rotation,MPE,%,0.04,ok,agg_flip/hdr_circle/hdr_slow have sensor-detection failures; DEVO agg_walk uses top-P sampling. EVO and ESVO fail on all HKU seqs.
DEVO,DEVO,3DV,2024,3,DPVO,no,F,up-to-scale,"Sim3, median-of-5",HKU (stereo),agg_flip,agg_flip,MPE,%,0.99,ok,agg_flip/hdr_circle/hdr_slow have sensor-detection failures; DEVO agg_walk uses top-P sampling. EVO and ESVO fail on all HKU seqs.
DEVO,DEVO,3DV,2024,3,DPVO,no,F,up-to-scale,"Sim3, median-of-5",HKU (stereo),agg_walk,agg_walk,MPE,%,1.17,ok,agg_flip/hdr_circle/hdr_slow have sensor-detection failures; DEVO agg_walk uses top-P sampling. EVO and ESVO fail on all HKU seqs.
DEVO,DEVO,3DV,2024,3,DPVO,no,F,up-to-scale,"Sim3, median-of-5",HKU (stereo),hdr_circle,hdr_circle,MPE,%,0.31,ok,agg_flip/hdr_circle/hdr_slow have sensor-detection failures; DEVO agg_walk uses top-P sampling. EVO and ESVO fail on all HKU seqs.
DEVO,DEVO,3DV,2024,3,DPVO,no,F,up-to-scale,"Sim3, median-of-5",HKU (stereo),hdr_slow,hdr_slow,MPE,%,0.23,ok,agg_flip/hdr_circle/hdr_slow have sensor-detection failures; DEVO agg_walk uses top-P sampling. EVO and ESVO fail on all HKU seqs.
DEVO,DEVO,3DV,2024,3,DPVO,no,F,up-to-scale,"Sim3, median-of-5",HKU (stereo),hdr_tran_rota,hdr_tran_rota,MPE,%,0.67,ok,agg_flip/hdr_circle/hdr_slow have sensor-detection failures; DEVO agg_walk uses top-P sampling. EVO and ESVO fail on all HKU seqs.
DEVO,DEVO,3DV,2024,3,DPVO,no,F,up-to-scale,"Sim3, median-of-5",HKU (stereo),hdr_agg,hdr_agg,MPE,%,0.29,ok,agg_flip/hdr_circle/hdr_slow have sensor-detection failures; DEVO agg_walk uses top-P sampling. EVO and ESVO fail on all HKU seqs.
DEVO,DEVO,3DV,2024,3,DPVO,no,F,up-to-scale,"Sim3, median-of-5",HKU (stereo),hdr_dark_normal,hdr_dark_normal,MPE,%,,failed,agg_flip/hdr_circle/hdr_slow have sensor-detection failures; DEVO agg_walk uses top-P sampling. EVO and ESVO fail on all HKU seqs.
DEVO,DEVO,3DV,2024,3,ESVIO,no,Stereo E+F+I,metric,"Sim3, median-of-5",HKU (stereo),agg_translation,agg_translation,MPE,%,0.1,ok,agg_flip/hdr_circle/hdr_slow have sensor-detection failures; DEVO agg_walk uses top-P sampling. EVO and ESVO fail on all HKU seqs.
DEVO,DEVO,3DV,2024,3,ESVIO,no,Stereo E+F+I,metric,"Sim3, median-of-5",HKU (stereo),agg_rotation,agg_rotation,MPE,%,0.17,ok,agg_flip/hdr_circle/hdr_slow have sensor-detection failures; DEVO agg_walk uses top-P sampling. EVO and ESVO fail on all HKU seqs.
DEVO,DEVO,3DV,2024,3,ESVIO,no,Stereo E+F+I,metric,"Sim3, median-of-5",HKU (stereo),agg_flip,agg_flip,MPE,%,0.36,ok,agg_flip/hdr_circle/hdr_slow have sensor-detection failures; DEVO agg_walk uses top-P sampling. EVO and ESVO fail on all HKU seqs.
DEVO,DEVO,3DV,2024,3,ESVIO,no,Stereo E+F+I,metric,"Sim3, median-of-5",HKU (stereo),agg_walk,agg_walk,MPE,%,0.31,ok,agg_flip/hdr_circle/hdr_slow have sensor-detection failures; DEVO agg_walk uses top-P sampling. EVO and ESVO fail on all HKU seqs.
DEVO,DEVO,3DV,2024,3,ESVIO,no,Stereo E+F+I,metric,"Sim3, median-of-5",HKU (stereo),hdr_circle,hdr_circle,MPE,%,0.16,ok,agg_flip/hdr_circle/hdr_slow have sensor-detection failures; DEVO agg_walk uses top-P sampling. EVO and ESVO fail on all HKU seqs.
DEVO,DEVO,3DV,2024,3,ESVIO,no,Stereo E+F+I,metric,"Sim3, median-of-5",HKU (stereo),hdr_slow,hdr_slow,MPE,%,0.11,ok,agg_flip/hdr_circle/hdr_slow have sensor-detection failures; DEVO agg_walk uses top-P sampling. EVO and ESVO fail on all HKU seqs.
DEVO,DEVO,3DV,2024,3,ESVIO,no,Stereo E+F+I,metric,"Sim3, median-of-5",HKU (stereo),hdr_tran_rota,hdr_tran_rota,MPE,%,0.1,ok,agg_flip/hdr_circle/hdr_slow have sensor-detection failures; DEVO agg_walk uses top-P sampling. EVO and ESVO fail on all HKU seqs.
DEVO,DEVO,3DV,2024,3,ESVIO,no,Stereo E+F+I,metric,"Sim3, median-of-5",HKU (stereo),hdr_agg,hdr_agg,MPE,%,0.1,ok,agg_flip/hdr_circle/hdr_slow have sensor-detection failures; DEVO agg_walk uses top-P sampling. EVO and ESVO fail on all HKU seqs.
DEVO,DEVO,3DV,2024,3,ESVIO,no,Stereo E+F+I,metric,"Sim3, median-of-5",HKU (stereo),hdr_dark_normal,hdr_dark_normal,MPE,%,0.42,ok,agg_flip/hdr_circle/hdr_slow have sensor-detection failures; DEVO agg_walk uses top-P sampling. EVO and ESVO fail on all HKU seqs.
DEVO,DEVO,3DV,2024,3,PL-EVIO,no,E+F+I,metric,"Sim3, median-of-5",HKU (stereo),agg_translation,agg_translation,MPE,%,0.07,ok,agg_flip/hdr_circle/hdr_slow have sensor-detection failures; DEVO agg_walk uses top-P sampling. EVO and ESVO fail on all HKU seqs.
DEVO,DEVO,3DV,2024,3,PL-EVIO,no,E+F+I,metric,"Sim3, median-of-5",HKU (stereo),agg_rotation,agg_rotation,MPE,%,0.23,ok,agg_flip/hdr_circle/hdr_slow have sensor-detection failures; DEVO agg_walk uses top-P sampling. EVO and ESVO fail on all HKU seqs.
DEVO,DEVO,3DV,2024,3,PL-EVIO,no,E+F+I,metric,"Sim3, median-of-5",HKU (stereo),agg_flip,agg_flip,MPE,%,0.39,ok,agg_flip/hdr_circle/hdr_slow have sensor-detection failures; DEVO agg_walk uses top-P sampling. EVO and ESVO fail on all HKU seqs.
DEVO,DEVO,3DV,2024,3,PL-EVIO,no,E+F+I,metric,"Sim3, median-of-5",HKU (stereo),agg_walk,agg_walk,MPE,%,0.42,ok,agg_flip/hdr_circle/hdr_slow have sensor-detection failures; DEVO agg_walk uses top-P sampling. EVO and ESVO fail on all HKU seqs.
DEVO,DEVO,3DV,2024,3,PL-EVIO,no,E+F+I,metric,"Sim3, median-of-5",HKU (stereo),hdr_circle,hdr_circle,MPE,%,0.14,ok,agg_flip/hdr_circle/hdr_slow have sensor-detection failures; DEVO agg_walk uses top-P sampling. EVO and ESVO fail on all HKU seqs.
DEVO,DEVO,3DV,2024,3,PL-EVIO,no,E+F+I,metric,"Sim3, median-of-5",HKU (stereo),hdr_slow,hdr_slow,MPE,%,0.13,ok,agg_flip/hdr_circle/hdr_slow have sensor-detection failures; DEVO agg_walk uses top-P sampling. EVO and ESVO fail on all HKU seqs.
DEVO,DEVO,3DV,2024,3,PL-EVIO,no,E+F+I,metric,"Sim3, median-of-5",HKU (stereo),hdr_tran_rota,hdr_tran_rota,MPE,%,0.1,ok,agg_flip/hdr_circle/hdr_slow have sensor-detection failures; DEVO agg_walk uses top-P sampling. EVO and ESVO fail on all HKU seqs.
DEVO,DEVO,3DV,2024,3,PL-EVIO,no,E+F+I,metric,"Sim3, median-of-5",HKU (stereo),hdr_agg,hdr_agg,MPE,%,0.14,ok,agg_flip/hdr_circle/hdr_slow have sensor-detection failures; DEVO agg_walk uses top-P sampling. EVO and ESVO fail on all HKU seqs.
DEVO,DEVO,3DV,2024,3,PL-EVIO,no,E+F+I,metric,"Sim3, median-of-5",HKU (stereo),hdr_dark_normal,hdr_dark_normal,MPE,%,1.35,ok,agg_flip/hdr_circle/hdr_slow have sensor-detection failures; DEVO agg_walk uses top-P sampling. EVO and ESVO fail on all HKU seqs.
DEVO,DEVO,3DV,2024,3,DPVO-dagger,no,E,up-to-scale,"Sim3, median-of-5",HKU (stereo),agg_translation,agg_translation,MPE,%,0.12,ok,agg_flip/hdr_circle/hdr_slow have sensor-detection failures; DEVO agg_walk uses top-P sampling. EVO and ESVO fail on all HKU seqs.
DEVO,DEVO,3DV,2024,3,DPVO-dagger,no,E,up-to-scale,"Sim3, median-of-5",HKU (stereo),agg_rotation,agg_rotation,MPE,%,0.28,ok,agg_flip/hdr_circle/hdr_slow have sensor-detection failures; DEVO agg_walk uses top-P sampling. EVO and ESVO fail on all HKU seqs.
DEVO,DEVO,3DV,2024,3,DPVO-dagger,no,E,up-to-scale,"Sim3, median-of-5",HKU (stereo),agg_flip,agg_flip,MPE,%,1.16,ok,agg_flip/hdr_circle/hdr_slow have sensor-detection failures; DEVO agg_walk uses top-P sampling. EVO and ESVO fail on all HKU seqs.
DEVO,DEVO,3DV,2024,3,DPVO-dagger,no,E,up-to-scale,"Sim3, median-of-5",HKU (stereo),agg_walk,agg_walk,MPE,%,,failed,agg_flip/hdr_circle/hdr_slow have sensor-detection failures; DEVO agg_walk uses top-P sampling. EVO and ESVO fail on all HKU seqs.
DEVO,DEVO,3DV,2024,3,DPVO-dagger,no,E,up-to-scale,"Sim3, median-of-5",HKU (stereo),hdr_circle,hdr_circle,MPE,%,1.19,ok,agg_flip/hdr_circle/hdr_slow have sensor-detection failures; DEVO agg_walk uses top-P sampling. EVO and ESVO fail on all HKU seqs.
DEVO,DEVO,3DV,2024,3,DPVO-dagger,no,E,up-to-scale,"Sim3, median-of-5",HKU (stereo),hdr_slow,hdr_slow,MPE,%,0.36,ok,agg_flip/hdr_circle/hdr_slow have sensor-detection failures; DEVO agg_walk uses top-P sampling. EVO and ESVO fail on all HKU seqs.
DEVO,DEVO,3DV,2024,3,DPVO-dagger,no,E,up-to-scale,"Sim3, median-of-5",HKU (stereo),hdr_tran_rota,hdr_tran_rota,MPE,%,0.21,ok,agg_flip/hdr_circle/hdr_slow have sensor-detection failures; DEVO agg_walk uses top-P sampling. EVO and ESVO fail on all HKU seqs.
DEVO,DEVO,3DV,2024,3,DPVO-dagger,no,E,up-to-scale,"Sim3, median-of-5",HKU (stereo),hdr_agg,hdr_agg,MPE,%,0.54,ok,agg_flip/hdr_circle/hdr_slow have sensor-detection failures; DEVO agg_walk uses top-P sampling. EVO and ESVO fail on all HKU seqs.
DEVO,DEVO,3DV,2024,3,DPVO-dagger,no,E,up-to-scale,"Sim3, median-of-5",HKU (stereo),hdr_dark_normal,hdr_dark_normal,MPE,%,0.49,ok,agg_flip/hdr_circle/hdr_slow have sensor-detection failures; DEVO agg_walk uses top-P sampling. EVO and ESVO fail on all HKU seqs.
DEVO,DEVO,3DV,2024,3,DEVO,yes,E,up-to-scale,"Sim3, median-of-5",HKU (stereo),agg_translation,agg_translation,MPE,%,0.06,ok,agg_flip/hdr_circle/hdr_slow have sensor-detection failures; DEVO agg_walk uses top-P sampling. EVO and ESVO fail on all HKU seqs.
DEVO,DEVO,3DV,2024,3,DEVO,yes,E,up-to-scale,"Sim3, median-of-5",HKU (stereo),agg_rotation,agg_rotation,MPE,%,0.05,ok,agg_flip/hdr_circle/hdr_slow have sensor-detection failures; DEVO agg_walk uses top-P sampling. EVO and ESVO fail on all HKU seqs.
DEVO,DEVO,3DV,2024,3,DEVO,yes,E,up-to-scale,"Sim3, median-of-5",HKU (stereo),agg_flip,agg_flip,MPE,%,0.71,ok,agg_flip/hdr_circle/hdr_slow have sensor-detection failures; DEVO agg_walk uses top-P sampling. EVO and ESVO fail on all HKU seqs.
DEVO,DEVO,3DV,2024,3,DEVO,yes,E,up-to-scale,"Sim3, median-of-5",HKU (stereo),agg_walk,agg_walk,MPE,%,0.9,ok,agg_flip/hdr_circle/hdr_slow have sensor-detection failures; DEVO agg_walk uses top-P sampling. EVO and ESVO fail on all HKU seqs.
DEVO,DEVO,3DV,2024,3,DEVO,yes,E,up-to-scale,"Sim3, median-of-5",HKU (stereo),hdr_circle,hdr_circle,MPE,%,0.39,ok,agg_flip/hdr_circle/hdr_slow have sensor-detection failures; DEVO agg_walk uses top-P sampling. EVO and ESVO fail on all HKU seqs.
DEVO,DEVO,3DV,2024,3,DEVO,yes,E,up-to-scale,"Sim3, median-of-5",HKU (stereo),hdr_slow,hdr_slow,MPE,%,0.08,ok,agg_flip/hdr_circle/hdr_slow have sensor-detection failures; DEVO agg_walk uses top-P sampling. EVO and ESVO fail on all HKU seqs.
DEVO,DEVO,3DV,2024,3,DEVO,yes,E,up-to-scale,"Sim3, median-of-5",HKU (stereo),hdr_tran_rota,hdr_tran_rota,MPE,%,0.08,ok,agg_flip/hdr_circle/hdr_slow have sensor-detection failures; DEVO agg_walk uses top-P sampling. EVO and ESVO fail on all HKU seqs.
DEVO,DEVO,3DV,2024,3,DEVO,yes,E,up-to-scale,"Sim3, median-of-5",HKU (stereo),hdr_agg,hdr_agg,MPE,%,0.26,ok,agg_flip/hdr_circle/hdr_slow have sensor-detection failures; DEVO agg_walk uses top-P sampling. EVO and ESVO fail on all HKU seqs.
DEVO,DEVO,3DV,2024,3,DEVO,yes,E,up-to-scale,"Sim3, median-of-5",HKU (stereo),hdr_dark_normal,hdr_dark_normal,MPE,%,0.06,ok,agg_flip/hdr_circle/hdr_slow have sensor-detection failures; DEVO agg_walk uses top-P sampling. EVO and ESVO fail on all HKU seqs.
DEVO,DEVO,3DV,2024,3,ORB-SLAM3,no,Stereo F+I,metric,"Sim3, median-of-5",HKU (stereo),agg_translation,agg_translation,ATE,cm,9.5,ok,ATE column of DEVO Table 3.
DEVO,DEVO,3DV,2024,3,ORB-SLAM3,no,Stereo F+I,metric,"Sim3, median-of-5",HKU (stereo),agg_rotation,agg_rotation,ATE,cm,23.0,ok,ATE column of DEVO Table 3.
DEVO,DEVO,3DV,2024,3,ORB-SLAM3,no,Stereo F+I,metric,"Sim3, median-of-5",HKU (stereo),agg_flip,agg_flip,ATE,cm,14.0,ok,ATE column of DEVO Table 3.
DEVO,DEVO,3DV,2024,3,ORB-SLAM3,no,Stereo F+I,metric,"Sim3, median-of-5",HKU (stereo),agg_walk,agg_walk,ATE,cm,,failed,ATE column of DEVO Table 3.
DEVO,DEVO,3DV,2024,3,ORB-SLAM3,no,Stereo F+I,metric,"Sim3, median-of-5",HKU (stereo),hdr_circle,hdr_circle,ATE,cm,8.3,ok,ATE column of DEVO Table 3.
DEVO,DEVO,3DV,2024,3,ORB-SLAM3,no,Stereo F+I,metric,"Sim3, median-of-5",HKU (stereo),hdr_slow,hdr_slow,ATE,cm,8.6,ok,ATE column of DEVO Table 3.
DEVO,DEVO,3DV,2024,3,ORB-SLAM3,no,Stereo F+I,metric,"Sim3, median-of-5",HKU (stereo),hdr_tran_rota,hdr_tran_rota,ATE,cm,20.0,ok,ATE column of DEVO Table 3.
DEVO,DEVO,3DV,2024,3,ORB-SLAM3,no,Stereo F+I,metric,"Sim3, median-of-5",HKU (stereo),hdr_agg,hdr_agg,ATE,cm,28.0,ok,ATE column of DEVO Table 3.
DEVO,DEVO,3DV,2024,3,ORB-SLAM3,no,Stereo F+I,metric,"Sim3, median-of-5",HKU (stereo),hdr_dark_normal,hdr_dark_normal,ATE,cm,,failed,ATE column of DEVO Table 3.
DEVO,DEVO,3DV,2024,3,VINS-Fusion,no,Stereo F+I,metric,"Sim3, median-of-5",HKU (stereo),agg_translation,agg_translation,ATE,cm,6.9,ok,ATE column of DEVO Table 3.
DEVO,DEVO,3DV,2024,3,VINS-Fusion,no,Stereo F+I,metric,"Sim3, median-of-5",HKU (stereo),agg_rotation,agg_rotation,ATE,cm,8.8,ok,ATE column of DEVO Table 3.
DEVO,DEVO,3DV,2024,3,VINS-Fusion,no,Stereo F+I,metric,"Sim3, median-of-5",HKU (stereo),agg_flip,agg_flip,ATE,cm,45.0,ok,ATE column of DEVO Table 3.
DEVO,DEVO,3DV,2024,3,VINS-Fusion,no,Stereo F+I,metric,"Sim3, median-of-5",HKU (stereo),agg_walk,agg_walk,ATE,cm,,failed,ATE column of DEVO Table 3.
DEVO,DEVO,3DV,2024,3,VINS-Fusion,no,Stereo F+I,metric,"Sim3, median-of-5",HKU (stereo),hdr_circle,hdr_circle,ATE,cm,252.0,ok,ATE column of DEVO Table 3.
DEVO,DEVO,3DV,2024,3,VINS-Fusion,no,Stereo F+I,metric,"Sim3, median-of-5",HKU (stereo),hdr_slow,hdr_slow,ATE,cm,7.3,ok,ATE column of DEVO Table 3.
DEVO,DEVO,3DV,2024,3,VINS-Fusion,no,Stereo F+I,metric,"Sim3, median-of-5",HKU (stereo),hdr_tran_rota,hdr_tran_rota,ATE,cm,7.5,ok,ATE column of DEVO Table 3.
DEVO,DEVO,3DV,2024,3,VINS-Fusion,no,Stereo F+I,metric,"Sim3, median-of-5",HKU (stereo),hdr_agg,hdr_agg,ATE,cm,118.0,ok,ATE column of DEVO Table 3.
DEVO,DEVO,3DV,2024,3,VINS-Fusion,no,Stereo F+I,metric,"Sim3, median-of-5",HKU (stereo),hdr_dark_normal,hdr_dark_normal,ATE,cm,80.0,ok,ATE column of DEVO Table 3.
DEVO,DEVO,3DV,2024,3,DPVO,no,F,up-to-scale,"Sim3, median-of-5",HKU (stereo),agg_translation,agg_translation,ATE,cm,9.66,ok,ATE column of DEVO Table 3.
DEVO,DEVO,3DV,2024,3,DPVO,no,F,up-to-scale,"Sim3, median-of-5",HKU (stereo),agg_rotation,agg_rotation,ATE,cm,3.7,ok,ATE column of DEVO Table 3.
DEVO,DEVO,3DV,2024,3,DPVO,no,F,up-to-scale,"Sim3, median-of-5",HKU (stereo),agg_flip,agg_flip,ATE,cm,56.52,ok,ATE column of DEVO Table 3.
DEVO,DEVO,3DV,2024,3,DPVO,no,F,up-to-scale,"Sim3, median-of-5",HKU (stereo),agg_walk,agg_walk,ATE,cm,107.4,ok,ATE column of DEVO Table 3.
DEVO,DEVO,3DV,2024,3,DPVO,no,F,up-to-scale,"Sim3, median-of-5",HKU (stereo),hdr_circle,hdr_circle,ATE,cm,24.1,ok,ATE column of DEVO Table 3.
DEVO,DEVO,3DV,2024,3,DPVO,no,F,up-to-scale,"Sim3, median-of-5",HKU (stereo),hdr_slow,hdr_slow,ATE,cm,16.63,ok,ATE column of DEVO Table 3.
DEVO,DEVO,3DV,2024,3,DPVO,no,F,up-to-scale,"Sim3, median-of-5",HKU (stereo),hdr_tran_rota,hdr_tran_rota,ATE,cm,53.3,ok,ATE column of DEVO Table 3.
DEVO,DEVO,3DV,2024,3,DPVO,no,F,up-to-scale,"Sim3, median-of-5",HKU (stereo),hdr_agg,hdr_agg,ATE,cm,36.1,ok,ATE column of DEVO Table 3.
DEVO,DEVO,3DV,2024,3,DPVO,no,F,up-to-scale,"Sim3, median-of-5",HKU (stereo),hdr_dark_normal,hdr_dark_normal,ATE,cm,,failed,ATE column of DEVO Table 3.
DEVO,DEVO,3DV,2024,3,ESVIO,no,Stereo E+F+I,metric,"Sim3, median-of-5",HKU (stereo),agg_translation,agg_translation,ATE,cm,6.3,ok,ATE column of DEVO Table 3.
DEVO,DEVO,3DV,2024,3,ESVIO,no,Stereo E+F+I,metric,"Sim3, median-of-5",HKU (stereo),agg_rotation,agg_rotation,ATE,cm,11.0,ok,ATE column of DEVO Table 3.
DEVO,DEVO,3DV,2024,3,ESVIO,no,Stereo E+F+I,metric,"Sim3, median-of-5",HKU (stereo),agg_flip,agg_flip,ATE,cm,14.0,ok,ATE column of DEVO Table 3.
DEVO,DEVO,3DV,2024,3,ESVIO,no,Stereo E+F+I,metric,"Sim3, median-of-5",HKU (stereo),agg_walk,agg_walk,ATE,cm,27.0,ok,ATE column of DEVO Table 3.
DEVO,DEVO,3DV,2024,3,ESVIO,no,Stereo E+F+I,metric,"Sim3, median-of-5",HKU (stereo),hdr_circle,hdr_circle,ATE,cm,8.1,ok,ATE column of DEVO Table 3.
DEVO,DEVO,3DV,2024,3,ESVIO,no,Stereo E+F+I,metric,"Sim3, median-of-5",HKU (stereo),hdr_slow,hdr_slow,ATE,cm,5.9,ok,ATE column of DEVO Table 3.
DEVO,DEVO,3DV,2024,3,ESVIO,no,Stereo E+F+I,metric,"Sim3, median-of-5",HKU (stereo),hdr_tran_rota,hdr_tran_rota,ATE,cm,6.5,ok,ATE column of DEVO Table 3.
DEVO,DEVO,3DV,2024,3,ESVIO,no,Stereo E+F+I,metric,"Sim3, median-of-5",HKU (stereo),hdr_agg,hdr_agg,ATE,cm,10.0,ok,ATE column of DEVO Table 3.
DEVO,DEVO,3DV,2024,3,ESVIO,no,Stereo E+F+I,metric,"Sim3, median-of-5",HKU (stereo),hdr_dark_normal,hdr_dark_normal,ATE,cm,39.0,ok,ATE column of DEVO Table 3.
DEVO,DEVO,3DV,2024,3,PL-EVIO,no,E+F+I,metric,"Sim3, median-of-5",HKU (stereo),agg_translation,agg_translation,ATE,cm,4.8,ok,ATE column of DEVO Table 3.
DEVO,DEVO,3DV,2024,3,PL-EVIO,no,E+F+I,metric,"Sim3, median-of-5",HKU (stereo),agg_rotation,agg_rotation,ATE,cm,15.0,ok,ATE column of DEVO Table 3.
DEVO,DEVO,3DV,2024,3,PL-EVIO,no,E+F+I,metric,"Sim3, median-of-5",HKU (stereo),agg_flip,agg_flip,ATE,cm,15.0,ok,ATE column of DEVO Table 3.
DEVO,DEVO,3DV,2024,3,PL-EVIO,no,E+F+I,metric,"Sim3, median-of-5",HKU (stereo),agg_walk,agg_walk,ATE,cm,37.0,ok,ATE column of DEVO Table 3.
DEVO,DEVO,3DV,2024,3,PL-EVIO,no,E+F+I,metric,"Sim3, median-of-5",HKU (stereo),hdr_circle,hdr_circle,ATE,cm,6.8,ok,ATE column of DEVO Table 3.
DEVO,DEVO,3DV,2024,3,PL-EVIO,no,E+F+I,metric,"Sim3, median-of-5",HKU (stereo),hdr_slow,hdr_slow,ATE,cm,6.9,ok,ATE column of DEVO Table 3.
DEVO,DEVO,3DV,2024,3,PL-EVIO,no,E+F+I,metric,"Sim3, median-of-5",HKU (stereo),hdr_tran_rota,hdr_tran_rota,ATE,cm,6.8,ok,ATE column of DEVO Table 3.
DEVO,DEVO,3DV,2024,3,PL-EVIO,no,E+F+I,metric,"Sim3, median-of-5",HKU (stereo),hdr_agg,hdr_agg,ATE,cm,14.0,ok,ATE column of DEVO Table 3.
DEVO,DEVO,3DV,2024,3,PL-EVIO,no,E+F+I,metric,"Sim3, median-of-5",HKU (stereo),hdr_dark_normal,hdr_dark_normal,ATE,cm,125.0,ok,ATE column of DEVO Table 3.
DEVO,DEVO,3DV,2024,3,DPVO-dagger,no,E,up-to-scale,"Sim3, median-of-5",HKU (stereo),agg_translation,agg_translation,ATE,cm,15.42,ok,ATE column of DEVO Table 3.
DEVO,DEVO,3DV,2024,3,DPVO-dagger,no,E,up-to-scale,"Sim3, median-of-5",HKU (stereo),agg_rotation,agg_rotation,ATE,cm,22.02,ok,ATE column of DEVO Table 3.
DEVO,DEVO,3DV,2024,3,DPVO-dagger,no,E,up-to-scale,"Sim3, median-of-5",HKU (stereo),agg_flip,agg_flip,ATE,cm,60.26,ok,ATE column of DEVO Table 3.
DEVO,DEVO,3DV,2024,3,DPVO-dagger,no,E,up-to-scale,"Sim3, median-of-5",HKU (stereo),agg_walk,agg_walk,ATE,cm,,failed,ATE column of DEVO Table 3.
DEVO,DEVO,3DV,2024,3,DPVO-dagger,no,E,up-to-scale,"Sim3, median-of-5",HKU (stereo),hdr_circle,hdr_circle,ATE,cm,67.6,ok,ATE column of DEVO Table 3.
DEVO,DEVO,3DV,2024,3,DPVO-dagger,no,E,up-to-scale,"Sim3, median-of-5",HKU (stereo),hdr_slow,hdr_slow,ATE,cm,24.01,ok,ATE column of DEVO Table 3.
DEVO,DEVO,3DV,2024,3,DPVO-dagger,no,E,up-to-scale,"Sim3, median-of-5",HKU (stereo),hdr_tran_rota,hdr_tran_rota,ATE,cm,21.6,ok,ATE column of DEVO Table 3.
DEVO,DEVO,3DV,2024,3,DPVO-dagger,no,E,up-to-scale,"Sim3, median-of-5",HKU (stereo),hdr_agg,hdr_agg,ATE,cm,59.8,ok,ATE column of DEVO Table 3.
DEVO,DEVO,3DV,2024,3,DPVO-dagger,no,E,up-to-scale,"Sim3, median-of-5",HKU (stereo),hdr_dark_normal,hdr_dark_normal,ATE,cm,47.7,ok,ATE column of DEVO Table 3.
DEVO,DEVO,3DV,2024,3,DEVO,yes,E,up-to-scale,"Sim3, median-of-5",HKU (stereo),agg_translation,agg_translation,ATE,cm,4.03,ok,ATE column of DEVO Table 3.
DEVO,DEVO,3DV,2024,3,DEVO,yes,E,up-to-scale,"Sim3, median-of-5",HKU (stereo),agg_rotation,agg_rotation,ATE,cm,3.58,ok,ATE column of DEVO Table 3.
DEVO,DEVO,3DV,2024,3,DEVO,yes,E,up-to-scale,"Sim3, median-of-5",HKU (stereo),agg_flip,agg_flip,ATE,cm,44.9,ok,ATE column of DEVO Table 3.
DEVO,DEVO,3DV,2024,3,DEVO,yes,E,up-to-scale,"Sim3, median-of-5",HKU (stereo),agg_walk,agg_walk,ATE,cm,88.27,ok,ATE column of DEVO Table 3.
DEVO,DEVO,3DV,2024,3,DEVO,yes,E,up-to-scale,"Sim3, median-of-5",HKU (stereo),hdr_circle,hdr_circle,ATE,cm,21.3,ok,ATE column of DEVO Table 3.
DEVO,DEVO,3DV,2024,3,DEVO,yes,E,up-to-scale,"Sim3, median-of-5",HKU (stereo),hdr_slow,hdr_slow,ATE,cm,4.95,ok,ATE column of DEVO Table 3.
DEVO,DEVO,3DV,2024,3,DEVO,yes,E,up-to-scale,"Sim3, median-of-5",HKU (stereo),hdr_tran_rota,hdr_tran_rota,ATE,cm,5.91,ok,ATE column of DEVO Table 3.
DEVO,DEVO,3DV,2024,3,DEVO,yes,E,up-to-scale,"Sim3, median-of-5",HKU (stereo),hdr_agg,hdr_agg,ATE,cm,33.98,ok,ATE column of DEVO Table 3.
DEVO,DEVO,3DV,2024,3,DEVO,yes,E,up-to-scale,"Sim3, median-of-5",HKU (stereo),hdr_dark_normal,hdr_dark_normal,ATE,cm,6.19,ok,ATE column of DEVO Table 3.
DEVO,DEVO,3DV,2024,4,ORB-SLAM3,no,F,up-to-scale,"Sim3, median-of-5",EDS,peanuts_dark,peanuts_dark,ATE,cm,6.15,ok,"First pose-estimation results on EDS. Here ORB-SLAM3 is run MONOCULAR (up-to-scale), unlike DEIO T.VI which uses stereo ORB-SLAM3."
DEVO,DEVO,3DV,2024,4,ORB-SLAM3,no,F,up-to-scale,"Sim3, median-of-5",EDS,peanuts_light,peanuts_light,ATE,cm,27.26,ok,"First pose-estimation results on EDS. Here ORB-SLAM3 is run MONOCULAR (up-to-scale), unlike DEIO T.VI which uses stereo ORB-SLAM3."
DEVO,DEVO,3DV,2024,4,ORB-SLAM3,no,F,up-to-scale,"Sim3, median-of-5",EDS,peanuts_run,peanuts_run,ATE,cm,16.83,ok,"First pose-estimation results on EDS. Here ORB-SLAM3 is run MONOCULAR (up-to-scale), unlike DEIO T.VI which uses stereo ORB-SLAM3."
DEVO,DEVO,3DV,2024,4,ORB-SLAM3,no,F,up-to-scale,"Sim3, median-of-5",EDS,rocket_dark,rocket_dark,ATE,cm,10.12,ok,"First pose-estimation results on EDS. Here ORB-SLAM3 is run MONOCULAR (up-to-scale), unlike DEIO T.VI which uses stereo ORB-SLAM3."
DEVO,DEVO,3DV,2024,4,ORB-SLAM3,no,F,up-to-scale,"Sim3, median-of-5",EDS,rocket_light,rocket_light,ATE,cm,32.53,ok,"First pose-estimation results on EDS. Here ORB-SLAM3 is run MONOCULAR (up-to-scale), unlike DEIO T.VI which uses stereo ORB-SLAM3."
DEVO,DEVO,3DV,2024,4,ORB-SLAM3,no,F,up-to-scale,"Sim3, median-of-5",EDS,ziggy,ziggy,ATE,cm,26.92,ok,"First pose-estimation results on EDS. Here ORB-SLAM3 is run MONOCULAR (up-to-scale), unlike DEIO T.VI which uses stereo ORB-SLAM3."
DEVO,DEVO,3DV,2024,4,ORB-SLAM3,no,F,up-to-scale,"Sim3, median-of-5",EDS,ziggy_hdr,ziggy_hdr,ATE,cm,81.98,ok,"First pose-estimation results on EDS. Here ORB-SLAM3 is run MONOCULAR (up-to-scale), unlike DEIO T.VI which uses stereo ORB-SLAM3."
DEVO,DEVO,3DV,2024,4,ORB-SLAM3,no,F,up-to-scale,"Sim3, median-of-5",EDS,ziggy_flying,ziggy_flying,ATE,cm,20.57,ok,"First pose-estimation results on EDS. Here ORB-SLAM3 is run MONOCULAR (up-to-scale), unlike DEIO T.VI which uses stereo ORB-SLAM3."
DEVO,DEVO,3DV,2024,4,ORB-SLAM3,no,F,up-to-scale,"Sim3, median-of-5",EDS,all_chars,all_chars,ATE,cm,21.37,ok,"First pose-estimation results on EDS. Here ORB-SLAM3 is run MONOCULAR (up-to-scale), unlike DEIO T.VI which uses stereo ORB-SLAM3."
DEVO,DEVO,3DV,2024,4,DPVO,no,F,up-to-scale,"Sim3, median-of-5",EDS,peanuts_dark,peanuts_dark,ATE,cm,1.26,ok,"First pose-estimation results on EDS. Here ORB-SLAM3 is run MONOCULAR (up-to-scale), unlike DEIO T.VI which uses stereo ORB-SLAM3."
DEVO,DEVO,3DV,2024,4,DPVO,no,F,up-to-scale,"Sim3, median-of-5",EDS,peanuts_light,peanuts_light,ATE,cm,12.99,ok,"First pose-estimation results on EDS. Here ORB-SLAM3 is run MONOCULAR (up-to-scale), unlike DEIO T.VI which uses stereo ORB-SLAM3."
DEVO,DEVO,3DV,2024,4,DPVO,no,F,up-to-scale,"Sim3, median-of-5",EDS,peanuts_run,peanuts_run,ATE,cm,25.48,ok,"First pose-estimation results on EDS. Here ORB-SLAM3 is run MONOCULAR (up-to-scale), unlike DEIO T.VI which uses stereo ORB-SLAM3."
DEVO,DEVO,3DV,2024,4,DPVO,no,F,up-to-scale,"Sim3, median-of-5",EDS,rocket_dark,rocket_dark,ATE,cm,27.41,ok,"First pose-estimation results on EDS. Here ORB-SLAM3 is run MONOCULAR (up-to-scale), unlike DEIO T.VI which uses stereo ORB-SLAM3."
DEVO,DEVO,3DV,2024,4,DPVO,no,F,up-to-scale,"Sim3, median-of-5",EDS,rocket_light,rocket_light,ATE,cm,63.11,ok,"First pose-estimation results on EDS. Here ORB-SLAM3 is run MONOCULAR (up-to-scale), unlike DEIO T.VI which uses stereo ORB-SLAM3."
DEVO,DEVO,3DV,2024,4,DPVO,no,F,up-to-scale,"Sim3, median-of-5",EDS,ziggy,ziggy,ATE,cm,14.86,ok,"First pose-estimation results on EDS. Here ORB-SLAM3 is run MONOCULAR (up-to-scale), unlike DEIO T.VI which uses stereo ORB-SLAM3."
DEVO,DEVO,3DV,2024,4,DPVO,no,F,up-to-scale,"Sim3, median-of-5",EDS,ziggy_hdr,ziggy_hdr,ATE,cm,66.17,ok,"First pose-estimation results on EDS. Here ORB-SLAM3 is run MONOCULAR (up-to-scale), unlike DEIO T.VI which uses stereo ORB-SLAM3."
DEVO,DEVO,3DV,2024,4,DPVO,no,F,up-to-scale,"Sim3, median-of-5",EDS,ziggy_flying,ziggy_flying,ATE,cm,10.85,ok,"First pose-estimation results on EDS. Here ORB-SLAM3 is run MONOCULAR (up-to-scale), unlike DEIO T.VI which uses stereo ORB-SLAM3."
DEVO,DEVO,3DV,2024,4,DPVO,no,F,up-to-scale,"Sim3, median-of-5",EDS,all_chars,all_chars,ATE,cm,95.87,ok,"First pose-estimation results on EDS. Here ORB-SLAM3 is run MONOCULAR (up-to-scale), unlike DEIO T.VI which uses stereo ORB-SLAM3."
DEVO,DEVO,3DV,2024,4,DPVO-dagger,no,E,up-to-scale,"Sim3, median-of-5",EDS,peanuts_dark,peanuts_dark,ATE,cm,5.76,ok,"First pose-estimation results on EDS. Here ORB-SLAM3 is run MONOCULAR (up-to-scale), unlike DEIO T.VI which uses stereo ORB-SLAM3."
DEVO,DEVO,3DV,2024,4,DPVO-dagger,no,E,up-to-scale,"Sim3, median-of-5",EDS,peanuts_light,peanuts_light,ATE,cm,69.77,ok,"First pose-estimation results on EDS. Here ORB-SLAM3 is run MONOCULAR (up-to-scale), unlike DEIO T.VI which uses stereo ORB-SLAM3."
DEVO,DEVO,3DV,2024,4,DPVO-dagger,no,E,up-to-scale,"Sim3, median-of-5",EDS,peanuts_run,peanuts_run,ATE,cm,43.49,ok,"First pose-estimation results on EDS. Here ORB-SLAM3 is run MONOCULAR (up-to-scale), unlike DEIO T.VI which uses stereo ORB-SLAM3."
DEVO,DEVO,3DV,2024,4,DPVO-dagger,no,E,up-to-scale,"Sim3, median-of-5",EDS,rocket_dark,rocket_dark,ATE,cm,80.89,ok,"First pose-estimation results on EDS. Here ORB-SLAM3 is run MONOCULAR (up-to-scale), unlike DEIO T.VI which uses stereo ORB-SLAM3."
DEVO,DEVO,3DV,2024,4,DPVO-dagger,no,E,up-to-scale,"Sim3, median-of-5",EDS,rocket_light,rocket_light,ATE,cm,97.62,ok,"First pose-estimation results on EDS. Here ORB-SLAM3 is run MONOCULAR (up-to-scale), unlike DEIO T.VI which uses stereo ORB-SLAM3."
DEVO,DEVO,3DV,2024,4,DPVO-dagger,no,E,up-to-scale,"Sim3, median-of-5",EDS,ziggy,ziggy,ATE,cm,23.79,ok,"First pose-estimation results on EDS. Here ORB-SLAM3 is run MONOCULAR (up-to-scale), unlike DEIO T.VI which uses stereo ORB-SLAM3."
DEVO,DEVO,3DV,2024,4,DPVO-dagger,no,E,up-to-scale,"Sim3, median-of-5",EDS,ziggy_hdr,ziggy_hdr,ATE,cm,46.41,ok,"First pose-estimation results on EDS. Here ORB-SLAM3 is run MONOCULAR (up-to-scale), unlike DEIO T.VI which uses stereo ORB-SLAM3."
DEVO,DEVO,3DV,2024,4,DPVO-dagger,no,E,up-to-scale,"Sim3, median-of-5",EDS,ziggy_flying,ziggy_flying,ATE,cm,34.51,ok,"First pose-estimation results on EDS. Here ORB-SLAM3 is run MONOCULAR (up-to-scale), unlike DEIO T.VI which uses stereo ORB-SLAM3."
DEVO,DEVO,3DV,2024,4,DPVO-dagger,no,E,up-to-scale,"Sim3, median-of-5",EDS,all_chars,all_chars,ATE,cm,76.02,ok,"First pose-estimation results on EDS. Here ORB-SLAM3 is run MONOCULAR (up-to-scale), unlike DEIO T.VI which uses stereo ORB-SLAM3."
DEVO,DEVO,3DV,2024,4,DEVO,yes,E,up-to-scale,"Sim3, median-of-5",EDS,peanuts_dark,peanuts_dark,ATE,cm,4.78,ok,"First pose-estimation results on EDS. Here ORB-SLAM3 is run MONOCULAR (up-to-scale), unlike DEIO T.VI which uses stereo ORB-SLAM3."
DEVO,DEVO,3DV,2024,4,DEVO,yes,E,up-to-scale,"Sim3, median-of-5",EDS,peanuts_light,peanuts_light,ATE,cm,21.07,ok,"First pose-estimation results on EDS. Here ORB-SLAM3 is run MONOCULAR (up-to-scale), unlike DEIO T.VI which uses stereo ORB-SLAM3."
DEVO,DEVO,3DV,2024,4,DEVO,yes,E,up-to-scale,"Sim3, median-of-5",EDS,peanuts_run,peanuts_run,ATE,cm,38.1,ok,"First pose-estimation results on EDS. Here ORB-SLAM3 is run MONOCULAR (up-to-scale), unlike DEIO T.VI which uses stereo ORB-SLAM3."
DEVO,DEVO,3DV,2024,4,DEVO,yes,E,up-to-scale,"Sim3, median-of-5",EDS,rocket_dark,rocket_dark,ATE,cm,8.78,ok,"First pose-estimation results on EDS. Here ORB-SLAM3 is run MONOCULAR (up-to-scale), unlike DEIO T.VI which uses stereo ORB-SLAM3."
DEVO,DEVO,3DV,2024,4,DEVO,yes,E,up-to-scale,"Sim3, median-of-5",EDS,rocket_light,rocket_light,ATE,cm,59.83,ok,"First pose-estimation results on EDS. Here ORB-SLAM3 is run MONOCULAR (up-to-scale), unlike DEIO T.VI which uses stereo ORB-SLAM3."
DEVO,DEVO,3DV,2024,4,DEVO,yes,E,up-to-scale,"Sim3, median-of-5",EDS,ziggy,ziggy,ATE,cm,11.84,ok,"First pose-estimation results on EDS. Here ORB-SLAM3 is run MONOCULAR (up-to-scale), unlike DEIO T.VI which uses stereo ORB-SLAM3."
DEVO,DEVO,3DV,2024,4,DEVO,yes,E,up-to-scale,"Sim3, median-of-5",EDS,ziggy_hdr,ziggy_hdr,ATE,cm,22.82,ok,"First pose-estimation results on EDS. Here ORB-SLAM3 is run MONOCULAR (up-to-scale), unlike DEIO T.VI which uses stereo ORB-SLAM3."
DEVO,DEVO,3DV,2024,4,DEVO,yes,E,up-to-scale,"Sim3, median-of-5",EDS,ziggy_flying,ziggy_flying,ATE,cm,10.92,ok,"First pose-estimation results on EDS. Here ORB-SLAM3 is run MONOCULAR (up-to-scale), unlike DEIO T.VI which uses stereo ORB-SLAM3."
DEVO,DEVO,3DV,2024,4,DEVO,yes,E,up-to-scale,"Sim3, median-of-5",EDS,all_chars,all_chars,ATE,cm,10.76,ok,"First pose-estimation results on EDS. Here ORB-SLAM3 is run MONOCULAR (up-to-scale), unlike DEIO T.VI which uses stereo ORB-SLAM3."
DEVO,DEVO,3DV,2024,4,ORB-SLAM3,no,F,up-to-scale,"Sim3, median-of-5",EDS,peanuts_dark,peanuts_dark,MPE,%,0.49,ok,MPE column of DEVO Table 4.
DEVO,DEVO,3DV,2024,4,ORB-SLAM3,no,F,up-to-scale,"Sim3, median-of-5",EDS,peanuts_light,peanuts_light,MPE,%,1.14,ok,MPE column of DEVO Table 4.
DEVO,DEVO,3DV,2024,4,ORB-SLAM3,no,F,up-to-scale,"Sim3, median-of-5",EDS,peanuts_run,peanuts_run,MPE,%,0.19,ok,MPE column of DEVO Table 4.
DEVO,DEVO,3DV,2024,4,ORB-SLAM3,no,F,up-to-scale,"Sim3, median-of-5",EDS,rocket_dark,rocket_dark,MPE,%,0.37,ok,MPE column of DEVO Table 4.
DEVO,DEVO,3DV,2024,4,ORB-SLAM3,no,F,up-to-scale,"Sim3, median-of-5",EDS,rocket_light,rocket_light,MPE,%,1.79,ok,MPE column of DEVO Table 4.
DEVO,DEVO,3DV,2024,4,ORB-SLAM3,no,F,up-to-scale,"Sim3, median-of-5",EDS,ziggy,ziggy,MPE,%,0.42,ok,MPE column of DEVO Table 4.
DEVO,DEVO,3DV,2024,4,ORB-SLAM3,no,F,up-to-scale,"Sim3, median-of-5",EDS,ziggy_hdr,ziggy_hdr,MPE,%,1.13,ok,MPE column of DEVO Table 4.
DEVO,DEVO,3DV,2024,4,ORB-SLAM3,no,F,up-to-scale,"Sim3, median-of-5",EDS,ziggy_flying,ziggy_flying,MPE,%,1.33,ok,MPE column of DEVO Table 4.
DEVO,DEVO,3DV,2024,4,ORB-SLAM3,no,F,up-to-scale,"Sim3, median-of-5",EDS,all_chars,all_chars,MPE,%,0.27,ok,MPE column of DEVO Table 4.
DEVO,DEVO,3DV,2024,4,DPVO,no,F,up-to-scale,"Sim3, median-of-5",EDS,peanuts_dark,peanuts_dark,MPE,%,0.12,ok,MPE column of DEVO Table 4.
DEVO,DEVO,3DV,2024,4,DPVO,no,F,up-to-scale,"Sim3, median-of-5",EDS,peanuts_light,peanuts_light,MPE,%,0.44,ok,MPE column of DEVO Table 4.
DEVO,DEVO,3DV,2024,4,DPVO,no,F,up-to-scale,"Sim3, median-of-5",EDS,peanuts_run,peanuts_run,MPE,%,0.29,ok,MPE column of DEVO Table 4.
DEVO,DEVO,3DV,2024,4,DPVO,no,F,up-to-scale,"Sim3, median-of-5",EDS,rocket_dark,rocket_dark,MPE,%,1.07,ok,MPE column of DEVO Table 4.
DEVO,DEVO,3DV,2024,4,DPVO,no,F,up-to-scale,"Sim3, median-of-5",EDS,rocket_light,rocket_light,MPE,%,3.64,ok,MPE column of DEVO Table 4.
DEVO,DEVO,3DV,2024,4,DPVO,no,F,up-to-scale,"Sim3, median-of-5",EDS,ziggy,ziggy,MPE,%,0.22,ok,MPE column of DEVO Table 4.
DEVO,DEVO,3DV,2024,4,DPVO,no,F,up-to-scale,"Sim3, median-of-5",EDS,ziggy_hdr,ziggy_hdr,MPE,%,1.02,ok,MPE column of DEVO Table 4.
DEVO,DEVO,3DV,2024,4,DPVO,no,F,up-to-scale,"Sim3, median-of-5",EDS,ziggy_flying,ziggy_flying,MPE,%,0.73,ok,MPE column of DEVO Table 4.
DEVO,DEVO,3DV,2024,4,DPVO,no,F,up-to-scale,"Sim3, median-of-5",EDS,all_chars,all_chars,MPE,%,1.39,ok,MPE column of DEVO Table 4.
DEVO,DEVO,3DV,2024,4,DPVO-dagger,no,E,up-to-scale,"Sim3, median-of-5",EDS,peanuts_dark,peanuts_dark,MPE,%,0.52,ok,MPE column of DEVO Table 4.
DEVO,DEVO,3DV,2024,4,DPVO-dagger,no,E,up-to-scale,"Sim3, median-of-5",EDS,peanuts_light,peanuts_light,MPE,%,2.36,ok,MPE column of DEVO Table 4.
DEVO,DEVO,3DV,2024,4,DPVO-dagger,no,E,up-to-scale,"Sim3, median-of-5",EDS,peanuts_run,peanuts_run,MPE,%,0.52,ok,MPE column of DEVO Table 4.
DEVO,DEVO,3DV,2024,4,DPVO-dagger,no,E,up-to-scale,"Sim3, median-of-5",EDS,rocket_dark,rocket_dark,MPE,%,3.65,ok,MPE column of DEVO Table 4.
DEVO,DEVO,3DV,2024,4,DPVO-dagger,no,E,up-to-scale,"Sim3, median-of-5",EDS,rocket_light,rocket_light,MPE,%,5.08,ok,MPE column of DEVO Table 4.
DEVO,DEVO,3DV,2024,4,DPVO-dagger,no,E,up-to-scale,"Sim3, median-of-5",EDS,ziggy,ziggy,MPE,%,0.36,ok,MPE column of DEVO Table 4.
DEVO,DEVO,3DV,2024,4,DPVO-dagger,no,E,up-to-scale,"Sim3, median-of-5",EDS,ziggy_hdr,ziggy_hdr,MPE,%,0.72,ok,MPE column of DEVO Table 4.
DEVO,DEVO,3DV,2024,4,DPVO-dagger,no,E,up-to-scale,"Sim3, median-of-5",EDS,ziggy_flying,ziggy_flying,MPE,%,2.05,ok,MPE column of DEVO Table 4.
DEVO,DEVO,3DV,2024,4,DPVO-dagger,no,E,up-to-scale,"Sim3, median-of-5",EDS,all_chars,all_chars,MPE,%,0.9,ok,MPE column of DEVO Table 4.
DEVO,DEVO,3DV,2024,4,DEVO,yes,E,up-to-scale,"Sim3, median-of-5",EDS,peanuts_dark,peanuts_dark,MPE,%,0.3,ok,MPE column of DEVO Table 4.
DEVO,DEVO,3DV,2024,4,DEVO,yes,E,up-to-scale,"Sim3, median-of-5",EDS,peanuts_light,peanuts_light,MPE,%,0.75,ok,MPE column of DEVO Table 4.
DEVO,DEVO,3DV,2024,4,DEVO,yes,E,up-to-scale,"Sim3, median-of-5",EDS,peanuts_run,peanuts_run,MPE,%,0.43,ok,MPE column of DEVO Table 4.
DEVO,DEVO,3DV,2024,4,DEVO,yes,E,up-to-scale,"Sim3, median-of-5",EDS,rocket_dark,rocket_dark,MPE,%,0.32,ok,MPE column of DEVO Table 4.
DEVO,DEVO,3DV,2024,4,DEVO,yes,E,up-to-scale,"Sim3, median-of-5",EDS,rocket_light,rocket_light,MPE,%,3.4,ok,MPE column of DEVO Table 4.
DEVO,DEVO,3DV,2024,4,DEVO,yes,E,up-to-scale,"Sim3, median-of-5",EDS,ziggy,ziggy,MPE,%,0.15,ok,MPE column of DEVO Table 4.
DEVO,DEVO,3DV,2024,4,DEVO,yes,E,up-to-scale,"Sim3, median-of-5",EDS,ziggy_hdr,ziggy_hdr,MPE,%,0.36,ok,MPE column of DEVO Table 4.
DEVO,DEVO,3DV,2024,4,DEVO,yes,E,up-to-scale,"Sim3, median-of-5",EDS,ziggy_flying,ziggy_flying,MPE,%,0.71,ok,MPE column of DEVO Table 4.
DEVO,DEVO,3DV,2024,4,DEVO,yes,E,up-to-scale,"Sim3, median-of-5",EDS,all_chars,all_chars,MPE,%,0.16,ok,MPE column of DEVO Table 4.
DEVO,DEVO,3DV,2024,5,ORB-SLAM3,no,Stereo F+I,metric,"Sim3, median-of-5",TUM-VIE,mocap-1d-trans,tumvie_1d_trans,ATE,cm,0.7,ok,"DEVO beats event-only peers (DPVO-dag, EVO, ESVO) by >=44%; even beats DH-PTAM (4-cam) on 4/5."
DEVO,DEVO,3DV,2024,5,ORB-SLAM3,no,Stereo F+I,metric,"Sim3, median-of-5",TUM-VIE,mocap-3d-trans,tumvie_3d_trans,ATE,cm,1.2,ok,"DEVO beats event-only peers (DPVO-dag, EVO, ESVO) by >=44%; even beats DH-PTAM (4-cam) on 4/5."
DEVO,DEVO,3DV,2024,5,ORB-SLAM3,no,Stereo F+I,metric,"Sim3, median-of-5",TUM-VIE,mocap-6dof,tumvie_6dof,ATE,cm,1.8,ok,"DEVO beats event-only peers (DPVO-dag, EVO, ESVO) by >=44%; even beats DH-PTAM (4-cam) on 4/5."
DEVO,DEVO,3DV,2024,5,ORB-SLAM3,no,Stereo F+I,metric,"Sim3, median-of-5",TUM-VIE,mocap-desk,tumvie_desk,ATE,cm,0.7,ok,"DEVO beats event-only peers (DPVO-dag, EVO, ESVO) by >=44%; even beats DH-PTAM (4-cam) on 4/5."
DEVO,DEVO,3DV,2024,5,ORB-SLAM3,no,Stereo F+I,metric,"Sim3, median-of-5",TUM-VIE,mocap-desk2,tumvie_desk2,ATE,cm,2.5,ok,"DEVO beats event-only peers (DPVO-dag, EVO, ESVO) by >=44%; even beats DH-PTAM (4-cam) on 4/5."
DEVO,DEVO,3DV,2024,5,BASALT,no,Stereo F+I,metric,"Sim3, median-of-5",TUM-VIE,mocap-1d-trans,tumvie_1d_trans,ATE,cm,0.3,ok,"DEVO beats event-only peers (DPVO-dag, EVO, ESVO) by >=44%; even beats DH-PTAM (4-cam) on 4/5."
DEVO,DEVO,3DV,2024,5,BASALT,no,Stereo F+I,metric,"Sim3, median-of-5",TUM-VIE,mocap-3d-trans,tumvie_3d_trans,ATE,cm,0.9,ok,"DEVO beats event-only peers (DPVO-dag, EVO, ESVO) by >=44%; even beats DH-PTAM (4-cam) on 4/5."
DEVO,DEVO,3DV,2024,5,BASALT,no,Stereo F+I,metric,"Sim3, median-of-5",TUM-VIE,mocap-6dof,tumvie_6dof,ATE,cm,1.4,ok,"DEVO beats event-only peers (DPVO-dag, EVO, ESVO) by >=44%; even beats DH-PTAM (4-cam) on 4/5."
DEVO,DEVO,3DV,2024,5,BASALT,no,Stereo F+I,metric,"Sim3, median-of-5",TUM-VIE,mocap-desk,tumvie_desk,ATE,cm,1.6,ok,"DEVO beats event-only peers (DPVO-dag, EVO, ESVO) by >=44%; even beats DH-PTAM (4-cam) on 4/5."
DEVO,DEVO,3DV,2024,5,BASALT,no,Stereo F+I,metric,"Sim3, median-of-5",TUM-VIE,mocap-desk2,tumvie_desk2,ATE,cm,1.1,ok,"DEVO beats event-only peers (DPVO-dag, EVO, ESVO) by >=44%; even beats DH-PTAM (4-cam) on 4/5."
DEVO,DEVO,3DV,2024,5,DPVO,no,F,up-to-scale,"Sim3, median-of-5",TUM-VIE,mocap-1d-trans,tumvie_1d_trans,ATE,cm,0.5,ok,"DEVO beats event-only peers (DPVO-dag, EVO, ESVO) by >=44%; even beats DH-PTAM (4-cam) on 4/5."
DEVO,DEVO,3DV,2024,5,DPVO,no,F,up-to-scale,"Sim3, median-of-5",TUM-VIE,mocap-3d-trans,tumvie_3d_trans,ATE,cm,1.1,ok,"DEVO beats event-only peers (DPVO-dag, EVO, ESVO) by >=44%; even beats DH-PTAM (4-cam) on 4/5."
DEVO,DEVO,3DV,2024,5,DPVO,no,F,up-to-scale,"Sim3, median-of-5",TUM-VIE,mocap-6dof,tumvie_6dof,ATE,cm,1.2,ok,"DEVO beats event-only peers (DPVO-dag, EVO, ESVO) by >=44%; even beats DH-PTAM (4-cam) on 4/5."
DEVO,DEVO,3DV,2024,5,DPVO,no,F,up-to-scale,"Sim3, median-of-5",TUM-VIE,mocap-desk,tumvie_desk,ATE,cm,1.2,ok,"DEVO beats event-only peers (DPVO-dag, EVO, ESVO) by >=44%; even beats DH-PTAM (4-cam) on 4/5."
DEVO,DEVO,3DV,2024,5,DPVO,no,F,up-to-scale,"Sim3, median-of-5",TUM-VIE,mocap-desk2,tumvie_desk2,ATE,cm,0.8,ok,"DEVO beats event-only peers (DPVO-dag, EVO, ESVO) by >=44%; even beats DH-PTAM (4-cam) on 4/5."
DEVO,DEVO,3DV,2024,5,DH-PTAM,no,Stereo E,metric,"Sim3, median-of-5",TUM-VIE,mocap-1d-trans,tumvie_1d_trans,ATE,cm,10.3,ok,"DEVO beats event-only peers (DPVO-dag, EVO, ESVO) by >=44%; even beats DH-PTAM (4-cam) on 4/5."
DEVO,DEVO,3DV,2024,5,DH-PTAM,no,Stereo E,metric,"Sim3, median-of-5",TUM-VIE,mocap-3d-trans,tumvie_3d_trans,ATE,cm,0.7,ok,"DEVO beats event-only peers (DPVO-dag, EVO, ESVO) by >=44%; even beats DH-PTAM (4-cam) on 4/5."
DEVO,DEVO,3DV,2024,5,DH-PTAM,no,Stereo E,metric,"Sim3, median-of-5",TUM-VIE,mocap-6dof,tumvie_6dof,ATE,cm,2.4,ok,"DEVO beats event-only peers (DPVO-dag, EVO, ESVO) by >=44%; even beats DH-PTAM (4-cam) on 4/5."
DEVO,DEVO,3DV,2024,5,DH-PTAM,no,Stereo E,metric,"Sim3, median-of-5",TUM-VIE,mocap-desk,tumvie_desk,ATE,cm,1.6,ok,"DEVO beats event-only peers (DPVO-dag, EVO, ESVO) by >=44%; even beats DH-PTAM (4-cam) on 4/5."
DEVO,DEVO,3DV,2024,5,DH-PTAM,no,Stereo E,metric,"Sim3, median-of-5",TUM-VIE,mocap-desk2,tumvie_desk2,ATE,cm,1.5,ok,"DEVO beats event-only peers (DPVO-dag, EVO, ESVO) by >=44%; even beats DH-PTAM (4-cam) on 4/5."
DEVO,DEVO,3DV,2024,5,Ultimate-SLAM,no,E+F+I,metric,"Sim3, median-of-5",TUM-VIE,mocap-1d-trans,tumvie_1d_trans,ATE,cm,3.9,ok,"DEVO beats event-only peers (DPVO-dag, EVO, ESVO) by >=44%; even beats DH-PTAM (4-cam) on 4/5."
DEVO,DEVO,3DV,2024,5,Ultimate-SLAM,no,E+F+I,metric,"Sim3, median-of-5",TUM-VIE,mocap-3d-trans,tumvie_3d_trans,ATE,cm,4.7,ok,"DEVO beats event-only peers (DPVO-dag, EVO, ESVO) by >=44%; even beats DH-PTAM (4-cam) on 4/5."
DEVO,DEVO,3DV,2024,5,Ultimate-SLAM,no,E+F+I,metric,"Sim3, median-of-5",TUM-VIE,mocap-6dof,tumvie_6dof,ATE,cm,35.3,ok,"DEVO beats event-only peers (DPVO-dag, EVO, ESVO) by >=44%; even beats DH-PTAM (4-cam) on 4/5."
DEVO,DEVO,3DV,2024,5,Ultimate-SLAM,no,E+F+I,metric,"Sim3, median-of-5",TUM-VIE,mocap-desk,tumvie_desk,ATE,cm,19.5,ok,"DEVO beats event-only peers (DPVO-dag, EVO, ESVO) by >=44%; even beats DH-PTAM (4-cam) on 4/5."
DEVO,DEVO,3DV,2024,5,Ultimate-SLAM,no,E+F+I,metric,"Sim3, median-of-5",TUM-VIE,mocap-desk2,tumvie_desk2,ATE,cm,34.1,ok,"DEVO beats event-only peers (DPVO-dag, EVO, ESVO) by >=44%; even beats DH-PTAM (4-cam) on 4/5."
DEVO,DEVO,3DV,2024,5,ESVO,no,Stereo E,metric,"Sim3, median-of-5",TUM-VIE,mocap-1d-trans,tumvie_1d_trans,ATE,cm,0.9,ok,"DEVO beats event-only peers (DPVO-dag, EVO, ESVO) by >=44%; even beats DH-PTAM (4-cam) on 4/5."
DEVO,DEVO,3DV,2024,5,ESVO,no,Stereo E,metric,"Sim3, median-of-5",TUM-VIE,mocap-3d-trans,tumvie_3d_trans,ATE,cm,2.8,ok,"DEVO beats event-only peers (DPVO-dag, EVO, ESVO) by >=44%; even beats DH-PTAM (4-cam) on 4/5."
DEVO,DEVO,3DV,2024,5,ESVO,no,Stereo E,metric,"Sim3, median-of-5",TUM-VIE,mocap-6dof,tumvie_6dof,ATE,cm,5.8,ok,"DEVO beats event-only peers (DPVO-dag, EVO, ESVO) by >=44%; even beats DH-PTAM (4-cam) on 4/5."
DEVO,DEVO,3DV,2024,5,ESVO,no,Stereo E,metric,"Sim3, median-of-5",TUM-VIE,mocap-desk,tumvie_desk,ATE,cm,3.3,ok,"DEVO beats event-only peers (DPVO-dag, EVO, ESVO) by >=44%; even beats DH-PTAM (4-cam) on 4/5."
DEVO,DEVO,3DV,2024,5,ESVO,no,Stereo E,metric,"Sim3, median-of-5",TUM-VIE,mocap-desk2,tumvie_desk2,ATE,cm,3.2,ok,"DEVO beats event-only peers (DPVO-dag, EVO, ESVO) by >=44%; even beats DH-PTAM (4-cam) on 4/5."
DEVO,DEVO,3DV,2024,5,EVO,no,E,up-to-scale,"Sim3, median-of-5",TUM-VIE,mocap-1d-trans,tumvie_1d_trans,ATE,cm,7.5,ok,"DEVO beats event-only peers (DPVO-dag, EVO, ESVO) by >=44%; even beats DH-PTAM (4-cam) on 4/5."
DEVO,DEVO,3DV,2024,5,EVO,no,E,up-to-scale,"Sim3, median-of-5",TUM-VIE,mocap-3d-trans,tumvie_3d_trans,ATE,cm,12.5,ok,"DEVO beats event-only peers (DPVO-dag, EVO, ESVO) by >=44%; even beats DH-PTAM (4-cam) on 4/5."
DEVO,DEVO,3DV,2024,5,EVO,no,E,up-to-scale,"Sim3, median-of-5",TUM-VIE,mocap-6dof,tumvie_6dof,ATE,cm,85.5,ok,"DEVO beats event-only peers (DPVO-dag, EVO, ESVO) by >=44%; even beats DH-PTAM (4-cam) on 4/5."
DEVO,DEVO,3DV,2024,5,EVO,no,E,up-to-scale,"Sim3, median-of-5",TUM-VIE,mocap-desk,tumvie_desk,ATE,cm,54.1,ok,"DEVO beats event-only peers (DPVO-dag, EVO, ESVO) by >=44%; even beats DH-PTAM (4-cam) on 4/5."
DEVO,DEVO,3DV,2024,5,EVO,no,E,up-to-scale,"Sim3, median-of-5",TUM-VIE,mocap-desk2,tumvie_desk2,ATE,cm,75.2,ok,"DEVO beats event-only peers (DPVO-dag, EVO, ESVO) by >=44%; even beats DH-PTAM (4-cam) on 4/5."
DEVO,DEVO,3DV,2024,5,DPVO-dagger,no,E,up-to-scale,"Sim3, median-of-5",TUM-VIE,mocap-1d-trans,tumvie_1d_trans,ATE,cm,2.3,ok,"DEVO beats event-only peers (DPVO-dag, EVO, ESVO) by >=44%; even beats DH-PTAM (4-cam) on 4/5."
DEVO,DEVO,3DV,2024,5,DPVO-dagger,no,E,up-to-scale,"Sim3, median-of-5",TUM-VIE,mocap-3d-trans,tumvie_3d_trans,ATE,cm,8.2,ok,"DEVO beats event-only peers (DPVO-dag, EVO, ESVO) by >=44%; even beats DH-PTAM (4-cam) on 4/5."
DEVO,DEVO,3DV,2024,5,DPVO-dagger,no,E,up-to-scale,"Sim3, median-of-5",TUM-VIE,mocap-6dof,tumvie_6dof,ATE,cm,7.9,ok,"DEVO beats event-only peers (DPVO-dag, EVO, ESVO) by >=44%; even beats DH-PTAM (4-cam) on 4/5."
DEVO,DEVO,3DV,2024,5,DPVO-dagger,no,E,up-to-scale,"Sim3, median-of-5",TUM-VIE,mocap-desk,tumvie_desk,ATE,cm,5.1,ok,"DEVO beats event-only peers (DPVO-dag, EVO, ESVO) by >=44%; even beats DH-PTAM (4-cam) on 4/5."
DEVO,DEVO,3DV,2024,5,DPVO-dagger,no,E,up-to-scale,"Sim3, median-of-5",TUM-VIE,mocap-desk2,tumvie_desk2,ATE,cm,3.7,ok,"DEVO beats event-only peers (DPVO-dag, EVO, ESVO) by >=44%; even beats DH-PTAM (4-cam) on 4/5."
DEVO,DEVO,3DV,2024,5,DEVO,yes,E,up-to-scale,"Sim3, median-of-5",TUM-VIE,mocap-1d-trans,tumvie_1d_trans,ATE,cm,0.5,ok,"DEVO beats event-only peers (DPVO-dag, EVO, ESVO) by >=44%; even beats DH-PTAM (4-cam) on 4/5."
DEVO,DEVO,3DV,2024,5,DEVO,yes,E,up-to-scale,"Sim3, median-of-5",TUM-VIE,mocap-3d-trans,tumvie_3d_trans,ATE,cm,1.1,ok,"DEVO beats event-only peers (DPVO-dag, EVO, ESVO) by >=44%; even beats DH-PTAM (4-cam) on 4/5."
DEVO,DEVO,3DV,2024,5,DEVO,yes,E,up-to-scale,"Sim3, median-of-5",TUM-VIE,mocap-6dof,tumvie_6dof,ATE,cm,1.6,ok,"DEVO beats event-only peers (DPVO-dag, EVO, ESVO) by >=44%; even beats DH-PTAM (4-cam) on 4/5."
DEVO,DEVO,3DV,2024,5,DEVO,yes,E,up-to-scale,"Sim3, median-of-5",TUM-VIE,mocap-desk,tumvie_desk,ATE,cm,1.7,ok,"DEVO beats event-only peers (DPVO-dag, EVO, ESVO) by >=44%; even beats DH-PTAM (4-cam) on 4/5."
DEVO,DEVO,3DV,2024,5,DEVO,yes,E,up-to-scale,"Sim3, median-of-5",TUM-VIE,mocap-desk2,tumvie_desk2,ATE,cm,1.0,ok,"DEVO beats event-only peers (DPVO-dag, EVO, ESVO) by >=44%; even beats DH-PTAM (4-cam) on 4/5."
DEVO,DEVO,3DV,2024,6,ORB-SLAM2 (stereo),no,Stereo F,metric,"Sim3, median-of-5",RPG,rpg_bin,rpg_bin,ATE,cm,0.7,ok,"EVO rpg_bin/rpg_box marked * = failed after <=30% of seq (values 13.2/14.2 unreliable). DEVO beats event-only methods by >=63%. (Table also reports Rrmse[deg], omitted here.)"
DEVO,DEVO,3DV,2024,6,ORB-SLAM2 (stereo),no,Stereo F,metric,"Sim3, median-of-5",RPG,rpg_box,rpg_box,ATE,cm,1.6,ok,"EVO rpg_bin/rpg_box marked * = failed after <=30% of seq (values 13.2/14.2 unreliable). DEVO beats event-only methods by >=63%. (Table also reports Rrmse[deg], omitted here.)"
DEVO,DEVO,3DV,2024,6,ORB-SLAM2 (stereo),no,Stereo F,metric,"Sim3, median-of-5",RPG,rpg_desk,rpg_desk,ATE,cm,1.8,ok,"EVO rpg_bin/rpg_box marked * = failed after <=30% of seq (values 13.2/14.2 unreliable). DEVO beats event-only methods by >=63%. (Table also reports Rrmse[deg], omitted here.)"
DEVO,DEVO,3DV,2024,6,ORB-SLAM2 (stereo),no,Stereo F,metric,"Sim3, median-of-5",RPG,rpg_monitor,rpg_monitor,ATE,cm,0.8,ok,"EVO rpg_bin/rpg_box marked * = failed after <=30% of seq (values 13.2/14.2 unreliable). DEVO beats event-only methods by >=63%. (Table also reports Rrmse[deg], omitted here.)"
DEVO,DEVO,3DV,2024,6,ORB-SLAM2 (mono),no,F,up-to-scale,"Sim3, median-of-5",RPG,rpg_bin,rpg_bin,ATE,cm,2.4,ok,"EVO rpg_bin/rpg_box marked * = failed after <=30% of seq (values 13.2/14.2 unreliable). DEVO beats event-only methods by >=63%. (Table also reports Rrmse[deg], omitted here.)"
DEVO,DEVO,3DV,2024,6,ORB-SLAM2 (mono),no,F,up-to-scale,"Sim3, median-of-5",RPG,rpg_box,rpg_box,ATE,cm,3.9,ok,"EVO rpg_bin/rpg_box marked * = failed after <=30% of seq (values 13.2/14.2 unreliable). DEVO beats event-only methods by >=63%. (Table also reports Rrmse[deg], omitted here.)"
DEVO,DEVO,3DV,2024,6,ORB-SLAM2 (mono),no,F,up-to-scale,"Sim3, median-of-5",RPG,rpg_desk,rpg_desk,ATE,cm,3.8,ok,"EVO rpg_bin/rpg_box marked * = failed after <=30% of seq (values 13.2/14.2 unreliable). DEVO beats event-only methods by >=63%. (Table also reports Rrmse[deg], omitted here.)"
DEVO,DEVO,3DV,2024,6,ORB-SLAM2 (mono),no,F,up-to-scale,"Sim3, median-of-5",RPG,rpg_monitor,rpg_monitor,ATE,cm,3.1,ok,"EVO rpg_bin/rpg_box marked * = failed after <=30% of seq (values 13.2/14.2 unreliable). DEVO beats event-only methods by >=63%. (Table also reports Rrmse[deg], omitted here.)"
DEVO,DEVO,3DV,2024,6,DSO,no,F,up-to-scale,"Sim3, median-of-5",RPG,rpg_bin,rpg_bin,ATE,cm,1.1,ok,"EVO rpg_bin/rpg_box marked * = failed after <=30% of seq (values 13.2/14.2 unreliable). DEVO beats event-only methods by >=63%. (Table also reports Rrmse[deg], omitted here.)"
DEVO,DEVO,3DV,2024,6,DSO,no,F,up-to-scale,"Sim3, median-of-5",RPG,rpg_box,rpg_box,ATE,cm,2.0,ok,"EVO rpg_bin/rpg_box marked * = failed after <=30% of seq (values 13.2/14.2 unreliable). DEVO beats event-only methods by >=63%. (Table also reports Rrmse[deg], omitted here.)"
DEVO,DEVO,3DV,2024,6,DSO,no,F,up-to-scale,"Sim3, median-of-5",RPG,rpg_desk,rpg_desk,ATE,cm,10.0,ok,"EVO rpg_bin/rpg_box marked * = failed after <=30% of seq (values 13.2/14.2 unreliable). DEVO beats event-only methods by >=63%. (Table also reports Rrmse[deg], omitted here.)"
DEVO,DEVO,3DV,2024,6,DSO,no,F,up-to-scale,"Sim3, median-of-5",RPG,rpg_monitor,rpg_monitor,ATE,cm,0.9,ok,"EVO rpg_bin/rpg_box marked * = failed after <=30% of seq (values 13.2/14.2 unreliable). DEVO beats event-only methods by >=63%. (Table also reports Rrmse[deg], omitted here.)"
DEVO,DEVO,3DV,2024,6,DPVO,no,F,up-to-scale,"Sim3, median-of-5",RPG,rpg_bin,rpg_bin,ATE,cm,0.7,ok,"EVO rpg_bin/rpg_box marked * = failed after <=30% of seq (values 13.2/14.2 unreliable). DEVO beats event-only methods by >=63%. (Table also reports Rrmse[deg], omitted here.)"
DEVO,DEVO,3DV,2024,6,DPVO,no,F,up-to-scale,"Sim3, median-of-5",RPG,rpg_box,rpg_box,ATE,cm,1.62,ok,"EVO rpg_bin/rpg_box marked * = failed after <=30% of seq (values 13.2/14.2 unreliable). DEVO beats event-only methods by >=63%. (Table also reports Rrmse[deg], omitted here.)"
DEVO,DEVO,3DV,2024,6,DPVO,no,F,up-to-scale,"Sim3, median-of-5",RPG,rpg_desk,rpg_desk,ATE,cm,3.1,ok,"EVO rpg_bin/rpg_box marked * = failed after <=30% of seq (values 13.2/14.2 unreliable). DEVO beats event-only methods by >=63%. (Table also reports Rrmse[deg], omitted here.)"
DEVO,DEVO,3DV,2024,6,DPVO,no,F,up-to-scale,"Sim3, median-of-5",RPG,rpg_monitor,rpg_monitor,ATE,cm,2.12,ok,"EVO rpg_bin/rpg_box marked * = failed after <=30% of seq (values 13.2/14.2 unreliable). DEVO beats event-only methods by >=63%. (Table also reports Rrmse[deg], omitted here.)"
DEVO,DEVO,3DV,2024,6,Ultimate-SLAM,no,E+F+I,metric,"Sim3, median-of-5",RPG,rpg_bin,rpg_bin,ATE,cm,7.7,ok,"EVO rpg_bin/rpg_box marked * = failed after <=30% of seq (values 13.2/14.2 unreliable). DEVO beats event-only methods by >=63%. (Table also reports Rrmse[deg], omitted here.)"
DEVO,DEVO,3DV,2024,6,Ultimate-SLAM,no,E+F+I,metric,"Sim3, median-of-5",RPG,rpg_box,rpg_box,ATE,cm,9.5,ok,"EVO rpg_bin/rpg_box marked * = failed after <=30% of seq (values 13.2/14.2 unreliable). DEVO beats event-only methods by >=63%. (Table also reports Rrmse[deg], omitted here.)"
DEVO,DEVO,3DV,2024,6,Ultimate-SLAM,no,E+F+I,metric,"Sim3, median-of-5",RPG,rpg_desk,rpg_desk,ATE,cm,9.8,ok,"EVO rpg_bin/rpg_box marked * = failed after <=30% of seq (values 13.2/14.2 unreliable). DEVO beats event-only methods by >=63%. (Table also reports Rrmse[deg], omitted here.)"
DEVO,DEVO,3DV,2024,6,Ultimate-SLAM,no,E+F+I,metric,"Sim3, median-of-5",RPG,rpg_monitor,rpg_monitor,ATE,cm,6.5,ok,"EVO rpg_bin/rpg_box marked * = failed after <=30% of seq (values 13.2/14.2 unreliable). DEVO beats event-only methods by >=63%. (Table also reports Rrmse[deg], omitted here.)"
DEVO,DEVO,3DV,2024,6,EDSO,no,E+F,up-to-scale,"Sim3, median-of-5",RPG,rpg_bin,rpg_bin,ATE,cm,1.1,ok,"EVO rpg_bin/rpg_box marked * = failed after <=30% of seq (values 13.2/14.2 unreliable). DEVO beats event-only methods by >=63%. (Table also reports Rrmse[deg], omitted here.)"
DEVO,DEVO,3DV,2024,6,EDSO,no,E+F,up-to-scale,"Sim3, median-of-5",RPG,rpg_box,rpg_box,ATE,cm,2.1,ok,"EVO rpg_bin/rpg_box marked * = failed after <=30% of seq (values 13.2/14.2 unreliable). DEVO beats event-only methods by >=63%. (Table also reports Rrmse[deg], omitted here.)"
DEVO,DEVO,3DV,2024,6,EDSO,no,E+F,up-to-scale,"Sim3, median-of-5",RPG,rpg_desk,rpg_desk,ATE,cm,1.5,ok,"EVO rpg_bin/rpg_box marked * = failed after <=30% of seq (values 13.2/14.2 unreliable). DEVO beats event-only methods by >=63%. (Table also reports Rrmse[deg], omitted here.)"
DEVO,DEVO,3DV,2024,6,EDSO,no,E+F,up-to-scale,"Sim3, median-of-5",RPG,rpg_monitor,rpg_monitor,ATE,cm,1.0,ok,"EVO rpg_bin/rpg_box marked * = failed after <=30% of seq (values 13.2/14.2 unreliable). DEVO beats event-only methods by >=63%. (Table also reports Rrmse[deg], omitted here.)"
DEVO,DEVO,3DV,2024,6,ESVO,no,Stereo E,metric,"Sim3, median-of-5",RPG,rpg_bin,rpg_bin,ATE,cm,2.8,ok,"EVO rpg_bin/rpg_box marked * = failed after <=30% of seq (values 13.2/14.2 unreliable). DEVO beats event-only methods by >=63%. (Table also reports Rrmse[deg], omitted here.)"
DEVO,DEVO,3DV,2024,6,ESVO,no,Stereo E,metric,"Sim3, median-of-5",RPG,rpg_box,rpg_box,ATE,cm,5.8,ok,"EVO rpg_bin/rpg_box marked * = failed after <=30% of seq (values 13.2/14.2 unreliable). DEVO beats event-only methods by >=63%. (Table also reports Rrmse[deg], omitted here.)"
DEVO,DEVO,3DV,2024,6,ESVO,no,Stereo E,metric,"Sim3, median-of-5",RPG,rpg_desk,rpg_desk,ATE,cm,3.2,ok,"EVO rpg_bin/rpg_box marked * = failed after <=30% of seq (values 13.2/14.2 unreliable). DEVO beats event-only methods by >=63%. (Table also reports Rrmse[deg], omitted here.)"
DEVO,DEVO,3DV,2024,6,ESVO,no,Stereo E,metric,"Sim3, median-of-5",RPG,rpg_monitor,rpg_monitor,ATE,cm,3.3,ok,"EVO rpg_bin/rpg_box marked * = failed after <=30% of seq (values 13.2/14.2 unreliable). DEVO beats event-only methods by >=63%. (Table also reports Rrmse[deg], omitted here.)"
DEVO,DEVO,3DV,2024,6,EVO,no,E,up-to-scale,"Sim3, median-of-5",RPG,rpg_bin,rpg_bin,ATE,cm,13.2,ok,"EVO rpg_bin/rpg_box marked * = failed after <=30% of seq (values 13.2/14.2 unreliable). DEVO beats event-only methods by >=63%. (Table also reports Rrmse[deg], omitted here.)"
DEVO,DEVO,3DV,2024,6,EVO,no,E,up-to-scale,"Sim3, median-of-5",RPG,rpg_box,rpg_box,ATE,cm,14.2,ok,"EVO rpg_bin/rpg_box marked * = failed after <=30% of seq (values 13.2/14.2 unreliable). DEVO beats event-only methods by >=63%. (Table also reports Rrmse[deg], omitted here.)"
DEVO,DEVO,3DV,2024,6,EVO,no,E,up-to-scale,"Sim3, median-of-5",RPG,rpg_desk,rpg_desk,ATE,cm,5.2,ok,"EVO rpg_bin/rpg_box marked * = failed after <=30% of seq (values 13.2/14.2 unreliable). DEVO beats event-only methods by >=63%. (Table also reports Rrmse[deg], omitted here.)"
DEVO,DEVO,3DV,2024,6,EVO,no,E,up-to-scale,"Sim3, median-of-5",RPG,rpg_monitor,rpg_monitor,ATE,cm,7.8,ok,"EVO rpg_bin/rpg_box marked * = failed after <=30% of seq (values 13.2/14.2 unreliable). DEVO beats event-only methods by >=63%. (Table also reports Rrmse[deg], omitted here.)"
DEVO,DEVO,3DV,2024,6,DPVO-dagger,no,E,up-to-scale,"Sim3, median-of-5",RPG,rpg_bin,rpg_bin,ATE,cm,4.0,ok,"EVO rpg_bin/rpg_box marked * = failed after <=30% of seq (values 13.2/14.2 unreliable). DEVO beats event-only methods by >=63%. (Table also reports Rrmse[deg], omitted here.)"
DEVO,DEVO,3DV,2024,6,DPVO-dagger,no,E,up-to-scale,"Sim3, median-of-5",RPG,rpg_box,rpg_box,ATE,cm,4.2,ok,"EVO rpg_bin/rpg_box marked * = failed after <=30% of seq (values 13.2/14.2 unreliable). DEVO beats event-only methods by >=63%. (Table also reports Rrmse[deg], omitted here.)"
DEVO,DEVO,3DV,2024,6,DPVO-dagger,no,E,up-to-scale,"Sim3, median-of-5",RPG,rpg_desk,rpg_desk,ATE,cm,3.05,ok,"EVO rpg_bin/rpg_box marked * = failed after <=30% of seq (values 13.2/14.2 unreliable). DEVO beats event-only methods by >=63%. (Table also reports Rrmse[deg], omitted here.)"
DEVO,DEVO,3DV,2024,6,DPVO-dagger,no,E,up-to-scale,"Sim3, median-of-5",RPG,rpg_monitor,rpg_monitor,ATE,cm,2.35,ok,"EVO rpg_bin/rpg_box marked * = failed after <=30% of seq (values 13.2/14.2 unreliable). DEVO beats event-only methods by >=63%. (Table also reports Rrmse[deg], omitted here.)"
DEVO,DEVO,3DV,2024,6,DEVO,yes,E,up-to-scale,"Sim3, median-of-5",RPG,rpg_bin,rpg_bin,ATE,cm,1.03,ok,"EVO rpg_bin/rpg_box marked * = failed after <=30% of seq (values 13.2/14.2 unreliable). DEVO beats event-only methods by >=63%. (Table also reports Rrmse[deg], omitted here.)"
DEVO,DEVO,3DV,2024,6,DEVO,yes,E,up-to-scale,"Sim3, median-of-5",RPG,rpg_box,rpg_box,ATE,cm,0.92,ok,"EVO rpg_bin/rpg_box marked * = failed after <=30% of seq (values 13.2/14.2 unreliable). DEVO beats event-only methods by >=63%. (Table also reports Rrmse[deg], omitted here.)"
DEVO,DEVO,3DV,2024,6,DEVO,yes,E,up-to-scale,"Sim3, median-of-5",RPG,rpg_desk,rpg_desk,ATE,cm,1.21,ok,"EVO rpg_bin/rpg_box marked * = failed after <=30% of seq (values 13.2/14.2 unreliable). DEVO beats event-only methods by >=63%. (Table also reports Rrmse[deg], omitted here.)"
DEVO,DEVO,3DV,2024,6,DEVO,yes,E,up-to-scale,"Sim3, median-of-5",RPG,rpg_monitor,rpg_monitor,ATE,cm,0.71,ok,"EVO rpg_bin/rpg_box marked * = failed after <=30% of seq (values 13.2/14.2 unreliable). DEVO beats event-only methods by >=63%. (Table also reports Rrmse[deg], omitted here.)"
DEVO,DEVO,3DV,2024,7,ORB-SLAM3,no,Stereo F+I,metric,"Sim3, median-of-5",MVSEC,Indoor Fly1,indoor_flying1,MPE,%,5.31,ok,DEVO is the first event-only method that does not fail on any MVSEC seq; worse than DPVO (frames) due to MVSEC's biased polarity ratio (neg:pos=3.2).
DEVO,DEVO,3DV,2024,7,ORB-SLAM3,no,Stereo F+I,metric,"Sim3, median-of-5",MVSEC,Indoor Fly2,indoor_flying2,MPE,%,5.65,ok,DEVO is the first event-only method that does not fail on any MVSEC seq; worse than DPVO (frames) due to MVSEC's biased polarity ratio (neg:pos=3.2).
DEVO,DEVO,3DV,2024,7,ORB-SLAM3,no,Stereo F+I,metric,"Sim3, median-of-5",MVSEC,Indoor Fly3,indoor_flying3,MPE,%,2.9,ok,DEVO is the first event-only method that does not fail on any MVSEC seq; worse than DPVO (frames) due to MVSEC's biased polarity ratio (neg:pos=3.2).
DEVO,DEVO,3DV,2024,7,ORB-SLAM3,no,Stereo F+I,metric,"Sim3, median-of-5",MVSEC,Indoor Fly4,indoor_flying4,MPE,%,6.99,ok,DEVO is the first event-only method that does not fail on any MVSEC seq; worse than DPVO (frames) due to MVSEC's biased polarity ratio (neg:pos=3.2).
DEVO,DEVO,3DV,2024,7,VINS-Fusion,no,Stereo F+I,metric,"Sim3, median-of-5",MVSEC,Indoor Fly1,indoor_flying1,MPE,%,1.5,ok,DEVO is the first event-only method that does not fail on any MVSEC seq; worse than DPVO (frames) due to MVSEC's biased polarity ratio (neg:pos=3.2).
DEVO,DEVO,3DV,2024,7,VINS-Fusion,no,Stereo F+I,metric,"Sim3, median-of-5",MVSEC,Indoor Fly2,indoor_flying2,MPE,%,6.98,ok,DEVO is the first event-only method that does not fail on any MVSEC seq; worse than DPVO (frames) due to MVSEC's biased polarity ratio (neg:pos=3.2).
DEVO,DEVO,3DV,2024,7,VINS-Fusion,no,Stereo F+I,metric,"Sim3, median-of-5",MVSEC,Indoor Fly3,indoor_flying3,MPE,%,0.73,ok,DEVO is the first event-only method that does not fail on any MVSEC seq; worse than DPVO (frames) due to MVSEC's biased polarity ratio (neg:pos=3.2).
DEVO,DEVO,3DV,2024,7,VINS-Fusion,no,Stereo F+I,metric,"Sim3, median-of-5",MVSEC,Indoor Fly4,indoor_flying4,MPE,%,3.62,ok,DEVO is the first event-only method that does not fail on any MVSEC seq; worse than DPVO (frames) due to MVSEC's biased polarity ratio (neg:pos=3.2).
DEVO,DEVO,3DV,2024,7,DPVO,no,F,up-to-scale,"Sim3, median-of-5",MVSEC,Indoor Fly1,indoor_flying1,MPE,%,0.16,ok,DEVO is the first event-only method that does not fail on any MVSEC seq; worse than DPVO (frames) due to MVSEC's biased polarity ratio (neg:pos=3.2).
DEVO,DEVO,3DV,2024,7,DPVO,no,F,up-to-scale,"Sim3, median-of-5",MVSEC,Indoor Fly2,indoor_flying2,MPE,%,0.15,ok,DEVO is the first event-only method that does not fail on any MVSEC seq; worse than DPVO (frames) due to MVSEC's biased polarity ratio (neg:pos=3.2).
DEVO,DEVO,3DV,2024,7,DPVO,no,F,up-to-scale,"Sim3, median-of-5",MVSEC,Indoor Fly3,indoor_flying3,MPE,%,0.08,ok,DEVO is the first event-only method that does not fail on any MVSEC seq; worse than DPVO (frames) due to MVSEC's biased polarity ratio (neg:pos=3.2).
DEVO,DEVO,3DV,2024,7,DPVO,no,F,up-to-scale,"Sim3, median-of-5",MVSEC,Indoor Fly4,indoor_flying4,MPE,%,0.3,ok,DEVO is the first event-only method that does not fail on any MVSEC seq; worse than DPVO (frames) due to MVSEC's biased polarity ratio (neg:pos=3.2).
DEVO,DEVO,3DV,2024,7,ESVIO,no,Stereo E+F+I,metric,"Sim3, median-of-5",MVSEC,Indoor Fly1,indoor_flying1,MPE,%,0.94,ok,DEVO is the first event-only method that does not fail on any MVSEC seq; worse than DPVO (frames) due to MVSEC's biased polarity ratio (neg:pos=3.2).
DEVO,DEVO,3DV,2024,7,ESVIO,no,Stereo E+F+I,metric,"Sim3, median-of-5",MVSEC,Indoor Fly2,indoor_flying2,MPE,%,1.0,ok,DEVO is the first event-only method that does not fail on any MVSEC seq; worse than DPVO (frames) due to MVSEC's biased polarity ratio (neg:pos=3.2).
DEVO,DEVO,3DV,2024,7,ESVIO,no,Stereo E+F+I,metric,"Sim3, median-of-5",MVSEC,Indoor Fly3,indoor_flying3,MPE,%,0.47,ok,DEVO is the first event-only method that does not fail on any MVSEC seq; worse than DPVO (frames) due to MVSEC's biased polarity ratio (neg:pos=3.2).
DEVO,DEVO,3DV,2024,7,ESVIO,no,Stereo E+F+I,metric,"Sim3, median-of-5",MVSEC,Indoor Fly4,indoor_flying4,MPE,%,5.55,ok,DEVO is the first event-only method that does not fail on any MVSEC seq; worse than DPVO (frames) due to MVSEC's biased polarity ratio (neg:pos=3.2).
DEVO,DEVO,3DV,2024,7,Ultimate-SLAM,no,E+F+I,metric,"Sim3, median-of-5",MVSEC,Indoor Fly1,indoor_flying1,MPE,%,,failed,DEVO is the first event-only method that does not fail on any MVSEC seq; worse than DPVO (frames) due to MVSEC's biased polarity ratio (neg:pos=3.2).
DEVO,DEVO,3DV,2024,7,Ultimate-SLAM,no,E+F+I,metric,"Sim3, median-of-5",MVSEC,Indoor Fly2,indoor_flying2,MPE,%,,failed,DEVO is the first event-only method that does not fail on any MVSEC seq; worse than DPVO (frames) due to MVSEC's biased polarity ratio (neg:pos=3.2).
DEVO,DEVO,3DV,2024,7,Ultimate-SLAM,no,E+F+I,metric,"Sim3, median-of-5",MVSEC,Indoor Fly3,indoor_flying3,MPE,%,,failed,DEVO is the first event-only method that does not fail on any MVSEC seq; worse than DPVO (frames) due to MVSEC's biased polarity ratio (neg:pos=3.2).
DEVO,DEVO,3DV,2024,7,Ultimate-SLAM,no,E+F+I,metric,"Sim3, median-of-5",MVSEC,Indoor Fly4,indoor_flying4,MPE,%,2.77,ok,DEVO is the first event-only method that does not fail on any MVSEC seq; worse than DPVO (frames) due to MVSEC's biased polarity ratio (neg:pos=3.2).
DEVO,DEVO,3DV,2024,7,PL-EVIO,no,E+F+I,metric,"Sim3, median-of-5",MVSEC,Indoor Fly1,indoor_flying1,MPE,%,1.35,ok,DEVO is the first event-only method that does not fail on any MVSEC seq; worse than DPVO (frames) due to MVSEC's biased polarity ratio (neg:pos=3.2).
DEVO,DEVO,3DV,2024,7,PL-EVIO,no,E+F+I,metric,"Sim3, median-of-5",MVSEC,Indoor Fly2,indoor_flying2,MPE,%,1.0,ok,DEVO is the first event-only method that does not fail on any MVSEC seq; worse than DPVO (frames) due to MVSEC's biased polarity ratio (neg:pos=3.2).
DEVO,DEVO,3DV,2024,7,PL-EVIO,no,E+F+I,metric,"Sim3, median-of-5",MVSEC,Indoor Fly3,indoor_flying3,MPE,%,0.64,ok,DEVO is the first event-only method that does not fail on any MVSEC seq; worse than DPVO (frames) due to MVSEC's biased polarity ratio (neg:pos=3.2).
DEVO,DEVO,3DV,2024,7,PL-EVIO,no,E+F+I,metric,"Sim3, median-of-5",MVSEC,Indoor Fly4,indoor_flying4,MPE,%,5.31,ok,DEVO is the first event-only method that does not fail on any MVSEC seq; worse than DPVO (frames) due to MVSEC's biased polarity ratio (neg:pos=3.2).
DEVO,DEVO,3DV,2024,7,ESVO,no,Stereo E,metric,"Sim3, median-of-5",MVSEC,Indoor Fly1,indoor_flying1,MPE,%,4.0,ok,DEVO is the first event-only method that does not fail on any MVSEC seq; worse than DPVO (frames) due to MVSEC's biased polarity ratio (neg:pos=3.2).
DEVO,DEVO,3DV,2024,7,ESVO,no,Stereo E,metric,"Sim3, median-of-5",MVSEC,Indoor Fly2,indoor_flying2,MPE,%,3.66,ok,DEVO is the first event-only method that does not fail on any MVSEC seq; worse than DPVO (frames) due to MVSEC's biased polarity ratio (neg:pos=3.2).
DEVO,DEVO,3DV,2024,7,ESVO,no,Stereo E,metric,"Sim3, median-of-5",MVSEC,Indoor Fly3,indoor_flying3,MPE,%,1.71,ok,DEVO is the first event-only method that does not fail on any MVSEC seq; worse than DPVO (frames) due to MVSEC's biased polarity ratio (neg:pos=3.2).
DEVO,DEVO,3DV,2024,7,ESVO,no,Stereo E,metric,"Sim3, median-of-5",MVSEC,Indoor Fly4,indoor_flying4,MPE,%,,failed,DEVO is the first event-only method that does not fail on any MVSEC seq; worse than DPVO (frames) due to MVSEC's biased polarity ratio (neg:pos=3.2).
DEVO,DEVO,3DV,2024,7,EVO,no,E,up-to-scale,"Sim3, median-of-5",MVSEC,Indoor Fly1,indoor_flying1,MPE,%,5.09,ok,DEVO is the first event-only method that does not fail on any MVSEC seq; worse than DPVO (frames) due to MVSEC's biased polarity ratio (neg:pos=3.2).
DEVO,DEVO,3DV,2024,7,EVO,no,E,up-to-scale,"Sim3, median-of-5",MVSEC,Indoor Fly2,indoor_flying2,MPE,%,,failed,DEVO is the first event-only method that does not fail on any MVSEC seq; worse than DPVO (frames) due to MVSEC's biased polarity ratio (neg:pos=3.2).
DEVO,DEVO,3DV,2024,7,EVO,no,E,up-to-scale,"Sim3, median-of-5",MVSEC,Indoor Fly3,indoor_flying3,MPE,%,2.58,ok,DEVO is the first event-only method that does not fail on any MVSEC seq; worse than DPVO (frames) due to MVSEC's biased polarity ratio (neg:pos=3.2).
DEVO,DEVO,3DV,2024,7,EVO,no,E,up-to-scale,"Sim3, median-of-5",MVSEC,Indoor Fly4,indoor_flying4,MPE,%,,failed,DEVO is the first event-only method that does not fail on any MVSEC seq; worse than DPVO (frames) due to MVSEC's biased polarity ratio (neg:pos=3.2).
DEVO,DEVO,3DV,2024,7,DPVO-dagger,no,E,up-to-scale,"Sim3, median-of-5",MVSEC,Indoor Fly1,indoor_flying1,MPE,%,,failed,DEVO is the first event-only method that does not fail on any MVSEC seq; worse than DPVO (frames) due to MVSEC's biased polarity ratio (neg:pos=3.2).
DEVO,DEVO,3DV,2024,7,DPVO-dagger,no,E,up-to-scale,"Sim3, median-of-5",MVSEC,Indoor Fly2,indoor_flying2,MPE,%,,failed,DEVO is the first event-only method that does not fail on any MVSEC seq; worse than DPVO (frames) due to MVSEC's biased polarity ratio (neg:pos=3.2).
DEVO,DEVO,3DV,2024,7,DPVO-dagger,no,E,up-to-scale,"Sim3, median-of-5",MVSEC,Indoor Fly3,indoor_flying3,MPE,%,,failed,DEVO is the first event-only method that does not fail on any MVSEC seq; worse than DPVO (frames) due to MVSEC's biased polarity ratio (neg:pos=3.2).
DEVO,DEVO,3DV,2024,7,DPVO-dagger,no,E,up-to-scale,"Sim3, median-of-5",MVSEC,Indoor Fly4,indoor_flying4,MPE,%,,failed,DEVO is the first event-only method that does not fail on any MVSEC seq; worse than DPVO (frames) due to MVSEC's biased polarity ratio (neg:pos=3.2).
DEVO,DEVO,3DV,2024,7,DEVO,yes,E,up-to-scale,"Sim3, median-of-5",MVSEC,Indoor Fly1,indoor_flying1,MPE,%,0.26,ok,DEVO is the first event-only method that does not fail on any MVSEC seq; worse than DPVO (frames) due to MVSEC's biased polarity ratio (neg:pos=3.2).
DEVO,DEVO,3DV,2024,7,DEVO,yes,E,up-to-scale,"Sim3, median-of-5",MVSEC,Indoor Fly2,indoor_flying2,MPE,%,0.32,ok,DEVO is the first event-only method that does not fail on any MVSEC seq; worse than DPVO (frames) due to MVSEC's biased polarity ratio (neg:pos=3.2).
DEVO,DEVO,3DV,2024,7,DEVO,yes,E,up-to-scale,"Sim3, median-of-5",MVSEC,Indoor Fly3,indoor_flying3,MPE,%,0.19,ok,DEVO is the first event-only method that does not fail on any MVSEC seq; worse than DPVO (frames) due to MVSEC's biased polarity ratio (neg:pos=3.2).
DEVO,DEVO,3DV,2024,7,DEVO,yes,E,up-to-scale,"Sim3, median-of-5",MVSEC,Indoor Fly4,indoor_flying4,MPE,%,1.08,ok,DEVO is the first event-only method that does not fail on any MVSEC seq; worse than DPVO (frames) due to MVSEC's biased polarity ratio (neg:pos=3.2).
DEVO,DEVO,3DV,2024,7,ORB-SLAM3,no,Stereo F+I,metric,"Sim3, median-of-5",MVSEC,Indoor Fly1,indoor_flying1,ATE,cm,142.0,ok,ATE column of DEVO Table 7.
DEVO,DEVO,3DV,2024,7,ORB-SLAM3,no,Stereo F+I,metric,"Sim3, median-of-5",MVSEC,Indoor Fly2,indoor_flying2,ATE,cm,170.0,ok,ATE column of DEVO Table 7.
DEVO,DEVO,3DV,2024,7,ORB-SLAM3,no,Stereo F+I,metric,"Sim3, median-of-5",MVSEC,Indoor Fly3,indoor_flying3,ATE,cm,154.0,ok,ATE column of DEVO Table 7.
DEVO,DEVO,3DV,2024,7,ORB-SLAM3,no,Stereo F+I,metric,"Sim3, median-of-5",MVSEC,Indoor Fly4,indoor_flying4,ATE,cm,58.0,ok,ATE column of DEVO Table 7.
DEVO,DEVO,3DV,2024,7,VINS-Fusion,no,Stereo F+I,metric,"Sim3, median-of-5",MVSEC,Indoor Fly1,indoor_flying1,ATE,cm,40.0,ok,ATE column of DEVO Table 7.
DEVO,DEVO,3DV,2024,7,VINS-Fusion,no,Stereo F+I,metric,"Sim3, median-of-5",MVSEC,Indoor Fly2,indoor_flying2,ATE,cm,210.0,ok,ATE column of DEVO Table 7.
DEVO,DEVO,3DV,2024,7,VINS-Fusion,no,Stereo F+I,metric,"Sim3, median-of-5",MVSEC,Indoor Fly3,indoor_flying3,ATE,cm,39.0,ok,ATE column of DEVO Table 7.
DEVO,DEVO,3DV,2024,7,VINS-Fusion,no,Stereo F+I,metric,"Sim3, median-of-5",MVSEC,Indoor Fly4,indoor_flying4,ATE,cm,30.0,ok,ATE column of DEVO Table 7.
DEVO,DEVO,3DV,2024,7,DPVO,no,F,up-to-scale,"Sim3, median-of-5",MVSEC,Indoor Fly1,indoor_flying1,ATE,cm,4.8,ok,ATE column of DEVO Table 7.
DEVO,DEVO,3DV,2024,7,DPVO,no,F,up-to-scale,"Sim3, median-of-5",MVSEC,Indoor Fly2,indoor_flying2,ATE,cm,6.3,ok,ATE column of DEVO Table 7.
DEVO,DEVO,3DV,2024,7,DPVO,no,F,up-to-scale,"Sim3, median-of-5",MVSEC,Indoor Fly3,indoor_flying3,ATE,cm,4.6,ok,ATE column of DEVO Table 7.
DEVO,DEVO,3DV,2024,7,DPVO,no,F,up-to-scale,"Sim3, median-of-5",MVSEC,Indoor Fly4,indoor_flying4,ATE,cm,3.2,ok,ATE column of DEVO Table 7.
DEVO,DEVO,3DV,2024,7,ESVIO,no,Stereo E+F+I,metric,"Sim3, median-of-5",MVSEC,Indoor Fly1,indoor_flying1,ATE,cm,25.0,ok,ATE column of DEVO Table 7.
DEVO,DEVO,3DV,2024,7,ESVIO,no,Stereo E+F+I,metric,"Sim3, median-of-5",MVSEC,Indoor Fly2,indoor_flying2,ATE,cm,30.0,ok,ATE column of DEVO Table 7.
DEVO,DEVO,3DV,2024,7,ESVIO,no,Stereo E+F+I,metric,"Sim3, median-of-5",MVSEC,Indoor Fly3,indoor_flying3,ATE,cm,25.0,ok,ATE column of DEVO Table 7.
DEVO,DEVO,3DV,2024,7,ESVIO,no,Stereo E+F+I,metric,"Sim3, median-of-5",MVSEC,Indoor Fly4,indoor_flying4,ATE,cm,46.0,ok,ATE column of DEVO Table 7.
DEVO,DEVO,3DV,2024,7,Ultimate-SLAM,no,E+F+I,metric,"Sim3, median-of-5",MVSEC,Indoor Fly1,indoor_flying1,ATE,cm,,failed,ATE column of DEVO Table 7.
DEVO,DEVO,3DV,2024,7,Ultimate-SLAM,no,E+F+I,metric,"Sim3, median-of-5",MVSEC,Indoor Fly2,indoor_flying2,ATE,cm,,failed,ATE column of DEVO Table 7.
DEVO,DEVO,3DV,2024,7,Ultimate-SLAM,no,E+F+I,metric,"Sim3, median-of-5",MVSEC,Indoor Fly3,indoor_flying3,ATE,cm,,failed,ATE column of DEVO Table 7.
DEVO,DEVO,3DV,2024,7,Ultimate-SLAM,no,E+F+I,metric,"Sim3, median-of-5",MVSEC,Indoor Fly4,indoor_flying4,ATE,cm,23.0,ok,ATE column of DEVO Table 7.
DEVO,DEVO,3DV,2024,7,PL-EVIO,no,E+F+I,metric,"Sim3, median-of-5",MVSEC,Indoor Fly1,indoor_flying1,ATE,cm,36.0,ok,ATE column of DEVO Table 7.
DEVO,DEVO,3DV,2024,7,PL-EVIO,no,E+F+I,metric,"Sim3, median-of-5",MVSEC,Indoor Fly2,indoor_flying2,ATE,cm,30.0,ok,ATE column of DEVO Table 7.
DEVO,DEVO,3DV,2024,7,PL-EVIO,no,E+F+I,metric,"Sim3, median-of-5",MVSEC,Indoor Fly3,indoor_flying3,ATE,cm,34.0,ok,ATE column of DEVO Table 7.
DEVO,DEVO,3DV,2024,7,PL-EVIO,no,E+F+I,metric,"Sim3, median-of-5",MVSEC,Indoor Fly4,indoor_flying4,ATE,cm,44.0,ok,ATE column of DEVO Table 7.
DEVO,DEVO,3DV,2024,7,ESVO,no,Stereo E,metric,"Sim3, median-of-5",MVSEC,Indoor Fly1,indoor_flying1,ATE,cm,107.0,ok,ATE column of DEVO Table 7.
DEVO,DEVO,3DV,2024,7,ESVO,no,Stereo E,metric,"Sim3, median-of-5",MVSEC,Indoor Fly2,indoor_flying2,ATE,cm,110.0,ok,ATE column of DEVO Table 7.
DEVO,DEVO,3DV,2024,7,ESVO,no,Stereo E,metric,"Sim3, median-of-5",MVSEC,Indoor Fly3,indoor_flying3,ATE,cm,91.0,ok,ATE column of DEVO Table 7.
DEVO,DEVO,3DV,2024,7,ESVO,no,Stereo E,metric,"Sim3, median-of-5",MVSEC,Indoor Fly4,indoor_flying4,ATE,cm,,failed,ATE column of DEVO Table 7.
DEVO,DEVO,3DV,2024,7,EVO,no,E,up-to-scale,"Sim3, median-of-5",MVSEC,Indoor Fly1,indoor_flying1,ATE,cm,136.0,ok,ATE column of DEVO Table 7.
DEVO,DEVO,3DV,2024,7,EVO,no,E,up-to-scale,"Sim3, median-of-5",MVSEC,Indoor Fly2,indoor_flying2,ATE,cm,,failed,ATE column of DEVO Table 7.
DEVO,DEVO,3DV,2024,7,EVO,no,E,up-to-scale,"Sim3, median-of-5",MVSEC,Indoor Fly3,indoor_flying3,ATE,cm,137.0,ok,ATE column of DEVO Table 7.
DEVO,DEVO,3DV,2024,7,EVO,no,E,up-to-scale,"Sim3, median-of-5",MVSEC,Indoor Fly4,indoor_flying4,ATE,cm,,failed,ATE column of DEVO Table 7.
DEVO,DEVO,3DV,2024,7,DPVO-dagger,no,E,up-to-scale,"Sim3, median-of-5",MVSEC,Indoor Fly1,indoor_flying1,ATE,cm,,failed,ATE column of DEVO Table 7.
DEVO,DEVO,3DV,2024,7,DPVO-dagger,no,E,up-to-scale,"Sim3, median-of-5",MVSEC,Indoor Fly2,indoor_flying2,ATE,cm,,failed,ATE column of DEVO Table 7.
DEVO,DEVO,3DV,2024,7,DPVO-dagger,no,E,up-to-scale,"Sim3, median-of-5",MVSEC,Indoor Fly3,indoor_flying3,ATE,cm,,failed,ATE column of DEVO Table 7.
DEVO,DEVO,3DV,2024,7,DPVO-dagger,no,E,up-to-scale,"Sim3, median-of-5",MVSEC,Indoor Fly4,indoor_flying4,ATE,cm,,failed,ATE column of DEVO Table 7.
DEVO,DEVO,3DV,2024,7,DEVO,yes,E,up-to-scale,"Sim3, median-of-5",MVSEC,Indoor Fly1,indoor_flying1,ATE,cm,7.76,ok,ATE column of DEVO Table 7.
DEVO,DEVO,3DV,2024,7,DEVO,yes,E,up-to-scale,"Sim3, median-of-5",MVSEC,Indoor Fly2,indoor_flying2,ATE,cm,13.3,ok,ATE column of DEVO Table 7.
DEVO,DEVO,3DV,2024,7,DEVO,yes,E,up-to-scale,"Sim3, median-of-5",MVSEC,Indoor Fly3,indoor_flying3,ATE,cm,10.72,ok,ATE column of DEVO Table 7.
DEVO,DEVO,3DV,2024,7,DEVO,yes,E,up-to-scale,"Sim3, median-of-5",MVSEC,Indoor Fly4,indoor_flying4,ATE,cm,12.57,ok,ATE column of DEVO Table 7.
ESVIO,ESVIO,RAL,2023,I,ORB-SLAM3,no,Stereo F+I,metric,"SE3, full",HKU (stereo),agg_translation,agg_translation,MPE,%,0.15,ok,arclab-HKU stereo DAVIS346. ESVIO avg MPE 0.14 vs PL-EVIO 0.26; ESVIO's big win is MRE (0.033 vs ORB-SLAM3 0.12). EVO and ESVO fail on all HKU seqs.
ESVIO,ESVIO,RAL,2023,I,ORB-SLAM3,no,Stereo F+I,metric,"SE3, full",HKU (stereo),agg_rotation,agg_rotation,MPE,%,0.35,ok,arclab-HKU stereo DAVIS346. ESVIO avg MPE 0.14 vs PL-EVIO 0.26; ESVIO's big win is MRE (0.033 vs ORB-SLAM3 0.12). EVO and ESVO fail on all HKU seqs.
ESVIO,ESVIO,RAL,2023,I,ORB-SLAM3,no,Stereo F+I,metric,"SE3, full",HKU (stereo),agg_flip,agg_flip,MPE,%,0.36,ok,arclab-HKU stereo DAVIS346. ESVIO avg MPE 0.14 vs PL-EVIO 0.26; ESVIO's big win is MRE (0.033 vs ORB-SLAM3 0.12). EVO and ESVO fail on all HKU seqs.
ESVIO,ESVIO,RAL,2023,I,ORB-SLAM3,no,Stereo F+I,metric,"SE3, full",HKU (stereo),agg_walk,agg_walk,MPE,%,,failed,arclab-HKU stereo DAVIS346. ESVIO avg MPE 0.14 vs PL-EVIO 0.26; ESVIO's big win is MRE (0.033 vs ORB-SLAM3 0.12). EVO and ESVO fail on all HKU seqs.
ESVIO,ESVIO,RAL,2023,I,ORB-SLAM3,no,Stereo F+I,metric,"SE3, full",HKU (stereo),hdr_circle,hdr_circle,MPE,%,0.17,ok,arclab-HKU stereo DAVIS346. ESVIO avg MPE 0.14 vs PL-EVIO 0.26; ESVIO's big win is MRE (0.033 vs ORB-SLAM3 0.12). EVO and ESVO fail on all HKU seqs.
ESVIO,ESVIO,RAL,2023,I,ORB-SLAM3,no,Stereo F+I,metric,"SE3, full",HKU (stereo),hdr_slow,hdr_slow,MPE,%,0.16,ok,arclab-HKU stereo DAVIS346. ESVIO avg MPE 0.14 vs PL-EVIO 0.26; ESVIO's big win is MRE (0.033 vs ORB-SLAM3 0.12). EVO and ESVO fail on all HKU seqs.
ESVIO,ESVIO,RAL,2023,I,ORB-SLAM3,no,Stereo F+I,metric,"SE3, full",HKU (stereo),hdr_tran_rota,hdr_tran_rota,MPE,%,0.3,ok,arclab-HKU stereo DAVIS346. ESVIO avg MPE 0.14 vs PL-EVIO 0.26; ESVIO's big win is MRE (0.033 vs ORB-SLAM3 0.12). EVO and ESVO fail on all HKU seqs.
ESVIO,ESVIO,RAL,2023,I,ORB-SLAM3,no,Stereo F+I,metric,"SE3, full",HKU (stereo),hdr_agg,hdr_agg,MPE,%,0.29,ok,arclab-HKU stereo DAVIS346. ESVIO avg MPE 0.14 vs PL-EVIO 0.26; ESVIO's big win is MRE (0.033 vs ORB-SLAM3 0.12). EVO and ESVO fail on all HKU seqs.
ESVIO,ESVIO,RAL,2023,I,ORB-SLAM3,no,Stereo F+I,metric,"SE3, full",HKU (stereo),dark_normal,dark_normal,MPE,%,,failed,arclab-HKU stereo DAVIS346. ESVIO avg MPE 0.14 vs PL-EVIO 0.26; ESVIO's big win is MRE (0.033 vs ORB-SLAM3 0.12). EVO and ESVO fail on all HKU seqs.
ESVIO,ESVIO,RAL,2023,I,ORB-SLAM3,no,Stereo F+I,metric,"SE3, full",HKU (stereo),average,average,MPE,%,0.16,ok,arclab-HKU stereo DAVIS346. ESVIO avg MPE 0.14 vs PL-EVIO 0.26; ESVIO's big win is MRE (0.033 vs ORB-SLAM3 0.12). EVO and ESVO fail on all HKU seqs.
ESVIO,ESVIO,RAL,2023,I,VINS-Fusion,no,Stereo F+I,metric,"SE3, full",HKU (stereo),agg_translation,agg_translation,MPE,%,0.11,ok,arclab-HKU stereo DAVIS346. ESVIO avg MPE 0.14 vs PL-EVIO 0.26; ESVIO's big win is MRE (0.033 vs ORB-SLAM3 0.12). EVO and ESVO fail on all HKU seqs.
ESVIO,ESVIO,RAL,2023,I,VINS-Fusion,no,Stereo F+I,metric,"SE3, full",HKU (stereo),agg_rotation,agg_rotation,MPE,%,1.34,ok,arclab-HKU stereo DAVIS346. ESVIO avg MPE 0.14 vs PL-EVIO 0.26; ESVIO's big win is MRE (0.033 vs ORB-SLAM3 0.12). EVO and ESVO fail on all HKU seqs.
ESVIO,ESVIO,RAL,2023,I,VINS-Fusion,no,Stereo F+I,metric,"SE3, full",HKU (stereo),agg_flip,agg_flip,MPE,%,1.16,ok,arclab-HKU stereo DAVIS346. ESVIO avg MPE 0.14 vs PL-EVIO 0.26; ESVIO's big win is MRE (0.033 vs ORB-SLAM3 0.12). EVO and ESVO fail on all HKU seqs.
ESVIO,ESVIO,RAL,2023,I,VINS-Fusion,no,Stereo F+I,metric,"SE3, full",HKU (stereo),agg_walk,agg_walk,MPE,%,,failed,arclab-HKU stereo DAVIS346. ESVIO avg MPE 0.14 vs PL-EVIO 0.26; ESVIO's big win is MRE (0.033 vs ORB-SLAM3 0.12). EVO and ESVO fail on all HKU seqs.
ESVIO,ESVIO,RAL,2023,I,VINS-Fusion,no,Stereo F+I,metric,"SE3, full",HKU (stereo),hdr_circle,hdr_circle,MPE,%,5.03,ok,arclab-HKU stereo DAVIS346. ESVIO avg MPE 0.14 vs PL-EVIO 0.26; ESVIO's big win is MRE (0.033 vs ORB-SLAM3 0.12). EVO and ESVO fail on all HKU seqs.
ESVIO,ESVIO,RAL,2023,I,VINS-Fusion,no,Stereo F+I,metric,"SE3, full",HKU (stereo),hdr_slow,hdr_slow,MPE,%,0.13,ok,arclab-HKU stereo DAVIS346. ESVIO avg MPE 0.14 vs PL-EVIO 0.26; ESVIO's big win is MRE (0.033 vs ORB-SLAM3 0.12). EVO and ESVO fail on all HKU seqs.
ESVIO,ESVIO,RAL,2023,I,VINS-Fusion,no,Stereo F+I,metric,"SE3, full",HKU (stereo),hdr_tran_rota,hdr_tran_rota,MPE,%,0.11,ok,arclab-HKU stereo DAVIS346. ESVIO avg MPE 0.14 vs PL-EVIO 0.26; ESVIO's big win is MRE (0.033 vs ORB-SLAM3 0.12). EVO and ESVO fail on all HKU seqs.
ESVIO,ESVIO,RAL,2023,I,VINS-Fusion,no,Stereo F+I,metric,"SE3, full",HKU (stereo),hdr_agg,hdr_agg,MPE,%,1.21,ok,arclab-HKU stereo DAVIS346. ESVIO avg MPE 0.14 vs PL-EVIO 0.26; ESVIO's big win is MRE (0.033 vs ORB-SLAM3 0.12). EVO and ESVO fail on all HKU seqs.
ESVIO,ESVIO,RAL,2023,I,VINS-Fusion,no,Stereo F+I,metric,"SE3, full",HKU (stereo),dark_normal,dark_normal,MPE,%,0.86,ok,arclab-HKU stereo DAVIS346. ESVIO avg MPE 0.14 vs PL-EVIO 0.26; ESVIO's big win is MRE (0.033 vs ORB-SLAM3 0.12). EVO and ESVO fail on all HKU seqs.
ESVIO,ESVIO,RAL,2023,I,VINS-Fusion,no,Stereo F+I,metric,"SE3, full",HKU (stereo),average,average,MPE,%,0.76,ok,arclab-HKU stereo DAVIS346. ESVIO avg MPE 0.14 vs PL-EVIO 0.26; ESVIO's big win is MRE (0.033 vs ORB-SLAM3 0.12). EVO and ESVO fail on all HKU seqs.
ESVIO,ESVIO,RAL,2023,I,Ultimate-SLAM (EIO),no,E+I,metric,"SE3, full",HKU (stereo),agg_translation,agg_translation,MPE,%,16.22,ok,arclab-HKU stereo DAVIS346. ESVIO avg MPE 0.14 vs PL-EVIO 0.26; ESVIO's big win is MRE (0.033 vs ORB-SLAM3 0.12). EVO and ESVO fail on all HKU seqs.
ESVIO,ESVIO,RAL,2023,I,Ultimate-SLAM (EIO),no,E+I,metric,"SE3, full",HKU (stereo),agg_rotation,agg_rotation,MPE,%,,failed,arclab-HKU stereo DAVIS346. ESVIO avg MPE 0.14 vs PL-EVIO 0.26; ESVIO's big win is MRE (0.033 vs ORB-SLAM3 0.12). EVO and ESVO fail on all HKU seqs.
ESVIO,ESVIO,RAL,2023,I,Ultimate-SLAM (EIO),no,E+I,metric,"SE3, full",HKU (stereo),agg_flip,agg_flip,MPE,%,11.15,ok,arclab-HKU stereo DAVIS346. ESVIO avg MPE 0.14 vs PL-EVIO 0.26; ESVIO's big win is MRE (0.033 vs ORB-SLAM3 0.12). EVO and ESVO fail on all HKU seqs.
ESVIO,ESVIO,RAL,2023,I,Ultimate-SLAM (EIO),no,E+I,metric,"SE3, full",HKU (stereo),agg_walk,agg_walk,MPE,%,,failed,arclab-HKU stereo DAVIS346. ESVIO avg MPE 0.14 vs PL-EVIO 0.26; ESVIO's big win is MRE (0.033 vs ORB-SLAM3 0.12). EVO and ESVO fail on all HKU seqs.
ESVIO,ESVIO,RAL,2023,I,Ultimate-SLAM (EIO),no,E+I,metric,"SE3, full",HKU (stereo),hdr_circle,hdr_circle,MPE,%,0.92,ok,arclab-HKU stereo DAVIS346. ESVIO avg MPE 0.14 vs PL-EVIO 0.26; ESVIO's big win is MRE (0.033 vs ORB-SLAM3 0.12). EVO and ESVO fail on all HKU seqs.
ESVIO,ESVIO,RAL,2023,I,Ultimate-SLAM (EIO),no,E+I,metric,"SE3, full",HKU (stereo),hdr_slow,hdr_slow,MPE,%,,failed,arclab-HKU stereo DAVIS346. ESVIO avg MPE 0.14 vs PL-EVIO 0.26; ESVIO's big win is MRE (0.033 vs ORB-SLAM3 0.12). EVO and ESVO fail on all HKU seqs.
ESVIO,ESVIO,RAL,2023,I,Ultimate-SLAM (EIO),no,E+I,metric,"SE3, full",HKU (stereo),hdr_tran_rota,hdr_tran_rota,MPE,%,,failed,arclab-HKU stereo DAVIS346. ESVIO avg MPE 0.14 vs PL-EVIO 0.26; ESVIO's big win is MRE (0.033 vs ORB-SLAM3 0.12). EVO and ESVO fail on all HKU seqs.
ESVIO,ESVIO,RAL,2023,I,Ultimate-SLAM (EIO),no,E+I,metric,"SE3, full",HKU (stereo),hdr_agg,hdr_agg,MPE,%,,failed,arclab-HKU stereo DAVIS346. ESVIO avg MPE 0.14 vs PL-EVIO 0.26; ESVIO's big win is MRE (0.033 vs ORB-SLAM3 0.12). EVO and ESVO fail on all HKU seqs.
ESVIO,ESVIO,RAL,2023,I,Ultimate-SLAM (EIO),no,E+I,metric,"SE3, full",HKU (stereo),dark_normal,dark_normal,MPE,%,,failed,arclab-HKU stereo DAVIS346. ESVIO avg MPE 0.14 vs PL-EVIO 0.26; ESVIO's big win is MRE (0.033 vs ORB-SLAM3 0.12). EVO and ESVO fail on all HKU seqs.
ESVIO,ESVIO,RAL,2023,I,Ultimate-SLAM (EIO),no,E+I,metric,"SE3, full",HKU (stereo),average,average,MPE,%,5.06,ok,arclab-HKU stereo DAVIS346. ESVIO avg MPE 0.14 vs PL-EVIO 0.26; ESVIO's big win is MRE (0.033 vs ORB-SLAM3 0.12). EVO and ESVO fail on all HKU seqs.
ESVIO,ESVIO,RAL,2023,I,Ultimate-SLAM (EVIO),no,E+F+I,metric,"SE3, full",HKU (stereo),agg_translation,agg_translation,MPE,%,0.59,ok,arclab-HKU stereo DAVIS346. ESVIO avg MPE 0.14 vs PL-EVIO 0.26; ESVIO's big win is MRE (0.033 vs ORB-SLAM3 0.12). EVO and ESVO fail on all HKU seqs.
ESVIO,ESVIO,RAL,2023,I,Ultimate-SLAM (EVIO),no,E+F+I,metric,"SE3, full",HKU (stereo),agg_rotation,agg_rotation,MPE,%,3.14,ok,arclab-HKU stereo DAVIS346. ESVIO avg MPE 0.14 vs PL-EVIO 0.26; ESVIO's big win is MRE (0.033 vs ORB-SLAM3 0.12). EVO and ESVO fail on all HKU seqs.
ESVIO,ESVIO,RAL,2023,I,Ultimate-SLAM (EVIO),no,E+F+I,metric,"SE3, full",HKU (stereo),agg_flip,agg_flip,MPE,%,6.86,ok,arclab-HKU stereo DAVIS346. ESVIO avg MPE 0.14 vs PL-EVIO 0.26; ESVIO's big win is MRE (0.033 vs ORB-SLAM3 0.12). EVO and ESVO fail on all HKU seqs.
ESVIO,ESVIO,RAL,2023,I,Ultimate-SLAM (EVIO),no,E+F+I,metric,"SE3, full",HKU (stereo),agg_walk,agg_walk,MPE,%,2.0,ok,arclab-HKU stereo DAVIS346. ESVIO avg MPE 0.14 vs PL-EVIO 0.26; ESVIO's big win is MRE (0.033 vs ORB-SLAM3 0.12). EVO and ESVO fail on all HKU seqs.
ESVIO,ESVIO,RAL,2023,I,Ultimate-SLAM (EVIO),no,E+F+I,metric,"SE3, full",HKU (stereo),hdr_circle,hdr_circle,MPE,%,1.32,ok,arclab-HKU stereo DAVIS346. ESVIO avg MPE 0.14 vs PL-EVIO 0.26; ESVIO's big win is MRE (0.033 vs ORB-SLAM3 0.12). EVO and ESVO fail on all HKU seqs.
ESVIO,ESVIO,RAL,2023,I,Ultimate-SLAM (EVIO),no,E+F+I,metric,"SE3, full",HKU (stereo),hdr_slow,hdr_slow,MPE,%,2.8,ok,arclab-HKU stereo DAVIS346. ESVIO avg MPE 0.14 vs PL-EVIO 0.26; ESVIO's big win is MRE (0.033 vs ORB-SLAM3 0.12). EVO and ESVO fail on all HKU seqs.
ESVIO,ESVIO,RAL,2023,I,Ultimate-SLAM (EVIO),no,E+F+I,metric,"SE3, full",HKU (stereo),hdr_tran_rota,hdr_tran_rota,MPE,%,2.64,ok,arclab-HKU stereo DAVIS346. ESVIO avg MPE 0.14 vs PL-EVIO 0.26; ESVIO's big win is MRE (0.033 vs ORB-SLAM3 0.12). EVO and ESVO fail on all HKU seqs.
ESVIO,ESVIO,RAL,2023,I,Ultimate-SLAM (EVIO),no,E+F+I,metric,"SE3, full",HKU (stereo),hdr_agg,hdr_agg,MPE,%,2.47,ok,arclab-HKU stereo DAVIS346. ESVIO avg MPE 0.14 vs PL-EVIO 0.26; ESVIO's big win is MRE (0.033 vs ORB-SLAM3 0.12). EVO and ESVO fail on all HKU seqs.
ESVIO,ESVIO,RAL,2023,I,Ultimate-SLAM (EVIO),no,E+F+I,metric,"SE3, full",HKU (stereo),dark_normal,dark_normal,MPE,%,2.17,ok,arclab-HKU stereo DAVIS346. ESVIO avg MPE 0.14 vs PL-EVIO 0.26; ESVIO's big win is MRE (0.033 vs ORB-SLAM3 0.12). EVO and ESVO fail on all HKU seqs.
ESVIO,ESVIO,RAL,2023,I,Ultimate-SLAM (EVIO),no,E+F+I,metric,"SE3, full",HKU (stereo),average,average,MPE,%,1.69,ok,arclab-HKU stereo DAVIS346. ESVIO avg MPE 0.14 vs PL-EVIO 0.26; ESVIO's big win is MRE (0.033 vs ORB-SLAM3 0.12). EVO and ESVO fail on all HKU seqs.
ESVIO,ESVIO,RAL,2023,I,PL-EVIO,no,E+F+I,metric,"SE3, full",HKU (stereo),agg_translation,agg_translation,MPE,%,0.07,ok,arclab-HKU stereo DAVIS346. ESVIO avg MPE 0.14 vs PL-EVIO 0.26; ESVIO's big win is MRE (0.033 vs ORB-SLAM3 0.12). EVO and ESVO fail on all HKU seqs.
ESVIO,ESVIO,RAL,2023,I,PL-EVIO,no,E+F+I,metric,"SE3, full",HKU (stereo),agg_rotation,agg_rotation,MPE,%,0.23,ok,arclab-HKU stereo DAVIS346. ESVIO avg MPE 0.14 vs PL-EVIO 0.26; ESVIO's big win is MRE (0.033 vs ORB-SLAM3 0.12). EVO and ESVO fail on all HKU seqs.
ESVIO,ESVIO,RAL,2023,I,PL-EVIO,no,E+F+I,metric,"SE3, full",HKU (stereo),agg_flip,agg_flip,MPE,%,0.39,ok,arclab-HKU stereo DAVIS346. ESVIO avg MPE 0.14 vs PL-EVIO 0.26; ESVIO's big win is MRE (0.033 vs ORB-SLAM3 0.12). EVO and ESVO fail on all HKU seqs.
ESVIO,ESVIO,RAL,2023,I,PL-EVIO,no,E+F+I,metric,"SE3, full",HKU (stereo),agg_walk,agg_walk,MPE,%,0.42,ok,arclab-HKU stereo DAVIS346. ESVIO avg MPE 0.14 vs PL-EVIO 0.26; ESVIO's big win is MRE (0.033 vs ORB-SLAM3 0.12). EVO and ESVO fail on all HKU seqs.
ESVIO,ESVIO,RAL,2023,I,PL-EVIO,no,E+F+I,metric,"SE3, full",HKU (stereo),hdr_circle,hdr_circle,MPE,%,0.14,ok,arclab-HKU stereo DAVIS346. ESVIO avg MPE 0.14 vs PL-EVIO 0.26; ESVIO's big win is MRE (0.033 vs ORB-SLAM3 0.12). EVO and ESVO fail on all HKU seqs.
ESVIO,ESVIO,RAL,2023,I,PL-EVIO,no,E+F+I,metric,"SE3, full",HKU (stereo),hdr_slow,hdr_slow,MPE,%,0.13,ok,arclab-HKU stereo DAVIS346. ESVIO avg MPE 0.14 vs PL-EVIO 0.26; ESVIO's big win is MRE (0.033 vs ORB-SLAM3 0.12). EVO and ESVO fail on all HKU seqs.
ESVIO,ESVIO,RAL,2023,I,PL-EVIO,no,E+F+I,metric,"SE3, full",HKU (stereo),hdr_tran_rota,hdr_tran_rota,MPE,%,0.1,ok,arclab-HKU stereo DAVIS346. ESVIO avg MPE 0.14 vs PL-EVIO 0.26; ESVIO's big win is MRE (0.033 vs ORB-SLAM3 0.12). EVO and ESVO fail on all HKU seqs.
ESVIO,ESVIO,RAL,2023,I,PL-EVIO,no,E+F+I,metric,"SE3, full",HKU (stereo),hdr_agg,hdr_agg,MPE,%,0.14,ok,arclab-HKU stereo DAVIS346. ESVIO avg MPE 0.14 vs PL-EVIO 0.26; ESVIO's big win is MRE (0.033 vs ORB-SLAM3 0.12). EVO and ESVO fail on all HKU seqs.
ESVIO,ESVIO,RAL,2023,I,PL-EVIO,no,E+F+I,metric,"SE3, full",HKU (stereo),dark_normal,dark_normal,MPE,%,1.35,ok,arclab-HKU stereo DAVIS346. ESVIO avg MPE 0.14 vs PL-EVIO 0.26; ESVIO's big win is MRE (0.033 vs ORB-SLAM3 0.12). EVO and ESVO fail on all HKU seqs.
ESVIO,ESVIO,RAL,2023,I,PL-EVIO,no,E+F+I,metric,"SE3, full",HKU (stereo),average,average,MPE,%,0.26,ok,arclab-HKU stereo DAVIS346. ESVIO avg MPE 0.14 vs PL-EVIO 0.26; ESVIO's big win is MRE (0.033 vs ORB-SLAM3 0.12). EVO and ESVO fail on all HKU seqs.
ESVIO,ESVIO,RAL,2023,I,ESIO,no,Stereo E+I,metric,"SE3, full",HKU (stereo),agg_translation,agg_translation,MPE,%,0.59,ok,arclab-HKU stereo DAVIS346. ESVIO avg MPE 0.14 vs PL-EVIO 0.26; ESVIO's big win is MRE (0.033 vs ORB-SLAM3 0.12). EVO and ESVO fail on all HKU seqs.
ESVIO,ESVIO,RAL,2023,I,ESIO,no,Stereo E+I,metric,"SE3, full",HKU (stereo),agg_rotation,agg_rotation,MPE,%,1.33,ok,arclab-HKU stereo DAVIS346. ESVIO avg MPE 0.14 vs PL-EVIO 0.26; ESVIO's big win is MRE (0.033 vs ORB-SLAM3 0.12). EVO and ESVO fail on all HKU seqs.
ESVIO,ESVIO,RAL,2023,I,ESIO,no,Stereo E+I,metric,"SE3, full",HKU (stereo),agg_flip,agg_flip,MPE,%,3.79,ok,arclab-HKU stereo DAVIS346. ESVIO avg MPE 0.14 vs PL-EVIO 0.26; ESVIO's big win is MRE (0.033 vs ORB-SLAM3 0.12). EVO and ESVO fail on all HKU seqs.
ESVIO,ESVIO,RAL,2023,I,ESIO,no,Stereo E+I,metric,"SE3, full",HKU (stereo),agg_walk,agg_walk,MPE,%,1.49,ok,arclab-HKU stereo DAVIS346. ESVIO avg MPE 0.14 vs PL-EVIO 0.26; ESVIO's big win is MRE (0.033 vs ORB-SLAM3 0.12). EVO and ESVO fail on all HKU seqs.
ESVIO,ESVIO,RAL,2023,I,ESIO,no,Stereo E+I,metric,"SE3, full",HKU (stereo),hdr_circle,hdr_circle,MPE,%,1.38,ok,arclab-HKU stereo DAVIS346. ESVIO avg MPE 0.14 vs PL-EVIO 0.26; ESVIO's big win is MRE (0.033 vs ORB-SLAM3 0.12). EVO and ESVO fail on all HKU seqs.
ESVIO,ESVIO,RAL,2023,I,ESIO,no,Stereo E+I,metric,"SE3, full",HKU (stereo),hdr_slow,hdr_slow,MPE,%,0.29,ok,arclab-HKU stereo DAVIS346. ESVIO avg MPE 0.14 vs PL-EVIO 0.26; ESVIO's big win is MRE (0.033 vs ORB-SLAM3 0.12). EVO and ESVO fail on all HKU seqs.
ESVIO,ESVIO,RAL,2023,I,ESIO,no,Stereo E+I,metric,"SE3, full",HKU (stereo),hdr_tran_rota,hdr_tran_rota,MPE,%,0.84,ok,arclab-HKU stereo DAVIS346. ESVIO avg MPE 0.14 vs PL-EVIO 0.26; ESVIO's big win is MRE (0.033 vs ORB-SLAM3 0.12). EVO and ESVO fail on all HKU seqs.
ESVIO,ESVIO,RAL,2023,I,ESIO,no,Stereo E+I,metric,"SE3, full",HKU (stereo),hdr_agg,hdr_agg,MPE,%,2.33,ok,arclab-HKU stereo DAVIS346. ESVIO avg MPE 0.14 vs PL-EVIO 0.26; ESVIO's big win is MRE (0.033 vs ORB-SLAM3 0.12). EVO and ESVO fail on all HKU seqs.
ESVIO,ESVIO,RAL,2023,I,ESIO,no,Stereo E+I,metric,"SE3, full",HKU (stereo),dark_normal,dark_normal,MPE,%,0.3,ok,arclab-HKU stereo DAVIS346. ESVIO avg MPE 0.14 vs PL-EVIO 0.26; ESVIO's big win is MRE (0.033 vs ORB-SLAM3 0.12). EVO and ESVO fail on all HKU seqs.
ESVIO,ESVIO,RAL,2023,I,ESIO,no,Stereo E+I,metric,"SE3, full",HKU (stereo),average,average,MPE,%,0.89,ok,arclab-HKU stereo DAVIS346. ESVIO avg MPE 0.14 vs PL-EVIO 0.26; ESVIO's big win is MRE (0.033 vs ORB-SLAM3 0.12). EVO and ESVO fail on all HKU seqs.
ESVIO,ESVIO,RAL,2023,I,ESIO+,no,Stereo E+I,metric,"SE3, full",HKU (stereo),agg_translation,agg_translation,MPE,%,0.55,ok,arclab-HKU stereo DAVIS346. ESVIO avg MPE 0.14 vs PL-EVIO 0.26; ESVIO's big win is MRE (0.033 vs ORB-SLAM3 0.12). EVO and ESVO fail on all HKU seqs.
ESVIO,ESVIO,RAL,2023,I,ESIO+,no,Stereo E+I,metric,"SE3, full",HKU (stereo),agg_rotation,agg_rotation,MPE,%,0.78,ok,arclab-HKU stereo DAVIS346. ESVIO avg MPE 0.14 vs PL-EVIO 0.26; ESVIO's big win is MRE (0.033 vs ORB-SLAM3 0.12). EVO and ESVO fail on all HKU seqs.
ESVIO,ESVIO,RAL,2023,I,ESIO+,no,Stereo E+I,metric,"SE3, full",HKU (stereo),agg_flip,agg_flip,MPE,%,3.17,ok,arclab-HKU stereo DAVIS346. ESVIO avg MPE 0.14 vs PL-EVIO 0.26; ESVIO's big win is MRE (0.033 vs ORB-SLAM3 0.12). EVO and ESVO fail on all HKU seqs.
ESVIO,ESVIO,RAL,2023,I,ESIO+,no,Stereo E+I,metric,"SE3, full",HKU (stereo),agg_walk,agg_walk,MPE,%,1.3,ok,arclab-HKU stereo DAVIS346. ESVIO avg MPE 0.14 vs PL-EVIO 0.26; ESVIO's big win is MRE (0.033 vs ORB-SLAM3 0.12). EVO and ESVO fail on all HKU seqs.
ESVIO,ESVIO,RAL,2023,I,ESIO+,no,Stereo E+I,metric,"SE3, full",HKU (stereo),hdr_circle,hdr_circle,MPE,%,0.46,ok,arclab-HKU stereo DAVIS346. ESVIO avg MPE 0.14 vs PL-EVIO 0.26; ESVIO's big win is MRE (0.033 vs ORB-SLAM3 0.12). EVO and ESVO fail on all HKU seqs.
ESVIO,ESVIO,RAL,2023,I,ESIO+,no,Stereo E+I,metric,"SE3, full",HKU (stereo),hdr_slow,hdr_slow,MPE,%,0.31,ok,arclab-HKU stereo DAVIS346. ESVIO avg MPE 0.14 vs PL-EVIO 0.26; ESVIO's big win is MRE (0.033 vs ORB-SLAM3 0.12). EVO and ESVO fail on all HKU seqs.
ESVIO,ESVIO,RAL,2023,I,ESIO+,no,Stereo E+I,metric,"SE3, full",HKU (stereo),hdr_tran_rota,hdr_tran_rota,MPE,%,0.91,ok,arclab-HKU stereo DAVIS346. ESVIO avg MPE 0.14 vs PL-EVIO 0.26; ESVIO's big win is MRE (0.033 vs ORB-SLAM3 0.12). EVO and ESVO fail on all HKU seqs.
ESVIO,ESVIO,RAL,2023,I,ESIO+,no,Stereo E+I,metric,"SE3, full",HKU (stereo),hdr_agg,hdr_agg,MPE,%,1.41,ok,arclab-HKU stereo DAVIS346. ESVIO avg MPE 0.14 vs PL-EVIO 0.26; ESVIO's big win is MRE (0.033 vs ORB-SLAM3 0.12). EVO and ESVO fail on all HKU seqs.
ESVIO,ESVIO,RAL,2023,I,ESIO+,no,Stereo E+I,metric,"SE3, full",HKU (stereo),dark_normal,dark_normal,MPE,%,0.35,ok,arclab-HKU stereo DAVIS346. ESVIO avg MPE 0.14 vs PL-EVIO 0.26; ESVIO's big win is MRE (0.033 vs ORB-SLAM3 0.12). EVO and ESVO fail on all HKU seqs.
ESVIO,ESVIO,RAL,2023,I,ESIO+,no,Stereo E+I,metric,"SE3, full",HKU (stereo),average,average,MPE,%,0.66,ok,arclab-HKU stereo DAVIS346. ESVIO avg MPE 0.14 vs PL-EVIO 0.26; ESVIO's big win is MRE (0.033 vs ORB-SLAM3 0.12). EVO and ESVO fail on all HKU seqs.
ESVIO,ESVIO,RAL,2023,I,ESVIO,yes,Stereo E+F+I,metric,"SE3, full",HKU (stereo),agg_translation,agg_translation,MPE,%,0.1,ok,arclab-HKU stereo DAVIS346. ESVIO avg MPE 0.14 vs PL-EVIO 0.26; ESVIO's big win is MRE (0.033 vs ORB-SLAM3 0.12). EVO and ESVO fail on all HKU seqs.
ESVIO,ESVIO,RAL,2023,I,ESVIO,yes,Stereo E+F+I,metric,"SE3, full",HKU (stereo),agg_rotation,agg_rotation,MPE,%,0.17,ok,arclab-HKU stereo DAVIS346. ESVIO avg MPE 0.14 vs PL-EVIO 0.26; ESVIO's big win is MRE (0.033 vs ORB-SLAM3 0.12). EVO and ESVO fail on all HKU seqs.
ESVIO,ESVIO,RAL,2023,I,ESVIO,yes,Stereo E+F+I,metric,"SE3, full",HKU (stereo),agg_flip,agg_flip,MPE,%,0.36,ok,arclab-HKU stereo DAVIS346. ESVIO avg MPE 0.14 vs PL-EVIO 0.26; ESVIO's big win is MRE (0.033 vs ORB-SLAM3 0.12). EVO and ESVO fail on all HKU seqs.
ESVIO,ESVIO,RAL,2023,I,ESVIO,yes,Stereo E+F+I,metric,"SE3, full",HKU (stereo),agg_walk,agg_walk,MPE,%,0.31,ok,arclab-HKU stereo DAVIS346. ESVIO avg MPE 0.14 vs PL-EVIO 0.26; ESVIO's big win is MRE (0.033 vs ORB-SLAM3 0.12). EVO and ESVO fail on all HKU seqs.
ESVIO,ESVIO,RAL,2023,I,ESVIO,yes,Stereo E+F+I,metric,"SE3, full",HKU (stereo),hdr_circle,hdr_circle,MPE,%,0.16,ok,arclab-HKU stereo DAVIS346. ESVIO avg MPE 0.14 vs PL-EVIO 0.26; ESVIO's big win is MRE (0.033 vs ORB-SLAM3 0.12). EVO and ESVO fail on all HKU seqs.
ESVIO,ESVIO,RAL,2023,I,ESVIO,yes,Stereo E+F+I,metric,"SE3, full",HKU (stereo),hdr_slow,hdr_slow,MPE,%,0.11,ok,arclab-HKU stereo DAVIS346. ESVIO avg MPE 0.14 vs PL-EVIO 0.26; ESVIO's big win is MRE (0.033 vs ORB-SLAM3 0.12). EVO and ESVO fail on all HKU seqs.
ESVIO,ESVIO,RAL,2023,I,ESVIO,yes,Stereo E+F+I,metric,"SE3, full",HKU (stereo),hdr_tran_rota,hdr_tran_rota,MPE,%,0.1,ok,arclab-HKU stereo DAVIS346. ESVIO avg MPE 0.14 vs PL-EVIO 0.26; ESVIO's big win is MRE (0.033 vs ORB-SLAM3 0.12). EVO and ESVO fail on all HKU seqs.
ESVIO,ESVIO,RAL,2023,I,ESVIO,yes,Stereo E+F+I,metric,"SE3, full",HKU (stereo),hdr_agg,hdr_agg,MPE,%,0.1,ok,arclab-HKU stereo DAVIS346. ESVIO avg MPE 0.14 vs PL-EVIO 0.26; ESVIO's big win is MRE (0.033 vs ORB-SLAM3 0.12). EVO and ESVO fail on all HKU seqs.
ESVIO,ESVIO,RAL,2023,I,ESVIO,yes,Stereo E+F+I,metric,"SE3, full",HKU (stereo),dark_normal,dark_normal,MPE,%,0.42,ok,arclab-HKU stereo DAVIS346. ESVIO avg MPE 0.14 vs PL-EVIO 0.26; ESVIO's big win is MRE (0.033 vs ORB-SLAM3 0.12). EVO and ESVO fail on all HKU seqs.
ESVIO,ESVIO,RAL,2023,I,ESVIO,yes,Stereo E+F+I,metric,"SE3, full",HKU (stereo),average,average,MPE,%,0.14,ok,arclab-HKU stereo DAVIS346. ESVIO avg MPE 0.14 vs PL-EVIO 0.26; ESVIO's big win is MRE (0.033 vs ORB-SLAM3 0.12). EVO and ESVO fail on all HKU seqs.
ESVIO,ESVIO,RAL,2023,I,ORB-SLAM3,no,Stereo F+I,metric,"SE3, full",HKU (stereo),agg_translation,agg_translation,MRE,deg/m,0.075,ok,Mean rotation error column of ESVIO Table I.
ESVIO,ESVIO,RAL,2023,I,ORB-SLAM3,no,Stereo F+I,metric,"SE3, full",HKU (stereo),agg_rotation,agg_rotation,MRE,deg/m,0.11,ok,Mean rotation error column of ESVIO Table I.
ESVIO,ESVIO,RAL,2023,I,ORB-SLAM3,no,Stereo F+I,metric,"SE3, full",HKU (stereo),agg_flip,agg_flip,MRE,deg/m,0.39,ok,Mean rotation error column of ESVIO Table I.
ESVIO,ESVIO,RAL,2023,I,ORB-SLAM3,no,Stereo F+I,metric,"SE3, full",HKU (stereo),agg_walk,agg_walk,MRE,deg/m,,failed,Mean rotation error column of ESVIO Table I.
ESVIO,ESVIO,RAL,2023,I,ORB-SLAM3,no,Stereo F+I,metric,"SE3, full",HKU (stereo),hdr_circle,hdr_circle,MRE,deg/m,0.12,ok,Mean rotation error column of ESVIO Table I.
ESVIO,ESVIO,RAL,2023,I,ORB-SLAM3,no,Stereo F+I,metric,"SE3, full",HKU (stereo),hdr_slow,hdr_slow,MRE,deg/m,0.058,ok,Mean rotation error column of ESVIO Table I.
ESVIO,ESVIO,RAL,2023,I,ORB-SLAM3,no,Stereo F+I,metric,"SE3, full",HKU (stereo),hdr_tran_rota,hdr_tran_rota,MRE,deg/m,0.042,ok,Mean rotation error column of ESVIO Table I.
ESVIO,ESVIO,RAL,2023,I,ORB-SLAM3,no,Stereo F+I,metric,"SE3, full",HKU (stereo),hdr_agg,hdr_agg,MRE,deg/m,0.085,ok,Mean rotation error column of ESVIO Table I.
ESVIO,ESVIO,RAL,2023,I,ORB-SLAM3,no,Stereo F+I,metric,"SE3, full",HKU (stereo),dark_normal,dark_normal,MRE,deg/m,,failed,Mean rotation error column of ESVIO Table I.
ESVIO,ESVIO,RAL,2023,I,ORB-SLAM3,no,Stereo F+I,metric,"SE3, full",HKU (stereo),average,average,MRE,deg/m,0.12,ok,Mean rotation error column of ESVIO Table I.
ESVIO,ESVIO,RAL,2023,I,VINS-Fusion,no,Stereo F+I,metric,"SE3, full",HKU (stereo),agg_translation,agg_translation,MRE,deg/m,0.019,ok,Mean rotation error column of ESVIO Table I.
ESVIO,ESVIO,RAL,2023,I,VINS-Fusion,no,Stereo F+I,metric,"SE3, full",HKU (stereo),agg_rotation,agg_rotation,MRE,deg/m,0.024,ok,Mean rotation error column of ESVIO Table I.
ESVIO,ESVIO,RAL,2023,I,VINS-Fusion,no,Stereo F+I,metric,"SE3, full",HKU (stereo),agg_flip,agg_flip,MRE,deg/m,2.02,ok,Mean rotation error column of ESVIO Table I.
ESVIO,ESVIO,RAL,2023,I,VINS-Fusion,no,Stereo F+I,metric,"SE3, full",HKU (stereo),agg_walk,agg_walk,MRE,deg/m,,failed,Mean rotation error column of ESVIO Table I.
ESVIO,ESVIO,RAL,2023,I,VINS-Fusion,no,Stereo F+I,metric,"SE3, full",HKU (stereo),hdr_circle,hdr_circle,MRE,deg/m,0.6,ok,Mean rotation error column of ESVIO Table I.
ESVIO,ESVIO,RAL,2023,I,VINS-Fusion,no,Stereo F+I,metric,"SE3, full",HKU (stereo),hdr_slow,hdr_slow,MRE,deg/m,0.026,ok,Mean rotation error column of ESVIO Table I.
ESVIO,ESVIO,RAL,2023,I,VINS-Fusion,no,Stereo F+I,metric,"SE3, full",HKU (stereo),hdr_tran_rota,hdr_tran_rota,MRE,deg/m,0.021,ok,Mean rotation error column of ESVIO Table I.
ESVIO,ESVIO,RAL,2023,I,VINS-Fusion,no,Stereo F+I,metric,"SE3, full",HKU (stereo),hdr_agg,hdr_agg,MRE,deg/m,0.27,ok,Mean rotation error column of ESVIO Table I.
ESVIO,ESVIO,RAL,2023,I,VINS-Fusion,no,Stereo F+I,metric,"SE3, full",HKU (stereo),dark_normal,dark_normal,MRE,deg/m,0.028,ok,Mean rotation error column of ESVIO Table I.
ESVIO,ESVIO,RAL,2023,I,VINS-Fusion,no,Stereo F+I,metric,"SE3, full",HKU (stereo),average,average,MRE,deg/m,0.38,ok,Mean rotation error column of ESVIO Table I.
ESVIO,ESVIO,RAL,2023,I,Ultimate-SLAM (EIO),no,E+I,metric,"SE3, full",HKU (stereo),agg_translation,agg_translation,MRE,deg/m,0.45,ok,Mean rotation error column of ESVIO Table I.
ESVIO,ESVIO,RAL,2023,I,Ultimate-SLAM (EIO),no,E+I,metric,"SE3, full",HKU (stereo),agg_rotation,agg_rotation,MRE,deg/m,,failed,Mean rotation error column of ESVIO Table I.
ESVIO,ESVIO,RAL,2023,I,Ultimate-SLAM (EIO),no,E+I,metric,"SE3, full",HKU (stereo),agg_flip,agg_flip,MRE,deg/m,2.11,ok,Mean rotation error column of ESVIO Table I.
ESVIO,ESVIO,RAL,2023,I,Ultimate-SLAM (EIO),no,E+I,metric,"SE3, full",HKU (stereo),agg_walk,agg_walk,MRE,deg/m,,failed,Mean rotation error column of ESVIO Table I.
ESVIO,ESVIO,RAL,2023,I,Ultimate-SLAM (EIO),no,E+I,metric,"SE3, full",HKU (stereo),hdr_circle,hdr_circle,MRE,deg/m,0.58,ok,Mean rotation error column of ESVIO Table I.
ESVIO,ESVIO,RAL,2023,I,Ultimate-SLAM (EIO),no,E+I,metric,"SE3, full",HKU (stereo),hdr_slow,hdr_slow,MRE,deg/m,,failed,Mean rotation error column of ESVIO Table I.
ESVIO,ESVIO,RAL,2023,I,Ultimate-SLAM (EIO),no,E+I,metric,"SE3, full",HKU (stereo),hdr_tran_rota,hdr_tran_rota,MRE,deg/m,,failed,Mean rotation error column of ESVIO Table I.
ESVIO,ESVIO,RAL,2023,I,Ultimate-SLAM (EIO),no,E+I,metric,"SE3, full",HKU (stereo),hdr_agg,hdr_agg,MRE,deg/m,,failed,Mean rotation error column of ESVIO Table I.
ESVIO,ESVIO,RAL,2023,I,Ultimate-SLAM (EIO),no,E+I,metric,"SE3, full",HKU (stereo),dark_normal,dark_normal,MRE,deg/m,,failed,Mean rotation error column of ESVIO Table I.
ESVIO,ESVIO,RAL,2023,I,Ultimate-SLAM (EIO),no,E+I,metric,"SE3, full",HKU (stereo),average,average,MRE,deg/m,1.05,ok,Mean rotation error column of ESVIO Table I.
ESVIO,ESVIO,RAL,2023,I,Ultimate-SLAM (EVIO),no,E+F+I,metric,"SE3, full",HKU (stereo),agg_translation,agg_translation,MRE,deg/m,0.02,ok,Mean rotation error column of ESVIO Table I.
ESVIO,ESVIO,RAL,2023,I,Ultimate-SLAM (EVIO),no,E+F+I,metric,"SE3, full",HKU (stereo),agg_rotation,agg_rotation,MRE,deg/m,0.026,ok,Mean rotation error column of ESVIO Table I.
ESVIO,ESVIO,RAL,2023,I,Ultimate-SLAM (EVIO),no,E+F+I,metric,"SE3, full",HKU (stereo),agg_flip,agg_flip,MRE,deg/m,2.04,ok,Mean rotation error column of ESVIO Table I.
ESVIO,ESVIO,RAL,2023,I,Ultimate-SLAM (EVIO),no,E+F+I,metric,"SE3, full",HKU (stereo),agg_walk,agg_walk,MRE,deg/m,0.16,ok,Mean rotation error column of ESVIO Table I.
ESVIO,ESVIO,RAL,2023,I,Ultimate-SLAM (EVIO),no,E+F+I,metric,"SE3, full",HKU (stereo),hdr_circle,hdr_circle,MRE,deg/m,0.54,ok,Mean rotation error column of ESVIO Table I.
ESVIO,ESVIO,RAL,2023,I,Ultimate-SLAM (EVIO),no,E+F+I,metric,"SE3, full",HKU (stereo),hdr_slow,hdr_slow,MRE,deg/m,0.099,ok,Mean rotation error column of ESVIO Table I.
ESVIO,ESVIO,RAL,2023,I,Ultimate-SLAM (EVIO),no,E+F+I,metric,"SE3, full",HKU (stereo),hdr_tran_rota,hdr_tran_rota,MRE,deg/m,0.13,ok,Mean rotation error column of ESVIO Table I.
ESVIO,ESVIO,RAL,2023,I,Ultimate-SLAM (EVIO),no,E+F+I,metric,"SE3, full",HKU (stereo),hdr_agg,hdr_agg,MRE,deg/m,0.27,ok,Mean rotation error column of ESVIO Table I.
ESVIO,ESVIO,RAL,2023,I,Ultimate-SLAM (EVIO),no,E+F+I,metric,"SE3, full",HKU (stereo),dark_normal,dark_normal,MRE,deg/m,0.031,ok,Mean rotation error column of ESVIO Table I.
ESVIO,ESVIO,RAL,2023,I,Ultimate-SLAM (EVIO),no,E+F+I,metric,"SE3, full",HKU (stereo),average,average,MRE,deg/m,0.39,ok,Mean rotation error column of ESVIO Table I.
ESVIO,ESVIO,RAL,2023,I,PL-EVIO,no,E+F+I,metric,"SE3, full",HKU (stereo),agg_translation,agg_translation,MRE,deg/m,0.091,ok,Mean rotation error column of ESVIO Table I.
ESVIO,ESVIO,RAL,2023,I,PL-EVIO,no,E+F+I,metric,"SE3, full",HKU (stereo),agg_rotation,agg_rotation,MRE,deg/m,0.12,ok,Mean rotation error column of ESVIO Table I.
ESVIO,ESVIO,RAL,2023,I,PL-EVIO,no,E+F+I,metric,"SE3, full",HKU (stereo),agg_flip,agg_flip,MRE,deg/m,2.23,ok,Mean rotation error column of ESVIO Table I.
ESVIO,ESVIO,RAL,2023,I,PL-EVIO,no,E+F+I,metric,"SE3, full",HKU (stereo),agg_walk,agg_walk,MRE,deg/m,0.14,ok,Mean rotation error column of ESVIO Table I.
ESVIO,ESVIO,RAL,2023,I,PL-EVIO,no,E+F+I,metric,"SE3, full",HKU (stereo),hdr_circle,hdr_circle,MRE,deg/m,0.62,ok,Mean rotation error column of ESVIO Table I.
ESVIO,ESVIO,RAL,2023,I,PL-EVIO,no,E+F+I,metric,"SE3, full",HKU (stereo),hdr_slow,hdr_slow,MRE,deg/m,0.068,ok,Mean rotation error column of ESVIO Table I.
ESVIO,ESVIO,RAL,2023,I,PL-EVIO,no,E+F+I,metric,"SE3, full",HKU (stereo),hdr_tran_rota,hdr_tran_rota,MRE,deg/m,0.064,ok,Mean rotation error column of ESVIO Table I.
ESVIO,ESVIO,RAL,2023,I,PL-EVIO,no,E+F+I,metric,"SE3, full",HKU (stereo),hdr_agg,hdr_agg,MRE,deg/m,0.3,ok,Mean rotation error column of ESVIO Table I.
ESVIO,ESVIO,RAL,2023,I,PL-EVIO,no,E+F+I,metric,"SE3, full",HKU (stereo),dark_normal,dark_normal,MRE,deg/m,0.081,ok,Mean rotation error column of ESVIO Table I.
ESVIO,ESVIO,RAL,2023,I,PL-EVIO,no,E+F+I,metric,"SE3, full",HKU (stereo),average,average,MRE,deg/m,0.41,ok,Mean rotation error column of ESVIO Table I.
ESVIO,ESVIO,RAL,2023,I,ESIO,no,Stereo E+I,metric,"SE3, full",HKU (stereo),agg_translation,agg_translation,MRE,deg/m,0.16,ok,Mean rotation error column of ESVIO Table I.
ESVIO,ESVIO,RAL,2023,I,ESIO,no,Stereo E+I,metric,"SE3, full",HKU (stereo),agg_rotation,agg_rotation,MRE,deg/m,0.048,ok,Mean rotation error column of ESVIO Table I.
ESVIO,ESVIO,RAL,2023,I,ESIO,no,Stereo E+I,metric,"SE3, full",HKU (stereo),agg_flip,agg_flip,MRE,deg/m,0.23,ok,Mean rotation error column of ESVIO Table I.
ESVIO,ESVIO,RAL,2023,I,ESIO,no,Stereo E+I,metric,"SE3, full",HKU (stereo),agg_walk,agg_walk,MRE,deg/m,0.23,ok,Mean rotation error column of ESVIO Table I.
ESVIO,ESVIO,RAL,2023,I,ESIO,no,Stereo E+I,metric,"SE3, full",HKU (stereo),hdr_circle,hdr_circle,MRE,deg/m,0.1,ok,Mean rotation error column of ESVIO Table I.
ESVIO,ESVIO,RAL,2023,I,ESIO,no,Stereo E+I,metric,"SE3, full",HKU (stereo),hdr_slow,hdr_slow,MRE,deg/m,0.38,ok,Mean rotation error column of ESVIO Table I.
ESVIO,ESVIO,RAL,2023,I,ESIO,no,Stereo E+I,metric,"SE3, full",HKU (stereo),hdr_tran_rota,hdr_tran_rota,MRE,deg/m,0.3,ok,Mean rotation error column of ESVIO Table I.
ESVIO,ESVIO,RAL,2023,I,ESIO,no,Stereo E+I,metric,"SE3, full",HKU (stereo),hdr_agg,hdr_agg,MRE,deg/m,0.16,ok,Mean rotation error column of ESVIO Table I.
ESVIO,ESVIO,RAL,2023,I,ESIO,no,Stereo E+I,metric,"SE3, full",HKU (stereo),dark_normal,dark_normal,MRE,deg/m,0.12,ok,Mean rotation error column of ESVIO Table I.
ESVIO,ESVIO,RAL,2023,I,ESIO,no,Stereo E+I,metric,"SE3, full",HKU (stereo),average,average,MRE,deg/m,0.19,ok,Mean rotation error column of ESVIO Table I.
ESVIO,ESVIO,RAL,2023,I,ESIO+,no,Stereo E+I,metric,"SE3, full",HKU (stereo),agg_translation,agg_translation,MRE,deg/m,0.16,ok,Mean rotation error column of ESVIO Table I.
ESVIO,ESVIO,RAL,2023,I,ESIO+,no,Stereo E+I,metric,"SE3, full",HKU (stereo),agg_rotation,agg_rotation,MRE,deg/m,0.045,ok,Mean rotation error column of ESVIO Table I.
ESVIO,ESVIO,RAL,2023,I,ESIO+,no,Stereo E+I,metric,"SE3, full",HKU (stereo),agg_flip,agg_flip,MRE,deg/m,0.23,ok,Mean rotation error column of ESVIO Table I.
ESVIO,ESVIO,RAL,2023,I,ESIO+,no,Stereo E+I,metric,"SE3, full",HKU (stereo),agg_walk,agg_walk,MRE,deg/m,0.23,ok,Mean rotation error column of ESVIO Table I.
ESVIO,ESVIO,RAL,2023,I,ESIO+,no,Stereo E+I,metric,"SE3, full",HKU (stereo),hdr_circle,hdr_circle,MRE,deg/m,0.099,ok,Mean rotation error column of ESVIO Table I.
ESVIO,ESVIO,RAL,2023,I,ESIO+,no,Stereo E+I,metric,"SE3, full",HKU (stereo),hdr_slow,hdr_slow,MRE,deg/m,0.39,ok,Mean rotation error column of ESVIO Table I.
ESVIO,ESVIO,RAL,2023,I,ESIO+,no,Stereo E+I,metric,"SE3, full",HKU (stereo),hdr_tran_rota,hdr_tran_rota,MRE,deg/m,0.31,ok,Mean rotation error column of ESVIO Table I.
ESVIO,ESVIO,RAL,2023,I,ESIO+,no,Stereo E+I,metric,"SE3, full",HKU (stereo),hdr_agg,hdr_agg,MRE,deg/m,0.14,ok,Mean rotation error column of ESVIO Table I.
ESVIO,ESVIO,RAL,2023,I,ESIO+,no,Stereo E+I,metric,"SE3, full",HKU (stereo),dark_normal,dark_normal,MRE,deg/m,0.12,ok,Mean rotation error column of ESVIO Table I.
ESVIO,ESVIO,RAL,2023,I,ESIO+,no,Stereo E+I,metric,"SE3, full",HKU (stereo),average,average,MRE,deg/m,0.19,ok,Mean rotation error column of ESVIO Table I.
ESVIO,ESVIO,RAL,2023,I,ESVIO,yes,Stereo E+F+I,metric,"SE3, full",HKU (stereo),agg_translation,agg_translation,MRE,deg/m,0.016,ok,Mean rotation error column of ESVIO Table I.
ESVIO,ESVIO,RAL,2023,I,ESVIO,yes,Stereo E+F+I,metric,"SE3, full",HKU (stereo),agg_rotation,agg_rotation,MRE,deg/m,0.015,ok,Mean rotation error column of ESVIO Table I.
ESVIO,ESVIO,RAL,2023,I,ESVIO,yes,Stereo E+F+I,metric,"SE3, full",HKU (stereo),agg_flip,agg_flip,MRE,deg/m,0.12,ok,Mean rotation error column of ESVIO Table I.
ESVIO,ESVIO,RAL,2023,I,ESVIO,yes,Stereo E+F+I,metric,"SE3, full",HKU (stereo),agg_walk,agg_walk,MRE,deg/m,0.026,ok,Mean rotation error column of ESVIO Table I.
ESVIO,ESVIO,RAL,2023,I,ESVIO,yes,Stereo E+F+I,metric,"SE3, full",HKU (stereo),hdr_circle,hdr_circle,MRE,deg/m,0.035,ok,Mean rotation error column of ESVIO Table I.
ESVIO,ESVIO,RAL,2023,I,ESVIO,yes,Stereo E+F+I,metric,"SE3, full",HKU (stereo),hdr_slow,hdr_slow,MRE,deg/m,0.028,ok,Mean rotation error column of ESVIO Table I.
ESVIO,ESVIO,RAL,2023,I,ESVIO,yes,Stereo E+F+I,metric,"SE3, full",HKU (stereo),hdr_tran_rota,hdr_tran_rota,MRE,deg/m,0.018,ok,Mean rotation error column of ESVIO Table I.
ESVIO,ESVIO,RAL,2023,I,ESVIO,yes,Stereo E+F+I,metric,"SE3, full",HKU (stereo),hdr_agg,hdr_agg,MRE,deg/m,0.021,ok,Mean rotation error column of ESVIO Table I.
ESVIO,ESVIO,RAL,2023,I,ESVIO,yes,Stereo E+F+I,metric,"SE3, full",HKU (stereo),dark_normal,dark_normal,MRE,deg/m,0.015,ok,Mean rotation error column of ESVIO Table I.
ESVIO,ESVIO,RAL,2023,I,ESVIO,yes,Stereo E+F+I,metric,"SE3, full",HKU (stereo),average,average,MRE,deg/m,0.033,ok,Mean rotation error column of ESVIO Table I.
ESVIO,ESVIO,RAL,2023,II,ORB-SLAM3,no,Stereo F+I,metric,"SE3, full",VECtor,corner_slow,corner_slow,MPE,%,1.49,ok,First VECtor results for a stereo event-inertial method. ESVIO best on large-scale; ORB-SLAM3 slightly better on a few small-scale normal seqs.
ESVIO,ESVIO,RAL,2023,II,ORB-SLAM3,no,Stereo F+I,metric,"SE3, full",VECtor,robot_normal,robot_normal,MPE,%,0.73,ok,First VECtor results for a stereo event-inertial method. ESVIO best on large-scale; ORB-SLAM3 slightly better on a few small-scale normal seqs.
ESVIO,ESVIO,RAL,2023,II,ORB-SLAM3,no,Stereo F+I,metric,"SE3, full",VECtor,robot_fast,robot_fast,MPE,%,0.71,ok,First VECtor results for a stereo event-inertial method. ESVIO best on large-scale; ORB-SLAM3 slightly better on a few small-scale normal seqs.
ESVIO,ESVIO,RAL,2023,II,ORB-SLAM3,no,Stereo F+I,metric,"SE3, full",VECtor,desk_normal,desk_normal,MPE,%,0.46,ok,First VECtor results for a stereo event-inertial method. ESVIO best on large-scale; ORB-SLAM3 slightly better on a few small-scale normal seqs.
ESVIO,ESVIO,RAL,2023,II,ORB-SLAM3,no,Stereo F+I,metric,"SE3, full",VECtor,desk_fast,desk_fast,MPE,%,0.31,ok,First VECtor results for a stereo event-inertial method. ESVIO best on large-scale; ORB-SLAM3 slightly better on a few small-scale normal seqs.
ESVIO,ESVIO,RAL,2023,II,ORB-SLAM3,no,Stereo F+I,metric,"SE3, full",VECtor,sofa_normal,sofa_normal,MPE,%,0.15,ok,First VECtor results for a stereo event-inertial method. ESVIO best on large-scale; ORB-SLAM3 slightly better on a few small-scale normal seqs.
ESVIO,ESVIO,RAL,2023,II,ORB-SLAM3,no,Stereo F+I,metric,"SE3, full",VECtor,sofa_fast,sofa_fast,MPE,%,0.21,ok,First VECtor results for a stereo event-inertial method. ESVIO best on large-scale; ORB-SLAM3 slightly better on a few small-scale normal seqs.
ESVIO,ESVIO,RAL,2023,II,ORB-SLAM3,no,Stereo F+I,metric,"SE3, full",VECtor,mountain_normal,mountain_normal,MPE,%,0.35,ok,First VECtor results for a stereo event-inertial method. ESVIO best on large-scale; ORB-SLAM3 slightly better on a few small-scale normal seqs.
ESVIO,ESVIO,RAL,2023,II,ORB-SLAM3,no,Stereo F+I,metric,"SE3, full",VECtor,mountain_fast,mountain_fast,MPE,%,2.11,ok,First VECtor results for a stereo event-inertial method. ESVIO best on large-scale; ORB-SLAM3 slightly better on a few small-scale normal seqs.
ESVIO,ESVIO,RAL,2023,II,ORB-SLAM3,no,Stereo F+I,metric,"SE3, full",VECtor,hdr_normal,hdr_normal,MPE,%,0.64,ok,First VECtor results for a stereo event-inertial method. ESVIO best on large-scale; ORB-SLAM3 slightly better on a few small-scale normal seqs.
ESVIO,ESVIO,RAL,2023,II,ORB-SLAM3,no,Stereo F+I,metric,"SE3, full",VECtor,hdr_fast,hdr_fast,MPE,%,0.22,ok,First VECtor results for a stereo event-inertial method. ESVIO best on large-scale; ORB-SLAM3 slightly better on a few small-scale normal seqs.
ESVIO,ESVIO,RAL,2023,II,ORB-SLAM3,no,Stereo F+I,metric,"SE3, full",VECtor,corridors_dolly,corridors_dolly,MPE,%,1.03,ok,First VECtor results for a stereo event-inertial method. ESVIO best on large-scale; ORB-SLAM3 slightly better on a few small-scale normal seqs.
ESVIO,ESVIO,RAL,2023,II,ORB-SLAM3,no,Stereo F+I,metric,"SE3, full",VECtor,corridors_walk,corridors_walk,MPE,%,1.32,ok,First VECtor results for a stereo event-inertial method. ESVIO best on large-scale; ORB-SLAM3 slightly better on a few small-scale normal seqs.
ESVIO,ESVIO,RAL,2023,II,ORB-SLAM3,no,Stereo F+I,metric,"SE3, full",VECtor,school_dolly,school_dolly,MPE,%,0.73,ok,First VECtor results for a stereo event-inertial method. ESVIO best on large-scale; ORB-SLAM3 slightly better on a few small-scale normal seqs.
ESVIO,ESVIO,RAL,2023,II,ORB-SLAM3,no,Stereo F+I,metric,"SE3, full",VECtor,school_scooter,school_scooter,MPE,%,0.7,ok,First VECtor results for a stereo event-inertial method. ESVIO best on large-scale; ORB-SLAM3 slightly better on a few small-scale normal seqs.
ESVIO,ESVIO,RAL,2023,II,ORB-SLAM3,no,Stereo F+I,metric,"SE3, full",VECtor,units_dolly,units_dolly,MPE,%,7.64,ok,First VECtor results for a stereo event-inertial method. ESVIO best on large-scale; ORB-SLAM3 slightly better on a few small-scale normal seqs.
ESVIO,ESVIO,RAL,2023,II,ORB-SLAM3,no,Stereo F+I,metric,"SE3, full",VECtor,units_scooter,units_scooter,MPE,%,6.22,ok,First VECtor results for a stereo event-inertial method. ESVIO best on large-scale; ORB-SLAM3 slightly better on a few small-scale normal seqs.
ESVIO,ESVIO,RAL,2023,II,VINS-Fusion,no,Stereo F+I,metric,"SE3, full",VECtor,corner_slow,corner_slow,MPE,%,1.61,ok,First VECtor results for a stereo event-inertial method. ESVIO best on large-scale; ORB-SLAM3 slightly better on a few small-scale normal seqs.
ESVIO,ESVIO,RAL,2023,II,VINS-Fusion,no,Stereo F+I,metric,"SE3, full",VECtor,robot_normal,robot_normal,MPE,%,0.58,ok,First VECtor results for a stereo event-inertial method. ESVIO best on large-scale; ORB-SLAM3 slightly better on a few small-scale normal seqs.
ESVIO,ESVIO,RAL,2023,II,VINS-Fusion,no,Stereo F+I,metric,"SE3, full",VECtor,robot_fast,robot_fast,MPE,%,,failed,First VECtor results for a stereo event-inertial method. ESVIO best on large-scale; ORB-SLAM3 slightly better on a few small-scale normal seqs.
ESVIO,ESVIO,RAL,2023,II,VINS-Fusion,no,Stereo F+I,metric,"SE3, full",VECtor,desk_normal,desk_normal,MPE,%,0.47,ok,First VECtor results for a stereo event-inertial method. ESVIO best on large-scale; ORB-SLAM3 slightly better on a few small-scale normal seqs.
ESVIO,ESVIO,RAL,2023,II,VINS-Fusion,no,Stereo F+I,metric,"SE3, full",VECtor,desk_fast,desk_fast,MPE,%,0.32,ok,First VECtor results for a stereo event-inertial method. ESVIO best on large-scale; ORB-SLAM3 slightly better on a few small-scale normal seqs.
ESVIO,ESVIO,RAL,2023,II,VINS-Fusion,no,Stereo F+I,metric,"SE3, full",VECtor,sofa_normal,sofa_normal,MPE,%,0.13,ok,First VECtor results for a stereo event-inertial method. ESVIO best on large-scale; ORB-SLAM3 slightly better on a few small-scale normal seqs.
ESVIO,ESVIO,RAL,2023,II,VINS-Fusion,no,Stereo F+I,metric,"SE3, full",VECtor,sofa_fast,sofa_fast,MPE,%,0.57,ok,First VECtor results for a stereo event-inertial method. ESVIO best on large-scale; ORB-SLAM3 slightly better on a few small-scale normal seqs.
ESVIO,ESVIO,RAL,2023,II,VINS-Fusion,no,Stereo F+I,metric,"SE3, full",VECtor,mountain_normal,mountain_normal,MPE,%,4.05,ok,First VECtor results for a stereo event-inertial method. ESVIO best on large-scale; ORB-SLAM3 slightly better on a few small-scale normal seqs.
ESVIO,ESVIO,RAL,2023,II,VINS-Fusion,no,Stereo F+I,metric,"SE3, full",VECtor,mountain_fast,mountain_fast,MPE,%,,failed,First VECtor results for a stereo event-inertial method. ESVIO best on large-scale; ORB-SLAM3 slightly better on a few small-scale normal seqs.
ESVIO,ESVIO,RAL,2023,II,VINS-Fusion,no,Stereo F+I,metric,"SE3, full",VECtor,hdr_normal,hdr_normal,MPE,%,1.27,ok,First VECtor results for a stereo event-inertial method. ESVIO best on large-scale; ORB-SLAM3 slightly better on a few small-scale normal seqs.
ESVIO,ESVIO,RAL,2023,II,VINS-Fusion,no,Stereo F+I,metric,"SE3, full",VECtor,hdr_fast,hdr_fast,MPE,%,0.3,ok,First VECtor results for a stereo event-inertial method. ESVIO best on large-scale; ORB-SLAM3 slightly better on a few small-scale normal seqs.
ESVIO,ESVIO,RAL,2023,II,VINS-Fusion,no,Stereo F+I,metric,"SE3, full",VECtor,corridors_dolly,corridors_dolly,MPE,%,1.88,ok,First VECtor results for a stereo event-inertial method. ESVIO best on large-scale; ORB-SLAM3 slightly better on a few small-scale normal seqs.
ESVIO,ESVIO,RAL,2023,II,VINS-Fusion,no,Stereo F+I,metric,"SE3, full",VECtor,corridors_walk,corridors_walk,MPE,%,0.5,ok,First VECtor results for a stereo event-inertial method. ESVIO best on large-scale; ORB-SLAM3 slightly better on a few small-scale normal seqs.
ESVIO,ESVIO,RAL,2023,II,VINS-Fusion,no,Stereo F+I,metric,"SE3, full",VECtor,school_dolly,school_dolly,MPE,%,1.42,ok,First VECtor results for a stereo event-inertial method. ESVIO best on large-scale; ORB-SLAM3 slightly better on a few small-scale normal seqs.
ESVIO,ESVIO,RAL,2023,II,VINS-Fusion,no,Stereo F+I,metric,"SE3, full",VECtor,school_scooter,school_scooter,MPE,%,0.52,ok,First VECtor results for a stereo event-inertial method. ESVIO best on large-scale; ORB-SLAM3 slightly better on a few small-scale normal seqs.
ESVIO,ESVIO,RAL,2023,II,VINS-Fusion,no,Stereo F+I,metric,"SE3, full",VECtor,units_dolly,units_dolly,MPE,%,4.39,ok,First VECtor results for a stereo event-inertial method. ESVIO best on large-scale; ORB-SLAM3 slightly better on a few small-scale normal seqs.
ESVIO,ESVIO,RAL,2023,II,VINS-Fusion,no,Stereo F+I,metric,"SE3, full",VECtor,units_scooter,units_scooter,MPE,%,4.92,ok,First VECtor results for a stereo event-inertial method. ESVIO best on large-scale; ORB-SLAM3 slightly better on a few small-scale normal seqs.
ESVIO,ESVIO,RAL,2023,II,EVO,no,E,up-to-scale,"SE3, full",VECtor,corner_slow,corner_slow,MPE,%,4.33,ok,First VECtor results for a stereo event-inertial method. ESVIO best on large-scale; ORB-SLAM3 slightly better on a few small-scale normal seqs.
ESVIO,ESVIO,RAL,2023,II,EVO,no,E,up-to-scale,"SE3, full",VECtor,robot_normal,robot_normal,MPE,%,3.25,ok,First VECtor results for a stereo event-inertial method. ESVIO best on large-scale; ORB-SLAM3 slightly better on a few small-scale normal seqs.
ESVIO,ESVIO,RAL,2023,II,EVO,no,E,up-to-scale,"SE3, full",VECtor,robot_fast,robot_fast,MPE,%,,failed,First VECtor results for a stereo event-inertial method. ESVIO best on large-scale; ORB-SLAM3 slightly better on a few small-scale normal seqs.
ESVIO,ESVIO,RAL,2023,II,EVO,no,E,up-to-scale,"SE3, full",VECtor,desk_normal,desk_normal,MPE,%,,failed,First VECtor results for a stereo event-inertial method. ESVIO best on large-scale; ORB-SLAM3 slightly better on a few small-scale normal seqs.
ESVIO,ESVIO,RAL,2023,II,EVO,no,E,up-to-scale,"SE3, full",VECtor,desk_fast,desk_fast,MPE,%,,failed,First VECtor results for a stereo event-inertial method. ESVIO best on large-scale; ORB-SLAM3 slightly better on a few small-scale normal seqs.
ESVIO,ESVIO,RAL,2023,II,EVO,no,E,up-to-scale,"SE3, full",VECtor,sofa_normal,sofa_normal,MPE,%,,failed,First VECtor results for a stereo event-inertial method. ESVIO best on large-scale; ORB-SLAM3 slightly better on a few small-scale normal seqs.
ESVIO,ESVIO,RAL,2023,II,EVO,no,E,up-to-scale,"SE3, full",VECtor,sofa_fast,sofa_fast,MPE,%,,failed,First VECtor results for a stereo event-inertial method. ESVIO best on large-scale; ORB-SLAM3 slightly better on a few small-scale normal seqs.
ESVIO,ESVIO,RAL,2023,II,EVO,no,E,up-to-scale,"SE3, full",VECtor,mountain_normal,mountain_normal,MPE,%,,failed,First VECtor results for a stereo event-inertial method. ESVIO best on large-scale; ORB-SLAM3 slightly better on a few small-scale normal seqs.
ESVIO,ESVIO,RAL,2023,II,EVO,no,E,up-to-scale,"SE3, full",VECtor,mountain_fast,mountain_fast,MPE,%,,failed,First VECtor results for a stereo event-inertial method. ESVIO best on large-scale; ORB-SLAM3 slightly better on a few small-scale normal seqs.
ESVIO,ESVIO,RAL,2023,II,EVO,no,E,up-to-scale,"SE3, full",VECtor,hdr_normal,hdr_normal,MPE,%,,failed,First VECtor results for a stereo event-inertial method. ESVIO best on large-scale; ORB-SLAM3 slightly better on a few small-scale normal seqs.
ESVIO,ESVIO,RAL,2023,II,EVO,no,E,up-to-scale,"SE3, full",VECtor,hdr_fast,hdr_fast,MPE,%,,failed,First VECtor results for a stereo event-inertial method. ESVIO best on large-scale; ORB-SLAM3 slightly better on a few small-scale normal seqs.
ESVIO,ESVIO,RAL,2023,II,EVO,no,E,up-to-scale,"SE3, full",VECtor,corridors_dolly,corridors_dolly,MPE,%,,failed,First VECtor results for a stereo event-inertial method. ESVIO best on large-scale; ORB-SLAM3 slightly better on a few small-scale normal seqs.
ESVIO,ESVIO,RAL,2023,II,EVO,no,E,up-to-scale,"SE3, full",VECtor,corridors_walk,corridors_walk,MPE,%,,failed,First VECtor results for a stereo event-inertial method. ESVIO best on large-scale; ORB-SLAM3 slightly better on a few small-scale normal seqs.
ESVIO,ESVIO,RAL,2023,II,EVO,no,E,up-to-scale,"SE3, full",VECtor,school_dolly,school_dolly,MPE,%,,failed,First VECtor results for a stereo event-inertial method. ESVIO best on large-scale; ORB-SLAM3 slightly better on a few small-scale normal seqs.
ESVIO,ESVIO,RAL,2023,II,EVO,no,E,up-to-scale,"SE3, full",VECtor,school_scooter,school_scooter,MPE,%,,failed,First VECtor results for a stereo event-inertial method. ESVIO best on large-scale; ORB-SLAM3 slightly better on a few small-scale normal seqs.
ESVIO,ESVIO,RAL,2023,II,EVO,no,E,up-to-scale,"SE3, full",VECtor,units_dolly,units_dolly,MPE,%,,failed,First VECtor results for a stereo event-inertial method. ESVIO best on large-scale; ORB-SLAM3 slightly better on a few small-scale normal seqs.
ESVIO,ESVIO,RAL,2023,II,EVO,no,E,up-to-scale,"SE3, full",VECtor,units_scooter,units_scooter,MPE,%,,failed,First VECtor results for a stereo event-inertial method. ESVIO best on large-scale; ORB-SLAM3 slightly better on a few small-scale normal seqs.
ESVIO,ESVIO,RAL,2023,II,ESVO,no,Stereo E,metric,"SE3, full",VECtor,corner_slow,corner_slow,MPE,%,4.83,ok,First VECtor results for a stereo event-inertial method. ESVIO best on large-scale; ORB-SLAM3 slightly better on a few small-scale normal seqs.
ESVIO,ESVIO,RAL,2023,II,ESVO,no,Stereo E,metric,"SE3, full",VECtor,robot_normal,robot_normal,MPE,%,,failed,First VECtor results for a stereo event-inertial method. ESVIO best on large-scale; ORB-SLAM3 slightly better on a few small-scale normal seqs.
ESVIO,ESVIO,RAL,2023,II,ESVO,no,Stereo E,metric,"SE3, full",VECtor,robot_fast,robot_fast,MPE,%,,failed,First VECtor results for a stereo event-inertial method. ESVIO best on large-scale; ORB-SLAM3 slightly better on a few small-scale normal seqs.
ESVIO,ESVIO,RAL,2023,II,ESVO,no,Stereo E,metric,"SE3, full",VECtor,desk_normal,desk_normal,MPE,%,,failed,First VECtor results for a stereo event-inertial method. ESVIO best on large-scale; ORB-SLAM3 slightly better on a few small-scale normal seqs.
ESVIO,ESVIO,RAL,2023,II,ESVO,no,Stereo E,metric,"SE3, full",VECtor,desk_fast,desk_fast,MPE,%,,failed,First VECtor results for a stereo event-inertial method. ESVIO best on large-scale; ORB-SLAM3 slightly better on a few small-scale normal seqs.
ESVIO,ESVIO,RAL,2023,II,ESVO,no,Stereo E,metric,"SE3, full",VECtor,sofa_normal,sofa_normal,MPE,%,1.77,ok,First VECtor results for a stereo event-inertial method. ESVIO best on large-scale; ORB-SLAM3 slightly better on a few small-scale normal seqs.
ESVIO,ESVIO,RAL,2023,II,ESVO,no,Stereo E,metric,"SE3, full",VECtor,sofa_fast,sofa_fast,MPE,%,,failed,First VECtor results for a stereo event-inertial method. ESVIO best on large-scale; ORB-SLAM3 slightly better on a few small-scale normal seqs.
ESVIO,ESVIO,RAL,2023,II,ESVO,no,Stereo E,metric,"SE3, full",VECtor,mountain_normal,mountain_normal,MPE,%,,failed,First VECtor results for a stereo event-inertial method. ESVIO best on large-scale; ORB-SLAM3 slightly better on a few small-scale normal seqs.
ESVIO,ESVIO,RAL,2023,II,ESVO,no,Stereo E,metric,"SE3, full",VECtor,mountain_fast,mountain_fast,MPE,%,,failed,First VECtor results for a stereo event-inertial method. ESVIO best on large-scale; ORB-SLAM3 slightly better on a few small-scale normal seqs.
ESVIO,ESVIO,RAL,2023,II,ESVO,no,Stereo E,metric,"SE3, full",VECtor,hdr_normal,hdr_normal,MPE,%,,failed,First VECtor results for a stereo event-inertial method. ESVIO best on large-scale; ORB-SLAM3 slightly better on a few small-scale normal seqs.
ESVIO,ESVIO,RAL,2023,II,ESVO,no,Stereo E,metric,"SE3, full",VECtor,hdr_fast,hdr_fast,MPE,%,,failed,First VECtor results for a stereo event-inertial method. ESVIO best on large-scale; ORB-SLAM3 slightly better on a few small-scale normal seqs.
ESVIO,ESVIO,RAL,2023,II,ESVO,no,Stereo E,metric,"SE3, full",VECtor,corridors_dolly,corridors_dolly,MPE,%,,failed,First VECtor results for a stereo event-inertial method. ESVIO best on large-scale; ORB-SLAM3 slightly better on a few small-scale normal seqs.
ESVIO,ESVIO,RAL,2023,II,ESVO,no,Stereo E,metric,"SE3, full",VECtor,corridors_walk,corridors_walk,MPE,%,,failed,First VECtor results for a stereo event-inertial method. ESVIO best on large-scale; ORB-SLAM3 slightly better on a few small-scale normal seqs.
ESVIO,ESVIO,RAL,2023,II,ESVO,no,Stereo E,metric,"SE3, full",VECtor,school_dolly,school_dolly,MPE,%,10.87,ok,First VECtor results for a stereo event-inertial method. ESVIO best on large-scale; ORB-SLAM3 slightly better on a few small-scale normal seqs.
ESVIO,ESVIO,RAL,2023,II,ESVO,no,Stereo E,metric,"SE3, full",VECtor,school_scooter,school_scooter,MPE,%,9.21,ok,First VECtor results for a stereo event-inertial method. ESVIO best on large-scale; ORB-SLAM3 slightly better on a few small-scale normal seqs.
ESVIO,ESVIO,RAL,2023,II,ESVO,no,Stereo E,metric,"SE3, full",VECtor,units_dolly,units_dolly,MPE,%,,failed,First VECtor results for a stereo event-inertial method. ESVIO best on large-scale; ORB-SLAM3 slightly better on a few small-scale normal seqs.
ESVIO,ESVIO,RAL,2023,II,ESVO,no,Stereo E,metric,"SE3, full",VECtor,units_scooter,units_scooter,MPE,%,,failed,First VECtor results for a stereo event-inertial method. ESVIO best on large-scale; ORB-SLAM3 slightly better on a few small-scale normal seqs.
ESVIO,ESVIO,RAL,2023,II,Ultimate-SLAM,no,E+F+I,metric,"SE3, full",VECtor,corner_slow,corner_slow,MPE,%,4.83,ok,First VECtor results for a stereo event-inertial method. ESVIO best on large-scale; ORB-SLAM3 slightly better on a few small-scale normal seqs.
ESVIO,ESVIO,RAL,2023,II,Ultimate-SLAM,no,E+F+I,metric,"SE3, full",VECtor,robot_normal,robot_normal,MPE,%,1.18,ok,First VECtor results for a stereo event-inertial method. ESVIO best on large-scale; ORB-SLAM3 slightly better on a few small-scale normal seqs.
ESVIO,ESVIO,RAL,2023,II,Ultimate-SLAM,no,E+F+I,metric,"SE3, full",VECtor,robot_fast,robot_fast,MPE,%,1.65,ok,First VECtor results for a stereo event-inertial method. ESVIO best on large-scale; ORB-SLAM3 slightly better on a few small-scale normal seqs.
ESVIO,ESVIO,RAL,2023,II,Ultimate-SLAM,no,E+F+I,metric,"SE3, full",VECtor,desk_normal,desk_normal,MPE,%,2.24,ok,First VECtor results for a stereo event-inertial method. ESVIO best on large-scale; ORB-SLAM3 slightly better on a few small-scale normal seqs.
ESVIO,ESVIO,RAL,2023,II,Ultimate-SLAM,no,E+F+I,metric,"SE3, full",VECtor,desk_fast,desk_fast,MPE,%,1.08,ok,First VECtor results for a stereo event-inertial method. ESVIO best on large-scale; ORB-SLAM3 slightly better on a few small-scale normal seqs.
ESVIO,ESVIO,RAL,2023,II,Ultimate-SLAM,no,E+F+I,metric,"SE3, full",VECtor,sofa_normal,sofa_normal,MPE,%,5.74,ok,First VECtor results for a stereo event-inertial method. ESVIO best on large-scale; ORB-SLAM3 slightly better on a few small-scale normal seqs.
ESVIO,ESVIO,RAL,2023,II,Ultimate-SLAM,no,E+F+I,metric,"SE3, full",VECtor,sofa_fast,sofa_fast,MPE,%,2.54,ok,First VECtor results for a stereo event-inertial method. ESVIO best on large-scale; ORB-SLAM3 slightly better on a few small-scale normal seqs.
ESVIO,ESVIO,RAL,2023,II,Ultimate-SLAM,no,E+F+I,metric,"SE3, full",VECtor,mountain_normal,mountain_normal,MPE,%,3.64,ok,First VECtor results for a stereo event-inertial method. ESVIO best on large-scale; ORB-SLAM3 slightly better on a few small-scale normal seqs.
ESVIO,ESVIO,RAL,2023,II,Ultimate-SLAM,no,E+F+I,metric,"SE3, full",VECtor,mountain_fast,mountain_fast,MPE,%,4.13,ok,First VECtor results for a stereo event-inertial method. ESVIO best on large-scale; ORB-SLAM3 slightly better on a few small-scale normal seqs.
ESVIO,ESVIO,RAL,2023,II,Ultimate-SLAM,no,E+F+I,metric,"SE3, full",VECtor,hdr_normal,hdr_normal,MPE,%,5.69,ok,First VECtor results for a stereo event-inertial method. ESVIO best on large-scale; ORB-SLAM3 slightly better on a few small-scale normal seqs.
ESVIO,ESVIO,RAL,2023,II,Ultimate-SLAM,no,E+F+I,metric,"SE3, full",VECtor,hdr_fast,hdr_fast,MPE,%,2.61,ok,First VECtor results for a stereo event-inertial method. ESVIO best on large-scale; ORB-SLAM3 slightly better on a few small-scale normal seqs.
ESVIO,ESVIO,RAL,2023,II,Ultimate-SLAM,no,E+F+I,metric,"SE3, full",VECtor,corridors_dolly,corridors_dolly,MPE,%,,failed,First VECtor results for a stereo event-inertial method. ESVIO best on large-scale; ORB-SLAM3 slightly better on a few small-scale normal seqs.
ESVIO,ESVIO,RAL,2023,II,Ultimate-SLAM,no,E+F+I,metric,"SE3, full",VECtor,corridors_walk,corridors_walk,MPE,%,,failed,First VECtor results for a stereo event-inertial method. ESVIO best on large-scale; ORB-SLAM3 slightly better on a few small-scale normal seqs.
ESVIO,ESVIO,RAL,2023,II,Ultimate-SLAM,no,E+F+I,metric,"SE3, full",VECtor,school_dolly,school_dolly,MPE,%,,failed,First VECtor results for a stereo event-inertial method. ESVIO best on large-scale; ORB-SLAM3 slightly better on a few small-scale normal seqs.
ESVIO,ESVIO,RAL,2023,II,Ultimate-SLAM,no,E+F+I,metric,"SE3, full",VECtor,school_scooter,school_scooter,MPE,%,6.4,ok,First VECtor results for a stereo event-inertial method. ESVIO best on large-scale; ORB-SLAM3 slightly better on a few small-scale normal seqs.
ESVIO,ESVIO,RAL,2023,II,Ultimate-SLAM,no,E+F+I,metric,"SE3, full",VECtor,units_dolly,units_dolly,MPE,%,,failed,First VECtor results for a stereo event-inertial method. ESVIO best on large-scale; ORB-SLAM3 slightly better on a few small-scale normal seqs.
ESVIO,ESVIO,RAL,2023,II,Ultimate-SLAM,no,E+F+I,metric,"SE3, full",VECtor,units_scooter,units_scooter,MPE,%,,failed,First VECtor results for a stereo event-inertial method. ESVIO best on large-scale; ORB-SLAM3 slightly better on a few small-scale normal seqs.
ESVIO,ESVIO,RAL,2023,II,PL-EVIO,no,E+F+I,metric,"SE3, full",VECtor,corner_slow,corner_slow,MPE,%,2.1,ok,First VECtor results for a stereo event-inertial method. ESVIO best on large-scale; ORB-SLAM3 slightly better on a few small-scale normal seqs.
ESVIO,ESVIO,RAL,2023,II,PL-EVIO,no,E+F+I,metric,"SE3, full",VECtor,robot_normal,robot_normal,MPE,%,0.68,ok,First VECtor results for a stereo event-inertial method. ESVIO best on large-scale; ORB-SLAM3 slightly better on a few small-scale normal seqs.
ESVIO,ESVIO,RAL,2023,II,PL-EVIO,no,E+F+I,metric,"SE3, full",VECtor,robot_fast,robot_fast,MPE,%,0.17,ok,First VECtor results for a stereo event-inertial method. ESVIO best on large-scale; ORB-SLAM3 slightly better on a few small-scale normal seqs.
ESVIO,ESVIO,RAL,2023,II,PL-EVIO,no,E+F+I,metric,"SE3, full",VECtor,desk_normal,desk_normal,MPE,%,3.66,ok,First VECtor results for a stereo event-inertial method. ESVIO best on large-scale; ORB-SLAM3 slightly better on a few small-scale normal seqs.
ESVIO,ESVIO,RAL,2023,II,PL-EVIO,no,E+F+I,metric,"SE3, full",VECtor,desk_fast,desk_fast,MPE,%,0.14,ok,First VECtor results for a stereo event-inertial method. ESVIO best on large-scale; ORB-SLAM3 slightly better on a few small-scale normal seqs.
ESVIO,ESVIO,RAL,2023,II,PL-EVIO,no,E+F+I,metric,"SE3, full",VECtor,sofa_normal,sofa_normal,MPE,%,0.19,ok,First VECtor results for a stereo event-inertial method. ESVIO best on large-scale; ORB-SLAM3 slightly better on a few small-scale normal seqs.
ESVIO,ESVIO,RAL,2023,II,PL-EVIO,no,E+F+I,metric,"SE3, full",VECtor,sofa_fast,sofa_fast,MPE,%,0.17,ok,First VECtor results for a stereo event-inertial method. ESVIO best on large-scale; ORB-SLAM3 slightly better on a few small-scale normal seqs.
ESVIO,ESVIO,RAL,2023,II,PL-EVIO,no,E+F+I,metric,"SE3, full",VECtor,mountain_normal,mountain_normal,MPE,%,4.32,ok,First VECtor results for a stereo event-inertial method. ESVIO best on large-scale; ORB-SLAM3 slightly better on a few small-scale normal seqs.
ESVIO,ESVIO,RAL,2023,II,PL-EVIO,no,E+F+I,metric,"SE3, full",VECtor,mountain_fast,mountain_fast,MPE,%,0.13,ok,First VECtor results for a stereo event-inertial method. ESVIO best on large-scale; ORB-SLAM3 slightly better on a few small-scale normal seqs.
ESVIO,ESVIO,RAL,2023,II,PL-EVIO,no,E+F+I,metric,"SE3, full",VECtor,hdr_normal,hdr_normal,MPE,%,4.02,ok,First VECtor results for a stereo event-inertial method. ESVIO best on large-scale; ORB-SLAM3 slightly better on a few small-scale normal seqs.
ESVIO,ESVIO,RAL,2023,II,PL-EVIO,no,E+F+I,metric,"SE3, full",VECtor,hdr_fast,hdr_fast,MPE,%,0.2,ok,First VECtor results for a stereo event-inertial method. ESVIO best on large-scale; ORB-SLAM3 slightly better on a few small-scale normal seqs.
ESVIO,ESVIO,RAL,2023,II,PL-EVIO,no,E+F+I,metric,"SE3, full",VECtor,corridors_dolly,corridors_dolly,MPE,%,1.58,ok,First VECtor results for a stereo event-inertial method. ESVIO best on large-scale; ORB-SLAM3 slightly better on a few small-scale normal seqs.
ESVIO,ESVIO,RAL,2023,II,PL-EVIO,no,E+F+I,metric,"SE3, full",VECtor,corridors_walk,corridors_walk,MPE,%,0.92,ok,First VECtor results for a stereo event-inertial method. ESVIO best on large-scale; ORB-SLAM3 slightly better on a few small-scale normal seqs.
ESVIO,ESVIO,RAL,2023,II,PL-EVIO,no,E+F+I,metric,"SE3, full",VECtor,school_dolly,school_dolly,MPE,%,2.47,ok,First VECtor results for a stereo event-inertial method. ESVIO best on large-scale; ORB-SLAM3 slightly better on a few small-scale normal seqs.
ESVIO,ESVIO,RAL,2023,II,PL-EVIO,no,E+F+I,metric,"SE3, full",VECtor,school_scooter,school_scooter,MPE,%,1.3,ok,First VECtor results for a stereo event-inertial method. ESVIO best on large-scale; ORB-SLAM3 slightly better on a few small-scale normal seqs.
ESVIO,ESVIO,RAL,2023,II,PL-EVIO,no,E+F+I,metric,"SE3, full",VECtor,units_dolly,units_dolly,MPE,%,5.84,ok,First VECtor results for a stereo event-inertial method. ESVIO best on large-scale; ORB-SLAM3 slightly better on a few small-scale normal seqs.
ESVIO,ESVIO,RAL,2023,II,PL-EVIO,no,E+F+I,metric,"SE3, full",VECtor,units_scooter,units_scooter,MPE,%,5.0,ok,First VECtor results for a stereo event-inertial method. ESVIO best on large-scale; ORB-SLAM3 slightly better on a few small-scale normal seqs.
ESVIO,ESVIO,RAL,2023,II,ESVIO,yes,Stereo E+F+I,metric,"SE3, full",VECtor,corner_slow,corner_slow,MPE,%,1.49,ok,First VECtor results for a stereo event-inertial method. ESVIO best on large-scale; ORB-SLAM3 slightly better on a few small-scale normal seqs.
ESVIO,ESVIO,RAL,2023,II,ESVIO,yes,Stereo E+F+I,metric,"SE3, full",VECtor,robot_normal,robot_normal,MPE,%,1.08,ok,First VECtor results for a stereo event-inertial method. ESVIO best on large-scale; ORB-SLAM3 slightly better on a few small-scale normal seqs.
ESVIO,ESVIO,RAL,2023,II,ESVIO,yes,Stereo E+F+I,metric,"SE3, full",VECtor,robot_fast,robot_fast,MPE,%,0.2,ok,First VECtor results for a stereo event-inertial method. ESVIO best on large-scale; ORB-SLAM3 slightly better on a few small-scale normal seqs.
ESVIO,ESVIO,RAL,2023,II,ESVIO,yes,Stereo E+F+I,metric,"SE3, full",VECtor,desk_normal,desk_normal,MPE,%,0.61,ok,First VECtor results for a stereo event-inertial method. ESVIO best on large-scale; ORB-SLAM3 slightly better on a few small-scale normal seqs.
ESVIO,ESVIO,RAL,2023,II,ESVIO,yes,Stereo E+F+I,metric,"SE3, full",VECtor,desk_fast,desk_fast,MPE,%,0.13,ok,First VECtor results for a stereo event-inertial method. ESVIO best on large-scale; ORB-SLAM3 slightly better on a few small-scale normal seqs.
ESVIO,ESVIO,RAL,2023,II,ESVIO,yes,Stereo E+F+I,metric,"SE3, full",VECtor,sofa_normal,sofa_normal,MPE,%,0.16,ok,First VECtor results for a stereo event-inertial method. ESVIO best on large-scale; ORB-SLAM3 slightly better on a few small-scale normal seqs.
ESVIO,ESVIO,RAL,2023,II,ESVIO,yes,Stereo E+F+I,metric,"SE3, full",VECtor,sofa_fast,sofa_fast,MPE,%,0.17,ok,First VECtor results for a stereo event-inertial method. ESVIO best on large-scale; ORB-SLAM3 slightly better on a few small-scale normal seqs.
ESVIO,ESVIO,RAL,2023,II,ESVIO,yes,Stereo E+F+I,metric,"SE3, full",VECtor,mountain_normal,mountain_normal,MPE,%,0.59,ok,First VECtor results for a stereo event-inertial method. ESVIO best on large-scale; ORB-SLAM3 slightly better on a few small-scale normal seqs.
ESVIO,ESVIO,RAL,2023,II,ESVIO,yes,Stereo E+F+I,metric,"SE3, full",VECtor,mountain_fast,mountain_fast,MPE,%,0.16,ok,First VECtor results for a stereo event-inertial method. ESVIO best on large-scale; ORB-SLAM3 slightly better on a few small-scale normal seqs.
ESVIO,ESVIO,RAL,2023,II,ESVIO,yes,Stereo E+F+I,metric,"SE3, full",VECtor,hdr_normal,hdr_normal,MPE,%,0.57,ok,First VECtor results for a stereo event-inertial method. ESVIO best on large-scale; ORB-SLAM3 slightly better on a few small-scale normal seqs.
ESVIO,ESVIO,RAL,2023,II,ESVIO,yes,Stereo E+F+I,metric,"SE3, full",VECtor,hdr_fast,hdr_fast,MPE,%,0.21,ok,First VECtor results for a stereo event-inertial method. ESVIO best on large-scale; ORB-SLAM3 slightly better on a few small-scale normal seqs.
ESVIO,ESVIO,RAL,2023,II,ESVIO,yes,Stereo E+F+I,metric,"SE3, full",VECtor,corridors_dolly,corridors_dolly,MPE,%,1.13,ok,First VECtor results for a stereo event-inertial method. ESVIO best on large-scale; ORB-SLAM3 slightly better on a few small-scale normal seqs.
ESVIO,ESVIO,RAL,2023,II,ESVIO,yes,Stereo E+F+I,metric,"SE3, full",VECtor,corridors_walk,corridors_walk,MPE,%,0.43,ok,First VECtor results for a stereo event-inertial method. ESVIO best on large-scale; ORB-SLAM3 slightly better on a few small-scale normal seqs.
ESVIO,ESVIO,RAL,2023,II,ESVIO,yes,Stereo E+F+I,metric,"SE3, full",VECtor,school_dolly,school_dolly,MPE,%,0.42,ok,First VECtor results for a stereo event-inertial method. ESVIO best on large-scale; ORB-SLAM3 slightly better on a few small-scale normal seqs.
ESVIO,ESVIO,RAL,2023,II,ESVIO,yes,Stereo E+F+I,metric,"SE3, full",VECtor,school_scooter,school_scooter,MPE,%,0.59,ok,First VECtor results for a stereo event-inertial method. ESVIO best on large-scale; ORB-SLAM3 slightly better on a few small-scale normal seqs.
ESVIO,ESVIO,RAL,2023,II,ESVIO,yes,Stereo E+F+I,metric,"SE3, full",VECtor,units_dolly,units_dolly,MPE,%,3.43,ok,First VECtor results for a stereo event-inertial method. ESVIO best on large-scale; ORB-SLAM3 slightly better on a few small-scale normal seqs.
ESVIO,ESVIO,RAL,2023,II,ESVIO,yes,Stereo E+F+I,metric,"SE3, full",VECtor,units_scooter,units_scooter,MPE,%,2.85,ok,First VECtor results for a stereo event-inertial method. ESVIO best on large-scale; ORB-SLAM3 slightly better on a few small-scale normal seqs.
ESVIO,ESVIO,RAL,2023,II,ORB-SLAM3,no,Stereo F+I,metric,"SE3, full",VECtor,corner_slow,corner_slow,MRE,deg/m,14.28,ok,Mean rotation error column of ESVIO Table II (VECtor).
ESVIO,ESVIO,RAL,2023,II,ORB-SLAM3,no,Stereo F+I,metric,"SE3, full",VECtor,robot_normal,robot_normal,MRE,deg/m,1.18,ok,Mean rotation error column of ESVIO Table II (VECtor).
ESVIO,ESVIO,RAL,2023,II,ORB-SLAM3,no,Stereo F+I,metric,"SE3, full",VECtor,robot_fast,robot_fast,MRE,deg/m,0.7,ok,Mean rotation error column of ESVIO Table II (VECtor).
ESVIO,ESVIO,RAL,2023,II,ORB-SLAM3,no,Stereo F+I,metric,"SE3, full",VECtor,desk_normal,desk_normal,MRE,deg/m,0.41,ok,Mean rotation error column of ESVIO Table II (VECtor).
ESVIO,ESVIO,RAL,2023,II,ORB-SLAM3,no,Stereo F+I,metric,"SE3, full",VECtor,desk_fast,desk_fast,MRE,deg/m,0.41,ok,Mean rotation error column of ESVIO Table II (VECtor).
ESVIO,ESVIO,RAL,2023,II,ORB-SLAM3,no,Stereo F+I,metric,"SE3, full",VECtor,sofa_normal,sofa_normal,MRE,deg/m,0.41,ok,Mean rotation error column of ESVIO Table II (VECtor).
ESVIO,ESVIO,RAL,2023,II,ORB-SLAM3,no,Stereo F+I,metric,"SE3, full",VECtor,sofa_fast,sofa_fast,MRE,deg/m,0.43,ok,Mean rotation error column of ESVIO Table II (VECtor).
ESVIO,ESVIO,RAL,2023,II,ORB-SLAM3,no,Stereo F+I,metric,"SE3, full",VECtor,mountain_normal,mountain_normal,MRE,deg/m,1.0,ok,Mean rotation error column of ESVIO Table II (VECtor).
ESVIO,ESVIO,RAL,2023,II,ORB-SLAM3,no,Stereo F+I,metric,"SE3, full",VECtor,mountain_fast,mountain_fast,MRE,deg/m,0.64,ok,Mean rotation error column of ESVIO Table II (VECtor).
ESVIO,ESVIO,RAL,2023,II,ORB-SLAM3,no,Stereo F+I,metric,"SE3, full",VECtor,hdr_normal,hdr_normal,MRE,deg/m,1.2,ok,Mean rotation error column of ESVIO Table II (VECtor).
ESVIO,ESVIO,RAL,2023,II,ORB-SLAM3,no,Stereo F+I,metric,"SE3, full",VECtor,hdr_fast,hdr_fast,MRE,deg/m,0.45,ok,Mean rotation error column of ESVIO Table II (VECtor).
ESVIO,ESVIO,RAL,2023,II,ORB-SLAM3,no,Stereo F+I,metric,"SE3, full",VECtor,corridors_dolly,corridors_dolly,MRE,deg/m,1.37,ok,Mean rotation error column of ESVIO Table II (VECtor).
ESVIO,ESVIO,RAL,2023,II,ORB-SLAM3,no,Stereo F+I,metric,"SE3, full",VECtor,corridors_walk,corridors_walk,MRE,deg/m,1.31,ok,Mean rotation error column of ESVIO Table II (VECtor).
ESVIO,ESVIO,RAL,2023,II,ORB-SLAM3,no,Stereo F+I,metric,"SE3, full",VECtor,school_dolly,school_dolly,MRE,deg/m,1.02,ok,Mean rotation error column of ESVIO Table II (VECtor).
ESVIO,ESVIO,RAL,2023,II,ORB-SLAM3,no,Stereo F+I,metric,"SE3, full",VECtor,school_scooter,school_scooter,MRE,deg/m,0.49,ok,Mean rotation error column of ESVIO Table II (VECtor).
ESVIO,ESVIO,RAL,2023,II,ORB-SLAM3,no,Stereo F+I,metric,"SE3, full",VECtor,units_dolly,units_dolly,MRE,deg/m,0.41,ok,Mean rotation error column of ESVIO Table II (VECtor).
ESVIO,ESVIO,RAL,2023,II,ORB-SLAM3,no,Stereo F+I,metric,"SE3, full",VECtor,units_scooter,units_scooter,MRE,deg/m,0.22,ok,Mean rotation error column of ESVIO Table II (VECtor).
ESVIO,ESVIO,RAL,2023,II,VINS-Fusion,no,Stereo F+I,metric,"SE3, full",VECtor,corner_slow,corner_slow,MRE,deg/m,14.06,ok,Mean rotation error column of ESVIO Table II (VECtor).
ESVIO,ESVIO,RAL,2023,II,VINS-Fusion,no,Stereo F+I,metric,"SE3, full",VECtor,robot_normal,robot_normal,MRE,deg/m,1.18,ok,Mean rotation error column of ESVIO Table II (VECtor).
ESVIO,ESVIO,RAL,2023,II,VINS-Fusion,no,Stereo F+I,metric,"SE3, full",VECtor,robot_fast,robot_fast,MRE,deg/m,,failed,Mean rotation error column of ESVIO Table II (VECtor).
ESVIO,ESVIO,RAL,2023,II,VINS-Fusion,no,Stereo F+I,metric,"SE3, full",VECtor,desk_normal,desk_normal,MRE,deg/m,0.36,ok,Mean rotation error column of ESVIO Table II (VECtor).
ESVIO,ESVIO,RAL,2023,II,VINS-Fusion,no,Stereo F+I,metric,"SE3, full",VECtor,desk_fast,desk_fast,MRE,deg/m,0.33,ok,Mean rotation error column of ESVIO Table II (VECtor).
ESVIO,ESVIO,RAL,2023,II,VINS-Fusion,no,Stereo F+I,metric,"SE3, full",VECtor,sofa_normal,sofa_normal,MRE,deg/m,0.4,ok,Mean rotation error column of ESVIO Table II (VECtor).
ESVIO,ESVIO,RAL,2023,II,VINS-Fusion,no,Stereo F+I,metric,"SE3, full",VECtor,sofa_fast,sofa_fast,MRE,deg/m,0.34,ok,Mean rotation error column of ESVIO Table II (VECtor).
ESVIO,ESVIO,RAL,2023,II,VINS-Fusion,no,Stereo F+I,metric,"SE3, full",VECtor,mountain_normal,mountain_normal,MRE,deg/m,1.05,ok,Mean rotation error column of ESVIO Table II (VECtor).
ESVIO,ESVIO,RAL,2023,II,VINS-Fusion,no,Stereo F+I,metric,"SE3, full",VECtor,mountain_fast,mountain_fast,MRE,deg/m,,failed,Mean rotation error column of ESVIO Table II (VECtor).
ESVIO,ESVIO,RAL,2023,II,VINS-Fusion,no,Stereo F+I,metric,"SE3, full",VECtor,hdr_normal,hdr_normal,MRE,deg/m,1.1,ok,Mean rotation error column of ESVIO Table II (VECtor).
ESVIO,ESVIO,RAL,2023,II,VINS-Fusion,no,Stereo F+I,metric,"SE3, full",VECtor,hdr_fast,hdr_fast,MRE,deg/m,0.34,ok,Mean rotation error column of ESVIO Table II (VECtor).
ESVIO,ESVIO,RAL,2023,II,VINS-Fusion,no,Stereo F+I,metric,"SE3, full",VECtor,corridors_dolly,corridors_dolly,MRE,deg/m,1.37,ok,Mean rotation error column of ESVIO Table II (VECtor).
ESVIO,ESVIO,RAL,2023,II,VINS-Fusion,no,Stereo F+I,metric,"SE3, full",VECtor,corridors_walk,corridors_walk,MRE,deg/m,1.31,ok,Mean rotation error column of ESVIO Table II (VECtor).
ESVIO,ESVIO,RAL,2023,II,VINS-Fusion,no,Stereo F+I,metric,"SE3, full",VECtor,school_dolly,school_dolly,MRE,deg/m,1.06,ok,Mean rotation error column of ESVIO Table II (VECtor).
ESVIO,ESVIO,RAL,2023,II,VINS-Fusion,no,Stereo F+I,metric,"SE3, full",VECtor,school_scooter,school_scooter,MRE,deg/m,0.61,ok,Mean rotation error column of ESVIO Table II (VECtor).
ESVIO,ESVIO,RAL,2023,II,VINS-Fusion,no,Stereo F+I,metric,"SE3, full",VECtor,units_dolly,units_dolly,MRE,deg/m,0.42,ok,Mean rotation error column of ESVIO Table II (VECtor).
ESVIO,ESVIO,RAL,2023,II,VINS-Fusion,no,Stereo F+I,metric,"SE3, full",VECtor,units_scooter,units_scooter,MRE,deg/m,0.24,ok,Mean rotation error column of ESVIO Table II (VECtor).
ESVIO,ESVIO,RAL,2023,II,EVO,no,E,up-to-scale,"SE3, full",VECtor,corner_slow,corner_slow,MRE,deg/m,15.52,ok,Mean rotation error column of ESVIO Table II (VECtor).
ESVIO,ESVIO,RAL,2023,II,EVO,no,E,up-to-scale,"SE3, full",VECtor,robot_normal,robot_normal,MRE,deg/m,2.0,ok,Mean rotation error column of ESVIO Table II (VECtor).
ESVIO,ESVIO,RAL,2023,II,EVO,no,E,up-to-scale,"SE3, full",VECtor,robot_fast,robot_fast,MRE,deg/m,,failed,Mean rotation error column of ESVIO Table II (VECtor).
ESVIO,ESVIO,RAL,2023,II,EVO,no,E,up-to-scale,"SE3, full",VECtor,desk_normal,desk_normal,MRE,deg/m,,failed,Mean rotation error column of ESVIO Table II (VECtor).
ESVIO,ESVIO,RAL,2023,II,EVO,no,E,up-to-scale,"SE3, full",VECtor,desk_fast,desk_fast,MRE,deg/m,,failed,Mean rotation error column of ESVIO Table II (VECtor).
ESVIO,ESVIO,RAL,2023,II,EVO,no,E,up-to-scale,"SE3, full",VECtor,sofa_normal,sofa_normal,MRE,deg/m,,failed,Mean rotation error column of ESVIO Table II (VECtor).
ESVIO,ESVIO,RAL,2023,II,EVO,no,E,up-to-scale,"SE3, full",VECtor,sofa_fast,sofa_fast,MRE,deg/m,,failed,Mean rotation error column of ESVIO Table II (VECtor).
ESVIO,ESVIO,RAL,2023,II,EVO,no,E,up-to-scale,"SE3, full",VECtor,mountain_normal,mountain_normal,MRE,deg/m,,failed,Mean rotation error column of ESVIO Table II (VECtor).
ESVIO,ESVIO,RAL,2023,II,EVO,no,E,up-to-scale,"SE3, full",VECtor,mountain_fast,mountain_fast,MRE,deg/m,,failed,Mean rotation error column of ESVIO Table II (VECtor).
ESVIO,ESVIO,RAL,2023,II,EVO,no,E,up-to-scale,"SE3, full",VECtor,hdr_normal,hdr_normal,MRE,deg/m,,failed,Mean rotation error column of ESVIO Table II (VECtor).
ESVIO,ESVIO,RAL,2023,II,EVO,no,E,up-to-scale,"SE3, full",VECtor,hdr_fast,hdr_fast,MRE,deg/m,,failed,Mean rotation error column of ESVIO Table II (VECtor).
ESVIO,ESVIO,RAL,2023,II,EVO,no,E,up-to-scale,"SE3, full",VECtor,corridors_dolly,corridors_dolly,MRE,deg/m,,failed,Mean rotation error column of ESVIO Table II (VECtor).
ESVIO,ESVIO,RAL,2023,II,EVO,no,E,up-to-scale,"SE3, full",VECtor,corridors_walk,corridors_walk,MRE,deg/m,,failed,Mean rotation error column of ESVIO Table II (VECtor).
ESVIO,ESVIO,RAL,2023,II,EVO,no,E,up-to-scale,"SE3, full",VECtor,school_dolly,school_dolly,MRE,deg/m,,failed,Mean rotation error column of ESVIO Table II (VECtor).
ESVIO,ESVIO,RAL,2023,II,EVO,no,E,up-to-scale,"SE3, full",VECtor,school_scooter,school_scooter,MRE,deg/m,,failed,Mean rotation error column of ESVIO Table II (VECtor).
ESVIO,ESVIO,RAL,2023,II,EVO,no,E,up-to-scale,"SE3, full",VECtor,units_dolly,units_dolly,MRE,deg/m,,failed,Mean rotation error column of ESVIO Table II (VECtor).
ESVIO,ESVIO,RAL,2023,II,EVO,no,E,up-to-scale,"SE3, full",VECtor,units_scooter,units_scooter,MRE,deg/m,,failed,Mean rotation error column of ESVIO Table II (VECtor).
ESVIO,ESVIO,RAL,2023,II,ESVO,no,Stereo E,metric,"SE3, full",VECtor,corner_slow,corner_slow,MRE,deg/m,20.98,ok,Mean rotation error column of ESVIO Table II (VECtor).
ESVIO,ESVIO,RAL,2023,II,ESVO,no,Stereo E,metric,"SE3, full",VECtor,robot_normal,robot_normal,MRE,deg/m,,failed,Mean rotation error column of ESVIO Table II (VECtor).
ESVIO,ESVIO,RAL,2023,II,ESVO,no,Stereo E,metric,"SE3, full",VECtor,robot_fast,robot_fast,MRE,deg/m,,failed,Mean rotation error column of ESVIO Table II (VECtor).
ESVIO,ESVIO,RAL,2023,II,ESVO,no,Stereo E,metric,"SE3, full",VECtor,desk_normal,desk_normal,MRE,deg/m,,failed,Mean rotation error column of ESVIO Table II (VECtor).
ESVIO,ESVIO,RAL,2023,II,ESVO,no,Stereo E,metric,"SE3, full",VECtor,desk_fast,desk_fast,MRE,deg/m,,failed,Mean rotation error column of ESVIO Table II (VECtor).
ESVIO,ESVIO,RAL,2023,II,ESVO,no,Stereo E,metric,"SE3, full",VECtor,sofa_normal,sofa_normal,MRE,deg/m,0.6,ok,Mean rotation error column of ESVIO Table II (VECtor).
ESVIO,ESVIO,RAL,2023,II,ESVO,no,Stereo E,metric,"SE3, full",VECtor,sofa_fast,sofa_fast,MRE,deg/m,,failed,Mean rotation error column of ESVIO Table II (VECtor).
ESVIO,ESVIO,RAL,2023,II,ESVO,no,Stereo E,metric,"SE3, full",VECtor,mountain_normal,mountain_normal,MRE,deg/m,,failed,Mean rotation error column of ESVIO Table II (VECtor).
ESVIO,ESVIO,RAL,2023,II,ESVO,no,Stereo E,metric,"SE3, full",VECtor,mountain_fast,mountain_fast,MRE,deg/m,,failed,Mean rotation error column of ESVIO Table II (VECtor).
ESVIO,ESVIO,RAL,2023,II,ESVO,no,Stereo E,metric,"SE3, full",VECtor,hdr_normal,hdr_normal,MRE,deg/m,,failed,Mean rotation error column of ESVIO Table II (VECtor).
ESVIO,ESVIO,RAL,2023,II,ESVO,no,Stereo E,metric,"SE3, full",VECtor,hdr_fast,hdr_fast,MRE,deg/m,,failed,Mean rotation error column of ESVIO Table II (VECtor).
ESVIO,ESVIO,RAL,2023,II,ESVO,no,Stereo E,metric,"SE3, full",VECtor,corridors_dolly,corridors_dolly,MRE,deg/m,,failed,Mean rotation error column of ESVIO Table II (VECtor).
ESVIO,ESVIO,RAL,2023,II,ESVO,no,Stereo E,metric,"SE3, full",VECtor,corridors_walk,corridors_walk,MRE,deg/m,,failed,Mean rotation error column of ESVIO Table II (VECtor).
ESVIO,ESVIO,RAL,2023,II,ESVO,no,Stereo E,metric,"SE3, full",VECtor,school_dolly,school_dolly,MRE,deg/m,1.08,ok,Mean rotation error column of ESVIO Table II (VECtor).
ESVIO,ESVIO,RAL,2023,II,ESVO,no,Stereo E,metric,"SE3, full",VECtor,school_scooter,school_scooter,MRE,deg/m,0.63,ok,Mean rotation error column of ESVIO Table II (VECtor).
ESVIO,ESVIO,RAL,2023,II,ESVO,no,Stereo E,metric,"SE3, full",VECtor,units_dolly,units_dolly,MRE,deg/m,,failed,Mean rotation error column of ESVIO Table II (VECtor).
ESVIO,ESVIO,RAL,2023,II,ESVO,no,Stereo E,metric,"SE3, full",VECtor,units_scooter,units_scooter,MRE,deg/m,,failed,Mean rotation error column of ESVIO Table II (VECtor).
ESVIO,ESVIO,RAL,2023,II,Ultimate-SLAM,no,E+F+I,metric,"SE3, full",VECtor,corner_slow,corner_slow,MRE,deg/m,14.42,ok,Mean rotation error column of ESVIO Table II (VECtor).
ESVIO,ESVIO,RAL,2023,II,Ultimate-SLAM,no,E+F+I,metric,"SE3, full",VECtor,robot_normal,robot_normal,MRE,deg/m,1.11,ok,Mean rotation error column of ESVIO Table II (VECtor).
ESVIO,ESVIO,RAL,2023,II,Ultimate-SLAM,no,E+F+I,metric,"SE3, full",VECtor,robot_fast,robot_fast,MRE,deg/m,0.56,ok,Mean rotation error column of ESVIO Table II (VECtor).
ESVIO,ESVIO,RAL,2023,II,Ultimate-SLAM,no,E+F+I,metric,"SE3, full",VECtor,desk_normal,desk_normal,MRE,deg/m,0.56,ok,Mean rotation error column of ESVIO Table II (VECtor).
ESVIO,ESVIO,RAL,2023,II,Ultimate-SLAM,no,E+F+I,metric,"SE3, full",VECtor,desk_fast,desk_fast,MRE,deg/m,0.38,ok,Mean rotation error column of ESVIO Table II (VECtor).
ESVIO,ESVIO,RAL,2023,II,Ultimate-SLAM,no,E+F+I,metric,"SE3, full",VECtor,sofa_normal,sofa_normal,MRE,deg/m,0.39,ok,Mean rotation error column of ESVIO Table II (VECtor).
ESVIO,ESVIO,RAL,2023,II,Ultimate-SLAM,no,E+F+I,metric,"SE3, full",VECtor,sofa_fast,sofa_fast,MRE,deg/m,0.36,ok,Mean rotation error column of ESVIO Table II (VECtor).
ESVIO,ESVIO,RAL,2023,II,Ultimate-SLAM,no,E+F+I,metric,"SE3, full",VECtor,mountain_normal,mountain_normal,MRE,deg/m,1.06,ok,Mean rotation error column of ESVIO Table II (VECtor).
ESVIO,ESVIO,RAL,2023,II,Ultimate-SLAM,no,E+F+I,metric,"SE3, full",VECtor,mountain_fast,mountain_fast,MRE,deg/m,0.62,ok,Mean rotation error column of ESVIO Table II (VECtor).
ESVIO,ESVIO,RAL,2023,II,Ultimate-SLAM,no,E+F+I,metric,"SE3, full",VECtor,hdr_normal,hdr_normal,MRE,deg/m,1.65,ok,Mean rotation error column of ESVIO Table II (VECtor).
ESVIO,ESVIO,RAL,2023,II,Ultimate-SLAM,no,E+F+I,metric,"SE3, full",VECtor,hdr_fast,hdr_fast,MRE,deg/m,0.34,ok,Mean rotation error column of ESVIO Table II (VECtor).
ESVIO,ESVIO,RAL,2023,II,Ultimate-SLAM,no,E+F+I,metric,"SE3, full",VECtor,corridors_dolly,corridors_dolly,MRE,deg/m,,failed,Mean rotation error column of ESVIO Table II (VECtor).
ESVIO,ESVIO,RAL,2023,II,Ultimate-SLAM,no,E+F+I,metric,"SE3, full",VECtor,corridors_walk,corridors_walk,MRE,deg/m,,failed,Mean rotation error column of ESVIO Table II (VECtor).
ESVIO,ESVIO,RAL,2023,II,Ultimate-SLAM,no,E+F+I,metric,"SE3, full",VECtor,school_dolly,school_dolly,MRE,deg/m,,failed,Mean rotation error column of ESVIO Table II (VECtor).
ESVIO,ESVIO,RAL,2023,II,Ultimate-SLAM,no,E+F+I,metric,"SE3, full",VECtor,school_scooter,school_scooter,MRE,deg/m,0.61,ok,Mean rotation error column of ESVIO Table II (VECtor).
ESVIO,ESVIO,RAL,2023,II,Ultimate-SLAM,no,E+F+I,metric,"SE3, full",VECtor,units_dolly,units_dolly,MRE,deg/m,,failed,Mean rotation error column of ESVIO Table II (VECtor).
ESVIO,ESVIO,RAL,2023,II,Ultimate-SLAM,no,E+F+I,metric,"SE3, full",VECtor,units_scooter,units_scooter,MRE,deg/m,,failed,Mean rotation error column of ESVIO Table II (VECtor).
ESVIO,ESVIO,RAL,2023,II,PL-EVIO,no,E+F+I,metric,"SE3, full",VECtor,corner_slow,corner_slow,MRE,deg/m,14.21,ok,Mean rotation error column of ESVIO Table II (VECtor).
ESVIO,ESVIO,RAL,2023,II,PL-EVIO,no,E+F+I,metric,"SE3, full",VECtor,robot_normal,robot_normal,MRE,deg/m,1.25,ok,Mean rotation error column of ESVIO Table II (VECtor).
ESVIO,ESVIO,RAL,2023,II,PL-EVIO,no,E+F+I,metric,"SE3, full",VECtor,robot_fast,robot_fast,MRE,deg/m,0.74,ok,Mean rotation error column of ESVIO Table II (VECtor).
ESVIO,ESVIO,RAL,2023,II,PL-EVIO,no,E+F+I,metric,"SE3, full",VECtor,desk_normal,desk_normal,MRE,deg/m,0.45,ok,Mean rotation error column of ESVIO Table II (VECtor).
ESVIO,ESVIO,RAL,2023,II,PL-EVIO,no,E+F+I,metric,"SE3, full",VECtor,desk_fast,desk_fast,MRE,deg/m,0.48,ok,Mean rotation error column of ESVIO Table II (VECtor).
ESVIO,ESVIO,RAL,2023,II,PL-EVIO,no,E+F+I,metric,"SE3, full",VECtor,sofa_normal,sofa_normal,MRE,deg/m,0.46,ok,Mean rotation error column of ESVIO Table II (VECtor).
ESVIO,ESVIO,RAL,2023,II,PL-EVIO,no,E+F+I,metric,"SE3, full",VECtor,sofa_fast,sofa_fast,MRE,deg/m,0.47,ok,Mean rotation error column of ESVIO Table II (VECtor).
ESVIO,ESVIO,RAL,2023,II,PL-EVIO,no,E+F+I,metric,"SE3, full",VECtor,mountain_normal,mountain_normal,MRE,deg/m,0.76,ok,Mean rotation error column of ESVIO Table II (VECtor).
ESVIO,ESVIO,RAL,2023,II,PL-EVIO,no,E+F+I,metric,"SE3, full",VECtor,mountain_fast,mountain_fast,MRE,deg/m,0.56,ok,Mean rotation error column of ESVIO Table II (VECtor).
ESVIO,ESVIO,RAL,2023,II,PL-EVIO,no,E+F+I,metric,"SE3, full",VECtor,hdr_normal,hdr_normal,MRE,deg/m,1.52,ok,Mean rotation error column of ESVIO Table II (VECtor).
ESVIO,ESVIO,RAL,2023,II,PL-EVIO,no,E+F+I,metric,"SE3, full",VECtor,hdr_fast,hdr_fast,MRE,deg/m,0.5,ok,Mean rotation error column of ESVIO Table II (VECtor).
ESVIO,ESVIO,RAL,2023,II,PL-EVIO,no,E+F+I,metric,"SE3, full",VECtor,corridors_dolly,corridors_dolly,MRE,deg/m,1.37,ok,Mean rotation error column of ESVIO Table II (VECtor).
ESVIO,ESVIO,RAL,2023,II,PL-EVIO,no,E+F+I,metric,"SE3, full",VECtor,corridors_walk,corridors_walk,MRE,deg/m,1.31,ok,Mean rotation error column of ESVIO Table II (VECtor).
ESVIO,ESVIO,RAL,2023,II,PL-EVIO,no,E+F+I,metric,"SE3, full",VECtor,school_dolly,school_dolly,MRE,deg/m,0.97,ok,Mean rotation error column of ESVIO Table II (VECtor).
ESVIO,ESVIO,RAL,2023,II,PL-EVIO,no,E+F+I,metric,"SE3, full",VECtor,school_scooter,school_scooter,MRE,deg/m,0.54,ok,Mean rotation error column of ESVIO Table II (VECtor).
ESVIO,ESVIO,RAL,2023,II,PL-EVIO,no,E+F+I,metric,"SE3, full",VECtor,units_dolly,units_dolly,MRE,deg/m,0.44,ok,Mean rotation error column of ESVIO Table II (VECtor).
ESVIO,ESVIO,RAL,2023,II,PL-EVIO,no,E+F+I,metric,"SE3, full",VECtor,units_scooter,units_scooter,MRE,deg/m,0.42,ok,Mean rotation error column of ESVIO Table II (VECtor).
ESVIO,ESVIO,RAL,2023,II,ESVIO,yes,Stereo E+F+I,metric,"SE3, full",VECtor,corner_slow,corner_slow,MRE,deg/m,14.03,ok,Mean rotation error column of ESVIO Table II (VECtor).
ESVIO,ESVIO,RAL,2023,II,ESVIO,yes,Stereo E+F+I,metric,"SE3, full",VECtor,robot_normal,robot_normal,MRE,deg/m,1.17,ok,Mean rotation error column of ESVIO Table II (VECtor).
ESVIO,ESVIO,RAL,2023,II,ESVIO,yes,Stereo E+F+I,metric,"SE3, full",VECtor,robot_fast,robot_fast,MRE,deg/m,0.56,ok,Mean rotation error column of ESVIO Table II (VECtor).
ESVIO,ESVIO,RAL,2023,II,ESVIO,yes,Stereo E+F+I,metric,"SE3, full",VECtor,desk_normal,desk_normal,MRE,deg/m,0.38,ok,Mean rotation error column of ESVIO Table II (VECtor).
ESVIO,ESVIO,RAL,2023,II,ESVIO,yes,Stereo E+F+I,metric,"SE3, full",VECtor,desk_fast,desk_fast,MRE,deg/m,0.32,ok,Mean rotation error column of ESVIO Table II (VECtor).
ESVIO,ESVIO,RAL,2023,II,ESVIO,yes,Stereo E+F+I,metric,"SE3, full",VECtor,sofa_normal,sofa_normal,MRE,deg/m,0.4,ok,Mean rotation error column of ESVIO Table II (VECtor).
ESVIO,ESVIO,RAL,2023,II,ESVIO,yes,Stereo E+F+I,metric,"SE3, full",VECtor,sofa_fast,sofa_fast,MRE,deg/m,0.35,ok,Mean rotation error column of ESVIO Table II (VECtor).
ESVIO,ESVIO,RAL,2023,II,ESVIO,yes,Stereo E+F+I,metric,"SE3, full",VECtor,mountain_normal,mountain_normal,MRE,deg/m,0.77,ok,Mean rotation error column of ESVIO Table II (VECtor).
ESVIO,ESVIO,RAL,2023,II,ESVIO,yes,Stereo E+F+I,metric,"SE3, full",VECtor,mountain_fast,mountain_fast,MRE,deg/m,0.45,ok,Mean rotation error column of ESVIO Table II (VECtor).
ESVIO,ESVIO,RAL,2023,II,ESVIO,yes,Stereo E+F+I,metric,"SE3, full",VECtor,hdr_normal,hdr_normal,MRE,deg/m,1.06,ok,Mean rotation error column of ESVIO Table II (VECtor).
ESVIO,ESVIO,RAL,2023,II,ESVIO,yes,Stereo E+F+I,metric,"SE3, full",VECtor,hdr_fast,hdr_fast,MRE,deg/m,0.33,ok,Mean rotation error column of ESVIO Table II (VECtor).
ESVIO,ESVIO,RAL,2023,II,ESVIO,yes,Stereo E+F+I,metric,"SE3, full",VECtor,corridors_dolly,corridors_dolly,MRE,deg/m,1.33,ok,Mean rotation error column of ESVIO Table II (VECtor).
ESVIO,ESVIO,RAL,2023,II,ESVIO,yes,Stereo E+F+I,metric,"SE3, full",VECtor,corridors_walk,corridors_walk,MRE,deg/m,1.32,ok,Mean rotation error column of ESVIO Table II (VECtor).
ESVIO,ESVIO,RAL,2023,II,ESVIO,yes,Stereo E+F+I,metric,"SE3, full",VECtor,school_dolly,school_dolly,MRE,deg/m,0.73,ok,Mean rotation error column of ESVIO Table II (VECtor).
ESVIO,ESVIO,RAL,2023,II,ESVIO,yes,Stereo E+F+I,metric,"SE3, full",VECtor,school_scooter,school_scooter,MRE,deg/m,0.56,ok,Mean rotation error column of ESVIO Table II (VECtor).
ESVIO,ESVIO,RAL,2023,II,ESVIO,yes,Stereo E+F+I,metric,"SE3, full",VECtor,units_dolly,units_dolly,MRE,deg/m,0.022,ok,Mean rotation error column of ESVIO Table II (VECtor).
ESVIO,ESVIO,RAL,2023,II,ESVIO,yes,Stereo E+F+I,metric,"SE3, full",VECtor,units_scooter,units_scooter,MRE,deg/m,0.39,ok,Mean rotation error column of ESVIO Table II (VECtor).
ESVIO,ESVIO,RAL,2023,II,ORB-SLAM3,no,Stereo F+I,metric,"SE3, full",MVSEC,Indoor Flying 1,indoor_flying1,MPE,%,5.31,ok,MVSEC indoor_flying block of ESVIO Table II.
ESVIO,ESVIO,RAL,2023,II,ORB-SLAM3,no,Stereo F+I,metric,"SE3, full",MVSEC,Indoor Flying 2,indoor_flying2,MPE,%,5.65,ok,MVSEC indoor_flying block of ESVIO Table II.
ESVIO,ESVIO,RAL,2023,II,ORB-SLAM3,no,Stereo F+I,metric,"SE3, full",MVSEC,Indoor Flying 3,indoor_flying3,MPE,%,2.9,ok,MVSEC indoor_flying block of ESVIO Table II.
ESVIO,ESVIO,RAL,2023,II,ORB-SLAM3,no,Stereo F+I,metric,"SE3, full",MVSEC,Indoor Flying 4,indoor_flying4,MPE,%,6.99,ok,MVSEC indoor_flying block of ESVIO Table II.
ESVIO,ESVIO,RAL,2023,II,VINS-Fusion,no,Stereo F+I,metric,"SE3, full",MVSEC,Indoor Flying 1,indoor_flying1,MPE,%,1.5,ok,MVSEC indoor_flying block of ESVIO Table II.
ESVIO,ESVIO,RAL,2023,II,VINS-Fusion,no,Stereo F+I,metric,"SE3, full",MVSEC,Indoor Flying 2,indoor_flying2,MPE,%,6.98,ok,MVSEC indoor_flying block of ESVIO Table II.
ESVIO,ESVIO,RAL,2023,II,VINS-Fusion,no,Stereo F+I,metric,"SE3, full",MVSEC,Indoor Flying 3,indoor_flying3,MPE,%,0.73,ok,MVSEC indoor_flying block of ESVIO Table II.
ESVIO,ESVIO,RAL,2023,II,VINS-Fusion,no,Stereo F+I,metric,"SE3, full",MVSEC,Indoor Flying 4,indoor_flying4,MPE,%,3.62,ok,MVSEC indoor_flying block of ESVIO Table II.
ESVIO,ESVIO,RAL,2023,II,EVO,no,E,up-to-scale,"SE3, full",MVSEC,Indoor Flying 1,indoor_flying1,MPE,%,5.09,ok,MVSEC indoor_flying block of ESVIO Table II.
ESVIO,ESVIO,RAL,2023,II,EVO,no,E,up-to-scale,"SE3, full",MVSEC,Indoor Flying 2,indoor_flying2,MPE,%,,failed,MVSEC indoor_flying block of ESVIO Table II.
ESVIO,ESVIO,RAL,2023,II,EVO,no,E,up-to-scale,"SE3, full",MVSEC,Indoor Flying 3,indoor_flying3,MPE,%,2.58,ok,MVSEC indoor_flying block of ESVIO Table II.
ESVIO,ESVIO,RAL,2023,II,EVO,no,E,up-to-scale,"SE3, full",MVSEC,Indoor Flying 4,indoor_flying4,MPE,%,,failed,MVSEC indoor_flying block of ESVIO Table II.
ESVIO,ESVIO,RAL,2023,II,ESVO,no,Stereo E,metric,"SE3, full",MVSEC,Indoor Flying 1,indoor_flying1,MPE,%,4.0,ok,MVSEC indoor_flying block of ESVIO Table II.
ESVIO,ESVIO,RAL,2023,II,ESVO,no,Stereo E,metric,"SE3, full",MVSEC,Indoor Flying 2,indoor_flying2,MPE,%,3.66,ok,MVSEC indoor_flying block of ESVIO Table II.
ESVIO,ESVIO,RAL,2023,II,ESVO,no,Stereo E,metric,"SE3, full",MVSEC,Indoor Flying 3,indoor_flying3,MPE,%,1.71,ok,MVSEC indoor_flying block of ESVIO Table II.
ESVIO,ESVIO,RAL,2023,II,ESVO,no,Stereo E,metric,"SE3, full",MVSEC,Indoor Flying 4,indoor_flying4,MPE,%,,failed,MVSEC indoor_flying block of ESVIO Table II.
ESVIO,ESVIO,RAL,2023,II,Ultimate-SLAM,no,E+F+I,metric,"SE3, full",MVSEC,Indoor Flying 1,indoor_flying1,MPE,%,,failed,MVSEC indoor_flying block of ESVIO Table II.
ESVIO,ESVIO,RAL,2023,II,Ultimate-SLAM,no,E+F+I,metric,"SE3, full",MVSEC,Indoor Flying 2,indoor_flying2,MPE,%,,failed,MVSEC indoor_flying block of ESVIO Table II.
ESVIO,ESVIO,RAL,2023,II,Ultimate-SLAM,no,E+F+I,metric,"SE3, full",MVSEC,Indoor Flying 3,indoor_flying3,MPE,%,,failed,MVSEC indoor_flying block of ESVIO Table II.
ESVIO,ESVIO,RAL,2023,II,Ultimate-SLAM,no,E+F+I,metric,"SE3, full",MVSEC,Indoor Flying 4,indoor_flying4,MPE,%,2.77,ok,MVSEC indoor_flying block of ESVIO Table II.
ESVIO,ESVIO,RAL,2023,II,PL-EVIO,no,E+F+I,metric,"SE3, full",MVSEC,Indoor Flying 1,indoor_flying1,MPE,%,1.35,ok,MVSEC indoor_flying block of ESVIO Table II.
ESVIO,ESVIO,RAL,2023,II,PL-EVIO,no,E+F+I,metric,"SE3, full",MVSEC,Indoor Flying 2,indoor_flying2,MPE,%,1.0,ok,MVSEC indoor_flying block of ESVIO Table II.
ESVIO,ESVIO,RAL,2023,II,PL-EVIO,no,E+F+I,metric,"SE3, full",MVSEC,Indoor Flying 3,indoor_flying3,MPE,%,0.64,ok,MVSEC indoor_flying block of ESVIO Table II.
ESVIO,ESVIO,RAL,2023,II,PL-EVIO,no,E+F+I,metric,"SE3, full",MVSEC,Indoor Flying 4,indoor_flying4,MPE,%,5.31,ok,MVSEC indoor_flying block of ESVIO Table II.
ESVIO,ESVIO,RAL,2023,II,ESVIO,yes,Stereo E+F+I,metric,"SE3, full",MVSEC,Indoor Flying 1,indoor_flying1,MPE,%,0.94,ok,MVSEC indoor_flying block of ESVIO Table II.
ESVIO,ESVIO,RAL,2023,II,ESVIO,yes,Stereo E+F+I,metric,"SE3, full",MVSEC,Indoor Flying 2,indoor_flying2,MPE,%,1.0,ok,MVSEC indoor_flying block of ESVIO Table II.
ESVIO,ESVIO,RAL,2023,II,ESVIO,yes,Stereo E+F+I,metric,"SE3, full",MVSEC,Indoor Flying 3,indoor_flying3,MPE,%,0.47,ok,MVSEC indoor_flying block of ESVIO Table II.
ESVIO,ESVIO,RAL,2023,II,ESVIO,yes,Stereo E+F+I,metric,"SE3, full",MVSEC,Indoor Flying 4,indoor_flying4,MPE,%,5.55,ok,MVSEC indoor_flying block of ESVIO Table II.
ESVIO,ESVIO,RAL,2023,II,ORB-SLAM3,no,Stereo F+I,metric,"SE3, full",MVSEC,Indoor Flying 1,indoor_flying1,MRE,deg/m,0.37,ok,MVSEC MRE block of ESVIO Table II.
ESVIO,ESVIO,RAL,2023,II,ORB-SLAM3,no,Stereo F+I,metric,"SE3, full",MVSEC,Indoor Flying 2,indoor_flying2,MRE,deg/m,0.41,ok,MVSEC MRE block of ESVIO Table II.
ESVIO,ESVIO,RAL,2023,II,ORB-SLAM3,no,Stereo F+I,metric,"SE3, full",MVSEC,Indoor Flying 3,indoor_flying3,MRE,deg/m,0.3,ok,MVSEC MRE block of ESVIO Table II.
ESVIO,ESVIO,RAL,2023,II,ORB-SLAM3,no,Stereo F+I,metric,"SE3, full",MVSEC,Indoor Flying 4,indoor_flying4,MRE,deg/m,0.79,ok,MVSEC MRE block of ESVIO Table II.
ESVIO,ESVIO,RAL,2023,II,VINS-Fusion,no,Stereo F+I,metric,"SE3, full",MVSEC,Indoor Flying 1,indoor_flying1,MRE,deg/m,0.13,ok,MVSEC MRE block of ESVIO Table II.
ESVIO,ESVIO,RAL,2023,II,VINS-Fusion,no,Stereo F+I,metric,"SE3, full",MVSEC,Indoor Flying 2,indoor_flying2,MRE,deg/m,0.15,ok,MVSEC MRE block of ESVIO Table II.
ESVIO,ESVIO,RAL,2023,II,VINS-Fusion,no,Stereo F+I,metric,"SE3, full",MVSEC,Indoor Flying 3,indoor_flying3,MRE,deg/m,0.048,ok,MVSEC MRE block of ESVIO Table II.
ESVIO,ESVIO,RAL,2023,II,VINS-Fusion,no,Stereo F+I,metric,"SE3, full",MVSEC,Indoor Flying 4,indoor_flying4,MRE,deg/m,0.39,ok,MVSEC MRE block of ESVIO Table II.
ESVIO,ESVIO,RAL,2023,II,EVO,no,E,up-to-scale,"SE3, full",MVSEC,Indoor Flying 1,indoor_flying1,MRE,deg/m,0.92,ok,MVSEC MRE block of ESVIO Table II.
ESVIO,ESVIO,RAL,2023,II,EVO,no,E,up-to-scale,"SE3, full",MVSEC,Indoor Flying 2,indoor_flying2,MRE,deg/m,,failed,MVSEC MRE block of ESVIO Table II.
ESVIO,ESVIO,RAL,2023,II,EVO,no,E,up-to-scale,"SE3, full",MVSEC,Indoor Flying 3,indoor_flying3,MRE,deg/m,1.25,ok,MVSEC MRE block of ESVIO Table II.
ESVIO,ESVIO,RAL,2023,II,EVO,no,E,up-to-scale,"SE3, full",MVSEC,Indoor Flying 4,indoor_flying4,MRE,deg/m,,failed,MVSEC MRE block of ESVIO Table II.
ESVIO,ESVIO,RAL,2023,II,ESVO,no,Stereo E,metric,"SE3, full",MVSEC,Indoor Flying 1,indoor_flying1,MRE,deg/m,0.5,ok,MVSEC MRE block of ESVIO Table II.
ESVIO,ESVIO,RAL,2023,II,ESVO,no,Stereo E,metric,"SE3, full",MVSEC,Indoor Flying 2,indoor_flying2,MRE,deg/m,0.43,ok,MVSEC MRE block of ESVIO Table II.
ESVIO,ESVIO,RAL,2023,II,ESVO,no,Stereo E,metric,"SE3, full",MVSEC,Indoor Flying 3,indoor_flying3,MRE,deg/m,0.18,ok,MVSEC MRE block of ESVIO Table II.
ESVIO,ESVIO,RAL,2023,II,ESVO,no,Stereo E,metric,"SE3, full",MVSEC,Indoor Flying 4,indoor_flying4,MRE,deg/m,,failed,MVSEC MRE block of ESVIO Table II.
ESVIO,ESVIO,RAL,2023,II,Ultimate-SLAM,no,E+F+I,metric,"SE3, full",MVSEC,Indoor Flying 1,indoor_flying1,MRE,deg/m,,failed,MVSEC MRE block of ESVIO Table II.
ESVIO,ESVIO,RAL,2023,II,Ultimate-SLAM,no,E+F+I,metric,"SE3, full",MVSEC,Indoor Flying 2,indoor_flying2,MRE,deg/m,,failed,MVSEC MRE block of ESVIO Table II.
ESVIO,ESVIO,RAL,2023,II,Ultimate-SLAM,no,E+F+I,metric,"SE3, full",MVSEC,Indoor Flying 3,indoor_flying3,MRE,deg/m,,failed,MVSEC MRE block of ESVIO Table II.
ESVIO,ESVIO,RAL,2023,II,Ultimate-SLAM,no,E+F+I,metric,"SE3, full",MVSEC,Indoor Flying 4,indoor_flying4,MRE,deg/m,0.14,ok,MVSEC MRE block of ESVIO Table II.
ESVIO,ESVIO,RAL,2023,II,PL-EVIO,no,E+F+I,metric,"SE3, full",MVSEC,Indoor Flying 1,indoor_flying1,MRE,deg/m,0.11,ok,MVSEC MRE block of ESVIO Table II.
ESVIO,ESVIO,RAL,2023,II,PL-EVIO,no,E+F+I,metric,"SE3, full",MVSEC,Indoor Flying 2,indoor_flying2,MRE,deg/m,0.16,ok,MVSEC MRE block of ESVIO Table II.
ESVIO,ESVIO,RAL,2023,II,PL-EVIO,no,E+F+I,metric,"SE3, full",MVSEC,Indoor Flying 3,indoor_flying3,MRE,deg/m,0.065,ok,MVSEC MRE block of ESVIO Table II.
ESVIO,ESVIO,RAL,2023,II,PL-EVIO,no,E+F+I,metric,"SE3, full",MVSEC,Indoor Flying 4,indoor_flying4,MRE,deg/m,0.23,ok,MVSEC MRE block of ESVIO Table II.
ESVIO,ESVIO,RAL,2023,II,ESVIO,yes,Stereo E+F+I,metric,"SE3, full",MVSEC,Indoor Flying 1,indoor_flying1,MRE,deg/m,0.14,ok,MVSEC MRE block of ESVIO Table II.
ESVIO,ESVIO,RAL,2023,II,ESVIO,yes,Stereo E+F+I,metric,"SE3, full",MVSEC,Indoor Flying 2,indoor_flying2,MRE,deg/m,0.11,ok,MVSEC MRE block of ESVIO Table II.
ESVIO,ESVIO,RAL,2023,II,ESVIO,yes,Stereo E+F+I,metric,"SE3, full",MVSEC,Indoor Flying 3,indoor_flying3,MRE,deg/m,0.043,ok,MVSEC MRE block of ESVIO Table II.
ESVIO,ESVIO,RAL,2023,II,ESVIO,yes,Stereo E+F+I,metric,"SE3, full",MVSEC,Indoor Flying 4,indoor_flying4,MRE,deg/m,0.21,ok,MVSEC MRE block of ESVIO Table II.
ESVO2,ESVO2,arXiv/TRO,2024,VI,ESVO,no,Stereo E,metric,"SE3 (stereo, metric)",RPG,rpg_box,rpg_box,ATE,cm,5.8,ok,ESVO2 Table VI/VII; '-'=not reported by that method's paper. ESVO2 = direct stereo event + IMU.
ESVO2,ESVO2,arXiv/TRO,2024,VI,ESVO,no,Stereo E,metric,"SE3 (stereo, metric)",RPG,rpg_monitor,rpg_monitor,ATE,cm,3.3,ok,ESVO2 Table VI/VII; '-'=not reported by that method's paper. ESVO2 = direct stereo event + IMU.
ESVO2,ESVO2,arXiv/TRO,2024,VI,ESVO,no,Stereo E,metric,"SE3 (stereo, metric)",RPG,rpg_bin,rpg_bin,ATE,cm,2.8,ok,ESVO2 Table VI/VII; '-'=not reported by that method's paper. ESVO2 = direct stereo event + IMU.
ESVO2,ESVO2,arXiv/TRO,2024,VI,ESVO,no,Stereo E,metric,"SE3 (stereo, metric)",RPG,rpg_desk,rpg_desk,ATE,cm,3.2,ok,ESVO2 Table VI/VII; '-'=not reported by that method's paper. ESVO2 = direct stereo event + IMU.
ESVO2,ESVO2,arXiv/TRO,2024,VI,ESVO,no,Stereo E,metric,"SE3 (stereo, metric)",RPG,rpg_reader,rpg_reader,ATE,cm,6.6,ok,ESVO2 Table VI/VII; '-'=not reported by that method's paper. ESVO2 = direct stereo event + IMU.
ESVO2,ESVO2,arXiv/TRO,2024,VI,ES-PTAM,no,Stereo E,metric,"SE3 (stereo, metric)",RPG,rpg_box,rpg_box,ATE,cm,4.06,ok,ESVO2 Table VI/VII; '-'=not reported by that method's paper. ESVO2 = direct stereo event + IMU.
ESVO2,ESVO2,arXiv/TRO,2024,VI,ES-PTAM,no,Stereo E,metric,"SE3 (stereo, metric)",RPG,rpg_monitor,rpg_monitor,ATE,cm,2.34,ok,ESVO2 Table VI/VII; '-'=not reported by that method's paper. ESVO2 = direct stereo event + IMU.
ESVO2,ESVO2,arXiv/TRO,2024,VI,ES-PTAM,no,Stereo E,metric,"SE3 (stereo, metric)",RPG,rpg_bin,rpg_bin,ATE,cm,2.57,ok,ESVO2 Table VI/VII; '-'=not reported by that method's paper. ESVO2 = direct stereo event + IMU.
ESVO2,ESVO2,arXiv/TRO,2024,VI,ES-PTAM,no,Stereo E,metric,"SE3 (stereo, metric)",RPG,rpg_desk,rpg_desk,ATE,cm,2.84,ok,ESVO2 Table VI/VII; '-'=not reported by that method's paper. ESVO2 = direct stereo event + IMU.
ESVO2,ESVO2,arXiv/TRO,2024,VI,ES-PTAM,no,Stereo E,metric,"SE3 (stereo, metric)",RPG,rpg_reader,rpg_reader,ATE,cm,,n/a,ESVO2 Table VI/VII; '-'=not reported by that method's paper. ESVO2 = direct stereo event + IMU.
ESVO2,ESVO2,arXiv/TRO,2024,VI,ESIO,no,Stereo E+I,metric,"SE3 (stereo, metric)",RPG,rpg_box,rpg_box,ATE,cm,11.38,ok,ESVO2 Table VI/VII; '-'=not reported by that method's paper. ESVO2 = direct stereo event + IMU.
ESVO2,ESVO2,arXiv/TRO,2024,VI,ESIO,no,Stereo E+I,metric,"SE3 (stereo, metric)",RPG,rpg_monitor,rpg_monitor,ATE,cm,7.87,ok,ESVO2 Table VI/VII; '-'=not reported by that method's paper. ESVO2 = direct stereo event + IMU.
ESVO2,ESVO2,arXiv/TRO,2024,VI,ESIO,no,Stereo E+I,metric,"SE3 (stereo, metric)",RPG,rpg_bin,rpg_bin,ATE,cm,7.08,ok,ESVO2 Table VI/VII; '-'=not reported by that method's paper. ESVO2 = direct stereo event + IMU.
ESVO2,ESVO2,arXiv/TRO,2024,VI,ESIO,no,Stereo E+I,metric,"SE3 (stereo, metric)",RPG,rpg_desk,rpg_desk,ATE,cm,3.16,ok,ESVO2 Table VI/VII; '-'=not reported by that method's paper. ESVO2 = direct stereo event + IMU.
ESVO2,ESVO2,arXiv/TRO,2024,VI,ESIO,no,Stereo E+I,metric,"SE3 (stereo, metric)",RPG,rpg_reader,rpg_reader,ATE,cm,,failed,ESVO2 Table VI/VII; '-'=not reported by that method's paper. ESVO2 = direct stereo event + IMU.
ESVO2,ESVO2,arXiv/TRO,2024,VI,ESVIO,no,Stereo E+F+I,metric,"SE3 (stereo, metric)",RPG,rpg_box,rpg_box,ATE,cm,4.41,ok,ESVO2 Table VI/VII; '-'=not reported by that method's paper. ESVO2 = direct stereo event + IMU.
ESVO2,ESVO2,arXiv/TRO,2024,VI,ESVIO,no,Stereo E+F+I,metric,"SE3 (stereo, metric)",RPG,rpg_monitor,rpg_monitor,ATE,cm,3.48,ok,ESVO2 Table VI/VII; '-'=not reported by that method's paper. ESVO2 = direct stereo event + IMU.
ESVO2,ESVO2,arXiv/TRO,2024,VI,ESVIO,no,Stereo E+F+I,metric,"SE3 (stereo, metric)",RPG,rpg_bin,rpg_bin,ATE,cm,2.28,ok,ESVO2 Table VI/VII; '-'=not reported by that method's paper. ESVO2 = direct stereo event + IMU.
ESVO2,ESVO2,arXiv/TRO,2024,VI,ESVIO,no,Stereo E+F+I,metric,"SE3 (stereo, metric)",RPG,rpg_desk,rpg_desk,ATE,cm,2.03,ok,ESVO2 Table VI/VII; '-'=not reported by that method's paper. ESVO2 = direct stereo event + IMU.
ESVO2,ESVO2,arXiv/TRO,2024,VI,ESVIO,no,Stereo E+F+I,metric,"SE3 (stereo, metric)",RPG,rpg_reader,rpg_reader,ATE,cm,,n/a,ESVO2 Table VI/VII; '-'=not reported by that method's paper. ESVO2 = direct stereo event + IMU.
ESVO2,ESVO2,arXiv/TRO,2024,VI,ICRA'24 (ESVIO-AA),no,Stereo E+I,metric,"SE3 (stereo, metric)",RPG,rpg_box,rpg_box,ATE,cm,6.67,ok,ESVO2 Table VI/VII; '-'=not reported by that method's paper. ESVO2 = direct stereo event + IMU.
ESVO2,ESVO2,arXiv/TRO,2024,VI,ICRA'24 (ESVIO-AA),no,Stereo E+I,metric,"SE3 (stereo, metric)",RPG,rpg_monitor,rpg_monitor,ATE,cm,2.8,ok,ESVO2 Table VI/VII; '-'=not reported by that method's paper. ESVO2 = direct stereo event + IMU.
ESVO2,ESVO2,arXiv/TRO,2024,VI,ICRA'24 (ESVIO-AA),no,Stereo E+I,metric,"SE3 (stereo, metric)",RPG,rpg_bin,rpg_bin,ATE,cm,5.9,ok,ESVO2 Table VI/VII; '-'=not reported by that method's paper. ESVO2 = direct stereo event + IMU.
ESVO2,ESVO2,arXiv/TRO,2024,VI,ICRA'24 (ESVIO-AA),no,Stereo E+I,metric,"SE3 (stereo, metric)",RPG,rpg_desk,rpg_desk,ATE,cm,5.33,ok,ESVO2 Table VI/VII; '-'=not reported by that method's paper. ESVO2 = direct stereo event + IMU.
ESVO2,ESVO2,arXiv/TRO,2024,VI,ICRA'24 (ESVIO-AA),no,Stereo E+I,metric,"SE3 (stereo, metric)",RPG,rpg_reader,rpg_reader,ATE,cm,3.88,ok,ESVO2 Table VI/VII; '-'=not reported by that method's paper. ESVO2 = direct stereo event + IMU.
ESVO2,ESVO2,arXiv/TRO,2024,VI,ESVO2,yes,Stereo E+I,metric,"SE3 (stereo, metric)",RPG,rpg_box,rpg_box,ATE,cm,4.31,ok,ESVO2 Table VI/VII; '-'=not reported by that method's paper. ESVO2 = direct stereo event + IMU.
ESVO2,ESVO2,arXiv/TRO,2024,VI,ESVO2,yes,Stereo E+I,metric,"SE3 (stereo, metric)",RPG,rpg_monitor,rpg_monitor,ATE,cm,2.31,ok,ESVO2 Table VI/VII; '-'=not reported by that method's paper. ESVO2 = direct stereo event + IMU.
ESVO2,ESVO2,arXiv/TRO,2024,VI,ESVO2,yes,Stereo E+I,metric,"SE3 (stereo, metric)",RPG,rpg_bin,rpg_bin,ATE,cm,2.27,ok,ESVO2 Table VI/VII; '-'=not reported by that method's paper. ESVO2 = direct stereo event + IMU.
ESVO2,ESVO2,arXiv/TRO,2024,VI,ESVO2,yes,Stereo E+I,metric,"SE3 (stereo, metric)",RPG,rpg_desk,rpg_desk,ATE,cm,1.57,ok,ESVO2 Table VI/VII; '-'=not reported by that method's paper. ESVO2 = direct stereo event + IMU.
ESVO2,ESVO2,arXiv/TRO,2024,VI,ESVO2,yes,Stereo E+I,metric,"SE3 (stereo, metric)",RPG,rpg_reader,rpg_reader,ATE,cm,2.68,ok,ESVO2 Table VI/VII; '-'=not reported by that method's paper. ESVO2 = direct stereo event + IMU.
ESVO2,ESVO2,arXiv/TRO,2024,VI,ESVO,no,Stereo E,metric,"SE3 (stereo, metric)",MVSEC,indoor 1,indoor_flying1,ATE,cm,16.59,ok,ESVO2 Table VI/VII; '-'=not reported by that method's paper. ESVO2 = direct stereo event + IMU.
ESVO2,ESVO2,arXiv/TRO,2024,VI,ESVO,no,Stereo E,metric,"SE3 (stereo, metric)",MVSEC,indoor 2,indoor_flying2,ATE,cm,14.94,ok,ESVO2 Table VI/VII; '-'=not reported by that method's paper. ESVO2 = direct stereo event + IMU.
ESVO2,ESVO2,arXiv/TRO,2024,VI,ESVO,no,Stereo E,metric,"SE3 (stereo, metric)",MVSEC,indoor 3,indoor_flying3,ATE,cm,10.03,ok,ESVO2 Table VI/VII; '-'=not reported by that method's paper. ESVO2 = direct stereo event + IMU.
ESVO2,ESVO2,arXiv/TRO,2024,VI,ESVO,no,Stereo E,metric,"SE3 (stereo, metric)",MVSEC,indoor 4,indoor_flying4,ATE,cm,,failed,ESVO2 Table VI/VII; '-'=not reported by that method's paper. ESVO2 = direct stereo event + IMU.
ESVO2,ESVO2,arXiv/TRO,2024,VI,ES-PTAM,no,Stereo E,metric,"SE3 (stereo, metric)",MVSEC,indoor 1,indoor_flying1,ATE,cm,15.02,ok,ESVO2 Table VI/VII; '-'=not reported by that method's paper. ESVO2 = direct stereo event + IMU.
ESVO2,ESVO2,arXiv/TRO,2024,VI,ES-PTAM,no,Stereo E,metric,"SE3 (stereo, metric)",MVSEC,indoor 2,indoor_flying2,ATE,cm,,n/a,ESVO2 Table VI/VII; '-'=not reported by that method's paper. ESVO2 = direct stereo event + IMU.
ESVO2,ESVO2,arXiv/TRO,2024,VI,ES-PTAM,no,Stereo E,metric,"SE3 (stereo, metric)",MVSEC,indoor 3,indoor_flying3,ATE,cm,,n/a,ESVO2 Table VI/VII; '-'=not reported by that method's paper. ESVO2 = direct stereo event + IMU.
ESVO2,ESVO2,arXiv/TRO,2024,VI,ES-PTAM,no,Stereo E,metric,"SE3 (stereo, metric)",MVSEC,indoor 4,indoor_flying4,ATE,cm,,n/a,ESVO2 Table VI/VII; '-'=not reported by that method's paper. ESVO2 = direct stereo event + IMU.
ESVO2,ESVO2,arXiv/TRO,2024,VI,ESIO,no,Stereo E+I,metric,"SE3 (stereo, metric)",MVSEC,indoor 1,indoor_flying1,ATE,cm,820.36,ok,ESVO2 Table VI/VII; '-'=not reported by that method's paper. ESVO2 = direct stereo event + IMU.
ESVO2,ESVO2,arXiv/TRO,2024,VI,ESIO,no,Stereo E+I,metric,"SE3 (stereo, metric)",MVSEC,indoor 2,indoor_flying2,ATE,cm,417.85,ok,ESVO2 Table VI/VII; '-'=not reported by that method's paper. ESVO2 = direct stereo event + IMU.
ESVO2,ESVO2,arXiv/TRO,2024,VI,ESIO,no,Stereo E+I,metric,"SE3 (stereo, metric)",MVSEC,indoor 3,indoor_flying3,ATE,cm,,failed,ESVO2 Table VI/VII; '-'=not reported by that method's paper. ESVO2 = direct stereo event + IMU.
ESVO2,ESVO2,arXiv/TRO,2024,VI,ESIO,no,Stereo E+I,metric,"SE3 (stereo, metric)",MVSEC,indoor 4,indoor_flying4,ATE,cm,173.51,ok,ESVO2 Table VI/VII; '-'=not reported by that method's paper. ESVO2 = direct stereo event + IMU.
ESVO2,ESVO2,arXiv/TRO,2024,VI,ESVIO,no,Stereo E+F+I,metric,"SE3 (stereo, metric)",MVSEC,indoor 1,indoor_flying1,ATE,cm,9.63,ok,ESVO2 Table VI/VII; '-'=not reported by that method's paper. ESVO2 = direct stereo event + IMU.
ESVO2,ESVO2,arXiv/TRO,2024,VI,ESVIO,no,Stereo E+F+I,metric,"SE3 (stereo, metric)",MVSEC,indoor 2,indoor_flying2,ATE,cm,,n/a,ESVO2 Table VI/VII; '-'=not reported by that method's paper. ESVO2 = direct stereo event + IMU.
ESVO2,ESVO2,arXiv/TRO,2024,VI,ESVIO,no,Stereo E+F+I,metric,"SE3 (stereo, metric)",MVSEC,indoor 3,indoor_flying3,ATE,cm,8.06,ok,ESVO2 Table VI/VII; '-'=not reported by that method's paper. ESVO2 = direct stereo event + IMU.
ESVO2,ESVO2,arXiv/TRO,2024,VI,ESVIO,no,Stereo E+F+I,metric,"SE3 (stereo, metric)",MVSEC,indoor 4,indoor_flying4,ATE,cm,,n/a,ESVO2 Table VI/VII; '-'=not reported by that method's paper. ESVO2 = direct stereo event + IMU.
ESVO2,ESVO2,arXiv/TRO,2024,VI,ICRA'24 (ESVIO-AA),no,Stereo E+I,metric,"SE3 (stereo, metric)",MVSEC,indoor 1,indoor_flying1,ATE,cm,17.65,ok,ESVO2 Table VI/VII; '-'=not reported by that method's paper. ESVO2 = direct stereo event + IMU.
ESVO2,ESVO2,arXiv/TRO,2024,VI,ICRA'24 (ESVIO-AA),no,Stereo E+I,metric,"SE3 (stereo, metric)",MVSEC,indoor 2,indoor_flying2,ATE,cm,17.52,ok,ESVO2 Table VI/VII; '-'=not reported by that method's paper. ESVO2 = direct stereo event + IMU.
ESVO2,ESVO2,arXiv/TRO,2024,VI,ICRA'24 (ESVIO-AA),no,Stereo E+I,metric,"SE3 (stereo, metric)",MVSEC,indoor 3,indoor_flying3,ATE,cm,10.45,ok,ESVO2 Table VI/VII; '-'=not reported by that method's paper. ESVO2 = direct stereo event + IMU.
ESVO2,ESVO2,arXiv/TRO,2024,VI,ICRA'24 (ESVIO-AA),no,Stereo E+I,metric,"SE3 (stereo, metric)",MVSEC,indoor 4,indoor_flying4,ATE,cm,,failed,ESVO2 Table VI/VII; '-'=not reported by that method's paper. ESVO2 = direct stereo event + IMU.
ESVO2,ESVO2,arXiv/TRO,2024,VI,ESVO2,yes,Stereo E+I,metric,"SE3 (stereo, metric)",MVSEC,indoor 1,indoor_flying1,ATE,cm,7.63,ok,ESVO2 Table VI/VII; '-'=not reported by that method's paper. ESVO2 = direct stereo event + IMU.
ESVO2,ESVO2,arXiv/TRO,2024,VI,ESVO2,yes,Stereo E+I,metric,"SE3 (stereo, metric)",MVSEC,indoor 2,indoor_flying2,ATE,cm,10.05,ok,ESVO2 Table VI/VII; '-'=not reported by that method's paper. ESVO2 = direct stereo event + IMU.
ESVO2,ESVO2,arXiv/TRO,2024,VI,ESVO2,yes,Stereo E+I,metric,"SE3 (stereo, metric)",MVSEC,indoor 3,indoor_flying3,ATE,cm,7.35,ok,ESVO2 Table VI/VII; '-'=not reported by that method's paper. ESVO2 = direct stereo event + IMU.
ESVO2,ESVO2,arXiv/TRO,2024,VI,ESVO2,yes,Stereo E+I,metric,"SE3 (stereo, metric)",MVSEC,indoor 4,indoor_flying4,ATE,cm,5.59,ok,ESVO2 Table VI/VII; '-'=not reported by that method's paper. ESVO2 = direct stereo event + IMU.
ESVO2,ESVO2,arXiv/TRO,2024,VI,ESVO,no,Stereo E,metric,"SE3 (stereo, metric)",DSEC,city04_a,city04_a,ATE,cm,370.32,ok,ESVO2 Table VI/VII; '-'=not reported by that method's paper. ESVO2 = direct stereo event + IMU.
ESVO2,ESVO2,arXiv/TRO,2024,VI,ESVO,no,Stereo E,metric,"SE3 (stereo, metric)",DSEC,city04_b,city04_b,ATE,cm,115.56,ok,ESVO2 Table VI/VII; '-'=not reported by that method's paper. ESVO2 = direct stereo event + IMU.
ESVO2,ESVO2,arXiv/TRO,2024,VI,ESVO,no,Stereo E,metric,"SE3 (stereo, metric)",DSEC,city04_c,city04_c,ATE,cm,932.84,ok,ESVO2 Table VI/VII; '-'=not reported by that method's paper. ESVO2 = direct stereo event + IMU.
ESVO2,ESVO2,arXiv/TRO,2024,VI,ESVO,no,Stereo E,metric,"SE3 (stereo, metric)",DSEC,city04_d,city04_d,ATE,cm,2676.11,ok,ESVO2 Table VI/VII; '-'=not reported by that method's paper. ESVO2 = direct stereo event + IMU.
ESVO2,ESVO2,arXiv/TRO,2024,VI,ESVO,no,Stereo E,metric,"SE3 (stereo, metric)",DSEC,city04_e,city04_e,ATE,cm,792.93,ok,ESVO2 Table VI/VII; '-'=not reported by that method's paper. ESVO2 = direct stereo event + IMU.
ESVO2,ESVO2,arXiv/TRO,2024,VI,ESVO,no,Stereo E,metric,"SE3 (stereo, metric)",DSEC,city04_f,city04_f,ATE,cm,1400.26,ok,ESVO2 Table VI/VII; '-'=not reported by that method's paper. ESVO2 = direct stereo event + IMU.
ESVO2,ESVO2,arXiv/TRO,2024,VI,ESVO,no,Stereo E,metric,"SE3 (stereo, metric)",DSEC,city09_b,city09_b,ATE,cm,606.09,ok,ESVO2 Table VI/VII; '-'=not reported by that method's paper. ESVO2 = direct stereo event + IMU.
ESVO2,ESVO2,arXiv/TRO,2024,VI,ESVO,no,Stereo E,metric,"SE3 (stereo, metric)",DSEC,city11_a,city11_a,ATE,cm,366.22,ok,ESVO2 Table VI/VII; '-'=not reported by that method's paper. ESVO2 = direct stereo event + IMU.
ESVO2,ESVO2,arXiv/TRO,2024,VI,ESVO,no,Stereo E,metric,"SE3 (stereo, metric)",DSEC,city11_b,city11_b,ATE,cm,3241.69,ok,ESVO2 Table VI/VII; '-'=not reported by that method's paper. ESVO2 = direct stereo event + IMU.
ESVO2,ESVO2,arXiv/TRO,2024,VI,ES-PTAM,no,Stereo E,metric,"SE3 (stereo, metric)",DSEC,city04_a,city04_a,ATE,cm,131.62,ok,ESVO2 Table VI/VII; '-'=not reported by that method's paper. ESVO2 = direct stereo event + IMU.
ESVO2,ESVO2,arXiv/TRO,2024,VI,ES-PTAM,no,Stereo E,metric,"SE3 (stereo, metric)",DSEC,city04_b,city04_b,ATE,cm,29.02,ok,ESVO2 Table VI/VII; '-'=not reported by that method's paper. ESVO2 = direct stereo event + IMU.
ESVO2,ESVO2,arXiv/TRO,2024,VI,ES-PTAM,no,Stereo E,metric,"SE3 (stereo, metric)",DSEC,city04_c,city04_c,ATE,cm,1184.37,ok,ESVO2 Table VI/VII; '-'=not reported by that method's paper. ESVO2 = direct stereo event + IMU.
ESVO2,ESVO2,arXiv/TRO,2024,VI,ES-PTAM,no,Stereo E,metric,"SE3 (stereo, metric)",DSEC,city04_d,city04_d,ATE,cm,1053.87,ok,ESVO2 Table VI/VII; '-'=not reported by that method's paper. ESVO2 = direct stereo event + IMU.
ESVO2,ESVO2,arXiv/TRO,2024,VI,ES-PTAM,no,Stereo E,metric,"SE3 (stereo, metric)",DSEC,city04_e,city04_e,ATE,cm,75.9,ok,ESVO2 Table VI/VII; '-'=not reported by that method's paper. ESVO2 = direct stereo event + IMU.
ESVO2,ESVO2,arXiv/TRO,2024,VI,ES-PTAM,no,Stereo E,metric,"SE3 (stereo, metric)",DSEC,city04_f,city04_f,ATE,cm,522.0,ok,ESVO2 Table VI/VII; '-'=not reported by that method's paper. ESVO2 = direct stereo event + IMU.
ESVO2,ESVO2,arXiv/TRO,2024,VI,ES-PTAM,no,Stereo E,metric,"SE3 (stereo, metric)",DSEC,city09_b,city09_b,ATE,cm,195.14,ok,ESVO2 Table VI/VII; '-'=not reported by that method's paper. ESVO2 = direct stereo event + IMU.
ESVO2,ESVO2,arXiv/TRO,2024,VI,ES-PTAM,no,Stereo E,metric,"SE3 (stereo, metric)",DSEC,city11_a,city11_a,ATE,cm,,n/a,ESVO2 Table VI/VII; '-'=not reported by that method's paper. ESVO2 = direct stereo event + IMU.
ESVO2,ESVO2,arXiv/TRO,2024,VI,ES-PTAM,no,Stereo E,metric,"SE3 (stereo, metric)",DSEC,city11_b,city11_b,ATE,cm,,n/a,ESVO2 Table VI/VII; '-'=not reported by that method's paper. ESVO2 = direct stereo event + IMU.
ESVO2,ESVO2,arXiv/TRO,2024,VI,ESIO,no,Stereo E+I,metric,"SE3 (stereo, metric)",DSEC,city04_a,city04_a,ATE,cm,940.8,ok,ESVO2 Table VI/VII; '-'=not reported by that method's paper. ESVO2 = direct stereo event + IMU.
ESVO2,ESVO2,arXiv/TRO,2024,VI,ESIO,no,Stereo E+I,metric,"SE3 (stereo, metric)",DSEC,city04_b,city04_b,ATE,cm,434.87,ok,ESVO2 Table VI/VII; '-'=not reported by that method's paper. ESVO2 = direct stereo event + IMU.
ESVO2,ESVO2,arXiv/TRO,2024,VI,ESIO,no,Stereo E+I,metric,"SE3 (stereo, metric)",DSEC,city04_c,city04_c,ATE,cm,1153.69,ok,ESVO2 Table VI/VII; '-'=not reported by that method's paper. ESVO2 = direct stereo event + IMU.
ESVO2,ESVO2,arXiv/TRO,2024,VI,ESIO,no,Stereo E+I,metric,"SE3 (stereo, metric)",DSEC,city04_d,city04_d,ATE,cm,6822.53,ok,ESVO2 Table VI/VII; '-'=not reported by that method's paper. ESVO2 = direct stereo event + IMU.
ESVO2,ESVO2,arXiv/TRO,2024,VI,ESIO,no,Stereo E+I,metric,"SE3 (stereo, metric)",DSEC,city04_e,city04_e,ATE,cm,1036.23,ok,ESVO2 Table VI/VII; '-'=not reported by that method's paper. ESVO2 = direct stereo event + IMU.
ESVO2,ESVO2,arXiv/TRO,2024,VI,ESIO,no,Stereo E+I,metric,"SE3 (stereo, metric)",DSEC,city04_f,city04_f,ATE,cm,4595.01,ok,ESVO2 Table VI/VII; '-'=not reported by that method's paper. ESVO2 = direct stereo event + IMU.
ESVO2,ESVO2,arXiv/TRO,2024,VI,ESIO,no,Stereo E+I,metric,"SE3 (stereo, metric)",DSEC,city09_b,city09_b,ATE,cm,,failed,ESVO2 Table VI/VII; '-'=not reported by that method's paper. ESVO2 = direct stereo event + IMU.
ESVO2,ESVO2,arXiv/TRO,2024,VI,ESIO,no,Stereo E+I,metric,"SE3 (stereo, metric)",DSEC,city11_a,city11_a,ATE,cm,107.36,ok,ESVO2 Table VI/VII; '-'=not reported by that method's paper. ESVO2 = direct stereo event + IMU.
ESVO2,ESVO2,arXiv/TRO,2024,VI,ESIO,no,Stereo E+I,metric,"SE3 (stereo, metric)",DSEC,city11_b,city11_b,ATE,cm,300.14,ok,ESVO2 Table VI/VII; '-'=not reported by that method's paper. ESVO2 = direct stereo event + IMU.
ESVO2,ESVO2,arXiv/TRO,2024,VI,ESVIO,no,Stereo E+F+I,metric,"SE3 (stereo, metric)",DSEC,city04_a,city04_a,ATE,cm,201.53,ok,ESVO2 Table VI/VII; '-'=not reported by that method's paper. ESVO2 = direct stereo event + IMU.
ESVO2,ESVO2,arXiv/TRO,2024,VI,ESVIO,no,Stereo E+F+I,metric,"SE3 (stereo, metric)",DSEC,city04_b,city04_b,ATE,cm,48.33,ok,ESVO2 Table VI/VII; '-'=not reported by that method's paper. ESVO2 = direct stereo event + IMU.
ESVO2,ESVO2,arXiv/TRO,2024,VI,ESVIO,no,Stereo E+F+I,metric,"SE3 (stereo, metric)",DSEC,city04_c,city04_c,ATE,cm,1400.76,ok,ESVO2 Table VI/VII; '-'=not reported by that method's paper. ESVO2 = direct stereo event + IMU.
ESVO2,ESVO2,arXiv/TRO,2024,VI,ESVIO,no,Stereo E+F+I,metric,"SE3 (stereo, metric)",DSEC,city04_d,city04_d,ATE,cm,,n/a,ESVO2 Table VI/VII; '-'=not reported by that method's paper. ESVO2 = direct stereo event + IMU.
ESVO2,ESVO2,arXiv/TRO,2024,VI,ESVIO,no,Stereo E+F+I,metric,"SE3 (stereo, metric)",DSEC,city04_e,city04_e,ATE,cm,331.7,ok,ESVO2 Table VI/VII; '-'=not reported by that method's paper. ESVO2 = direct stereo event + IMU.
ESVO2,ESVO2,arXiv/TRO,2024,VI,ESVIO,no,Stereo E+F+I,metric,"SE3 (stereo, metric)",DSEC,city04_f,city04_f,ATE,cm,1765.48,ok,ESVO2 Table VI/VII; '-'=not reported by that method's paper. ESVO2 = direct stereo event + IMU.
ESVO2,ESVO2,arXiv/TRO,2024,VI,ESVIO,no,Stereo E+F+I,metric,"SE3 (stereo, metric)",DSEC,city09_b,city09_b,ATE,cm,,n/a,ESVO2 Table VI/VII; '-'=not reported by that method's paper. ESVO2 = direct stereo event + IMU.
ESVO2,ESVO2,arXiv/TRO,2024,VI,ESVIO,no,Stereo E+F+I,metric,"SE3 (stereo, metric)",DSEC,city11_a,city11_a,ATE,cm,406.11,ok,ESVO2 Table VI/VII; '-'=not reported by that method's paper. ESVO2 = direct stereo event + IMU.
ESVO2,ESVO2,arXiv/TRO,2024,VI,ESVIO,no,Stereo E+F+I,metric,"SE3 (stereo, metric)",DSEC,city11_b,city11_b,ATE,cm,,n/a,ESVO2 Table VI/VII; '-'=not reported by that method's paper. ESVO2 = direct stereo event + IMU.
ESVO2,ESVO2,arXiv/TRO,2024,VI,ICRA'24 (ESVIO-AA),no,Stereo E+I,metric,"SE3 (stereo, metric)",DSEC,city04_a,city04_a,ATE,cm,103.85,ok,ESVO2 Table VI/VII; '-'=not reported by that method's paper. ESVO2 = direct stereo event + IMU.
ESVO2,ESVO2,arXiv/TRO,2024,VI,ICRA'24 (ESVIO-AA),no,Stereo E+I,metric,"SE3 (stereo, metric)",DSEC,city04_b,city04_b,ATE,cm,66.8,ok,ESVO2 Table VI/VII; '-'=not reported by that method's paper. ESVO2 = direct stereo event + IMU.
ESVO2,ESVO2,arXiv/TRO,2024,VI,ICRA'24 (ESVIO-AA),no,Stereo E+I,metric,"SE3 (stereo, metric)",DSEC,city04_c,city04_c,ATE,cm,637.13,ok,ESVO2 Table VI/VII; '-'=not reported by that method's paper. ESVO2 = direct stereo event + IMU.
ESVO2,ESVO2,arXiv/TRO,2024,VI,ICRA'24 (ESVIO-AA),no,Stereo E+I,metric,"SE3 (stereo, metric)",DSEC,city04_d,city04_d,ATE,cm,732.13,ok,ESVO2 Table VI/VII; '-'=not reported by that method's paper. ESVO2 = direct stereo event + IMU.
ESVO2,ESVO2,arXiv/TRO,2024,VI,ICRA'24 (ESVIO-AA),no,Stereo E+I,metric,"SE3 (stereo, metric)",DSEC,city04_e,city04_e,ATE,cm,115.82,ok,ESVO2 Table VI/VII; '-'=not reported by that method's paper. ESVO2 = direct stereo event + IMU.
ESVO2,ESVO2,arXiv/TRO,2024,VI,ICRA'24 (ESVIO-AA),no,Stereo E+I,metric,"SE3 (stereo, metric)",DSEC,city04_f,city04_f,ATE,cm,579.66,ok,ESVO2 Table VI/VII; '-'=not reported by that method's paper. ESVO2 = direct stereo event + IMU.
ESVO2,ESVO2,arXiv/TRO,2024,VI,ICRA'24 (ESVIO-AA),no,Stereo E+I,metric,"SE3 (stereo, metric)",DSEC,city09_b,city09_b,ATE,cm,192.44,ok,ESVO2 Table VI/VII; '-'=not reported by that method's paper. ESVO2 = direct stereo event + IMU.
ESVO2,ESVO2,arXiv/TRO,2024,VI,ICRA'24 (ESVIO-AA),no,Stereo E+I,metric,"SE3 (stereo, metric)",DSEC,city11_a,city11_a,ATE,cm,95.75,ok,ESVO2 Table VI/VII; '-'=not reported by that method's paper. ESVO2 = direct stereo event + IMU.
ESVO2,ESVO2,arXiv/TRO,2024,VI,ICRA'24 (ESVIO-AA),no,Stereo E+I,metric,"SE3 (stereo, metric)",DSEC,city11_b,city11_b,ATE,cm,869.77,ok,ESVO2 Table VI/VII; '-'=not reported by that method's paper. ESVO2 = direct stereo event + IMU.
ESVO2,ESVO2,arXiv/TRO,2024,VI,ESVO2,yes,Stereo E+I,metric,"SE3 (stereo, metric)",DSEC,city04_a,city04_a,ATE,cm,56.17,ok,ESVO2 Table VI/VII; '-'=not reported by that method's paper. ESVO2 = direct stereo event + IMU.
ESVO2,ESVO2,arXiv/TRO,2024,VI,ESVO2,yes,Stereo E+I,metric,"SE3 (stereo, metric)",DSEC,city04_b,city04_b,ATE,cm,73.83,ok,ESVO2 Table VI/VII; '-'=not reported by that method's paper. ESVO2 = direct stereo event + IMU.
ESVO2,ESVO2,arXiv/TRO,2024,VI,ESVO2,yes,Stereo E+I,metric,"SE3 (stereo, metric)",DSEC,city04_c,city04_c,ATE,cm,508.71,ok,ESVO2 Table VI/VII; '-'=not reported by that method's paper. ESVO2 = direct stereo event + IMU.
ESVO2,ESVO2,arXiv/TRO,2024,VI,ESVO2,yes,Stereo E+I,metric,"SE3 (stereo, metric)",DSEC,city04_d,city04_d,ATE,cm,546.58,ok,ESVO2 Table VI/VII; '-'=not reported by that method's paper. ESVO2 = direct stereo event + IMU.
ESVO2,ESVO2,arXiv/TRO,2024,VI,ESVO2,yes,Stereo E+I,metric,"SE3 (stereo, metric)",DSEC,city04_e,city04_e,ATE,cm,52.94,ok,ESVO2 Table VI/VII; '-'=not reported by that method's paper. ESVO2 = direct stereo event + IMU.
ESVO2,ESVO2,arXiv/TRO,2024,VI,ESVO2,yes,Stereo E+I,metric,"SE3 (stereo, metric)",DSEC,city04_f,city04_f,ATE,cm,257.75,ok,ESVO2 Table VI/VII; '-'=not reported by that method's paper. ESVO2 = direct stereo event + IMU.
ESVO2,ESVO2,arXiv/TRO,2024,VI,ESVO2,yes,Stereo E+I,metric,"SE3 (stereo, metric)",DSEC,city09_b,city09_b,ATE,cm,87.83,ok,ESVO2 Table VI/VII; '-'=not reported by that method's paper. ESVO2 = direct stereo event + IMU.
ESVO2,ESVO2,arXiv/TRO,2024,VI,ESVO2,yes,Stereo E+I,metric,"SE3 (stereo, metric)",DSEC,city11_a,city11_a,ATE,cm,48.77,ok,ESVO2 Table VI/VII; '-'=not reported by that method's paper. ESVO2 = direct stereo event + IMU.
ESVO2,ESVO2,arXiv/TRO,2024,VI,ESVO2,yes,Stereo E+I,metric,"SE3 (stereo, metric)",DSEC,city11_b,city11_b,ATE,cm,441.79,ok,ESVO2 Table VI/VII; '-'=not reported by that method's paper. ESVO2 = direct stereo event + IMU.
ESVO2,ESVO2,arXiv/TRO,2024,VI,ESVO,no,Stereo E,metric,"SE3 (stereo, metric)",VECtor,robot_normal,robot_normal,ATE,cm,7.32,ok,ESVO2 Table VI/VII; '-'=not reported by that method's paper. ESVO2 = direct stereo event + IMU. Only ESVO2 (+ESVO/ESIO/ICRA24) run on VECtor here; ESVIO/ES-PTAM not reported.
ESVO2,ESVO2,arXiv/TRO,2024,VI,ESVO,no,Stereo E,metric,"SE3 (stereo, metric)",VECtor,robot_fast,robot_fast,ATE,cm,,failed,ESVO2 Table VI/VII; '-'=not reported by that method's paper. ESVO2 = direct stereo event + IMU. Only ESVO2 (+ESVO/ESIO/ICRA24) run on VECtor here; ESVIO/ES-PTAM not reported.
ESVO2,ESVO2,arXiv/TRO,2024,VI,ESVO,no,Stereo E,metric,"SE3 (stereo, metric)",VECtor,corner_slow,corner_slow,ATE,cm,13.7,ok,ESVO2 Table VI/VII; '-'=not reported by that method's paper. ESVO2 = direct stereo event + IMU. Only ESVO2 (+ESVO/ESIO/ICRA24) run on VECtor here; ESVIO/ES-PTAM not reported.
ESVO2,ESVO2,arXiv/TRO,2024,VI,ESVO,no,Stereo E,metric,"SE3 (stereo, metric)",VECtor,hdr_normal,hdr_normal,ATE,cm,18.4,ok,ESVO2 Table VI/VII; '-'=not reported by that method's paper. ESVO2 = direct stereo event + IMU. Only ESVO2 (+ESVO/ESIO/ICRA24) run on VECtor here; ESVIO/ES-PTAM not reported.
ESVO2,ESVO2,arXiv/TRO,2024,VI,ESVO,no,Stereo E,metric,"SE3 (stereo, metric)",VECtor,sofa_normal,sofa_normal,ATE,cm,,failed,ESVO2 Table VI/VII; '-'=not reported by that method's paper. ESVO2 = direct stereo event + IMU. Only ESVO2 (+ESVO/ESIO/ICRA24) run on VECtor here; ESVIO/ES-PTAM not reported.
ESVO2,ESVO2,arXiv/TRO,2024,VI,ESVO,no,Stereo E,metric,"SE3 (stereo, metric)",VECtor,desk_normal,desk_normal,ATE,cm,20.81,ok,ESVO2 Table VI/VII; '-'=not reported by that method's paper. ESVO2 = direct stereo event + IMU. Only ESVO2 (+ESVO/ESIO/ICRA24) run on VECtor here; ESVIO/ES-PTAM not reported.
ESVO2,ESVO2,arXiv/TRO,2024,VI,ES-PTAM,no,Stereo E,metric,"SE3 (stereo, metric)",VECtor,robot_normal,robot_normal,ATE,cm,,n/a,ESVO2 Table VI/VII; '-'=not reported by that method's paper. ESVO2 = direct stereo event + IMU. Only ESVO2 (+ESVO/ESIO/ICRA24) run on VECtor here; ESVIO/ES-PTAM not reported.
ESVO2,ESVO2,arXiv/TRO,2024,VI,ES-PTAM,no,Stereo E,metric,"SE3 (stereo, metric)",VECtor,robot_fast,robot_fast,ATE,cm,,n/a,ESVO2 Table VI/VII; '-'=not reported by that method's paper. ESVO2 = direct stereo event + IMU. Only ESVO2 (+ESVO/ESIO/ICRA24) run on VECtor here; ESVIO/ES-PTAM not reported.
ESVO2,ESVO2,arXiv/TRO,2024,VI,ES-PTAM,no,Stereo E,metric,"SE3 (stereo, metric)",VECtor,corner_slow,corner_slow,ATE,cm,,n/a,ESVO2 Table VI/VII; '-'=not reported by that method's paper. ESVO2 = direct stereo event + IMU. Only ESVO2 (+ESVO/ESIO/ICRA24) run on VECtor here; ESVIO/ES-PTAM not reported.
ESVO2,ESVO2,arXiv/TRO,2024,VI,ES-PTAM,no,Stereo E,metric,"SE3 (stereo, metric)",VECtor,hdr_normal,hdr_normal,ATE,cm,,n/a,ESVO2 Table VI/VII; '-'=not reported by that method's paper. ESVO2 = direct stereo event + IMU. Only ESVO2 (+ESVO/ESIO/ICRA24) run on VECtor here; ESVIO/ES-PTAM not reported.
ESVO2,ESVO2,arXiv/TRO,2024,VI,ES-PTAM,no,Stereo E,metric,"SE3 (stereo, metric)",VECtor,sofa_normal,sofa_normal,ATE,cm,,n/a,ESVO2 Table VI/VII; '-'=not reported by that method's paper. ESVO2 = direct stereo event + IMU. Only ESVO2 (+ESVO/ESIO/ICRA24) run on VECtor here; ESVIO/ES-PTAM not reported.
ESVO2,ESVO2,arXiv/TRO,2024,VI,ES-PTAM,no,Stereo E,metric,"SE3 (stereo, metric)",VECtor,desk_normal,desk_normal,ATE,cm,,n/a,ESVO2 Table VI/VII; '-'=not reported by that method's paper. ESVO2 = direct stereo event + IMU. Only ESVO2 (+ESVO/ESIO/ICRA24) run on VECtor here; ESVIO/ES-PTAM not reported.
ESVO2,ESVO2,arXiv/TRO,2024,VI,ESIO,no,Stereo E+I,metric,"SE3 (stereo, metric)",VECtor,robot_normal,robot_normal,ATE,cm,5.17,ok,ESVO2 Table VI/VII; '-'=not reported by that method's paper. ESVO2 = direct stereo event + IMU. Only ESVO2 (+ESVO/ESIO/ICRA24) run on VECtor here; ESVIO/ES-PTAM not reported.
ESVO2,ESVO2,arXiv/TRO,2024,VI,ESIO,no,Stereo E+I,metric,"SE3 (stereo, metric)",VECtor,robot_fast,robot_fast,ATE,cm,,failed,ESVO2 Table VI/VII; '-'=not reported by that method's paper. ESVO2 = direct stereo event + IMU. Only ESVO2 (+ESVO/ESIO/ICRA24) run on VECtor here; ESVIO/ES-PTAM not reported.
ESVO2,ESVO2,arXiv/TRO,2024,VI,ESIO,no,Stereo E+I,metric,"SE3 (stereo, metric)",VECtor,corner_slow,corner_slow,ATE,cm,2.67,ok,ESVO2 Table VI/VII; '-'=not reported by that method's paper. ESVO2 = direct stereo event + IMU. Only ESVO2 (+ESVO/ESIO/ICRA24) run on VECtor here; ESVIO/ES-PTAM not reported.
ESVO2,ESVO2,arXiv/TRO,2024,VI,ESIO,no,Stereo E+I,metric,"SE3 (stereo, metric)",VECtor,hdr_normal,hdr_normal,ATE,cm,27.85,ok,ESVO2 Table VI/VII; '-'=not reported by that method's paper. ESVO2 = direct stereo event + IMU. Only ESVO2 (+ESVO/ESIO/ICRA24) run on VECtor here; ESVIO/ES-PTAM not reported.
ESVO2,ESVO2,arXiv/TRO,2024,VI,ESIO,no,Stereo E+I,metric,"SE3 (stereo, metric)",VECtor,sofa_normal,sofa_normal,ATE,cm,43.94,ok,ESVO2 Table VI/VII; '-'=not reported by that method's paper. ESVO2 = direct stereo event + IMU. Only ESVO2 (+ESVO/ESIO/ICRA24) run on VECtor here; ESVIO/ES-PTAM not reported.
ESVO2,ESVO2,arXiv/TRO,2024,VI,ESIO,no,Stereo E+I,metric,"SE3 (stereo, metric)",VECtor,desk_normal,desk_normal,ATE,cm,,failed,ESVO2 Table VI/VII; '-'=not reported by that method's paper. ESVO2 = direct stereo event + IMU. Only ESVO2 (+ESVO/ESIO/ICRA24) run on VECtor here; ESVIO/ES-PTAM not reported.
ESVO2,ESVO2,arXiv/TRO,2024,VI,ESVIO,no,Stereo E+F+I,metric,"SE3 (stereo, metric)",VECtor,robot_normal,robot_normal,ATE,cm,,n/a,ESVO2 Table VI/VII; '-'=not reported by that method's paper. ESVO2 = direct stereo event + IMU. Only ESVO2 (+ESVO/ESIO/ICRA24) run on VECtor here; ESVIO/ES-PTAM not reported.
ESVO2,ESVO2,arXiv/TRO,2024,VI,ESVIO,no,Stereo E+F+I,metric,"SE3 (stereo, metric)",VECtor,robot_fast,robot_fast,ATE,cm,,n/a,ESVO2 Table VI/VII; '-'=not reported by that method's paper. ESVO2 = direct stereo event + IMU. Only ESVO2 (+ESVO/ESIO/ICRA24) run on VECtor here; ESVIO/ES-PTAM not reported.
ESVO2,ESVO2,arXiv/TRO,2024,VI,ESVIO,no,Stereo E+F+I,metric,"SE3 (stereo, metric)",VECtor,corner_slow,corner_slow,ATE,cm,,n/a,ESVO2 Table VI/VII; '-'=not reported by that method's paper. ESVO2 = direct stereo event + IMU. Only ESVO2 (+ESVO/ESIO/ICRA24) run on VECtor here; ESVIO/ES-PTAM not reported.
ESVO2,ESVO2,arXiv/TRO,2024,VI,ESVIO,no,Stereo E+F+I,metric,"SE3 (stereo, metric)",VECtor,hdr_normal,hdr_normal,ATE,cm,,n/a,ESVO2 Table VI/VII; '-'=not reported by that method's paper. ESVO2 = direct stereo event + IMU. Only ESVO2 (+ESVO/ESIO/ICRA24) run on VECtor here; ESVIO/ES-PTAM not reported.
ESVO2,ESVO2,arXiv/TRO,2024,VI,ESVIO,no,Stereo E+F+I,metric,"SE3 (stereo, metric)",VECtor,sofa_normal,sofa_normal,ATE,cm,,n/a,ESVO2 Table VI/VII; '-'=not reported by that method's paper. ESVO2 = direct stereo event + IMU. Only ESVO2 (+ESVO/ESIO/ICRA24) run on VECtor here; ESVIO/ES-PTAM not reported.
ESVO2,ESVO2,arXiv/TRO,2024,VI,ESVIO,no,Stereo E+F+I,metric,"SE3 (stereo, metric)",VECtor,desk_normal,desk_normal,ATE,cm,,n/a,ESVO2 Table VI/VII; '-'=not reported by that method's paper. ESVO2 = direct stereo event + IMU. Only ESVO2 (+ESVO/ESIO/ICRA24) run on VECtor here; ESVIO/ES-PTAM not reported.
ESVO2,ESVO2,arXiv/TRO,2024,VI,ICRA'24 (ESVIO-AA),no,Stereo E+I,metric,"SE3 (stereo, metric)",VECtor,robot_normal,robot_normal,ATE,cm,15.2,ok,ESVO2 Table VI/VII; '-'=not reported by that method's paper. ESVO2 = direct stereo event + IMU. Only ESVO2 (+ESVO/ESIO/ICRA24) run on VECtor here; ESVIO/ES-PTAM not reported.
ESVO2,ESVO2,arXiv/TRO,2024,VI,ICRA'24 (ESVIO-AA),no,Stereo E+I,metric,"SE3 (stereo, metric)",VECtor,robot_fast,robot_fast,ATE,cm,,failed,ESVO2 Table VI/VII; '-'=not reported by that method's paper. ESVO2 = direct stereo event + IMU. Only ESVO2 (+ESVO/ESIO/ICRA24) run on VECtor here; ESVIO/ES-PTAM not reported.
ESVO2,ESVO2,arXiv/TRO,2024,VI,ICRA'24 (ESVIO-AA),no,Stereo E+I,metric,"SE3 (stereo, metric)",VECtor,corner_slow,corner_slow,ATE,cm,5.52,ok,ESVO2 Table VI/VII; '-'=not reported by that method's paper. ESVO2 = direct stereo event + IMU. Only ESVO2 (+ESVO/ESIO/ICRA24) run on VECtor here; ESVIO/ES-PTAM not reported.
ESVO2,ESVO2,arXiv/TRO,2024,VI,ICRA'24 (ESVIO-AA),no,Stereo E+I,metric,"SE3 (stereo, metric)",VECtor,hdr_normal,hdr_normal,ATE,cm,16.06,ok,ESVO2 Table VI/VII; '-'=not reported by that method's paper. ESVO2 = direct stereo event + IMU. Only ESVO2 (+ESVO/ESIO/ICRA24) run on VECtor here; ESVIO/ES-PTAM not reported.
ESVO2,ESVO2,arXiv/TRO,2024,VI,ICRA'24 (ESVIO-AA),no,Stereo E+I,metric,"SE3 (stereo, metric)",VECtor,sofa_normal,sofa_normal,ATE,cm,,failed,ESVO2 Table VI/VII; '-'=not reported by that method's paper. ESVO2 = direct stereo event + IMU. Only ESVO2 (+ESVO/ESIO/ICRA24) run on VECtor here; ESVIO/ES-PTAM not reported.
ESVO2,ESVO2,arXiv/TRO,2024,VI,ICRA'24 (ESVIO-AA),no,Stereo E+I,metric,"SE3 (stereo, metric)",VECtor,desk_normal,desk_normal,ATE,cm,19.08,ok,ESVO2 Table VI/VII; '-'=not reported by that method's paper. ESVO2 = direct stereo event + IMU. Only ESVO2 (+ESVO/ESIO/ICRA24) run on VECtor here; ESVIO/ES-PTAM not reported.
ESVO2,ESVO2,arXiv/TRO,2024,VI,ESVO2,yes,Stereo E+I,metric,"SE3 (stereo, metric)",VECtor,robot_normal,robot_normal,ATE,cm,4.81,ok,ESVO2 Table VI/VII; '-'=not reported by that method's paper. ESVO2 = direct stereo event + IMU. Only ESVO2 (+ESVO/ESIO/ICRA24) run on VECtor here; ESVIO/ES-PTAM not reported.
ESVO2,ESVO2,arXiv/TRO,2024,VI,ESVO2,yes,Stereo E+I,metric,"SE3 (stereo, metric)",VECtor,robot_fast,robot_fast,ATE,cm,24.18,ok,ESVO2 Table VI/VII; '-'=not reported by that method's paper. ESVO2 = direct stereo event + IMU. Only ESVO2 (+ESVO/ESIO/ICRA24) run on VECtor here; ESVIO/ES-PTAM not reported.
ESVO2,ESVO2,arXiv/TRO,2024,VI,ESVO2,yes,Stereo E+I,metric,"SE3 (stereo, metric)",VECtor,corner_slow,corner_slow,ATE,cm,2.15,ok,ESVO2 Table VI/VII; '-'=not reported by that method's paper. ESVO2 = direct stereo event + IMU. Only ESVO2 (+ESVO/ESIO/ICRA24) run on VECtor here; ESVIO/ES-PTAM not reported.
ESVO2,ESVO2,arXiv/TRO,2024,VI,ESVO2,yes,Stereo E+I,metric,"SE3 (stereo, metric)",VECtor,hdr_normal,hdr_normal,ATE,cm,13.53,ok,ESVO2 Table VI/VII; '-'=not reported by that method's paper. ESVO2 = direct stereo event + IMU. Only ESVO2 (+ESVO/ESIO/ICRA24) run on VECtor here; ESVIO/ES-PTAM not reported.
ESVO2,ESVO2,arXiv/TRO,2024,VI,ESVO2,yes,Stereo E+I,metric,"SE3 (stereo, metric)",VECtor,sofa_normal,sofa_normal,ATE,cm,40.28,ok,ESVO2 Table VI/VII; '-'=not reported by that method's paper. ESVO2 = direct stereo event + IMU. Only ESVO2 (+ESVO/ESIO/ICRA24) run on VECtor here; ESVIO/ES-PTAM not reported.
ESVO2,ESVO2,arXiv/TRO,2024,VI,ESVO2,yes,Stereo E+I,metric,"SE3 (stereo, metric)",VECtor,desk_normal,desk_normal,ATE,cm,16.47,ok,ESVO2 Table VI/VII; '-'=not reported by that method's paper. ESVO2 = direct stereo event + IMU. Only ESVO2 (+ESVO/ESIO/ICRA24) run on VECtor here; ESVIO/ES-PTAM not reported.
ESVO2,ESVO2,arXiv/TRO,2024,VI,ESVO,no,Stereo E,metric,"SE3 (stereo, metric)",TUM-VIE,mocap-1d-trans,tumvie_1d_trans,ATE,cm,12.54,ok,ESVO2 Table VI/VII; '-'=not reported by that method's paper. ESVO2 = direct stereo event + IMU.
ESVO2,ESVO2,arXiv/TRO,2024,VI,ESVO,no,Stereo E,metric,"SE3 (stereo, metric)",TUM-VIE,mocap-3d-trans,tumvie_3d_trans,ATE,cm,17.19,ok,ESVO2 Table VI/VII; '-'=not reported by that method's paper. ESVO2 = direct stereo event + IMU.
ESVO2,ESVO2,arXiv/TRO,2024,VI,ESVO,no,Stereo E,metric,"SE3 (stereo, metric)",TUM-VIE,mocap-6dof,tumvie_6dof,ATE,cm,13.46,ok,ESVO2 Table VI/VII; '-'=not reported by that method's paper. ESVO2 = direct stereo event + IMU.
ESVO2,ESVO2,arXiv/TRO,2024,VI,ESVO,no,Stereo E,metric,"SE3 (stereo, metric)",TUM-VIE,mocap-desk,tumvie_desk,ATE,cm,12.92,ok,ESVO2 Table VI/VII; '-'=not reported by that method's paper. ESVO2 = direct stereo event + IMU.
ESVO2,ESVO2,arXiv/TRO,2024,VI,ESVO,no,Stereo E,metric,"SE3 (stereo, metric)",TUM-VIE,mocap-desk2,tumvie_desk2,ATE,cm,4.42,ok,ESVO2 Table VI/VII; '-'=not reported by that method's paper. ESVO2 = direct stereo event + IMU.
ESVO2,ESVO2,arXiv/TRO,2024,VI,ES-PTAM,no,Stereo E,metric,"SE3 (stereo, metric)",TUM-VIE,mocap-1d-trans,tumvie_1d_trans,ATE,cm,1.05,ok,ESVO2 Table VI/VII; '-'=not reported by that method's paper. ESVO2 = direct stereo event + IMU.
ESVO2,ESVO2,arXiv/TRO,2024,VI,ES-PTAM,no,Stereo E,metric,"SE3 (stereo, metric)",TUM-VIE,mocap-3d-trans,tumvie_3d_trans,ATE,cm,8.53,ok,ESVO2 Table VI/VII; '-'=not reported by that method's paper. ESVO2 = direct stereo event + IMU.
ESVO2,ESVO2,arXiv/TRO,2024,VI,ES-PTAM,no,Stereo E,metric,"SE3 (stereo, metric)",TUM-VIE,mocap-6dof,tumvie_6dof,ATE,cm,10.25,ok,ESVO2 Table VI/VII; '-'=not reported by that method's paper. ESVO2 = direct stereo event + IMU.
ESVO2,ESVO2,arXiv/TRO,2024,VI,ES-PTAM,no,Stereo E,metric,"SE3 (stereo, metric)",TUM-VIE,mocap-desk,tumvie_desk,ATE,cm,2.5,ok,ESVO2 Table VI/VII; '-'=not reported by that method's paper. ESVO2 = direct stereo event + IMU.
ESVO2,ESVO2,arXiv/TRO,2024,VI,ES-PTAM,no,Stereo E,metric,"SE3 (stereo, metric)",TUM-VIE,mocap-desk2,tumvie_desk2,ATE,cm,7.2,ok,ESVO2 Table VI/VII; '-'=not reported by that method's paper. ESVO2 = direct stereo event + IMU.
ESVO2,ESVO2,arXiv/TRO,2024,VI,ESIO,no,Stereo E+I,metric,"SE3 (stereo, metric)",TUM-VIE,mocap-1d-trans,tumvie_1d_trans,ATE,cm,,failed,ESVO2 Table VI/VII; '-'=not reported by that method's paper. ESVO2 = direct stereo event + IMU.
ESVO2,ESVO2,arXiv/TRO,2024,VI,ESIO,no,Stereo E+I,metric,"SE3 (stereo, metric)",TUM-VIE,mocap-3d-trans,tumvie_3d_trans,ATE,cm,,failed,ESVO2 Table VI/VII; '-'=not reported by that method's paper. ESVO2 = direct stereo event + IMU.
ESVO2,ESVO2,arXiv/TRO,2024,VI,ESIO,no,Stereo E+I,metric,"SE3 (stereo, metric)",TUM-VIE,mocap-6dof,tumvie_6dof,ATE,cm,,failed,ESVO2 Table VI/VII; '-'=not reported by that method's paper. ESVO2 = direct stereo event + IMU.
ESVO2,ESVO2,arXiv/TRO,2024,VI,ESIO,no,Stereo E+I,metric,"SE3 (stereo, metric)",TUM-VIE,mocap-desk,tumvie_desk,ATE,cm,,failed,ESVO2 Table VI/VII; '-'=not reported by that method's paper. ESVO2 = direct stereo event + IMU.
ESVO2,ESVO2,arXiv/TRO,2024,VI,ESIO,no,Stereo E+I,metric,"SE3 (stereo, metric)",TUM-VIE,mocap-desk2,tumvie_desk2,ATE,cm,,failed,ESVO2 Table VI/VII; '-'=not reported by that method's paper. ESVO2 = direct stereo event + IMU.
ESVO2,ESVO2,arXiv/TRO,2024,VI,ESVIO,no,Stereo E+F+I,metric,"SE3 (stereo, metric)",TUM-VIE,mocap-1d-trans,tumvie_1d_trans,ATE,cm,,n/a,ESVO2 Table VI/VII; '-'=not reported by that method's paper. ESVO2 = direct stereo event + IMU.
ESVO2,ESVO2,arXiv/TRO,2024,VI,ESVIO,no,Stereo E+F+I,metric,"SE3 (stereo, metric)",TUM-VIE,mocap-3d-trans,tumvie_3d_trans,ATE,cm,,n/a,ESVO2 Table VI/VII; '-'=not reported by that method's paper. ESVO2 = direct stereo event + IMU.
ESVO2,ESVO2,arXiv/TRO,2024,VI,ESVIO,no,Stereo E+F+I,metric,"SE3 (stereo, metric)",TUM-VIE,mocap-6dof,tumvie_6dof,ATE,cm,,n/a,ESVO2 Table VI/VII; '-'=not reported by that method's paper. ESVO2 = direct stereo event + IMU.
ESVO2,ESVO2,arXiv/TRO,2024,VI,ESVIO,no,Stereo E+F+I,metric,"SE3 (stereo, metric)",TUM-VIE,mocap-desk,tumvie_desk,ATE,cm,,n/a,ESVO2 Table VI/VII; '-'=not reported by that method's paper. ESVO2 = direct stereo event + IMU.
ESVO2,ESVO2,arXiv/TRO,2024,VI,ESVIO,no,Stereo E+F+I,metric,"SE3 (stereo, metric)",TUM-VIE,mocap-desk2,tumvie_desk2,ATE,cm,,n/a,ESVO2 Table VI/VII; '-'=not reported by that method's paper. ESVO2 = direct stereo event + IMU.
ESVO2,ESVO2,arXiv/TRO,2024,VI,ICRA'24 (ESVIO-AA),no,Stereo E+I,metric,"SE3 (stereo, metric)",TUM-VIE,mocap-1d-trans,tumvie_1d_trans,ATE,cm,3.86,ok,ESVO2 Table VI/VII; '-'=not reported by that method's paper. ESVO2 = direct stereo event + IMU.
ESVO2,ESVO2,arXiv/TRO,2024,VI,ICRA'24 (ESVIO-AA),no,Stereo E+I,metric,"SE3 (stereo, metric)",TUM-VIE,mocap-3d-trans,tumvie_3d_trans,ATE,cm,18.9,ok,ESVO2 Table VI/VII; '-'=not reported by that method's paper. ESVO2 = direct stereo event + IMU.
ESVO2,ESVO2,arXiv/TRO,2024,VI,ICRA'24 (ESVIO-AA),no,Stereo E+I,metric,"SE3 (stereo, metric)",TUM-VIE,mocap-6dof,tumvie_6dof,ATE,cm,,failed,ESVO2 Table VI/VII; '-'=not reported by that method's paper. ESVO2 = direct stereo event + IMU.
ESVO2,ESVO2,arXiv/TRO,2024,VI,ICRA'24 (ESVIO-AA),no,Stereo E+I,metric,"SE3 (stereo, metric)",TUM-VIE,mocap-desk,tumvie_desk,ATE,cm,8.99,ok,ESVO2 Table VI/VII; '-'=not reported by that method's paper. ESVO2 = direct stereo event + IMU.
ESVO2,ESVO2,arXiv/TRO,2024,VI,ICRA'24 (ESVIO-AA),no,Stereo E+I,metric,"SE3 (stereo, metric)",TUM-VIE,mocap-desk2,tumvie_desk2,ATE,cm,9.47,ok,ESVO2 Table VI/VII; '-'=not reported by that method's paper. ESVO2 = direct stereo event + IMU.
ESVO2,ESVO2,arXiv/TRO,2024,VI,ESVO2,yes,Stereo E+I,metric,"SE3 (stereo, metric)",TUM-VIE,mocap-1d-trans,tumvie_1d_trans,ATE,cm,3.33,ok,ESVO2 Table VI/VII; '-'=not reported by that method's paper. ESVO2 = direct stereo event + IMU.
ESVO2,ESVO2,arXiv/TRO,2024,VI,ESVO2,yes,Stereo E+I,metric,"SE3 (stereo, metric)",TUM-VIE,mocap-3d-trans,tumvie_3d_trans,ATE,cm,7.26,ok,ESVO2 Table VI/VII; '-'=not reported by that method's paper. ESVO2 = direct stereo event + IMU.
ESVO2,ESVO2,arXiv/TRO,2024,VI,ESVO2,yes,Stereo E+I,metric,"SE3 (stereo, metric)",TUM-VIE,mocap-6dof,tumvie_6dof,ATE,cm,3.21,ok,ESVO2 Table VI/VII; '-'=not reported by that method's paper. ESVO2 = direct stereo event + IMU.
ESVO2,ESVO2,arXiv/TRO,2024,VI,ESVO2,yes,Stereo E+I,metric,"SE3 (stereo, metric)",TUM-VIE,mocap-desk,tumvie_desk,ATE,cm,6.16,ok,ESVO2 Table VI/VII; '-'=not reported by that method's paper. ESVO2 = direct stereo event + IMU.
ESVO2,ESVO2,arXiv/TRO,2024,VI,ESVO2,yes,Stereo E+I,metric,"SE3 (stereo, metric)",TUM-VIE,mocap-desk2,tumvie_desk2,ATE,cm,4.02,ok,ESVO2 Table VI/VII; '-'=not reported by that method's paper. ESVO2 = direct stereo event + IMU.
ESVO2,ESVO2,arXiv/TRO,2024,VII,ESVO,no,Stereo E,metric,"SE3 (stereo, metric)",RPG,rpg_box,rpg_box,RPE_t,cm/s,7.2,ok,ESVO2 Table VI/VII; '-'=not reported by that method's paper. ESVO2 = direct stereo event + IMU.
ESVO2,ESVO2,arXiv/TRO,2024,VII,ESVO,no,Stereo E,metric,"SE3 (stereo, metric)",RPG,rpg_monitor,rpg_monitor,RPE_t,cm/s,3.2,ok,ESVO2 Table VI/VII; '-'=not reported by that method's paper. ESVO2 = direct stereo event + IMU.
ESVO2,ESVO2,arXiv/TRO,2024,VII,ESVO,no,Stereo E,metric,"SE3 (stereo, metric)",RPG,rpg_bin,rpg_bin,RPE_t,cm/s,3.1,ok,ESVO2 Table VI/VII; '-'=not reported by that method's paper. ESVO2 = direct stereo event + IMU.
ESVO2,ESVO2,arXiv/TRO,2024,VII,ESVO,no,Stereo E,metric,"SE3 (stereo, metric)",RPG,rpg_desk,rpg_desk,RPE_t,cm/s,4.5,ok,ESVO2 Table VI/VII; '-'=not reported by that method's paper. ESVO2 = direct stereo event + IMU.
ESVO2,ESVO2,arXiv/TRO,2024,VII,ESVO,no,Stereo E,metric,"SE3 (stereo, metric)",RPG,rpg_reader,rpg_reader,RPE_t,cm/s,5.6,ok,ESVO2 Table VI/VII; '-'=not reported by that method's paper. ESVO2 = direct stereo event + IMU.
ESVO2,ESVO2,arXiv/TRO,2024,VII,ES-PTAM,no,Stereo E,metric,"SE3 (stereo, metric)",RPG,rpg_box,rpg_box,RPE_t,cm/s,4.22,ok,ESVO2 Table VI/VII; '-'=not reported by that method's paper. ESVO2 = direct stereo event + IMU.
ESVO2,ESVO2,arXiv/TRO,2024,VII,ES-PTAM,no,Stereo E,metric,"SE3 (stereo, metric)",RPG,rpg_monitor,rpg_monitor,RPE_t,cm/s,2.59,ok,ESVO2 Table VI/VII; '-'=not reported by that method's paper. ESVO2 = direct stereo event + IMU.
ESVO2,ESVO2,arXiv/TRO,2024,VII,ES-PTAM,no,Stereo E,metric,"SE3 (stereo, metric)",RPG,rpg_bin,rpg_bin,RPE_t,cm/s,1.82,ok,ESVO2 Table VI/VII; '-'=not reported by that method's paper. ESVO2 = direct stereo event + IMU.
ESVO2,ESVO2,arXiv/TRO,2024,VII,ES-PTAM,no,Stereo E,metric,"SE3 (stereo, metric)",RPG,rpg_desk,rpg_desk,RPE_t,cm/s,3.99,ok,ESVO2 Table VI/VII; '-'=not reported by that method's paper. ESVO2 = direct stereo event + IMU.
ESVO2,ESVO2,arXiv/TRO,2024,VII,ES-PTAM,no,Stereo E,metric,"SE3 (stereo, metric)",RPG,rpg_reader,rpg_reader,RPE_t,cm/s,,n/a,ESVO2 Table VI/VII; '-'=not reported by that method's paper. ESVO2 = direct stereo event + IMU.
ESVO2,ESVO2,arXiv/TRO,2024,VII,ESIO,no,Stereo E+I,metric,"SE3 (stereo, metric)",RPG,rpg_box,rpg_box,RPE_t,cm/s,7.87,ok,ESVO2 Table VI/VII; '-'=not reported by that method's paper. ESVO2 = direct stereo event + IMU.
ESVO2,ESVO2,arXiv/TRO,2024,VII,ESIO,no,Stereo E+I,metric,"SE3 (stereo, metric)",RPG,rpg_monitor,rpg_monitor,RPE_t,cm/s,4.27,ok,ESVO2 Table VI/VII; '-'=not reported by that method's paper. ESVO2 = direct stereo event + IMU.
ESVO2,ESVO2,arXiv/TRO,2024,VII,ESIO,no,Stereo E+I,metric,"SE3 (stereo, metric)",RPG,rpg_bin,rpg_bin,RPE_t,cm/s,6.78,ok,ESVO2 Table VI/VII; '-'=not reported by that method's paper. ESVO2 = direct stereo event + IMU.
ESVO2,ESVO2,arXiv/TRO,2024,VII,ESIO,no,Stereo E+I,metric,"SE3 (stereo, metric)",RPG,rpg_desk,rpg_desk,RPE_t,cm/s,3.79,ok,ESVO2 Table VI/VII; '-'=not reported by that method's paper. ESVO2 = direct stereo event + IMU.
ESVO2,ESVO2,arXiv/TRO,2024,VII,ESIO,no,Stereo E+I,metric,"SE3 (stereo, metric)",RPG,rpg_reader,rpg_reader,RPE_t,cm/s,,failed,ESVO2 Table VI/VII; '-'=not reported by that method's paper. ESVO2 = direct stereo event + IMU.
ESVO2,ESVO2,arXiv/TRO,2024,VII,ESVIO,no,Stereo E+F+I,metric,"SE3 (stereo, metric)",RPG,rpg_box,rpg_box,RPE_t,cm/s,8.71,ok,ESVO2 Table VI/VII; '-'=not reported by that method's paper. ESVO2 = direct stereo event + IMU.
ESVO2,ESVO2,arXiv/TRO,2024,VII,ESVIO,no,Stereo E+F+I,metric,"SE3 (stereo, metric)",RPG,rpg_monitor,rpg_monitor,RPE_t,cm/s,7.93,ok,ESVO2 Table VI/VII; '-'=not reported by that method's paper. ESVO2 = direct stereo event + IMU.
ESVO2,ESVO2,arXiv/TRO,2024,VII,ESVIO,no,Stereo E+F+I,metric,"SE3 (stereo, metric)",RPG,rpg_bin,rpg_bin,RPE_t,cm/s,7.64,ok,ESVO2 Table VI/VII; '-'=not reported by that method's paper. ESVO2 = direct stereo event + IMU.
ESVO2,ESVO2,arXiv/TRO,2024,VII,ESVIO,no,Stereo E+F+I,metric,"SE3 (stereo, metric)",RPG,rpg_desk,rpg_desk,RPE_t,cm/s,3.65,ok,ESVO2 Table VI/VII; '-'=not reported by that method's paper. ESVO2 = direct stereo event + IMU.
ESVO2,ESVO2,arXiv/TRO,2024,VII,ESVIO,no,Stereo E+F+I,metric,"SE3 (stereo, metric)",RPG,rpg_reader,rpg_reader,RPE_t,cm/s,,n/a,ESVO2 Table VI/VII; '-'=not reported by that method's paper. ESVO2 = direct stereo event + IMU.
ESVO2,ESVO2,arXiv/TRO,2024,VII,ICRA'24 (ESVIO-AA),no,Stereo E+I,metric,"SE3 (stereo, metric)",RPG,rpg_box,rpg_box,RPE_t,cm/s,5.16,ok,ESVO2 Table VI/VII; '-'=not reported by that method's paper. ESVO2 = direct stereo event + IMU.
ESVO2,ESVO2,arXiv/TRO,2024,VII,ICRA'24 (ESVIO-AA),no,Stereo E+I,metric,"SE3 (stereo, metric)",RPG,rpg_monitor,rpg_monitor,RPE_t,cm/s,1.85,ok,ESVO2 Table VI/VII; '-'=not reported by that method's paper. ESVO2 = direct stereo event + IMU.
ESVO2,ESVO2,arXiv/TRO,2024,VII,ICRA'24 (ESVIO-AA),no,Stereo E+I,metric,"SE3 (stereo, metric)",RPG,rpg_bin,rpg_bin,RPE_t,cm/s,3.8,ok,ESVO2 Table VI/VII; '-'=not reported by that method's paper. ESVO2 = direct stereo event + IMU.
ESVO2,ESVO2,arXiv/TRO,2024,VII,ICRA'24 (ESVIO-AA),no,Stereo E+I,metric,"SE3 (stereo, metric)",RPG,rpg_desk,rpg_desk,RPE_t,cm/s,6.33,ok,ESVO2 Table VI/VII; '-'=not reported by that method's paper. ESVO2 = direct stereo event + IMU.
ESVO2,ESVO2,arXiv/TRO,2024,VII,ICRA'24 (ESVIO-AA),no,Stereo E+I,metric,"SE3 (stereo, metric)",RPG,rpg_reader,rpg_reader,RPE_t,cm/s,4.65,ok,ESVO2 Table VI/VII; '-'=not reported by that method's paper. ESVO2 = direct stereo event + IMU.
ESVO2,ESVO2,arXiv/TRO,2024,VII,ESVO2,yes,Stereo E+I,metric,"SE3 (stereo, metric)",RPG,rpg_box,rpg_box,RPE_t,cm/s,4.18,ok,ESVO2 Table VI/VII; '-'=not reported by that method's paper. ESVO2 = direct stereo event + IMU.
ESVO2,ESVO2,arXiv/TRO,2024,VII,ESVO2,yes,Stereo E+I,metric,"SE3 (stereo, metric)",RPG,rpg_monitor,rpg_monitor,RPE_t,cm/s,1.69,ok,ESVO2 Table VI/VII; '-'=not reported by that method's paper. ESVO2 = direct stereo event + IMU.
ESVO2,ESVO2,arXiv/TRO,2024,VII,ESVO2,yes,Stereo E+I,metric,"SE3 (stereo, metric)",RPG,rpg_bin,rpg_bin,RPE_t,cm/s,2.53,ok,ESVO2 Table VI/VII; '-'=not reported by that method's paper. ESVO2 = direct stereo event + IMU.
ESVO2,ESVO2,arXiv/TRO,2024,VII,ESVO2,yes,Stereo E+I,metric,"SE3 (stereo, metric)",RPG,rpg_desk,rpg_desk,RPE_t,cm/s,3.53,ok,ESVO2 Table VI/VII; '-'=not reported by that method's paper. ESVO2 = direct stereo event + IMU.
ESVO2,ESVO2,arXiv/TRO,2024,VII,ESVO2,yes,Stereo E+I,metric,"SE3 (stereo, metric)",RPG,rpg_reader,rpg_reader,RPE_t,cm/s,2.12,ok,ESVO2 Table VI/VII; '-'=not reported by that method's paper. ESVO2 = direct stereo event + IMU.
ESVO2,ESVO2,arXiv/TRO,2024,VII,ESVO,no,Stereo E,metric,"SE3 (stereo, metric)",MVSEC,indoor 1,indoor_flying1,RPE_t,cm/s,7.38,ok,ESVO2 Table VI/VII; '-'=not reported by that method's paper. ESVO2 = direct stereo event + IMU.
ESVO2,ESVO2,arXiv/TRO,2024,VII,ESVO,no,Stereo E,metric,"SE3 (stereo, metric)",MVSEC,indoor 2,indoor_flying2,RPE_t,cm/s,7.39,ok,ESVO2 Table VI/VII; '-'=not reported by that method's paper. ESVO2 = direct stereo event + IMU.
ESVO2,ESVO2,arXiv/TRO,2024,VII,ESVO,no,Stereo E,metric,"SE3 (stereo, metric)",MVSEC,indoor 3,indoor_flying3,RPE_t,cm/s,5.97,ok,ESVO2 Table VI/VII; '-'=not reported by that method's paper. ESVO2 = direct stereo event + IMU.
ESVO2,ESVO2,arXiv/TRO,2024,VII,ESVO,no,Stereo E,metric,"SE3 (stereo, metric)",MVSEC,indoor 4,indoor_flying4,RPE_t,cm/s,,failed,ESVO2 Table VI/VII; '-'=not reported by that method's paper. ESVO2 = direct stereo event + IMU.
ESVO2,ESVO2,arXiv/TRO,2024,VII,ES-PTAM,no,Stereo E,metric,"SE3 (stereo, metric)",MVSEC,indoor 1,indoor_flying1,RPE_t,cm/s,6.89,ok,ESVO2 Table VI/VII; '-'=not reported by that method's paper. ESVO2 = direct stereo event + IMU.
ESVO2,ESVO2,arXiv/TRO,2024,VII,ES-PTAM,no,Stereo E,metric,"SE3 (stereo, metric)",MVSEC,indoor 2,indoor_flying2,RPE_t,cm/s,,n/a,ESVO2 Table VI/VII; '-'=not reported by that method's paper. ESVO2 = direct stereo event + IMU.
ESVO2,ESVO2,arXiv/TRO,2024,VII,ES-PTAM,no,Stereo E,metric,"SE3 (stereo, metric)",MVSEC,indoor 3,indoor_flying3,RPE_t,cm/s,,n/a,ESVO2 Table VI/VII; '-'=not reported by that method's paper. ESVO2 = direct stereo event + IMU.
ESVO2,ESVO2,arXiv/TRO,2024,VII,ES-PTAM,no,Stereo E,metric,"SE3 (stereo, metric)",MVSEC,indoor 4,indoor_flying4,RPE_t,cm/s,,n/a,ESVO2 Table VI/VII; '-'=not reported by that method's paper. ESVO2 = direct stereo event + IMU.
ESVO2,ESVO2,arXiv/TRO,2024,VII,ESIO,no,Stereo E+I,metric,"SE3 (stereo, metric)",MVSEC,indoor 1,indoor_flying1,RPE_t,cm/s,228.84,ok,ESVO2 Table VI/VII; '-'=not reported by that method's paper. ESVO2 = direct stereo event + IMU.
ESVO2,ESVO2,arXiv/TRO,2024,VII,ESIO,no,Stereo E+I,metric,"SE3 (stereo, metric)",MVSEC,indoor 2,indoor_flying2,RPE_t,cm/s,134.48,ok,ESVO2 Table VI/VII; '-'=not reported by that method's paper. ESVO2 = direct stereo event + IMU.
ESVO2,ESVO2,arXiv/TRO,2024,VII,ESIO,no,Stereo E+I,metric,"SE3 (stereo, metric)",MVSEC,indoor 3,indoor_flying3,RPE_t,cm/s,,failed,ESVO2 Table VI/VII; '-'=not reported by that method's paper. ESVO2 = direct stereo event + IMU.
ESVO2,ESVO2,arXiv/TRO,2024,VII,ESIO,no,Stereo E+I,metric,"SE3 (stereo, metric)",MVSEC,indoor 4,indoor_flying4,RPE_t,cm/s,181.03,ok,ESVO2 Table VI/VII; '-'=not reported by that method's paper. ESVO2 = direct stereo event + IMU.
ESVO2,ESVO2,arXiv/TRO,2024,VII,ESVIO,no,Stereo E+F+I,metric,"SE3 (stereo, metric)",MVSEC,indoor 1,indoor_flying1,RPE_t,cm/s,5.92,ok,ESVO2 Table VI/VII; '-'=not reported by that method's paper. ESVO2 = direct stereo event + IMU.
ESVO2,ESVO2,arXiv/TRO,2024,VII,ESVIO,no,Stereo E+F+I,metric,"SE3 (stereo, metric)",MVSEC,indoor 2,indoor_flying2,RPE_t,cm/s,,n/a,ESVO2 Table VI/VII; '-'=not reported by that method's paper. ESVO2 = direct stereo event + IMU.
ESVO2,ESVO2,arXiv/TRO,2024,VII,ESVIO,no,Stereo E+F+I,metric,"SE3 (stereo, metric)",MVSEC,indoor 3,indoor_flying3,RPE_t,cm/s,4.81,ok,ESVO2 Table VI/VII; '-'=not reported by that method's paper. ESVO2 = direct stereo event + IMU.
ESVO2,ESVO2,arXiv/TRO,2024,VII,ESVIO,no,Stereo E+F+I,metric,"SE3 (stereo, metric)",MVSEC,indoor 4,indoor_flying4,RPE_t,cm/s,,n/a,ESVO2 Table VI/VII; '-'=not reported by that method's paper. ESVO2 = direct stereo event + IMU.
ESVO2,ESVO2,arXiv/TRO,2024,VII,ICRA'24 (ESVIO-AA),no,Stereo E+I,metric,"SE3 (stereo, metric)",MVSEC,indoor 1,indoor_flying1,RPE_t,cm/s,10.72,ok,ESVO2 Table VI/VII; '-'=not reported by that method's paper. ESVO2 = direct stereo event + IMU.
ESVO2,ESVO2,arXiv/TRO,2024,VII,ICRA'24 (ESVIO-AA),no,Stereo E+I,metric,"SE3 (stereo, metric)",MVSEC,indoor 2,indoor_flying2,RPE_t,cm/s,12.33,ok,ESVO2 Table VI/VII; '-'=not reported by that method's paper. ESVO2 = direct stereo event + IMU.
ESVO2,ESVO2,arXiv/TRO,2024,VII,ICRA'24 (ESVIO-AA),no,Stereo E+I,metric,"SE3 (stereo, metric)",MVSEC,indoor 3,indoor_flying3,RPE_t,cm/s,6.05,ok,ESVO2 Table VI/VII; '-'=not reported by that method's paper. ESVO2 = direct stereo event + IMU.
ESVO2,ESVO2,arXiv/TRO,2024,VII,ICRA'24 (ESVIO-AA),no,Stereo E+I,metric,"SE3 (stereo, metric)",MVSEC,indoor 4,indoor_flying4,RPE_t,cm/s,,failed,ESVO2 Table VI/VII; '-'=not reported by that method's paper. ESVO2 = direct stereo event + IMU.
ESVO2,ESVO2,arXiv/TRO,2024,VII,ESVO2,yes,Stereo E+I,metric,"SE3 (stereo, metric)",MVSEC,indoor 1,indoor_flying1,RPE_t,cm/s,5.05,ok,ESVO2 Table VI/VII; '-'=not reported by that method's paper. ESVO2 = direct stereo event + IMU.
ESVO2,ESVO2,arXiv/TRO,2024,VII,ESVO2,yes,Stereo E+I,metric,"SE3 (stereo, metric)",MVSEC,indoor 2,indoor_flying2,RPE_t,cm/s,6.12,ok,ESVO2 Table VI/VII; '-'=not reported by that method's paper. ESVO2 = direct stereo event + IMU.
ESVO2,ESVO2,arXiv/TRO,2024,VII,ESVO2,yes,Stereo E+I,metric,"SE3 (stereo, metric)",MVSEC,indoor 3,indoor_flying3,RPE_t,cm/s,4.75,ok,ESVO2 Table VI/VII; '-'=not reported by that method's paper. ESVO2 = direct stereo event + IMU.
ESVO2,ESVO2,arXiv/TRO,2024,VII,ESVO2,yes,Stereo E+I,metric,"SE3 (stereo, metric)",MVSEC,indoor 4,indoor_flying4,RPE_t,cm/s,10.36,ok,ESVO2 Table VI/VII; '-'=not reported by that method's paper. ESVO2 = direct stereo event + IMU.
ESVO2,ESVO2,arXiv/TRO,2024,VII,ESVO,no,Stereo E,metric,"SE3 (stereo, metric)",DSEC,city04_a,city04_a,RPE_t,cm/s,69.14,ok,ESVO2 Table VI/VII; '-'=not reported by that method's paper. ESVO2 = direct stereo event + IMU.
ESVO2,ESVO2,arXiv/TRO,2024,VII,ESVO,no,Stereo E,metric,"SE3 (stereo, metric)",DSEC,city04_b,city04_b,RPE_t,cm/s,32.84,ok,ESVO2 Table VI/VII; '-'=not reported by that method's paper. ESVO2 = direct stereo event + IMU.
ESVO2,ESVO2,arXiv/TRO,2024,VII,ESVO,no,Stereo E,metric,"SE3 (stereo, metric)",DSEC,city04_c,city04_c,RPE_t,cm/s,82.03,ok,ESVO2 Table VI/VII; '-'=not reported by that method's paper. ESVO2 = direct stereo event + IMU.
ESVO2,ESVO2,arXiv/TRO,2024,VII,ESVO,no,Stereo E,metric,"SE3 (stereo, metric)",DSEC,city04_d,city04_d,RPE_t,cm/s,190.67,ok,ESVO2 Table VI/VII; '-'=not reported by that method's paper. ESVO2 = direct stereo event + IMU.
ESVO2,ESVO2,arXiv/TRO,2024,VII,ESVO,no,Stereo E,metric,"SE3 (stereo, metric)",DSEC,city04_e,city04_e,RPE_t,cm/s,183.01,ok,ESVO2 Table VI/VII; '-'=not reported by that method's paper. ESVO2 = direct stereo event + IMU.
ESVO2,ESVO2,arXiv/TRO,2024,VII,ESVO,no,Stereo E,metric,"SE3 (stereo, metric)",DSEC,city04_f,city04_f,RPE_t,cm/s,267.62,ok,ESVO2 Table VI/VII; '-'=not reported by that method's paper. ESVO2 = direct stereo event + IMU.
ESVO2,ESVO2,arXiv/TRO,2024,VII,ESVO,no,Stereo E,metric,"SE3 (stereo, metric)",DSEC,city09_b,city09_b,RPE_t,cm/s,38.52,ok,ESVO2 Table VI/VII; '-'=not reported by that method's paper. ESVO2 = direct stereo event + IMU.
ESVO2,ESVO2,arXiv/TRO,2024,VII,ESVO,no,Stereo E,metric,"SE3 (stereo, metric)",DSEC,city11_a,city11_a,RPE_t,cm/s,56.82,ok,ESVO2 Table VI/VII; '-'=not reported by that method's paper. ESVO2 = direct stereo event + IMU.
ESVO2,ESVO2,arXiv/TRO,2024,VII,ESVO,no,Stereo E,metric,"SE3 (stereo, metric)",DSEC,city11_b,city11_b,RPE_t,cm/s,188.97,ok,ESVO2 Table VI/VII; '-'=not reported by that method's paper. ESVO2 = direct stereo event + IMU.
ESVO2,ESVO2,arXiv/TRO,2024,VII,ES-PTAM,no,Stereo E,metric,"SE3 (stereo, metric)",DSEC,city04_a,city04_a,RPE_t,cm/s,26.92,ok,ESVO2 Table VI/VII; '-'=not reported by that method's paper. ESVO2 = direct stereo event + IMU.
ESVO2,ESVO2,arXiv/TRO,2024,VII,ES-PTAM,no,Stereo E,metric,"SE3 (stereo, metric)",DSEC,city04_b,city04_b,RPE_t,cm/s,26.48,ok,ESVO2 Table VI/VII; '-'=not reported by that method's paper. ESVO2 = direct stereo event + IMU.
ESVO2,ESVO2,arXiv/TRO,2024,VII,ES-PTAM,no,Stereo E,metric,"SE3 (stereo, metric)",DSEC,city04_c,city04_c,RPE_t,cm/s,86.21,ok,ESVO2 Table VI/VII; '-'=not reported by that method's paper. ESVO2 = direct stereo event + IMU.
ESVO2,ESVO2,arXiv/TRO,2024,VII,ES-PTAM,no,Stereo E,metric,"SE3 (stereo, metric)",DSEC,city04_d,city04_d,RPE_t,cm/s,68.02,ok,ESVO2 Table VI/VII; '-'=not reported by that method's paper. ESVO2 = direct stereo event + IMU.
ESVO2,ESVO2,arXiv/TRO,2024,VII,ES-PTAM,no,Stereo E,metric,"SE3 (stereo, metric)",DSEC,city04_e,city04_e,RPE_t,cm/s,14.05,ok,ESVO2 Table VI/VII; '-'=not reported by that method's paper. ESVO2 = direct stereo event + IMU.
ESVO2,ESVO2,arXiv/TRO,2024,VII,ES-PTAM,no,Stereo E,metric,"SE3 (stereo, metric)",DSEC,city04_f,city04_f,RPE_t,cm/s,49.39,ok,ESVO2 Table VI/VII; '-'=not reported by that method's paper. ESVO2 = direct stereo event + IMU.
ESVO2,ESVO2,arXiv/TRO,2024,VII,ES-PTAM,no,Stereo E,metric,"SE3 (stereo, metric)",DSEC,city09_b,city09_b,RPE_t,cm/s,22.44,ok,ESVO2 Table VI/VII; '-'=not reported by that method's paper. ESVO2 = direct stereo event + IMU.
ESVO2,ESVO2,arXiv/TRO,2024,VII,ES-PTAM,no,Stereo E,metric,"SE3 (stereo, metric)",DSEC,city11_a,city11_a,RPE_t,cm/s,,n/a,ESVO2 Table VI/VII; '-'=not reported by that method's paper. ESVO2 = direct stereo event + IMU.
ESVO2,ESVO2,arXiv/TRO,2024,VII,ES-PTAM,no,Stereo E,metric,"SE3 (stereo, metric)",DSEC,city11_b,city11_b,RPE_t,cm/s,,n/a,ESVO2 Table VI/VII; '-'=not reported by that method's paper. ESVO2 = direct stereo event + IMU.
ESVO2,ESVO2,arXiv/TRO,2024,VII,ESIO,no,Stereo E+I,metric,"SE3 (stereo, metric)",DSEC,city04_a,city04_a,RPE_t,cm/s,187.03,ok,ESVO2 Table VI/VII; '-'=not reported by that method's paper. ESVO2 = direct stereo event + IMU.
ESVO2,ESVO2,arXiv/TRO,2024,VII,ESIO,no,Stereo E+I,metric,"SE3 (stereo, metric)",DSEC,city04_b,city04_b,RPE_t,cm/s,188.23,ok,ESVO2 Table VI/VII; '-'=not reported by that method's paper. ESVO2 = direct stereo event + IMU.
ESVO2,ESVO2,arXiv/TRO,2024,VII,ESIO,no,Stereo E+I,metric,"SE3 (stereo, metric)",DSEC,city04_c,city04_c,RPE_t,cm/s,145.64,ok,ESVO2 Table VI/VII; '-'=not reported by that method's paper. ESVO2 = direct stereo event + IMU.
ESVO2,ESVO2,arXiv/TRO,2024,VII,ESIO,no,Stereo E+I,metric,"SE3 (stereo, metric)",DSEC,city04_d,city04_d,RPE_t,cm/s,540.98,ok,ESVO2 Table VI/VII; '-'=not reported by that method's paper. ESVO2 = direct stereo event + IMU.
ESVO2,ESVO2,arXiv/TRO,2024,VII,ESIO,no,Stereo E+I,metric,"SE3 (stereo, metric)",DSEC,city04_e,city04_e,RPE_t,cm/s,461.23,ok,ESVO2 Table VI/VII; '-'=not reported by that method's paper. ESVO2 = direct stereo event + IMU.
ESVO2,ESVO2,arXiv/TRO,2024,VII,ESIO,no,Stereo E+I,metric,"SE3 (stereo, metric)",DSEC,city04_f,city04_f,RPE_t,cm/s,626.87,ok,ESVO2 Table VI/VII; '-'=not reported by that method's paper. ESVO2 = direct stereo event + IMU.
ESVO2,ESVO2,arXiv/TRO,2024,VII,ESIO,no,Stereo E+I,metric,"SE3 (stereo, metric)",DSEC,city09_b,city09_b,RPE_t,cm/s,,failed,ESVO2 Table VI/VII; '-'=not reported by that method's paper. ESVO2 = direct stereo event + IMU.
ESVO2,ESVO2,arXiv/TRO,2024,VII,ESIO,no,Stereo E+I,metric,"SE3 (stereo, metric)",DSEC,city11_a,city11_a,RPE_t,cm/s,54.53,ok,ESVO2 Table VI/VII; '-'=not reported by that method's paper. ESVO2 = direct stereo event + IMU.
ESVO2,ESVO2,arXiv/TRO,2024,VII,ESIO,no,Stereo E+I,metric,"SE3 (stereo, metric)",DSEC,city11_b,city11_b,RPE_t,cm/s,53.55,ok,ESVO2 Table VI/VII; '-'=not reported by that method's paper. ESVO2 = direct stereo event + IMU.
ESVO2,ESVO2,arXiv/TRO,2024,VII,ESVIO,no,Stereo E+F+I,metric,"SE3 (stereo, metric)",DSEC,city04_a,city04_a,RPE_t,cm/s,62.85,ok,ESVO2 Table VI/VII; '-'=not reported by that method's paper. ESVO2 = direct stereo event + IMU.
ESVO2,ESVO2,arXiv/TRO,2024,VII,ESVIO,no,Stereo E+F+I,metric,"SE3 (stereo, metric)",DSEC,city04_b,city04_b,RPE_t,cm/s,43.07,ok,ESVO2 Table VI/VII; '-'=not reported by that method's paper. ESVO2 = direct stereo event + IMU.
ESVO2,ESVO2,arXiv/TRO,2024,VII,ESVIO,no,Stereo E+F+I,metric,"SE3 (stereo, metric)",DSEC,city04_c,city04_c,RPE_t,cm/s,105.87,ok,ESVO2 Table VI/VII; '-'=not reported by that method's paper. ESVO2 = direct stereo event + IMU.
ESVO2,ESVO2,arXiv/TRO,2024,VII,ESVIO,no,Stereo E+F+I,metric,"SE3 (stereo, metric)",DSEC,city04_d,city04_d,RPE_t,cm/s,,n/a,ESVO2 Table VI/VII; '-'=not reported by that method's paper. ESVO2 = direct stereo event + IMU.
ESVO2,ESVO2,arXiv/TRO,2024,VII,ESVIO,no,Stereo E+F+I,metric,"SE3 (stereo, metric)",DSEC,city04_e,city04_e,RPE_t,cm/s,101.28,ok,ESVO2 Table VI/VII; '-'=not reported by that method's paper. ESVO2 = direct stereo event + IMU.
ESVO2,ESVO2,arXiv/TRO,2024,VII,ESVIO,no,Stereo E+F+I,metric,"SE3 (stereo, metric)",DSEC,city04_f,city04_f,RPE_t,cm/s,133.11,ok,ESVO2 Table VI/VII; '-'=not reported by that method's paper. ESVO2 = direct stereo event + IMU.
ESVO2,ESVO2,arXiv/TRO,2024,VII,ESVIO,no,Stereo E+F+I,metric,"SE3 (stereo, metric)",DSEC,city09_b,city09_b,RPE_t,cm/s,,n/a,ESVO2 Table VI/VII; '-'=not reported by that method's paper. ESVO2 = direct stereo event + IMU.
ESVO2,ESVO2,arXiv/TRO,2024,VII,ESVIO,no,Stereo E+F+I,metric,"SE3 (stereo, metric)",DSEC,city11_a,city11_a,RPE_t,cm/s,54.02,ok,ESVO2 Table VI/VII; '-'=not reported by that method's paper. ESVO2 = direct stereo event + IMU.
ESVO2,ESVO2,arXiv/TRO,2024,VII,ESVIO,no,Stereo E+F+I,metric,"SE3 (stereo, metric)",DSEC,city11_b,city11_b,RPE_t,cm/s,,n/a,ESVO2 Table VI/VII; '-'=not reported by that method's paper. ESVO2 = direct stereo event + IMU.
ESVO2,ESVO2,arXiv/TRO,2024,VII,ICRA'24 (ESVIO-AA),no,Stereo E+I,metric,"SE3 (stereo, metric)",DSEC,city04_a,city04_a,RPE_t,cm/s,20.91,ok,ESVO2 Table VI/VII; '-'=not reported by that method's paper. ESVO2 = direct stereo event + IMU.
ESVO2,ESVO2,arXiv/TRO,2024,VII,ICRA'24 (ESVIO-AA),no,Stereo E+I,metric,"SE3 (stereo, metric)",DSEC,city04_b,city04_b,RPE_t,cm/s,25.31,ok,ESVO2 Table VI/VII; '-'=not reported by that method's paper. ESVO2 = direct stereo event + IMU.
ESVO2,ESVO2,arXiv/TRO,2024,VII,ICRA'24 (ESVIO-AA),no,Stereo E+I,metric,"SE3 (stereo, metric)",DSEC,city04_c,city04_c,RPE_t,cm/s,71.76,ok,ESVO2 Table VI/VII; '-'=not reported by that method's paper. ESVO2 = direct stereo event + IMU.
ESVO2,ESVO2,arXiv/TRO,2024,VII,ICRA'24 (ESVIO-AA),no,Stereo E+I,metric,"SE3 (stereo, metric)",DSEC,city04_d,city04_d,RPE_t,cm/s,60.18,ok,ESVO2 Table VI/VII; '-'=not reported by that method's paper. ESVO2 = direct stereo event + IMU.
ESVO2,ESVO2,arXiv/TRO,2024,VII,ICRA'24 (ESVIO-AA),no,Stereo E+I,metric,"SE3 (stereo, metric)",DSEC,city04_e,city04_e,RPE_t,cm/s,50.78,ok,ESVO2 Table VI/VII; '-'=not reported by that method's paper. ESVO2 = direct stereo event + IMU.
ESVO2,ESVO2,arXiv/TRO,2024,VII,ICRA'24 (ESVIO-AA),no,Stereo E+I,metric,"SE3 (stereo, metric)",DSEC,city04_f,city04_f,RPE_t,cm/s,290.56,ok,ESVO2 Table VI/VII; '-'=not reported by that method's paper. ESVO2 = direct stereo event + IMU.
ESVO2,ESVO2,arXiv/TRO,2024,VII,ICRA'24 (ESVIO-AA),no,Stereo E+I,metric,"SE3 (stereo, metric)",DSEC,city09_b,city09_b,RPE_t,cm/s,20.25,ok,ESVO2 Table VI/VII; '-'=not reported by that method's paper. ESVO2 = direct stereo event + IMU.
ESVO2,ESVO2,arXiv/TRO,2024,VII,ICRA'24 (ESVIO-AA),no,Stereo E+I,metric,"SE3 (stereo, metric)",DSEC,city11_a,city11_a,RPE_t,cm/s,20.34,ok,ESVO2 Table VI/VII; '-'=not reported by that method's paper. ESVO2 = direct stereo event + IMU.
ESVO2,ESVO2,arXiv/TRO,2024,VII,ICRA'24 (ESVIO-AA),no,Stereo E+I,metric,"SE3 (stereo, metric)",DSEC,city11_b,city11_b,RPE_t,cm/s,91.94,ok,ESVO2 Table VI/VII; '-'=not reported by that method's paper. ESVO2 = direct stereo event + IMU.
ESVO2,ESVO2,arXiv/TRO,2024,VII,ESVO2,yes,Stereo E+I,metric,"SE3 (stereo, metric)",DSEC,city04_a,city04_a,RPE_t,cm/s,16.98,ok,ESVO2 Table VI/VII; '-'=not reported by that method's paper. ESVO2 = direct stereo event + IMU.
ESVO2,ESVO2,arXiv/TRO,2024,VII,ESVO2,yes,Stereo E+I,metric,"SE3 (stereo, metric)",DSEC,city04_b,city04_b,RPE_t,cm/s,21.7,ok,ESVO2 Table VI/VII; '-'=not reported by that method's paper. ESVO2 = direct stereo event + IMU.
ESVO2,ESVO2,arXiv/TRO,2024,VII,ESVO2,yes,Stereo E+I,metric,"SE3 (stereo, metric)",DSEC,city04_c,city04_c,RPE_t,cm/s,39.12,ok,ESVO2 Table VI/VII; '-'=not reported by that method's paper. ESVO2 = direct stereo event + IMU.
ESVO2,ESVO2,arXiv/TRO,2024,VII,ESVO2,yes,Stereo E+I,metric,"SE3 (stereo, metric)",DSEC,city04_d,city04_d,RPE_t,cm/s,18.0,ok,ESVO2 Table VI/VII; '-'=not reported by that method's paper. ESVO2 = direct stereo event + IMU.
ESVO2,ESVO2,arXiv/TRO,2024,VII,ESVO2,yes,Stereo E+I,metric,"SE3 (stereo, metric)",DSEC,city04_e,city04_e,RPE_t,cm/s,15.41,ok,ESVO2 Table VI/VII; '-'=not reported by that method's paper. ESVO2 = direct stereo event + IMU.
ESVO2,ESVO2,arXiv/TRO,2024,VII,ESVO2,yes,Stereo E+I,metric,"SE3 (stereo, metric)",DSEC,city04_f,city04_f,RPE_t,cm/s,20.05,ok,ESVO2 Table VI/VII; '-'=not reported by that method's paper. ESVO2 = direct stereo event + IMU.
ESVO2,ESVO2,arXiv/TRO,2024,VII,ESVO2,yes,Stereo E+I,metric,"SE3 (stereo, metric)",DSEC,city09_b,city09_b,RPE_t,cm/s,17.84,ok,ESVO2 Table VI/VII; '-'=not reported by that method's paper. ESVO2 = direct stereo event + IMU.
ESVO2,ESVO2,arXiv/TRO,2024,VII,ESVO2,yes,Stereo E+I,metric,"SE3 (stereo, metric)",DSEC,city11_a,city11_a,RPE_t,cm/s,12.94,ok,ESVO2 Table VI/VII; '-'=not reported by that method's paper. ESVO2 = direct stereo event + IMU.
ESVO2,ESVO2,arXiv/TRO,2024,VII,ESVO2,yes,Stereo E+I,metric,"SE3 (stereo, metric)",DSEC,city11_b,city11_b,RPE_t,cm/s,14.83,ok,ESVO2 Table VI/VII; '-'=not reported by that method's paper. ESVO2 = direct stereo event + IMU.
ESVO2,ESVO2,arXiv/TRO,2024,VII,ESVO,no,Stereo E,metric,"SE3 (stereo, metric)",VECtor,robot_normal,robot_normal,RPE_t,cm/s,16.79,ok,ESVO2 Table VI/VII; '-'=not reported by that method's paper. ESVO2 = direct stereo event + IMU.
ESVO2,ESVO2,arXiv/TRO,2024,VII,ESVO,no,Stereo E,metric,"SE3 (stereo, metric)",VECtor,robot_fast,robot_fast,RPE_t,cm/s,,failed,ESVO2 Table VI/VII; '-'=not reported by that method's paper. ESVO2 = direct stereo event + IMU.
ESVO2,ESVO2,arXiv/TRO,2024,VII,ESVO,no,Stereo E,metric,"SE3 (stereo, metric)",VECtor,corner_slow,corner_slow,RPE_t,cm/s,6.45,ok,ESVO2 Table VI/VII; '-'=not reported by that method's paper. ESVO2 = direct stereo event + IMU.
ESVO2,ESVO2,arXiv/TRO,2024,VII,ESVO,no,Stereo E,metric,"SE3 (stereo, metric)",VECtor,hdr_normal,hdr_normal,RPE_t,cm/s,5.55,ok,ESVO2 Table VI/VII; '-'=not reported by that method's paper. ESVO2 = direct stereo event + IMU.
ESVO2,ESVO2,arXiv/TRO,2024,VII,ESVO,no,Stereo E,metric,"SE3 (stereo, metric)",VECtor,sofa_normal,sofa_normal,RPE_t,cm/s,,failed,ESVO2 Table VI/VII; '-'=not reported by that method's paper. ESVO2 = direct stereo event + IMU.
ESVO2,ESVO2,arXiv/TRO,2024,VII,ESVO,no,Stereo E,metric,"SE3 (stereo, metric)",VECtor,desk_normal,desk_normal,RPE_t,cm/s,5.12,ok,ESVO2 Table VI/VII; '-'=not reported by that method's paper. ESVO2 = direct stereo event + IMU.
ESVO2,ESVO2,arXiv/TRO,2024,VII,ES-PTAM,no,Stereo E,metric,"SE3 (stereo, metric)",VECtor,robot_normal,robot_normal,RPE_t,cm/s,,n/a,ESVO2 Table VI/VII; '-'=not reported by that method's paper. ESVO2 = direct stereo event + IMU.
ESVO2,ESVO2,arXiv/TRO,2024,VII,ES-PTAM,no,Stereo E,metric,"SE3 (stereo, metric)",VECtor,robot_fast,robot_fast,RPE_t,cm/s,,n/a,ESVO2 Table VI/VII; '-'=not reported by that method's paper. ESVO2 = direct stereo event + IMU.
ESVO2,ESVO2,arXiv/TRO,2024,VII,ES-PTAM,no,Stereo E,metric,"SE3 (stereo, metric)",VECtor,corner_slow,corner_slow,RPE_t,cm/s,,n/a,ESVO2 Table VI/VII; '-'=not reported by that method's paper. ESVO2 = direct stereo event + IMU.
ESVO2,ESVO2,arXiv/TRO,2024,VII,ES-PTAM,no,Stereo E,metric,"SE3 (stereo, metric)",VECtor,hdr_normal,hdr_normal,RPE_t,cm/s,,n/a,ESVO2 Table VI/VII; '-'=not reported by that method's paper. ESVO2 = direct stereo event + IMU.
ESVO2,ESVO2,arXiv/TRO,2024,VII,ES-PTAM,no,Stereo E,metric,"SE3 (stereo, metric)",VECtor,sofa_normal,sofa_normal,RPE_t,cm/s,,n/a,ESVO2 Table VI/VII; '-'=not reported by that method's paper. ESVO2 = direct stereo event + IMU.
ESVO2,ESVO2,arXiv/TRO,2024,VII,ES-PTAM,no,Stereo E,metric,"SE3 (stereo, metric)",VECtor,desk_normal,desk_normal,RPE_t,cm/s,,n/a,ESVO2 Table VI/VII; '-'=not reported by that method's paper. ESVO2 = direct stereo event + IMU.
ESVO2,ESVO2,arXiv/TRO,2024,VII,ESIO,no,Stereo E+I,metric,"SE3 (stereo, metric)",VECtor,robot_normal,robot_normal,RPE_t,cm/s,3.38,ok,ESVO2 Table VI/VII; '-'=not reported by that method's paper. ESVO2 = direct stereo event + IMU.
ESVO2,ESVO2,arXiv/TRO,2024,VII,ESIO,no,Stereo E+I,metric,"SE3 (stereo, metric)",VECtor,robot_fast,robot_fast,RPE_t,cm/s,,failed,ESVO2 Table VI/VII; '-'=not reported by that method's paper. ESVO2 = direct stereo event + IMU.
ESVO2,ESVO2,arXiv/TRO,2024,VII,ESIO,no,Stereo E+I,metric,"SE3 (stereo, metric)",VECtor,corner_slow,corner_slow,RPE_t,cm/s,7.01,ok,ESVO2 Table VI/VII; '-'=not reported by that method's paper. ESVO2 = direct stereo event + IMU.
ESVO2,ESVO2,arXiv/TRO,2024,VII,ESIO,no,Stereo E+I,metric,"SE3 (stereo, metric)",VECtor,hdr_normal,hdr_normal,RPE_t,cm/s,15.65,ok,ESVO2 Table VI/VII; '-'=not reported by that method's paper. ESVO2 = direct stereo event + IMU.
ESVO2,ESVO2,arXiv/TRO,2024,VII,ESIO,no,Stereo E+I,metric,"SE3 (stereo, metric)",VECtor,sofa_normal,sofa_normal,RPE_t,cm/s,54.32,ok,ESVO2 Table VI/VII; '-'=not reported by that method's paper. ESVO2 = direct stereo event + IMU.
ESVO2,ESVO2,arXiv/TRO,2024,VII,ESIO,no,Stereo E+I,metric,"SE3 (stereo, metric)",VECtor,desk_normal,desk_normal,RPE_t,cm/s,,failed,ESVO2 Table VI/VII; '-'=not reported by that method's paper. ESVO2 = direct stereo event + IMU.
ESVO2,ESVO2,arXiv/TRO,2024,VII,ESVIO,no,Stereo E+F+I,metric,"SE3 (stereo, metric)",VECtor,robot_normal,robot_normal,RPE_t,cm/s,,n/a,ESVO2 Table VI/VII; '-'=not reported by that method's paper. ESVO2 = direct stereo event + IMU.
ESVO2,ESVO2,arXiv/TRO,2024,VII,ESVIO,no,Stereo E+F+I,metric,"SE3 (stereo, metric)",VECtor,robot_fast,robot_fast,RPE_t,cm/s,,n/a,ESVO2 Table VI/VII; '-'=not reported by that method's paper. ESVO2 = direct stereo event + IMU.
ESVO2,ESVO2,arXiv/TRO,2024,VII,ESVIO,no,Stereo E+F+I,metric,"SE3 (stereo, metric)",VECtor,corner_slow,corner_slow,RPE_t,cm/s,,n/a,ESVO2 Table VI/VII; '-'=not reported by that method's paper. ESVO2 = direct stereo event + IMU.
ESVO2,ESVO2,arXiv/TRO,2024,VII,ESVIO,no,Stereo E+F+I,metric,"SE3 (stereo, metric)",VECtor,hdr_normal,hdr_normal,RPE_t,cm/s,,n/a,ESVO2 Table VI/VII; '-'=not reported by that method's paper. ESVO2 = direct stereo event + IMU.
ESVO2,ESVO2,arXiv/TRO,2024,VII,ESVIO,no,Stereo E+F+I,metric,"SE3 (stereo, metric)",VECtor,sofa_normal,sofa_normal,RPE_t,cm/s,,n/a,ESVO2 Table VI/VII; '-'=not reported by that method's paper. ESVO2 = direct stereo event + IMU.
ESVO2,ESVO2,arXiv/TRO,2024,VII,ESVIO,no,Stereo E+F+I,metric,"SE3 (stereo, metric)",VECtor,desk_normal,desk_normal,RPE_t,cm/s,,n/a,ESVO2 Table VI/VII; '-'=not reported by that method's paper. ESVO2 = direct stereo event + IMU.
ESVO2,ESVO2,arXiv/TRO,2024,VII,ICRA'24 (ESVIO-AA),no,Stereo E+I,metric,"SE3 (stereo, metric)",VECtor,robot_normal,robot_normal,RPE_t,cm/s,6.18,ok,ESVO2 Table VI/VII; '-'=not reported by that method's paper. ESVO2 = direct stereo event + IMU.
ESVO2,ESVO2,arXiv/TRO,2024,VII,ICRA'24 (ESVIO-AA),no,Stereo E+I,metric,"SE3 (stereo, metric)",VECtor,robot_fast,robot_fast,RPE_t,cm/s,,failed,ESVO2 Table VI/VII; '-'=not reported by that method's paper. ESVO2 = direct stereo event + IMU.
ESVO2,ESVO2,arXiv/TRO,2024,VII,ICRA'24 (ESVIO-AA),no,Stereo E+I,metric,"SE3 (stereo, metric)",VECtor,corner_slow,corner_slow,RPE_t,cm/s,3.16,ok,ESVO2 Table VI/VII; '-'=not reported by that method's paper. ESVO2 = direct stereo event + IMU.
ESVO2,ESVO2,arXiv/TRO,2024,VII,ICRA'24 (ESVIO-AA),no,Stereo E+I,metric,"SE3 (stereo, metric)",VECtor,hdr_normal,hdr_normal,RPE_t,cm/s,6.54,ok,ESVO2 Table VI/VII; '-'=not reported by that method's paper. ESVO2 = direct stereo event + IMU.
ESVO2,ESVO2,arXiv/TRO,2024,VII,ICRA'24 (ESVIO-AA),no,Stereo E+I,metric,"SE3 (stereo, metric)",VECtor,sofa_normal,sofa_normal,RPE_t,cm/s,,failed,ESVO2 Table VI/VII; '-'=not reported by that method's paper. ESVO2 = direct stereo event + IMU.
ESVO2,ESVO2,arXiv/TRO,2024,VII,ICRA'24 (ESVIO-AA),no,Stereo E+I,metric,"SE3 (stereo, metric)",VECtor,desk_normal,desk_normal,RPE_t,cm/s,5.76,ok,ESVO2 Table VI/VII; '-'=not reported by that method's paper. ESVO2 = direct stereo event + IMU.
ESVO2,ESVO2,arXiv/TRO,2024,VII,ESVO2,yes,Stereo E+I,metric,"SE3 (stereo, metric)",VECtor,robot_normal,robot_normal,RPE_t,cm/s,3.16,ok,ESVO2 Table VI/VII; '-'=not reported by that method's paper. ESVO2 = direct stereo event + IMU.
ESVO2,ESVO2,arXiv/TRO,2024,VII,ESVO2,yes,Stereo E+I,metric,"SE3 (stereo, metric)",VECtor,robot_fast,robot_fast,RPE_t,cm/s,8.22,ok,ESVO2 Table VI/VII; '-'=not reported by that method's paper. ESVO2 = direct stereo event + IMU.
ESVO2,ESVO2,arXiv/TRO,2024,VII,ESVO2,yes,Stereo E+I,metric,"SE3 (stereo, metric)",VECtor,corner_slow,corner_slow,RPE_t,cm/s,1.91,ok,ESVO2 Table VI/VII; '-'=not reported by that method's paper. ESVO2 = direct stereo event + IMU.
ESVO2,ESVO2,arXiv/TRO,2024,VII,ESVO2,yes,Stereo E+I,metric,"SE3 (stereo, metric)",VECtor,hdr_normal,hdr_normal,RPE_t,cm/s,3.79,ok,ESVO2 Table VI/VII; '-'=not reported by that method's paper. ESVO2 = direct stereo event + IMU.
ESVO2,ESVO2,arXiv/TRO,2024,VII,ESVO2,yes,Stereo E+I,metric,"SE3 (stereo, metric)",VECtor,sofa_normal,sofa_normal,RPE_t,cm/s,13.59,ok,ESVO2 Table VI/VII; '-'=not reported by that method's paper. ESVO2 = direct stereo event + IMU.
ESVO2,ESVO2,arXiv/TRO,2024,VII,ESVO2,yes,Stereo E+I,metric,"SE3 (stereo, metric)",VECtor,desk_normal,desk_normal,RPE_t,cm/s,3.5,ok,ESVO2 Table VI/VII; '-'=not reported by that method's paper. ESVO2 = direct stereo event + IMU.
ESVO2,ESVO2,arXiv/TRO,2024,VII,ESVO,no,Stereo E,metric,"SE3 (stereo, metric)",TUM-VIE,mocap-1d-trans,tumvie_1d_trans,RPE_t,cm/s,8.41,ok,ESVO2 Table VI/VII; '-'=not reported by that method's paper. ESVO2 = direct stereo event + IMU.
ESVO2,ESVO2,arXiv/TRO,2024,VII,ESVO,no,Stereo E,metric,"SE3 (stereo, metric)",TUM-VIE,mocap-3d-trans,tumvie_3d_trans,RPE_t,cm/s,7.47,ok,ESVO2 Table VI/VII; '-'=not reported by that method's paper. ESVO2 = direct stereo event + IMU.
ESVO2,ESVO2,arXiv/TRO,2024,VII,ESVO,no,Stereo E,metric,"SE3 (stereo, metric)",TUM-VIE,mocap-6dof,tumvie_6dof,RPE_t,cm/s,14.28,ok,ESVO2 Table VI/VII; '-'=not reported by that method's paper. ESVO2 = direct stereo event + IMU.
ESVO2,ESVO2,arXiv/TRO,2024,VII,ESVO,no,Stereo E,metric,"SE3 (stereo, metric)",TUM-VIE,mocap-desk,tumvie_desk,RPE_t,cm/s,5.87,ok,ESVO2 Table VI/VII; '-'=not reported by that method's paper. ESVO2 = direct stereo event + IMU.
ESVO2,ESVO2,arXiv/TRO,2024,VII,ESVO,no,Stereo E,metric,"SE3 (stereo, metric)",TUM-VIE,mocap-desk2,tumvie_desk2,RPE_t,cm/s,6.23,ok,ESVO2 Table VI/VII; '-'=not reported by that method's paper. ESVO2 = direct stereo event + IMU.
ESVO2,ESVO2,arXiv/TRO,2024,VII,ES-PTAM,no,Stereo E,metric,"SE3 (stereo, metric)",TUM-VIE,mocap-1d-trans,tumvie_1d_trans,RPE_t,cm/s,0.71,ok,ESVO2 Table VI/VII; '-'=not reported by that method's paper. ESVO2 = direct stereo event + IMU.
ESVO2,ESVO2,arXiv/TRO,2024,VII,ES-PTAM,no,Stereo E,metric,"SE3 (stereo, metric)",TUM-VIE,mocap-3d-trans,tumvie_3d_trans,RPE_t,cm/s,4.94,ok,ESVO2 Table VI/VII; '-'=not reported by that method's paper. ESVO2 = direct stereo event + IMU.
ESVO2,ESVO2,arXiv/TRO,2024,VII,ES-PTAM,no,Stereo E,metric,"SE3 (stereo, metric)",TUM-VIE,mocap-6dof,tumvie_6dof,RPE_t,cm/s,12.02,ok,ESVO2 Table VI/VII; '-'=not reported by that method's paper. ESVO2 = direct stereo event + IMU.
ESVO2,ESVO2,arXiv/TRO,2024,VII,ES-PTAM,no,Stereo E,metric,"SE3 (stereo, metric)",TUM-VIE,mocap-desk,tumvie_desk,RPE_t,cm/s,2.53,ok,ESVO2 Table VI/VII; '-'=not reported by that method's paper. ESVO2 = direct stereo event + IMU.
ESVO2,ESVO2,arXiv/TRO,2024,VII,ES-PTAM,no,Stereo E,metric,"SE3 (stereo, metric)",TUM-VIE,mocap-desk2,tumvie_desk2,RPE_t,cm/s,4.04,ok,ESVO2 Table VI/VII; '-'=not reported by that method's paper. ESVO2 = direct stereo event + IMU.
ESVO2,ESVO2,arXiv/TRO,2024,VII,ESIO,no,Stereo E+I,metric,"SE3 (stereo, metric)",TUM-VIE,mocap-1d-trans,tumvie_1d_trans,RPE_t,cm/s,,failed,ESVO2 Table VI/VII; '-'=not reported by that method's paper. ESVO2 = direct stereo event + IMU.
ESVO2,ESVO2,arXiv/TRO,2024,VII,ESIO,no,Stereo E+I,metric,"SE3 (stereo, metric)",TUM-VIE,mocap-3d-trans,tumvie_3d_trans,RPE_t,cm/s,,failed,ESVO2 Table VI/VII; '-'=not reported by that method's paper. ESVO2 = direct stereo event + IMU.
ESVO2,ESVO2,arXiv/TRO,2024,VII,ESIO,no,Stereo E+I,metric,"SE3 (stereo, metric)",TUM-VIE,mocap-6dof,tumvie_6dof,RPE_t,cm/s,,failed,ESVO2 Table VI/VII; '-'=not reported by that method's paper. ESVO2 = direct stereo event + IMU.
ESVO2,ESVO2,arXiv/TRO,2024,VII,ESIO,no,Stereo E+I,metric,"SE3 (stereo, metric)",TUM-VIE,mocap-desk,tumvie_desk,RPE_t,cm/s,,failed,ESVO2 Table VI/VII; '-'=not reported by that method's paper. ESVO2 = direct stereo event + IMU.
ESVO2,ESVO2,arXiv/TRO,2024,VII,ESIO,no,Stereo E+I,metric,"SE3 (stereo, metric)",TUM-VIE,mocap-desk2,tumvie_desk2,RPE_t,cm/s,,failed,ESVO2 Table VI/VII; '-'=not reported by that method's paper. ESVO2 = direct stereo event + IMU.
ESVO2,ESVO2,arXiv/TRO,2024,VII,ESVIO,no,Stereo E+F+I,metric,"SE3 (stereo, metric)",TUM-VIE,mocap-1d-trans,tumvie_1d_trans,RPE_t,cm/s,,n/a,ESVO2 Table VI/VII; '-'=not reported by that method's paper. ESVO2 = direct stereo event + IMU.
ESVO2,ESVO2,arXiv/TRO,2024,VII,ESVIO,no,Stereo E+F+I,metric,"SE3 (stereo, metric)",TUM-VIE,mocap-3d-trans,tumvie_3d_trans,RPE_t,cm/s,,n/a,ESVO2 Table VI/VII; '-'=not reported by that method's paper. ESVO2 = direct stereo event + IMU.
ESVO2,ESVO2,arXiv/TRO,2024,VII,ESVIO,no,Stereo E+F+I,metric,"SE3 (stereo, metric)",TUM-VIE,mocap-6dof,tumvie_6dof,RPE_t,cm/s,,n/a,ESVO2 Table VI/VII; '-'=not reported by that method's paper. ESVO2 = direct stereo event + IMU.
ESVO2,ESVO2,arXiv/TRO,2024,VII,ESVIO,no,Stereo E+F+I,metric,"SE3 (stereo, metric)",TUM-VIE,mocap-desk,tumvie_desk,RPE_t,cm/s,,n/a,ESVO2 Table VI/VII; '-'=not reported by that method's paper. ESVO2 = direct stereo event + IMU.
ESVO2,ESVO2,arXiv/TRO,2024,VII,ESVIO,no,Stereo E+F+I,metric,"SE3 (stereo, metric)",TUM-VIE,mocap-desk2,tumvie_desk2,RPE_t,cm/s,,n/a,ESVO2 Table VI/VII; '-'=not reported by that method's paper. ESVO2 = direct stereo event + IMU.
ESVO2,ESVO2,arXiv/TRO,2024,VII,ICRA'24 (ESVIO-AA),no,Stereo E+I,metric,"SE3 (stereo, metric)",TUM-VIE,mocap-1d-trans,tumvie_1d_trans,RPE_t,cm/s,1.21,ok,ESVO2 Table VI/VII; '-'=not reported by that method's paper. ESVO2 = direct stereo event + IMU.
ESVO2,ESVO2,arXiv/TRO,2024,VII,ICRA'24 (ESVIO-AA),no,Stereo E+I,metric,"SE3 (stereo, metric)",TUM-VIE,mocap-3d-trans,tumvie_3d_trans,RPE_t,cm/s,3.98,ok,ESVO2 Table VI/VII; '-'=not reported by that method's paper. ESVO2 = direct stereo event + IMU.
ESVO2,ESVO2,arXiv/TRO,2024,VII,ICRA'24 (ESVIO-AA),no,Stereo E+I,metric,"SE3 (stereo, metric)",TUM-VIE,mocap-6dof,tumvie_6dof,RPE_t,cm/s,,failed,ESVO2 Table VI/VII; '-'=not reported by that method's paper. ESVO2 = direct stereo event + IMU.
ESVO2,ESVO2,arXiv/TRO,2024,VII,ICRA'24 (ESVIO-AA),no,Stereo E+I,metric,"SE3 (stereo, metric)",TUM-VIE,mocap-desk,tumvie_desk,RPE_t,cm/s,3.14,ok,ESVO2 Table VI/VII; '-'=not reported by that method's paper. ESVO2 = direct stereo event + IMU.
ESVO2,ESVO2,arXiv/TRO,2024,VII,ICRA'24 (ESVIO-AA),no,Stereo E+I,metric,"SE3 (stereo, metric)",TUM-VIE,mocap-desk2,tumvie_desk2,RPE_t,cm/s,4.2,ok,ESVO2 Table VI/VII; '-'=not reported by that method's paper. ESVO2 = direct stereo event + IMU.
ESVO2,ESVO2,arXiv/TRO,2024,VII,ESVO2,yes,Stereo E+I,metric,"SE3 (stereo, metric)",TUM-VIE,mocap-1d-trans,tumvie_1d_trans,RPE_t,cm/s,1.06,ok,ESVO2 Table VI/VII; '-'=not reported by that method's paper. ESVO2 = direct stereo event + IMU.
ESVO2,ESVO2,arXiv/TRO,2024,VII,ESVO2,yes,Stereo E+I,metric,"SE3 (stereo, metric)",TUM-VIE,mocap-3d-trans,tumvie_3d_trans,RPE_t,cm/s,2.32,ok,ESVO2 Table VI/VII; '-'=not reported by that method's paper. ESVO2 = direct stereo event + IMU.
ESVO2,ESVO2,arXiv/TRO,2024,VII,ESVO2,yes,Stereo E+I,metric,"SE3 (stereo, metric)",TUM-VIE,mocap-6dof,tumvie_6dof,RPE_t,cm/s,2.49,ok,ESVO2 Table VI/VII; '-'=not reported by that method's paper. ESVO2 = direct stereo event + IMU.
ESVO2,ESVO2,arXiv/TRO,2024,VII,ESVO2,yes,Stereo E+I,metric,"SE3 (stereo, metric)",TUM-VIE,mocap-desk,tumvie_desk,RPE_t,cm/s,3.41,ok,ESVO2 Table VI/VII; '-'=not reported by that method's paper. ESVO2 = direct stereo event + IMU.
ESVO2,ESVO2,arXiv/TRO,2024,VII,ESVO2,yes,Stereo E+I,metric,"SE3 (stereo, metric)",TUM-VIE,mocap-desk2,tumvie_desk2,RPE_t,cm/s,2.41,ok,ESVO2 Table VI/VII; '-'=not reported by that method's paper. ESVO2 = direct stereo event + IMU.
STEREO_DEVO,Stereo-DEVO,RAL,2025,II,ESVO,no,Stereo E,metric,"SE3 (stereo, metric)",RPG,rpg_box,rpg_box,ATE,cm,5.8,ok,Stereo-DEVO T.II (RPE+ATE). DEIO shown under METRIC eval (no scale-correction) -> large VECtor/DSEC scale errors. Authors also drop DEVO entirely 'because its poses suffer from scale ambiguity'.
STEREO_DEVO,Stereo-DEVO,RAL,2025,II,ESVO,no,Stereo E,metric,"SE3 (stereo, metric)",RPG,rpg_monitor,rpg_monitor,ATE,cm,3.3,ok,Stereo-DEVO T.II (RPE+ATE). DEIO shown under METRIC eval (no scale-correction) -> large VECtor/DSEC scale errors. Authors also drop DEVO entirely 'because its poses suffer from scale ambiguity'.
STEREO_DEVO,Stereo-DEVO,RAL,2025,II,ESVO,no,Stereo E,metric,"SE3 (stereo, metric)",RPG,rpg_bin,rpg_bin,ATE,cm,2.8,ok,Stereo-DEVO T.II (RPE+ATE). DEIO shown under METRIC eval (no scale-correction) -> large VECtor/DSEC scale errors. Authors also drop DEVO entirely 'because its poses suffer from scale ambiguity'.
STEREO_DEVO,Stereo-DEVO,RAL,2025,II,ESVO,no,Stereo E,metric,"SE3 (stereo, metric)",RPG,rpg_desk,rpg_desk,ATE,cm,3.2,ok,Stereo-DEVO T.II (RPE+ATE). DEIO shown under METRIC eval (no scale-correction) -> large VECtor/DSEC scale errors. Authors also drop DEVO entirely 'because its poses suffer from scale ambiguity'.
STEREO_DEVO,Stereo-DEVO,RAL,2025,II,ESVO,no,Stereo E,metric,"SE3 (stereo, metric)",RPG,rpg_reader,rpg_reader,ATE,cm,6.6,ok,Stereo-DEVO T.II (RPE+ATE). DEIO shown under METRIC eval (no scale-correction) -> large VECtor/DSEC scale errors. Authors also drop DEVO entirely 'because its poses suffer from scale ambiguity'.
STEREO_DEVO,Stereo-DEVO,RAL,2025,II,ES-PTAM,no,Stereo E,metric,"SE3 (stereo, metric)",RPG,rpg_box,rpg_box,ATE,cm,4.06,ok,Stereo-DEVO T.II (RPE+ATE). DEIO shown under METRIC eval (no scale-correction) -> large VECtor/DSEC scale errors. Authors also drop DEVO entirely 'because its poses suffer from scale ambiguity'.
STEREO_DEVO,Stereo-DEVO,RAL,2025,II,ES-PTAM,no,Stereo E,metric,"SE3 (stereo, metric)",RPG,rpg_monitor,rpg_monitor,ATE,cm,2.34,ok,Stereo-DEVO T.II (RPE+ATE). DEIO shown under METRIC eval (no scale-correction) -> large VECtor/DSEC scale errors. Authors also drop DEVO entirely 'because its poses suffer from scale ambiguity'.
STEREO_DEVO,Stereo-DEVO,RAL,2025,II,ES-PTAM,no,Stereo E,metric,"SE3 (stereo, metric)",RPG,rpg_bin,rpg_bin,ATE,cm,2.57,ok,Stereo-DEVO T.II (RPE+ATE). DEIO shown under METRIC eval (no scale-correction) -> large VECtor/DSEC scale errors. Authors also drop DEVO entirely 'because its poses suffer from scale ambiguity'.
STEREO_DEVO,Stereo-DEVO,RAL,2025,II,ES-PTAM,no,Stereo E,metric,"SE3 (stereo, metric)",RPG,rpg_desk,rpg_desk,ATE,cm,2.84,ok,Stereo-DEVO T.II (RPE+ATE). DEIO shown under METRIC eval (no scale-correction) -> large VECtor/DSEC scale errors. Authors also drop DEVO entirely 'because its poses suffer from scale ambiguity'.
STEREO_DEVO,Stereo-DEVO,RAL,2025,II,ES-PTAM,no,Stereo E,metric,"SE3 (stereo, metric)",RPG,rpg_reader,rpg_reader,ATE,cm,,n/a,Stereo-DEVO T.II (RPE+ATE). DEIO shown under METRIC eval (no scale-correction) -> large VECtor/DSEC scale errors. Authors also drop DEVO entirely 'because its poses suffer from scale ambiguity'.
STEREO_DEVO,Stereo-DEVO,RAL,2025,II,ESIO,no,Stereo E+I,metric,"SE3 (stereo, metric)",RPG,rpg_box,rpg_box,ATE,cm,11.38,ok,Stereo-DEVO T.II (RPE+ATE). DEIO shown under METRIC eval (no scale-correction) -> large VECtor/DSEC scale errors. Authors also drop DEVO entirely 'because its poses suffer from scale ambiguity'.
STEREO_DEVO,Stereo-DEVO,RAL,2025,II,ESIO,no,Stereo E+I,metric,"SE3 (stereo, metric)",RPG,rpg_monitor,rpg_monitor,ATE,cm,7.87,ok,Stereo-DEVO T.II (RPE+ATE). DEIO shown under METRIC eval (no scale-correction) -> large VECtor/DSEC scale errors. Authors also drop DEVO entirely 'because its poses suffer from scale ambiguity'.
STEREO_DEVO,Stereo-DEVO,RAL,2025,II,ESIO,no,Stereo E+I,metric,"SE3 (stereo, metric)",RPG,rpg_bin,rpg_bin,ATE,cm,7.08,ok,Stereo-DEVO T.II (RPE+ATE). DEIO shown under METRIC eval (no scale-correction) -> large VECtor/DSEC scale errors. Authors also drop DEVO entirely 'because its poses suffer from scale ambiguity'.
STEREO_DEVO,Stereo-DEVO,RAL,2025,II,ESIO,no,Stereo E+I,metric,"SE3 (stereo, metric)",RPG,rpg_desk,rpg_desk,ATE,cm,3.16,ok,Stereo-DEVO T.II (RPE+ATE). DEIO shown under METRIC eval (no scale-correction) -> large VECtor/DSEC scale errors. Authors also drop DEVO entirely 'because its poses suffer from scale ambiguity'.
STEREO_DEVO,Stereo-DEVO,RAL,2025,II,ESIO,no,Stereo E+I,metric,"SE3 (stereo, metric)",RPG,rpg_reader,rpg_reader,ATE,cm,,failed,Stereo-DEVO T.II (RPE+ATE). DEIO shown under METRIC eval (no scale-correction) -> large VECtor/DSEC scale errors. Authors also drop DEVO entirely 'because its poses suffer from scale ambiguity'.
STEREO_DEVO,Stereo-DEVO,RAL,2025,II,ESVO2,no,Stereo E+I,metric,"SE3 (stereo, metric)",RPG,rpg_box,rpg_box,ATE,cm,4.31,ok,Stereo-DEVO T.II (RPE+ATE). DEIO shown under METRIC eval (no scale-correction) -> large VECtor/DSEC scale errors. Authors also drop DEVO entirely 'because its poses suffer from scale ambiguity'.
STEREO_DEVO,Stereo-DEVO,RAL,2025,II,ESVO2,no,Stereo E+I,metric,"SE3 (stereo, metric)",RPG,rpg_monitor,rpg_monitor,ATE,cm,2.31,ok,Stereo-DEVO T.II (RPE+ATE). DEIO shown under METRIC eval (no scale-correction) -> large VECtor/DSEC scale errors. Authors also drop DEVO entirely 'because its poses suffer from scale ambiguity'.
STEREO_DEVO,Stereo-DEVO,RAL,2025,II,ESVO2,no,Stereo E+I,metric,"SE3 (stereo, metric)",RPG,rpg_bin,rpg_bin,ATE,cm,2.27,ok,Stereo-DEVO T.II (RPE+ATE). DEIO shown under METRIC eval (no scale-correction) -> large VECtor/DSEC scale errors. Authors also drop DEVO entirely 'because its poses suffer from scale ambiguity'.
STEREO_DEVO,Stereo-DEVO,RAL,2025,II,ESVO2,no,Stereo E+I,metric,"SE3 (stereo, metric)",RPG,rpg_desk,rpg_desk,ATE,cm,1.57,ok,Stereo-DEVO T.II (RPE+ATE). DEIO shown under METRIC eval (no scale-correction) -> large VECtor/DSEC scale errors. Authors also drop DEVO entirely 'because its poses suffer from scale ambiguity'.
STEREO_DEVO,Stereo-DEVO,RAL,2025,II,ESVO2,no,Stereo E+I,metric,"SE3 (stereo, metric)",RPG,rpg_reader,rpg_reader,ATE,cm,2.68,ok,Stereo-DEVO T.II (RPE+ATE). DEIO shown under METRIC eval (no scale-correction) -> large VECtor/DSEC scale errors. Authors also drop DEVO entirely 'because its poses suffer from scale ambiguity'.
STEREO_DEVO,Stereo-DEVO,RAL,2025,II,DEIO,no,E+I,metric,"SE3 (stereo, metric)",RPG,rpg_box,rpg_box,ATE,cm,,n/a,Stereo-DEVO T.II (RPE+ATE). DEIO shown under METRIC eval (no scale-correction) -> large VECtor/DSEC scale errors. Authors also drop DEVO entirely 'because its poses suffer from scale ambiguity'.
STEREO_DEVO,Stereo-DEVO,RAL,2025,II,DEIO,no,E+I,metric,"SE3 (stereo, metric)",RPG,rpg_monitor,rpg_monitor,ATE,cm,,n/a,Stereo-DEVO T.II (RPE+ATE). DEIO shown under METRIC eval (no scale-correction) -> large VECtor/DSEC scale errors. Authors also drop DEVO entirely 'because its poses suffer from scale ambiguity'.
STEREO_DEVO,Stereo-DEVO,RAL,2025,II,DEIO,no,E+I,metric,"SE3 (stereo, metric)",RPG,rpg_bin,rpg_bin,ATE,cm,,n/a,Stereo-DEVO T.II (RPE+ATE). DEIO shown under METRIC eval (no scale-correction) -> large VECtor/DSEC scale errors. Authors also drop DEVO entirely 'because its poses suffer from scale ambiguity'.
STEREO_DEVO,Stereo-DEVO,RAL,2025,II,DEIO,no,E+I,metric,"SE3 (stereo, metric)",RPG,rpg_desk,rpg_desk,ATE,cm,,n/a,Stereo-DEVO T.II (RPE+ATE). DEIO shown under METRIC eval (no scale-correction) -> large VECtor/DSEC scale errors. Authors also drop DEVO entirely 'because its poses suffer from scale ambiguity'.
STEREO_DEVO,Stereo-DEVO,RAL,2025,II,DEIO,no,E+I,metric,"SE3 (stereo, metric)",RPG,rpg_reader,rpg_reader,ATE,cm,,n/a,Stereo-DEVO T.II (RPE+ATE). DEIO shown under METRIC eval (no scale-correction) -> large VECtor/DSEC scale errors. Authors also drop DEVO entirely 'because its poses suffer from scale ambiguity'.
STEREO_DEVO,Stereo-DEVO,RAL,2025,II,Stereo-DEVO,yes,Stereo E,metric,"SE3 (stereo, metric)",RPG,rpg_box,rpg_box,ATE,cm,1.92,ok,Stereo-DEVO T.II (RPE+ATE). DEIO shown under METRIC eval (no scale-correction) -> large VECtor/DSEC scale errors. Authors also drop DEVO entirely 'because its poses suffer from scale ambiguity'.
STEREO_DEVO,Stereo-DEVO,RAL,2025,II,Stereo-DEVO,yes,Stereo E,metric,"SE3 (stereo, metric)",RPG,rpg_monitor,rpg_monitor,ATE,cm,0.91,ok,Stereo-DEVO T.II (RPE+ATE). DEIO shown under METRIC eval (no scale-correction) -> large VECtor/DSEC scale errors. Authors also drop DEVO entirely 'because its poses suffer from scale ambiguity'.
STEREO_DEVO,Stereo-DEVO,RAL,2025,II,Stereo-DEVO,yes,Stereo E,metric,"SE3 (stereo, metric)",RPG,rpg_bin,rpg_bin,ATE,cm,1.16,ok,Stereo-DEVO T.II (RPE+ATE). DEIO shown under METRIC eval (no scale-correction) -> large VECtor/DSEC scale errors. Authors also drop DEVO entirely 'because its poses suffer from scale ambiguity'.
STEREO_DEVO,Stereo-DEVO,RAL,2025,II,Stereo-DEVO,yes,Stereo E,metric,"SE3 (stereo, metric)",RPG,rpg_desk,rpg_desk,ATE,cm,1.46,ok,Stereo-DEVO T.II (RPE+ATE). DEIO shown under METRIC eval (no scale-correction) -> large VECtor/DSEC scale errors. Authors also drop DEVO entirely 'because its poses suffer from scale ambiguity'.
STEREO_DEVO,Stereo-DEVO,RAL,2025,II,Stereo-DEVO,yes,Stereo E,metric,"SE3 (stereo, metric)",RPG,rpg_reader,rpg_reader,ATE,cm,3.78,ok,Stereo-DEVO T.II (RPE+ATE). DEIO shown under METRIC eval (no scale-correction) -> large VECtor/DSEC scale errors. Authors also drop DEVO entirely 'because its poses suffer from scale ambiguity'.
STEREO_DEVO,Stereo-DEVO,RAL,2025,II,ESVO,no,Stereo E,metric,"SE3 (stereo, metric)",MVSEC,indoor 1,indoor_flying1,ATE,cm,16.59,ok,Stereo-DEVO T.II (RPE+ATE). DEIO shown under METRIC eval (no scale-correction) -> large VECtor/DSEC scale errors. Authors also drop DEVO entirely 'because its poses suffer from scale ambiguity'.
STEREO_DEVO,Stereo-DEVO,RAL,2025,II,ESVO,no,Stereo E,metric,"SE3 (stereo, metric)",MVSEC,indoor 2,indoor_flying2,ATE,cm,14.94,ok,Stereo-DEVO T.II (RPE+ATE). DEIO shown under METRIC eval (no scale-correction) -> large VECtor/DSEC scale errors. Authors also drop DEVO entirely 'because its poses suffer from scale ambiguity'.
STEREO_DEVO,Stereo-DEVO,RAL,2025,II,ESVO,no,Stereo E,metric,"SE3 (stereo, metric)",MVSEC,indoor 3,indoor_flying3,ATE,cm,10.03,ok,Stereo-DEVO T.II (RPE+ATE). DEIO shown under METRIC eval (no scale-correction) -> large VECtor/DSEC scale errors. Authors also drop DEVO entirely 'because its poses suffer from scale ambiguity'.
STEREO_DEVO,Stereo-DEVO,RAL,2025,II,ESVO,no,Stereo E,metric,"SE3 (stereo, metric)",MVSEC,indoor 4,indoor_flying4,ATE,cm,,failed,Stereo-DEVO T.II (RPE+ATE). DEIO shown under METRIC eval (no scale-correction) -> large VECtor/DSEC scale errors. Authors also drop DEVO entirely 'because its poses suffer from scale ambiguity'.
STEREO_DEVO,Stereo-DEVO,RAL,2025,II,ES-PTAM,no,Stereo E,metric,"SE3 (stereo, metric)",MVSEC,indoor 1,indoor_flying1,ATE,cm,15.02,ok,Stereo-DEVO T.II (RPE+ATE). DEIO shown under METRIC eval (no scale-correction) -> large VECtor/DSEC scale errors. Authors also drop DEVO entirely 'because its poses suffer from scale ambiguity'.
STEREO_DEVO,Stereo-DEVO,RAL,2025,II,ES-PTAM,no,Stereo E,metric,"SE3 (stereo, metric)",MVSEC,indoor 2,indoor_flying2,ATE,cm,,n/a,Stereo-DEVO T.II (RPE+ATE). DEIO shown under METRIC eval (no scale-correction) -> large VECtor/DSEC scale errors. Authors also drop DEVO entirely 'because its poses suffer from scale ambiguity'.
STEREO_DEVO,Stereo-DEVO,RAL,2025,II,ES-PTAM,no,Stereo E,metric,"SE3 (stereo, metric)",MVSEC,indoor 3,indoor_flying3,ATE,cm,,n/a,Stereo-DEVO T.II (RPE+ATE). DEIO shown under METRIC eval (no scale-correction) -> large VECtor/DSEC scale errors. Authors also drop DEVO entirely 'because its poses suffer from scale ambiguity'.
STEREO_DEVO,Stereo-DEVO,RAL,2025,II,ES-PTAM,no,Stereo E,metric,"SE3 (stereo, metric)",MVSEC,indoor 4,indoor_flying4,ATE,cm,,n/a,Stereo-DEVO T.II (RPE+ATE). DEIO shown under METRIC eval (no scale-correction) -> large VECtor/DSEC scale errors. Authors also drop DEVO entirely 'because its poses suffer from scale ambiguity'.
STEREO_DEVO,Stereo-DEVO,RAL,2025,II,ESIO,no,Stereo E+I,metric,"SE3 (stereo, metric)",MVSEC,indoor 1,indoor_flying1,ATE,cm,820.36,ok,Stereo-DEVO T.II (RPE+ATE). DEIO shown under METRIC eval (no scale-correction) -> large VECtor/DSEC scale errors. Authors also drop DEVO entirely 'because its poses suffer from scale ambiguity'.
STEREO_DEVO,Stereo-DEVO,RAL,2025,II,ESIO,no,Stereo E+I,metric,"SE3 (stereo, metric)",MVSEC,indoor 2,indoor_flying2,ATE,cm,417.85,ok,Stereo-DEVO T.II (RPE+ATE). DEIO shown under METRIC eval (no scale-correction) -> large VECtor/DSEC scale errors. Authors also drop DEVO entirely 'because its poses suffer from scale ambiguity'.
STEREO_DEVO,Stereo-DEVO,RAL,2025,II,ESIO,no,Stereo E+I,metric,"SE3 (stereo, metric)",MVSEC,indoor 3,indoor_flying3,ATE,cm,,failed,Stereo-DEVO T.II (RPE+ATE). DEIO shown under METRIC eval (no scale-correction) -> large VECtor/DSEC scale errors. Authors also drop DEVO entirely 'because its poses suffer from scale ambiguity'.
STEREO_DEVO,Stereo-DEVO,RAL,2025,II,ESIO,no,Stereo E+I,metric,"SE3 (stereo, metric)",MVSEC,indoor 4,indoor_flying4,ATE,cm,173.51,ok,Stereo-DEVO T.II (RPE+ATE). DEIO shown under METRIC eval (no scale-correction) -> large VECtor/DSEC scale errors. Authors also drop DEVO entirely 'because its poses suffer from scale ambiguity'.
STEREO_DEVO,Stereo-DEVO,RAL,2025,II,ESVO2,no,Stereo E+I,metric,"SE3 (stereo, metric)",MVSEC,indoor 1,indoor_flying1,ATE,cm,7.63,ok,Stereo-DEVO T.II (RPE+ATE). DEIO shown under METRIC eval (no scale-correction) -> large VECtor/DSEC scale errors. Authors also drop DEVO entirely 'because its poses suffer from scale ambiguity'.
STEREO_DEVO,Stereo-DEVO,RAL,2025,II,ESVO2,no,Stereo E+I,metric,"SE3 (stereo, metric)",MVSEC,indoor 2,indoor_flying2,ATE,cm,10.05,ok,Stereo-DEVO T.II (RPE+ATE). DEIO shown under METRIC eval (no scale-correction) -> large VECtor/DSEC scale errors. Authors also drop DEVO entirely 'because its poses suffer from scale ambiguity'.
STEREO_DEVO,Stereo-DEVO,RAL,2025,II,ESVO2,no,Stereo E+I,metric,"SE3 (stereo, metric)",MVSEC,indoor 3,indoor_flying3,ATE,cm,7.35,ok,Stereo-DEVO T.II (RPE+ATE). DEIO shown under METRIC eval (no scale-correction) -> large VECtor/DSEC scale errors. Authors also drop DEVO entirely 'because its poses suffer from scale ambiguity'.
STEREO_DEVO,Stereo-DEVO,RAL,2025,II,ESVO2,no,Stereo E+I,metric,"SE3 (stereo, metric)",MVSEC,indoor 4,indoor_flying4,ATE,cm,5.59,ok,Stereo-DEVO T.II (RPE+ATE). DEIO shown under METRIC eval (no scale-correction) -> large VECtor/DSEC scale errors. Authors also drop DEVO entirely 'because its poses suffer from scale ambiguity'.
STEREO_DEVO,Stereo-DEVO,RAL,2025,II,DEIO,no,E+I,metric,"SE3 (stereo, metric)",MVSEC,indoor 1,indoor_flying1,ATE,cm,7.52,ok,Stereo-DEVO T.II (RPE+ATE). DEIO shown under METRIC eval (no scale-correction) -> large VECtor/DSEC scale errors. Authors also drop DEVO entirely 'because its poses suffer from scale ambiguity'.
STEREO_DEVO,Stereo-DEVO,RAL,2025,II,DEIO,no,E+I,metric,"SE3 (stereo, metric)",MVSEC,indoor 2,indoor_flying2,ATE,cm,6.96,ok,Stereo-DEVO T.II (RPE+ATE). DEIO shown under METRIC eval (no scale-correction) -> large VECtor/DSEC scale errors. Authors also drop DEVO entirely 'because its poses suffer from scale ambiguity'.
STEREO_DEVO,Stereo-DEVO,RAL,2025,II,DEIO,no,E+I,metric,"SE3 (stereo, metric)",MVSEC,indoor 3,indoor_flying3,ATE,cm,29.75,ok,Stereo-DEVO T.II (RPE+ATE). DEIO shown under METRIC eval (no scale-correction) -> large VECtor/DSEC scale errors. Authors also drop DEVO entirely 'because its poses suffer from scale ambiguity'.
STEREO_DEVO,Stereo-DEVO,RAL,2025,II,DEIO,no,E+I,metric,"SE3 (stereo, metric)",MVSEC,indoor 4,indoor_flying4,ATE,cm,12.71,ok,Stereo-DEVO T.II (RPE+ATE). DEIO shown under METRIC eval (no scale-correction) -> large VECtor/DSEC scale errors. Authors also drop DEVO entirely 'because its poses suffer from scale ambiguity'.
STEREO_DEVO,Stereo-DEVO,RAL,2025,II,Stereo-DEVO,yes,Stereo E,metric,"SE3 (stereo, metric)",MVSEC,indoor 1,indoor_flying1,ATE,cm,3.76,ok,Stereo-DEVO T.II (RPE+ATE). DEIO shown under METRIC eval (no scale-correction) -> large VECtor/DSEC scale errors. Authors also drop DEVO entirely 'because its poses suffer from scale ambiguity'.
STEREO_DEVO,Stereo-DEVO,RAL,2025,II,Stereo-DEVO,yes,Stereo E,metric,"SE3 (stereo, metric)",MVSEC,indoor 2,indoor_flying2,ATE,cm,8.0,ok,Stereo-DEVO T.II (RPE+ATE). DEIO shown under METRIC eval (no scale-correction) -> large VECtor/DSEC scale errors. Authors also drop DEVO entirely 'because its poses suffer from scale ambiguity'.
STEREO_DEVO,Stereo-DEVO,RAL,2025,II,Stereo-DEVO,yes,Stereo E,metric,"SE3 (stereo, metric)",MVSEC,indoor 3,indoor_flying3,ATE,cm,5.57,ok,Stereo-DEVO T.II (RPE+ATE). DEIO shown under METRIC eval (no scale-correction) -> large VECtor/DSEC scale errors. Authors also drop DEVO entirely 'because its poses suffer from scale ambiguity'.
STEREO_DEVO,Stereo-DEVO,RAL,2025,II,Stereo-DEVO,yes,Stereo E,metric,"SE3 (stereo, metric)",MVSEC,indoor 4,indoor_flying4,ATE,cm,4.57,ok,Stereo-DEVO T.II (RPE+ATE). DEIO shown under METRIC eval (no scale-correction) -> large VECtor/DSEC scale errors. Authors also drop DEVO entirely 'because its poses suffer from scale ambiguity'.
STEREO_DEVO,Stereo-DEVO,RAL,2025,II,ESVO,no,Stereo E,metric,"SE3 (stereo, metric)",DSEC,city04_a,city04_a,ATE,cm,370.32,ok,Stereo-DEVO T.II (RPE+ATE). DEIO shown under METRIC eval (no scale-correction) -> large VECtor/DSEC scale errors. Authors also drop DEVO entirely 'because its poses suffer from scale ambiguity'.
STEREO_DEVO,Stereo-DEVO,RAL,2025,II,ESVO,no,Stereo E,metric,"SE3 (stereo, metric)",DSEC,city04_b,city04_b,ATE,cm,115.56,ok,Stereo-DEVO T.II (RPE+ATE). DEIO shown under METRIC eval (no scale-correction) -> large VECtor/DSEC scale errors. Authors also drop DEVO entirely 'because its poses suffer from scale ambiguity'.
STEREO_DEVO,Stereo-DEVO,RAL,2025,II,ESVO,no,Stereo E,metric,"SE3 (stereo, metric)",DSEC,city04_c,city04_c,ATE,cm,932.84,ok,Stereo-DEVO T.II (RPE+ATE). DEIO shown under METRIC eval (no scale-correction) -> large VECtor/DSEC scale errors. Authors also drop DEVO entirely 'because its poses suffer from scale ambiguity'.
STEREO_DEVO,Stereo-DEVO,RAL,2025,II,ESVO,no,Stereo E,metric,"SE3 (stereo, metric)",DSEC,city04_d,city04_d,ATE,cm,2676.11,ok,Stereo-DEVO T.II (RPE+ATE). DEIO shown under METRIC eval (no scale-correction) -> large VECtor/DSEC scale errors. Authors also drop DEVO entirely 'because its poses suffer from scale ambiguity'.
STEREO_DEVO,Stereo-DEVO,RAL,2025,II,ESVO,no,Stereo E,metric,"SE3 (stereo, metric)",DSEC,city09_a,city09_a,ATE,cm,2433.91,ok,Stereo-DEVO T.II (RPE+ATE). DEIO shown under METRIC eval (no scale-correction) -> large VECtor/DSEC scale errors. Authors also drop DEVO entirely 'because its poses suffer from scale ambiguity'.
STEREO_DEVO,Stereo-DEVO,RAL,2025,II,ESVO,no,Stereo E,metric,"SE3 (stereo, metric)",DSEC,city09_b,city09_b,ATE,cm,742.19,ok,Stereo-DEVO T.II (RPE+ATE). DEIO shown under METRIC eval (no scale-correction) -> large VECtor/DSEC scale errors. Authors also drop DEVO entirely 'because its poses suffer from scale ambiguity'.
STEREO_DEVO,Stereo-DEVO,RAL,2025,II,ESVO,no,Stereo E,metric,"SE3 (stereo, metric)",DSEC,city09_c,city09_c,ATE,cm,2962.4,ok,Stereo-DEVO T.II (RPE+ATE). DEIO shown under METRIC eval (no scale-correction) -> large VECtor/DSEC scale errors. Authors also drop DEVO entirely 'because its poses suffer from scale ambiguity'.
STEREO_DEVO,Stereo-DEVO,RAL,2025,II,ESVO,no,Stereo E,metric,"SE3 (stereo, metric)",DSEC,city09_d,city09_d,ATE,cm,5398.48,ok,Stereo-DEVO T.II (RPE+ATE). DEIO shown under METRIC eval (no scale-correction) -> large VECtor/DSEC scale errors. Authors also drop DEVO entirely 'because its poses suffer from scale ambiguity'.
STEREO_DEVO,Stereo-DEVO,RAL,2025,II,ESVO,no,Stereo E,metric,"SE3 (stereo, metric)",DSEC,city09_e,city09_e,ATE,cm,3345.86,ok,Stereo-DEVO T.II (RPE+ATE). DEIO shown under METRIC eval (no scale-correction) -> large VECtor/DSEC scale errors. Authors also drop DEVO entirely 'because its poses suffer from scale ambiguity'.
STEREO_DEVO,Stereo-DEVO,RAL,2025,II,ESVO,no,Stereo E,metric,"SE3 (stereo, metric)",DSEC,city11_a,city11_a,ATE,cm,366.22,ok,Stereo-DEVO T.II (RPE+ATE). DEIO shown under METRIC eval (no scale-correction) -> large VECtor/DSEC scale errors. Authors also drop DEVO entirely 'because its poses suffer from scale ambiguity'.
STEREO_DEVO,Stereo-DEVO,RAL,2025,II,ESVO,no,Stereo E,metric,"SE3 (stereo, metric)",DSEC,city11_b,city11_b,ATE,cm,3241.69,ok,Stereo-DEVO T.II (RPE+ATE). DEIO shown under METRIC eval (no scale-correction) -> large VECtor/DSEC scale errors. Authors also drop DEVO entirely 'because its poses suffer from scale ambiguity'.
STEREO_DEVO,Stereo-DEVO,RAL,2025,II,ES-PTAM,no,Stereo E,metric,"SE3 (stereo, metric)",DSEC,city04_a,city04_a,ATE,cm,131.62,ok,Stereo-DEVO T.II (RPE+ATE). DEIO shown under METRIC eval (no scale-correction) -> large VECtor/DSEC scale errors. Authors also drop DEVO entirely 'because its poses suffer from scale ambiguity'.
STEREO_DEVO,Stereo-DEVO,RAL,2025,II,ES-PTAM,no,Stereo E,metric,"SE3 (stereo, metric)",DSEC,city04_b,city04_b,ATE,cm,29.02,ok,Stereo-DEVO T.II (RPE+ATE). DEIO shown under METRIC eval (no scale-correction) -> large VECtor/DSEC scale errors. Authors also drop DEVO entirely 'because its poses suffer from scale ambiguity'.
STEREO_DEVO,Stereo-DEVO,RAL,2025,II,ES-PTAM,no,Stereo E,metric,"SE3 (stereo, metric)",DSEC,city04_c,city04_c,ATE,cm,1184.37,ok,Stereo-DEVO T.II (RPE+ATE). DEIO shown under METRIC eval (no scale-correction) -> large VECtor/DSEC scale errors. Authors also drop DEVO entirely 'because its poses suffer from scale ambiguity'.
STEREO_DEVO,Stereo-DEVO,RAL,2025,II,ES-PTAM,no,Stereo E,metric,"SE3 (stereo, metric)",DSEC,city04_d,city04_d,ATE,cm,1053.87,ok,Stereo-DEVO T.II (RPE+ATE). DEIO shown under METRIC eval (no scale-correction) -> large VECtor/DSEC scale errors. Authors also drop DEVO entirely 'because its poses suffer from scale ambiguity'.
STEREO_DEVO,Stereo-DEVO,RAL,2025,II,ES-PTAM,no,Stereo E,metric,"SE3 (stereo, metric)",DSEC,city09_a,city09_a,ATE,cm,,failed,Stereo-DEVO T.II (RPE+ATE). DEIO shown under METRIC eval (no scale-correction) -> large VECtor/DSEC scale errors. Authors also drop DEVO entirely 'because its poses suffer from scale ambiguity'.
STEREO_DEVO,Stereo-DEVO,RAL,2025,II,ES-PTAM,no,Stereo E,metric,"SE3 (stereo, metric)",DSEC,city09_b,city09_b,ATE,cm,221.35,ok,Stereo-DEVO T.II (RPE+ATE). DEIO shown under METRIC eval (no scale-correction) -> large VECtor/DSEC scale errors. Authors also drop DEVO entirely 'because its poses suffer from scale ambiguity'.
STEREO_DEVO,Stereo-DEVO,RAL,2025,II,ES-PTAM,no,Stereo E,metric,"SE3 (stereo, metric)",DSEC,city09_c,city09_c,ATE,cm,3673.8,ok,Stereo-DEVO T.II (RPE+ATE). DEIO shown under METRIC eval (no scale-correction) -> large VECtor/DSEC scale errors. Authors also drop DEVO entirely 'because its poses suffer from scale ambiguity'.
STEREO_DEVO,Stereo-DEVO,RAL,2025,II,ES-PTAM,no,Stereo E,metric,"SE3 (stereo, metric)",DSEC,city09_d,city09_d,ATE,cm,,failed,Stereo-DEVO T.II (RPE+ATE). DEIO shown under METRIC eval (no scale-correction) -> large VECtor/DSEC scale errors. Authors also drop DEVO entirely 'because its poses suffer from scale ambiguity'.
STEREO_DEVO,Stereo-DEVO,RAL,2025,II,ES-PTAM,no,Stereo E,metric,"SE3 (stereo, metric)",DSEC,city09_e,city09_e,ATE,cm,1480.79,ok,Stereo-DEVO T.II (RPE+ATE). DEIO shown under METRIC eval (no scale-correction) -> large VECtor/DSEC scale errors. Authors also drop DEVO entirely 'because its poses suffer from scale ambiguity'.
STEREO_DEVO,Stereo-DEVO,RAL,2025,II,ES-PTAM,no,Stereo E,metric,"SE3 (stereo, metric)",DSEC,city11_a,city11_a,ATE,cm,117.86,ok,Stereo-DEVO T.II (RPE+ATE). DEIO shown under METRIC eval (no scale-correction) -> large VECtor/DSEC scale errors. Authors also drop DEVO entirely 'because its poses suffer from scale ambiguity'.
STEREO_DEVO,Stereo-DEVO,RAL,2025,II,ES-PTAM,no,Stereo E,metric,"SE3 (stereo, metric)",DSEC,city11_b,city11_b,ATE,cm,,failed,Stereo-DEVO T.II (RPE+ATE). DEIO shown under METRIC eval (no scale-correction) -> large VECtor/DSEC scale errors. Authors also drop DEVO entirely 'because its poses suffer from scale ambiguity'.
STEREO_DEVO,Stereo-DEVO,RAL,2025,II,ESIO,no,Stereo E+I,metric,"SE3 (stereo, metric)",DSEC,city04_a,city04_a,ATE,cm,940.8,ok,Stereo-DEVO T.II (RPE+ATE). DEIO shown under METRIC eval (no scale-correction) -> large VECtor/DSEC scale errors. Authors also drop DEVO entirely 'because its poses suffer from scale ambiguity'.
STEREO_DEVO,Stereo-DEVO,RAL,2025,II,ESIO,no,Stereo E+I,metric,"SE3 (stereo, metric)",DSEC,city04_b,city04_b,ATE,cm,434.87,ok,Stereo-DEVO T.II (RPE+ATE). DEIO shown under METRIC eval (no scale-correction) -> large VECtor/DSEC scale errors. Authors also drop DEVO entirely 'because its poses suffer from scale ambiguity'.
STEREO_DEVO,Stereo-DEVO,RAL,2025,II,ESIO,no,Stereo E+I,metric,"SE3 (stereo, metric)",DSEC,city04_c,city04_c,ATE,cm,1153.69,ok,Stereo-DEVO T.II (RPE+ATE). DEIO shown under METRIC eval (no scale-correction) -> large VECtor/DSEC scale errors. Authors also drop DEVO entirely 'because its poses suffer from scale ambiguity'.
STEREO_DEVO,Stereo-DEVO,RAL,2025,II,ESIO,no,Stereo E+I,metric,"SE3 (stereo, metric)",DSEC,city04_d,city04_d,ATE,cm,6822.53,ok,Stereo-DEVO T.II (RPE+ATE). DEIO shown under METRIC eval (no scale-correction) -> large VECtor/DSEC scale errors. Authors also drop DEVO entirely 'because its poses suffer from scale ambiguity'.
STEREO_DEVO,Stereo-DEVO,RAL,2025,II,ESIO,no,Stereo E+I,metric,"SE3 (stereo, metric)",DSEC,city09_a,city09_a,ATE,cm,,failed,Stereo-DEVO T.II (RPE+ATE). DEIO shown under METRIC eval (no scale-correction) -> large VECtor/DSEC scale errors. Authors also drop DEVO entirely 'because its poses suffer from scale ambiguity'.
STEREO_DEVO,Stereo-DEVO,RAL,2025,II,ESIO,no,Stereo E+I,metric,"SE3 (stereo, metric)",DSEC,city09_b,city09_b,ATE,cm,2887.84,ok,Stereo-DEVO T.II (RPE+ATE). DEIO shown under METRIC eval (no scale-correction) -> large VECtor/DSEC scale errors. Authors also drop DEVO entirely 'because its poses suffer from scale ambiguity'.
STEREO_DEVO,Stereo-DEVO,RAL,2025,II,ESIO,no,Stereo E+I,metric,"SE3 (stereo, metric)",DSEC,city09_c,city09_c,ATE,cm,,failed,Stereo-DEVO T.II (RPE+ATE). DEIO shown under METRIC eval (no scale-correction) -> large VECtor/DSEC scale errors. Authors also drop DEVO entirely 'because its poses suffer from scale ambiguity'.
STEREO_DEVO,Stereo-DEVO,RAL,2025,II,ESIO,no,Stereo E+I,metric,"SE3 (stereo, metric)",DSEC,city09_d,city09_d,ATE,cm,1766.16,ok,Stereo-DEVO T.II (RPE+ATE). DEIO shown under METRIC eval (no scale-correction) -> large VECtor/DSEC scale errors. Authors also drop DEVO entirely 'because its poses suffer from scale ambiguity'.
STEREO_DEVO,Stereo-DEVO,RAL,2025,II,ESIO,no,Stereo E+I,metric,"SE3 (stereo, metric)",DSEC,city09_e,city09_e,ATE,cm,4201.0,ok,Stereo-DEVO T.II (RPE+ATE). DEIO shown under METRIC eval (no scale-correction) -> large VECtor/DSEC scale errors. Authors also drop DEVO entirely 'because its poses suffer from scale ambiguity'.
STEREO_DEVO,Stereo-DEVO,RAL,2025,II,ESIO,no,Stereo E+I,metric,"SE3 (stereo, metric)",DSEC,city11_a,city11_a,ATE,cm,107.36,ok,Stereo-DEVO T.II (RPE+ATE). DEIO shown under METRIC eval (no scale-correction) -> large VECtor/DSEC scale errors. Authors also drop DEVO entirely 'because its poses suffer from scale ambiguity'.
STEREO_DEVO,Stereo-DEVO,RAL,2025,II,ESIO,no,Stereo E+I,metric,"SE3 (stereo, metric)",DSEC,city11_b,city11_b,ATE,cm,300.14,ok,Stereo-DEVO T.II (RPE+ATE). DEIO shown under METRIC eval (no scale-correction) -> large VECtor/DSEC scale errors. Authors also drop DEVO entirely 'because its poses suffer from scale ambiguity'.
STEREO_DEVO,Stereo-DEVO,RAL,2025,II,ESVO2,no,Stereo E+I,metric,"SE3 (stereo, metric)",DSEC,city04_a,city04_a,ATE,cm,56.17,ok,Stereo-DEVO T.II (RPE+ATE). DEIO shown under METRIC eval (no scale-correction) -> large VECtor/DSEC scale errors. Authors also drop DEVO entirely 'because its poses suffer from scale ambiguity'.
STEREO_DEVO,Stereo-DEVO,RAL,2025,II,ESVO2,no,Stereo E+I,metric,"SE3 (stereo, metric)",DSEC,city04_b,city04_b,ATE,cm,73.83,ok,Stereo-DEVO T.II (RPE+ATE). DEIO shown under METRIC eval (no scale-correction) -> large VECtor/DSEC scale errors. Authors also drop DEVO entirely 'because its poses suffer from scale ambiguity'.
STEREO_DEVO,Stereo-DEVO,RAL,2025,II,ESVO2,no,Stereo E+I,metric,"SE3 (stereo, metric)",DSEC,city04_c,city04_c,ATE,cm,508.71,ok,Stereo-DEVO T.II (RPE+ATE). DEIO shown under METRIC eval (no scale-correction) -> large VECtor/DSEC scale errors. Authors also drop DEVO entirely 'because its poses suffer from scale ambiguity'.
STEREO_DEVO,Stereo-DEVO,RAL,2025,II,ESVO2,no,Stereo E+I,metric,"SE3 (stereo, metric)",DSEC,city04_d,city04_d,ATE,cm,546.58,ok,Stereo-DEVO T.II (RPE+ATE). DEIO shown under METRIC eval (no scale-correction) -> large VECtor/DSEC scale errors. Authors also drop DEVO entirely 'because its poses suffer from scale ambiguity'.
STEREO_DEVO,Stereo-DEVO,RAL,2025,II,ESVO2,no,Stereo E+I,metric,"SE3 (stereo, metric)",DSEC,city09_a,city09_a,ATE,cm,1183.04,ok,Stereo-DEVO T.II (RPE+ATE). DEIO shown under METRIC eval (no scale-correction) -> large VECtor/DSEC scale errors. Authors also drop DEVO entirely 'because its poses suffer from scale ambiguity'.
STEREO_DEVO,Stereo-DEVO,RAL,2025,II,ESVO2,no,Stereo E+I,metric,"SE3 (stereo, metric)",DSEC,city09_b,city09_b,ATE,cm,107.48,ok,Stereo-DEVO T.II (RPE+ATE). DEIO shown under METRIC eval (no scale-correction) -> large VECtor/DSEC scale errors. Authors also drop DEVO entirely 'because its poses suffer from scale ambiguity'.
STEREO_DEVO,Stereo-DEVO,RAL,2025,II,ESVO2,no,Stereo E+I,metric,"SE3 (stereo, metric)",DSEC,city09_c,city09_c,ATE,cm,1648.3,ok,Stereo-DEVO T.II (RPE+ATE). DEIO shown under METRIC eval (no scale-correction) -> large VECtor/DSEC scale errors. Authors also drop DEVO entirely 'because its poses suffer from scale ambiguity'.
STEREO_DEVO,Stereo-DEVO,RAL,2025,II,ESVO2,no,Stereo E+I,metric,"SE3 (stereo, metric)",DSEC,city09_d,city09_d,ATE,cm,1920.36,ok,Stereo-DEVO T.II (RPE+ATE). DEIO shown under METRIC eval (no scale-correction) -> large VECtor/DSEC scale errors. Authors also drop DEVO entirely 'because its poses suffer from scale ambiguity'.
STEREO_DEVO,Stereo-DEVO,RAL,2025,II,ESVO2,no,Stereo E+I,metric,"SE3 (stereo, metric)",DSEC,city09_e,city09_e,ATE,cm,1075.09,ok,Stereo-DEVO T.II (RPE+ATE). DEIO shown under METRIC eval (no scale-correction) -> large VECtor/DSEC scale errors. Authors also drop DEVO entirely 'because its poses suffer from scale ambiguity'.
STEREO_DEVO,Stereo-DEVO,RAL,2025,II,ESVO2,no,Stereo E+I,metric,"SE3 (stereo, metric)",DSEC,city11_a,city11_a,ATE,cm,48.77,ok,Stereo-DEVO T.II (RPE+ATE). DEIO shown under METRIC eval (no scale-correction) -> large VECtor/DSEC scale errors. Authors also drop DEVO entirely 'because its poses suffer from scale ambiguity'.
STEREO_DEVO,Stereo-DEVO,RAL,2025,II,ESVO2,no,Stereo E+I,metric,"SE3 (stereo, metric)",DSEC,city11_b,city11_b,ATE,cm,441.79,ok,Stereo-DEVO T.II (RPE+ATE). DEIO shown under METRIC eval (no scale-correction) -> large VECtor/DSEC scale errors. Authors also drop DEVO entirely 'because its poses suffer from scale ambiguity'.
STEREO_DEVO,Stereo-DEVO,RAL,2025,II,DEIO,no,E+I,metric,"SE3 (stereo, metric)",DSEC,city04_a,city04_a,ATE,cm,184.51,ok,Stereo-DEVO T.II (RPE+ATE). DEIO shown under METRIC eval (no scale-correction) -> large VECtor/DSEC scale errors. Authors also drop DEVO entirely 'because its poses suffer from scale ambiguity'.
STEREO_DEVO,Stereo-DEVO,RAL,2025,II,DEIO,no,E+I,metric,"SE3 (stereo, metric)",DSEC,city04_b,city04_b,ATE,cm,116.44,ok,Stereo-DEVO T.II (RPE+ATE). DEIO shown under METRIC eval (no scale-correction) -> large VECtor/DSEC scale errors. Authors also drop DEVO entirely 'because its poses suffer from scale ambiguity'.
STEREO_DEVO,Stereo-DEVO,RAL,2025,II,DEIO,no,E+I,metric,"SE3 (stereo, metric)",DSEC,city04_c,city04_c,ATE,cm,9128.73,ok,Stereo-DEVO T.II (RPE+ATE). DEIO shown under METRIC eval (no scale-correction) -> large VECtor/DSEC scale errors. Authors also drop DEVO entirely 'because its poses suffer from scale ambiguity'.
STEREO_DEVO,Stereo-DEVO,RAL,2025,II,DEIO,no,E+I,metric,"SE3 (stereo, metric)",DSEC,city04_d,city04_d,ATE,cm,10970.03,ok,Stereo-DEVO T.II (RPE+ATE). DEIO shown under METRIC eval (no scale-correction) -> large VECtor/DSEC scale errors. Authors also drop DEVO entirely 'because its poses suffer from scale ambiguity'.
STEREO_DEVO,Stereo-DEVO,RAL,2025,II,DEIO,no,E+I,metric,"SE3 (stereo, metric)",DSEC,city09_a,city09_a,ATE,cm,,n/a,Stereo-DEVO T.II (RPE+ATE). DEIO shown under METRIC eval (no scale-correction) -> large VECtor/DSEC scale errors. Authors also drop DEVO entirely 'because its poses suffer from scale ambiguity'.
STEREO_DEVO,Stereo-DEVO,RAL,2025,II,DEIO,no,E+I,metric,"SE3 (stereo, metric)",DSEC,city09_b,city09_b,ATE,cm,,n/a,Stereo-DEVO T.II (RPE+ATE). DEIO shown under METRIC eval (no scale-correction) -> large VECtor/DSEC scale errors. Authors also drop DEVO entirely 'because its poses suffer from scale ambiguity'.
STEREO_DEVO,Stereo-DEVO,RAL,2025,II,DEIO,no,E+I,metric,"SE3 (stereo, metric)",DSEC,city09_c,city09_c,ATE,cm,,n/a,Stereo-DEVO T.II (RPE+ATE). DEIO shown under METRIC eval (no scale-correction) -> large VECtor/DSEC scale errors. Authors also drop DEVO entirely 'because its poses suffer from scale ambiguity'.
STEREO_DEVO,Stereo-DEVO,RAL,2025,II,DEIO,no,E+I,metric,"SE3 (stereo, metric)",DSEC,city09_d,city09_d,ATE,cm,,n/a,Stereo-DEVO T.II (RPE+ATE). DEIO shown under METRIC eval (no scale-correction) -> large VECtor/DSEC scale errors. Authors also drop DEVO entirely 'because its poses suffer from scale ambiguity'.
STEREO_DEVO,Stereo-DEVO,RAL,2025,II,DEIO,no,E+I,metric,"SE3 (stereo, metric)",DSEC,city09_e,city09_e,ATE,cm,,n/a,Stereo-DEVO T.II (RPE+ATE). DEIO shown under METRIC eval (no scale-correction) -> large VECtor/DSEC scale errors. Authors also drop DEVO entirely 'because its poses suffer from scale ambiguity'.
STEREO_DEVO,Stereo-DEVO,RAL,2025,II,DEIO,no,E+I,metric,"SE3 (stereo, metric)",DSEC,city11_a,city11_a,ATE,cm,,n/a,Stereo-DEVO T.II (RPE+ATE). DEIO shown under METRIC eval (no scale-correction) -> large VECtor/DSEC scale errors. Authors also drop DEVO entirely 'because its poses suffer from scale ambiguity'.
STEREO_DEVO,Stereo-DEVO,RAL,2025,II,DEIO,no,E+I,metric,"SE3 (stereo, metric)",DSEC,city11_b,city11_b,ATE,cm,,n/a,Stereo-DEVO T.II (RPE+ATE). DEIO shown under METRIC eval (no scale-correction) -> large VECtor/DSEC scale errors. Authors also drop DEVO entirely 'because its poses suffer from scale ambiguity'.
STEREO_DEVO,Stereo-DEVO,RAL,2025,II,Stereo-DEVO,yes,Stereo E,metric,"SE3 (stereo, metric)",DSEC,city04_a,city04_a,ATE,cm,96.86,ok,Stereo-DEVO T.II (RPE+ATE). DEIO shown under METRIC eval (no scale-correction) -> large VECtor/DSEC scale errors. Authors also drop DEVO entirely 'because its poses suffer from scale ambiguity'.
STEREO_DEVO,Stereo-DEVO,RAL,2025,II,Stereo-DEVO,yes,Stereo E,metric,"SE3 (stereo, metric)",DSEC,city04_b,city04_b,ATE,cm,17.65,ok,Stereo-DEVO T.II (RPE+ATE). DEIO shown under METRIC eval (no scale-correction) -> large VECtor/DSEC scale errors. Authors also drop DEVO entirely 'because its poses suffer from scale ambiguity'.
STEREO_DEVO,Stereo-DEVO,RAL,2025,II,Stereo-DEVO,yes,Stereo E,metric,"SE3 (stereo, metric)",DSEC,city04_c,city04_c,ATE,cm,481.62,ok,Stereo-DEVO T.II (RPE+ATE). DEIO shown under METRIC eval (no scale-correction) -> large VECtor/DSEC scale errors. Authors also drop DEVO entirely 'because its poses suffer from scale ambiguity'.
STEREO_DEVO,Stereo-DEVO,RAL,2025,II,Stereo-DEVO,yes,Stereo E,metric,"SE3 (stereo, metric)",DSEC,city04_d,city04_d,ATE,cm,406.2,ok,Stereo-DEVO T.II (RPE+ATE). DEIO shown under METRIC eval (no scale-correction) -> large VECtor/DSEC scale errors. Authors also drop DEVO entirely 'because its poses suffer from scale ambiguity'.
STEREO_DEVO,Stereo-DEVO,RAL,2025,II,Stereo-DEVO,yes,Stereo E,metric,"SE3 (stereo, metric)",DSEC,city09_a,city09_a,ATE,cm,196.97,ok,Stereo-DEVO T.II (RPE+ATE). DEIO shown under METRIC eval (no scale-correction) -> large VECtor/DSEC scale errors. Authors also drop DEVO entirely 'because its poses suffer from scale ambiguity'.
STEREO_DEVO,Stereo-DEVO,RAL,2025,II,Stereo-DEVO,yes,Stereo E,metric,"SE3 (stereo, metric)",DSEC,city09_b,city09_b,ATE,cm,267.8,ok,Stereo-DEVO T.II (RPE+ATE). DEIO shown under METRIC eval (no scale-correction) -> large VECtor/DSEC scale errors. Authors also drop DEVO entirely 'because its poses suffer from scale ambiguity'.
STEREO_DEVO,Stereo-DEVO,RAL,2025,II,Stereo-DEVO,yes,Stereo E,metric,"SE3 (stereo, metric)",DSEC,city09_c,city09_c,ATE,cm,931.15,ok,Stereo-DEVO T.II (RPE+ATE). DEIO shown under METRIC eval (no scale-correction) -> large VECtor/DSEC scale errors. Authors also drop DEVO entirely 'because its poses suffer from scale ambiguity'.
STEREO_DEVO,Stereo-DEVO,RAL,2025,II,Stereo-DEVO,yes,Stereo E,metric,"SE3 (stereo, metric)",DSEC,city09_d,city09_d,ATE,cm,625.81,ok,Stereo-DEVO T.II (RPE+ATE). DEIO shown under METRIC eval (no scale-correction) -> large VECtor/DSEC scale errors. Authors also drop DEVO entirely 'because its poses suffer from scale ambiguity'.
STEREO_DEVO,Stereo-DEVO,RAL,2025,II,Stereo-DEVO,yes,Stereo E,metric,"SE3 (stereo, metric)",DSEC,city09_e,city09_e,ATE,cm,246.26,ok,Stereo-DEVO T.II (RPE+ATE). DEIO shown under METRIC eval (no scale-correction) -> large VECtor/DSEC scale errors. Authors also drop DEVO entirely 'because its poses suffer from scale ambiguity'.
STEREO_DEVO,Stereo-DEVO,RAL,2025,II,Stereo-DEVO,yes,Stereo E,metric,"SE3 (stereo, metric)",DSEC,city11_a,city11_a,ATE,cm,47.56,ok,Stereo-DEVO T.II (RPE+ATE). DEIO shown under METRIC eval (no scale-correction) -> large VECtor/DSEC scale errors. Authors also drop DEVO entirely 'because its poses suffer from scale ambiguity'.
STEREO_DEVO,Stereo-DEVO,RAL,2025,II,Stereo-DEVO,yes,Stereo E,metric,"SE3 (stereo, metric)",DSEC,city11_b,city11_b,ATE,cm,282.06,ok,Stereo-DEVO T.II (RPE+ATE). DEIO shown under METRIC eval (no scale-correction) -> large VECtor/DSEC scale errors. Authors also drop DEVO entirely 'because its poses suffer from scale ambiguity'.
STEREO_DEVO,Stereo-DEVO,RAL,2025,II,ESVO,no,Stereo E,metric,"SE3 (stereo, metric)",VECtor,robot_normal,robot_normal,ATE,cm,7.32,ok,"Stereo-DEVO T.II (RPE+ATE). DEIO shown under METRIC eval (no scale-correction) -> large VECtor/DSEC scale errors. Authors also drop DEVO entirely 'because its poses suffer from scale ambiguity'. DEIO metric ATE here (e.g. desk_normal 254.76, units_dolly 826.73 cm) is the scale failure."
STEREO_DEVO,Stereo-DEVO,RAL,2025,II,ESVO,no,Stereo E,metric,"SE3 (stereo, metric)",VECtor,corner_slow,corner_slow,ATE,cm,13.7,ok,"Stereo-DEVO T.II (RPE+ATE). DEIO shown under METRIC eval (no scale-correction) -> large VECtor/DSEC scale errors. Authors also drop DEVO entirely 'because its poses suffer from scale ambiguity'. DEIO metric ATE here (e.g. desk_normal 254.76, units_dolly 826.73 cm) is the scale failure."
STEREO_DEVO,Stereo-DEVO,RAL,2025,II,ESVO,no,Stereo E,metric,"SE3 (stereo, metric)",VECtor,hdr_normal,hdr_normal,ATE,cm,18.4,ok,"Stereo-DEVO T.II (RPE+ATE). DEIO shown under METRIC eval (no scale-correction) -> large VECtor/DSEC scale errors. Authors also drop DEVO entirely 'because its poses suffer from scale ambiguity'. DEIO metric ATE here (e.g. desk_normal 254.76, units_dolly 826.73 cm) is the scale failure."
STEREO_DEVO,Stereo-DEVO,RAL,2025,II,ESVO,no,Stereo E,metric,"SE3 (stereo, metric)",VECtor,sofa_normal,sofa_normal,ATE,cm,,failed,"Stereo-DEVO T.II (RPE+ATE). DEIO shown under METRIC eval (no scale-correction) -> large VECtor/DSEC scale errors. Authors also drop DEVO entirely 'because its poses suffer from scale ambiguity'. DEIO metric ATE here (e.g. desk_normal 254.76, units_dolly 826.73 cm) is the scale failure."
STEREO_DEVO,Stereo-DEVO,RAL,2025,II,ESVO,no,Stereo E,metric,"SE3 (stereo, metric)",VECtor,desk_normal,desk_normal,ATE,cm,20.81,ok,"Stereo-DEVO T.II (RPE+ATE). DEIO shown under METRIC eval (no scale-correction) -> large VECtor/DSEC scale errors. Authors also drop DEVO entirely 'because its poses suffer from scale ambiguity'. DEIO metric ATE here (e.g. desk_normal 254.76, units_dolly 826.73 cm) is the scale failure."
STEREO_DEVO,Stereo-DEVO,RAL,2025,II,ESVO,no,Stereo E,metric,"SE3 (stereo, metric)",VECtor,corridors_dolly,corridors_dolly,ATE,cm,,failed,"Stereo-DEVO T.II (RPE+ATE). DEIO shown under METRIC eval (no scale-correction) -> large VECtor/DSEC scale errors. Authors also drop DEVO entirely 'because its poses suffer from scale ambiguity'. DEIO metric ATE here (e.g. desk_normal 254.76, units_dolly 826.73 cm) is the scale failure."
STEREO_DEVO,Stereo-DEVO,RAL,2025,II,ESVO,no,Stereo E,metric,"SE3 (stereo, metric)",VECtor,units_dolly,units_dolly,ATE,cm,,failed,"Stereo-DEVO T.II (RPE+ATE). DEIO shown under METRIC eval (no scale-correction) -> large VECtor/DSEC scale errors. Authors also drop DEVO entirely 'because its poses suffer from scale ambiguity'. DEIO metric ATE here (e.g. desk_normal 254.76, units_dolly 826.73 cm) is the scale failure."
STEREO_DEVO,Stereo-DEVO,RAL,2025,II,ES-PTAM,no,Stereo E,metric,"SE3 (stereo, metric)",VECtor,robot_normal,robot_normal,ATE,cm,,n/a,"Stereo-DEVO T.II (RPE+ATE). DEIO shown under METRIC eval (no scale-correction) -> large VECtor/DSEC scale errors. Authors also drop DEVO entirely 'because its poses suffer from scale ambiguity'. DEIO metric ATE here (e.g. desk_normal 254.76, units_dolly 826.73 cm) is the scale failure."
STEREO_DEVO,Stereo-DEVO,RAL,2025,II,ES-PTAM,no,Stereo E,metric,"SE3 (stereo, metric)",VECtor,corner_slow,corner_slow,ATE,cm,,n/a,"Stereo-DEVO T.II (RPE+ATE). DEIO shown under METRIC eval (no scale-correction) -> large VECtor/DSEC scale errors. Authors also drop DEVO entirely 'because its poses suffer from scale ambiguity'. DEIO metric ATE here (e.g. desk_normal 254.76, units_dolly 826.73 cm) is the scale failure."
STEREO_DEVO,Stereo-DEVO,RAL,2025,II,ES-PTAM,no,Stereo E,metric,"SE3 (stereo, metric)",VECtor,hdr_normal,hdr_normal,ATE,cm,,n/a,"Stereo-DEVO T.II (RPE+ATE). DEIO shown under METRIC eval (no scale-correction) -> large VECtor/DSEC scale errors. Authors also drop DEVO entirely 'because its poses suffer from scale ambiguity'. DEIO metric ATE here (e.g. desk_normal 254.76, units_dolly 826.73 cm) is the scale failure."
STEREO_DEVO,Stereo-DEVO,RAL,2025,II,ES-PTAM,no,Stereo E,metric,"SE3 (stereo, metric)",VECtor,sofa_normal,sofa_normal,ATE,cm,,n/a,"Stereo-DEVO T.II (RPE+ATE). DEIO shown under METRIC eval (no scale-correction) -> large VECtor/DSEC scale errors. Authors also drop DEVO entirely 'because its poses suffer from scale ambiguity'. DEIO metric ATE here (e.g. desk_normal 254.76, units_dolly 826.73 cm) is the scale failure."
STEREO_DEVO,Stereo-DEVO,RAL,2025,II,ES-PTAM,no,Stereo E,metric,"SE3 (stereo, metric)",VECtor,desk_normal,desk_normal,ATE,cm,,n/a,"Stereo-DEVO T.II (RPE+ATE). DEIO shown under METRIC eval (no scale-correction) -> large VECtor/DSEC scale errors. Authors also drop DEVO entirely 'because its poses suffer from scale ambiguity'. DEIO metric ATE here (e.g. desk_normal 254.76, units_dolly 826.73 cm) is the scale failure."
STEREO_DEVO,Stereo-DEVO,RAL,2025,II,ES-PTAM,no,Stereo E,metric,"SE3 (stereo, metric)",VECtor,corridors_dolly,corridors_dolly,ATE,cm,,n/a,"Stereo-DEVO T.II (RPE+ATE). DEIO shown under METRIC eval (no scale-correction) -> large VECtor/DSEC scale errors. Authors also drop DEVO entirely 'because its poses suffer from scale ambiguity'. DEIO metric ATE here (e.g. desk_normal 254.76, units_dolly 826.73 cm) is the scale failure."
STEREO_DEVO,Stereo-DEVO,RAL,2025,II,ES-PTAM,no,Stereo E,metric,"SE3 (stereo, metric)",VECtor,units_dolly,units_dolly,ATE,cm,,n/a,"Stereo-DEVO T.II (RPE+ATE). DEIO shown under METRIC eval (no scale-correction) -> large VECtor/DSEC scale errors. Authors also drop DEVO entirely 'because its poses suffer from scale ambiguity'. DEIO metric ATE here (e.g. desk_normal 254.76, units_dolly 826.73 cm) is the scale failure."
STEREO_DEVO,Stereo-DEVO,RAL,2025,II,ESIO,no,Stereo E+I,metric,"SE3 (stereo, metric)",VECtor,robot_normal,robot_normal,ATE,cm,5.17,ok,"Stereo-DEVO T.II (RPE+ATE). DEIO shown under METRIC eval (no scale-correction) -> large VECtor/DSEC scale errors. Authors also drop DEVO entirely 'because its poses suffer from scale ambiguity'. DEIO metric ATE here (e.g. desk_normal 254.76, units_dolly 826.73 cm) is the scale failure."
STEREO_DEVO,Stereo-DEVO,RAL,2025,II,ESIO,no,Stereo E+I,metric,"SE3 (stereo, metric)",VECtor,corner_slow,corner_slow,ATE,cm,2.67,ok,"Stereo-DEVO T.II (RPE+ATE). DEIO shown under METRIC eval (no scale-correction) -> large VECtor/DSEC scale errors. Authors also drop DEVO entirely 'because its poses suffer from scale ambiguity'. DEIO metric ATE here (e.g. desk_normal 254.76, units_dolly 826.73 cm) is the scale failure."
STEREO_DEVO,Stereo-DEVO,RAL,2025,II,ESIO,no,Stereo E+I,metric,"SE3 (stereo, metric)",VECtor,hdr_normal,hdr_normal,ATE,cm,27.85,ok,"Stereo-DEVO T.II (RPE+ATE). DEIO shown under METRIC eval (no scale-correction) -> large VECtor/DSEC scale errors. Authors also drop DEVO entirely 'because its poses suffer from scale ambiguity'. DEIO metric ATE here (e.g. desk_normal 254.76, units_dolly 826.73 cm) is the scale failure."
STEREO_DEVO,Stereo-DEVO,RAL,2025,II,ESIO,no,Stereo E+I,metric,"SE3 (stereo, metric)",VECtor,sofa_normal,sofa_normal,ATE,cm,43.94,ok,"Stereo-DEVO T.II (RPE+ATE). DEIO shown under METRIC eval (no scale-correction) -> large VECtor/DSEC scale errors. Authors also drop DEVO entirely 'because its poses suffer from scale ambiguity'. DEIO metric ATE here (e.g. desk_normal 254.76, units_dolly 826.73 cm) is the scale failure."
STEREO_DEVO,Stereo-DEVO,RAL,2025,II,ESIO,no,Stereo E+I,metric,"SE3 (stereo, metric)",VECtor,desk_normal,desk_normal,ATE,cm,,failed,"Stereo-DEVO T.II (RPE+ATE). DEIO shown under METRIC eval (no scale-correction) -> large VECtor/DSEC scale errors. Authors also drop DEVO entirely 'because its poses suffer from scale ambiguity'. DEIO metric ATE here (e.g. desk_normal 254.76, units_dolly 826.73 cm) is the scale failure."
STEREO_DEVO,Stereo-DEVO,RAL,2025,II,ESIO,no,Stereo E+I,metric,"SE3 (stereo, metric)",VECtor,corridors_dolly,corridors_dolly,ATE,cm,,failed,"Stereo-DEVO T.II (RPE+ATE). DEIO shown under METRIC eval (no scale-correction) -> large VECtor/DSEC scale errors. Authors also drop DEVO entirely 'because its poses suffer from scale ambiguity'. DEIO metric ATE here (e.g. desk_normal 254.76, units_dolly 826.73 cm) is the scale failure."
STEREO_DEVO,Stereo-DEVO,RAL,2025,II,ESIO,no,Stereo E+I,metric,"SE3 (stereo, metric)",VECtor,units_dolly,units_dolly,ATE,cm,,failed,"Stereo-DEVO T.II (RPE+ATE). DEIO shown under METRIC eval (no scale-correction) -> large VECtor/DSEC scale errors. Authors also drop DEVO entirely 'because its poses suffer from scale ambiguity'. DEIO metric ATE here (e.g. desk_normal 254.76, units_dolly 826.73 cm) is the scale failure."
STEREO_DEVO,Stereo-DEVO,RAL,2025,II,ESVO2,no,Stereo E+I,metric,"SE3 (stereo, metric)",VECtor,robot_normal,robot_normal,ATE,cm,4.81,ok,"Stereo-DEVO T.II (RPE+ATE). DEIO shown under METRIC eval (no scale-correction) -> large VECtor/DSEC scale errors. Authors also drop DEVO entirely 'because its poses suffer from scale ambiguity'. DEIO metric ATE here (e.g. desk_normal 254.76, units_dolly 826.73 cm) is the scale failure."
STEREO_DEVO,Stereo-DEVO,RAL,2025,II,ESVO2,no,Stereo E+I,metric,"SE3 (stereo, metric)",VECtor,corner_slow,corner_slow,ATE,cm,2.15,ok,"Stereo-DEVO T.II (RPE+ATE). DEIO shown under METRIC eval (no scale-correction) -> large VECtor/DSEC scale errors. Authors also drop DEVO entirely 'because its poses suffer from scale ambiguity'. DEIO metric ATE here (e.g. desk_normal 254.76, units_dolly 826.73 cm) is the scale failure."
STEREO_DEVO,Stereo-DEVO,RAL,2025,II,ESVO2,no,Stereo E+I,metric,"SE3 (stereo, metric)",VECtor,hdr_normal,hdr_normal,ATE,cm,13.53,ok,"Stereo-DEVO T.II (RPE+ATE). DEIO shown under METRIC eval (no scale-correction) -> large VECtor/DSEC scale errors. Authors also drop DEVO entirely 'because its poses suffer from scale ambiguity'. DEIO metric ATE here (e.g. desk_normal 254.76, units_dolly 826.73 cm) is the scale failure."
STEREO_DEVO,Stereo-DEVO,RAL,2025,II,ESVO2,no,Stereo E+I,metric,"SE3 (stereo, metric)",VECtor,sofa_normal,sofa_normal,ATE,cm,40.28,ok,"Stereo-DEVO T.II (RPE+ATE). DEIO shown under METRIC eval (no scale-correction) -> large VECtor/DSEC scale errors. Authors also drop DEVO entirely 'because its poses suffer from scale ambiguity'. DEIO metric ATE here (e.g. desk_normal 254.76, units_dolly 826.73 cm) is the scale failure."
STEREO_DEVO,Stereo-DEVO,RAL,2025,II,ESVO2,no,Stereo E+I,metric,"SE3 (stereo, metric)",VECtor,desk_normal,desk_normal,ATE,cm,16.47,ok,"Stereo-DEVO T.II (RPE+ATE). DEIO shown under METRIC eval (no scale-correction) -> large VECtor/DSEC scale errors. Authors also drop DEVO entirely 'because its poses suffer from scale ambiguity'. DEIO metric ATE here (e.g. desk_normal 254.76, units_dolly 826.73 cm) is the scale failure."
STEREO_DEVO,Stereo-DEVO,RAL,2025,II,ESVO2,no,Stereo E+I,metric,"SE3 (stereo, metric)",VECtor,corridors_dolly,corridors_dolly,ATE,cm,,failed,"Stereo-DEVO T.II (RPE+ATE). DEIO shown under METRIC eval (no scale-correction) -> large VECtor/DSEC scale errors. Authors also drop DEVO entirely 'because its poses suffer from scale ambiguity'. DEIO metric ATE here (e.g. desk_normal 254.76, units_dolly 826.73 cm) is the scale failure."
STEREO_DEVO,Stereo-DEVO,RAL,2025,II,ESVO2,no,Stereo E+I,metric,"SE3 (stereo, metric)",VECtor,units_dolly,units_dolly,ATE,cm,,failed,"Stereo-DEVO T.II (RPE+ATE). DEIO shown under METRIC eval (no scale-correction) -> large VECtor/DSEC scale errors. Authors also drop DEVO entirely 'because its poses suffer from scale ambiguity'. DEIO metric ATE here (e.g. desk_normal 254.76, units_dolly 826.73 cm) is the scale failure."
STEREO_DEVO,Stereo-DEVO,RAL,2025,II,DEIO,no,E+I,metric,"SE3 (stereo, metric)",VECtor,robot_normal,robot_normal,ATE,cm,,n/a,"Stereo-DEVO T.II (RPE+ATE). DEIO shown under METRIC eval (no scale-correction) -> large VECtor/DSEC scale errors. Authors also drop DEVO entirely 'because its poses suffer from scale ambiguity'. DEIO metric ATE here (e.g. desk_normal 254.76, units_dolly 826.73 cm) is the scale failure."
STEREO_DEVO,Stereo-DEVO,RAL,2025,II,DEIO,no,E+I,metric,"SE3 (stereo, metric)",VECtor,corner_slow,corner_slow,ATE,cm,10.7,ok,"Stereo-DEVO T.II (RPE+ATE). DEIO shown under METRIC eval (no scale-correction) -> large VECtor/DSEC scale errors. Authors also drop DEVO entirely 'because its poses suffer from scale ambiguity'. DEIO metric ATE here (e.g. desk_normal 254.76, units_dolly 826.73 cm) is the scale failure."
STEREO_DEVO,Stereo-DEVO,RAL,2025,II,DEIO,no,E+I,metric,"SE3 (stereo, metric)",VECtor,hdr_normal,hdr_normal,ATE,cm,,n/a,"Stereo-DEVO T.II (RPE+ATE). DEIO shown under METRIC eval (no scale-correction) -> large VECtor/DSEC scale errors. Authors also drop DEVO entirely 'because its poses suffer from scale ambiguity'. DEIO metric ATE here (e.g. desk_normal 254.76, units_dolly 826.73 cm) is the scale failure."
STEREO_DEVO,Stereo-DEVO,RAL,2025,II,DEIO,no,E+I,metric,"SE3 (stereo, metric)",VECtor,sofa_normal,sofa_normal,ATE,cm,,n/a,"Stereo-DEVO T.II (RPE+ATE). DEIO shown under METRIC eval (no scale-correction) -> large VECtor/DSEC scale errors. Authors also drop DEVO entirely 'because its poses suffer from scale ambiguity'. DEIO metric ATE here (e.g. desk_normal 254.76, units_dolly 826.73 cm) is the scale failure."
STEREO_DEVO,Stereo-DEVO,RAL,2025,II,DEIO,no,E+I,metric,"SE3 (stereo, metric)",VECtor,desk_normal,desk_normal,ATE,cm,254.76,ok,"Stereo-DEVO T.II (RPE+ATE). DEIO shown under METRIC eval (no scale-correction) -> large VECtor/DSEC scale errors. Authors also drop DEVO entirely 'because its poses suffer from scale ambiguity'. DEIO metric ATE here (e.g. desk_normal 254.76, units_dolly 826.73 cm) is the scale failure."
STEREO_DEVO,Stereo-DEVO,RAL,2025,II,DEIO,no,E+I,metric,"SE3 (stereo, metric)",VECtor,corridors_dolly,corridors_dolly,ATE,cm,516.08,ok,"Stereo-DEVO T.II (RPE+ATE). DEIO shown under METRIC eval (no scale-correction) -> large VECtor/DSEC scale errors. Authors also drop DEVO entirely 'because its poses suffer from scale ambiguity'. DEIO metric ATE here (e.g. desk_normal 254.76, units_dolly 826.73 cm) is the scale failure."
STEREO_DEVO,Stereo-DEVO,RAL,2025,II,DEIO,no,E+I,metric,"SE3 (stereo, metric)",VECtor,units_dolly,units_dolly,ATE,cm,826.73,ok,"Stereo-DEVO T.II (RPE+ATE). DEIO shown under METRIC eval (no scale-correction) -> large VECtor/DSEC scale errors. Authors also drop DEVO entirely 'because its poses suffer from scale ambiguity'. DEIO metric ATE here (e.g. desk_normal 254.76, units_dolly 826.73 cm) is the scale failure."
STEREO_DEVO,Stereo-DEVO,RAL,2025,II,Stereo-DEVO,yes,Stereo E,metric,"SE3 (stereo, metric)",VECtor,robot_normal,robot_normal,ATE,cm,3.16,ok,"Stereo-DEVO T.II (RPE+ATE). DEIO shown under METRIC eval (no scale-correction) -> large VECtor/DSEC scale errors. Authors also drop DEVO entirely 'because its poses suffer from scale ambiguity'. DEIO metric ATE here (e.g. desk_normal 254.76, units_dolly 826.73 cm) is the scale failure."
STEREO_DEVO,Stereo-DEVO,RAL,2025,II,Stereo-DEVO,yes,Stereo E,metric,"SE3 (stereo, metric)",VECtor,corner_slow,corner_slow,ATE,cm,1.06,ok,"Stereo-DEVO T.II (RPE+ATE). DEIO shown under METRIC eval (no scale-correction) -> large VECtor/DSEC scale errors. Authors also drop DEVO entirely 'because its poses suffer from scale ambiguity'. DEIO metric ATE here (e.g. desk_normal 254.76, units_dolly 826.73 cm) is the scale failure."
STEREO_DEVO,Stereo-DEVO,RAL,2025,II,Stereo-DEVO,yes,Stereo E,metric,"SE3 (stereo, metric)",VECtor,hdr_normal,hdr_normal,ATE,cm,6.71,ok,"Stereo-DEVO T.II (RPE+ATE). DEIO shown under METRIC eval (no scale-correction) -> large VECtor/DSEC scale errors. Authors also drop DEVO entirely 'because its poses suffer from scale ambiguity'. DEIO metric ATE here (e.g. desk_normal 254.76, units_dolly 826.73 cm) is the scale failure."
STEREO_DEVO,Stereo-DEVO,RAL,2025,II,Stereo-DEVO,yes,Stereo E,metric,"SE3 (stereo, metric)",VECtor,sofa_normal,sofa_normal,ATE,cm,7.18,ok,"Stereo-DEVO T.II (RPE+ATE). DEIO shown under METRIC eval (no scale-correction) -> large VECtor/DSEC scale errors. Authors also drop DEVO entirely 'because its poses suffer from scale ambiguity'. DEIO metric ATE here (e.g. desk_normal 254.76, units_dolly 826.73 cm) is the scale failure."
STEREO_DEVO,Stereo-DEVO,RAL,2025,II,Stereo-DEVO,yes,Stereo E,metric,"SE3 (stereo, metric)",VECtor,desk_normal,desk_normal,ATE,cm,6.48,ok,"Stereo-DEVO T.II (RPE+ATE). DEIO shown under METRIC eval (no scale-correction) -> large VECtor/DSEC scale errors. Authors also drop DEVO entirely 'because its poses suffer from scale ambiguity'. DEIO metric ATE here (e.g. desk_normal 254.76, units_dolly 826.73 cm) is the scale failure."
STEREO_DEVO,Stereo-DEVO,RAL,2025,II,Stereo-DEVO,yes,Stereo E,metric,"SE3 (stereo, metric)",VECtor,corridors_dolly,corridors_dolly,ATE,cm,196.53,ok,"Stereo-DEVO T.II (RPE+ATE). DEIO shown under METRIC eval (no scale-correction) -> large VECtor/DSEC scale errors. Authors also drop DEVO entirely 'because its poses suffer from scale ambiguity'. DEIO metric ATE here (e.g. desk_normal 254.76, units_dolly 826.73 cm) is the scale failure."
STEREO_DEVO,Stereo-DEVO,RAL,2025,II,Stereo-DEVO,yes,Stereo E,metric,"SE3 (stereo, metric)",VECtor,units_dolly,units_dolly,ATE,cm,444.51,ok,"Stereo-DEVO T.II (RPE+ATE). DEIO shown under METRIC eval (no scale-correction) -> large VECtor/DSEC scale errors. Authors also drop DEVO entirely 'because its poses suffer from scale ambiguity'. DEIO metric ATE here (e.g. desk_normal 254.76, units_dolly 826.73 cm) is the scale failure."
STEREO_DEVO,Stereo-DEVO,RAL,2025,II,ESVO,no,Stereo E,metric,"SE3 (stereo, metric)",TUM-VIE,mocap-1d-trans,tumvie_1d_trans,ATE,cm,12.54,ok,"Stereo-DEVO T.II (RPE+ATE). DEIO shown under METRIC eval (no scale-correction) -> large VECtor/DSEC scale errors. Authors also drop DEVO entirely 'because its poses suffer from scale ambiguity'. Note: DEIO is genuinely strong on TUM-VIE (metric), unlike on VECtor/DSEC."
STEREO_DEVO,Stereo-DEVO,RAL,2025,II,ESVO,no,Stereo E,metric,"SE3 (stereo, metric)",TUM-VIE,mocap-3d-trans,tumvie_3d_trans,ATE,cm,17.19,ok,"Stereo-DEVO T.II (RPE+ATE). DEIO shown under METRIC eval (no scale-correction) -> large VECtor/DSEC scale errors. Authors also drop DEVO entirely 'because its poses suffer from scale ambiguity'. Note: DEIO is genuinely strong on TUM-VIE (metric), unlike on VECtor/DSEC."
STEREO_DEVO,Stereo-DEVO,RAL,2025,II,ESVO,no,Stereo E,metric,"SE3 (stereo, metric)",TUM-VIE,mocap-6dof,tumvie_6dof,ATE,cm,13.46,ok,"Stereo-DEVO T.II (RPE+ATE). DEIO shown under METRIC eval (no scale-correction) -> large VECtor/DSEC scale errors. Authors also drop DEVO entirely 'because its poses suffer from scale ambiguity'. Note: DEIO is genuinely strong on TUM-VIE (metric), unlike on VECtor/DSEC."
STEREO_DEVO,Stereo-DEVO,RAL,2025,II,ESVO,no,Stereo E,metric,"SE3 (stereo, metric)",TUM-VIE,mocap-desk,tumvie_desk,ATE,cm,12.92,ok,"Stereo-DEVO T.II (RPE+ATE). DEIO shown under METRIC eval (no scale-correction) -> large VECtor/DSEC scale errors. Authors also drop DEVO entirely 'because its poses suffer from scale ambiguity'. Note: DEIO is genuinely strong on TUM-VIE (metric), unlike on VECtor/DSEC."
STEREO_DEVO,Stereo-DEVO,RAL,2025,II,ESVO,no,Stereo E,metric,"SE3 (stereo, metric)",TUM-VIE,mocap-desk2,tumvie_desk2,ATE,cm,4.42,ok,"Stereo-DEVO T.II (RPE+ATE). DEIO shown under METRIC eval (no scale-correction) -> large VECtor/DSEC scale errors. Authors also drop DEVO entirely 'because its poses suffer from scale ambiguity'. Note: DEIO is genuinely strong on TUM-VIE (metric), unlike on VECtor/DSEC."
STEREO_DEVO,Stereo-DEVO,RAL,2025,II,ES-PTAM,no,Stereo E,metric,"SE3 (stereo, metric)",TUM-VIE,mocap-1d-trans,tumvie_1d_trans,ATE,cm,1.05,ok,"Stereo-DEVO T.II (RPE+ATE). DEIO shown under METRIC eval (no scale-correction) -> large VECtor/DSEC scale errors. Authors also drop DEVO entirely 'because its poses suffer from scale ambiguity'. Note: DEIO is genuinely strong on TUM-VIE (metric), unlike on VECtor/DSEC."
STEREO_DEVO,Stereo-DEVO,RAL,2025,II,ES-PTAM,no,Stereo E,metric,"SE3 (stereo, metric)",TUM-VIE,mocap-3d-trans,tumvie_3d_trans,ATE,cm,8.53,ok,"Stereo-DEVO T.II (RPE+ATE). DEIO shown under METRIC eval (no scale-correction) -> large VECtor/DSEC scale errors. Authors also drop DEVO entirely 'because its poses suffer from scale ambiguity'. Note: DEIO is genuinely strong on TUM-VIE (metric), unlike on VECtor/DSEC."
STEREO_DEVO,Stereo-DEVO,RAL,2025,II,ES-PTAM,no,Stereo E,metric,"SE3 (stereo, metric)",TUM-VIE,mocap-6dof,tumvie_6dof,ATE,cm,10.25,ok,"Stereo-DEVO T.II (RPE+ATE). DEIO shown under METRIC eval (no scale-correction) -> large VECtor/DSEC scale errors. Authors also drop DEVO entirely 'because its poses suffer from scale ambiguity'. Note: DEIO is genuinely strong on TUM-VIE (metric), unlike on VECtor/DSEC."
STEREO_DEVO,Stereo-DEVO,RAL,2025,II,ES-PTAM,no,Stereo E,metric,"SE3 (stereo, metric)",TUM-VIE,mocap-desk,tumvie_desk,ATE,cm,2.5,ok,"Stereo-DEVO T.II (RPE+ATE). DEIO shown under METRIC eval (no scale-correction) -> large VECtor/DSEC scale errors. Authors also drop DEVO entirely 'because its poses suffer from scale ambiguity'. Note: DEIO is genuinely strong on TUM-VIE (metric), unlike on VECtor/DSEC."
STEREO_DEVO,Stereo-DEVO,RAL,2025,II,ES-PTAM,no,Stereo E,metric,"SE3 (stereo, metric)",TUM-VIE,mocap-desk2,tumvie_desk2,ATE,cm,7.2,ok,"Stereo-DEVO T.II (RPE+ATE). DEIO shown under METRIC eval (no scale-correction) -> large VECtor/DSEC scale errors. Authors also drop DEVO entirely 'because its poses suffer from scale ambiguity'. Note: DEIO is genuinely strong on TUM-VIE (metric), unlike on VECtor/DSEC."
STEREO_DEVO,Stereo-DEVO,RAL,2025,II,ESIO,no,Stereo E+I,metric,"SE3 (stereo, metric)",TUM-VIE,mocap-1d-trans,tumvie_1d_trans,ATE,cm,,failed,"Stereo-DEVO T.II (RPE+ATE). DEIO shown under METRIC eval (no scale-correction) -> large VECtor/DSEC scale errors. Authors also drop DEVO entirely 'because its poses suffer from scale ambiguity'. Note: DEIO is genuinely strong on TUM-VIE (metric), unlike on VECtor/DSEC."
STEREO_DEVO,Stereo-DEVO,RAL,2025,II,ESIO,no,Stereo E+I,metric,"SE3 (stereo, metric)",TUM-VIE,mocap-3d-trans,tumvie_3d_trans,ATE,cm,,failed,"Stereo-DEVO T.II (RPE+ATE). DEIO shown under METRIC eval (no scale-correction) -> large VECtor/DSEC scale errors. Authors also drop DEVO entirely 'because its poses suffer from scale ambiguity'. Note: DEIO is genuinely strong on TUM-VIE (metric), unlike on VECtor/DSEC."
STEREO_DEVO,Stereo-DEVO,RAL,2025,II,ESIO,no,Stereo E+I,metric,"SE3 (stereo, metric)",TUM-VIE,mocap-6dof,tumvie_6dof,ATE,cm,,failed,"Stereo-DEVO T.II (RPE+ATE). DEIO shown under METRIC eval (no scale-correction) -> large VECtor/DSEC scale errors. Authors also drop DEVO entirely 'because its poses suffer from scale ambiguity'. Note: DEIO is genuinely strong on TUM-VIE (metric), unlike on VECtor/DSEC."
STEREO_DEVO,Stereo-DEVO,RAL,2025,II,ESIO,no,Stereo E+I,metric,"SE3 (stereo, metric)",TUM-VIE,mocap-desk,tumvie_desk,ATE,cm,,failed,"Stereo-DEVO T.II (RPE+ATE). DEIO shown under METRIC eval (no scale-correction) -> large VECtor/DSEC scale errors. Authors also drop DEVO entirely 'because its poses suffer from scale ambiguity'. Note: DEIO is genuinely strong on TUM-VIE (metric), unlike on VECtor/DSEC."
STEREO_DEVO,Stereo-DEVO,RAL,2025,II,ESIO,no,Stereo E+I,metric,"SE3 (stereo, metric)",TUM-VIE,mocap-desk2,tumvie_desk2,ATE,cm,,failed,"Stereo-DEVO T.II (RPE+ATE). DEIO shown under METRIC eval (no scale-correction) -> large VECtor/DSEC scale errors. Authors also drop DEVO entirely 'because its poses suffer from scale ambiguity'. Note: DEIO is genuinely strong on TUM-VIE (metric), unlike on VECtor/DSEC."
STEREO_DEVO,Stereo-DEVO,RAL,2025,II,ESVO2,no,Stereo E+I,metric,"SE3 (stereo, metric)",TUM-VIE,mocap-1d-trans,tumvie_1d_trans,ATE,cm,3.33,ok,"Stereo-DEVO T.II (RPE+ATE). DEIO shown under METRIC eval (no scale-correction) -> large VECtor/DSEC scale errors. Authors also drop DEVO entirely 'because its poses suffer from scale ambiguity'. Note: DEIO is genuinely strong on TUM-VIE (metric), unlike on VECtor/DSEC."
STEREO_DEVO,Stereo-DEVO,RAL,2025,II,ESVO2,no,Stereo E+I,metric,"SE3 (stereo, metric)",TUM-VIE,mocap-3d-trans,tumvie_3d_trans,ATE,cm,7.26,ok,"Stereo-DEVO T.II (RPE+ATE). DEIO shown under METRIC eval (no scale-correction) -> large VECtor/DSEC scale errors. Authors also drop DEVO entirely 'because its poses suffer from scale ambiguity'. Note: DEIO is genuinely strong on TUM-VIE (metric), unlike on VECtor/DSEC."
STEREO_DEVO,Stereo-DEVO,RAL,2025,II,ESVO2,no,Stereo E+I,metric,"SE3 (stereo, metric)",TUM-VIE,mocap-6dof,tumvie_6dof,ATE,cm,3.21,ok,"Stereo-DEVO T.II (RPE+ATE). DEIO shown under METRIC eval (no scale-correction) -> large VECtor/DSEC scale errors. Authors also drop DEVO entirely 'because its poses suffer from scale ambiguity'. Note: DEIO is genuinely strong on TUM-VIE (metric), unlike on VECtor/DSEC."
STEREO_DEVO,Stereo-DEVO,RAL,2025,II,ESVO2,no,Stereo E+I,metric,"SE3 (stereo, metric)",TUM-VIE,mocap-desk,tumvie_desk,ATE,cm,6.16,ok,"Stereo-DEVO T.II (RPE+ATE). DEIO shown under METRIC eval (no scale-correction) -> large VECtor/DSEC scale errors. Authors also drop DEVO entirely 'because its poses suffer from scale ambiguity'. Note: DEIO is genuinely strong on TUM-VIE (metric), unlike on VECtor/DSEC."
STEREO_DEVO,Stereo-DEVO,RAL,2025,II,ESVO2,no,Stereo E+I,metric,"SE3 (stereo, metric)",TUM-VIE,mocap-desk2,tumvie_desk2,ATE,cm,4.02,ok,"Stereo-DEVO T.II (RPE+ATE). DEIO shown under METRIC eval (no scale-correction) -> large VECtor/DSEC scale errors. Authors also drop DEVO entirely 'because its poses suffer from scale ambiguity'. Note: DEIO is genuinely strong on TUM-VIE (metric), unlike on VECtor/DSEC."
STEREO_DEVO,Stereo-DEVO,RAL,2025,II,DEIO,no,E+I,metric,"SE3 (stereo, metric)",TUM-VIE,mocap-1d-trans,tumvie_1d_trans,ATE,cm,1.85,ok,"Stereo-DEVO T.II (RPE+ATE). DEIO shown under METRIC eval (no scale-correction) -> large VECtor/DSEC scale errors. Authors also drop DEVO entirely 'because its poses suffer from scale ambiguity'. Note: DEIO is genuinely strong on TUM-VIE (metric), unlike on VECtor/DSEC."
STEREO_DEVO,Stereo-DEVO,RAL,2025,II,DEIO,no,E+I,metric,"SE3 (stereo, metric)",TUM-VIE,mocap-3d-trans,tumvie_3d_trans,ATE,cm,1.28,ok,"Stereo-DEVO T.II (RPE+ATE). DEIO shown under METRIC eval (no scale-correction) -> large VECtor/DSEC scale errors. Authors also drop DEVO entirely 'because its poses suffer from scale ambiguity'. Note: DEIO is genuinely strong on TUM-VIE (metric), unlike on VECtor/DSEC."
STEREO_DEVO,Stereo-DEVO,RAL,2025,II,DEIO,no,E+I,metric,"SE3 (stereo, metric)",TUM-VIE,mocap-6dof,tumvie_6dof,ATE,cm,1.45,ok,"Stereo-DEVO T.II (RPE+ATE). DEIO shown under METRIC eval (no scale-correction) -> large VECtor/DSEC scale errors. Authors also drop DEVO entirely 'because its poses suffer from scale ambiguity'. Note: DEIO is genuinely strong on TUM-VIE (metric), unlike on VECtor/DSEC."
STEREO_DEVO,Stereo-DEVO,RAL,2025,II,DEIO,no,E+I,metric,"SE3 (stereo, metric)",TUM-VIE,mocap-desk,tumvie_desk,ATE,cm,1.49,ok,"Stereo-DEVO T.II (RPE+ATE). DEIO shown under METRIC eval (no scale-correction) -> large VECtor/DSEC scale errors. Authors also drop DEVO entirely 'because its poses suffer from scale ambiguity'. Note: DEIO is genuinely strong on TUM-VIE (metric), unlike on VECtor/DSEC."
STEREO_DEVO,Stereo-DEVO,RAL,2025,II,DEIO,no,E+I,metric,"SE3 (stereo, metric)",TUM-VIE,mocap-desk2,tumvie_desk2,ATE,cm,1.45,ok,"Stereo-DEVO T.II (RPE+ATE). DEIO shown under METRIC eval (no scale-correction) -> large VECtor/DSEC scale errors. Authors also drop DEVO entirely 'because its poses suffer from scale ambiguity'. Note: DEIO is genuinely strong on TUM-VIE (metric), unlike on VECtor/DSEC."
STEREO_DEVO,Stereo-DEVO,RAL,2025,II,Stereo-DEVO,yes,Stereo E,metric,"SE3 (stereo, metric)",TUM-VIE,mocap-1d-trans,tumvie_1d_trans,ATE,cm,1.05,ok,"Stereo-DEVO T.II (RPE+ATE). DEIO shown under METRIC eval (no scale-correction) -> large VECtor/DSEC scale errors. Authors also drop DEVO entirely 'because its poses suffer from scale ambiguity'. Note: DEIO is genuinely strong on TUM-VIE (metric), unlike on VECtor/DSEC."
STEREO_DEVO,Stereo-DEVO,RAL,2025,II,Stereo-DEVO,yes,Stereo E,metric,"SE3 (stereo, metric)",TUM-VIE,mocap-3d-trans,tumvie_3d_trans,ATE,cm,1.26,ok,"Stereo-DEVO T.II (RPE+ATE). DEIO shown under METRIC eval (no scale-correction) -> large VECtor/DSEC scale errors. Authors also drop DEVO entirely 'because its poses suffer from scale ambiguity'. Note: DEIO is genuinely strong on TUM-VIE (metric), unlike on VECtor/DSEC."
STEREO_DEVO,Stereo-DEVO,RAL,2025,II,Stereo-DEVO,yes,Stereo E,metric,"SE3 (stereo, metric)",TUM-VIE,mocap-6dof,tumvie_6dof,ATE,cm,1.69,ok,"Stereo-DEVO T.II (RPE+ATE). DEIO shown under METRIC eval (no scale-correction) -> large VECtor/DSEC scale errors. Authors also drop DEVO entirely 'because its poses suffer from scale ambiguity'. Note: DEIO is genuinely strong on TUM-VIE (metric), unlike on VECtor/DSEC."
STEREO_DEVO,Stereo-DEVO,RAL,2025,II,Stereo-DEVO,yes,Stereo E,metric,"SE3 (stereo, metric)",TUM-VIE,mocap-desk,tumvie_desk,ATE,cm,2.44,ok,"Stereo-DEVO T.II (RPE+ATE). DEIO shown under METRIC eval (no scale-correction) -> large VECtor/DSEC scale errors. Authors also drop DEVO entirely 'because its poses suffer from scale ambiguity'. Note: DEIO is genuinely strong on TUM-VIE (metric), unlike on VECtor/DSEC."
STEREO_DEVO,Stereo-DEVO,RAL,2025,II,Stereo-DEVO,yes,Stereo E,metric,"SE3 (stereo, metric)",TUM-VIE,mocap-desk2,tumvie_desk2,ATE,cm,1.79,ok,"Stereo-DEVO T.II (RPE+ATE). DEIO shown under METRIC eval (no scale-correction) -> large VECtor/DSEC scale errors. Authors also drop DEVO entirely 'because its poses suffer from scale ambiguity'. Note: DEIO is genuinely strong on TUM-VIE (metric), unlike on VECtor/DSEC."
STEREO_DEVO,Stereo-DEVO,RAL,2025,II,ESVO,no,Stereo E,metric,SE3 / RTK,Other,hnu_campus,hnu_campus,ATE,cm,1321.8,ok,"hnu_campus = large-scale loop (RTK GT, from ESVO2); drone_fast = aggressive flight."
STEREO_DEVO,Stereo-DEVO,RAL,2025,II,ESVO,no,Stereo E,metric,SE3 / RTK,Other,drone_fast,drone_fast,ATE,cm,,failed,"hnu_campus = large-scale loop (RTK GT, from ESVO2); drone_fast = aggressive flight."
STEREO_DEVO,Stereo-DEVO,RAL,2025,II,ES-PTAM,no,Stereo E,metric,SE3 / RTK,Other,hnu_campus,hnu_campus,ATE,cm,,n/a,"hnu_campus = large-scale loop (RTK GT, from ESVO2); drone_fast = aggressive flight."
STEREO_DEVO,Stereo-DEVO,RAL,2025,II,ES-PTAM,no,Stereo E,metric,SE3 / RTK,Other,drone_fast,drone_fast,ATE,cm,,n/a,"hnu_campus = large-scale loop (RTK GT, from ESVO2); drone_fast = aggressive flight."
STEREO_DEVO,Stereo-DEVO,RAL,2025,II,ESIO,no,Stereo E+I,metric,SE3 / RTK,Other,hnu_campus,hnu_campus,ATE,cm,1420.48,ok,"hnu_campus = large-scale loop (RTK GT, from ESVO2); drone_fast = aggressive flight."
STEREO_DEVO,Stereo-DEVO,RAL,2025,II,ESIO,no,Stereo E+I,metric,SE3 / RTK,Other,drone_fast,drone_fast,ATE,cm,154.04,ok,"hnu_campus = large-scale loop (RTK GT, from ESVO2); drone_fast = aggressive flight."
STEREO_DEVO,Stereo-DEVO,RAL,2025,II,ESVO2,no,Stereo E+I,metric,SE3 / RTK,Other,hnu_campus,hnu_campus,ATE,cm,181.77,ok,"hnu_campus = large-scale loop (RTK GT, from ESVO2); drone_fast = aggressive flight."
STEREO_DEVO,Stereo-DEVO,RAL,2025,II,ESVO2,no,Stereo E+I,metric,SE3 / RTK,Other,drone_fast,drone_fast,ATE,cm,,failed,"hnu_campus = large-scale loop (RTK GT, from ESVO2); drone_fast = aggressive flight."
STEREO_DEVO,Stereo-DEVO,RAL,2025,II,DEIO,no,E+I,metric,SE3 / RTK,Other,hnu_campus,hnu_campus,ATE,cm,,n/a,"hnu_campus = large-scale loop (RTK GT, from ESVO2); drone_fast = aggressive flight."
STEREO_DEVO,Stereo-DEVO,RAL,2025,II,DEIO,no,E+I,metric,SE3 / RTK,Other,drone_fast,drone_fast,ATE,cm,,n/a,"hnu_campus = large-scale loop (RTK GT, from ESVO2); drone_fast = aggressive flight."
STEREO_DEVO,Stereo-DEVO,RAL,2025,II,Stereo-DEVO,yes,Stereo E,metric,SE3 / RTK,Other,hnu_campus,hnu_campus,ATE,cm,151.81,ok,"hnu_campus = large-scale loop (RTK GT, from ESVO2); drone_fast = aggressive flight."
STEREO_DEVO,Stereo-DEVO,RAL,2025,II,Stereo-DEVO,yes,Stereo E,metric,SE3 / RTK,Other,drone_fast,drone_fast,ATE,cm,13.29,ok,"hnu_campus = large-scale loop (RTK GT, from ESVO2); drone_fast = aggressive flight."
STEREO_DEVO,Stereo-DEVO,RAL,2025,II,ESVO,no,Stereo E,metric,"SE3 (stereo, metric)",RPG,rpg_box,rpg_box,RPE_t,cm/s,7.2,ok,Stereo-DEVO T.II (RPE+ATE). DEIO shown under METRIC eval (no scale-correction) -> large VECtor/DSEC scale errors. Authors also drop DEVO entirely 'because its poses suffer from scale ambiguity'.
STEREO_DEVO,Stereo-DEVO,RAL,2025,II,ESVO,no,Stereo E,metric,"SE3 (stereo, metric)",RPG,rpg_monitor,rpg_monitor,RPE_t,cm/s,3.2,ok,Stereo-DEVO T.II (RPE+ATE). DEIO shown under METRIC eval (no scale-correction) -> large VECtor/DSEC scale errors. Authors also drop DEVO entirely 'because its poses suffer from scale ambiguity'.
STEREO_DEVO,Stereo-DEVO,RAL,2025,II,ESVO,no,Stereo E,metric,"SE3 (stereo, metric)",RPG,rpg_bin,rpg_bin,RPE_t,cm/s,3.1,ok,Stereo-DEVO T.II (RPE+ATE). DEIO shown under METRIC eval (no scale-correction) -> large VECtor/DSEC scale errors. Authors also drop DEVO entirely 'because its poses suffer from scale ambiguity'.
STEREO_DEVO,Stereo-DEVO,RAL,2025,II,ESVO,no,Stereo E,metric,"SE3 (stereo, metric)",RPG,rpg_desk,rpg_desk,RPE_t,cm/s,4.5,ok,Stereo-DEVO T.II (RPE+ATE). DEIO shown under METRIC eval (no scale-correction) -> large VECtor/DSEC scale errors. Authors also drop DEVO entirely 'because its poses suffer from scale ambiguity'.
STEREO_DEVO,Stereo-DEVO,RAL,2025,II,ESVO,no,Stereo E,metric,"SE3 (stereo, metric)",RPG,rpg_reader,rpg_reader,RPE_t,cm/s,5.6,ok,Stereo-DEVO T.II (RPE+ATE). DEIO shown under METRIC eval (no scale-correction) -> large VECtor/DSEC scale errors. Authors also drop DEVO entirely 'because its poses suffer from scale ambiguity'.
STEREO_DEVO,Stereo-DEVO,RAL,2025,II,ES-PTAM,no,Stereo E,metric,"SE3 (stereo, metric)",RPG,rpg_box,rpg_box,RPE_t,cm/s,4.22,ok,Stereo-DEVO T.II (RPE+ATE). DEIO shown under METRIC eval (no scale-correction) -> large VECtor/DSEC scale errors. Authors also drop DEVO entirely 'because its poses suffer from scale ambiguity'.
STEREO_DEVO,Stereo-DEVO,RAL,2025,II,ES-PTAM,no,Stereo E,metric,"SE3 (stereo, metric)",RPG,rpg_monitor,rpg_monitor,RPE_t,cm/s,2.59,ok,Stereo-DEVO T.II (RPE+ATE). DEIO shown under METRIC eval (no scale-correction) -> large VECtor/DSEC scale errors. Authors also drop DEVO entirely 'because its poses suffer from scale ambiguity'.
STEREO_DEVO,Stereo-DEVO,RAL,2025,II,ES-PTAM,no,Stereo E,metric,"SE3 (stereo, metric)",RPG,rpg_bin,rpg_bin,RPE_t,cm/s,1.82,ok,Stereo-DEVO T.II (RPE+ATE). DEIO shown under METRIC eval (no scale-correction) -> large VECtor/DSEC scale errors. Authors also drop DEVO entirely 'because its poses suffer from scale ambiguity'.
STEREO_DEVO,Stereo-DEVO,RAL,2025,II,ES-PTAM,no,Stereo E,metric,"SE3 (stereo, metric)",RPG,rpg_desk,rpg_desk,RPE_t,cm/s,3.99,ok,Stereo-DEVO T.II (RPE+ATE). DEIO shown under METRIC eval (no scale-correction) -> large VECtor/DSEC scale errors. Authors also drop DEVO entirely 'because its poses suffer from scale ambiguity'.
STEREO_DEVO,Stereo-DEVO,RAL,2025,II,ES-PTAM,no,Stereo E,metric,"SE3 (stereo, metric)",RPG,rpg_reader,rpg_reader,RPE_t,cm/s,,n/a,Stereo-DEVO T.II (RPE+ATE). DEIO shown under METRIC eval (no scale-correction) -> large VECtor/DSEC scale errors. Authors also drop DEVO entirely 'because its poses suffer from scale ambiguity'.
STEREO_DEVO,Stereo-DEVO,RAL,2025,II,ESIO,no,Stereo E+I,metric,"SE3 (stereo, metric)",RPG,rpg_box,rpg_box,RPE_t,cm/s,20.39,ok,Stereo-DEVO T.II (RPE+ATE). DEIO shown under METRIC eval (no scale-correction) -> large VECtor/DSEC scale errors. Authors also drop DEVO entirely 'because its poses suffer from scale ambiguity'.
STEREO_DEVO,Stereo-DEVO,RAL,2025,II,ESIO,no,Stereo E+I,metric,"SE3 (stereo, metric)",RPG,rpg_monitor,rpg_monitor,RPE_t,cm/s,13.17,ok,Stereo-DEVO T.II (RPE+ATE). DEIO shown under METRIC eval (no scale-correction) -> large VECtor/DSEC scale errors. Authors also drop DEVO entirely 'because its poses suffer from scale ambiguity'.
STEREO_DEVO,Stereo-DEVO,RAL,2025,II,ESIO,no,Stereo E+I,metric,"SE3 (stereo, metric)",RPG,rpg_bin,rpg_bin,RPE_t,cm/s,12.1,ok,Stereo-DEVO T.II (RPE+ATE). DEIO shown under METRIC eval (no scale-correction) -> large VECtor/DSEC scale errors. Authors also drop DEVO entirely 'because its poses suffer from scale ambiguity'.
STEREO_DEVO,Stereo-DEVO,RAL,2025,II,ESIO,no,Stereo E+I,metric,"SE3 (stereo, metric)",RPG,rpg_desk,rpg_desk,RPE_t,cm/s,6.18,ok,Stereo-DEVO T.II (RPE+ATE). DEIO shown under METRIC eval (no scale-correction) -> large VECtor/DSEC scale errors. Authors also drop DEVO entirely 'because its poses suffer from scale ambiguity'.
STEREO_DEVO,Stereo-DEVO,RAL,2025,II,ESIO,no,Stereo E+I,metric,"SE3 (stereo, metric)",RPG,rpg_reader,rpg_reader,RPE_t,cm/s,,failed,Stereo-DEVO T.II (RPE+ATE). DEIO shown under METRIC eval (no scale-correction) -> large VECtor/DSEC scale errors. Authors also drop DEVO entirely 'because its poses suffer from scale ambiguity'.
STEREO_DEVO,Stereo-DEVO,RAL,2025,II,ESVO2,no,Stereo E+I,metric,"SE3 (stereo, metric)",RPG,rpg_box,rpg_box,RPE_t,cm/s,4.18,ok,Stereo-DEVO T.II (RPE+ATE). DEIO shown under METRIC eval (no scale-correction) -> large VECtor/DSEC scale errors. Authors also drop DEVO entirely 'because its poses suffer from scale ambiguity'.
STEREO_DEVO,Stereo-DEVO,RAL,2025,II,ESVO2,no,Stereo E+I,metric,"SE3 (stereo, metric)",RPG,rpg_monitor,rpg_monitor,RPE_t,cm/s,1.69,ok,Stereo-DEVO T.II (RPE+ATE). DEIO shown under METRIC eval (no scale-correction) -> large VECtor/DSEC scale errors. Authors also drop DEVO entirely 'because its poses suffer from scale ambiguity'.
STEREO_DEVO,Stereo-DEVO,RAL,2025,II,ESVO2,no,Stereo E+I,metric,"SE3 (stereo, metric)",RPG,rpg_bin,rpg_bin,RPE_t,cm/s,2.53,ok,Stereo-DEVO T.II (RPE+ATE). DEIO shown under METRIC eval (no scale-correction) -> large VECtor/DSEC scale errors. Authors also drop DEVO entirely 'because its poses suffer from scale ambiguity'.
STEREO_DEVO,Stereo-DEVO,RAL,2025,II,ESVO2,no,Stereo E+I,metric,"SE3 (stereo, metric)",RPG,rpg_desk,rpg_desk,RPE_t,cm/s,3.53,ok,Stereo-DEVO T.II (RPE+ATE). DEIO shown under METRIC eval (no scale-correction) -> large VECtor/DSEC scale errors. Authors also drop DEVO entirely 'because its poses suffer from scale ambiguity'.
STEREO_DEVO,Stereo-DEVO,RAL,2025,II,ESVO2,no,Stereo E+I,metric,"SE3 (stereo, metric)",RPG,rpg_reader,rpg_reader,RPE_t,cm/s,2.12,ok,Stereo-DEVO T.II (RPE+ATE). DEIO shown under METRIC eval (no scale-correction) -> large VECtor/DSEC scale errors. Authors also drop DEVO entirely 'because its poses suffer from scale ambiguity'.
STEREO_DEVO,Stereo-DEVO,RAL,2025,II,DEIO,no,E+I,metric,"SE3 (stereo, metric)",RPG,rpg_box,rpg_box,RPE_t,cm/s,,n/a,Stereo-DEVO T.II (RPE+ATE). DEIO shown under METRIC eval (no scale-correction) -> large VECtor/DSEC scale errors. Authors also drop DEVO entirely 'because its poses suffer from scale ambiguity'.
STEREO_DEVO,Stereo-DEVO,RAL,2025,II,DEIO,no,E+I,metric,"SE3 (stereo, metric)",RPG,rpg_monitor,rpg_monitor,RPE_t,cm/s,,n/a,Stereo-DEVO T.II (RPE+ATE). DEIO shown under METRIC eval (no scale-correction) -> large VECtor/DSEC scale errors. Authors also drop DEVO entirely 'because its poses suffer from scale ambiguity'.
STEREO_DEVO,Stereo-DEVO,RAL,2025,II,DEIO,no,E+I,metric,"SE3 (stereo, metric)",RPG,rpg_bin,rpg_bin,RPE_t,cm/s,,n/a,Stereo-DEVO T.II (RPE+ATE). DEIO shown under METRIC eval (no scale-correction) -> large VECtor/DSEC scale errors. Authors also drop DEVO entirely 'because its poses suffer from scale ambiguity'.
STEREO_DEVO,Stereo-DEVO,RAL,2025,II,DEIO,no,E+I,metric,"SE3 (stereo, metric)",RPG,rpg_desk,rpg_desk,RPE_t,cm/s,,n/a,Stereo-DEVO T.II (RPE+ATE). DEIO shown under METRIC eval (no scale-correction) -> large VECtor/DSEC scale errors. Authors also drop DEVO entirely 'because its poses suffer from scale ambiguity'.
STEREO_DEVO,Stereo-DEVO,RAL,2025,II,DEIO,no,E+I,metric,"SE3 (stereo, metric)",RPG,rpg_reader,rpg_reader,RPE_t,cm/s,,n/a,Stereo-DEVO T.II (RPE+ATE). DEIO shown under METRIC eval (no scale-correction) -> large VECtor/DSEC scale errors. Authors also drop DEVO entirely 'because its poses suffer from scale ambiguity'.
STEREO_DEVO,Stereo-DEVO,RAL,2025,II,Stereo-DEVO,yes,Stereo E,metric,"SE3 (stereo, metric)",RPG,rpg_box,rpg_box,RPE_t,cm/s,2.87,ok,Stereo-DEVO T.II (RPE+ATE). DEIO shown under METRIC eval (no scale-correction) -> large VECtor/DSEC scale errors. Authors also drop DEVO entirely 'because its poses suffer from scale ambiguity'.
STEREO_DEVO,Stereo-DEVO,RAL,2025,II,Stereo-DEVO,yes,Stereo E,metric,"SE3 (stereo, metric)",RPG,rpg_monitor,rpg_monitor,RPE_t,cm/s,1.65,ok,Stereo-DEVO T.II (RPE+ATE). DEIO shown under METRIC eval (no scale-correction) -> large VECtor/DSEC scale errors. Authors also drop DEVO entirely 'because its poses suffer from scale ambiguity'.
STEREO_DEVO,Stereo-DEVO,RAL,2025,II,Stereo-DEVO,yes,Stereo E,metric,"SE3 (stereo, metric)",RPG,rpg_bin,rpg_bin,RPE_t,cm/s,1.54,ok,Stereo-DEVO T.II (RPE+ATE). DEIO shown under METRIC eval (no scale-correction) -> large VECtor/DSEC scale errors. Authors also drop DEVO entirely 'because its poses suffer from scale ambiguity'.
STEREO_DEVO,Stereo-DEVO,RAL,2025,II,Stereo-DEVO,yes,Stereo E,metric,"SE3 (stereo, metric)",RPG,rpg_desk,rpg_desk,RPE_t,cm/s,3.33,ok,Stereo-DEVO T.II (RPE+ATE). DEIO shown under METRIC eval (no scale-correction) -> large VECtor/DSEC scale errors. Authors also drop DEVO entirely 'because its poses suffer from scale ambiguity'.
STEREO_DEVO,Stereo-DEVO,RAL,2025,II,Stereo-DEVO,yes,Stereo E,metric,"SE3 (stereo, metric)",RPG,rpg_reader,rpg_reader,RPE_t,cm/s,3.59,ok,Stereo-DEVO T.II (RPE+ATE). DEIO shown under METRIC eval (no scale-correction) -> large VECtor/DSEC scale errors. Authors also drop DEVO entirely 'because its poses suffer from scale ambiguity'.
STEREO_DEVO,Stereo-DEVO,RAL,2025,II,ESVO,no,Stereo E,metric,"SE3 (stereo, metric)",MVSEC,indoor 1,indoor_flying1,RPE_t,cm/s,7.38,ok,Stereo-DEVO T.II (RPE+ATE). DEIO shown under METRIC eval (no scale-correction) -> large VECtor/DSEC scale errors. Authors also drop DEVO entirely 'because its poses suffer from scale ambiguity'.
STEREO_DEVO,Stereo-DEVO,RAL,2025,II,ESVO,no,Stereo E,metric,"SE3 (stereo, metric)",MVSEC,indoor 2,indoor_flying2,RPE_t,cm/s,7.39,ok,Stereo-DEVO T.II (RPE+ATE). DEIO shown under METRIC eval (no scale-correction) -> large VECtor/DSEC scale errors. Authors also drop DEVO entirely 'because its poses suffer from scale ambiguity'.
STEREO_DEVO,Stereo-DEVO,RAL,2025,II,ESVO,no,Stereo E,metric,"SE3 (stereo, metric)",MVSEC,indoor 3,indoor_flying3,RPE_t,cm/s,5.97,ok,Stereo-DEVO T.II (RPE+ATE). DEIO shown under METRIC eval (no scale-correction) -> large VECtor/DSEC scale errors. Authors also drop DEVO entirely 'because its poses suffer from scale ambiguity'.
STEREO_DEVO,Stereo-DEVO,RAL,2025,II,ESVO,no,Stereo E,metric,"SE3 (stereo, metric)",MVSEC,indoor 4,indoor_flying4,RPE_t,cm/s,,failed,Stereo-DEVO T.II (RPE+ATE). DEIO shown under METRIC eval (no scale-correction) -> large VECtor/DSEC scale errors. Authors also drop DEVO entirely 'because its poses suffer from scale ambiguity'.
STEREO_DEVO,Stereo-DEVO,RAL,2025,II,ES-PTAM,no,Stereo E,metric,"SE3 (stereo, metric)",MVSEC,indoor 1,indoor_flying1,RPE_t,cm/s,6.89,ok,Stereo-DEVO T.II (RPE+ATE). DEIO shown under METRIC eval (no scale-correction) -> large VECtor/DSEC scale errors. Authors also drop DEVO entirely 'because its poses suffer from scale ambiguity'.
STEREO_DEVO,Stereo-DEVO,RAL,2025,II,ES-PTAM,no,Stereo E,metric,"SE3 (stereo, metric)",MVSEC,indoor 2,indoor_flying2,RPE_t,cm/s,,n/a,Stereo-DEVO T.II (RPE+ATE). DEIO shown under METRIC eval (no scale-correction) -> large VECtor/DSEC scale errors. Authors also drop DEVO entirely 'because its poses suffer from scale ambiguity'.
STEREO_DEVO,Stereo-DEVO,RAL,2025,II,ES-PTAM,no,Stereo E,metric,"SE3 (stereo, metric)",MVSEC,indoor 3,indoor_flying3,RPE_t,cm/s,,n/a,Stereo-DEVO T.II (RPE+ATE). DEIO shown under METRIC eval (no scale-correction) -> large VECtor/DSEC scale errors. Authors also drop DEVO entirely 'because its poses suffer from scale ambiguity'.
STEREO_DEVO,Stereo-DEVO,RAL,2025,II,ES-PTAM,no,Stereo E,metric,"SE3 (stereo, metric)",MVSEC,indoor 4,indoor_flying4,RPE_t,cm/s,,n/a,Stereo-DEVO T.II (RPE+ATE). DEIO shown under METRIC eval (no scale-correction) -> large VECtor/DSEC scale errors. Authors also drop DEVO entirely 'because its poses suffer from scale ambiguity'.
STEREO_DEVO,Stereo-DEVO,RAL,2025,II,ESIO,no,Stereo E+I,metric,"SE3 (stereo, metric)",MVSEC,indoor 1,indoor_flying1,RPE_t,cm/s,228.84,ok,Stereo-DEVO T.II (RPE+ATE). DEIO shown under METRIC eval (no scale-correction) -> large VECtor/DSEC scale errors. Authors also drop DEVO entirely 'because its poses suffer from scale ambiguity'.
STEREO_DEVO,Stereo-DEVO,RAL,2025,II,ESIO,no,Stereo E+I,metric,"SE3 (stereo, metric)",MVSEC,indoor 2,indoor_flying2,RPE_t,cm/s,134.48,ok,Stereo-DEVO T.II (RPE+ATE). DEIO shown under METRIC eval (no scale-correction) -> large VECtor/DSEC scale errors. Authors also drop DEVO entirely 'because its poses suffer from scale ambiguity'.
STEREO_DEVO,Stereo-DEVO,RAL,2025,II,ESIO,no,Stereo E+I,metric,"SE3 (stereo, metric)",MVSEC,indoor 3,indoor_flying3,RPE_t,cm/s,,failed,Stereo-DEVO T.II (RPE+ATE). DEIO shown under METRIC eval (no scale-correction) -> large VECtor/DSEC scale errors. Authors also drop DEVO entirely 'because its poses suffer from scale ambiguity'.
STEREO_DEVO,Stereo-DEVO,RAL,2025,II,ESIO,no,Stereo E+I,metric,"SE3 (stereo, metric)",MVSEC,indoor 4,indoor_flying4,RPE_t,cm/s,181.03,ok,Stereo-DEVO T.II (RPE+ATE). DEIO shown under METRIC eval (no scale-correction) -> large VECtor/DSEC scale errors. Authors also drop DEVO entirely 'because its poses suffer from scale ambiguity'.
STEREO_DEVO,Stereo-DEVO,RAL,2025,II,ESVO2,no,Stereo E+I,metric,"SE3 (stereo, metric)",MVSEC,indoor 1,indoor_flying1,RPE_t,cm/s,5.05,ok,Stereo-DEVO T.II (RPE+ATE). DEIO shown under METRIC eval (no scale-correction) -> large VECtor/DSEC scale errors. Authors also drop DEVO entirely 'because its poses suffer from scale ambiguity'.
STEREO_DEVO,Stereo-DEVO,RAL,2025,II,ESVO2,no,Stereo E+I,metric,"SE3 (stereo, metric)",MVSEC,indoor 2,indoor_flying2,RPE_t,cm/s,6.12,ok,Stereo-DEVO T.II (RPE+ATE). DEIO shown under METRIC eval (no scale-correction) -> large VECtor/DSEC scale errors. Authors also drop DEVO entirely 'because its poses suffer from scale ambiguity'.
STEREO_DEVO,Stereo-DEVO,RAL,2025,II,ESVO2,no,Stereo E+I,metric,"SE3 (stereo, metric)",MVSEC,indoor 3,indoor_flying3,RPE_t,cm/s,4.75,ok,Stereo-DEVO T.II (RPE+ATE). DEIO shown under METRIC eval (no scale-correction) -> large VECtor/DSEC scale errors. Authors also drop DEVO entirely 'because its poses suffer from scale ambiguity'.
STEREO_DEVO,Stereo-DEVO,RAL,2025,II,ESVO2,no,Stereo E+I,metric,"SE3 (stereo, metric)",MVSEC,indoor 4,indoor_flying4,RPE_t,cm/s,10.36,ok,Stereo-DEVO T.II (RPE+ATE). DEIO shown under METRIC eval (no scale-correction) -> large VECtor/DSEC scale errors. Authors also drop DEVO entirely 'because its poses suffer from scale ambiguity'.
STEREO_DEVO,Stereo-DEVO,RAL,2025,II,DEIO,no,E+I,metric,"SE3 (stereo, metric)",MVSEC,indoor 1,indoor_flying1,RPE_t,cm/s,66.62,ok,Stereo-DEVO T.II (RPE+ATE). DEIO shown under METRIC eval (no scale-correction) -> large VECtor/DSEC scale errors. Authors also drop DEVO entirely 'because its poses suffer from scale ambiguity'.
STEREO_DEVO,Stereo-DEVO,RAL,2025,II,DEIO,no,E+I,metric,"SE3 (stereo, metric)",MVSEC,indoor 2,indoor_flying2,RPE_t,cm/s,53.92,ok,Stereo-DEVO T.II (RPE+ATE). DEIO shown under METRIC eval (no scale-correction) -> large VECtor/DSEC scale errors. Authors also drop DEVO entirely 'because its poses suffer from scale ambiguity'.
STEREO_DEVO,Stereo-DEVO,RAL,2025,II,DEIO,no,E+I,metric,"SE3 (stereo, metric)",MVSEC,indoor 3,indoor_flying3,RPE_t,cm/s,37.55,ok,Stereo-DEVO T.II (RPE+ATE). DEIO shown under METRIC eval (no scale-correction) -> large VECtor/DSEC scale errors. Authors also drop DEVO entirely 'because its poses suffer from scale ambiguity'.
STEREO_DEVO,Stereo-DEVO,RAL,2025,II,DEIO,no,E+I,metric,"SE3 (stereo, metric)",MVSEC,indoor 4,indoor_flying4,RPE_t,cm/s,122.48,ok,Stereo-DEVO T.II (RPE+ATE). DEIO shown under METRIC eval (no scale-correction) -> large VECtor/DSEC scale errors. Authors also drop DEVO entirely 'because its poses suffer from scale ambiguity'.
STEREO_DEVO,Stereo-DEVO,RAL,2025,II,Stereo-DEVO,yes,Stereo E,metric,"SE3 (stereo, metric)",MVSEC,indoor 1,indoor_flying1,RPE_t,cm/s,3.73,ok,Stereo-DEVO T.II (RPE+ATE). DEIO shown under METRIC eval (no scale-correction) -> large VECtor/DSEC scale errors. Authors also drop DEVO entirely 'because its poses suffer from scale ambiguity'.
STEREO_DEVO,Stereo-DEVO,RAL,2025,II,Stereo-DEVO,yes,Stereo E,metric,"SE3 (stereo, metric)",MVSEC,indoor 2,indoor_flying2,RPE_t,cm/s,5.73,ok,Stereo-DEVO T.II (RPE+ATE). DEIO shown under METRIC eval (no scale-correction) -> large VECtor/DSEC scale errors. Authors also drop DEVO entirely 'because its poses suffer from scale ambiguity'.
STEREO_DEVO,Stereo-DEVO,RAL,2025,II,Stereo-DEVO,yes,Stereo E,metric,"SE3 (stereo, metric)",MVSEC,indoor 3,indoor_flying3,RPE_t,cm/s,5.18,ok,Stereo-DEVO T.II (RPE+ATE). DEIO shown under METRIC eval (no scale-correction) -> large VECtor/DSEC scale errors. Authors also drop DEVO entirely 'because its poses suffer from scale ambiguity'.
STEREO_DEVO,Stereo-DEVO,RAL,2025,II,Stereo-DEVO,yes,Stereo E,metric,"SE3 (stereo, metric)",MVSEC,indoor 4,indoor_flying4,RPE_t,cm/s,14.15,ok,Stereo-DEVO T.II (RPE+ATE). DEIO shown under METRIC eval (no scale-correction) -> large VECtor/DSEC scale errors. Authors also drop DEVO entirely 'because its poses suffer from scale ambiguity'.
STEREO_DEVO,Stereo-DEVO,RAL,2025,II,ESVO,no,Stereo E,metric,"SE3 (stereo, metric)",DSEC,city04_a,city04_a,RPE_t,cm/s,69.14,ok,Stereo-DEVO T.II (RPE+ATE). DEIO shown under METRIC eval (no scale-correction) -> large VECtor/DSEC scale errors. Authors also drop DEVO entirely 'because its poses suffer from scale ambiguity'.
STEREO_DEVO,Stereo-DEVO,RAL,2025,II,ESVO,no,Stereo E,metric,"SE3 (stereo, metric)",DSEC,city04_b,city04_b,RPE_t,cm/s,32.84,ok,Stereo-DEVO T.II (RPE+ATE). DEIO shown under METRIC eval (no scale-correction) -> large VECtor/DSEC scale errors. Authors also drop DEVO entirely 'because its poses suffer from scale ambiguity'.
STEREO_DEVO,Stereo-DEVO,RAL,2025,II,ESVO,no,Stereo E,metric,"SE3 (stereo, metric)",DSEC,city04_c,city04_c,RPE_t,cm/s,82.03,ok,Stereo-DEVO T.II (RPE+ATE). DEIO shown under METRIC eval (no scale-correction) -> large VECtor/DSEC scale errors. Authors also drop DEVO entirely 'because its poses suffer from scale ambiguity'.
STEREO_DEVO,Stereo-DEVO,RAL,2025,II,ESVO,no,Stereo E,metric,"SE3 (stereo, metric)",DSEC,city04_d,city04_d,RPE_t,cm/s,190.67,ok,Stereo-DEVO T.II (RPE+ATE). DEIO shown under METRIC eval (no scale-correction) -> large VECtor/DSEC scale errors. Authors also drop DEVO entirely 'because its poses suffer from scale ambiguity'.
STEREO_DEVO,Stereo-DEVO,RAL,2025,II,ESVO,no,Stereo E,metric,"SE3 (stereo, metric)",DSEC,city09_a,city09_a,RPE_t,cm/s,271.62,ok,Stereo-DEVO T.II (RPE+ATE). DEIO shown under METRIC eval (no scale-correction) -> large VECtor/DSEC scale errors. Authors also drop DEVO entirely 'because its poses suffer from scale ambiguity'.
STEREO_DEVO,Stereo-DEVO,RAL,2025,II,ESVO,no,Stereo E,metric,"SE3 (stereo, metric)",DSEC,city09_b,city09_b,RPE_t,cm/s,138.33,ok,Stereo-DEVO T.II (RPE+ATE). DEIO shown under METRIC eval (no scale-correction) -> large VECtor/DSEC scale errors. Authors also drop DEVO entirely 'because its poses suffer from scale ambiguity'.
STEREO_DEVO,Stereo-DEVO,RAL,2025,II,ESVO,no,Stereo E,metric,"SE3 (stereo, metric)",DSEC,city09_c,city09_c,RPE_t,cm/s,417.0,ok,Stereo-DEVO T.II (RPE+ATE). DEIO shown under METRIC eval (no scale-correction) -> large VECtor/DSEC scale errors. Authors also drop DEVO entirely 'because its poses suffer from scale ambiguity'.
STEREO_DEVO,Stereo-DEVO,RAL,2025,II,ESVO,no,Stereo E,metric,"SE3 (stereo, metric)",DSEC,city09_d,city09_d,RPE_t,cm/s,280.43,ok,Stereo-DEVO T.II (RPE+ATE). DEIO shown under METRIC eval (no scale-correction) -> large VECtor/DSEC scale errors. Authors also drop DEVO entirely 'because its poses suffer from scale ambiguity'.
STEREO_DEVO,Stereo-DEVO,RAL,2025,II,ESVO,no,Stereo E,metric,"SE3 (stereo, metric)",DSEC,city09_e,city09_e,RPE_t,cm/s,339.24,ok,Stereo-DEVO T.II (RPE+ATE). DEIO shown under METRIC eval (no scale-correction) -> large VECtor/DSEC scale errors. Authors also drop DEVO entirely 'because its poses suffer from scale ambiguity'.
STEREO_DEVO,Stereo-DEVO,RAL,2025,II,ESVO,no,Stereo E,metric,"SE3 (stereo, metric)",DSEC,city11_a,city11_a,RPE_t,cm/s,56.82,ok,Stereo-DEVO T.II (RPE+ATE). DEIO shown under METRIC eval (no scale-correction) -> large VECtor/DSEC scale errors. Authors also drop DEVO entirely 'because its poses suffer from scale ambiguity'.
STEREO_DEVO,Stereo-DEVO,RAL,2025,II,ESVO,no,Stereo E,metric,"SE3 (stereo, metric)",DSEC,city11_b,city11_b,RPE_t,cm/s,188.97,ok,Stereo-DEVO T.II (RPE+ATE). DEIO shown under METRIC eval (no scale-correction) -> large VECtor/DSEC scale errors. Authors also drop DEVO entirely 'because its poses suffer from scale ambiguity'.
STEREO_DEVO,Stereo-DEVO,RAL,2025,II,ES-PTAM,no,Stereo E,metric,"SE3 (stereo, metric)",DSEC,city04_a,city04_a,RPE_t,cm/s,26.92,ok,Stereo-DEVO T.II (RPE+ATE). DEIO shown under METRIC eval (no scale-correction) -> large VECtor/DSEC scale errors. Authors also drop DEVO entirely 'because its poses suffer from scale ambiguity'.
STEREO_DEVO,Stereo-DEVO,RAL,2025,II,ES-PTAM,no,Stereo E,metric,"SE3 (stereo, metric)",DSEC,city04_b,city04_b,RPE_t,cm/s,26.48,ok,Stereo-DEVO T.II (RPE+ATE). DEIO shown under METRIC eval (no scale-correction) -> large VECtor/DSEC scale errors. Authors also drop DEVO entirely 'because its poses suffer from scale ambiguity'.
STEREO_DEVO,Stereo-DEVO,RAL,2025,II,ES-PTAM,no,Stereo E,metric,"SE3 (stereo, metric)",DSEC,city04_c,city04_c,RPE_t,cm/s,86.21,ok,Stereo-DEVO T.II (RPE+ATE). DEIO shown under METRIC eval (no scale-correction) -> large VECtor/DSEC scale errors. Authors also drop DEVO entirely 'because its poses suffer from scale ambiguity'.
STEREO_DEVO,Stereo-DEVO,RAL,2025,II,ES-PTAM,no,Stereo E,metric,"SE3 (stereo, metric)",DSEC,city04_d,city04_d,RPE_t,cm/s,68.02,ok,Stereo-DEVO T.II (RPE+ATE). DEIO shown under METRIC eval (no scale-correction) -> large VECtor/DSEC scale errors. Authors also drop DEVO entirely 'because its poses suffer from scale ambiguity'.
STEREO_DEVO,Stereo-DEVO,RAL,2025,II,ES-PTAM,no,Stereo E,metric,"SE3 (stereo, metric)",DSEC,city09_a,city09_a,RPE_t,cm/s,,failed,Stereo-DEVO T.II (RPE+ATE). DEIO shown under METRIC eval (no scale-correction) -> large VECtor/DSEC scale errors. Authors also drop DEVO entirely 'because its poses suffer from scale ambiguity'.
STEREO_DEVO,Stereo-DEVO,RAL,2025,II,ES-PTAM,no,Stereo E,metric,"SE3 (stereo, metric)",DSEC,city09_b,city09_b,RPE_t,cm/s,68.92,ok,Stereo-DEVO T.II (RPE+ATE). DEIO shown under METRIC eval (no scale-correction) -> large VECtor/DSEC scale errors. Authors also drop DEVO entirely 'because its poses suffer from scale ambiguity'.
STEREO_DEVO,Stereo-DEVO,RAL,2025,II,ES-PTAM,no,Stereo E,metric,"SE3 (stereo, metric)",DSEC,city09_c,city09_c,RPE_t,cm/s,1998.86,ok,Stereo-DEVO T.II (RPE+ATE). DEIO shown under METRIC eval (no scale-correction) -> large VECtor/DSEC scale errors. Authors also drop DEVO entirely 'because its poses suffer from scale ambiguity'.
STEREO_DEVO,Stereo-DEVO,RAL,2025,II,ES-PTAM,no,Stereo E,metric,"SE3 (stereo, metric)",DSEC,city09_d,city09_d,RPE_t,cm/s,,failed,Stereo-DEVO T.II (RPE+ATE). DEIO shown under METRIC eval (no scale-correction) -> large VECtor/DSEC scale errors. Authors also drop DEVO entirely 'because its poses suffer from scale ambiguity'.
STEREO_DEVO,Stereo-DEVO,RAL,2025,II,ES-PTAM,no,Stereo E,metric,"SE3 (stereo, metric)",DSEC,city09_e,city09_e,RPE_t,cm/s,744.3,ok,Stereo-DEVO T.II (RPE+ATE). DEIO shown under METRIC eval (no scale-correction) -> large VECtor/DSEC scale errors. Authors also drop DEVO entirely 'because its poses suffer from scale ambiguity'.
STEREO_DEVO,Stereo-DEVO,RAL,2025,II,ES-PTAM,no,Stereo E,metric,"SE3 (stereo, metric)",DSEC,city11_a,city11_a,RPE_t,cm/s,25.14,ok,Stereo-DEVO T.II (RPE+ATE). DEIO shown under METRIC eval (no scale-correction) -> large VECtor/DSEC scale errors. Authors also drop DEVO entirely 'because its poses suffer from scale ambiguity'.
STEREO_DEVO,Stereo-DEVO,RAL,2025,II,ES-PTAM,no,Stereo E,metric,"SE3 (stereo, metric)",DSEC,city11_b,city11_b,RPE_t,cm/s,,failed,Stereo-DEVO T.II (RPE+ATE). DEIO shown under METRIC eval (no scale-correction) -> large VECtor/DSEC scale errors. Authors also drop DEVO entirely 'because its poses suffer from scale ambiguity'.
STEREO_DEVO,Stereo-DEVO,RAL,2025,II,ESIO,no,Stereo E+I,metric,"SE3 (stereo, metric)",DSEC,city04_a,city04_a,RPE_t,cm/s,187.03,ok,Stereo-DEVO T.II (RPE+ATE). DEIO shown under METRIC eval (no scale-correction) -> large VECtor/DSEC scale errors. Authors also drop DEVO entirely 'because its poses suffer from scale ambiguity'.
STEREO_DEVO,Stereo-DEVO,RAL,2025,II,ESIO,no,Stereo E+I,metric,"SE3 (stereo, metric)",DSEC,city04_b,city04_b,RPE_t,cm/s,188.23,ok,Stereo-DEVO T.II (RPE+ATE). DEIO shown under METRIC eval (no scale-correction) -> large VECtor/DSEC scale errors. Authors also drop DEVO entirely 'because its poses suffer from scale ambiguity'.
STEREO_DEVO,Stereo-DEVO,RAL,2025,II,ESIO,no,Stereo E+I,metric,"SE3 (stereo, metric)",DSEC,city04_c,city04_c,RPE_t,cm/s,145.64,ok,Stereo-DEVO T.II (RPE+ATE). DEIO shown under METRIC eval (no scale-correction) -> large VECtor/DSEC scale errors. Authors also drop DEVO entirely 'because its poses suffer from scale ambiguity'.
STEREO_DEVO,Stereo-DEVO,RAL,2025,II,ESIO,no,Stereo E+I,metric,"SE3 (stereo, metric)",DSEC,city04_d,city04_d,RPE_t,cm/s,540.98,ok,Stereo-DEVO T.II (RPE+ATE). DEIO shown under METRIC eval (no scale-correction) -> large VECtor/DSEC scale errors. Authors also drop DEVO entirely 'because its poses suffer from scale ambiguity'.
STEREO_DEVO,Stereo-DEVO,RAL,2025,II,ESIO,no,Stereo E+I,metric,"SE3 (stereo, metric)",DSEC,city09_a,city09_a,RPE_t,cm/s,,failed,Stereo-DEVO T.II (RPE+ATE). DEIO shown under METRIC eval (no scale-correction) -> large VECtor/DSEC scale errors. Authors also drop DEVO entirely 'because its poses suffer from scale ambiguity'.
STEREO_DEVO,Stereo-DEVO,RAL,2025,II,ESIO,no,Stereo E+I,metric,"SE3 (stereo, metric)",DSEC,city09_b,city09_b,RPE_t,cm/s,561.41,ok,Stereo-DEVO T.II (RPE+ATE). DEIO shown under METRIC eval (no scale-correction) -> large VECtor/DSEC scale errors. Authors also drop DEVO entirely 'because its poses suffer from scale ambiguity'.
STEREO_DEVO,Stereo-DEVO,RAL,2025,II,ESIO,no,Stereo E+I,metric,"SE3 (stereo, metric)",DSEC,city09_c,city09_c,RPE_t,cm/s,,failed,Stereo-DEVO T.II (RPE+ATE). DEIO shown under METRIC eval (no scale-correction) -> large VECtor/DSEC scale errors. Authors also drop DEVO entirely 'because its poses suffer from scale ambiguity'.
STEREO_DEVO,Stereo-DEVO,RAL,2025,II,ESIO,no,Stereo E+I,metric,"SE3 (stereo, metric)",DSEC,city09_d,city09_d,RPE_t,cm/s,105.62,ok,Stereo-DEVO T.II (RPE+ATE). DEIO shown under METRIC eval (no scale-correction) -> large VECtor/DSEC scale errors. Authors also drop DEVO entirely 'because its poses suffer from scale ambiguity'.
STEREO_DEVO,Stereo-DEVO,RAL,2025,II,ESIO,no,Stereo E+I,metric,"SE3 (stereo, metric)",DSEC,city09_e,city09_e,RPE_t,cm/s,801.43,ok,Stereo-DEVO T.II (RPE+ATE). DEIO shown under METRIC eval (no scale-correction) -> large VECtor/DSEC scale errors. Authors also drop DEVO entirely 'because its poses suffer from scale ambiguity'.
STEREO_DEVO,Stereo-DEVO,RAL,2025,II,ESIO,no,Stereo E+I,metric,"SE3 (stereo, metric)",DSEC,city11_a,city11_a,RPE_t,cm/s,54.53,ok,Stereo-DEVO T.II (RPE+ATE). DEIO shown under METRIC eval (no scale-correction) -> large VECtor/DSEC scale errors. Authors also drop DEVO entirely 'because its poses suffer from scale ambiguity'.
STEREO_DEVO,Stereo-DEVO,RAL,2025,II,ESIO,no,Stereo E+I,metric,"SE3 (stereo, metric)",DSEC,city11_b,city11_b,RPE_t,cm/s,53.55,ok,Stereo-DEVO T.II (RPE+ATE). DEIO shown under METRIC eval (no scale-correction) -> large VECtor/DSEC scale errors. Authors also drop DEVO entirely 'because its poses suffer from scale ambiguity'.
STEREO_DEVO,Stereo-DEVO,RAL,2025,II,ESVO2,no,Stereo E+I,metric,"SE3 (stereo, metric)",DSEC,city04_a,city04_a,RPE_t,cm/s,16.98,ok,Stereo-DEVO T.II (RPE+ATE). DEIO shown under METRIC eval (no scale-correction) -> large VECtor/DSEC scale errors. Authors also drop DEVO entirely 'because its poses suffer from scale ambiguity'.
STEREO_DEVO,Stereo-DEVO,RAL,2025,II,ESVO2,no,Stereo E+I,metric,"SE3 (stereo, metric)",DSEC,city04_b,city04_b,RPE_t,cm/s,21.7,ok,Stereo-DEVO T.II (RPE+ATE). DEIO shown under METRIC eval (no scale-correction) -> large VECtor/DSEC scale errors. Authors also drop DEVO entirely 'because its poses suffer from scale ambiguity'.
STEREO_DEVO,Stereo-DEVO,RAL,2025,II,ESVO2,no,Stereo E+I,metric,"SE3 (stereo, metric)",DSEC,city04_c,city04_c,RPE_t,cm/s,39.12,ok,Stereo-DEVO T.II (RPE+ATE). DEIO shown under METRIC eval (no scale-correction) -> large VECtor/DSEC scale errors. Authors also drop DEVO entirely 'because its poses suffer from scale ambiguity'.
STEREO_DEVO,Stereo-DEVO,RAL,2025,II,ESVO2,no,Stereo E+I,metric,"SE3 (stereo, metric)",DSEC,city04_d,city04_d,RPE_t,cm/s,18.0,ok,Stereo-DEVO T.II (RPE+ATE). DEIO shown under METRIC eval (no scale-correction) -> large VECtor/DSEC scale errors. Authors also drop DEVO entirely 'because its poses suffer from scale ambiguity'.
STEREO_DEVO,Stereo-DEVO,RAL,2025,II,ESVO2,no,Stereo E+I,metric,"SE3 (stereo, metric)",DSEC,city09_a,city09_a,RPE_t,cm/s,80.86,ok,Stereo-DEVO T.II (RPE+ATE). DEIO shown under METRIC eval (no scale-correction) -> large VECtor/DSEC scale errors. Authors also drop DEVO entirely 'because its poses suffer from scale ambiguity'.
STEREO_DEVO,Stereo-DEVO,RAL,2025,II,ESVO2,no,Stereo E+I,metric,"SE3 (stereo, metric)",DSEC,city09_b,city09_b,RPE_t,cm/s,32.1,ok,Stereo-DEVO T.II (RPE+ATE). DEIO shown under METRIC eval (no scale-correction) -> large VECtor/DSEC scale errors. Authors also drop DEVO entirely 'because its poses suffer from scale ambiguity'.
STEREO_DEVO,Stereo-DEVO,RAL,2025,II,ESVO2,no,Stereo E+I,metric,"SE3 (stereo, metric)",DSEC,city09_c,city09_c,RPE_t,cm/s,361.56,ok,Stereo-DEVO T.II (RPE+ATE). DEIO shown under METRIC eval (no scale-correction) -> large VECtor/DSEC scale errors. Authors also drop DEVO entirely 'because its poses suffer from scale ambiguity'.
STEREO_DEVO,Stereo-DEVO,RAL,2025,II,ESVO2,no,Stereo E+I,metric,"SE3 (stereo, metric)",DSEC,city09_d,city09_d,RPE_t,cm/s,91.51,ok,Stereo-DEVO T.II (RPE+ATE). DEIO shown under METRIC eval (no scale-correction) -> large VECtor/DSEC scale errors. Authors also drop DEVO entirely 'because its poses suffer from scale ambiguity'.
STEREO_DEVO,Stereo-DEVO,RAL,2025,II,ESVO2,no,Stereo E+I,metric,"SE3 (stereo, metric)",DSEC,city09_e,city09_e,RPE_t,cm/s,125.22,ok,Stereo-DEVO T.II (RPE+ATE). DEIO shown under METRIC eval (no scale-correction) -> large VECtor/DSEC scale errors. Authors also drop DEVO entirely 'because its poses suffer from scale ambiguity'.
STEREO_DEVO,Stereo-DEVO,RAL,2025,II,ESVO2,no,Stereo E+I,metric,"SE3 (stereo, metric)",DSEC,city11_a,city11_a,RPE_t,cm/s,12.94,ok,Stereo-DEVO T.II (RPE+ATE). DEIO shown under METRIC eval (no scale-correction) -> large VECtor/DSEC scale errors. Authors also drop DEVO entirely 'because its poses suffer from scale ambiguity'.
STEREO_DEVO,Stereo-DEVO,RAL,2025,II,ESVO2,no,Stereo E+I,metric,"SE3 (stereo, metric)",DSEC,city11_b,city11_b,RPE_t,cm/s,14.83,ok,Stereo-DEVO T.II (RPE+ATE). DEIO shown under METRIC eval (no scale-correction) -> large VECtor/DSEC scale errors. Authors also drop DEVO entirely 'because its poses suffer from scale ambiguity'.
STEREO_DEVO,Stereo-DEVO,RAL,2025,II,DEIO,no,E+I,metric,"SE3 (stereo, metric)",DSEC,city04_a,city04_a,RPE_t,cm/s,641.27,ok,Stereo-DEVO T.II (RPE+ATE). DEIO shown under METRIC eval (no scale-correction) -> large VECtor/DSEC scale errors. Authors also drop DEVO entirely 'because its poses suffer from scale ambiguity'.
STEREO_DEVO,Stereo-DEVO,RAL,2025,II,DEIO,no,E+I,metric,"SE3 (stereo, metric)",DSEC,city04_b,city04_b,RPE_t,cm/s,726.44,ok,Stereo-DEVO T.II (RPE+ATE). DEIO shown under METRIC eval (no scale-correction) -> large VECtor/DSEC scale errors. Authors also drop DEVO entirely 'because its poses suffer from scale ambiguity'.
STEREO_DEVO,Stereo-DEVO,RAL,2025,II,DEIO,no,E+I,metric,"SE3 (stereo, metric)",DSEC,city04_c,city04_c,RPE_t,cm/s,1501.47,ok,Stereo-DEVO T.II (RPE+ATE). DEIO shown under METRIC eval (no scale-correction) -> large VECtor/DSEC scale errors. Authors also drop DEVO entirely 'because its poses suffer from scale ambiguity'.
STEREO_DEVO,Stereo-DEVO,RAL,2025,II,DEIO,no,E+I,metric,"SE3 (stereo, metric)",DSEC,city04_d,city04_d,RPE_t,cm/s,1939.15,ok,Stereo-DEVO T.II (RPE+ATE). DEIO shown under METRIC eval (no scale-correction) -> large VECtor/DSEC scale errors. Authors also drop DEVO entirely 'because its poses suffer from scale ambiguity'.
STEREO_DEVO,Stereo-DEVO,RAL,2025,II,DEIO,no,E+I,metric,"SE3 (stereo, metric)",DSEC,city09_a,city09_a,RPE_t,cm/s,,n/a,Stereo-DEVO T.II (RPE+ATE). DEIO shown under METRIC eval (no scale-correction) -> large VECtor/DSEC scale errors. Authors also drop DEVO entirely 'because its poses suffer from scale ambiguity'.
STEREO_DEVO,Stereo-DEVO,RAL,2025,II,DEIO,no,E+I,metric,"SE3 (stereo, metric)",DSEC,city09_b,city09_b,RPE_t,cm/s,,n/a,Stereo-DEVO T.II (RPE+ATE). DEIO shown under METRIC eval (no scale-correction) -> large VECtor/DSEC scale errors. Authors also drop DEVO entirely 'because its poses suffer from scale ambiguity'.
STEREO_DEVO,Stereo-DEVO,RAL,2025,II,DEIO,no,E+I,metric,"SE3 (stereo, metric)",DSEC,city09_c,city09_c,RPE_t,cm/s,,n/a,Stereo-DEVO T.II (RPE+ATE). DEIO shown under METRIC eval (no scale-correction) -> large VECtor/DSEC scale errors. Authors also drop DEVO entirely 'because its poses suffer from scale ambiguity'.
STEREO_DEVO,Stereo-DEVO,RAL,2025,II,DEIO,no,E+I,metric,"SE3 (stereo, metric)",DSEC,city09_d,city09_d,RPE_t,cm/s,,n/a,Stereo-DEVO T.II (RPE+ATE). DEIO shown under METRIC eval (no scale-correction) -> large VECtor/DSEC scale errors. Authors also drop DEVO entirely 'because its poses suffer from scale ambiguity'.
STEREO_DEVO,Stereo-DEVO,RAL,2025,II,DEIO,no,E+I,metric,"SE3 (stereo, metric)",DSEC,city09_e,city09_e,RPE_t,cm/s,,n/a,Stereo-DEVO T.II (RPE+ATE). DEIO shown under METRIC eval (no scale-correction) -> large VECtor/DSEC scale errors. Authors also drop DEVO entirely 'because its poses suffer from scale ambiguity'.
STEREO_DEVO,Stereo-DEVO,RAL,2025,II,DEIO,no,E+I,metric,"SE3 (stereo, metric)",DSEC,city11_a,city11_a,RPE_t,cm/s,,n/a,Stereo-DEVO T.II (RPE+ATE). DEIO shown under METRIC eval (no scale-correction) -> large VECtor/DSEC scale errors. Authors also drop DEVO entirely 'because its poses suffer from scale ambiguity'.
STEREO_DEVO,Stereo-DEVO,RAL,2025,II,DEIO,no,E+I,metric,"SE3 (stereo, metric)",DSEC,city11_b,city11_b,RPE_t,cm/s,,n/a,Stereo-DEVO T.II (RPE+ATE). DEIO shown under METRIC eval (no scale-correction) -> large VECtor/DSEC scale errors. Authors also drop DEVO entirely 'because its poses suffer from scale ambiguity'.
STEREO_DEVO,Stereo-DEVO,RAL,2025,II,Stereo-DEVO,yes,Stereo E,metric,"SE3 (stereo, metric)",DSEC,city04_a,city04_a,RPE_t,cm/s,23.7,ok,Stereo-DEVO T.II (RPE+ATE). DEIO shown under METRIC eval (no scale-correction) -> large VECtor/DSEC scale errors. Authors also drop DEVO entirely 'because its poses suffer from scale ambiguity'.
STEREO_DEVO,Stereo-DEVO,RAL,2025,II,Stereo-DEVO,yes,Stereo E,metric,"SE3 (stereo, metric)",DSEC,city04_b,city04_b,RPE_t,cm/s,13.56,ok,Stereo-DEVO T.II (RPE+ATE). DEIO shown under METRIC eval (no scale-correction) -> large VECtor/DSEC scale errors. Authors also drop DEVO entirely 'because its poses suffer from scale ambiguity'.
STEREO_DEVO,Stereo-DEVO,RAL,2025,II,Stereo-DEVO,yes,Stereo E,metric,"SE3 (stereo, metric)",DSEC,city04_c,city04_c,RPE_t,cm/s,34.39,ok,Stereo-DEVO T.II (RPE+ATE). DEIO shown under METRIC eval (no scale-correction) -> large VECtor/DSEC scale errors. Authors also drop DEVO entirely 'because its poses suffer from scale ambiguity'.
STEREO_DEVO,Stereo-DEVO,RAL,2025,II,Stereo-DEVO,yes,Stereo E,metric,"SE3 (stereo, metric)",DSEC,city04_d,city04_d,RPE_t,cm/s,31.18,ok,Stereo-DEVO T.II (RPE+ATE). DEIO shown under METRIC eval (no scale-correction) -> large VECtor/DSEC scale errors. Authors also drop DEVO entirely 'because its poses suffer from scale ambiguity'.
STEREO_DEVO,Stereo-DEVO,RAL,2025,II,Stereo-DEVO,yes,Stereo E,metric,"SE3 (stereo, metric)",DSEC,city09_a,city09_a,RPE_t,cm/s,15.73,ok,Stereo-DEVO T.II (RPE+ATE). DEIO shown under METRIC eval (no scale-correction) -> large VECtor/DSEC scale errors. Authors also drop DEVO entirely 'because its poses suffer from scale ambiguity'.
STEREO_DEVO,Stereo-DEVO,RAL,2025,II,Stereo-DEVO,yes,Stereo E,metric,"SE3 (stereo, metric)",DSEC,city09_b,city09_b,RPE_t,cm/s,55.0,ok,Stereo-DEVO T.II (RPE+ATE). DEIO shown under METRIC eval (no scale-correction) -> large VECtor/DSEC scale errors. Authors also drop DEVO entirely 'because its poses suffer from scale ambiguity'.
STEREO_DEVO,Stereo-DEVO,RAL,2025,II,Stereo-DEVO,yes,Stereo E,metric,"SE3 (stereo, metric)",DSEC,city09_c,city09_c,RPE_t,cm/s,273.98,ok,Stereo-DEVO T.II (RPE+ATE). DEIO shown under METRIC eval (no scale-correction) -> large VECtor/DSEC scale errors. Authors also drop DEVO entirely 'because its poses suffer from scale ambiguity'.
STEREO_DEVO,Stereo-DEVO,RAL,2025,II,Stereo-DEVO,yes,Stereo E,metric,"SE3 (stereo, metric)",DSEC,city09_d,city09_d,RPE_t,cm/s,39.38,ok,Stereo-DEVO T.II (RPE+ATE). DEIO shown under METRIC eval (no scale-correction) -> large VECtor/DSEC scale errors. Authors also drop DEVO entirely 'because its poses suffer from scale ambiguity'.
STEREO_DEVO,Stereo-DEVO,RAL,2025,II,Stereo-DEVO,yes,Stereo E,metric,"SE3 (stereo, metric)",DSEC,city09_e,city09_e,RPE_t,cm/s,38.56,ok,Stereo-DEVO T.II (RPE+ATE). DEIO shown under METRIC eval (no scale-correction) -> large VECtor/DSEC scale errors. Authors also drop DEVO entirely 'because its poses suffer from scale ambiguity'.
STEREO_DEVO,Stereo-DEVO,RAL,2025,II,Stereo-DEVO,yes,Stereo E,metric,"SE3 (stereo, metric)",DSEC,city11_a,city11_a,RPE_t,cm/s,10.32,ok,Stereo-DEVO T.II (RPE+ATE). DEIO shown under METRIC eval (no scale-correction) -> large VECtor/DSEC scale errors. Authors also drop DEVO entirely 'because its poses suffer from scale ambiguity'.
STEREO_DEVO,Stereo-DEVO,RAL,2025,II,Stereo-DEVO,yes,Stereo E,metric,"SE3 (stereo, metric)",DSEC,city11_b,city11_b,RPE_t,cm/s,15.58,ok,Stereo-DEVO T.II (RPE+ATE). DEIO shown under METRIC eval (no scale-correction) -> large VECtor/DSEC scale errors. Authors also drop DEVO entirely 'because its poses suffer from scale ambiguity'.
STEREO_DEVO,Stereo-DEVO,RAL,2025,II,ESVO,no,Stereo E,metric,"SE3 (stereo, metric)",VECtor,robot_normal,robot_normal,RPE_t,cm/s,16.79,ok,Stereo-DEVO T.II (RPE+ATE). DEIO shown under METRIC eval (no scale-correction) -> large VECtor/DSEC scale errors. Authors also drop DEVO entirely 'because its poses suffer from scale ambiguity'.
STEREO_DEVO,Stereo-DEVO,RAL,2025,II,ESVO,no,Stereo E,metric,"SE3 (stereo, metric)",VECtor,corner_slow,corner_slow,RPE_t,cm/s,6.45,ok,Stereo-DEVO T.II (RPE+ATE). DEIO shown under METRIC eval (no scale-correction) -> large VECtor/DSEC scale errors. Authors also drop DEVO entirely 'because its poses suffer from scale ambiguity'.
STEREO_DEVO,Stereo-DEVO,RAL,2025,II,ESVO,no,Stereo E,metric,"SE3 (stereo, metric)",VECtor,hdr_normal,hdr_normal,RPE_t,cm/s,5.55,ok,Stereo-DEVO T.II (RPE+ATE). DEIO shown under METRIC eval (no scale-correction) -> large VECtor/DSEC scale errors. Authors also drop DEVO entirely 'because its poses suffer from scale ambiguity'.
STEREO_DEVO,Stereo-DEVO,RAL,2025,II,ESVO,no,Stereo E,metric,"SE3 (stereo, metric)",VECtor,sofa_normal,sofa_normal,RPE_t,cm/s,,failed,Stereo-DEVO T.II (RPE+ATE). DEIO shown under METRIC eval (no scale-correction) -> large VECtor/DSEC scale errors. Authors also drop DEVO entirely 'because its poses suffer from scale ambiguity'.
STEREO_DEVO,Stereo-DEVO,RAL,2025,II,ESVO,no,Stereo E,metric,"SE3 (stereo, metric)",VECtor,desk_normal,desk_normal,RPE_t,cm/s,5.12,ok,Stereo-DEVO T.II (RPE+ATE). DEIO shown under METRIC eval (no scale-correction) -> large VECtor/DSEC scale errors. Authors also drop DEVO entirely 'because its poses suffer from scale ambiguity'.
STEREO_DEVO,Stereo-DEVO,RAL,2025,II,ESVO,no,Stereo E,metric,"SE3 (stereo, metric)",VECtor,corridors_dolly,corridors_dolly,RPE_t,cm/s,,failed,Stereo-DEVO T.II (RPE+ATE). DEIO shown under METRIC eval (no scale-correction) -> large VECtor/DSEC scale errors. Authors also drop DEVO entirely 'because its poses suffer from scale ambiguity'.
STEREO_DEVO,Stereo-DEVO,RAL,2025,II,ESVO,no,Stereo E,metric,"SE3 (stereo, metric)",VECtor,units_dolly,units_dolly,RPE_t,cm/s,,failed,Stereo-DEVO T.II (RPE+ATE). DEIO shown under METRIC eval (no scale-correction) -> large VECtor/DSEC scale errors. Authors also drop DEVO entirely 'because its poses suffer from scale ambiguity'.
STEREO_DEVO,Stereo-DEVO,RAL,2025,II,ES-PTAM,no,Stereo E,metric,"SE3 (stereo, metric)",VECtor,robot_normal,robot_normal,RPE_t,cm/s,,n/a,Stereo-DEVO T.II (RPE+ATE). DEIO shown under METRIC eval (no scale-correction) -> large VECtor/DSEC scale errors. Authors also drop DEVO entirely 'because its poses suffer from scale ambiguity'.
STEREO_DEVO,Stereo-DEVO,RAL,2025,II,ES-PTAM,no,Stereo E,metric,"SE3 (stereo, metric)",VECtor,corner_slow,corner_slow,RPE_t,cm/s,,n/a,Stereo-DEVO T.II (RPE+ATE). DEIO shown under METRIC eval (no scale-correction) -> large VECtor/DSEC scale errors. Authors also drop DEVO entirely 'because its poses suffer from scale ambiguity'.
STEREO_DEVO,Stereo-DEVO,RAL,2025,II,ES-PTAM,no,Stereo E,metric,"SE3 (stereo, metric)",VECtor,hdr_normal,hdr_normal,RPE_t,cm/s,,n/a,Stereo-DEVO T.II (RPE+ATE). DEIO shown under METRIC eval (no scale-correction) -> large VECtor/DSEC scale errors. Authors also drop DEVO entirely 'because its poses suffer from scale ambiguity'.
STEREO_DEVO,Stereo-DEVO,RAL,2025,II,ES-PTAM,no,Stereo E,metric,"SE3 (stereo, metric)",VECtor,sofa_normal,sofa_normal,RPE_t,cm/s,,n/a,Stereo-DEVO T.II (RPE+ATE). DEIO shown under METRIC eval (no scale-correction) -> large VECtor/DSEC scale errors. Authors also drop DEVO entirely 'because its poses suffer from scale ambiguity'.
STEREO_DEVO,Stereo-DEVO,RAL,2025,II,ES-PTAM,no,Stereo E,metric,"SE3 (stereo, metric)",VECtor,desk_normal,desk_normal,RPE_t,cm/s,,n/a,Stereo-DEVO T.II (RPE+ATE). DEIO shown under METRIC eval (no scale-correction) -> large VECtor/DSEC scale errors. Authors also drop DEVO entirely 'because its poses suffer from scale ambiguity'.
STEREO_DEVO,Stereo-DEVO,RAL,2025,II,ES-PTAM,no,Stereo E,metric,"SE3 (stereo, metric)",VECtor,corridors_dolly,corridors_dolly,RPE_t,cm/s,,n/a,Stereo-DEVO T.II (RPE+ATE). DEIO shown under METRIC eval (no scale-correction) -> large VECtor/DSEC scale errors. Authors also drop DEVO entirely 'because its poses suffer from scale ambiguity'.
STEREO_DEVO,Stereo-DEVO,RAL,2025,II,ES-PTAM,no,Stereo E,metric,"SE3 (stereo, metric)",VECtor,units_dolly,units_dolly,RPE_t,cm/s,,n/a,Stereo-DEVO T.II (RPE+ATE). DEIO shown under METRIC eval (no scale-correction) -> large VECtor/DSEC scale errors. Authors also drop DEVO entirely 'because its poses suffer from scale ambiguity'.
STEREO_DEVO,Stereo-DEVO,RAL,2025,II,ESIO,no,Stereo E+I,metric,"SE3 (stereo, metric)",VECtor,robot_normal,robot_normal,RPE_t,cm/s,3.38,ok,Stereo-DEVO T.II (RPE+ATE). DEIO shown under METRIC eval (no scale-correction) -> large VECtor/DSEC scale errors. Authors also drop DEVO entirely 'because its poses suffer from scale ambiguity'.
STEREO_DEVO,Stereo-DEVO,RAL,2025,II,ESIO,no,Stereo E+I,metric,"SE3 (stereo, metric)",VECtor,corner_slow,corner_slow,RPE_t,cm/s,7.01,ok,Stereo-DEVO T.II (RPE+ATE). DEIO shown under METRIC eval (no scale-correction) -> large VECtor/DSEC scale errors. Authors also drop DEVO entirely 'because its poses suffer from scale ambiguity'.
STEREO_DEVO,Stereo-DEVO,RAL,2025,II,ESIO,no,Stereo E+I,metric,"SE3 (stereo, metric)",VECtor,hdr_normal,hdr_normal,RPE_t,cm/s,15.65,ok,Stereo-DEVO T.II (RPE+ATE). DEIO shown under METRIC eval (no scale-correction) -> large VECtor/DSEC scale errors. Authors also drop DEVO entirely 'because its poses suffer from scale ambiguity'.
STEREO_DEVO,Stereo-DEVO,RAL,2025,II,ESIO,no,Stereo E+I,metric,"SE3 (stereo, metric)",VECtor,sofa_normal,sofa_normal,RPE_t,cm/s,54.32,ok,Stereo-DEVO T.II (RPE+ATE). DEIO shown under METRIC eval (no scale-correction) -> large VECtor/DSEC scale errors. Authors also drop DEVO entirely 'because its poses suffer from scale ambiguity'.
STEREO_DEVO,Stereo-DEVO,RAL,2025,II,ESIO,no,Stereo E+I,metric,"SE3 (stereo, metric)",VECtor,desk_normal,desk_normal,RPE_t,cm/s,,failed,Stereo-DEVO T.II (RPE+ATE). DEIO shown under METRIC eval (no scale-correction) -> large VECtor/DSEC scale errors. Authors also drop DEVO entirely 'because its poses suffer from scale ambiguity'.
STEREO_DEVO,Stereo-DEVO,RAL,2025,II,ESIO,no,Stereo E+I,metric,"SE3 (stereo, metric)",VECtor,corridors_dolly,corridors_dolly,RPE_t,cm/s,,failed,Stereo-DEVO T.II (RPE+ATE). DEIO shown under METRIC eval (no scale-correction) -> large VECtor/DSEC scale errors. Authors also drop DEVO entirely 'because its poses suffer from scale ambiguity'.
STEREO_DEVO,Stereo-DEVO,RAL,2025,II,ESIO,no,Stereo E+I,metric,"SE3 (stereo, metric)",VECtor,units_dolly,units_dolly,RPE_t,cm/s,,failed,Stereo-DEVO T.II (RPE+ATE). DEIO shown under METRIC eval (no scale-correction) -> large VECtor/DSEC scale errors. Authors also drop DEVO entirely 'because its poses suffer from scale ambiguity'.
STEREO_DEVO,Stereo-DEVO,RAL,2025,II,ESVO2,no,Stereo E+I,metric,"SE3 (stereo, metric)",VECtor,robot_normal,robot_normal,RPE_t,cm/s,3.16,ok,Stereo-DEVO T.II (RPE+ATE). DEIO shown under METRIC eval (no scale-correction) -> large VECtor/DSEC scale errors. Authors also drop DEVO entirely 'because its poses suffer from scale ambiguity'.
STEREO_DEVO,Stereo-DEVO,RAL,2025,II,ESVO2,no,Stereo E+I,metric,"SE3 (stereo, metric)",VECtor,corner_slow,corner_slow,RPE_t,cm/s,1.91,ok,Stereo-DEVO T.II (RPE+ATE). DEIO shown under METRIC eval (no scale-correction) -> large VECtor/DSEC scale errors. Authors also drop DEVO entirely 'because its poses suffer from scale ambiguity'.
STEREO_DEVO,Stereo-DEVO,RAL,2025,II,ESVO2,no,Stereo E+I,metric,"SE3 (stereo, metric)",VECtor,hdr_normal,hdr_normal,RPE_t,cm/s,3.79,ok,Stereo-DEVO T.II (RPE+ATE). DEIO shown under METRIC eval (no scale-correction) -> large VECtor/DSEC scale errors. Authors also drop DEVO entirely 'because its poses suffer from scale ambiguity'.
STEREO_DEVO,Stereo-DEVO,RAL,2025,II,ESVO2,no,Stereo E+I,metric,"SE3 (stereo, metric)",VECtor,sofa_normal,sofa_normal,RPE_t,cm/s,13.59,ok,Stereo-DEVO T.II (RPE+ATE). DEIO shown under METRIC eval (no scale-correction) -> large VECtor/DSEC scale errors. Authors also drop DEVO entirely 'because its poses suffer from scale ambiguity'.
STEREO_DEVO,Stereo-DEVO,RAL,2025,II,ESVO2,no,Stereo E+I,metric,"SE3 (stereo, metric)",VECtor,desk_normal,desk_normal,RPE_t,cm/s,3.5,ok,Stereo-DEVO T.II (RPE+ATE). DEIO shown under METRIC eval (no scale-correction) -> large VECtor/DSEC scale errors. Authors also drop DEVO entirely 'because its poses suffer from scale ambiguity'.
STEREO_DEVO,Stereo-DEVO,RAL,2025,II,ESVO2,no,Stereo E+I,metric,"SE3 (stereo, metric)",VECtor,corridors_dolly,corridors_dolly,RPE_t,cm/s,,failed,Stereo-DEVO T.II (RPE+ATE). DEIO shown under METRIC eval (no scale-correction) -> large VECtor/DSEC scale errors. Authors also drop DEVO entirely 'because its poses suffer from scale ambiguity'.
STEREO_DEVO,Stereo-DEVO,RAL,2025,II,ESVO2,no,Stereo E+I,metric,"SE3 (stereo, metric)",VECtor,units_dolly,units_dolly,RPE_t,cm/s,,failed,Stereo-DEVO T.II (RPE+ATE). DEIO shown under METRIC eval (no scale-correction) -> large VECtor/DSEC scale errors. Authors also drop DEVO entirely 'because its poses suffer from scale ambiguity'.
STEREO_DEVO,Stereo-DEVO,RAL,2025,II,DEIO,no,E+I,metric,"SE3 (stereo, metric)",VECtor,robot_normal,robot_normal,RPE_t,cm/s,,n/a,Stereo-DEVO T.II (RPE+ATE). DEIO shown under METRIC eval (no scale-correction) -> large VECtor/DSEC scale errors. Authors also drop DEVO entirely 'because its poses suffer from scale ambiguity'.
STEREO_DEVO,Stereo-DEVO,RAL,2025,II,DEIO,no,E+I,metric,"SE3 (stereo, metric)",VECtor,corner_slow,corner_slow,RPE_t,cm/s,13.25,ok,Stereo-DEVO T.II (RPE+ATE). DEIO shown under METRIC eval (no scale-correction) -> large VECtor/DSEC scale errors. Authors also drop DEVO entirely 'because its poses suffer from scale ambiguity'.
STEREO_DEVO,Stereo-DEVO,RAL,2025,II,DEIO,no,E+I,metric,"SE3 (stereo, metric)",VECtor,hdr_normal,hdr_normal,RPE_t,cm/s,,n/a,Stereo-DEVO T.II (RPE+ATE). DEIO shown under METRIC eval (no scale-correction) -> large VECtor/DSEC scale errors. Authors also drop DEVO entirely 'because its poses suffer from scale ambiguity'.
STEREO_DEVO,Stereo-DEVO,RAL,2025,II,DEIO,no,E+I,metric,"SE3 (stereo, metric)",VECtor,sofa_normal,sofa_normal,RPE_t,cm/s,,n/a,Stereo-DEVO T.II (RPE+ATE). DEIO shown under METRIC eval (no scale-correction) -> large VECtor/DSEC scale errors. Authors also drop DEVO entirely 'because its poses suffer from scale ambiguity'.
STEREO_DEVO,Stereo-DEVO,RAL,2025,II,DEIO,no,E+I,metric,"SE3 (stereo, metric)",VECtor,desk_normal,desk_normal,RPE_t,cm/s,86.55,ok,Stereo-DEVO T.II (RPE+ATE). DEIO shown under METRIC eval (no scale-correction) -> large VECtor/DSEC scale errors. Authors also drop DEVO entirely 'because its poses suffer from scale ambiguity'.
STEREO_DEVO,Stereo-DEVO,RAL,2025,II,DEIO,no,E+I,metric,"SE3 (stereo, metric)",VECtor,corridors_dolly,corridors_dolly,RPE_t,cm/s,164.53,ok,Stereo-DEVO T.II (RPE+ATE). DEIO shown under METRIC eval (no scale-correction) -> large VECtor/DSEC scale errors. Authors also drop DEVO entirely 'because its poses suffer from scale ambiguity'.
STEREO_DEVO,Stereo-DEVO,RAL,2025,II,DEIO,no,E+I,metric,"SE3 (stereo, metric)",VECtor,units_dolly,units_dolly,RPE_t,cm/s,138.73,ok,Stereo-DEVO T.II (RPE+ATE). DEIO shown under METRIC eval (no scale-correction) -> large VECtor/DSEC scale errors. Authors also drop DEVO entirely 'because its poses suffer from scale ambiguity'.
STEREO_DEVO,Stereo-DEVO,RAL,2025,II,Stereo-DEVO,yes,Stereo E,metric,"SE3 (stereo, metric)",VECtor,robot_normal,robot_normal,RPE_t,cm/s,1.84,ok,Stereo-DEVO T.II (RPE+ATE). DEIO shown under METRIC eval (no scale-correction) -> large VECtor/DSEC scale errors. Authors also drop DEVO entirely 'because its poses suffer from scale ambiguity'.
STEREO_DEVO,Stereo-DEVO,RAL,2025,II,Stereo-DEVO,yes,Stereo E,metric,"SE3 (stereo, metric)",VECtor,corner_slow,corner_slow,RPE_t,cm/s,1.49,ok,Stereo-DEVO T.II (RPE+ATE). DEIO shown under METRIC eval (no scale-correction) -> large VECtor/DSEC scale errors. Authors also drop DEVO entirely 'because its poses suffer from scale ambiguity'.
STEREO_DEVO,Stereo-DEVO,RAL,2025,II,Stereo-DEVO,yes,Stereo E,metric,"SE3 (stereo, metric)",VECtor,hdr_normal,hdr_normal,RPE_t,cm/s,1.55,ok,Stereo-DEVO T.II (RPE+ATE). DEIO shown under METRIC eval (no scale-correction) -> large VECtor/DSEC scale errors. Authors also drop DEVO entirely 'because its poses suffer from scale ambiguity'.
STEREO_DEVO,Stereo-DEVO,RAL,2025,II,Stereo-DEVO,yes,Stereo E,metric,"SE3 (stereo, metric)",VECtor,sofa_normal,sofa_normal,RPE_t,cm/s,4.44,ok,Stereo-DEVO T.II (RPE+ATE). DEIO shown under METRIC eval (no scale-correction) -> large VECtor/DSEC scale errors. Authors also drop DEVO entirely 'because its poses suffer from scale ambiguity'.
STEREO_DEVO,Stereo-DEVO,RAL,2025,II,Stereo-DEVO,yes,Stereo E,metric,"SE3 (stereo, metric)",VECtor,desk_normal,desk_normal,RPE_t,cm/s,2.0,ok,Stereo-DEVO T.II (RPE+ATE). DEIO shown under METRIC eval (no scale-correction) -> large VECtor/DSEC scale errors. Authors also drop DEVO entirely 'because its poses suffer from scale ambiguity'.
STEREO_DEVO,Stereo-DEVO,RAL,2025,II,Stereo-DEVO,yes,Stereo E,metric,"SE3 (stereo, metric)",VECtor,corridors_dolly,corridors_dolly,RPE_t,cm/s,16.87,ok,Stereo-DEVO T.II (RPE+ATE). DEIO shown under METRIC eval (no scale-correction) -> large VECtor/DSEC scale errors. Authors also drop DEVO entirely 'because its poses suffer from scale ambiguity'.
STEREO_DEVO,Stereo-DEVO,RAL,2025,II,Stereo-DEVO,yes,Stereo E,metric,"SE3 (stereo, metric)",VECtor,units_dolly,units_dolly,RPE_t,cm/s,32.43,ok,Stereo-DEVO T.II (RPE+ATE). DEIO shown under METRIC eval (no scale-correction) -> large VECtor/DSEC scale errors. Authors also drop DEVO entirely 'because its poses suffer from scale ambiguity'.
STEREO_DEVO,Stereo-DEVO,RAL,2025,II,ESVO,no,Stereo E,metric,"SE3 (stereo, metric)",TUM-VIE,mocap-1d-trans,tumvie_1d_trans,RPE_t,cm/s,8.41,ok,Stereo-DEVO T.II (RPE+ATE). DEIO shown under METRIC eval (no scale-correction) -> large VECtor/DSEC scale errors. Authors also drop DEVO entirely 'because its poses suffer from scale ambiguity'.
STEREO_DEVO,Stereo-DEVO,RAL,2025,II,ESVO,no,Stereo E,metric,"SE3 (stereo, metric)",TUM-VIE,mocap-3d-trans,tumvie_3d_trans,RPE_t,cm/s,7.47,ok,Stereo-DEVO T.II (RPE+ATE). DEIO shown under METRIC eval (no scale-correction) -> large VECtor/DSEC scale errors. Authors also drop DEVO entirely 'because its poses suffer from scale ambiguity'.
STEREO_DEVO,Stereo-DEVO,RAL,2025,II,ESVO,no,Stereo E,metric,"SE3 (stereo, metric)",TUM-VIE,mocap-6dof,tumvie_6dof,RPE_t,cm/s,14.28,ok,Stereo-DEVO T.II (RPE+ATE). DEIO shown under METRIC eval (no scale-correction) -> large VECtor/DSEC scale errors. Authors also drop DEVO entirely 'because its poses suffer from scale ambiguity'.
STEREO_DEVO,Stereo-DEVO,RAL,2025,II,ESVO,no,Stereo E,metric,"SE3 (stereo, metric)",TUM-VIE,mocap-desk,tumvie_desk,RPE_t,cm/s,5.87,ok,Stereo-DEVO T.II (RPE+ATE). DEIO shown under METRIC eval (no scale-correction) -> large VECtor/DSEC scale errors. Authors also drop DEVO entirely 'because its poses suffer from scale ambiguity'.
STEREO_DEVO,Stereo-DEVO,RAL,2025,II,ESVO,no,Stereo E,metric,"SE3 (stereo, metric)",TUM-VIE,mocap-desk2,tumvie_desk2,RPE_t,cm/s,6.23,ok,Stereo-DEVO T.II (RPE+ATE). DEIO shown under METRIC eval (no scale-correction) -> large VECtor/DSEC scale errors. Authors also drop DEVO entirely 'because its poses suffer from scale ambiguity'.
STEREO_DEVO,Stereo-DEVO,RAL,2025,II,ES-PTAM,no,Stereo E,metric,"SE3 (stereo, metric)",TUM-VIE,mocap-1d-trans,tumvie_1d_trans,RPE_t,cm/s,0.71,ok,Stereo-DEVO T.II (RPE+ATE). DEIO shown under METRIC eval (no scale-correction) -> large VECtor/DSEC scale errors. Authors also drop DEVO entirely 'because its poses suffer from scale ambiguity'.
STEREO_DEVO,Stereo-DEVO,RAL,2025,II,ES-PTAM,no,Stereo E,metric,"SE3 (stereo, metric)",TUM-VIE,mocap-3d-trans,tumvie_3d_trans,RPE_t,cm/s,4.94,ok,Stereo-DEVO T.II (RPE+ATE). DEIO shown under METRIC eval (no scale-correction) -> large VECtor/DSEC scale errors. Authors also drop DEVO entirely 'because its poses suffer from scale ambiguity'.
STEREO_DEVO,Stereo-DEVO,RAL,2025,II,ES-PTAM,no,Stereo E,metric,"SE3 (stereo, metric)",TUM-VIE,mocap-6dof,tumvie_6dof,RPE_t,cm/s,12.02,ok,Stereo-DEVO T.II (RPE+ATE). DEIO shown under METRIC eval (no scale-correction) -> large VECtor/DSEC scale errors. Authors also drop DEVO entirely 'because its poses suffer from scale ambiguity'.
STEREO_DEVO,Stereo-DEVO,RAL,2025,II,ES-PTAM,no,Stereo E,metric,"SE3 (stereo, metric)",TUM-VIE,mocap-desk,tumvie_desk,RPE_t,cm/s,2.53,ok,Stereo-DEVO T.II (RPE+ATE). DEIO shown under METRIC eval (no scale-correction) -> large VECtor/DSEC scale errors. Authors also drop DEVO entirely 'because its poses suffer from scale ambiguity'.
STEREO_DEVO,Stereo-DEVO,RAL,2025,II,ES-PTAM,no,Stereo E,metric,"SE3 (stereo, metric)",TUM-VIE,mocap-desk2,tumvie_desk2,RPE_t,cm/s,4.04,ok,Stereo-DEVO T.II (RPE+ATE). DEIO shown under METRIC eval (no scale-correction) -> large VECtor/DSEC scale errors. Authors also drop DEVO entirely 'because its poses suffer from scale ambiguity'.
STEREO_DEVO,Stereo-DEVO,RAL,2025,II,ESIO,no,Stereo E+I,metric,"SE3 (stereo, metric)",TUM-VIE,mocap-1d-trans,tumvie_1d_trans,RPE_t,cm/s,,failed,Stereo-DEVO T.II (RPE+ATE). DEIO shown under METRIC eval (no scale-correction) -> large VECtor/DSEC scale errors. Authors also drop DEVO entirely 'because its poses suffer from scale ambiguity'.
STEREO_DEVO,Stereo-DEVO,RAL,2025,II,ESIO,no,Stereo E+I,metric,"SE3 (stereo, metric)",TUM-VIE,mocap-3d-trans,tumvie_3d_trans,RPE_t,cm/s,,failed,Stereo-DEVO T.II (RPE+ATE). DEIO shown under METRIC eval (no scale-correction) -> large VECtor/DSEC scale errors. Authors also drop DEVO entirely 'because its poses suffer from scale ambiguity'.
STEREO_DEVO,Stereo-DEVO,RAL,2025,II,ESIO,no,Stereo E+I,metric,"SE3 (stereo, metric)",TUM-VIE,mocap-6dof,tumvie_6dof,RPE_t,cm/s,,failed,Stereo-DEVO T.II (RPE+ATE). DEIO shown under METRIC eval (no scale-correction) -> large VECtor/DSEC scale errors. Authors also drop DEVO entirely 'because its poses suffer from scale ambiguity'.
STEREO_DEVO,Stereo-DEVO,RAL,2025,II,ESIO,no,Stereo E+I,metric,"SE3 (stereo, metric)",TUM-VIE,mocap-desk,tumvie_desk,RPE_t,cm/s,,failed,Stereo-DEVO T.II (RPE+ATE). DEIO shown under METRIC eval (no scale-correction) -> large VECtor/DSEC scale errors. Authors also drop DEVO entirely 'because its poses suffer from scale ambiguity'.
STEREO_DEVO,Stereo-DEVO,RAL,2025,II,ESIO,no,Stereo E+I,metric,"SE3 (stereo, metric)",TUM-VIE,mocap-desk2,tumvie_desk2,RPE_t,cm/s,,failed,Stereo-DEVO T.II (RPE+ATE). DEIO shown under METRIC eval (no scale-correction) -> large VECtor/DSEC scale errors. Authors also drop DEVO entirely 'because its poses suffer from scale ambiguity'.
STEREO_DEVO,Stereo-DEVO,RAL,2025,II,ESVO2,no,Stereo E+I,metric,"SE3 (stereo, metric)",TUM-VIE,mocap-1d-trans,tumvie_1d_trans,RPE_t,cm/s,1.06,ok,Stereo-DEVO T.II (RPE+ATE). DEIO shown under METRIC eval (no scale-correction) -> large VECtor/DSEC scale errors. Authors also drop DEVO entirely 'because its poses suffer from scale ambiguity'.
STEREO_DEVO,Stereo-DEVO,RAL,2025,II,ESVO2,no,Stereo E+I,metric,"SE3 (stereo, metric)",TUM-VIE,mocap-3d-trans,tumvie_3d_trans,RPE_t,cm/s,2.32,ok,Stereo-DEVO T.II (RPE+ATE). DEIO shown under METRIC eval (no scale-correction) -> large VECtor/DSEC scale errors. Authors also drop DEVO entirely 'because its poses suffer from scale ambiguity'.
STEREO_DEVO,Stereo-DEVO,RAL,2025,II,ESVO2,no,Stereo E+I,metric,"SE3 (stereo, metric)",TUM-VIE,mocap-6dof,tumvie_6dof,RPE_t,cm/s,2.49,ok,Stereo-DEVO T.II (RPE+ATE). DEIO shown under METRIC eval (no scale-correction) -> large VECtor/DSEC scale errors. Authors also drop DEVO entirely 'because its poses suffer from scale ambiguity'.
STEREO_DEVO,Stereo-DEVO,RAL,2025,II,ESVO2,no,Stereo E+I,metric,"SE3 (stereo, metric)",TUM-VIE,mocap-desk,tumvie_desk,RPE_t,cm/s,3.41,ok,Stereo-DEVO T.II (RPE+ATE). DEIO shown under METRIC eval (no scale-correction) -> large VECtor/DSEC scale errors. Authors also drop DEVO entirely 'because its poses suffer from scale ambiguity'.
STEREO_DEVO,Stereo-DEVO,RAL,2025,II,ESVO2,no,Stereo E+I,metric,"SE3 (stereo, metric)",TUM-VIE,mocap-desk2,tumvie_desk2,RPE_t,cm/s,2.41,ok,Stereo-DEVO T.II (RPE+ATE). DEIO shown under METRIC eval (no scale-correction) -> large VECtor/DSEC scale errors. Authors also drop DEVO entirely 'because its poses suffer from scale ambiguity'.
STEREO_DEVO,Stereo-DEVO,RAL,2025,II,DEIO,no,E+I,metric,"SE3 (stereo, metric)",TUM-VIE,mocap-1d-trans,tumvie_1d_trans,RPE_t,cm/s,24.49,ok,Stereo-DEVO T.II (RPE+ATE). DEIO shown under METRIC eval (no scale-correction) -> large VECtor/DSEC scale errors. Authors also drop DEVO entirely 'because its poses suffer from scale ambiguity'.
STEREO_DEVO,Stereo-DEVO,RAL,2025,II,DEIO,no,E+I,metric,"SE3 (stereo, metric)",TUM-VIE,mocap-3d-trans,tumvie_3d_trans,RPE_t,cm/s,26.43,ok,Stereo-DEVO T.II (RPE+ATE). DEIO shown under METRIC eval (no scale-correction) -> large VECtor/DSEC scale errors. Authors also drop DEVO entirely 'because its poses suffer from scale ambiguity'.
STEREO_DEVO,Stereo-DEVO,RAL,2025,II,DEIO,no,E+I,metric,"SE3 (stereo, metric)",TUM-VIE,mocap-6dof,tumvie_6dof,RPE_t,cm/s,26.31,ok,Stereo-DEVO T.II (RPE+ATE). DEIO shown under METRIC eval (no scale-correction) -> large VECtor/DSEC scale errors. Authors also drop DEVO entirely 'because its poses suffer from scale ambiguity'.
STEREO_DEVO,Stereo-DEVO,RAL,2025,II,DEIO,no,E+I,metric,"SE3 (stereo, metric)",TUM-VIE,mocap-desk,tumvie_desk,RPE_t,cm/s,30.75,ok,Stereo-DEVO T.II (RPE+ATE). DEIO shown under METRIC eval (no scale-correction) -> large VECtor/DSEC scale errors. Authors also drop DEVO entirely 'because its poses suffer from scale ambiguity'.
STEREO_DEVO,Stereo-DEVO,RAL,2025,II,DEIO,no,E+I,metric,"SE3 (stereo, metric)",TUM-VIE,mocap-desk2,tumvie_desk2,RPE_t,cm/s,33.65,ok,Stereo-DEVO T.II (RPE+ATE). DEIO shown under METRIC eval (no scale-correction) -> large VECtor/DSEC scale errors. Authors also drop DEVO entirely 'because its poses suffer from scale ambiguity'.
STEREO_DEVO,Stereo-DEVO,RAL,2025,II,Stereo-DEVO,yes,Stereo E,metric,"SE3 (stereo, metric)",TUM-VIE,mocap-1d-trans,tumvie_1d_trans,RPE_t,cm/s,0.89,ok,Stereo-DEVO T.II (RPE+ATE). DEIO shown under METRIC eval (no scale-correction) -> large VECtor/DSEC scale errors. Authors also drop DEVO entirely 'because its poses suffer from scale ambiguity'.
STEREO_DEVO,Stereo-DEVO,RAL,2025,II,Stereo-DEVO,yes,Stereo E,metric,"SE3 (stereo, metric)",TUM-VIE,mocap-3d-trans,tumvie_3d_trans,RPE_t,cm/s,1.73,ok,Stereo-DEVO T.II (RPE+ATE). DEIO shown under METRIC eval (no scale-correction) -> large VECtor/DSEC scale errors. Authors also drop DEVO entirely 'because its poses suffer from scale ambiguity'.
STEREO_DEVO,Stereo-DEVO,RAL,2025,II,Stereo-DEVO,yes,Stereo E,metric,"SE3 (stereo, metric)",TUM-VIE,mocap-6dof,tumvie_6dof,RPE_t,cm/s,2.55,ok,Stereo-DEVO T.II (RPE+ATE). DEIO shown under METRIC eval (no scale-correction) -> large VECtor/DSEC scale errors. Authors also drop DEVO entirely 'because its poses suffer from scale ambiguity'.
STEREO_DEVO,Stereo-DEVO,RAL,2025,II,Stereo-DEVO,yes,Stereo E,metric,"SE3 (stereo, metric)",TUM-VIE,mocap-desk,tumvie_desk,RPE_t,cm/s,2.24,ok,Stereo-DEVO T.II (RPE+ATE). DEIO shown under METRIC eval (no scale-correction) -> large VECtor/DSEC scale errors. Authors also drop DEVO entirely 'because its poses suffer from scale ambiguity'.
STEREO_DEVO,Stereo-DEVO,RAL,2025,II,Stereo-DEVO,yes,Stereo E,metric,"SE3 (stereo, metric)",TUM-VIE,mocap-desk2,tumvie_desk2,RPE_t,cm/s,2.35,ok,Stereo-DEVO T.II (RPE+ATE). DEIO shown under METRIC eval (no scale-correction) -> large VECtor/DSEC scale errors. Authors also drop DEVO entirely 'because its poses suffer from scale ambiguity'.
STEREO_DEVO,Stereo-DEVO,RAL,2025,III,ESVIO,no,Stereo E+F+I,metric,"SE3 (stereo, metric)",DSEC,city04_a,city04_a,ATE,cm,508.17,ok,Stereo-DEVO vs ESVIO (image-aided) head-to-head. ESVIO/Ours numbers differ slightly from T.II (separate run). Stereo-DEVO wins all DSEC seqs.
STEREO_DEVO,Stereo-DEVO,RAL,2025,III,ESVIO,no,Stereo E+F+I,metric,"SE3 (stereo, metric)",DSEC,city04_b,city04_b,ATE,cm,129.7,ok,Stereo-DEVO vs ESVIO (image-aided) head-to-head. ESVIO/Ours numbers differ slightly from T.II (separate run). Stereo-DEVO wins all DSEC seqs.
STEREO_DEVO,Stereo-DEVO,RAL,2025,III,ESVIO,no,Stereo E+F+I,metric,"SE3 (stereo, metric)",DSEC,city04_c,city04_c,ATE,cm,2938.09,ok,Stereo-DEVO vs ESVIO (image-aided) head-to-head. ESVIO/Ours numbers differ slightly from T.II (separate run). Stereo-DEVO wins all DSEC seqs.
STEREO_DEVO,Stereo-DEVO,RAL,2025,III,ESVIO,no,Stereo E+F+I,metric,"SE3 (stereo, metric)",DSEC,city04_d,city04_d,ATE,cm,2217.39,ok,Stereo-DEVO vs ESVIO (image-aided) head-to-head. ESVIO/Ours numbers differ slightly from T.II (separate run). Stereo-DEVO wins all DSEC seqs.
STEREO_DEVO,Stereo-DEVO,RAL,2025,III,ESVIO,no,Stereo E+F+I,metric,"SE3 (stereo, metric)",DSEC,city09_a,city09_a,ATE,cm,328.51,ok,Stereo-DEVO vs ESVIO (image-aided) head-to-head. ESVIO/Ours numbers differ slightly from T.II (separate run). Stereo-DEVO wins all DSEC seqs.
STEREO_DEVO,Stereo-DEVO,RAL,2025,III,ESVIO,no,Stereo E+F+I,metric,"SE3 (stereo, metric)",DSEC,city09_b,city09_b,ATE,cm,3481.49,ok,Stereo-DEVO vs ESVIO (image-aided) head-to-head. ESVIO/Ours numbers differ slightly from T.II (separate run). Stereo-DEVO wins all DSEC seqs.
STEREO_DEVO,Stereo-DEVO,RAL,2025,III,ESVIO,no,Stereo E+F+I,metric,"SE3 (stereo, metric)",DSEC,city09_c,city09_c,ATE,cm,8043.46,ok,Stereo-DEVO vs ESVIO (image-aided) head-to-head. ESVIO/Ours numbers differ slightly from T.II (separate run). Stereo-DEVO wins all DSEC seqs.
STEREO_DEVO,Stereo-DEVO,RAL,2025,III,ESVIO,no,Stereo E+F+I,metric,"SE3 (stereo, metric)",DSEC,city09_d,city09_d,ATE,cm,1677.13,ok,Stereo-DEVO vs ESVIO (image-aided) head-to-head. ESVIO/Ours numbers differ slightly from T.II (separate run). Stereo-DEVO wins all DSEC seqs.
STEREO_DEVO,Stereo-DEVO,RAL,2025,III,ESVIO,no,Stereo E+F+I,metric,"SE3 (stereo, metric)",DSEC,city09_e,city09_e,ATE,cm,438.19,ok,Stereo-DEVO vs ESVIO (image-aided) head-to-head. ESVIO/Ours numbers differ slightly from T.II (separate run). Stereo-DEVO wins all DSEC seqs.
STEREO_DEVO,Stereo-DEVO,RAL,2025,III,Stereo-DEVO,yes,Stereo E,metric,"SE3 (stereo, metric)",DSEC,city04_a,city04_a,ATE,cm,96.86,ok,Stereo-DEVO vs ESVIO (image-aided) head-to-head. ESVIO/Ours numbers differ slightly from T.II (separate run). Stereo-DEVO wins all DSEC seqs.
STEREO_DEVO,Stereo-DEVO,RAL,2025,III,Stereo-DEVO,yes,Stereo E,metric,"SE3 (stereo, metric)",DSEC,city04_b,city04_b,ATE,cm,17.65,ok,Stereo-DEVO vs ESVIO (image-aided) head-to-head. ESVIO/Ours numbers differ slightly from T.II (separate run). Stereo-DEVO wins all DSEC seqs.
STEREO_DEVO,Stereo-DEVO,RAL,2025,III,Stereo-DEVO,yes,Stereo E,metric,"SE3 (stereo, metric)",DSEC,city04_c,city04_c,ATE,cm,481.62,ok,Stereo-DEVO vs ESVIO (image-aided) head-to-head. ESVIO/Ours numbers differ slightly from T.II (separate run). Stereo-DEVO wins all DSEC seqs.
STEREO_DEVO,Stereo-DEVO,RAL,2025,III,Stereo-DEVO,yes,Stereo E,metric,"SE3 (stereo, metric)",DSEC,city04_d,city04_d,ATE,cm,406.2,ok,Stereo-DEVO vs ESVIO (image-aided) head-to-head. ESVIO/Ours numbers differ slightly from T.II (separate run). Stereo-DEVO wins all DSEC seqs.
STEREO_DEVO,Stereo-DEVO,RAL,2025,III,Stereo-DEVO,yes,Stereo E,metric,"SE3 (stereo, metric)",DSEC,city09_a,city09_a,ATE,cm,196.97,ok,Stereo-DEVO vs ESVIO (image-aided) head-to-head. ESVIO/Ours numbers differ slightly from T.II (separate run). Stereo-DEVO wins all DSEC seqs.
STEREO_DEVO,Stereo-DEVO,RAL,2025,III,Stereo-DEVO,yes,Stereo E,metric,"SE3 (stereo, metric)",DSEC,city09_b,city09_b,ATE,cm,267.8,ok,Stereo-DEVO vs ESVIO (image-aided) head-to-head. ESVIO/Ours numbers differ slightly from T.II (separate run). Stereo-DEVO wins all DSEC seqs.
STEREO_DEVO,Stereo-DEVO,RAL,2025,III,Stereo-DEVO,yes,Stereo E,metric,"SE3 (stereo, metric)",DSEC,city09_c,city09_c,ATE,cm,931.15,ok,Stereo-DEVO vs ESVIO (image-aided) head-to-head. ESVIO/Ours numbers differ slightly from T.II (separate run). Stereo-DEVO wins all DSEC seqs.
STEREO_DEVO,Stereo-DEVO,RAL,2025,III,Stereo-DEVO,yes,Stereo E,metric,"SE3 (stereo, metric)",DSEC,city09_d,city09_d,ATE,cm,564.33,ok,Stereo-DEVO vs ESVIO (image-aided) head-to-head. ESVIO/Ours numbers differ slightly from T.II (separate run). Stereo-DEVO wins all DSEC seqs.
STEREO_DEVO,Stereo-DEVO,RAL,2025,III,Stereo-DEVO,yes,Stereo E,metric,"SE3 (stereo, metric)",DSEC,city09_e,city09_e,ATE,cm,246.26,ok,Stereo-DEVO vs ESVIO (image-aided) head-to-head. ESVIO/Ours numbers differ slightly from T.II (separate run). Stereo-DEVO wins all DSEC seqs.
STEREO_DEVO,Stereo-DEVO,RAL,2025,III,ESVIO,no,Stereo E+F+I,metric,"SE3 (stereo, metric)",VECtor,robot_normal,robot_normal,ATE,cm,4.95,ok,Stereo-DEVO vs ESVIO on VECtor (T.III). ESVIO wins the small normal/HDR seqs; Stereo-DEVO wins large-scale.
STEREO_DEVO,Stereo-DEVO,RAL,2025,III,ESVIO,no,Stereo E+F+I,metric,"SE3 (stereo, metric)",VECtor,corner_slow,corner_slow,ATE,cm,1.43,ok,Stereo-DEVO vs ESVIO on VECtor (T.III). ESVIO wins the small normal/HDR seqs; Stereo-DEVO wins large-scale.
STEREO_DEVO,Stereo-DEVO,RAL,2025,III,ESVIO,no,Stereo E+F+I,metric,"SE3 (stereo, metric)",VECtor,hdr_normal,hdr_normal,ATE,cm,1.96,ok,Stereo-DEVO vs ESVIO on VECtor (T.III). ESVIO wins the small normal/HDR seqs; Stereo-DEVO wins large-scale.
STEREO_DEVO,Stereo-DEVO,RAL,2025,III,ESVIO,no,Stereo E+F+I,metric,"SE3 (stereo, metric)",VECtor,sofa_normal,sofa_normal,ATE,cm,5.06,ok,Stereo-DEVO vs ESVIO on VECtor (T.III). ESVIO wins the small normal/HDR seqs; Stereo-DEVO wins large-scale.
STEREO_DEVO,Stereo-DEVO,RAL,2025,III,ESVIO,no,Stereo E+F+I,metric,"SE3 (stereo, metric)",VECtor,desk_normal,desk_normal,ATE,cm,6.0,ok,Stereo-DEVO vs ESVIO on VECtor (T.III). ESVIO wins the small normal/HDR seqs; Stereo-DEVO wins large-scale.
STEREO_DEVO,Stereo-DEVO,RAL,2025,III,ESVIO,no,Stereo E+F+I,metric,"SE3 (stereo, metric)",VECtor,corridors_dolly,corridors_dolly,ATE,cm,92.04,ok,Stereo-DEVO vs ESVIO on VECtor (T.III). ESVIO wins the small normal/HDR seqs; Stereo-DEVO wins large-scale.
STEREO_DEVO,Stereo-DEVO,RAL,2025,III,ESVIO,no,Stereo E+F+I,metric,"SE3 (stereo, metric)",VECtor,units_dolly,units_dolly,ATE,cm,872.07,ok,Stereo-DEVO vs ESVIO on VECtor (T.III). ESVIO wins the small normal/HDR seqs; Stereo-DEVO wins large-scale.
STEREO_DEVO,Stereo-DEVO,RAL,2025,III,Stereo-DEVO,yes,Stereo E,metric,"SE3 (stereo, metric)",VECtor,robot_normal,robot_normal,ATE,cm,3.16,ok,Stereo-DEVO vs ESVIO on VECtor (T.III). ESVIO wins the small normal/HDR seqs; Stereo-DEVO wins large-scale.
STEREO_DEVO,Stereo-DEVO,RAL,2025,III,Stereo-DEVO,yes,Stereo E,metric,"SE3 (stereo, metric)",VECtor,corner_slow,corner_slow,ATE,cm,1.06,ok,Stereo-DEVO vs ESVIO on VECtor (T.III). ESVIO wins the small normal/HDR seqs; Stereo-DEVO wins large-scale.
STEREO_DEVO,Stereo-DEVO,RAL,2025,III,Stereo-DEVO,yes,Stereo E,metric,"SE3 (stereo, metric)",VECtor,hdr_normal,hdr_normal,ATE,cm,6.71,ok,Stereo-DEVO vs ESVIO on VECtor (T.III). ESVIO wins the small normal/HDR seqs; Stereo-DEVO wins large-scale.
STEREO_DEVO,Stereo-DEVO,RAL,2025,III,Stereo-DEVO,yes,Stereo E,metric,"SE3 (stereo, metric)",VECtor,sofa_normal,sofa_normal,ATE,cm,7.18,ok,Stereo-DEVO vs ESVIO on VECtor (T.III). ESVIO wins the small normal/HDR seqs; Stereo-DEVO wins large-scale.
STEREO_DEVO,Stereo-DEVO,RAL,2025,III,Stereo-DEVO,yes,Stereo E,metric,"SE3 (stereo, metric)",VECtor,desk_normal,desk_normal,ATE,cm,6.48,ok,Stereo-DEVO vs ESVIO on VECtor (T.III). ESVIO wins the small normal/HDR seqs; Stereo-DEVO wins large-scale.
STEREO_DEVO,Stereo-DEVO,RAL,2025,III,Stereo-DEVO,yes,Stereo E,metric,"SE3 (stereo, metric)",VECtor,corridors_dolly,corridors_dolly,ATE,cm,196.53,ok,Stereo-DEVO vs ESVIO on VECtor (T.III). ESVIO wins the small normal/HDR seqs; Stereo-DEVO wins large-scale.
STEREO_DEVO,Stereo-DEVO,RAL,2025,III,Stereo-DEVO,yes,Stereo E,metric,"SE3 (stereo, metric)",VECtor,units_dolly,units_dolly,ATE,cm,444.51,ok,Stereo-DEVO vs ESVIO on VECtor (T.III). ESVIO wins the small normal/HDR seqs; Stereo-DEVO wins large-scale.
STEREO_DEVO,Stereo-DEVO,RAL,2025,III,ESVIO,no,Stereo E+F+I,metric,"SE3 (stereo, metric)",DSEC,city04_a,city04_a,RPE_t,cm/s,130.73,ok,RPE column of Stereo-DEVO Table III (DSEC).
STEREO_DEVO,Stereo-DEVO,RAL,2025,III,ESVIO,no,Stereo E+F+I,metric,"SE3 (stereo, metric)",DSEC,city04_b,city04_b,RPE_t,cm/s,260.02,ok,RPE column of Stereo-DEVO Table III (DSEC).
STEREO_DEVO,Stereo-DEVO,RAL,2025,III,ESVIO,no,Stereo E+F+I,metric,"SE3 (stereo, metric)",DSEC,city04_c,city04_c,RPE_t,cm/s,279.17,ok,RPE column of Stereo-DEVO Table III (DSEC).
STEREO_DEVO,Stereo-DEVO,RAL,2025,III,ESVIO,no,Stereo E+F+I,metric,"SE3 (stereo, metric)",DSEC,city04_d,city04_d,RPE_t,cm/s,196.22,ok,RPE column of Stereo-DEVO Table III (DSEC).
STEREO_DEVO,Stereo-DEVO,RAL,2025,III,ESVIO,no,Stereo E+F+I,metric,"SE3 (stereo, metric)",DSEC,city09_a,city09_a,RPE_t,cm/s,34.99,ok,RPE column of Stereo-DEVO Table III (DSEC).
STEREO_DEVO,Stereo-DEVO,RAL,2025,III,ESVIO,no,Stereo E+F+I,metric,"SE3 (stereo, metric)",DSEC,city09_b,city09_b,RPE_t,cm/s,856.53,ok,RPE column of Stereo-DEVO Table III (DSEC).
STEREO_DEVO,Stereo-DEVO,RAL,2025,III,ESVIO,no,Stereo E+F+I,metric,"SE3 (stereo, metric)",DSEC,city09_c,city09_c,RPE_t,cm/s,632.14,ok,RPE column of Stereo-DEVO Table III (DSEC).
STEREO_DEVO,Stereo-DEVO,RAL,2025,III,ESVIO,no,Stereo E+F+I,metric,"SE3 (stereo, metric)",DSEC,city09_d,city09_d,RPE_t,cm/s,128.96,ok,RPE column of Stereo-DEVO Table III (DSEC).
STEREO_DEVO,Stereo-DEVO,RAL,2025,III,ESVIO,no,Stereo E+F+I,metric,"SE3 (stereo, metric)",DSEC,city09_e,city09_e,RPE_t,cm/s,54.11,ok,RPE column of Stereo-DEVO Table III (DSEC).
STEREO_DEVO,Stereo-DEVO,RAL,2025,III,Stereo-DEVO,yes,Stereo E,metric,"SE3 (stereo, metric)",DSEC,city04_a,city04_a,RPE_t,cm/s,23.7,ok,RPE column of Stereo-DEVO Table III (DSEC).
STEREO_DEVO,Stereo-DEVO,RAL,2025,III,Stereo-DEVO,yes,Stereo E,metric,"SE3 (stereo, metric)",DSEC,city04_b,city04_b,RPE_t,cm/s,13.56,ok,RPE column of Stereo-DEVO Table III (DSEC).
STEREO_DEVO,Stereo-DEVO,RAL,2025,III,Stereo-DEVO,yes,Stereo E,metric,"SE3 (stereo, metric)",DSEC,city04_c,city04_c,RPE_t,cm/s,34.39,ok,RPE column of Stereo-DEVO Table III (DSEC).
STEREO_DEVO,Stereo-DEVO,RAL,2025,III,Stereo-DEVO,yes,Stereo E,metric,"SE3 (stereo, metric)",DSEC,city04_d,city04_d,RPE_t,cm/s,31.18,ok,RPE column of Stereo-DEVO Table III (DSEC).
STEREO_DEVO,Stereo-DEVO,RAL,2025,III,Stereo-DEVO,yes,Stereo E,metric,"SE3 (stereo, metric)",DSEC,city09_a,city09_a,RPE_t,cm/s,15.73,ok,RPE column of Stereo-DEVO Table III (DSEC).
STEREO_DEVO,Stereo-DEVO,RAL,2025,III,Stereo-DEVO,yes,Stereo E,metric,"SE3 (stereo, metric)",DSEC,city09_b,city09_b,RPE_t,cm/s,55.0,ok,RPE column of Stereo-DEVO Table III (DSEC).
STEREO_DEVO,Stereo-DEVO,RAL,2025,III,Stereo-DEVO,yes,Stereo E,metric,"SE3 (stereo, metric)",DSEC,city09_c,city09_c,RPE_t,cm/s,273.98,ok,RPE column of Stereo-DEVO Table III (DSEC).
STEREO_DEVO,Stereo-DEVO,RAL,2025,III,Stereo-DEVO,yes,Stereo E,metric,"SE3 (stereo, metric)",DSEC,city09_d,city09_d,RPE_t,cm/s,39.39,ok,RPE column of Stereo-DEVO Table III (DSEC).
STEREO_DEVO,Stereo-DEVO,RAL,2025,III,Stereo-DEVO,yes,Stereo E,metric,"SE3 (stereo, metric)",DSEC,city09_e,city09_e,RPE_t,cm/s,36.49,ok,RPE column of Stereo-DEVO Table III (DSEC).
STEREO_DEVO,Stereo-DEVO,RAL,2025,III,ESVIO,no,Stereo E+F+I,metric,"SE3 (stereo, metric)",VECtor,robot_normal,robot_normal,RPE_t,cm/s,2.2,ok,RPE column of Stereo-DEVO Table III (VECtor).
STEREO_DEVO,Stereo-DEVO,RAL,2025,III,ESVIO,no,Stereo E+F+I,metric,"SE3 (stereo, metric)",VECtor,corner_slow,corner_slow,RPE_t,cm/s,1.67,ok,RPE column of Stereo-DEVO Table III (VECtor).
STEREO_DEVO,Stereo-DEVO,RAL,2025,III,ESVIO,no,Stereo E+F+I,metric,"SE3 (stereo, metric)",VECtor,hdr_normal,hdr_normal,RPE_t,cm/s,0.9,ok,RPE column of Stereo-DEVO Table III (VECtor).
STEREO_DEVO,Stereo-DEVO,RAL,2025,III,ESVIO,no,Stereo E+F+I,metric,"SE3 (stereo, metric)",VECtor,sofa_normal,sofa_normal,RPE_t,cm/s,4.55,ok,RPE column of Stereo-DEVO Table III (VECtor).
STEREO_DEVO,Stereo-DEVO,RAL,2025,III,ESVIO,no,Stereo E+F+I,metric,"SE3 (stereo, metric)",VECtor,desk_normal,desk_normal,RPE_t,cm/s,2.24,ok,RPE column of Stereo-DEVO Table III (VECtor).
STEREO_DEVO,Stereo-DEVO,RAL,2025,III,ESVIO,no,Stereo E+F+I,metric,"SE3 (stereo, metric)",VECtor,corridors_dolly,corridors_dolly,RPE_t,cm/s,17.32,ok,RPE column of Stereo-DEVO Table III (VECtor).
STEREO_DEVO,Stereo-DEVO,RAL,2025,III,ESVIO,no,Stereo E+F+I,metric,"SE3 (stereo, metric)",VECtor,units_dolly,units_dolly,RPE_t,cm/s,101.99,ok,RPE column of Stereo-DEVO Table III (VECtor).
STEREO_DEVO,Stereo-DEVO,RAL,2025,III,Stereo-DEVO,yes,Stereo E,metric,"SE3 (stereo, metric)",VECtor,robot_normal,robot_normal,RPE_t,cm/s,1.84,ok,RPE column of Stereo-DEVO Table III (VECtor).
STEREO_DEVO,Stereo-DEVO,RAL,2025,III,Stereo-DEVO,yes,Stereo E,metric,"SE3 (stereo, metric)",VECtor,corner_slow,corner_slow,RPE_t,cm/s,1.49,ok,RPE column of Stereo-DEVO Table III (VECtor).
STEREO_DEVO,Stereo-DEVO,RAL,2025,III,Stereo-DEVO,yes,Stereo E,metric,"SE3 (stereo, metric)",VECtor,hdr_normal,hdr_normal,RPE_t,cm/s,1.55,ok,RPE column of Stereo-DEVO Table III (VECtor).
STEREO_DEVO,Stereo-DEVO,RAL,2025,III,Stereo-DEVO,yes,Stereo E,metric,"SE3 (stereo, metric)",VECtor,sofa_normal,sofa_normal,RPE_t,cm/s,4.44,ok,RPE column of Stereo-DEVO Table III (VECtor).
STEREO_DEVO,Stereo-DEVO,RAL,2025,III,Stereo-DEVO,yes,Stereo E,metric,"SE3 (stereo, metric)",VECtor,desk_normal,desk_normal,RPE_t,cm/s,2.0,ok,RPE column of Stereo-DEVO Table III (VECtor).
STEREO_DEVO,Stereo-DEVO,RAL,2025,III,Stereo-DEVO,yes,Stereo E,metric,"SE3 (stereo, metric)",VECtor,corridors_dolly,corridors_dolly,RPE_t,cm/s,16.87,ok,RPE column of Stereo-DEVO Table III (VECtor).
STEREO_DEVO,Stereo-DEVO,RAL,2025,III,Stereo-DEVO,yes,Stereo E,metric,"SE3 (stereo, metric)",VECtor,units_dolly,units_dolly,RPE_t,cm/s,32.43,ok,RPE column of Stereo-DEVO Table III (VECtor).
ESVO,ESVO,TRO,2021,VI,ORB-SLAM2 (stereo),no,Stereo F,metric,"SE3 (stereo, metric)",RPG,rpg_bin,rpg_bin,ATE,cm,0.9,ok,ESVO Table VI. ORB-SLAM2 the best overall (esp. with BA); ESVO best/SOTA among event methods.
ESVO,ESVO,TRO,2021,VI,ORB-SLAM2 (stereo),no,Stereo F,metric,"SE3 (stereo, metric)",RPG,rpg_box,rpg_box,ATE,cm,2.9,ok,ESVO Table VI. ORB-SLAM2 the best overall (esp. with BA); ESVO best/SOTA among event methods.
ESVO,ESVO,TRO,2021,VI,ORB-SLAM2 (stereo),no,Stereo F,metric,"SE3 (stereo, metric)",RPG,rpg_desk,rpg_desk,ATE,cm,7.7,ok,ESVO Table VI. ORB-SLAM2 the best overall (esp. with BA); ESVO best/SOTA among event methods.
ESVO,ESVO,TRO,2021,VI,ORB-SLAM2 (stereo),no,Stereo F,metric,"SE3 (stereo, metric)",RPG,rpg_monitor,rpg_monitor,ATE,cm,2.5,ok,ESVO Table VI. ORB-SLAM2 the best overall (esp. with BA); ESVO best/SOTA among event methods.
ESVO,ESVO,TRO,2021,VI,ORB-SLAM2 (stereo+BA),no,Stereo F,metric,"SE3 (stereo, metric)",RPG,rpg_bin,rpg_bin,ATE,cm,0.7,ok,ESVO Table VI. ORB-SLAM2 the best overall (esp. with BA); ESVO best/SOTA among event methods.
ESVO,ESVO,TRO,2021,VI,ORB-SLAM2 (stereo+BA),no,Stereo F,metric,"SE3 (stereo, metric)",RPG,rpg_box,rpg_box,ATE,cm,1.6,ok,ESVO Table VI. ORB-SLAM2 the best overall (esp. with BA); ESVO best/SOTA among event methods.
ESVO,ESVO,TRO,2021,VI,ORB-SLAM2 (stereo+BA),no,Stereo F,metric,"SE3 (stereo, metric)",RPG,rpg_desk,rpg_desk,ATE,cm,1.8,ok,ESVO Table VI. ORB-SLAM2 the best overall (esp. with BA); ESVO best/SOTA among event methods.
ESVO,ESVO,TRO,2021,VI,ORB-SLAM2 (stereo+BA),no,Stereo F,metric,"SE3 (stereo, metric)",RPG,rpg_monitor,rpg_monitor,ATE,cm,0.8,ok,ESVO Table VI. ORB-SLAM2 the best overall (esp. with BA); ESVO best/SOTA among event methods.
ESVO,ESVO,TRO,2021,VI,SGM+ICP,no,Stereo E,metric,"SE3 (stereo, metric)",RPG,rpg_bin,rpg_bin,ATE,cm,13.8,ok,ESVO Table VI. ORB-SLAM2 the best overall (esp. with BA); ESVO best/SOTA among event methods.
ESVO,ESVO,TRO,2021,VI,SGM+ICP,no,Stereo E,metric,"SE3 (stereo, metric)",RPG,rpg_box,rpg_box,ATE,cm,19.8,ok,ESVO Table VI. ORB-SLAM2 the best overall (esp. with BA); ESVO best/SOTA among event methods.
ESVO,ESVO,TRO,2021,VI,SGM+ICP,no,Stereo E,metric,"SE3 (stereo, metric)",RPG,rpg_desk,rpg_desk,ATE,cm,8.5,ok,ESVO Table VI. ORB-SLAM2 the best overall (esp. with BA); ESVO best/SOTA among event methods.
ESVO,ESVO,TRO,2021,VI,SGM+ICP,no,Stereo E,metric,"SE3 (stereo, metric)",RPG,rpg_monitor,rpg_monitor,ATE,cm,29.5,ok,ESVO Table VI. ORB-SLAM2 the best overall (esp. with BA); ESVO best/SOTA among event methods.
ESVO,ESVO,TRO,2021,VI,ESVO,yes,Stereo E,metric,"SE3 (stereo, metric)",RPG,rpg_bin,rpg_bin,ATE,cm,2.8,ok,ESVO Table VI. ORB-SLAM2 the best overall (esp. with BA); ESVO best/SOTA among event methods.
ESVO,ESVO,TRO,2021,VI,ESVO,yes,Stereo E,metric,"SE3 (stereo, metric)",RPG,rpg_box,rpg_box,ATE,cm,5.8,ok,ESVO Table VI. ORB-SLAM2 the best overall (esp. with BA); ESVO best/SOTA among event methods.
ESVO,ESVO,TRO,2021,VI,ESVO,yes,Stereo E,metric,"SE3 (stereo, metric)",RPG,rpg_desk,rpg_desk,ATE,cm,3.2,ok,ESVO Table VI. ORB-SLAM2 the best overall (esp. with BA); ESVO best/SOTA among event methods.
ESVO,ESVO,TRO,2021,VI,ESVO,yes,Stereo E,metric,"SE3 (stereo, metric)",RPG,rpg_monitor,rpg_monitor,ATE,cm,1.3,ok,ESVO Table VI. ORB-SLAM2 the best overall (esp. with BA); ESVO best/SOTA among event methods.
ESVO,ESVO,TRO,2021,V,ORB-SLAM2 (stereo),no,Stereo F,metric,"SE3 (stereo, metric)",RPG,rpg_bin,rpg_bin,RPE_R,deg/s,0.6,ok,ESVO Table V rotation RPE.
ESVO,ESVO,TRO,2021,V,ORB-SLAM2 (stereo),no,Stereo F,metric,"SE3 (stereo, metric)",RPG,rpg_box,rpg_box,RPE_R,deg/s,1.8,ok,ESVO Table V rotation RPE.
ESVO,ESVO,TRO,2021,V,ORB-SLAM2 (stereo),no,Stereo F,metric,"SE3 (stereo, metric)",RPG,rpg_desk,rpg_desk,RPE_R,deg/s,2.4,ok,ESVO Table V rotation RPE.
ESVO,ESVO,TRO,2021,V,ORB-SLAM2 (stereo),no,Stereo F,metric,"SE3 (stereo, metric)",RPG,rpg_monitor,rpg_monitor,RPE_R,deg/s,1.0,ok,ESVO Table V rotation RPE.
ESVO,ESVO,TRO,2021,V,ORB-SLAM2 (stereo+BA),no,Stereo F,metric,"SE3 (stereo, metric)",RPG,rpg_bin,rpg_bin,RPE_R,deg/s,0.5,ok,ESVO Table V rotation RPE.
ESVO,ESVO,TRO,2021,V,ORB-SLAM2 (stereo+BA),no,Stereo F,metric,"SE3 (stereo, metric)",RPG,rpg_box,rpg_box,RPE_R,deg/s,1.7,ok,ESVO Table V rotation RPE.
ESVO,ESVO,TRO,2021,V,ORB-SLAM2 (stereo+BA),no,Stereo F,metric,"SE3 (stereo, metric)",RPG,rpg_desk,rpg_desk,RPE_R,deg/s,1.7,ok,ESVO Table V rotation RPE.
ESVO,ESVO,TRO,2021,V,ORB-SLAM2 (stereo+BA),no,Stereo F,metric,"SE3 (stereo, metric)",RPG,rpg_monitor,rpg_monitor,RPE_R,deg/s,0.6,ok,ESVO Table V rotation RPE.
ESVO,ESVO,TRO,2021,V,SGM+ICP,no,Stereo E,metric,"SE3 (stereo, metric)",RPG,rpg_bin,rpg_bin,RPE_R,deg/s,7.6,ok,ESVO Table V rotation RPE.
ESVO,ESVO,TRO,2021,V,SGM+ICP,no,Stereo E,metric,"SE3 (stereo, metric)",RPG,rpg_box,rpg_box,RPE_R,deg/s,7.9,ok,ESVO Table V rotation RPE.
ESVO,ESVO,TRO,2021,V,SGM+ICP,no,Stereo E,metric,"SE3 (stereo, metric)",RPG,rpg_desk,rpg_desk,RPE_R,deg/s,10.1,ok,ESVO Table V rotation RPE.
ESVO,ESVO,TRO,2021,V,SGM+ICP,no,Stereo E,metric,"SE3 (stereo, metric)",RPG,rpg_monitor,rpg_monitor,RPE_R,deg/s,8.1,ok,ESVO Table V rotation RPE.
ESVO,ESVO,TRO,2021,V,ESVO,yes,Stereo E,metric,"SE3 (stereo, metric)",RPG,rpg_bin,rpg_bin,RPE_R,deg/s,1.2,ok,ESVO Table V rotation RPE.
ESVO,ESVO,TRO,2021,V,ESVO,yes,Stereo E,metric,"SE3 (stereo, metric)",RPG,rpg_box,rpg_box,RPE_R,deg/s,3.4,ok,ESVO Table V rotation RPE.
ESVO,ESVO,TRO,2021,V,ESVO,yes,Stereo E,metric,"SE3 (stereo, metric)",RPG,rpg_desk,rpg_desk,RPE_R,deg/s,3.1,ok,ESVO Table V rotation RPE.
ESVO,ESVO,TRO,2021,V,ESVO,yes,Stereo E,metric,"SE3 (stereo, metric)",RPG,rpg_monitor,rpg_monitor,RPE_R,deg/s,1.7,ok,ESVO Table V rotation RPE.
ESVO,ESVO,TRO,2021,V,ORB-SLAM2 (stereo),no,Stereo F,metric,"SE3 (stereo, metric)",RPG,rpg_bin,rpg_bin,RPE_t,cm/s,1.5,ok,ESVO Table V translation RPE.
ESVO,ESVO,TRO,2021,V,ORB-SLAM2 (stereo),no,Stereo F,metric,"SE3 (stereo, metric)",RPG,rpg_box,rpg_box,RPE_t,cm/s,5.1,ok,ESVO Table V translation RPE.
ESVO,ESVO,TRO,2021,V,ORB-SLAM2 (stereo),no,Stereo F,metric,"SE3 (stereo, metric)",RPG,rpg_desk,rpg_desk,RPE_t,cm/s,3.3,ok,ESVO Table V translation RPE.
ESVO,ESVO,TRO,2021,V,ORB-SLAM2 (stereo),no,Stereo F,metric,"SE3 (stereo, metric)",RPG,rpg_monitor,rpg_monitor,RPE_t,cm/s,1.8,ok,ESVO Table V translation RPE.
ESVO,ESVO,TRO,2021,V,ORB-SLAM2 (stereo+BA),no,Stereo F,metric,"SE3 (stereo, metric)",RPG,rpg_bin,rpg_bin,RPE_t,cm/s,1.2,ok,ESVO Table V translation RPE.
ESVO,ESVO,TRO,2021,V,ORB-SLAM2 (stereo+BA),no,Stereo F,metric,"SE3 (stereo, metric)",RPG,rpg_box,rpg_box,RPE_t,cm/s,2.7,ok,ESVO Table V translation RPE.
ESVO,ESVO,TRO,2021,V,ORB-SLAM2 (stereo+BA),no,Stereo F,metric,"SE3 (stereo, metric)",RPG,rpg_desk,rpg_desk,RPE_t,cm/s,2.8,ok,ESVO Table V translation RPE.
ESVO,ESVO,TRO,2021,V,ORB-SLAM2 (stereo+BA),no,Stereo F,metric,"SE3 (stereo, metric)",RPG,rpg_monitor,rpg_monitor,RPE_t,cm/s,1.0,ok,ESVO Table V translation RPE.
ESVO,ESVO,TRO,2021,V,SGM+ICP,no,Stereo E,metric,"SE3 (stereo, metric)",RPG,rpg_bin,rpg_bin,RPE_t,cm/s,13.3,ok,ESVO Table V translation RPE.
ESVO,ESVO,TRO,2021,V,SGM+ICP,no,Stereo E,metric,"SE3 (stereo, metric)",RPG,rpg_box,rpg_box,RPE_t,cm/s,15.5,ok,ESVO Table V translation RPE.
ESVO,ESVO,TRO,2021,V,SGM+ICP,no,Stereo E,metric,"SE3 (stereo, metric)",RPG,rpg_desk,rpg_desk,RPE_t,cm/s,14.6,ok,ESVO Table V translation RPE.
ESVO,ESVO,TRO,2021,V,SGM+ICP,no,Stereo E,metric,"SE3 (stereo, metric)",RPG,rpg_monitor,rpg_monitor,RPE_t,cm/s,10.7,ok,ESVO Table V translation RPE.
ESVO,ESVO,TRO,2021,V,ESVO,yes,Stereo E,metric,"SE3 (stereo, metric)",RPG,rpg_bin,rpg_bin,RPE_t,cm/s,3.1,ok,ESVO Table V translation RPE.
ESVO,ESVO,TRO,2021,V,ESVO,yes,Stereo E,metric,"SE3 (stereo, metric)",RPG,rpg_box,rpg_box,RPE_t,cm/s,7.2,ok,ESVO Table V translation RPE.
ESVO,ESVO,TRO,2021,V,ESVO,yes,Stereo E,metric,"SE3 (stereo, metric)",RPG,rpg_desk,rpg_desk,RPE_t,cm/s,4.5,ok,ESVO Table V translation RPE.
ESVO,ESVO,TRO,2021,V,ESVO,yes,Stereo E,metric,"SE3 (stereo, metric)",RPG,rpg_monitor,rpg_monitor,RPE_t,cm/s,3.2,ok,ESVO Table V translation RPE.
ESVO,ESVO,TRO,2021,V,ORB-SLAM2 (stereo),no,Stereo F,metric,"SE3 (stereo, metric)",MVSEC,upenn_flying1,upenn_flying1,RPE_R,deg/s,5.4,ok,ESVO Table V on UPenn/MVSEC flying (drone). ESVO clearly best here.
ESVO,ESVO,TRO,2021,V,ORB-SLAM2 (stereo),no,Stereo F,metric,"SE3 (stereo, metric)",MVSEC,upenn_flying3,upenn_flying3,RPE_R,deg/s,5.6,ok,ESVO Table V on UPenn/MVSEC flying (drone). ESVO clearly best here.
ESVO,ESVO,TRO,2021,V,ORB-SLAM2 (stereo+BA),no,Stereo F,metric,"SE3 (stereo, metric)",MVSEC,upenn_flying1,upenn_flying1,RPE_R,deg/s,5.8,ok,ESVO Table V on UPenn/MVSEC flying (drone). ESVO clearly best here.
ESVO,ESVO,TRO,2021,V,ORB-SLAM2 (stereo+BA),no,Stereo F,metric,"SE3 (stereo, metric)",MVSEC,upenn_flying3,upenn_flying3,RPE_R,deg/s,3.0,ok,ESVO Table V on UPenn/MVSEC flying (drone). ESVO clearly best here.
ESVO,ESVO,TRO,2021,V,SGM+ICP,no,Stereo E,metric,"SE3 (stereo, metric)",MVSEC,upenn_flying1,upenn_flying1,RPE_R,deg/s,4.8,ok,ESVO Table V on UPenn/MVSEC flying (drone). ESVO clearly best here.
ESVO,ESVO,TRO,2021,V,SGM+ICP,no,Stereo E,metric,"SE3 (stereo, metric)",MVSEC,upenn_flying3,upenn_flying3,RPE_R,deg/s,7.3,ok,ESVO Table V on UPenn/MVSEC flying (drone). ESVO clearly best here.
ESVO,ESVO,TRO,2021,V,ESVO,yes,Stereo E,metric,"SE3 (stereo, metric)",MVSEC,upenn_flying1,upenn_flying1,RPE_R,deg/s,1.0,ok,ESVO Table V on UPenn/MVSEC flying (drone). ESVO clearly best here.
ESVO,ESVO,TRO,2021,V,ESVO,yes,Stereo E,metric,"SE3 (stereo, metric)",MVSEC,upenn_flying3,upenn_flying3,RPE_R,deg/s,1.2,ok,ESVO Table V on UPenn/MVSEC flying (drone). ESVO clearly best here.
ESVO,ESVO,TRO,2021,V,ORB-SLAM2 (stereo),no,Stereo F,metric,"SE3 (stereo, metric)",MVSEC,upenn_flying1,upenn_flying1,RPE_t,cm/s,20.4,ok,ESVO Table V translation RPE on UPenn/MVSEC flying.
ESVO,ESVO,TRO,2021,V,ORB-SLAM2 (stereo),no,Stereo F,metric,"SE3 (stereo, metric)",MVSEC,upenn_flying3,upenn_flying3,RPE_t,cm/s,22.0,ok,ESVO Table V translation RPE on UPenn/MVSEC flying.
ESVO,ESVO,TRO,2021,V,ORB-SLAM2 (stereo+BA),no,Stereo F,metric,"SE3 (stereo, metric)",MVSEC,upenn_flying1,upenn_flying1,RPE_t,cm/s,16.2,ok,ESVO Table V translation RPE on UPenn/MVSEC flying.
ESVO,ESVO,TRO,2021,V,ORB-SLAM2 (stereo+BA),no,Stereo F,metric,"SE3 (stereo, metric)",MVSEC,upenn_flying3,upenn_flying3,RPE_t,cm/s,20.1,ok,ESVO Table V translation RPE on UPenn/MVSEC flying.
ESVO,ESVO,TRO,2021,V,SGM+ICP,no,Stereo E,metric,"SE3 (stereo, metric)",MVSEC,upenn_flying1,upenn_flying1,RPE_t,cm/s,31.6,ok,ESVO Table V translation RPE on UPenn/MVSEC flying.
ESVO,ESVO,TRO,2021,V,SGM+ICP,no,Stereo E,metric,"SE3 (stereo, metric)",MVSEC,upenn_flying3,upenn_flying3,RPE_t,cm/s,26.3,ok,ESVO Table V translation RPE on UPenn/MVSEC flying.
ESVO,ESVO,TRO,2021,V,ESVO,yes,Stereo E,metric,"SE3 (stereo, metric)",MVSEC,upenn_flying1,upenn_flying1,RPE_t,cm/s,6.5,ok,ESVO Table V translation RPE on UPenn/MVSEC flying.
ESVO,ESVO,TRO,2021,V,ESVO,yes,Stereo E,metric,"SE3 (stereo, metric)",MVSEC,upenn_flying3,upenn_flying3,RPE_t,cm/s,7.1,ok,ESVO Table V translation RPE on UPenn/MVSEC flying.
SUPEREVENT,SuperEvent,arXiv,2025,2,LLAK,no,E (keypoints),up-to-scale,relative-pose AUC (higher=better),ECD (keypoint pose),@5deg,@5deg,AUC,%,0.7,ok,"Keypoint relative-pose estimation AUC on Event-Camera-Dataset. SuperEvent dominates, esp. high-precision <5deg. NOT a trajectory metric."
SUPEREVENT,SuperEvent,arXiv,2025,2,LLAK,no,E (keypoints),up-to-scale,relative-pose AUC (higher=better),ECD (keypoint pose),@10deg,@10deg,AUC,%,1.4,ok,"Keypoint relative-pose estimation AUC on Event-Camera-Dataset. SuperEvent dominates, esp. high-precision <5deg. NOT a trajectory metric."
SUPEREVENT,SuperEvent,arXiv,2025,2,LLAK,no,E (keypoints),up-to-scale,relative-pose AUC (higher=better),ECD (keypoint pose),@20deg,@20deg,AUC,%,2.1,ok,"Keypoint relative-pose estimation AUC on Event-Camera-Dataset. SuperEvent dominates, esp. high-precision <5deg. NOT a trajectory metric."
SUPEREVENT,SuperEvent,arXiv,2025,2,RATE,no,E (keypoints),up-to-scale,relative-pose AUC (higher=better),ECD (keypoint pose),@5deg,@5deg,AUC,%,3.3,ok,"Keypoint relative-pose estimation AUC on Event-Camera-Dataset. SuperEvent dominates, esp. high-precision <5deg. NOT a trajectory metric."
SUPEREVENT,SuperEvent,arXiv,2025,2,RATE,no,E (keypoints),up-to-scale,relative-pose AUC (higher=better),ECD (keypoint pose),@10deg,@10deg,AUC,%,8.4,ok,"Keypoint relative-pose estimation AUC on Event-Camera-Dataset. SuperEvent dominates, esp. high-precision <5deg. NOT a trajectory metric."
SUPEREVENT,SuperEvent,arXiv,2025,2,RATE,no,E (keypoints),up-to-scale,relative-pose AUC (higher=better),ECD (keypoint pose),@20deg,@20deg,AUC,%,18.0,ok,"Keypoint relative-pose estimation AUC on Event-Camera-Dataset. SuperEvent dominates, esp. high-precision <5deg. NOT a trajectory metric."
SUPEREVENT,SuperEvent,arXiv,2025,2,EventPoint,no,E (keypoints),up-to-scale,relative-pose AUC (higher=better),ECD (keypoint pose),@5deg,@5deg,AUC,%,1.6,ok,"Keypoint relative-pose estimation AUC on Event-Camera-Dataset. SuperEvent dominates, esp. high-precision <5deg. NOT a trajectory metric."
SUPEREVENT,SuperEvent,arXiv,2025,2,EventPoint,no,E (keypoints),up-to-scale,relative-pose AUC (higher=better),ECD (keypoint pose),@10deg,@10deg,AUC,%,3.0,ok,"Keypoint relative-pose estimation AUC on Event-Camera-Dataset. SuperEvent dominates, esp. high-precision <5deg. NOT a trajectory metric."
SUPEREVENT,SuperEvent,arXiv,2025,2,EventPoint,no,E (keypoints),up-to-scale,relative-pose AUC (higher=better),ECD (keypoint pose),@20deg,@20deg,AUC,%,5.4,ok,"Keypoint relative-pose estimation AUC on Event-Camera-Dataset. SuperEvent dominates, esp. high-precision <5deg. NOT a trajectory metric."
SUPEREVENT,SuperEvent,arXiv,2025,2,SuperEvent,yes,E (keypoints),up-to-scale,relative-pose AUC (higher=better),ECD (keypoint pose),@5deg,@5deg,AUC,%,22.7,ok,"Keypoint relative-pose estimation AUC on Event-Camera-Dataset. SuperEvent dominates, esp. high-precision <5deg. NOT a trajectory metric."
SUPEREVENT,SuperEvent,arXiv,2025,2,SuperEvent,yes,E (keypoints),up-to-scale,relative-pose AUC (higher=better),ECD (keypoint pose),@10deg,@10deg,AUC,%,35.8,ok,"Keypoint relative-pose estimation AUC on Event-Camera-Dataset. SuperEvent dominates, esp. high-precision <5deg. NOT a trajectory metric."
SUPEREVENT,SuperEvent,arXiv,2025,2,SuperEvent,yes,E (keypoints),up-to-scale,relative-pose AUC (higher=better),ECD (keypoint pose),@20deg,@20deg,AUC,%,46.7,ok,"Keypoint relative-pose estimation AUC on Event-Camera-Dataset. SuperEvent dominates, esp. high-precision <5deg. NOT a trajectory metric."
SUPEREVENT,SuperEvent,arXiv,2025,3,LLAK,no,E (keypoints),up-to-scale,relative-pose AUC (higher=better),EDS (keypoint pose),@5deg,@5deg,AUC,%,0.5,ok,Keypoint relative-pose AUC on EDS (Prophesee Gen3.1). Confirms generalization across cameras.
SUPEREVENT,SuperEvent,arXiv,2025,3,LLAK,no,E (keypoints),up-to-scale,relative-pose AUC (higher=better),EDS (keypoint pose),@10deg,@10deg,AUC,%,0.7,ok,Keypoint relative-pose AUC on EDS (Prophesee Gen3.1). Confirms generalization across cameras.
SUPEREVENT,SuperEvent,arXiv,2025,3,LLAK,no,E (keypoints),up-to-scale,relative-pose AUC (higher=better),EDS (keypoint pose),@20deg,@20deg,AUC,%,1.0,ok,Keypoint relative-pose AUC on EDS (Prophesee Gen3.1). Confirms generalization across cameras.
SUPEREVENT,SuperEvent,arXiv,2025,3,RATE,no,E (keypoints),up-to-scale,relative-pose AUC (higher=better),EDS (keypoint pose),@5deg,@5deg,AUC,%,2.1,ok,Keypoint relative-pose AUC on EDS (Prophesee Gen3.1). Confirms generalization across cameras.
SUPEREVENT,SuperEvent,arXiv,2025,3,RATE,no,E (keypoints),up-to-scale,relative-pose AUC (higher=better),EDS (keypoint pose),@10deg,@10deg,AUC,%,5.1,ok,Keypoint relative-pose AUC on EDS (Prophesee Gen3.1). Confirms generalization across cameras.
SUPEREVENT,SuperEvent,arXiv,2025,3,RATE,no,E (keypoints),up-to-scale,relative-pose AUC (higher=better),EDS (keypoint pose),@20deg,@20deg,AUC,%,10.3,ok,Keypoint relative-pose AUC on EDS (Prophesee Gen3.1). Confirms generalization across cameras.
SUPEREVENT,SuperEvent,arXiv,2025,3,EventPoint,no,E (keypoints),up-to-scale,relative-pose AUC (higher=better),EDS (keypoint pose),@5deg,@5deg,AUC,%,1.6,ok,Keypoint relative-pose AUC on EDS (Prophesee Gen3.1). Confirms generalization across cameras.
SUPEREVENT,SuperEvent,arXiv,2025,3,EventPoint,no,E (keypoints),up-to-scale,relative-pose AUC (higher=better),EDS (keypoint pose),@10deg,@10deg,AUC,%,2.8,ok,Keypoint relative-pose AUC on EDS (Prophesee Gen3.1). Confirms generalization across cameras.
SUPEREVENT,SuperEvent,arXiv,2025,3,EventPoint,no,E (keypoints),up-to-scale,relative-pose AUC (higher=better),EDS (keypoint pose),@20deg,@20deg,AUC,%,5.2,ok,Keypoint relative-pose AUC on EDS (Prophesee Gen3.1). Confirms generalization across cameras.
SUPEREVENT,SuperEvent,arXiv,2025,3,SuperEvent,yes,E (keypoints),up-to-scale,relative-pose AUC (higher=better),EDS (keypoint pose),@5deg,@5deg,AUC,%,15.2,ok,Keypoint relative-pose AUC on EDS (Prophesee Gen3.1). Confirms generalization across cameras.
SUPEREVENT,SuperEvent,arXiv,2025,3,SuperEvent,yes,E (keypoints),up-to-scale,relative-pose AUC (higher=better),EDS (keypoint pose),@10deg,@10deg,AUC,%,26.4,ok,Keypoint relative-pose AUC on EDS (Prophesee Gen3.1). Confirms generalization across cameras.
SUPEREVENT,SuperEvent,arXiv,2025,3,SuperEvent,yes,E (keypoints),up-to-scale,relative-pose AUC (higher=better),EDS (keypoint pose),@20deg,@20deg,AUC,%,40.1,ok,Keypoint relative-pose AUC on EDS (Prophesee Gen3.1). Confirms generalization across cameras.
SUPEREVENT,SuperEvent,arXiv,2025,4,EVO (scale-aligned),no,E,up-to-scale,SE3 metric (first 3 rows Sim3 scale-aligned),TUM-VIE,mocap-1d-trans,tumvie_1d_trans,ATE,cm,7.5,ok,"*** Key cross-check: DEVO/DEIO 'w/ scale alignment' (Sim3) need scale help; DEIO metric=1.24 vs scale-aligned=1.00. OKVIS2+SuperEvent (metric, stereo E+I) best at 0.55. ICRA'24 average '-' due to a failed seq."
SUPEREVENT,SuperEvent,arXiv,2025,4,EVO (scale-aligned),no,E,up-to-scale,SE3 metric (first 3 rows Sim3 scale-aligned),TUM-VIE,mocap-3d-trans,tumvie_3d_trans,ATE,cm,12.5,ok,"*** Key cross-check: DEVO/DEIO 'w/ scale alignment' (Sim3) need scale help; DEIO metric=1.24 vs scale-aligned=1.00. OKVIS2+SuperEvent (metric, stereo E+I) best at 0.55. ICRA'24 average '-' due to a failed seq."
SUPEREVENT,SuperEvent,arXiv,2025,4,EVO (scale-aligned),no,E,up-to-scale,SE3 metric (first 3 rows Sim3 scale-aligned),TUM-VIE,mocap-6dof,tumvie_6dof,ATE,cm,85.5,ok,"*** Key cross-check: DEVO/DEIO 'w/ scale alignment' (Sim3) need scale help; DEIO metric=1.24 vs scale-aligned=1.00. OKVIS2+SuperEvent (metric, stereo E+I) best at 0.55. ICRA'24 average '-' due to a failed seq."
SUPEREVENT,SuperEvent,arXiv,2025,4,EVO (scale-aligned),no,E,up-to-scale,SE3 metric (first 3 rows Sim3 scale-aligned),TUM-VIE,mocap-desk,tumvie_desk,ATE,cm,54.1,ok,"*** Key cross-check: DEVO/DEIO 'w/ scale alignment' (Sim3) need scale help; DEIO metric=1.24 vs scale-aligned=1.00. OKVIS2+SuperEvent (metric, stereo E+I) best at 0.55. ICRA'24 average '-' due to a failed seq."
SUPEREVENT,SuperEvent,arXiv,2025,4,EVO (scale-aligned),no,E,up-to-scale,SE3 metric (first 3 rows Sim3 scale-aligned),TUM-VIE,mocap-desk2,tumvie_desk2,ATE,cm,75.2,ok,"*** Key cross-check: DEVO/DEIO 'w/ scale alignment' (Sim3) need scale help; DEIO metric=1.24 vs scale-aligned=1.00. OKVIS2+SuperEvent (metric, stereo E+I) best at 0.55. ICRA'24 average '-' due to a failed seq."
SUPEREVENT,SuperEvent,arXiv,2025,4,EVO (scale-aligned),no,E,up-to-scale,SE3 metric (first 3 rows Sim3 scale-aligned),TUM-VIE,average,average,ATE,cm,46.96,ok,"*** Key cross-check: DEVO/DEIO 'w/ scale alignment' (Sim3) need scale help; DEIO metric=1.24 vs scale-aligned=1.00. OKVIS2+SuperEvent (metric, stereo E+I) best at 0.55. ICRA'24 average '-' due to a failed seq."
SUPEREVENT,SuperEvent,arXiv,2025,4,DEVO (scale-aligned),no,E,up-to-scale,SE3 metric (first 3 rows Sim3 scale-aligned),TUM-VIE,mocap-1d-trans,tumvie_1d_trans,ATE,cm,0.5,ok,"*** Key cross-check: DEVO/DEIO 'w/ scale alignment' (Sim3) need scale help; DEIO metric=1.24 vs scale-aligned=1.00. OKVIS2+SuperEvent (metric, stereo E+I) best at 0.55. ICRA'24 average '-' due to a failed seq."
SUPEREVENT,SuperEvent,arXiv,2025,4,DEVO (scale-aligned),no,E,up-to-scale,SE3 metric (first 3 rows Sim3 scale-aligned),TUM-VIE,mocap-3d-trans,tumvie_3d_trans,ATE,cm,1.1,ok,"*** Key cross-check: DEVO/DEIO 'w/ scale alignment' (Sim3) need scale help; DEIO metric=1.24 vs scale-aligned=1.00. OKVIS2+SuperEvent (metric, stereo E+I) best at 0.55. ICRA'24 average '-' due to a failed seq."
SUPEREVENT,SuperEvent,arXiv,2025,4,DEVO (scale-aligned),no,E,up-to-scale,SE3 metric (first 3 rows Sim3 scale-aligned),TUM-VIE,mocap-6dof,tumvie_6dof,ATE,cm,1.6,ok,"*** Key cross-check: DEVO/DEIO 'w/ scale alignment' (Sim3) need scale help; DEIO metric=1.24 vs scale-aligned=1.00. OKVIS2+SuperEvent (metric, stereo E+I) best at 0.55. ICRA'24 average '-' due to a failed seq."
SUPEREVENT,SuperEvent,arXiv,2025,4,DEVO (scale-aligned),no,E,up-to-scale,SE3 metric (first 3 rows Sim3 scale-aligned),TUM-VIE,mocap-desk,tumvie_desk,ATE,cm,1.7,ok,"*** Key cross-check: DEVO/DEIO 'w/ scale alignment' (Sim3) need scale help; DEIO metric=1.24 vs scale-aligned=1.00. OKVIS2+SuperEvent (metric, stereo E+I) best at 0.55. ICRA'24 average '-' due to a failed seq."
SUPEREVENT,SuperEvent,arXiv,2025,4,DEVO (scale-aligned),no,E,up-to-scale,SE3 metric (first 3 rows Sim3 scale-aligned),TUM-VIE,mocap-desk2,tumvie_desk2,ATE,cm,1.0,ok,"*** Key cross-check: DEVO/DEIO 'w/ scale alignment' (Sim3) need scale help; DEIO metric=1.24 vs scale-aligned=1.00. OKVIS2+SuperEvent (metric, stereo E+I) best at 0.55. ICRA'24 average '-' due to a failed seq."
SUPEREVENT,SuperEvent,arXiv,2025,4,DEVO (scale-aligned),no,E,up-to-scale,SE3 metric (first 3 rows Sim3 scale-aligned),TUM-VIE,average,average,ATE,cm,1.18,ok,"*** Key cross-check: DEVO/DEIO 'w/ scale alignment' (Sim3) need scale help; DEIO metric=1.24 vs scale-aligned=1.00. OKVIS2+SuperEvent (metric, stereo E+I) best at 0.55. ICRA'24 average '-' due to a failed seq."
SUPEREVENT,SuperEvent,arXiv,2025,4,DEIO (scale-aligned),no,E+I,metric,SE3 metric (first 3 rows Sim3 scale-aligned),TUM-VIE,mocap-1d-trans,tumvie_1d_trans,ATE,cm,0.42,ok,"*** Key cross-check: DEVO/DEIO 'w/ scale alignment' (Sim3) need scale help; DEIO metric=1.24 vs scale-aligned=1.00. OKVIS2+SuperEvent (metric, stereo E+I) best at 0.55. ICRA'24 average '-' due to a failed seq."
SUPEREVENT,SuperEvent,arXiv,2025,4,DEIO (scale-aligned),no,E+I,metric,SE3 metric (first 3 rows Sim3 scale-aligned),TUM-VIE,mocap-3d-trans,tumvie_3d_trans,ATE,cm,1.11,ok,"*** Key cross-check: DEVO/DEIO 'w/ scale alignment' (Sim3) need scale help; DEIO metric=1.24 vs scale-aligned=1.00. OKVIS2+SuperEvent (metric, stereo E+I) best at 0.55. ICRA'24 average '-' due to a failed seq."
SUPEREVENT,SuperEvent,arXiv,2025,4,DEIO (scale-aligned),no,E+I,metric,SE3 metric (first 3 rows Sim3 scale-aligned),TUM-VIE,mocap-6dof,tumvie_6dof,ATE,cm,1.37,ok,"*** Key cross-check: DEVO/DEIO 'w/ scale alignment' (Sim3) need scale help; DEIO metric=1.24 vs scale-aligned=1.00. OKVIS2+SuperEvent (metric, stereo E+I) best at 0.55. ICRA'24 average '-' due to a failed seq."
SUPEREVENT,SuperEvent,arXiv,2025,4,DEIO (scale-aligned),no,E+I,metric,SE3 metric (first 3 rows Sim3 scale-aligned),TUM-VIE,mocap-desk,tumvie_desk,ATE,cm,1.36,ok,"*** Key cross-check: DEVO/DEIO 'w/ scale alignment' (Sim3) need scale help; DEIO metric=1.24 vs scale-aligned=1.00. OKVIS2+SuperEvent (metric, stereo E+I) best at 0.55. ICRA'24 average '-' due to a failed seq."
SUPEREVENT,SuperEvent,arXiv,2025,4,DEIO (scale-aligned),no,E+I,metric,SE3 metric (first 3 rows Sim3 scale-aligned),TUM-VIE,mocap-desk2,tumvie_desk2,ATE,cm,0.73,ok,"*** Key cross-check: DEVO/DEIO 'w/ scale alignment' (Sim3) need scale help; DEIO metric=1.24 vs scale-aligned=1.00. OKVIS2+SuperEvent (metric, stereo E+I) best at 0.55. ICRA'24 average '-' due to a failed seq."
SUPEREVENT,SuperEvent,arXiv,2025,4,DEIO (scale-aligned),no,E+I,metric,SE3 metric (first 3 rows Sim3 scale-aligned),TUM-VIE,average,average,ATE,cm,1.0,ok,"*** Key cross-check: DEVO/DEIO 'w/ scale alignment' (Sim3) need scale help; DEIO metric=1.24 vs scale-aligned=1.00. OKVIS2+SuperEvent (metric, stereo E+I) best at 0.55. ICRA'24 average '-' due to a failed seq."
SUPEREVENT,SuperEvent,arXiv,2025,4,DEIO (metric),no,E+I,metric,SE3 metric (first 3 rows Sim3 scale-aligned),TUM-VIE,mocap-1d-trans,tumvie_1d_trans,ATE,cm,1.08,ok,"*** Key cross-check: DEVO/DEIO 'w/ scale alignment' (Sim3) need scale help; DEIO metric=1.24 vs scale-aligned=1.00. OKVIS2+SuperEvent (metric, stereo E+I) best at 0.55. ICRA'24 average '-' due to a failed seq."
SUPEREVENT,SuperEvent,arXiv,2025,4,DEIO (metric),no,E+I,metric,SE3 metric (first 3 rows Sim3 scale-aligned),TUM-VIE,mocap-3d-trans,tumvie_3d_trans,ATE,cm,1.12,ok,"*** Key cross-check: DEVO/DEIO 'w/ scale alignment' (Sim3) need scale help; DEIO metric=1.24 vs scale-aligned=1.00. OKVIS2+SuperEvent (metric, stereo E+I) best at 0.55. ICRA'24 average '-' due to a failed seq."
SUPEREVENT,SuperEvent,arXiv,2025,4,DEIO (metric),no,E+I,metric,SE3 metric (first 3 rows Sim3 scale-aligned),TUM-VIE,mocap-6dof,tumvie_6dof,ATE,cm,1.39,ok,"*** Key cross-check: DEVO/DEIO 'w/ scale alignment' (Sim3) need scale help; DEIO metric=1.24 vs scale-aligned=1.00. OKVIS2+SuperEvent (metric, stereo E+I) best at 0.55. ICRA'24 average '-' due to a failed seq."
SUPEREVENT,SuperEvent,arXiv,2025,4,DEIO (metric),no,E+I,metric,SE3 metric (first 3 rows Sim3 scale-aligned),TUM-VIE,mocap-desk,tumvie_desk,ATE,cm,1.41,ok,"*** Key cross-check: DEVO/DEIO 'w/ scale alignment' (Sim3) need scale help; DEIO metric=1.24 vs scale-aligned=1.00. OKVIS2+SuperEvent (metric, stereo E+I) best at 0.55. ICRA'24 average '-' due to a failed seq."
SUPEREVENT,SuperEvent,arXiv,2025,4,DEIO (metric),no,E+I,metric,SE3 metric (first 3 rows Sim3 scale-aligned),TUM-VIE,mocap-desk2,tumvie_desk2,ATE,cm,1.19,ok,"*** Key cross-check: DEVO/DEIO 'w/ scale alignment' (Sim3) need scale help; DEIO metric=1.24 vs scale-aligned=1.00. OKVIS2+SuperEvent (metric, stereo E+I) best at 0.55. ICRA'24 average '-' due to a failed seq."
SUPEREVENT,SuperEvent,arXiv,2025,4,DEIO (metric),no,E+I,metric,SE3 metric (first 3 rows Sim3 scale-aligned),TUM-VIE,average,average,ATE,cm,1.24,ok,"*** Key cross-check: DEVO/DEIO 'w/ scale alignment' (Sim3) need scale help; DEIO metric=1.24 vs scale-aligned=1.00. OKVIS2+SuperEvent (metric, stereo E+I) best at 0.55. ICRA'24 average '-' due to a failed seq."
SUPEREVENT,SuperEvent,arXiv,2025,4,ESVO,no,Stereo E,metric,SE3 metric (first 3 rows Sim3 scale-aligned),TUM-VIE,mocap-1d-trans,tumvie_1d_trans,ATE,cm,12.54,ok,"*** Key cross-check: DEVO/DEIO 'w/ scale alignment' (Sim3) need scale help; DEIO metric=1.24 vs scale-aligned=1.00. OKVIS2+SuperEvent (metric, stereo E+I) best at 0.55. ICRA'24 average '-' due to a failed seq."
SUPEREVENT,SuperEvent,arXiv,2025,4,ESVO,no,Stereo E,metric,SE3 metric (first 3 rows Sim3 scale-aligned),TUM-VIE,mocap-3d-trans,tumvie_3d_trans,ATE,cm,17.19,ok,"*** Key cross-check: DEVO/DEIO 'w/ scale alignment' (Sim3) need scale help; DEIO metric=1.24 vs scale-aligned=1.00. OKVIS2+SuperEvent (metric, stereo E+I) best at 0.55. ICRA'24 average '-' due to a failed seq."
SUPEREVENT,SuperEvent,arXiv,2025,4,ESVO,no,Stereo E,metric,SE3 metric (first 3 rows Sim3 scale-aligned),TUM-VIE,mocap-6dof,tumvie_6dof,ATE,cm,13.46,ok,"*** Key cross-check: DEVO/DEIO 'w/ scale alignment' (Sim3) need scale help; DEIO metric=1.24 vs scale-aligned=1.00. OKVIS2+SuperEvent (metric, stereo E+I) best at 0.55. ICRA'24 average '-' due to a failed seq."
SUPEREVENT,SuperEvent,arXiv,2025,4,ESVO,no,Stereo E,metric,SE3 metric (first 3 rows Sim3 scale-aligned),TUM-VIE,mocap-desk,tumvie_desk,ATE,cm,12.92,ok,"*** Key cross-check: DEVO/DEIO 'w/ scale alignment' (Sim3) need scale help; DEIO metric=1.24 vs scale-aligned=1.00. OKVIS2+SuperEvent (metric, stereo E+I) best at 0.55. ICRA'24 average '-' due to a failed seq."
SUPEREVENT,SuperEvent,arXiv,2025,4,ESVO,no,Stereo E,metric,SE3 metric (first 3 rows Sim3 scale-aligned),TUM-VIE,mocap-desk2,tumvie_desk2,ATE,cm,4.42,ok,"*** Key cross-check: DEVO/DEIO 'w/ scale alignment' (Sim3) need scale help; DEIO metric=1.24 vs scale-aligned=1.00. OKVIS2+SuperEvent (metric, stereo E+I) best at 0.55. ICRA'24 average '-' due to a failed seq."
SUPEREVENT,SuperEvent,arXiv,2025,4,ESVO,no,Stereo E,metric,SE3 metric (first 3 rows Sim3 scale-aligned),TUM-VIE,average,average,ATE,cm,12.11,ok,"*** Key cross-check: DEVO/DEIO 'w/ scale alignment' (Sim3) need scale help; DEIO metric=1.24 vs scale-aligned=1.00. OKVIS2+SuperEvent (metric, stereo E+I) best at 0.55. ICRA'24 average '-' due to a failed seq."
SUPEREVENT,SuperEvent,arXiv,2025,4,ES-PTAM,no,Stereo E,metric,SE3 metric (first 3 rows Sim3 scale-aligned),TUM-VIE,mocap-1d-trans,tumvie_1d_trans,ATE,cm,1.05,ok,"*** Key cross-check: DEVO/DEIO 'w/ scale alignment' (Sim3) need scale help; DEIO metric=1.24 vs scale-aligned=1.00. OKVIS2+SuperEvent (metric, stereo E+I) best at 0.55. ICRA'24 average '-' due to a failed seq."
SUPEREVENT,SuperEvent,arXiv,2025,4,ES-PTAM,no,Stereo E,metric,SE3 metric (first 3 rows Sim3 scale-aligned),TUM-VIE,mocap-3d-trans,tumvie_3d_trans,ATE,cm,8.53,ok,"*** Key cross-check: DEVO/DEIO 'w/ scale alignment' (Sim3) need scale help; DEIO metric=1.24 vs scale-aligned=1.00. OKVIS2+SuperEvent (metric, stereo E+I) best at 0.55. ICRA'24 average '-' due to a failed seq."
SUPEREVENT,SuperEvent,arXiv,2025,4,ES-PTAM,no,Stereo E,metric,SE3 metric (first 3 rows Sim3 scale-aligned),TUM-VIE,mocap-6dof,tumvie_6dof,ATE,cm,10.25,ok,"*** Key cross-check: DEVO/DEIO 'w/ scale alignment' (Sim3) need scale help; DEIO metric=1.24 vs scale-aligned=1.00. OKVIS2+SuperEvent (metric, stereo E+I) best at 0.55. ICRA'24 average '-' due to a failed seq."
SUPEREVENT,SuperEvent,arXiv,2025,4,ES-PTAM,no,Stereo E,metric,SE3 metric (first 3 rows Sim3 scale-aligned),TUM-VIE,mocap-desk,tumvie_desk,ATE,cm,2.5,ok,"*** Key cross-check: DEVO/DEIO 'w/ scale alignment' (Sim3) need scale help; DEIO metric=1.24 vs scale-aligned=1.00. OKVIS2+SuperEvent (metric, stereo E+I) best at 0.55. ICRA'24 average '-' due to a failed seq."
SUPEREVENT,SuperEvent,arXiv,2025,4,ES-PTAM,no,Stereo E,metric,SE3 metric (first 3 rows Sim3 scale-aligned),TUM-VIE,mocap-desk2,tumvie_desk2,ATE,cm,7.2,ok,"*** Key cross-check: DEVO/DEIO 'w/ scale alignment' (Sim3) need scale help; DEIO metric=1.24 vs scale-aligned=1.00. OKVIS2+SuperEvent (metric, stereo E+I) best at 0.55. ICRA'24 average '-' due to a failed seq."
SUPEREVENT,SuperEvent,arXiv,2025,4,ES-PTAM,no,Stereo E,metric,SE3 metric (first 3 rows Sim3 scale-aligned),TUM-VIE,average,average,ATE,cm,5.91,ok,"*** Key cross-check: DEVO/DEIO 'w/ scale alignment' (Sim3) need scale help; DEIO metric=1.24 vs scale-aligned=1.00. OKVIS2+SuperEvent (metric, stereo E+I) best at 0.55. ICRA'24 average '-' due to a failed seq."
SUPEREVENT,SuperEvent,arXiv,2025,4,ICRA'24 (ESVIO-AA),no,Stereo E+I,metric,SE3 metric (first 3 rows Sim3 scale-aligned),TUM-VIE,mocap-1d-trans,tumvie_1d_trans,ATE,cm,3.85,ok,"*** Key cross-check: DEVO/DEIO 'w/ scale alignment' (Sim3) need scale help; DEIO metric=1.24 vs scale-aligned=1.00. OKVIS2+SuperEvent (metric, stereo E+I) best at 0.55. ICRA'24 average '-' due to a failed seq."
SUPEREVENT,SuperEvent,arXiv,2025,4,ICRA'24 (ESVIO-AA),no,Stereo E+I,metric,SE3 metric (first 3 rows Sim3 scale-aligned),TUM-VIE,mocap-3d-trans,tumvie_3d_trans,ATE,cm,18.9,ok,"*** Key cross-check: DEVO/DEIO 'w/ scale alignment' (Sim3) need scale help; DEIO metric=1.24 vs scale-aligned=1.00. OKVIS2+SuperEvent (metric, stereo E+I) best at 0.55. ICRA'24 average '-' due to a failed seq."
SUPEREVENT,SuperEvent,arXiv,2025,4,ICRA'24 (ESVIO-AA),no,Stereo E+I,metric,SE3 metric (first 3 rows Sim3 scale-aligned),TUM-VIE,mocap-6dof,tumvie_6dof,ATE,cm,,failed,"*** Key cross-check: DEVO/DEIO 'w/ scale alignment' (Sim3) need scale help; DEIO metric=1.24 vs scale-aligned=1.00. OKVIS2+SuperEvent (metric, stereo E+I) best at 0.55. ICRA'24 average '-' due to a failed seq."
SUPEREVENT,SuperEvent,arXiv,2025,4,ICRA'24 (ESVIO-AA),no,Stereo E+I,metric,SE3 metric (first 3 rows Sim3 scale-aligned),TUM-VIE,mocap-desk,tumvie_desk,ATE,cm,8.99,ok,"*** Key cross-check: DEVO/DEIO 'w/ scale alignment' (Sim3) need scale help; DEIO metric=1.24 vs scale-aligned=1.00. OKVIS2+SuperEvent (metric, stereo E+I) best at 0.55. ICRA'24 average '-' due to a failed seq."
SUPEREVENT,SuperEvent,arXiv,2025,4,ICRA'24 (ESVIO-AA),no,Stereo E+I,metric,SE3 metric (first 3 rows Sim3 scale-aligned),TUM-VIE,mocap-desk2,tumvie_desk2,ATE,cm,9.47,ok,"*** Key cross-check: DEVO/DEIO 'w/ scale alignment' (Sim3) need scale help; DEIO metric=1.24 vs scale-aligned=1.00. OKVIS2+SuperEvent (metric, stereo E+I) best at 0.55. ICRA'24 average '-' due to a failed seq."
SUPEREVENT,SuperEvent,arXiv,2025,4,ICRA'24 (ESVIO-AA),no,Stereo E+I,metric,SE3 metric (first 3 rows Sim3 scale-aligned),TUM-VIE,average,average,ATE,cm,,n/a,"*** Key cross-check: DEVO/DEIO 'w/ scale alignment' (Sim3) need scale help; DEIO metric=1.24 vs scale-aligned=1.00. OKVIS2+SuperEvent (metric, stereo E+I) best at 0.55. ICRA'24 average '-' due to a failed seq."
SUPEREVENT,SuperEvent,arXiv,2025,4,ESVO2,no,Stereo E+I,metric,SE3 metric (first 3 rows Sim3 scale-aligned),TUM-VIE,mocap-1d-trans,tumvie_1d_trans,ATE,cm,3.33,ok,"*** Key cross-check: DEVO/DEIO 'w/ scale alignment' (Sim3) need scale help; DEIO metric=1.24 vs scale-aligned=1.00. OKVIS2+SuperEvent (metric, stereo E+I) best at 0.55. ICRA'24 average '-' due to a failed seq."
SUPEREVENT,SuperEvent,arXiv,2025,4,ESVO2,no,Stereo E+I,metric,SE3 metric (first 3 rows Sim3 scale-aligned),TUM-VIE,mocap-3d-trans,tumvie_3d_trans,ATE,cm,7.26,ok,"*** Key cross-check: DEVO/DEIO 'w/ scale alignment' (Sim3) need scale help; DEIO metric=1.24 vs scale-aligned=1.00. OKVIS2+SuperEvent (metric, stereo E+I) best at 0.55. ICRA'24 average '-' due to a failed seq."
SUPEREVENT,SuperEvent,arXiv,2025,4,ESVO2,no,Stereo E+I,metric,SE3 metric (first 3 rows Sim3 scale-aligned),TUM-VIE,mocap-6dof,tumvie_6dof,ATE,cm,3.21,ok,"*** Key cross-check: DEVO/DEIO 'w/ scale alignment' (Sim3) need scale help; DEIO metric=1.24 vs scale-aligned=1.00. OKVIS2+SuperEvent (metric, stereo E+I) best at 0.55. ICRA'24 average '-' due to a failed seq."
SUPEREVENT,SuperEvent,arXiv,2025,4,ESVO2,no,Stereo E+I,metric,SE3 metric (first 3 rows Sim3 scale-aligned),TUM-VIE,mocap-desk,tumvie_desk,ATE,cm,6.16,ok,"*** Key cross-check: DEVO/DEIO 'w/ scale alignment' (Sim3) need scale help; DEIO metric=1.24 vs scale-aligned=1.00. OKVIS2+SuperEvent (metric, stereo E+I) best at 0.55. ICRA'24 average '-' due to a failed seq."
SUPEREVENT,SuperEvent,arXiv,2025,4,ESVO2,no,Stereo E+I,metric,SE3 metric (first 3 rows Sim3 scale-aligned),TUM-VIE,mocap-desk2,tumvie_desk2,ATE,cm,4.02,ok,"*** Key cross-check: DEVO/DEIO 'w/ scale alignment' (Sim3) need scale help; DEIO metric=1.24 vs scale-aligned=1.00. OKVIS2+SuperEvent (metric, stereo E+I) best at 0.55. ICRA'24 average '-' due to a failed seq."
SUPEREVENT,SuperEvent,arXiv,2025,4,ESVO2,no,Stereo E+I,metric,SE3 metric (first 3 rows Sim3 scale-aligned),TUM-VIE,average,average,ATE,cm,4.78,ok,"*** Key cross-check: DEVO/DEIO 'w/ scale alignment' (Sim3) need scale help; DEIO metric=1.24 vs scale-aligned=1.00. OKVIS2+SuperEvent (metric, stereo E+I) best at 0.55. ICRA'24 average '-' due to a failed seq."
SUPEREVENT,SuperEvent,arXiv,2025,4,OKVIS2+SuperEvent,yes,Stereo E+I,metric,SE3 metric (first 3 rows Sim3 scale-aligned),TUM-VIE,mocap-1d-trans,tumvie_1d_trans,ATE,cm,0.44,ok,"*** Key cross-check: DEVO/DEIO 'w/ scale alignment' (Sim3) need scale help; DEIO metric=1.24 vs scale-aligned=1.00. OKVIS2+SuperEvent (metric, stereo E+I) best at 0.55. ICRA'24 average '-' due to a failed seq."
SUPEREVENT,SuperEvent,arXiv,2025,4,OKVIS2+SuperEvent,yes,Stereo E+I,metric,SE3 metric (first 3 rows Sim3 scale-aligned),TUM-VIE,mocap-3d-trans,tumvie_3d_trans,ATE,cm,0.89,ok,"*** Key cross-check: DEVO/DEIO 'w/ scale alignment' (Sim3) need scale help; DEIO metric=1.24 vs scale-aligned=1.00. OKVIS2+SuperEvent (metric, stereo E+I) best at 0.55. ICRA'24 average '-' due to a failed seq."
SUPEREVENT,SuperEvent,arXiv,2025,4,OKVIS2+SuperEvent,yes,Stereo E+I,metric,SE3 metric (first 3 rows Sim3 scale-aligned),TUM-VIE,mocap-6dof,tumvie_6dof,ATE,cm,0.43,ok,"*** Key cross-check: DEVO/DEIO 'w/ scale alignment' (Sim3) need scale help; DEIO metric=1.24 vs scale-aligned=1.00. OKVIS2+SuperEvent (metric, stereo E+I) best at 0.55. ICRA'24 average '-' due to a failed seq."
SUPEREVENT,SuperEvent,arXiv,2025,4,OKVIS2+SuperEvent,yes,Stereo E+I,metric,SE3 metric (first 3 rows Sim3 scale-aligned),TUM-VIE,mocap-desk,tumvie_desk,ATE,cm,0.58,ok,"*** Key cross-check: DEVO/DEIO 'w/ scale alignment' (Sim3) need scale help; DEIO metric=1.24 vs scale-aligned=1.00. OKVIS2+SuperEvent (metric, stereo E+I) best at 0.55. ICRA'24 average '-' due to a failed seq."
SUPEREVENT,SuperEvent,arXiv,2025,4,OKVIS2+SuperEvent,yes,Stereo E+I,metric,SE3 metric (first 3 rows Sim3 scale-aligned),TUM-VIE,mocap-desk2,tumvie_desk2,ATE,cm,0.41,ok,"*** Key cross-check: DEVO/DEIO 'w/ scale alignment' (Sim3) need scale help; DEIO metric=1.24 vs scale-aligned=1.00. OKVIS2+SuperEvent (metric, stereo E+I) best at 0.55. ICRA'24 average '-' due to a failed seq."
SUPEREVENT,SuperEvent,arXiv,2025,4,OKVIS2+SuperEvent,yes,Stereo E+I,metric,SE3 metric (first 3 rows Sim3 scale-aligned),TUM-VIE,average,average,ATE,cm,0.55,ok,"*** Key cross-check: DEVO/DEIO 'w/ scale alignment' (Sim3) need scale help; DEIO metric=1.24 vs scale-aligned=1.00. OKVIS2+SuperEvent (metric, stereo E+I) best at 0.55. ICRA'24 average '-' due to a failed seq."
SUPEREVENT,SuperEvent,arXiv,2025,4,OKVIS2+SuperEvent (no loop),yes,Stereo E+I,metric,SE3 metric (first 3 rows Sim3 scale-aligned),TUM-VIE,mocap-1d-trans,tumvie_1d_trans,ATE,cm,0.43,ok,"*** Key cross-check: DEVO/DEIO 'w/ scale alignment' (Sim3) need scale help; DEIO metric=1.24 vs scale-aligned=1.00. OKVIS2+SuperEvent (metric, stereo E+I) best at 0.55. ICRA'24 average '-' due to a failed seq."
SUPEREVENT,SuperEvent,arXiv,2025,4,OKVIS2+SuperEvent (no loop),yes,Stereo E+I,metric,SE3 metric (first 3 rows Sim3 scale-aligned),TUM-VIE,mocap-3d-trans,tumvie_3d_trans,ATE,cm,0.89,ok,"*** Key cross-check: DEVO/DEIO 'w/ scale alignment' (Sim3) need scale help; DEIO metric=1.24 vs scale-aligned=1.00. OKVIS2+SuperEvent (metric, stereo E+I) best at 0.55. ICRA'24 average '-' due to a failed seq."
SUPEREVENT,SuperEvent,arXiv,2025,4,OKVIS2+SuperEvent (no loop),yes,Stereo E+I,metric,SE3 metric (first 3 rows Sim3 scale-aligned),TUM-VIE,mocap-6dof,tumvie_6dof,ATE,cm,0.43,ok,"*** Key cross-check: DEVO/DEIO 'w/ scale alignment' (Sim3) need scale help; DEIO metric=1.24 vs scale-aligned=1.00. OKVIS2+SuperEvent (metric, stereo E+I) best at 0.55. ICRA'24 average '-' due to a failed seq."
SUPEREVENT,SuperEvent,arXiv,2025,4,OKVIS2+SuperEvent (no loop),yes,Stereo E+I,metric,SE3 metric (first 3 rows Sim3 scale-aligned),TUM-VIE,mocap-desk,tumvie_desk,ATE,cm,0.7,ok,"*** Key cross-check: DEVO/DEIO 'w/ scale alignment' (Sim3) need scale help; DEIO metric=1.24 vs scale-aligned=1.00. OKVIS2+SuperEvent (metric, stereo E+I) best at 0.55. ICRA'24 average '-' due to a failed seq."
SUPEREVENT,SuperEvent,arXiv,2025,4,OKVIS2+SuperEvent (no loop),yes,Stereo E+I,metric,SE3 metric (first 3 rows Sim3 scale-aligned),TUM-VIE,mocap-desk2,tumvie_desk2,ATE,cm,0.4,ok,"*** Key cross-check: DEVO/DEIO 'w/ scale alignment' (Sim3) need scale help; DEIO metric=1.24 vs scale-aligned=1.00. OKVIS2+SuperEvent (metric, stereo E+I) best at 0.55. ICRA'24 average '-' due to a failed seq."
SUPEREVENT,SuperEvent,arXiv,2025,4,OKVIS2+SuperEvent (no loop),yes,Stereo E+I,metric,SE3 metric (first 3 rows Sim3 scale-aligned),TUM-VIE,average,average,ATE,cm,0.57,ok,"*** Key cross-check: DEVO/DEIO 'w/ scale alignment' (Sim3) need scale help; DEIO metric=1.24 vs scale-aligned=1.00. OKVIS2+SuperEvent (metric, stereo E+I) best at 0.55. ICRA'24 average '-' due to a failed seq."
SUPEREVENT,SuperEvent,arXiv,2025,5,OKVIS2+SuperEvent,yes,Stereo E+I,metric,"SE3 metric, online calib",VECtor,corridors_dolly,corridors_dolly,ATE,cm,33.13,ok,VECtor LARGE-scale (metric). DEIO ATE 492.65/826.38 cm = scale failure under metric eval (matches our finding). ESVO fails on most. DEVO omitted ('cannot recover absolute scale').
SUPEREVENT,SuperEvent,arXiv,2025,5,OKVIS2+SuperEvent,yes,Stereo E+I,metric,"SE3 metric, online calib",VECtor,corridors_walk,corridors_walk,ATE,cm,133.16,ok,VECtor LARGE-scale (metric). DEIO ATE 492.65/826.38 cm = scale failure under metric eval (matches our finding). ESVO fails on most. DEVO omitted ('cannot recover absolute scale').
SUPEREVENT,SuperEvent,arXiv,2025,5,OKVIS2+SuperEvent,yes,Stereo E+I,metric,"SE3 metric, online calib",VECtor,units_dolly,units_dolly,ATE,cm,122.61,ok,VECtor LARGE-scale (metric). DEIO ATE 492.65/826.38 cm = scale failure under metric eval (matches our finding). ESVO fails on most. DEVO omitted ('cannot recover absolute scale').
SUPEREVENT,SuperEvent,arXiv,2025,5,OKVIS2+SuperEvent,yes,Stereo E+I,metric,"SE3 metric, online calib",VECtor,units_scooter,units_scooter,ATE,cm,59.05,ok,VECtor LARGE-scale (metric). DEIO ATE 492.65/826.38 cm = scale failure under metric eval (matches our finding). ESVO fails on most. DEVO omitted ('cannot recover absolute scale').
SUPEREVENT,SuperEvent,arXiv,2025,5,OKVIS2+SuperEvent,yes,Stereo E+I,metric,"SE3 metric, online calib",VECtor,school_dolly,school_dolly,ATE,cm,69.96,ok,VECtor LARGE-scale (metric). DEIO ATE 492.65/826.38 cm = scale failure under metric eval (matches our finding). ESVO fails on most. DEVO omitted ('cannot recover absolute scale').
SUPEREVENT,SuperEvent,arXiv,2025,5,OKVIS2+SuperEvent,yes,Stereo E+I,metric,"SE3 metric, online calib",VECtor,school_scooter,school_scooter,ATE,cm,39.07,ok,VECtor LARGE-scale (metric). DEIO ATE 492.65/826.38 cm = scale failure under metric eval (matches our finding). ESVO fails on most. DEVO omitted ('cannot recover absolute scale').
SUPEREVENT,SuperEvent,arXiv,2025,5,DEIO,no,E+I,metric,"SE3 metric, online calib",VECtor,corridors_dolly,corridors_dolly,ATE,cm,492.65,ok,VECtor LARGE-scale (metric). DEIO ATE 492.65/826.38 cm = scale failure under metric eval (matches our finding). ESVO fails on most. DEVO omitted ('cannot recover absolute scale').
SUPEREVENT,SuperEvent,arXiv,2025,5,DEIO,no,E+I,metric,"SE3 metric, online calib",VECtor,corridors_walk,corridors_walk,ATE,cm,325.0,ok,VECtor LARGE-scale (metric). DEIO ATE 492.65/826.38 cm = scale failure under metric eval (matches our finding). ESVO fails on most. DEVO omitted ('cannot recover absolute scale').
SUPEREVENT,SuperEvent,arXiv,2025,5,DEIO,no,E+I,metric,"SE3 metric, online calib",VECtor,units_dolly,units_dolly,ATE,cm,826.38,ok,VECtor LARGE-scale (metric). DEIO ATE 492.65/826.38 cm = scale failure under metric eval (matches our finding). ESVO fails on most. DEVO omitted ('cannot recover absolute scale').
SUPEREVENT,SuperEvent,arXiv,2025,5,DEIO,no,E+I,metric,"SE3 metric, online calib",VECtor,units_scooter,units_scooter,ATE,cm,304.14,ok,VECtor LARGE-scale (metric). DEIO ATE 492.65/826.38 cm = scale failure under metric eval (matches our finding). ESVO fails on most. DEVO omitted ('cannot recover absolute scale').
SUPEREVENT,SuperEvent,arXiv,2025,5,DEIO,no,E+I,metric,"SE3 metric, online calib",VECtor,school_dolly,school_dolly,ATE,cm,,n/a,VECtor LARGE-scale (metric). DEIO ATE 492.65/826.38 cm = scale failure under metric eval (matches our finding). ESVO fails on most. DEVO omitted ('cannot recover absolute scale').
SUPEREVENT,SuperEvent,arXiv,2025,5,DEIO,no,E+I,metric,"SE3 metric, online calib",VECtor,school_scooter,school_scooter,ATE,cm,,n/a,VECtor LARGE-scale (metric). DEIO ATE 492.65/826.38 cm = scale failure under metric eval (matches our finding). ESVO fails on most. DEVO omitted ('cannot recover absolute scale').
SUPEREVENT,SuperEvent,arXiv,2025,5,ESVO,no,Stereo E,metric,"SE3 metric, online calib",VECtor,corridors_dolly,corridors_dolly,ATE,cm,,failed,VECtor LARGE-scale (metric). DEIO ATE 492.65/826.38 cm = scale failure under metric eval (matches our finding). ESVO fails on most. DEVO omitted ('cannot recover absolute scale').
SUPEREVENT,SuperEvent,arXiv,2025,5,ESVO,no,Stereo E,metric,"SE3 metric, online calib",VECtor,corridors_walk,corridors_walk,ATE,cm,,failed,VECtor LARGE-scale (metric). DEIO ATE 492.65/826.38 cm = scale failure under metric eval (matches our finding). ESVO fails on most. DEVO omitted ('cannot recover absolute scale').
SUPEREVENT,SuperEvent,arXiv,2025,5,ESVO,no,Stereo E,metric,"SE3 metric, online calib",VECtor,units_dolly,units_dolly,ATE,cm,,failed,VECtor LARGE-scale (metric). DEIO ATE 492.65/826.38 cm = scale failure under metric eval (matches our finding). ESVO fails on most. DEVO omitted ('cannot recover absolute scale').
SUPEREVENT,SuperEvent,arXiv,2025,5,ESVO,no,Stereo E,metric,"SE3 metric, online calib",VECtor,units_scooter,units_scooter,ATE,cm,,failed,VECtor LARGE-scale (metric). DEIO ATE 492.65/826.38 cm = scale failure under metric eval (matches our finding). ESVO fails on most. DEVO omitted ('cannot recover absolute scale').
SUPEREVENT,SuperEvent,arXiv,2025,5,ESVO,no,Stereo E,metric,"SE3 metric, online calib",VECtor,school_dolly,school_dolly,ATE,cm,1371.0,ok,VECtor LARGE-scale (metric). DEIO ATE 492.65/826.38 cm = scale failure under metric eval (matches our finding). ESVO fails on most. DEVO omitted ('cannot recover absolute scale').
SUPEREVENT,SuperEvent,arXiv,2025,5,ESVO,no,Stereo E,metric,"SE3 metric, online calib",VECtor,school_scooter,school_scooter,ATE,cm,983.0,ok,VECtor LARGE-scale (metric). DEIO ATE 492.65/826.38 cm = scale failure under metric eval (matches our finding). ESVO fails on most. DEVO omitted ('cannot recover absolute scale').
SUPEREVENT,SuperEvent,arXiv,2025,6,OKVIS2+SuperEvent (loop),yes,Stereo E+I,metric,SE3 metric,TUM-VIE (loop-floor),loop_floor0,loop_floor0,ATE,cm,4.96,ok,Loop-closure effect for OKVIS2+SuperEvent: loop closure cuts ATE ~30x on long loop-floor seqs.
SUPEREVENT,SuperEvent,arXiv,2025,6,OKVIS2+SuperEvent (loop),yes,Stereo E+I,metric,SE3 metric,TUM-VIE (loop-floor),loop_floor1,loop_floor1,ATE,cm,4.64,ok,Loop-closure effect for OKVIS2+SuperEvent: loop closure cuts ATE ~30x on long loop-floor seqs.
SUPEREVENT,SuperEvent,arXiv,2025,6,OKVIS2+SuperEvent (loop),yes,Stereo E+I,metric,SE3 metric,TUM-VIE (loop-floor),loop_floor2,loop_floor2,ATE,cm,8.92,ok,Loop-closure effect for OKVIS2+SuperEvent: loop closure cuts ATE ~30x on long loop-floor seqs.
SUPEREVENT,SuperEvent,arXiv,2025,6,OKVIS2+SuperEvent (loop),yes,Stereo E+I,metric,SE3 metric,TUM-VIE (loop-floor),loop_floor3,loop_floor3,ATE,cm,4.74,ok,Loop-closure effect for OKVIS2+SuperEvent: loop closure cuts ATE ~30x on long loop-floor seqs.
SUPEREVENT,SuperEvent,arXiv,2025,6,OKVIS2+SuperEvent (no loop),yes,Stereo E+I,metric,SE3 metric,TUM-VIE (loop-floor),loop_floor0,loop_floor0,ATE,cm,132.11,ok,Loop-closure effect for OKVIS2+SuperEvent: loop closure cuts ATE ~30x on long loop-floor seqs.
SUPEREVENT,SuperEvent,arXiv,2025,6,OKVIS2+SuperEvent (no loop),yes,Stereo E+I,metric,SE3 metric,TUM-VIE (loop-floor),loop_floor1,loop_floor1,ATE,cm,161.92,ok,Loop-closure effect for OKVIS2+SuperEvent: loop closure cuts ATE ~30x on long loop-floor seqs.
SUPEREVENT,SuperEvent,arXiv,2025,6,OKVIS2+SuperEvent (no loop),yes,Stereo E+I,metric,SE3 metric,TUM-VIE (loop-floor),loop_floor2,loop_floor2,ATE,cm,116.0,ok,Loop-closure effect for OKVIS2+SuperEvent: loop closure cuts ATE ~30x on long loop-floor seqs.
SUPEREVENT,SuperEvent,arXiv,2025,6,OKVIS2+SuperEvent (no loop),yes,Stereo E+I,metric,SE3 metric,TUM-VIE (loop-floor),loop_floor3,loop_floor3,ATE,cm,129.17,ok,Loop-closure effect for OKVIS2+SuperEvent: loop closure cuts ATE ~30x on long loop-floor seqs.
PLEVIO,PL-EVIO,TASE,2024,I,VINS-MONO,no,F+I,metric,"SE3, first 5 s",Mono-HKU vicon (DAVIS346),vicon_hdr1,vicon_hdr1,MPE,%,0.96,ok,arclab-HKU 'vicon_*' with DAVIS346. PL-EVIO (E+F+I) best; in dark seqs PL-EIO (event-only) can beat PL-EVIO since image point tracking degrades. (Average row omitted.)
PLEVIO,PL-EVIO,TASE,2024,I,VINS-MONO,no,F+I,metric,"SE3, first 5 s",Mono-HKU vicon (DAVIS346),vicon_hdr2,vicon_hdr2,MPE,%,1.6,ok,arclab-HKU 'vicon_*' with DAVIS346. PL-EVIO (E+F+I) best; in dark seqs PL-EIO (event-only) can beat PL-EVIO since image point tracking degrades. (Average row omitted.)
PLEVIO,PL-EVIO,TASE,2024,I,VINS-MONO,no,F+I,metric,"SE3, first 5 s",Mono-HKU vicon (DAVIS346),vicon_hdr3,vicon_hdr3,MPE,%,2.28,ok,arclab-HKU 'vicon_*' with DAVIS346. PL-EVIO (E+F+I) best; in dark seqs PL-EIO (event-only) can beat PL-EVIO since image point tracking degrades. (Average row omitted.)
PLEVIO,PL-EVIO,TASE,2024,I,VINS-MONO,no,F+I,metric,"SE3, first 5 s",Mono-HKU vicon (DAVIS346),vicon_hdr4,vicon_hdr4,MPE,%,1.4,ok,arclab-HKU 'vicon_*' with DAVIS346. PL-EVIO (E+F+I) best; in dark seqs PL-EIO (event-only) can beat PL-EVIO since image point tracking degrades. (Average row omitted.)
PLEVIO,PL-EVIO,TASE,2024,I,VINS-MONO,no,F+I,metric,"SE3, first 5 s",Mono-HKU vicon (DAVIS346),vicon_darktolight1,vicon_darktolight1,MPE,%,0.51,ok,arclab-HKU 'vicon_*' with DAVIS346. PL-EVIO (E+F+I) best; in dark seqs PL-EIO (event-only) can beat PL-EVIO since image point tracking degrades. (Average row omitted.)
PLEVIO,PL-EVIO,TASE,2024,I,VINS-MONO,no,F+I,metric,"SE3, first 5 s",Mono-HKU vicon (DAVIS346),vicon_darktolight2,vicon_darktolight2,MPE,%,0.98,ok,arclab-HKU 'vicon_*' with DAVIS346. PL-EVIO (E+F+I) best; in dark seqs PL-EIO (event-only) can beat PL-EVIO since image point tracking degrades. (Average row omitted.)
PLEVIO,PL-EVIO,TASE,2024,I,VINS-MONO,no,F+I,metric,"SE3, first 5 s",Mono-HKU vicon (DAVIS346),vicon_lighttodark1,vicon_lighttodark1,MPE,%,0.55,ok,arclab-HKU 'vicon_*' with DAVIS346. PL-EVIO (E+F+I) best; in dark seqs PL-EIO (event-only) can beat PL-EVIO since image point tracking degrades. (Average row omitted.)
PLEVIO,PL-EVIO,TASE,2024,I,VINS-MONO,no,F+I,metric,"SE3, first 5 s",Mono-HKU vicon (DAVIS346),vicon_lighttodark2,vicon_lighttodark2,MPE,%,0.55,ok,arclab-HKU 'vicon_*' with DAVIS346. PL-EVIO (E+F+I) best; in dark seqs PL-EIO (event-only) can beat PL-EVIO since image point tracking degrades. (Average row omitted.)
PLEVIO,PL-EVIO,TASE,2024,I,VINS-MONO,no,F+I,metric,"SE3, first 5 s",Mono-HKU vicon (DAVIS346),vicon_dark1,vicon_dark1,MPE,%,0.88,ok,arclab-HKU 'vicon_*' with DAVIS346. PL-EVIO (E+F+I) best; in dark seqs PL-EIO (event-only) can beat PL-EVIO since image point tracking degrades. (Average row omitted.)
PLEVIO,PL-EVIO,TASE,2024,I,VINS-MONO,no,F+I,metric,"SE3, first 5 s",Mono-HKU vicon (DAVIS346),vicon_dark2,vicon_dark2,MPE,%,0.52,ok,arclab-HKU 'vicon_*' with DAVIS346. PL-EVIO (E+F+I) best; in dark seqs PL-EIO (event-only) can beat PL-EVIO since image point tracking degrades. (Average row omitted.)
PLEVIO,PL-EVIO,TASE,2024,I,VINS-MONO,no,F+I,metric,"SE3, first 5 s",Mono-HKU vicon (DAVIS346),vicon_aggressive_hdr,vicon_aggressive_hdr,MPE,%,,failed,arclab-HKU 'vicon_*' with DAVIS346. PL-EVIO (E+F+I) best; in dark seqs PL-EIO (event-only) can beat PL-EVIO since image point tracking degrades. (Average row omitted.)
PLEVIO,PL-EVIO,TASE,2024,I,ORB-SLAM3,no,F,up-to-scale,"SE3, first 5 s",Mono-HKU vicon (DAVIS346),vicon_hdr1,vicon_hdr1,MPE,%,0.32,ok,arclab-HKU 'vicon_*' with DAVIS346. PL-EVIO (E+F+I) best; in dark seqs PL-EIO (event-only) can beat PL-EVIO since image point tracking degrades. (Average row omitted.)
PLEVIO,PL-EVIO,TASE,2024,I,ORB-SLAM3,no,F,up-to-scale,"SE3, first 5 s",Mono-HKU vicon (DAVIS346),vicon_hdr2,vicon_hdr2,MPE,%,0.75,ok,arclab-HKU 'vicon_*' with DAVIS346. PL-EVIO (E+F+I) best; in dark seqs PL-EIO (event-only) can beat PL-EVIO since image point tracking degrades. (Average row omitted.)
PLEVIO,PL-EVIO,TASE,2024,I,ORB-SLAM3,no,F,up-to-scale,"SE3, first 5 s",Mono-HKU vicon (DAVIS346),vicon_hdr3,vicon_hdr3,MPE,%,0.6,ok,arclab-HKU 'vicon_*' with DAVIS346. PL-EVIO (E+F+I) best; in dark seqs PL-EIO (event-only) can beat PL-EVIO since image point tracking degrades. (Average row omitted.)
PLEVIO,PL-EVIO,TASE,2024,I,ORB-SLAM3,no,F,up-to-scale,"SE3, first 5 s",Mono-HKU vicon (DAVIS346),vicon_hdr4,vicon_hdr4,MPE,%,0.7,ok,arclab-HKU 'vicon_*' with DAVIS346. PL-EVIO (E+F+I) best; in dark seqs PL-EIO (event-only) can beat PL-EVIO since image point tracking degrades. (Average row omitted.)
PLEVIO,PL-EVIO,TASE,2024,I,ORB-SLAM3,no,F,up-to-scale,"SE3, first 5 s",Mono-HKU vicon (DAVIS346),vicon_darktolight1,vicon_darktolight1,MPE,%,0.75,ok,arclab-HKU 'vicon_*' with DAVIS346. PL-EVIO (E+F+I) best; in dark seqs PL-EIO (event-only) can beat PL-EVIO since image point tracking degrades. (Average row omitted.)
PLEVIO,PL-EVIO,TASE,2024,I,ORB-SLAM3,no,F,up-to-scale,"SE3, first 5 s",Mono-HKU vicon (DAVIS346),vicon_darktolight2,vicon_darktolight2,MPE,%,0.76,ok,arclab-HKU 'vicon_*' with DAVIS346. PL-EVIO (E+F+I) best; in dark seqs PL-EIO (event-only) can beat PL-EVIO since image point tracking degrades. (Average row omitted.)
PLEVIO,PL-EVIO,TASE,2024,I,ORB-SLAM3,no,F,up-to-scale,"SE3, first 5 s",Mono-HKU vicon (DAVIS346),vicon_lighttodark1,vicon_lighttodark1,MPE,%,0.41,ok,arclab-HKU 'vicon_*' with DAVIS346. PL-EVIO (E+F+I) best; in dark seqs PL-EIO (event-only) can beat PL-EVIO since image point tracking degrades. (Average row omitted.)
PLEVIO,PL-EVIO,TASE,2024,I,ORB-SLAM3,no,F,up-to-scale,"SE3, first 5 s",Mono-HKU vicon (DAVIS346),vicon_lighttodark2,vicon_lighttodark2,MPE,%,0.58,ok,arclab-HKU 'vicon_*' with DAVIS346. PL-EVIO (E+F+I) best; in dark seqs PL-EIO (event-only) can beat PL-EVIO since image point tracking degrades. (Average row omitted.)
PLEVIO,PL-EVIO,TASE,2024,I,ORB-SLAM3,no,F,up-to-scale,"SE3, first 5 s",Mono-HKU vicon (DAVIS346),vicon_dark1,vicon_dark1,MPE,%,,failed,arclab-HKU 'vicon_*' with DAVIS346. PL-EVIO (E+F+I) best; in dark seqs PL-EIO (event-only) can beat PL-EVIO since image point tracking degrades. (Average row omitted.)
PLEVIO,PL-EVIO,TASE,2024,I,ORB-SLAM3,no,F,up-to-scale,"SE3, first 5 s",Mono-HKU vicon (DAVIS346),vicon_dark2,vicon_dark2,MPE,%,0.6,ok,arclab-HKU 'vicon_*' with DAVIS346. PL-EVIO (E+F+I) best; in dark seqs PL-EIO (event-only) can beat PL-EVIO since image point tracking degrades. (Average row omitted.)
PLEVIO,PL-EVIO,TASE,2024,I,ORB-SLAM3,no,F,up-to-scale,"SE3, first 5 s",Mono-HKU vicon (DAVIS346),vicon_aggressive_hdr,vicon_aggressive_hdr,MPE,%,,failed,arclab-HKU 'vicon_*' with DAVIS346. PL-EVIO (E+F+I) best; in dark seqs PL-EIO (event-only) can beat PL-EVIO since image point tracking degrades. (Average row omitted.)
PLEVIO,PL-EVIO,TASE,2024,I,PL-VINS,no,F+I,metric,"SE3, first 5 s",Mono-HKU vicon (DAVIS346),vicon_hdr1,vicon_hdr1,MPE,%,0.67,ok,arclab-HKU 'vicon_*' with DAVIS346. PL-EVIO (E+F+I) best; in dark seqs PL-EIO (event-only) can beat PL-EVIO since image point tracking degrades. (Average row omitted.)
PLEVIO,PL-EVIO,TASE,2024,I,PL-VINS,no,F+I,metric,"SE3, first 5 s",Mono-HKU vicon (DAVIS346),vicon_hdr2,vicon_hdr2,MPE,%,0.9,ok,arclab-HKU 'vicon_*' with DAVIS346. PL-EVIO (E+F+I) best; in dark seqs PL-EIO (event-only) can beat PL-EVIO since image point tracking degrades. (Average row omitted.)
PLEVIO,PL-EVIO,TASE,2024,I,PL-VINS,no,F+I,metric,"SE3, first 5 s",Mono-HKU vicon (DAVIS346),vicon_hdr3,vicon_hdr3,MPE,%,0.69,ok,arclab-HKU 'vicon_*' with DAVIS346. PL-EVIO (E+F+I) best; in dark seqs PL-EIO (event-only) can beat PL-EVIO since image point tracking degrades. (Average row omitted.)
PLEVIO,PL-EVIO,TASE,2024,I,PL-VINS,no,F+I,metric,"SE3, first 5 s",Mono-HKU vicon (DAVIS346),vicon_hdr4,vicon_hdr4,MPE,%,0.66,ok,arclab-HKU 'vicon_*' with DAVIS346. PL-EVIO (E+F+I) best; in dark seqs PL-EIO (event-only) can beat PL-EVIO since image point tracking degrades. (Average row omitted.)
PLEVIO,PL-EVIO,TASE,2024,I,PL-VINS,no,F+I,metric,"SE3, first 5 s",Mono-HKU vicon (DAVIS346),vicon_darktolight1,vicon_darktolight1,MPE,%,0.84,ok,arclab-HKU 'vicon_*' with DAVIS346. PL-EVIO (E+F+I) best; in dark seqs PL-EIO (event-only) can beat PL-EVIO since image point tracking degrades. (Average row omitted.)
PLEVIO,PL-EVIO,TASE,2024,I,PL-VINS,no,F+I,metric,"SE3, first 5 s",Mono-HKU vicon (DAVIS346),vicon_darktolight2,vicon_darktolight2,MPE,%,1.5,ok,arclab-HKU 'vicon_*' with DAVIS346. PL-EVIO (E+F+I) best; in dark seqs PL-EIO (event-only) can beat PL-EVIO since image point tracking degrades. (Average row omitted.)
PLEVIO,PL-EVIO,TASE,2024,I,PL-VINS,no,F+I,metric,"SE3, first 5 s",Mono-HKU vicon (DAVIS346),vicon_lighttodark1,vicon_lighttodark1,MPE,%,0.64,ok,arclab-HKU 'vicon_*' with DAVIS346. PL-EVIO (E+F+I) best; in dark seqs PL-EIO (event-only) can beat PL-EVIO since image point tracking degrades. (Average row omitted.)
PLEVIO,PL-EVIO,TASE,2024,I,PL-VINS,no,F+I,metric,"SE3, first 5 s",Mono-HKU vicon (DAVIS346),vicon_lighttodark2,vicon_lighttodark2,MPE,%,0.93,ok,arclab-HKU 'vicon_*' with DAVIS346. PL-EVIO (E+F+I) best; in dark seqs PL-EIO (event-only) can beat PL-EVIO since image point tracking degrades. (Average row omitted.)
PLEVIO,PL-EVIO,TASE,2024,I,PL-VINS,no,F+I,metric,"SE3, first 5 s",Mono-HKU vicon (DAVIS346),vicon_dark1,vicon_dark1,MPE,%,0.53,ok,arclab-HKU 'vicon_*' with DAVIS346. PL-EVIO (E+F+I) best; in dark seqs PL-EIO (event-only) can beat PL-EVIO since image point tracking degrades. (Average row omitted.)
PLEVIO,PL-EVIO,TASE,2024,I,PL-VINS,no,F+I,metric,"SE3, first 5 s",Mono-HKU vicon (DAVIS346),vicon_dark2,vicon_dark2,MPE,%,,failed,arclab-HKU 'vicon_*' with DAVIS346. PL-EVIO (E+F+I) best; in dark seqs PL-EIO (event-only) can beat PL-EVIO since image point tracking degrades. (Average row omitted.)
PLEVIO,PL-EVIO,TASE,2024,I,PL-VINS,no,F+I,metric,"SE3, first 5 s",Mono-HKU vicon (DAVIS346),vicon_aggressive_hdr,vicon_aggressive_hdr,MPE,%,1.94,ok,arclab-HKU 'vicon_*' with DAVIS346. PL-EVIO (E+F+I) best; in dark seqs PL-EIO (event-only) can beat PL-EVIO since image point tracking degrades. (Average row omitted.)
PLEVIO,PL-EVIO,TASE,2024,I,Ultimate-SLAM (EIO),no,E+I,metric,"SE3, first 5 s",Mono-HKU vicon (DAVIS346),vicon_hdr1,vicon_hdr1,MPE,%,1.49,ok,arclab-HKU 'vicon_*' with DAVIS346. PL-EVIO (E+F+I) best; in dark seqs PL-EIO (event-only) can beat PL-EVIO since image point tracking degrades. (Average row omitted.)
PLEVIO,PL-EVIO,TASE,2024,I,Ultimate-SLAM (EIO),no,E+I,metric,"SE3, first 5 s",Mono-HKU vicon (DAVIS346),vicon_hdr2,vicon_hdr2,MPE,%,1.28,ok,arclab-HKU 'vicon_*' with DAVIS346. PL-EVIO (E+F+I) best; in dark seqs PL-EIO (event-only) can beat PL-EVIO since image point tracking degrades. (Average row omitted.)
PLEVIO,PL-EVIO,TASE,2024,I,Ultimate-SLAM (EIO),no,E+I,metric,"SE3, first 5 s",Mono-HKU vicon (DAVIS346),vicon_hdr3,vicon_hdr3,MPE,%,0.66,ok,arclab-HKU 'vicon_*' with DAVIS346. PL-EVIO (E+F+I) best; in dark seqs PL-EIO (event-only) can beat PL-EVIO since image point tracking degrades. (Average row omitted.)
PLEVIO,PL-EVIO,TASE,2024,I,Ultimate-SLAM (EIO),no,E+I,metric,"SE3, first 5 s",Mono-HKU vicon (DAVIS346),vicon_hdr4,vicon_hdr4,MPE,%,1.84,ok,arclab-HKU 'vicon_*' with DAVIS346. PL-EVIO (E+F+I) best; in dark seqs PL-EIO (event-only) can beat PL-EVIO since image point tracking degrades. (Average row omitted.)
PLEVIO,PL-EVIO,TASE,2024,I,Ultimate-SLAM (EIO),no,E+I,metric,"SE3, first 5 s",Mono-HKU vicon (DAVIS346),vicon_darktolight1,vicon_darktolight1,MPE,%,1.33,ok,arclab-HKU 'vicon_*' with DAVIS346. PL-EVIO (E+F+I) best; in dark seqs PL-EIO (event-only) can beat PL-EVIO since image point tracking degrades. (Average row omitted.)
PLEVIO,PL-EVIO,TASE,2024,I,Ultimate-SLAM (EIO),no,E+I,metric,"SE3, first 5 s",Mono-HKU vicon (DAVIS346),vicon_darktolight2,vicon_darktolight2,MPE,%,1.48,ok,arclab-HKU 'vicon_*' with DAVIS346. PL-EVIO (E+F+I) best; in dark seqs PL-EIO (event-only) can beat PL-EVIO since image point tracking degrades. (Average row omitted.)
PLEVIO,PL-EVIO,TASE,2024,I,Ultimate-SLAM (EIO),no,E+I,metric,"SE3, first 5 s",Mono-HKU vicon (DAVIS346),vicon_lighttodark1,vicon_lighttodark1,MPE,%,1.79,ok,arclab-HKU 'vicon_*' with DAVIS346. PL-EVIO (E+F+I) best; in dark seqs PL-EIO (event-only) can beat PL-EVIO since image point tracking degrades. (Average row omitted.)
PLEVIO,PL-EVIO,TASE,2024,I,Ultimate-SLAM (EIO),no,E+I,metric,"SE3, first 5 s",Mono-HKU vicon (DAVIS346),vicon_lighttodark2,vicon_lighttodark2,MPE,%,1.32,ok,arclab-HKU 'vicon_*' with DAVIS346. PL-EVIO (E+F+I) best; in dark seqs PL-EIO (event-only) can beat PL-EVIO since image point tracking degrades. (Average row omitted.)
PLEVIO,PL-EVIO,TASE,2024,I,Ultimate-SLAM (EIO),no,E+I,metric,"SE3, first 5 s",Mono-HKU vicon (DAVIS346),vicon_dark1,vicon_dark1,MPE,%,1.75,ok,arclab-HKU 'vicon_*' with DAVIS346. PL-EVIO (E+F+I) best; in dark seqs PL-EIO (event-only) can beat PL-EVIO since image point tracking degrades. (Average row omitted.)
PLEVIO,PL-EVIO,TASE,2024,I,Ultimate-SLAM (EIO),no,E+I,metric,"SE3, first 5 s",Mono-HKU vicon (DAVIS346),vicon_dark2,vicon_dark2,MPE,%,1.1,ok,arclab-HKU 'vicon_*' with DAVIS346. PL-EVIO (E+F+I) best; in dark seqs PL-EIO (event-only) can beat PL-EVIO since image point tracking degrades. (Average row omitted.)
PLEVIO,PL-EVIO,TASE,2024,I,Ultimate-SLAM (EIO),no,E+I,metric,"SE3, first 5 s",Mono-HKU vicon (DAVIS346),vicon_aggressive_hdr,vicon_aggressive_hdr,MPE,%,,failed,arclab-HKU 'vicon_*' with DAVIS346. PL-EVIO (E+F+I) best; in dark seqs PL-EIO (event-only) can beat PL-EVIO since image point tracking degrades. (Average row omitted.)
PLEVIO,PL-EVIO,TASE,2024,I,Ultimate-SLAM (EVIO),no,E+F+I,metric,"SE3, first 5 s",Mono-HKU vicon (DAVIS346),vicon_hdr1,vicon_hdr1,MPE,%,2.44,ok,arclab-HKU 'vicon_*' with DAVIS346. PL-EVIO (E+F+I) best; in dark seqs PL-EIO (event-only) can beat PL-EVIO since image point tracking degrades. (Average row omitted.)
PLEVIO,PL-EVIO,TASE,2024,I,Ultimate-SLAM (EVIO),no,E+F+I,metric,"SE3, first 5 s",Mono-HKU vicon (DAVIS346),vicon_hdr2,vicon_hdr2,MPE,%,1.11,ok,arclab-HKU 'vicon_*' with DAVIS346. PL-EVIO (E+F+I) best; in dark seqs PL-EIO (event-only) can beat PL-EVIO since image point tracking degrades. (Average row omitted.)
PLEVIO,PL-EVIO,TASE,2024,I,Ultimate-SLAM (EVIO),no,E+F+I,metric,"SE3, first 5 s",Mono-HKU vicon (DAVIS346),vicon_hdr3,vicon_hdr3,MPE,%,0.83,ok,arclab-HKU 'vicon_*' with DAVIS346. PL-EVIO (E+F+I) best; in dark seqs PL-EIO (event-only) can beat PL-EVIO since image point tracking degrades. (Average row omitted.)
PLEVIO,PL-EVIO,TASE,2024,I,Ultimate-SLAM (EVIO),no,E+F+I,metric,"SE3, first 5 s",Mono-HKU vicon (DAVIS346),vicon_hdr4,vicon_hdr4,MPE,%,1.49,ok,arclab-HKU 'vicon_*' with DAVIS346. PL-EVIO (E+F+I) best; in dark seqs PL-EIO (event-only) can beat PL-EVIO since image point tracking degrades. (Average row omitted.)
PLEVIO,PL-EVIO,TASE,2024,I,Ultimate-SLAM (EVIO),no,E+F+I,metric,"SE3, first 5 s",Mono-HKU vicon (DAVIS346),vicon_darktolight1,vicon_darktolight1,MPE,%,1.0,ok,arclab-HKU 'vicon_*' with DAVIS346. PL-EVIO (E+F+I) best; in dark seqs PL-EIO (event-only) can beat PL-EVIO since image point tracking degrades. (Average row omitted.)
PLEVIO,PL-EVIO,TASE,2024,I,Ultimate-SLAM (EVIO),no,E+F+I,metric,"SE3, first 5 s",Mono-HKU vicon (DAVIS346),vicon_darktolight2,vicon_darktolight2,MPE,%,0.79,ok,arclab-HKU 'vicon_*' with DAVIS346. PL-EVIO (E+F+I) best; in dark seqs PL-EIO (event-only) can beat PL-EVIO since image point tracking degrades. (Average row omitted.)
PLEVIO,PL-EVIO,TASE,2024,I,Ultimate-SLAM (EVIO),no,E+F+I,metric,"SE3, first 5 s",Mono-HKU vicon (DAVIS346),vicon_lighttodark1,vicon_lighttodark1,MPE,%,0.84,ok,arclab-HKU 'vicon_*' with DAVIS346. PL-EVIO (E+F+I) best; in dark seqs PL-EIO (event-only) can beat PL-EVIO since image point tracking degrades. (Average row omitted.)
PLEVIO,PL-EVIO,TASE,2024,I,Ultimate-SLAM (EVIO),no,E+F+I,metric,"SE3, first 5 s",Mono-HKU vicon (DAVIS346),vicon_lighttodark2,vicon_lighttodark2,MPE,%,1.49,ok,arclab-HKU 'vicon_*' with DAVIS346. PL-EVIO (E+F+I) best; in dark seqs PL-EIO (event-only) can beat PL-EVIO since image point tracking degrades. (Average row omitted.)
PLEVIO,PL-EVIO,TASE,2024,I,Ultimate-SLAM (EVIO),no,E+F+I,metric,"SE3, first 5 s",Mono-HKU vicon (DAVIS346),vicon_dark1,vicon_dark1,MPE,%,3.45,ok,arclab-HKU 'vicon_*' with DAVIS346. PL-EVIO (E+F+I) best; in dark seqs PL-EIO (event-only) can beat PL-EVIO since image point tracking degrades. (Average row omitted.)
PLEVIO,PL-EVIO,TASE,2024,I,Ultimate-SLAM (EVIO),no,E+F+I,metric,"SE3, first 5 s",Mono-HKU vicon (DAVIS346),vicon_dark2,vicon_dark2,MPE,%,0.63,ok,arclab-HKU 'vicon_*' with DAVIS346. PL-EVIO (E+F+I) best; in dark seqs PL-EIO (event-only) can beat PL-EVIO since image point tracking degrades. (Average row omitted.)
PLEVIO,PL-EVIO,TASE,2024,I,Ultimate-SLAM (EVIO),no,E+F+I,metric,"SE3, first 5 s",Mono-HKU vicon (DAVIS346),vicon_aggressive_hdr,vicon_aggressive_hdr,MPE,%,2.3,ok,arclab-HKU 'vicon_*' with DAVIS346. PL-EVIO (E+F+I) best; in dark seqs PL-EIO (event-only) can beat PL-EVIO since image point tracking degrades. (Average row omitted.)
PLEVIO,PL-EVIO,TASE,2024,I,Mono-EIO,no,E+I,metric,"SE3, first 5 s",Mono-HKU vicon (DAVIS346),vicon_hdr1,vicon_hdr1,MPE,%,0.59,ok,arclab-HKU 'vicon_*' with DAVIS346. PL-EVIO (E+F+I) best; in dark seqs PL-EIO (event-only) can beat PL-EVIO since image point tracking degrades. (Average row omitted.)
PLEVIO,PL-EVIO,TASE,2024,I,Mono-EIO,no,E+I,metric,"SE3, first 5 s",Mono-HKU vicon (DAVIS346),vicon_hdr2,vicon_hdr2,MPE,%,0.74,ok,arclab-HKU 'vicon_*' with DAVIS346. PL-EVIO (E+F+I) best; in dark seqs PL-EIO (event-only) can beat PL-EVIO since image point tracking degrades. (Average row omitted.)
PLEVIO,PL-EVIO,TASE,2024,I,Mono-EIO,no,E+I,metric,"SE3, first 5 s",Mono-HKU vicon (DAVIS346),vicon_hdr3,vicon_hdr3,MPE,%,0.72,ok,arclab-HKU 'vicon_*' with DAVIS346. PL-EVIO (E+F+I) best; in dark seqs PL-EIO (event-only) can beat PL-EVIO since image point tracking degrades. (Average row omitted.)
PLEVIO,PL-EVIO,TASE,2024,I,Mono-EIO,no,E+I,metric,"SE3, first 5 s",Mono-HKU vicon (DAVIS346),vicon_hdr4,vicon_hdr4,MPE,%,0.37,ok,arclab-HKU 'vicon_*' with DAVIS346. PL-EVIO (E+F+I) best; in dark seqs PL-EIO (event-only) can beat PL-EVIO since image point tracking degrades. (Average row omitted.)
PLEVIO,PL-EVIO,TASE,2024,I,Mono-EIO,no,E+I,metric,"SE3, first 5 s",Mono-HKU vicon (DAVIS346),vicon_darktolight1,vicon_darktolight1,MPE,%,0.81,ok,arclab-HKU 'vicon_*' with DAVIS346. PL-EVIO (E+F+I) best; in dark seqs PL-EIO (event-only) can beat PL-EVIO since image point tracking degrades. (Average row omitted.)
PLEVIO,PL-EVIO,TASE,2024,I,Mono-EIO,no,E+I,metric,"SE3, first 5 s",Mono-HKU vicon (DAVIS346),vicon_darktolight2,vicon_darktolight2,MPE,%,0.42,ok,arclab-HKU 'vicon_*' with DAVIS346. PL-EVIO (E+F+I) best; in dark seqs PL-EIO (event-only) can beat PL-EVIO since image point tracking degrades. (Average row omitted.)
PLEVIO,PL-EVIO,TASE,2024,I,Mono-EIO,no,E+I,metric,"SE3, first 5 s",Mono-HKU vicon (DAVIS346),vicon_lighttodark1,vicon_lighttodark1,MPE,%,0.29,ok,arclab-HKU 'vicon_*' with DAVIS346. PL-EVIO (E+F+I) best; in dark seqs PL-EIO (event-only) can beat PL-EVIO since image point tracking degrades. (Average row omitted.)
PLEVIO,PL-EVIO,TASE,2024,I,Mono-EIO,no,E+I,metric,"SE3, first 5 s",Mono-HKU vicon (DAVIS346),vicon_lighttodark2,vicon_lighttodark2,MPE,%,0.79,ok,arclab-HKU 'vicon_*' with DAVIS346. PL-EVIO (E+F+I) best; in dark seqs PL-EIO (event-only) can beat PL-EVIO since image point tracking degrades. (Average row omitted.)
PLEVIO,PL-EVIO,TASE,2024,I,Mono-EIO,no,E+I,metric,"SE3, first 5 s",Mono-HKU vicon (DAVIS346),vicon_dark1,vicon_dark1,MPE,%,1.02,ok,arclab-HKU 'vicon_*' with DAVIS346. PL-EVIO (E+F+I) best; in dark seqs PL-EIO (event-only) can beat PL-EVIO since image point tracking degrades. (Average row omitted.)
PLEVIO,PL-EVIO,TASE,2024,I,Mono-EIO,no,E+I,metric,"SE3, first 5 s",Mono-HKU vicon (DAVIS346),vicon_dark2,vicon_dark2,MPE,%,0.49,ok,arclab-HKU 'vicon_*' with DAVIS346. PL-EVIO (E+F+I) best; in dark seqs PL-EIO (event-only) can beat PL-EVIO since image point tracking degrades. (Average row omitted.)
PLEVIO,PL-EVIO,TASE,2024,I,Mono-EIO,no,E+I,metric,"SE3, first 5 s",Mono-HKU vicon (DAVIS346),vicon_aggressive_hdr,vicon_aggressive_hdr,MPE,%,0.66,ok,arclab-HKU 'vicon_*' with DAVIS346. PL-EVIO (E+F+I) best; in dark seqs PL-EIO (event-only) can beat PL-EVIO since image point tracking degrades. (Average row omitted.)
PLEVIO,PL-EVIO,TASE,2024,I,PL-EIO,no,E+I,metric,"SE3, first 5 s",Mono-HKU vicon (DAVIS346),vicon_hdr1,vicon_hdr1,MPE,%,0.67,ok,arclab-HKU 'vicon_*' with DAVIS346. PL-EVIO (E+F+I) best; in dark seqs PL-EIO (event-only) can beat PL-EVIO since image point tracking degrades. (Average row omitted.)
PLEVIO,PL-EVIO,TASE,2024,I,PL-EIO,no,E+I,metric,"SE3, first 5 s",Mono-HKU vicon (DAVIS346),vicon_hdr2,vicon_hdr2,MPE,%,0.45,ok,arclab-HKU 'vicon_*' with DAVIS346. PL-EVIO (E+F+I) best; in dark seqs PL-EIO (event-only) can beat PL-EVIO since image point tracking degrades. (Average row omitted.)
PLEVIO,PL-EVIO,TASE,2024,I,PL-EIO,no,E+I,metric,"SE3, first 5 s",Mono-HKU vicon (DAVIS346),vicon_hdr3,vicon_hdr3,MPE,%,0.74,ok,arclab-HKU 'vicon_*' with DAVIS346. PL-EVIO (E+F+I) best; in dark seqs PL-EIO (event-only) can beat PL-EVIO since image point tracking degrades. (Average row omitted.)
PLEVIO,PL-EVIO,TASE,2024,I,PL-EIO,no,E+I,metric,"SE3, first 5 s",Mono-HKU vicon (DAVIS346),vicon_hdr4,vicon_hdr4,MPE,%,0.37,ok,arclab-HKU 'vicon_*' with DAVIS346. PL-EVIO (E+F+I) best; in dark seqs PL-EIO (event-only) can beat PL-EVIO since image point tracking degrades. (Average row omitted.)
PLEVIO,PL-EVIO,TASE,2024,I,PL-EIO,no,E+I,metric,"SE3, first 5 s",Mono-HKU vicon (DAVIS346),vicon_darktolight1,vicon_darktolight1,MPE,%,0.78,ok,arclab-HKU 'vicon_*' with DAVIS346. PL-EVIO (E+F+I) best; in dark seqs PL-EIO (event-only) can beat PL-EVIO since image point tracking degrades. (Average row omitted.)
PLEVIO,PL-EVIO,TASE,2024,I,PL-EIO,no,E+I,metric,"SE3, first 5 s",Mono-HKU vicon (DAVIS346),vicon_darktolight2,vicon_darktolight2,MPE,%,0.44,ok,arclab-HKU 'vicon_*' with DAVIS346. PL-EVIO (E+F+I) best; in dark seqs PL-EIO (event-only) can beat PL-EVIO since image point tracking degrades. (Average row omitted.)
PLEVIO,PL-EVIO,TASE,2024,I,PL-EIO,no,E+I,metric,"SE3, first 5 s",Mono-HKU vicon (DAVIS346),vicon_lighttodark1,vicon_lighttodark1,MPE,%,0.42,ok,arclab-HKU 'vicon_*' with DAVIS346. PL-EVIO (E+F+I) best; in dark seqs PL-EIO (event-only) can beat PL-EVIO since image point tracking degrades. (Average row omitted.)
PLEVIO,PL-EVIO,TASE,2024,I,PL-EIO,no,E+I,metric,"SE3, first 5 s",Mono-HKU vicon (DAVIS346),vicon_lighttodark2,vicon_lighttodark2,MPE,%,0.73,ok,arclab-HKU 'vicon_*' with DAVIS346. PL-EVIO (E+F+I) best; in dark seqs PL-EIO (event-only) can beat PL-EVIO since image point tracking degrades. (Average row omitted.)
PLEVIO,PL-EVIO,TASE,2024,I,PL-EIO,no,E+I,metric,"SE3, first 5 s",Mono-HKU vicon (DAVIS346),vicon_dark1,vicon_dark1,MPE,%,0.64,ok,arclab-HKU 'vicon_*' with DAVIS346. PL-EVIO (E+F+I) best; in dark seqs PL-EIO (event-only) can beat PL-EVIO since image point tracking degrades. (Average row omitted.)
PLEVIO,PL-EVIO,TASE,2024,I,PL-EIO,no,E+I,metric,"SE3, first 5 s",Mono-HKU vicon (DAVIS346),vicon_dark2,vicon_dark2,MPE,%,0.3,ok,arclab-HKU 'vicon_*' with DAVIS346. PL-EVIO (E+F+I) best; in dark seqs PL-EIO (event-only) can beat PL-EVIO since image point tracking degrades. (Average row omitted.)
PLEVIO,PL-EVIO,TASE,2024,I,PL-EIO,no,E+I,metric,"SE3, first 5 s",Mono-HKU vicon (DAVIS346),vicon_aggressive_hdr,vicon_aggressive_hdr,MPE,%,0.62,ok,arclab-HKU 'vicon_*' with DAVIS346. PL-EVIO (E+F+I) best; in dark seqs PL-EIO (event-only) can beat PL-EVIO since image point tracking degrades. (Average row omitted.)
PLEVIO,PL-EVIO,TASE,2024,I,PL-EIO+,no,E+I,metric,"SE3, first 5 s",Mono-HKU vicon (DAVIS346),vicon_hdr1,vicon_hdr1,MPE,%,0.57,ok,arclab-HKU 'vicon_*' with DAVIS346. PL-EVIO (E+F+I) best; in dark seqs PL-EIO (event-only) can beat PL-EVIO since image point tracking degrades. (Average row omitted.)
PLEVIO,PL-EVIO,TASE,2024,I,PL-EIO+,no,E+I,metric,"SE3, first 5 s",Mono-HKU vicon (DAVIS346),vicon_hdr2,vicon_hdr2,MPE,%,0.54,ok,arclab-HKU 'vicon_*' with DAVIS346. PL-EVIO (E+F+I) best; in dark seqs PL-EIO (event-only) can beat PL-EVIO since image point tracking degrades. (Average row omitted.)
PLEVIO,PL-EVIO,TASE,2024,I,PL-EIO+,no,E+I,metric,"SE3, first 5 s",Mono-HKU vicon (DAVIS346),vicon_hdr3,vicon_hdr3,MPE,%,0.69,ok,arclab-HKU 'vicon_*' with DAVIS346. PL-EVIO (E+F+I) best; in dark seqs PL-EIO (event-only) can beat PL-EVIO since image point tracking degrades. (Average row omitted.)
PLEVIO,PL-EVIO,TASE,2024,I,PL-EIO+,no,E+I,metric,"SE3, first 5 s",Mono-HKU vicon (DAVIS346),vicon_hdr4,vicon_hdr4,MPE,%,0.32,ok,arclab-HKU 'vicon_*' with DAVIS346. PL-EVIO (E+F+I) best; in dark seqs PL-EIO (event-only) can beat PL-EVIO since image point tracking degrades. (Average row omitted.)
PLEVIO,PL-EVIO,TASE,2024,I,PL-EIO+,no,E+I,metric,"SE3, first 5 s",Mono-HKU vicon (DAVIS346),vicon_darktolight1,vicon_darktolight1,MPE,%,0.66,ok,arclab-HKU 'vicon_*' with DAVIS346. PL-EVIO (E+F+I) best; in dark seqs PL-EIO (event-only) can beat PL-EVIO since image point tracking degrades. (Average row omitted.)
PLEVIO,PL-EVIO,TASE,2024,I,PL-EIO+,no,E+I,metric,"SE3, first 5 s",Mono-HKU vicon (DAVIS346),vicon_darktolight2,vicon_darktolight2,MPE,%,0.51,ok,arclab-HKU 'vicon_*' with DAVIS346. PL-EVIO (E+F+I) best; in dark seqs PL-EIO (event-only) can beat PL-EVIO since image point tracking degrades. (Average row omitted.)
PLEVIO,PL-EVIO,TASE,2024,I,PL-EIO+,no,E+I,metric,"SE3, first 5 s",Mono-HKU vicon (DAVIS346),vicon_lighttodark1,vicon_lighttodark1,MPE,%,0.33,ok,arclab-HKU 'vicon_*' with DAVIS346. PL-EVIO (E+F+I) best; in dark seqs PL-EIO (event-only) can beat PL-EVIO since image point tracking degrades. (Average row omitted.)
PLEVIO,PL-EVIO,TASE,2024,I,PL-EIO+,no,E+I,metric,"SE3, first 5 s",Mono-HKU vicon (DAVIS346),vicon_lighttodark2,vicon_lighttodark2,MPE,%,0.53,ok,arclab-HKU 'vicon_*' with DAVIS346. PL-EVIO (E+F+I) best; in dark seqs PL-EIO (event-only) can beat PL-EVIO since image point tracking degrades. (Average row omitted.)
PLEVIO,PL-EVIO,TASE,2024,I,PL-EIO+,no,E+I,metric,"SE3, first 5 s",Mono-HKU vicon (DAVIS346),vicon_dark1,vicon_dark1,MPE,%,0.35,ok,arclab-HKU 'vicon_*' with DAVIS346. PL-EVIO (E+F+I) best; in dark seqs PL-EIO (event-only) can beat PL-EVIO since image point tracking degrades. (Average row omitted.)
PLEVIO,PL-EVIO,TASE,2024,I,PL-EIO+,no,E+I,metric,"SE3, first 5 s",Mono-HKU vicon (DAVIS346),vicon_dark2,vicon_dark2,MPE,%,0.38,ok,arclab-HKU 'vicon_*' with DAVIS346. PL-EVIO (E+F+I) best; in dark seqs PL-EIO (event-only) can beat PL-EVIO since image point tracking degrades. (Average row omitted.)
PLEVIO,PL-EVIO,TASE,2024,I,PL-EIO+,no,E+I,metric,"SE3, first 5 s",Mono-HKU vicon (DAVIS346),vicon_aggressive_hdr,vicon_aggressive_hdr,MPE,%,0.5,ok,arclab-HKU 'vicon_*' with DAVIS346. PL-EVIO (E+F+I) best; in dark seqs PL-EIO (event-only) can beat PL-EVIO since image point tracking degrades. (Average row omitted.)
PLEVIO,PL-EVIO,TASE,2024,I,PL-EVIO,yes,E+F+I,metric,"SE3, first 5 s",Mono-HKU vicon (DAVIS346),vicon_hdr1,vicon_hdr1,MPE,%,0.17,ok,arclab-HKU 'vicon_*' with DAVIS346. PL-EVIO (E+F+I) best; in dark seqs PL-EIO (event-only) can beat PL-EVIO since image point tracking degrades. (Average row omitted.)
PLEVIO,PL-EVIO,TASE,2024,I,PL-EVIO,yes,E+F+I,metric,"SE3, first 5 s",Mono-HKU vicon (DAVIS346),vicon_hdr2,vicon_hdr2,MPE,%,0.12,ok,arclab-HKU 'vicon_*' with DAVIS346. PL-EVIO (E+F+I) best; in dark seqs PL-EIO (event-only) can beat PL-EVIO since image point tracking degrades. (Average row omitted.)
PLEVIO,PL-EVIO,TASE,2024,I,PL-EVIO,yes,E+F+I,metric,"SE3, first 5 s",Mono-HKU vicon (DAVIS346),vicon_hdr3,vicon_hdr3,MPE,%,0.19,ok,arclab-HKU 'vicon_*' with DAVIS346. PL-EVIO (E+F+I) best; in dark seqs PL-EIO (event-only) can beat PL-EVIO since image point tracking degrades. (Average row omitted.)
PLEVIO,PL-EVIO,TASE,2024,I,PL-EVIO,yes,E+F+I,metric,"SE3, first 5 s",Mono-HKU vicon (DAVIS346),vicon_hdr4,vicon_hdr4,MPE,%,0.11,ok,arclab-HKU 'vicon_*' with DAVIS346. PL-EVIO (E+F+I) best; in dark seqs PL-EIO (event-only) can beat PL-EVIO since image point tracking degrades. (Average row omitted.)
PLEVIO,PL-EVIO,TASE,2024,I,PL-EVIO,yes,E+F+I,metric,"SE3, first 5 s",Mono-HKU vicon (DAVIS346),vicon_darktolight1,vicon_darktolight1,MPE,%,0.14,ok,arclab-HKU 'vicon_*' with DAVIS346. PL-EVIO (E+F+I) best; in dark seqs PL-EIO (event-only) can beat PL-EVIO since image point tracking degrades. (Average row omitted.)
PLEVIO,PL-EVIO,TASE,2024,I,PL-EVIO,yes,E+F+I,metric,"SE3, first 5 s",Mono-HKU vicon (DAVIS346),vicon_darktolight2,vicon_darktolight2,MPE,%,0.12,ok,arclab-HKU 'vicon_*' with DAVIS346. PL-EVIO (E+F+I) best; in dark seqs PL-EIO (event-only) can beat PL-EVIO since image point tracking degrades. (Average row omitted.)
PLEVIO,PL-EVIO,TASE,2024,I,PL-EVIO,yes,E+F+I,metric,"SE3, first 5 s",Mono-HKU vicon (DAVIS346),vicon_lighttodark1,vicon_lighttodark1,MPE,%,0.13,ok,arclab-HKU 'vicon_*' with DAVIS346. PL-EVIO (E+F+I) best; in dark seqs PL-EIO (event-only) can beat PL-EVIO since image point tracking degrades. (Average row omitted.)
PLEVIO,PL-EVIO,TASE,2024,I,PL-EVIO,yes,E+F+I,metric,"SE3, first 5 s",Mono-HKU vicon (DAVIS346),vicon_lighttodark2,vicon_lighttodark2,MPE,%,0.16,ok,arclab-HKU 'vicon_*' with DAVIS346. PL-EVIO (E+F+I) best; in dark seqs PL-EIO (event-only) can beat PL-EVIO since image point tracking degrades. (Average row omitted.)
PLEVIO,PL-EVIO,TASE,2024,I,PL-EVIO,yes,E+F+I,metric,"SE3, first 5 s",Mono-HKU vicon (DAVIS346),vicon_dark1,vicon_dark1,MPE,%,0.43,ok,arclab-HKU 'vicon_*' with DAVIS346. PL-EVIO (E+F+I) best; in dark seqs PL-EIO (event-only) can beat PL-EVIO since image point tracking degrades. (Average row omitted.)
PLEVIO,PL-EVIO,TASE,2024,I,PL-EVIO,yes,E+F+I,metric,"SE3, first 5 s",Mono-HKU vicon (DAVIS346),vicon_dark2,vicon_dark2,MPE,%,0.47,ok,arclab-HKU 'vicon_*' with DAVIS346. PL-EVIO (E+F+I) best; in dark seqs PL-EIO (event-only) can beat PL-EVIO since image point tracking degrades. (Average row omitted.)
PLEVIO,PL-EVIO,TASE,2024,I,PL-EVIO,yes,E+F+I,metric,"SE3, first 5 s",Mono-HKU vicon (DAVIS346),vicon_aggressive_hdr,vicon_aggressive_hdr,MPE,%,1.97,ok,arclab-HKU 'vicon_*' with DAVIS346. PL-EVIO (E+F+I) best; in dark seqs PL-EIO (event-only) can beat PL-EVIO since image point tracking degrades. (Average row omitted.)
PLEVIO,PL-EVIO,TASE,2024,I,Ultimate-SLAM (EIO),no,E+I,metric,"SE3, first 5 s",Mono-HKU vicon (DVXplorer),vicon_hdr1,vicon_hdr1,MPE,%,1.94,ok,Same 'vicon_*' seqs captured with DVXplorer (640x480) event camera.
PLEVIO,PL-EVIO,TASE,2024,I,Ultimate-SLAM (EIO),no,E+I,metric,"SE3, first 5 s",Mono-HKU vicon (DVXplorer),vicon_hdr2,vicon_hdr2,MPE,%,2.38,ok,Same 'vicon_*' seqs captured with DVXplorer (640x480) event camera.
PLEVIO,PL-EVIO,TASE,2024,I,Ultimate-SLAM (EIO),no,E+I,metric,"SE3, first 5 s",Mono-HKU vicon (DVXplorer),vicon_hdr3,vicon_hdr3,MPE,%,0.83,ok,Same 'vicon_*' seqs captured with DVXplorer (640x480) event camera.
PLEVIO,PL-EVIO,TASE,2024,I,Ultimate-SLAM (EIO),no,E+I,metric,"SE3, first 5 s",Mono-HKU vicon (DVXplorer),vicon_hdr4,vicon_hdr4,MPE,%,2.09,ok,Same 'vicon_*' seqs captured with DVXplorer (640x480) event camera.
PLEVIO,PL-EVIO,TASE,2024,I,Ultimate-SLAM (EIO),no,E+I,metric,"SE3, first 5 s",Mono-HKU vicon (DVXplorer),vicon_darktolight1,vicon_darktolight1,MPE,%,1.96,ok,Same 'vicon_*' seqs captured with DVXplorer (640x480) event camera.
PLEVIO,PL-EVIO,TASE,2024,I,Ultimate-SLAM (EIO),no,E+I,metric,"SE3, first 5 s",Mono-HKU vicon (DVXplorer),vicon_darktolight2,vicon_darktolight2,MPE,%,1.57,ok,Same 'vicon_*' seqs captured with DVXplorer (640x480) event camera.
PLEVIO,PL-EVIO,TASE,2024,I,Ultimate-SLAM (EIO),no,E+I,metric,"SE3, first 5 s",Mono-HKU vicon (DVXplorer),vicon_lighttodark1,vicon_lighttodark1,MPE,%,2.48,ok,Same 'vicon_*' seqs captured with DVXplorer (640x480) event camera.
PLEVIO,PL-EVIO,TASE,2024,I,Ultimate-SLAM (EIO),no,E+I,metric,"SE3, first 5 s",Mono-HKU vicon (DVXplorer),vicon_lighttodark2,vicon_lighttodark2,MPE,%,1.37,ok,Same 'vicon_*' seqs captured with DVXplorer (640x480) event camera.
PLEVIO,PL-EVIO,TASE,2024,I,Ultimate-SLAM (EIO),no,E+I,metric,"SE3, first 5 s",Mono-HKU vicon (DVXplorer),vicon_dark1,vicon_dark1,MPE,%,3.79,ok,Same 'vicon_*' seqs captured with DVXplorer (640x480) event camera.
PLEVIO,PL-EVIO,TASE,2024,I,Ultimate-SLAM (EIO),no,E+I,metric,"SE3, first 5 s",Mono-HKU vicon (DVXplorer),vicon_dark2,vicon_dark2,MPE,%,2.81,ok,Same 'vicon_*' seqs captured with DVXplorer (640x480) event camera.
PLEVIO,PL-EVIO,TASE,2024,I,Ultimate-SLAM (EIO),no,E+I,metric,"SE3, first 5 s",Mono-HKU vicon (DVXplorer),vicon_aggressive_hdr,vicon_aggressive_hdr,MPE,%,,failed,Same 'vicon_*' seqs captured with DVXplorer (640x480) event camera.
PLEVIO,PL-EVIO,TASE,2024,I,Ultimate-SLAM (EIO),no,E+I,metric,"SE3, first 5 s",Mono-HKU vicon (DVXplorer),average,average,MPE,%,2.12,ok,Same 'vicon_*' seqs captured with DVXplorer (640x480) event camera.
PLEVIO,PL-EVIO,TASE,2024,I,Mono-EIO,no,E+I,metric,"SE3, first 5 s",Mono-HKU vicon (DVXplorer),vicon_hdr1,vicon_hdr1,MPE,%,0.3,ok,Same 'vicon_*' seqs captured with DVXplorer (640x480) event camera.
PLEVIO,PL-EVIO,TASE,2024,I,Mono-EIO,no,E+I,metric,"SE3, first 5 s",Mono-HKU vicon (DVXplorer),vicon_hdr2,vicon_hdr2,MPE,%,0.37,ok,Same 'vicon_*' seqs captured with DVXplorer (640x480) event camera.
PLEVIO,PL-EVIO,TASE,2024,I,Mono-EIO,no,E+I,metric,"SE3, first 5 s",Mono-HKU vicon (DVXplorer),vicon_hdr3,vicon_hdr3,MPE,%,0.69,ok,Same 'vicon_*' seqs captured with DVXplorer (640x480) event camera.
PLEVIO,PL-EVIO,TASE,2024,I,Mono-EIO,no,E+I,metric,"SE3, first 5 s",Mono-HKU vicon (DVXplorer),vicon_hdr4,vicon_hdr4,MPE,%,0.26,ok,Same 'vicon_*' seqs captured with DVXplorer (640x480) event camera.
PLEVIO,PL-EVIO,TASE,2024,I,Mono-EIO,no,E+I,metric,"SE3, first 5 s",Mono-HKU vicon (DVXplorer),vicon_darktolight1,vicon_darktolight1,MPE,%,0.8,ok,Same 'vicon_*' seqs captured with DVXplorer (640x480) event camera.
PLEVIO,PL-EVIO,TASE,2024,I,Mono-EIO,no,E+I,metric,"SE3, first 5 s",Mono-HKU vicon (DVXplorer),vicon_darktolight2,vicon_darktolight2,MPE,%,0.57,ok,Same 'vicon_*' seqs captured with DVXplorer (640x480) event camera.
PLEVIO,PL-EVIO,TASE,2024,I,Mono-EIO,no,E+I,metric,"SE3, first 5 s",Mono-HKU vicon (DVXplorer),vicon_lighttodark1,vicon_lighttodark1,MPE,%,0.81,ok,Same 'vicon_*' seqs captured with DVXplorer (640x480) event camera.
PLEVIO,PL-EVIO,TASE,2024,I,Mono-EIO,no,E+I,metric,"SE3, first 5 s",Mono-HKU vicon (DVXplorer),vicon_lighttodark2,vicon_lighttodark2,MPE,%,0.75,ok,Same 'vicon_*' seqs captured with DVXplorer (640x480) event camera.
PLEVIO,PL-EVIO,TASE,2024,I,Mono-EIO,no,E+I,metric,"SE3, first 5 s",Mono-HKU vicon (DVXplorer),vicon_dark1,vicon_dark1,MPE,%,0.35,ok,Same 'vicon_*' seqs captured with DVXplorer (640x480) event camera.
PLEVIO,PL-EVIO,TASE,2024,I,Mono-EIO,no,E+I,metric,"SE3, first 5 s",Mono-HKU vicon (DVXplorer),vicon_dark2,vicon_dark2,MPE,%,0.41,ok,Same 'vicon_*' seqs captured with DVXplorer (640x480) event camera.
PLEVIO,PL-EVIO,TASE,2024,I,Mono-EIO,no,E+I,metric,"SE3, first 5 s",Mono-HKU vicon (DVXplorer),vicon_aggressive_hdr,vicon_aggressive_hdr,MPE,%,0.65,ok,Same 'vicon_*' seqs captured with DVXplorer (640x480) event camera.
PLEVIO,PL-EVIO,TASE,2024,I,Mono-EIO,no,E+I,metric,"SE3, first 5 s",Mono-HKU vicon (DVXplorer),average,average,MPE,%,0.54,ok,Same 'vicon_*' seqs captured with DVXplorer (640x480) event camera.
PLEVIO,PL-EVIO,TASE,2024,I,PL-EIO,no,E+I,metric,"SE3, first 5 s",Mono-HKU vicon (DVXplorer),vicon_hdr1,vicon_hdr1,MPE,%,0.47,ok,Same 'vicon_*' seqs captured with DVXplorer (640x480) event camera.
PLEVIO,PL-EVIO,TASE,2024,I,PL-EIO,no,E+I,metric,"SE3, first 5 s",Mono-HKU vicon (DVXplorer),vicon_hdr2,vicon_hdr2,MPE,%,0.22,ok,Same 'vicon_*' seqs captured with DVXplorer (640x480) event camera.
PLEVIO,PL-EVIO,TASE,2024,I,PL-EIO,no,E+I,metric,"SE3, first 5 s",Mono-HKU vicon (DVXplorer),vicon_hdr3,vicon_hdr3,MPE,%,0.47,ok,Same 'vicon_*' seqs captured with DVXplorer (640x480) event camera.
PLEVIO,PL-EVIO,TASE,2024,I,PL-EIO,no,E+I,metric,"SE3, first 5 s",Mono-HKU vicon (DVXplorer),vicon_hdr4,vicon_hdr4,MPE,%,0.27,ok,Same 'vicon_*' seqs captured with DVXplorer (640x480) event camera.
PLEVIO,PL-EVIO,TASE,2024,I,PL-EIO,no,E+I,metric,"SE3, first 5 s",Mono-HKU vicon (DVXplorer),vicon_darktolight1,vicon_darktolight1,MPE,%,0.71,ok,Same 'vicon_*' seqs captured with DVXplorer (640x480) event camera.
PLEVIO,PL-EVIO,TASE,2024,I,PL-EIO,no,E+I,metric,"SE3, first 5 s",Mono-HKU vicon (DVXplorer),vicon_darktolight2,vicon_darktolight2,MPE,%,0.56,ok,Same 'vicon_*' seqs captured with DVXplorer (640x480) event camera.
PLEVIO,PL-EVIO,TASE,2024,I,PL-EIO,no,E+I,metric,"SE3, first 5 s",Mono-HKU vicon (DVXplorer),vicon_lighttodark1,vicon_lighttodark1,MPE,%,0.43,ok,Same 'vicon_*' seqs captured with DVXplorer (640x480) event camera.
PLEVIO,PL-EVIO,TASE,2024,I,PL-EIO,no,E+I,metric,"SE3, first 5 s",Mono-HKU vicon (DVXplorer),vicon_lighttodark2,vicon_lighttodark2,MPE,%,0.67,ok,Same 'vicon_*' seqs captured with DVXplorer (640x480) event camera.
PLEVIO,PL-EVIO,TASE,2024,I,PL-EIO,no,E+I,metric,"SE3, first 5 s",Mono-HKU vicon (DVXplorer),vicon_dark1,vicon_dark1,MPE,%,0.51,ok,Same 'vicon_*' seqs captured with DVXplorer (640x480) event camera.
PLEVIO,PL-EVIO,TASE,2024,I,PL-EIO,no,E+I,metric,"SE3, first 5 s",Mono-HKU vicon (DVXplorer),vicon_dark2,vicon_dark2,MPE,%,0.38,ok,Same 'vicon_*' seqs captured with DVXplorer (640x480) event camera.
PLEVIO,PL-EVIO,TASE,2024,I,PL-EIO,no,E+I,metric,"SE3, first 5 s",Mono-HKU vicon (DVXplorer),vicon_aggressive_hdr,vicon_aggressive_hdr,MPE,%,0.62,ok,Same 'vicon_*' seqs captured with DVXplorer (640x480) event camera.
PLEVIO,PL-EVIO,TASE,2024,I,PL-EIO,no,E+I,metric,"SE3, first 5 s",Mono-HKU vicon (DVXplorer),average,average,MPE,%,0.48,ok,Same 'vicon_*' seqs captured with DVXplorer (640x480) event camera.
PLEVIO,PL-EVIO,TASE,2024,I,PL-EIO+,no,E+I,metric,"SE3, first 5 s",Mono-HKU vicon (DVXplorer),vicon_hdr1,vicon_hdr1,MPE,%,0.41,ok,Same 'vicon_*' seqs captured with DVXplorer (640x480) event camera.
PLEVIO,PL-EVIO,TASE,2024,I,PL-EIO+,no,E+I,metric,"SE3, first 5 s",Mono-HKU vicon (DVXplorer),vicon_hdr2,vicon_hdr2,MPE,%,0.21,ok,Same 'vicon_*' seqs captured with DVXplorer (640x480) event camera.
PLEVIO,PL-EVIO,TASE,2024,I,PL-EIO+,no,E+I,metric,"SE3, first 5 s",Mono-HKU vicon (DVXplorer),vicon_hdr3,vicon_hdr3,MPE,%,0.36,ok,Same 'vicon_*' seqs captured with DVXplorer (640x480) event camera.
PLEVIO,PL-EVIO,TASE,2024,I,PL-EIO+,no,E+I,metric,"SE3, first 5 s",Mono-HKU vicon (DVXplorer),vicon_hdr4,vicon_hdr4,MPE,%,0.25,ok,Same 'vicon_*' seqs captured with DVXplorer (640x480) event camera.
PLEVIO,PL-EVIO,TASE,2024,I,PL-EIO+,no,E+I,metric,"SE3, first 5 s",Mono-HKU vicon (DVXplorer),vicon_darktolight1,vicon_darktolight1,MPE,%,0.71,ok,Same 'vicon_*' seqs captured with DVXplorer (640x480) event camera.
PLEVIO,PL-EVIO,TASE,2024,I,PL-EIO+,no,E+I,metric,"SE3, first 5 s",Mono-HKU vicon (DVXplorer),vicon_darktolight2,vicon_darktolight2,MPE,%,0.47,ok,Same 'vicon_*' seqs captured with DVXplorer (640x480) event camera.
PLEVIO,PL-EVIO,TASE,2024,I,PL-EIO+,no,E+I,metric,"SE3, first 5 s",Mono-HKU vicon (DVXplorer),vicon_lighttodark1,vicon_lighttodark1,MPE,%,0.54,ok,Same 'vicon_*' seqs captured with DVXplorer (640x480) event camera.
PLEVIO,PL-EVIO,TASE,2024,I,PL-EIO+,no,E+I,metric,"SE3, first 5 s",Mono-HKU vicon (DVXplorer),vicon_lighttodark2,vicon_lighttodark2,MPE,%,0.6,ok,Same 'vicon_*' seqs captured with DVXplorer (640x480) event camera.
PLEVIO,PL-EVIO,TASE,2024,I,PL-EIO+,no,E+I,metric,"SE3, first 5 s",Mono-HKU vicon (DVXplorer),vicon_dark1,vicon_dark1,MPE,%,0.41,ok,Same 'vicon_*' seqs captured with DVXplorer (640x480) event camera.
PLEVIO,PL-EVIO,TASE,2024,I,PL-EIO+,no,E+I,metric,"SE3, first 5 s",Mono-HKU vicon (DVXplorer),vicon_dark2,vicon_dark2,MPE,%,0.41,ok,Same 'vicon_*' seqs captured with DVXplorer (640x480) event camera.
PLEVIO,PL-EVIO,TASE,2024,I,PL-EIO+,no,E+I,metric,"SE3, first 5 s",Mono-HKU vicon (DVXplorer),vicon_aggressive_hdr,vicon_aggressive_hdr,MPE,%,0.5,ok,Same 'vicon_*' seqs captured with DVXplorer (640x480) event camera.
PLEVIO,PL-EVIO,TASE,2024,I,PL-EIO+,no,E+I,metric,"SE3, first 5 s",Mono-HKU vicon (DVXplorer),average,average,MPE,%,0.45,ok,Same 'vicon_*' seqs captured with DVXplorer (640x480) event camera.
PLEVIO,PL-EVIO,TASE,2024,II,VINS-Fusion,no,Stereo F+I,metric,"SE3, all",UZH-FPV,indoor_forward_3,uzhfpv_if3,MPE,%,0.84,ok,UZH-FPV. PL-EVIO beats stereo VIO using only a mono DAVIS346; most VINS-Fusion/USLAM seqs fail.
PLEVIO,PL-EVIO,TASE,2024,II,VINS-Fusion,no,Stereo F+I,metric,"SE3, all",UZH-FPV,indoor_forward_5,uzhfpv_if5,MPE,%,,failed,UZH-FPV. PL-EVIO beats stereo VIO using only a mono DAVIS346; most VINS-Fusion/USLAM seqs fail.
PLEVIO,PL-EVIO,TASE,2024,II,VINS-Fusion,no,Stereo F+I,metric,"SE3, all",UZH-FPV,indoor_forward_6,uzhfpv_if6,MPE,%,1.45,ok,UZH-FPV. PL-EVIO beats stereo VIO using only a mono DAVIS346; most VINS-Fusion/USLAM seqs fail.
PLEVIO,PL-EVIO,TASE,2024,II,VINS-Fusion,no,Stereo F+I,metric,"SE3, all",UZH-FPV,indoor_forward_7,uzhfpv_if7,MPE,%,0.61,ok,UZH-FPV. PL-EVIO beats stereo VIO using only a mono DAVIS346; most VINS-Fusion/USLAM seqs fail.
PLEVIO,PL-EVIO,TASE,2024,II,VINS-Fusion,no,Stereo F+I,metric,"SE3, all",UZH-FPV,indoor_forward_9,uzhfpv_if9,MPE,%,2.87,ok,UZH-FPV. PL-EVIO beats stereo VIO using only a mono DAVIS346; most VINS-Fusion/USLAM seqs fail.
PLEVIO,PL-EVIO,TASE,2024,II,VINS-Fusion,no,Stereo F+I,metric,"SE3, all",UZH-FPV,indoor_forward_10,uzhfpv_if10,MPE,%,4.48,ok,UZH-FPV. PL-EVIO beats stereo VIO using only a mono DAVIS346; most VINS-Fusion/USLAM seqs fail.
PLEVIO,PL-EVIO,TASE,2024,II,VINS-Fusion,no,Stereo F+I,metric,"SE3, all",UZH-FPV,indoor_45_degree_2,uzhfpv_45_2,MPE,%,,failed,UZH-FPV. PL-EVIO beats stereo VIO using only a mono DAVIS346; most VINS-Fusion/USLAM seqs fail.
PLEVIO,PL-EVIO,TASE,2024,II,VINS-Fusion,no,Stereo F+I,metric,"SE3, all",UZH-FPV,indoor_45_degree_4,uzhfpv_45_4,MPE,%,,failed,UZH-FPV. PL-EVIO beats stereo VIO using only a mono DAVIS346; most VINS-Fusion/USLAM seqs fail.
PLEVIO,PL-EVIO,TASE,2024,II,VINS-Fusion,no,Stereo F+I,metric,"SE3, all",UZH-FPV,indoor_45_degree_9,uzhfpv_45_9,MPE,%,,failed,UZH-FPV. PL-EVIO beats stereo VIO using only a mono DAVIS346; most VINS-Fusion/USLAM seqs fail.
PLEVIO,PL-EVIO,TASE,2024,II,VINS-Fusion,no,Stereo F+I,metric,"SE3, all",UZH-FPV,average,average,MPE,%,5.26,ok,UZH-FPV. PL-EVIO beats stereo VIO using only a mono DAVIS346; most VINS-Fusion/USLAM seqs fail.
PLEVIO,PL-EVIO,TASE,2024,II,ORB-SLAM3,no,Stereo F+I,metric,"SE3, all",UZH-FPV,indoor_forward_3,uzhfpv_if3,MPE,%,0.55,ok,UZH-FPV. PL-EVIO beats stereo VIO using only a mono DAVIS346; most VINS-Fusion/USLAM seqs fail.
PLEVIO,PL-EVIO,TASE,2024,II,ORB-SLAM3,no,Stereo F+I,metric,"SE3, all",UZH-FPV,indoor_forward_5,uzhfpv_if5,MPE,%,1.19,ok,UZH-FPV. PL-EVIO beats stereo VIO using only a mono DAVIS346; most VINS-Fusion/USLAM seqs fail.
PLEVIO,PL-EVIO,TASE,2024,II,ORB-SLAM3,no,Stereo F+I,metric,"SE3, all",UZH-FPV,indoor_forward_6,uzhfpv_if6,MPE,%,,failed,UZH-FPV. PL-EVIO beats stereo VIO using only a mono DAVIS346; most VINS-Fusion/USLAM seqs fail.
PLEVIO,PL-EVIO,TASE,2024,II,ORB-SLAM3,no,Stereo F+I,metric,"SE3, all",UZH-FPV,indoor_forward_7,uzhfpv_if7,MPE,%,0.36,ok,UZH-FPV. PL-EVIO beats stereo VIO using only a mono DAVIS346; most VINS-Fusion/USLAM seqs fail.
PLEVIO,PL-EVIO,TASE,2024,II,ORB-SLAM3,no,Stereo F+I,metric,"SE3, all",UZH-FPV,indoor_forward_9,uzhfpv_if9,MPE,%,0.77,ok,UZH-FPV. PL-EVIO beats stereo VIO using only a mono DAVIS346; most VINS-Fusion/USLAM seqs fail.
PLEVIO,PL-EVIO,TASE,2024,II,ORB-SLAM3,no,Stereo F+I,metric,"SE3, all",UZH-FPV,indoor_forward_10,uzhfpv_if10,MPE,%,1.02,ok,UZH-FPV. PL-EVIO beats stereo VIO using only a mono DAVIS346; most VINS-Fusion/USLAM seqs fail.
PLEVIO,PL-EVIO,TASE,2024,II,ORB-SLAM3,no,Stereo F+I,metric,"SE3, all",UZH-FPV,indoor_45_degree_2,uzhfpv_45_2,MPE,%,2.18,ok,UZH-FPV. PL-EVIO beats stereo VIO using only a mono DAVIS346; most VINS-Fusion/USLAM seqs fail.
PLEVIO,PL-EVIO,TASE,2024,II,ORB-SLAM3,no,Stereo F+I,metric,"SE3, all",UZH-FPV,indoor_45_degree_4,uzhfpv_45_4,MPE,%,1.53,ok,UZH-FPV. PL-EVIO beats stereo VIO using only a mono DAVIS346; most VINS-Fusion/USLAM seqs fail.
PLEVIO,PL-EVIO,TASE,2024,II,ORB-SLAM3,no,Stereo F+I,metric,"SE3, all",UZH-FPV,indoor_45_degree_9,uzhfpv_45_9,MPE,%,0.49,ok,UZH-FPV. PL-EVIO beats stereo VIO using only a mono DAVIS346; most VINS-Fusion/USLAM seqs fail.
PLEVIO,PL-EVIO,TASE,2024,II,ORB-SLAM3,no,Stereo F+I,metric,"SE3, all",UZH-FPV,average,average,MPE,%,2.1,ok,UZH-FPV. PL-EVIO beats stereo VIO using only a mono DAVIS346; most VINS-Fusion/USLAM seqs fail.
PLEVIO,PL-EVIO,TASE,2024,II,VINS-MONO,no,F+I,metric,"SE3, all",UZH-FPV,indoor_forward_3,uzhfpv_if3,MPE,%,0.65,ok,UZH-FPV. PL-EVIO beats stereo VIO using only a mono DAVIS346; most VINS-Fusion/USLAM seqs fail.
PLEVIO,PL-EVIO,TASE,2024,II,VINS-MONO,no,F+I,metric,"SE3, all",UZH-FPV,indoor_forward_5,uzhfpv_if5,MPE,%,1.07,ok,UZH-FPV. PL-EVIO beats stereo VIO using only a mono DAVIS346; most VINS-Fusion/USLAM seqs fail.
PLEVIO,PL-EVIO,TASE,2024,II,VINS-MONO,no,F+I,metric,"SE3, all",UZH-FPV,indoor_forward_6,uzhfpv_if6,MPE,%,0.25,ok,UZH-FPV. PL-EVIO beats stereo VIO using only a mono DAVIS346; most VINS-Fusion/USLAM seqs fail.
PLEVIO,PL-EVIO,TASE,2024,II,VINS-MONO,no,F+I,metric,"SE3, all",UZH-FPV,indoor_forward_7,uzhfpv_if7,MPE,%,0.37,ok,UZH-FPV. PL-EVIO beats stereo VIO using only a mono DAVIS346; most VINS-Fusion/USLAM seqs fail.
PLEVIO,PL-EVIO,TASE,2024,II,VINS-MONO,no,F+I,metric,"SE3, all",UZH-FPV,indoor_forward_9,uzhfpv_if9,MPE,%,0.51,ok,UZH-FPV. PL-EVIO beats stereo VIO using only a mono DAVIS346; most VINS-Fusion/USLAM seqs fail.
PLEVIO,PL-EVIO,TASE,2024,II,VINS-MONO,no,F+I,metric,"SE3, all",UZH-FPV,indoor_forward_10,uzhfpv_if10,MPE,%,0.92,ok,UZH-FPV. PL-EVIO beats stereo VIO using only a mono DAVIS346; most VINS-Fusion/USLAM seqs fail.
PLEVIO,PL-EVIO,TASE,2024,II,VINS-MONO,no,F+I,metric,"SE3, all",UZH-FPV,indoor_45_degree_2,uzhfpv_45_2,MPE,%,0.53,ok,UZH-FPV. PL-EVIO beats stereo VIO using only a mono DAVIS346; most VINS-Fusion/USLAM seqs fail.
PLEVIO,PL-EVIO,TASE,2024,II,VINS-MONO,no,F+I,metric,"SE3, all",UZH-FPV,indoor_45_degree_4,uzhfpv_45_4,MPE,%,1.72,ok,UZH-FPV. PL-EVIO beats stereo VIO using only a mono DAVIS346; most VINS-Fusion/USLAM seqs fail.
PLEVIO,PL-EVIO,TASE,2024,II,VINS-MONO,no,F+I,metric,"SE3, all",UZH-FPV,indoor_45_degree_9,uzhfpv_45_9,MPE,%,1.25,ok,UZH-FPV. PL-EVIO beats stereo VIO using only a mono DAVIS346; most VINS-Fusion/USLAM seqs fail.
PLEVIO,PL-EVIO,TASE,2024,II,VINS-MONO,no,F+I,metric,"SE3, all",UZH-FPV,average,average,MPE,%,0.81,ok,UZH-FPV. PL-EVIO beats stereo VIO using only a mono DAVIS346; most VINS-Fusion/USLAM seqs fail.
PLEVIO,PL-EVIO,TASE,2024,II,Ultimate-SLAM,no,E+F+I,metric,"SE3, all",UZH-FPV,indoor_forward_3,uzhfpv_if3,MPE,%,,failed,UZH-FPV. PL-EVIO beats stereo VIO using only a mono DAVIS346; most VINS-Fusion/USLAM seqs fail.
PLEVIO,PL-EVIO,TASE,2024,II,Ultimate-SLAM,no,E+F+I,metric,"SE3, all",UZH-FPV,indoor_forward_5,uzhfpv_if5,MPE,%,,failed,UZH-FPV. PL-EVIO beats stereo VIO using only a mono DAVIS346; most VINS-Fusion/USLAM seqs fail.
PLEVIO,PL-EVIO,TASE,2024,II,Ultimate-SLAM,no,E+F+I,metric,"SE3, all",UZH-FPV,indoor_forward_6,uzhfpv_if6,MPE,%,,failed,UZH-FPV. PL-EVIO beats stereo VIO using only a mono DAVIS346; most VINS-Fusion/USLAM seqs fail.
PLEVIO,PL-EVIO,TASE,2024,II,Ultimate-SLAM,no,E+F+I,metric,"SE3, all",UZH-FPV,indoor_forward_7,uzhfpv_if7,MPE,%,,failed,UZH-FPV. PL-EVIO beats stereo VIO using only a mono DAVIS346; most VINS-Fusion/USLAM seqs fail.
PLEVIO,PL-EVIO,TASE,2024,II,Ultimate-SLAM,no,E+F+I,metric,"SE3, all",UZH-FPV,indoor_forward_9,uzhfpv_if9,MPE,%,,failed,UZH-FPV. PL-EVIO beats stereo VIO using only a mono DAVIS346; most VINS-Fusion/USLAM seqs fail.
PLEVIO,PL-EVIO,TASE,2024,II,Ultimate-SLAM,no,E+F+I,metric,"SE3, all",UZH-FPV,indoor_forward_10,uzhfpv_if10,MPE,%,,failed,UZH-FPV. PL-EVIO beats stereo VIO using only a mono DAVIS346; most VINS-Fusion/USLAM seqs fail.
PLEVIO,PL-EVIO,TASE,2024,II,Ultimate-SLAM,no,E+F+I,metric,"SE3, all",UZH-FPV,indoor_45_degree_2,uzhfpv_45_2,MPE,%,,failed,UZH-FPV. PL-EVIO beats stereo VIO using only a mono DAVIS346; most VINS-Fusion/USLAM seqs fail.
PLEVIO,PL-EVIO,TASE,2024,II,Ultimate-SLAM,no,E+F+I,metric,"SE3, all",UZH-FPV,indoor_45_degree_4,uzhfpv_45_4,MPE,%,9.79,ok,UZH-FPV. PL-EVIO beats stereo VIO using only a mono DAVIS346; most VINS-Fusion/USLAM seqs fail.
PLEVIO,PL-EVIO,TASE,2024,II,Ultimate-SLAM,no,E+F+I,metric,"SE3, all",UZH-FPV,indoor_45_degree_9,uzhfpv_45_9,MPE,%,4.74,ok,UZH-FPV. PL-EVIO beats stereo VIO using only a mono DAVIS346; most VINS-Fusion/USLAM seqs fail.
PLEVIO,PL-EVIO,TASE,2024,II,Ultimate-SLAM,no,E+F+I,metric,"SE3, all",UZH-FPV,average,average,MPE,%,7.26,ok,UZH-FPV. PL-EVIO beats stereo VIO using only a mono DAVIS346; most VINS-Fusion/USLAM seqs fail.
PLEVIO,PL-EVIO,TASE,2024,II,PL-EVIO,yes,E+F+I,metric,"SE3, all",UZH-FPV,indoor_forward_3,uzhfpv_if3,MPE,%,0.38,ok,UZH-FPV. PL-EVIO beats stereo VIO using only a mono DAVIS346; most VINS-Fusion/USLAM seqs fail.
PLEVIO,PL-EVIO,TASE,2024,II,PL-EVIO,yes,E+F+I,metric,"SE3, all",UZH-FPV,indoor_forward_5,uzhfpv_if5,MPE,%,0.9,ok,UZH-FPV. PL-EVIO beats stereo VIO using only a mono DAVIS346; most VINS-Fusion/USLAM seqs fail.
PLEVIO,PL-EVIO,TASE,2024,II,PL-EVIO,yes,E+F+I,metric,"SE3, all",UZH-FPV,indoor_forward_6,uzhfpv_if6,MPE,%,0.3,ok,UZH-FPV. PL-EVIO beats stereo VIO using only a mono DAVIS346; most VINS-Fusion/USLAM seqs fail.
PLEVIO,PL-EVIO,TASE,2024,II,PL-EVIO,yes,E+F+I,metric,"SE3, all",UZH-FPV,indoor_forward_7,uzhfpv_if7,MPE,%,0.55,ok,UZH-FPV. PL-EVIO beats stereo VIO using only a mono DAVIS346; most VINS-Fusion/USLAM seqs fail.
PLEVIO,PL-EVIO,TASE,2024,II,PL-EVIO,yes,E+F+I,metric,"SE3, all",UZH-FPV,indoor_forward_9,uzhfpv_if9,MPE,%,0.44,ok,UZH-FPV. PL-EVIO beats stereo VIO using only a mono DAVIS346; most VINS-Fusion/USLAM seqs fail.
PLEVIO,PL-EVIO,TASE,2024,II,PL-EVIO,yes,E+F+I,metric,"SE3, all",UZH-FPV,indoor_forward_10,uzhfpv_if10,MPE,%,1.06,ok,UZH-FPV. PL-EVIO beats stereo VIO using only a mono DAVIS346; most VINS-Fusion/USLAM seqs fail.
PLEVIO,PL-EVIO,TASE,2024,II,PL-EVIO,yes,E+F+I,metric,"SE3, all",UZH-FPV,indoor_45_degree_2,uzhfpv_45_2,MPE,%,0.55,ok,UZH-FPV. PL-EVIO beats stereo VIO using only a mono DAVIS346; most VINS-Fusion/USLAM seqs fail.
PLEVIO,PL-EVIO,TASE,2024,II,PL-EVIO,yes,E+F+I,metric,"SE3, all",UZH-FPV,indoor_45_degree_4,uzhfpv_45_4,MPE,%,1.3,ok,UZH-FPV. PL-EVIO beats stereo VIO using only a mono DAVIS346; most VINS-Fusion/USLAM seqs fail.
PLEVIO,PL-EVIO,TASE,2024,II,PL-EVIO,yes,E+F+I,metric,"SE3, all",UZH-FPV,indoor_45_degree_9,uzhfpv_45_9,MPE,%,0.76,ok,UZH-FPV. PL-EVIO beats stereo VIO using only a mono DAVIS346; most VINS-Fusion/USLAM seqs fail.
PLEVIO,PL-EVIO,TASE,2024,II,PL-EVIO,yes,E+F+I,metric,"SE3, all",UZH-FPV,average,average,MPE,%,0.7,ok,UZH-FPV. PL-EVIO beats stereo VIO using only a mono DAVIS346; most VINS-Fusion/USLAM seqs fail.
PLEVIO,PL-EVIO,TASE,2024,III,Zhu et al.,no,E+I,metric,"SE3, first 5 s",ECD (DAVIS240C),boxes_translation,boxes_translation,MPE,%,2.69,ok,"ECD/Event-Camera-Dataset. PL-EVIO (E+F+I) SOTA among EIO/EVIO. Baselines: [28]=Zhu, [13]=Rebecq, [14]=Ultimate-SLAM, [47]=Alzugaray-Chli, [29]=EKLT-VIO, [5]=Mono-EIO."
PLEVIO,PL-EVIO,TASE,2024,III,Zhu et al.,no,E+I,metric,"SE3, first 5 s",ECD (DAVIS240C),hdr_boxes,hdr_boxes,MPE,%,1.23,ok,"ECD/Event-Camera-Dataset. PL-EVIO (E+F+I) SOTA among EIO/EVIO. Baselines: [28]=Zhu, [13]=Rebecq, [14]=Ultimate-SLAM, [47]=Alzugaray-Chli, [29]=EKLT-VIO, [5]=Mono-EIO."
PLEVIO,PL-EVIO,TASE,2024,III,Zhu et al.,no,E+I,metric,"SE3, first 5 s",ECD (DAVIS240C),boxes_6dof,boxes_6dof,MPE,%,3.61,ok,"ECD/Event-Camera-Dataset. PL-EVIO (E+F+I) SOTA among EIO/EVIO. Baselines: [28]=Zhu, [13]=Rebecq, [14]=Ultimate-SLAM, [47]=Alzugaray-Chli, [29]=EKLT-VIO, [5]=Mono-EIO."
PLEVIO,PL-EVIO,TASE,2024,III,Zhu et al.,no,E+I,metric,"SE3, first 5 s",ECD (DAVIS240C),dynamic_translation,dynamic_translation,MPE,%,1.9,ok,"ECD/Event-Camera-Dataset. PL-EVIO (E+F+I) SOTA among EIO/EVIO. Baselines: [28]=Zhu, [13]=Rebecq, [14]=Ultimate-SLAM, [47]=Alzugaray-Chli, [29]=EKLT-VIO, [5]=Mono-EIO."
PLEVIO,PL-EVIO,TASE,2024,III,Zhu et al.,no,E+I,metric,"SE3, first 5 s",ECD (DAVIS240C),dynamic_6dof,dynamic_6dof,MPE,%,4.07,ok,"ECD/Event-Camera-Dataset. PL-EVIO (E+F+I) SOTA among EIO/EVIO. Baselines: [28]=Zhu, [13]=Rebecq, [14]=Ultimate-SLAM, [47]=Alzugaray-Chli, [29]=EKLT-VIO, [5]=Mono-EIO."
PLEVIO,PL-EVIO,TASE,2024,III,Zhu et al.,no,E+I,metric,"SE3, first 5 s",ECD (DAVIS240C),poster_translation,poster_translation,MPE,%,0.94,ok,"ECD/Event-Camera-Dataset. PL-EVIO (E+F+I) SOTA among EIO/EVIO. Baselines: [28]=Zhu, [13]=Rebecq, [14]=Ultimate-SLAM, [47]=Alzugaray-Chli, [29]=EKLT-VIO, [5]=Mono-EIO."
PLEVIO,PL-EVIO,TASE,2024,III,Zhu et al.,no,E+I,metric,"SE3, first 5 s",ECD (DAVIS240C),hdr_poster,hdr_poster,MPE,%,2.63,ok,"ECD/Event-Camera-Dataset. PL-EVIO (E+F+I) SOTA among EIO/EVIO. Baselines: [28]=Zhu, [13]=Rebecq, [14]=Ultimate-SLAM, [47]=Alzugaray-Chli, [29]=EKLT-VIO, [5]=Mono-EIO."
PLEVIO,PL-EVIO,TASE,2024,III,Zhu et al.,no,E+I,metric,"SE3, first 5 s",ECD (DAVIS240C),poster_6dof,poster_6dof,MPE,%,3.56,ok,"ECD/Event-Camera-Dataset. PL-EVIO (E+F+I) SOTA among EIO/EVIO. Baselines: [28]=Zhu, [13]=Rebecq, [14]=Ultimate-SLAM, [47]=Alzugaray-Chli, [29]=EKLT-VIO, [5]=Mono-EIO."
PLEVIO,PL-EVIO,TASE,2024,III,Zhu et al.,no,E+I,metric,"SE3, first 5 s",ECD (DAVIS240C),average,average,MPE,%,2.58,ok,"ECD/Event-Camera-Dataset. PL-EVIO (E+F+I) SOTA among EIO/EVIO. Baselines: [28]=Zhu, [13]=Rebecq, [14]=Ultimate-SLAM, [47]=Alzugaray-Chli, [29]=EKLT-VIO, [5]=Mono-EIO."
PLEVIO,PL-EVIO,TASE,2024,III,Rebecq EVIO,no,E+I,metric,"SE3, first 5 s",ECD (DAVIS240C),boxes_translation,boxes_translation,MPE,%,0.57,ok,"ECD/Event-Camera-Dataset. PL-EVIO (E+F+I) SOTA among EIO/EVIO. Baselines: [28]=Zhu, [13]=Rebecq, [14]=Ultimate-SLAM, [47]=Alzugaray-Chli, [29]=EKLT-VIO, [5]=Mono-EIO."
PLEVIO,PL-EVIO,TASE,2024,III,Rebecq EVIO,no,E+I,metric,"SE3, first 5 s",ECD (DAVIS240C),hdr_boxes,hdr_boxes,MPE,%,0.92,ok,"ECD/Event-Camera-Dataset. PL-EVIO (E+F+I) SOTA among EIO/EVIO. Baselines: [28]=Zhu, [13]=Rebecq, [14]=Ultimate-SLAM, [47]=Alzugaray-Chli, [29]=EKLT-VIO, [5]=Mono-EIO."
PLEVIO,PL-EVIO,TASE,2024,III,Rebecq EVIO,no,E+I,metric,"SE3, first 5 s",ECD (DAVIS240C),boxes_6dof,boxes_6dof,MPE,%,0.69,ok,"ECD/Event-Camera-Dataset. PL-EVIO (E+F+I) SOTA among EIO/EVIO. Baselines: [28]=Zhu, [13]=Rebecq, [14]=Ultimate-SLAM, [47]=Alzugaray-Chli, [29]=EKLT-VIO, [5]=Mono-EIO."
PLEVIO,PL-EVIO,TASE,2024,III,Rebecq EVIO,no,E+I,metric,"SE3, first 5 s",ECD (DAVIS240C),dynamic_translation,dynamic_translation,MPE,%,0.47,ok,"ECD/Event-Camera-Dataset. PL-EVIO (E+F+I) SOTA among EIO/EVIO. Baselines: [28]=Zhu, [13]=Rebecq, [14]=Ultimate-SLAM, [47]=Alzugaray-Chli, [29]=EKLT-VIO, [5]=Mono-EIO."
PLEVIO,PL-EVIO,TASE,2024,III,Rebecq EVIO,no,E+I,metric,"SE3, first 5 s",ECD (DAVIS240C),dynamic_6dof,dynamic_6dof,MPE,%,0.54,ok,"ECD/Event-Camera-Dataset. PL-EVIO (E+F+I) SOTA among EIO/EVIO. Baselines: [28]=Zhu, [13]=Rebecq, [14]=Ultimate-SLAM, [47]=Alzugaray-Chli, [29]=EKLT-VIO, [5]=Mono-EIO."
PLEVIO,PL-EVIO,TASE,2024,III,Rebecq EVIO,no,E+I,metric,"SE3, first 5 s",ECD (DAVIS240C),poster_translation,poster_translation,MPE,%,0.89,ok,"ECD/Event-Camera-Dataset. PL-EVIO (E+F+I) SOTA among EIO/EVIO. Baselines: [28]=Zhu, [13]=Rebecq, [14]=Ultimate-SLAM, [47]=Alzugaray-Chli, [29]=EKLT-VIO, [5]=Mono-EIO."
PLEVIO,PL-EVIO,TASE,2024,III,Rebecq EVIO,no,E+I,metric,"SE3, first 5 s",ECD (DAVIS240C),hdr_poster,hdr_poster,MPE,%,0.59,ok,"ECD/Event-Camera-Dataset. PL-EVIO (E+F+I) SOTA among EIO/EVIO. Baselines: [28]=Zhu, [13]=Rebecq, [14]=Ultimate-SLAM, [47]=Alzugaray-Chli, [29]=EKLT-VIO, [5]=Mono-EIO."
PLEVIO,PL-EVIO,TASE,2024,III,Rebecq EVIO,no,E+I,metric,"SE3, first 5 s",ECD (DAVIS240C),poster_6dof,poster_6dof,MPE,%,0.82,ok,"ECD/Event-Camera-Dataset. PL-EVIO (E+F+I) SOTA among EIO/EVIO. Baselines: [28]=Zhu, [13]=Rebecq, [14]=Ultimate-SLAM, [47]=Alzugaray-Chli, [29]=EKLT-VIO, [5]=Mono-EIO."
PLEVIO,PL-EVIO,TASE,2024,III,Rebecq EVIO,no,E+I,metric,"SE3, first 5 s",ECD (DAVIS240C),average,average,MPE,%,0.69,ok,"ECD/Event-Camera-Dataset. PL-EVIO (E+F+I) SOTA among EIO/EVIO. Baselines: [28]=Zhu, [13]=Rebecq, [14]=Ultimate-SLAM, [47]=Alzugaray-Chli, [29]=EKLT-VIO, [5]=Mono-EIO."
PLEVIO,PL-EVIO,TASE,2024,III,Ultimate-SLAM (EIO),no,E+I,metric,"SE3, first 5 s",ECD (DAVIS240C),boxes_translation,boxes_translation,MPE,%,0.76,ok,"ECD/Event-Camera-Dataset. PL-EVIO (E+F+I) SOTA among EIO/EVIO. Baselines: [28]=Zhu, [13]=Rebecq, [14]=Ultimate-SLAM, [47]=Alzugaray-Chli, [29]=EKLT-VIO, [5]=Mono-EIO."
PLEVIO,PL-EVIO,TASE,2024,III,Ultimate-SLAM (EIO),no,E+I,metric,"SE3, first 5 s",ECD (DAVIS240C),hdr_boxes,hdr_boxes,MPE,%,0.67,ok,"ECD/Event-Camera-Dataset. PL-EVIO (E+F+I) SOTA among EIO/EVIO. Baselines: [28]=Zhu, [13]=Rebecq, [14]=Ultimate-SLAM, [47]=Alzugaray-Chli, [29]=EKLT-VIO, [5]=Mono-EIO."
PLEVIO,PL-EVIO,TASE,2024,III,Ultimate-SLAM (EIO),no,E+I,metric,"SE3, first 5 s",ECD (DAVIS240C),boxes_6dof,boxes_6dof,MPE,%,0.44,ok,"ECD/Event-Camera-Dataset. PL-EVIO (E+F+I) SOTA among EIO/EVIO. Baselines: [28]=Zhu, [13]=Rebecq, [14]=Ultimate-SLAM, [47]=Alzugaray-Chli, [29]=EKLT-VIO, [5]=Mono-EIO."
PLEVIO,PL-EVIO,TASE,2024,III,Ultimate-SLAM (EIO),no,E+I,metric,"SE3, first 5 s",ECD (DAVIS240C),dynamic_translation,dynamic_translation,MPE,%,0.59,ok,"ECD/Event-Camera-Dataset. PL-EVIO (E+F+I) SOTA among EIO/EVIO. Baselines: [28]=Zhu, [13]=Rebecq, [14]=Ultimate-SLAM, [47]=Alzugaray-Chli, [29]=EKLT-VIO, [5]=Mono-EIO."
PLEVIO,PL-EVIO,TASE,2024,III,Ultimate-SLAM (EIO),no,E+I,metric,"SE3, first 5 s",ECD (DAVIS240C),dynamic_6dof,dynamic_6dof,MPE,%,0.38,ok,"ECD/Event-Camera-Dataset. PL-EVIO (E+F+I) SOTA among EIO/EVIO. Baselines: [28]=Zhu, [13]=Rebecq, [14]=Ultimate-SLAM, [47]=Alzugaray-Chli, [29]=EKLT-VIO, [5]=Mono-EIO."
PLEVIO,PL-EVIO,TASE,2024,III,Ultimate-SLAM (EIO),no,E+I,metric,"SE3, first 5 s",ECD (DAVIS240C),poster_translation,poster_translation,MPE,%,0.15,ok,"ECD/Event-Camera-Dataset. PL-EVIO (E+F+I) SOTA among EIO/EVIO. Baselines: [28]=Zhu, [13]=Rebecq, [14]=Ultimate-SLAM, [47]=Alzugaray-Chli, [29]=EKLT-VIO, [5]=Mono-EIO."
PLEVIO,PL-EVIO,TASE,2024,III,Ultimate-SLAM (EIO),no,E+I,metric,"SE3, first 5 s",ECD (DAVIS240C),hdr_poster,hdr_poster,MPE,%,0.49,ok,"ECD/Event-Camera-Dataset. PL-EVIO (E+F+I) SOTA among EIO/EVIO. Baselines: [28]=Zhu, [13]=Rebecq, [14]=Ultimate-SLAM, [47]=Alzugaray-Chli, [29]=EKLT-VIO, [5]=Mono-EIO."
PLEVIO,PL-EVIO,TASE,2024,III,Ultimate-SLAM (EIO),no,E+I,metric,"SE3, first 5 s",ECD (DAVIS240C),poster_6dof,poster_6dof,MPE,%,0.3,ok,"ECD/Event-Camera-Dataset. PL-EVIO (E+F+I) SOTA among EIO/EVIO. Baselines: [28]=Zhu, [13]=Rebecq, [14]=Ultimate-SLAM, [47]=Alzugaray-Chli, [29]=EKLT-VIO, [5]=Mono-EIO."
PLEVIO,PL-EVIO,TASE,2024,III,Ultimate-SLAM (EIO),no,E+I,metric,"SE3, first 5 s",ECD (DAVIS240C),average,average,MPE,%,0.47,ok,"ECD/Event-Camera-Dataset. PL-EVIO (E+F+I) SOTA among EIO/EVIO. Baselines: [28]=Zhu, [13]=Rebecq, [14]=Ultimate-SLAM, [47]=Alzugaray-Chli, [29]=EKLT-VIO, [5]=Mono-EIO."
PLEVIO,PL-EVIO,TASE,2024,III,Ultimate-SLAM (EVIO),no,E+F+I,metric,"SE3, first 5 s",ECD (DAVIS240C),boxes_translation,boxes_translation,MPE,%,0.27,ok,"ECD/Event-Camera-Dataset. PL-EVIO (E+F+I) SOTA among EIO/EVIO. Baselines: [28]=Zhu, [13]=Rebecq, [14]=Ultimate-SLAM, [47]=Alzugaray-Chli, [29]=EKLT-VIO, [5]=Mono-EIO."
PLEVIO,PL-EVIO,TASE,2024,III,Ultimate-SLAM (EVIO),no,E+F+I,metric,"SE3, first 5 s",ECD (DAVIS240C),hdr_boxes,hdr_boxes,MPE,%,0.37,ok,"ECD/Event-Camera-Dataset. PL-EVIO (E+F+I) SOTA among EIO/EVIO. Baselines: [28]=Zhu, [13]=Rebecq, [14]=Ultimate-SLAM, [47]=Alzugaray-Chli, [29]=EKLT-VIO, [5]=Mono-EIO."
PLEVIO,PL-EVIO,TASE,2024,III,Ultimate-SLAM (EVIO),no,E+F+I,metric,"SE3, first 5 s",ECD (DAVIS240C),boxes_6dof,boxes_6dof,MPE,%,0.3,ok,"ECD/Event-Camera-Dataset. PL-EVIO (E+F+I) SOTA among EIO/EVIO. Baselines: [28]=Zhu, [13]=Rebecq, [14]=Ultimate-SLAM, [47]=Alzugaray-Chli, [29]=EKLT-VIO, [5]=Mono-EIO."
PLEVIO,PL-EVIO,TASE,2024,III,Ultimate-SLAM (EVIO),no,E+F+I,metric,"SE3, first 5 s",ECD (DAVIS240C),dynamic_translation,dynamic_translation,MPE,%,0.18,ok,"ECD/Event-Camera-Dataset. PL-EVIO (E+F+I) SOTA among EIO/EVIO. Baselines: [28]=Zhu, [13]=Rebecq, [14]=Ultimate-SLAM, [47]=Alzugaray-Chli, [29]=EKLT-VIO, [5]=Mono-EIO."
PLEVIO,PL-EVIO,TASE,2024,III,Ultimate-SLAM (EVIO),no,E+F+I,metric,"SE3, first 5 s",ECD (DAVIS240C),dynamic_6dof,dynamic_6dof,MPE,%,0.19,ok,"ECD/Event-Camera-Dataset. PL-EVIO (E+F+I) SOTA among EIO/EVIO. Baselines: [28]=Zhu, [13]=Rebecq, [14]=Ultimate-SLAM, [47]=Alzugaray-Chli, [29]=EKLT-VIO, [5]=Mono-EIO."
PLEVIO,PL-EVIO,TASE,2024,III,Ultimate-SLAM (EVIO),no,E+F+I,metric,"SE3, first 5 s",ECD (DAVIS240C),poster_translation,poster_translation,MPE,%,0.12,ok,"ECD/Event-Camera-Dataset. PL-EVIO (E+F+I) SOTA among EIO/EVIO. Baselines: [28]=Zhu, [13]=Rebecq, [14]=Ultimate-SLAM, [47]=Alzugaray-Chli, [29]=EKLT-VIO, [5]=Mono-EIO."
PLEVIO,PL-EVIO,TASE,2024,III,Ultimate-SLAM (EVIO),no,E+F+I,metric,"SE3, first 5 s",ECD (DAVIS240C),hdr_poster,hdr_poster,MPE,%,0.31,ok,"ECD/Event-Camera-Dataset. PL-EVIO (E+F+I) SOTA among EIO/EVIO. Baselines: [28]=Zhu, [13]=Rebecq, [14]=Ultimate-SLAM, [47]=Alzugaray-Chli, [29]=EKLT-VIO, [5]=Mono-EIO."
PLEVIO,PL-EVIO,TASE,2024,III,Ultimate-SLAM (EVIO),no,E+F+I,metric,"SE3, first 5 s",ECD (DAVIS240C),poster_6dof,poster_6dof,MPE,%,0.28,ok,"ECD/Event-Camera-Dataset. PL-EVIO (E+F+I) SOTA among EIO/EVIO. Baselines: [28]=Zhu, [13]=Rebecq, [14]=Ultimate-SLAM, [47]=Alzugaray-Chli, [29]=EKLT-VIO, [5]=Mono-EIO."
PLEVIO,PL-EVIO,TASE,2024,III,Ultimate-SLAM (EVIO),no,E+F+I,metric,"SE3, first 5 s",ECD (DAVIS240C),average,average,MPE,%,0.25,ok,"ECD/Event-Camera-Dataset. PL-EVIO (E+F+I) SOTA among EIO/EVIO. Baselines: [28]=Zhu, [13]=Rebecq, [14]=Ultimate-SLAM, [47]=Alzugaray-Chli, [29]=EKLT-VIO, [5]=Mono-EIO."
PLEVIO,PL-EVIO,TASE,2024,III,Alzugaray-Chli,no,E+I,metric,"SE3, first 5 s",ECD (DAVIS240C),boxes_translation,boxes_translation,MPE,%,2.55,ok,"ECD/Event-Camera-Dataset. PL-EVIO (E+F+I) SOTA among EIO/EVIO. Baselines: [28]=Zhu, [13]=Rebecq, [14]=Ultimate-SLAM, [47]=Alzugaray-Chli, [29]=EKLT-VIO, [5]=Mono-EIO."
PLEVIO,PL-EVIO,TASE,2024,III,Alzugaray-Chli,no,E+I,metric,"SE3, first 5 s",ECD (DAVIS240C),hdr_boxes,hdr_boxes,MPE,%,1.75,ok,"ECD/Event-Camera-Dataset. PL-EVIO (E+F+I) SOTA among EIO/EVIO. Baselines: [28]=Zhu, [13]=Rebecq, [14]=Ultimate-SLAM, [47]=Alzugaray-Chli, [29]=EKLT-VIO, [5]=Mono-EIO."
PLEVIO,PL-EVIO,TASE,2024,III,Alzugaray-Chli,no,E+I,metric,"SE3, first 5 s",ECD (DAVIS240C),boxes_6dof,boxes_6dof,MPE,%,2.03,ok,"ECD/Event-Camera-Dataset. PL-EVIO (E+F+I) SOTA among EIO/EVIO. Baselines: [28]=Zhu, [13]=Rebecq, [14]=Ultimate-SLAM, [47]=Alzugaray-Chli, [29]=EKLT-VIO, [5]=Mono-EIO."
PLEVIO,PL-EVIO,TASE,2024,III,Alzugaray-Chli,no,E+I,metric,"SE3, first 5 s",ECD (DAVIS240C),dynamic_translation,dynamic_translation,MPE,%,1.32,ok,"ECD/Event-Camera-Dataset. PL-EVIO (E+F+I) SOTA among EIO/EVIO. Baselines: [28]=Zhu, [13]=Rebecq, [14]=Ultimate-SLAM, [47]=Alzugaray-Chli, [29]=EKLT-VIO, [5]=Mono-EIO."
PLEVIO,PL-EVIO,TASE,2024,III,Alzugaray-Chli,no,E+I,metric,"SE3, first 5 s",ECD (DAVIS240C),dynamic_6dof,dynamic_6dof,MPE,%,0.52,ok,"ECD/Event-Camera-Dataset. PL-EVIO (E+F+I) SOTA among EIO/EVIO. Baselines: [28]=Zhu, [13]=Rebecq, [14]=Ultimate-SLAM, [47]=Alzugaray-Chli, [29]=EKLT-VIO, [5]=Mono-EIO."
PLEVIO,PL-EVIO,TASE,2024,III,Alzugaray-Chli,no,E+I,metric,"SE3, first 5 s",ECD (DAVIS240C),poster_translation,poster_translation,MPE,%,1.34,ok,"ECD/Event-Camera-Dataset. PL-EVIO (E+F+I) SOTA among EIO/EVIO. Baselines: [28]=Zhu, [13]=Rebecq, [14]=Ultimate-SLAM, [47]=Alzugaray-Chli, [29]=EKLT-VIO, [5]=Mono-EIO."
PLEVIO,PL-EVIO,TASE,2024,III,Alzugaray-Chli,no,E+I,metric,"SE3, first 5 s",ECD (DAVIS240C),hdr_poster,hdr_poster,MPE,%,0.57,ok,"ECD/Event-Camera-Dataset. PL-EVIO (E+F+I) SOTA among EIO/EVIO. Baselines: [28]=Zhu, [13]=Rebecq, [14]=Ultimate-SLAM, [47]=Alzugaray-Chli, [29]=EKLT-VIO, [5]=Mono-EIO."
PLEVIO,PL-EVIO,TASE,2024,III,Alzugaray-Chli,no,E+I,metric,"SE3, first 5 s",ECD (DAVIS240C),poster_6dof,poster_6dof,MPE,%,1.5,ok,"ECD/Event-Camera-Dataset. PL-EVIO (E+F+I) SOTA among EIO/EVIO. Baselines: [28]=Zhu, [13]=Rebecq, [14]=Ultimate-SLAM, [47]=Alzugaray-Chli, [29]=EKLT-VIO, [5]=Mono-EIO."
PLEVIO,PL-EVIO,TASE,2024,III,Alzugaray-Chli,no,E+I,metric,"SE3, first 5 s",ECD (DAVIS240C),average,average,MPE,%,1.45,ok,"ECD/Event-Camera-Dataset. PL-EVIO (E+F+I) SOTA among EIO/EVIO. Baselines: [28]=Zhu, [13]=Rebecq, [14]=Ultimate-SLAM, [47]=Alzugaray-Chli, [29]=EKLT-VIO, [5]=Mono-EIO."
PLEVIO,PL-EVIO,TASE,2024,III,EKLT-VIO,no,E+F+I,metric,"SE3, first 5 s",ECD (DAVIS240C),boxes_translation,boxes_translation,MPE,%,0.48,ok,"ECD/Event-Camera-Dataset. PL-EVIO (E+F+I) SOTA among EIO/EVIO. Baselines: [28]=Zhu, [13]=Rebecq, [14]=Ultimate-SLAM, [47]=Alzugaray-Chli, [29]=EKLT-VIO, [5]=Mono-EIO."
PLEVIO,PL-EVIO,TASE,2024,III,EKLT-VIO,no,E+F+I,metric,"SE3, first 5 s",ECD (DAVIS240C),hdr_boxes,hdr_boxes,MPE,%,0.46,ok,"ECD/Event-Camera-Dataset. PL-EVIO (E+F+I) SOTA among EIO/EVIO. Baselines: [28]=Zhu, [13]=Rebecq, [14]=Ultimate-SLAM, [47]=Alzugaray-Chli, [29]=EKLT-VIO, [5]=Mono-EIO."
PLEVIO,PL-EVIO,TASE,2024,III,EKLT-VIO,no,E+F+I,metric,"SE3, first 5 s",ECD (DAVIS240C),boxes_6dof,boxes_6dof,MPE,%,0.84,ok,"ECD/Event-Camera-Dataset. PL-EVIO (E+F+I) SOTA among EIO/EVIO. Baselines: [28]=Zhu, [13]=Rebecq, [14]=Ultimate-SLAM, [47]=Alzugaray-Chli, [29]=EKLT-VIO, [5]=Mono-EIO."
PLEVIO,PL-EVIO,TASE,2024,III,EKLT-VIO,no,E+F+I,metric,"SE3, first 5 s",ECD (DAVIS240C),dynamic_translation,dynamic_translation,MPE,%,0.4,ok,"ECD/Event-Camera-Dataset. PL-EVIO (E+F+I) SOTA among EIO/EVIO. Baselines: [28]=Zhu, [13]=Rebecq, [14]=Ultimate-SLAM, [47]=Alzugaray-Chli, [29]=EKLT-VIO, [5]=Mono-EIO."
PLEVIO,PL-EVIO,TASE,2024,III,EKLT-VIO,no,E+F+I,metric,"SE3, first 5 s",ECD (DAVIS240C),dynamic_6dof,dynamic_6dof,MPE,%,0.79,ok,"ECD/Event-Camera-Dataset. PL-EVIO (E+F+I) SOTA among EIO/EVIO. Baselines: [28]=Zhu, [13]=Rebecq, [14]=Ultimate-SLAM, [47]=Alzugaray-Chli, [29]=EKLT-VIO, [5]=Mono-EIO."
PLEVIO,PL-EVIO,TASE,2024,III,EKLT-VIO,no,E+F+I,metric,"SE3, first 5 s",ECD (DAVIS240C),poster_translation,poster_translation,MPE,%,0.35,ok,"ECD/Event-Camera-Dataset. PL-EVIO (E+F+I) SOTA among EIO/EVIO. Baselines: [28]=Zhu, [13]=Rebecq, [14]=Ultimate-SLAM, [47]=Alzugaray-Chli, [29]=EKLT-VIO, [5]=Mono-EIO."
PLEVIO,PL-EVIO,TASE,2024,III,EKLT-VIO,no,E+F+I,metric,"SE3, first 5 s",ECD (DAVIS240C),hdr_poster,hdr_poster,MPE,%,0.65,ok,"ECD/Event-Camera-Dataset. PL-EVIO (E+F+I) SOTA among EIO/EVIO. Baselines: [28]=Zhu, [13]=Rebecq, [14]=Ultimate-SLAM, [47]=Alzugaray-Chli, [29]=EKLT-VIO, [5]=Mono-EIO."
PLEVIO,PL-EVIO,TASE,2024,III,EKLT-VIO,no,E+F+I,metric,"SE3, first 5 s",ECD (DAVIS240C),poster_6dof,poster_6dof,MPE,%,0.35,ok,"ECD/Event-Camera-Dataset. PL-EVIO (E+F+I) SOTA among EIO/EVIO. Baselines: [28]=Zhu, [13]=Rebecq, [14]=Ultimate-SLAM, [47]=Alzugaray-Chli, [29]=EKLT-VIO, [5]=Mono-EIO."
PLEVIO,PL-EVIO,TASE,2024,III,EKLT-VIO,no,E+F+I,metric,"SE3, first 5 s",ECD (DAVIS240C),average,average,MPE,%,0.54,ok,"ECD/Event-Camera-Dataset. PL-EVIO (E+F+I) SOTA among EIO/EVIO. Baselines: [28]=Zhu, [13]=Rebecq, [14]=Ultimate-SLAM, [47]=Alzugaray-Chli, [29]=EKLT-VIO, [5]=Mono-EIO."
PLEVIO,PL-EVIO,TASE,2024,III,Mono-EIO,no,E+I,metric,"SE3, first 5 s",ECD (DAVIS240C),boxes_translation,boxes_translation,MPE,%,0.34,ok,"ECD/Event-Camera-Dataset. PL-EVIO (E+F+I) SOTA among EIO/EVIO. Baselines: [28]=Zhu, [13]=Rebecq, [14]=Ultimate-SLAM, [47]=Alzugaray-Chli, [29]=EKLT-VIO, [5]=Mono-EIO."
PLEVIO,PL-EVIO,TASE,2024,III,Mono-EIO,no,E+I,metric,"SE3, first 5 s",ECD (DAVIS240C),hdr_boxes,hdr_boxes,MPE,%,0.4,ok,"ECD/Event-Camera-Dataset. PL-EVIO (E+F+I) SOTA among EIO/EVIO. Baselines: [28]=Zhu, [13]=Rebecq, [14]=Ultimate-SLAM, [47]=Alzugaray-Chli, [29]=EKLT-VIO, [5]=Mono-EIO."
PLEVIO,PL-EVIO,TASE,2024,III,Mono-EIO,no,E+I,metric,"SE3, first 5 s",ECD (DAVIS240C),boxes_6dof,boxes_6dof,MPE,%,0.61,ok,"ECD/Event-Camera-Dataset. PL-EVIO (E+F+I) SOTA among EIO/EVIO. Baselines: [28]=Zhu, [13]=Rebecq, [14]=Ultimate-SLAM, [47]=Alzugaray-Chli, [29]=EKLT-VIO, [5]=Mono-EIO."
PLEVIO,PL-EVIO,TASE,2024,III,Mono-EIO,no,E+I,metric,"SE3, first 5 s",ECD (DAVIS240C),dynamic_translation,dynamic_translation,MPE,%,0.26,ok,"ECD/Event-Camera-Dataset. PL-EVIO (E+F+I) SOTA among EIO/EVIO. Baselines: [28]=Zhu, [13]=Rebecq, [14]=Ultimate-SLAM, [47]=Alzugaray-Chli, [29]=EKLT-VIO, [5]=Mono-EIO."
PLEVIO,PL-EVIO,TASE,2024,III,Mono-EIO,no,E+I,metric,"SE3, first 5 s",ECD (DAVIS240C),dynamic_6dof,dynamic_6dof,MPE,%,0.43,ok,"ECD/Event-Camera-Dataset. PL-EVIO (E+F+I) SOTA among EIO/EVIO. Baselines: [28]=Zhu, [13]=Rebecq, [14]=Ultimate-SLAM, [47]=Alzugaray-Chli, [29]=EKLT-VIO, [5]=Mono-EIO."
PLEVIO,PL-EVIO,TASE,2024,III,Mono-EIO,no,E+I,metric,"SE3, first 5 s",ECD (DAVIS240C),poster_translation,poster_translation,MPE,%,0.4,ok,"ECD/Event-Camera-Dataset. PL-EVIO (E+F+I) SOTA among EIO/EVIO. Baselines: [28]=Zhu, [13]=Rebecq, [14]=Ultimate-SLAM, [47]=Alzugaray-Chli, [29]=EKLT-VIO, [5]=Mono-EIO."
PLEVIO,PL-EVIO,TASE,2024,III,Mono-EIO,no,E+I,metric,"SE3, first 5 s",ECD (DAVIS240C),hdr_poster,hdr_poster,MPE,%,0.4,ok,"ECD/Event-Camera-Dataset. PL-EVIO (E+F+I) SOTA among EIO/EVIO. Baselines: [28]=Zhu, [13]=Rebecq, [14]=Ultimate-SLAM, [47]=Alzugaray-Chli, [29]=EKLT-VIO, [5]=Mono-EIO."
PLEVIO,PL-EVIO,TASE,2024,III,Mono-EIO,no,E+I,metric,"SE3, first 5 s",ECD (DAVIS240C),poster_6dof,poster_6dof,MPE,%,0.26,ok,"ECD/Event-Camera-Dataset. PL-EVIO (E+F+I) SOTA among EIO/EVIO. Baselines: [28]=Zhu, [13]=Rebecq, [14]=Ultimate-SLAM, [47]=Alzugaray-Chli, [29]=EKLT-VIO, [5]=Mono-EIO."
PLEVIO,PL-EVIO,TASE,2024,III,Mono-EIO,no,E+I,metric,"SE3, first 5 s",ECD (DAVIS240C),average,average,MPE,%,0.39,ok,"ECD/Event-Camera-Dataset. PL-EVIO (E+F+I) SOTA among EIO/EVIO. Baselines: [28]=Zhu, [13]=Rebecq, [14]=Ultimate-SLAM, [47]=Alzugaray-Chli, [29]=EKLT-VIO, [5]=Mono-EIO."
PLEVIO,PL-EVIO,TASE,2024,III,PL-EVIO,yes,E+F+I,metric,"SE3, first 5 s",ECD (DAVIS240C),boxes_translation,boxes_translation,MPE,%,0.06,ok,"ECD/Event-Camera-Dataset. PL-EVIO (E+F+I) SOTA among EIO/EVIO. Baselines: [28]=Zhu, [13]=Rebecq, [14]=Ultimate-SLAM, [47]=Alzugaray-Chli, [29]=EKLT-VIO, [5]=Mono-EIO."
PLEVIO,PL-EVIO,TASE,2024,III,PL-EVIO,yes,E+F+I,metric,"SE3, first 5 s",ECD (DAVIS240C),hdr_boxes,hdr_boxes,MPE,%,0.1,ok,"ECD/Event-Camera-Dataset. PL-EVIO (E+F+I) SOTA among EIO/EVIO. Baselines: [28]=Zhu, [13]=Rebecq, [14]=Ultimate-SLAM, [47]=Alzugaray-Chli, [29]=EKLT-VIO, [5]=Mono-EIO."
PLEVIO,PL-EVIO,TASE,2024,III,PL-EVIO,yes,E+F+I,metric,"SE3, first 5 s",ECD (DAVIS240C),boxes_6dof,boxes_6dof,MPE,%,0.21,ok,"ECD/Event-Camera-Dataset. PL-EVIO (E+F+I) SOTA among EIO/EVIO. Baselines: [28]=Zhu, [13]=Rebecq, [14]=Ultimate-SLAM, [47]=Alzugaray-Chli, [29]=EKLT-VIO, [5]=Mono-EIO."
PLEVIO,PL-EVIO,TASE,2024,III,PL-EVIO,yes,E+F+I,metric,"SE3, first 5 s",ECD (DAVIS240C),dynamic_translation,dynamic_translation,MPE,%,0.24,ok,"ECD/Event-Camera-Dataset. PL-EVIO (E+F+I) SOTA among EIO/EVIO. Baselines: [28]=Zhu, [13]=Rebecq, [14]=Ultimate-SLAM, [47]=Alzugaray-Chli, [29]=EKLT-VIO, [5]=Mono-EIO."
PLEVIO,PL-EVIO,TASE,2024,III,PL-EVIO,yes,E+F+I,metric,"SE3, first 5 s",ECD (DAVIS240C),dynamic_6dof,dynamic_6dof,MPE,%,0.48,ok,"ECD/Event-Camera-Dataset. PL-EVIO (E+F+I) SOTA among EIO/EVIO. Baselines: [28]=Zhu, [13]=Rebecq, [14]=Ultimate-SLAM, [47]=Alzugaray-Chli, [29]=EKLT-VIO, [5]=Mono-EIO."
PLEVIO,PL-EVIO,TASE,2024,III,PL-EVIO,yes,E+F+I,metric,"SE3, first 5 s",ECD (DAVIS240C),poster_translation,poster_translation,MPE,%,0.54,ok,"ECD/Event-Camera-Dataset. PL-EVIO (E+F+I) SOTA among EIO/EVIO. Baselines: [28]=Zhu, [13]=Rebecq, [14]=Ultimate-SLAM, [47]=Alzugaray-Chli, [29]=EKLT-VIO, [5]=Mono-EIO."
PLEVIO,PL-EVIO,TASE,2024,III,PL-EVIO,yes,E+F+I,metric,"SE3, first 5 s",ECD (DAVIS240C),hdr_poster,hdr_poster,MPE,%,0.12,ok,"ECD/Event-Camera-Dataset. PL-EVIO (E+F+I) SOTA among EIO/EVIO. Baselines: [28]=Zhu, [13]=Rebecq, [14]=Ultimate-SLAM, [47]=Alzugaray-Chli, [29]=EKLT-VIO, [5]=Mono-EIO."
PLEVIO,PL-EVIO,TASE,2024,III,PL-EVIO,yes,E+F+I,metric,"SE3, first 5 s",ECD (DAVIS240C),poster_6dof,poster_6dof,MPE,%,0.14,ok,"ECD/Event-Camera-Dataset. PL-EVIO (E+F+I) SOTA among EIO/EVIO. Baselines: [28]=Zhu, [13]=Rebecq, [14]=Ultimate-SLAM, [47]=Alzugaray-Chli, [29]=EKLT-VIO, [5]=Mono-EIO."
PLEVIO,PL-EVIO,TASE,2024,III,PL-EVIO,yes,E+F+I,metric,"SE3, first 5 s",ECD (DAVIS240C),average,average,MPE,%,0.24,ok,"ECD/Event-Camera-Dataset. PL-EVIO (E+F+I) SOTA among EIO/EVIO. Baselines: [28]=Zhu, [13]=Rebecq, [14]=Ultimate-SLAM, [47]=Alzugaray-Chli, [29]=EKLT-VIO, [5]=Mono-EIO."
EDS,EDS,CVPR,2022,2,ESVO,no,Stereo E,metric,SE3 (per-paper),RPG,rpg_bin,rpg_bin,ATE,cm,2.8,ok,EDS vs event-based VO. EVO* (rpg_bin/rpg_box) failed after <=30%. EDS (mono E+F) beats even stereo ESVO without using stereo parallax or IMU.
EDS,EDS,CVPR,2022,2,ESVO,no,Stereo E,metric,SE3 (per-paper),RPG,rpg_box,rpg_box,ATE,cm,5.8,ok,EDS vs event-based VO. EVO* (rpg_bin/rpg_box) failed after <=30%. EDS (mono E+F) beats even stereo ESVO without using stereo parallax or IMU.
EDS,EDS,CVPR,2022,2,ESVO,no,Stereo E,metric,SE3 (per-paper),RPG,rpg_desk,rpg_desk,ATE,cm,3.2,ok,EDS vs event-based VO. EVO* (rpg_bin/rpg_box) failed after <=30%. EDS (mono E+F) beats even stereo ESVO without using stereo parallax or IMU.
EDS,EDS,CVPR,2022,2,ESVO,no,Stereo E,metric,SE3 (per-paper),RPG,rpg_monitor,rpg_monitor,ATE,cm,3.3,ok,EDS vs event-based VO. EVO* (rpg_bin/rpg_box) failed after <=30%. EDS (mono E+F) beats even stereo ESVO without using stereo parallax or IMU.
EDS,EDS,CVPR,2022,2,Ultimate-SLAM,no,E+F+I,metric,SE3 (per-paper),RPG,rpg_bin,rpg_bin,ATE,cm,7.7,ok,EDS vs event-based VO. EVO* (rpg_bin/rpg_box) failed after <=30%. EDS (mono E+F) beats even stereo ESVO without using stereo parallax or IMU.
EDS,EDS,CVPR,2022,2,Ultimate-SLAM,no,E+F+I,metric,SE3 (per-paper),RPG,rpg_box,rpg_box,ATE,cm,9.5,ok,EDS vs event-based VO. EVO* (rpg_bin/rpg_box) failed after <=30%. EDS (mono E+F) beats even stereo ESVO without using stereo parallax or IMU.
EDS,EDS,CVPR,2022,2,Ultimate-SLAM,no,E+F+I,metric,SE3 (per-paper),RPG,rpg_desk,rpg_desk,ATE,cm,9.8,ok,EDS vs event-based VO. EVO* (rpg_bin/rpg_box) failed after <=30%. EDS (mono E+F) beats even stereo ESVO without using stereo parallax or IMU.
EDS,EDS,CVPR,2022,2,Ultimate-SLAM,no,E+F+I,metric,SE3 (per-paper),RPG,rpg_monitor,rpg_monitor,ATE,cm,6.5,ok,EDS vs event-based VO. EVO* (rpg_bin/rpg_box) failed after <=30%. EDS (mono E+F) beats even stereo ESVO without using stereo parallax or IMU.
EDS,EDS,CVPR,2022,2,EVO,no,E,up-to-scale,SE3 (per-paper),RPG,rpg_bin,rpg_bin,ATE,cm,13.2,ok,EDS vs event-based VO. EVO* (rpg_bin/rpg_box) failed after <=30%. EDS (mono E+F) beats even stereo ESVO without using stereo parallax or IMU.
EDS,EDS,CVPR,2022,2,EVO,no,E,up-to-scale,SE3 (per-paper),RPG,rpg_box,rpg_box,ATE,cm,14.2,ok,EDS vs event-based VO. EVO* (rpg_bin/rpg_box) failed after <=30%. EDS (mono E+F) beats even stereo ESVO without using stereo parallax or IMU.
EDS,EDS,CVPR,2022,2,EVO,no,E,up-to-scale,SE3 (per-paper),RPG,rpg_desk,rpg_desk,ATE,cm,5.2,ok,EDS vs event-based VO. EVO* (rpg_bin/rpg_box) failed after <=30%. EDS (mono E+F) beats even stereo ESVO without using stereo parallax or IMU.
EDS,EDS,CVPR,2022,2,EVO,no,E,up-to-scale,SE3 (per-paper),RPG,rpg_monitor,rpg_monitor,ATE,cm,7.8,ok,EDS vs event-based VO. EVO* (rpg_bin/rpg_box) failed after <=30%. EDS (mono E+F) beats even stereo ESVO without using stereo parallax or IMU.
EDS,EDS,CVPR,2022,2,EDS,yes,E+F,up-to-scale,SE3 (per-paper),RPG,rpg_bin,rpg_bin,ATE,cm,1.1,ok,EDS vs event-based VO. EVO* (rpg_bin/rpg_box) failed after <=30%. EDS (mono E+F) beats even stereo ESVO without using stereo parallax or IMU.
EDS,EDS,CVPR,2022,2,EDS,yes,E+F,up-to-scale,SE3 (per-paper),RPG,rpg_box,rpg_box,ATE,cm,2.1,ok,EDS vs event-based VO. EVO* (rpg_bin/rpg_box) failed after <=30%. EDS (mono E+F) beats even stereo ESVO without using stereo parallax or IMU.
EDS,EDS,CVPR,2022,2,EDS,yes,E+F,up-to-scale,SE3 (per-paper),RPG,rpg_desk,rpg_desk,ATE,cm,1.5,ok,EDS vs event-based VO. EVO* (rpg_bin/rpg_box) failed after <=30%. EDS (mono E+F) beats even stereo ESVO without using stereo parallax or IMU.
EDS,EDS,CVPR,2022,2,EDS,yes,E+F,up-to-scale,SE3 (per-paper),RPG,rpg_monitor,rpg_monitor,ATE,cm,1.0,ok,EDS vs event-based VO. EVO* (rpg_bin/rpg_box) failed after <=30%. EDS (mono E+F) beats even stereo ESVO without using stereo parallax or IMU.
EDS,EDS,CVPR,2022,2,ESVO,no,Stereo E,metric,SE3 (per-paper),RPG,rpg_bin,rpg_bin,ARE,deg,7.61,ok,Rotation error column of EDS Table 2. EVO* = failed <=30%.
EDS,EDS,CVPR,2022,2,ESVO,no,Stereo E,metric,SE3 (per-paper),RPG,rpg_box,rpg_box,ARE,deg,9.46,ok,Rotation error column of EDS Table 2. EVO* = failed <=30%.
EDS,EDS,CVPR,2022,2,ESVO,no,Stereo E,metric,SE3 (per-paper),RPG,rpg_desk,rpg_desk,ARE,deg,7.25,ok,Rotation error column of EDS Table 2. EVO* = failed <=30%.
EDS,EDS,CVPR,2022,2,ESVO,no,Stereo E,metric,SE3 (per-paper),RPG,rpg_monitor,rpg_monitor,ARE,deg,2.74,ok,Rotation error column of EDS Table 2. EVO* = failed <=30%.
EDS,EDS,CVPR,2022,2,Ultimate-SLAM,no,E+F+I,metric,SE3 (per-paper),RPG,rpg_bin,rpg_bin,ARE,deg,7.18,ok,Rotation error column of EDS Table 2. EVO* = failed <=30%.
EDS,EDS,CVPR,2022,2,Ultimate-SLAM,no,E+F+I,metric,SE3 (per-paper),RPG,rpg_box,rpg_box,ARE,deg,8.84,ok,Rotation error column of EDS Table 2. EVO* = failed <=30%.
EDS,EDS,CVPR,2022,2,Ultimate-SLAM,no,E+F+I,metric,SE3 (per-paper),RPG,rpg_desk,rpg_desk,ARE,deg,32.46,ok,Rotation error column of EDS Table 2. EVO* = failed <=30%.
EDS,EDS,CVPR,2022,2,Ultimate-SLAM,no,E+F+I,metric,SE3 (per-paper),RPG,rpg_monitor,rpg_monitor,ARE,deg,7.01,ok,Rotation error column of EDS Table 2. EVO* = failed <=30%.
EDS,EDS,CVPR,2022,2,EVO,no,E,up-to-scale,SE3 (per-paper),RPG,rpg_bin,rpg_bin,ARE,deg,50.26,ok,Rotation error column of EDS Table 2. EVO* = failed <=30%.
EDS,EDS,CVPR,2022,2,EVO,no,E,up-to-scale,SE3 (per-paper),RPG,rpg_box,rpg_box,ARE,deg,170.36,ok,Rotation error column of EDS Table 2. EVO* = failed <=30%.
EDS,EDS,CVPR,2022,2,EVO,no,E,up-to-scale,SE3 (per-paper),RPG,rpg_desk,rpg_desk,ARE,deg,8.25,ok,Rotation error column of EDS Table 2. EVO* = failed <=30%.
EDS,EDS,CVPR,2022,2,EVO,no,E,up-to-scale,SE3 (per-paper),RPG,rpg_monitor,rpg_monitor,ARE,deg,7.77,ok,Rotation error column of EDS Table 2. EVO* = failed <=30%.
EDS,EDS,CVPR,2022,2,EDS,yes,E+F,up-to-scale,SE3 (per-paper),RPG,rpg_bin,rpg_bin,ARE,deg,0.99,ok,Rotation error column of EDS Table 2. EVO* = failed <=30%.
EDS,EDS,CVPR,2022,2,EDS,yes,E+F,up-to-scale,SE3 (per-paper),RPG,rpg_box,rpg_box,ARE,deg,1.83,ok,Rotation error column of EDS Table 2. EVO* = failed <=30%.
EDS,EDS,CVPR,2022,2,EDS,yes,E+F,up-to-scale,SE3 (per-paper),RPG,rpg_desk,rpg_desk,ARE,deg,1.87,ok,Rotation error column of EDS Table 2. EVO* = failed <=30%.
EDS,EDS,CVPR,2022,2,EDS,yes,E+F,up-to-scale,SE3 (per-paper),RPG,rpg_monitor,rpg_monitor,ARE,deg,0.6,ok,Rotation error column of EDS Table 2. EVO* = failed <=30%.
EDS,EDS,CVPR,2022,3,ORB-SLAM (stereo),no,Stereo F,metric,SE3 (per-paper),RPG,rpg_bin,rpg_bin,ATE,cm,0.7,ok,EDS vs frame-based VO. ORB-SLAM(F+F)=stereo+BA is best overall; EDS ~ DSO and beats mono ORB-SLAM. DSO-dagger runs on E2VID-reconstructed frames; '-' = failed.
EDS,EDS,CVPR,2022,3,ORB-SLAM (stereo),no,Stereo F,metric,SE3 (per-paper),RPG,rpg_box,rpg_box,ATE,cm,1.6,ok,EDS vs frame-based VO. ORB-SLAM(F+F)=stereo+BA is best overall; EDS ~ DSO and beats mono ORB-SLAM. DSO-dagger runs on E2VID-reconstructed frames; '-' = failed.
EDS,EDS,CVPR,2022,3,ORB-SLAM (stereo),no,Stereo F,metric,SE3 (per-paper),RPG,rpg_desk,rpg_desk,ATE,cm,1.8,ok,EDS vs frame-based VO. ORB-SLAM(F+F)=stereo+BA is best overall; EDS ~ DSO and beats mono ORB-SLAM. DSO-dagger runs on E2VID-reconstructed frames; '-' = failed.
EDS,EDS,CVPR,2022,3,ORB-SLAM (stereo),no,Stereo F,metric,SE3 (per-paper),RPG,rpg_monitor,rpg_monitor,ATE,cm,0.8,ok,EDS vs frame-based VO. ORB-SLAM(F+F)=stereo+BA is best overall; EDS ~ DSO and beats mono ORB-SLAM. DSO-dagger runs on E2VID-reconstructed frames; '-' = failed.
EDS,EDS,CVPR,2022,3,ORB-SLAM (mono),no,F,up-to-scale,SE3 (per-paper),RPG,rpg_bin,rpg_bin,ATE,cm,2.4,ok,EDS vs frame-based VO. ORB-SLAM(F+F)=stereo+BA is best overall; EDS ~ DSO and beats mono ORB-SLAM. DSO-dagger runs on E2VID-reconstructed frames; '-' = failed.
EDS,EDS,CVPR,2022,3,ORB-SLAM (mono),no,F,up-to-scale,SE3 (per-paper),RPG,rpg_box,rpg_box,ATE,cm,3.9,ok,EDS vs frame-based VO. ORB-SLAM(F+F)=stereo+BA is best overall; EDS ~ DSO and beats mono ORB-SLAM. DSO-dagger runs on E2VID-reconstructed frames; '-' = failed.
EDS,EDS,CVPR,2022,3,ORB-SLAM (mono),no,F,up-to-scale,SE3 (per-paper),RPG,rpg_desk,rpg_desk,ATE,cm,3.8,ok,EDS vs frame-based VO. ORB-SLAM(F+F)=stereo+BA is best overall; EDS ~ DSO and beats mono ORB-SLAM. DSO-dagger runs on E2VID-reconstructed frames; '-' = failed.
EDS,EDS,CVPR,2022,3,ORB-SLAM (mono),no,F,up-to-scale,SE3 (per-paper),RPG,rpg_monitor,rpg_monitor,ATE,cm,3.1,ok,EDS vs frame-based VO. ORB-SLAM(F+F)=stereo+BA is best overall; EDS ~ DSO and beats mono ORB-SLAM. DSO-dagger runs on E2VID-reconstructed frames; '-' = failed.
EDS,EDS,CVPR,2022,3,DSO,no,F,up-to-scale,SE3 (per-paper),RPG,rpg_bin,rpg_bin,ATE,cm,1.1,ok,EDS vs frame-based VO. ORB-SLAM(F+F)=stereo+BA is best overall; EDS ~ DSO and beats mono ORB-SLAM. DSO-dagger runs on E2VID-reconstructed frames; '-' = failed.
EDS,EDS,CVPR,2022,3,DSO,no,F,up-to-scale,SE3 (per-paper),RPG,rpg_box,rpg_box,ATE,cm,2.0,ok,EDS vs frame-based VO. ORB-SLAM(F+F)=stereo+BA is best overall; EDS ~ DSO and beats mono ORB-SLAM. DSO-dagger runs on E2VID-reconstructed frames; '-' = failed.
EDS,EDS,CVPR,2022,3,DSO,no,F,up-to-scale,SE3 (per-paper),RPG,rpg_desk,rpg_desk,ATE,cm,10.0,ok,EDS vs frame-based VO. ORB-SLAM(F+F)=stereo+BA is best overall; EDS ~ DSO and beats mono ORB-SLAM. DSO-dagger runs on E2VID-reconstructed frames; '-' = failed.
EDS,EDS,CVPR,2022,3,DSO,no,F,up-to-scale,SE3 (per-paper),RPG,rpg_monitor,rpg_monitor,ATE,cm,0.9,ok,EDS vs frame-based VO. ORB-SLAM(F+F)=stereo+BA is best overall; EDS ~ DSO and beats mono ORB-SLAM. DSO-dagger runs on E2VID-reconstructed frames; '-' = failed.
EDS,EDS,CVPR,2022,3,DSO-dagger (E2VID),no,F,up-to-scale,SE3 (per-paper),RPG,rpg_bin,rpg_bin,ATE,cm,,failed,EDS vs frame-based VO. ORB-SLAM(F+F)=stereo+BA is best overall; EDS ~ DSO and beats mono ORB-SLAM. DSO-dagger runs on E2VID-reconstructed frames; '-' = failed.
EDS,EDS,CVPR,2022,3,DSO-dagger (E2VID),no,F,up-to-scale,SE3 (per-paper),RPG,rpg_box,rpg_box,ATE,cm,,failed,EDS vs frame-based VO. ORB-SLAM(F+F)=stereo+BA is best overall; EDS ~ DSO and beats mono ORB-SLAM. DSO-dagger runs on E2VID-reconstructed frames; '-' = failed.
EDS,EDS,CVPR,2022,3,DSO-dagger (E2VID),no,F,up-to-scale,SE3 (per-paper),RPG,rpg_desk,rpg_desk,ATE,cm,1.6,ok,EDS vs frame-based VO. ORB-SLAM(F+F)=stereo+BA is best overall; EDS ~ DSO and beats mono ORB-SLAM. DSO-dagger runs on E2VID-reconstructed frames; '-' = failed.
EDS,EDS,CVPR,2022,3,DSO-dagger (E2VID),no,F,up-to-scale,SE3 (per-paper),RPG,rpg_monitor,rpg_monitor,ATE,cm,2.1,ok,EDS vs frame-based VO. ORB-SLAM(F+F)=stereo+BA is best overall; EDS ~ DSO and beats mono ORB-SLAM. DSO-dagger runs on E2VID-reconstructed frames; '-' = failed.
EDS,EDS,CVPR,2022,3,EDS,yes,E+F,up-to-scale,SE3 (per-paper),RPG,rpg_bin,rpg_bin,ATE,cm,1.1,ok,EDS vs frame-based VO. ORB-SLAM(F+F)=stereo+BA is best overall; EDS ~ DSO and beats mono ORB-SLAM. DSO-dagger runs on E2VID-reconstructed frames; '-' = failed.
EDS,EDS,CVPR,2022,3,EDS,yes,E+F,up-to-scale,SE3 (per-paper),RPG,rpg_box,rpg_box,ATE,cm,2.1,ok,EDS vs frame-based VO. ORB-SLAM(F+F)=stereo+BA is best overall; EDS ~ DSO and beats mono ORB-SLAM. DSO-dagger runs on E2VID-reconstructed frames; '-' = failed.
EDS,EDS,CVPR,2022,3,EDS,yes,E+F,up-to-scale,SE3 (per-paper),RPG,rpg_desk,rpg_desk,ATE,cm,1.5,ok,EDS vs frame-based VO. ORB-SLAM(F+F)=stereo+BA is best overall; EDS ~ DSO and beats mono ORB-SLAM. DSO-dagger runs on E2VID-reconstructed frames; '-' = failed.
EDS,EDS,CVPR,2022,3,EDS,yes,E+F,up-to-scale,SE3 (per-paper),RPG,rpg_monitor,rpg_monitor,ATE,cm,1.0,ok,EDS vs frame-based VO. ORB-SLAM(F+F)=stereo+BA is best overall; EDS ~ DSO and beats mono ORB-SLAM. DSO-dagger runs on E2VID-reconstructed frames; '-' = failed.
ZHU_EVIO,EVIO (Zhu),CVPR,2017,1,EVIO (Zhu),yes,E+I,metric,SE3,ECD (DAVIS240C),shapes_translation,shapes_translation,MPE,%,2.42,ok,Zhu's EVIO vs a KLT-frame VIO baseline. These EVIO numbers are exactly the 'Zhu et al.' baseline later cited by PL-EVIO/DEIO.
ZHU_EVIO,EVIO (Zhu),CVPR,2017,1,EVIO (Zhu),yes,E+I,metric,SE3,ECD (DAVIS240C),shapes_6dof,shapes_6dof,MPE,%,2.69,ok,Zhu's EVIO vs a KLT-frame VIO baseline. These EVIO numbers are exactly the 'Zhu et al.' baseline later cited by PL-EVIO/DEIO.
ZHU_EVIO,EVIO (Zhu),CVPR,2017,1,EVIO (Zhu),yes,E+I,metric,SE3,ECD (DAVIS240C),poster_translation,poster_translation,MPE,%,0.94,ok,Zhu's EVIO vs a KLT-frame VIO baseline. These EVIO numbers are exactly the 'Zhu et al.' baseline later cited by PL-EVIO/DEIO.
ZHU_EVIO,EVIO (Zhu),CVPR,2017,1,EVIO (Zhu),yes,E+I,metric,SE3,ECD (DAVIS240C),poster_6dof,poster_6dof,MPE,%,3.56,ok,Zhu's EVIO vs a KLT-frame VIO baseline. These EVIO numbers are exactly the 'Zhu et al.' baseline later cited by PL-EVIO/DEIO.
ZHU_EVIO,EVIO (Zhu),CVPR,2017,1,EVIO (Zhu),yes,E+I,metric,SE3,ECD (DAVIS240C),hdr_poster,hdr_poster,MPE,%,2.63,ok,Zhu's EVIO vs a KLT-frame VIO baseline. These EVIO numbers are exactly the 'Zhu et al.' baseline later cited by PL-EVIO/DEIO.
ZHU_EVIO,EVIO (Zhu),CVPR,2017,1,EVIO (Zhu),yes,E+I,metric,SE3,ECD (DAVIS240C),boxes_translation,boxes_translation,MPE,%,2.69,ok,Zhu's EVIO vs a KLT-frame VIO baseline. These EVIO numbers are exactly the 'Zhu et al.' baseline later cited by PL-EVIO/DEIO.
ZHU_EVIO,EVIO (Zhu),CVPR,2017,1,EVIO (Zhu),yes,E+I,metric,SE3,ECD (DAVIS240C),boxes_6dof,boxes_6dof,MPE,%,3.61,ok,Zhu's EVIO vs a KLT-frame VIO baseline. These EVIO numbers are exactly the 'Zhu et al.' baseline later cited by PL-EVIO/DEIO.
ZHU_EVIO,EVIO (Zhu),CVPR,2017,1,EVIO (Zhu),yes,E+I,metric,SE3,ECD (DAVIS240C),hdr_boxes,hdr_boxes,MPE,%,1.23,ok,Zhu's EVIO vs a KLT-frame VIO baseline. These EVIO numbers are exactly the 'Zhu et al.' baseline later cited by PL-EVIO/DEIO.
ZHU_EVIO,EVIO (Zhu),CVPR,2017,1,EVIO (Zhu),yes,E+I,metric,SE3,ECD (DAVIS240C),dynamic_translation,dynamic_translation,MPE,%,1.9,ok,Zhu's EVIO vs a KLT-frame VIO baseline. These EVIO numbers are exactly the 'Zhu et al.' baseline later cited by PL-EVIO/DEIO.
ZHU_EVIO,EVIO (Zhu),CVPR,2017,1,EVIO (Zhu),yes,E+I,metric,SE3,ECD (DAVIS240C),dynamic_6dof,dynamic_6dof,MPE,%,4.07,ok,Zhu's EVIO vs a KLT-frame VIO baseline. These EVIO numbers are exactly the 'Zhu et al.' baseline later cited by PL-EVIO/DEIO.
ZHU_EVIO,EVIO (Zhu),CVPR,2017,1,KLT-VIO,no,F+I,metric,SE3,ECD (DAVIS240C),shapes_translation,shapes_translation,MPE,%,1.98,ok,Zhu's EVIO vs a KLT-frame VIO baseline. These EVIO numbers are exactly the 'Zhu et al.' baseline later cited by PL-EVIO/DEIO.
ZHU_EVIO,EVIO (Zhu),CVPR,2017,1,KLT-VIO,no,F+I,metric,SE3,ECD (DAVIS240C),shapes_6dof,shapes_6dof,MPE,%,8.95,ok,Zhu's EVIO vs a KLT-frame VIO baseline. These EVIO numbers are exactly the 'Zhu et al.' baseline later cited by PL-EVIO/DEIO.
ZHU_EVIO,EVIO (Zhu),CVPR,2017,1,KLT-VIO,no,F+I,metric,SE3,ECD (DAVIS240C),poster_translation,poster_translation,MPE,%,0.97,ok,Zhu's EVIO vs a KLT-frame VIO baseline. These EVIO numbers are exactly the 'Zhu et al.' baseline later cited by PL-EVIO/DEIO.
ZHU_EVIO,EVIO (Zhu),CVPR,2017,1,KLT-VIO,no,F+I,metric,SE3,ECD (DAVIS240C),poster_6dof,poster_6dof,MPE,%,2.17,ok,Zhu's EVIO vs a KLT-frame VIO baseline. These EVIO numbers are exactly the 'Zhu et al.' baseline later cited by PL-EVIO/DEIO.
ZHU_EVIO,EVIO (Zhu),CVPR,2017,1,KLT-VIO,no,F+I,metric,SE3,ECD (DAVIS240C),hdr_poster,hdr_poster,MPE,%,2.67,ok,Zhu's EVIO vs a KLT-frame VIO baseline. These EVIO numbers are exactly the 'Zhu et al.' baseline later cited by PL-EVIO/DEIO.
ZHU_EVIO,EVIO (Zhu),CVPR,2017,1,KLT-VIO,no,F+I,metric,SE3,ECD (DAVIS240C),boxes_translation,boxes_translation,MPE,%,2.28,ok,Zhu's EVIO vs a KLT-frame VIO baseline. These EVIO numbers are exactly the 'Zhu et al.' baseline later cited by PL-EVIO/DEIO.
ZHU_EVIO,EVIO (Zhu),CVPR,2017,1,KLT-VIO,no,F+I,metric,SE3,ECD (DAVIS240C),boxes_6dof,boxes_6dof,MPE,%,2.91,ok,Zhu's EVIO vs a KLT-frame VIO baseline. These EVIO numbers are exactly the 'Zhu et al.' baseline later cited by PL-EVIO/DEIO.
ZHU_EVIO,EVIO (Zhu),CVPR,2017,1,KLT-VIO,no,F+I,metric,SE3,ECD (DAVIS240C),hdr_boxes,hdr_boxes,MPE,%,5.65,ok,Zhu's EVIO vs a KLT-frame VIO baseline. These EVIO numbers are exactly the 'Zhu et al.' baseline later cited by PL-EVIO/DEIO.
ZHU_EVIO,EVIO (Zhu),CVPR,2017,1,KLT-VIO,no,F+I,metric,SE3,ECD (DAVIS240C),dynamic_translation,dynamic_translation,MPE,%,2.12,ok,Zhu's EVIO vs a KLT-frame VIO baseline. These EVIO numbers are exactly the 'Zhu et al.' baseline later cited by PL-EVIO/DEIO.
ZHU_EVIO,EVIO (Zhu),CVPR,2017,1,KLT-VIO,no,F+I,metric,SE3,ECD (DAVIS240C),dynamic_6dof,dynamic_6dof,MPE,%,4.49,ok,Zhu's EVIO vs a KLT-frame VIO baseline. These EVIO numbers are exactly the 'Zhu et al.' baseline later cited by PL-EVIO/DEIO.
ZHU_EVIO,EVIO (Zhu),CVPR,2017,1,EVIO (Zhu),yes,E+I,metric,SE3,ECD (DAVIS240C),shapes_translation,shapes_translation,MRE,deg/m,0.52,ok,Rotation error column of Zhu Table 1.
ZHU_EVIO,EVIO (Zhu),CVPR,2017,1,EVIO (Zhu),yes,E+I,metric,SE3,ECD (DAVIS240C),shapes_6dof,shapes_6dof,MRE,deg/m,0.4,ok,Rotation error column of Zhu Table 1.
ZHU_EVIO,EVIO (Zhu),CVPR,2017,1,EVIO (Zhu),yes,E+I,metric,SE3,ECD (DAVIS240C),poster_translation,poster_translation,MRE,deg/m,0.02,ok,Rotation error column of Zhu Table 1.
ZHU_EVIO,EVIO (Zhu),CVPR,2017,1,EVIO (Zhu),yes,E+I,metric,SE3,ECD (DAVIS240C),poster_6dof,poster_6dof,MRE,deg/m,0.56,ok,Rotation error column of Zhu Table 1.
ZHU_EVIO,EVIO (Zhu),CVPR,2017,1,EVIO (Zhu),yes,E+I,metric,SE3,ECD (DAVIS240C),hdr_poster,hdr_poster,MRE,deg/m,0.11,ok,Rotation error column of Zhu Table 1.
ZHU_EVIO,EVIO (Zhu),CVPR,2017,1,EVIO (Zhu),yes,E+I,metric,SE3,ECD (DAVIS240C),boxes_translation,boxes_translation,MRE,deg/m,0.09,ok,Rotation error column of Zhu Table 1.
ZHU_EVIO,EVIO (Zhu),CVPR,2017,1,EVIO (Zhu),yes,E+I,metric,SE3,ECD (DAVIS240C),boxes_6dof,boxes_6dof,MRE,deg/m,0.34,ok,Rotation error column of Zhu Table 1.
ZHU_EVIO,EVIO (Zhu),CVPR,2017,1,EVIO (Zhu),yes,E+I,metric,SE3,ECD (DAVIS240C),hdr_boxes,hdr_boxes,MRE,deg/m,0.05,ok,Rotation error column of Zhu Table 1.
ZHU_EVIO,EVIO (Zhu),CVPR,2017,1,EVIO (Zhu),yes,E+I,metric,SE3,ECD (DAVIS240C),dynamic_translation,dynamic_translation,MRE,deg/m,0.02,ok,Rotation error column of Zhu Table 1.
ZHU_EVIO,EVIO (Zhu),CVPR,2017,1,EVIO (Zhu),yes,E+I,metric,SE3,ECD (DAVIS240C),dynamic_6dof,dynamic_6dof,MRE,deg/m,0.56,ok,Rotation error column of Zhu Table 1.
ZHU_EVIO,EVIO (Zhu),CVPR,2017,1,KLT-VIO,no,F+I,metric,SE3,ECD (DAVIS240C),shapes_translation,shapes_translation,MRE,deg/m,0.04,ok,Rotation error column of Zhu Table 1.
ZHU_EVIO,EVIO (Zhu),CVPR,2017,1,KLT-VIO,no,F+I,metric,SE3,ECD (DAVIS240C),shapes_6dof,shapes_6dof,MRE,deg/m,0.06,ok,Rotation error column of Zhu Table 1.
ZHU_EVIO,EVIO (Zhu),CVPR,2017,1,KLT-VIO,no,F+I,metric,SE3,ECD (DAVIS240C),poster_translation,poster_translation,MRE,deg/m,0.01,ok,Rotation error column of Zhu Table 1.
ZHU_EVIO,EVIO (Zhu),CVPR,2017,1,KLT-VIO,no,F+I,metric,SE3,ECD (DAVIS240C),poster_6dof,poster_6dof,MRE,deg/m,0.08,ok,Rotation error column of Zhu Table 1.
ZHU_EVIO,EVIO (Zhu),CVPR,2017,1,KLT-VIO,no,F+I,metric,SE3,ECD (DAVIS240C),hdr_poster,hdr_poster,MRE,deg/m,0.09,ok,Rotation error column of Zhu Table 1.
ZHU_EVIO,EVIO (Zhu),CVPR,2017,1,KLT-VIO,no,F+I,metric,SE3,ECD (DAVIS240C),boxes_translation,boxes_translation,MRE,deg/m,0.01,ok,Rotation error column of Zhu Table 1.
ZHU_EVIO,EVIO (Zhu),CVPR,2017,1,KLT-VIO,no,F+I,metric,SE3,ECD (DAVIS240C),boxes_6dof,boxes_6dof,MRE,deg/m,0.03,ok,Rotation error column of Zhu Table 1.
ZHU_EVIO,EVIO (Zhu),CVPR,2017,1,KLT-VIO,no,F+I,metric,SE3,ECD (DAVIS240C),hdr_boxes,hdr_boxes,MRE,deg/m,0.11,ok,Rotation error column of Zhu Table 1.
ZHU_EVIO,EVIO (Zhu),CVPR,2017,1,KLT-VIO,no,F+I,metric,SE3,ECD (DAVIS240C),dynamic_translation,dynamic_translation,MRE,deg/m,0.03,ok,Rotation error column of Zhu Table 1.
ZHU_EVIO,EVIO (Zhu),CVPR,2017,1,KLT-VIO,no,F+I,metric,SE3,ECD (DAVIS240C),dynamic_6dof,dynamic_6dof,MRE,deg/m,0.05,ok,Rotation error column of Zhu Table 1.
ULTIMATE_SLAM,Ultimate SLAM,RAL,2018,I,Ultimate-SLAM (Fr+E+I),yes,E+F+I,metric,"SE3, 5s (3-8s)",ECD (DAVIS240C),boxes_6dof,boxes_6dof,MPE,%,0.3,ok,Sensor-suite ablation: combining frames+events+IMU gives ~85% better accuracy than frames+IMU and ~130% better than events+IMU on average.
ULTIMATE_SLAM,Ultimate SLAM,RAL,2018,I,Ultimate-SLAM (Fr+E+I),yes,E+F+I,metric,"SE3, 5s (3-8s)",ECD (DAVIS240C),boxes_translation,boxes_translation,MPE,%,0.27,ok,Sensor-suite ablation: combining frames+events+IMU gives ~85% better accuracy than frames+IMU and ~130% better than events+IMU on average.
ULTIMATE_SLAM,Ultimate SLAM,RAL,2018,I,Ultimate-SLAM (Fr+E+I),yes,E+F+I,metric,"SE3, 5s (3-8s)",ECD (DAVIS240C),dynamic_6dof,dynamic_6dof,MPE,%,0.19,ok,Sensor-suite ablation: combining frames+events+IMU gives ~85% better accuracy than frames+IMU and ~130% better than events+IMU on average.
ULTIMATE_SLAM,Ultimate SLAM,RAL,2018,I,Ultimate-SLAM (Fr+E+I),yes,E+F+I,metric,"SE3, 5s (3-8s)",ECD (DAVIS240C),dynamic_translation,dynamic_translation,MPE,%,0.18,ok,Sensor-suite ablation: combining frames+events+IMU gives ~85% better accuracy than frames+IMU and ~130% better than events+IMU on average.
ULTIMATE_SLAM,Ultimate SLAM,RAL,2018,I,Ultimate-SLAM (Fr+E+I),yes,E+F+I,metric,"SE3, 5s (3-8s)",ECD (DAVIS240C),hdr_boxes,hdr_boxes,MPE,%,0.37,ok,Sensor-suite ablation: combining frames+events+IMU gives ~85% better accuracy than frames+IMU and ~130% better than events+IMU on average.
ULTIMATE_SLAM,Ultimate SLAM,RAL,2018,I,Ultimate-SLAM (Fr+E+I),yes,E+F+I,metric,"SE3, 5s (3-8s)",ECD (DAVIS240C),hdr_poster,hdr_poster,MPE,%,0.31,ok,Sensor-suite ablation: combining frames+events+IMU gives ~85% better accuracy than frames+IMU and ~130% better than events+IMU on average.
ULTIMATE_SLAM,Ultimate SLAM,RAL,2018,I,Ultimate-SLAM (Fr+E+I),yes,E+F+I,metric,"SE3, 5s (3-8s)",ECD (DAVIS240C),poster_6dof,poster_6dof,MPE,%,0.28,ok,Sensor-suite ablation: combining frames+events+IMU gives ~85% better accuracy than frames+IMU and ~130% better than events+IMU on average.
ULTIMATE_SLAM,Ultimate SLAM,RAL,2018,I,Ultimate-SLAM (Fr+E+I),yes,E+F+I,metric,"SE3, 5s (3-8s)",ECD (DAVIS240C),poster_translation,poster_translation,MPE,%,0.12,ok,Sensor-suite ablation: combining frames+events+IMU gives ~85% better accuracy than frames+IMU and ~130% better than events+IMU on average.
ULTIMATE_SLAM,Ultimate SLAM,RAL,2018,I,Ultimate-SLAM (Fr+E+I),yes,E+F+I,metric,"SE3, 5s (3-8s)",ECD (DAVIS240C),shapes_6dof,shapes_6dof,MPE,%,0.1,ok,Sensor-suite ablation: combining frames+events+IMU gives ~85% better accuracy than frames+IMU and ~130% better than events+IMU on average.
ULTIMATE_SLAM,Ultimate SLAM,RAL,2018,I,Ultimate-SLAM (Fr+E+I),yes,E+F+I,metric,"SE3, 5s (3-8s)",ECD (DAVIS240C),shapes_translation,shapes_translation,MPE,%,0.26,ok,Sensor-suite ablation: combining frames+events+IMU gives ~85% better accuracy than frames+IMU and ~130% better than events+IMU on average.
ULTIMATE_SLAM,Ultimate SLAM,RAL,2018,I,Ultimate-SLAM (E+I),no,E+I,metric,"SE3, 5s (3-8s)",ECD (DAVIS240C),boxes_6dof,boxes_6dof,MPE,%,0.44,ok,Sensor-suite ablation: combining frames+events+IMU gives ~85% better accuracy than frames+IMU and ~130% better than events+IMU on average.
ULTIMATE_SLAM,Ultimate SLAM,RAL,2018,I,Ultimate-SLAM (E+I),no,E+I,metric,"SE3, 5s (3-8s)",ECD (DAVIS240C),boxes_translation,boxes_translation,MPE,%,0.76,ok,Sensor-suite ablation: combining frames+events+IMU gives ~85% better accuracy than frames+IMU and ~130% better than events+IMU on average.
ULTIMATE_SLAM,Ultimate SLAM,RAL,2018,I,Ultimate-SLAM (E+I),no,E+I,metric,"SE3, 5s (3-8s)",ECD (DAVIS240C),dynamic_6dof,dynamic_6dof,MPE,%,0.38,ok,Sensor-suite ablation: combining frames+events+IMU gives ~85% better accuracy than frames+IMU and ~130% better than events+IMU on average.
ULTIMATE_SLAM,Ultimate SLAM,RAL,2018,I,Ultimate-SLAM (E+I),no,E+I,metric,"SE3, 5s (3-8s)",ECD (DAVIS240C),dynamic_translation,dynamic_translation,MPE,%,0.59,ok,Sensor-suite ablation: combining frames+events+IMU gives ~85% better accuracy than frames+IMU and ~130% better than events+IMU on average.
ULTIMATE_SLAM,Ultimate SLAM,RAL,2018,I,Ultimate-SLAM (E+I),no,E+I,metric,"SE3, 5s (3-8s)",ECD (DAVIS240C),hdr_boxes,hdr_boxes,MPE,%,0.67,ok,Sensor-suite ablation: combining frames+events+IMU gives ~85% better accuracy than frames+IMU and ~130% better than events+IMU on average.
ULTIMATE_SLAM,Ultimate SLAM,RAL,2018,I,Ultimate-SLAM (E+I),no,E+I,metric,"SE3, 5s (3-8s)",ECD (DAVIS240C),hdr_poster,hdr_poster,MPE,%,0.49,ok,Sensor-suite ablation: combining frames+events+IMU gives ~85% better accuracy than frames+IMU and ~130% better than events+IMU on average.
ULTIMATE_SLAM,Ultimate SLAM,RAL,2018,I,Ultimate-SLAM (E+I),no,E+I,metric,"SE3, 5s (3-8s)",ECD (DAVIS240C),poster_6dof,poster_6dof,MPE,%,0.3,ok,Sensor-suite ablation: combining frames+events+IMU gives ~85% better accuracy than frames+IMU and ~130% better than events+IMU on average.
ULTIMATE_SLAM,Ultimate SLAM,RAL,2018,I,Ultimate-SLAM (E+I),no,E+I,metric,"SE3, 5s (3-8s)",ECD (DAVIS240C),poster_translation,poster_translation,MPE,%,0.15,ok,Sensor-suite ablation: combining frames+events+IMU gives ~85% better accuracy than frames+IMU and ~130% better than events+IMU on average.
ULTIMATE_SLAM,Ultimate SLAM,RAL,2018,I,Ultimate-SLAM (E+I),no,E+I,metric,"SE3, 5s (3-8s)",ECD (DAVIS240C),shapes_6dof,shapes_6dof,MPE,%,0.48,ok,Sensor-suite ablation: combining frames+events+IMU gives ~85% better accuracy than frames+IMU and ~130% better than events+IMU on average.
ULTIMATE_SLAM,Ultimate SLAM,RAL,2018,I,Ultimate-SLAM (E+I),no,E+I,metric,"SE3, 5s (3-8s)",ECD (DAVIS240C),shapes_translation,shapes_translation,MPE,%,0.41,ok,Sensor-suite ablation: combining frames+events+IMU gives ~85% better accuracy than frames+IMU and ~130% better than events+IMU on average.
ULTIMATE_SLAM,Ultimate SLAM,RAL,2018,I,Ultimate-SLAM (Fr+I),no,F+I,metric,"SE3, 5s (3-8s)",ECD (DAVIS240C),boxes_6dof,boxes_6dof,MPE,%,0.3,ok,Sensor-suite ablation: combining frames+events+IMU gives ~85% better accuracy than frames+IMU and ~130% better than events+IMU on average.
ULTIMATE_SLAM,Ultimate SLAM,RAL,2018,I,Ultimate-SLAM (Fr+I),no,F+I,metric,"SE3, 5s (3-8s)",ECD (DAVIS240C),boxes_translation,boxes_translation,MPE,%,0.17,ok,Sensor-suite ablation: combining frames+events+IMU gives ~85% better accuracy than frames+IMU and ~130% better than events+IMU on average.
ULTIMATE_SLAM,Ultimate SLAM,RAL,2018,I,Ultimate-SLAM (Fr+I),no,F+I,metric,"SE3, 5s (3-8s)",ECD (DAVIS240C),dynamic_6dof,dynamic_6dof,MPE,%,0.62,ok,Sensor-suite ablation: combining frames+events+IMU gives ~85% better accuracy than frames+IMU and ~130% better than events+IMU on average.
ULTIMATE_SLAM,Ultimate SLAM,RAL,2018,I,Ultimate-SLAM (Fr+I),no,F+I,metric,"SE3, 5s (3-8s)",ECD (DAVIS240C),dynamic_translation,dynamic_translation,MPE,%,0.67,ok,Sensor-suite ablation: combining frames+events+IMU gives ~85% better accuracy than frames+IMU and ~130% better than events+IMU on average.
ULTIMATE_SLAM,Ultimate SLAM,RAL,2018,I,Ultimate-SLAM (Fr+I),no,F+I,metric,"SE3, 5s (3-8s)",ECD (DAVIS240C),hdr_boxes,hdr_boxes,MPE,%,0.78,ok,Sensor-suite ablation: combining frames+events+IMU gives ~85% better accuracy than frames+IMU and ~130% better than events+IMU on average.
ULTIMATE_SLAM,Ultimate SLAM,RAL,2018,I,Ultimate-SLAM (Fr+I),no,F+I,metric,"SE3, 5s (3-8s)",ECD (DAVIS240C),hdr_poster,hdr_poster,MPE,%,0.28,ok,Sensor-suite ablation: combining frames+events+IMU gives ~85% better accuracy than frames+IMU and ~130% better than events+IMU on average.
ULTIMATE_SLAM,Ultimate SLAM,RAL,2018,I,Ultimate-SLAM (Fr+I),no,F+I,metric,"SE3, 5s (3-8s)",ECD (DAVIS240C),poster_6dof,poster_6dof,MPE,%,0.59,ok,Sensor-suite ablation: combining frames+events+IMU gives ~85% better accuracy than frames+IMU and ~130% better than events+IMU on average.
ULTIMATE_SLAM,Ultimate SLAM,RAL,2018,I,Ultimate-SLAM (Fr+I),no,F+I,metric,"SE3, 5s (3-8s)",ECD (DAVIS240C),poster_translation,poster_translation,MPE,%,0.23,ok,Sensor-suite ablation: combining frames+events+IMU gives ~85% better accuracy than frames+IMU and ~130% better than events+IMU on average.
ULTIMATE_SLAM,Ultimate SLAM,RAL,2018,I,Ultimate-SLAM (Fr+I),no,F+I,metric,"SE3, 5s (3-8s)",ECD (DAVIS240C),shapes_6dof,shapes_6dof,MPE,%,0.17,ok,Sensor-suite ablation: combining frames+events+IMU gives ~85% better accuracy than frames+IMU and ~130% better than events+IMU on average.
ULTIMATE_SLAM,Ultimate SLAM,RAL,2018,I,Ultimate-SLAM (Fr+I),no,F+I,metric,"SE3, 5s (3-8s)",ECD (DAVIS240C),shapes_translation,shapes_translation,MPE,%,0.29,ok,Sensor-suite ablation: combining frames+events+IMU gives ~85% better accuracy than frames+IMU and ~130% better than events+IMU on average.
ULTIMATE_SLAM,Ultimate SLAM,RAL,2018,I,Ultimate-SLAM (Fr+E+I),yes,E+F+I,metric,"SE3, 5s (3-8s)",ECD (DAVIS240C),boxes_6dof,boxes_6dof,MRE,deg/m,0.04,ok,Yaw error column of Ultimate SLAM Table I.
ULTIMATE_SLAM,Ultimate SLAM,RAL,2018,I,Ultimate-SLAM (Fr+E+I),yes,E+F+I,metric,"SE3, 5s (3-8s)",ECD (DAVIS240C),boxes_translation,boxes_translation,MRE,deg/m,0.02,ok,Yaw error column of Ultimate SLAM Table I.
ULTIMATE_SLAM,Ultimate SLAM,RAL,2018,I,Ultimate-SLAM (Fr+E+I),yes,E+F+I,metric,"SE3, 5s (3-8s)",ECD (DAVIS240C),dynamic_6dof,dynamic_6dof,MRE,deg/m,0.1,ok,Yaw error column of Ultimate SLAM Table I.
ULTIMATE_SLAM,Ultimate SLAM,RAL,2018,I,Ultimate-SLAM (Fr+E+I),yes,E+F+I,metric,"SE3, 5s (3-8s)",ECD (DAVIS240C),dynamic_translation,dynamic_translation,MRE,deg/m,0.15,ok,Yaw error column of Ultimate SLAM Table I.
ULTIMATE_SLAM,Ultimate SLAM,RAL,2018,I,Ultimate-SLAM (Fr+E+I),yes,E+F+I,metric,"SE3, 5s (3-8s)",ECD (DAVIS240C),hdr_boxes,hdr_boxes,MRE,deg/m,0.03,ok,Yaw error column of Ultimate SLAM Table I.
ULTIMATE_SLAM,Ultimate SLAM,RAL,2018,I,Ultimate-SLAM (Fr+E+I),yes,E+F+I,metric,"SE3, 5s (3-8s)",ECD (DAVIS240C),hdr_poster,hdr_poster,MRE,deg/m,0.05,ok,Yaw error column of Ultimate SLAM Table I.
ULTIMATE_SLAM,Ultimate SLAM,RAL,2018,I,Ultimate-SLAM (Fr+E+I),yes,E+F+I,metric,"SE3, 5s (3-8s)",ECD (DAVIS240C),poster_6dof,poster_6dof,MRE,deg/m,0.07,ok,Yaw error column of Ultimate SLAM Table I.
ULTIMATE_SLAM,Ultimate SLAM,RAL,2018,I,Ultimate-SLAM (Fr+E+I),yes,E+F+I,metric,"SE3, 5s (3-8s)",ECD (DAVIS240C),poster_translation,poster_translation,MRE,deg/m,0.04,ok,Yaw error column of Ultimate SLAM Table I.
ULTIMATE_SLAM,Ultimate SLAM,RAL,2018,I,Ultimate-SLAM (Fr+E+I),yes,E+F+I,metric,"SE3, 5s (3-8s)",ECD (DAVIS240C),shapes_6dof,shapes_6dof,MRE,deg/m,0.04,ok,Yaw error column of Ultimate SLAM Table I.
ULTIMATE_SLAM,Ultimate SLAM,RAL,2018,I,Ultimate-SLAM (Fr+E+I),yes,E+F+I,metric,"SE3, 5s (3-8s)",ECD (DAVIS240C),shapes_translation,shapes_translation,MRE,deg/m,0.06,ok,Yaw error column of Ultimate SLAM Table I.
ULTIMATE_SLAM,Ultimate SLAM,RAL,2018,I,Ultimate-SLAM (E+I),no,E+I,metric,"SE3, 5s (3-8s)",ECD (DAVIS240C),boxes_6dof,boxes_6dof,MRE,deg/m,0.05,ok,Yaw error column of Ultimate SLAM Table I.
ULTIMATE_SLAM,Ultimate SLAM,RAL,2018,I,Ultimate-SLAM (E+I),no,E+I,metric,"SE3, 5s (3-8s)",ECD (DAVIS240C),boxes_translation,boxes_translation,MRE,deg/m,0.05,ok,Yaw error column of Ultimate SLAM Table I.
ULTIMATE_SLAM,Ultimate SLAM,RAL,2018,I,Ultimate-SLAM (E+I),no,E+I,metric,"SE3, 5s (3-8s)",ECD (DAVIS240C),dynamic_6dof,dynamic_6dof,MRE,deg/m,0.06,ok,Yaw error column of Ultimate SLAM Table I.
ULTIMATE_SLAM,Ultimate SLAM,RAL,2018,I,Ultimate-SLAM (E+I),no,E+I,metric,"SE3, 5s (3-8s)",ECD (DAVIS240C),dynamic_translation,dynamic_translation,MRE,deg/m,0.16,ok,Yaw error column of Ultimate SLAM Table I.
ULTIMATE_SLAM,Ultimate SLAM,RAL,2018,I,Ultimate-SLAM (E+I),no,E+I,metric,"SE3, 5s (3-8s)",ECD (DAVIS240C),hdr_boxes,hdr_boxes,MRE,deg/m,0.09,ok,Yaw error column of Ultimate SLAM Table I.
ULTIMATE_SLAM,Ultimate SLAM,RAL,2018,I,Ultimate-SLAM (E+I),no,E+I,metric,"SE3, 5s (3-8s)",ECD (DAVIS240C),hdr_poster,hdr_poster,MRE,deg/m,0.04,ok,Yaw error column of Ultimate SLAM Table I.
ULTIMATE_SLAM,Ultimate SLAM,RAL,2018,I,Ultimate-SLAM (E+I),no,E+I,metric,"SE3, 5s (3-8s)",ECD (DAVIS240C),poster_6dof,poster_6dof,MRE,deg/m,0.08,ok,Yaw error column of Ultimate SLAM Table I.
ULTIMATE_SLAM,Ultimate SLAM,RAL,2018,I,Ultimate-SLAM (E+I),no,E+I,metric,"SE3, 5s (3-8s)",ECD (DAVIS240C),poster_translation,poster_translation,MRE,deg/m,0.04,ok,Yaw error column of Ultimate SLAM Table I.
ULTIMATE_SLAM,Ultimate SLAM,RAL,2018,I,Ultimate-SLAM (E+I),no,E+I,metric,"SE3, 5s (3-8s)",ECD (DAVIS240C),shapes_6dof,shapes_6dof,MRE,deg/m,0.06,ok,Yaw error column of Ultimate SLAM Table I.
ULTIMATE_SLAM,Ultimate SLAM,RAL,2018,I,Ultimate-SLAM (E+I),no,E+I,metric,"SE3, 5s (3-8s)",ECD (DAVIS240C),shapes_translation,shapes_translation,MRE,deg/m,0.04,ok,Yaw error column of Ultimate SLAM Table I.
ULTIMATE_SLAM,Ultimate SLAM,RAL,2018,I,Ultimate-SLAM (Fr+I),no,F+I,metric,"SE3, 5s (3-8s)",ECD (DAVIS240C),boxes_6dof,boxes_6dof,MRE,deg/m,0.06,ok,Yaw error column of Ultimate SLAM Table I.
ULTIMATE_SLAM,Ultimate SLAM,RAL,2018,I,Ultimate-SLAM (Fr+I),no,F+I,metric,"SE3, 5s (3-8s)",ECD (DAVIS240C),boxes_translation,boxes_translation,MRE,deg/m,0.03,ok,Yaw error column of Ultimate SLAM Table I.
ULTIMATE_SLAM,Ultimate SLAM,RAL,2018,I,Ultimate-SLAM (Fr+I),no,F+I,metric,"SE3, 5s (3-8s)",ECD (DAVIS240C),dynamic_6dof,dynamic_6dof,MRE,deg/m,0.1,ok,Yaw error column of Ultimate SLAM Table I.
ULTIMATE_SLAM,Ultimate SLAM,RAL,2018,I,Ultimate-SLAM (Fr+I),no,F+I,metric,"SE3, 5s (3-8s)",ECD (DAVIS240C),dynamic_translation,dynamic_translation,MRE,deg/m,0.26,ok,Yaw error column of Ultimate SLAM Table I.
ULTIMATE_SLAM,Ultimate SLAM,RAL,2018,I,Ultimate-SLAM (Fr+I),no,F+I,metric,"SE3, 5s (3-8s)",ECD (DAVIS240C),hdr_boxes,hdr_boxes,MRE,deg/m,0.17,ok,Yaw error column of Ultimate SLAM Table I.
ULTIMATE_SLAM,Ultimate SLAM,RAL,2018,I,Ultimate-SLAM (Fr+I),no,F+I,metric,"SE3, 5s (3-8s)",ECD (DAVIS240C),hdr_poster,hdr_poster,MRE,deg/m,0.08,ok,Yaw error column of Ultimate SLAM Table I.
ULTIMATE_SLAM,Ultimate SLAM,RAL,2018,I,Ultimate-SLAM (Fr+I),no,F+I,metric,"SE3, 5s (3-8s)",ECD (DAVIS240C),poster_6dof,poster_6dof,MRE,deg/m,0.11,ok,Yaw error column of Ultimate SLAM Table I.
ULTIMATE_SLAM,Ultimate SLAM,RAL,2018,I,Ultimate-SLAM (Fr+I),no,F+I,metric,"SE3, 5s (3-8s)",ECD (DAVIS240C),poster_translation,poster_translation,MRE,deg/m,0.08,ok,Yaw error column of Ultimate SLAM Table I.
ULTIMATE_SLAM,Ultimate SLAM,RAL,2018,I,Ultimate-SLAM (Fr+I),no,F+I,metric,"SE3, 5s (3-8s)",ECD (DAVIS240C),shapes_6dof,shapes_6dof,MRE,deg/m,0.05,ok,Yaw error column of Ultimate SLAM Table I.
ULTIMATE_SLAM,Ultimate SLAM,RAL,2018,I,Ultimate-SLAM (Fr+I),no,F+I,metric,"SE3, 5s (3-8s)",ECD (DAVIS240C),shapes_translation,shapes_translation,MRE,deg/m,0.11,ok,Yaw error column of Ultimate SLAM Table I.
ULTIMATE_SLAM,Ultimate SLAM,RAL,2018,II,Ultimate-SLAM (Fr+E+I),yes,E+F+I,metric,"SE3, 5s (3-8s)",ECD (DAVIS240C),boxes_6dof,boxes_6dof,MPE,%,0.3,ok,Ultimate SLAM (Fr+E+I) vs the prior SOTA event-inertial method Rebecq et al.[13] (E+I). Ultimate SLAM better on almost all sequences.
ULTIMATE_SLAM,Ultimate SLAM,RAL,2018,II,Ultimate-SLAM (Fr+E+I),yes,E+F+I,metric,"SE3, 5s (3-8s)",ECD (DAVIS240C),boxes_translation,boxes_translation,MPE,%,0.27,ok,Ultimate SLAM (Fr+E+I) vs the prior SOTA event-inertial method Rebecq et al.[13] (E+I). Ultimate SLAM better on almost all sequences.
ULTIMATE_SLAM,Ultimate SLAM,RAL,2018,II,Ultimate-SLAM (Fr+E+I),yes,E+F+I,metric,"SE3, 5s (3-8s)",ECD (DAVIS240C),dynamic_6dof,dynamic_6dof,MPE,%,0.19,ok,Ultimate SLAM (Fr+E+I) vs the prior SOTA event-inertial method Rebecq et al.[13] (E+I). Ultimate SLAM better on almost all sequences.
ULTIMATE_SLAM,Ultimate SLAM,RAL,2018,II,Ultimate-SLAM (Fr+E+I),yes,E+F+I,metric,"SE3, 5s (3-8s)",ECD (DAVIS240C),dynamic_translation,dynamic_translation,MPE,%,0.18,ok,Ultimate SLAM (Fr+E+I) vs the prior SOTA event-inertial method Rebecq et al.[13] (E+I). Ultimate SLAM better on almost all sequences.
ULTIMATE_SLAM,Ultimate SLAM,RAL,2018,II,Ultimate-SLAM (Fr+E+I),yes,E+F+I,metric,"SE3, 5s (3-8s)",ECD (DAVIS240C),hdr_boxes,hdr_boxes,MPE,%,0.37,ok,Ultimate SLAM (Fr+E+I) vs the prior SOTA event-inertial method Rebecq et al.[13] (E+I). Ultimate SLAM better on almost all sequences.
ULTIMATE_SLAM,Ultimate SLAM,RAL,2018,II,Ultimate-SLAM (Fr+E+I),yes,E+F+I,metric,"SE3, 5s (3-8s)",ECD (DAVIS240C),hdr_poster,hdr_poster,MPE,%,0.31,ok,Ultimate SLAM (Fr+E+I) vs the prior SOTA event-inertial method Rebecq et al.[13] (E+I). Ultimate SLAM better on almost all sequences.
ULTIMATE_SLAM,Ultimate SLAM,RAL,2018,II,Ultimate-SLAM (Fr+E+I),yes,E+F+I,metric,"SE3, 5s (3-8s)",ECD (DAVIS240C),poster_6dof,poster_6dof,MPE,%,0.28,ok,Ultimate SLAM (Fr+E+I) vs the prior SOTA event-inertial method Rebecq et al.[13] (E+I). Ultimate SLAM better on almost all sequences.
ULTIMATE_SLAM,Ultimate SLAM,RAL,2018,II,Ultimate-SLAM (Fr+E+I),yes,E+F+I,metric,"SE3, 5s (3-8s)",ECD (DAVIS240C),poster_translation,poster_translation,MPE,%,0.12,ok,Ultimate SLAM (Fr+E+I) vs the prior SOTA event-inertial method Rebecq et al.[13] (E+I). Ultimate SLAM better on almost all sequences.
ULTIMATE_SLAM,Ultimate SLAM,RAL,2018,II,Ultimate-SLAM (Fr+E+I),yes,E+F+I,metric,"SE3, 5s (3-8s)",ECD (DAVIS240C),shapes_6dof,shapes_6dof,MPE,%,0.1,ok,Ultimate SLAM (Fr+E+I) vs the prior SOTA event-inertial method Rebecq et al.[13] (E+I). Ultimate SLAM better on almost all sequences.
ULTIMATE_SLAM,Ultimate SLAM,RAL,2018,II,Ultimate-SLAM (Fr+E+I),yes,E+F+I,metric,"SE3, 5s (3-8s)",ECD (DAVIS240C),shapes_translation,shapes_translation,MPE,%,0.26,ok,Ultimate SLAM (Fr+E+I) vs the prior SOTA event-inertial method Rebecq et al.[13] (E+I). Ultimate SLAM better on almost all sequences.
ULTIMATE_SLAM,Ultimate SLAM,RAL,2018,II,Rebecq EVIO,no,E+I,metric,"SE3, 5s (3-8s)",ECD (DAVIS240C),boxes_6dof,boxes_6dof,MPE,%,0.36,ok,Ultimate SLAM (Fr+E+I) vs the prior SOTA event-inertial method Rebecq et al.[13] (E+I). Ultimate SLAM better on almost all sequences.
ULTIMATE_SLAM,Ultimate SLAM,RAL,2018,II,Rebecq EVIO,no,E+I,metric,"SE3, 5s (3-8s)",ECD (DAVIS240C),boxes_translation,boxes_translation,MPE,%,0.31,ok,Ultimate SLAM (Fr+E+I) vs the prior SOTA event-inertial method Rebecq et al.[13] (E+I). Ultimate SLAM better on almost all sequences.
ULTIMATE_SLAM,Ultimate SLAM,RAL,2018,II,Rebecq EVIO,no,E+I,metric,"SE3, 5s (3-8s)",ECD (DAVIS240C),dynamic_6dof,dynamic_6dof,MPE,%,0.56,ok,Ultimate SLAM (Fr+E+I) vs the prior SOTA event-inertial method Rebecq et al.[13] (E+I). Ultimate SLAM better on almost all sequences.
ULTIMATE_SLAM,Ultimate SLAM,RAL,2018,II,Rebecq EVIO,no,E+I,metric,"SE3, 5s (3-8s)",ECD (DAVIS240C),dynamic_translation,dynamic_translation,MPE,%,0.39,ok,Ultimate SLAM (Fr+E+I) vs the prior SOTA event-inertial method Rebecq et al.[13] (E+I). Ultimate SLAM better on almost all sequences.
ULTIMATE_SLAM,Ultimate SLAM,RAL,2018,II,Rebecq EVIO,no,E+I,metric,"SE3, 5s (3-8s)",ECD (DAVIS240C),hdr_boxes,hdr_boxes,MPE,%,0.59,ok,Ultimate SLAM (Fr+E+I) vs the prior SOTA event-inertial method Rebecq et al.[13] (E+I). Ultimate SLAM better on almost all sequences.
ULTIMATE_SLAM,Ultimate SLAM,RAL,2018,II,Rebecq EVIO,no,E+I,metric,"SE3, 5s (3-8s)",ECD (DAVIS240C),hdr_poster,hdr_poster,MPE,%,0.33,ok,Ultimate SLAM (Fr+E+I) vs the prior SOTA event-inertial method Rebecq et al.[13] (E+I). Ultimate SLAM better on almost all sequences.
ULTIMATE_SLAM,Ultimate SLAM,RAL,2018,II,Rebecq EVIO,no,E+I,metric,"SE3, 5s (3-8s)",ECD (DAVIS240C),poster_6dof,poster_6dof,MPE,%,0.4,ok,Ultimate SLAM (Fr+E+I) vs the prior SOTA event-inertial method Rebecq et al.[13] (E+I). Ultimate SLAM better on almost all sequences.
ULTIMATE_SLAM,Ultimate SLAM,RAL,2018,II,Rebecq EVIO,no,E+I,metric,"SE3, 5s (3-8s)",ECD (DAVIS240C),poster_translation,poster_translation,MPE,%,0.46,ok,Ultimate SLAM (Fr+E+I) vs the prior SOTA event-inertial method Rebecq et al.[13] (E+I). Ultimate SLAM better on almost all sequences.
ULTIMATE_SLAM,Ultimate SLAM,RAL,2018,II,Rebecq EVIO,no,E+I,metric,"SE3, 5s (3-8s)",ECD (DAVIS240C),shapes_6dof,shapes_6dof,MPE,%,0.42,ok,Ultimate SLAM (Fr+E+I) vs the prior SOTA event-inertial method Rebecq et al.[13] (E+I). Ultimate SLAM better on almost all sequences.
ULTIMATE_SLAM,Ultimate SLAM,RAL,2018,II,Rebecq EVIO,no,E+I,metric,"SE3, 5s (3-8s)",ECD (DAVIS240C),shapes_translation,shapes_translation,MPE,%,0.5,ok,Ultimate SLAM (Fr+E+I) vs the prior SOTA event-inertial method Rebecq et al.[13] (E+I). Ultimate SLAM better on almost all sequences.
ULTIMATE_SLAM,Ultimate SLAM,RAL,2018,II,Ultimate-SLAM (Fr+E+I),yes,E+F+I,metric,"SE3, 5s (3-8s)",ECD (DAVIS240C),boxes_6dof,boxes_6dof,MRE,deg/m,0.04,ok,Yaw error column of Ultimate SLAM Table II.
ULTIMATE_SLAM,Ultimate SLAM,RAL,2018,II,Ultimate-SLAM (Fr+E+I),yes,E+F+I,metric,"SE3, 5s (3-8s)",ECD (DAVIS240C),boxes_translation,boxes_translation,MRE,deg/m,0.02,ok,Yaw error column of Ultimate SLAM Table II.
ULTIMATE_SLAM,Ultimate SLAM,RAL,2018,II,Ultimate-SLAM (Fr+E+I),yes,E+F+I,metric,"SE3, 5s (3-8s)",ECD (DAVIS240C),dynamic_6dof,dynamic_6dof,MRE,deg/m,0.1,ok,Yaw error column of Ultimate SLAM Table II.
ULTIMATE_SLAM,Ultimate SLAM,RAL,2018,II,Ultimate-SLAM (Fr+E+I),yes,E+F+I,metric,"SE3, 5s (3-8s)",ECD (DAVIS240C),dynamic_translation,dynamic_translation,MRE,deg/m,0.15,ok,Yaw error column of Ultimate SLAM Table II.
ULTIMATE_SLAM,Ultimate SLAM,RAL,2018,II,Ultimate-SLAM (Fr+E+I),yes,E+F+I,metric,"SE3, 5s (3-8s)",ECD (DAVIS240C),hdr_boxes,hdr_boxes,MRE,deg/m,0.03,ok,Yaw error column of Ultimate SLAM Table II.
ULTIMATE_SLAM,Ultimate SLAM,RAL,2018,II,Ultimate-SLAM (Fr+E+I),yes,E+F+I,metric,"SE3, 5s (3-8s)",ECD (DAVIS240C),hdr_poster,hdr_poster,MRE,deg/m,0.05,ok,Yaw error column of Ultimate SLAM Table II.
ULTIMATE_SLAM,Ultimate SLAM,RAL,2018,II,Ultimate-SLAM (Fr+E+I),yes,E+F+I,metric,"SE3, 5s (3-8s)",ECD (DAVIS240C),poster_6dof,poster_6dof,MRE,deg/m,0.07,ok,Yaw error column of Ultimate SLAM Table II.
ULTIMATE_SLAM,Ultimate SLAM,RAL,2018,II,Ultimate-SLAM (Fr+E+I),yes,E+F+I,metric,"SE3, 5s (3-8s)",ECD (DAVIS240C),poster_translation,poster_translation,MRE,deg/m,0.04,ok,Yaw error column of Ultimate SLAM Table II.
ULTIMATE_SLAM,Ultimate SLAM,RAL,2018,II,Ultimate-SLAM (Fr+E+I),yes,E+F+I,metric,"SE3, 5s (3-8s)",ECD (DAVIS240C),shapes_6dof,shapes_6dof,MRE,deg/m,0.04,ok,Yaw error column of Ultimate SLAM Table II.
ULTIMATE_SLAM,Ultimate SLAM,RAL,2018,II,Ultimate-SLAM (Fr+E+I),yes,E+F+I,metric,"SE3, 5s (3-8s)",ECD (DAVIS240C),shapes_translation,shapes_translation,MRE,deg/m,0.06,ok,Yaw error column of Ultimate SLAM Table II.
ULTIMATE_SLAM,Ultimate SLAM,RAL,2018,II,Rebecq EVIO,no,E+I,metric,"SE3, 5s (3-8s)",ECD (DAVIS240C),boxes_6dof,boxes_6dof,MRE,deg/m,0.11,ok,Yaw error column of Ultimate SLAM Table II.
ULTIMATE_SLAM,Ultimate SLAM,RAL,2018,II,Rebecq EVIO,no,E+I,metric,"SE3, 5s (3-8s)",ECD (DAVIS240C),boxes_translation,boxes_translation,MRE,deg/m,0.08,ok,Yaw error column of Ultimate SLAM Table II.
ULTIMATE_SLAM,Ultimate SLAM,RAL,2018,II,Rebecq EVIO,no,E+I,metric,"SE3, 5s (3-8s)",ECD (DAVIS240C),dynamic_6dof,dynamic_6dof,MRE,deg/m,0.41,ok,Yaw error column of Ultimate SLAM Table II.
ULTIMATE_SLAM,Ultimate SLAM,RAL,2018,II,Rebecq EVIO,no,E+I,metric,"SE3, 5s (3-8s)",ECD (DAVIS240C),dynamic_translation,dynamic_translation,MRE,deg/m,0.06,ok,Yaw error column of Ultimate SLAM Table II.
ULTIMATE_SLAM,Ultimate SLAM,RAL,2018,II,Rebecq EVIO,no,E+I,metric,"SE3, 5s (3-8s)",ECD (DAVIS240C),hdr_boxes,hdr_boxes,MRE,deg/m,0.2,ok,Yaw error column of Ultimate SLAM Table II.
ULTIMATE_SLAM,Ultimate SLAM,RAL,2018,II,Rebecq EVIO,no,E+I,metric,"SE3, 5s (3-8s)",ECD (DAVIS240C),hdr_poster,hdr_poster,MRE,deg/m,0.19,ok,Yaw error column of Ultimate SLAM Table II.
ULTIMATE_SLAM,Ultimate SLAM,RAL,2018,II,Rebecq EVIO,no,E+I,metric,"SE3, 5s (3-8s)",ECD (DAVIS240C),poster_6dof,poster_6dof,MRE,deg/m,0.16,ok,Yaw error column of Ultimate SLAM Table II.
ULTIMATE_SLAM,Ultimate SLAM,RAL,2018,II,Rebecq EVIO,no,E+I,metric,"SE3, 5s (3-8s)",ECD (DAVIS240C),poster_translation,poster_translation,MRE,deg/m,0.1,ok,Yaw error column of Ultimate SLAM Table II.
ULTIMATE_SLAM,Ultimate SLAM,RAL,2018,II,Rebecq EVIO,no,E+I,metric,"SE3, 5s (3-8s)",ECD (DAVIS240C),shapes_6dof,shapes_6dof,MRE,deg/m,0.18,ok,Yaw error column of Ultimate SLAM Table II.
ULTIMATE_SLAM,Ultimate SLAM,RAL,2018,II,Rebecq EVIO,no,E+I,metric,"SE3, 5s (3-8s)",ECD (DAVIS240C),shapes_translation,shapes_translation,MRE,deg/m,0.13,ok,Yaw error column of Ultimate SLAM Table II.
ESVO2,ESVO2,arXiv/TRO,2024,VI,ESVO,no,Stereo E,metric,"SE3 (stereo, metric)",RPG,rpg_box,rpg_box,ARE,deg,5.95,ok,ESVO2 Table VI/VII; '-'=not reported by that method's paper. ESVO2 = direct stereo event + IMU.
ESVO2,ESVO2,arXiv/TRO,2024,VI,ESVO,no,Stereo E,metric,"SE3 (stereo, metric)",RPG,rpg_monitor,rpg_monitor,ARE,deg,6.21,ok,ESVO2 Table VI/VII; '-'=not reported by that method's paper. ESVO2 = direct stereo event + IMU.
ESVO2,ESVO2,arXiv/TRO,2024,VI,ESVO,no,Stereo E,metric,"SE3 (stereo, metric)",RPG,rpg_bin,rpg_bin,ARE,deg,1.98,ok,ESVO2 Table VI/VII; '-'=not reported by that method's paper. ESVO2 = direct stereo event + IMU.
ESVO2,ESVO2,arXiv/TRO,2024,VI,ESVO,no,Stereo E,metric,"SE3 (stereo, metric)",RPG,rpg_desk,rpg_desk,ARE,deg,10.49,ok,ESVO2 Table VI/VII; '-'=not reported by that method's paper. ESVO2 = direct stereo event + IMU.
ESVO2,ESVO2,arXiv/TRO,2024,VI,ESVO,no,Stereo E,metric,"SE3 (stereo, metric)",RPG,rpg_reader,rpg_reader,ARE,deg,3.8,ok,ESVO2 Table VI/VII; '-'=not reported by that method's paper. ESVO2 = direct stereo event + IMU.
ESVO2,ESVO2,arXiv/TRO,2024,VI,ES-PTAM,no,Stereo E,metric,"SE3 (stereo, metric)",RPG,rpg_box,rpg_box,ARE,deg,6.62,ok,ESVO2 Table VI/VII; '-'=not reported by that method's paper. ESVO2 = direct stereo event + IMU.
ESVO2,ESVO2,arXiv/TRO,2024,VI,ES-PTAM,no,Stereo E,metric,"SE3 (stereo, metric)",RPG,rpg_monitor,rpg_monitor,ARE,deg,1.52,ok,ESVO2 Table VI/VII; '-'=not reported by that method's paper. ESVO2 = direct stereo event + IMU.
ESVO2,ESVO2,arXiv/TRO,2024,VI,ES-PTAM,no,Stereo E,metric,"SE3 (stereo, metric)",RPG,rpg_bin,rpg_bin,ARE,deg,3.29,ok,ESVO2 Table VI/VII; '-'=not reported by that method's paper. ESVO2 = direct stereo event + IMU.
ESVO2,ESVO2,arXiv/TRO,2024,VI,ES-PTAM,no,Stereo E,metric,"SE3 (stereo, metric)",RPG,rpg_desk,rpg_desk,ARE,deg,3.44,ok,ESVO2 Table VI/VII; '-'=not reported by that method's paper. ESVO2 = direct stereo event + IMU.
ESVO2,ESVO2,arXiv/TRO,2024,VI,ES-PTAM,no,Stereo E,metric,"SE3 (stereo, metric)",RPG,rpg_reader,rpg_reader,ARE,deg,,n/a,ESVO2 Table VI/VII; '-'=not reported by that method's paper. ESVO2 = direct stereo event + IMU.
ESVO2,ESVO2,arXiv/TRO,2024,VI,ESIO,no,Stereo E+I,metric,"SE3 (stereo, metric)",RPG,rpg_box,rpg_box,ARE,deg,12.35,ok,ESVO2 Table VI/VII; '-'=not reported by that method's paper. ESVO2 = direct stereo event + IMU.
ESVO2,ESVO2,arXiv/TRO,2024,VI,ESIO,no,Stereo E+I,metric,"SE3 (stereo, metric)",RPG,rpg_monitor,rpg_monitor,ARE,deg,17.67,ok,ESVO2 Table VI/VII; '-'=not reported by that method's paper. ESVO2 = direct stereo event + IMU.
ESVO2,ESVO2,arXiv/TRO,2024,VI,ESIO,no,Stereo E+I,metric,"SE3 (stereo, metric)",RPG,rpg_bin,rpg_bin,ARE,deg,11.76,ok,ESVO2 Table VI/VII; '-'=not reported by that method's paper. ESVO2 = direct stereo event + IMU.
ESVO2,ESVO2,arXiv/TRO,2024,VI,ESIO,no,Stereo E+I,metric,"SE3 (stereo, metric)",RPG,rpg_desk,rpg_desk,ARE,deg,3.6,ok,ESVO2 Table VI/VII; '-'=not reported by that method's paper. ESVO2 = direct stereo event + IMU.
ESVO2,ESVO2,arXiv/TRO,2024,VI,ESIO,no,Stereo E+I,metric,"SE3 (stereo, metric)",RPG,rpg_reader,rpg_reader,ARE,deg,,failed,ESVO2 Table VI/VII; '-'=not reported by that method's paper. ESVO2 = direct stereo event + IMU.
ESVO2,ESVO2,arXiv/TRO,2024,VI,ESVIO,no,Stereo E+F+I,metric,"SE3 (stereo, metric)",RPG,rpg_box,rpg_box,ARE,deg,4.25,ok,ESVO2 Table VI/VII; '-'=not reported by that method's paper. ESVO2 = direct stereo event + IMU.
ESVO2,ESVO2,arXiv/TRO,2024,VI,ESVIO,no,Stereo E+F+I,metric,"SE3 (stereo, metric)",RPG,rpg_monitor,rpg_monitor,ARE,deg,3.79,ok,ESVO2 Table VI/VII; '-'=not reported by that method's paper. ESVO2 = direct stereo event + IMU.
ESVO2,ESVO2,arXiv/TRO,2024,VI,ESVIO,no,Stereo E+F+I,metric,"SE3 (stereo, metric)",RPG,rpg_bin,rpg_bin,ARE,deg,3.87,ok,ESVO2 Table VI/VII; '-'=not reported by that method's paper. ESVO2 = direct stereo event + IMU.
ESVO2,ESVO2,arXiv/TRO,2024,VI,ESVIO,no,Stereo E+F+I,metric,"SE3 (stereo, metric)",RPG,rpg_desk,rpg_desk,ARE,deg,7.09,ok,ESVO2 Table VI/VII; '-'=not reported by that method's paper. ESVO2 = direct stereo event + IMU.
ESVO2,ESVO2,arXiv/TRO,2024,VI,ESVIO,no,Stereo E+F+I,metric,"SE3 (stereo, metric)",RPG,rpg_reader,rpg_reader,ARE,deg,,n/a,ESVO2 Table VI/VII; '-'=not reported by that method's paper. ESVO2 = direct stereo event + IMU.
ESVO2,ESVO2,arXiv/TRO,2024,VI,ICRA'24 (ESVIO-AA),no,Stereo E+I,metric,"SE3 (stereo, metric)",RPG,rpg_box,rpg_box,ARE,deg,3.3,ok,ESVO2 Table VI/VII; '-'=not reported by that method's paper. ESVO2 = direct stereo event + IMU.
ESVO2,ESVO2,arXiv/TRO,2024,VI,ICRA'24 (ESVIO-AA),no,Stereo E+I,metric,"SE3 (stereo, metric)",RPG,rpg_monitor,rpg_monitor,ARE,deg,3.53,ok,ESVO2 Table VI/VII; '-'=not reported by that method's paper. ESVO2 = direct stereo event + IMU.
ESVO2,ESVO2,arXiv/TRO,2024,VI,ICRA'24 (ESVIO-AA),no,Stereo E+I,metric,"SE3 (stereo, metric)",RPG,rpg_bin,rpg_bin,ARE,deg,3.54,ok,ESVO2 Table VI/VII; '-'=not reported by that method's paper. ESVO2 = direct stereo event + IMU.
ESVO2,ESVO2,arXiv/TRO,2024,VI,ICRA'24 (ESVIO-AA),no,Stereo E+I,metric,"SE3 (stereo, metric)",RPG,rpg_desk,rpg_desk,ARE,deg,6.72,ok,ESVO2 Table VI/VII; '-'=not reported by that method's paper. ESVO2 = direct stereo event + IMU.
ESVO2,ESVO2,arXiv/TRO,2024,VI,ICRA'24 (ESVIO-AA),no,Stereo E+I,metric,"SE3 (stereo, metric)",RPG,rpg_reader,rpg_reader,ARE,deg,1.78,ok,ESVO2 Table VI/VII; '-'=not reported by that method's paper. ESVO2 = direct stereo event + IMU.
ESVO2,ESVO2,arXiv/TRO,2024,VI,ESVO2,yes,Stereo E+I,metric,"SE3 (stereo, metric)",RPG,rpg_box,rpg_box,ARE,deg,2.79,ok,ESVO2 Table VI/VII; '-'=not reported by that method's paper. ESVO2 = direct stereo event + IMU.
ESVO2,ESVO2,arXiv/TRO,2024,VI,ESVO2,yes,Stereo E+I,metric,"SE3 (stereo, metric)",RPG,rpg_monitor,rpg_monitor,ARE,deg,2.19,ok,ESVO2 Table VI/VII; '-'=not reported by that method's paper. ESVO2 = direct stereo event + IMU.
ESVO2,ESVO2,arXiv/TRO,2024,VI,ESVO2,yes,Stereo E+I,metric,"SE3 (stereo, metric)",RPG,rpg_bin,rpg_bin,ARE,deg,1.23,ok,ESVO2 Table VI/VII; '-'=not reported by that method's paper. ESVO2 = direct stereo event + IMU.
ESVO2,ESVO2,arXiv/TRO,2024,VI,ESVO2,yes,Stereo E+I,metric,"SE3 (stereo, metric)",RPG,rpg_desk,rpg_desk,ARE,deg,4.11,ok,ESVO2 Table VI/VII; '-'=not reported by that method's paper. ESVO2 = direct stereo event + IMU.
ESVO2,ESVO2,arXiv/TRO,2024,VI,ESVO2,yes,Stereo E+I,metric,"SE3 (stereo, metric)",RPG,rpg_reader,rpg_reader,ARE,deg,1.54,ok,ESVO2 Table VI/VII; '-'=not reported by that method's paper. ESVO2 = direct stereo event + IMU.
ESVO2,ESVO2,arXiv/TRO,2024,VI,ESVO,no,Stereo E,metric,"SE3 (stereo, metric)",MVSEC,indoor 1,indoor_flying1,ARE,deg,4.4,ok,ESVO2 Table VI/VII; '-'=not reported by that method's paper. ESVO2 = direct stereo event + IMU.
ESVO2,ESVO2,arXiv/TRO,2024,VI,ESVO,no,Stereo E,metric,"SE3 (stereo, metric)",MVSEC,indoor 2,indoor_flying2,ARE,deg,5.69,ok,ESVO2 Table VI/VII; '-'=not reported by that method's paper. ESVO2 = direct stereo event + IMU.
ESVO2,ESVO2,arXiv/TRO,2024,VI,ESVO,no,Stereo E,metric,"SE3 (stereo, metric)",MVSEC,indoor 3,indoor_flying3,ARE,deg,2.94,ok,ESVO2 Table VI/VII; '-'=not reported by that method's paper. ESVO2 = direct stereo event + IMU.
ESVO2,ESVO2,arXiv/TRO,2024,VI,ESVO,no,Stereo E,metric,"SE3 (stereo, metric)",MVSEC,indoor 4,indoor_flying4,ARE,deg,,failed,ESVO2 Table VI/VII; '-'=not reported by that method's paper. ESVO2 = direct stereo event + IMU.
ESVO2,ESVO2,arXiv/TRO,2024,VI,ES-PTAM,no,Stereo E,metric,"SE3 (stereo, metric)",MVSEC,indoor 1,indoor_flying1,ARE,deg,14.93,ok,ESVO2 Table VI/VII; '-'=not reported by that method's paper. ESVO2 = direct stereo event + IMU.
ESVO2,ESVO2,arXiv/TRO,2024,VI,ES-PTAM,no,Stereo E,metric,"SE3 (stereo, metric)",MVSEC,indoor 2,indoor_flying2,ARE,deg,,n/a,ESVO2 Table VI/VII; '-'=not reported by that method's paper. ESVO2 = direct stereo event + IMU.
ESVO2,ESVO2,arXiv/TRO,2024,VI,ES-PTAM,no,Stereo E,metric,"SE3 (stereo, metric)",MVSEC,indoor 3,indoor_flying3,ARE,deg,,n/a,ESVO2 Table VI/VII; '-'=not reported by that method's paper. ESVO2 = direct stereo event + IMU.
ESVO2,ESVO2,arXiv/TRO,2024,VI,ES-PTAM,no,Stereo E,metric,"SE3 (stereo, metric)",MVSEC,indoor 4,indoor_flying4,ARE,deg,,n/a,ESVO2 Table VI/VII; '-'=not reported by that method's paper. ESVO2 = direct stereo event + IMU.
ESVO2,ESVO2,arXiv/TRO,2024,VI,ESIO,no,Stereo E+I,metric,"SE3 (stereo, metric)",MVSEC,indoor 1,indoor_flying1,ARE,deg,22.32,ok,ESVO2 Table VI/VII; '-'=not reported by that method's paper. ESVO2 = direct stereo event + IMU.
ESVO2,ESVO2,arXiv/TRO,2024,VI,ESIO,no,Stereo E+I,metric,"SE3 (stereo, metric)",MVSEC,indoor 2,indoor_flying2,ARE,deg,43.49,ok,ESVO2 Table VI/VII; '-'=not reported by that method's paper. ESVO2 = direct stereo event + IMU.
ESVO2,ESVO2,arXiv/TRO,2024,VI,ESIO,no,Stereo E+I,metric,"SE3 (stereo, metric)",MVSEC,indoor 3,indoor_flying3,ARE,deg,,failed,ESVO2 Table VI/VII; '-'=not reported by that method's paper. ESVO2 = direct stereo event + IMU.
ESVO2,ESVO2,arXiv/TRO,2024,VI,ESIO,no,Stereo E+I,metric,"SE3 (stereo, metric)",MVSEC,indoor 4,indoor_flying4,ARE,deg,32.15,ok,ESVO2 Table VI/VII; '-'=not reported by that method's paper. ESVO2 = direct stereo event + IMU.
ESVO2,ESVO2,arXiv/TRO,2024,VI,ESVIO,no,Stereo E+F+I,metric,"SE3 (stereo, metric)",MVSEC,indoor 1,indoor_flying1,ARE,deg,6.57,ok,ESVO2 Table VI/VII; '-'=not reported by that method's paper. ESVO2 = direct stereo event + IMU.
ESVO2,ESVO2,arXiv/TRO,2024,VI,ESVIO,no,Stereo E+F+I,metric,"SE3 (stereo, metric)",MVSEC,indoor 2,indoor_flying2,ARE,deg,,n/a,ESVO2 Table VI/VII; '-'=not reported by that method's paper. ESVO2 = direct stereo event + IMU.
ESVO2,ESVO2,arXiv/TRO,2024,VI,ESVIO,no,Stereo E+F+I,metric,"SE3 (stereo, metric)",MVSEC,indoor 3,indoor_flying3,ARE,deg,3.01,ok,ESVO2 Table VI/VII; '-'=not reported by that method's paper. ESVO2 = direct stereo event + IMU.
ESVO2,ESVO2,arXiv/TRO,2024,VI,ESVIO,no,Stereo E+F+I,metric,"SE3 (stereo, metric)",MVSEC,indoor 4,indoor_flying4,ARE,deg,,n/a,ESVO2 Table VI/VII; '-'=not reported by that method's paper. ESVO2 = direct stereo event + IMU.
ESVO2,ESVO2,arXiv/TRO,2024,VI,ICRA'24 (ESVIO-AA),no,Stereo E+I,metric,"SE3 (stereo, metric)",MVSEC,indoor 1,indoor_flying1,ARE,deg,11.16,ok,ESVO2 Table VI/VII; '-'=not reported by that method's paper. ESVO2 = direct stereo event + IMU.
ESVO2,ESVO2,arXiv/TRO,2024,VI,ICRA'24 (ESVIO-AA),no,Stereo E+I,metric,"SE3 (stereo, metric)",MVSEC,indoor 2,indoor_flying2,ARE,deg,12.14,ok,ESVO2 Table VI/VII; '-'=not reported by that method's paper. ESVO2 = direct stereo event + IMU.
ESVO2,ESVO2,arXiv/TRO,2024,VI,ICRA'24 (ESVIO-AA),no,Stereo E+I,metric,"SE3 (stereo, metric)",MVSEC,indoor 3,indoor_flying3,ARE,deg,2.73,ok,ESVO2 Table VI/VII; '-'=not reported by that method's paper. ESVO2 = direct stereo event + IMU.
ESVO2,ESVO2,arXiv/TRO,2024,VI,ICRA'24 (ESVIO-AA),no,Stereo E+I,metric,"SE3 (stereo, metric)",MVSEC,indoor 4,indoor_flying4,ARE,deg,,failed,ESVO2 Table VI/VII; '-'=not reported by that method's paper. ESVO2 = direct stereo event + IMU.
ESVO2,ESVO2,arXiv/TRO,2024,VI,ESVO2,yes,Stereo E+I,metric,"SE3 (stereo, metric)",MVSEC,indoor 1,indoor_flying1,ARE,deg,1.69,ok,ESVO2 Table VI/VII; '-'=not reported by that method's paper. ESVO2 = direct stereo event + IMU.
ESVO2,ESVO2,arXiv/TRO,2024,VI,ESVO2,yes,Stereo E+I,metric,"SE3 (stereo, metric)",MVSEC,indoor 2,indoor_flying2,ARE,deg,4.53,ok,ESVO2 Table VI/VII; '-'=not reported by that method's paper. ESVO2 = direct stereo event + IMU.
ESVO2,ESVO2,arXiv/TRO,2024,VI,ESVO2,yes,Stereo E+I,metric,"SE3 (stereo, metric)",MVSEC,indoor 3,indoor_flying3,ARE,deg,2.63,ok,ESVO2 Table VI/VII; '-'=not reported by that method's paper. ESVO2 = direct stereo event + IMU.
ESVO2,ESVO2,arXiv/TRO,2024,VI,ESVO2,yes,Stereo E+I,metric,"SE3 (stereo, metric)",MVSEC,indoor 4,indoor_flying4,ARE,deg,10.96,ok,ESVO2 Table VI/VII; '-'=not reported by that method's paper. ESVO2 = direct stereo event + IMU.
ESVO2,ESVO2,arXiv/TRO,2024,VI,ESVO,no,Stereo E,metric,"SE3 (stereo, metric)",DSEC,city04_a,city04_a,ARE,deg,8.17,ok,ESVO2 Table VI/VII; '-'=not reported by that method's paper. ESVO2 = direct stereo event + IMU.
ESVO2,ESVO2,arXiv/TRO,2024,VI,ESVO,no,Stereo E,metric,"SE3 (stereo, metric)",DSEC,city04_b,city04_b,ARE,deg,1.97,ok,ESVO2 Table VI/VII; '-'=not reported by that method's paper. ESVO2 = direct stereo event + IMU.
ESVO2,ESVO2,arXiv/TRO,2024,VI,ESVO,no,Stereo E,metric,"SE3 (stereo, metric)",DSEC,city04_c,city04_c,ARE,deg,14.04,ok,ESVO2 Table VI/VII; '-'=not reported by that method's paper. ESVO2 = direct stereo event + IMU.
ESVO2,ESVO2,arXiv/TRO,2024,VI,ESVO,no,Stereo E,metric,"SE3 (stereo, metric)",DSEC,city04_d,city04_d,ARE,deg,21.62,ok,ESVO2 Table VI/VII; '-'=not reported by that method's paper. ESVO2 = direct stereo event + IMU.
ESVO2,ESVO2,arXiv/TRO,2024,VI,ESVO,no,Stereo E,metric,"SE3 (stereo, metric)",DSEC,city04_e,city04_e,ARE,deg,6.89,ok,ESVO2 Table VI/VII; '-'=not reported by that method's paper. ESVO2 = direct stereo event + IMU.
ESVO2,ESVO2,arXiv/TRO,2024,VI,ESVO,no,Stereo E,metric,"SE3 (stereo, metric)",DSEC,city04_f,city04_f,ARE,deg,6.36,ok,ESVO2 Table VI/VII; '-'=not reported by that method's paper. ESVO2 = direct stereo event + IMU.
ESVO2,ESVO2,arXiv/TRO,2024,VI,ESVO,no,Stereo E,metric,"SE3 (stereo, metric)",DSEC,city09_b,city09_b,ARE,deg,5.17,ok,ESVO2 Table VI/VII; '-'=not reported by that method's paper. ESVO2 = direct stereo event + IMU.
ESVO2,ESVO2,arXiv/TRO,2024,VI,ESVO,no,Stereo E,metric,"SE3 (stereo, metric)",DSEC,city11_a,city11_a,ARE,deg,1.96,ok,ESVO2 Table VI/VII; '-'=not reported by that method's paper. ESVO2 = direct stereo event + IMU.
ESVO2,ESVO2,arXiv/TRO,2024,VI,ESVO,no,Stereo E,metric,"SE3 (stereo, metric)",DSEC,city11_b,city11_b,ARE,deg,44.57,ok,ESVO2 Table VI/VII; '-'=not reported by that method's paper. ESVO2 = direct stereo event + IMU.
ESVO2,ESVO2,arXiv/TRO,2024,VI,ES-PTAM,no,Stereo E,metric,"SE3 (stereo, metric)",DSEC,city04_a,city04_a,ARE,deg,3.17,ok,ESVO2 Table VI/VII; '-'=not reported by that method's paper. ESVO2 = direct stereo event + IMU.
ESVO2,ESVO2,arXiv/TRO,2024,VI,ES-PTAM,no,Stereo E,metric,"SE3 (stereo, metric)",DSEC,city04_b,city04_b,ARE,deg,2.04,ok,ESVO2 Table VI/VII; '-'=not reported by that method's paper. ESVO2 = direct stereo event + IMU.
ESVO2,ESVO2,arXiv/TRO,2024,VI,ES-PTAM,no,Stereo E,metric,"SE3 (stereo, metric)",DSEC,city04_c,city04_c,ARE,deg,6.02,ok,ESVO2 Table VI/VII; '-'=not reported by that method's paper. ESVO2 = direct stereo event + IMU.
ESVO2,ESVO2,arXiv/TRO,2024,VI,ES-PTAM,no,Stereo E,metric,"SE3 (stereo, metric)",DSEC,city04_d,city04_d,ARE,deg,37.13,ok,ESVO2 Table VI/VII; '-'=not reported by that method's paper. ESVO2 = direct stereo event + IMU.
ESVO2,ESVO2,arXiv/TRO,2024,VI,ES-PTAM,no,Stereo E,metric,"SE3 (stereo, metric)",DSEC,city04_e,city04_e,ARE,deg,3.97,ok,ESVO2 Table VI/VII; '-'=not reported by that method's paper. ESVO2 = direct stereo event + IMU.
ESVO2,ESVO2,arXiv/TRO,2024,VI,ES-PTAM,no,Stereo E,metric,"SE3 (stereo, metric)",DSEC,city04_f,city04_f,ARE,deg,10.65,ok,ESVO2 Table VI/VII; '-'=not reported by that method's paper. ESVO2 = direct stereo event + IMU.
ESVO2,ESVO2,arXiv/TRO,2024,VI,ES-PTAM,no,Stereo E,metric,"SE3 (stereo, metric)",DSEC,city09_b,city09_b,ARE,deg,1.75,ok,ESVO2 Table VI/VII; '-'=not reported by that method's paper. ESVO2 = direct stereo event + IMU.
ESVO2,ESVO2,arXiv/TRO,2024,VI,ES-PTAM,no,Stereo E,metric,"SE3 (stereo, metric)",DSEC,city11_a,city11_a,ARE,deg,,n/a,ESVO2 Table VI/VII; '-'=not reported by that method's paper. ESVO2 = direct stereo event + IMU.
ESVO2,ESVO2,arXiv/TRO,2024,VI,ES-PTAM,no,Stereo E,metric,"SE3 (stereo, metric)",DSEC,city11_b,city11_b,ARE,deg,,n/a,ESVO2 Table VI/VII; '-'=not reported by that method's paper. ESVO2 = direct stereo event + IMU.
ESVO2,ESVO2,arXiv/TRO,2024,VI,ESIO,no,Stereo E+I,metric,"SE3 (stereo, metric)",DSEC,city04_a,city04_a,ARE,deg,5.07,ok,ESVO2 Table VI/VII; '-'=not reported by that method's paper. ESVO2 = direct stereo event + IMU.
ESVO2,ESVO2,arXiv/TRO,2024,VI,ESIO,no,Stereo E+I,metric,"SE3 (stereo, metric)",DSEC,city04_b,city04_b,ARE,deg,3.69,ok,ESVO2 Table VI/VII; '-'=not reported by that method's paper. ESVO2 = direct stereo event + IMU.
ESVO2,ESVO2,arXiv/TRO,2024,VI,ESIO,no,Stereo E+I,metric,"SE3 (stereo, metric)",DSEC,city04_c,city04_c,ARE,deg,7.35,ok,ESVO2 Table VI/VII; '-'=not reported by that method's paper. ESVO2 = direct stereo event + IMU.
ESVO2,ESVO2,arXiv/TRO,2024,VI,ESIO,no,Stereo E+I,metric,"SE3 (stereo, metric)",DSEC,city04_d,city04_d,ARE,deg,3.63,ok,ESVO2 Table VI/VII; '-'=not reported by that method's paper. ESVO2 = direct stereo event + IMU.
ESVO2,ESVO2,arXiv/TRO,2024,VI,ESIO,no,Stereo E+I,metric,"SE3 (stereo, metric)",DSEC,city04_e,city04_e,ARE,deg,5.57,ok,ESVO2 Table VI/VII; '-'=not reported by that method's paper. ESVO2 = direct stereo event + IMU.
ESVO2,ESVO2,arXiv/TRO,2024,VI,ESIO,no,Stereo E+I,metric,"SE3 (stereo, metric)",DSEC,city04_f,city04_f,ARE,deg,6.19,ok,ESVO2 Table VI/VII; '-'=not reported by that method's paper. ESVO2 = direct stereo event + IMU.
ESVO2,ESVO2,arXiv/TRO,2024,VI,ESIO,no,Stereo E+I,metric,"SE3 (stereo, metric)",DSEC,city09_b,city09_b,ARE,deg,,failed,ESVO2 Table VI/VII; '-'=not reported by that method's paper. ESVO2 = direct stereo event + IMU.
ESVO2,ESVO2,arXiv/TRO,2024,VI,ESIO,no,Stereo E+I,metric,"SE3 (stereo, metric)",DSEC,city11_a,city11_a,ARE,deg,2.4,ok,ESVO2 Table VI/VII; '-'=not reported by that method's paper. ESVO2 = direct stereo event + IMU.
ESVO2,ESVO2,arXiv/TRO,2024,VI,ESIO,no,Stereo E+I,metric,"SE3 (stereo, metric)",DSEC,city11_b,city11_b,ARE,deg,3.13,ok,ESVO2 Table VI/VII; '-'=not reported by that method's paper. ESVO2 = direct stereo event + IMU.
ESVO2,ESVO2,arXiv/TRO,2024,VI,ESVIO,no,Stereo E+F+I,metric,"SE3 (stereo, metric)",DSEC,city04_a,city04_a,ARE,deg,5.59,ok,ESVO2 Table VI/VII; '-'=not reported by that method's paper. ESVO2 = direct stereo event + IMU.
ESVO2,ESVO2,arXiv/TRO,2024,VI,ESVIO,no,Stereo E+F+I,metric,"SE3 (stereo, metric)",DSEC,city04_b,city04_b,ARE,deg,1.38,ok,ESVO2 Table VI/VII; '-'=not reported by that method's paper. ESVO2 = direct stereo event + IMU.
ESVO2,ESVO2,arXiv/TRO,2024,VI,ESVIO,no,Stereo E+F+I,metric,"SE3 (stereo, metric)",DSEC,city04_c,city04_c,ARE,deg,14.62,ok,ESVO2 Table VI/VII; '-'=not reported by that method's paper. ESVO2 = direct stereo event + IMU.
ESVO2,ESVO2,arXiv/TRO,2024,VI,ESVIO,no,Stereo E+F+I,metric,"SE3 (stereo, metric)",DSEC,city04_d,city04_d,ARE,deg,,n/a,ESVO2 Table VI/VII; '-'=not reported by that method's paper. ESVO2 = direct stereo event + IMU.
ESVO2,ESVO2,arXiv/TRO,2024,VI,ESVIO,no,Stereo E+F+I,metric,"SE3 (stereo, metric)",DSEC,city04_e,city04_e,ARE,deg,6.28,ok,ESVO2 Table VI/VII; '-'=not reported by that method's paper. ESVO2 = direct stereo event + IMU.
ESVO2,ESVO2,arXiv/TRO,2024,VI,ESVIO,no,Stereo E+F+I,metric,"SE3 (stereo, metric)",DSEC,city04_f,city04_f,ARE,deg,20.78,ok,ESVO2 Table VI/VII; '-'=not reported by that method's paper. ESVO2 = direct stereo event + IMU.
ESVO2,ESVO2,arXiv/TRO,2024,VI,ESVIO,no,Stereo E+F+I,metric,"SE3 (stereo, metric)",DSEC,city09_b,city09_b,ARE,deg,,n/a,ESVO2 Table VI/VII; '-'=not reported by that method's paper. ESVO2 = direct stereo event + IMU.
ESVO2,ESVO2,arXiv/TRO,2024,VI,ESVIO,no,Stereo E+F+I,metric,"SE3 (stereo, metric)",DSEC,city11_a,city11_a,ARE,deg,7.71,ok,ESVO2 Table VI/VII; '-'=not reported by that method's paper. ESVO2 = direct stereo event + IMU.
ESVO2,ESVO2,arXiv/TRO,2024,VI,ESVIO,no,Stereo E+F+I,metric,"SE3 (stereo, metric)",DSEC,city11_b,city11_b,ARE,deg,,n/a,ESVO2 Table VI/VII; '-'=not reported by that method's paper. ESVO2 = direct stereo event + IMU.
ESVO2,ESVO2,arXiv/TRO,2024,VI,ICRA'24 (ESVIO-AA),no,Stereo E+I,metric,"SE3 (stereo, metric)",DSEC,city04_a,city04_a,ARE,deg,4.36,ok,ESVO2 Table VI/VII; '-'=not reported by that method's paper. ESVO2 = direct stereo event + IMU.
ESVO2,ESVO2,arXiv/TRO,2024,VI,ICRA'24 (ESVIO-AA),no,Stereo E+I,metric,"SE3 (stereo, metric)",DSEC,city04_b,city04_b,ARE,deg,2.64,ok,ESVO2 Table VI/VII; '-'=not reported by that method's paper. ESVO2 = direct stereo event + IMU.
ESVO2,ESVO2,arXiv/TRO,2024,VI,ICRA'24 (ESVIO-AA),no,Stereo E+I,metric,"SE3 (stereo, metric)",DSEC,city04_c,city04_c,ARE,deg,11.39,ok,ESVO2 Table VI/VII; '-'=not reported by that method's paper. ESVO2 = direct stereo event + IMU.
ESVO2,ESVO2,arXiv/TRO,2024,VI,ICRA'24 (ESVIO-AA),no,Stereo E+I,metric,"SE3 (stereo, metric)",DSEC,city04_d,city04_d,ARE,deg,14.14,ok,ESVO2 Table VI/VII; '-'=not reported by that method's paper. ESVO2 = direct stereo event + IMU.
ESVO2,ESVO2,arXiv/TRO,2024,VI,ICRA'24 (ESVIO-AA),no,Stereo E+I,metric,"SE3 (stereo, metric)",DSEC,city04_e,city04_e,ARE,deg,5.08,ok,ESVO2 Table VI/VII; '-'=not reported by that method's paper. ESVO2 = direct stereo event + IMU.
ESVO2,ESVO2,arXiv/TRO,2024,VI,ICRA'24 (ESVIO-AA),no,Stereo E+I,metric,"SE3 (stereo, metric)",DSEC,city04_f,city04_f,ARE,deg,5.52,ok,ESVO2 Table VI/VII; '-'=not reported by that method's paper. ESVO2 = direct stereo event + IMU.
ESVO2,ESVO2,arXiv/TRO,2024,VI,ICRA'24 (ESVIO-AA),no,Stereo E+I,metric,"SE3 (stereo, metric)",DSEC,city09_b,city09_b,ARE,deg,2.92,ok,ESVO2 Table VI/VII; '-'=not reported by that method's paper. ESVO2 = direct stereo event + IMU.
ESVO2,ESVO2,arXiv/TRO,2024,VI,ICRA'24 (ESVIO-AA),no,Stereo E+I,metric,"SE3 (stereo, metric)",DSEC,city11_a,city11_a,ARE,deg,4.52,ok,ESVO2 Table VI/VII; '-'=not reported by that method's paper. ESVO2 = direct stereo event + IMU.
ESVO2,ESVO2,arXiv/TRO,2024,VI,ICRA'24 (ESVIO-AA),no,Stereo E+I,metric,"SE3 (stereo, metric)",DSEC,city11_b,city11_b,ARE,deg,12.78,ok,ESVO2 Table VI/VII; '-'=not reported by that method's paper. ESVO2 = direct stereo event + IMU.
ESVO2,ESVO2,arXiv/TRO,2024,VI,ESVO2,yes,Stereo E+I,metric,"SE3 (stereo, metric)",DSEC,city04_a,city04_a,ARE,deg,3.33,ok,ESVO2 Table VI/VII; '-'=not reported by that method's paper. ESVO2 = direct stereo event + IMU.
ESVO2,ESVO2,arXiv/TRO,2024,VI,ESVO2,yes,Stereo E+I,metric,"SE3 (stereo, metric)",DSEC,city04_b,city04_b,ARE,deg,1.55,ok,ESVO2 Table VI/VII; '-'=not reported by that method's paper. ESVO2 = direct stereo event + IMU.
ESVO2,ESVO2,arXiv/TRO,2024,VI,ESVO2,yes,Stereo E+I,metric,"SE3 (stereo, metric)",DSEC,city04_c,city04_c,ARE,deg,10.26,ok,ESVO2 Table VI/VII; '-'=not reported by that method's paper. ESVO2 = direct stereo event + IMU.
ESVO2,ESVO2,arXiv/TRO,2024,VI,ESVO2,yes,Stereo E+I,metric,"SE3 (stereo, metric)",DSEC,city04_d,city04_d,ARE,deg,8.87,ok,ESVO2 Table VI/VII; '-'=not reported by that method's paper. ESVO2 = direct stereo event + IMU.
ESVO2,ESVO2,arXiv/TRO,2024,VI,ESVO2,yes,Stereo E+I,metric,"SE3 (stereo, metric)",DSEC,city04_e,city04_e,ARE,deg,3.54,ok,ESVO2 Table VI/VII; '-'=not reported by that method's paper. ESVO2 = direct stereo event + IMU.
ESVO2,ESVO2,arXiv/TRO,2024,VI,ESVO2,yes,Stereo E+I,metric,"SE3 (stereo, metric)",DSEC,city04_f,city04_f,ARE,deg,5.0,ok,ESVO2 Table VI/VII; '-'=not reported by that method's paper. ESVO2 = direct stereo event + IMU.
ESVO2,ESVO2,arXiv/TRO,2024,VI,ESVO2,yes,Stereo E+I,metric,"SE3 (stereo, metric)",DSEC,city09_b,city09_b,ARE,deg,2.17,ok,ESVO2 Table VI/VII; '-'=not reported by that method's paper. ESVO2 = direct stereo event + IMU.
ESVO2,ESVO2,arXiv/TRO,2024,VI,ESVO2,yes,Stereo E+I,metric,"SE3 (stereo, metric)",DSEC,city11_a,city11_a,ARE,deg,1.85,ok,ESVO2 Table VI/VII; '-'=not reported by that method's paper. ESVO2 = direct stereo event + IMU.
ESVO2,ESVO2,arXiv/TRO,2024,VI,ESVO2,yes,Stereo E+I,metric,"SE3 (stereo, metric)",DSEC,city11_b,city11_b,ARE,deg,10.61,ok,ESVO2 Table VI/VII; '-'=not reported by that method's paper. ESVO2 = direct stereo event + IMU.
ESVO2,ESVO2,arXiv/TRO,2024,VI,ESVO,no,Stereo E,metric,"SE3 (stereo, metric)",VECtor,robot_normal,robot_normal,ARE,deg,19.79,ok,ESVO2 Table VI/VII; '-'=not reported by that method's paper. ESVO2 = direct stereo event + IMU.
ESVO2,ESVO2,arXiv/TRO,2024,VI,ESVO,no,Stereo E,metric,"SE3 (stereo, metric)",VECtor,robot_fast,robot_fast,ARE,deg,,failed,ESVO2 Table VI/VII; '-'=not reported by that method's paper. ESVO2 = direct stereo event + IMU.
ESVO2,ESVO2,arXiv/TRO,2024,VI,ESVO,no,Stereo E,metric,"SE3 (stereo, metric)",VECtor,corner_slow,corner_slow,ARE,deg,9.63,ok,ESVO2 Table VI/VII; '-'=not reported by that method's paper. ESVO2 = direct stereo event + IMU.
ESVO2,ESVO2,arXiv/TRO,2024,VI,ESVO,no,Stereo E,metric,"SE3 (stereo, metric)",VECtor,hdr_normal,hdr_normal,ARE,deg,24.54,ok,ESVO2 Table VI/VII; '-'=not reported by that method's paper. ESVO2 = direct stereo event + IMU.
ESVO2,ESVO2,arXiv/TRO,2024,VI,ESVO,no,Stereo E,metric,"SE3 (stereo, metric)",VECtor,sofa_normal,sofa_normal,ARE,deg,,failed,ESVO2 Table VI/VII; '-'=not reported by that method's paper. ESVO2 = direct stereo event + IMU.
ESVO2,ESVO2,arXiv/TRO,2024,VI,ESVO,no,Stereo E,metric,"SE3 (stereo, metric)",VECtor,desk_normal,desk_normal,ARE,deg,19.91,ok,ESVO2 Table VI/VII; '-'=not reported by that method's paper. ESVO2 = direct stereo event + IMU.
ESVO2,ESVO2,arXiv/TRO,2024,VI,ES-PTAM,no,Stereo E,metric,"SE3 (stereo, metric)",VECtor,robot_normal,robot_normal,ARE,deg,,n/a,ESVO2 Table VI/VII; '-'=not reported by that method's paper. ESVO2 = direct stereo event + IMU.
ESVO2,ESVO2,arXiv/TRO,2024,VI,ES-PTAM,no,Stereo E,metric,"SE3 (stereo, metric)",VECtor,robot_fast,robot_fast,ARE,deg,,n/a,ESVO2 Table VI/VII; '-'=not reported by that method's paper. ESVO2 = direct stereo event + IMU.
ESVO2,ESVO2,arXiv/TRO,2024,VI,ES-PTAM,no,Stereo E,metric,"SE3 (stereo, metric)",VECtor,corner_slow,corner_slow,ARE,deg,,n/a,ESVO2 Table VI/VII; '-'=not reported by that method's paper. ESVO2 = direct stereo event + IMU.
ESVO2,ESVO2,arXiv/TRO,2024,VI,ES-PTAM,no,Stereo E,metric,"SE3 (stereo, metric)",VECtor,hdr_normal,hdr_normal,ARE,deg,,n/a,ESVO2 Table VI/VII; '-'=not reported by that method's paper. ESVO2 = direct stereo event + IMU.
ESVO2,ESVO2,arXiv/TRO,2024,VI,ES-PTAM,no,Stereo E,metric,"SE3 (stereo, metric)",VECtor,sofa_normal,sofa_normal,ARE,deg,,n/a,ESVO2 Table VI/VII; '-'=not reported by that method's paper. ESVO2 = direct stereo event + IMU.
ESVO2,ESVO2,arXiv/TRO,2024,VI,ES-PTAM,no,Stereo E,metric,"SE3 (stereo, metric)",VECtor,desk_normal,desk_normal,ARE,deg,,n/a,ESVO2 Table VI/VII; '-'=not reported by that method's paper. ESVO2 = direct stereo event + IMU.
ESVO2,ESVO2,arXiv/TRO,2024,VI,ESIO,no,Stereo E+I,metric,"SE3 (stereo, metric)",VECtor,robot_normal,robot_normal,ARE,deg,5.61,ok,ESVO2 Table VI/VII; '-'=not reported by that method's paper. ESVO2 = direct stereo event + IMU.
ESVO2,ESVO2,arXiv/TRO,2024,VI,ESIO,no,Stereo E+I,metric,"SE3 (stereo, metric)",VECtor,robot_fast,robot_fast,ARE,deg,,failed,ESVO2 Table VI/VII; '-'=not reported by that method's paper. ESVO2 = direct stereo event + IMU.
ESVO2,ESVO2,arXiv/TRO,2024,VI,ESIO,no,Stereo E+I,metric,"SE3 (stereo, metric)",VECtor,corner_slow,corner_slow,ARE,deg,32.67,ok,ESVO2 Table VI/VII; '-'=not reported by that method's paper. ESVO2 = direct stereo event + IMU.
ESVO2,ESVO2,arXiv/TRO,2024,VI,ESIO,no,Stereo E+I,metric,"SE3 (stereo, metric)",VECtor,hdr_normal,hdr_normal,ARE,deg,18.42,ok,ESVO2 Table VI/VII; '-'=not reported by that method's paper. ESVO2 = direct stereo event + IMU.
ESVO2,ESVO2,arXiv/TRO,2024,VI,ESIO,no,Stereo E+I,metric,"SE3 (stereo, metric)",VECtor,sofa_normal,sofa_normal,ARE,deg,12.11,ok,ESVO2 Table VI/VII; '-'=not reported by that method's paper. ESVO2 = direct stereo event + IMU.
ESVO2,ESVO2,arXiv/TRO,2024,VI,ESIO,no,Stereo E+I,metric,"SE3 (stereo, metric)",VECtor,desk_normal,desk_normal,ARE,deg,,failed,ESVO2 Table VI/VII; '-'=not reported by that method's paper. ESVO2 = direct stereo event + IMU.
ESVO2,ESVO2,arXiv/TRO,2024,VI,ESVIO,no,Stereo E+F+I,metric,"SE3 (stereo, metric)",VECtor,robot_normal,robot_normal,ARE,deg,,n/a,ESVO2 Table VI/VII; '-'=not reported by that method's paper. ESVO2 = direct stereo event + IMU.
ESVO2,ESVO2,arXiv/TRO,2024,VI,ESVIO,no,Stereo E+F+I,metric,"SE3 (stereo, metric)",VECtor,robot_fast,robot_fast,ARE,deg,,n/a,ESVO2 Table VI/VII; '-'=not reported by that method's paper. ESVO2 = direct stereo event + IMU.
ESVO2,ESVO2,arXiv/TRO,2024,VI,ESVIO,no,Stereo E+F+I,metric,"SE3 (stereo, metric)",VECtor,corner_slow,corner_slow,ARE,deg,,n/a,ESVO2 Table VI/VII; '-'=not reported by that method's paper. ESVO2 = direct stereo event + IMU.
ESVO2,ESVO2,arXiv/TRO,2024,VI,ESVIO,no,Stereo E+F+I,metric,"SE3 (stereo, metric)",VECtor,hdr_normal,hdr_normal,ARE,deg,,n/a,ESVO2 Table VI/VII; '-'=not reported by that method's paper. ESVO2 = direct stereo event + IMU.
ESVO2,ESVO2,arXiv/TRO,2024,VI,ESVIO,no,Stereo E+F+I,metric,"SE3 (stereo, metric)",VECtor,sofa_normal,sofa_normal,ARE,deg,,n/a,ESVO2 Table VI/VII; '-'=not reported by that method's paper. ESVO2 = direct stereo event + IMU.
ESVO2,ESVO2,arXiv/TRO,2024,VI,ESVIO,no,Stereo E+F+I,metric,"SE3 (stereo, metric)",VECtor,desk_normal,desk_normal,ARE,deg,,n/a,ESVO2 Table VI/VII; '-'=not reported by that method's paper. ESVO2 = direct stereo event + IMU.
ESVO2,ESVO2,arXiv/TRO,2024,VI,ICRA'24 (ESVIO-AA),no,Stereo E+I,metric,"SE3 (stereo, metric)",VECtor,robot_normal,robot_normal,ARE,deg,20.46,ok,ESVO2 Table VI/VII; '-'=not reported by that method's paper. ESVO2 = direct stereo event + IMU.
ESVO2,ESVO2,arXiv/TRO,2024,VI,ICRA'24 (ESVIO-AA),no,Stereo E+I,metric,"SE3 (stereo, metric)",VECtor,robot_fast,robot_fast,ARE,deg,,failed,ESVO2 Table VI/VII; '-'=not reported by that method's paper. ESVO2 = direct stereo event + IMU.
ESVO2,ESVO2,arXiv/TRO,2024,VI,ICRA'24 (ESVIO-AA),no,Stereo E+I,metric,"SE3 (stereo, metric)",VECtor,corner_slow,corner_slow,ARE,deg,6.15,ok,ESVO2 Table VI/VII; '-'=not reported by that method's paper. ESVO2 = direct stereo event + IMU.
ESVO2,ESVO2,arXiv/TRO,2024,VI,ICRA'24 (ESVIO-AA),no,Stereo E+I,metric,"SE3 (stereo, metric)",VECtor,hdr_normal,hdr_normal,ARE,deg,14.11,ok,ESVO2 Table VI/VII; '-'=not reported by that method's paper. ESVO2 = direct stereo event + IMU.
ESVO2,ESVO2,arXiv/TRO,2024,VI,ICRA'24 (ESVIO-AA),no,Stereo E+I,metric,"SE3 (stereo, metric)",VECtor,sofa_normal,sofa_normal,ARE,deg,,failed,ESVO2 Table VI/VII; '-'=not reported by that method's paper. ESVO2 = direct stereo event + IMU.
ESVO2,ESVO2,arXiv/TRO,2024,VI,ICRA'24 (ESVIO-AA),no,Stereo E+I,metric,"SE3 (stereo, metric)",VECtor,desk_normal,desk_normal,ARE,deg,10.36,ok,ESVO2 Table VI/VII; '-'=not reported by that method's paper. ESVO2 = direct stereo event + IMU.
ESVO2,ESVO2,arXiv/TRO,2024,VI,ESVO2,yes,Stereo E+I,metric,"SE3 (stereo, metric)",VECtor,robot_normal,robot_normal,ARE,deg,5.03,ok,ESVO2 Table VI/VII; '-'=not reported by that method's paper. ESVO2 = direct stereo event + IMU.
ESVO2,ESVO2,arXiv/TRO,2024,VI,ESVO2,yes,Stereo E+I,metric,"SE3 (stereo, metric)",VECtor,robot_fast,robot_fast,ARE,deg,16.29,ok,ESVO2 Table VI/VII; '-'=not reported by that method's paper. ESVO2 = direct stereo event + IMU.
ESVO2,ESVO2,arXiv/TRO,2024,VI,ESVO2,yes,Stereo E+I,metric,"SE3 (stereo, metric)",VECtor,corner_slow,corner_slow,ARE,deg,2.96,ok,ESVO2 Table VI/VII; '-'=not reported by that method's paper. ESVO2 = direct stereo event + IMU.
ESVO2,ESVO2,arXiv/TRO,2024,VI,ESVO2,yes,Stereo E+I,metric,"SE3 (stereo, metric)",VECtor,hdr_normal,hdr_normal,ARE,deg,7.82,ok,ESVO2 Table VI/VII; '-'=not reported by that method's paper. ESVO2 = direct stereo event + IMU.
ESVO2,ESVO2,arXiv/TRO,2024,VI,ESVO2,yes,Stereo E+I,metric,"SE3 (stereo, metric)",VECtor,sofa_normal,sofa_normal,ARE,deg,20.11,ok,ESVO2 Table VI/VII; '-'=not reported by that method's paper. ESVO2 = direct stereo event + IMU.
ESVO2,ESVO2,arXiv/TRO,2024,VI,ESVO2,yes,Stereo E+I,metric,"SE3 (stereo, metric)",VECtor,desk_normal,desk_normal,ARE,deg,6.82,ok,ESVO2 Table VI/VII; '-'=not reported by that method's paper. ESVO2 = direct stereo event + IMU.
ESVO2,ESVO2,arXiv/TRO,2024,VI,ESVO,no,Stereo E,metric,"SE3 (stereo, metric)",TUM-VIE,mocap-1d-trans,tumvie_1d_trans,ARE,deg,13.47,ok,ESVO2 Table VI/VII; '-'=not reported by that method's paper. ESVO2 = direct stereo event + IMU.
ESVO2,ESVO2,arXiv/TRO,2024,VI,ESVO,no,Stereo E,metric,"SE3 (stereo, metric)",TUM-VIE,mocap-3d-trans,tumvie_3d_trans,ARE,deg,19.2,ok,ESVO2 Table VI/VII; '-'=not reported by that method's paper. ESVO2 = direct stereo event + IMU.
ESVO2,ESVO2,arXiv/TRO,2024,VI,ESVO,no,Stereo E,metric,"SE3 (stereo, metric)",TUM-VIE,mocap-6dof,tumvie_6dof,ARE,deg,17.59,ok,ESVO2 Table VI/VII; '-'=not reported by that method's paper. ESVO2 = direct stereo event + IMU.
ESVO2,ESVO2,arXiv/TRO,2024,VI,ESVO,no,Stereo E,metric,"SE3 (stereo, metric)",TUM-VIE,mocap-desk,tumvie_desk,ARE,deg,14.56,ok,ESVO2 Table VI/VII; '-'=not reported by that method's paper. ESVO2 = direct stereo event + IMU.
ESVO2,ESVO2,arXiv/TRO,2024,VI,ESVO,no,Stereo E,metric,"SE3 (stereo, metric)",TUM-VIE,mocap-desk2,tumvie_desk2,ARE,deg,5.86,ok,ESVO2 Table VI/VII; '-'=not reported by that method's paper. ESVO2 = direct stereo event + IMU.
ESVO2,ESVO2,arXiv/TRO,2024,VI,ES-PTAM,no,Stereo E,metric,"SE3 (stereo, metric)",TUM-VIE,mocap-1d-trans,tumvie_1d_trans,ARE,deg,6.02,ok,ESVO2 Table VI/VII; '-'=not reported by that method's paper. ESVO2 = direct stereo event + IMU.
ESVO2,ESVO2,arXiv/TRO,2024,VI,ES-PTAM,no,Stereo E,metric,"SE3 (stereo, metric)",TUM-VIE,mocap-3d-trans,tumvie_3d_trans,ARE,deg,15.62,ok,ESVO2 Table VI/VII; '-'=not reported by that method's paper. ESVO2 = direct stereo event + IMU.
ESVO2,ESVO2,arXiv/TRO,2024,VI,ES-PTAM,no,Stereo E,metric,"SE3 (stereo, metric)",TUM-VIE,mocap-6dof,tumvie_6dof,ARE,deg,14.01,ok,ESVO2 Table VI/VII; '-'=not reported by that method's paper. ESVO2 = direct stereo event + IMU.
ESVO2,ESVO2,arXiv/TRO,2024,VI,ES-PTAM,no,Stereo E,metric,"SE3 (stereo, metric)",TUM-VIE,mocap-desk,tumvie_desk,ARE,deg,3.37,ok,ESVO2 Table VI/VII; '-'=not reported by that method's paper. ESVO2 = direct stereo event + IMU.
ESVO2,ESVO2,arXiv/TRO,2024,VI,ES-PTAM,no,Stereo E,metric,"SE3 (stereo, metric)",TUM-VIE,mocap-desk2,tumvie_desk2,ARE,deg,10.12,ok,ESVO2 Table VI/VII; '-'=not reported by that method's paper. ESVO2 = direct stereo event + IMU.
ESVO2,ESVO2,arXiv/TRO,2024,VI,ESIO,no,Stereo E+I,metric,"SE3 (stereo, metric)",TUM-VIE,mocap-1d-trans,tumvie_1d_trans,ARE,deg,,failed,ESVO2 Table VI/VII; '-'=not reported by that method's paper. ESVO2 = direct stereo event + IMU.
ESVO2,ESVO2,arXiv/TRO,2024,VI,ESIO,no,Stereo E+I,metric,"SE3 (stereo, metric)",TUM-VIE,mocap-3d-trans,tumvie_3d_trans,ARE,deg,,failed,ESVO2 Table VI/VII; '-'=not reported by that method's paper. ESVO2 = direct stereo event + IMU.
ESVO2,ESVO2,arXiv/TRO,2024,VI,ESIO,no,Stereo E+I,metric,"SE3 (stereo, metric)",TUM-VIE,mocap-6dof,tumvie_6dof,ARE,deg,,failed,ESVO2 Table VI/VII; '-'=not reported by that method's paper. ESVO2 = direct stereo event + IMU.
ESVO2,ESVO2,arXiv/TRO,2024,VI,ESIO,no,Stereo E+I,metric,"SE3 (stereo, metric)",TUM-VIE,mocap-desk,tumvie_desk,ARE,deg,,failed,ESVO2 Table VI/VII; '-'=not reported by that method's paper. ESVO2 = direct stereo event + IMU.
ESVO2,ESVO2,arXiv/TRO,2024,VI,ESIO,no,Stereo E+I,metric,"SE3 (stereo, metric)",TUM-VIE,mocap-desk2,tumvie_desk2,ARE,deg,,failed,ESVO2 Table VI/VII; '-'=not reported by that method's paper. ESVO2 = direct stereo event + IMU.
ESVO2,ESVO2,arXiv/TRO,2024,VI,ESVIO,no,Stereo E+F+I,metric,"SE3 (stereo, metric)",TUM-VIE,mocap-1d-trans,tumvie_1d_trans,ARE,deg,,n/a,ESVO2 Table VI/VII; '-'=not reported by that method's paper. ESVO2 = direct stereo event + IMU.
ESVO2,ESVO2,arXiv/TRO,2024,VI,ESVIO,no,Stereo E+F+I,metric,"SE3 (stereo, metric)",TUM-VIE,mocap-3d-trans,tumvie_3d_trans,ARE,deg,,n/a,ESVO2 Table VI/VII; '-'=not reported by that method's paper. ESVO2 = direct stereo event + IMU.
ESVO2,ESVO2,arXiv/TRO,2024,VI,ESVIO,no,Stereo E+F+I,metric,"SE3 (stereo, metric)",TUM-VIE,mocap-6dof,tumvie_6dof,ARE,deg,,n/a,ESVO2 Table VI/VII; '-'=not reported by that method's paper. ESVO2 = direct stereo event + IMU.
ESVO2,ESVO2,arXiv/TRO,2024,VI,ESVIO,no,Stereo E+F+I,metric,"SE3 (stereo, metric)",TUM-VIE,mocap-desk,tumvie_desk,ARE,deg,,n/a,ESVO2 Table VI/VII; '-'=not reported by that method's paper. ESVO2 = direct stereo event + IMU.
ESVO2,ESVO2,arXiv/TRO,2024,VI,ESVIO,no,Stereo E+F+I,metric,"SE3 (stereo, metric)",TUM-VIE,mocap-desk2,tumvie_desk2,ARE,deg,,n/a,ESVO2 Table VI/VII; '-'=not reported by that method's paper. ESVO2 = direct stereo event + IMU.
ESVO2,ESVO2,arXiv/TRO,2024,VI,ICRA'24 (ESVIO-AA),no,Stereo E+I,metric,"SE3 (stereo, metric)",TUM-VIE,mocap-1d-trans,tumvie_1d_trans,ARE,deg,6.67,ok,ESVO2 Table VI/VII; '-'=not reported by that method's paper. ESVO2 = direct stereo event + IMU.
ESVO2,ESVO2,arXiv/TRO,2024,VI,ICRA'24 (ESVIO-AA),no,Stereo E+I,metric,"SE3 (stereo, metric)",TUM-VIE,mocap-3d-trans,tumvie_3d_trans,ARE,deg,17.93,ok,ESVO2 Table VI/VII; '-'=not reported by that method's paper. ESVO2 = direct stereo event + IMU.
ESVO2,ESVO2,arXiv/TRO,2024,VI,ICRA'24 (ESVIO-AA),no,Stereo E+I,metric,"SE3 (stereo, metric)",TUM-VIE,mocap-6dof,tumvie_6dof,ARE,deg,,failed,ESVO2 Table VI/VII; '-'=not reported by that method's paper. ESVO2 = direct stereo event + IMU.
ESVO2,ESVO2,arXiv/TRO,2024,VI,ICRA'24 (ESVIO-AA),no,Stereo E+I,metric,"SE3 (stereo, metric)",TUM-VIE,mocap-desk,tumvie_desk,ARE,deg,6.95,ok,ESVO2 Table VI/VII; '-'=not reported by that method's paper. ESVO2 = direct stereo event + IMU.
ESVO2,ESVO2,arXiv/TRO,2024,VI,ICRA'24 (ESVIO-AA),no,Stereo E+I,metric,"SE3 (stereo, metric)",TUM-VIE,mocap-desk2,tumvie_desk2,ARE,deg,4.32,ok,ESVO2 Table VI/VII; '-'=not reported by that method's paper. ESVO2 = direct stereo event + IMU.
ESVO2,ESVO2,arXiv/TRO,2024,VI,ESVO2,yes,Stereo E+I,metric,"SE3 (stereo, metric)",TUM-VIE,mocap-1d-trans,tumvie_1d_trans,ARE,deg,6.3,ok,ESVO2 Table VI/VII; '-'=not reported by that method's paper. ESVO2 = direct stereo event + IMU.
ESVO2,ESVO2,arXiv/TRO,2024,VI,ESVO2,yes,Stereo E+I,metric,"SE3 (stereo, metric)",TUM-VIE,mocap-3d-trans,tumvie_3d_trans,ARE,deg,6.61,ok,ESVO2 Table VI/VII; '-'=not reported by that method's paper. ESVO2 = direct stereo event + IMU.
ESVO2,ESVO2,arXiv/TRO,2024,VI,ESVO2,yes,Stereo E+I,metric,"SE3 (stereo, metric)",TUM-VIE,mocap-6dof,tumvie_6dof,ARE,deg,4.17,ok,ESVO2 Table VI/VII; '-'=not reported by that method's paper. ESVO2 = direct stereo event + IMU.
ESVO2,ESVO2,arXiv/TRO,2024,VI,ESVO2,yes,Stereo E+I,metric,"SE3 (stereo, metric)",TUM-VIE,mocap-desk,tumvie_desk,ARE,deg,2.4,ok,ESVO2 Table VI/VII; '-'=not reported by that method's paper. ESVO2 = direct stereo event + IMU.
ESVO2,ESVO2,arXiv/TRO,2024,VI,ESVO2,yes,Stereo E+I,metric,"SE3 (stereo, metric)",TUM-VIE,mocap-desk2,tumvie_desk2,ARE,deg,3.88,ok,ESVO2 Table VI/VII; '-'=not reported by that method's paper. ESVO2 = direct stereo event + IMU.
ESVO2,ESVO2,arXiv/TRO,2024,VII,ESVO,no,Stereo E,metric,"SE3 (stereo, metric)",RPG,rpg_box,rpg_box,RPE_R,deg/s,3.4,ok,ESVO2 Table VI/VII; '-'=not reported by that method's paper. ESVO2 = direct stereo event + IMU.
ESVO2,ESVO2,arXiv/TRO,2024,VII,ESVO,no,Stereo E,metric,"SE3 (stereo, metric)",RPG,rpg_monitor,rpg_monitor,RPE_R,deg/s,1.7,ok,ESVO2 Table VI/VII; '-'=not reported by that method's paper. ESVO2 = direct stereo event + IMU.
ESVO2,ESVO2,arXiv/TRO,2024,VII,ESVO,no,Stereo E,metric,"SE3 (stereo, metric)",RPG,rpg_bin,rpg_bin,RPE_R,deg/s,1.2,ok,ESVO2 Table VI/VII; '-'=not reported by that method's paper. ESVO2 = direct stereo event + IMU.
ESVO2,ESVO2,arXiv/TRO,2024,VII,ESVO,no,Stereo E,metric,"SE3 (stereo, metric)",RPG,rpg_desk,rpg_desk,RPE_R,deg/s,3.1,ok,ESVO2 Table VI/VII; '-'=not reported by that method's paper. ESVO2 = direct stereo event + IMU.
ESVO2,ESVO2,arXiv/TRO,2024,VII,ESVO,no,Stereo E,metric,"SE3 (stereo, metric)",RPG,rpg_reader,rpg_reader,RPE_R,deg/s,2.5,ok,ESVO2 Table VI/VII; '-'=not reported by that method's paper. ESVO2 = direct stereo event + IMU.
ESVO2,ESVO2,arXiv/TRO,2024,VII,ES-PTAM,no,Stereo E,metric,"SE3 (stereo, metric)",RPG,rpg_box,rpg_box,RPE_R,deg/s,2.1,ok,ESVO2 Table VI/VII; '-'=not reported by that method's paper. ESVO2 = direct stereo event + IMU.
ESVO2,ESVO2,arXiv/TRO,2024,VII,ES-PTAM,no,Stereo E,metric,"SE3 (stereo, metric)",RPG,rpg_monitor,rpg_monitor,RPE_R,deg/s,1.14,ok,ESVO2 Table VI/VII; '-'=not reported by that method's paper. ESVO2 = direct stereo event + IMU.
ESVO2,ESVO2,arXiv/TRO,2024,VII,ES-PTAM,no,Stereo E,metric,"SE3 (stereo, metric)",RPG,rpg_bin,rpg_bin,RPE_R,deg/s,1.0,ok,ESVO2 Table VI/VII; '-'=not reported by that method's paper. ESVO2 = direct stereo event + IMU.
ESVO2,ESVO2,arXiv/TRO,2024,VII,ES-PTAM,no,Stereo E,metric,"SE3 (stereo, metric)",RPG,rpg_desk,rpg_desk,RPE_R,deg/s,1.77,ok,ESVO2 Table VI/VII; '-'=not reported by that method's paper. ESVO2 = direct stereo event + IMU.
ESVO2,ESVO2,arXiv/TRO,2024,VII,ES-PTAM,no,Stereo E,metric,"SE3 (stereo, metric)",RPG,rpg_reader,rpg_reader,RPE_R,deg/s,,n/a,ESVO2 Table VI/VII; '-'=not reported by that method's paper. ESVO2 = direct stereo event + IMU.
ESVO2,ESVO2,arXiv/TRO,2024,VII,ESIO,no,Stereo E+I,metric,"SE3 (stereo, metric)",RPG,rpg_box,rpg_box,RPE_R,deg/s,2.91,ok,ESVO2 Table VI/VII; '-'=not reported by that method's paper. ESVO2 = direct stereo event + IMU.
ESVO2,ESVO2,arXiv/TRO,2024,VII,ESIO,no,Stereo E+I,metric,"SE3 (stereo, metric)",RPG,rpg_monitor,rpg_monitor,RPE_R,deg/s,1.71,ok,ESVO2 Table VI/VII; '-'=not reported by that method's paper. ESVO2 = direct stereo event + IMU.
ESVO2,ESVO2,arXiv/TRO,2024,VII,ESIO,no,Stereo E+I,metric,"SE3 (stereo, metric)",RPG,rpg_bin,rpg_bin,RPE_R,deg/s,2.3,ok,ESVO2 Table VI/VII; '-'=not reported by that method's paper. ESVO2 = direct stereo event + IMU.
ESVO2,ESVO2,arXiv/TRO,2024,VII,ESIO,no,Stereo E+I,metric,"SE3 (stereo, metric)",RPG,rpg_desk,rpg_desk,RPE_R,deg/s,3.94,ok,ESVO2 Table VI/VII; '-'=not reported by that method's paper. ESVO2 = direct stereo event + IMU.
ESVO2,ESVO2,arXiv/TRO,2024,VII,ESIO,no,Stereo E+I,metric,"SE3 (stereo, metric)",RPG,rpg_reader,rpg_reader,RPE_R,deg/s,,failed,ESVO2 Table VI/VII; '-'=not reported by that method's paper. ESVO2 = direct stereo event + IMU.
ESVO2,ESVO2,arXiv/TRO,2024,VII,ESVIO,no,Stereo E+F+I,metric,"SE3 (stereo, metric)",RPG,rpg_box,rpg_box,RPE_R,deg/s,5.11,ok,ESVO2 Table VI/VII; '-'=not reported by that method's paper. ESVO2 = direct stereo event + IMU.
ESVO2,ESVO2,arXiv/TRO,2024,VII,ESVIO,no,Stereo E+F+I,metric,"SE3 (stereo, metric)",RPG,rpg_monitor,rpg_monitor,RPE_R,deg/s,6.12,ok,ESVO2 Table VI/VII; '-'=not reported by that method's paper. ESVO2 = direct stereo event + IMU.
ESVO2,ESVO2,arXiv/TRO,2024,VII,ESVIO,no,Stereo E+F+I,metric,"SE3 (stereo, metric)",RPG,rpg_bin,rpg_bin,RPE_R,deg/s,4.14,ok,ESVO2 Table VI/VII; '-'=not reported by that method's paper. ESVO2 = direct stereo event + IMU.
ESVO2,ESVO2,arXiv/TRO,2024,VII,ESVIO,no,Stereo E+F+I,metric,"SE3 (stereo, metric)",RPG,rpg_desk,rpg_desk,RPE_R,deg/s,8.56,ok,ESVO2 Table VI/VII; '-'=not reported by that method's paper. ESVO2 = direct stereo event + IMU.
ESVO2,ESVO2,arXiv/TRO,2024,VII,ESVIO,no,Stereo E+F+I,metric,"SE3 (stereo, metric)",RPG,rpg_reader,rpg_reader,RPE_R,deg/s,,n/a,ESVO2 Table VI/VII; '-'=not reported by that method's paper. ESVO2 = direct stereo event + IMU.
ESVO2,ESVO2,arXiv/TRO,2024,VII,ICRA'24 (ESVIO-AA),no,Stereo E+I,metric,"SE3 (stereo, metric)",RPG,rpg_box,rpg_box,RPE_R,deg/s,2.65,ok,ESVO2 Table VI/VII; '-'=not reported by that method's paper. ESVO2 = direct stereo event + IMU.
ESVO2,ESVO2,arXiv/TRO,2024,VII,ICRA'24 (ESVIO-AA),no,Stereo E+I,metric,"SE3 (stereo, metric)",RPG,rpg_monitor,rpg_monitor,RPE_R,deg/s,1.29,ok,ESVO2 Table VI/VII; '-'=not reported by that method's paper. ESVO2 = direct stereo event + IMU.
ESVO2,ESVO2,arXiv/TRO,2024,VII,ICRA'24 (ESVIO-AA),no,Stereo E+I,metric,"SE3 (stereo, metric)",RPG,rpg_bin,rpg_bin,RPE_R,deg/s,1.23,ok,ESVO2 Table VI/VII; '-'=not reported by that method's paper. ESVO2 = direct stereo event + IMU.
ESVO2,ESVO2,arXiv/TRO,2024,VII,ICRA'24 (ESVIO-AA),no,Stereo E+I,metric,"SE3 (stereo, metric)",RPG,rpg_desk,rpg_desk,RPE_R,deg/s,2.6,ok,ESVO2 Table VI/VII; '-'=not reported by that method's paper. ESVO2 = direct stereo event + IMU.
ESVO2,ESVO2,arXiv/TRO,2024,VII,ICRA'24 (ESVIO-AA),no,Stereo E+I,metric,"SE3 (stereo, metric)",RPG,rpg_reader,rpg_reader,RPE_R,deg/s,1.37,ok,ESVO2 Table VI/VII; '-'=not reported by that method's paper. ESVO2 = direct stereo event + IMU.
ESVO2,ESVO2,arXiv/TRO,2024,VII,ESVO2,yes,Stereo E+I,metric,"SE3 (stereo, metric)",RPG,rpg_box,rpg_box,RPE_R,deg/s,3.02,ok,ESVO2 Table VI/VII; '-'=not reported by that method's paper. ESVO2 = direct stereo event + IMU.
ESVO2,ESVO2,arXiv/TRO,2024,VII,ESVO2,yes,Stereo E+I,metric,"SE3 (stereo, metric)",RPG,rpg_monitor,rpg_monitor,RPE_R,deg/s,1.15,ok,ESVO2 Table VI/VII; '-'=not reported by that method's paper. ESVO2 = direct stereo event + IMU.
ESVO2,ESVO2,arXiv/TRO,2024,VII,ESVO2,yes,Stereo E+I,metric,"SE3 (stereo, metric)",RPG,rpg_bin,rpg_bin,RPE_R,deg/s,0.94,ok,ESVO2 Table VI/VII; '-'=not reported by that method's paper. ESVO2 = direct stereo event + IMU.
ESVO2,ESVO2,arXiv/TRO,2024,VII,ESVO2,yes,Stereo E+I,metric,"SE3 (stereo, metric)",RPG,rpg_desk,rpg_desk,RPE_R,deg/s,1.76,ok,ESVO2 Table VI/VII; '-'=not reported by that method's paper. ESVO2 = direct stereo event + IMU.
ESVO2,ESVO2,arXiv/TRO,2024,VII,ESVO2,yes,Stereo E+I,metric,"SE3 (stereo, metric)",RPG,rpg_reader,rpg_reader,RPE_R,deg/s,1.32,ok,ESVO2 Table VI/VII; '-'=not reported by that method's paper. ESVO2 = direct stereo event + IMU.
ESVO2,ESVO2,arXiv/TRO,2024,VII,ESVO,no,Stereo E,metric,"SE3 (stereo, metric)",MVSEC,indoor 1,indoor_flying1,RPE_R,deg/s,1.09,ok,ESVO2 Table VI/VII; '-'=not reported by that method's paper. ESVO2 = direct stereo event + IMU.
ESVO2,ESVO2,arXiv/TRO,2024,VII,ESVO,no,Stereo E,metric,"SE3 (stereo, metric)",MVSEC,indoor 2,indoor_flying2,RPE_R,deg/s,1.72,ok,ESVO2 Table VI/VII; '-'=not reported by that method's paper. ESVO2 = direct stereo event + IMU.
ESVO2,ESVO2,arXiv/TRO,2024,VII,ESVO,no,Stereo E,metric,"SE3 (stereo, metric)",MVSEC,indoor 3,indoor_flying3,RPE_R,deg/s,1.08,ok,ESVO2 Table VI/VII; '-'=not reported by that method's paper. ESVO2 = direct stereo event + IMU.
ESVO2,ESVO2,arXiv/TRO,2024,VII,ESVO,no,Stereo E,metric,"SE3 (stereo, metric)",MVSEC,indoor 4,indoor_flying4,RPE_R,deg/s,,failed,ESVO2 Table VI/VII; '-'=not reported by that method's paper. ESVO2 = direct stereo event + IMU.
ESVO2,ESVO2,arXiv/TRO,2024,VII,ES-PTAM,no,Stereo E,metric,"SE3 (stereo, metric)",MVSEC,indoor 1,indoor_flying1,RPE_R,deg/s,1.68,ok,ESVO2 Table VI/VII; '-'=not reported by that method's paper. ESVO2 = direct stereo event + IMU.
ESVO2,ESVO2,arXiv/TRO,2024,VII,ES-PTAM,no,Stereo E,metric,"SE3 (stereo, metric)",MVSEC,indoor 2,indoor_flying2,RPE_R,deg/s,,n/a,ESVO2 Table VI/VII; '-'=not reported by that method's paper. ESVO2 = direct stereo event + IMU.
ESVO2,ESVO2,arXiv/TRO,2024,VII,ES-PTAM,no,Stereo E,metric,"SE3 (stereo, metric)",MVSEC,indoor 3,indoor_flying3,RPE_R,deg/s,,n/a,ESVO2 Table VI/VII; '-'=not reported by that method's paper. ESVO2 = direct stereo event + IMU.
ESVO2,ESVO2,arXiv/TRO,2024,VII,ES-PTAM,no,Stereo E,metric,"SE3 (stereo, metric)",MVSEC,indoor 4,indoor_flying4,RPE_R,deg/s,,n/a,ESVO2 Table VI/VII; '-'=not reported by that method's paper. ESVO2 = direct stereo event + IMU.
ESVO2,ESVO2,arXiv/TRO,2024,VII,ESIO,no,Stereo E+I,metric,"SE3 (stereo, metric)",MVSEC,indoor 1,indoor_flying1,RPE_R,deg/s,2.91,ok,ESVO2 Table VI/VII; '-'=not reported by that method's paper. ESVO2 = direct stereo event + IMU.
ESVO2,ESVO2,arXiv/TRO,2024,VII,ESIO,no,Stereo E+I,metric,"SE3 (stereo, metric)",MVSEC,indoor 2,indoor_flying2,RPE_R,deg/s,3.58,ok,ESVO2 Table VI/VII; '-'=not reported by that method's paper. ESVO2 = direct stereo event + IMU.
ESVO2,ESVO2,arXiv/TRO,2024,VII,ESIO,no,Stereo E+I,metric,"SE3 (stereo, metric)",MVSEC,indoor 3,indoor_flying3,RPE_R,deg/s,,failed,ESVO2 Table VI/VII; '-'=not reported by that method's paper. ESVO2 = direct stereo event + IMU.
ESVO2,ESVO2,arXiv/TRO,2024,VII,ESIO,no,Stereo E+I,metric,"SE3 (stereo, metric)",MVSEC,indoor 4,indoor_flying4,RPE_R,deg/s,15.85,ok,ESVO2 Table VI/VII; '-'=not reported by that method's paper. ESVO2 = direct stereo event + IMU.
ESVO2,ESVO2,arXiv/TRO,2024,VII,ESVIO,no,Stereo E+F+I,metric,"SE3 (stereo, metric)",MVSEC,indoor 1,indoor_flying1,RPE_R,deg/s,1.28,ok,ESVO2 Table VI/VII; '-'=not reported by that method's paper. ESVO2 = direct stereo event + IMU.
ESVO2,ESVO2,arXiv/TRO,2024,VII,ESVIO,no,Stereo E+F+I,metric,"SE3 (stereo, metric)",MVSEC,indoor 2,indoor_flying2,RPE_R,deg/s,,n/a,ESVO2 Table VI/VII; '-'=not reported by that method's paper. ESVO2 = direct stereo event + IMU.
ESVO2,ESVO2,arXiv/TRO,2024,VII,ESVIO,no,Stereo E+F+I,metric,"SE3 (stereo, metric)",MVSEC,indoor 3,indoor_flying3,RPE_R,deg/s,0.92,ok,ESVO2 Table VI/VII; '-'=not reported by that method's paper. ESVO2 = direct stereo event + IMU.
ESVO2,ESVO2,arXiv/TRO,2024,VII,ESVIO,no,Stereo E+F+I,metric,"SE3 (stereo, metric)",MVSEC,indoor 4,indoor_flying4,RPE_R,deg/s,,n/a,ESVO2 Table VI/VII; '-'=not reported by that method's paper. ESVO2 = direct stereo event + IMU.
ESVO2,ESVO2,arXiv/TRO,2024,VII,ICRA'24 (ESVIO-AA),no,Stereo E+I,metric,"SE3 (stereo, metric)",MVSEC,indoor 1,indoor_flying1,RPE_R,deg/s,2.09,ok,ESVO2 Table VI/VII; '-'=not reported by that method's paper. ESVO2 = direct stereo event + IMU.
ESVO2,ESVO2,arXiv/TRO,2024,VII,ICRA'24 (ESVIO-AA),no,Stereo E+I,metric,"SE3 (stereo, metric)",MVSEC,indoor 2,indoor_flying2,RPE_R,deg/s,3.77,ok,ESVO2 Table VI/VII; '-'=not reported by that method's paper. ESVO2 = direct stereo event + IMU.
ESVO2,ESVO2,arXiv/TRO,2024,VII,ICRA'24 (ESVIO-AA),no,Stereo E+I,metric,"SE3 (stereo, metric)",MVSEC,indoor 3,indoor_flying3,RPE_R,deg/s,0.99,ok,ESVO2 Table VI/VII; '-'=not reported by that method's paper. ESVO2 = direct stereo event + IMU.
ESVO2,ESVO2,arXiv/TRO,2024,VII,ICRA'24 (ESVIO-AA),no,Stereo E+I,metric,"SE3 (stereo, metric)",MVSEC,indoor 4,indoor_flying4,RPE_R,deg/s,,failed,ESVO2 Table VI/VII; '-'=not reported by that method's paper. ESVO2 = direct stereo event + IMU.
ESVO2,ESVO2,arXiv/TRO,2024,VII,ESVO2,yes,Stereo E+I,metric,"SE3 (stereo, metric)",MVSEC,indoor 1,indoor_flying1,RPE_R,deg/s,0.98,ok,ESVO2 Table VI/VII; '-'=not reported by that method's paper. ESVO2 = direct stereo event + IMU.
ESVO2,ESVO2,arXiv/TRO,2024,VII,ESVO2,yes,Stereo E+I,metric,"SE3 (stereo, metric)",MVSEC,indoor 2,indoor_flying2,RPE_R,deg/s,1.42,ok,ESVO2 Table VI/VII; '-'=not reported by that method's paper. ESVO2 = direct stereo event + IMU.
ESVO2,ESVO2,arXiv/TRO,2024,VII,ESVO2,yes,Stereo E+I,metric,"SE3 (stereo, metric)",MVSEC,indoor 3,indoor_flying3,RPE_R,deg/s,0.77,ok,ESVO2 Table VI/VII; '-'=not reported by that method's paper. ESVO2 = direct stereo event + IMU.
ESVO2,ESVO2,arXiv/TRO,2024,VII,ESVO2,yes,Stereo E+I,metric,"SE3 (stereo, metric)",MVSEC,indoor 4,indoor_flying4,RPE_R,deg/s,3.84,ok,ESVO2 Table VI/VII; '-'=not reported by that method's paper. ESVO2 = direct stereo event + IMU.
ESVO2,ESVO2,arXiv/TRO,2024,VII,ESVO,no,Stereo E,metric,"SE3 (stereo, metric)",DSEC,city04_a,city04_a,RPE_R,deg/s,1.02,ok,ESVO2 Table VI/VII; '-'=not reported by that method's paper. ESVO2 = direct stereo event + IMU.
ESVO2,ESVO2,arXiv/TRO,2024,VII,ESVO,no,Stereo E,metric,"SE3 (stereo, metric)",DSEC,city04_b,city04_b,RPE_R,deg/s,0.5,ok,ESVO2 Table VI/VII; '-'=not reported by that method's paper. ESVO2 = direct stereo event + IMU.
ESVO2,ESVO2,arXiv/TRO,2024,VII,ESVO,no,Stereo E,metric,"SE3 (stereo, metric)",DSEC,city04_c,city04_c,RPE_R,deg/s,0.65,ok,ESVO2 Table VI/VII; '-'=not reported by that method's paper. ESVO2 = direct stereo event + IMU.
ESVO2,ESVO2,arXiv/TRO,2024,VII,ESVO,no,Stereo E,metric,"SE3 (stereo, metric)",DSEC,city04_d,city04_d,RPE_R,deg/s,1.22,ok,ESVO2 Table VI/VII; '-'=not reported by that method's paper. ESVO2 = direct stereo event + IMU.
ESVO2,ESVO2,arXiv/TRO,2024,VII,ESVO,no,Stereo E,metric,"SE3 (stereo, metric)",DSEC,city04_e,city04_e,RPE_R,deg/s,1.4,ok,ESVO2 Table VI/VII; '-'=not reported by that method's paper. ESVO2 = direct stereo event + IMU.
ESVO2,ESVO2,arXiv/TRO,2024,VII,ESVO,no,Stereo E,metric,"SE3 (stereo, metric)",DSEC,city04_f,city04_f,RPE_R,deg/s,1.07,ok,ESVO2 Table VI/VII; '-'=not reported by that method's paper. ESVO2 = direct stereo event + IMU.
ESVO2,ESVO2,arXiv/TRO,2024,VII,ESVO,no,Stereo E,metric,"SE3 (stereo, metric)",DSEC,city09_b,city09_b,RPE_R,deg/s,0.27,ok,ESVO2 Table VI/VII; '-'=not reported by that method's paper. ESVO2 = direct stereo event + IMU.
ESVO2,ESVO2,arXiv/TRO,2024,VII,ESVO,no,Stereo E,metric,"SE3 (stereo, metric)",DSEC,city11_a,city11_a,RPE_R,deg/s,0.56,ok,ESVO2 Table VI/VII; '-'=not reported by that method's paper. ESVO2 = direct stereo event + IMU.
ESVO2,ESVO2,arXiv/TRO,2024,VII,ESVO,no,Stereo E,metric,"SE3 (stereo, metric)",DSEC,city11_b,city11_b,RPE_R,deg/s,3.34,ok,ESVO2 Table VI/VII; '-'=not reported by that method's paper. ESVO2 = direct stereo event + IMU.
ESVO2,ESVO2,arXiv/TRO,2024,VII,ES-PTAM,no,Stereo E,metric,"SE3 (stereo, metric)",DSEC,city04_a,city04_a,RPE_R,deg/s,0.53,ok,ESVO2 Table VI/VII; '-'=not reported by that method's paper. ESVO2 = direct stereo event + IMU.
ESVO2,ESVO2,arXiv/TRO,2024,VII,ES-PTAM,no,Stereo E,metric,"SE3 (stereo, metric)",DSEC,city04_b,city04_b,RPE_R,deg/s,0.44,ok,ESVO2 Table VI/VII; '-'=not reported by that method's paper. ESVO2 = direct stereo event + IMU.
ESVO2,ESVO2,arXiv/TRO,2024,VII,ES-PTAM,no,Stereo E,metric,"SE3 (stereo, metric)",DSEC,city04_c,city04_c,RPE_R,deg/s,1.28,ok,ESVO2 Table VI/VII; '-'=not reported by that method's paper. ESVO2 = direct stereo event + IMU.
ESVO2,ESVO2,arXiv/TRO,2024,VII,ES-PTAM,no,Stereo E,metric,"SE3 (stereo, metric)",DSEC,city04_d,city04_d,RPE_R,deg/s,1.01,ok,ESVO2 Table VI/VII; '-'=not reported by that method's paper. ESVO2 = direct stereo event + IMU.
ESVO2,ESVO2,arXiv/TRO,2024,VII,ES-PTAM,no,Stereo E,metric,"SE3 (stereo, metric)",DSEC,city04_e,city04_e,RPE_R,deg/s,0.25,ok,ESVO2 Table VI/VII; '-'=not reported by that method's paper. ESVO2 = direct stereo event + IMU.
ESVO2,ESVO2,arXiv/TRO,2024,VII,ES-PTAM,no,Stereo E,metric,"SE3 (stereo, metric)",DSEC,city04_f,city04_f,RPE_R,deg/s,1.27,ok,ESVO2 Table VI/VII; '-'=not reported by that method's paper. ESVO2 = direct stereo event + IMU.
ESVO2,ESVO2,arXiv/TRO,2024,VII,ES-PTAM,no,Stereo E,metric,"SE3 (stereo, metric)",DSEC,city09_b,city09_b,RPE_R,deg/s,0.17,ok,ESVO2 Table VI/VII; '-'=not reported by that method's paper. ESVO2 = direct stereo event + IMU.
ESVO2,ESVO2,arXiv/TRO,2024,VII,ES-PTAM,no,Stereo E,metric,"SE3 (stereo, metric)",DSEC,city11_a,city11_a,RPE_R,deg/s,,n/a,ESVO2 Table VI/VII; '-'=not reported by that method's paper. ESVO2 = direct stereo event + IMU.
ESVO2,ESVO2,arXiv/TRO,2024,VII,ES-PTAM,no,Stereo E,metric,"SE3 (stereo, metric)",DSEC,city11_b,city11_b,RPE_R,deg/s,,n/a,ESVO2 Table VI/VII; '-'=not reported by that method's paper. ESVO2 = direct stereo event + IMU.
ESVO2,ESVO2,arXiv/TRO,2024,VII,ESIO,no,Stereo E+I,metric,"SE3 (stereo, metric)",DSEC,city04_a,city04_a,RPE_R,deg/s,0.66,ok,ESVO2 Table VI/VII; '-'=not reported by that method's paper. ESVO2 = direct stereo event + IMU.
ESVO2,ESVO2,arXiv/TRO,2024,VII,ESIO,no,Stereo E+I,metric,"SE3 (stereo, metric)",DSEC,city04_b,city04_b,RPE_R,deg/s,3.07,ok,ESVO2 Table VI/VII; '-'=not reported by that method's paper. ESVO2 = direct stereo event + IMU.
ESVO2,ESVO2,arXiv/TRO,2024,VII,ESIO,no,Stereo E+I,metric,"SE3 (stereo, metric)",DSEC,city04_c,city04_c,RPE_R,deg/s,0.6,ok,ESVO2 Table VI/VII; '-'=not reported by that method's paper. ESVO2 = direct stereo event + IMU.
ESVO2,ESVO2,arXiv/TRO,2024,VII,ESIO,no,Stereo E+I,metric,"SE3 (stereo, metric)",DSEC,city04_d,city04_d,RPE_R,deg/s,1.17,ok,ESVO2 Table VI/VII; '-'=not reported by that method's paper. ESVO2 = direct stereo event + IMU.
ESVO2,ESVO2,arXiv/TRO,2024,VII,ESIO,no,Stereo E+I,metric,"SE3 (stereo, metric)",DSEC,city04_e,city04_e,RPE_R,deg/s,1.31,ok,ESVO2 Table VI/VII; '-'=not reported by that method's paper. ESVO2 = direct stereo event + IMU.
ESVO2,ESVO2,arXiv/TRO,2024,VII,ESIO,no,Stereo E+I,metric,"SE3 (stereo, metric)",DSEC,city04_f,city04_f,RPE_R,deg/s,1.29,ok,ESVO2 Table VI/VII; '-'=not reported by that method's paper. ESVO2 = direct stereo event + IMU.
ESVO2,ESVO2,arXiv/TRO,2024,VII,ESIO,no,Stereo E+I,metric,"SE3 (stereo, metric)",DSEC,city09_b,city09_b,RPE_R,deg/s,,failed,ESVO2 Table VI/VII; '-'=not reported by that method's paper. ESVO2 = direct stereo event + IMU.
ESVO2,ESVO2,arXiv/TRO,2024,VII,ESIO,no,Stereo E+I,metric,"SE3 (stereo, metric)",DSEC,city11_a,city11_a,RPE_R,deg/s,0.61,ok,ESVO2 Table VI/VII; '-'=not reported by that method's paper. ESVO2 = direct stereo event + IMU.
ESVO2,ESVO2,arXiv/TRO,2024,VII,ESIO,no,Stereo E+I,metric,"SE3 (stereo, metric)",DSEC,city11_b,city11_b,RPE_R,deg/s,0.57,ok,ESVO2 Table VI/VII; '-'=not reported by that method's paper. ESVO2 = direct stereo event + IMU.
ESVO2,ESVO2,arXiv/TRO,2024,VII,ESVIO,no,Stereo E+F+I,metric,"SE3 (stereo, metric)",DSEC,city04_a,city04_a,RPE_R,deg/s,0.95,ok,ESVO2 Table VI/VII; '-'=not reported by that method's paper. ESVO2 = direct stereo event + IMU.
ESVO2,ESVO2,arXiv/TRO,2024,VII,ESVIO,no,Stereo E+F+I,metric,"SE3 (stereo, metric)",DSEC,city04_b,city04_b,RPE_R,deg/s,0.87,ok,ESVO2 Table VI/VII; '-'=not reported by that method's paper. ESVO2 = direct stereo event + IMU.
ESVO2,ESVO2,arXiv/TRO,2024,VII,ESVIO,no,Stereo E+F+I,metric,"SE3 (stereo, metric)",DSEC,city04_c,city04_c,RPE_R,deg/s,0.56,ok,ESVO2 Table VI/VII; '-'=not reported by that method's paper. ESVO2 = direct stereo event + IMU.
ESVO2,ESVO2,arXiv/TRO,2024,VII,ESVIO,no,Stereo E+F+I,metric,"SE3 (stereo, metric)",DSEC,city04_d,city04_d,RPE_R,deg/s,,n/a,ESVO2 Table VI/VII; '-'=not reported by that method's paper. ESVO2 = direct stereo event + IMU.
ESVO2,ESVO2,arXiv/TRO,2024,VII,ESVIO,no,Stereo E+F+I,metric,"SE3 (stereo, metric)",DSEC,city04_e,city04_e,RPE_R,deg/s,0.81,ok,ESVO2 Table VI/VII; '-'=not reported by that method's paper. ESVO2 = direct stereo event + IMU.
ESVO2,ESVO2,arXiv/TRO,2024,VII,ESVIO,no,Stereo E+F+I,metric,"SE3 (stereo, metric)",DSEC,city04_f,city04_f,RPE_R,deg/s,0.96,ok,ESVO2 Table VI/VII; '-'=not reported by that method's paper. ESVO2 = direct stereo event + IMU.
ESVO2,ESVO2,arXiv/TRO,2024,VII,ESVIO,no,Stereo E+F+I,metric,"SE3 (stereo, metric)",DSEC,city09_b,city09_b,RPE_R,deg/s,,n/a,ESVO2 Table VI/VII; '-'=not reported by that method's paper. ESVO2 = direct stereo event + IMU.
ESVO2,ESVO2,arXiv/TRO,2024,VII,ESVIO,no,Stereo E+F+I,metric,"SE3 (stereo, metric)",DSEC,city11_a,city11_a,RPE_R,deg/s,0.49,ok,ESVO2 Table VI/VII; '-'=not reported by that method's paper. ESVO2 = direct stereo event + IMU.
ESVO2,ESVO2,arXiv/TRO,2024,VII,ESVIO,no,Stereo E+F+I,metric,"SE3 (stereo, metric)",DSEC,city11_b,city11_b,RPE_R,deg/s,,n/a,ESVO2 Table VI/VII; '-'=not reported by that method's paper. ESVO2 = direct stereo event + IMU.
ESVO2,ESVO2,arXiv/TRO,2024,VII,ICRA'24 (ESVIO-AA),no,Stereo E+I,metric,"SE3 (stereo, metric)",DSEC,city04_a,city04_a,RPE_R,deg/s,0.82,ok,ESVO2 Table VI/VII; '-'=not reported by that method's paper. ESVO2 = direct stereo event + IMU.
ESVO2,ESVO2,arXiv/TRO,2024,VII,ICRA'24 (ESVIO-AA),no,Stereo E+I,metric,"SE3 (stereo, metric)",DSEC,city04_b,city04_b,RPE_R,deg/s,0.67,ok,ESVO2 Table VI/VII; '-'=not reported by that method's paper. ESVO2 = direct stereo event + IMU.
ESVO2,ESVO2,arXiv/TRO,2024,VII,ICRA'24 (ESVIO-AA),no,Stereo E+I,metric,"SE3 (stereo, metric)",DSEC,city04_c,city04_c,RPE_R,deg/s,0.93,ok,ESVO2 Table VI/VII; '-'=not reported by that method's paper. ESVO2 = direct stereo event + IMU.
ESVO2,ESVO2,arXiv/TRO,2024,VII,ICRA'24 (ESVIO-AA),no,Stereo E+I,metric,"SE3 (stereo, metric)",DSEC,city04_d,city04_d,RPE_R,deg/s,0.73,ok,ESVO2 Table VI/VII; '-'=not reported by that method's paper. ESVO2 = direct stereo event + IMU.
ESVO2,ESVO2,arXiv/TRO,2024,VII,ICRA'24 (ESVIO-AA),no,Stereo E+I,metric,"SE3 (stereo, metric)",DSEC,city04_e,city04_e,RPE_R,deg/s,0.71,ok,ESVO2 Table VI/VII; '-'=not reported by that method's paper. ESVO2 = direct stereo event + IMU.
ESVO2,ESVO2,arXiv/TRO,2024,VII,ICRA'24 (ESVIO-AA),no,Stereo E+I,metric,"SE3 (stereo, metric)",DSEC,city04_f,city04_f,RPE_R,deg/s,2.26,ok,ESVO2 Table VI/VII; '-'=not reported by that method's paper. ESVO2 = direct stereo event + IMU.
ESVO2,ESVO2,arXiv/TRO,2024,VII,ICRA'24 (ESVIO-AA),no,Stereo E+I,metric,"SE3 (stereo, metric)",DSEC,city09_b,city09_b,RPE_R,deg/s,0.24,ok,ESVO2 Table VI/VII; '-'=not reported by that method's paper. ESVO2 = direct stereo event + IMU.
ESVO2,ESVO2,arXiv/TRO,2024,VII,ICRA'24 (ESVIO-AA),no,Stereo E+I,metric,"SE3 (stereo, metric)",DSEC,city11_a,city11_a,RPE_R,deg/s,0.53,ok,ESVO2 Table VI/VII; '-'=not reported by that method's paper. ESVO2 = direct stereo event + IMU.
ESVO2,ESVO2,arXiv/TRO,2024,VII,ICRA'24 (ESVIO-AA),no,Stereo E+I,metric,"SE3 (stereo, metric)",DSEC,city11_b,city11_b,RPE_R,deg/s,0.95,ok,ESVO2 Table VI/VII; '-'=not reported by that method's paper. ESVO2 = direct stereo event + IMU.
ESVO2,ESVO2,arXiv/TRO,2024,VII,ESVO2,yes,Stereo E+I,metric,"SE3 (stereo, metric)",DSEC,city04_a,city04_a,RPE_R,deg/s,0.6,ok,ESVO2 Table VI/VII; '-'=not reported by that method's paper. ESVO2 = direct stereo event + IMU.
ESVO2,ESVO2,arXiv/TRO,2024,VII,ESVO2,yes,Stereo E+I,metric,"SE3 (stereo, metric)",DSEC,city04_b,city04_b,RPE_R,deg/s,0.43,ok,ESVO2 Table VI/VII; '-'=not reported by that method's paper. ESVO2 = direct stereo event + IMU.
ESVO2,ESVO2,arXiv/TRO,2024,VII,ESVO2,yes,Stereo E+I,metric,"SE3 (stereo, metric)",DSEC,city04_c,city04_c,RPE_R,deg/s,0.55,ok,ESVO2 Table VI/VII; '-'=not reported by that method's paper. ESVO2 = direct stereo event + IMU.
ESVO2,ESVO2,arXiv/TRO,2024,VII,ESVO2,yes,Stereo E+I,metric,"SE3 (stereo, metric)",DSEC,city04_d,city04_d,RPE_R,deg/s,0.41,ok,ESVO2 Table VI/VII; '-'=not reported by that method's paper. ESVO2 = direct stereo event + IMU.
ESVO2,ESVO2,arXiv/TRO,2024,VII,ESVO2,yes,Stereo E+I,metric,"SE3 (stereo, metric)",DSEC,city04_e,city04_e,RPE_R,deg/s,0.38,ok,ESVO2 Table VI/VII; '-'=not reported by that method's paper. ESVO2 = direct stereo event + IMU.
ESVO2,ESVO2,arXiv/TRO,2024,VII,ESVO2,yes,Stereo E+I,metric,"SE3 (stereo, metric)",DSEC,city04_f,city04_f,RPE_R,deg/s,0.38,ok,ESVO2 Table VI/VII; '-'=not reported by that method's paper. ESVO2 = direct stereo event + IMU.
ESVO2,ESVO2,arXiv/TRO,2024,VII,ESVO2,yes,Stereo E+I,metric,"SE3 (stereo, metric)",DSEC,city09_b,city09_b,RPE_R,deg/s,0.21,ok,ESVO2 Table VI/VII; '-'=not reported by that method's paper. ESVO2 = direct stereo event + IMU.
ESVO2,ESVO2,arXiv/TRO,2024,VII,ESVO2,yes,Stereo E+I,metric,"SE3 (stereo, metric)",DSEC,city11_a,city11_a,RPE_R,deg/s,0.3,ok,ESVO2 Table VI/VII; '-'=not reported by that method's paper. ESVO2 = direct stereo event + IMU.
ESVO2,ESVO2,arXiv/TRO,2024,VII,ESVO2,yes,Stereo E+I,metric,"SE3 (stereo, metric)",DSEC,city11_b,city11_b,RPE_R,deg/s,0.45,ok,ESVO2 Table VI/VII; '-'=not reported by that method's paper. ESVO2 = direct stereo event + IMU.
ESVO2,ESVO2,arXiv/TRO,2024,VII,ESVO,no,Stereo E,metric,"SE3 (stereo, metric)",VECtor,robot_normal,robot_normal,RPE_R,deg/s,6.72,ok,ESVO2 Table VI/VII; '-'=not reported by that method's paper. ESVO2 = direct stereo event + IMU.
ESVO2,ESVO2,arXiv/TRO,2024,VII,ESVO,no,Stereo E,metric,"SE3 (stereo, metric)",VECtor,robot_fast,robot_fast,RPE_R,deg/s,,failed,ESVO2 Table VI/VII; '-'=not reported by that method's paper. ESVO2 = direct stereo event + IMU.
ESVO2,ESVO2,arXiv/TRO,2024,VII,ESVO,no,Stereo E,metric,"SE3 (stereo, metric)",VECtor,corner_slow,corner_slow,RPE_R,deg/s,4.07,ok,ESVO2 Table VI/VII; '-'=not reported by that method's paper. ESVO2 = direct stereo event + IMU.
ESVO2,ESVO2,arXiv/TRO,2024,VII,ESVO,no,Stereo E,metric,"SE3 (stereo, metric)",VECtor,hdr_normal,hdr_normal,RPE_R,deg/s,2.27,ok,ESVO2 Table VI/VII; '-'=not reported by that method's paper. ESVO2 = direct stereo event + IMU.
ESVO2,ESVO2,arXiv/TRO,2024,VII,ESVO,no,Stereo E,metric,"SE3 (stereo, metric)",VECtor,sofa_normal,sofa_normal,RPE_R,deg/s,,failed,ESVO2 Table VI/VII; '-'=not reported by that method's paper. ESVO2 = direct stereo event + IMU.
ESVO2,ESVO2,arXiv/TRO,2024,VII,ESVO,no,Stereo E,metric,"SE3 (stereo, metric)",VECtor,desk_normal,desk_normal,RPE_R,deg/s,2.43,ok,ESVO2 Table VI/VII; '-'=not reported by that method's paper. ESVO2 = direct stereo event + IMU.
ESVO2,ESVO2,arXiv/TRO,2024,VII,ES-PTAM,no,Stereo E,metric,"SE3 (stereo, metric)",VECtor,robot_normal,robot_normal,RPE_R,deg/s,,n/a,ESVO2 Table VI/VII; '-'=not reported by that method's paper. ESVO2 = direct stereo event + IMU.
ESVO2,ESVO2,arXiv/TRO,2024,VII,ES-PTAM,no,Stereo E,metric,"SE3 (stereo, metric)",VECtor,robot_fast,robot_fast,RPE_R,deg/s,,n/a,ESVO2 Table VI/VII; '-'=not reported by that method's paper. ESVO2 = direct stereo event + IMU.
ESVO2,ESVO2,arXiv/TRO,2024,VII,ES-PTAM,no,Stereo E,metric,"SE3 (stereo, metric)",VECtor,corner_slow,corner_slow,RPE_R,deg/s,,n/a,ESVO2 Table VI/VII; '-'=not reported by that method's paper. ESVO2 = direct stereo event + IMU.
ESVO2,ESVO2,arXiv/TRO,2024,VII,ES-PTAM,no,Stereo E,metric,"SE3 (stereo, metric)",VECtor,hdr_normal,hdr_normal,RPE_R,deg/s,,n/a,ESVO2 Table VI/VII; '-'=not reported by that method's paper. ESVO2 = direct stereo event + IMU.
ESVO2,ESVO2,arXiv/TRO,2024,VII,ES-PTAM,no,Stereo E,metric,"SE3 (stereo, metric)",VECtor,sofa_normal,sofa_normal,RPE_R,deg/s,,n/a,ESVO2 Table VI/VII; '-'=not reported by that method's paper. ESVO2 = direct stereo event + IMU.
ESVO2,ESVO2,arXiv/TRO,2024,VII,ES-PTAM,no,Stereo E,metric,"SE3 (stereo, metric)",VECtor,desk_normal,desk_normal,RPE_R,deg/s,,n/a,ESVO2 Table VI/VII; '-'=not reported by that method's paper. ESVO2 = direct stereo event + IMU.
ESVO2,ESVO2,arXiv/TRO,2024,VII,ESIO,no,Stereo E+I,metric,"SE3 (stereo, metric)",VECtor,robot_normal,robot_normal,RPE_R,deg/s,2.08,ok,ESVO2 Table VI/VII; '-'=not reported by that method's paper. ESVO2 = direct stereo event + IMU.
ESVO2,ESVO2,arXiv/TRO,2024,VII,ESIO,no,Stereo E+I,metric,"SE3 (stereo, metric)",VECtor,robot_fast,robot_fast,RPE_R,deg/s,,failed,ESVO2 Table VI/VII; '-'=not reported by that method's paper. ESVO2 = direct stereo event + IMU.
ESVO2,ESVO2,arXiv/TRO,2024,VII,ESIO,no,Stereo E+I,metric,"SE3 (stereo, metric)",VECtor,corner_slow,corner_slow,RPE_R,deg/s,1.93,ok,ESVO2 Table VI/VII; '-'=not reported by that method's paper. ESVO2 = direct stereo event + IMU.
ESVO2,ESVO2,arXiv/TRO,2024,VII,ESIO,no,Stereo E+I,metric,"SE3 (stereo, metric)",VECtor,hdr_normal,hdr_normal,RPE_R,deg/s,3.96,ok,ESVO2 Table VI/VII; '-'=not reported by that method's paper. ESVO2 = direct stereo event + IMU.
ESVO2,ESVO2,arXiv/TRO,2024,VII,ESIO,no,Stereo E+I,metric,"SE3 (stereo, metric)",VECtor,sofa_normal,sofa_normal,RPE_R,deg/s,2.03,ok,ESVO2 Table VI/VII; '-'=not reported by that method's paper. ESVO2 = direct stereo event + IMU.
ESVO2,ESVO2,arXiv/TRO,2024,VII,ESIO,no,Stereo E+I,metric,"SE3 (stereo, metric)",VECtor,desk_normal,desk_normal,RPE_R,deg/s,,failed,ESVO2 Table VI/VII; '-'=not reported by that method's paper. ESVO2 = direct stereo event + IMU.
ESVO2,ESVO2,arXiv/TRO,2024,VII,ESVIO,no,Stereo E+F+I,metric,"SE3 (stereo, metric)",VECtor,robot_normal,robot_normal,RPE_R,deg/s,,n/a,ESVO2 Table VI/VII; '-'=not reported by that method's paper. ESVO2 = direct stereo event + IMU.
ESVO2,ESVO2,arXiv/TRO,2024,VII,ESVIO,no,Stereo E+F+I,metric,"SE3 (stereo, metric)",VECtor,robot_fast,robot_fast,RPE_R,deg/s,,n/a,ESVO2 Table VI/VII; '-'=not reported by that method's paper. ESVO2 = direct stereo event + IMU.
ESVO2,ESVO2,arXiv/TRO,2024,VII,ESVIO,no,Stereo E+F+I,metric,"SE3 (stereo, metric)",VECtor,corner_slow,corner_slow,RPE_R,deg/s,,n/a,ESVO2 Table VI/VII; '-'=not reported by that method's paper. ESVO2 = direct stereo event + IMU.
ESVO2,ESVO2,arXiv/TRO,2024,VII,ESVIO,no,Stereo E+F+I,metric,"SE3 (stereo, metric)",VECtor,hdr_normal,hdr_normal,RPE_R,deg/s,,n/a,ESVO2 Table VI/VII; '-'=not reported by that method's paper. ESVO2 = direct stereo event + IMU.
ESVO2,ESVO2,arXiv/TRO,2024,VII,ESVIO,no,Stereo E+F+I,metric,"SE3 (stereo, metric)",VECtor,sofa_normal,sofa_normal,RPE_R,deg/s,,n/a,ESVO2 Table VI/VII; '-'=not reported by that method's paper. ESVO2 = direct stereo event + IMU.
ESVO2,ESVO2,arXiv/TRO,2024,VII,ESVIO,no,Stereo E+F+I,metric,"SE3 (stereo, metric)",VECtor,desk_normal,desk_normal,RPE_R,deg/s,,n/a,ESVO2 Table VI/VII; '-'=not reported by that method's paper. ESVO2 = direct stereo event + IMU.
ESVO2,ESVO2,arXiv/TRO,2024,VII,ICRA'24 (ESVIO-AA),no,Stereo E+I,metric,"SE3 (stereo, metric)",VECtor,robot_normal,robot_normal,RPE_R,deg/s,4.92,ok,ESVO2 Table VI/VII; '-'=not reported by that method's paper. ESVO2 = direct stereo event + IMU.
ESVO2,ESVO2,arXiv/TRO,2024,VII,ICRA'24 (ESVIO-AA),no,Stereo E+I,metric,"SE3 (stereo, metric)",VECtor,robot_fast,robot_fast,RPE_R,deg/s,,failed,ESVO2 Table VI/VII; '-'=not reported by that method's paper. ESVO2 = direct stereo event + IMU.
ESVO2,ESVO2,arXiv/TRO,2024,VII,ICRA'24 (ESVIO-AA),no,Stereo E+I,metric,"SE3 (stereo, metric)",VECtor,corner_slow,corner_slow,RPE_R,deg/s,1.71,ok,ESVO2 Table VI/VII; '-'=not reported by that method's paper. ESVO2 = direct stereo event + IMU.
ESVO2,ESVO2,arXiv/TRO,2024,VII,ICRA'24 (ESVIO-AA),no,Stereo E+I,metric,"SE3 (stereo, metric)",VECtor,hdr_normal,hdr_normal,RPE_R,deg/s,2.44,ok,ESVO2 Table VI/VII; '-'=not reported by that method's paper. ESVO2 = direct stereo event + IMU.
ESVO2,ESVO2,arXiv/TRO,2024,VII,ICRA'24 (ESVIO-AA),no,Stereo E+I,metric,"SE3 (stereo, metric)",VECtor,sofa_normal,sofa_normal,RPE_R,deg/s,,failed,ESVO2 Table VI/VII; '-'=not reported by that method's paper. ESVO2 = direct stereo event + IMU.
ESVO2,ESVO2,arXiv/TRO,2024,VII,ICRA'24 (ESVIO-AA),no,Stereo E+I,metric,"SE3 (stereo, metric)",VECtor,desk_normal,desk_normal,RPE_R,deg/s,2.82,ok,ESVO2 Table VI/VII; '-'=not reported by that method's paper. ESVO2 = direct stereo event + IMU.
ESVO2,ESVO2,arXiv/TRO,2024,VII,ESVO2,yes,Stereo E+I,metric,"SE3 (stereo, metric)",VECtor,robot_normal,robot_normal,RPE_R,deg/s,2.36,ok,ESVO2 Table VI/VII; '-'=not reported by that method's paper. ESVO2 = direct stereo event + IMU.
ESVO2,ESVO2,arXiv/TRO,2024,VII,ESVO2,yes,Stereo E+I,metric,"SE3 (stereo, metric)",VECtor,robot_fast,robot_fast,RPE_R,deg/s,5.05,ok,ESVO2 Table VI/VII; '-'=not reported by that method's paper. ESVO2 = direct stereo event + IMU.
ESVO2,ESVO2,arXiv/TRO,2024,VII,ESVO2,yes,Stereo E+I,metric,"SE3 (stereo, metric)",VECtor,corner_slow,corner_slow,RPE_R,deg/s,1.34,ok,ESVO2 Table VI/VII; '-'=not reported by that method's paper. ESVO2 = direct stereo event + IMU.
ESVO2,ESVO2,arXiv/TRO,2024,VII,ESVO2,yes,Stereo E+I,metric,"SE3 (stereo, metric)",VECtor,hdr_normal,hdr_normal,RPE_R,deg/s,1.53,ok,ESVO2 Table VI/VII; '-'=not reported by that method's paper. ESVO2 = direct stereo event + IMU.
ESVO2,ESVO2,arXiv/TRO,2024,VII,ESVO2,yes,Stereo E+I,metric,"SE3 (stereo, metric)",VECtor,sofa_normal,sofa_normal,RPE_R,deg/s,7.15,ok,ESVO2 Table VI/VII; '-'=not reported by that method's paper. ESVO2 = direct stereo event + IMU.
ESVO2,ESVO2,arXiv/TRO,2024,VII,ESVO2,yes,Stereo E+I,metric,"SE3 (stereo, metric)",VECtor,desk_normal,desk_normal,RPE_R,deg/s,1.68,ok,ESVO2 Table VI/VII; '-'=not reported by that method's paper. ESVO2 = direct stereo event + IMU.
ESVO2,ESVO2,arXiv/TRO,2024,VII,ESVO,no,Stereo E,metric,"SE3 (stereo, metric)",TUM-VIE,mocap-1d-trans,tumvie_1d_trans,RPE_R,deg/s,3.69,ok,ESVO2 Table VI/VII; '-'=not reported by that method's paper. ESVO2 = direct stereo event + IMU.
ESVO2,ESVO2,arXiv/TRO,2024,VII,ESVO,no,Stereo E,metric,"SE3 (stereo, metric)",TUM-VIE,mocap-3d-trans,tumvie_3d_trans,RPE_R,deg/s,3.41,ok,ESVO2 Table VI/VII; '-'=not reported by that method's paper. ESVO2 = direct stereo event + IMU.
ESVO2,ESVO2,arXiv/TRO,2024,VII,ESVO,no,Stereo E,metric,"SE3 (stereo, metric)",TUM-VIE,mocap-6dof,tumvie_6dof,RPE_R,deg/s,9.49,ok,ESVO2 Table VI/VII; '-'=not reported by that method's paper. ESVO2 = direct stereo event + IMU.
ESVO2,ESVO2,arXiv/TRO,2024,VII,ESVO,no,Stereo E,metric,"SE3 (stereo, metric)",TUM-VIE,mocap-desk,tumvie_desk,RPE_R,deg/s,2.93,ok,ESVO2 Table VI/VII; '-'=not reported by that method's paper. ESVO2 = direct stereo event + IMU.
ESVO2,ESVO2,arXiv/TRO,2024,VII,ESVO,no,Stereo E,metric,"SE3 (stereo, metric)",TUM-VIE,mocap-desk2,tumvie_desk2,RPE_R,deg/s,2.12,ok,ESVO2 Table VI/VII; '-'=not reported by that method's paper. ESVO2 = direct stereo event + IMU.
ESVO2,ESVO2,arXiv/TRO,2024,VII,ES-PTAM,no,Stereo E,metric,"SE3 (stereo, metric)",TUM-VIE,mocap-1d-trans,tumvie_1d_trans,RPE_R,deg/s,0.23,ok,ESVO2 Table VI/VII; '-'=not reported by that method's paper. ESVO2 = direct stereo event + IMU.
ESVO2,ESVO2,arXiv/TRO,2024,VII,ES-PTAM,no,Stereo E,metric,"SE3 (stereo, metric)",TUM-VIE,mocap-3d-trans,tumvie_3d_trans,RPE_R,deg/s,2.58,ok,ESVO2 Table VI/VII; '-'=not reported by that method's paper. ESVO2 = direct stereo event + IMU.
ESVO2,ESVO2,arXiv/TRO,2024,VII,ES-PTAM,no,Stereo E,metric,"SE3 (stereo, metric)",TUM-VIE,mocap-6dof,tumvie_6dof,RPE_R,deg/s,3.61,ok,ESVO2 Table VI/VII; '-'=not reported by that method's paper. ESVO2 = direct stereo event + IMU.
ESVO2,ESVO2,arXiv/TRO,2024,VII,ES-PTAM,no,Stereo E,metric,"SE3 (stereo, metric)",TUM-VIE,mocap-desk,tumvie_desk,RPE_R,deg/s,0.99,ok,ESVO2 Table VI/VII; '-'=not reported by that method's paper. ESVO2 = direct stereo event + IMU.
ESVO2,ESVO2,arXiv/TRO,2024,VII,ES-PTAM,no,Stereo E,metric,"SE3 (stereo, metric)",TUM-VIE,mocap-desk2,tumvie_desk2,RPE_R,deg/s,2.98,ok,ESVO2 Table VI/VII; '-'=not reported by that method's paper. ESVO2 = direct stereo event + IMU.
ESVO2,ESVO2,arXiv/TRO,2024,VII,ESIO,no,Stereo E+I,metric,"SE3 (stereo, metric)",TUM-VIE,mocap-1d-trans,tumvie_1d_trans,RPE_R,deg/s,,failed,ESVO2 Table VI/VII; '-'=not reported by that method's paper. ESVO2 = direct stereo event + IMU.
ESVO2,ESVO2,arXiv/TRO,2024,VII,ESIO,no,Stereo E+I,metric,"SE3 (stereo, metric)",TUM-VIE,mocap-3d-trans,tumvie_3d_trans,RPE_R,deg/s,,failed,ESVO2 Table VI/VII; '-'=not reported by that method's paper. ESVO2 = direct stereo event + IMU.
ESVO2,ESVO2,arXiv/TRO,2024,VII,ESIO,no,Stereo E+I,metric,"SE3 (stereo, metric)",TUM-VIE,mocap-6dof,tumvie_6dof,RPE_R,deg/s,,failed,ESVO2 Table VI/VII; '-'=not reported by that method's paper. ESVO2 = direct stereo event + IMU.
ESVO2,ESVO2,arXiv/TRO,2024,VII,ESIO,no,Stereo E+I,metric,"SE3 (stereo, metric)",TUM-VIE,mocap-desk,tumvie_desk,RPE_R,deg/s,,failed,ESVO2 Table VI/VII; '-'=not reported by that method's paper. ESVO2 = direct stereo event + IMU.
ESVO2,ESVO2,arXiv/TRO,2024,VII,ESIO,no,Stereo E+I,metric,"SE3 (stereo, metric)",TUM-VIE,mocap-desk2,tumvie_desk2,RPE_R,deg/s,,failed,ESVO2 Table VI/VII; '-'=not reported by that method's paper. ESVO2 = direct stereo event + IMU.
ESVO2,ESVO2,arXiv/TRO,2024,VII,ESVIO,no,Stereo E+F+I,metric,"SE3 (stereo, metric)",TUM-VIE,mocap-1d-trans,tumvie_1d_trans,RPE_R,deg/s,,n/a,ESVO2 Table VI/VII; '-'=not reported by that method's paper. ESVO2 = direct stereo event + IMU.
ESVO2,ESVO2,arXiv/TRO,2024,VII,ESVIO,no,Stereo E+F+I,metric,"SE3 (stereo, metric)",TUM-VIE,mocap-3d-trans,tumvie_3d_trans,RPE_R,deg/s,,n/a,ESVO2 Table VI/VII; '-'=not reported by that method's paper. ESVO2 = direct stereo event + IMU.
ESVO2,ESVO2,arXiv/TRO,2024,VII,ESVIO,no,Stereo E+F+I,metric,"SE3 (stereo, metric)",TUM-VIE,mocap-6dof,tumvie_6dof,RPE_R,deg/s,,n/a,ESVO2 Table VI/VII; '-'=not reported by that method's paper. ESVO2 = direct stereo event + IMU.
ESVO2,ESVO2,arXiv/TRO,2024,VII,ESVIO,no,Stereo E+F+I,metric,"SE3 (stereo, metric)",TUM-VIE,mocap-desk,tumvie_desk,RPE_R,deg/s,,n/a,ESVO2 Table VI/VII; '-'=not reported by that method's paper. ESVO2 = direct stereo event + IMU.
ESVO2,ESVO2,arXiv/TRO,2024,VII,ESVIO,no,Stereo E+F+I,metric,"SE3 (stereo, metric)",TUM-VIE,mocap-desk2,tumvie_desk2,RPE_R,deg/s,,n/a,ESVO2 Table VI/VII; '-'=not reported by that method's paper. ESVO2 = direct stereo event + IMU.
ESVO2,ESVO2,arXiv/TRO,2024,VII,ICRA'24 (ESVIO-AA),no,Stereo E+I,metric,"SE3 (stereo, metric)",TUM-VIE,mocap-1d-trans,tumvie_1d_trans,RPE_R,deg/s,0.97,ok,ESVO2 Table VI/VII; '-'=not reported by that method's paper. ESVO2 = direct stereo event + IMU.
ESVO2,ESVO2,arXiv/TRO,2024,VII,ICRA'24 (ESVIO-AA),no,Stereo E+I,metric,"SE3 (stereo, metric)",TUM-VIE,mocap-3d-trans,tumvie_3d_trans,RPE_R,deg/s,1.79,ok,ESVO2 Table VI/VII; '-'=not reported by that method's paper. ESVO2 = direct stereo event + IMU.
ESVO2,ESVO2,arXiv/TRO,2024,VII,ICRA'24 (ESVIO-AA),no,Stereo E+I,metric,"SE3 (stereo, metric)",TUM-VIE,mocap-6dof,tumvie_6dof,RPE_R,deg/s,,failed,ESVO2 Table VI/VII; '-'=not reported by that method's paper. ESVO2 = direct stereo event + IMU.
ESVO2,ESVO2,arXiv/TRO,2024,VII,ICRA'24 (ESVIO-AA),no,Stereo E+I,metric,"SE3 (stereo, metric)",TUM-VIE,mocap-desk,tumvie_desk,RPE_R,deg/s,1.0,ok,ESVO2 Table VI/VII; '-'=not reported by that method's paper. ESVO2 = direct stereo event + IMU.
ESVO2,ESVO2,arXiv/TRO,2024,VII,ICRA'24 (ESVIO-AA),no,Stereo E+I,metric,"SE3 (stereo, metric)",TUM-VIE,mocap-desk2,tumvie_desk2,RPE_R,deg/s,2.15,ok,ESVO2 Table VI/VII; '-'=not reported by that method's paper. ESVO2 = direct stereo event + IMU.
ESVO2,ESVO2,arXiv/TRO,2024,VII,ESVO2,yes,Stereo E+I,metric,"SE3 (stereo, metric)",TUM-VIE,mocap-1d-trans,tumvie_1d_trans,RPE_R,deg/s,0.81,ok,ESVO2 Table VI/VII; '-'=not reported by that method's paper. ESVO2 = direct stereo event + IMU.
ESVO2,ESVO2,arXiv/TRO,2024,VII,ESVO2,yes,Stereo E+I,metric,"SE3 (stereo, metric)",TUM-VIE,mocap-3d-trans,tumvie_3d_trans,RPE_R,deg/s,0.83,ok,ESVO2 Table VI/VII; '-'=not reported by that method's paper. ESVO2 = direct stereo event + IMU.
ESVO2,ESVO2,arXiv/TRO,2024,VII,ESVO2,yes,Stereo E+I,metric,"SE3 (stereo, metric)",TUM-VIE,mocap-6dof,tumvie_6dof,RPE_R,deg/s,1.16,ok,ESVO2 Table VI/VII; '-'=not reported by that method's paper. ESVO2 = direct stereo event + IMU.
ESVO2,ESVO2,arXiv/TRO,2024,VII,ESVO2,yes,Stereo E+I,metric,"SE3 (stereo, metric)",TUM-VIE,mocap-desk,tumvie_desk,RPE_R,deg/s,0.98,ok,ESVO2 Table VI/VII; '-'=not reported by that method's paper. ESVO2 = direct stereo event + IMU.
ESVO2,ESVO2,arXiv/TRO,2024,VII,ESVO2,yes,Stereo E+I,metric,"SE3 (stereo, metric)",TUM-VIE,mocap-desk2,tumvie_desk2,RPE_R,deg/s,0.91,ok,ESVO2 Table VI/VII; '-'=not reported by that method's paper. ESVO2 = direct stereo event + IMU.
