1642689802.849168062 -0.023673221 1.348885153 0.568334803 0.699764586 0.124842626 -0.640612238 0.290447592
1642689802.857501030 -0.023699512 1.348879691 0.568268855 0.699806923 0.124844539 -0.640561563 0.290456528
1642689802.865833998 -0.023722227 1.348876861 0.568196680 0.699840275 0.124822740 -0.640525845 0.290464309
1642689802.874167919 -0.023735536 1.348870247 0.568125206 0.699871819 0.124789492 -0.640501837 0.290455532
1642689802.882500887 -0.023775372 1.348871072 0.568048062 0.699936546 0.124785761 -0.640398476 0.290529065
1642689802.890835047 -0.023786166 1.348868833 0.567968170 0.699955528 0.124723930 -0.640406604 0.290491964
1642689802.899168015 -0.023808257 1.348872734 0.567885529 0.700001587 0.124657165 -0.640362476 0.290506917
1642689802.907500982 -0.023828408 1.348883912 0.567799926 0.700014644 0.124572362 -0.640344546 0.290551349
1642689802.915833950 -0.023848401 1.348896747 0.567715370 0.700032086 0.124501700 -0.640324704 0.290583342
1642689802.924168110 -0.023857050 1.348897581 0.567635161 0.700021701 0.124502435 -0.640335253 0.290584801
1642689802.932501078 -0.023868273 1.348928153 0.567558836 0.699972926 0.124422868 -0.640383776 0.290629441
1642689802.940834999 -0.023888563 1.348930109 0.567480165 0.699984428 0.124354295 -0.640379335 0.290640874
1642689802.949167967 -0.023913557 1.348957893 0.567400964 0.699981911 0.124262046 -0.640397366 0.290646661
1642689802.957500935 -0.023961578 1.348944516 0.567293598 0.700099376 0.124129208 -0.640217062 0.290817670
1642689802.965833902 -0.023992906 1.348968617 0.567243452 0.700023822 0.124149445 -0.640322555 0.290758645
1642689802.974168062 -0.024013079 1.348970453 0.567184326 0.699954686 0.124150092 -0.640406386 0.290740180
1642689802.982501030 -0.024063934 1.348982863 0.567112790 0.699974133 0.124041983 -0.640404643 0.290743346
1642689802.990833998 -0.024104431 1.348969384 0.567049684 0.699968588 0.124066251 -0.640387335 0.290784461
1642689802.999167919 -0.024164934 1.348961659 0.566981057 0.700000316 0.124029640 -0.640342525 0.290822380
1642689803.007500887 -0.024225816 1.348952083 0.566910692 0.700080358 0.124004972 -0.640240459 0.290864939
1642689803.015835047 -0.024270172 1.348934086 0.566853416 0.700068366 0.124014283 -0.640247018 0.290875395
1642689803.024168015 -0.024338361 1.348929046 0.566793134 0.700130263 0.123972420 -0.640184844 0.290881108
1642689803.032500982 -0.024378267 1.348919510 0.566744687 0.700108610 0.123978260 -0.640211089 0.290872976
1642689803.040833950 -0.024434247 1.348906020 0.566686451 0.700164530 0.123967605 -0.640129403 0.290922690
1642689803.049168110 -0.024491535 1.348904478 0.566644072 0.700182074 0.123940380 -0.640138642 0.290871732
1642689803.057501078 -0.024564370 1.348887351 0.566602673 0.700236738 0.123946209 -0.640055235 0.290921199
1642689803.065834999 -0.024612648 1.348888035 0.566561463 0.700239680 0.123922009 -0.640057370 0.290919730
1642689803.074167967 -0.024664298 1.348871312 0.566535128 0.700239939 0.123953746 -0.640045913 0.290930792
1642689803.082500935 -0.024717680 1.348866899 0.566506342 0.700250546 0.123919004 -0.640052491 0.290905589
1642689803.090833902 -0.024787720 1.348852680 0.566474169 0.700298337 0.123916731 -0.639978297 0.290954742
1642689803.099168062 -0.024828740 1.348853731 0.566467639 0.700221103 0.123958633 -0.640078006 0.290903438
1642689803.107501030 -0.024901152 1.348845081 0.566441293 0.700268573 0.123953999 -0.640039483 0.290875904
1642689803.115833998 -0.024970627 1.348841346 0.566421785 0.700319193 0.123969676 -0.639952392 0.290938968
1642689803.124167919 -0.025013841 1.348842021 0.566417713 0.700274428 0.123989371 -0.640014490 0.290901725
1642689803.132500887 -0.025078521 1.348851237 0.566402663 0.700317327 0.123924933 -0.639996424 0.290865655
1642689803.140835047 -0.025134398 1.348851788 0.566394915 0.700330687 0.123953003 -0.639991431 0.290832512
1642689803.149168015 -0.025203996 1.348846552 0.566385119 0.700386195 0.123964295 -0.639916254 0.290859451
1642689803.157500982 -0.025256545 1.348855038 0.566390219 0.700387493 0.123998823 -0.639941498 0.290786057
1642689803.165833950 -0.025309533 1.348850585 0.566389915 0.700405615 0.123983427 -0.639937891 0.290756910
1642689803.174168110 -0.025378291 1.348855662 0.566384807 0.700452034 0.123966454 -0.639879418 0.290781013
1642689803.182501078 -0.025436971 1.348843435 0.566389076 0.700481850 0.124019654 -0.639853482 0.290743571
1642689803.190834999 -0.025469235 1.348844702 0.566409705 0.700420364 0.124035003 -0.639966801 0.290635726
1642689803.199167967 -0.025529867 1.348838593 0.566419805 0.700435014 0.124036495 -0.639937973 0.290663260
1642689803.207500935 -0.025583155 1.348834562 0.566433402 0.700409018 0.124069330 -0.639967298 0.290647324
1642689803.215833902 -0.025642005 1.348831895 0.566441780 0.700417296 0.124068694 -0.639958986 0.290645946
1642689803.224168062 -0.025684319 1.348819776 0.566462839 0.700386450 0.124113072 -0.640023789 0.290558627
1642689803.232501030 -0.025743197 1.348819565 0.566490580 0.700346339 0.124142866 -0.640077101 0.290525143
1642689803.240833998 -0.025806099 1.348830695 0.566491495 0.700366858 0.124091238 -0.640070787 0.290511646
1642689803.249167919 -0.025868959 1.348833072 0.566508687 0.700329879 0.124157601 -0.640114355 0.290476443
1642689803.257500887 -0.025937794 1.348827367 0.566507728 0.700382521 0.124151147 -0.640069761 0.290450542
1642689803.265835047 -0.026005865 1.348831443 0.566507117 0.700378151 0.124184148 -0.640093646 0.290394332
1642689803.274168015 -0.026086162 1.348833760 0.566501916 0.700448873 0.124171962 -0.640033910 0.290360627
1642689803.282500982 -0.026166289 1.348848092 0.566508468 0.700452991 0.124159797 -0.640034769 0.290354002
1642689803.290833950 -0.026250338 1.348839294 0.566502554 0.700519386 0.124166931 -0.639969531 0.290334570
1642689803.299168110 -0.026347134 1.348839017 0.566496442 0.700585200 0.124148590 -0.639880520 0.290379794
1642689803.307501078 -0.026413683 1.348821812 0.566506293 0.700587129 0.124189021 -0.639900724 0.290313323
1642689803.315834999 -0.026493480 1.348793393 0.566510056 0.700621148 0.124254261 -0.639884352 0.290239388
1642689803.324167967 -0.026580020 1.348796684 0.566516932 0.700645285 0.124197084 -0.639843166 0.290296387
1642689803.332500935 -0.026655521 1.348773500 0.566532411 0.700649765 0.124224193 -0.639844830 0.290270306
1642689803.340833902 -0.026745016 1.348761456 0.566548027 0.700666699 0.124205879 -0.639835615 0.290257580
1642689803.349168062 -0.026810580 1.348739499 0.566564509 0.700634729 0.124231995 -0.639877678 0.290230848
1642689803.357501030 -0.026893102 1.348721501 0.566581959 0.700608005 0.124257016 -0.639903179 0.290228425
1642689803.365833998 -0.026967127 1.348709904 0.566596871 0.700561668 0.124256099 -0.639969254 0.290194977
1642689803.374167919 -0.027058839 1.348685460 0.566611065 0.700567794 0.124278586 -0.639941949 0.290230772
1642689803.382500887 -0.027148830 1.348675756 0.566625840 0.700540688 0.124270548 -0.639958200 0.290263807
1642689803.390835047 -0.027239934 1.348662021 0.566632239 0.700562481 0.124283734 -0.639929074 0.290269778
1642689803.399168015 -0.027321194 1.348648243 0.566656567 0.700518468 0.124311123 -0.639989753 0.290230488
1642689803.407500982 -0.027429668 1.348645636 0.566660647 0.700569438 0.124246973 -0.639918541 0.290291944
1642689803.415833950 -0.027529057 1.348618293 0.566676236 0.700616802 0.124295370 -0.639859988 0.290285984
1642689803.424168110 -0.027635315 1.348609872 0.566693050 0.700676497 0.124290376 -0.639788167 0.290302345
1642689803.432501078 -0.027704528 1.348592675 0.566723792 0.700627034 0.124323132 -0.639844729 0.290283036
1642689803.440834999 -0.027794068 1.348575379 0.566740805 0.700648174 0.124371307 -0.639816874 0.290272772
1642689803.449167967 -0.027882272 1.348560853 0.566762686 0.700674017 0.124367740 -0.639797579 0.290254448
1642689803.457500935 -0.027986664 1.348548393 0.566780921 0.700708705 0.124398269 -0.639730661 0.290305119
1642689803.465833902 -0.028075050 1.348538196 0.566808635 0.700706872 0.124379128 -0.639732105 0.290314564
1642689803.474168062 -0.028156357 1.348519877 0.566835277 0.700686999 0.124397637 -0.639758761 0.290295858
1642689803.482501030 -0.028240712 1.348504737 0.566865420 0.700700975 0.124403109 -0.639742801 0.290294949
1642689803.490833998 -0.028339627 1.348486134 0.566879560 0.700709250 0.124447440 -0.639703006 0.290343669
1642689803.499167919 -0.028415886 1.348479044 0.566900655 0.700695645 0.124441874 -0.639720517 0.290340306
1642689803.507500887 -0.028483476 1.348457773 0.566928541 0.700661796 0.124486962 -0.639763941 0.290306982
1642689803.515835047 -0.028585324 1.348452752 0.566937094 0.700716773 0.124468999 -0.639692100 0.290340299
1642689803.524168015 -0.028659741 1.348440973 0.566951119 0.700675771 0.124497605 -0.639727128 0.290349808
1642689803.532500982 -0.028729832 1.348427834 0.566952063 0.700690772 0.124463428 -0.639722128 0.290339278
1642689803.540833950 -0.028807500 1.348411841 0.566966477 0.700684510 0.124474504 -0.639751113 0.290285772
1642689803.549168110 -0.028884378 1.348395540 0.566962912 0.700671003 0.124497218 -0.639749609 0.290311945
1642689803.557501078 -0.028980231 1.348389203 0.566970416 0.700709654 0.124493444 -0.639714120 0.290298481
1642689803.565834999 -0.029057750 1.348381830 0.566967622 0.700708305 0.124490591 -0.639724827 0.290279366
1642689803.574167967 -0.029128851 1.348380054 0.566976262 0.700686407 0.124480061 -0.639781379 0.290212095
1642689803.582500935 -0.029222788 1.348374060 0.566972865 0.700698460 0.124492628 -0.639737642 0.290274013
1642689803.590833902 -0.029316785 1.348364730 0.566971832 0.700737304 0.124482576 -0.639694294 0.290280089
1642689803.599168062 -0.029406002 1.348365106 0.566966350 0.700772433 0.124458861 -0.639656532 0.290288665
1642689803.607501030 -0.029482937 1.348359870 0.566967960 0.700756335 0.124448179 -0.639688658 0.290261313
1642689803.615833998 -0.029565407 1.348353288 0.566962451 0.700752089 0.124451278 -0.639678525 0.290292565
1642689803.624167919 -0.029655921 1.348341320 0.566961323 0.700773751 0.124455892 -0.639657173 0.290285346
1642689803.632500887 -0.029726374 1.348338913 0.566963760 0.700748537 0.124435129 -0.639697782 0.290265626
1642689803.640835047 -0.029821258 1.348331625 0.566961142 0.700789201 0.124424559 -0.639642508 0.290293795
1642689803.649168015 -0.029908719 1.348320658 0.566964801 0.700815773 0.124435672 -0.639628087 0.290256655
1642689803.657500982 -0.029988989 1.348314455 0.566969119 0.700827668 0.124426101 -0.639614916 0.290261061
1642689803.665833950 -0.030079391 1.348302455 0.566978900 0.700857201 0.124430116 -0.639589217 0.290244662
1642689803.674168110 -0.030150088 1.348298469 0.566984708 0.700882013 0.124386001 -0.639590385 0.290201079
1642689803.682501078 -0.030259550 1.348288356 0.566985218 0.700972634 0.124385829 -0.639476993 0.290232160
1642689803.690834999 -0.030336736 1.348286366 0.567002869 0.701000679 0.124357455 -0.639481676 0.290166257
1642689803.699167967 -0.030433668 1.348273249 0.567008259 0.701080102 0.124375627 -0.639385221 0.290179139
1642689803.707500935 -0.030525025 1.348282609 0.567032417 0.701130336 0.124329286 -0.639348669 0.290158163
1642689803.715833902 -0.030606916 1.348280041 0.567061795 0.701157135 0.124347991 -0.639335425 0.290114569
1642689803.724168062 -0.030678205 1.348295565 0.567096422 0.701134072 0.124351907 -0.639385134 0.290059074
1642689803.732501030 -0.030765527 1.348309884 0.567138056 0.701170236 0.124350017 -0.639372223 0.290000920
1642689803.740833998 -0.030879784 1.348330532 0.567173406 0.701280276 0.124345531 -0.639250084 0.290006024
1642689803.749167919 -0.030944116 1.348343502 0.567237133 0.701262200 0.124414648 -0.639293540 0.289924286
1642689803.757500887 -0.031020807 1.348361830 0.567302844 0.701290232 0.124418735 -0.639303616 0.289832495
1642689803.765835047 -0.031093336 1.348391989 0.567371157 0.701293967 0.124434641 -0.639331455 0.289755211
1642689803.774168015 -0.031170648 1.348431567 0.567438594 0.701343899 0.124402145 -0.639297157 0.289723984
1642689803.782500982 -0.031213184 1.348485202 0.567536078 0.701304243 0.124378192 -0.639396690 0.289610596
1642689803.790833950 -0.031260080 1.348541111 0.567632994 0.701288728 0.124388703 -0.639462602 0.289498104
1642689803.799168110 -0.031284954 1.348600226 0.567753886 0.701210232 0.124409260 -0.639590799 0.289396191
1642689803.807501078 -0.031304932 1.348678732 0.567875286 0.701147321 0.124395031 -0.639718007 0.289273542
1642689803.815834999 -0.031319453 1.348772471 0.568008879 0.701094186 0.124331354 -0.639845180 0.289148407
1642689803.824167967 -0.031339049 1.348862615 0.568124991 0.701160365 0.124151158 -0.639817652 0.289126279
1642689803.832500935 -0.031317402 1.348976404 0.568279875 0.701084936 0.124084935 -0.639980788 0.288976525
1642689803.840833902 -0.031272363 1.349133981 0.568485588 0.700887859 0.124081653 -0.640336412 0.288668030
1642689803.849168062 -0.031207205 1.349285967 0.568686474 0.700744216 0.124050145 -0.640609335 0.288424662
1642689803.857501030 -0.031140134 1.349469799 0.568901141 0.700561452 0.123949222 -0.640928551 0.288202767
1642689803.865833998 -0.031059643 1.349682729 0.569139434 0.700445613 0.123785841 -0.641235183 0.287872277
1642689803.874167919 -0.030939175 1.349907880 0.569410842 0.700230444 0.123714134 -0.641639921 0.287524520
1642689803.882500887 -0.030819378 1.350172130 0.569706297 0.700017413 0.123570319 -0.642051834 0.287185378
1642689803.890835047 -0.030695640 1.350436154 0.570017681 0.699877834 0.123453756 -0.642390625 0.286817839
1642689803.899168015 -0.030549421 1.350750683 0.570362098 0.699675962 0.123206086 -0.642841635 0.286406077
1642689803.907500982 -0.030400692 1.351033542 0.570708880 0.699574154 0.122973135 -0.643143974 0.286075935
1642689803.915833950 -0.030209173 1.351395203 0.571162124 0.699151441 0.122915936 -0.643861416 0.285519548
1642689803.924168110 -0.030004047 1.351738045 0.571620776 0.698812572 0.122814446 -0.644468815 0.285022012
1642689803.932501078 -0.029781902 1.352100007 0.572118290 0.698519851 0.122673289 -0.645035979 0.284516902
1642689803.940834999 -0.029517301 1.352475918 0.572674825 0.698132588 0.122603795 -0.645780565 0.283807438
1642689803.949167967 -0.029228273 1.352884798 0.573256137 0.697692213 0.122418331 -0.646595739 0.283113543
1642689803.957500935 -0.028965980 1.353280588 0.573841420 0.697422319 0.122207702 -0.647163866 0.282570906
1642689803.965833902 -0.028666651 1.353737837 0.574532824 0.696951489 0.122159804 -0.648020918 0.281788029
1642689803.974168062 -0.028362961 1.354210119 0.575241653 0.696554922 0.121998663 -0.648778205 0.281095014
1642689803.982501030 -0.028006635 1.354715700 0.576000615 0.696024063 0.121820553 -0.649751876 0.280236966
1642689803.990833998 -0.027682699 1.355253420 0.576798579 0.695610742 0.121634772 -0.650575414 0.279432119
1642689803.999167919 -0.027298775 1.355804173 0.577677504 0.695021411 0.121486981 -0.651588608 0.278600856
1642689804.007500887 -0.026882209 1.356389742 0.578615038 0.694358575 0.121323347 -0.652726150 0.277660563
1642689804.015835047 -0.026463881 1.357011214 0.579608357 0.693701867 0.121157934 -0.653847397 0.276734631
1642689804.024168015 -0.025990702 1.357638254 0.580678129 0.692895498 0.121012486 -0.655166277 0.275697217
1642689804.032500982 -0.025507348 1.358295222 0.581809263 0.692117161 0.120879589 -0.656469030 0.274609492
1642689804.040833950 -0.025031284 1.358994929 0.583008217 0.691303517 0.120726963 -0.657780923 0.273584913
1642689804.049168110 -0.024496725 1.359680088 0.584298225 0.690379073 0.120679991 -0.659262328 0.272371544
1642689804.057501078 -0.023967101 1.360393967 0.585639170 0.689488070 0.120565459 -0.660690324 0.271216643
1642689804.065834999 -0.023393145 1.361116620 0.587062336 0.688511455 0.120516347 -0.662203554 0.270026368
1642689804.074167967 -0.022770874 1.361823532 0.588551500 0.687429998 0.120530538 -0.663849265 0.268731356
1642689804.082500935 -0.022135350 1.362572587 0.590131729 0.686265657 0.120442076 -0.665626593 0.267346952
1642689804.090833902 -0.021437293 1.363293118 0.591768479 0.684956038 0.120570184 -0.667484042 0.266013367
1642689804.099168062 -0.020739580 1.364063208 0.593466296 0.683637453 0.120479067 -0.669411380 0.264599756
1642689804.107501030 -0.020022106 1.364787937 0.595232436 0.682303790 0.120564843 -0.671299718 0.263215396
1642689804.115833998 -0.019262050 1.365559779 0.597070456 0.680871063 0.120562736 -0.673346199 0.261694705
1642689804.124167919 -0.018536706 1.366273535 0.598919573 0.679612197 0.120590275 -0.675090143 0.260458338
1642689804.132500887 -0.017739275 1.367040546 0.600918403 0.678010307 0.120816703 -0.677322305 0.258727354
1642689804.140835047 -0.016908496 1.367748748 0.602931656 -0.676534010 -0.120987268 0.679368644 -0.257142102
1642689804.149168015 -0.016064944 1.368468896 0.605007046 -0.675005541 -0.121198170 0.681459489 -0.255521992
1642689804.157500982 -0.015222382 1.369162196 0.607129042 -0.673502616 -0.121392571 0.683506675 -0.253922616
1642689804.165833950 -0.014290678 1.369879641 0.609351371 -0.671730322 -0.121756398 0.685891166 -0.252006076
1642689804.174168110 -0.013358086 1.370495484 0.611581112 -0.670222349 -0.122075267 0.687968587 -0.250197634
1642689804.182501078 -0.012445947 1.371198583 0.613838188 -0.668698146 -0.122181750 0.690046471 -0.248496032
1642689804.190834999 -0.011308444 1.371826715 0.616186154 -0.666580874 -0.122605527 0.692855867 -0.246147458
1642689804.199167967 -0.010298741 1.372520399 0.618547083 -0.664755796 -0.122982012 0.695233729 -0.244182755
1642689804.207500935 -0.009309669 1.373143357 0.620936658 -0.663095112 -0.123329015 0.697392178 -0.242361252
1642689804.215833902 -0.008351385 1.373819630 0.623325341 -0.661474449 -0.123580914 0.699434096 -0.240772209
1642689804.224168062 -0.007332816 1.374431204 0.625793604 -0.659703685 -0.124068511 0.701687206 -0.238816075
1642689804.232501030 -0.006199192 1.374989929 0.628261596 -0.657670613 -0.125203923 0.703764393 -0.237716264
1642689804.240833998 -0.005153315 1.375610278 0.630736369 -0.655854604 -0.125652176 0.705964590 -0.235966664
1642689804.249167919 -0.004069963 1.376181431 0.633249500 -0.653995273 -0.126233970 0.708185592 -0.234154513
1642689804.257500887 -0.002981905 1.376754732 0.635762055 -0.652070213 -0.126830623 0.710416316 -0.232437279
1642689804.265835047 -0.001899683 1.377324233 0.638301500 -0.650203878 -0.127320715 0.712605904 -0.230688487
1642689804.274168015 -0.000790013 1.377880545 0.640845878 -0.648184051 -0.127937696 0.714916051 -0.228876433
1642689804.282500982 0.000329688 1.378433940 0.643361499 -0.646232384 -0.128344681 0.717144859 -0.227188468
1642689804.290833950 0.001486205 1.378949790 0.645935162 -0.644089083 -0.129189394 0.719517241 -0.225287137
1642689804.299168110 0.002651909 1.379484154 0.648498400 -0.641836826 -0.129836242 0.721959449 -0.223523139
1642689804.307501078 0.003743879 1.380000882 0.651016801 -0.640005906 -0.130226117 0.723999619 -0.221941773
1642689804.315834999 0.004911120 1.380488068 0.653569111 -0.637865325 -0.130898173 0.726280554 -0.220249977
1642689804.324167967 0.006021551 1.381037106 0.656120168 -0.635505438 -0.131362683 0.728622866 -0.219055707
1642689804.332500935 0.007135779 1.381514740 0.658637669 -0.633636111 -0.131733548 0.730588468 -0.217697133
1642689804.340833902 0.008418534 1.381931350 0.661227531 -0.631228153 -0.132622059 0.733064538 -0.215821204
1642689804.349168062 0.009605427 1.382355223 0.663781641 -0.629063234 -0.133239600 0.735317087 -0.214092126
1642689804.357501030 0.010831256 1.382747125 0.666350140 -0.626819838 -0.134034331 0.737591205 -0.212346186
1642689804.365833998 0.012017678 1.383119082 0.668906731 -0.624734793 -0.134840488 0.739665066 -0.210760696
1642689804.374167919 0.013252844 1.383482290 0.671480218 -0.622488881 -0.135609926 0.741915535 -0.208994927
1642689804.382500887 0.014473977 1.383829448 0.674071204 -0.620293893 -0.136460949 0.744064217 -0.207321816
1642689804.390835047 0.015757328 1.384127874 0.676654144 -0.617816961 -0.137577020 0.746417084 -0.205514727
1642689804.399168015 0.016914308 1.384441651 0.679260503 -0.615956314 -0.138336551 0.748259223 -0.203884655
1642689804.407500982 0.018228797 1.384723312 0.681853542 -0.613450377 -0.139362759 0.750620406 -0.202053614
1642689804.415833950 0.019529222 1.384972114 0.684457603 -0.611078499 -0.140384143 0.752857111 -0.200203724
1642689804.424168110 0.020820147 1.385206430 0.687120435 -0.608849496 -0.141443072 0.754953408 -0.198346917
1642689804.432501078 0.022057101 1.385453862 0.689732547 -0.606731287 -0.142411796 0.756886738 -0.196770150
1642689804.440834999 0.023539768 1.385583009 0.692347495 -0.603866418 -0.143582818 0.759549482 -0.194457984
1642689804.449167967 0.024653035 1.385844814 0.694989008 -0.602073908 -0.144597453 0.761080892 -0.193273024
1642689804.457500935 0.025938111 1.386031780 0.697608681 -0.599748098 -0.145662296 0.763108466 -0.191703375
1642689804.465833902 0.027168295 1.386191705 0.700259418 -0.597718347 -0.146755701 0.764853969 -0.190247071
1642689804.474168062 0.028421398 1.386352543 0.702898024 -0.595495995 -0.147788974 0.766736265 -0.188834421
1642689804.482501030 0.029828192 1.386470003 0.705515378 -0.592711462 -0.148997168 0.769067938 -0.187156282
1642689804.490833998 0.031335645 1.386600559 0.708100335 -0.589653407 -0.150031971 0.771655497 -0.185329603
1642689804.499167919 0.032720928 1.386676341 0.710742721 -0.586991384 -0.151217443 0.773823228 -0.183771630
1642689804.507500887 0.034063367 1.386722475 0.713395827 -0.584429538 -0.152468902 0.775836715 -0.182408173
1642689804.515835047 0.035454155 1.386759307 0.716046031 -0.581731158 -0.153679742 0.777971066 -0.180921027
1642689804.524168015 0.036844117 1.386778860 0.718705561 -0.579018777 -0.154948643 0.780065160 -0.179517465
1642689804.532500982 0.038270970 1.386785798 0.721359237 -0.576171919 -0.156181227 0.782248518 -0.178102780
1642689804.540833950 0.039680478 1.386765086 0.724025470 -0.573289526 -0.157487353 0.784408817 -0.176747450
1642689804.549168110 0.041114357 1.386720685 0.726700256 -0.570405189 -0.158794973 0.786542120 -0.175423971
1642689804.557501078 0.042523867 1.386663137 0.729368903 -0.567552101 -0.160108382 0.788601502 -0.174234297
1642689804.565834999 0.043935930 1.386577580 0.732023310 -0.564656372 -0.161414622 0.790666347 -0.173075790
1642689804.574167967 0.045551051 1.386405778 0.734759173 -0.561241522 -0.163041481 0.793131850 -0.171368897
1642689804.582500935 0.047004093 1.386284461 0.737445354 -0.558271339 -0.164412577 0.795225112 -0.170054811
1642689804.590833902 0.048420755 1.386184133 0.740156137 -0.555375821 -0.165190832 0.797401558 -0.168583634
1642689804.599168062 0.049908180 1.386001953 0.742847906 -0.552311316 -0.166778386 0.799441540 -0.167422829
1642689804.607501030 0.051355801 1.385808388 0.745528298 -0.549340505 -0.168339043 0.801389818 -0.166316975
1642689804.615833998 0.052824954 1.385574122 0.748210546 -0.546322618 -0.169915889 0.803356800 -0.165160646
1642689804.624167919 0.054327638 1.385333655 0.750894909 -0.543172045 -0.171583229 0.805375100 -0.163994739
1642689804.632500887 0.055795355 1.385113674 0.753564072 -0.540178980 -0.173118835 0.807267972 -0.162956930
1642689804.640835047 0.057282042 1.384873019 0.756232720 -0.537094860 -0.174650445 0.809212794 -0.161867193
1642689804.649168015 0.058780220 1.384584212 0.758892414 -0.533993290 -0.176288120 0.811139200 -0.160707385
1642689804.657500982 0.060252585 1.384321222 0.761552625 -0.530971901 -0.177731699 0.813013680 -0.159652873
1642689804.665833950 0.061754037 1.384014529 0.764206390 -0.527881721 -0.179315969 0.814886539 -0.158576796
1642689804.674168110 0.063192384 1.383719850 0.766829320 -0.525044754 -0.180519808 0.816614533 -0.157738106
1642689804.682501078 0.064718511 1.383322789 0.769562248 -0.521990434 -0.182394854 0.818410576 -0.156404071
1642689804.690834999 0.066354327 1.382913095 0.772226746 -0.518281942 -0.184349278 0.820627066 -0.154823744
1642689804.699167967 0.067808858 1.382503022 0.774883803 -0.515396044 -0.185892165 0.822270019 -0.153892940
1642689804.707500935 0.069284882 1.382086828 0.777556307 -0.512372094 -0.187382812 0.824005419 -0.152897315
1642689804.715833902 0.070788000 1.381643515 0.780231498 -0.509253556 -0.188963489 0.825779706 -0.151794246
1642689804.724168062 0.072287451 1.381151029 0.782886043 -0.506101681 -0.190614912 0.827526163 -0.150756405
1642689804.732501030 0.073770786 1.380638716 0.785539781 -0.502996432 -0.192279025 0.829202725 -0.149820583
1642689804.740833998 0.075224778 1.380124660 0.788175455 -0.500018492 -0.193741781 0.830804492 -0.149028607
1642689804.749167919 0.076687252 1.379535817 0.790831373 -0.496882565 -0.195739207 0.832384330 -0.148088512
1642689804.757500887 0.078125914 1.378976637 0.793452870 -0.493928068 -0.197366298 0.833888011 -0.147351257
1642689804.765835047 0.079578946 1.378392426 0.796074942 -0.490851899 -0.199217187 0.835401160 -0.146566806
1642689804.774168015 0.081078455 1.377799746 0.798678974 -0.487614014 -0.201094307 0.836997761 -0.145699694
1642689804.782500982 0.082542821 1.377208620 0.801267083 -0.484508417 -0.202969824 0.838474132 -0.144968871
1642689804.790833950 0.084048639 1.376590153 0.803836019 -0.481324607 -0.204885109 0.839994453 -0.144076487
1642689804.799168110 0.085502708 1.375998201 0.806378676 -0.478301457 -0.206742589 0.841373897 -0.143440525
1642689804.807501078 0.086984180 1.375396407 0.808887100 -0.475300702 -0.208462246 0.842773195 -0.142709765
1642689804.815834999 0.088482490 1.374805498 0.811370311 -0.472279452 -0.210204204 0.844162468 -0.141971970
1642689804.824167967 0.089985791 1.374203084 0.813841381 -0.469335447 -0.211978913 0.845473592 -0.141292550
1642689804.832500935 0.091440562 1.373624441 0.816290977 -0.466631808 -0.213588323 0.846658722 -0.140725949
1642689804.840833902 0.092966012 1.373024926 0.818716171 -0.463727524 -0.215274841 0.847940229 -0.140038901
1642689804.849168062 0.094467798 1.372420780 0.821131195 -0.460971312 -0.216933818 0.849111732 -0.139479157
1642689804.857501030 0.095964070 1.371949874 0.823556424 -0.458227494 -0.217634754 0.850589163 -0.138422375
1642689804.865833998 0.097667578 1.371044453 0.825778522 -0.454559696 -0.221079158 0.851718036 -0.138115442
1642689804.874167919 0.099185864 1.370733671 0.828186676 -0.451671005 -0.221059057 0.853424993 -0.137083833
1642689804.882500887 0.100815672 1.370119917 0.830499787 -0.448605975 -0.222562262 0.854773189 -0.136314030
1642689804.890835047 0.102475618 1.369482665 0.832797055 -0.445470057 -0.224223119 0.856091369 -0.135602322
1642689804.899168015 0.104109168 1.368870572 0.835067950 -0.442413969 -0.225861981 0.857323942 -0.135099611
1642689804.907500982 0.105803347 1.368200130 0.837320228 -0.439255364 -0.227473956 0.858633017 -0.134386257
1642689804.915833950 0.107489973 1.367564789 0.839551943 -0.436109488 -0.229076224 0.859896015 -0.133833631
1642689804.924168110 0.109203020 1.366911334 0.841743974 -0.432923205 -0.230678811 0.861168650 -0.133241668
1642689804.932501078 0.110888794 1.366252176 0.843936975 -0.429791886 -0.232305016 0.862376980 -0.132737553
1642689804.940834999 0.112616493 1.365601206 0.846081913 -0.426636158 -0.233870440 0.863609988 -0.132151406
1642689804.949167967 0.114361695 1.364953976 0.848214957 -0.423419754 -0.235422176 0.864867019 -0.131518631
1642689804.957500935 0.116101208 1.364308951 0.850307166 -0.420249383 -0.236998527 0.866068744 -0.130946880
1642689804.965833902 0.117847463 1.363665624 0.852373255 -0.417058507 -0.238533396 0.867272362 -0.130394291
1642689804.974168062 0.119596115 1.363019863 0.854410428 -0.413898451 -0.239954900 0.868482587 -0.129798745
1642689804.982501030 0.121355629 1.362383896 0.856414792 -0.410723122 -0.241395791 0.869679147 -0.129200505
1642689804.990833998 0.123082617 1.361731467 0.858395523 -0.407656555 -0.242833661 0.870795819 -0.128695716
1642689804.999167919 0.124814123 1.361078459 0.860354157 -0.404614550 -0.244178672 0.871922613 -0.128120251
1642689805.007500887 0.126789323 1.360353950 0.862121631 -0.400528667 -0.245581990 0.873586994 -0.126933201
1642689805.015835047 0.128510375 1.359679341 0.864028880 -0.397470852 -0.246970854 0.874663388 -0.126436848
1642689805.024168015 0.130208076 1.358989709 0.865916959 -0.394445037 -0.248458296 0.875679745 -0.125962582
1642689805.032500982 0.131930583 1.358275120 0.867771699 -0.391334158 -0.249989782 0.876713725 -0.125442137
1642689805.040833950 0.133594110 1.357565018 0.869607386 -0.388406780 -0.251453048 0.877655491 -0.125029506
1642689805.049168110 0.135250713 1.356824609 0.871413488 -0.385448937 -0.252977997 0.878585178 -0.124576627
1642689805.057501078 0.136861785 1.356114202 0.873184282 -0.382615841 -0.254305024 0.879503680 -0.124126349
1642689805.065834999 0.138489889 1.355375342 0.874901932 -0.379718187 -0.255621698 0.880460329 -0.123536452
1642689805.074167967 0.140023593 1.354655350 0.876607624 -0.377117356 -0.256862274 0.881272835 -0.123135952
1642689805.082500935 0.141640344 1.353852740 0.878203148 -0.374190342 -0.259237859 0.881803056 -0.123291082
1642689805.090833902 0.143150765 1.353097998 0.879800808 -0.371554334 -0.260662862 0.882540829 -0.122979407
1642689805.099168062 0.144599302 1.352352682 0.881372370 -0.369044477 -0.262000486 0.883229351 -0.122751100
1642689805.107501030 0.145912183 1.351603569 0.883012802 -0.367130171 -0.263507755 0.883570415 -0.122810515
1642689805.115833998 0.147269163 1.350882610 0.884480845 -0.364679382 -0.264805487 0.884208248 -0.122730507
1642689805.124167919 0.148634088 1.350144655 0.885892697 -0.362060561 -0.266153305 0.884908328 -0.122522732
1642689805.132500887 0.149942408 1.349392209 0.887281268 -0.359652470 -0.267481676 0.885510739 -0.122369867
1642689805.140835047 0.151242158 1.348612013 0.888620421 -0.357248222 -0.268783967 0.886119864 -0.122149395
1642689805.149168015 0.152459012 1.347839860 0.889935622 -0.355072729 -0.270063407 0.886617651 -0.122058407
1642689805.157500982 0.153672642 1.347031952 0.891197161 -0.352735963 -0.271422359 0.887151410 -0.121941044
1642689805.165833950 0.154860513 1.346223214 0.892343731 -0.349984699 -0.272723838 0.887861307 -0.121797858
1642689805.174168110 0.155960810 1.345398291 0.893529052 -0.347856824 -0.273984896 0.888312183 -0.121775909
1642689805.182501078 0.156959569 1.344551243 0.894721718 -0.346036618 -0.275245047 0.888622519 -0.121855821
1642689805.190834999 0.157958952 1.343731181 0.895778880 -0.343756850 -0.276519473 0.889103744 -0.121912846
1642689805.199167967 0.158787517 1.342920808 0.896900747 -0.342066502 -0.278469549 0.888995646 -0.123012030
1642689805.207500935 0.159701021 1.342029766 0.897887198 -0.339851462 -0.279708060 0.889449440 -0.123061279
1642689805.215833902 0.160323848 1.341209934 0.898895872 -0.338429726 -0.280501313 0.889648393 -0.123733869
1642689805.224168062 0.161058555 1.340319593 0.899852437 -0.336192333 -0.281898371 0.890063975 -0.123669495
1642689805.232501030 0.161606361 1.339494637 0.900798612 -0.334384158 -0.283020628 0.890333072 -0.124070869
1642689805.240833998 0.162121439 1.338652641 0.901652991 -0.332424791 -0.284143941 0.890636632 -0.124588799
1642689805.249167919 0.162473793 1.337775177 0.902541977 -0.330966532 -0.285211471 0.890746865 -0.125242142
1642689805.257500887 0.162792668 1.336799292 0.903397486 -0.329462679 -0.286322872 0.890893728 -0.125626118
1642689805.265835047 0.163066885 1.335765031 0.904147380 -0.327723483 -0.288161380 0.890778583 -0.126782701
1642689805.274168015 0.163212588 1.334781179 0.904930182 -0.326243417 -0.289588109 0.890727701 -0.127703262
1642689805.282500982 0.163433585 1.333698404 0.905645120 -0.324386902 -0.291061226 0.890862781 -0.128140571
1642689805.290833950 0.163376738 1.332626143 0.906352608 -0.323118459 -0.293182431 0.890395298 -0.129748742
1642689805.299168110 0.163260779 1.331566818 0.907001459 -0.321670632 -0.294709595 0.890257384 -0.130828320
1642689805.307501078 0.163060537 1.330453885 0.907649102 -0.320373951 -0.296222738 0.890067852 -0.131878123
1642689805.315834999 0.162836401 1.329279725 0.908274956 -0.319038254 -0.297798343 0.889887162 -0.132783955
1642689805.324167967 0.162395187 1.328108827 0.908892706 -0.318239453 -0.299317037 0.889477528 -0.134024957
1642689805.332500935 0.161904491 1.326912751 0.909418972 -0.317175274 -0.300875291 0.889128346 -0.135368718
1642689805.340833902 0.161314512 1.325677026 0.909944492 -0.316421477 -0.302457871 0.888655357 -0.136705313
1642689805.349168062 0.160648096 1.324369253 0.910461838 -0.315872271 -0.304035741 0.888121435 -0.137939453
1642689805.357501030 0.159850650 1.323102287 0.910911843 -0.315407652 -0.305557086 0.887514759 -0.139536496
1642689805.365833998 0.158932935 1.321780591 0.911353005 -0.315241900 -0.307050462 0.886810955 -0.141098861
1642689805.374167919 0.158034838 1.320426818 0.911722896 -0.314790639 -0.308597916 0.886201654 -0.142551074
1642689805.382500887 0.157008857 1.319029502 0.912107438 -0.314798696 -0.310114202 0.885430931 -0.144024405
1642689805.390835047 0.155895880 1.317676779 0.912395947 -0.314708882 -0.311540153 0.884680825 -0.145742546
1642689805.399168015 0.154742133 1.316302834 0.912645821 -0.314668961 -0.312954590 0.883927041 -0.147363007
1642689805.407500982 0.153542523 1.314912122 0.912834697 -0.314537688 -0.314431702 0.883198621 -0.148858802
1642689805.415833950 0.152223312 1.313507829 0.913026776 -0.315012321 -0.315762814 0.882247145 -0.150668704
1642689805.424168110 0.150865686 1.312118745 0.913133016 -0.315290345 -0.317105722 0.881367015 -0.152407823
1642689805.432501078 0.149347413 1.310672191 0.913216373 -0.316407512 -0.318188128 0.880186952 -0.154640007
1642689805.440834999 0.147985996 1.309267814 0.913178275 -0.316352079 -0.319718764 0.879413209 -0.155992572
1642689805.449167967 0.146475178 1.307881398 0.913100435 -0.316898266 -0.320984317 0.878444692 -0.157732308
1642689805.457500935 0.144821935 1.306497131 0.912978024 -0.318141324 -0.322439276 0.877022856 -0.160155930
1642689805.465833902 0.143190654 1.305146490 0.912784730 -0.318929941 -0.323588604 0.875971357 -0.162013243
1642689805.474168062 0.141532406 1.303794440 0.912535250 -0.319726503 -0.324763899 0.874917165 -0.163778286
1642689805.482501030 0.139824014 1.302469479 0.912209729 -0.320543875 -0.325843156 0.873874237 -0.165594925
1642689805.490833998 0.138166813 1.301145549 0.911821553 -0.320890524 -0.327221041 0.872949701 -0.167076277
1642689805.499167919 0.136249906 1.299858031 0.911433490 -0.322473478 -0.327882498 0.871674258 -0.169375059
1642689805.507500887 0.134410526 1.298563201 0.910964460 -0.323501384 -0.328835839 0.870549758 -0.171338739
1642689805.515835047 0.132521689 1.297288255 0.910424515 -0.324531819 -0.329740872 0.869420590 -0.173372123
1642689805.524168015 0.130564409 1.296040000 0.909840908 -0.325593990 -0.330650469 0.868247022 -0.175516182
1642689805.532500982 0.128583853 1.294771597 0.909192565 -0.326722750 -0.331532786 0.867045747 -0.177679288
1642689805.540833950 0.126590928 1.293502790 0.908486284 -0.327801317 -0.332371984 0.865896873 -0.179715791
1642689805.549168110 0.124581467 1.292227666 0.907717772 -0.328881923 -0.333219551 0.864721320 -0.181819829
1642689805.557501078 0.122430786 1.290972983 0.906898597 -0.330384479 -0.333737585 0.863417298 -0.184325498
1642689805.565834999 0.120415665 1.289711221 0.906016128 -0.331168416 -0.334782503 0.862336529 -0.186074895
1642689805.574167967 0.118181121 1.288473362 0.905107968 -0.332859171 -0.335201363 0.860975019 -0.188591718
1642689805.582500935 0.116083471 1.287248272 0.904137599 -0.333774813 -0.336085437 0.859868156 -0.190440824
1642689805.590833902 0.113810096 1.286040033 0.903112514 -0.335399148 -0.336405436 0.858552448 -0.192941671
1642689805.599168062 0.111644015 1.284832211 0.902032213 -0.336400139 -0.337243246 0.857405261 -0.194828532
1642689805.607501030 0.109284477 1.283654538 0.900922997 -0.338191805 -0.337575828 0.855978847 -0.197405870
1642689805.615833998 0.106962820 1.282508143 0.899742513 -0.339663636 -0.338065299 0.854663206 -0.199727996
1642689805.624167919 0.104639656 1.281377708 0.898502722 -0.341146201 -0.338489029 0.853400813 -0.201870007
1642689805.632500887 0.102268185 1.280286931 0.897217585 -0.342781084 -0.338812078 0.852079605 -0.204127048
1642689805.640835047 0.099882440 1.279197509 0.895887134 -0.344524942 -0.339143352 0.850731337 -0.206253591
1642689805.649168015 0.097474071 1.278154986 0.894496747 -0.346223330 -0.339498436 0.849374012 -0.208408266
1642689805.657500982 0.095024252 1.277145098 0.893092319 -0.348200030 -0.339744544 0.847918059 -0.210630837
1642689805.665833950 0.092553889 1.276172261 0.891644241 -0.350153516 -0.339965785 0.846490981 -0.212764658
1642689805.674168110 0.090179638 1.275138842 0.890116081 -0.351941742 -0.340087923 0.845263269 -0.214492939
1642689805.682501078 0.087729348 1.274204277 0.888558186 -0.353845186 -0.340215143 0.843916993 -0.216451725
1642689805.690834999 0.085252092 1.273277779 0.886949683 -0.355796335 -0.340331370 0.842529926 -0.218464758
1642689805.699167967 0.082746355 1.272385003 0.885308926 -0.357905196 -0.340394714 0.841113071 -0.220372665
1642689805.707500935 0.080212042 1.271547438 0.883627426 -0.360057721 -0.340265545 0.839746185 -0.222270425
1642689805.715833902 0.077684182 1.270706574 0.881870209 -0.362233198 -0.340306896 0.838291767 -0.224154500
1642689805.724168062 0.075146764 1.269912773 0.880058839 -0.364496303 -0.340215554 0.836855011 -0.225985648
1642689805.732501030 0.072711718 1.269155356 0.878291962 -0.366581908 -0.340858816 0.835441686 -0.226870362
1642689805.740833998 0.070126465 1.268437369 0.876390919 -0.369095586 -0.340743587 0.833915660 -0.228575869
1642689805.749167919 0.067505204 1.267772162 0.874425176 -0.371741342 -0.340493530 0.832348168 -0.230367223
1642689805.757500887 0.064842768 1.267182485 0.872406448 -0.374531605 -0.340076412 0.830745632 -0.232240837
1642689805.765835047 0.062194283 1.266612753 0.870309816 -0.377292933 -0.339698826 0.829171939 -0.233941542
1642689805.774168015 0.059501313 1.266111281 0.868171775 -0.380196694 -0.339182951 0.827552199 -0.235717536
1642689805.782500982 0.056785983 1.265663257 0.865969912 -0.383174578 -0.338597182 0.825896201 -0.237538748
1642689805.790833950 0.054068544 1.265266724 0.863703938 -0.386151770 -0.337980966 0.824258064 -0.239278753
1642689805.799168110 0.051358954 1.264900755 0.861399756 -0.389085556 -0.337304446 0.822635296 -0.241058728
1642689805.807501078 0.048626467 1.264604879 0.859037622 -0.392110691 -0.336535029 0.820994844 -0.242818545
1642689805.815834999 0.045887414 1.264347173 0.856609497 -0.395125252 -0.335707064 0.819367781 -0.244567459
1642689805.824167967 0.043125147 1.264128330 0.854142593 -0.398226246 -0.334778985 0.817709494 -0.246353549
1642689805.832500935 0.040409438 1.263954676 0.851608564 -0.401131591 -0.333868731 0.816155938 -0.248021372
1642689805.840833902 0.037638351 1.263838389 0.849041779 -0.404231403 -0.332807464 0.814531244 -0.249749910
1642689805.849168062 0.034991736 1.263788932 0.846370152 -0.406557162 -0.332016764 0.813221480 -0.251290602
1642689805.857501030 0.032225033 1.263757275 0.843710750 -0.409549820 -0.330913704 0.811616752 -0.253067804
1642689805.865833998 0.029351619 1.263713806 0.841061644 -0.413304608 -0.329495283 0.809622316 -0.255193779
1642689805.874167919 0.026555619 1.263742747 0.838308697 -0.416443917 -0.328191973 0.807929329 -0.257127774
1642689805.882500887 0.023780199 1.263807010 0.835531554 -0.419451338 -0.326939729 0.806282063 -0.258998502
1642689805.890835047 0.021176757 1.263973504 0.832608441 -0.421394276 -0.325751283 0.805244048 -0.260566669
1642689805.899168015 0.018308033 1.264067720 0.829802543 -0.425055912 -0.324125688 0.803293355 -0.262659087
1642689805.907500982 0.015540616 1.264220509 0.826931336 -0.428075509 -0.322718049 0.801626363 -0.264574363
1642689805.915833950 0.012840411 1.264428386 0.824007671 -0.430802707 -0.321228537 0.800167213 -0.266371332
1642689805.924168110 0.010113353 1.264635538 0.821065825 -0.433665148 -0.319802332 0.798579547 -0.268200886
1642689805.932501078 0.007384074 1.264869229 0.818104278 -0.436556096 -0.318257206 0.797013315 -0.270001670
1642689805.940834999 0.004693492 1.265122216 0.815103266 -0.439318288 -0.316799022 0.795457104 -0.271819458
1642689805.949167967 0.001992160 1.265410899 0.812085218 -0.442152331 -0.315186022 0.793910577 -0.273614846
1642689805.957500935 -0.000689115 1.265685398 0.809043629 -0.445003330 -0.313674194 0.792315715 -0.275347679
1642689805.965833902 -0.003365858 1.266007002 0.805974824 -0.447819563 -0.312066829 0.790745928 -0.277115158
1642689805.974168062 -0.006039852 1.266322171 0.802869111 -0.450806026 -0.310473308 0.789088106 -0.278783451
1642689805.982501030 -0.008687796 1.266670206 0.799739812 -0.453713173 -0.308829055 0.787453321 -0.280510675
1642689805.990833998 -0.011321202 1.267026221 0.796579227 -0.456715557 -0.307264314 0.785733423 -0.282174642
1642689805.999167919 -0.013881857 1.267414061 0.793379302 -0.459570411 -0.305585710 0.784189468 -0.283653468
1642689806.007500887 -0.016458354 1.267816459 0.790167522 -0.462641293 -0.303943397 0.782428118 -0.285285271
1642689806.015835047 -0.018966548 1.268236602 0.786924579 -0.465689344 -0.302234789 0.780756837 -0.286716461
1642689806.024168015 -0.021473023 1.268673158 0.783658923 -0.468853649 -0.300484384 0.778996012 -0.288185018
1642689806.032500982 -0.023823339 1.269151410 0.780352281 -0.471404604 -0.299042602 0.777593111 -0.289309824
1642689806.040833950 -0.026161863 1.269628868 0.776989652 -0.474490174 -0.296811524 0.776117493 -0.290523030
1642689806.049168110 -0.028716467 1.270127881 0.773711023 -0.478259925 -0.295088333 0.773807955 -0.292252577
1642689806.057501078 -0.031095239 1.270654928 0.770358452 -0.481578155 -0.293208395 0.771959288 -0.293581632
1642689806.065834999 -0.033409873 1.271224490 0.766923611 -0.485055158 -0.290944414 0.770140939 -0.294882647
1642689806.074167967 -0.035809987 1.271782014 0.763591976 -0.488755115 -0.289206823 0.767894839 -0.296336579
1642689806.082500935 -0.037895391 1.272391377 0.760164051 -0.491547690 -0.287237303 0.766523855 -0.297181392
1642689806.090833902 -0.040000222 1.273013153 0.756766056 -0.494437386 -0.285445483 0.764967405 -0.298123158
1642689806.099168062 -0.042430580 1.273834538 0.753455739 -0.498571036 -0.282451314 0.762901713 -0.299381285
1642689806.107501030 -0.044371871 1.274482302 0.750018992 -0.501396189 -0.280584145 0.761430409 -0.300163507
1642689806.115833998 -0.046352350 1.275144719 0.746628890 -0.504500986 -0.278838431 0.759624833 -0.301161083
1642689806.124167919 -0.048311721 1.275819315 0.743258611 -0.507708623 -0.277068429 0.757760773 -0.302098744
1642689806.132500887 -0.050273667 1.276520647 0.739903679 -0.511095069 -0.275123547 0.755818915 -0.303029096
1642689806.140835047 -0.052131980 1.277297664 0.736541404 -0.514205155 -0.273055809 0.754160468 -0.303768945
1642689806.149168015 -0.053954140 1.278004763 0.733242295 -0.517307735 -0.271154573 0.752424151 -0.304509114
1642689806.157500982 -0.055757262 1.278738989 0.729957482 -0.520617656 -0.269260537 0.750534096 -0.305212369
1642689806.165833950 -0.057551863 1.279519778 0.726700526 -0.523984661 -0.266861728 0.748931408 -0.305494091
1642689806.174168110 -0.059229776 1.280416251 0.723449920 -0.526848461 -0.264779643 0.747334486 -0.306290068
1642689806.182501078 -0.060822275 1.281211148 0.720260481 -0.529851120 -0.263045957 0.745536392 -0.306985511
1642689806.190834999 -0.062386779 1.282083417 0.717110633 -0.532838507 -0.261302053 0.743717697 -0.307714722
1642689806.199167967 -0.063895498 1.282927015 0.714030758 -0.535850335 -0.259499361 0.741994163 -0.308170670
1642689806.207500935 -0.065355969 1.283744424 0.710957647 -0.538946638 -0.257576897 0.740422827 -0.308163433
1642689806.215833902 -0.066716378 1.284671023 0.707940411 -0.541755595 -0.255713309 0.738966422 -0.308285916
1642689806.224168062 -0.068026999 1.285655036 0.704974545 -0.544563826 -0.253701862 0.737522711 -0.308457219
1642689806.232501030 -0.069818953 1.286997521 0.701862249 -0.548339826 -0.251235585 0.735440790 -0.308757121
1642689806.240833998 -0.070426622 1.287694269 0.699175645 -0.549881907 -0.249904240 0.734886332 -0.308415042
1642689806.249167919 -0.071990002 1.289064357 0.696197497 -0.553370253 -0.247415552 0.733030880 -0.308597858
1642689806.257500887 -0.072529967 1.289869354 0.693597998 -0.554922688 -0.246029754 0.732510874 -0.308152543
1642689806.265835047 -0.073701146 1.291172747 0.690791085 -0.557854452 -0.243837644 0.731048499 -0.308074189
1642689806.274168015 -0.074288089 1.292159334 0.688262182 -0.559610954 -0.242294707 0.730481973 -0.307449089
1642689806.282500982 -0.075146834 1.293414804 0.685698714 -0.561964859 -0.240489730 0.729387718 -0.307170546
1642689806.290833950 -0.076033264 1.294765420 0.683081688 -0.564646801 -0.238310090 0.728019735 -0.307196284
1642689806.299168110 -0.076951056 1.296106534 0.680544837 -0.567911253 -0.236003477 0.726277783 -0.307082642
1642689806.307501078 -0.077610310 1.297495015 0.678102439 -0.570313217 -0.233905537 0.725325984 -0.306485322
1642689806.315834999 -0.078160542 1.298868055 0.675714542 -0.572704961 -0.231841785 0.724384368 -0.305819721
1642689806.324167967 -0.078714838 1.300328484 0.673385305 -0.575145671 -0.229702971 0.723424561 -0.305124412
1642689806.332500935 -0.079178098 1.301922056 0.671127608 -0.577551298 -0.226943797 0.722808806 -0.304102682
1642689806.340833902 -0.079507169 1.303412523 0.668915870 -0.579656197 -0.224974388 0.722035736 -0.303396793
1642689806.349168062 -0.079763651 1.304923694 0.666772532 -0.581594041 -0.223182606 0.721314324 -0.302726845
1642689806.357501030 -0.079964552 1.306475739 0.664696835 -0.583479745 -0.221309256 0.720669463 -0.302008486
1642689806.365833998 -0.080089550 1.308063774 0.662693780 -0.585259991 -0.219385815 0.720179920 -0.301133674
1642689806.374167919 -0.080223155 1.309722504 0.660768993 -0.587273972 -0.216817303 0.719977687 -0.299552448
1642689806.382500887 -0.080276921 1.311413055 0.658929946 -0.588919516 -0.214656396 0.719723367 -0.298487371
1642689806.390835047 -0.080297632 1.313170240 0.657190500 -0.590626549 -0.212430904 0.719471639 -0.297311203
1642689806.399168015 -0.080241743 1.314927676 0.655501876 -0.592008108 -0.210265574 0.719467166 -0.296111104
1642689806.407500982 -0.080114914 1.316685118 0.653909007 -0.593349349 -0.208147220 0.719512808 -0.294809436
1642689806.415833950 -0.080043136 1.318444183 0.652416088 -0.594945644 -0.206089680 0.719302374 -0.293548665
1642689806.424168110 -0.079877542 1.320210320 0.650997332 -0.596330345 -0.204037431 0.719302445 -0.292169197
1642689806.432501078 -0.079711619 1.322003312 0.649654872 -0.597690747 -0.201927122 0.719297094 -0.290865776
1642689806.440834999 -0.079483998 1.323750844 0.648401130 -0.599041926 -0.199956275 0.719312936 -0.289404837
1642689806.449167967 -0.079170816 1.325501352 0.647212242 -0.600182648 -0.197993053 0.719538589 -0.287825917
1642689806.457500935 -0.078920778 1.327238847 0.646135296 -0.601711265 -0.196047282 0.719369253 -0.286385918
1642689806.465833902 -0.078563489 1.328975894 0.645133899 -0.603025465 -0.194130878 0.719463166 -0.284686220
1642689806.474168062 -0.078137619 1.330699358 0.644184725 -0.604140288 -0.192219146 0.719679843 -0.283067547
1642689806.482501030 -0.077753790 1.332407631 0.643342406 -0.605632038 -0.190284959 0.719596202 -0.281394340
1642689806.490833998 -0.077292110 1.334111923 0.642541643 -0.606989746 -0.188341709 0.719628736 -0.279687917
1642689806.499167919 -0.076712656 1.335799056 0.641866684 -0.608162366 -0.186421590 0.719880608 -0.277772277
1642689806.507500887 -0.076074837 1.337464692 0.641274636 -0.609251441 -0.184571686 0.720207916 -0.275765358
1642689806.515835047 -0.075447439 1.339152456 0.640746430 -0.610365618 -0.182738392 0.720440544 -0.273908590
1642689806.524168015 -0.074841277 1.340893662 0.640272308 -0.611518115 -0.180774852 0.720560124 -0.272321789
1642689806.532500982 -0.074057420 1.342548080 0.639925311 -0.612409922 -0.178944756 0.721072179 -0.270162496
1642689806.540833950 -0.073271435 1.344243197 0.639651241 -0.613269102 -0.177050409 0.721527434 -0.268239302
1642689806.549168110 -0.072540984 1.345969823 0.639418612 -0.614268213 -0.175105734 0.721767680 -0.266578244
1642689806.557501078 -0.071536591 1.347637100 0.639351804 -0.614557818 -0.173440644 0.722778804 -0.264249564
1642689806.565834999 -0.070621458 1.349325420 0.639346945 -0.615346072 -0.171590216 0.723297923 -0.262194820
1642689806.574167967 -0.069655681 1.351044721 0.639398318 -0.615900599 -0.169750951 0.723959382 -0.260257333
1642689806.582500935 -0.068590905 1.352771802 0.639581295 -0.616223599 -0.167992341 0.724878311 -0.258066819
1642689806.590833902 -0.067518396 1.354545159 0.639815583 -0.616529967 -0.166121261 0.725717422 -0.256181089
1642689806.599168062 -0.066305631 1.356307306 0.640198788 -0.616562990 -0.164288934 0.726922348 -0.253856506
1642689806.607501030 -0.065056021 1.358109085 0.640658291 -0.616387602 -0.162559006 0.728224784 -0.251653644
1642689806.615833998 -0.063780075 1.359925473 0.641205837 -0.616261918 -0.160709552 0.729486897 -0.249484578
1642689806.624167919 -0.062343342 1.361772863 0.641909471 -0.615671345 -0.158974479 0.731180532 -0.247084883
1642689806.632500887 -0.060942507 1.363655947 0.642686816 -0.615202648 -0.157187546 0.732713046 -0.244845604
1642689806.640835047 -0.059409575 1.365559950 0.643627863 -0.614389813 -0.155434196 0.734602589 -0.242331189
1642689806.649168015 -0.057746693 1.367479203 0.644674209 -0.613067287 -0.153799434 0.736913364 -0.239693406
1642689806.657500982 -0.056193606 1.369412420 0.645841245 -0.612284869 -0.152053201 0.738718720 -0.237237678
1642689806.665833950 -0.054430001 1.371324683 0.647160031 -0.610819060 -0.150613285 0.741095894 -0.234504991
1642689806.674168110 -0.052636198 1.373269718 0.648572394 -0.609257322 -0.149008495 0.743585819 -0.231694009
1642689806.682501078 -0.050743866 1.375181329 0.650098760 -0.607286645 -0.147700309 0.746318661 -0.228901741
1642689806.690834999 -0.048814540 1.377073539 0.651741085 -0.605345949 -0.146349268 0.749022809 -0.226059738
1642689806.699167967 -0.046873515 1.378939952 0.653511322 -0.603325091 -0.145142753 0.751707168 -0.223313120
1642689806.707500935 -0.044907458 1.380785924 0.655400356 -0.601305153 -0.143967089 0.754343304 -0.220616794
1642689806.715833902 -0.042783676 1.382563365 0.657360313 -0.598608815 -0.143033041 0.757499363 -0.217724024
1642689806.724168062 -0.040714539 1.384312918 0.659429978 -0.596063778 -0.142113437 0.760439818 -0.215041918
1642689806.732501030 -0.038635735 1.386001253 0.661625558 -0.593635491 -0.141280729 0.763236787 -0.212382357
1642689806.740833998 -0.036431510 1.387634431 0.663865919 -0.590591893 -0.140639283 0.766457601 -0.209677259
1642689806.749167919 -0.034238754 1.389231964 0.666203651 -0.587633432 -0.139969996 0.769571408 -0.207014970
1642689806.757500887 -0.032092497 1.390739014 0.668654328 -0.584952012 -0.139364773 0.772399845 -0.204467805
1642689806.765835047 -0.029764089 1.392192797 0.671147344 -0.581487088 -0.138979752 0.775824017 -0.201629584
1642689806.774168015 -0.027493212 1.393591045 0.673744094 -0.578235866 -0.138690909 0.778976517 -0.199006786
1642689806.782500982 -0.025215925 1.394911840 0.676435355 -0.574914545 -0.138527897 0.782099955 -0.196476330
1642689806.790833950 -0.022904155 1.396161194 0.679204713 -0.571506557 -0.138377311 0.785293431 -0.193768423
1642689806.799168110 -0.020624520 1.397354424 0.682041334 -0.568100136 -0.138392798 0.788369856 -0.191265885
1642689806.807501078 -0.018280227 1.398445585 0.684965506 -0.564517997 -0.138637477 0.791544281 -0.188564927
1642689806.815834999 -0.015974437 1.399531802 0.687988459 -0.560914796 -0.138527115 0.794749273 -0.185898959
1642689806.824167967 -0.013607456 1.400502921 0.691041388 -0.557195398 -0.139013845 0.797885486 -0.183268083
1642689806.832500935 -0.011292754 1.401404336 0.694180707 -0.553601511 -0.139668313 0.800840291 -0.180756624
1642689806.840833902 -0.008955286 1.402242316 0.697374010 -0.549881004 -0.140365076 0.803865114 -0.178127500
1642689806.849168062 -0.006619166 1.402990796 0.700636735 -0.546093708 -0.141291053 0.806842723 -0.175565714
1642689806.857501030 -0.004306613 1.403674014 0.703968264 -0.542398188 -0.142342709 0.809690204 -0.173044887
1642689806.865833998 -0.001822081 1.404146749 0.707384595 -0.538334285 -0.143537135 0.812894291 -0.169694313
1642689806.874167919 0.000347400 1.404734838 0.710862007 -0.535015058 -0.144745109 0.815309615 -0.167564832
1642689806.882500887 0.002597049 1.405189332 0.714399011 -0.531499717 -0.146070482 0.817886145 -0.165026419
1642689806.890835047 0.004851202 1.405553845 0.717996111 -0.527960997 -0.147525723 0.820435747 -0.162414690
1642689806.899168015 0.007149274 1.405815474 0.721656276 -0.524331315 -0.149150496 0.823012441 -0.159628704
1642689806.907500982 0.009397392 1.406001992 0.725375410 -0.520880546 -0.150862599 0.825400694 -0.156963775
1642689806.915833950 0.011679043 1.406072067 0.729152919 -0.517374554 -0.152764151 0.827762848 -0.154257422
1642689806.924168110 0.013946188 1.406081773 0.732984969 -0.513926674 -0.154680587 0.830027398 -0.151683249
1642689806.932501078 0.016278977 1.405918132 0.736856418 -0.510473123 -0.156760040 0.832250843 -0.149003404
1642689806.940834999 0.018573513 1.405734378 0.740772442 -0.507079876 -0.158912370 0.834357126 -0.146509534
1642689806.949167967 0.020908730 1.405428492 0.744700981 -0.503576012 -0.161221734 0.836471614 -0.143993027
1642689806.957500935 0.023258170 1.405064551 0.748688912 -0.500082581 -0.163675708 0.838521799 -0.141452705
1642689806.965833902 0.025660008 1.404606231 0.752679095 -0.496418902 -0.166137728 0.840628441 -0.138961701
1642689806.974168062 0.028043785 1.403877433 0.756638797 -0.492973754 -0.169485321 0.842353594 -0.136718786
1642689806.982501030 0.030471164 1.403216120 0.760641539 -0.489342735 -0.172198934 0.844298023 -0.134357967
1642689806.990833998 0.032956600 1.402491773 0.764645464 -0.485589578 -0.174865964 0.846283410 -0.132019115
1642689806.999167919 0.035360624 1.401701526 0.768687929 -0.482329829 -0.177423918 0.847920176 -0.130038706
1642689807.007500887 0.037799912 1.401211243 0.772709150 -0.478754078 -0.177940668 0.850247607 -0.127321082
1642689807.015835047 0.040444661 1.400321728 0.776649277 -0.474295566 -0.180654030 0.852551574 -0.124754360
1642689807.024168015 0.042963924 1.399355657 0.780672394 -0.470978785 -0.183323857 0.854123631 -0.122654678
1642689807.032500982 0.045595116 1.398320822 0.784590455 -0.467029890 -0.186070694 0.856019985 -0.120376757
1642689807.040833950 0.048225612 1.397287935 0.788478288 -0.463166274 -0.188570628 0.857850032 -0.118369947
1642689807.049168110 0.050878948 1.396209399 0.792320731 -0.459251953 -0.191161511 0.859643920 -0.116435612
1642689807.057501078 0.053580111 1.395086502 0.796110186 -0.455206771 -0.193680217 0.861500644 -0.114417697
1642689807.065834999 0.056270951 1.393966067 0.799849184 -0.451185263 -0.196150047 0.863281543 -0.112703130
1642689807.074167967 0.059014319 1.392824076 0.803529093 -0.446974573 -0.198517860 0.865157469 -0.110936671
1642689807.082500935 0.061753718 1.391653984 0.807137659 -0.442782195 -0.200936355 0.866959273 -0.109316641
1642689807.090833902 0.064541979 1.390452919 0.810668264 -0.438394191 -0.203265549 0.868851731 -0.107658345
1642689807.099168062 0.067316605 1.389279346 0.814143791 -0.433919663 -0.205522732 0.870747284 -0.106175797
1642689807.107501030 0.070079929 1.388089252 0.817544130 -0.429467180 -0.207783915 0.872585844 -0.104774664
1642689807.115833998 0.072807272 1.386924198 0.820894091 -0.425045090 -0.209933474 0.874383878 -0.103525077
1642689807.124167919 0.075591345 1.385721139 0.824162204 -0.420336057 -0.212104054 0.876304652 -0.102076571
1642689807.132500887 0.078287346 1.384549000 0.827387276 -0.415800417 -0.214260407 0.878067555 -0.100994354
1642689807.140835047 0.080966443 1.383386128 0.830547732 -0.411235104 -0.216340196 0.879824609 -0.099956326
1642689807.149168015 0.083592901 1.382218572 0.833672060 -0.406791378 -0.218474337 0.881466513 -0.099027900
1642689807.157500982 0.086283474 1.381055992 0.836639975 -0.401869960 -0.220591325 0.883301584 -0.098073006
1642689807.165833950 0.088867719 1.379867097 0.839641153 -0.397399904 -0.222687475 0.884888581 -0.097240958
1642689807.174168110 0.091393607 1.378680582 0.842589286 -0.393109869 -0.224736114 0.886367603 -0.096492398
1642689807.182501078 0.093894060 1.377473505 0.845474686 -0.388831927 -0.226853855 0.887792502 -0.095768135
1642689807.190834999 0.096320160 1.376289790 0.848322258 -0.384790263 -0.228861869 0.889098869 -0.095194013
1642689807.199167967 0.098729854 1.375088787 0.851104761 -0.380752034 -0.230772491 0.890422053 -0.094448472
1642689807.207500935 0.101080635 1.373919043 0.853837087 -0.376842148 -0.232498129 0.891712383 -0.093721083
1642689807.215833902 0.103353993 1.372733188 0.856534491 -0.373222933 -0.234147817 0.892875963 -0.093015895
1642689807.224168062 0.105618015 1.371554892 0.859155898 -0.369499672 -0.235666893 0.894099947 -0.092284305
1642689807.232501030 0.107959951 1.370180961 0.861609908 -0.365410056 -0.238599382 0.895032624 -0.091991456
1642689807.240833998 0.110153250 1.368936561 0.864116662 -0.361811422 -0.240409319 0.896056702 -0.091532732
1642689807.249167919 0.112181680 1.367744365 0.866667677 -0.358862065 -0.242106331 0.896795047 -0.091439519
1642689807.257500887 0.114347829 1.366448390 0.869033147 -0.355138737 -0.243726132 0.897904416 -0.090783859
1642689807.265835047 0.116495699 1.365137015 0.871291110 -0.350978860 -0.245453497 0.899138720 -0.090088750
1642689807.274168015 0.118391165 1.363861214 0.873705344 -0.348337228 -0.247015116 0.899731817 -0.090151904
1642689807.282500982 0.120332419 1.362515471 0.876006696 -0.345450774 -0.248410562 0.900483701 -0.089916966
1642689807.290833950 0.122278982 1.361168949 0.878259300 -0.342482460 -0.250109893 0.901118226 -0.090203931
1642689807.299168110 0.123960610 1.359787158 0.880531667 -0.340714557 -0.250765294 0.901557769 -0.090685979
1642689807.307501078 0.125897935 1.358234339 0.882659004 -0.337192265 -0.252272337 0.902577619 -0.089519197
1642689807.315834999 0.127713555 1.356650127 0.884738306 -0.334198237 -0.253474304 0.903403291 -0.089021396
1642689807.324167967 0.129169733 1.355137736 0.886865691 -0.332532668 -0.253962966 0.903831878 -0.089514091
1642689807.332500935 0.130955560 1.353382836 0.888873358 -0.329141157 -0.255857678 0.904618647 -0.088702033
1642689807.340833902 0.132432599 1.351668180 0.890928559 -0.326777590 -0.257293286 0.905073195 -0.088651467
1642689807.349168062 0.133987477 1.349791393 0.892880717 -0.324121173 -0.258889354 0.905612692 -0.088246355
1642689807.357501030 0.135393896 1.347745511 0.894794424 -0.321816210 -0.262077687 0.905435948 -0.089080619
1642689807.365833998 0.136748762 1.345729785 0.896744627 -0.319758248 -0.264246656 0.905522833 -0.089200714
1642689807.374167919 0.137991667 1.343676587 0.898603325 -0.317612400 -0.266372776 0.905644614 -0.089307003
1642689807.382500887 0.138903610 1.341633362 0.900537921 -0.316763959 -0.268145493 0.905327783 -0.090223023
1642689807.390835047 0.140031302 1.339415012 0.902328962 -0.314815666 -0.270442560 0.905326342 -0.090200516
1642689807.399168015 0.140914736 1.337177940 0.904172486 -0.313547283 -0.272743932 0.905045019 -0.090511674
1642689807.407500982 0.141777405 1.334900604 0.905898352 -0.311870552 -0.275073905 0.904901296 -0.090690407
1642689807.415833950 0.142502046 1.332579675 0.907618148 -0.310457845 -0.277402329 0.904653513 -0.090916975
1642689807.424168110 0.143044735 1.330209658 0.909403801 -0.309649994 -0.279858964 0.904125360 -0.091395703
1642689807.432501078 0.143451372 1.327826324 0.911143870 -0.309065998 -0.282143719 0.903555515 -0.091981308
1642689807.440834999 0.143877984 1.325446740 0.912756736 -0.307637185 -0.284762324 0.903204721 -0.092146691
1642689807.449167967 0.144123428 1.323028817 0.914427013 -0.306813131 -0.287436516 0.902609193 -0.092426169
1642689807.457500935 0.144194339 1.320611826 0.916118019 -0.306694508 -0.289823743 0.901826368 -0.093004726
1642689807.465833902 0.144167510 1.318213729 0.917699415 -0.306310464 -0.292225475 0.901133530 -0.093469425
1642689807.474168062 0.144020122 1.315767184 0.919294931 -0.306360997 -0.294673526 0.900277281 -0.093868366
1642689807.482501030 0.143701596 1.313394992 0.920820949 -0.306685666 -0.296841032 0.899368014 -0.094691497
1642689807.490833998 0.143402082 1.310990110 0.922234196 -0.306391194 -0.299403422 0.898596403 -0.094902746
1642689807.499167919 0.142949341 1.308553718 0.923630640 -0.306758865 -0.301713776 0.897670093 -0.095164072
1642689807.507500887 0.142333450 1.306209453 0.924924537 -0.307209991 -0.303803852 0.896757082 -0.095665969
1642689807.515835047 0.141666110 1.303842180 0.926162322 -0.307837581 -0.305897323 0.895802644 -0.095919104
1642689807.524168015 0.140848778 1.301573128 0.927304505 -0.308543857 -0.307840384 0.894838568 -0.096430926
1642689807.532500982 0.139971887 1.299264462 0.928389415 -0.309475263 -0.309731291 0.893841132 -0.096641709
1642689807.540833950 0.138998131 1.297053095 0.929351593 -0.310306513 -0.311474951 0.892908865 -0.096989598
1642689807.549168110 0.138178332 1.294792469 0.930125738 -0.309999854 -0.313879067 0.892263106 -0.096159090
1642689807.557501078 0.137032456 1.292644026 0.930908581 -0.310991654 -0.315537352 0.891293643 -0.096519489
1642689807.565834999 0.135725101 1.290555193 0.931661421 -0.312453300 -0.317157915 0.890126402 -0.097256260
1642689807.574167967 0.134436023 1.288357228 0.932236291 -0.313650417 -0.318811309 0.889061596 -0.097735581
1642689807.582500935 0.133120360 1.286213060 0.932682824 -0.314628098 -0.320400168 0.888097292 -0.098163597
1642689807.590833902 0.131769818 1.284029304 0.932990122 -0.315701171 -0.322947129 0.886700482 -0.098995846
1642689807.599168062 0.130338125 1.281936680 0.933179894 -0.316565535 -0.324711276 0.885665573 -0.099726332
1642689807.607501030 0.128537407 1.280155944 0.933521706 -0.318280931 -0.322361823 0.886114686 -0.097881908
1642689807.615833998 0.126930259 1.278120275 0.933566897 -0.319416095 -0.323687991 0.885141562 -0.098609627
1642689807.624167919 0.125426790 1.276098162 0.933385659 -0.319828538 -0.325448443 0.884249743 -0.099475677
1642689807.632500887 0.123623576 1.274134463 0.933283713 -0.321365701 -0.326924927 0.883004442 -0.100733974
1642689807.640835047 0.121855783 1.272175202 0.933036048 -0.322642975 -0.328737858 0.881689558 -0.102256812
1642689807.649168015 0.120038690 1.270352360 0.932617548 -0.323583786 -0.330041817 0.880698291 -0.103616853
1642689807.657500982 0.118130004 1.268492954 0.932138257 -0.324824715 -0.331260943 0.879633110 -0.104884145
1642689807.665833950 0.116212250 1.266514488 0.931443346 -0.326048632 -0.333791505 0.878021993 -0.106549993
1642689807.674168110 0.114320911 1.264524103 0.930685774 -0.327209524 -0.336842553 0.876056495 -0.109526431
1642689807.682501078 0.112237761 1.262730323 0.929901542 -0.328650937 -0.338063353 0.874844084 -0.111128575
1642689807.690834999 0.110047472 1.260978149 0.929051728 -0.330384667 -0.338946194 0.873666799 -0.112551204
1642689807.699167967 0.107783101 1.259282012 0.928107702 -0.332195136 -0.339778605 0.872450868 -0.114133139
1642689807.707500935 0.105305017 1.257813548 0.927148738 -0.334506970 -0.338992232 0.871809506 -0.114619105
1642689807.715833902 0.102915514 1.256176795 0.926012668 -0.336492860 -0.339751250 0.870542184 -0.116180673
1642689807.724168062 0.100877926 1.253954651 0.924438260 -0.337580719 -0.345284486 0.867383218 -0.120267345
1642689807.732501030 0.098246811 1.252365323 0.923189452 -0.340267924 -0.346368081 0.865573667 -0.122593312
1642689807.740833998 0.095308881 1.250898359 0.921947367 -0.344167216 -0.345888521 0.863818719 -0.125408447
1642689807.749167919 0.092651033 1.249598711 0.920560710 -0.345981742 -0.346049208 0.862825623 -0.126801123
1642689807.757500887 0.089903585 1.248116381 0.918953806 -0.348268992 -0.346318502 0.861594696 -0.128167020
1642689807.765835047 0.086968186 1.246673851 0.917311222 -0.351091414 -0.346581755 0.860070088 -0.129982114
1642689807.774168015 0.083963750 1.245271832 0.915584446 -0.353907907 -0.346705615 0.858590560 -0.131782623
1642689807.782500982 0.080866303 1.243886882 0.913791528 -0.356898504 -0.346906426 0.856977602 -0.133674156
1642689807.790833950 0.077693497 1.242535698 0.911916612 -0.359928080 -0.347118017 0.855316356 -0.135627397
1642689807.799168110 0.074406729 1.241208389 0.909962991 -0.363319051 -0.347136958 0.853541859 -0.137700745
1642689807.807501078 0.071080157 1.239879504 0.907922365 -0.366640867 -0.347314792 0.851719376 -0.139717624
1642689807.815834999 0.067685878 1.238571892 0.905813154 -0.370015916 -0.347454848 0.849868694 -0.141727037
1642689807.824167967 0.064176542 1.237288206 0.903639422 -0.373763780 -0.347485890 0.847844065 -0.143925796
1642689807.832500935 0.060623353 1.236007929 0.901334019 -0.377507820 -0.347583206 0.845767380 -0.146120837
1642689807.840833902 0.057139491 1.234731486 0.898881397 -0.380723944 -0.347488560 0.844048552 -0.147929106
1642689807.849168062 0.053504425 1.233495328 0.896385549 -0.384395190 -0.347491353 0.841997550 -0.150100709
1642689807.857501030 0.049682621 1.232328725 0.893895630 -0.388691516 -0.347416850 0.839585222 -0.152699358
1642689807.865833998 0.045921437 1.231168370 0.891252927 -0.392637854 -0.347353162 0.837319190 -0.155170455
1642689807.874167919 0.042112377 1.230038910 0.888521387 -0.396673192 -0.347082751 0.835085884 -0.157529389
1642689807.882500887 0.038288232 1.228898056 0.885688025 -0.400685820 -0.346974051 0.832755384 -0.159932335
1642689807.890835047 0.034435421 1.227771411 0.882770624 -0.404771928 -0.346769131 0.830405002 -0.162291064
1642689807.899168015 0.030567205 1.226654418 0.879747720 -0.408829909 -0.346631593 0.828001933 -0.164673745
1642689807.907500982 0.026659112 1.225569125 0.876641623 -0.412936551 -0.346423692 0.825544004 -0.167185906
1642689807.915833950 0.022725660 1.224516093 0.873455057 -0.417137962 -0.346159390 0.823021367 -0.169721614
1642689807.924168110 0.018805405 1.223479111 0.870165004 -0.421237767 -0.345888800 0.820539253 -0.172148239
1642689807.932501078 0.014928761 1.222499411 0.866735861 -0.424847646 -0.345794847 0.818226215 -0.174459919
1642689807.940834999 0.010868466 1.221506170 0.863337701 -0.429783062 -0.345155135 0.815334817 -0.177154138
1642689807.949167967 0.006855543 1.220585947 0.859817613 -0.434294510 -0.344737102 0.812521905 -0.179868736
1642689807.957500935 0.002908535 1.219718413 0.856129118 -0.438335685 -0.344300657 0.809968927 -0.182398523
1642689807.965833902 -0.001040955 1.218883676 0.852416001 -0.442679312 -0.343754978 0.807255128 -0.184950532
1642689807.974168062 -0.005003131 1.218112151 0.848621556 -0.447084664 -0.343178563 0.804442241 -0.187660486
1642689807.982501030 -0.008969848 1.217342896 0.844721067 -0.451590103 -0.342138586 0.801896310 -0.189657258
1642689807.990833998 -0.012859372 1.216735236 0.840753322 -0.455908127 -0.341333032 0.799108195 -0.192524375
1642689807.999167919 -0.016713477 1.216155737 0.836686875 -0.460182222 -0.340479242 0.796330988 -0.195353949
1642689808.007500887 -0.020528121 1.215613622 0.832545775 -0.464398091 -0.339796982 0.793432099 -0.198337913
1642689808.015835047 -0.024280336 1.215125668 0.828313613 -0.468510252 -0.338907380 0.790662186 -0.201229320
1642689808.024168015 -0.027993360 1.214513904 0.823984629 -0.472690672 -0.338170661 0.787865777 -0.203645894
1642689808.032500982 -0.031800343 1.214158085 0.819668328 -0.477201932 -0.336366396 0.785309815 -0.205971985
1642689808.040833950 -0.035474942 1.213825007 0.815244840 -0.481463806 -0.335166941 0.782498795 -0.208689630
1642689808.049168110 -0.039060597 1.213525620 0.810752362 -0.485614072 -0.334056643 0.779673449 -0.211410609
1642689808.057501078 -0.042610663 1.213291707 0.806207735 -0.489878662 -0.332814029 0.776818385 -0.214025501
1642689808.065834999 -0.046070822 1.213101297 0.801611746 -0.494080576 -0.331536656 0.773994139 -0.216566165
1642689808.074167967 -0.049492445 1.212973623 0.796987154 -0.498341054 -0.330154883 0.771143462 -0.219070101
1642689808.082500935 -0.052776093 1.212952010 0.792248236 -0.502234020 -0.328580796 0.768583975 -0.221527252
1642689808.090833902 -0.056067622 1.212945080 0.787539382 -0.506470215 -0.326956769 0.765793175 -0.223937505
1642689808.099168062 -0.059271370 1.212979428 0.782806036 -0.510577333 -0.325333759 0.763104726 -0.226141350
1642689808.107501030 -0.062447106 1.213081717 0.778072641 -0.514720648 -0.323682789 0.760345749 -0.228399758
1642689808.115833998 -0.065520011 1.213226136 0.773302626 -0.518802545 -0.321961787 0.757620470 -0.230642040
1642689808.124167919 -0.068569502 1.213441625 0.768555738 -0.522939577 -0.320125410 0.754915096 -0.232716820
1642689808.132500887 -0.071439321 1.213703242 0.763799111 -0.526549935 -0.318595415 0.752450347 -0.234649957
1642689808.140835047 -0.074388962 1.214001455 0.759093351 -0.530871888 -0.316587287 0.749622585 -0.236671730
1642689808.149168015 -0.077187199 1.214345320 0.754392478 -0.534790831 -0.314764135 0.747032562 -0.238463118
1642689808.157500982 -0.079889174 1.214761123 0.749720019 -0.538524170 -0.312986816 0.744514228 -0.240269715
1642689808.165833950 -0.082456240 1.215135738 0.745087914 -0.542205158 -0.311318478 0.742099393 -0.241625458
1642689808.174168110 -0.085017173 1.215602740 0.740470852 -0.545779467 -0.309644572 0.739669444 -0.243175093
1642689808.182501078 -0.087554862 1.216167230 0.735894068 -0.549366861 -0.307961495 0.737203089 -0.244718971
1642689808.190834999 -0.089910059 1.216749368 0.731365789 -0.552358634 -0.306572872 0.735122825 -0.245982613
1642689808.199167967 -0.092173960 1.217312700 0.726917452 -0.555333965 -0.305168680 0.733069682 -0.247154012
1642689808.207500935 -0.094585934 1.218002835 0.722506099 -0.558964809 -0.303431965 0.730543077 -0.248584386
1642689808.215833902 -0.096857959 1.218766060 0.718158555 -0.562020089 -0.301971610 0.728381676 -0.249813332
1642689808.224168062 -0.098971821 1.219512913 0.713908976 -0.564811567 -0.300689314 0.726433212 -0.250736153
1642689808.232501030 -0.101168355 1.220373764 0.709700499 -0.567924480 -0.299362572 0.724208714 -0.251725197
1642689808.240833998 -0.103404119 1.221301346 0.705605779 -0.571192198 -0.298091510 0.721794594 -0.252771614
1642689808.249167919 -0.105357071 1.222208401 0.701623956 -0.573764380 -0.297063207 0.720005235 -0.253259448
1642689808.257500887 -0.107489408 1.223371091 0.697548545 -0.576805073 -0.295643310 0.717719456 -0.254498965
1642689808.265835047 -0.109443616 1.224295664 0.693727366 -0.579877338 -0.294673147 0.715624956 -0.254540630
1642689808.274168015 -0.111395599 1.225397002 0.689948686 -0.582871017 -0.293588134 0.713541941 -0.254804404
1642689808.282500982 -0.113316122 1.226728990 0.686211349 -0.585598095 -0.292452443 0.711564682 -0.255386263
1642689808.290833950 -0.115063628 1.227850465 0.682674309 -0.588306936 -0.291667837 0.709757518 -0.255086433
1642689808.299168110 -0.116671131 1.229108786 0.679222317 -0.590662447 -0.290878377 0.708326885 -0.254520466
1642689808.307501078 -0.118350749 1.230506706 0.675821478 -0.593458254 -0.290115274 0.706601984 -0.253681030
1642689808.315834999 -0.119965907 1.232063789 0.672527328 -0.595971810 -0.288961201 0.705103212 -0.253275515
1642689808.324167967 -0.121770315 1.233704586 0.669365828 -0.599303860 -0.287775587 0.702747112 -0.253311254
1642689808.332500935 -0.123312107 1.235423329 0.666298522 -0.602047373 -0.286472364 0.701094616 -0.252861394
1642689808.340833902 -0.124676472 1.237258156 0.663355961 -0.604262754 -0.285338576 0.699909411 -0.252141305
1642689808.349168062 -0.126037607 1.239338513 0.660427025 -0.606468492 -0.283887046 0.698690336 -0.251864901
1642689808.357501030 -0.127234762 1.241216108 0.657760144 -0.608758886 -0.282840827 0.697585579 -0.250575429
1642689808.365833998 -0.128433547 1.243434679 0.655076314 -0.610803379 -0.281359139 0.696600515 -0.250007979
1642689808.374167919 -0.129477653 1.245494351 0.652611583 -0.612876325 -0.280198406 0.695744389 -0.248618602
1642689808.382500887 -0.130595514 1.247931149 0.650137861 -0.614895512 -0.278484494 0.694813530 -0.248161348
1642689808.390835047 -0.131557805 1.250323450 0.647820305 -0.616692299 -0.277000078 0.694131477 -0.247271223
1642689808.399168015 -0.132430995 1.252800889 0.645650875 -0.618310800 -0.275604373 0.693655777 -0.246121204
1642689808.407500982 -0.133249021 1.255365203 0.643574645 -0.619834101 -0.274034882 0.693304017 -0.245030836
1642689808.415833950 -0.133947249 1.257844016 0.641675101 -0.621354914 -0.272701481 0.693017558 -0.243472047
1642689808.424168110 -0.134635632 1.260528650 0.639805366 -0.622785542 -0.271061041 0.692804470 -0.242252032
1642689808.432501078 -0.135346662 1.263394638 0.638036371 -0.624201803 -0.269360755 0.692583675 -0.241132218
1642689808.440834999 -0.135868337 1.266197031 0.636399062 -0.625513365 -0.267596471 0.692496070 -0.239946561
1642689808.449167967 -0.136365130 1.269115937 0.634844473 -0.626778062 -0.265799035 0.692452222 -0.238767784
1642689808.457500935 -0.136803746 1.272128704 0.633384176 -0.627915417 -0.263834705 0.692567705 -0.237620393
1642689808.465833902 -0.137177193 1.275214567 0.632021361 -0.629085236 -0.261777377 0.692692479 -0.236434979
1642689808.474168062 -0.137495737 1.278362167 0.630751386 -0.630235974 -0.259587337 0.692867063 -0.235270621
1642689808.482501030 -0.137721609 1.281565264 0.629582292 -0.631254472 -0.257329528 0.693182120 -0.234089415
1642689808.490833998 -0.137863851 1.284807862 0.628505998 -0.632216487 -0.255067895 0.693512396 -0.232987637
1642689808.499167919 -0.137916463 1.288114109 0.627541994 -0.633105884 -0.252720699 0.693980287 -0.231733788
1642689808.507500887 -0.138009541 1.291627350 0.626597619 -0.634121222 -0.249987952 0.694241224 -0.231139402
1642689808.515835047 -0.137803011 1.294867486 0.625927147 -0.634820735 -0.247841780 0.694944297 -0.229411225
1642689808.524168015 -0.137560787 1.298245432 0.625314124 -0.635472380 -0.245483059 0.695623870 -0.228079709
1642689808.532500982 -0.137183080 1.301690869 0.624823953 -0.635906085 -0.243002350 0.696562796 -0.226657406
1642689808.540833950 -0.136725503 1.305122935 0.624446933 -0.636333747 -0.240592782 0.697469550 -0.225234770
1642689808.549168110 -0.136151093 1.308567268 0.624195412 -0.636619167 -0.238147574 0.698530338 -0.223734523
1642689808.557501078 -0.135486058 1.312018000 0.624060391 -0.636832140 -0.235693718 0.699644915 -0.222239263
1642689808.565834999 -0.134508893 1.315427718 0.624051940 -0.636435130 -0.233219697 0.701490790 -0.220158057
1642689808.574167967 -0.133596241 1.318843610 0.624168420 -0.636354868 -0.230779297 0.702891575 -0.218487600
1642689808.582500935 -0.132607063 1.322250891 0.624399576 -0.636355688 -0.228237701 0.704229768 -0.216839627
1642689808.590833902 -0.131506596 1.325636545 0.624788471 -0.636048533 -0.225832104 0.705823686 -0.215069870
1642689808.599168062 -0.130351552 1.329007565 0.625301812 -0.635885605 -0.223275300 0.707334831 -0.213248856
1642689808.607501030 -0.129061874 1.332326886 0.625959790 -0.635476305 -0.220983097 0.708997976 -0.211324886
1642689808.615833998 -0.127668990 1.335568262 0.626772738 -0.635052255 -0.218714074 0.710701948 -0.209226022
1642689808.624167919 -0.126166816 1.338780009 0.627710948 -0.634464231 -0.216491229 0.712555647 -0.207005164
1642689808.632500887 -0.124633144 1.341978470 0.628775417 -0.633932241 -0.214316809 0.714266561 -0.204991458
1642689808.640835047 -0.122853963 1.345095921 0.629969442 -0.632654608 -0.212452611 0.716676209 -0.202453073
1642689808.649168015 -0.121061155 1.348167867 0.631326299 -0.631708296 -0.210475283 0.718784483 -0.199984129
1642689808.657500982 -0.119257414 1.351208653 0.632806832 -0.630847546 -0.208535433 0.720749502 -0.197647417
1642689808.665833950 -0.117247821 1.354134126 0.634459544 -0.629703393 -0.206659692 0.723051543 -0.194838075
1642689808.674168110 -0.115193866 1.357037152 0.636213074 -0.628504946 -0.204825109 0.725322737 -0.192185155
1642689808.682501078 -0.113072559 1.359879702 0.638093906 -0.627149846 -0.203078361 0.727694224 -0.189481835
1642689808.690834999 -0.110883356 1.362668803 0.640089089 -0.625804317 -0.201345724 0.730023524 -0.186800724
1642689808.699167967 -0.108607759 1.365406609 0.642201905 -0.624288657 -0.199620119 0.732501258 -0.184003769
1642689808.707500935 -0.106189584 1.368053937 0.644461038 -0.622433690 -0.198028413 0.735249135 -0.181024192
1642689808.715833902 -0.103835010 1.370697174 0.646763426 -0.620822502 -0.196244779 0.737716052 -0.178444486
1642689808.724168062 -0.101400601 1.373277033 0.649155423 -0.619007741 -0.194520003 0.740330422 -0.175790362
1642689808.732501030 -0.098840587 1.375744063 0.651686725 -0.616931803 -0.192894985 0.743162097 -0.172906835
1642689808.740833998 -0.096183437 1.378127132 0.654311307 -0.614554806 -0.191352909 0.746206576 -0.169947641
1642689808.749167919 -0.093604043 1.380484144 0.656970251 -0.612288809 -0.189758306 0.749039833 -0.167432159
1642689808.757500887 -0.090972827 1.382733627 0.659764072 -0.609703370 -0.188288545 0.751943272 -0.165500877
1642689808.765835047 -0.088298099 1.384868446 0.662607958 -0.606975133 -0.186980975 0.755017106 -0.162998382
1642689808.774168015 -0.085622775 1.386944774 0.665513336 -0.604134196 -0.185742202 0.758107810 -0.160605900
1642689808.782500982 -0.082937518 1.388914105 0.668486277 -0.601116559 -0.184651727 0.761281526 -0.158155178
1642689808.790833950 -0.080285003 1.390829008 0.671485733 -0.597928789 -0.183595467 0.764494862 -0.155953433
1642689808.799168110 -0.077718342 1.392641768 0.674575334 -0.595089577 -0.182642488 0.767344800 -0.153922301
1642689808.807501078 -0.075095747 1.394343968 0.677674816 -0.591756133 -0.181919937 0.770475206 -0.151979513
1642689808.815834999 -0.072531129 1.395929287 0.680844557 -0.588544744 -0.181379404 0.773433377 -0.150058016
1642689808.824167967 -0.069798261 1.397411730 0.684009855 -0.584702318 -0.180966643 0.776854703 -0.147888623
1642689808.832500935 -0.067313556 1.398991119 0.687265145 -0.581508559 -0.179408679 0.780171737 -0.144887481
1642689808.840833902 -0.064864150 1.400344826 0.690588874 -0.578312872 -0.178746219 0.783061762 -0.142892577
1642689808.849168062 -0.062431435 1.401555733 0.693951627 -0.575020566 -0.178436735 0.785887142 -0.141042832
1642689808.857501030 -0.060023035 1.402653557 0.697372574 -0.571681570 -0.178277899 0.788680922 -0.139210545
1642689808.865833998 -0.057631857 1.403641508 0.700836734 -0.568255885 -0.178286180 0.791464533 -0.137416084
1642689808.874167919 -0.055294919 1.404517549 0.704344864 -0.564873363 -0.178409818 0.794149470 -0.135700551
1642689808.882500887 -0.052971810 1.405280115 0.707893174 -0.561473507 -0.178681917 0.796768947 -0.134087725
1642689808.890835047 -0.050667423 1.405915052 0.711467131 -0.558047243 -0.179099048 0.799347757 -0.132476297
1642689808.899168015 -0.048393218 1.406429562 0.715074509 -0.554692658 -0.179741558 0.801778292 -0.130998465
1642689808.907500982 -0.046116980 1.406823043 0.718698523 -0.551290001 -0.180426429 0.804218507 -0.129453590
1642689808.915833950 -0.043842591 1.407106000 0.722342113 -0.547877158 -0.181299905 0.806581219 -0.128014458
1642689808.924168110 -0.041458154 1.407235892 0.725992820 -0.543916465 -0.182629706 0.809227184 -0.126303735
1642689808.932501078 -0.039175654 1.407291021 0.729658247 -0.540532476 -0.183671265 0.811465175 -0.124955107
1642689808.940834999 -0.036803947 1.407183615 0.733331903 -0.536985169 -0.184830388 0.813786043 -0.123437967
1642689808.949167967 -0.034507578 1.407044149 0.736980584 -0.533670566 -0.185831773 0.815919138 -0.122222089
1642689808.957500935 -0.032250909 1.406803388 0.740599689 -0.530494352 -0.186887046 0.817881980 -0.121317934
1642689808.965833902 -0.029930977 1.406466011 0.744201843 -0.527118334 -0.188021722 0.819949107 -0.120322715
1642689808.974168062 -0.027580223 1.406020824 0.747767286 -0.523714455 -0.189193499 0.821996199 -0.119378550
1642689808.982501030 -0.025193599 1.405453325 0.751287265 -0.520288424 -0.190343266 0.824027873 -0.118521992
1642689808.990833998 -0.022728348 1.404731757 0.754800035 -0.516826339 -0.191594231 0.826079676 -0.117365049
1642689808.999167919 -0.020141726 1.403960603 0.758181501 -0.512895392 -0.192799015 0.828387034 -0.116369149
1642689809.007500887 -0.017753969 1.403209251 0.761591982 -0.509845276 -0.193844494 0.830080787 -0.115965486
1642689809.015835047 -0.015659161 1.402621448 0.764920747 -0.507401401 -0.194702060 0.831328669 -0.116308082
1642689809.024168015 -0.012630585 1.401351642 0.768189701 -0.502936184 -0.196138243 0.833937253 -0.114602100
1642689809.032500982 -0.009853613 1.400206045 0.771407458 -0.499107733 -0.197330692 0.836098695 -0.113538720
1642689809.040833950 -0.007143622 1.399064812 0.774586006 -0.495552181 -0.198524730 0.838020380 -0.112861906
1642689809.049168110 -0.004347560 1.397873486 0.777701512 -0.491705052 -0.199668560 0.840121055 -0.112050083
1642689809.057501078 -0.001494280 1.396535686 0.780814797 -0.487939973 -0.201059272 0.842109646 -0.111090485
1642689809.065834999 0.001387065 1.395176486 0.783879919 -0.484250256 -0.202384924 0.844030100 -0.110250723
1642689809.074167967 0.004371971 1.393780493 0.786903881 -0.480069445 -0.203574099 0.846206334 -0.109661998
1642689809.082500935 0.007379305 1.392301212 0.789846513 -0.476045613 -0.204914935 0.848267721 -0.108776453
1642689809.090833902 0.010371849 1.390871067 0.792773585 -0.471911931 -0.206369563 0.850346753 -0.107801357
1642689809.099168062 0.013569022 1.389228613 0.795597376 -0.467533459 -0.207868602 0.852551908 -0.106575577
1642689809.107501030 0.016694178 1.387602368 0.798370394 -0.463304883 -0.209193764 0.854661670 -0.105546128
1642689809.115833998 0.019909250 1.385927246 0.801028434 -0.458405456 -0.210653605 0.857074623 -0.104463330
1642689809.124167919 0.023012738 1.384232633 0.803694644 -0.454161550 -0.212014210 0.859105522 -0.103561406
1642689809.132500887 0.026216578 1.382409520 0.806332369 -0.449608052 -0.213488472 0.861271022 -0.102408489
1642689809.140835047 0.029373730 1.380559292 0.808957447 -0.445199443 -0.215029750 0.863306372 -0.101300399
1642689809.149168015 0.032503657 1.378685812 0.811562306 -0.440860309 -0.216582100 0.865261823 -0.100281400
1642689809.157500982 0.035635249 1.376715209 0.814154528 -0.436477999 -0.218288875 0.867194205 -0.099051173
1642689809.165833950 0.038636877 1.374715331 0.816782722 -0.432762972 -0.219785627 0.868773594 -0.098198427
1642689809.174168110 0.041619617 1.372767028 0.819352036 -0.428854848 -0.220801483 0.870599929 -0.096881309
1642689809.182501078 0.044577905 1.370673186 0.821900371 -0.425037591 -0.222293163 0.872240419 -0.095527207
1642689809.190834999 0.047696834 1.368346695 0.824359036 -0.420478978 -0.225256034 0.873838713 -0.094143778
1642689809.199167967 0.050568928 1.366127704 0.826853948 -0.416988454 -0.227306943 0.875102707 -0.092991589
1642689809.207500935 0.053362515 1.363872085 0.829329203 -0.413821662 -0.229175814 0.876245540 -0.091781433
1642689809.215833902 0.056130273 1.361542920 0.831752782 -0.410746094 -0.231064309 0.877343067 -0.090366337
1642689809.224168062 0.058917247 1.359125674 0.834101708 -0.407725830 -0.232878636 0.878438577 -0.088729109
1642689809.232501030 0.061497698 1.356758532 0.836511029 -0.405522485 -0.234727650 0.879079941 -0.087595104
1642689809.240833998 0.063974060 1.354376670 0.838882132 -0.403978476 -0.236054525 0.879515686 -0.086785998
1642689809.249167919 0.066603670 1.351745413 0.841216472 -0.401780385 -0.238458652 0.880073593 -0.084737619
1642689809.257500887 0.069306099 1.349235875 0.843453693 -0.399278836 -0.240267368 0.880883102 -0.083023875
1642689809.265835047 0.071836194 1.346733267 0.845726532 -0.397437710 -0.242174748 0.881322020 -0.081646531
1642689809.274168015 0.074371405 1.344203041 0.847977427 -0.395646105 -0.244094153 0.881734124 -0.080169440
1642689809.282500982 0.076916531 1.341639934 0.850202970 -0.393854104 -0.246034596 0.882141217 -0.078567134
1642689809.290833950 0.079445233 1.339090110 0.852395942 -0.392123589 -0.248010248 0.882488814 -0.077094107
1642689809.299168110 0.081730772 1.336648151 0.854657530 -0.391759126 -0.249158915 0.882367510 -0.076630278
1642689809.307501078 0.084486919 1.334061692 0.856738405 -0.388779288 -0.251712631 0.883154272 -0.074363617
1642689809.315834999 0.087109602 1.331539831 0.858833777 -0.386636369 -0.253622267 0.883686792 -0.072702941
1642689809.324167967 0.089696315 1.329056491 0.860931748 -0.384707541 -0.255363442 0.884143379 -0.071274857
1642689809.332500935 0.092075957 1.326672011 0.863081550 -0.384052403 -0.256259197 0.884203486 -0.070846112
1642689809.340833902 0.094683274 1.324230731 0.865154373 -0.382116524 -0.257758165 0.884704970 -0.069604649
1642689809.349168062 0.097370821 1.321795590 0.867187397 -0.379774037 -0.259386626 0.885350246 -0.068155705
1642689809.357501030 0.100085668 1.319390230 0.869202934 -0.377281037 -0.261004119 0.886051124 -0.066702888
1642689809.365833998 0.102826850 1.317019837 0.871214097 -0.374729282 -0.262532180 0.886789316 -0.065265063
1642689809.374167919 0.105615770 1.314661177 0.873200538 -0.371998111 -0.264091745 0.887586002 -0.063749859
1642689809.382500887 0.108512547 1.312245809 0.875106829 -0.369040165 -0.266693595 0.888103166 -0.062901898
1642689809.390835047 0.111385400 1.309962167 0.877046274 -0.366072115 -0.268399955 0.888903499 -0.061670409
1642689809.399168015 0.114284747 1.307738369 0.878981926 -0.363065361 -0.269879718 0.889779286 -0.060343213
1642689809.407500982 0.117235239 1.305566079 0.880886537 -0.359906279 -0.271420656 0.890681172 -0.059036831
1642689809.415833950 0.120197744 1.303480239 0.882793322 -0.356698967 -0.272840744 0.891616650 -0.057823224
1642689809.424168110 0.123191808 1.301442131 0.884675419 -0.353435259 -0.274228257 0.892569143 -0.056592451
1642689809.432501078 0.126243728 1.299458368 0.886531637 -0.349963384 -0.275675382 0.893574519 -0.055256614
1642689809.440834999 0.129329296 1.297517595 0.888382420 -0.346525172 -0.277024217 0.894584436 -0.053819839
1642689809.449167967 0.132341824 1.295771769 0.890244149 -0.343145240 -0.278370905 0.895527664 -0.052831685
1642689809.457500935 0.135400380 1.294095429 0.892088047 -0.339705839 -0.279653057 0.896502015 -0.051751787
1642689809.465833902 0.138500752 1.292471065 0.893903622 -0.336173963 -0.280935889 0.897503107 -0.050500155
1642689809.474168062 0.141574360 1.290954153 0.895757025 -0.332918650 -0.282162798 0.898398051 -0.049297772
1642689809.482501030 0.144685814 1.289556696 0.897516020 -0.329361676 -0.283269428 0.899423352 -0.048134726
1642689809.490833998 0.147802077 1.288261574 0.899274086 -0.325854004 -0.284362484 0.900417717 -0.046958278
1642689809.499167919 0.150822352 1.287134955 0.901062598 -0.322626806 -0.285361508 0.901314143 -0.045973582
1642689809.507500887 0.153907183 1.286105264 0.902775373 -0.319099800 -0.286329250 0.902320167 -0.044824034
1642689809.515835047 0.156994112 1.285195866 0.904414921 -0.315466056 -0.287169892 0.903390745 -0.043586497
1642689809.524168015 0.160011570 1.284440425 0.906025314 -0.311956479 -0.288012985 0.904394215 -0.042459153
1642689809.532500982 0.162974686 1.283824797 0.907612497 -0.308584577 -0.288655724 0.905403240 -0.041211722
1642689809.540833950 0.165863696 1.283443469 0.909086143 -0.305063375 -0.289145954 0.906488810 -0.040112230
1642689809.549168110 0.168639341 1.283208779 0.910573067 -0.302002015 -0.289296309 0.907502619 -0.039260997
1642689809.557501078 0.171381505 1.283193324 0.911973013 -0.298727054 -0.289414805 0.908587616 -0.038337471
1642689809.565834999 0.174086920 1.283299996 0.913351132 -0.295438968 -0.289525244 0.909672890 -0.037231470
1642689809.574167967 0.176765348 1.283596564 0.914652455 -0.291820379 -0.289632550 0.910856857 -0.035967189
1642689809.582500935 0.179300681 1.284050551 0.915983908 -0.288787551 -0.289341799 0.911947415 -0.035142366
1642689809.590833902 0.181765612 1.284640188 0.917274065 -0.285713322 -0.289124544 0.913016978 -0.034276734
1642689809.599168062 0.184202887 1.285392248 0.918475187 -0.282155187 -0.289006348 0.914200334 -0.033189302
1642689809.607501030 0.186455329 1.286320090 0.919747736 -0.279405166 -0.288479411 0.915229700 -0.032664655
1642689809.615833998 0.188650577 1.287468439 0.920976461 -0.276012178 -0.287856379 0.916486338 -0.031761226
1642689809.624167919 0.190782168 1.288697297 0.922034786 -0.272825687 -0.286965594 0.917742163 -0.031083984
1642689809.632500887 0.192786491 1.290083540 0.923074560 -0.269874089 -0.286203488 0.918866407 -0.030660486
1642689809.640835047 0.194742408 1.291662913 0.924009365 -0.266063098 -0.285959172 0.920074639 -0.030007315
1642689809.649168015 0.196648868 1.293288897 0.924774280 -0.262264468 -0.285151897 0.921440812 -0.029198877
1642689809.657500982 0.198173372 1.295165245 0.925753219 -0.260333767 -0.284056003 0.922307185 -0.029798894
1642689809.665833950 0.199754637 1.297116536 0.926512476 -0.257349041 -0.283093581 0.923447695 -0.029560962
1642689809.674168110 0.201245262 1.299223543 0.927204769 -0.254349947 -0.281944776 0.924635613 -0.029363766
1642689809.682501078 0.202534917 1.301425142 0.927930756 -0.252158392 -0.280444568 0.925682693 -0.029640191
1642689809.690834999 0.203742272 1.303706691 0.928504576 -0.249691153 -0.279016197 0.926776067 -0.029839783
1642689809.699167967 0.204816108 1.306105275 0.929052610 -0.247414371 -0.277527315 0.927822757 -0.030160387
1642689809.707500935 0.205817055 1.308600397 0.929490594 -0.245003285 -0.275948283 0.928924782 -0.030408621
1642689809.715833902 0.206708849 1.311184878 0.929866520 -0.242710408 -0.274199729 0.930034649 -0.030687433
1642689809.724168062 0.207480956 1.313870558 0.930130125 -0.240239311 -0.272443976 0.931182476 -0.030960458
1642689809.732501030 0.208120510 1.316621066 0.930361687 -0.238178440 -0.270519262 0.932255672 -0.031459836
1642689809.740833998 0.208644219 1.319417656 0.930511835 -0.236242966 -0.268490246 0.933316902 -0.031965754
1642689809.749167919 0.209028968 1.322273519 0.930593338 -0.234516712 -0.266337775 0.934346896 -0.032588015
1642689809.757500887 0.209272523 1.325197870 0.930609140 -0.232927015 -0.264041654 0.935369241 -0.033337558
1642689809.765835047 0.209387812 1.328167528 0.930559159 -0.231546086 -0.261659288 0.936351129 -0.034167092
1642689809.774168015 0.209487967 1.331078331 0.930354815 -0.229907434 -0.259207401 0.937416591 -0.034702023
1642689809.782500982 0.209252995 1.334194332 0.930244351 -0.229117001 -0.256587830 0.938286624 -0.035864990
1642689809.790833950 0.209071866 1.337181751 0.929932046 -0.227881879 -0.253957289 0.939278276 -0.036494725
1642689809.799168110 0.208694409 1.340233948 0.929626542 -0.227111181 -0.251193723 0.940173393 -0.037365967
1642689809.807501078 0.208146397 1.343303385 0.929303561 -0.226738536 -0.248401173 0.940961333 -0.038448198
1642689809.815834999 0.207479028 1.346369463 0.928922108 -0.226466162 -0.245541434 0.941734219 -0.039485971
1642689809.824167967 0.206758295 1.349391804 0.928405979 -0.225679110 -0.242914406 0.942576726 -0.040132857
1642689809.832500935 0.205803597 1.352433024 0.927929596 -0.225782048 -0.240163112 0.943205662 -0.041318596
1642689809.840833902 0.204622792 1.355484569 0.927502513 -0.226869597 -0.237162390 0.943626883 -0.043040600
1642689809.849168062 0.203355703 1.358466667 0.926960164 -0.227547574 -0.234465890 0.944071421 -0.044463461
1642689809.857501030 0.201862250 1.361533366 0.926466908 -0.228650711 -0.231845749 0.944372398 -0.046121306
1642689809.865833998 0.200403453 1.364330090 0.925770978 -0.229523966 -0.229256493 0.944731097 -0.047364161
1642689809.874167919 0.198856329 1.367099157 0.925009364 -0.230032057 -0.226984457 0.945110379 -0.048266753
1642689809.882500887 0.196868221 1.370053405 0.924483214 -0.232507431 -0.224214388 0.945052315 -0.050441307
1642689809.890835047 0.194988239 1.372789171 0.923735269 -0.233872977 -0.221847099 0.945213926 -0.051555109
1642689809.899168015 0.192852113 1.375508708 0.923062500 -0.236513677 -0.219051601 0.945102275 -0.053473054
1642689809.907500982 0.190719833 1.378106170 0.922235027 -0.238268589 -0.216675024 0.945142921 -0.054633994
1642689809.915833950 0.188438464 1.380634639 0.921399122 -0.240519278 -0.214170966 0.945063797 -0.055997264
1642689809.924168110 0.186011253 1.383105739 0.920523340 -0.243051511 -0.211652060 0.944895267 -0.057465661
1642689809.932501078 0.183443488 1.385486989 0.919603921 -0.245737268 -0.209221078 0.944645985 -0.059022861
1642689809.940834999 0.180739472 1.387810111 0.918612417 -0.248477162 -0.206800702 0.944359239 -0.060648151
1642689809.949167967 0.177902158 1.390040690 0.917619211 -0.251614474 -0.204418639 0.943933475 -0.062392077
1642689809.957500935 0.174952737 1.392178368 0.916579271 -0.254846359 -0.202080418 0.943454364 -0.064114741
1642689809.965833902 0.171891760 1.394277033 0.915455509 -0.258122492 -0.199831527 0.942919644 -0.065899052
1642689809.974168062 0.168746395 1.396256147 0.914260511 -0.261268928 -0.197618340 0.942392291 -0.067692756
1642689809.982501030 0.165495865 1.398160248 0.913013001 -0.264404358 -0.195492899 0.941826299 -0.069541961
1642689809.990833998 0.162146047 1.399980383 0.911740460 -0.267581752 -0.193438658 0.941211389 -0.071432570
1642689809.999167919 0.158729318 1.401697591 0.910403976 -0.270601787 -0.191550186 0.940586722 -0.073347244
1642689810.007500887 0.155203737 1.403331885 0.909041737 -0.273686433 -0.189792114 0.939885505 -0.075431606
1642689810.015835047 0.151594649 1.404870707 0.907647069 -0.276724018 -0.188145219 0.939156246 -0.077528965
1642689810.024168015 0.147865990 1.406328266 0.906187673 -0.279730905 -0.186463385 0.938394828 -0.079982337
1642689810.032500982 0.144080395 1.407663519 0.904704436 -0.282729839 -0.185041871 0.937571255 -0.082361923
1642689810.040833950 0.140228538 1.408888107 0.903197944 -0.285748022 -0.183788110 0.936685842 -0.084791699
1642689810.049168110 0.136255806 1.410013444 0.901700188 -0.289159106 -0.182470182 0.935641045 -0.087564148
1642689810.057501078 0.132260555 1.410991897 0.900121100 -0.292201529 -0.181484326 0.934640398 -0.090161144
1642689810.065834999 0.128210905 1.411853825 0.898505021 -0.295229937 -0.180537958 0.933617291 -0.092758196
1642689810.074167967 0.124180098 1.412576986 0.896821615 -0.297835203 -0.179841880 0.932685220 -0.095128178
1642689810.082500935 0.120011550 1.413184918 0.895176729 -0.301176297 -0.179053082 0.931474305 -0.097920640
1642689810.090833902 0.115822289 1.413652733 0.893487733 -0.304371941 -0.178435632 0.930263386 -0.100640348
1642689810.099168062 0.111602791 1.413980548 0.891765086 -0.307511700 -0.177972865 0.929027655 -0.103294870
1642689810.107501030 0.107385017 1.414149923 0.890002280 -0.310560096 -0.177671861 0.927785011 -0.105830572
1642689810.115833998 0.103110336 1.414173478 0.888229783 -0.313797126 -0.177534249 0.926420222 -0.108436742
1642689810.124167919 0.098818367 1.414029009 0.886415964 -0.317072389 -0.177506433 0.925011728 -0.110949854
1642689810.132500887 0.094465162 1.413745470 0.884583486 -0.320615295 -0.177647060 0.923438329 -0.113617816
1642689810.140835047 0.090144314 1.413278818 0.882706198 -0.324147652 -0.177870468 0.921863706 -0.116007346
1642689810.149168015 0.085770073 1.412649304 0.880827178 -0.328004378 -0.178305044 0.920102470 -0.118456254
1642689810.157500982 0.081292919 1.411891533 0.878939142 -0.332316099 -0.178722915 0.918132946 -0.121062064
1642689810.165833950 0.076778272 1.410965432 0.877109106 -0.337115426 -0.179247761 0.915931047 -0.123667886
1642689810.174168110 0.072408100 1.409861906 0.875143821 -0.341493923 -0.179732916 0.913930049 -0.125737212
1642689810.182501078 0.068058847 1.408550280 0.873107616 -0.345988301 -0.180242532 0.911877183 -0.127611632
1642689810.190834999 0.063680564 1.407141433 0.871053663 -0.350664789 -0.180720275 0.909726698 -0.129505684
1642689810.199167967 0.059273515 1.405620006 0.868988276 -0.355618204 -0.181212626 0.907423311 -0.131455743
1642689810.207500935 0.054874622 1.403951206 0.866894075 -0.360733392 -0.181818182 0.904998002 -0.133387351
1642689810.215833902 0.050492266 1.402131862 0.864770102 -0.365993133 -0.182602025 0.902446258 -0.135263735
1642689810.224168062 0.046121784 1.400208044 0.862620370 -0.371379467 -0.183378126 0.899793293 -0.137192511
1642689810.232501030 0.041784665 1.398130980 0.860414703 -0.376840549 -0.184329323 0.897037842 -0.139057581
1642689810.240833998 0.037481568 1.395931763 0.858167049 -0.382371907 -0.185332707 0.894205642 -0.140853766
1642689810.249167919 0.033236277 1.393621407 0.855856076 -0.387935275 -0.186465623 0.891283166 -0.142657327
1642689810.257500887 0.029032898 1.391234436 0.853490597 -0.393490326 -0.187542766 0.888323671 -0.144478821
1642689810.265835047 0.024909687 1.388741479 0.851047462 -0.399017816 -0.188788176 0.885295205 -0.146274421
1642689810.274168015 0.020867088 1.386185647 0.848536739 -0.404430820 -0.189989445 0.882286445 -0.148021458
1642689810.282500982 0.016874957 1.383558095 0.845967813 -0.409897870 -0.191187354 0.879203792 -0.149772577
1642689810.290833950 0.012961262 1.380839870 0.843337736 -0.415347061 -0.192513243 0.876053866 -0.151509384
1642689810.299168110 0.008908029 1.378221818 0.840775961 -0.421461713 -0.193326578 0.872557373 -0.153748136
1642689810.307501078 0.005111846 1.375417460 0.838057285 -0.426897032 -0.194700898 0.869249248 -0.155744113
1642689810.315834999 0.001476014 1.372504441 0.835235194 -0.432000388 -0.196263785 0.866047730 -0.157535774
1642689810.324167967 -0.002048337 1.369549904 0.832287995 -0.436765963 -0.197851103 0.862962093 -0.159332547
1642689810.332500935 -0.005473498 1.366519465 0.829317737 -0.441565013 -0.199487627 0.859825178 -0.161014559
1642689810.340833902 -0.008817182 1.363455616 0.826287320 -0.446321999 -0.201058071 0.856685037 -0.162674745
1642689810.349168062 -0.012065410 1.360383835 0.823179834 -0.451023583 -0.202517804 0.853548506 -0.164375222
1642689810.357501030 -0.015201544 1.357293053 0.819996346 -0.455606916 -0.203884400 0.850464605 -0.166022422
1642689810.365833998 -0.018226675 1.354159557 0.816747696 -0.460136443 -0.205217060 0.847387225 -0.167616535
1642689810.374167919 -0.021170489 1.351013839 0.813430142 -0.464652266 -0.206486975 0.844291758 -0.169212373
1642689810.382500887 -0.023986108 1.347872529 0.810039334 -0.469018546 -0.207641721 0.841277630 -0.170758510
1642689810.390835047 -0.026593419 1.344687294 0.806599825 -0.472959600 -0.208880291 0.838515279 -0.171960365
1642689810.399168015 -0.029369859 1.341546692 0.803109160 -0.477838146 -0.209892419 0.835117847 -0.173764385
1642689810.407500982 -0.031955434 1.338417947 0.799526274 -0.482082716 -0.210926779 0.832072964 -0.175387377
1642689810.415833950 -0.034434996 1.335317864 0.795881684 -0.486083848 -0.212031375 0.829128781 -0.176948164
1642689810.424168110 -0.036817693 1.332229786 0.792150117 -0.490052721 -0.213388825 0.826133320 -0.178373983
1642689810.432501078 -0.039086047 1.329185536 0.788385330 -0.493726848 -0.214804346 0.823243992 -0.179895031
1642689810.440834999 -0.041295934 1.326226843 0.784561644 -0.497288460 -0.216064686 0.820377613 -0.181661254
1642689810.449167967 -0.043536769 1.323423849 0.780739926 -0.501013412 -0.217374757 0.817399388 -0.183281248
1642689810.457500935 -0.045586798 1.320516386 0.776803022 -0.504652860 -0.218496297 0.814463865 -0.185022894
1642689810.465833902 -0.047664717 1.317711951 0.772847841 -0.508560330 -0.219404912 0.811349602 -0.186921639
1642689810.474168062 -0.049584456 1.314983539 0.768865733 -0.511849980 -0.220640330 0.808625208 -0.188288913
1642689810.482501030 -0.051492388 1.312332325 0.764826646 -0.515327346 -0.221629611 0.805791705 -0.189783481
1642689810.490833998 -0.053355769 1.309769270 0.760743745 -0.518886396 -0.222479919 0.802885322 -0.191402070
1642689810.499167919 -0.055203087 1.307303121 0.756617654 -0.522496400 -0.223131622 0.799984666 -0.192961980
1642689810.507500887 -0.056989216 1.304920014 0.752434086 -0.526077739 -0.223695009 0.797073935 -0.194617311
1642689810.515835047 -0.058733659 1.302610015 0.748198241 -0.529703168 -0.224088992 0.794152837 -0.196264996
1642689810.524168015 -0.060429412 1.300420857 0.743957889 -0.533330411 -0.224406388 0.791236895 -0.197849999
1642689810.532500982 -0.062047317 1.298313427 0.739666481 -0.536794915 -0.224587325 0.788444065 -0.199418427
1642689810.540833950 -0.063617335 1.296290093 0.735327620 -0.540216217 -0.224682270 0.785650747 -0.201090080
1642689810.549168110 -0.065175361 1.294339357 0.730952066 -0.543707178 -0.224699581 0.782762202 -0.202918551
1642689810.557501078 -0.066817026 1.292535957 0.726496690 -0.547408720 -0.224442024 0.779687952 -0.205076005
1642689810.565834999 -0.068230304 1.290812913 0.722032087 -0.550493246 -0.224262046 0.777092551 -0.206859585
1642689810.574167967 -0.069593343 1.289156484 0.717538667 -0.553453216 -0.224119386 0.774540820 -0.208678116
1642689810.582500935 -0.070961874 1.287586967 0.713025844 -0.556453339 -0.223937864 0.771923092 -0.210585504
1642689810.590833902 -0.072331936 1.286121294 0.708484002 -0.559504621 -0.223650851 0.769252060 -0.212570326
1642689810.599168062 -0.073816627 1.284722415 0.703924212 -0.563334424 -0.223112223 0.765986664 -0.214801521
1642689810.607501030 -0.075064354 1.283391126 0.699319271 -0.566339956 -0.222661344 0.763450858 -0.216388002
1642689810.615833998 -0.076569195 1.282186741 0.694723442 -0.570156708 -0.222252324 0.760077488 -0.218649136
1642689810.624167919 -0.077988959 1.281069634 0.690093932 -0.573823507 -0.221722701 0.756879360 -0.220679089
1642689810.632500887 -0.079361754 1.279980198 0.685434449 -0.577490221 -0.221302972 0.753645619 -0.222594520
1642689810.640835047 -0.080702149 1.278999901 0.680761909 -0.581148585 -0.220787971 0.750430814 -0.224438381
1642689810.649168015 -0.082073725 1.278109186 0.676065719 -0.584987325 -0.220137009 0.747080913 -0.226273366
1642689810.657500982 -0.083379382 1.277251236 0.671416384 -0.588848587 -0.219584767 0.743742486 -0.227787150
1642689810.665833950 -0.084646230 1.276543121 0.666713598 -0.592542286 -0.218875832 0.740497273 -0.229457615
1642689810.674168110 -0.085946889 1.275972166 0.662025868 -0.596518067 -0.218028618 0.737028813 -0.231123874
1642689810.682501078 -0.087193525 1.275532525 0.657332294 -0.600361223 -0.217154708 0.733640413 -0.232770229
1642689810.690834999 -0.088382947 1.275228795 0.652634677 -0.604032955 -0.216222407 0.730379224 -0.234389098
1642689810.699167967 -0.089513001 1.275067199 0.647949223 -0.607671753 -0.215089477 0.727219612 -0.235845700
1642689810.707500935 -0.090588707 1.275029429 0.643262589 -0.611330207 -0.213832891 0.724043751 -0.237300483
1642689810.715833902 -0.091646350 1.275146562 0.638584439 -0.614972381 -0.212604840 0.720821542 -0.238797943
1642689810.724168062 -0.092558963 1.275418267 0.633925332 -0.618491742 -0.211308817 0.717892582 -0.239680600
1642689810.732501030 -0.093404851 1.275723278 0.629338225 -0.621897575 -0.210174447 0.715004383 -0.240497071
1642689810.740833998 -0.094205663 1.276191804 0.624812838 -0.625260005 -0.208952821 0.712148740 -0.241314768
1642689810.749167919 -0.095111083 1.276838663 0.620328346 -0.629320802 -0.207377785 0.708664766 -0.242371681
1642689810.757500887 -0.095754673 1.277667683 0.615933151 -0.632472530 -0.206014082 0.706073597 -0.242892512
1642689810.765835047 -0.096321224 1.278658023 0.611572658 -0.635552575 -0.204719222 0.703535088 -0.243313264
1642689810.774168015 -0.096767975 1.279843848 0.607275426 -0.638603326 -0.203308703 0.701129757 -0.243451075
1642689810.782500982 -0.097328318 1.281268501 0.603014780 -0.642186079 -0.201774154 0.698110313 -0.243979961
1642689810.790833950 -0.097618309 1.282898391 0.598837194 -0.645478489 -0.200037857 0.695588568 -0.243924003
1642689810.799168110 -0.097754396 1.284744335 0.594756618 -0.648658873 -0.198096788 0.693353834 -0.243433337
1642689810.807501078 -0.097834450 1.286800193 0.590763617 -0.651998444 -0.195935803 0.691060896 -0.242779791
1642689810.815834999 -0.097791963 1.289066147 0.586905860 -0.655241391 -0.193562155 0.688985104 -0.241851065
1642689810.824167967 -0.097636227 1.291518673 0.583202751 -0.658259974 -0.191126778 0.687187120 -0.240703601
1642689810.832500935 -0.097371342 1.294127031 0.579665878 -0.661175021 -0.188568094 0.685563609 -0.239357897
1642689810.840833902 -0.097038756 1.296867246 0.576307260 -0.663989569 -0.185986389 0.684056311 -0.237894680
1642689810.849168062 -0.096637474 1.299774541 0.573132641 -0.666637206 -0.183375982 0.682779136 -0.236179458
1642689810.857501030 -0.096211885 1.302780020 0.570152265 -0.669333789 -0.180571758 0.681634052 -0.234010978
1642689810.865833998 -0.095647608 1.305936006 0.567378445 -0.671633057 -0.178004873 0.680749812 -0.231954726
1642689810.874167919 -0.095033527 1.309236728 0.564786826 -0.673798618 -0.175474019 0.679966422 -0.229891185
1642689810.882500887 -0.094361867 1.312610060 0.562382258 -0.675936413 -0.173011778 0.679257564 -0.227565489
1642689810.890835047 -0.093659482 1.316072870 0.560168965 -0.678023157 -0.170644308 0.678603705 -0.225082499
1642689810.899168015 -0.092910592 1.319633092 0.558145686 0.680048076 0.168253049 -0.678059685 0.222397369
1642689810.907500982 -0.092101899 1.323259292 0.556332618 0.681959391 0.165974749 -0.677708722 0.219304947
1642689810.915833950 -0.091290834 1.326928253 0.554680316 0.683985212 0.163669337 -0.677233551 0.216174226
1642689810.924168110 -0.090556029 1.330661524 0.553181822 0.686358178 0.161174465 -0.676402562 0.213107525
1642689810.932501078 -0.089744537 1.334428394 0.551895006 0.688482478 0.158894526 -0.675829363 0.209759575
1642689810.940834999 -0.088798196 1.338211473 0.550871623 0.689798990 0.157295903 -0.676067200 0.205836082
1642689810.949167967 -0.088058745 1.342031719 0.549975134 0.691915457 0.155155095 -0.675438571 0.202392276
1642689810.957500935 -0.087265493 1.345798956 0.549274412 0.693733610 0.153263851 -0.675116769 0.198648478
1642689810.965833902 -0.086465242 1.349531194 0.548771782 0.695462025 0.151563220 -0.674858744 0.194748139
1642689810.974168062 -0.085635080 1.353351482 0.548415713 0.696597671 0.150132492 -0.675124498 0.190837188
1642689810.982501030 -0.084830469 1.357088408 0.548256666 0.697670056 0.148806350 -0.675452185 0.186755213
1642689810.990833998 -0.084097241 1.360795037 0.548220381 0.698859615 0.147380105 -0.675605950 0.182841308
1642689810.999167919 -0.083440980 1.364452692 0.548321463 0.699949496 0.146103861 -0.675782611 0.179003427
1642689811.007500887 -0.082824739 1.368046683 0.548533969 0.701047282 0.144814333 -0.675895628 0.175290097
1642689811.015835047 -0.082221645 1.371585630 0.548922281 0.701804838 0.143785671 -0.676303503 0.171491172
1642689811.024168015 -0.081654795 1.375052245 0.549400309 0.702518334 0.142768956 -0.676724714 0.167716060
1642689811.032500982 -0.081195315 1.378466385 0.549967002 0.703285296 0.141796354 -0.676976153 0.164276822
1642689811.040833950 -0.080674767 1.381751635 0.550672747 0.703736145 0.140891436 -0.677577084 0.160606151
1642689811.049168110 -0.080332019 1.385019415 0.551375552 0.704483656 0.139801441 -0.677728978 0.157612713
1642689811.057501078 -0.079939801 1.388138965 0.552207466 0.704889942 0.138891772 -0.678230086 0.154412423
1642689811.065834999 -0.079499966 1.391176544 0.553194909 0.704875322 0.138157026 -0.679169175 0.150972347
1642689811.074167967 -0.079051198 1.394114174 0.554304491 0.704525296 0.137605739 -0.680409540 0.147484325
1642689811.082500935 -0.078685135 1.396974686 0.555440102 0.704227914 0.136943290 -0.681495371 0.144477128
1642689811.090833902 -0.078411836 1.399716009 0.556628037 0.703989336 0.136312737 -0.682449828 0.141704216
1642689811.099168062 -0.078169134 1.402334295 0.557908493 0.703599606 0.135814598 -0.683488176 0.139089549
1642689811.107501030 -0.077952239 1.404842444 0.559281819 0.703044463 0.135411601 -0.684649633 0.136554240
1642689811.115833998 -0.077794460 1.407223530 0.560736396 0.702416091 0.135120638 -0.685822194 0.134171407
1642689811.124167919 -0.077677476 1.409475557 0.562268512 0.701721586 0.134939828 -0.687026631 0.131804653
1642689811.132500887 -0.077646150 1.411625786 0.563883292 0.701110249 0.134774629 -0.688118567 0.129510835
1642689811.140835047 -0.077628770 1.413619047 0.565578999 0.700391032 0.134761353 -0.689259738 0.127329473
1642689811.149168015 -0.077623978 1.415507416 0.567385485 0.699555334 0.134908388 -0.690495785 0.125050519
1642689811.157500982 -0.077690638 1.417252192 0.569270629 0.698861136 0.135085634 -0.691559418 0.122843625
1642689811.165833950 -0.077806449 1.418864412 0.571237721 0.698255963 0.135284907 -0.692514729 0.120664635
1642689811.174168110 -0.077953584 1.420311910 0.573337982 0.697616740 0.135790058 -0.693455199 0.118371576
1642689811.182501078 -0.078166529 1.421673372 0.575472906 0.697255044 0.136013099 -0.694129477 0.116276011
1642689811.190834999 -0.078406148 1.422876659 0.577698490 0.696945618 0.136363287 -0.694719698 0.114177061
1642689811.199167967 -0.078654199 1.423951626 0.580074770 0.696491993 0.136988402 -0.695421420 0.111902320
1642689811.207500935 -0.078930602 1.424877157 0.582566375 -0.696003734 -0.137724442 0.696141810 -0.109532460
1642689811.215833902 -0.079239380 1.425633200 0.585160156 -0.695633556 -0.138561903 0.696687816 -0.107334255
1642689811.224168062 -0.079541388 1.426251501 0.587883641 -0.695079805 -0.139620720 0.697384746 -0.104998263
1642689811.232501030 -0.079830570 1.426714379 0.590727202 -0.694409786 -0.140721458 0.698180653 -0.102646466
1642689811.240833998 -0.080142538 1.427012021 0.593673304 -0.693761887 -0.141901058 0.698924965 -0.100311651
1642689811.249167919 -0.080453565 1.427172271 0.596758105 -0.692920056 -0.143265739 0.699814688 -0.097959817
1642689811.257500887 -0.080862699 1.427234502 0.599883176 -0.692402429 -0.144193705 0.700376930 -0.096224779
1642689811.265835047 -0.081063587 1.427036466 0.603253305 -0.690924742 -0.146287996 0.701743756 -0.093693779
1642689811.274168015 -0.081359800 1.426743295 0.606686735 -0.689682817 -0.148124387 0.702847598 -0.091662598
1642689811.282500982 -0.081628209 1.426325753 0.610232965 -0.688187219 -0.150115551 0.704146741 -0.089671846
1642689811.290833950 -0.081837317 1.425759197 0.613873896 -0.686452874 -0.152186927 0.705639092 -0.087721510
1642689811.299168110 -0.082024963 1.425082127 0.617627092 -0.684553638 -0.154346404 0.707236170 -0.085909862
1642689811.307501078 -0.082042638 1.424180583 0.621481620 -0.681793235 -0.157307918 0.709485524 -0.083919580
1642689811.315834999 -0.082079816 1.423175791 0.625389559 -0.679302823 -0.159948819 0.711492547 -0.082112151
1642689811.324167967 -0.082137238 1.422087323 0.629374444 -0.676845284 -0.162546107 0.713431500 -0.080465639
1642689811.332500935 -0.082132683 1.420869930 0.633424389 -0.674213125 -0.165309810 0.715458085 -0.078924379
1642689811.340833902 -0.082093781 1.419523340 0.637535270 -0.671474620 -0.168243713 0.717504930 -0.077476215
1642689811.349168062 -0.082007954 1.418077538 0.641694682 -0.668668918 -0.171148782 0.719586585 -0.076059966
1642689811.357501030 -0.081858018 1.416507052 0.645908657 -0.665728564 -0.174196374 0.721726628 -0.074644333
1642689811.365833998 -0.081701699 1.414833133 0.650163911 -0.662853154 -0.177272879 0.723753203 -0.073357512
1642689811.374167919 -0.081531203 1.413028607 0.654444438 -0.660044030 -0.180453645 0.725657385 -0.072109089
1642689811.382500887 -0.081277176 1.411087704 0.658752618 -0.656991297 -0.183826088 0.727710612 -0.070764891
1642689811.390835047 -0.081005648 1.409039394 0.663092505 -0.654038355 -0.187207303 0.729623551 -0.069546606
1642689811.399168015 -0.080754325 1.406891579 0.667456849 -0.651355580 -0.190504886 0.731276224 -0.068402346
1642689811.407500982 -0.080467257 1.404631186 0.671835410 -0.648620125 -0.193831256 0.732935349 -0.067284118
1642689811.415833950 -0.080126359 1.402253261 0.676217494 -0.645808364 -0.197177981 0.734631757 -0.066095246
1642689811.424168110 -0.079800663 1.399802964 0.680612772 -0.643287443 -0.200356386 0.736069419 -0.065118316
1642689811.432501078 -0.079377677 1.397233029 0.685008128 -0.640525972 -0.203664287 0.737664182 -0.064022590
1642689811.440834999 -0.079003604 1.394611786 0.689402141 -0.638302451 -0.206541560 0.738865940 -0.063148143
1642689811.449167967 -0.078541956 1.391900888 0.693780241 -0.635860879 -0.209505171 0.740207982 -0.062295021
1642689811.457500935 -0.078047790 1.389113222 0.698149941 -0.633533092 -0.212297668 0.741475730 -0.061475705
1642689811.465833902 -0.077498649 1.386249379 0.702521515 -0.631204801 -0.215099121 0.742718766 -0.060677028
1642689811.474168062 -0.076738206 1.383256482 0.706880691 -0.628139977 -0.218462586 0.744417253 -0.059642445
1642689811.482501030 -0.075977186 1.380225932 0.711229528 -0.625376950 -0.221489896 0.745912216 -0.058829094
1642689811.490833998 -0.075137886 1.377141831 0.715573622 -0.622632346 -0.224385700 0.747401713 -0.058057727
1642689811.499167919 -0.074210494 1.374011447 0.719899785 -0.619870403 -0.227227233 0.748892734 -0.057342311
1642689811.507500887 -0.073196329 1.370857483 0.724218460 -0.617110088 -0.229936866 0.750382890 -0.056830415
1642689811.515835047 -0.072050258 1.367662865 0.728516292 -0.614162888 -0.232566298 0.752032663 -0.056247112
1642689811.524168015 -0.070773516 1.364456871 0.732814010 -0.611092880 -0.235003052 0.753814758 -0.055698916
1642689811.532500982 -0.069387499 1.361218803 0.737082778 -0.607917376 -0.237360387 0.755673144 -0.055268527
1642689811.540833950 -0.067847618 1.357957551 0.741341635 -0.604518184 -0.239543746 0.757741366 -0.054814055
1642689811.549168110 -0.066181181 1.354694376 0.745581319 -0.600992059 -0.241564633 0.759921880 -0.054532646
1642689811.557501078 -0.064399195 1.351409903 0.749786890 -0.597369811 -0.243496786 0.762165081 -0.054433570
1642689811.565834999 -0.062405146 1.348129855 0.753989497 -0.593400419 -0.245200594 0.764731841 -0.054201690
1642689811.574167967 -0.060056707 1.344738608 0.758145115 -0.588727026 -0.246955610 0.767816447 -0.053584692
1642689811.582500935 -0.057636424 1.341447283 0.762280832 -0.584080594 -0.248397483 0.770910592 -0.053342381
1642689811.590833902 -0.055073514 1.338156863 0.766395179 -0.579314741 -0.249832680 0.774044226 -0.053231563
1642689811.599168062 -0.052355995 1.334891368 0.770508567 -0.574459332 -0.251150259 0.777224684 -0.053308666
1642689811.607501030 -0.049474527 1.331625539 0.774594654 -0.569338020 -0.252462206 0.780553925 -0.053409966
1642689811.615833998 -0.046421003 1.328380548 0.778644313 -0.563835034 -0.253741058 0.784111762 -0.053612256
1642689811.624167919 -0.043298843 1.325108962 0.782707716 -0.558551490 -0.254997836 0.787463575 -0.053828004
1642689811.632500887 -0.040071498 1.321849597 0.786750822 -0.553180535 -0.256168323 0.790850052 -0.054085869
1642689811.640835047 -0.036703529 1.318570313 0.790740906 -0.547429650 -0.257436844 0.794412967 -0.054360719
1642689811.649168015 -0.033488495 1.315335229 0.794787196 -0.542553809 -0.258542982 0.797339229 -0.055145671
1642689811.657500982 -0.029932110 1.311930113 0.798718623 -0.536706283 -0.259827452 0.800883813 -0.054965242
1642689811.665833950 -0.026570852 1.308633413 0.802714369 -0.531746064 -0.260978721 0.803777835 -0.055474524
1642689811.674168110 -0.023094474 1.305201076 0.806701572 -0.526694230 -0.262308284 0.806652069 -0.055677580
1642689811.682501078 -0.019378527 1.301708221 0.810658519 -0.521016499 -0.263952547 0.809811895 -0.055457686
1642689811.690834999 -0.015713069 1.298276980 0.814574216 -0.515901032 -0.265718516 0.812426290 -0.056597867
1642689811.699167967 -0.012062835 1.294806946 0.818487494 -0.510857391 -0.267415723 0.815006947 -0.057247125
1642689811.707500935 -0.008400395 1.291310527 0.822402688 -0.505972151 -0.269067115 0.817482740 -0.057593749
1642689811.715833902 -0.004805800 1.287844502 0.826306793 -0.501662601 -0.270347850 0.819662972 -0.058303401
1642689811.724168062 -0.001034285 1.284310839 0.830210719 -0.496686823 -0.272436755 0.821995348 -0.058344341
1642689811.732501030 0.002775633 1.280784274 0.834083706 -0.491756844 -0.274532294 0.824255538 -0.058395498
1642689811.740833998 0.006612194 1.277282569 0.837942464 -0.486983052 -0.276676777 0.826365493 -0.058459734
1642689811.749167919 0.010469381 1.273804931 0.841799007 -0.482357968 -0.278724023 0.828384322 -0.058507475
1642689811.757500887 0.014359349 1.270430219 0.845640275 -0.477632840 -0.280972615 0.830354882 -0.058583526
1642689811.765835047 0.018436862 1.266994488 0.849357626 -0.472482103 -0.283277264 0.832520003 -0.058524342
1642689811.774168015 0.022537556 1.263625138 0.853062827 -0.467438394 -0.285561262 0.834587410 -0.058480500
1642689811.782500982 0.026799809 1.260308473 0.856713969 -0.461782346 -0.288281025 0.836826246 -0.058077100
1642689811.790833950 0.030985080 1.257113943 0.860346150 -0.456930833 -0.290402593 0.838751949 -0.058100905
1642689811.799168110 0.035278142 1.253989894 0.863924296 -0.451873515 -0.292577227 0.840747074 -0.057907257
1642689811.807501078 0.039709108 1.250946841 0.867422766 -0.446462261 -0.294808118 0.842882367 -0.057523366
1642689811.815834999 0.044186450 1.248002828 0.870884562 -0.441129117 -0.296919305 0.844974956 -0.057108244
1642689811.824167967 0.048727459 1.245134951 0.874296081 -0.435974988 -0.298796669 0.847021941 -0.056570248
1642689811.832500935 0.053349818 1.242388528 0.877620695 -0.430625172 -0.300668493 0.849128825 -0.056041568
1642689811.840833902 0.058078707 1.239759773 0.880861575 -0.424840511 -0.302552044 0.851426769 -0.055183854
1642689811.849168062 0.062863104 1.237261646 0.884013602 -0.419036367 -0.304378208 0.853703420 -0.054340600
1642689811.857501030 0.067684028 1.234889959 0.887087503 -0.413153830 -0.306138518 0.856000133 -0.053356279
1642689811.865833998 0.072530787 1.232652751 0.890070865 -0.407423926 -0.307816304 0.858199719 -0.052422411
1642689811.874167919 0.077421843 1.230552383 0.892957606 -0.401591785 -0.309419538 0.860438216 -0.051280258
1642689811.882500887 0.082308784 1.228621183 0.895751778 -0.395946557 -0.310856350 0.862599490 -0.050167450
1642689811.890835047 0.087178643 1.226830162 0.898465102 -0.390437392 -0.312189209 0.864698747 -0.048914394
1642689811.899168015 0.092042687 1.225199059 0.901084485 -0.384984277 -0.313408138 0.866772448 -0.047623197
1642689811.907500982 0.096889482 1.223699384 0.903613749 -0.379696860 -0.314461227 0.868799351 -0.046174876
1642689811.915833950 0.101707667 1.222362949 0.906060471 -0.374595476 -0.315386918 0.870754478 -0.044676173
1642689811.924168110 0.106485850 1.221215111 0.908405305 -0.369603043 -0.316231988 0.872652674 -0.043223041
1642689811.932501078 0.111241387 1.220242826 0.910647156 -0.364768874 -0.316973286 0.874488031 -0.041740728
1642689811.940834999 0.116120050 1.219478930 0.912720106 -0.359683165 -0.319033670 0.875837743 -0.041878225
1642689811.949167967 0.120900302 1.218924838 0.914703762 -0.354817058 -0.320109900 0.877462672 -0.041155398
1642689811.957500935 0.125591141 1.218656636 0.916589520 -0.350032513 -0.320616840 0.879245642 -0.040114622
1642689811.965833902 0.130156927 1.218574062 0.918383025 -0.345454724 -0.319875295 0.881400386 -0.038395178
1642689811.974168062 0.134763540 1.218691428 0.920005962 -0.340738557 -0.320060041 0.883198385 -0.037675164
1642689811.982501030 0.139345773 1.219044587 0.921491734 -0.335954124 -0.320476569 0.884890473 -0.037395784
1642689811.990833998 0.143870310 1.219696668 0.922869330 -0.331060196 -0.320696645 0.886659722 -0.037247096
1642689811.999167919 0.148351587 1.220480244 0.924082784 -0.326126521 -0.320821398 0.888444779 -0.037161776
1642689812.007500887 0.152721089 1.221582969 0.925203227 -0.321242315 -0.320704137 0.890261402 -0.037240664
1642689812.015835047 0.157040741 1.222904330 0.926165499 -0.316164403 -0.320411665 0.892178770 -0.037329315
1642689812.024168015 0.161285783 1.224454467 0.926976960 -0.310929792 -0.319862195 0.894209433 -0.037420992
1642689812.032500982 0.165390557 1.226236196 0.927682475 -0.305825992 -0.319130148 0.896219240 -0.037649515
1642689812.040833950 0.169389079 1.228241309 0.928250437 -0.300567419 -0.318217948 0.898308183 -0.037933798
1642689812.049168110 0.173325091 1.230432948 0.928669425 -0.294886767 -0.317390145 0.900476905 -0.038034642
1642689812.057501078 0.176944577 1.232823781 0.929126238 -0.290525365 -0.315729057 0.902430543 -0.039106140
1642689812.065834999 0.180527270 1.235382077 0.929446663 -0.285663139 -0.314299368 0.904445897 -0.039876033
1642689812.074167967 0.183988217 1.238105886 0.929681917 -0.280695323 -0.312824582 0.906479406 -0.040570957
1642689812.082500935 0.187461867 1.240981501 0.929712883 -0.274320249 -0.312071956 0.908683532 -0.040666141
1642689812.090833902 0.190648605 1.243936415 0.929771660 -0.269156113 -0.310539238 0.910712257 -0.041515706
1642689812.099168062 0.193748953 1.246997548 0.929746613 -0.263676992 -0.309024638 0.912802274 -0.042074054
1642689812.107501030 0.196656352 1.250157428 0.929735005 -0.258423276 -0.307080433 0.914930155 -0.042682904
1642689812.115833998 0.199310439 1.253392403 0.929759255 -0.253812788 -0.305597356 0.916666251 -0.043729951
1642689812.124167919 0.201889002 1.256642038 0.929604159 -0.248657741 -0.304077995 0.918551848 -0.044366683
1642689812.132500887 0.204308871 1.259944931 0.929361576 -0.243337819 -0.302448026 0.920488375 -0.044867015
1642689812.140835047 0.206469739 1.263246247 0.929256211 -0.238909377 -0.300815270 0.922153500 -0.045446729
1642689812.149168015 0.208370958 1.266621025 0.929178585 -0.234858823 -0.298998203 0.923748990 -0.046143381
1642689812.157500982 0.210090714 1.270008333 0.929071691 -0.230894127 -0.297008144 0.925366419 -0.046594585
1642689812.165833950 0.211581198 1.273410414 0.928978824 -0.227342637 -0.294980751 0.926869051 -0.047068517
1642689812.174168110 0.212840410 1.276789920 0.928910330 -0.224234366 -0.292936513 0.928249541 -0.047538813
1642689812.182501078 0.214143992 1.280062995 0.928607483 -0.219857524 -0.291224706 0.929869224 -0.046840862
1642689812.190834999 0.214921305 1.283400694 0.928605691 -0.217964658 -0.288930805 0.931006270 -0.047304577
1642689812.199167967 0.215423647 1.286726479 0.928653084 -0.216718207 -0.286547289 0.932007699 -0.047807104
1642689812.207500935 0.215730069 1.290020248 0.928689756 -0.215595646 -0.284253888 0.932964795 -0.047905492
1642689812.215833902 0.215818197 1.293276444 0.928739648 -0.214943266 -0.282004698 0.933802696 -0.047804465
1642689812.224168062 0.215639705 1.296524653 0.928836140 -0.214970964 -0.279678601 0.934498070 -0.047756900
1642689812.232501030 0.215265106 1.299740598 0.928919289 -0.215229952 -0.277285624 0.935170335 -0.047383499
1642689812.240833998 0.214607201 1.302948930 0.929081493 -0.216442594 -0.274547747 0.935702447 -0.047297652
1642689812.249167919 0.213761533 1.306132031 0.929246611 -0.217848365 -0.271890150 0.936169364 -0.046954852
1642689812.257500887 0.212690261 1.309295371 0.929427861 -0.219675701 -0.269073354 0.936571244 -0.046652124
1642689812.265835047 0.211412357 1.312420232 0.929634159 -0.221893679 -0.266157809 0.936895881 -0.046360799
1642689812.274168015 0.209960289 1.315485146 0.929835824 -0.224352229 -0.263213897 0.937162373 -0.045947890
1642689812.282500982 0.208313182 1.318518248 0.930033315 -0.227064475 -0.260260751 0.937351414 -0.045589392
1642689812.290833950 0.206375032 1.321598324 0.930302561 -0.230452988 -0.257306658 0.937341856 -0.045551604
1642689812.299168110 0.204443177 1.324526120 0.930408013 -0.233125142 -0.254602150 0.937454592 -0.044825230
1642689812.307501078 0.202218882 1.327489256 0.930546249 -0.236923997 -0.251427417 0.937359116 -0.044823659
1642689812.315834999 0.199946165 1.330387212 0.930533454 -0.239903143 -0.248575233 0.937387659 -0.044285564
1642689812.324167967 0.197514216 1.333280732 0.930529040 -0.243186865 -0.245592766 0.937349961 -0.043810867
1642689812.332500935 0.194827922 1.336165436 0.930563964 -0.247407579 -0.242295519 0.937095761 -0.043976198
1642689812.340833902 0.191982901 1.339013985 0.930609415 -0.251938538 -0.238939852 0.936738421 -0.044225002
1642689812.349168062 0.189108864 1.341793586 0.930523373 -0.255666548 -0.235785373 0.936532328 -0.044125650
1642689812.357501030 0.186124644 1.344547053 0.930398964 -0.259152915 -0.232625184 0.936366285 -0.044084807
1642689812.365833998 0.183033366 1.347232645 0.930267209 -0.262629172 -0.229476761 0.936175443 -0.044066692
1642689812.374167919 0.179825520 1.349864302 0.930128896 -0.266111088 -0.226350541 0.935950436 -0.044125984
1642689812.382500887 0.176480301 1.352447587 0.930005840 -0.269683283 -0.223246426 0.935664269 -0.044320827
1642689812.390835047 0.173116614 1.354926032 0.929786782 -0.272586394 -0.220455059 0.935494814 -0.044109833
1642689812.399168015 0.169545540 1.357389253 0.929626631 -0.276110888 -0.217530867 0.935132452 -0.044389161
1642689812.407500982 0.165823176 1.359805264 0.929468273 -0.279868616 -0.214608086 0.934669531 -0.044830726
1642689812.415833950 0.161983257 1.362162410 0.929300043 -0.283744342 -0.211734727 0.934131594 -0.045340045
1642689812.424168110 0.158018676 1.364447485 0.929124763 -0.287656428 -0.209021667 0.933517628 -0.045919065
1642689812.432501078 0.153934065 1.366669789 0.928925147 -0.291619736 -0.206461309 0.932825196 -0.046570491
1642689812.440834999 0.149547025 1.368862416 0.928859594 -0.296968495 -0.203623341 0.931684388 -0.048077536
1642689812.449167967 0.145164625 1.370874539 0.928744135 -0.301817677 -0.201271795 0.930593443 -0.048903977
1642689812.457500935 0.140698988 1.372784026 0.928571932 -0.306414266 -0.199358959 0.929468991 -0.049534807
1642689812.465833902 0.136206322 1.374533123 0.928281922 -0.310416633 -0.197837487 0.928456285 -0.049706837
1642689812.474168062 0.131431492 1.376253646 0.928156278 -0.315562324 -0.195958998 0.927096147 -0.050132078
1642689812.482501030 0.126641668 1.377836177 0.927954930 -0.320565801 -0.194775984 0.925579632 -0.051012046
1642689812.490833998 0.121853828 1.379245105 0.927672108 -0.325318006 -0.193992681 0.924044987 -0.051729077
1642689812.499167919 0.116911775 1.380554746 0.927344621 -0.330241924 -0.193283645 0.922403414 -0.052475202
1642689812.507500887 0.111490035 1.381963741 0.927272185 -0.337838238 -0.191405635 0.919922900 -0.054507477
1642689812.515835047 0.106409989 1.383058407 0.926955043 -0.342837431 -0.191107324 0.918116605 -0.054794029
1642689812.524168015 0.101110198 1.384111886 0.926644984 -0.348739295 -0.190424546 0.915963981 -0.055940877
1642689812.532500982 0.095885315 1.384975561 0.926226521 -0.353820314 -0.190288965 0.914004828 -0.056537332
1642689812.540833950 0.090406806 1.385908213 0.925848463 -0.359872288 -0.188758887 0.911898875 -0.057467040
1642689812.549168110 0.085153106 1.386522603 0.925247700 -0.364541321 -0.188615742 0.910047741 -0.057851841
1642689812.557501078 0.079588054 1.387151227 0.924719348 -0.370689662 -0.188344727 0.907500698 -0.059648314
1642689812.565834999 0.074125263 1.387565152 0.924009201 -0.376096665 -0.188071593 0.905261495 -0.060679482
1642689812.574167967 0.068633260 1.387857262 0.923228467 -0.381462662 -0.187823585 0.903000118 -0.061638673
1642689812.582500935 0.063227380 1.387988296 0.922332999 -0.386202028 -0.187867413 0.900943095 -0.062091607
1642689812.590833902 0.057543138 1.388116522 0.921449353 -0.392352023 -0.187199906 0.898316146 -0.063593917
1642689812.599168062 0.051958202 1.388041717 0.920416270 -0.397979727 -0.186693886 0.895860528 -0.064741368
1642689812.607501030 0.046420495 1.387792358 0.919280383 -0.403316445 -0.186275866 0.893489185 -0.065682742
1642689812.615833998 0.040902137 1.387382890 0.918045543 -0.408480703 -0.185906503 0.891148024 -0.066614464
1642689812.624167919 0.035430374 1.386752770 0.916720098 -0.413386994 -0.185655474 0.888881828 -0.067322610
1642689812.632500887 0.029924629 1.385970083 0.915356294 -0.418390867 -0.185652329 0.886471546 -0.068194529
1642689812.640835047 0.024433127 1.385007815 0.913908303 -0.423020206 -0.185855853 0.884162578 -0.069051018
1642689812.649168015 0.018827989 1.383912332 0.912505242 -0.428208602 -0.186210347 0.881479901 -0.070400889
1642689812.657500982 0.013324114 1.382539449 0.911016842 -0.432920015 -0.186696497 0.878994428 -0.071368576
1642689812.665833950 0.007893122 1.380978606 0.909460643 -0.436959273 -0.187612490 0.876735219 -0.072135308
1642689812.674168110 0.002322099 1.379318997 0.907950243 -0.441607310 -0.188427800 0.874108972 -0.073562584
1642689812.682501078 -0.003254231 1.377475013 0.906416816 -0.446112867 -0.189181917 0.871533927 -0.074980837
1642689812.690834999 -0.008805299 1.375437348 0.904861216 -0.450346959 -0.190032061 0.869044354 -0.076402513
1642689812.699167967 -0.014344331 1.373232194 0.903298903 -0.454457194 -0.190900111 0.866577599 -0.077904251
1642689812.707500935 -0.019830597 1.370814073 0.901732590 -0.458198581 -0.191998152 0.864238171 -0.079266350
1642689812.715833902 -0.025337347 1.368180133 0.900166482 -0.462231942 -0.193643371 0.861588921 -0.080674710
1642689812.724168062 -0.030768408 1.365374256 0.898561374 -0.465807487 -0.195303662 0.859123626 -0.082379979
1642689812.732501030 -0.036191725 1.362442432 0.896992850 -0.469027321 -0.197194810 0.856753177 -0.084270832
1642689812.740833998 -0.041450910 1.359187256 0.895392328 -0.471946255 -0.199323780 0.854480946 -0.086017885
1642689812.749167919 -0.046700314 1.355787415 0.893786163 -0.474776947 -0.201479428 0.852213847 -0.087888845
1642689812.757500887 -0.051885308 1.352206872 0.892181077 -0.477235861 -0.203922903 0.850068168 -0.089696669
1642689812.765835047 -0.057102680 1.348469419 0.890607386 -0.480166350 -0.206228999 0.847646321 -0.091682012
1642689812.774168015 -0.062217760 1.344549558 0.889029683 -0.482772140 -0.208737794 0.845344328 -0.093555129
1642689812.782500982 -0.067245738 1.340428683 0.887418362 -0.485092242 -0.211346578 0.843167438 -0.095324769
1642689812.790833950 -0.072243390 1.336156281 0.885832811 -0.487604929 -0.214024357 0.840827205 -0.097183432
1642689812.799168110 -0.077191535 1.331720340 0.884247206 -0.490049308 -0.216760755 0.838496984 -0.098940684
1642689812.807501078 -0.082048665 1.327097791 0.882636420 -0.492341274 -0.219614346 0.836209376 -0.100615549
1642689812.815834999 -0.086824147 1.322321530 0.881036427 -0.494549702 -0.222580002 0.833917664 -0.102274457
1642689812.824167967 -0.092112786 1.317805157 0.879412311 -0.498444858 -0.224996955 0.830574469 -0.105238515
1642689812.832500935 -0.096321875 1.312418641 0.877789097 -0.499399131 -0.228625469 0.828934422 -0.105823570
1642689812.840833902 -0.100671522 1.307036640 0.876176128 -0.501176617 -0.232113936 0.826769912 -0.106755003
1642689812.849168062 -0.105002851 1.301686733 0.874472123 -0.502843176 -0.235449477 0.824660940 -0.107919497
1642689812.857501030 -0.109320805 1.296243217 0.872811688 -0.504936042 -0.238735979 0.822274630 -0.109129093
1642689812.865833998 -0.113555801 1.290677317 0.871135411 -0.507062732 -0.242138488 0.819811230 -0.110299072
1642689812.874167919 -0.117650142 1.285013591 0.869419295 -0.509035993 -0.245686413 0.817381364 -0.111392322
1642689812.882500887 -0.121572291 1.279282936 0.867633356 -0.510744511 -0.249251542 0.815095698 -0.112395359
1642689812.890835047 -0.125356724 1.273527698 0.865809345 -0.512456457 -0.252810658 0.812778481 -0.113429682
1642689812.899168015 -0.128986459 1.267753392 0.863921075 -0.514118952 -0.256411812 0.810457896 -0.114423272
1642689812.907500982 -0.132434235 1.261961314 0.861962924 -0.515597525 -0.260115839 0.808208442 -0.115317200
1642689812.915833950 -0.135685985 1.256193163 0.859934129 -0.516803465 -0.263838637 0.806104239 -0.116186518
1642689812.924168110 -0.138777650 1.250460418 0.857850328 -0.517883202 -0.267579871 0.804035369 -0.117154288
1642689812.932501078 -0.141690304 1.244766975 0.855707864 -0.518652801 -0.271349702 0.802132467 -0.118119075
1642689812.940834999 -0.144432864 1.239141575 0.853514099 -0.519211152 -0.275052019 0.800360659 -0.119117512
1642689812.949167967 -0.146981441 1.233572613 0.851276505 -0.519472043 -0.278860127 0.798761648 -0.119856811
1642689812.957500935 -0.149412097 1.228084990 0.848987996 -0.519592596 -0.282523153 0.797253403 -0.120794095
1642689812.965833902 -0.151691534 1.222681635 0.846644241 -0.519496672 -0.286132409 0.795882073 -0.121750474
1642689812.974168062 -0.153847964 1.217387492 0.844265923 -0.519299514 -0.289651747 0.794571370 -0.122825964
1642689812.982501030 -0.155827324 1.212204002 0.841829574 -0.518617176 -0.293198537 0.793563294 -0.123806869
1642689812.990833998 -0.157699868 1.207140142 0.839365699 -0.517795126 -0.296630500 0.792663632 -0.124831573
1642689812.999167919 -0.159499844 1.202216335 0.836879043 -0.516868653 -0.299979519 0.791827378 -0.125970185
1642689813.007500887 -0.161219427 1.197425154 0.834374188 -0.515766564 -0.303183874 0.791136744 -0.127149685
1642689813.015835047 -0.162840206 1.192677414 0.831885325 -0.514605388 -0.306374867 0.790489230 -0.128228365
1642689813.024168015 -0.164355336 1.188061288 0.829370796 -0.512984673 -0.309571167 0.790095467 -0.129466486
1642689813.032500982 -0.165787199 1.183546420 0.826841199 -0.510956761 -0.312697440 0.789996344 -0.130572874
1642689813.040833950 -0.167239380 1.179101023 0.824338236 -0.509275466 -0.315635209 0.789722771 -0.131722659
1642689813.049168110 -0.168603979 1.174722211 0.821839704 -0.507280033 -0.318650979 0.789615304 -0.132801333
1642689813.057501078 -0.169816947 1.170134978 0.819265374 -0.504978761 -0.323198560 0.788885661 -0.134902023
1642689813.065834999 -0.171099447 1.165958776 0.816793130 -0.502584166 -0.326006138 0.789078169 -0.135958806
1642689813.074167967 -0.172455269 1.161845379 0.814316059 -0.500579049 -0.328622118 0.789108067 -0.136881621
1642689813.082500935 -0.173879465 1.157737439 0.811813873 -0.498740759 -0.331292639 0.788960504 -0.138000603
1642689813.090833902 -0.175178858 1.153687897 0.809282288 -0.496125740 -0.334531450 0.789108005 -0.138767846
1642689813.099168062 -0.176579992 1.149668318 0.806763107 -0.493977639 -0.337782935 0.788937121 -0.139524190
1642689813.107501030 -0.178093349 1.145705570 0.804209104 -0.492235221 -0.340734059 0.788591631 -0.140456498
1642689813.115833998 -0.179633573 1.141781497 0.801616352 -0.490659457 -0.343718419 0.788116060 -0.141364851
1642689813.124167919 -0.181545294 1.137789875 0.799143152 -0.491573103 -0.345982096 0.786315865 -0.142687189
1642689813.132500887 -0.183354057 1.133870580 0.796561070 -0.491807163 -0.348622053 0.784826807 -0.143649787
1642689813.140835047 -0.185033030 1.130008500 0.793884269 -0.491412174 -0.351529907 0.783654949 -0.144311192
1642689813.149168015 -0.186836274 1.126201526 0.791226446 -0.491973844 -0.354022566 0.782019663 -0.145172333
1642689813.157500982 -0.188600430 1.122433206 0.788517138 -0.492447089 -0.356468823 0.780489625 -0.145814224
1642689813.165833950 -0.190399707 1.118772600 0.785794507 -0.493314355 -0.358677648 0.778757354 -0.146725170
1642689813.174168110 -0.192150572 1.115247936 0.783043607 -0.493900584 -0.360832429 0.777211277 -0.147664491
1642689813.182501078 -0.193891272 1.111787090 0.780289084 -0.494643975 -0.362721084 0.775659286 -0.148705833
1642689813.190834999 -0.195595566 1.108416946 0.777503126 -0.495450565 -0.364328159 0.774159217 -0.149904092
1642689813.199167967 -0.197149720 1.105158981 0.774683865 -0.495697807 -0.365950348 0.773017251 -0.151024359
1642689813.207500935 -0.198713196 1.101990329 0.771865922 -0.496254122 -0.367214034 0.771790302 -0.152398913
1642689813.215833902 -0.200177897 1.098935000 0.769040391 -0.496524066 -0.368305060 0.770817856 -0.153802042
1642689813.224168062 -0.201496237 1.095981498 0.766200844 -0.496279790 -0.369362567 0.770178013 -0.155252991
1642689813.232501030 -0.202761268 1.093118576 0.763373466 -0.495891000 -0.370244064 0.769698670 -0.156765453
1642689813.240833998 -0.203990845 1.090354895 0.760570377 -0.495455986 -0.370857140 0.769329554 -0.158494115
1642689813.249167919 -0.205136282 1.087674367 0.757782002 -0.494614927 -0.371372302 0.769264343 -0.160221901
1642689813.257500887 -0.206198760 1.085082230 0.754999477 -0.493298263 -0.371766162 0.769560800 -0.161934925
1642689813.265835047 -0.207209446 1.082568086 0.752252587 -0.491725206 -0.371909301 0.770110926 -0.163764942
1642689813.274168015 -0.208195740 1.080187669 0.749490840 -0.489781472 -0.371818878 0.770977063 -0.165708177
1642689813.282500982 -0.209177388 1.077829819 0.746788436 -0.487679731 -0.371656844 0.771964345 -0.167662516
1642689813.290833950 -0.210216955 1.075519122 0.744143086 -0.485620451 -0.371350808 0.772976259 -0.169643915
1642689813.299168110 -0.211288096 1.073232809 0.741563350 -0.483764649 -0.371365841 0.773550209 -0.172276669
1642689813.307501078 -0.212386302 1.071004214 0.739034925 -0.481742603 -0.371117275 0.774392208 -0.174678963
1642689813.315834999 -0.213497519 1.068879530 0.736577981 -0.479487340 -0.370902201 0.775281201 -0.177376739
1642689813.324167967 -0.214685295 1.066672838 0.734152358 -0.477398496 -0.370638147 0.776206028 -0.179505550
1642689813.332500935 -0.215803523 1.064447744 0.731750114 -0.474662475 -0.370621006 0.777533744 -0.181043867
1642689813.340833902 -0.217112159 1.062200601 0.729471859 -0.472693425 -0.370433288 0.778477382 -0.182518688
1642689813.349168062 -0.218532267 1.059899064 0.727277441 -0.471141200 -0.370359028 0.779101668 -0.184012907
1642689813.357501030 -0.220016912 1.057590567 0.725172994 -0.469721616 -0.370442080 0.779583404 -0.185429193
1642689813.365833998 -0.221550397 1.055364824 0.723172409 -0.468281035 -0.370795250 0.779857508 -0.187205830
1642689813.374167919 -0.223218921 1.053058626 0.721258969 -0.467209724 -0.371270491 0.779936798 -0.188605109
1642689813.382500887 -0.224989334 1.050688003 0.719424964 -0.466393222 -0.371798779 0.779937484 -0.189579933
1642689813.390835047 -0.226872004 1.048312389 0.717687794 -0.465824688 -0.372400273 0.779792904 -0.190390188
1642689813.399168015 -0.228871869 1.045951698 0.716048842 -0.465447009 -0.373132312 0.779497931 -0.191087248
1642689813.407500982 -0.230983945 1.043595324 0.714495291 -0.465241260 -0.373940734 0.779111074 -0.191585054
1642689813.415833950 -0.233176249 1.041235494 0.713028909 -0.465088117 -0.374846969 0.778716625 -0.191789499
1642689813.424168110 -0.235479791 1.038898437 0.711651940 -0.465013886 -0.375846955 0.778270901 -0.191821678
1642689813.432501078 -0.237858981 1.036577669 0.710352252 -0.464892963 -0.376956351 0.777850738 -0.191642041
1642689813.440834999 -0.240350688 1.034298547 0.709137765 -0.464902808 -0.378064960 0.777401502 -0.191256813
1642689813.449167967 -0.242946400 1.032086263 0.707994557 -0.465077519 -0.379119306 0.776953129 -0.190565706
1642689813.457500935 -0.245762910 1.029882422 0.706941326 -0.466142465 -0.379994688 0.776095712 -0.189712110
1642689813.465833902 -0.248597067 1.027772247 0.705895878 -0.466860722 -0.381078172 0.775427190 -0.188502429
1642689813.474168062 -0.251444550 1.025769746 0.704845488 -0.467150224 -0.382284075 0.775060623 -0.186843747
1642689813.482501030 -0.254505113 1.023814883 0.703880876 -0.468428014 -0.383226568 0.774259339 -0.185027214
1642689813.490833998 -0.257598626 1.021833969 0.702846354 -0.469534086 -0.384551038 0.773492854 -0.182666489
1642689813.499167919 -0.260787078 1.020065468 0.701865081 -0.470910026 -0.385752968 0.772588560 -0.180403194
1642689813.507500887 -0.264124661 1.018466406 0.700921569 -0.472751782 -0.386647790 0.771542959 -0.178131137
1642689813.515835047 -0.267544661 1.017005002 0.699961569 -0.474706972 -0.387486862 0.770489900 -0.175648899
1642689813.524168015 -0.271112863 1.015645686 0.698987815 -0.477039951 -0.387825215 0.769587292 -0.172510540
1642689813.532500982 -0.274706730 1.014412537 0.697972636 -0.479336670 -0.388354476 0.768574424 -0.169441766
1642689813.540833950 -0.278444844 1.013264719 0.696980392 -0.482130769 -0.388933216 0.767169017 -0.166531000
1642689813.549168110 -0.282218761 1.012253045 0.695924921 -0.484917340 -0.389331793 0.765924584 -0.163203738
1642689813.557501078 -0.285958860 1.011525289 0.694829347 -0.487354894 -0.389603467 0.764874001 -0.160193970
1642689813.565834999 -0.289730308 1.011001532 0.693686243 -0.489757597 -0.389873362 0.763765673 -0.157474617
1642689813.574167967 -0.293528521 1.010653604 0.692511961 -0.492121316 -0.390041442 0.762714213 -0.154762118
1642689813.582500935 -0.297333698 1.010469556 0.691280847 -0.494464323 -0.390131079 0.761703729 -0.152020408
1642689813.590833902 -0.301114902 1.010471315 0.689994770 -0.496605086 -0.390214504 0.760795267 -0.149353915
1642689813.599168062 -0.304942018 1.010640025 0.688653857 -0.498973750 -0.390058107 0.759808780 -0.146868948
1642689813.607501030 -0.308761376 1.011041267 0.687282179 -0.501185657 -0.389885555 0.758880160 -0.144579024
1642689813.615833998 -0.312486981 1.011617860 0.685830882 -0.502983514 -0.389680668 0.758244027 -0.142206036
1642689813.624167919 -0.316193346 1.012418365 0.684360789 -0.504713288 -0.389374432 0.757651413 -0.140058507
1642689813.632500887 -0.319829646 1.013399266 0.682830474 -0.506152207 -0.389046439 0.757248097 -0.137942490
1642689813.640835047 -0.323468583 1.014574673 0.681257244 -0.507736540 -0.388454200 0.756823820 -0.136105273
1642689813.649168015 -0.327044478 1.015958688 0.679634725 -0.509079074 -0.387792587 0.756575274 -0.134347535
1642689813.657500982 -0.330557278 1.017537319 0.677964904 -0.510237894 -0.387084794 0.756455621 -0.132655744
1642689813.665833950 -0.334007543 1.019321993 0.676223058 -0.511236798 -0.386368918 0.756428465 -0.131041873
1642689813.674168110 -0.337385984 1.021297430 0.674405681 -0.512254233 -0.385375712 0.756525868 -0.129420915
1642689813.682501078 -0.340746779 1.023545645 0.672501557 -0.513291469 -0.384265451 0.756754260 -0.127259265
1642689813.690834999 -0.344145350 1.026015395 0.670594640 -0.514856459 -0.382906715 0.756615635 -0.125849330
1642689813.699167967 -0.347293564 1.028691167 0.668572428 -0.515673865 -0.381599990 0.756938562 -0.124522790
1642689813.707500935 -0.350508418 1.031589684 0.666543840 -0.517323804 -0.379916535 0.756845043 -0.123389989
1642689813.715833902 -0.353609605 1.034677143 0.664448750 -0.518905765 -0.378165303 0.756828043 -0.122225714
1642689813.724168062 -0.356505998 1.037927508 0.662244719 -0.519945011 -0.376382079 0.757227723 -0.120830012
1642689813.732501030 -0.359458692 1.041384110 0.660063587 -0.521593298 -0.374286460 0.757293325 -0.119820274
1642689813.740833998 -0.362283875 1.044971987 0.657841226 -0.522961996 -0.372250376 0.757501219 -0.118879398
1642689813.749167919 -0.364973341 1.048648506 0.655568837 -0.524071715 -0.370174069 0.757914375 -0.117838007
1642689813.757500887 -0.367680800 1.052471697 0.653323739 -0.525498165 -0.367971776 0.758106384 -0.117145899
1642689813.765835047 -0.370255615 1.056372609 0.651055019 -0.526497263 -0.366024406 0.758482042 -0.116326081
1642689813.774168015 -0.372808492 1.060310797 0.648773023 -0.527640377 -0.363923561 0.758799461 -0.115666124
1642689813.782500982 -0.375244825 1.064370521 0.646511680 -0.528475491 -0.362187304 0.759160299 -0.114933250
1642689813.790833950 -0.377722570 1.068496266 0.644249425 -0.529919942 -0.360207367 0.759192483 -0.114290339
1642689813.799168110 -0.380104382 1.072685060 0.641969270 -0.531222945 -0.358290790 0.759302324 -0.113533584
1642689813.807501078 -0.382480811 1.076919975 0.639691819 -0.533030946 -0.356219122 0.759118979 -0.112802142
1642689813.815834999 -0.384707039 1.081216707 0.637403631 -0.534620453 -0.354267242 0.759048482 -0.111897699
1642689813.824167967 -0.386926489 1.085562429 0.635118938 -0.536671543 -0.352163482 0.758716357 -0.110968580
1642689813.832500935 -0.389021786 1.089949356 0.632832082 -0.538516108 -0.350198311 0.758481796 -0.109849487
1642689813.840833902 -0.391083031 1.094396655 0.630574331 -0.540601096 -0.348169794 0.758080402 -0.108822574
1642689813.849168062 -0.393077460 1.098887687 0.628346852 -0.542702789 -0.346050774 0.757700831 -0.107758969
1642689813.857501030 -0.395051556 1.103413570 0.626190443 -0.544983814 -0.343933132 0.757162092 -0.106809221
1642689813.865833998 -0.396872398 1.107940371 0.624027381 -0.546931148 -0.341824309 0.756855139 -0.105795837
1642689813.874167919 -0.398558603 1.112472231 0.621884968 -0.548542344 -0.339822916 0.756745782 -0.104678102
1642689813.882500887 -0.400229514 1.117082448 0.619789098 -0.550134876 -0.337734010 0.756643112 -0.103819835
1642689813.890835047 -0.401833741 1.121751978 0.617732617 -0.551528040 -0.335665682 0.756654780 -0.103048120
1642689813.899168015 -0.403312527 1.126440935 0.615683983 -0.552686888 -0.333609005 0.756813513 -0.102350096
1642689813.907500982 -0.404733173 1.131179027 0.613654901 -0.553723092 -0.331534050 0.757051829 -0.101727281
1642689813.915833950 -0.406058675 1.135944176 0.611633694 -0.554592318 -0.329389941 0.757436459 -0.101092227
1642689813.924168110 -0.407245622 1.140745519 0.609585345 -0.554966061 -0.327293635 0.758145683 -0.100531943
1642689813.932501078 -0.408393840 1.145561740 0.607567929 -0.555395203 -0.325117313 0.758842031 -0.099968360
1642689813.940834999 -0.409446714 1.150388948 0.605561494 -0.555649967 -0.322876788 0.759695540 -0.099329657
1642689813.949167967 -0.410435338 1.155230517 0.603581511 -0.555856993 -0.320631735 0.760566326 -0.098778327
1642689813.957500935 -0.411474373 1.160121571 0.601636376 -0.556287812 -0.318220922 0.761308937 -0.098427728
1642689813.965833902 -0.412430148 1.165036335 0.599708760 -0.556411642 -0.315818527 0.762268296 -0.098039723
1642689813.974168062 -0.413347100 1.169962196 0.597791221 -0.556570229 -0.313324394 0.763219779 -0.097739308
1642689813.982501030 -0.414204807 1.174900481 0.595888919 -0.556553224 -0.310839922 0.764285991 -0.097437034
1642689813.990833998 -0.415050173 1.179859635 0.593996771 -0.556514583 -0.308314869 0.765379258 -0.097098156
1642689813.999167919 -0.415993667 1.184811565 0.592161480 -0.556989283 -0.305684669 0.766108646 -0.096940008
1642689814.007500887 -0.416855737 1.189759981 0.590305287 -0.557226179 -0.303085269 0.766997515 -0.096711518
1642689814.015835047 -0.417688382 1.194704826 0.588428757 -0.557451196 -0.300464988 0.767886769 -0.096534270
1642689814.024168015 -0.418523140 1.199653431 0.586559051 -0.557749820 -0.297818651 0.768719595 -0.096381399
1642689814.032500982 -0.419370385 1.204576301 0.584683069 -0.558165360 -0.295228135 0.769438009 -0.096212935
1642689814.040833950 -0.420249915 1.209537057 0.582896461 -0.558538136 -0.292063396 0.770433896 -0.095737844
1642689814.049168110 -0.421025600 1.214438844 0.580972804 -0.558560449 -0.289383235 0.771462714 -0.095461241
1642689814.057501078 -0.421881928 1.219224485 0.579071612 -0.559035025 -0.287035043 0.772016364 -0.095296688
1642689814.065834999 -0.422802943 1.223947131 0.577208055 -0.559784865 -0.284836204 0.772293499 -0.095247009
1642689814.074167967 -0.423768705 1.228618499 0.575351720 -0.560728710 -0.282657526 0.772395703 -0.095356782
1642689814.082500935 -0.424835241 1.233198193 0.573434556 -0.562044182 -0.280652708 0.772204022 -0.095085973
1642689814.090833902 -0.425745443 1.237697242 0.571612412 -0.562876758 -0.279451037 0.771818543 -0.096814312
1642689814.099168062 -0.426677259 1.242150069 0.569793897 -0.563862242 -0.278023461 0.771472624 -0.097940378
1642689814.107501030 -0.427642899 1.246543224 0.567952701 -0.565035212 -0.276461802 0.771094329 -0.098577974
1642689814.115833998 -0.428585703 1.250855564 0.566112154 -0.566316655 -0.274980377 0.770593478 -0.099282079
1642689814.124167919 -0.429505383 1.255064663 0.564263120 -0.567675736 -0.273620722 0.769977491 -0.100053099
1642689814.132500887 -0.430376436 1.259172489 0.562405347 -0.569065794 -0.272345219 0.769290954 -0.100913976
1642689814.140835047 -0.431169383 1.263157999 0.560537269 -0.570340457 -0.271119272 0.768669630 -0.101750205
1642689814.149168015 -0.432059031 1.267061543 0.558626245 -0.572231209 -0.269717698 0.767594178 -0.102970800
1642689814.157500982 -0.432786710 1.270799280 0.556723695 -0.573907774 -0.268526400 0.766627011 -0.103954153
1642689814.165833950 -0.433363603 1.274379641 0.554793022 -0.575376475 -0.267428875 0.765791856 -0.104816704
1642689814.174168110 -0.433919782 1.277828031 0.552832085 -0.577106294 -0.266216844 0.764776876 -0.105798147
1642689814.182501078 -0.434370530 1.281142518 0.550834003 -0.578727200 -0.264998493 0.763832277 -0.106821716
1642689814.190834999 -0.434678626 1.284319081 0.548800953 -0.580131078 -0.263799698 0.763041662 -0.107819635
1642689814.199167967 -0.435023921 1.287347683 0.546764697 -0.581899767 -0.262491861 0.761969505 -0.109055756
1642689814.207500935 -0.435246647 1.290252992 0.544698397 -0.583404117 -0.261163284 0.761080258 -0.110409315
1642689814.215833902 -0.435397122 1.293004051 0.542618800 -0.584865646 -0.259850283 0.760216778 -0.111715965
1642689814.224168062 -0.435453421 1.295618912 0.540551761 -0.586040899 -0.258496090 0.759562866 -0.113137478
1642689814.232501030 -0.435441311 1.298057228 0.538486394 -0.587089225 -0.257154518 0.758978675 -0.114669812
1642689814.240833998 -0.435354179 1.300315804 0.536446381 -0.587946935 -0.255837764 0.758530798 -0.116174303
1642689814.249167919 -0.435177195 1.302378755 0.534413967 -0.588673273 -0.254549841 0.758158381 -0.117745594
1642689814.257500887 -0.434938812 1.304265213 0.532399143 -0.589338332 -0.253151787 0.757856499 -0.119365111
1642689814.265835047 -0.434640937 1.305962357 0.530417536 -0.589994926 -0.251764099 0.757544869 -0.121023123
1642689814.274168015 -0.434269679 1.307461059 0.528441624 -0.590516794 -0.250317476 0.757345319 -0.122715708
1642689814.282500982 -0.433763008 1.308749189 0.526458696 -0.590652760 -0.248912913 0.757424645 -0.124416985
1642689814.290833950 -0.433169048 1.309855853 0.524507763 -0.590706792 -0.247432088 0.757582966 -0.126138407
1642689814.299168110 -0.432532605 1.310745807 0.522606453 -0.590819023 -0.245932122 0.757683857 -0.127927501
1642689814.307501078 -0.431873032 1.311418881 0.520768921 -0.591064939 -0.244404097 0.757678575 -0.129738401
1642689814.315834999 -0.431054918 1.311870982 0.518945939 -0.590656277 -0.243043487 0.758121845 -0.131553389
1642689814.324167967 -0.430114741 1.312089944 0.517238758 -0.589938519 -0.241841904 0.758689915 -0.133696113
1642689814.332500935 -0.429159226 1.312104102 0.515599919 -0.589463427 -0.240732546 0.759070725 -0.135618376
1642689814.340833902 -0.428217414 1.311894164 0.514072785 -0.589184250 -0.239713716 0.759302954 -0.137325444
1642689814.349168062 -0.427190752 1.311473705 0.512625566 -0.588714306 -0.238854863 0.759627920 -0.139029646
1642689814.357501030 -0.426196708 1.310855165 0.511315885 -0.588468609 -0.238089449 0.759730086 -0.140813020
1642689814.365833998 -0.425157460 1.310062326 0.510109129 -0.588181122 -0.237398977 0.759837917 -0.142586931
1642689814.374167919 -0.424006738 1.309110394 0.508996996 -0.587612619 -0.236784471 0.760166058 -0.144194620
1642689814.382500887 -0.422826774 1.307999878 0.507988250 -0.587017743 -0.236267732 0.760483394 -0.145783182
1642689814.390835047 -0.421629767 1.306703368 0.507084231 -0.586517847 -0.235904511 0.760681775 -0.147340130
1642689814.399168015 -0.420404271 1.305259890 0.506290883 -0.586122712 -0.235615516 0.760783636 -0.148841370
1642689814.407500982 -0.419163490 1.303645787 0.505608465 -0.585885480 -0.235534732 0.760699050 -0.150328143
1642689814.415833950 -0.417959094 1.301879508 0.505051942 -0.586011496 -0.235509508 0.760334487 -0.151714424
1642689814.424168110 -0.416664901 1.299960147 0.504625183 -0.586175531 -0.235655765 0.759942520 -0.152813525
1642689814.432501078 -0.415373256 1.297891577 0.504351076 -0.586621045 -0.236063211 0.759273184 -0.153799031
1642689814.440834999 -0.414072053 1.295667382 0.504217344 -0.587302768 -0.236723246 0.758387402 -0.154551326
1642689814.449167967 -0.412782026 1.293335997 0.504224335 -0.588233401 -0.237488985 0.757290856 -0.155212783
1642689814.457500935 -0.411471049 1.290922641 0.504385492 -0.589328293 -0.238378996 0.756062085 -0.155684753
1642689814.465833902 -0.410161828 1.288424972 0.504695775 -0.590681199 -0.239450216 0.754594874 -0.156031703
1642689814.474168062 -0.408817878 1.285851279 0.505140950 -0.592205652 -0.240597483 0.753018746 -0.156102804
1642689814.482501030 -0.407389345 1.283217914 0.505704103 -0.593688690 -0.241832215 0.751497949 -0.155890190
1642689814.490833998 -0.406040652 1.280565598 0.506387622 -0.595973114 -0.243004103 0.749472680 -0.155099180
1642689814.499167919 -0.404607511 1.277841255 0.507229704 -0.598299579 -0.244287113 0.747405646 -0.154098087
1642689814.507500887 -0.403089354 1.275099160 0.508195864 -0.600459472 -0.245610145 0.745454919 -0.153039353
1642689814.515835047 -0.401545825 1.272343048 0.509330347 -0.602898580 -0.246945986 0.743327594 -0.151641254
1642689814.524168015 -0.399937995 1.269576967 0.510605353 -0.605337729 -0.248405145 0.741218554 -0.149853839
1642689814.532500982 -0.398306481 1.266820211 0.512027097 -0.607868740 -0.249883850 0.739030598 -0.147944017
1642689814.540833950 -0.396525068 1.264103057 0.513572077 -0.610092501 -0.251318510 0.737176556 -0.145591458
1642689814.549168110 -0.394698590 1.261414751 0.515269221 -0.612341449 -0.252813165 0.735303715 -0.143010141
1642689814.557501078 -0.392821090 1.258762954 0.517087289 -0.614607450 -0.254281140 0.733422305 -0.140322867
1642689814.565834999 -0.390952785 1.256126749 0.519095257 -0.617209543 -0.255831714 0.731230849 -0.137491672
1642689814.574167967 -0.388935092 1.253556511 0.521211640 -0.619506789 -0.257426830 0.729307630 -0.134362000
1642689814.582500935 -0.386756485 1.251053702 0.523428816 -0.621608270 -0.258871413 0.727634429 -0.130907936
1642689814.590833902 -0.384494415 1.248613015 0.525763856 -0.623662159 -0.260300658 0.726012488 -0.127259365
1642689814.599168062 -0.382112200 1.246253734 0.528212981 -0.625474334 -0.261725412 0.724603867 -0.123413539
1642689814.607501030 -0.379555281 1.243945133 0.530849773 -0.626973002 -0.263156251 0.723511434 -0.119100153
1642689814.615833998 -0.377009729 1.241750779 0.533558466 -0.628558444 -0.264445800 0.722340631 -0.114920465
1642689814.624167919 -0.374392512 1.239643197 0.536380299 -0.629937392 -0.265691090 0.721345010 -0.110672958
1642689814.632500887 -0.371621331 1.237502825 0.539408287 -0.630938423 -0.267191140 0.720642509 -0.105829940
1642689814.640835047 -0.368770588 1.235348397 0.542508840 -0.631667933 -0.269094388 0.719946365 -0.101296913
1642689814.649168015 -0.365863637 1.233413757 0.545726073 -0.632211421 -0.270621460 0.719515982 -0.096796155
1642689814.657500982 -0.362907842 1.231613131 0.549074089 -0.632612781 -0.271901310 0.719281782 -0.092219657
1642689814.665833950 -0.359890242 1.229875006 0.552510599 -0.632820776 -0.273186718 0.719190280 -0.087591235
1642689814.674168110 -0.356664515 1.228208934 0.556030084 -0.632291131 -0.274565179 0.719707590 -0.082721656
1642689814.682501078 -0.353490727 1.226628836 0.559659576 -0.631910619 -0.275880535 0.720073182 -0.077932746
1642689814.690834999 -0.350349002 1.225121155 0.563386476 -0.631597170 -0.277135799 0.720359535 -0.073231854
1642689814.699167967 -0.347168170 1.223649103 0.567191741 -0.631068760 -0.278520960 0.720758350 -0.068452149
1642689814.707500935 -0.343969583 1.222244866 0.571110304 -0.630360449 -0.279984713 0.721249012 -0.063672037
1642689814.715833902 -0.340767270 1.220885305 0.575108074 -0.629548848 -0.281443036 0.721788697 -0.058984251
1642689814.724168062 -0.337583766 1.219558672 0.579227686 -0.628691867 -0.282950266 0.722319040 -0.054229958
1642689814.732501030 -0.334396193 1.218204456 0.583457465 -0.627610663 -0.284757857 0.722897297 -0.049369195
1642689814.740833998 -0.331215991 1.216892369 0.587796874 -0.626432041 -0.286699289 0.723464364 -0.044561528
1642689814.749167919 -0.327967850 1.215596568 0.592233595 -0.624752730 -0.288969416 0.724292334 -0.039765789
1642689814.757500887 -0.324863634 1.214337811 0.596818010 -0.623677081 -0.291105860 0.724608992 -0.035015507
1642689814.765835047 -0.321703185 1.213081986 0.601492711 -0.622204695 -0.293473655 0.725131667 -0.030308353
1642689814.774168015 -0.318497465 1.211873986 0.606257384 -0.620391826 -0.295957158 0.725853926 -0.025679172
1642689814.782500982 -0.315264274 1.210689606 0.611121163 -0.618364299 -0.298549781 0.726669068 -0.021111309
1642689814.790833950 -0.311956537 1.209526319 0.616076550 -0.615973142 -0.301210052 0.727719787 -0.016537936
1642689814.799168110 -0.308591824 1.208398876 0.621114683 -0.613342891 -0.303874004 0.728921770 -0.012005926
1642689814.807501078 -0.305165887 1.207280711 0.626224520 -0.610413132 -0.306639377 0.730281102 -0.007590335
1642689814.815834999 -0.301655299 1.206194827 0.631414465 -0.607135395 -0.309358693 0.731897230 -0.003202465
1642689814.824167967 -0.298099260 1.205147975 0.636665377 -0.603656605 -0.311977763 0.733667099 0.001080002
1642689814.832500935 -0.294424740 1.204101451 0.641984102 -0.599730322 -0.314685696 0.735709549 0.005283248
1642689814.840833902 -0.290756435 1.203091152 0.647356638 -0.595805311 -0.317230785 0.737763714 0.009239209
1642689814.849168062 -0.286847391 1.202042694 0.652698946 -0.590860240 -0.319925224 0.740506674 0.013486774
1642689814.857501030 -0.282897410 1.201065722 0.658107574 -0.585669903 -0.322529594 0.743410289 0.017509055
1642689814.865833998 -0.278847114 1.200063132 0.663525654 -0.580031076 -0.325174486 0.746567419 0.021507963
1642689814.874167919 -0.274810189 1.199173100 0.669021861 -0.574282821 -0.327215539 0.749994498 0.025248457
1642689814.882500887 -0.270767303 1.198368454 0.674513321 -0.568496125 -0.329542972 0.753274241 0.028133679
1642689814.890835047 -0.266715458 1.197619530 0.679968147 -0.562639306 -0.331850618 0.756553068 0.030653450
1642689814.899168015 -0.262785025 1.196932225 0.685341516 -0.557041321 -0.333494428 0.759839226 0.033627114
1642689814.907500982 -0.258815205 1.196321432 0.690710314 -0.550943289 -0.335072444 0.763459642 0.036294966
1642689814.915833950 -0.254823828 1.195781277 0.696069734 -0.544465515 -0.336724385 0.767264564 0.038458808
1642689814.924168110 -0.250893330 1.195314408 0.701391055 -0.538012739 -0.338161121 0.771081205 0.040288009
1642689814.932501078 -0.247182725 1.195071854 0.706800849 -0.532478120 -0.339670971 0.774252808 0.040289865
1642689814.940834999 -0.243069617 1.194700875 0.711917989 -0.524522747 -0.342008734 0.778574918 0.041557314
1642689814.949167967 -0.239338332 1.194548403 0.717069490 -0.517700857 -0.343742547 0.782342010 0.042045966
1642689814.957500935 -0.235678448 1.194514222 0.722096747 -0.510924778 -0.345012805 0.786214358 0.042296789
1642689814.965833902 -0.232112304 1.194571804 0.726985160 -0.504018868 -0.346398750 0.790042969 0.042485224
1642689814.974168062 -0.228729022 1.194751772 0.731764337 -0.497374683 -0.347552565 0.793745687 0.042348839
1642689814.982501030 -0.225535121 1.195086098 0.736436492 -0.491073873 -0.348375094 0.797326769 0.041848173
1642689814.990833998 -0.222528264 1.195560001 0.740993406 -0.485056044 -0.348962756 0.800783218 0.041132319
1642689814.999167919 -0.219718099 1.196174165 0.745455347 -0.479476236 -0.349317698 0.804030839 0.040175802
1642689815.007500887 -0.217136923 1.196944969 0.749835738 -0.474450219 -0.349140960 0.807147114 0.038873076
1642689815.015835047 -0.214718148 1.197832222 0.754112874 -0.469670331 -0.348895028 0.810113520 0.037391508
1642689815.024168015 -0.212513509 1.198853722 0.758291785 -0.465260309 -0.348509655 0.812892453 0.035773247
1642689815.032500982 -0.210427209 1.199982318 0.762364463 -0.461012466 -0.347963598 0.815616568 0.034036077
1642689815.040833950 -0.208533805 1.201249222 0.766361778 -0.457240197 -0.347189815 0.818149716 0.031963671
1642689815.049168110 -0.206773380 1.202627482 0.770258900 -0.453631999 -0.346244693 0.820635428 0.029834811
1642689815.057501078 -0.205114019 1.204121598 0.774044428 -0.450139567 -0.345144996 0.823093512 0.027683448
1642689815.065834999 -0.203579743 1.205741027 0.777732351 -0.446895766 -0.343818727 0.825486714 0.025387833
1642689815.074167967 -0.202170541 1.207506099 0.781325116 -0.443904777 -0.342302117 0.827799082 0.022945353
1642689815.082500935 -0.200851107 1.209424671 0.784798990 -0.441045333 -0.340588164 0.830099469 0.020336848
1642689815.090833902 -0.199632181 1.211506362 0.788167921 -0.438408667 -0.338632650 0.832358785 0.017453446
1642689815.099168062 -0.198508268 1.213740640 0.791414536 -0.436003979 -0.336418066 0.834574549 0.014447755
1642689815.107501030 -0.197467673 1.216096942 0.794532917 -0.433766320 -0.333934807 0.836783036 0.011334726
1642689815.115833998 -0.196484029 1.218557393 0.797518741 -0.431579135 -0.331349192 0.838976126 0.008137722
1642689815.124167919 -0.195544948 1.221101047 0.800364402 -0.429484899 -0.328619473 0.841146441 0.004962657
1642689815.132500887 -0.194723238 1.223781485 0.803092047 -0.427776957 -0.325569953 0.843213363 0.001518607
1642689815.140835047 -0.193966256 1.226559982 0.805695348 -0.426161784 -0.322339092 0.845268927 -0.002020897
1642689815.149168015 -0.193276239 1.229408018 0.808163293 -0.424733879 -0.318981772 0.847241952 -0.005730284
1642689815.157500982 -0.192633020 1.232348115 0.810502040 -0.423365513 -0.315415400 0.849224646 -0.009605676
1642689815.165833950 -0.192076966 1.235364857 0.812725155 -0.422311727 -0.311571447 0.851109567 -0.013731090
1642689815.174168110 -0.191550832 1.238417305 0.814808642 -0.421225685 -0.307599376 0.853013558 -0.017872210
1642689815.182501078 -0.191068769 1.241487676 0.816745238 -0.420321235 -0.303494633 0.854829355 -0.022087146
1642689815.190834999 -0.190603770 1.244539558 0.818553198 -0.419490399 -0.299275354 0.856603141 -0.026327300
1642689815.199167967 -0.190178600 1.247594543 0.820231147 -0.418857259 -0.294923650 0.858277656 -0.030628461
1642689815.207500935 -0.189773610 1.250603663 0.821780720 -0.418361933 -0.290487326 0.859865476 -0.034953832
1642689815.215833902 -0.189360698 1.253525243 0.823208408 -0.417943604 -0.286026949 0.861375799 -0.039286919
1642689815.224168062 -0.188931606 1.256375120 0.824527381 -0.417455761 -0.281620835 0.862858325 -0.043541983
1642689815.232501030 -0.188532472 1.259125221 0.825760708 -0.417129759 -0.277184487 0.864228711 -0.047752066
1642689815.240833998 -0.188148622 1.261747624 0.826911384 -0.416956451 -0.272841846 0.865451541 -0.051944925
1642689815.249167919 -0.187772227 1.264254617 0.827996094 -0.416859804 -0.268617743 0.866561109 -0.056073669
1642689815.257500887 -0.187399626 1.266645483 0.829026053 -0.416847803 -0.264354788 0.867605000 -0.060133344
1642689815.265835047 -0.187026353 1.268898361 0.830001755 -0.416872230 -0.260205915 0.868557730 -0.064170824
1642689815.274168015 -0.186518489 1.270972693 0.830879676 -0.416073029 -0.256851643 0.869677765 -0.067609565
1642689815.282500982 -0.186116390 1.272936636 0.831745802 -0.415825406 -0.253154954 0.870581730 -0.071339000
1642689815.290833950 -0.185895627 1.274763342 0.832624265 -0.416508518 -0.249747651 0.870841696 -0.076036211
1642689815.299168110 -0.185614488 1.276518210 0.833405865 -0.416799297 -0.245675063 0.871509846 -0.079954348
1642689815.307501078 -0.185413695 1.278149451 0.834182526 -0.417448689 -0.241833516 0.871870221 -0.084234549
1642689815.315834999 -0.185218153 1.279579212 0.834900884 -0.418121259 -0.238398281 0.872056536 -0.088646885
1642689815.324167967 -0.185013151 1.280866841 0.835553225 -0.418712338 -0.234997829 0.872246453 -0.092963022
1642689815.332500935 -0.184818737 1.282014131 0.836158861 -0.419308297 -0.231626611 0.872399968 -0.097200620
1642689815.340833902 -0.184622865 1.282994834 0.836717796 -0.419919390 -0.228391195 0.872492228 -0.101303896
1642689815.349168062 -0.184438203 1.283829506 0.837253536 -0.420638082 -0.225123774 0.872523256 -0.105290350
1642689815.357501030 -0.184105181 1.284495383 0.837659317 -0.420699191 -0.223056187 0.872465861 -0.109824631
1642689815.365833998 -0.183730736 1.284824792 0.838041936 -0.420868476 -0.222464709 0.871832469 -0.115270662
1642689815.374167919 -0.183592376 1.285118810 0.838533052 -0.422196677 -0.220213548 0.871121177 -0.120016058
1642689815.382500887 -0.183479279 1.285381280 0.839022132 -0.423394657 -0.216853016 0.870852716 -0.123803398
1642689815.390835047 -0.183260558 1.285391924 0.839446043 -0.424274234 -0.214277280 0.870513168 -0.127606606
1642689815.399168015 -0.183009662 1.285202146 0.839846246 -0.425094763 -0.212248452 0.870025144 -0.131534352
1642689815.407500982 -0.182742303 1.284850829 0.840250908 -0.425923892 -0.210385860 0.869464630 -0.135491276
1642689815.415833950 -0.182479664 1.284317763 0.840646138 -0.426930877 -0.208694063 0.868740205 -0.139525157
1642689815.424168110 -0.182127336 1.283549560 0.841083854 -0.427611870 -0.207371548 0.868100320 -0.143342120
1642689815.432501078 -0.181749948 1.282605727 0.841555237 -0.428320555 -0.206174255 0.867397372 -0.147158007
1642689815.440834999 -0.181365667 1.281491960 0.842038292 -0.429143871 -0.205138846 0.866563770 -0.151065630
1642689815.449167967 -0.180878364 1.280129609 0.842580320 -0.429582629 -0.204537142 0.865827135 -0.154811803
1642689815.457500935 -0.180358356 1.278562294 0.843188042 -0.430058821 -0.204231834 0.864996368 -0.158493067
1642689815.465833902 -0.179771235 1.276800061 0.843852387 -0.430468562 -0.204194291 0.864147052 -0.162022779
1642689815.474168062 -0.179092598 1.274844985 0.844571326 -0.430686414 -0.204477429 0.863339115 -0.165359503
1642689815.482501030 -0.178353443 1.272720249 0.845349309 -0.430869094 -0.205013516 0.862512933 -0.168501402
1642689815.490833998 -0.177518873 1.270389294 0.846209409 -0.430906839 -0.205848850 0.861715519 -0.171440695
1642689815.499167919 -0.176609118 1.267897734 0.847126729 -0.430843645 -0.206885173 0.860946096 -0.174195577
1642689815.507500887 -0.175614372 1.265268801 0.848107726 -0.430690360 -0.208102323 0.860210222 -0.176741648
1642689815.515835047 -0.174535710 1.262500392 0.849153899 -0.430429345 -0.209545460 0.859491182 -0.179154087
1642689815.524168015 -0.173386681 1.259608793 0.850257711 -0.430077243 -0.211117242 0.858803386 -0.181438196
1642689815.532500982 -0.172165610 1.256611967 0.851407944 -0.429672084 -0.212808317 0.858130865 -0.183591771
1642689815.540833950 -0.170871518 1.253526840 0.852599484 -0.429218201 -0.214599920 0.857469991 -0.185644352
1642689815.549168110 -0.169557855 1.250393885 0.853820008 -0.428997979 -0.216323586 0.856683501 -0.187771721
1642689815.557501078 -0.168139093 1.247179002 0.855067858 -0.428587117 -0.218190871 0.855975006 -0.189769903
1642689815.565834999 -0.166663715 1.243931174 0.856313083 -0.428211025 -0.220046987 0.855261616 -0.191682578
1642689815.574167967 -0.165140519 1.240683303 0.857556567 -0.427948309 -0.221805839 0.854501531 -0.193622178
1642689815.582500935 -0.163560713 1.237430894 0.858790745 -0.427713699 -0.223578570 0.853726409 -0.195511722
1642689815.590833902 -0.161915228 1.234186530 0.860013260 -0.427470586 -0.225310545 0.852957075 -0.197403864
1642689815.599168062 -0.160225520 1.230959091 0.861228656 -0.427327762 -0.227035791 0.852128252 -0.199306735
1642689815.607501030 -0.158459946 1.227768734 0.862433896 -0.427230219 -0.228742903 0.851287491 -0.201148282
1642689815.615833998 -0.156607144 1.224616210 0.863635077 -0.427100432 -0.230508872 0.850467818 -0.202867868
1642689815.624167919 -0.154654767 1.221507671 0.864862571 -0.426891764 -0.232268532 0.849709668 -0.204470613
1642689815.632500887 -0.152583624 1.218417973 0.866123154 -0.426578879 -0.234108196 0.849002418 -0.205958022
1642689815.640835047 -0.150395246 1.215359895 0.867428577 -0.426235114 -0.235984986 0.848342608 -0.207242691
1642689815.649168015 -0.148032125 1.212300663 0.868756885 -0.425647125 -0.238470377 0.847647290 -0.208447777
1642689815.657500982 -0.145565312 1.209308893 0.870156060 -0.425020574 -0.240750393 0.847090065 -0.209368532
1642689815.665833950 -0.142946585 1.206375826 0.871612957 -0.424219515 -0.242811667 0.846791815 -0.209818778
1642689815.674168110 -0.140175669 1.203492541 0.873127820 -0.423271160 -0.244975230 0.846617906 -0.209920897
1642689815.682501078 -0.137278698 1.200684686 0.874703693 -0.422293209 -0.247064690 0.846563550 -0.209660773
1642689815.690834999 -0.134236202 1.197953656 0.876332266 -0.421161779 -0.249216522 0.846660947 -0.208995505
1642689815.699167967 -0.131059492 1.195301828 0.877995712 -0.419945365 -0.251447830 0.846862110 -0.207952988
1642689815.707500935 -0.127758776 1.192773006 0.879675733 -0.418612230 -0.253494085 0.847297753 -0.206376036
1642689815.715833902 -0.124356991 1.190368417 0.881359418 -0.417243765 -0.255531354 0.847831117 -0.204435235
1642689815.724168062 -0.120861450 1.188068765 0.883051360 -0.415916987 -0.257476738 0.848479701 -0.201992542
1642689815.732501030 -0.117283107 1.185878933 0.884748543 -0.414606993 -0.259334974 0.849237344 -0.199103857
1642689815.740833998 -0.113644141 1.183793604 0.886445722 -0.413306083 -0.261091089 0.850117584 -0.195728433
1642689815.749167919 -0.109968207 1.181788026 0.888148309 -0.412112837 -0.262770936 0.851047612 -0.191917710
1642689815.757500887 -0.106237543 1.179834535 0.889852050 -0.410908609 -0.264411566 0.852082110 -0.187607879
1642689815.765835047 -0.102503206 1.177915253 0.891565949 -0.409816952 -0.266048280 0.853125389 -0.182880972
1642689815.774168015 -0.098788046 1.176039185 0.893274431 -0.408818349 -0.267661645 0.854155797 -0.177883882
1642689815.782500982 -0.095083484 1.174205580 0.894956641 -0.407838456 -0.269238377 0.855208274 -0.172618939
1642689815.790833950 -0.091439761 1.172406201 0.896608029 -0.406986888 -0.270779062 0.856217080 -0.167130742
1642689815.799168110 -0.087817249 1.170651149 0.898209647 -0.406108953 -0.272294706 0.857257428 -0.161371660
1642689815.807501078 -0.084307036 1.168946368 0.899770968 -0.405497655 -0.273814922 0.858121904 -0.155640093
1642689815.815834999 -0.080848240 1.167280584 0.901255997 -0.404858622 -0.275388421 0.858971020 -0.149731427
1642689815.824167967 -0.077499956 1.165672876 0.902681152 -0.404347367 -0.277001073 0.859700752 -0.143834034
1642689815.832500935 -0.074270008 1.164109925 0.904040956 -0.403950474 -0.278706948 0.860293931 -0.137988422
1642689815.840833902 -0.071167106 1.162600151 0.905311948 -0.403697719 -0.280455467 0.860743008 -0.132266234
1642689815.849168062 -0.068320351 1.161372769 0.906670898 -0.403643149 -0.280105174 0.861962045 -0.125038923
1642689815.857501030 -0.065552044 1.160092296 0.907957806 -0.403515936 -0.280665353 0.862777527 -0.118392513
1642689815.865833998 -0.062618651 1.158643903 0.909068075 -0.402501036 -0.282231423 0.863660950 -0.111481406
1642689815.874167919 -0.059932562 1.157281168 0.910165486 -0.401872139 -0.283904474 0.864219015 -0.104988225
1642689815.882500887 -0.057335168 1.155961115 0.911141408 -0.400892999 -0.285590303 0.864891924 -0.098412102
1642689815.890835047 -0.055141908 1.154817848 0.912198811 -0.400925271 -0.287377242 0.864907672 -0.092779126
1642689815.899168015 -0.052947913 1.153700188 0.913073318 -0.400237642 -0.289198504 0.865249705 -0.086700653
1642689815.907500982 -0.051130585 1.152905336 0.914004259 -0.399987369 -0.288580840 0.866264742 -0.079477038
1642689815.915833950 -0.049438342 1.152054935 0.914784005 -0.399769407 -0.290191402 0.866335375 -0.073731866
1642689815.924168110 -0.048088967 1.151343086 0.915537102 -0.400557638 -0.291862923 0.865760440 -0.069487215
1642689815.932501078 -0.046911209 1.150801637 0.916213444 -0.400929480 -0.293378283 0.865423783 -0.065010857
1642689815.940834999 -0.045894066 1.150428207 0.916775926 -0.400854695 -0.295112151 0.865199606 -0.060448107
1642689815.949167967 -0.045154373 1.150267613 0.917237822 -0.400910699 -0.296693294 0.864915608 -0.056255589
1642689815.957500935 -0.044714159 1.150333554 0.917611279 -0.401213023 -0.298058678 0.864547775 -0.052404952
1642689815.965833902 -0.044566421 1.150646762 0.917877935 -0.401703380 -0.299196927 0.864131288 -0.048915349
1642689815.974168062 -0.044745456 1.151216338 0.918038613 -0.402520615 -0.299961581 0.863655484 -0.045819322
1642689815.982501030 -0.045176504 1.152072162 0.918092128 -0.403376881 -0.300430465 0.863238735 -0.042982718
1642689815.990833998 -0.045891422 1.153197667 0.918050252 -0.404455796 -0.300571688 0.862804968 -0.040493919
1642689815.999167919 -0.046876229 1.154583153 0.917904048 -0.405624527 -0.300452372 0.862398141 -0.038295709
1642689816.007500887 -0.048272135 1.156318373 0.917764314 -0.407511143 -0.300011477 0.861723404 -0.036885739
1642689816.015835047 -0.049801174 1.158252779 0.917465922 -0.409000749 -0.299419385 0.861283709 -0.035451260
1642689816.024168015 -0.051481633 1.160402196 0.917040505 -0.410229789 -0.298643980 0.861023128 -0.034094962
1642689816.032500982 -0.053395537 1.162803708 0.916530794 -0.411552738 -0.297662870 0.860771543 -0.033068253
1642689816.040833950 -0.055490489 1.165439588 0.915908301 -0.412739131 -0.296557121 0.860615149 -0.032277682
1642689816.049168110 -0.057788719 1.168324505 0.915197185 -0.414019158 -0.295221669 0.860475865 -0.031836909
1642689816.057501078 -0.060266494 1.171444765 0.914391035 -0.415343143 -0.293606033 0.860395176 -0.031712960
1642689816.065834999 -0.062922154 1.174782665 0.913494479 -0.416713021 -0.291763530 0.860351948 -0.031919060
1642689816.074167967 -0.065708026 1.178296899 0.912501152 -0.418004962 -0.289796435 0.860374603 -0.032332967
1642689816.082500935 -0.068634630 1.182006434 0.911422051 -0.419260575 -0.287597483 0.860475754 -0.033011130
1642689816.090833902 -0.071701421 1.185867159 0.910280949 -0.420512741 -0.285219202 0.860623280 -0.033861659
1642689816.099168062 -0.074917049 1.189874455 0.909094374 -0.421866137 -0.282752474 0.860727973 -0.035033674
1642689816.107501030 -0.078213145 1.194039998 0.907863556 -0.423042282 -0.280217289 0.860910734 -0.036690689
1642689816.115833998 -0.081621324 1.198283095 0.906554372 -0.424174004 -0.277611717 0.861129852 -0.038256067
1642689816.124167919 -0.085151419 1.202606084 0.905179838 -0.425387323 -0.274991335 0.861295272 -0.039948022
1642689816.132500887 -0.088795288 1.206995758 0.903750574 -0.426646517 -0.272299326 0.861441823 -0.041758980
1642689816.140835047 -0.092573342 1.211470390 0.902272111 -0.428086061 -0.269497089 0.861503263 -0.043883607
1642689816.149168015 -0.096423188 1.215972496 0.900713657 -0.429493407 -0.266609703 0.861588486 -0.046043035
1642689816.157500982 -0.100352315 1.220484248 0.899088472 -0.430942017 -0.263733351 0.861629206 -0.048257733
1642689816.165833950 -0.104379483 1.224989988 0.897420189 -0.432614772 -0.260821142 0.861541569 -0.050625242
1642689816.174168110 -0.108377549 1.229443345 0.895644604 -0.433722140 -0.258388695 0.861597668 -0.052629332
1642689816.182501078 -0.112501163 1.233884713 0.893826554 -0.435263668 -0.255823875 0.861444553 -0.054890488
1642689816.190834999 -0.116753866 1.238297400 0.891977791 -0.437295586 -0.253081013 0.861059377 -0.057439705
1642689816.199167967 -0.121054026 1.242621281 0.890060859 -0.439414972 -0.250457403 0.860572899 -0.059998807
1642689816.207500935 -0.125339236 1.246854135 0.888067169 -0.441216069 -0.248228777 0.860129891 -0.062349216
1642689816.215833902 -0.129713764 1.251033230 0.886030395 -0.443365074 -0.245927534 0.859494960 -0.064926678
1642689816.224168062 -0.134172917 1.255128577 0.883909908 -0.445877693 -0.243442366 0.858685373 -0.067737188
1642689816.232501030 -0.138582906 1.259087992 0.881679965 -0.447869060 -0.241307999 0.858037164 -0.070398715
1642689816.240833998 -0.143192175 1.262946896 0.879444368 -0.450700339 -0.239082869 0.856922008 -0.073438804
1642689816.249167919 -0.147790754 1.266681682 0.877135831 -0.453431301 -0.236931559 0.855794020 -0.076681723
1642689816.257500887 -0.152377577 1.270270026 0.874751318 -0.455978993 -0.234881148 0.854694337 -0.080072429
1642689816.265835047 -0.156897938 1.273735347 0.872309473 -0.458109807 -0.233012248 0.853752121 -0.083354745
1642689816.274168015 -0.161439688 1.277020132 0.869765557 -0.460237335 -0.231305181 0.852719633 -0.086883465
1642689816.282500982 -0.165995720 1.280147862 0.867118383 -0.462295112 -0.229709086 0.851641644 -0.090683377
1642689816.290833950 -0.170530014 1.283135514 0.864376426 -0.464239465 -0.228143761 0.850571814 -0.094655865
1642689816.299168110 -0.175054171 1.285963263 0.861534376 -0.466042567 -0.226631293 0.849513609 -0.098839320
1642689816.307501078 -0.179668618 1.288628877 0.858578828 -0.468101772 -0.225060055 0.848230039 -0.103607447
1642689816.315834999 -0.184202707 1.291110901 0.855535444 -0.469714805 -0.223652736 0.847117591 -0.108347786
1642689816.324167967 -0.188674525 1.293438996 0.852423248 -0.470907694 -0.222308486 0.846178924 -0.113164084
1642689816.332500935 -0.193109294 1.295567688 0.849209720 -0.471646010 -0.221564465 0.845159449 -0.119015692
1642689816.340833902 -0.197566075 1.297534874 0.845930428 -0.472323185 -0.220652537 0.844223232 -0.124540763
1642689816.349168062 -0.202050134 1.299364058 0.842569665 -0.472871376 -0.219538186 0.843402416 -0.129876907
1642689816.357501030 -0.206530513 1.301044345 0.839117360 -0.473126339 -0.218499146 0.842658455 -0.135411669
1642689816.365833998 -0.210999251 1.302568128 0.835593313 -0.473239678 -0.217521122 0.841905459 -0.141152282
1642689816.374167919 -0.215479130 1.303927858 0.832011982 -0.473307463 -0.216579529 0.841096114 -0.147073724
1642689816.382500887 -0.219925217 1.305084730 0.828384072 -0.473266157 -0.215686830 0.840312885 -0.152880970
1642689816.390835047 -0.224312124 1.306024566 0.824723025 -0.473077972 -0.214940026 0.839552802 -0.158584711
1642689816.399168015 -0.228652496 1.306758105 0.821043549 -0.472819935 -0.214333737 0.838772985 -0.164201821
1642689816.407500982 -0.232966951 1.307293798 0.817353250 -0.472566252 -0.213796907 0.837953308 -0.169724112
1642689816.415833950 -0.237151708 1.307625275 0.813679575 -0.472006072 -0.213411935 0.837333636 -0.174751242
1642689816.424168110 -0.241330093 1.307737415 0.809988759 -0.471677790 -0.213047075 0.836556386 -0.179734300
1642689816.432501078 -0.245615768 1.307636468 0.806248396 -0.472050296 -0.212608506 0.835279226 -0.185134423
1642689816.440834999 -0.249683060 1.307319453 0.802533443 -0.471970793 -0.212463513 0.834293213 -0.189888549
1642689816.449167967 -0.253668311 1.306701563 0.798782072 -0.471996721 -0.213198729 0.832922442 -0.194950258
1642689816.457500935 -0.257768695 1.305926699 0.795005468 -0.472876772 -0.213485236 0.831081003 -0.200289736
1642689816.465833902 -0.261750209 1.305083906 0.791254073 -0.473688112 -0.213555840 0.829321829 -0.205520752
1642689816.474168062 -0.265623738 1.303907503 0.787530221 -0.474643093 -0.213832160 0.827614414 -0.209866919
1642689816.482501030 -0.269406455 1.302563095 0.783833227 -0.475751121 -0.214122679 0.825836661 -0.214023734
1642689816.490833998 -0.273098082 1.301065366 0.780166078 -0.477053520 -0.214606196 0.823848240 -0.218261764
1642689816.499167919 -0.276672660 1.299384162 0.776510087 -0.478462048 -0.215299471 0.821758587 -0.222335401
1642689816.507500887 -0.280125345 1.297549197 0.772882285 -0.480024305 -0.215993520 0.819613171 -0.226180714
1642689816.515835047 -0.283467951 1.295586060 0.769270329 -0.481774260 -0.216644491 0.817383074 -0.229877439
1642689816.524168015 -0.286568136 1.293512626 0.765638552 -0.483077377 -0.217494441 0.815460785 -0.233144000
1642689816.532500982 -0.289639411 1.291287199 0.762040917 -0.485087568 -0.218194177 0.813072693 -0.236630829
1642689816.540833950 -0.292562377 1.288922687 0.758453591 -0.487159682 -0.218994116 0.810641461 -0.239953002
1642689816.549168110 -0.295311226 1.286469606 0.754873411 -0.489075992 -0.219855875 0.808337580 -0.243019391
1642689816.557501078 -0.297907479 1.283932901 0.751304108 -0.490964115 -0.220749839 0.806051630 -0.245976660
1642689816.565834999 -0.300338590 1.281311340 0.747749376 -0.492748035 -0.221684238 0.803853530 -0.248746811
1642689816.574167967 -0.302637124 1.278619871 0.744212266 -0.494493099 -0.222724635 0.801661664 -0.251413779
1642689816.582500935 -0.304809344 1.275876321 0.740694030 -0.496200800 -0.223741439 0.799495188 -0.254031453
1642689816.590833902 -0.306825860 1.273089225 0.737180455 -0.497754118 -0.224766967 0.797434483 -0.256551932
1642689816.599168062 -0.308717094 1.270264258 0.733676103 -0.499207309 -0.225803959 0.795435321 -0.259012134
1642689816.607501030 -0.310561884 1.267530127 0.730217572 -0.500777404 -0.226016271 0.793627838 -0.261330234
1642689816.615833998 -0.312191162 1.264713462 0.726753512 -0.501985743 -0.226628667 0.791960421 -0.263530745
1642689816.624167919 -0.313635167 1.261796513 0.723299489 -0.502991735 -0.227722970 0.790289992 -0.265675163
1642689816.632500887 -0.314981699 1.258883826 0.719875230 -0.504065776 -0.228700709 0.788618863 -0.267757293
1642689816.640835047 -0.316180220 1.255953168 0.716485265 -0.505062804 -0.229659641 0.787057894 -0.269643998
1642689816.649168015 -0.317264796 1.253014318 0.713144608 -0.506060205 -0.230648692 0.785521353 -0.271404596
1642689816.657500982 -0.318188121 1.250111634 0.709884648 -0.506833190 -0.231758878 0.784216501 -0.272786399
1642689816.665833950 -0.319095114 1.247220904 0.706653024 -0.507901142 -0.232818156 0.782662531 -0.274356519
1642689816.674168110 -0.319903580 1.244289964 0.703468623 -0.509146206 -0.233852368 0.781003150 -0.275893622
1642689816.682501078 -0.320605445 1.241409698 0.700375853 -0.510341532 -0.234936823 0.779465911 -0.277108470
1642689816.690834999 -0.321379366 1.238553287 0.697445541 -0.512285619 -0.236118369 0.777415456 -0.278274629
1642689816.699167967 -0.322012252 1.235781161 0.694574987 -0.513878115 -0.237255067 0.775708905 -0.279132604
1642689816.707500935 -0.322490072 1.233096322 0.691754826 -0.515068852 -0.238413205 0.774382348 -0.279634048
1642689816.715833902 -0.322863340 1.230525919 0.688996503 -0.516114302 -0.239564803 0.773220145 -0.279938100
1642689816.724168062 -0.323154401 1.227983131 0.686361505 -0.517331740 -0.240809394 0.772057231 -0.279832699
1642689816.732501030 -0.323434756 1.225518348 0.683840867 -0.518894477 -0.242096278 0.770720995 -0.279512184
1642689816.740833998 -0.323638582 1.223121203 0.681446630 -0.520732057 -0.243378057 0.769337782 -0.278791362
1642689816.749167919 -0.323654335 1.221178230 0.678884702 -0.521662842 -0.244271741 0.768591904 -0.278326572
1642689816.757500887 -0.323566461 1.218832976 0.676725156 -0.523708182 -0.245843114 0.767367110 -0.276475353
1642689816.765835047 -0.323752050 1.216596533 0.674764600 -0.527286446 -0.247554620 0.764918106 -0.274929092
1642689816.774168015 -0.323403938 1.214716016 0.672659678 -0.529497405 -0.248834120 0.763850596 -0.272481827
1642689816.782500982 -0.322914588 1.212984547 0.670644489 -0.531875833 -0.250140828 0.762794256 -0.269597085
1642689816.790833950 -0.322458903 1.211401687 0.668769823 -0.535023898 -0.251277754 0.761351283 -0.266370312
1642689816.799168110 -0.321831445 1.210024563 0.666990159 -0.538115558 -0.252599808 0.759877234 -0.263080924
1642689816.807501078 -0.321062385 1.208792729 0.665310538 -0.541285563 -0.253888857 0.758514086 -0.259242683
1642689816.815834999 -0.320170014 1.207738487 0.663731421 -0.544517346 -0.255006638 0.757273449 -0.254969407
1642689816.824167967 -0.319181279 1.206882392 0.662285646 -0.547736786 -0.256083575 0.756106058 -0.250418141
1642689816.832500935 -0.318051629 1.206196963 0.660934321 -0.550835935 -0.256991269 0.755111265 -0.245646571
1642689816.840833902 -0.316804421 1.205694253 0.659690312 -0.553824845 -0.257693787 0.754283589 -0.240682823
1642689816.849168062 -0.315406155 1.205362640 0.658566638 -0.556512644 -0.258320481 0.753761172 -0.235389679
1642689816.857501030 -0.314013644 1.205240499 0.657532644 -0.559366325 -0.258739607 0.753126863 -0.230137040
1642689816.865833998 -0.312495778 1.205264546 0.656628345 -0.561967834 -0.259087221 0.752714766 -0.224691891
1642689816.874167919 -0.310765812 1.205396929 0.655859824 -0.564153764 -0.259439048 0.752666612 -0.218894684
1642689816.882500887 -0.308916075 1.205621091 0.655209153 -0.566080226 -0.259834098 0.752816169 -0.212854962
1642689816.890835047 -0.307012567 1.206048019 0.654636444 -0.567789810 -0.260050973 0.753135046 -0.206823175
1642689816.899168015 -0.305080859 1.206644910 0.654134215 -0.569320192 -0.260214137 0.753503999 -0.200984689
1642689816.907500982 -0.303064440 1.207378891 0.653704392 -0.570492659 -0.260377123 0.754130380 -0.195010896
1642689816.915833950 -0.300985521 1.208255679 0.653350102 -0.571316721 -0.260494415 0.754998644 -0.188989181
1642689816.924168110 -0.298763950 1.209177637 0.653090943 -0.571584101 -0.260783948 0.756221132 -0.182792084
1642689816.932501078 -0.296600095 1.210208797 0.652897677 -0.571835236 -0.260997631 0.757391717 -0.176755444
1642689816.940834999 -0.294480502 1.211345511 0.652764531 -0.571927240 -0.261131940 0.758642933 -0.170792978
1642689816.949167967 -0.292377983 1.212522404 0.652719410 -0.571861037 -0.261403519 0.759917274 -0.164829885
1642689816.957500935 -0.290334074 1.213755215 0.652769157 -0.571792492 -0.261714457 0.761132215 -0.158860444
1642689816.965833902 -0.288312523 1.214997300 0.652897507 -0.571444910 -0.262147984 0.762462008 -0.152907930
1642689816.974168062 -0.286402957 1.216265388 0.653073127 -0.571316806 -0.262499091 0.763685678 -0.146545283
1642689816.982501030 -0.284722920 1.217560366 0.653381593 -0.571716811 -0.262924834 0.764323264 -0.140784827
1642689816.990833998 -0.282873548 1.218795284 0.653735204 -0.571372904 -0.263574840 0.765445654 -0.134737742
1642689816.999167919 -0.281205462 1.220055242 0.654193625 -0.571519533 -0.264128152 0.766163429 -0.128822914
1642689817.007500887 -0.279542696 1.220765553 0.654605378 -0.571753740 -0.267006244 0.765771615 -0.124093350
1642689817.015835047 -0.278087506 1.222200406 0.655243613 -0.572225307 -0.266596967 0.766631706 -0.117303379
1642689817.024168015 -0.276629450 1.223607327 0.655980801 -0.572545446 -0.266526147 0.767324162 -0.111216706
1642689817.032500982 -0.275223212 1.224773363 0.656738033 -0.572900680 -0.267191339 0.767678919 -0.105179257
1642689817.040833950 -0.273566554 1.225670327 0.657455721 -0.572393546 -0.268730441 0.768370665 -0.098772969
1642689817.049168110 -0.272096146 1.226621299 0.658305181 -0.572325675 -0.270068057 0.768729407 -0.092529262
1642689817.057501078 -0.271016486 1.227735394 0.659350606 -0.573394386 -0.270803074 0.768354547 -0.086694077
1642689817.065834999 -0.269898579 1.228759200 0.660452682 -0.574236816 -0.271723302 0.768055154 -0.080683370
1642689817.074167967 -0.268560763 1.229614907 0.661571757 -0.574218068 -0.272963246 0.768299004 -0.074035920
1642689817.082500935 -0.267560186 1.230518192 0.662877961 -0.575296570 -0.274097836 0.767629043 -0.068190068
1642689817.090833902 -0.266387185 1.231259467 0.664232214 -0.575661599 -0.275546299 0.767375487 -0.061828975
1642689817.099168062 -0.265218985 1.231924303 0.665690222 -0.575878978 -0.277142840 0.767117608 -0.055550203
1642689817.107501030 -0.264172542 1.232535413 0.667281819 -0.576364421 -0.278809828 0.766559402 -0.049556208
1642689817.115833998 -0.263191617 1.233066014 0.668991259 -0.576912972 -0.280477136 0.765895758 -0.043677074
1642689817.124167919 -0.262248689 1.233502470 0.670795689 -0.577382853 -0.282244235 0.765194383 -0.038010368
1642689817.132500887 -0.261309756 1.233849504 0.672704249 -0.577574635 -0.284119557 0.764613835 -0.032392915
1642689817.140835047 -0.260401143 1.234124148 0.674722525 -0.577577705 -0.286076298 0.764089428 -0.027049806
1642689817.149168015 -0.259516398 1.234289834 0.676830497 -0.577364235 -0.288202159 0.763615100 -0.021955294
1642689817.157500982 -0.258722965 1.234368288 0.679053365 -0.577270826 -0.290140602 0.763075000 -0.017127985
1642689817.165833950 -0.257883583 1.234341509 0.681333570 -0.576620851 -0.292282426 0.762838334 -0.012532106
1642689817.174168110 -0.257021835 1.234194264 0.683696850 -0.575454186 -0.294659310 0.762864600 -0.008122379
1642689817.182501078 -0.256159000 1.233903825 0.686157301 -0.573935908 -0.297242760 0.763039310 -0.003914946
1642689817.190834999 -0.255266171 1.233418528 0.688661231 -0.571875437 -0.300043073 0.763500201 0.000284483
1642689817.199167967 -0.254452516 1.232821451 0.691252529 -0.569681004 -0.302975102 0.763972199 0.004015064
1642689817.207500935 -0.253734964 1.232139246 0.693940161 -0.567421128 -0.305981684 0.764432498 0.007171453
1642689817.215833902 -0.253104697 1.231344541 0.696681994 -0.565187202 -0.308845741 0.764904891 0.009911710
1642689817.224168062 -0.252469644 1.230389370 0.699456058 -0.562400454 -0.312087669 0.765605875 0.012436257
1642689817.232501030 -0.251845713 1.229295707 0.702275036 -0.559136781 -0.315578479 0.766525438 0.014664152
1642689817.240833998 -0.251273458 1.228073821 0.705144610 -0.555657851 -0.319158930 0.767533602 0.016555957
1642689817.249167919 -0.250738470 1.226710531 0.708043563 -0.551866864 -0.322854578 0.768687280 0.018103908
1642689817.257500887 -0.250158475 1.225172111 0.710961566 -0.547319456 -0.327066989 0.770124794 0.019401001
1642689817.265835047 -0.249658318 1.223527270 0.713928135 -0.542896474 -0.331119096 0.771501977 0.020205520
1642689817.274168015 -0.249233345 1.221769916 0.716914212 -0.538597733 -0.335069151 0.772798934 0.020565834
1642689817.282500982 -0.248981251 1.220020758 0.720016161 -0.534898291 -0.339350574 0.773535678 0.019171867
1642689817.290833950 -0.248357639 1.217999518 0.722938766 -0.529243923 -0.344133900 0.775323379 0.018611472
1642689817.299168110 -0.247566386 1.215863730 0.725762394 -0.522391284 -0.349495972 0.777571344 0.018512647
1642689817.307501078 -0.247422525 1.213836928 0.728840613 -0.518781066 -0.353339666 0.778289176 0.016829880
1642689817.315834999 -0.247053611 1.211675656 0.731778111 -0.514250950 -0.357236432 0.779542375 0.015549220
1642689817.324167967 -0.246664496 1.209561667 0.734714327 -0.509454124 -0.361430104 0.780789486 0.013876385
1642689817.332500935 -0.246384742 1.207454585 0.737659091 -0.505095517 -0.365410028 0.781801555 0.011847319
1642689817.340833902 -0.246069093 1.205286616 0.740533573 -0.500684602 -0.369316836 0.782830763 0.009798013
1642689817.349168062 -0.245919175 1.203029307 0.743266112 -0.496862614 -0.372944660 0.783551602 0.009311850
1642689817.357501030 -0.245617873 1.200900382 0.746153515 -0.493216207 -0.376465807 0.784200528 0.006387635
1642689817.365833998 -0.245323050 1.198790255 0.749037533 -0.490055580 -0.379735454 0.784624859 0.003216312
1642689817.374167919 -0.245086825 1.196639539 0.751831335 -0.487366087 -0.382731689 0.784850090 0.001043108
1642689817.382500887 -0.244818535 1.194511594 0.754606516 -0.485063154 -0.385411991 0.784965149 -0.001023931
1642689817.390835047 -0.244516280 1.192394424 0.757370961 -0.483179481 -0.387838916 0.784926422 -0.003012771
1642689817.399168015 -0.244158742 1.190299842 0.760122595 -0.481612246 -0.389946814 0.784835862 -0.004878221
1642689817.407500982 -0.243760227 1.188248885 0.762879418 -0.480390613 -0.391756899 0.784669658 -0.006702079
1642689817.415833950 -0.243248284 1.186209449 0.765627635 -0.479330950 -0.393376042 0.784490798 -0.008444966
1642689817.424168110 -0.242574174 1.184178584 0.768351848 -0.478076970 -0.394990012 0.784428365 -0.009871174
1642689817.432501078 -0.241868792 1.182198812 0.771083155 -0.477437218 -0.395932901 0.784322145 -0.011384773
1642689817.440834999 -0.241060859 1.180262125 0.773827965 -0.477077980 -0.396559100 0.784201760 -0.012848400
1642689817.449167967 -0.240018926 1.178339196 0.776550471 -0.476439308 -0.397072898 0.784310263 -0.014003975
1642689817.457500935 -0.238810116 1.176465643 0.779268458 -0.475769789 -0.397244898 0.784611264 -0.014992108
1642689817.465833902 -0.237464328 1.174656157 0.782009170 -0.475227855 -0.397013540 0.785038345 -0.015922654
1642689817.474168062 -0.235935374 1.172919706 0.784780251 -0.474626853 -0.396430421 0.785676213 -0.016886679
1642689817.482501030 -0.234138997 1.171245534 0.787561383 -0.473425896 -0.395763444 0.786718846 -0.017682600
1642689817.490833998 -0.232269555 1.169643274 0.790394340 -0.472654177 -0.394437754 0.787822634 -0.018771913
1642689817.499167919 -0.230236532 1.168109068 0.793269039 -0.471742909 -0.392794398 0.789158134 -0.020015717
1642689817.507500887 -0.227980989 1.166636150 0.796160534 -0.470395686 -0.391156670 0.790737450 -0.021415951
1642689817.515835047 -0.225541670 1.165219955 0.799061645 -0.468810830 -0.389388198 0.792504198 -0.023028984
1642689817.524168015 -0.222939976 1.163870608 0.801961011 -0.467069640 -0.387434039 0.794437389 -0.024699237
1642689817.532500982 -0.220153889 1.162589884 0.804833105 -0.465136718 -0.385340104 0.796531338 -0.026432279
1642689817.540833950 -0.217223020 1.161408420 0.807685254 -0.463182877 -0.383072164 0.798696101 -0.028317435
1642689817.549168110 -0.214075365 1.160274158 0.810471108 -0.461010799 -0.380726248 0.801004624 -0.030135687
1642689817.557501078 -0.210839417 1.159227258 0.813230011 -0.458947648 -0.378233133 0.803290868 -0.032101934
1642689817.565834999 -0.207468138 1.158256478 0.815943706 -0.456777990 -0.375659901 0.805652008 -0.034034521
1642689817.574167967 -0.203944074 1.157330022 0.818609237 -0.454438333 -0.373099410 0.808080356 -0.035899449
1642689817.582500935 -0.200327097 1.156462908 0.821245588 -0.452064775 -0.370561160 0.810491183 -0.037761216
1642689817.590833902 -0.196628938 1.155656651 0.823852361 -0.449619256 -0.368073431 0.812884310 -0.039794129
1642689817.599168062 -0.192867545 1.154939192 0.826443373 -0.447086788 -0.365653175 0.815266484 -0.041853545
1642689817.607501030 -0.189058082 1.154295934 0.829002931 -0.444424607 -0.363393299 0.817617376 -0.043976192
1642689817.615833998 -0.185202275 1.153751733 0.831558983 -0.441745818 -0.361193490 0.819919284 -0.046176437
1642689817.624167919 -0.181310674 1.153307414 0.834098951 -0.439042125 -0.359139231 0.822142353 -0.048404309
1642689817.632500887 -0.177422924 1.152950035 0.836636591 -0.436472876 -0.357084345 0.824265791 -0.050676468
1642689817.640835047 -0.173522615 1.152702440 0.839166437 -0.433900190 -0.354949571 0.826396999 -0.053004029
1642689817.649168015 -0.169644725 1.152573925 0.841676229 -0.431392229 -0.352776998 0.828475193 -0.055479623
1642689817.657500982 -0.165772736 1.152565219 0.844157117 -0.428832753 -0.350601715 0.830545655 -0.058093225
1642689817.665833950 -0.161916856 1.152678936 0.846594981 -0.426241280 -0.348396616 0.832611101 -0.060802324
1642689817.674168110 -0.158093662 1.152913102 0.848986787 -0.423734124 -0.346097483 0.834640933 -0.063564432
1642689817.682501078 -0.154306653 1.153287879 0.851325425 -0.421319868 -0.343579415 0.836676660 -0.066444869
1642689817.690834999 -0.150539165 1.153787081 0.853590641 -0.418917450 -0.340955808 0.838713779 -0.069401038
1642689817.699167967 -0.146797850 1.154410386 0.855783362 -0.416523168 -0.338173248 0.840780529 -0.072356119
1642689817.707500935 -0.143101818 1.155158812 0.857902212 -0.414233046 -0.335372128 0.842755870 -0.075492141
1642689817.715833902 -0.139354155 1.156008312 0.859907372 -0.411828369 -0.333561066 0.844255881 -0.079789835
1642689817.724168062 -0.135642467 1.157002794 0.861827528 -0.409371809 -0.331415251 0.845896153 -0.083894890
1642689817.732501030 -0.132037581 1.158165946 0.863684149 -0.407124933 -0.328607386 0.847695254 -0.087631226
1642689817.740833998 -0.128300974 1.159443869 0.865395821 -0.403868600 -0.326220129 0.849841615 -0.090773403
1642689817.749167919 -0.124687044 1.160853600 0.867030534 -0.400976664 -0.323546421 0.851854546 -0.094229831
1642689817.757500887 -0.121241507 1.162434873 0.868606301 -0.398661560 -0.320417103 0.853679834 -0.098145713
1642689817.765835047 -0.117870244 1.164165435 0.870095089 -0.396290206 -0.317178383 0.855521289 -0.102153173
1642689817.774168015 -0.114715967 1.166082280 0.871543235 -0.394544199 -0.313804013 0.857018232 -0.106684897
1642689817.782500982 -0.111595792 1.168135721 0.872876029 -0.392500258 -0.310398833 0.858622847 -0.111188663
1642689817.790833950 -0.108335922 1.169895654 0.873923374 -0.389804509 -0.309815262 0.859357652 -0.116496240
1642689817.799168110 -0.105315017 1.172188566 0.875049838 -0.387368433 -0.306822167 0.860807042 -0.121725474
1642689817.807501078 -0.102507854 1.174797182 0.876160570 -0.385148221 -0.302224648 0.862763172 -0.126336139
1642689817.815834999 -0.099741263 1.177400781 0.877087750 -0.382464065 -0.298013117 0.864749480 -0.130834848
1642689817.824167967 -0.097149291 1.180116991 0.877970582 -0.380145495 -0.293817646 0.866496382 -0.135442292
1642689817.832500935 -0.094733060 1.182949261 0.878816719 -0.378191823 -0.289579448 0.868015564 -0.140227209
1642689817.840833902 -0.092416764 1.185873681 0.879564786 -0.376135508 -0.285258343 0.869553723 -0.145003726
1642689817.849168062 -0.090236514 1.188900322 0.880223023 -0.374053538 -0.280854556 0.871050606 -0.149918346
1642689817.857501030 -0.088185335 1.192023666 0.880782128 -0.371890713 -0.276370690 0.872527073 -0.154961434
1642689817.865833998 -0.086257537 1.195227318 0.881240211 -0.369623537 -0.271903809 0.873957012 -0.160143375
1642689817.874167919 -0.084494914 1.198515011 0.881624316 -0.367391935 -0.267302728 0.875312529 -0.165530646
1642689817.882500887 -0.082932740 1.201903635 0.881954277 -0.365199515 -0.262446679 0.876604624 -0.171217371
1642689817.890835047 -0.081508400 1.205304076 0.882169622 -0.362896030 -0.257781013 0.877794444 -0.177009420
1642689817.899168015 -0.080048421 1.208692768 0.882273591 -0.359962696 -0.253243708 0.879212446 -0.182427949
1642689817.907500982 -0.078825026 1.212107305 0.882354012 -0.357242934 -0.248446933 0.880484330 -0.188146096
1642689817.915833950 -0.077973627 1.215560982 0.882439982 -0.355342634 -0.243154185 0.881321185 -0.194629453
1642689817.924168110 -0.077176252 1.218958650 0.882442725 -0.353004780 -0.237825559 0.882329288 -0.200802531
1642689817.932501078 -0.076421341 1.222289577 0.882379207 -0.350116921 -0.232636566 0.883440294 -0.206958006
1642689817.940834999 -0.075903041 1.225578757 0.882274679 -0.347408241 -0.227392799 0.884371104 -0.213278644
1642689817.949167967 -0.075550799 1.228797413 0.882125509 -0.344727090 -0.221995586 0.885265874 -0.219512017
1642689817.957500935 -0.075379420 1.231917319 0.881956152 -0.342098933 -0.216552636 0.886042723 -0.225835271
1642689817.965833902 -0.075381582 1.234924935 0.881770866 -0.339492649 -0.211172020 0.886691213 -0.232227932
1642689817.974168062 -0.075553169 1.237791512 0.881583228 -0.336937179 -0.205911155 0.887213985 -0.238590191
1642689817.982501030 -0.075882925 1.240507741 0.881378608 -0.334415788 -0.200775314 0.887632709 -0.244874516
1642689817.990833998 -0.076371148 1.243066565 0.881167481 -0.332012255 -0.195870229 0.887907957 -0.251042180
1642689817.999167919 -0.077010337 1.245425886 0.880967923 -0.329840073 -0.191221316 0.888036744 -0.256964349
1642689818.007500887 -0.077718174 1.247580375 0.880780580 -0.327450710 -0.187068763 0.888234133 -0.262338397
1642689818.015835047 -0.078624347 1.249558704 0.880653760 -0.325547498 -0.183130742 0.888170288 -0.267648085
1642689818.024168015 -0.079722591 1.251331131 0.880617271 -0.324254109 -0.179475294 0.887817174 -0.272815978
1642689818.032500982 -0.080959398 1.252890134 0.880662580 -0.323256034 -0.176320059 0.887310856 -0.277662056
1642689818.040833950 -0.082336818 1.254236610 0.880795538 -0.322575124 -0.173644113 0.886663364 -0.282172095
1642689818.049168110 -0.083856484 1.255364369 0.881036693 -0.322332842 -0.171517703 0.885812778 -0.286389488
1642689818.057501078 -0.085622982 1.256306570 0.881387599 -0.322939588 -0.169860128 0.884545891 -0.290578951
1642689818.065834999 -0.087432095 1.257037412 0.881799203 -0.323479365 -0.168739421 0.883371686 -0.294181191
1642689818.074167967 -0.089369816 1.257579947 0.882302602 -0.324500417 -0.168025433 0.882020019 -0.297502300
1642689818.082500935 -0.091448164 1.257948536 0.882852830 -0.326048790 -0.167644615 0.880471124 -0.300596191
1642689818.090833902 -0.093646698 1.258158314 0.883440797 -0.328000116 -0.167569688 0.878768806 -0.303482634
1642689818.099168062 -0.096045663 1.258217668 0.884070266 -0.330768681 -0.167703443 0.876662548 -0.306480688
1642689818.107501030 -0.098464576 1.258119782 0.884689261 -0.333342268 -0.168223840 0.874676026 -0.309072034
1642689818.115833998 -0.100989395 1.257885998 0.885276661 -0.336338131 -0.168812994 0.872519378 -0.311590709
1642689818.124167919 -0.103603137 1.257512199 0.885831986 -0.339621414 -0.169544351 0.870244471 -0.313984981
1642689818.132500887 -0.106219311 1.257022140 0.886306483 -0.342685840 -0.170430981 0.868123369 -0.316040364
1642689818.140835047 -0.108891791 1.256411369 0.886711782 -0.345911690 -0.171290700 0.865947703 -0.318023859
1642689818.149168015 -0.111649031 1.255724880 0.887056001 -0.349182925 -0.172278246 0.863705109 -0.320007775
1642689818.157500982 -0.114400850 1.254938869 0.887324507 -0.352265174 -0.173485923 0.861580795 -0.321699264
1642689818.165833950 -0.117172336 1.254046055 0.887498477 -0.355356142 -0.174625379 0.859470945 -0.323322879
1642689818.174168110 -0.119881754 1.253062729 0.887574326 -0.358097090 -0.175834735 0.857627255 -0.324536763
1642689818.182501078 -0.122632248 1.251984816 0.887600637 -0.361134028 -0.177049404 0.855636117 -0.325764573
1642689818.190834999 -0.125324904 1.250796929 0.887539741 -0.364109574 -0.178271842 0.853769557 -0.326681668
1642689818.199167967 -0.127955337 1.249509228 0.887394528 -0.366904705 -0.179601914 0.852078266 -0.327241070
1642689818.207500935 -0.130558720 1.248114163 0.887167620 -0.369699149 -0.180994815 0.850427665 -0.327622042
1642689818.215833902 -0.133111332 1.246613560 0.886858851 -0.372400753 -0.182462067 0.848896108 -0.327720416
1642689818.224168062 -0.135628334 1.245000422 0.886479042 -0.375121941 -0.183991170 0.847430815 -0.327554260
1642689818.232501030 -0.138088242 1.243267630 0.886007828 -0.377756655 -0.185596208 0.846066535 -0.327147330
1642689818.240833998 -0.140529546 1.241414821 0.885452790 -0.380458562 -0.187335530 0.844761814 -0.326395709
1642689818.249167919 -0.142950642 1.239445790 0.884823598 -0.383187991 -0.189056608 0.843483665 -0.325514777
1642689818.257500887 -0.145334208 1.237355252 0.884124237 -0.385857341 -0.190837825 0.842229058 -0.324569332
1642689818.265835047 -0.147732790 1.235150485 0.883366605 -0.388687103 -0.192716876 0.840882656 -0.323572096
1642689818.274168015 -0.150090481 1.232829996 0.882523792 -0.391512409 -0.194662385 0.839596045 -0.322339993
1642689818.282500982 -0.152452756 1.230382769 0.881599083 -0.394470775 -0.196676527 0.838246890 -0.321019162
1642689818.290833950 -0.154844291 1.227818462 0.880598304 -0.397561230 -0.198822411 0.836770912 -0.319732948
1642689818.299168110 -0.157248977 1.225125778 0.879511687 -0.400766159 -0.201161472 0.835192081 -0.318393994
1642689818.307501078 -0.159648008 1.222316722 0.878326612 -0.404035556 -0.203655364 0.833551585 -0.316972424
1642689818.315834999 -0.162083921 1.219404862 0.877055348 -0.407450134 -0.206327072 0.831750353 -0.315602404
1642689818.324167967 -0.164516486 1.216367539 0.875694546 -0.410972240 -0.209200574 0.829846977 -0.314151129
1642689818.332500935 -0.166943583 1.213219959 0.874253641 -0.414557957 -0.212247144 0.827878401 -0.312586313
1642689818.340833902 -0.169363704 1.209975235 0.872730473 -0.418117226 -0.215393426 0.825903909 -0.310912192
1642689818.349168062 -0.171783128 1.206621944 0.871129682 -0.421665187 -0.218724599 0.823875466 -0.309171857
1642689818.357501030 -0.174236000 1.203186651 0.869457775 -0.425284732 -0.222159756 0.821711558 -0.307519194
1642689818.365833998 -0.176688756 1.199631728 0.867694044 -0.428936025 -0.225906980 0.819445870 -0.305758710
1642689818.374167919 -0.179137657 1.195983433 0.865853938 -0.432480421 -0.229909075 0.817142331 -0.303942287
1642689818.382500887 -0.181568431 1.192199230 0.863944672 -0.436010103 -0.234078469 0.814733434 -0.302178576
1642689818.390835047 -0.183901466 1.188321312 0.861944469 -0.439091913 -0.238550872 0.812547090 -0.300098318
1642689818.399168015 -0.186276703 1.184364706 0.859868661 -0.442385246 -0.243014286 0.810156562 -0.298137042
1642689818.407500982 -0.188695779 1.180312021 0.857709947 -0.445994965 -0.247442888 0.807477769 -0.296378410
1642689818.415833950 -0.191167099 1.176167241 0.855489623 -0.450089826 -0.251682385 0.804484168 -0.294754728
1642689818.424168110 -0.193492841 1.171970019 0.853167646 -0.453582770 -0.256312020 0.801805682 -0.292702011
1642689818.432501078 -0.195863557 1.167731685 0.850777219 -0.457431654 -0.260766735 0.798808852 -0.290966336
1642689818.440834999 -0.198118438 1.163456754 0.848286310 -0.460797553 -0.265426742 0.796066175 -0.288951390
1642689818.449167967 -0.200419716 1.159122707 0.845733471 -0.464524134 -0.269972556 0.793061840 -0.287027988
1642689818.457500935 -0.202708129 1.154758442 0.843105864 -0.468304921 -0.274564402 0.789917105 -0.285194422
1642689818.465833902 -0.204915865 1.150355776 0.840401030 -0.471750596 -0.279448175 0.786858536 -0.283220296
1642689818.474168062 -0.207099756 1.145928303 0.837641253 -0.475175337 -0.284334520 0.783776474 -0.281170266
1642689818.482501030 -0.209160394 1.141522343 0.834797077 -0.477994191 -0.289570608 0.780974851 -0.278834535
1642689818.490833998 -0.211308914 1.137083202 0.831914288 -0.481453694 -0.294596454 0.777671763 -0.276842734
1642689818.499167919 -0.213314120 1.132666854 0.828953908 -0.484439649 -0.299719811 0.774677479 -0.274519700
1642689818.507500887 -0.215409135 1.128303206 0.825930216 -0.487817100 -0.304683704 0.771316856 -0.272530044
1642689818.515835047 -0.217496701 1.123959929 0.822842916 -0.491292243 -0.309619795 0.767842332 -0.270528497
1642689818.524168015 -0.219442578 1.119689012 0.819657269 -0.494258629 -0.314604962 0.764710668 -0.268234448
1642689818.532500982 -0.221347082 1.115694387 0.816381482 -0.496980230 -0.318741123 0.762075788 -0.265810536
1642689818.540833950 -0.223598850 1.111752856 0.813047179 -0.501296615 -0.322451163 0.758127526 -0.264517683
1642689818.549168110 -0.225439948 1.107822639 0.809582119 -0.504022305 -0.327187633 0.755085963 -0.262211665
1642689818.557501078 -0.227088775 1.103889871 0.805936863 -0.506190323 -0.332333278 0.752543519 -0.258851696
1642689818.565834999 -0.228952703 1.100195125 0.802194888 -0.509292867 -0.336755577 0.749420454 -0.256096546
1642689818.574167967 -0.230852082 1.096791063 0.798362195 -0.512619144 -0.340599883 0.746237182 -0.253660013
1642689818.582500935 -0.232785890 1.093575652 0.794408955 -0.516265339 -0.344206103 0.742877246 -0.251248197
1642689818.590833902 -0.234776671 1.090559065 0.790350942 -0.520343605 -0.347429053 0.739328597 -0.248855001
1642689818.599168062 -0.236795659 1.087787980 0.786216734 -0.524604399 -0.350276672 0.735792569 -0.246385417
1642689818.607501030 -0.238800892 1.085234198 0.782020046 -0.528816233 -0.352895159 0.732391885 -0.243763255
1642689818.615833998 -0.240912379 1.082947866 0.777812013 -0.533365536 -0.354874830 0.729028061 -0.241045941
1642689818.624167919 -0.243045925 1.080885481 0.773580596 -0.537983853 -0.356791892 0.725500664 -0.238582702
1642689818.632500887 -0.245027494 1.079050221 0.769321664 -0.541856867 -0.359055521 0.722339505 -0.235999804
1642689818.640835047 -0.247086727 1.077344304 0.765077274 -0.546387264 -0.360695771 0.718956248 -0.233369734
1642689818.649168015 -0.249142423 1.075899594 0.760823037 -0.550842672 -0.362064494 0.715834074 -0.230354578
1642689818.657500982 -0.251187791 1.074721475 0.756595549 -0.554986691 -0.363348715 0.712881309 -0.227525213
1642689818.665833950 -0.253155648 1.073757985 0.752404927 -0.558956601 -0.364372313 0.710094610 -0.224868809
1642689818.674168110 -0.255195951 1.072952083 0.748243509 -0.563223685 -0.365318563 0.706999194 -0.222426544
1642689818.682501078 -0.257167681 1.072405953 0.744110787 -0.567305613 -0.366066788 0.704085905 -0.220051101
1642689818.690834999 -0.259010006 1.072148271 0.740027040 -0.570993254 -0.366518765 0.701617008 -0.217633343
1642689818.699167967 -0.260736253 1.072160052 0.735996776 -0.574131976 -0.367040819 0.699540474 -0.215166532
1642689818.707500935 -0.262583236 1.072371795 0.732036702 -0.577967553 -0.366943193 0.697111960 -0.212934533
1642689818.715833902 -0.264444989 1.072767768 0.728169364 -0.581935345 -0.366584998 0.694653198 -0.210769135
1642689818.724168062 -0.266020254 1.073353957 0.724359788 -0.584929036 -0.366242509 0.693159070 -0.207978246
1642689818.732501030 -0.267448232 1.074167922 0.720648827 -0.587241998 -0.365981262 0.692214671 -0.205044876
1642689818.740833998 -0.269000074 1.075159138 0.717057895 -0.590163307 -0.365161477 0.690953736 -0.202354395
1642689818.749167919 -0.270532499 1.076314322 0.713562168 -0.593055312 -0.364158200 0.689799632 -0.199626323
1642689818.757500887 -0.271964650 1.077648866 0.710186087 -0.595493737 -0.363203163 0.689019848 -0.196779876
1642689818.765835047 -0.273349838 1.079144721 0.706908602 -0.597804357 -0.362141757 0.688418823 -0.193811308
1642689818.774168015 -0.274608327 1.080817484 0.703740269 -0.599533315 -0.361196205 0.688307852 -0.190602743
1642689818.782500982 -0.275956469 1.082621200 0.700680043 -0.601850666 -0.359735368 0.687914224 -0.187457358
1642689818.790833950 -0.277200558 1.084583400 0.697724957 -0.603833725 -0.358365587 0.687799936 -0.184092871
1642689818.799168110 -0.278457913 1.086648872 0.694883472 -0.606092518 -0.356729864 0.687598542 -0.180565525
1642689818.807501078 -0.279711647 1.088792067 0.692158407 -0.608461333 -0.355013858 0.687339651 -0.176929850
1642689818.815834999 -0.280876040 1.091048944 0.689562697 -0.610488714 -0.353386362 0.687375106 -0.173023332
1642689818.824167967 -0.282032396 1.093383095 0.687094764 -0.612530178 -0.351707474 0.687436482 -0.168937025
1642689818.832500935 -0.283086024 1.095773038 0.684758553 -0.614048024 -0.350436616 0.687768412 -0.164662729
1642689818.840833902 -0.284240185 1.098193356 0.682548006 -0.616126410 -0.348859028 0.687707145 -0.160450951
1642689818.849168062 -0.285388796 1.100634293 0.680478752 -0.618233131 -0.347227814 0.687643903 -0.156097738
1642689818.857501030 -0.286399390 1.103117302 0.678558314 -0.619517479 -0.346217349 0.688022955 -0.151512554
1642689818.865833998 -0.287364094 1.105603279 0.676750336 -0.620576862 -0.345392348 0.688489411 -0.146870062
1642689818.874167919 -0.288380938 1.108083858 0.675095659 -0.621953017 -0.344361993 0.688747336 -0.142184279
1642689818.882500887 -0.289469261 1.110541843 0.673568695 -0.623650472 -0.343316056 0.688683537 -0.137510581
1642689818.890835047 -0.290528682 1.112996831 0.672167443 -0.625216222 -0.342454678 0.688621363 -0.132778345
1642689818.899168015 -0.291544179 1.115409613 0.670908772 -0.626762476 -0.341549400 0.688583160 -0.127929811
1642689818.907500982 -0.292576393 1.117847640 0.669783117 -0.628092196 -0.340933422 0.688527727 -0.123264610
1642689818.915833950 -0.293499152 1.120289530 0.668797158 -0.628769246 -0.340617712 0.688883650 -0.118609127
1642689818.924168110 -0.294315069 1.122668871 0.667956140 -0.629075604 -0.340384293 0.689527740 -0.113815260
1642689818.932501078 -0.295241491 1.125063106 0.667255555 -0.629611050 -0.340083610 0.689904750 -0.109382355
1642689818.940834999 -0.296114557 1.127435450 0.666698396 -0.629957219 -0.339829268 0.690403796 -0.104940793
1642689818.949167967 -0.296856703 1.129781932 0.666290290 -0.629683714 -0.339775590 0.691344104 -0.100470388
1642689818.957500935 -0.297707160 1.132121281 0.666021123 -0.629813125 -0.339462989 0.691981873 -0.096236138
1642689818.965833902 -0.298448354 1.134444352 0.665895131 -0.629464868 -0.339463644 0.692872153 -0.092014099
1642689818.974168062 -0.299050910 1.136746321 0.665903130 -0.628466078 -0.339709103 0.694208984 -0.087761043
1642689818.982501030 -0.299621387 1.139047756 0.666041696 -0.627367567 -0.339795642 0.695667132 -0.083642687
1642689818.990833998 -0.300248235 1.141340312 0.666307640 -0.626652703 -0.339563440 0.696872591 -0.079822626
1642689818.999167919 -0.300845434 1.143670238 0.666675619 -0.625592022 -0.339411469 0.698270893 -0.076499917
1642689819.007500887 -0.301097840 1.145919778 0.667124880 -0.623052364 -0.339930828 0.700671711 -0.072883036
1642689819.015835047 -0.301339995 1.148117749 0.667663911 -0.620611969 -0.340210085 0.703051665 -0.069399130
1642689819.024168015 -0.301582635 1.150348090 0.668296169 -0.618051980 -0.340584128 0.705424271 -0.066263114
1642689819.032500982 -0.301726411 1.152585688 0.669030475 -0.614970093 -0.341142778 0.708114219 -0.063305945
1642689819.040833950 -0.302055421 1.154862026 0.669823487 -0.612769811 -0.341055768 0.710268719 -0.060930027
1642689819.049168110 -0.302370626 1.157176998 0.670695221 -0.610461536 -0.340911208 0.712506291 -0.058745608
1642689819.057501078 -0.302523331 1.159515349 0.671636981 -0.607280898 -0.341195115 0.715261069 -0.056545616
1642689819.065834999 -0.302785360 1.161895640 0.672667313 -0.604672003 -0.340992808 0.717702131 -0.054766094
1642689819.074167967 -0.302958306 1.164293568 0.673746014 -0.601610587 -0.340932386 0.720423977 -0.053095228
1642689819.082500935 -0.303078281 1.166746043 0.674890255 -0.598209711 -0.340885544 0.723389496 -0.051476453
1642689819.090833902 -0.303205371 1.169196612 0.676076147 -0.595052500 -0.340462314 0.726286516 -0.050058282
1642689819.099168062 -0.303332969 1.171676831 0.677308335 -0.591993918 -0.339766727 0.729189008 -0.048838125
1642689819.107501030 -0.303454302 1.174252103 0.678614781 -0.588839368 -0.338877410 0.732228166 -0.047667723
1642689819.115833998 -0.303591870 1.176873785 0.679969525 -0.585813305 -0.337626030 0.735298814 -0.046552012
1642689819.124167919 -0.303767329 1.179538107 0.681377311 -0.582981637 -0.335941236 0.738381688 -0.045479442
1642689819.132500887 -0.303944834 1.182260382 0.682837512 -0.580138413 -0.333966432 0.741569931 -0.044495865
1642689819.140835047 -0.304176671 1.185047284 0.684364331 -0.577516687 -0.331607105 0.744721730 -0.043597583
1642689819.149168015 -0.304516169 1.187899191 0.685969357 -0.575397905 -0.328721891 0.747673302 -0.042939512
1642689819.157500982 -0.304855010 1.190790852 0.687613397 -0.573121825 -0.325688389 0.750779952 -0.042283682
1642689819.165833950 -0.305070283 1.193689275 0.689260694 -0.570073078 -0.322946400 0.754317620 -0.041560032
1642689819.174168110 -0.305449137 1.196607144 0.690979355 -0.567743546 -0.319608297 0.757510643 -0.041175574
1642689819.182501078 -0.305877737 1.199499006 0.692743532 -0.565425132 -0.316223261 0.760672192 -0.040927802
1642689819.190834999 -0.306287750 1.202335437 0.694532961 -0.562728313 -0.313111217 0.763971802 -0.040562272
1642689819.199167967 -0.306752422 1.205137436 0.696371225 -0.560101359 -0.310018536 0.767163792 -0.040431327
1642689819.207500935 -0.307273745 1.207907003 0.698238906 -0.557490039 -0.306985495 0.770283722 -0.040345377
1642689819.215833902 -0.307983517 1.210680775 0.700202552 -0.555497994 -0.303817709 0.772960142 -0.040612767
1642689819.224168062 -0.308461087 1.213288331 0.702096821 -0.552601446 -0.300821069 0.776220138 -0.040256973
1642689819.232501030 -0.309210418 1.215968317 0.704108782 -0.550600822 -0.297631141 0.778856327 -0.040463073
1642689819.240833998 -0.309934111 1.218634778 0.706152433 -0.548456118 -0.294773242 0.781408096 -0.041303882
1642689819.249167919 -0.310712754 1.221200461 0.708199465 -0.546361133 -0.291925524 0.783895986 -0.042143624
1642689819.257500887 -0.311601594 1.223704876 0.710279630 -0.544469739 -0.288991215 0.786255211 -0.042889661
1642689819.265835047 -0.312454225 1.226074925 0.712355363 -0.542273576 -0.286283219 0.788722877 -0.043560419
1642689819.274168015 -0.313459230 1.228353218 0.714461454 -0.540526769 -0.283478838 0.790875193 -0.044575663
1642689819.282500982 -0.314443321 1.230507132 0.716578770 -0.538363874 -0.281163878 0.793120329 -0.045512165
1642689819.290833950 -0.315462796 1.232554829 0.718698305 -0.536173591 -0.278944269 0.795327110 -0.046505522
1642689819.299168110 -0.316567417 1.234493958 0.720848045 -0.534217246 -0.276732360 0.797345122 -0.047664361
1642689819.307501078 -0.317695235 1.236293393 0.723006120 -0.532270025 -0.274694448 0.799273085 -0.048929708
1642689819.315834999 -0.318809823 1.237945540 0.725172409 -0.530130900 -0.273200552 0.801128886 -0.050151731
1642689819.324167967 -0.319940690 1.239472557 0.727324771 -0.527998168 -0.271968378 0.802876470 -0.051385894
1642689819.332500935 -0.321143630 1.240912778 0.729468319 -0.526220126 -0.270751907 0.804355958 -0.052889294
1642689819.340833902 -0.322382788 1.242241033 0.731572401 -0.524602641 -0.269569317 0.805695892 -0.054576384
1642689819.349168062 -0.323571952 1.243405773 0.733613396 -0.522648625 -0.268673461 0.807145822 -0.056290393
1642689819.357501030 -0.324714346 1.244429164 0.735632018 -0.520360600 -0.268258981 0.808637735 -0.058025678
1642689819.365833998 -0.325860410 1.245324325 0.737607842 -0.518096469 -0.267996275 0.810042444 -0.059877246
1642689819.374167919 -0.327487670 1.246412149 0.739574567 -0.517303311 -0.267175746 0.810578136 -0.063067347
1642689819.382500887 -0.328984615 1.247284049 0.741521369 -0.516158108 -0.266698413 0.811219794 -0.066145360
1642689819.390835047 -0.329764081 1.247496431 0.743381812 -0.513100796 -0.267147174 0.812880822 -0.067710631
1642689819.399168015 -0.330548651 1.247604487 0.745157116 -0.509798617 -0.267953608 0.814534477 -0.069568808
1642689819.407500982 -0.331521909 1.247700645 0.746886371 -0.506872629 -0.269062350 0.815779359 -0.072039070
1642689819.415833950 -0.332517717 1.247616151 0.748569676 -0.504337231 -0.270320413 0.816684677 -0.074812901
1642689819.424168110 -0.333505323 1.247348321 0.750183235 -0.502034358 -0.271788763 0.817335263 -0.077816710
1642689819.432501078 -0.334432604 1.246897762 0.751715295 -0.499746366 -0.273607010 0.817827909 -0.080933836
1642689819.440834999 -0.335286897 1.246271130 0.753161159 -0.497499646 -0.275696144 0.818174686 -0.084118492
1642689819.449167967 -0.336034977 1.245488217 0.754509576 -0.495198744 -0.277963248 0.818472294 -0.087279667
1642689819.457500935 -0.336698805 1.244571830 0.755756220 -0.492983493 -0.280338061 0.818650111 -0.090497748
1642689819.465833902 -0.337259504 1.243538118 0.756883382 -0.490862002 -0.282721130 0.818735761 -0.093781723
1642689819.474168062 -0.337677832 1.242398507 0.757877145 -0.488714807 -0.285076867 0.818827390 -0.097008880
1642689819.482501030 -0.337983430 1.241197684 0.758733719 -0.486678449 -0.287250137 0.818886823 -0.100278700
1642689819.490833998 -0.338164391 1.239952402 0.759446565 -0.484824751 -0.289149632 0.818904700 -0.103597991
1642689819.499167919 -0.338182182 1.238664600 0.760009731 -0.483054726 -0.290875831 0.818918706 -0.106871585
1642689819.507500887 -0.338000715 1.237340681 0.760400303 -0.481265130 -0.292363178 0.819028143 -0.110002490
1642689819.515835047 -0.337653482 1.236008131 0.760625856 -0.479591627 -0.293583171 0.819159869 -0.113039381
1642689819.524168015 -0.337126616 1.234666913 0.760699998 -0.478064208 -0.294561299 0.819289499 -0.115986943
1642689819.532500982 -0.336427364 1.233318621 0.760622531 -0.476665038 -0.295204459 0.819470985 -0.118794247
1642689819.540833950 -0.335539462 1.231954832 0.760395201 -0.475276265 -0.295597552 0.819752370 -0.121410920
1642689819.549168110 -0.334493682 1.230586132 0.760040620 -0.474006732 -0.295739880 0.820047868 -0.124004175
1642689819.557501078 -0.333261055 1.229226226 0.759568491 -0.472741634 -0.295729189 0.820384422 -0.126605663
1642689819.565834999 -0.331862294 1.227807236 0.758982216 -0.471491880 -0.295507598 0.820829356 -0.128879150
1642689819.574167967 -0.330295410 1.226315026 0.758289918 -0.470243759 -0.295232225 0.821275666 -0.131206026
1642689819.582500935 -0.328566660 1.224793509 0.757481312 -0.469004641 -0.294827289 0.821805723 -0.133217378
1642689819.590833902 -0.326684944 1.223265034 0.756567553 -0.467818379 -0.294168573 0.822458421 -0.134807122
1642689819.599168062 -0.324655847 1.221709068 0.755555196 -0.466715549 -0.293432522 0.823103950 -0.136285870
1642689819.607501030 -0.322480326 1.220172343 0.754462478 -0.465586945 -0.292457841 0.823865732 -0.137631623
1642689819.615833998 -0.319969488 1.218640098 0.753204733 -0.463642084 -0.292502118 0.824622736 -0.139555983
1642689819.624167919 -0.317338085 1.217111919 0.751863807 -0.461739032 -0.292418348 0.825407515 -0.141389567
1642689819.632500887 -0.314674208 1.215616520 0.750477742 -0.460138439 -0.291590101 0.826354867 -0.142777677
1642689819.640835047 -0.311862578 1.214131821 0.749006224 -0.458337870 -0.290856325 0.827386155 -0.144087288
1642689819.649168015 -0.308978757 1.212620892 0.747504908 -0.456920928 -0.290124781 0.828186023 -0.145460607
1642689819.657500982 -0.306074427 1.211118608 0.746006247 -0.456090548 -0.289191792 0.828705094 -0.146960496
1642689819.665833950 -0.302990835 1.209638433 0.744448265 -0.454835880 -0.288375570 0.829473165 -0.148115228
1642689819.674168110 -0.299762771 1.208171305 0.742845266 -0.453257561 -0.287715219 0.830415146 -0.148957115
1642689819.682501078 -0.296391683 1.206727861 0.741186036 -0.451284056 -0.287203073 0.831571606 -0.149484982
1642689819.690834999 -0.293044899 1.205272422 0.739552904 -0.449997811 -0.286518176 0.832399748 -0.150066532
1642689819.699167967 -0.289679617 1.203806025 0.737912563 -0.449075715 -0.285773055 0.833052557 -0.150626033
1642689819.707500935 -0.286204641 1.202337599 0.736219906 -0.447877999 -0.285192477 0.833838888 -0.150941241
1642689819.715833902 -0.282589394 1.200857033 0.734443526 -0.446169388 -0.284886163 0.834856248 -0.150956274
1642689819.724168062 -0.279036635 1.199364823 0.732694186 -0.445167648 -0.284367621 0.835532629 -0.151149091
1642689819.732501030 -0.275506244 1.197848373 0.730952548 -0.444549787 -0.283812792 0.836007214 -0.151386012
1642689819.740833998 -0.271908155 1.196303450 0.729163501 -0.443740173 -0.283496825 0.836533799 -0.151444422
1642689819.749167919 -0.268284128 1.194752009 0.727357217 -0.442965953 -0.283231269 0.837042922 -0.151394711
1642689819.757500887 -0.264670276 1.193196957 0.725551472 -0.442356129 -0.282944103 0.837497136 -0.151202634
1642689819.765835047 -0.261055869 1.191632549 0.723748743 -0.441854259 -0.282781452 0.837869795 -0.150909481
1642689819.774168015 -0.257444320 1.190067427 0.721941413 -0.441423899 -0.282725856 0.838195131 -0.150465792
1642689819.782500982 -0.253885089 1.188527628 0.720144106 -0.441238157 -0.282751071 0.838356320 -0.150064656
1642689819.790833950 -0.250359035 1.187015920 0.718331873 -0.441169648 -0.282873785 0.838425791 -0.149646108
1642689819.799168110 -0.246850502 1.185556868 0.716483895 -0.441125695 -0.283057940 0.838472136 -0.149167023
1642689819.807501078 -0.243407981 1.184180622 0.714620773 -0.441293854 -0.283286146 0.838379324 -0.148757531
1642689819.815834999 -0.240042338 1.182905521 0.712735266 -0.441693562 -0.283488708 0.838168733 -0.148371578
1642689819.824167967 -0.236736491 1.181749163 0.710819196 -0.442213718 -0.283710254 0.837880289 -0.148027501
1642689819.832500935 -0.233559198 1.180787693 0.708882024 -0.443159383 -0.283634259 0.837419973 -0.147949843
1642689819.840833902 -0.230375035 1.180000127 0.706922659 -0.443835598 -0.283767180 0.837068677 -0.147655614
1642689819.849168062 -0.227035585 1.179382268 0.704908199 -0.443388890 -0.284488574 0.837221766 -0.146738742
1642689819.857501030 -0.223966502 1.178999552 0.702961683 -0.444233209 -0.284446971 0.836822059 -0.146545621
1642689819.865833998 -0.221031725 1.178834560 0.701035888 -0.445570249 -0.284131298 0.836203597 -0.146629135
1642689819.874167919 -0.218044726 1.178874757 0.699072930 -0.446251837 -0.284085978 0.835884109 -0.146465732
1642689819.882500887 -0.215089395 1.179138521 0.697090293 -0.446774138 -0.284056385 0.835630680 -0.146376929
1642689819.890835047 -0.212156396 1.179639134 0.695075261 -0.447097364 -0.283969919 0.835502523 -0.146289324
1642689819.899168015 -0.209294166 1.180407999 0.693031713 -0.447375768 -0.283700844 0.835437917 -0.146329217
1642689819.907500982 -0.206510202 1.181452500 0.690954976 -0.447629411 -0.283253541 0.835415566 -0.146547513
1642689819.915833950 -0.203787464 1.182763330 0.688844244 -0.447769105 -0.282631584 0.835496828 -0.146857978
1642689819.924168110 -0.201145372 1.184363255 0.686697805 -0.447830688 -0.281782286 0.835665439 -0.147342092
1642689819.932501078 -0.198487195 1.186197779 0.684473219 -0.447527797 -0.280667088 0.836155815 -0.147608635
1642689819.940834999 -0.196029568 1.188280664 0.682293388 -0.447679457 -0.279393724 0.836379580 -0.148295141
1642689819.949167967 -0.193864655 1.190654429 0.680213987 -0.448503456 -0.277906867 0.836207308 -0.149565243
1642689819.957500935 -0.191631580 1.193282195 0.678026853 -0.448499455 -0.276183759 0.836589253 -0.150629318
1642689819.965833902 -0.189411359 1.196121731 0.675801212 -0.448071880 -0.274258570 0.837284933 -0.151551204
1642689819.974168062 -0.187360717 1.199168359 0.673630279 -0.447840804 -0.272238604 0.837866939 -0.152655655
1642689819.982501030 -0.185431426 1.202444148 0.671488554 -0.447514809 -0.270065171 0.838521519 -0.153873201
1642689819.990833998 -0.183604971 1.205937625 0.669385034 -0.446959942 -0.267676536 0.839364978 -0.155056493
1642689819.999167919 -0.181933048 1.209625426 0.667355253 -0.446384936 -0.265077629 0.840264204 -0.156302293
1642689820.007500887 -0.180412206 1.213467135 0.665411894 -0.445757038 -0.262441458 0.841195804 -0.157527023
1642689820.015835047 -0.179023218 1.217424242 0.663556531 -0.444956638 -0.259802918 0.842216821 -0.158703687
1642689820.024168015 -0.177805764 1.221493845 0.661797185 -0.444135985 -0.257165503 0.843228006 -0.159923919
1642689820.032500982 -0.176769892 1.225654820 0.660142436 -0.443452147 -0.254526540 0.844157791 -0.161133666
1642689820.040833950 -0.175879044 1.229862933 0.658597163 -0.442797130 -0.252032689 0.844991111 -0.162481534
1642689820.049168110 -0.175127624 1.234112042 0.657132696 -0.442244316 -0.249693494 0.845763998 -0.163573786
1642689820.057501078 -0.174519020 1.238392295 0.655749430 -0.441922715 -0.247388543 0.846472074 -0.164281012
1642689820.065834999 -0.174036178 1.242677845 0.654464791 -0.441778492 -0.245192660 0.847084787 -0.164801964
1642689820.074167967 -0.173699584 1.246947516 0.653294905 -0.441907743 -0.243107557 0.847563006 -0.165085475
1642689820.082500935 -0.173510951 1.251220554 0.652231663 -0.442351198 -0.241037645 0.847904485 -0.165179467
1642689820.090833902 -0.173416532 1.255430180 0.651317630 -0.442797203 -0.239223224 0.848226770 -0.164967372
1642689820.099168062 -0.173354258 1.259585784 0.650477073 -0.442710092 -0.237747360 0.848821899 -0.164272187
1642689820.107501030 -0.173646005 1.263727502 0.649840863 -0.443769647 -0.236276478 0.848731536 -0.164002151
1642689820.115833998 -0.173990542 1.267695298 0.649338662 -0.444896762 -0.234918659 0.848663221 -0.163250823
1642689820.124167919 -0.174271113 1.271463172 0.648895086 -0.445393896 -0.233859248 0.848994252 -0.161687631
1642689820.132500887 -0.174811853 1.275151443 0.648582141 -0.446541334 -0.232947987 0.848904465 -0.160303716
1642689820.140835047 -0.175695130 1.278866429 0.648434799 -0.448811888 -0.231518664 0.848277497 -0.159349572
1642689820.149168015 -0.176746508 1.282533654 0.648331006 -0.451352241 -0.230379977 0.847370939 -0.158646502
1642689820.157500982 -0.177749664 1.286052090 0.648195790 -0.453274388 -0.229956855 0.846677418 -0.157478643
1642689820.165833950 -0.178913295 1.289486252 0.648154365 -0.455890979 -0.229257411 0.845679507 -0.156302994
1642689820.174168110 -0.180213787 1.292894231 0.648185877 -0.458811243 -0.228471144 0.844537608 -0.155078716
1642689820.182501078 -0.181449076 1.296217923 0.648212715 -0.461084607 -0.227937468 0.843755762 -0.153367891
1642689820.190834999 -0.182800462 1.299485430 0.648294688 -0.463673266 -0.227180619 0.842831781 -0.151758551
1642689820.199167967 -0.184371738 1.302770666 0.648474403 -0.467010796 -0.225980442 0.841530450 -0.150533244
1642689820.207500935 -0.185918070 1.306014549 0.648736901 -0.470006367 -0.224817210 0.840461538 -0.148914876
1642689820.215833902 -0.187452404 1.309180729 0.649059603 -0.472635254 -0.223735951 0.839604458 -0.147045896
1642689820.224168062 -0.189075811 1.312279923 0.649456306 -0.475344486 -0.222497577 0.838715906 -0.145251768
1642689820.232501030 -0.190804748 1.315312391 0.649926375 -0.478220921 -0.221045200 0.837755753 -0.143558590
1642689820.240833998 -0.192502060 1.318253541 0.650494044 -0.480586563 -0.219783213 0.837068194 -0.141593552
1642689820.249167919 -0.194255187 1.321122365 0.651151299 -0.482724493 -0.218580639 0.836467737 -0.139718619
1642689820.257500887 -0.196128816 1.323875707 0.651853772 -0.484909699 -0.217488677 0.835795143 -0.137868554
1642689820.265835047 -0.198034496 1.326525025 0.652641411 -0.486822975 -0.216550441 0.835208153 -0.136149324
1642689820.274168015 -0.200095099 1.329096382 0.653504443 -0.488878544 -0.215643962 0.834418980 -0.135057090
1642689820.282500982 -0.202208414 1.331545907 0.654450336 -0.490658863 -0.215053310 0.833683305 -0.134082443
1642689820.290833950 -0.204350022 1.333873728 0.655501491 -0.492161941 -0.214770800 0.833028918 -0.133090003
1642689820.299168110 -0.206612999 1.336077962 0.656678964 -0.493963166 -0.214717681 0.832101420 -0.132302433
1642689820.307501078 -0.208896001 1.338156654 0.657913261 -0.495506632 -0.214815579 0.831277681 -0.131547942
1642689820.315834999 -0.211169280 1.340093047 0.659180418 -0.496611065 -0.215074400 0.830674181 -0.130770245
1642689820.324167967 -0.213470233 1.341865099 0.660506287 -0.497568770 -0.215594275 0.830078629 -0.130053440
1642689820.332500935 -0.215805349 1.343502679 0.661887721 -0.498396943 -0.216159220 0.829525255 -0.129474052
1642689820.340833902 -0.218161624 1.344995257 0.663313135 -0.499060981 -0.216780367 0.829032426 -0.129033507
1642689820.349168062 -0.220542017 1.346328175 0.664767243 -0.499570390 -0.217505389 0.828603529 -0.128596356
1642689820.357501030 -0.222942859 1.347512617 0.666246857 -0.499961554 -0.218350619 0.828196776 -0.128263603
1642689820.365833998 -0.225336183 1.348550055 0.667742346 -0.500219115 -0.219273231 0.827838067 -0.128000864
1642689820.374167919 -0.227736462 1.349443399 0.669244162 -0.500475190 -0.220163724 0.827481740 -0.127775150
1642689820.382500887 -0.230137504 1.350182703 0.670748098 -0.500787041 -0.221068534 0.827081460 -0.127582531
1642689820.390835047 -0.232509030 1.350747749 0.672240768 -0.501058669 -0.222013130 0.826702123 -0.127334130
1642689820.399168015 -0.234880041 1.351136346 0.673715251 -0.501416515 -0.222991587 0.826258641 -0.127094012
1642689820.407500982 -0.237266676 1.351355703 0.675163000 -0.501953370 -0.223903751 0.825723346 -0.126849839
1642689820.415833950 -0.239627944 1.351375490 0.676564693 -0.502539950 -0.224913902 0.825142037 -0.126522547
1642689820.424168110 -0.241995778 1.351212943 0.677937290 -0.503280203 -0.225954601 0.824457010 -0.126191105
1642689820.432501078 -0.244379639 1.350863966 0.679289225 -0.504193555 -0.226991422 0.823663456 -0.125866056
1642689820.440834999 -0.246824442 1.350367204 0.680615302 -0.505438331 -0.227574356 0.822891553 -0.124865920
1642689820.449167967 -0.249294735 1.349626318 0.681928341 -0.506869932 -0.228346069 0.821942418 -0.123901597
1642689820.457500935 -0.251755009 1.348602154 0.683233448 -0.508300130 -0.229752905 0.820738148 -0.123423958
1642689820.465833902 -0.254265751 1.347378096 0.684524416 -0.509861271 -0.231320348 0.819388516 -0.123023738
1642689820.474168062 -0.256857230 1.345970248 0.685795846 -0.511672470 -0.232971604 0.817835779 -0.122719816
1642689820.482501030 -0.259495666 1.344385706 0.687045290 -0.513562395 -0.234814418 0.816143514 -0.122579038
1642689820.490833998 -0.262167020 1.342629366 0.688255988 -0.515502190 -0.236829633 0.814346592 -0.122510590
1642689820.499167919 -0.264931754 1.340746481 0.689425599 -0.517692870 -0.238923725 0.812327306 -0.122612782
1642689820.507500887 -0.267631894 1.338616223 0.690541973 -0.519899254 -0.241222734 0.810226059 -0.122678815
1642689820.515835047 -0.270280266 1.336271974 0.691613958 -0.522076101 -0.243707939 0.808067022 -0.122762669
1642689820.524168015 -0.272909733 1.333805954 0.692638177 -0.524175751 -0.246309838 0.805877565 -0.123014618
1642689820.532500982 -0.275469998 1.331187805 0.693613610 -0.526104541 -0.249050236 0.803719637 -0.123380453
1642689820.540833950 -0.277949613 1.328436034 0.694549425 -0.527881743 -0.251852343 0.801598426 -0.123900067
1642689820.549168110 -0.280300179 1.325569187 0.695443083 -0.529329449 -0.254727220 0.799634457 -0.124535589
1642689820.557501078 -0.282552153 1.322607678 0.696290710 -0.530562787 -0.257622897 0.797752992 -0.125394318
1642689820.565834999 -0.284635388 1.319467656 0.697070140 -0.531422799 -0.261137981 0.795780143 -0.127006798
1642689820.574167967 -0.286569376 1.316306667 0.697797751 -0.531942647 -0.264410549 0.794105593 -0.128531662
1642689820.582500935 -0.288376493 1.313182442 0.698480744 -0.532209631 -0.267115157 0.792824499 -0.129737103
1642689820.590833902 -0.290019318 1.310027472 0.699104456 -0.532203308 -0.269703237 0.791735847 -0.131050190
1642689820.599168062 -0.291426861 1.306814684 0.699653647 -0.531709267 -0.272226112 0.791005188 -0.132245952
1642689820.607501030 -0.292681471 1.303612298 0.700144303 -0.530963657 -0.274607202 0.790446780 -0.133650164
1642689820.615833998 -0.293821283 1.300443965 0.700580209 -0.530060415 -0.276843306 0.789994115 -0.135288723
1642689820.624167919 -0.294766026 1.297285983 0.700947595 -0.528828297 -0.278995423 0.789770470 -0.136984636
1642689820.632500887 -0.295561388 1.294164236 0.701249381 -0.527434201 -0.280957749 0.789696649 -0.138762783
1642689820.640835047 -0.296218357 1.291090965 0.701483299 -0.525840668 -0.282700919 0.789806285 -0.140633617
1642689820.649168015 -0.296723352 1.288075303 0.701640857 -0.524052220 -0.284239841 0.790096297 -0.142565158
1642689820.657500982 -0.297220170 1.285141540 0.701761968 -0.522582570 -0.285571107 0.790171964 -0.144861546
1642689820.665833950 -0.297593448 1.282259931 0.701803105 -0.520975375 -0.286737748 0.790382594 -0.147178385
1642689820.674168110 -0.297780820 1.279412647 0.701731063 -0.519075708 -0.287785507 0.790846273 -0.149338822
1642689820.682501078 -0.297877630 1.276626466 0.701585103 -0.517295959 -0.288670264 0.791270745 -0.151542002
1642689820.690834999 -0.297900764 1.273895860 0.701363299 -0.515670235 -0.289390773 0.791654509 -0.153689065
1642689820.699167967 -0.297738426 1.271204208 0.701031773 -0.513567639 -0.290246413 0.792335216 -0.155596292
1642689820.707500935 -0.297545689 1.268559145 0.700627280 -0.511738429 -0.290951018 0.792871078 -0.157565031
1642689820.715833902 -0.297311077 1.265960037 0.700149492 -0.510129492 -0.291585729 0.793281356 -0.159531670
1642689820.724168062 -0.297106777 1.263409993 0.699628137 -0.509135273 -0.291901541 0.793366517 -0.161692097
1642689820.732501030 -0.296997290 1.260929152 0.699053615 -0.508792398 -0.292065280 0.793037315 -0.164073110
1642689820.740833998 -0.296782946 1.258441174 0.698419095 -0.508341746 -0.292468876 0.792735899 -0.166193924
1642689820.749167919 -0.296306317 1.255888085 0.697730147 -0.507336920 -0.293174256 0.792782927 -0.167789557
1642689820.757500887 -0.295910449 1.253404846 0.697028906 -0.506949328 -0.293631784 0.792485218 -0.169558051
1642689820.765835047 -0.295504529 1.250893222 0.696298993 -0.506909228 -0.294088062 0.791951091 -0.171373029
1642689820.774168015 -0.294899626 1.248376517 0.695509352 -0.506167123 -0.294935081 0.791780014 -0.172894621
1642689820.782500982 -0.294376527 1.245921516 0.694731747 -0.505982226 -0.295489279 0.791298051 -0.174686772
1642689820.790833950 -0.293759184 1.243493321 0.693929666 -0.505460347 -0.296190559 0.790985539 -0.176416745
1642689820.799168110 -0.293103079 1.241090557 0.693107884 -0.504866280 -0.296864881 0.790698586 -0.178261123
1642689820.807501078 -0.292362859 1.238711104 0.692253419 -0.503955531 -0.297700568 0.790545614 -0.180113372
1642689820.815834999 -0.291595152 1.236352448 0.691379022 -0.503041615 -0.298554436 0.790359395 -0.182061554
1642689820.824167967 -0.290792954 1.233976106 0.690509883 -0.502291160 -0.299316299 0.790133199 -0.183855572
1642689820.832500935 -0.289804597 1.231639057 0.689583763 -0.500747482 -0.300441956 0.790350669 -0.185290069
1642689820.840833902 -0.288876318 1.229352804 0.688640546 -0.499651704 -0.301298260 0.790328611 -0.186944430
1642689820.849168062 -0.287938302 1.227088569 0.687671919 -0.498771980 -0.302077985 0.790208645 -0.188535674
1642689820.857501030 -0.286818981 1.224890717 0.686640167 -0.497127292 -0.303176402 0.790537402 -0.189734397
1642689820.865833998 -0.285757957 1.222751409 0.685601273 -0.495974207 -0.304017712 0.790640968 -0.190970356
1642689820.874167919 -0.284719998 1.220674236 0.684539754 -0.495093827 -0.304740418 0.790618341 -0.192192662
1642689820.882500887 -0.283550161 1.218627556 0.683386309 -0.493726584 -0.306188354 0.790582957 -0.193549320
1642689820.890835047 -0.282367200 1.216687568 0.682185954 -0.492351268 -0.307577017 0.790589000 -0.194822075
1642689820.899168015 -0.281224206 1.214892536 0.680952368 -0.491185870 -0.308474452 0.790721889 -0.195803083
1642689820.907500982 -0.280113964 1.213301637 0.679674499 -0.490176325 -0.309052985 0.790890003 -0.196739488
1642689820.915833950 -0.278999634 1.211816839 0.678311863 -0.489224585 -0.309659144 0.791035490 -0.197568656
1642689820.924168110 -0.277877369 1.210382828 0.676845446 -0.488396054 -0.310425726 0.791084341 -0.198218889
1642689820.932501078 -0.276804871 1.209104837 0.675316008 -0.487811852 -0.311115548 0.791013239 -0.198858662
1642689820.940834999 -0.275785556 1.208012094 0.673725491 -0.487425268 -0.311636180 0.790876096 -0.199535711
1642689820.949167967 -0.274782204 1.207088828 0.672059949 -0.487126342 -0.312005424 0.790778739 -0.200073807
1642689820.957500935 -0.273826495 1.206367175 0.670324047 -0.486982820 -0.312191177 0.790674202 -0.200546025
1642689820.965833902 -0.272911087 1.205863555 0.668524765 -0.486973642 -0.312125493 0.790593580 -0.200987908
1642689820.974168062 -0.272036666 1.205597271 0.666652911 -0.487094531 -0.311729318 0.790577065 -0.201374414
1642689820.982501030 -0.271206482 1.205521173 0.664694606 -0.487389967 -0.311246159 0.790493365 -0.201735193
1642689820.990833998 -0.270422129 1.205649458 0.662648816 -0.487891060 -0.310533065 0.790382447 -0.202057212
1642689820.999167919 -0.269672822 1.206013877 0.660522780 -0.488605895 -0.309438684 0.790311958 -0.202284426
1642689821.007500887 -0.268939992 1.206590470 0.658307281 -0.489482442 -0.308223133 0.790208089 -0.202426815
1642689821.015835047 -0.268220062 1.207273078 0.655988762 -0.490615980 -0.307128859 0.789952856 -0.202342059
1642689821.024168015 -0.267529313 1.208197368 0.653609399 -0.492001595 -0.305647161 0.789725728 -0.202107688
1642689821.032500982 -0.266877079 1.209441084 0.651184300 -0.493562669 -0.303618455 0.789605948 -0.201827085
1642689821.040833950 -0.266294241 1.210958850 0.648735882 -0.495447891 -0.300867248 0.789626837 -0.201245484
1642689821.049168110 -0.265672880 1.212682365 0.646235262 -0.497279258 -0.298063933 0.789686925 -0.200663377
1642689821.057501078 -0.264896193 1.214565231 0.643640807 -0.498615253 -0.295438100 0.790006379 -0.199972696
1642689821.065834999 -0.264160244 1.216656988 0.641042292 -0.500011688 -0.292557209 0.790369111 -0.199286880
1642689821.074167967 -0.263573260 1.218927391 0.638495481 -0.501945738 -0.289526227 0.790372971 -0.198835627
1642689821.082500935 -0.262991510 1.221433147 0.635918974 -0.503760325 -0.286201623 0.790533069 -0.198422865
1642689821.090833902 -0.262376659 1.224101020 0.633327958 -0.505329278 -0.282673337 0.790954460 -0.197810888
1642689821.099168062 -0.261782441 1.226887169 0.630782156 -0.506919282 -0.279016874 0.791433947 -0.197014550
1642689821.107501030 -0.261225275 1.229808724 0.628273062 -0.508504251 -0.275211536 0.791962065 -0.196158419
1642689821.115833998 -0.260837009 1.232864626 0.625847413 -0.510774573 -0.271017121 0.792146285 -0.195354342
1642689821.124167919 -0.260372126 1.236025811 0.623493746 -0.512620638 -0.266946104 0.792643179 -0.194104737
1642689821.132500887 -0.259894789 1.239250670 0.621144804 -0.514042892 -0.263163836 0.793334300 -0.192679499
1642689821.140835047 -0.259629450 1.242550068 0.618843304 -0.516024899 -0.259303280 0.793599634 -0.191519538
1642689821.149168015 -0.259510903 1.245938536 0.616626978 -0.518294455 -0.255396529 0.793652371 -0.190418971
1642689821.157500982 -0.259460867 1.249371121 0.614489152 -0.520518462 -0.251532577 0.793738958 -0.189130538
1642689821.165833950 -0.259531207 1.252856015 0.612440196 -0.522832704 -0.247704831 0.793717851 -0.187883615
1642689821.174168110 -0.259703078 1.256370307 0.610481487 -0.525169475 -0.243972213 0.793613641 -0.186686827
1642689821.182501078 -0.259897833 1.259880206 0.608629982 -0.527304716 -0.240425451 0.793611149 -0.185274615
1642689821.190834999 -0.260093160 1.263363392 0.606931213 -0.529263149 -0.237043526 0.793731669 -0.183523634
1642689821.199167967 -0.260429094 1.266859710 0.605347926 -0.531386133 -0.233711024 0.793697537 -0.181802516
1642689821.207500935 -0.260944603 1.270400005 0.603834631 -0.533639109 -0.230448801 0.793484895 -0.180289692
1642689821.215833902 -0.261519980 1.273891689 0.602429933 -0.535768559 -0.227397212 0.793291573 -0.178692584
1642689821.224168062 -0.262189042 1.277341664 0.601157208 -0.537976490 -0.224475082 0.793002189 -0.177030400
1642689821.232501030 -0.262995264 1.280772929 0.599999344 -0.540366144 -0.221685588 0.792523681 -0.175402810
1642689821.240833998 -0.263903309 1.284166241 0.598945283 -0.542771599 -0.219052963 0.791961337 -0.173816085
1642689821.249167919 -0.264922949 1.287517807 0.597996051 -0.545242584 -0.216622400 0.791260198 -0.172315290
1642689821.257500887 -0.266057566 1.290845244 0.597141627 -0.547818160 -0.214331578 0.790423796 -0.170843380
1642689821.265835047 -0.267274225 1.294151713 0.596381721 -0.550409054 -0.212208285 0.789507364 -0.169397871
1642689821.274168015 -0.268559423 1.297418187 0.595726065 -0.553039425 -0.210263514 0.788491896 -0.167979700
1642689821.282500982 -0.269937432 1.300666742 0.595190495 -0.555832209 -0.208454949 0.787292233 -0.166637417
1642689821.290833950 -0.271371425 1.303890485 0.594747286 -0.558645392 -0.206799632 0.786007288 -0.165353504
1642689821.299168110 -0.272855268 1.307085736 0.594392595 -0.561455677 -0.205206873 0.784665120 -0.164189863
1642689821.307501078 -0.274371956 1.310253758 0.594146827 -0.564168207 -0.203752897 0.783322484 -0.163110016
1642689821.315834999 -0.275863331 1.313369092 0.593985947 -0.566680312 -0.202626217 0.782021158 -0.162046131
1642689821.324167967 -0.277354046 1.316466126 0.593929460 -0.569008476 -0.201515668 0.780812806 -0.161096718
1642689821.332500935 -0.278961508 1.319546452 0.594029257 -0.571486414 -0.200286944 0.779429900 -0.160553574
1642689821.340833902 -0.280526300 1.322606519 0.594221653 -0.573634363 -0.199041387 0.778241064 -0.160209207
1642689821.349168062 -0.282047971 1.325673268 0.594444202 -0.575425321 -0.197693717 0.777286063 -0.160091443
1642689821.357501030 -0.283502553 1.328692975 0.594779510 -0.576830089 -0.196411162 0.776557257 -0.160151587
1642689821.365833998 -0.284818631 1.331625068 0.595238808 -0.577699411 -0.195205059 0.776203269 -0.160208801
1642689821.374167919 -0.286100610 1.334500938 0.595792838 -0.578347530 -0.193951571 0.775972594 -0.160509985
1642689821.382500887 -0.287397376 1.337338297 0.596440366 -0.579010412 -0.192424962 0.775716500 -0.161193946
1642689821.390835047 -0.288620968 1.340102379 0.597184801 -0.579317515 -0.190890853 0.775693525 -0.162023005
1642689821.399168015 -0.289741408 1.342759153 0.598034637 -0.579051389 -0.189558124 0.776046980 -0.162844378
1642689821.407500982 -0.290786445 1.345308557 0.599002969 -0.578369490 -0.188363869 0.776655646 -0.163749180
1642689821.415833950 -0.291630442 1.347739626 0.600086216 -0.576647471 -0.187748797 0.777945123 -0.164406415
1642689821.424168110 -0.292381077 1.350073192 0.601266904 -0.574733417 -0.186785018 0.779436794 -0.165139762
1642689821.432501078 -0.293117421 1.352302706 0.602535361 -0.572723587 -0.185804334 0.780948381 -0.166084521
1642689821.440834999 -0.293876672 1.354436549 0.603889423 -0.570600120 -0.185090660 0.782427813 -0.167223407
1642689821.449167967 -0.294647076 1.356462017 0.605319526 -0.568686589 -0.184162194 0.783748090 -0.168578709
1642689821.457500935 -0.295318533 1.358367031 0.606841887 -0.566585244 -0.183223754 0.785218924 -0.169827734
1642689821.465833902 -0.295925742 1.360132305 0.608455844 -0.564412377 -0.182379168 0.786725713 -0.170994618
1642689821.474168062 -0.296497028 1.361766195 0.610159127 -0.562275995 -0.181498353 0.788210185 -0.172130058
1642689821.482501030 -0.296985683 1.363282021 0.611972048 -0.559984384 -0.180651014 0.789815907 -0.173128663
1642689821.490833998 -0.297446736 1.364670548 0.613894383 -0.557703196 -0.179858085 0.791407213 -0.174048377
1642689821.499167919 -0.297934614 1.365922988 0.615921152 -0.555595288 -0.179034258 0.792865265 -0.175000807
1642689821.507500887 -0.298381204 1.367020670 0.618058349 -0.553407366 -0.178351144 0.794367247 -0.175817614
1642689821.515835047 -0.298804185 1.367967329 0.620285947 -0.551177829 -0.177877940 0.795834443 -0.176663460
1642689821.524168015 -0.299201270 1.368759585 0.622596976 -0.548951481 -0.177606522 0.797250864 -0.177480297
1642689821.532500982 -0.299576484 1.369403946 0.624981724 -0.546839608 -0.177462943 0.798567712 -0.178221649
1642689821.540833950 -0.299933613 1.369898137 0.627435661 -0.544913280 -0.177426362 0.799729187 -0.178948683
1642689821.549168110 -0.300244784 1.370253189 0.629960110 -0.543105070 -0.177566821 0.800785778 -0.179580189
1642689821.557501078 -0.300497139 1.370480121 0.632550978 -0.541366385 -0.177833000 0.801795607 -0.180060172
1642689821.565834999 -0.300698160 1.370563910 0.635205150 -0.539767380 -0.178208601 0.802710551 -0.180412421
1642689821.574167967 -0.300866488 1.370509486 0.637915568 -0.538378726 -0.178661373 0.803453872 -0.180804694
1642689821.582500935 -0.300949038 1.370316551 0.640674716 -0.537048557 -0.179252497 0.804150152 -0.181079880
1642689821.590833902 -0.300948063 1.369990648 0.643481800 -0.535829773 -0.180005793 0.804769549 -0.181191450
1642689821.599168062 -0.300886723 1.369562155 0.646324774 -0.534783216 -0.180833629 0.805253810 -0.181307509
1642689821.607501030 -0.300730999 1.369028881 0.649191530 -0.533803421 -0.181767127 0.805682329 -0.181357670
1642689821.615833998 -0.300444596 1.368410302 0.652069555 -0.532763994 -0.182833485 0.806121873 -0.181389000
1642689821.624167919 -0.300021708 1.367725133 0.654955882 -0.531662627 -0.183919121 0.806610396 -0.181351254
1642689821.632500887 -0.299482307 1.366987064 0.657853702 -0.530571897 -0.184950368 0.807107645 -0.181284506
1642689821.640835047 -0.298809961 1.366206579 0.660757025 -0.529378780 -0.185965790 0.807663799 -0.181256779
1642689821.649168015 -0.297986492 1.365376894 0.663653975 -0.527996025 -0.187020435 0.808326773 -0.181249502
1642689821.657500982 -0.297038905 1.364518484 0.666562709 -0.526508561 -0.188005121 0.809067597 -0.181252402
1642689821.665833950 -0.295938039 1.363633789 0.669479786 -0.524814310 -0.188896831 0.809972714 -0.181196387
1642689821.674168110 -0.294665974 1.362711687 0.672393588 -0.522849573 -0.189770990 0.811076268 -0.181026472
1642689821.682501078 -0.293252588 1.361744540 0.675316456 -0.520709747 -0.190688143 0.812281330 -0.180827078
1642689821.690834999 -0.291708375 1.360729226 0.678245399 -0.518438854 -0.191573785 0.813565561 -0.180642514
1642689821.699167967 -0.290011415 1.359667633 0.681168955 -0.515899496 -0.192473440 0.815030734 -0.180351286
1642689821.707500935 -0.288184391 1.358562711 0.684059861 -0.513069497 -0.193357381 0.816647924 -0.180163210
1642689821.715833902 -0.286237591 1.357413006 0.686945622 -0.510140777 -0.194247755 0.818310764 -0.179976916
1642689821.724168062 -0.284174005 1.356214818 0.689843559 -0.507146614 -0.195236963 0.819992714 -0.179713076
1642689821.732501030 -0.282030728 1.354977041 0.692735041 -0.504161722 -0.196237934 0.821640391 -0.179495682
1642689821.740833998 -0.279799734 1.353700924 0.695618134 -0.501180507 -0.197169174 0.823300537 -0.179216746
1642689821.749167919 -0.277481883 1.352365652 0.698487586 -0.498226506 -0.198116936 0.824944911 -0.178846086
1642689821.757500887 -0.275107174 1.350964919 0.701349865 -0.495434546 -0.199100692 0.826465434 -0.178489248
1642689821.765835047 -0.272669735 1.349510995 0.704210232 -0.492746907 -0.200077829 0.827910687 -0.178138265
1642689821.774168015 -0.270162077 1.348005553 0.707058870 -0.490094675 -0.201066142 0.829333024 -0.177725494
1642689821.782500982 -0.267606416 1.346465924 0.709894850 -0.487519052 -0.202028385 0.830688922 -0.177385514
1642689821.790833950 -0.264902221 1.344878229 0.712731284 -0.484645254 -0.203184121 0.832212922 -0.176796048
1642689821.799168110 -0.262120363 1.343242033 0.715524939 -0.481725043 -0.204405564 0.833733750 -0.176202675
1642689821.807501078 -0.259326715 1.341576332 0.718251943 -0.479024908 -0.205556354 0.835074601 -0.175875333
1642689821.815834999 -0.256511862 1.339883136 0.720998562 -0.476570505 -0.206580643 0.836286604 -0.175583905
1642689821.824167967 -0.253615109 1.338161410 0.723696863 -0.474111969 -0.207695698 0.837471549 -0.175276188
1642689821.832500935 -0.250574347 1.336409975 0.726280320 -0.471377188 -0.209043904 0.838748203 -0.174944689
1642689821.840833902 -0.247442801 1.334651947 0.728791599 -0.468501486 -0.210398136 0.840093081 -0.174592662
1642689821.849168062 -0.244237543 1.332895813 0.731234742 -0.465507509 -0.211721820 0.841499437 -0.174227805
1642689821.857501030 -0.240969001 1.331139042 0.733607349 -0.462371103 -0.213066635 0.842945548 -0.173949345
1642689821.865833998 -0.237587319 1.329317584 0.735871913 -0.458899523 -0.214912396 0.844407418 -0.173781478
1642689821.874167919 -0.234125369 1.327505851 0.738051262 -0.455189072 -0.216788603 0.845951238 -0.173701215
1642689821.882500887 -0.230621319 1.325765598 0.740141983 -0.451286360 -0.218298711 0.847667065 -0.173628455
1642689821.890835047 -0.227079021 1.324048374 0.742126471 -0.447234139 -0.219802302 0.849423606 -0.173632112
1642689821.899168015 -0.223370606 1.322290621 0.743986899 -0.442543034 -0.221563790 0.851485630 -0.173312929
1642689821.907500982 -0.219685665 1.320548832 0.745770248 -0.438099057 -0.223116155 0.853411309 -0.173140216
1642689821.915833950 -0.216084376 1.318845128 0.747471812 -0.433968706 -0.224531231 0.855133662 -0.173214630
1642689821.924168110 -0.212422744 1.317148428 0.749029520 -0.429453650 -0.226146770 0.857003118 -0.173126706
1642689821.932501078 -0.208753327 1.315455340 0.750469518 -0.424907473 -0.227801696 0.858854150 -0.173001666
1642689821.940834999 -0.205099090 1.313761772 0.751791938 -0.420418327 -0.229563672 0.860620826 -0.172860477
1642689821.949167967 -0.201458476 1.312106333 0.752963538 -0.415997344 -0.231327897 0.862318849 -0.172742055
1642689821.957500935 -0.197836408 1.310492741 0.753985105 -0.411693411 -0.233055479 0.863951585 -0.172572702
1642689821.965833902 -0.194270490 1.308931303 0.754861684 -0.407623130 -0.234705927 0.865465893 -0.172410264
1642689821.974168062 -0.190775559 1.307440115 0.755577214 -0.403799009 -0.236185661 0.866878931 -0.172289330
1642689821.982501030 -0.187343300 1.306018310 0.756130277 -0.400149874 -0.237512330 0.868233618 -0.172157941
1642689821.990833998 -0.183993280 1.304668106 0.756526805 -0.396748290 -0.238626017 0.869509607 -0.172050754
1642689821.999167919 -0.180736803 1.303392910 0.756758378 -0.393604977 -0.239537643 0.870695846 -0.172004605
1642689822.007500887 -0.177563770 1.302183411 0.756840917 -0.390722744 -0.240300893 0.871789792 -0.171970276
1642689822.015835047 -0.174474192 1.301029207 0.756786580 -0.388111350 -0.240853613 0.872818626 -0.171891718
1642689822.024168015 -0.171449776 1.299923015 0.756580217 -0.385668443 -0.241271954 0.873813839 -0.171747114
1642689822.032500982 -0.168418709 1.298866284 0.756169198 -0.382720462 -0.241861685 0.875057724 -0.171178133
1642689822.040833950 -0.165412691 1.297836956 0.755616835 -0.379988176 -0.242294945 0.876259289 -0.170504560
1642689822.049168110 -0.162530982 1.296836152 0.755016804 -0.378157975 -0.242435533 0.877108142 -0.170008429
1642689822.057501078 -0.159882391 1.295919915 0.754355959 -0.377239837 -0.242273378 0.877578212 -0.169853458
1642689822.065834999 -0.157220147 1.295045063 0.753504868 -0.376194296 -0.241931872 0.878185966 -0.169517637
1642689822.074167967 -0.154592189 1.294249999 0.752458597 -0.374835244 -0.241535619 0.878964154 -0.169059457
1642689822.082500935 -0.151958363 1.293522264 0.751213326 -0.373059375 -0.241083303 0.879969972 -0.168399501
1642689822.090833902 -0.149460081 1.292833900 0.749884294 -0.371739837 -0.240426457 0.880802552 -0.167903175
1642689822.099168062 -0.147046015 1.292194878 0.748417580 -0.370360606 -0.239730392 0.881666182 -0.167412975
1642689822.107501030 -0.144743400 1.291609549 0.746848599 -0.369088099 -0.238962561 0.882487812 -0.166991413
1642689822.115833998 -0.142541274 1.291055747 0.745159852 -0.367829488 -0.238211846 0.883294194 -0.166577159
1642689822.124167919 -0.140416385 1.290560919 0.743332838 -0.366388618 -0.237465572 0.884189222 -0.166068966
1642689822.132500887 -0.138661733 1.290134962 0.741557707 -0.366466290 -0.236270317 0.884419324 -0.166376844
1642689822.140835047 -0.137022131 1.289702690 0.739679472 -0.366635270 -0.235172083 0.884593391 -0.166634939
1642689822.149168015 -0.135292436 1.289261055 0.737638384 -0.365912436 -0.234468388 0.885155781 -0.166228482
1642689822.157500982 -0.133699592 1.288830399 0.735518065 -0.365388916 -0.233829880 0.885616598 -0.165824509
1642689822.165833950 -0.132330343 1.288422426 0.733327269 -0.365341107 -0.233184238 0.885857948 -0.165549640
1642689822.174168110 -0.131088025 1.288021222 0.731068956 -0.365520800 -0.232551431 0.886012383 -0.165216324
1642689822.182501078 -0.130043725 1.287639652 0.728753227 -0.366103765 -0.231960959 0.885966924 -0.164999261
1642689822.190834999 -0.129175869 1.287290353 0.726371631 -0.366940772 -0.231447979 0.885777480 -0.164877406
1642689822.199167967 -0.128436878 1.286965062 0.723919111 -0.367860192 -0.230926594 0.885565303 -0.164699368
1642689822.207500935 -0.127858425 1.286672849 0.721414427 -0.368960726 -0.230344492 0.885296318 -0.164498713
1642689822.215833902 -0.127469216 1.286420225 0.718869269 -0.370317468 -0.229741786 0.884911868 -0.164361405
1642689822.224168062 -0.127255354 1.286211299 0.716296340 -0.371856997 -0.229106864 0.884449314 -0.164261466
1642689822.232501030 -0.127188868 1.286037408 0.713694108 -0.373495272 -0.228448737 0.883944029 -0.164181026
1642689822.240833998 -0.127307083 1.285872038 0.711063796 -0.375361184 -0.227776015 0.883331744 -0.164155713
1642689822.249167919 -0.127643650 1.285745755 0.708416666 -0.377508747 -0.227069334 0.882578144 -0.164263454
1642689822.257500887 -0.128157434 1.285651699 0.705732315 -0.379807954 -0.226351256 0.881758453 -0.164356493
1642689822.265835047 -0.128828659 1.285573333 0.703016531 -0.382339380 -0.225547053 0.880862551 -0.164396751
1642689822.274168015 -0.129692141 1.285531556 0.700282767 -0.385205033 -0.224594200 0.879842259 -0.164475307
1642689822.282500982 -0.130764596 1.285545135 0.697529209 -0.388329840 -0.223566650 0.878707368 -0.164594201
1642689822.290833950 -0.132032773 1.285624500 0.694772263 -0.391727909 -0.222449422 0.877445682 -0.164786450
1642689822.299168110 -0.133485969 1.285755959 0.692006968 -0.395389434 -0.221221837 0.876071212 -0.165007048
1642689822.307501078 -0.135130911 1.285953700 0.689237606 -0.399254183 -0.219874155 0.874608895 -0.165259595
1642689822.315834999 -0.136965937 1.286212038 0.686473388 -0.403299886 -0.218461123 0.873041904 -0.165595206
1642689822.324167967 -0.138976493 1.286510013 0.683721148 -0.407558766 -0.217003071 0.871362473 -0.165930590
1642689822.332500935 -0.141166478 1.286827018 0.680996941 -0.412041678 -0.215571332 0.869544205 -0.166263442
1642689822.340833902 -0.143529102 1.287136895 0.678298452 -0.416710808 -0.214211653 0.867599614 -0.166542428
1642689822.349168062 -0.146057348 1.287459729 0.675622391 -0.421540834 -0.212860914 0.865536611 -0.166853023
1642689822.357501030 -0.148753783 1.287777159 0.672987191 -0.426530685 -0.211670649 0.863312390 -0.167208936
1642689822.365833998 -0.151638167 1.288090764 0.670410813 -0.431764293 -0.210552503 0.860906928 -0.167590276
1642689822.374167919 -0.154691768 1.288428676 0.667877810 -0.437152671 -0.209467385 0.858360744 -0.168041036
1642689822.382500887 -0.157718836 1.288744069 0.665309491 -0.441636590 -0.208876743 0.856213840 -0.168004430
1642689822.390835047 -0.160942294 1.289160586 0.662803472 -0.446440178 -0.207832769 0.853947191 -0.168139533
1642689822.399168015 -0.164533851 1.289606925 0.660444599 -0.452733547 -0.206385250 0.850787528 -0.169109568
1642689822.407500982 -0.168110650 1.289978470 0.658063361 -0.458496275 -0.205544613 0.847761554 -0.169802610
1642689822.415833950 -0.171717307 1.290373003 0.655673173 -0.463919276 -0.204763515 0.844888547 -0.170335408
1642689822.424168110 -0.175495148 1.290803513 0.653335687 -0.469863233 -0.203676963 0.841690218 -0.171177723
1642689822.432501078 -0.179409246 1.291276457 0.651051477 -0.476198106 -0.202185769 0.838278191 -0.172180001
1642689822.440834999 -0.183347055 1.291760758 0.648819050 -0.482333268 -0.200622792 0.834952443 -0.173088222
1642689822.449167967 -0.187231454 1.292253714 0.646633800 -0.487859815 -0.199203908 0.831951102 -0.173689286
1642689822.457500935 -0.191154755 1.292782175 0.644540030 -0.493239748 -0.197735027 0.829010669 -0.174231803
1642689822.465833902 -0.195072150 1.293332953 0.642544555 -0.498274604 -0.196300310 0.826241759 -0.174680172
1642689822.474168062 -0.198974867 1.293886198 0.640638827 -0.503009689 -0.195198655 0.823536463 -0.175118335
1642689822.482501030 -0.202909726 1.294467805 0.638862566 -0.507643180 -0.194195702 0.820823007 -0.175601885
1642689822.490833998 -0.206863518 1.295092033 0.637226387 -0.512039405 -0.193075424 0.818260351 -0.176032743
1642689822.499167919 -0.210811063 1.295739625 0.635708265 -0.516144853 -0.192051444 0.815842425 -0.176385577
1642689822.507500887 -0.214795444 1.296449905 0.634289034 -0.520097924 -0.191067952 0.813458755 -0.176850334
1642689822.515835047 -0.218740398 1.297174486 0.633011714 -0.523815652 -0.190283814 0.811203428 -0.177082554
1642689822.524168015 -0.222625301 1.297890538 0.631879356 -0.527243954 -0.189654022 0.809128081 -0.177078830
1642689822.532500982 -0.226538217 1.298641585 0.630873228 -0.530587636 -0.189025535 0.807057542 -0.177212391
1642689822.540833950 -0.230453324 1.299425354 0.630006676 -0.533802663 -0.188452931 0.805042887 -0.177330649
1642689822.549168110 -0.234368928 1.300240026 0.629279465 -0.536887372 -0.187962687 0.803071277 -0.177478174
1642689822.557501078 -0.238268930 1.301083360 0.628703209 -0.539803542 -0.187547691 0.801186925 -0.177588035
1642689822.565834999 -0.242149507 1.301943833 0.628277655 -0.542586367 -0.187154682 0.799387403 -0.177631473
1642689822.574167967 -0.245999137 1.302808649 0.628003763 -0.545257475 -0.186846567 0.797646420 -0.177603029
1642689822.582500935 -0.249828344 1.303678662 0.627884295 -0.547804698 -0.186614695 0.795953486 -0.177603537
1642689822.590833902 -0.253630251 1.304549620 0.627928694 -0.550245788 -0.186425378 0.794314094 -0.177595807
1642689822.599168062 -0.257388341 1.305412615 0.628139972 -0.552575409 -0.186320198 0.792738497 -0.177513034
1642689822.607501030 -0.261086669 1.306240857 0.628491494 -0.554787763 -0.186312083 0.791225443 -0.177371486
1642689822.615833998 -0.264716566 1.307043721 0.628978393 -0.556917490 -0.186390407 0.789737830 -0.177244706
1642689822.624167919 -0.268296427 1.307836158 0.629580705 -0.559052118 -0.186555520 0.788169555 -0.177331668
1642689822.632500887 -0.271768416 1.308607525 0.630293318 -0.561061022 -0.186773777 0.786678297 -0.177379095
1642689822.640835047 -0.275127652 1.309361660 0.631119919 -0.562961474 -0.186979023 0.785260036 -0.177425759
1642689822.649168015 -0.278372070 1.310085038 0.632042456 -0.564750422 -0.187271203 0.783862164 -0.177613530
1642689822.657500982 -0.281487892 1.310776011 0.633073382 -0.566441152 -0.187571952 0.782510224 -0.177873363
1642689822.665833950 -0.284467198 1.311414715 0.634214330 -0.568044188 -0.187842872 0.781208525 -0.178196793
1642689822.674168110 -0.287259802 1.312002460 0.635462416 -0.569426392 -0.188129433 0.780050257 -0.178556703
1642689822.682501078 -0.289935796 1.312511286 0.636841396 -0.570912532 -0.188425610 0.778773439 -0.179071496
1642689822.690834999 -0.292443582 1.312953422 0.638303138 -0.572470462 -0.188501320 0.777459699 -0.179725454
1642689822.699167967 -0.294733515 1.313383544 0.639782524 -0.573772383 -0.188355213 0.776359971 -0.180479254
1642689822.707500935 -0.296710875 1.313718846 0.641337561 -0.574530545 -0.188355161 0.775657622 -0.181086280
1642689822.715833902 -0.298323456 1.313933912 0.642975519 -0.574735070 -0.188479369 0.775369503 -0.181541346
1642689822.724168062 -0.299685675 1.314080893 0.644663644 -0.574681720 -0.188518637 0.775263379 -0.182121766
1642689822.732501030 -0.300731955 1.314147057 0.646400567 -0.573981711 -0.188692214 0.775618224 -0.182637931
1642689822.740833998 -0.301419830 1.314099740 0.648208982 -0.572644564 -0.188954239 0.776456685 -0.183001404
1642689822.749167919 -0.301919719 1.313963566 0.650049698 -0.571286496 -0.188996448 0.777286998 -0.183676358
1642689822.757500887 -0.302202142 1.313787806 0.651882095 -0.569547763 -0.188918977 0.778357709 -0.184619180
1642689822.765835047 -0.302232726 1.313520534 0.653783611 -0.567396087 -0.188876133 0.779708289 -0.185586828
1642689822.774168015 -0.302097820 1.313107371 0.655769506 -0.565218741 -0.188905038 0.781020766 -0.186679470
1642689822.782500982 -0.301741024 1.312559055 0.657814145 -0.562803456 -0.188979099 0.782481850 -0.187779992
1642689822.790833950 -0.301148524 1.311865330 0.659928422 -0.560062350 -0.189155051 0.784159186 -0.188798575
1642689822.799168110 -0.300351683 1.311022258 0.662113462 -0.557137931 -0.189453918 0.785929043 -0.189789560
1642689822.807501078 -0.299378354 1.310025543 0.664369400 -0.554056507 -0.189902658 0.787770495 -0.190724973
1642689822.815834999 -0.298235720 1.308855859 0.666704003 -0.550803196 -0.190491672 0.789693360 -0.191606783
1642689822.824167967 -0.296917612 1.307506349 0.669117540 -0.547315575 -0.191296620 0.791733139 -0.192379577
1642689822.832500935 -0.295508594 1.305978537 0.671590551 -0.543798875 -0.192319512 0.793707409 -0.193195597
1642689822.840833902 -0.294001533 1.304269016 0.674127497 -0.540255340 -0.193484510 0.795640432 -0.194021170
1642689822.849168062 -0.292346667 1.302357788 0.676715679 -0.536549009 -0.194917523 0.797623027 -0.194730137
1642689822.857501030 -0.290892529 1.300423857 0.679298082 -0.533477535 -0.196414681 0.799033251 -0.195879700
1642689822.865833998 -0.289107144 1.298125623 0.681960127 -0.530018514 -0.198341926 0.800697365 -0.196531386
1642689822.874167919 -0.286993041 1.295474958 0.684688751 -0.526165688 -0.200685830 0.802615893 -0.196678912
1642689822.882500887 -0.285076977 1.292798192 0.687401770 -0.522956908 -0.203050132 0.804015038 -0.197095244
1642689822.890835047 -0.283119498 1.289944850 0.690135348 -0.519943396 -0.205619790 0.805217741 -0.197493687
1642689822.899168015 -0.281129758 1.286933144 0.692875474 -0.517188792 -0.208320057 0.806197602 -0.197898799
1642689822.907500982 -0.279108748 1.283749952 0.695619367 -0.514620277 -0.211185056 0.807020756 -0.198202782
1642689822.915833950 -0.277048415 1.280412885 0.698352926 -0.512182595 -0.214186325 0.807725263 -0.198426580
1642689822.924168110 -0.274959493 1.276954222 0.701065075 -0.509940020 -0.217258722 0.808276091 -0.198619196
1642689822.932501078 -0.272845441 1.273374525 0.703753905 -0.507874757 -0.220390684 0.808681877 -0.198808449
1642689822.940834999 -0.270706204 1.269695876 0.706401173 -0.506014377 -0.223558938 0.808919572 -0.199047677
1642689822.949167967 -0.268553530 1.265948634 0.709004227 -0.504393926 -0.226742406 0.808963143 -0.199382251
1642689822.957500935 -0.266204101 1.262096387 0.711521908 -0.502268787 -0.229977796 0.809369994 -0.199390300
1642689822.965833902 -0.263761003 1.258182654 0.713985436 -0.500098548 -0.233204726 0.809821684 -0.199263238
1642689822.974168062 -0.261360685 1.254263803 0.716436832 -0.498361958 -0.236456551 0.809912378 -0.199413132
1642689822.982501030 -0.258933218 1.250308165 0.718869016 -0.496789003 -0.239676583 0.809870621 -0.199663213
1642689822.990833998 -0.256435140 1.246333727 0.721275959 -0.495199271 -0.242790676 0.809865288 -0.199871419
1642689822.999167919 -0.253837731 1.242358889 0.723651031 -0.493304335 -0.245946292 0.810006836 -0.200125411
1642689823.007500887 -0.251172593 1.238386149 0.726010254 -0.491286235 -0.249074534 0.810210584 -0.200395914
1642689823.015835047 -0.248444935 1.234434993 0.728356974 -0.489140476 -0.252109983 0.810492777 -0.200707770
1642689823.024168015 -0.245611185 1.230455726 0.730680468 -0.486773899 -0.255627055 0.810646838 -0.201389385
1642689823.032500982 -0.242705370 1.226519851 0.732998818 -0.484294007 -0.259183438 0.810816234 -0.202139295
1642689823.040833950 -0.239778210 1.222728249 0.735345689 -0.481795737 -0.262158671 0.811185645 -0.202789418
1642689823.049168110 -0.236770670 1.219011604 0.737713234 -0.479175881 -0.265052441 0.811638271 -0.203423192
1642689823.057501078 -0.233696365 1.215354259 0.740104635 -0.476518472 -0.267999336 0.812067978 -0.204088464
1642689823.065834999 -0.230545220 1.211800980 0.742524414 -0.473727057 -0.270892375 0.812571153 -0.204763566
1642689823.074167967 -0.227312193 1.208350206 0.744973125 -0.470834068 -0.273766686 0.813137816 -0.205363031
1642689823.082500935 -0.224022431 1.204992617 0.747454717 -0.467943631 -0.276698834 0.813649135 -0.206013589
1642689823.090833902 -0.220688566 1.201763633 0.749972279 -0.465085132 -0.279518023 0.814161254 -0.206656594
1642689823.099168062 -0.217276277 1.198663286 0.752525518 -0.462201477 -0.282182339 0.814759372 -0.207147504
1642689823.107501030 -0.213779185 1.195672707 0.755117222 -0.459241879 -0.284878911 0.815392634 -0.207546995
1642689823.115833998 -0.210156828 1.192813996 0.757733367 -0.455872330 -0.287717291 0.816246058 -0.207705443
1642689823.124167919 -0.206543958 1.190085133 0.760443091 -0.452934474 -0.290296813 0.816904643 -0.207954146
1642689823.132500887 -0.202914998 1.187458719 0.763239548 -0.450354229 -0.292788574 0.817372743 -0.208225161
1642689823.140835047 -0.199150002 1.184970099 0.766069587 -0.447343853 -0.295433266 0.818100594 -0.208120349
1642689823.149168015 -0.195322205 1.182634583 0.768974558 -0.444360082 -0.297970044 0.818856797 -0.207921901
1642689823.157500982 -0.191428002 1.180456145 0.771937826 -0.441362717 -0.300424958 0.819680100 -0.207529104
1642689823.165833950 -0.187464926 1.178439790 0.774950703 -0.438289686 -0.302793906 0.820591951 -0.206994811
1642689823.174168110 -0.183418624 1.176583171 0.777995412 -0.435079947 -0.305124460 0.821591377 -0.206378568
1642689823.182501078 -0.179301814 1.174889481 0.781061325 -0.431747267 -0.307419535 0.822668936 -0.205677779
1642689823.190834999 -0.175118401 1.173374603 0.784136521 -0.428288771 -0.309616653 0.823836557 -0.204938001
1642689823.199167967 -0.170874748 1.172041855 0.787209401 -0.424755911 -0.311631707 0.825117901 -0.204079751
1642689823.207500935 -0.166575400 1.170878549 0.790278621 -0.421172288 -0.313577170 0.826436728 -0.203188576
1642689823.215833902 -0.162209527 1.169873513 0.793340212 -0.417491836 -0.315479962 0.827816042 -0.202221564
1642689823.224168062 -0.157796166 1.169058306 0.796390660 -0.413674471 -0.317180979 0.829343175 -0.201145608
1642689823.232501030 -0.153348069 1.168437867 0.799437265 -0.409755929 -0.318688324 0.830982517 -0.200014717
1642689823.240833998 -0.148868443 1.167982648 0.802474469 -0.405770406 -0.320143666 0.832670944 -0.198790115
1642689823.249167919 -0.144391302 1.167710053 0.805506033 -0.401784738 -0.321538537 0.834356684 -0.197562441
1642689823.257500887 -0.139914024 1.167621433 0.808540652 -0.397819084 -0.322761971 0.836086540 -0.196275276
1642689823.265835047 -0.135414463 1.167713136 0.811516265 -0.393610222 -0.323796996 0.837996405 -0.194906447
1642689823.274168015 -0.130924778 1.167991955 0.814459702 -0.389420973 -0.324669369 0.839959699 -0.193413575
1642689823.282500982 -0.126463173 1.168441060 0.817405297 -0.385503428 -0.325461474 0.841846500 -0.191719606
1642689823.290833950 -0.122039533 1.169071373 0.820305437 -0.381622900 -0.326177185 0.843751840 -0.189882171
1642689823.299168110 -0.117688172 1.169938565 0.823156218 -0.377813339 -0.326679023 0.845711516 -0.187909363
1642689823.307501078 -0.113364682 1.171011847 0.825954616 -0.373864210 -0.327000372 0.847829953 -0.185689740
1642689823.315834999 -0.109093492 1.172224623 0.828682485 -0.369891081 -0.327280913 0.849972181 -0.183344166
1642689823.324167967 -0.104969118 1.173604124 0.831347787 -0.366144273 -0.327435903 0.852012933 -0.181102357
1642689823.332500935 -0.100976285 1.175235579 0.833980782 -0.362357789 -0.327438721 0.854115176 -0.178795923
1642689823.340833902 -0.097113279 1.177120264 0.836576276 -0.358531984 -0.327232064 0.856286624 -0.176485725
1642689823.349168062 -0.093405898 1.179192780 0.839095570 -0.354824041 -0.326862365 0.858425145 -0.174261772
1642689823.357501030 -0.089854080 1.181435763 0.841543167 -0.351198287 -0.326435396 0.860541715 -0.171952470
1642689823.365833998 -0.086463503 1.183860749 0.843925996 -0.347642785 -0.325855919 0.862663451 -0.169629549
1642689823.374167919 -0.083249855 1.186476250 0.846219746 -0.344231782 -0.325062970 0.864778545 -0.167321890
1642689823.382500887 -0.080214300 1.189250700 0.848419846 -0.340962402 -0.324145714 0.866851378 -0.165054185
1642689823.390835047 -0.077357567 1.192168322 0.850527895 -0.337856635 -0.323133673 0.868862406 -0.162836246
1642689823.399168015 -0.074680941 1.195205177 0.852536512 -0.334947966 -0.322078954 0.870806213 -0.160535191
1642689823.407500982 -0.072203673 1.198366958 0.854445253 -0.332282583 -0.320891660 0.872674930 -0.158288641
1642689823.415833950 -0.069921753 1.201646812 0.856241521 -0.329873518 -0.319489672 0.874482637 -0.156172755
1642689823.424168110 -0.067817284 1.205054016 0.857944968 -0.327602210 -0.318062566 0.876150686 -0.154508807
1642689823.432501078 -0.065951633 1.208581143 0.859563652 -0.325692139 -0.316575314 0.877659981 -0.153028293
1642689823.440834999 -0.064269717 1.212164375 0.861018278 -0.323949048 -0.314950748 0.879224294 -0.151088326
1642689823.449167967 -0.062761607 1.215809347 0.862347638 -0.322360184 -0.313278112 0.880733848 -0.149159729
1642689823.457500935 -0.061485693 1.219513570 0.863587094 -0.321180513 -0.311520996 0.882074912 -0.147450321
1642689823.465833902 -0.060393698 1.223273248 0.864695394 -0.320185604 -0.309642251 0.883369121 -0.145814440
1642689823.474168062 -0.059529205 1.227070125 0.865687673 -0.319518736 -0.307368472 0.884697427 -0.144023828
1642689823.482501030 -0.058874657 1.230897336 0.866553761 -0.319167220 -0.305011252 0.885910677 -0.142347093
1642689823.490833998 -0.058354192 1.234750131 0.867262941 -0.318869515 -0.302997790 0.886928902 -0.140966997
1642689823.499167919 -0.058014878 1.238612629 0.867830415 -0.318722199 -0.300932259 0.887895172 -0.139635593
1642689823.507500887 -0.057893106 1.242464875 0.868273013 -0.318926935 -0.298806605 0.888713119 -0.138525141
1642689823.515835047 -0.057947032 1.246304756 0.868575267 -0.319310875 -0.296634329 0.889457891 -0.137525633
1642689823.524168015 -0.058165337 1.250115825 0.868737290 -0.319795057 -0.294426284 0.890170305 -0.136532463
1642689823.532500982 -0.058485982 1.253825489 0.868721213 -0.320266376 -0.292168318 0.890925317 -0.135348447
1642689823.540833950 -0.058978225 1.257463681 0.868574868 -0.321019227 -0.289850268 0.891574482 -0.134269958
1642689823.549168110 -0.059762934 1.261094176 0.868380664 -0.322416636 -0.287595471 0.891876919 -0.133760677
1642689823.557501078 -0.060650829 1.264577684 0.867993562 -0.323795965 -0.285248102 0.892272641 -0.132812752
1642689823.565834999 -0.061620014 1.267901008 0.867424054 -0.325108429 -0.282859247 0.892738086 -0.131582160
1642689823.574167967 -0.062802999 1.271123119 0.866773300 -0.326867215 -0.280574529 0.892909310 -0.130953129
1642689823.582500935 -0.064156949 1.274210585 0.865996208 -0.328865115 -0.278322263 0.892946022 -0.130506149
1642689823.590833902 -0.065666851 1.277160873 0.865093374 -0.331057417 -0.276105280 0.892868229 -0.130204405
1642689823.599168062 -0.067419177 1.279990314 0.864116969 -0.333840215 -0.273937538 0.892474162 -0.130379470
1642689823.607501030 -0.069374291 1.282678535 0.863018273 -0.336949313 -0.271783415 0.891898485 -0.130828238
1642689823.615833998 -0.071357057 1.285134359 0.861720504 -0.339805048 -0.269677757 0.891425513 -0.131022865
1642689823.624167919 -0.073450949 1.287394711 0.860288285 -0.342736814 -0.267606353 0.890880088 -0.131343005
1642689823.632500887 -0.075764097 1.289479793 0.858750662 -0.346118505 -0.265546996 0.890080434 -0.132074203
1642689823.640835047 -0.078151132 1.291320878 0.857074180 -0.349603236 -0.263548870 0.889197039 -0.132846513
1642689823.649168015 -0.080618104 1.292966141 0.855276076 -0.353082537 -0.261594614 0.888274844 -0.133674159
1642689823.657500982 -0.083234615 1.294412869 0.853367628 -0.356721684 -0.259742154 0.887209818 -0.134693702
1642689823.665833950 -0.085964523 1.295632174 0.851340625 -0.360531831 -0.257886113 0.886028074 -0.135888940
1642689823.674168110 -0.088705637 1.296608645 0.849190325 -0.364191821 -0.256180424 0.884838484 -0.137101295
1642689823.682501078 -0.091506222 1.297338786 0.846947242 -0.367849656 -0.254655499 0.883561826 -0.138404145
1642689823.690834999 -0.094433212 1.297859955 0.844627048 -0.371632052 -0.253213227 0.882154934 -0.139911946
1642689823.699167967 -0.097400273 1.298140048 0.842224936 -0.375349983 -0.251944299 0.880689466 -0.141500972
1642689823.707500935 -0.100371570 1.298182134 0.839721394 -0.378750838 -0.250947156 0.879258240 -0.143102324
1642689823.715833902 -0.103381626 1.297977218 0.837150679 -0.382140384 -0.250080567 0.877747059 -0.144874213
1642689823.724168062 -0.106631528 1.297536060 0.834689979 -0.386989349 -0.248956378 0.875518413 -0.147402422
1642689823.732501030 -0.109905801 1.296837991 0.832209864 -0.391891009 -0.248145003 0.873111341 -0.150073585
1642689823.740833998 -0.113056528 1.295888509 0.829599002 -0.395724799 -0.247888026 0.871037039 -0.152472574
1642689823.749167919 -0.116229942 1.294705357 0.826970321 -0.399497603 -0.247886418 0.868866838 -0.154998088
1642689823.757500887 -0.119385948 1.293257121 0.824315992 -0.403126664 -0.248320310 0.866595093 -0.157603495
1642689823.765835047 -0.122526092 1.291554326 0.821636262 -0.406654058 -0.249066349 0.864239158 -0.160278222
1642689823.774168015 -0.125654304 1.289588824 0.818921640 -0.410148548 -0.250110317 0.861773933 -0.162999038
1642689823.782500982 -0.128755941 1.287335587 0.816178230 -0.413587488 -0.251582000 0.859225356 -0.165480136
1642689823.790833950 -0.131801068 1.284776405 0.813423077 -0.416869288 -0.253546661 0.856598089 -0.167850533
1642689823.799168110 -0.134841169 1.281956463 0.810646850 -0.420225285 -0.255825983 0.853760743 -0.170459293
1642689823.807501078 -0.137857637 1.278891445 0.807834156 -0.423530515 -0.258422353 0.850825203 -0.173020995
1642689823.815834999 -0.140885389 1.275608193 0.804970381 -0.426827131 -0.261342780 0.847746313 -0.175626706
1642689823.824167967 -0.143799923 1.272120865 0.802020928 -0.429574080 -0.264718853 0.844834621 -0.177889016
1642689823.832500935 -0.146673250 1.268387362 0.799028490 -0.432441174 -0.268250338 0.841772777 -0.180152657
1642689823.840833902 -0.149690796 1.264523619 0.795986675 -0.435962064 -0.271698986 0.838260718 -0.182854335
1642689823.849168062 -0.152683479 1.260600349 0.792837921 -0.439157852 -0.275265362 0.834885821 -0.185297135
1642689823.857501030 -0.155701616 1.256604118 0.789594851 -0.442500121 -0.278802712 0.831406089 -0.187687521
1642689823.865833998 -0.158744801 1.252557083 0.786243218 -0.446007346 -0.282318418 0.827783554 -0.190126660
1642689823.874167919 -0.161799623 1.248486767 0.782769584 -0.449630218 -0.285681425 0.824121763 -0.192463270
1642689823.882500887 -0.164864285 1.244420220 0.779162897 -0.453360365 -0.288831621 0.820447834 -0.194694697
1642689823.890835047 -0.167943520 1.240396249 0.775431827 -0.457158984 -0.291793120 0.816758024 -0.196897862
1642689823.899168015 -0.170966951 1.236462611 0.771562499 -0.460522774 -0.294758438 0.813313290 -0.198891252
1642689823.907500982 -0.173992290 1.232625523 0.767570598 -0.463748550 -0.297639243 0.809931615 -0.200895353
1642689823.915833950 -0.177141611 1.228907320 0.763494838 -0.467432867 -0.300022197 0.806363486 -0.203152961
1642689823.924168110 -0.180385655 1.225347389 0.759324950 -0.471311897 -0.301961729 0.802757187 -0.205584797
1642689823.932501078 -0.183744570 1.221922408 0.755092504 -0.475632540 -0.303556894 0.798901564 -0.208286319
1642689823.940834999 -0.187122432 1.218747316 0.750781521 -0.479697760 -0.304632596 0.795437615 -0.210637227
1642689823.949167967 -0.190474123 1.215684727 0.746350275 -0.483438909 -0.306031192 0.791992991 -0.213023081
1642689823.957500935 -0.193812333 1.212708431 0.741817041 -0.487046834 -0.307790522 0.788405927 -0.215560828
1642689823.965833902 -0.197248152 1.210030312 0.737245825 -0.490731099 -0.308826839 0.785059874 -0.217921927
1642689823.974168062 -0.200806396 1.207576379 0.732638142 -0.494783844 -0.309429763 0.781573017 -0.220421843
1642689823.982501030 -0.204356690 1.205373426 0.727977197 -0.498500572 -0.309909790 0.778362112 -0.222722978
1642689823.990833998 -0.208015157 1.203465466 0.723302338 -0.502331116 -0.309721767 0.775373856 -0.224791594
1642689823.999167919 -0.211813813 1.201807243 0.718610804 -0.506559615 -0.309221810 0.772166290 -0.227020812
1642689824.007500887 -0.215748045 1.200420068 0.713845705 -0.510966279 -0.308918832 0.768568156 -0.229751186
1642689824.015835047 -0.219556769 1.199246728 0.709056925 -0.514675214 -0.308679159 0.765465857 -0.232139230
1642689824.024168015 -0.223322884 1.198277798 0.704275974 -0.518192706 -0.308368281 0.762540657 -0.234343911
1642689824.032500982 -0.227089890 1.197649329 0.699443235 -0.521445914 -0.307871524 0.759925069 -0.236269279
1642689824.040833950 -0.230855043 1.197251204 0.694633486 -0.524715939 -0.307254689 0.757419918 -0.237871410
1642689824.049168110 -0.234947783 1.197165543 0.689906940 -0.529084190 -0.306201951 0.754146996 -0.239942897
1642689824.057501078 -0.239067296 1.197385969 0.685210920 -0.533471529 -0.304830502 0.750999145 -0.241840395
1642689824.065834999 -0.243081825 1.197829149 0.680550287 -0.537532112 -0.303302033 0.748248734 -0.243291877
1642689824.074167967 -0.247128683 1.198676947 0.675883306 -0.541413850 -0.301432300 0.745659693 -0.244951492
1642689824.082500935 -0.251132684 1.199784241 0.671308623 -0.545153748 -0.299483223 0.743264264 -0.246323819
1642689824.090833902 -0.255080219 1.200887679 0.666943709 -0.549192879 -0.297765697 0.740772897 -0.246937818
1642689824.099168062 -0.259022723 1.202273126 0.662657393 -0.553194231 -0.295830184 0.738363034 -0.247549337
1642689824.107501030 -0.262887578 1.204022818 0.658426438 -0.556778198 -0.293675507 0.736293374 -0.248243432
1642689824.115833998 -0.266710162 1.206018615 0.654301689 -0.560264247 -0.291436044 0.734351829 -0.248789863
1642689824.124167919 -0.270513846 1.208250359 0.650305731 -0.563772606 -0.289099116 0.732440566 -0.249224731
1642689824.132500887 -0.274224716 1.210699130 0.646453923 -0.567136329 -0.286761273 0.730659924 -0.249520405
1642689824.140835047 -0.277807071 1.213367437 0.642750267 -0.570245193 -0.284409672 0.729138900 -0.249575686
1642689824.149168015 -0.281289167 1.216241716 0.639219562 -0.573268451 -0.282027958 0.727749493 -0.249407675
1642689824.157500982 -0.284691010 1.219299194 0.635872144 -0.576309414 -0.279655946 0.726381246 -0.249058822
1642689824.165833950 -0.287954920 1.222510390 0.632709937 -0.579254420 -0.277265732 0.725144085 -0.248503696
1642689824.174168110 -0.291079786 1.225884940 0.629748924 -0.582071462 -0.274823811 0.724059642 -0.247794919
1642689824.182501078 -0.294082053 1.229503259 0.626950023 -0.584598655 -0.272234632 0.723213119 -0.247175044
1642689824.190834999 -0.296888536 1.233162914 0.624407661 -0.586918322 -0.269764565 0.722606101 -0.246159269
1642689824.199167967 -0.299536567 1.236865276 0.622156829 -0.589125744 -0.267149682 0.722232552 -0.244830647
1642689824.207500935 -0.302026857 1.240728087 0.620096650 -0.591034435 -0.264357091 0.722133063 -0.243551770
1642689824.215833902 -0.304357290 1.244630855 0.618234527 -0.592672808 -0.261904585 0.722164189 -0.242123554
1642689824.224168062 -0.306598941 1.248607777 0.616603349 -0.594189722 -0.259444068 0.722225812 -0.240867655
1642689824.232501030 -0.308634488 1.252559986 0.615222983 -0.595446475 -0.257029394 0.722493197 -0.239547419
1642689824.240833998 -0.310485722 1.256523756 0.614072151 -0.596386785 -0.254618201 0.723036041 -0.238141255
1642689824.249167919 -0.312152401 1.260472146 0.613151700 -0.597053217 -0.252251180 0.723798198 -0.236670589
1642689824.257500887 -0.313638752 1.264369093 0.612456045 -0.597503134 -0.250002363 0.724687079 -0.235196641
1642689824.265835047 -0.314951276 1.268211320 0.611989136 -0.597769241 -0.247757919 0.725756500 -0.233592489
1642689824.274168015 -0.316070947 1.271982264 0.611741540 -0.597807686 -0.245499988 0.727037394 -0.231888666
1642689824.282500982 -0.317020487 1.275669878 0.611712885 -0.597658024 -0.243237522 0.728476998 -0.230133999
1642689824.290833950 -0.317801371 1.279235651 0.611905758 -0.597321266 -0.241059665 0.730035023 -0.228355879
1642689824.299168110 -0.318405036 1.282651438 0.612308907 -0.596731966 -0.239008203 0.731747961 -0.226563372
1642689824.307501078 -0.318865163 1.285915063 0.612925035 -0.596113552 -0.236988967 0.733451884 -0.224795898
1642689824.315834999 -0.319169531 1.289006311 0.613755409 -0.595450345 -0.235063232 0.735163458 -0.222977250
1642689824.324167967 -0.319249269 1.291913120 0.614784283 -0.594414710 -0.233287830 0.737179087 -0.220941021
1642689824.332500935 -0.319138068 1.294548469 0.615991558 -0.593371995 -0.231989551 0.739081413 -0.218744575
1642689824.340833902 -0.318844030 1.296929503 0.617384771 -0.592299336 -0.230965611 0.740930601 -0.216467611
1642689824.349168062 -0.318249424 1.299105156 0.618956794 -0.590473568 -0.229992319 0.743420745 -0.213939466
1642689824.357501030 -0.317496265 1.301009971 0.620692134 -0.588586996 -0.229278807 0.745878606 -0.211333105
1642689824.365833998 -0.316693377 1.302651446 0.622601197 -0.587098996 -0.228688737 0.747930710 -0.208844162
1642689824.374167919 -0.315709575 1.304016481 0.624647222 -0.585337743 -0.228410666 0.750072150 -0.206397831
1642689824.382500887 -0.314569613 1.305077610 0.626821822 -0.583419661 -0.228402841 0.752245558 -0.203912389
1642689824.390835047 -0.313276310 1.305827692 0.629119585 -0.581322119 -0.228664555 0.754480288 -0.201337056
1642689824.399168015 -0.311835114 1.306263217 0.631528571 -0.579015847 -0.229246412 0.756743776 -0.198810434
1642689824.407500982 -0.310261521 1.306375520 0.634030055 -0.576553017 -0.230114244 0.759016537 -0.196285377
1642689824.415833950 -0.308599910 1.306170091 0.636594919 -0.574043631 -0.231176179 0.761215788 -0.193860799
1642689824.424168110 -0.306812800 1.305651370 0.639217162 -0.571338747 -0.232456272 0.763462697 -0.191470175
1642689824.432501078 -0.304876476 1.304817495 0.641889182 -0.568363694 -0.234026904 0.765802396 -0.189052399
1642689824.440834999 -0.302799897 1.303655805 0.644611187 -0.565118416 -0.235880708 0.768235733 -0.186588655
1642689824.449167967 -0.300657809 1.302197502 0.647356448 -0.561736488 -0.237904748 0.770665378 -0.184196427
1642689824.457500935 -0.298494951 1.300517549 0.650050592 -0.558231404 -0.239943446 0.773070576 -0.182117342
1642689824.465833902 -0.296307210 1.298552942 0.652713740 -0.554642690 -0.242232660 0.775342826 -0.180383834
1642689824.474168062 -0.294127973 1.296283475 0.655375222 -0.551093251 -0.244846349 0.777407023 -0.178842990
1642689824.482501030 -0.291923922 1.293767147 0.657983987 -0.547460394 -0.247573257 0.779435722 -0.177410694
1642689824.490833998 -0.289635898 1.290991532 0.660497344 -0.543532026 -0.250511784 0.781569998 -0.175969091
1642689824.499167919 -0.287407415 1.288026268 0.662946538 -0.539743034 -0.253587196 0.783433846 -0.174935416
1642689824.507500887 -0.285296804 1.284880095 0.665318297 -0.536286455 -0.256794581 0.784883906 -0.174386455
1642689824.515835047 -0.283134521 1.281548030 0.667561030 -0.532616941 -0.260066972 0.786432790 -0.173804001
1642689824.524168015 -0.280984293 1.278074815 0.669685610 -0.528901057 -0.263346831 0.787929825 -0.173432147
1642689824.532500982 -0.278846238 1.274466265 0.671673608 -0.525031439 -0.266740307 0.789419108 -0.173231257
1642689824.540833950 -0.276801167 1.270758329 0.673528838 -0.521342165 -0.270095032 0.790710514 -0.173285611
1642689824.549168110 -0.274870681 1.266959939 0.675252040 -0.517907682 -0.273412492 0.791746085 -0.173653043
1642689824.557501078 -0.273100476 1.263121574 0.676824155 -0.514719393 -0.276648032 0.792528357 -0.174438002
1642689824.565834999 -0.271302062 1.259216756 0.678253316 -0.511010180 -0.280126433 0.793553907 -0.175128452
1642689824.574167967 -0.269386854 1.255188396 0.679521882 -0.506555564 -0.283982914 0.794955252 -0.175503025
1642689824.582500935 -0.267696068 1.251133231 0.680621023 -0.502685660 -0.287605678 0.795929070 -0.176315108
1642689824.590833902 -0.266314290 1.247076493 0.681593468 -0.499783997 -0.290815069 0.796276114 -0.177727044
1642689824.599168062 -0.265072414 1.242989255 0.682402934 -0.497014429 -0.293988097 0.796477584 -0.179363080
1642689824.607501030 -0.263924170 1.238894025 0.683027157 -0.494003214 -0.297252993 0.796778284 -0.180958141
1642689824.615833998 -0.262904110 1.234802592 0.683471287 -0.490948805 -0.300554515 0.797052108 -0.182603920
1642689824.624167919 -0.262037516 1.230700965 0.683732866 -0.488004555 -0.303812170 0.797235021 -0.184298780
1642689824.632500887 -0.261336376 1.226665538 0.683825603 -0.485263418 -0.307070547 0.797160724 -0.186445365
1642689824.640835047 -0.260868299 1.222669471 0.683772926 -0.483031187 -0.310106039 0.796789919 -0.188788087
1642689824.649168015 -0.260737086 1.218626778 0.683575238 -0.481836205 -0.312535853 0.795991581 -0.191187382
1642689824.657500982 -0.260723821 1.214583762 0.683156275 -0.480630549 -0.315391464 0.794913581 -0.193997158
1642689824.665833950 -0.260838792 1.210632207 0.682543173 -0.479325386 -0.318313895 0.793834828 -0.196849448
1642689824.674168110 -0.261187950 1.206825221 0.681769899 -0.478415666 -0.320604979 0.792785458 -0.199554795
1642689824.682501078 -0.261741624 1.203097285 0.680792064 -0.477952106 -0.322628420 0.791508814 -0.202451189
1642689824.690834999 -0.262474083 1.199471741 0.679643300 -0.477716927 -0.324594674 0.790087590 -0.205393366
1642689824.699167967 -0.263303555 1.195938212 0.678332951 -0.477300879 -0.326889293 0.788699017 -0.208041153
1642689824.707500935 -0.264398029 1.192545630 0.676837934 -0.477563392 -0.328672199 0.787009853 -0.211005410
1642689824.715833902 -0.265765694 1.189285596 0.675180468 -0.478588820 -0.329988702 0.784933565 -0.214335009
1642689824.724168062 -0.267231504 1.186153151 0.673366413 -0.479563049 -0.331411822 0.782877752 -0.217457839
1642689824.732501030 -0.268843787 1.183193645 0.671394261 -0.480726203 -0.332621008 0.780790231 -0.220527091
1642689824.740833998 -0.270641103 1.180393366 0.669269606 -0.482194099 -0.333620668 0.778546926 -0.223720329
1642689824.749167919 -0.272579109 1.177795396 0.667003653 -0.483797801 -0.334342713 0.776308375 -0.226935992
1642689824.757500887 -0.274655743 1.175408487 0.664593656 -0.485515766 -0.334880096 0.774045144 -0.230182269
1642689824.765835047 -0.276929674 1.173257664 0.662060777 -0.487496008 -0.335115501 0.771659866 -0.233637101
1642689824.774168015 -0.279217722 1.171330518 0.659380728 -0.489188637 -0.335062058 0.769630133 -0.236848798
1642689824.782500982 -0.281565501 1.169597609 0.656595675 -0.490807853 -0.334815406 0.767763407 -0.239886737
1642689824.790833950 -0.284191356 1.168092922 0.653781692 -0.493024516 -0.334397164 0.765458607 -0.243266281
1642689824.799168110 -0.286996885 1.166793143 0.650925224 -0.495560815 -0.333797316 0.762963211 -0.246750822
1642689824.807501078 -0.290013101 1.165709429 0.648041145 -0.498477586 -0.333018874 0.760226025 -0.250349590
1642689824.815834999 -0.293040164 1.165001174 0.645070932 -0.500935757 -0.331531502 0.758143345 -0.253710266
1642689824.824167967 -0.296052784 1.164523511 0.642018119 -0.502948888 -0.329943485 0.756406690 -0.256960369
1642689824.832500935 -0.299178956 1.164022007 0.638942663 -0.505277631 -0.329140728 0.754034290 -0.260371246
1642689824.840833902 -0.302331795 1.163714410 0.635832273 -0.507380117 -0.328295627 0.751885581 -0.263544060
1642689824.849168062 -0.305628125 1.163627414 0.632748731 -0.509851417 -0.326859196 0.749876343 -0.266270670
1642689824.857501030 -0.309041543 1.163748528 0.629751609 -0.512742827 -0.325044154 0.747852399 -0.268622189
1642689824.865833998 -0.312459692 1.164077682 0.626781692 -0.515493404 -0.323461078 0.745806590 -0.270946510
1642689824.874167919 -0.315970687 1.164591951 0.623808751 -0.518653297 -0.321747742 0.743516315 -0.273240988
1642689824.882500887 -0.319481492 1.165299256 0.620881410 -0.521893151 -0.319984325 0.741253493 -0.275283181
1642689824.890835047 -0.322972030 1.166188458 0.618024603 -0.525188761 -0.318159886 0.739067957 -0.277001097
1642689824.899168015 -0.326464412 1.167277475 0.615234517 -0.528584132 -0.316233170 0.736897982 -0.278526054
1642689824.907500982 -0.329921200 1.168577300 0.612547125 -0.531936580 -0.314260781 0.734817424 -0.279869595
1642689824.915833950 -0.333284076 1.169984422 0.609953473 -0.535183218 -0.312516783 0.732858384 -0.280768183
1642689824.924168110 -0.336661238 1.171673820 0.607479072 -0.538569786 -0.310293380 0.731026028 -0.281534279
1642689824.932501078 -0.339995440 1.173707607 0.605151929 -0.541827810 -0.307759007 0.729345002 -0.282423238
1642689824.940834999 -0.343174640 1.175864742 0.602919731 -0.544847380 -0.305728738 0.727652963 -0.283182691
1642689824.949167967 -0.346202682 1.178177948 0.600830981 -0.547758406 -0.303685232 0.726185767 -0.283531728
1642689824.957500935 -0.349113507 1.180681561 0.598883388 -0.550561717 -0.301538550 0.724926090 -0.283616754
1642689824.965833902 -0.352019348 1.183419108 0.597059504 -0.553484250 -0.299080756 0.723726447 -0.283594633
1642689824.974168062 -0.354836364 1.186480028 0.595324806 -0.556126180 -0.296272946 0.722850752 -0.283606776
1642689824.982501030 -0.357531715 1.189699124 0.593777295 -0.558662581 -0.293636622 0.721949103 -0.283660267
1642689824.990833998 -0.360112345 1.192924859 0.592479864 -0.561414710 -0.291062751 0.720999942 -0.283293280
1642689824.999167919 -0.362525461 1.196401663 0.591307332 -0.563767810 -0.288337141 0.720416045 -0.282892686
1642689825.007500887 -0.364777369 1.200036853 0.590297021 -0.565884793 -0.285678492 0.720055254 -0.282281121
1642689825.015835047 -0.366887331 1.203820932 0.589457420 -0.567887369 -0.282948227 0.719834519 -0.281571487
1642689825.024168015 -0.368813563 1.207730894 0.588784414 -0.569638445 -0.280214790 0.719853433 -0.280718272
1642689825.032500982 -0.370605381 1.211774134 0.588264319 -0.571274267 -0.277399736 0.720006611 -0.279795601
1642689825.040833950 -0.372262850 1.215939725 0.587905213 -0.572762789 -0.274469033 0.720291947 -0.278906884
1642689825.049168110 -0.373754348 1.220205459 0.587711072 -0.573986961 -0.271504165 0.720814031 -0.277941701
1642689825.057501078 -0.375096594 1.224560484 0.587693730 -0.574978959 -0.268555206 0.721504780 -0.276962362
1642689825.065834999 -0.376293645 1.228982424 0.587843784 -0.575846584 -0.265506710 0.722286177 -0.276060822
1642689825.074167967 -0.377300321 1.233457909 0.588171663 -0.576378968 -0.262473820 0.723330068 -0.275115233
1642689825.082500935 -0.378130516 1.237973973 0.588679718 -0.576530369 -0.259485648 0.724655352 -0.274143308
1642689825.090833902 -0.378808560 1.242504722 0.589353738 -0.576488064 -0.256442983 0.726131236 -0.273188462
1642689825.099168062 -0.379381862 1.247048221 0.590156226 -0.576550652 -0.253281620 0.727454269 -0.272484958
1642689825.107501030 -0.379776827 1.251610733 0.591108979 -0.576356968 -0.250129495 0.728941991 -0.271829829
1642689825.115833998 -0.379899384 1.256160352 0.592278759 -0.575467615 -0.247159246 0.730997056 -0.270910750
1642689825.124167919 -0.379889813 1.260663015 0.593607870 -0.574411041 -0.244189595 0.733126852 -0.270089646
1642689825.132500887 -0.379745284 1.265092489 0.595095487 -0.573211900 -0.241283937 0.735312764 -0.269305253
1642689825.140835047 -0.379436459 1.269449341 0.596734641 -0.571785806 -0.238468692 0.737625708 -0.268518138
1642689825.149168015 -0.378946344 1.273695414 0.598523716 -0.570165268 -0.235803424 0.740045752 -0.267657612
1642689825.157500982 -0.378255961 1.277804343 0.600450619 -0.568340440 -0.233307677 0.742607501 -0.266628528
1642689825.165833950 -0.377424909 1.281771388 0.602503018 -0.566607449 -0.230920188 0.745071645 -0.265518565
1642689825.174168110 -0.376463936 1.285592349 0.604688832 -0.565179424 -0.228656974 0.747282038 -0.264306192
1642689825.182501078 -0.375317658 1.289256225 0.607004535 -0.563807098 -0.226541693 0.749448374 -0.262921191
1642689825.190834999 -0.374031031 1.292739483 0.609429296 -0.562647235 -0.224507103 0.751443770 -0.261451544
1642689825.199167967 -0.372571676 1.296050065 0.611987326 -0.561557012 -0.222595987 0.753393083 -0.259814570
1642689825.207500935 -0.370949634 1.299167490 0.614669451 -0.560482563 -0.220899230 0.755281416 -0.258094575
1642689825.215833902 -0.369187761 1.302087514 0.617472451 -0.559489795 -0.219292847 0.757106292 -0.256265252
1642689825.224168062 -0.367288765 1.304787413 0.620398094 -0.558572947 -0.217801770 0.758844110 -0.254389992
1642689825.232501030 -0.365280056 1.307255659 0.623437491 -0.557758299 -0.216469261 0.760431374 -0.252568534
1642689825.240833998 -0.363107945 1.309491428 0.626582395 -0.556832958 -0.215312082 0.762094304 -0.250579399
1642689825.249167919 -0.360818131 1.311459797 0.629831312 -0.555961501 -0.214354063 0.763642474 -0.248614794
1642689825.257500887 -0.358412016 1.313146619 0.633186327 -0.555134761 -0.213545697 0.765089876 -0.246700453
1642689825.265835047 -0.355830056 1.314568193 0.636626224 -0.554015888 -0.212918359 0.766718544 -0.244693362
1642689825.274168015 -0.353169913 1.315723966 0.640122090 -0.552893808 -0.212442191 0.768224918 -0.242914033
1642689825.282500982 -0.350386465 1.316595070 0.643685571 -0.551678418 -0.212138672 0.769737162 -0.241148935
1642689825.290833950 -0.347464157 1.317179311 0.647313004 -0.550214198 -0.212033003 0.771358200 -0.239401063
1642689825.299168110 -0.344413155 1.317474883 0.650999137 -0.548456330 -0.212152380 0.773103562 -0.237692879
1642689825.307501078 -0.341251712 1.317484391 0.654730292 -0.546532928 -0.212445364 0.774894028 -0.236025362
1642689825.315834999 -0.338024590 1.317181489 0.658496514 -0.544576027 -0.212842639 0.776624145 -0.234499251
1642689825.324167967 -0.334752961 1.316560783 0.662301008 -0.542502722 -0.213456529 0.778318518 -0.233125270
1642689825.332500935 -0.331378524 1.315622533 0.666141818 -0.540150613 -0.214375834 0.780084783 -0.231836256
1642689825.340833902 -0.327946117 1.314388968 0.670015532 -0.537641005 -0.215435462 0.781884203 -0.230622647
1642689825.349168062 -0.324487213 1.312855061 0.673910922 -0.535086520 -0.216706816 0.783593748 -0.229567876
1642689825.357501030 -0.320987883 1.311028413 0.677816165 -0.532441827 -0.218246610 0.785224461 -0.228684640
1642689825.365833998 -0.317434482 1.308922367 0.681725232 -0.529672024 -0.220003954 0.786830549 -0.227911155
1642689825.374167919 -0.313830037 1.306561303 0.685631366 -0.526786988 -0.221940184 0.788425518 -0.227207452
1642689825.382500887 -0.310198064 1.303948956 0.689537559 -0.523919846 -0.224102493 0.789891969 -0.226620266
1642689825.390835047 -0.306539443 1.301107526 0.693432915 -0.521091019 -0.226611047 0.791107989 -0.226406123
1642689825.399168015 -0.302878516 1.298051752 0.697283475 -0.518278880 -0.229309586 0.792146317 -0.226513418
1642689825.407500982 -0.299173378 1.294736566 0.701110696 -0.515502734 -0.232183465 0.793147986 -0.226415642
1642689825.415833950 -0.295343629 1.291228120 0.704947918 -0.512586229 -0.235014060 0.794357563 -0.225875656
1642689825.424168110 -0.291505140 1.287577048 0.708755804 -0.509852106 -0.237759752 0.795438611 -0.225385328
1642689825.432501078 -0.287759651 1.283774447 0.712478004 -0.507551137 -0.240755409 0.795943141 -0.225617357
1642689825.440834999 -0.283986565 1.279867759 0.716141538 -0.505122547 -0.243731583 0.796497794 -0.225914567
1642689825.449167967 -0.280096508 1.275865171 0.719802208 -0.502410005 -0.246834495 0.797235585 -0.225991906
1642689825.457500935 -0.276213829 1.271754991 0.723462544 -0.500107941 -0.249937955 0.797677363 -0.226128041
1642689825.465833902 -0.272301592 1.267571770 0.727111625 -0.497869452 -0.253037904 0.798059011 -0.226273382
1642689825.474168062 -0.268334716 1.263301817 0.730731895 -0.495668613 -0.256845435 0.797996719 -0.227033667
1642689825.482501030 -0.264324722 1.259033810 0.734337972 -0.493478887 -0.260728944 0.797828789 -0.227965414
1642689825.490833998 -0.260353901 1.254848582 0.737980024 -0.491594326 -0.263558201 0.797985410 -0.228235359
1642689825.499167919 -0.256326593 1.250583402 0.741617747 -0.489792928 -0.266617618 0.798055744 -0.228308919
1642689825.507500887 -0.252242306 1.246310749 0.745253553 -0.488036097 -0.269835338 0.798043194 -0.228334664
1642689825.515835047 -0.248062558 1.242191415 0.748900808 -0.485976119 -0.273038812 0.798185825 -0.228421558
1642689825.524168015 -0.243881370 1.238181232 0.752583746 -0.484051451 -0.276076366 0.798250714 -0.228630338
1642689825.532500982 -0.239700994 1.234256402 0.756332937 -0.482417359 -0.278925033 0.798151858 -0.228971460
1642689825.540833950 -0.235346785 1.230443825 0.760098263 -0.480155919 -0.281984133 0.798439638 -0.228974641
1642689825.549168110 -0.230947293 1.226809811 0.763886132 -0.477663831 -0.284911160 0.798888033 -0.228999576
1642689825.557501078 -0.226440651 1.223346783 0.767726838 -0.474713443 -0.287859760 0.799668492 -0.228722996
1642689825.565834999 -0.221844332 1.220066784 0.771632546 -0.471363636 -0.290954641 0.800657555 -0.228274394
1642689825.574167967 -0.217369004 1.216972902 0.775653000 -0.468723777 -0.293516397 0.801282603 -0.228237456
1642689825.582500935 -0.212913444 1.214085422 0.779757008 -0.466187528 -0.295756015 0.801948698 -0.228201348
1642689825.590833902 -0.208250149 1.211481110 0.783876631 -0.462307061 -0.298385472 0.803403566 -0.227554394
1642689825.599168062 -0.203657636 1.209140993 0.788078399 -0.458555354 -0.300788194 0.804816287 -0.226989413
1642689825.607501030 -0.199178183 1.207064389 0.792362774 -0.455184102 -0.302849994 0.806059096 -0.226623142
1642689825.615833998 -0.194641626 1.205296097 0.796654069 -0.451171509 -0.305002836 0.807673484 -0.226011245
1642689825.624167919 -0.190153522 1.203814246 0.800966057 -0.447091238 -0.307153384 0.809329061 -0.225283587
1642689825.632500887 -0.185732052 1.202666274 0.805309276 -0.442977340 -0.309120951 0.811072209 -0.224448624
1642689825.640835047 -0.181365344 1.201825219 0.809671540 -0.438785413 -0.311019889 0.812903382 -0.223432499
1642689825.649168015 -0.176984121 1.201334008 0.814010606 -0.434095788 -0.312933176 0.815063764 -0.222046695
1642689825.657500982 -0.172750376 1.201191179 0.818377578 -0.429733662 -0.314497092 0.817161324 -0.220608091
1642689825.665833950 -0.168681380 1.201395837 0.822751054 -0.425694952 -0.315818689 0.819158952 -0.219136888
1642689825.674168110 -0.164708934 1.201978435 0.827080277 -0.421577258 -0.316974797 0.821310389 -0.217367979
1642689825.682501078 -0.160961505 1.202928220 0.831389715 -0.418111200 -0.317627090 0.823255622 -0.215745768
1642689825.690834999 -0.157297458 1.204286548 0.835570785 -0.414257078 -0.318117653 0.825498022 -0.213881385
1642689825.699167967 -0.153823270 1.206014762 0.839652780 -0.410653434 -0.318290255 0.827721201 -0.211973310
1642689825.707500935 -0.150528935 1.208111722 0.843609624 -0.407270437 -0.318151263 0.829940924 -0.210020542
1642689825.715833902 -0.147391047 1.210567212 0.847410476 -0.404066452 -0.317698558 0.832198273 -0.207951829
1642689825.724168062 -0.144409867 1.213351493 0.851040154 -0.401076149 -0.316980129 0.834473521 -0.205707227
1642689825.732501030 -0.141590377 1.216437854 0.854491119 -0.398345917 -0.316003232 0.836730584 -0.203333265
1642689825.740833998 -0.138927703 1.219806348 0.857745912 -0.395848929 -0.314789483 0.838947836 -0.200942119
1642689825.749167919 -0.136379276 1.223409755 0.860765175 -0.393278866 -0.313412849 0.841288736 -0.198336539
1642689825.757500887 -0.133950927 1.227201429 0.863556825 -0.390815454 -0.312006385 0.843625808 -0.195475812
1642689825.765835047 -0.131725332 1.231153326 0.866174154 -0.388945996 -0.310556054 0.845716561 -0.192456356
1642689825.774168015 -0.129704819 1.235247088 0.868576729 -0.387418927 -0.308997162 0.847681176 -0.189377802
1642689825.782500982 -0.127872676 1.239482805 0.870748012 -0.386081296 -0.307300054 0.849599966 -0.186246630
1642689825.790833950 -0.126232341 1.243813545 0.872685692 -0.385003020 -0.305478111 0.851419376 -0.183141599
1642689825.799168110 -0.124770447 1.248237846 0.874374510 -0.384136945 -0.303813715 0.852995474 -0.180373934
1642689825.807501078 -0.123481760 1.252701597 0.875816015 -0.383419534 -0.302127897 0.854464059 -0.177762109
1642689825.815834999 -0.122415026 1.257041454 0.877037850 -0.383061448 -0.299897646 0.856076543 -0.174523010
1642689825.824167967 -0.121571869 1.261315611 0.878027885 -0.383080403 -0.297566455 0.857549872 -0.171206967
1642689825.832500935 -0.120919129 1.265614217 0.878770474 -0.383238518 -0.295413097 0.858772645 -0.168430651
1642689825.840833902 -0.120482650 1.269865954 0.879267170 -0.383562218 -0.293080063 0.859901709 -0.165991423
1642689825.849168062 -0.120247113 1.274016209 0.879540978 -0.384120174 -0.290763273 0.860862981 -0.163778323
1642689825.857501030 -0.120196074 1.278029587 0.879632452 -0.384948695 -0.288475647 0.861679037 -0.161572092
1642689825.865833998 -0.120377483 1.281914244 0.879520335 -0.386250443 -0.286021598 0.862259941 -0.159718614
1642689825.874167919 -0.120783375 1.285625806 0.879228099 -0.388100812 -0.283477482 0.862538805 -0.158256396
1642689825.882500887 -0.121353875 1.289139126 0.878775985 -0.390311855 -0.281020318 0.862592256 -0.156903908
1642689825.890835047 -0.122106571 1.292453680 0.878155872 -0.393008630 -0.278473340 0.862406634 -0.155729296
1642689825.899168015 -0.122949819 1.295534184 0.877319091 -0.395587306 -0.275951837 0.862245533 -0.154576544
1642689825.907500982 -0.123951638 1.298381405 0.876333222 -0.398563516 -0.273441457 0.861836861 -0.153668862
1642689825.915833950 -0.125056107 1.301000291 0.875177408 -0.401493377 -0.271089278 0.861370750 -0.152820493
1642689825.924168110 -0.126296396 1.303347947 0.873911350 -0.404693849 -0.268820167 0.860688366 -0.152230558
1642689825.932501078 -0.127741181 1.305428205 0.872565351 -0.408644993 -0.266517393 0.859548919 -0.152162427
1642689825.940834999 -0.129242873 1.307278396 0.871061727 -0.412394463 -0.264341600 0.858432654 -0.152143695
1642689825.949167967 -0.130834847 1.308889727 0.869437551 -0.416206096 -0.262144792 0.857235479 -0.152315226
1642689825.957500935 -0.132574403 1.310236590 0.867698662 -0.420359950 -0.260049467 0.855741237 -0.152901022
1642689825.965833902 -0.134280027 1.311316282 0.865833430 -0.424101260 -0.258206051 0.854365329 -0.153387227
1642689825.974168062 -0.135889263 1.312126431 0.863875167 -0.427337009 -0.256501554 0.853209309 -0.153700711
1642689825.982501030 -0.137739063 1.312686155 0.861896478 -0.431626245 -0.254541185 0.851431250 -0.154830219
1642689825.990833998 -0.139567567 1.312980928 0.859840312 -0.435688341 -0.252773845 0.849666838 -0.156036266
1642689825.999167919 -0.141374664 1.313024930 0.857729514 -0.439567965 -0.251168416 0.847902840 -0.157337870
1642689826.007500887 -0.143237437 1.312799973 0.855621872 -0.443890888 -0.249521143 0.845835132 -0.158943410
1642689826.015835047 -0.145009860 1.312323980 0.853476876 -0.447775309 -0.248200140 0.843880675 -0.160497256
1642689826.024168015 -0.146726632 1.311640055 0.851308715 -0.451444044 -0.246573750 0.842140282 -0.161862307
1642689826.032500982 -0.148437685 1.310759350 0.849122637 -0.455015819 -0.245041563 0.840348982 -0.163489526
1642689826.040833950 -0.150185277 1.309586250 0.846988740 -0.459048199 -0.244267132 0.837898103 -0.165937003
1642689826.049168110 -0.151819537 1.308172647 0.844888256 -0.462963378 -0.243511215 0.835477656 -0.168357611
1642689826.057501078 -0.153288867 1.306553872 0.842787943 -0.466279233 -0.242999833 0.833318424 -0.170631653
1642689826.065834999 -0.154662206 1.304746242 0.840725311 -0.469463070 -0.242545332 0.831182446 -0.172950655
1642689826.074167967 -0.155928872 1.302758436 0.838727358 -0.472493821 -0.242181398 0.829069587 -0.175332198
1642689826.082500935 -0.157069708 1.300587599 0.836817730 -0.475294797 -0.241957851 0.827026860 -0.177701510
1642689826.090833902 -0.158104817 1.298242202 0.835018100 -0.477974018 -0.241837203 0.824995987 -0.180103376
1642689826.099168062 -0.158984524 1.295711664 0.833330250 -0.480327455 -0.241840940 0.823120932 -0.182401827
1642689826.107501030 -0.159712132 1.292989639 0.831776783 -0.482344685 -0.242096226 0.821368784 -0.184624873
1642689826.115833998 -0.160346601 1.290115826 0.830371270 -0.484155839 -0.242538405 0.819647400 -0.186939522
1642689826.124167919 -0.160869952 1.287089921 0.829108197 -0.485685389 -0.243169707 0.818009224 -0.189312194
1642689826.132500887 -0.161347751 1.283913317 0.828016428 -0.487330079 -0.243904046 0.816236758 -0.191775298
1642689826.140835047 -0.161736715 1.280596098 0.827079886 -0.488871373 -0.244782731 0.814474386 -0.194210375
1642689826.149168015 -0.161927273 1.277154806 0.826262991 -0.489677807 -0.245964696 0.813098197 -0.196439140
1642689826.157500982 -0.162034903 1.273601545 0.825599956 -0.490390898 -0.247305588 0.811718127 -0.198671579
1642689826.165833950 -0.162061046 1.269951422 0.825104387 -0.490988917 -0.248789912 0.810370874 -0.200829551
1642689826.174168110 -0.162013582 1.266221540 0.824784489 -0.491485703 -0.250436196 0.809052836 -0.202871939
1642689826.182501078 -0.161813845 1.262409575 0.824657059 -0.491685465 -0.252315321 0.807910666 -0.204603857
1642689826.190834999 -0.161553685 1.258546217 0.824712022 -0.491841068 -0.254333736 0.806760952 -0.206260711
1642689826.199167967 -0.161383347 1.254650286 0.824903365 -0.492440760 -0.256351923 0.805254067 -0.208210654
1642689826.207500935 -0.161144394 1.250724783 0.825256763 -0.492996402 -0.258517013 0.803731711 -0.210092449
1642689826.215833902 -0.160846366 1.246766927 0.825780548 -0.493539307 -0.260827615 0.802178667 -0.211889816
1642689826.224168062 -0.160481989 1.242799279 0.826463005 -0.494031705 -0.263244689 0.800639879 -0.213566600
1642689826.232501030 -0.159851020 1.238838449 0.827293405 -0.493679163 -0.265908746 0.799648882 -0.214790803
1642689826.240833998 -0.159143192 1.234883852 0.828300445 -0.493403384 -0.268625859 0.798607348 -0.215915612
1642689826.249167919 -0.158500729 1.231000109 0.829461442 -0.493558294 -0.271237026 0.797276707 -0.217210815
1642689826.257500887 -0.157643966 1.227179678 0.830730757 -0.492882905 -0.274049351 0.796467053 -0.218182560
1642689826.265835047 -0.156771394 1.223404992 0.832159011 -0.492601808 -0.276760720 0.795423763 -0.219198539
1642689826.274168015 -0.155747196 1.219625511 0.833681984 -0.492042444 -0.279998611 0.794337772 -0.220278267
1642689826.282500982 -0.154625743 1.215895762 0.835315996 -0.491333891 -0.283441557 0.793251522 -0.221368276
1642689826.290833950 -0.153480345 1.212339067 0.837103726 -0.490682166 -0.286226075 0.792434558 -0.222155616
1642689826.299168110 -0.152251977 1.208866702 0.838999403 -0.489910634 -0.289062961 0.791655223 -0.222962290
1642689826.307501078 -0.150923257 1.205458911 0.841012039 -0.489034659 -0.291924582 0.790967859 -0.223595587
1642689826.315834999 -0.149493453 1.202144843 0.843132013 -0.488049053 -0.294730237 0.790401315 -0.224071352
1642689826.324167967 -0.147992982 1.198981921 0.845332663 -0.486859777 -0.297460421 0.789947293 -0.224651129
1642689826.332500935 -0.146414107 1.195957369 0.847625189 -0.485534051 -0.300052064 0.789624310 -0.225208555
1642689826.340833902 -0.144733352 1.193067913 0.850023084 -0.484063619 -0.302517515 0.789445747 -0.225701081
1642689826.349168062 -0.142968741 1.190289706 0.852511279 -0.482489344 -0.304928153 0.789351805 -0.226156101
1642689826.357501030 -0.141130150 1.187640510 0.855087832 -0.480834779 -0.307189018 0.789352163 -0.226618589
1642689826.365833998 -0.139179493 1.185122269 0.857754491 -0.478964186 -0.309309705 0.789534325 -0.227060267
1642689826.374167919 -0.137102520 1.182741166 0.860505393 -0.476726928 -0.311475137 0.789947552 -0.227370930
1642689826.382500887 -0.134959746 1.180463335 0.863342943 -0.474500453 -0.313481012 0.790431113 -0.227590930
1642689826.390835047 -0.132797817 1.178259933 0.866265893 -0.472564230 -0.315238883 0.790810919 -0.227871860
1642689826.399168015 -0.130476807 1.176188148 0.869257631 -0.470017048 -0.317170128 0.791544621 -0.227912697
1642689826.407500982 -0.128102570 1.174226782 0.872378862 -0.467564790 -0.318986352 0.792236780 -0.228017015
1642689826.415833950 -0.125684269 1.172353232 0.875607387 -0.465271011 -0.320650892 0.792896083 -0.228082646
1642689826.424168110 -0.123118727 1.170602396 0.878876392 -0.462462057 -0.322341076 0.793894465 -0.227940026
1642689826.432501078 -0.120515634 1.168963494 0.882230567 -0.459711746 -0.323883118 0.794903178 -0.227802048
1642689826.440834999 -0.117841978 1.167418133 0.885662012 -0.456889678 -0.325407096 0.795982004 -0.227540529
1642689826.449167967 -0.115103887 1.165978166 0.889165710 -0.453986947 -0.326895340 0.797140341 -0.227161980
1642689826.457500935 -0.112327434 1.164641177 0.892745523 -0.451048205 -0.328344061 0.798337230 -0.226723096
1642689826.465833902 -0.109498480 1.163385760 0.896392145 -0.448049079 -0.329814059 0.799586607 -0.226132631
1642689826.474168062 -0.106628218 1.162214162 0.900110076 -0.445050011 -0.331262461 0.800854357 -0.225450588
1642689826.482501030 -0.103714257 1.161132075 0.903900040 -0.442032572 -0.332709333 0.802162785 -0.224603141
1642689826.490833998 -0.100716100 1.160136098 0.907752143 -0.438870337 -0.334206704 0.803582821 -0.223502476
1642689826.499167919 -0.097680432 1.159234807 0.911660471 -0.435672409 -0.335725181 0.805023167 -0.222296772
1642689826.507500887 -0.094690387 1.158418565 0.915598289 -0.432725912 -0.337171300 0.806328716 -0.221128472
1642689826.515835047 -0.091670468 1.157687248 0.919567045 -0.429750808 -0.338617064 0.807671176 -0.219818105
1642689826.524168015 -0.088656221 1.157066170 0.923571827 -0.426862860 -0.339992204 0.808982247 -0.218497422
1642689826.532500982 -0.085598939 1.156539360 0.927596017 -0.423930163 -0.341308290 0.810369741 -0.217008643
1642689826.540833950 -0.082516429 1.156096742 0.931631017 -0.421011509 -0.342612166 0.811753628 -0.215458257
1642689826.549168110 -0.079427035 1.155740414 0.935668651 -0.418140606 -0.343881486 0.813116621 -0.213881550
1642689826.557501078 -0.076268498 1.155478907 0.939687649 -0.415117965 -0.345105025 0.814604505 -0.212129905
1642689826.565834999 -0.073099142 1.155319328 0.943693801 -0.412110138 -0.346250318 0.816109396 -0.210336409
1642689826.574167967 -0.069918222 1.155239663 0.947681406 -0.409108539 -0.347338874 0.817630174 -0.208486952
1642689826.582500935 -0.066708223 1.155238711 0.951636512 -0.406056169 -0.348379859 0.819189882 -0.206586059
1642689826.590833902 -0.063489478 1.155342815 0.955558926 -0.402951488 -0.349346542 0.820795833 -0.204649193
1642689826.599168062 -0.060280948 1.155532376 0.959445717 -0.399855683 -0.350280539 0.822388364 -0.202722360
1642689826.607501030 -0.057058233 1.155796462 0.963278840 -0.396701300 -0.351159788 0.824025389 -0.200741227
1642689826.615833998 -0.053854197 1.156151924 0.967067448 -0.393569164 -0.351943584 0.825671697 -0.198759342
1642689826.624167919 -0.050702080 1.156570548 0.970799567 -0.390574717 -0.352624765 0.827261281 -0.196839879
1642689826.632500887 -0.047592052 1.157063745 0.974477295 -0.387750253 -0.353217414 0.828769832 -0.195007091
1642689826.640835047 -0.044427862 1.157651296 0.978086626 -0.384777032 -0.353722114 0.830416911 -0.192963871
1642689826.649168015 -0.041246885 1.158299442 0.981606236 -0.381772186 -0.354165171 0.832099389 -0.190860255
1642689826.657500982 -0.038084501 1.159021646 0.985035170 -0.378806289 -0.354556366 0.833771281 -0.188735340
1642689826.665833950 -0.034940085 1.159817397 0.988387681 -0.375907949 -0.354818716 0.835464234 -0.186537949
1642689826.674168110 -0.031786046 1.160707213 0.991669050 -0.372968975 -0.355178213 0.837053527 -0.184618452
1642689826.682501078 -0.028665395 1.161668843 0.994882045 -0.370079809 -0.355512903 0.838614611 -0.182693856
1642689826.690834999 -0.025644822 1.162700100 0.998045386 -0.367464904 -0.355379834 0.840336144 -0.180304972
1642689826.699167967 -0.022677074 1.163838136 1.001149744 -0.364938623 -0.355153843 0.842009711 -0.178059528
1642689826.707500935 -0.019768386 1.165057045 1.004195051 -0.362505201 -0.354902424 0.843622745 -0.175883236
1642689826.715833902 -0.016921794 1.166335650 1.007173138 -0.360190261 -0.354715066 0.845138353 -0.173727838
1642689826.724168062 -0.014144433 1.167722389 1.010087723 -0.357972737 -0.354515957 0.846558586 -0.171792070
1642689826.732501030 -0.011453806 1.169236750 1.012956111 -0.355895868 -0.354134887 0.847966285 -0.169940553
1642689826.740833998 -0.008819240 1.170824857 1.015755601 -0.353822030 -0.353845400 0.849309819 -0.168155391
1642689826.749167919 -0.006198593 1.172443053 1.018465133 -0.351691286 -0.354050937 0.850391702 -0.166718705
1642689826.757500887 -0.003650731 1.174179352 1.021128338 -0.349680171 -0.354345563 0.851304405 -0.165661733
1642689826.765835047 -0.001225544 1.176095474 1.023754813 -0.347786119 -0.353991578 0.852483386 -0.164337623
1642689826.774168015 0.001142942 1.178125550 1.026300663 -0.345875059 -0.353590184 0.853654018 -0.163154045
1642689826.782500982 0.003432873 1.180281853 1.028779119 -0.343972096 -0.353034115 0.854862929 -0.162047780
1642689826.790833950 0.005678257 1.182576600 1.031169794 -0.341931039 -0.352300939 0.856187214 -0.160967907
1642689826.799168110 0.007839430 1.185006587 1.033472076 -0.339949858 -0.351469744 0.857491353 -0.160036534
1642689826.807501078 0.009906530 1.187580113 1.035696082 -0.338010515 -0.350458785 0.858823825 -0.159214223
1642689826.815834999 0.011919406 1.190296455 1.037810623 -0.335979473 -0.349280236 0.860246127 -0.158422571
1642689826.824167967 0.013881176 1.193130265 1.039819315 -0.333818852 -0.348092378 0.861711202 -0.157640334
1642689826.832500935 0.015749289 1.196096749 1.041742486 -0.331768082 -0.346698526 0.863188881 -0.156955498
1642689826.840833902 0.017541873 1.199174417 1.043574417 -0.329728140 -0.345216531 0.864678984 -0.156317483
1642689826.849168062 0.019262137 1.202353554 1.045314036 -0.327645043 -0.343745261 0.866164892 -0.155712241
1642689826.857501030 0.020895569 1.205634420 1.046961823 -0.325711101 -0.342088499 0.867652888 -0.155132858
1642689826.865833998 0.022368883 1.209011981 1.048539166 -0.324351202 -0.340142244 0.868977236 -0.154848683
1642689826.874167919 0.023710833 1.212474088 1.050038902 -0.323403681 -0.337952994 0.870192492 -0.154799418
1642689826.882500887 0.025176048 1.216022196 1.051350346 -0.321372004 -0.336367550 0.871721444 -0.153878621
1642689826.890835047 0.026531715 1.219637582 1.052563195 -0.319676458 -0.334642223 0.873163028 -0.152996313
1642689826.899168015 0.027702468 1.223318571 1.053703466 -0.318747096 -0.332413275 0.874446981 -0.152460426
1642689826.907500982 0.028903094 1.227075303 1.054693883 -0.317232384 -0.330606462 0.875868069 -0.151387275
1642689826.915833950 0.030030646 1.230906575 1.055583716 -0.315784527 -0.328853021 0.877259972 -0.150169119
1642689826.924168110 0.030959553 1.234786998 1.056417334 -0.315293367 -0.326609049 0.878398332 -0.149442269
1642689826.932501078 0.031758684 1.238734873 1.057171505 -0.315195499 -0.324155118 0.879454275 -0.148779818
1642689826.940834999 0.032570601 1.242729146 1.057770954 -0.314714922 -0.321932820 0.880633579 -0.147642395
1642689826.949167967 0.033350500 1.246773143 1.058240489 -0.314121219 -0.319747221 0.881881411 -0.146201063
1642689826.957500935 0.034138358 1.250838383 1.058544359 -0.313307661 -0.317492558 0.883297324 -0.144300461
1642689826.965833902 0.034704126 1.255005967 1.058822912 -0.313394666 -0.314874388 0.884433788 -0.142880294
1642689826.974168062 0.035010895 1.259299610 1.059123354 -0.314399049 -0.312180574 0.885180087 -0.141960349
1642689826.982501030 0.035390025 1.263554733 1.059196799 -0.314981923 -0.309409268 0.886186240 -0.140450138
1642689826.990833998 0.035706741 1.267855754 1.059154818 -0.315688602 -0.306571281 0.887165272 -0.138897576
1642689826.999167919 0.035908365 1.272227249 1.059028872 -0.316679971 -0.303625042 0.888058297 -0.137397564
1642689827.007500887 0.036025628 1.276657421 1.058813460 -0.317850245 -0.300614470 0.888898007 -0.135876766
1642689827.015835047 0.036083099 1.281132476 1.058494997 -0.319061313 -0.297577217 0.889714208 -0.134373756
1642689827.024168015 0.036103192 1.285647704 1.058068283 -0.320255364 -0.294437933 0.890564040 -0.132810001
1642689827.032500982 0.036089144 1.290201504 1.057534747 -0.321344258 -0.291295832 0.891437840 -0.131237128
1642689827.040833950 0.036010023 1.294801214 1.056914991 -0.322465052 -0.288091678 0.892304085 -0.129664546
1642689827.049168110 0.035816693 1.299442341 1.056233507 -0.323791533 -0.284751597 0.893101373 -0.128240045
1642689827.057501078 0.035566396 1.304093970 1.055456278 -0.325067979 -0.281419468 0.893888681 -0.126873630
1642689827.065834999 0.035244065 1.308773020 1.054608981 -0.326341413 -0.278074199 0.894651624 -0.125596552
1642689827.074167967 0.034814553 1.313560604 1.053730171 -0.327582042 -0.273829503 0.895767245 -0.123727330
1642689827.082500935 0.034342217 1.318325668 1.052782921 -0.328681025 -0.269752883 0.896850892 -0.121904243
1642689827.090833902 0.033860416 1.322942383 1.051749233 -0.329761308 -0.267200489 0.897316625 -0.121178596
1642689827.099168062 0.033231673 1.327649843 1.050724052 -0.331051833 -0.263551865 0.898089870 -0.119915316
1642689827.107501030 0.032461282 1.332377853 1.049701968 -0.332524500 -0.259691123 0.898826988 -0.118735098
1642689827.115833998 0.031657104 1.337019720 1.048645515 -0.333840607 -0.256523075 0.899360537 -0.117885477
1642689827.124167919 0.030918664 1.341503554 1.047526991 -0.334766472 -0.253543777 0.900012862 -0.116721078
1642689827.132500887 0.030019494 1.345929417 1.046402202 -0.335917263 -0.250532789 0.900559636 -0.115694669
1642689827.140835047 0.029046475 1.350289718 1.045250563 -0.336977497 -0.247580159 0.901120298 -0.114596859
1642689827.149168015 0.027996535 1.354538949 1.044128522 -0.338233299 -0.244838794 0.901529219 -0.113566137
1642689827.157500982 0.026701424 1.358772925 1.043052713 -0.339923026 -0.242199200 0.901691919 -0.112887406
1642689827.165833950 0.025300420 1.362904032 1.041975973 -0.341643816 -0.239738901 0.901775283 -0.112276894
1642689827.174168110 0.023844738 1.366884566 1.040889437 -0.343395746 -0.237412039 0.901821227 -0.111504979
1642689827.182501078 0.022220688 1.370797441 1.039821194 -0.345313929 -0.235274960 0.901724162 -0.110894183
1642689827.190834999 0.020471546 1.374597908 1.038772714 -0.347364562 -0.233317255 0.901513868 -0.110334339
1642689827.199167967 0.018609814 1.378281161 1.037726122 -0.349487878 -0.231534634 0.901221164 -0.109774087
1642689827.207500935 0.016631738 1.381837969 1.036679288 -0.351682460 -0.230012809 0.900817218 -0.109278977
1642689827.215833902 0.014541446 1.385290076 1.035633417 -0.353908900 -0.228632481 0.900347311 -0.108859542
1642689827.224168062 0.012347985 1.388620208 1.034559682 -0.356101021 -0.227450262 0.899834793 -0.108424106
1642689827.232501030 0.010037803 1.391825481 1.033467251 -0.358337225 -0.226485609 0.899229807 -0.108094666
1642689827.240833998 0.007594849 1.394942413 1.032356722 -0.360706657 -0.225595937 0.898524265 -0.107941307
1642689827.249167919 0.005049806 1.397943334 1.031204352 -0.363103993 -0.224823880 0.897762570 -0.107852126
1642689827.257500887 0.002342170 1.400848414 1.030058366 -0.366030265 -0.224042036 0.896736981 -0.108119373
1642689827.265835047 -0.000500560 1.403649649 1.028890599 -0.369328106 -0.223234048 0.895521555 -0.108648307
1642689827.274168015 -0.003303404 1.406267680 1.027575312 -0.371903587 -0.223161508 0.894392516 -0.109310069
1642689827.282500982 -0.006153532 1.408734785 1.026178270 -0.374388371 -0.223385852 0.893191284 -0.110188198
1642689827.290833950 -0.009104376 1.411167849 1.024721926 -0.376936261 -0.222929999 0.892170297 -0.110695218
1642689827.299168110 -0.012103671 1.413488793 1.023192193 -0.379484412 -0.222483959 0.891118066 -0.111360049
1642689827.307501078 -0.015132346 1.415683398 1.021565759 -0.381941026 -0.221980771 0.890102357 -0.112086503
1642689827.315834999 -0.018187358 1.417733055 1.019860687 -0.384341592 -0.221490031 0.889091765 -0.112869568
1642689827.324167967 -0.021274085 1.419681250 1.018066280 -0.386691366 -0.220906909 0.888094292 -0.113835198
1642689827.332500935 -0.024330529 1.421507310 1.016125934 -0.388665630 -0.220260957 0.887264441 -0.114830096
1642689827.340833902 -0.027475478 1.423231991 1.014146593 -0.390888044 -0.219571538 0.886279893 -0.116201671
1642689827.349168062 -0.030701145 1.424808362 1.012188844 -0.393642678 -0.218750832 0.885049003 -0.117820954
1642689827.357501030 -0.033775664 1.426227910 1.010054549 -0.395696514 -0.217455264 0.884309379 -0.118888179
1642689827.365833998 -0.036843081 1.427502289 1.007843583 -0.397681882 -0.216025545 0.883624539 -0.119957321
1642689827.374167919 -0.039811019 1.428544742 1.005543933 -0.399422588 -0.214967204 0.882938222 -0.121123053
1642689827.382500887 -0.042734792 1.429419449 1.003189397 -0.401065690 -0.213815098 0.882309942 -0.122305285
1642689827.390835047 -0.045627431 1.430112891 1.000795680 -0.402701583 -0.212636638 0.881686496 -0.123474766
1642689827.399168015 -0.048485171 1.430639096 0.998356200 -0.404275937 -0.211342513 0.881107392 -0.124679881
1642689827.407500982 -0.051292019 1.430981255 0.995846628 -0.405725831 -0.209970798 0.880596914 -0.125888400
1642689827.415833950 -0.054112806 1.431156566 0.993313340 -0.407381289 -0.208488366 0.879972546 -0.127363283
1642689827.424168110 -0.056890145 1.431137670 0.990771544 -0.408947936 -0.207270856 0.879284132 -0.129072823
1642689827.432501078 -0.059528040 1.430895306 0.988156811 -0.410043501 -0.206517453 0.878722886 -0.130617601
1642689827.440834999 -0.062116696 1.430457725 0.985536946 -0.411027815 -0.205519347 0.878324218 -0.131774434
1642689827.449167967 -0.064683345 1.429843374 0.982887644 -0.412090285 -0.204466757 0.877881035 -0.133040710
1642689827.457500935 -0.067308394 1.429066832 0.980214786 -0.413504630 -0.203367189 0.877217758 -0.134702309
1642689827.465833902 -0.069871750 1.428071862 0.977560243 -0.414897564 -0.202431277 0.876541833 -0.136220423
1642689827.474168062 -0.072241131 1.426798123 0.974915180 -0.415894229 -0.201738438 0.876057337 -0.137321284
1642689827.482501030 -0.074575673 1.425316696 0.972281133 -0.416973875 -0.201125901 0.875502621 -0.138478592
1642689827.490833998 -0.076872612 1.423612570 0.969669484 -0.418122973 -0.200742509 0.874857194 -0.139644242
1642689827.499167919 -0.079137449 1.421709119 0.967081540 -0.419323826 -0.200500581 0.874144677 -0.140847894
1642689827.507500887 -0.081350470 1.419584253 0.964515592 -0.420593242 -0.200414740 0.873365938 -0.142011252
1642689827.515835047 -0.083525205 1.417240503 0.961989967 -0.421985476 -0.200470495 0.872495806 -0.143146453
1642689827.524168015 -0.085672387 1.414700603 0.959510235 -0.423499280 -0.200618842 0.871540605 -0.144282410
1642689827.532500982 -0.087764593 1.411944555 0.957072404 -0.425016003 -0.201032640 0.870529514 -0.145346621
1642689827.540833950 -0.089805585 1.408996656 0.954687504 -0.426507130 -0.201583836 0.869508309 -0.146324727
1642689827.549168110 -0.091800766 1.405855455 0.952366338 -0.428020534 -0.202263319 0.868455779 -0.147215938
1642689827.557501078 -0.093765619 1.402509159 0.950123777 -0.429632270 -0.203254576 0.867272378 -0.148129377
1642689827.565834999 -0.095665317 1.398984043 0.947954356 -0.431195301 -0.204361573 0.866097331 -0.148937481
1642689827.574167967 -0.097512260 1.395292129 0.945859971 -0.432723779 -0.205534958 0.864934719 -0.149644391
1642689827.582500935 -0.099303685 1.391392903 0.943836054 -0.434261351 -0.206962238 0.863720122 -0.150237353
1642689827.590833902 -0.101042863 1.387353818 0.941884254 -0.435794364 -0.208087168 0.862663640 -0.150314492
1642689827.599168062 -0.102747237 1.383180020 0.940004495 -0.437400183 -0.209061892 0.861643600 -0.150148298
1642689827.607501030 -0.104328504 1.378750498 0.938163356 -0.438818589 -0.210943553 0.860417754 -0.150407289
1642689827.615833998 -0.105805408 1.374144632 0.936364166 -0.440051203 -0.212968582 0.859281348 -0.150448948
1642689827.624167919 -0.107213284 1.369402116 0.934605025 -0.441219885 -0.215051941 0.858173629 -0.150385166
1642689827.632500887 -0.108556928 1.364513864 0.932872977 -0.442369313 -0.217302701 0.857042051 -0.150225993
1642689827.640835047 -0.109827337 1.359519002 0.931171545 -0.443472737 -0.219638030 0.855900828 -0.150082774
1642689827.649168015 -0.111048065 1.354442577 0.929491075 -0.444581982 -0.221984617 0.854738028 -0.149975314
1642689827.657500982 -0.112185700 1.349255530 0.927804476 -0.445651787 -0.224372558 0.853620139 -0.149613162
1642689827.665833950 -0.113301283 1.344018402 0.926136911 -0.446809444 -0.226708313 0.852443325 -0.149348716
1642689827.674168110 -0.114385694 1.338744015 0.924477038 -0.447985339 -0.228972164 0.851265588 -0.149089850
1642689827.682501078 -0.115409533 1.333403057 0.922812211 -0.449103058 -0.231245734 0.850121024 -0.148748439
1642689827.690834999 -0.116446368 1.328049596 0.921112302 -0.450327395 -0.233296420 0.848920867 -0.148698955
1642689827.699167967 -0.117511951 1.322693749 0.919407373 -0.451764982 -0.235143195 0.847609826 -0.148908231
1642689827.707500935 -0.118500418 1.317291741 0.917773963 -0.453123601 -0.237193092 0.846308951 -0.148928166
1642689827.715833902 -0.119406769 1.311853903 0.916114292 -0.454275319 -0.239225046 0.845120846 -0.148916310
1642689827.724168062 -0.120264721 1.306402783 0.914448398 -0.455365332 -0.241182270 0.843975927 -0.148923342
1642689827.732501030 -0.121092927 1.300934020 0.912784545 -0.456431643 -0.243164043 0.842814590 -0.149013321
1642689827.740833998 -0.121914042 1.295454828 0.911136121 -0.457605903 -0.245102716 0.841577459 -0.149227601
1642689827.749167919 -0.122666022 1.289978127 0.909485893 -0.458601519 -0.247034039 0.840430542 -0.149450107
1642689827.757500887 -0.123357166 1.284485916 0.907839743 -0.459455666 -0.249023999 0.839335154 -0.149679784
1642689827.765835047 -0.124004589 1.278988778 0.906203702 -0.460232283 -0.251024033 0.838265343 -0.149947975
1642689827.774168015 -0.124617446 1.273489219 0.904580614 -0.460920517 -0.252990969 0.837238903 -0.150262658
1642689827.782500982 -0.125180351 1.267989468 0.902962474 -0.461504504 -0.255004125 0.836230902 -0.150679686
1642689827.790833950 -0.125679373 1.262502768 0.901352433 -0.461938766 -0.257010939 0.835301248 -0.151095266
1642689827.799168110 -0.126108363 1.257014645 0.899747539 -0.462187720 -0.258989783 0.834498919 -0.151388104
1642689827.807501078 -0.126510699 1.251535200 0.898149709 -0.462478715 -0.260997178 0.833648578 -0.151736480
1642689827.815834999 -0.126889561 1.246123221 0.896570207 -0.462801634 -0.262733820 0.832878910 -0.151981276
1642689827.824167967 -0.127196566 1.240726332 0.894979334 -0.462996334 -0.264447940 0.832185616 -0.152212950
1642689827.832500935 -0.127438758 1.235316453 0.893382530 -0.463138897 -0.266381506 0.831403090 -0.152683195
1642689827.840833902 -0.127693376 1.230063183 0.891797774 -0.463418763 -0.267321627 0.831004854 -0.152358560
1642689827.849168062 -0.127919222 1.224808824 0.890208345 -0.463692436 -0.268451826 0.830510111 -0.152236320
1642689827.857501030 -0.128047103 1.219534645 0.888613758 -0.463693801 -0.269980847 0.829959850 -0.152528844
1642689827.865833998 -0.128139293 1.214310415 0.887020277 -0.463640494 -0.271425375 0.829465855 -0.152814115
1642689827.874167919 -0.128233151 1.209094643 0.885465673 -0.463711007 -0.272824727 0.828929022 -0.153021067
1642689827.882500887 -0.128291017 1.203871952 0.883944992 -0.463761919 -0.274362992 0.828342064 -0.153294671
1642689827.890835047 -0.128334727 1.198733214 0.882414408 -0.463664798 -0.275719451 0.827923486 -0.153415908
1642689827.899168015 -0.128348820 1.193597336 0.880898183 -0.463485419 -0.277203258 0.827511986 -0.153504180
1642689827.907500982 -0.128335491 1.188473615 0.879415236 -0.463210749 -0.278789747 0.827073086 -0.153825193
1642689827.915833950 -0.128307988 1.183413207 0.877945814 -0.462848049 -0.280279673 0.826709130 -0.154165502
1642689827.924168110 -0.128260487 1.178375287 0.876486193 -0.462427913 -0.281738421 0.826409000 -0.154376335
1642689827.932501078 -0.128108666 1.173221195 0.874992411 -0.461756382 -0.284392330 0.825690325 -0.155362585
1642689827.940834999 -0.128006074 1.168213037 0.873551429 -0.461161197 -0.286199651 0.825243942 -0.156181131
1642689827.949167967 -0.127978975 1.163361074 0.872155653 -0.460727459 -0.286685903 0.825363809 -0.155935835
1642689827.957500935 -0.127737955 1.158252081 0.870636871 -0.459842000 -0.290141746 0.824347720 -0.157524405
1642689827.965833902 -0.127618667 1.153379924 0.869217369 -0.459060677 -0.291361582 0.824342893 -0.157577023
1642689827.974168062 -0.127475379 1.148538648 0.867809590 -0.458209067 -0.292479167 0.824428782 -0.157535939
1642689827.982501030 -0.127466418 1.143720544 0.866463007 -0.458072134 -0.293268515 0.824176268 -0.157787759
1642689827.990833998 -0.127386102 1.138924054 0.865107788 -0.457509492 -0.294275893 0.824119489 -0.157841159
1642689827.999167919 -0.127319501 1.134159588 0.863764086 -0.457021615 -0.295187369 0.824066957 -0.157826842
1642689828.007500887 -0.127256930 1.129424065 0.862413124 -0.456560685 -0.296014993 0.824050404 -0.157697166
1642689828.015835047 -0.127209404 1.124711047 0.861045570 -0.456172126 -0.296878435 0.823982330 -0.157554134
1642689828.024168015 -0.127191610 1.120042823 0.859650537 -0.455949979 -0.297652572 0.823854874 -0.157403014
1642689828.032500982 -0.127163289 1.115411652 0.858213286 -0.455771115 -0.298371727 0.823756828 -0.157072249
1642689828.040833950 -0.127142053 1.110855263 0.856751721 -0.455616720 -0.298957132 0.823680159 -0.156808904
1642689828.049168110 -0.127151212 1.106342391 0.855261605 -0.455618605 -0.299502897 0.823521469 -0.156595309
1642689828.057501078 -0.127143590 1.101871240 0.853698379 -0.455441601 -0.300264455 0.823442843 -0.156064375
1642689828.065834999 -0.127147775 1.097474263 0.852082349 -0.455227921 -0.301015392 0.823398037 -0.155476512
1642689828.074167967 -0.127273741 1.093148689 0.850455450 -0.455456018 -0.301598663 0.823135927 -0.155065496
1642689828.082500935 -0.127443511 1.088903274 0.848771519 -0.455626662 -0.302186168 0.822886428 -0.154744275
1642689828.090833902 -0.127824543 1.084732309 0.847099302 -0.456654964 -0.302389813 0.822205048 -0.154937100
1642689828.099168062 -0.128160535 1.080663199 0.845317715 -0.456858919 -0.303056787 0.821867708 -0.154822424
1642689828.107501030 -0.128576569 1.076718874 0.843482624 -0.457010206 -0.303732786 0.821537639 -0.154803015
1642689828.115833998 -0.129092920 1.072873963 0.841589289 -0.457230683 -0.304462046 0.821136420 -0.154848136
1642689828.124167919 -0.129726115 1.069147185 0.839653821 -0.457561138 -0.305097763 0.820691882 -0.154977400
1642689828.132500887 -0.130454858 1.065515601 0.837669013 -0.457936596 -0.305802607 0.820189096 -0.155140858
1642689828.140835047 -0.131294069 1.061977117 0.835635130 -0.458380053 -0.306616299 0.819583908 -0.155423262
1642689828.149168015 -0.132224669 1.058522460 0.833542319 -0.458805805 -0.307578036 0.818934045 -0.155692052
1642689828.157500982 -0.133199806 1.055143157 0.831359630 -0.458988028 -0.308810201 0.818381114 -0.155623272
1642689828.165833950 -0.134296031 1.051842211 0.829133383 -0.459358137 -0.310024747 0.817703803 -0.155676745
1642689828.174168110 -0.135632305 1.048640793 0.826928382 -0.460571790 -0.310941660 0.816551109 -0.156311217
1642689828.182501078 -0.136943151 1.045514091 0.824562489 -0.461021937 -0.312502592 0.815686983 -0.156383019
1642689828.190834999 -0.138373955 1.042459292 0.822124919 -0.461663160 -0.314179281 0.814661941 -0.156475010
1642689828.199167967 -0.139985774 1.039505659 0.819649505 -0.462847712 -0.315805818 0.813310618 -0.156730727
1642689828.207500935 -0.141671595 1.036672484 0.817078143 -0.463710466 -0.317769622 0.812008198 -0.156964192
1642689828.215833902 -0.143626604 1.033951941 0.814515253 -0.465483111 -0.319511303 0.810196681 -0.157541546
1642689828.224168062 -0.145591848 1.031387084 0.811848955 -0.466661236 -0.321608968 0.808618651 -0.157895028
1642689828.232501030 -0.147785690 1.029079573 0.809155223 -0.468063659 -0.322953857 0.807286272 -0.157816642
1642689828.240833998 -0.150118282 1.027027223 0.806411993 -0.469502042 -0.323729333 0.806205870 -0.157477765
1642689828.249167919 -0.152423434 1.025003933 0.803537372 -0.470620466 -0.325908889 0.804519851 -0.158264277
1642689828.257500887 -0.154769603 1.023058796 0.800560849 -0.471613251 -0.328570277 0.802625941 -0.159418049
1642689828.265835047 -0.157132118 1.021200487 0.797472858 -0.472432243 -0.331654449 0.800577448 -0.160900127
1642689828.274168015 -0.159583209 1.019612361 0.794313020 -0.473294423 -0.334151151 0.798828245 -0.161891420
1642689828.282500982 -0.162072517 1.018205643 0.791084327 -0.474102930 -0.336503852 0.797146275 -0.162939821
1642689828.290833950 -0.164628513 1.017098093 0.787846096 -0.474880771 -0.338084830 0.795796172 -0.163998029
1642689828.299168110 -0.167121532 1.016237304 0.784525194 -0.475096979 -0.339564579 0.794848188 -0.164909415
1642689828.307501078 -0.169642934 1.015563652 0.781159724 -0.475308759 -0.340873635 0.793949418 -0.165924893
1642689828.315834999 -0.172259817 1.015053592 0.777774120 -0.476052184 -0.341916495 0.792765668 -0.167302193
1642689828.324167967 -0.174790109 1.014792091 0.774285180 -0.476111391 -0.342953546 0.792034492 -0.168470095
1642689828.332500935 -0.177315708 1.014723782 0.770728630 -0.476078457 -0.343927190 0.791311127 -0.169970854
1642689828.340833902 -0.179838646 1.014879754 0.767124417 -0.475971262 -0.344826399 0.790587742 -0.171805512
1642689828.349168062 -0.182447800 1.015284547 0.763487467 -0.476086584 -0.345138432 0.790050683 -0.173323241
1642689828.357501030 -0.185045431 1.015896501 0.759779956 -0.476078425 -0.345360025 0.789671148 -0.174628934
1642689828.365833998 -0.187666115 1.016763428 0.756043273 -0.476074158 -0.345326509 0.789428060 -0.175801982
1642689828.374167919 -0.190456464 1.017783895 0.752324056 -0.477074740 -0.344775150 0.788761038 -0.177160418
1642689828.382500887 -0.193329194 1.018989000 0.748573174 -0.478511048 -0.344010697 0.787909285 -0.178557483
1642689828.390835047 -0.196198815 1.020466322 0.744789222 -0.479761776 -0.343085786 0.787279618 -0.179754234
1642689828.399168015 -0.199138914 1.022115966 0.740989673 -0.481342046 -0.342049395 0.786504170 -0.180895653
1642689828.407500982 -0.202068798 1.023958914 0.737135172 -0.482751966 -0.341089727 0.785820862 -0.181917315
1642689828.415833950 -0.204980005 1.025993278 0.733257370 -0.484056233 -0.340076844 0.785258508 -0.182774120
1642689828.424168110 -0.208049485 1.028167364 0.729450604 -0.486384903 -0.338725003 0.784179609 -0.183731975
1642689828.432501078 -0.211178536 1.030552666 0.725644703 -0.488888952 -0.337209444 0.783069289 -0.184607347
1642689828.440834999 -0.214374164 1.033026453 0.721838180 -0.491777650 -0.335653941 0.781757179 -0.185329133
1642689828.449167967 -0.217565199 1.035634519 0.718021249 -0.494694383 -0.334072332 0.780481591 -0.185799975
1642689828.457500935 -0.220647685 1.038552584 0.714215141 -0.497019423 -0.332433201 0.779616777 -0.186165359
1642689828.465833902 -0.223797477 1.041635206 0.710455204 -0.499799474 -0.330557218 0.778510062 -0.186693582
1642689828.474168062 -0.227015007 1.044917378 0.706748426 -0.502901660 -0.328294160 0.777370296 -0.187105018
1642689828.482501030 -0.230208519 1.048432989 0.703075697 -0.505831561 -0.325693159 0.776471836 -0.187483028
1642689828.490833998 -0.233256441 1.052081885 0.699373540 -0.508084551 -0.323729379 0.775682812 -0.188057317
1642689828.499167919 -0.236307043 1.055886467 0.695754248 -0.510409433 -0.321775147 0.774822137 -0.188662718
1642689828.507500887 -0.239384813 1.059870213 0.692211630 -0.512853648 -0.319671710 0.773910674 -0.189349946
1642689828.515835047 -0.242459070 1.064004324 0.688742335 -0.515328690 -0.317500205 0.772991855 -0.190035661
1642689828.524168015 -0.245370405 1.068303907 0.685306038 -0.516963492 -0.315529931 0.772587339 -0.190521429
1642689828.532500982 -0.248251802 1.072767299 0.681938507 -0.518456488 -0.313489066 0.772296841 -0.191010640
1642689828.540833950 -0.251142902 1.077383250 0.678639597 -0.520029124 -0.311407122 0.771955242 -0.191521330
1642689828.549168110 -0.253982067 1.082127120 0.675404816 -0.521420060 -0.309319437 0.771745788 -0.191966263
1642689828.557501078 -0.256782610 1.086994192 0.672237067 -0.522689302 -0.307211079 0.771637765 -0.192334103
1642689828.565834999 -0.259587719 1.091992085 0.669145488 -0.524004604 -0.305093853 0.771479992 -0.192757720
1642689828.574167967 -0.262367673 1.097094953 0.666128872 -0.525215244 -0.303031313 0.771383877 -0.193100710
1642689828.582500935 -0.265141194 1.102298369 0.663201962 -0.526459726 -0.300888486 0.771301500 -0.193391500
1642689828.590833902 -0.267957251 1.107593174 0.660373677 -0.527886201 -0.298828872 0.771022642 -0.193808021
1642689828.599168062 -0.270696165 1.112954663 0.657624155 -0.529033471 -0.296923848 0.770901633 -0.194088861
1642689828.607501030 -0.273271930 1.118338216 0.654949274 -0.529695081 -0.295089793 0.771191731 -0.193928981
1642689828.615833998 -0.275897563 1.123821395 0.652389393 -0.530576384 -0.293271419 0.771285610 -0.193904829
1642689828.624167919 -0.278537538 1.129356328 0.649927098 -0.531661818 -0.291449137 0.771228462 -0.193906604
1642689828.632500887 -0.281096633 1.134935135 0.647550432 -0.532479931 -0.289724078 0.771372861 -0.193672379
1642689828.640835047 -0.283631202 1.140549302 0.645262906 -0.533383623 -0.287987785 0.771477057 -0.193360017
1642689828.649168015 -0.286158463 1.146192236 0.643064800 -0.534353907 -0.286268121 0.771513724 -0.193088161
1642689828.657500982 -0.288614725 1.151855113 0.640942570 -0.535109932 -0.284624244 0.771707436 -0.192650031
1642689828.665833950 -0.291040798 1.157510150 0.638944828 -0.536013563 -0.282984771 0.771841515 -0.192014987
1642689828.674168110 -0.293464474 1.163169612 0.637039480 -0.537061109 -0.281380234 0.771861655 -0.191363827
1642689828.682501078 -0.295851222 1.168822405 0.635220322 -0.538121560 -0.279833547 0.771859033 -0.190662017
1642689828.690834999 -0.298186226 1.174488042 0.633487207 -0.539203822 -0.278303478 0.771849882 -0.189879360
1642689828.699167967 -0.300459976 1.180164961 0.631838951 -0.540222773 -0.276736915 0.771898146 -0.189074821
1642689828.707500935 -0.302669356 1.185828185 0.630270721 -0.541214370 -0.275202193 0.771975242 -0.188162123
1642689828.715833902 -0.304825297 1.191510281 0.628780535 -0.542225590 -0.273618282 0.772034959 -0.187313823
1642689828.724168062 -0.306892865 1.197191409 0.627384683 -0.543067086 -0.272088970 0.772185329 -0.186482038
1642689828.732501030 -0.308862293 1.202873996 0.626059409 -0.543823509 -0.270525129 0.772405365 -0.185639697
1642689828.740833998 -0.310748993 1.208546305 0.624821322 -0.544457834 -0.268972646 0.772698987 -0.184812494
1642689828.749167919 -0.312508613 1.214190676 0.623674422 -0.544874967 -0.267472040 0.773143058 -0.183901577
1642689828.757500887 -0.314192966 1.219832823 0.622612677 -0.545376006 -0.265878397 0.773537521 -0.183066636
1642689828.765835047 -0.315734568 1.225451981 0.621643807 -0.545667343 -0.264269743 0.774084904 -0.182212004
1642689828.774168015 -0.317165529 1.231020142 0.620766652 -0.545869094 -0.262668156 0.774703896 -0.181290501
1642689828.782500982 -0.318461767 1.236542354 0.619974173 -0.545984070 -0.261052845 0.775380820 -0.180381236
1642689828.790833950 -0.319611852 1.242016966 0.619256788 -0.546025457 -0.259343569 0.776143513 -0.179439016
1642689828.799168110 -0.320632555 1.247440525 0.618621110 -0.546016134 -0.257557820 0.776967047 -0.178472852
1642689828.807501078 -0.321493817 1.252805369 0.618066168 -0.545910916 -0.255717534 0.777873680 -0.177489024
1642689828.815834999 -0.322192754 1.258084779 0.617573353 -0.545736329 -0.253816784 0.778864437 -0.176406032
1642689828.824167967 -0.322730267 1.263314226 0.617155576 -0.545519288 -0.251787464 0.779917209 -0.175330907
1642689828.832500935 -0.323097069 1.268472108 0.616803674 -0.545219392 -0.249638486 0.781074617 -0.174180608
1642689828.840833902 -0.323319399 1.273546911 0.616527308 -0.544990629 -0.247439235 0.782190134 -0.173024950
1642689828.849168062 -0.323342627 1.278534424 0.616315075 -0.544629150 -0.245107374 0.783461873 -0.171723488
1642689828.857501030 -0.323212857 1.283451701 0.616163101 -0.544283536 -0.242671358 0.784731619 -0.170476773
1642689828.865833998 -0.322904928 1.288261198 0.616063348 -0.543910636 -0.240150928 0.786055257 -0.169132742
1642689828.874167919 -0.322387616 1.292967263 0.616018968 -0.543376654 -0.237474792 0.787555828 -0.167640545
1642689828.882500887 -0.321699285 1.297543381 0.616033495 -0.542801552 -0.234755900 0.789079722 -0.166160570
1642689828.890835047 -0.320846414 1.301984674 0.616109996 -0.542294602 -0.231984219 0.790564589 -0.164643610
1642689828.899168015 -0.319824403 1.306304715 0.616243704 -0.541751241 -0.229116183 0.792091023 -0.163104812
1642689828.907500982 -0.318632254 1.310479743 0.616430796 -0.541149208 -0.226159890 0.793660675 -0.161591991
1642689828.915833950 -0.317247692 1.314493411 0.616662830 -0.540440361 -0.223128500 0.795325177 -0.159986724
1642689828.924168110 -0.315681749 1.318330294 0.616943098 -0.539715569 -0.220052664 0.797019477 -0.158252590
1642689828.932501078 -0.313888384 1.321946644 0.617264488 -0.538747370 -0.217082937 0.798875525 -0.156282323
1642689828.940834999 -0.312191544 1.325528320 0.617576347 -0.538369211 -0.213848302 0.800305876 -0.154719105
1642689828.949167967 -0.310368558 1.328921787 0.617944067 -0.538052327 -0.210695271 0.801627084 -0.153301059
1642689828.957500935 -0.307662512 1.331649718 0.618474414 -0.535905993 -0.208445252 0.804217266 -0.150299477
1642689828.965833902 -0.305362596 1.334483417 0.618952542 -0.535034118 -0.205793076 0.805825676 -0.148434099
1642689828.974168062 -0.303034997 1.337132958 0.619489865 -0.534466947 -0.203226917 0.807138805 -0.146870190
1642689828.982501030 -0.300654859 1.339604088 0.620073129 -0.534001052 -0.200789478 0.808309104 -0.145474581
1642689828.990833998 -0.298052711 1.341796300 0.620658210 -0.533099931 -0.198615287 0.809753107 -0.143723126
1642689828.999167919 -0.295369170 1.343785707 0.621283713 -0.532151405 -0.196578632 0.811173461 -0.142018796
1642689829.007500887 -0.292618045 1.345554329 0.621943424 -0.531228120 -0.194733020 0.812494601 -0.140457318
1642689829.015835047 -0.289841330 1.347115513 0.622618330 -0.530361742 -0.192959064 0.813715612 -0.139104727
1642689829.024168015 -0.286984515 1.348467716 0.623314748 -0.529415219 -0.191222466 0.814978554 -0.137707845
1642689829.032500982 -0.284073731 1.349615321 0.624033805 -0.528492999 -0.189575559 0.816183216 -0.136386271
1642689829.040833950 -0.281092384 1.350547294 0.624760950 -0.527507036 -0.188019800 0.817399167 -0.135068440
1642689829.049168110 -0.278056188 1.351284031 0.625497081 -0.526497559 -0.186519363 0.818602906 -0.133791365
1642689829.057501078 -0.275002889 1.351825085 0.626254998 -0.525611134 -0.185098062 0.819675209 -0.132680798
1642689829.065834999 -0.271909424 1.352230711 0.627022146 -0.524723914 -0.183348305 0.820862876 -0.131272053
1642689829.074167967 -0.268775307 1.352429958 0.627801287 -0.523801077 -0.181731313 0.822022086 -0.129945570
1642689829.082500935 -0.265583718 1.352366002 0.628609730 -0.522603101 -0.181128339 0.822957864 -0.129687617
1642689829.090833902 -0.262385922 1.352206699 0.629437432 -0.521421574 -0.179785781 0.824154225 -0.128710643
1642689829.099168062 -0.259067506 1.351756593 0.630243100 -0.520188981 -0.178254972 0.825399753 -0.127843015
1642689829.107501030 -0.255808391 1.351244674 0.631036980 -0.518856950 -0.177144353 0.826573156 -0.127216984
1642689829.115833998 -0.252503186 1.350550860 0.631857620 -0.517365468 -0.176335804 0.827796402 -0.126458582
1642689829.124167919 -0.249080745 1.349568710 0.632687132 -0.515775322 -0.175621193 0.829067764 -0.125617102
1642689829.132500887 -0.245765966 1.348495945 0.633531799 -0.514446706 -0.174941226 0.830122602 -0.125046469
1642689829.140835047 -0.242467037 1.347311869 0.634334703 -0.512871858 -0.174329362 0.831299432 -0.124551136
1642689829.149168015 -0.239214361 1.346018976 0.635148861 -0.511322126 -0.173751195 0.832422287 -0.124231001
1642689829.157500982 -0.235889524 1.344531638 0.635976746 -0.509547002 -0.173306650 0.833666093 -0.123804293
1642689829.165833950 -0.232665508 1.342971405 0.636811877 -0.507824690 -0.172920368 0.834836987 -0.123530705
1642689829.174168110 -0.229481189 1.341283789 0.637663220 -0.506061995 -0.172621118 0.836006614 -0.123272656
1642689829.182501078 -0.226349084 1.339486424 0.638530992 -0.504259675 -0.172376345 0.837179630 -0.123040003
1642689829.190834999 -0.223253115 1.337583846 0.639401268 -0.502279911 -0.172189404 0.838440431 -0.122814263
1642689829.199167967 -0.220259817 1.335589545 0.640298396 -0.500421293 -0.171993842 0.839606675 -0.122708106
1642689829.207500935 -0.217368154 1.333434948 0.641198528 -0.498635100 -0.172112952 0.840645792 -0.122698086
1642689829.215833902 -0.214521050 1.331121812 0.642087348 -0.496573274 -0.172680262 0.841754716 -0.122660138
1642689829.224168062 -0.211809041 1.328880477 0.643018275 -0.494479844 -0.172660285 0.842970962 -0.122792780
1642689829.232501030 -0.209274796 1.326581881 0.643979785 -0.492648708 -0.172569804 0.844022785 -0.123054673
1642689829.240833998 -0.206852050 1.324240057 0.644958782 -0.490678450 -0.172550584 0.845124022 -0.123395063
1642689829.249167919 -0.204561278 1.321840357 0.645975827 -0.488575462 -0.172656636 0.846270717 -0.123731879
1642689829.257500887 -0.202458719 1.319407399 0.647037070 -0.486653189 -0.172817695 0.847281690 -0.124163019
1642689829.265835047 -0.200526432 1.316978107 0.648162478 -0.484765198 -0.172994961 0.848248750 -0.124697648
1642689829.274168015 -0.198759876 1.314515672 0.649333818 -0.482805416 -0.173330628 0.849218595 -0.125232589
1642689829.282500982 -0.197186527 1.312046557 0.650587042 -0.480910903 -0.173780429 0.850120017 -0.125781648
1642689829.290833950 -0.195816447 1.309601603 0.651905477 -0.479078276 -0.174321092 0.850940788 -0.126475048
1642689829.299168110 -0.194630645 1.307283061 0.653292778 -0.477187904 -0.174542425 0.851837469 -0.127277545
1642689829.307501078 -0.193673700 1.305088873 0.654724439 -0.475439079 -0.174410424 0.852694844 -0.128258288
1642689829.315834999 -0.192913656 1.302769129 0.656150725 -0.473777884 -0.175305283 0.853259222 -0.129426713
1642689829.324167967 -0.192312151 1.300506576 0.657615780 -0.471857151 -0.176332076 0.853935281 -0.130584701
1642689829.332500935 -0.191849824 1.298469187 0.659126380 -0.469807093 -0.176428938 0.854859242 -0.131794542
1642689829.340833902 -0.191475081 1.296278897 0.660657075 -0.467493345 -0.177437832 0.855772737 -0.132735865
1642689829.349168062 -0.191421441 1.294224346 0.662205428 -0.465557959 -0.178434252 0.856417758 -0.134035925
1642689829.357501030 -0.191539585 1.292216992 0.663769650 -0.463641652 -0.179514810 0.857031655 -0.135305557
1642689829.365833998 -0.191861327 1.290227004 0.665393218 -0.461870431 -0.180761245 0.857531145 -0.136533558
1642689829.374167919 -0.192415103 1.288246688 0.667124056 -0.460351016 -0.182206673 0.857862910 -0.137654993
1642689829.382500887 -0.193262967 1.286330805 0.668921044 -0.459635954 -0.183389937 0.857780665 -0.138979318
1642689829.390835047 -0.194230185 1.284409960 0.670721668 -0.458694174 -0.184815386 0.857808039 -0.140029630
1642689829.399168015 -0.195406977 1.282495801 0.672573367 -0.458008927 -0.186362616 0.857685973 -0.140966555
1642689829.407500982 -0.196744767 1.280573177 0.674515501 -0.457316384 -0.188069051 0.857557730 -0.141726839
1642689829.415833950 -0.198302305 1.278675296 0.676508372 -0.457006421 -0.189754908 0.857217766 -0.142533882
1642689829.424168110 -0.200031836 1.276733278 0.678591183 -0.456838089 -0.191627145 0.856783878 -0.143176061
1642689829.432501078 -0.201933292 1.274783802 0.680727313 -0.456870168 -0.193533358 0.856235467 -0.143789131
1642689829.440834999 -0.203936243 1.272774634 0.682962114 -0.456761376 -0.195680229 0.855753246 -0.144099530
1642689829.449167967 -0.206117280 1.270753673 0.685251067 -0.456922420 -0.197862099 0.855106512 -0.144448415
1642689829.457500935 -0.208458545 1.268725339 0.687616475 -0.457307380 -0.200044723 0.854340410 -0.144756804
1642689829.465833902 -0.210920877 1.266683100 0.690040772 -0.457709035 -0.202337841 0.853539267 -0.145026060
1642689829.474168062 -0.213504682 1.264631112 0.692521862 -0.458157387 -0.204623049 0.852721888 -0.145212252
1642689829.482501030 -0.216201690 1.262593515 0.695043735 -0.458658037 -0.206795585 0.851902805 -0.145361627
1642689829.490833998 -0.218971219 1.260554504 0.697598139 -0.459062585 -0.208965668 0.851145834 -0.145415477
1642689829.499167919 -0.221834569 1.258526452 0.700189011 -0.459452016 -0.211052158 0.850426399 -0.145381466
1642689829.507500887 -0.224792226 1.256551967 0.702807624 -0.459829569 -0.213012157 0.849724163 -0.145435330
1642689829.515835047 -0.227815916 1.254589425 0.705440823 -0.460137804 -0.214909557 0.849077465 -0.145446013
1642689829.524168015 -0.230905213 1.252661240 0.708072191 -0.460430433 -0.216736874 0.848490813 -0.145231830
1642689829.532500982 -0.234061100 1.250783131 0.710692896 -0.460737670 -0.218436318 0.847952640 -0.144854044
1642689829.540833950 -0.237259297 1.248958891 0.713330945 -0.460921533 -0.220197585 0.847396619 -0.144856253
1642689829.549168110 -0.240515147 1.247208538 0.715962269 -0.461040392 -0.221958438 0.846860252 -0.144927301
1642689829.557501078 -0.243814280 1.245533921 0.718576292 -0.461027699 -0.223683026 0.846397022 -0.145022227
1642689829.565834999 -0.247203110 1.243963380 0.721198337 -0.461112259 -0.225281317 0.845880261 -0.145294175
1642689829.574167967 -0.250598298 1.242467861 0.723794477 -0.461029271 -0.226855277 0.845468047 -0.145507648
1642689829.582500935 -0.254023018 1.241061166 0.726355168 -0.460928672 -0.228401524 0.845055401 -0.145804224
1642689829.590833902 -0.257474769 1.239750499 0.728873161 -0.460830854 -0.229942658 0.844628776 -0.146162676
1642689829.599168062 -0.260929246 1.238545291 0.731334789 -0.460799966 -0.231379211 0.844205552 -0.146437831
1642689829.607501030 -0.264377798 1.237457523 0.733730104 -0.460775372 -0.232697798 0.843813768 -0.146683730
1642689829.615833998 -0.267782126 1.236438043 0.736044922 -0.460725250 -0.234378066 0.843298099 -0.147130835
1642689829.624167919 -0.271160601 1.235510529 0.738288264 -0.460722924 -0.236301782 0.842662408 -0.147702136
1642689829.632500887 -0.274568586 1.234824015 0.740500839 -0.460845081 -0.237249376 0.842290196 -0.147924882
1642689829.640835047 -0.277964700 1.234295424 0.742649000 -0.461046101 -0.237997982 0.841930925 -0.148141050
1642689829.649168015 -0.281354326 1.233925335 0.744736322 -0.461364775 -0.238550333 0.841565634 -0.148335996
1642689829.657500982 -0.284697301 1.233698471 0.746751302 -0.461750991 -0.239015768 0.841191972 -0.148504381
1642689829.665833950 -0.287993188 1.233618114 0.748680053 -0.462278566 -0.239431589 0.840767972 -0.148594276
1642689829.674168110 -0.291245216 1.233689917 0.750514031 -0.462967014 -0.239696421 0.840311201 -0.148607721
1642689829.682501078 -0.294430966 1.233889995 0.752258312 -0.463770219 -0.239943296 0.839791403 -0.148643193
1642689829.690834999 -0.297539620 1.234213235 0.753898811 -0.464618480 -0.240162500 0.839271801 -0.148574852
1642689829.699167967 -0.300601009 1.234653537 0.755447574 -0.465683775 -0.240264141 0.838658158 -0.148540425
1642689829.707500935 -0.303566898 1.235193167 0.756900104 -0.466761456 -0.240387171 0.838028232 -0.148514087
1642689829.715833902 -0.306458927 1.235869312 0.758273813 -0.467913813 -0.240134914 0.837497734 -0.148288340
1642689829.724168062 -0.309279097 1.236647709 0.759569840 -0.469206958 -0.239542005 0.837014698 -0.147887974
1642689829.732501030 -0.311949460 1.237403247 0.760747783 -0.470472473 -0.239657019 0.836275958 -0.147860367
1642689829.740833998 -0.314483375 1.238229089 0.761835559 -0.471653613 -0.239711644 0.835602106 -0.147818526
1642689829.749167919 -0.316840408 1.239090063 0.762797943 -0.472590209 -0.239886364 0.835057493 -0.147621170
1642689829.757500887 -0.319016747 1.239987775 0.763644130 -0.473371022 -0.240132890 0.834603248 -0.147287097
1642689829.765835047 -0.321148104 1.240944034 0.764404670 -0.474703108 -0.240010256 0.833855083 -0.147437228
1642689829.774168015 -0.323113319 1.241913897 0.765034238 -0.475983104 -0.239893564 0.833154813 -0.147459214
1642689829.782500982 -0.324895383 1.242899085 0.765526394 -0.477115429 -0.239780078 0.832551646 -0.147391105
1642689829.790833950 -0.326470721 1.243910367 0.765863070 -0.477942728 -0.239743669 0.832113334 -0.147245107
1642689829.799168110 -0.327888963 1.244945740 0.766069642 -0.478749988 -0.239689618 0.831676751 -0.147177163
1642689829.807501078 -0.329275580 1.246023181 0.766193019 -0.480255173 -0.239089887 0.830933574 -0.147446230
1642689829.815834999 -0.330393607 1.247100222 0.766152771 -0.481154239 -0.238724920 0.830500178 -0.147548178
1642689829.824167967 -0.331331671 1.248200499 0.765978442 -0.481955024 -0.238223780 0.830156025 -0.147681278
1642689829.832500935 -0.332114642 1.249298343 0.765683736 -0.482740679 -0.237644254 0.829817002 -0.147954007
1642689829.840833902 -0.332699483 1.250371369 0.765265843 -0.483332981 -0.237065325 0.829601217 -0.148158974
1642689829.849168062 -0.333116762 1.251424689 0.764752493 -0.483909026 -0.236362001 0.829411266 -0.148465520
1642689829.857501030 -0.333330139 1.252457233 0.764128999 -0.484244305 -0.235551160 0.829392371 -0.148766255
1642689829.865833998 -0.333347299 1.253423239 0.763406502 -0.484351303 -0.234770680 0.829495401 -0.149076904
1642689829.874167919 -0.333200577 1.254353419 0.762598663 -0.484359987 -0.233965015 0.829633703 -0.149544955
1642689829.882500887 -0.332898801 1.255262483 0.761698532 -0.484308298 -0.233004962 0.829844603 -0.150040313
1642689829.890835047 -0.332417673 1.256111669 0.760704593 -0.484093758 -0.232048840 0.830146095 -0.150545774
1642689829.899168015 -0.331753068 1.256903816 0.759604075 -0.483706527 -0.231188530 0.830510786 -0.151101604
1642689829.907500982 -0.330940453 1.257648947 0.758424551 -0.483313875 -0.230279505 0.830870614 -0.151766501
1642689829.915833950 -0.329946187 1.258336218 0.757149907 -0.482846496 -0.229365480 0.831276031 -0.152416854
1642689829.924168110 -0.328813246 1.258963924 0.755795254 -0.482409715 -0.228463103 0.831641798 -0.153158082
1642689829.932501078 -0.327509987 1.259555998 0.754365682 -0.481842077 -0.227523665 0.832085519 -0.153931428
1642689829.940834999 -0.326015390 1.260077718 0.752870305 -0.481111807 -0.226633078 0.832619831 -0.154638589
1642689829.949167967 -0.324383094 1.260544220 0.751317852 -0.480379315 -0.225708958 0.833146055 -0.155431115
1642689829.957500935 -0.322594645 1.260945298 0.749724037 -0.479536600 -0.224789078 0.833731836 -0.156223382
1642689829.965833902 -0.320649781 1.261290644 0.748080026 -0.478492008 -0.223962145 0.834403283 -0.157027126
1642689829.974168062 -0.318544444 1.261567686 0.746386131 -0.477253032 -0.223142276 0.835185789 -0.157802933
1642689829.982501030 -0.316344498 1.261799611 0.744662604 -0.476056948 -0.222253648 0.835946556 -0.158639385
1642689829.990833998 -0.314014597 1.261971055 0.742888345 -0.474755550 -0.221450489 0.836735224 -0.159502393
1642689829.999167919 -0.311536283 1.262063257 0.741056198 -0.473327006 -0.220679494 0.837601875 -0.160266043
1642689830.007500887 -0.308953993 1.262099554 0.739180944 -0.471950504 -0.219937563 0.838420167 -0.161064627
1642689830.015835047 -0.306265875 1.262088443 0.737248228 -0.470548540 -0.219212137 0.839246250 -0.161851294
1642689830.024168015 -0.303494069 1.262013429 0.735268459 -0.469205976 -0.218536371 0.840017968 -0.162657368
1642689830.032500982 -0.300645914 1.261899346 0.733245153 -0.467984432 -0.217847703 0.840727390 -0.163433181
1642689830.040833950 -0.297701108 1.261707142 0.731155022 -0.466751436 -0.217497752 0.841317442 -0.164386090
1642689830.049168110 -0.294673178 1.261489216 0.729040145 -0.465462985 -0.217052752 0.841958419 -0.165343076
1642689830.057501078 -0.291646611 1.261411446 0.726963289 -0.464372473 -0.215152361 0.842970427 -0.165736317
1642689830.065834999 -0.288417596 1.261104647 0.724786163 -0.462880254 -0.215028763 0.843670331 -0.166507881
1642689830.074167967 -0.285106847 1.260725730 0.722594937 -0.461379379 -0.215259309 0.844267612 -0.167346040
1642689830.082500935 -0.281842964 1.260409785 0.720475124 -0.460398122 -0.214730265 0.844762647 -0.168227679
1642689830.090833902 -0.278419231 1.260061206 0.718315558 -0.458915902 -0.214417912 0.845552051 -0.168709465
1642689830.099168062 -0.275036263 1.259691947 0.716209071 -0.458070806 -0.213948453 0.845978332 -0.169463440
1642689830.107501030 -0.271545524 1.259315694 0.714099349 -0.457016519 -0.213617328 0.846537972 -0.169932340
1642689830.115833998 -0.268190162 1.258957946 0.712071668 -0.457112327 -0.212866105 0.846485009 -0.170878527
1642689830.124167919 -0.264609628 1.258607193 0.709938730 -0.456126944 -0.212453677 0.847037001 -0.171289125
1642689830.132500887 -0.261008947 1.258292488 0.707806272 -0.455177280 -0.211983582 0.847579615 -0.171713133
1642689830.140835047 -0.257386286 1.258017187 0.705685250 -0.454252378 -0.211445882 0.848120461 -0.172154289
1642689830.149168015 -0.253713085 1.257753510 0.703558428 -0.453257022 -0.210909534 0.848720149 -0.172479996
1642689830.157500982 -0.250062532 1.257514542 0.701453756 -0.452468323 -0.210229422 0.849246889 -0.172788104
1642689830.165833950 -0.246381735 1.257292406 0.699369027 -0.451693295 -0.209534171 0.849780367 -0.173037354
1642689830.174168110 -0.242683233 1.257084570 0.697304799 -0.450983191 -0.208792296 0.850322377 -0.173123638
1642689830.182501078 -0.239007145 1.256884702 0.695276045 -0.450523967 -0.208043454 0.850742648 -0.173156068
1642689830.190834999 -0.235296323 1.256700554 0.693260171 -0.450064643 -0.207247128 0.851215439 -0.172981854
1642689830.199167967 -0.231593599 1.256555278 0.691260005 -0.449738524 -0.206460797 0.851621066 -0.172773723
1642689830.207500935 -0.227905955 1.256459001 0.689262413 -0.449501193 -0.205651444 0.851992318 -0.172526087
1642689830.215833902 -0.224225404 1.256395575 0.687259860 -0.449316137 -0.204890637 0.852332828 -0.172231198
1642689830.224168062 -0.220574132 1.256407474 0.685268123 -0.449206406 -0.204073468 0.852642303 -0.171955595
1642689830.232501030 -0.216950499 1.256498028 0.683284228 -0.449080573 -0.203191891 0.852972012 -0.171692867
1642689830.240833998 -0.213456416 1.256684792 0.681343399 -0.449361314 -0.202072533 0.853103522 -0.171625992
1642689830.249167919 -0.210067038 1.256974194 0.679442521 -0.449839974 -0.200903012 0.853126126 -0.171632719
1642689830.257500887 -0.206657541 1.257354043 0.677611378 -0.449939450 -0.200112631 0.853353622 -0.171163730
1642689830.265835047 -0.203310699 1.257848555 0.675851402 -0.449958109 -0.199297042 0.853647881 -0.170598020
1642689830.274168015 -0.200133664 1.258555578 0.674156924 -0.450361020 -0.197918803 0.853823514 -0.170260111
1642689830.282500982 -0.197059064 1.259438997 0.672590343 -0.450840841 -0.196329647 0.854040934 -0.169738883
1642689830.290833950 -0.194069405 1.260386260 0.671062083 -0.451296130 -0.195430961 0.854075660 -0.169390999
1642689830.299168110 -0.191177597 1.261491674 0.669610066 -0.451681324 -0.194546147 0.854136334 -0.169076616
1642689830.307501078 -0.188369171 1.262730139 0.668221837 -0.451947188 -0.193810556 0.854223751 -0.168769044
1642689830.315834999 -0.185651659 1.264117930 0.666896410 -0.452124399 -0.193182557 0.854324243 -0.168505534
1642689830.324167967 -0.183035784 1.265651565 0.665610117 -0.452276961 -0.192585607 0.854432527 -0.168230174
1642689830.332500935 -0.180488759 1.267315759 0.664376735 -0.452300630 -0.192066138 0.854609059 -0.167863321
1642689830.340833902 -0.178039169 1.269141976 0.663204940 -0.452272738 -0.191558816 0.854805023 -0.167520034
1642689830.349168062 -0.175665872 1.271098575 0.662088964 -0.452131108 -0.191154961 0.855052184 -0.167101778
1642689830.357501030 -0.173417073 1.273238425 0.660983344 -0.452099528 -0.190501412 0.855289874 -0.166716708
1642689830.365833998 -0.171264990 1.275569966 0.659906818 -0.452041011 -0.189562272 0.855590609 -0.166402462
1642689830.374167919 -0.169230269 1.278119551 0.658871766 -0.451999298 -0.188155071 0.855977746 -0.166121646
1642689830.382500887 -0.167245855 1.280676375 0.657877920 -0.451792325 -0.187020523 0.856438673 -0.165589309
1642689830.390835047 -0.165396902 1.283403485 0.656901154 -0.451752519 -0.185534857 0.856855385 -0.165212976
1642689830.399168015 -0.163569179 1.286191558 0.655955498 -0.451536390 -0.183901350 0.857448743 -0.164550403
1642689830.407500982 -0.161830272 1.289052755 0.655070985 -0.451351433 -0.182077297 0.858100320 -0.163687453
1642689830.415833950 -0.160113808 1.291973819 0.654176217 -0.451009285 -0.180022539 0.858922487 -0.162587428
1642689830.424168110 -0.158463567 1.294922666 0.653336654 -0.450690092 -0.177799120 0.859801235 -0.161269185
1642689830.432501078 -0.157107531 1.297953981 0.652675105 -0.451096565 -0.175571718 0.860223837 -0.160316596
1642689830.440834999 -0.155638931 1.300924291 0.651968699 -0.450821091 -0.173239104 0.861164665 -0.158568524
1642689830.449167967 -0.154492634 1.303979139 0.651420786 -0.451340534 -0.170785343 0.861613071 -0.157311807
1642689830.457500935 -0.153509679 1.306996508 0.650981401 -0.452068750 -0.168375365 0.861947894 -0.155978879
1642689830.465833902 -0.152646652 1.309948936 0.650651522 -0.452595179 -0.166233219 0.862383445 -0.154333778
1642689830.474168062 -0.151936267 1.312887649 0.650404331 -0.453150840 -0.164105548 0.862775221 -0.152782862
1642689830.482501030 -0.151481104 1.315811864 0.650318504 -0.454423586 -0.161736494 0.862753896 -0.151645067
1642689830.490833998 -0.151119507 1.318649093 0.650353360 -0.455576034 -0.159422112 0.862830974 -0.150192466
1642689830.499167919 -0.150920525 1.321420433 0.650509608 -0.456888910 -0.157139524 0.862812499 -0.148708726
1642689830.507500887 -0.150886037 1.324165815 0.650782012 -0.458288111 -0.155188717 0.862578554 -0.147806316
1642689830.515835047 -0.151096445 1.326817111 0.651187353 -0.460042402 -0.153043230 0.862194814 -0.146829360
1642689830.524168015 -0.151219691 1.329311921 0.651634817 -0.461072797 -0.151207770 0.862171236 -0.145632573
1642689830.532500982 -0.151432875 1.331623155 0.652258912 -0.462174826 -0.149613061 0.862094224 -0.144235610
1642689830.540833950 -0.151810224 1.333917447 0.652937855 -0.463220358 -0.147981606 0.861994306 -0.143157816
1642689830.549168110 -0.152254715 1.336035061 0.653769770 -0.464227052 -0.146589668 0.861888973 -0.141958131
1642689830.557501078 -0.152759820 1.337984529 0.654710742 -0.465079484 -0.145503882 0.861809478 -0.140762627
1642689830.565834999 -0.153434615 1.339869939 0.655753597 -0.466088923 -0.144536596 0.861574131 -0.139858163
1642689830.574167967 -0.154194185 1.341648888 0.656893239 -0.467046070 -0.143712579 0.861336066 -0.138977855
1642689830.582500935 -0.154926962 1.343244622 0.658116444 -0.467645222 -0.143092384 0.861279171 -0.137951824
1642689830.590833902 -0.155796656 1.344768162 0.659417968 -0.468250719 -0.142602808 0.861154816 -0.137179030
1642689830.599168062 -0.156738382 1.346167129 0.660808699 -0.468930780 -0.142180973 0.860964970 -0.136483755
1642689830.607501030 -0.157684268 1.347420523 0.662227735 -0.469468635 -0.141871521 0.860830810 -0.135801283
1642689830.615833998 -0.158708480 1.348536668 0.663742782 -0.470147647 -0.141675493 0.860600197 -0.135116787
1642689830.624167919 -0.159701916 1.349528132 0.665245378 -0.470408919 -0.141554417 0.860569118 -0.134530997
1642689830.632500887 -0.160767192 1.350386411 0.666847982 -0.471036794 -0.141459529 0.860324074 -0.134000108
1642689830.640835047 -0.161841092 1.351074308 0.668499383 -0.471638020 -0.141502754 0.860076240 -0.133429419
1642689830.649168015 -0.162907202 1.351602810 0.670199196 -0.471992042 -0.141706056 0.859962485 -0.132692993
1642689830.657500982 -0.164027486 1.352012707 0.671973371 -0.472568314 -0.141923935 0.859700277 -0.132106844
1642689830.665833950 -0.165083834 1.352227280 0.673789295 -0.472818687 -0.142278118 0.859614559 -0.131385826
1642689830.674168110 -0.166205434 1.352334869 0.675663867 -0.473184077 -0.142729786 0.859434237 -0.130758671
1642689830.682501078 -0.167326774 1.352273557 0.677613297 -0.473772798 -0.143164835 0.859150216 -0.130015658
1642689830.690834999 -0.168446770 1.352096031 0.679613549 -0.474213332 -0.143669464 0.858947147 -0.129192102
1642689830.699167967 -0.169509567 1.351732059 0.681674821 -0.474690568 -0.144249759 0.858746058 -0.128125247
1642689830.707500935 -0.170578912 1.351139315 0.683783223 -0.475458110 -0.145208335 0.858325090 -0.127012458
1642689830.715833902 -0.171633769 1.350333169 0.685924038 -0.475952056 -0.146796619 0.857953311 -0.125843193
1642689830.724168062 -0.172751581 1.349565385 0.688200817 -0.476778044 -0.147830871 0.857477713 -0.124742546
1642689830.732501030 -0.173853574 1.348702976 0.690456519 -0.477572562 -0.148925174 0.856983052 -0.123797376
1642689830.740833998 -0.174963103 1.347703971 0.692787934 -0.478394387 -0.150236073 0.856445678 -0.122754768
1642689830.749167919 -0.176091898 1.346627091 0.695185069 -0.479445652 -0.151703616 0.855731117 -0.121828300
1642689830.757500887 -0.177235541 1.345569972 0.697645568 -0.480423919 -0.152698071 0.855145968 -0.120836792
1642689830.765835047 -0.178276523 1.344475450 0.700171692 -0.480948297 -0.153143257 0.854993901 -0.119253127
1642689830.774168015 -0.179234301 1.342984883 0.702692546 -0.481515567 -0.155240562 0.854474990 -0.117964480
1642689830.782500982 -0.180375052 1.341505892 0.705330000 -0.482656962 -0.157473818 0.853499336 -0.117401605
1642689830.790833950 -0.181475096 1.339829383 0.708050367 -0.483892630 -0.160002945 0.852410349 -0.116805723
1642689830.799168110 -0.182443818 1.337997844 0.710771294 -0.484917027 -0.162649402 0.851436187 -0.116004608
1642689830.807501078 -0.183328496 1.336017639 0.713514479 -0.485833752 -0.165462550 0.850490684 -0.115123006
1642689830.815834999 -0.184109375 1.333916863 0.716251942 -0.486534402 -0.168421726 0.849632513 -0.114205914
1642689830.824167967 -0.184848452 1.331715982 0.719005141 -0.487327857 -0.171503872 0.848657242 -0.113485097
1642689830.832500935 -0.185510216 1.329399844 0.721759746 -0.488099999 -0.174629134 0.847665619 -0.112809815
1642689830.840833902 -0.186075046 1.326947307 0.724481544 -0.488762902 -0.177832113 0.846738453 -0.111895296
1642689830.849168062 -0.186548948 1.324343748 0.727177726 -0.489369117 -0.181236814 0.845831969 -0.110631666
1642689830.857501030 -0.186907573 1.321601363 0.729928358 -0.489843232 -0.185027070 0.844819104 -0.109996694
1642689830.865833998 -0.187152795 1.318774237 0.732621710 -0.490050202 -0.188837432 0.843930589 -0.109418392
1642689830.874167919 -0.187265570 1.315820397 0.735285893 -0.490066385 -0.192788458 0.843099839 -0.108858672
1642689830.882500887 -0.187270785 1.312751253 0.737942895 -0.490062648 -0.196884465 0.842212805 -0.108409868
1642689830.890835047 -0.187196374 1.309568627 0.740578348 -0.490118800 -0.200980240 0.841252172 -0.108098514
1642689830.899168015 -0.186995843 1.306292042 0.743118738 -0.489854813 -0.204973506 0.840458671 -0.107969190
1642689830.907500982 -0.186693793 1.302970190 0.745658639 -0.489386535 -0.209038315 0.839740379 -0.107888361
1642689830.915833950 -0.186257530 1.299557741 0.748150134 -0.488679636 -0.213167637 0.839113168 -0.107892829
1642689830.924168110 -0.185734178 1.296084287 0.750601078 -0.487926140 -0.217237722 0.838487731 -0.108047113
1642689830.932501078 -0.185078408 1.292548613 0.752993952 -0.486943896 -0.221236135 0.837996500 -0.108176155
1642689830.940834999 -0.184269121 1.288969602 0.755311514 -0.485551389 -0.225261193 0.837708324 -0.108360542
1642689830.949167967 -0.183281134 1.285336112 0.757536760 -0.483587785 -0.229384757 0.837700966 -0.108547592
1642689830.957500935 -0.182251694 1.281672873 0.759753651 -0.482002617 -0.233339502 0.837475313 -0.108909388
1642689830.965833902 -0.181153554 1.278013045 0.761923641 -0.480484918 -0.237074007 0.837234443 -0.109401306
1642689830.974168062 -0.179917266 1.274352394 0.764015025 -0.478727315 -0.240646875 0.837155830 -0.109906119
1642689830.982501030 -0.178550974 1.270680673 0.766028311 -0.476762534 -0.244192592 0.837179948 -0.110440928
1642689830.990833998 -0.177082993 1.267006541 0.767981361 -0.474709163 -0.247582079 0.837281260 -0.110970345
1642689830.999167919 -0.175505061 1.263360493 0.769872046 -0.472534601 -0.250905858 0.837432687 -0.111641373
1642689831.007500887 -0.173809979 1.259748738 0.771688955 -0.470117711 -0.254128207 0.837741679 -0.112236679
1642689831.015835047 -0.172048179 1.256155824 0.773469300 -0.467767426 -0.257249478 0.838015914 -0.112896718
1642689831.024168015 -0.170307741 1.252617110 0.775248568 -0.465957908 -0.259929358 0.838066845 -0.113859216
1642689831.032500982 -0.168434981 1.249121815 0.776935973 -0.463669828 -0.262686446 0.838364415 -0.114678808
1642689831.040833950 -0.166518037 1.245725069 0.778579909 -0.461408042 -0.265221502 0.838687709 -0.115598879
1642689831.049168110 -0.164536371 1.242422702 0.780177719 -0.459078174 -0.267612189 0.839065745 -0.116617418
1642689831.057501078 -0.162515417 1.239103309 0.781730472 -0.456746486 -0.269893895 0.839495035 -0.117422397
1642689831.065834999 -0.160485140 1.235850958 0.783261553 -0.454603758 -0.271895481 0.839896276 -0.118247694
1642689831.074167967 -0.158428841 1.232642167 0.784769794 -0.452517035 -0.273960156 0.840214314 -0.119222787
1642689831.082500935 -0.156307689 1.229478447 0.786237589 -0.450359975 -0.275997814 0.840577511 -0.120127217
1642689831.090833902 -0.154178035 1.226373238 0.787692874 -0.448361219 -0.277902991 0.840888092 -0.121034548
1642689831.099168062 -0.151980653 1.223301651 0.789123436 -0.446328500 -0.280441055 0.840885827 -0.122697641
1642689831.107501030 -0.149697129 1.220271892 0.790530471 -0.444135922 -0.283460008 0.840724461 -0.124804197
1642689831.115833998 -0.147451225 1.217361174 0.791955043 -0.442128129 -0.285456740 0.840956127 -0.125817165
1642689831.124167919 -0.145182743 1.214518065 0.793388610 -0.440194998 -0.287413435 0.841148105 -0.126853248
1642689831.132500887 -0.142894914 1.211741413 0.794839443 -0.438313536 -0.289401408 0.841279101 -0.127974779
1642689831.140835047 -0.140573522 1.209018343 0.796299738 -0.436451308 -0.291378722 0.841389251 -0.129123291
1642689831.149168015 -0.138223261 1.206376092 0.797766735 -0.434554565 -0.293263999 0.841550553 -0.130196865
1642689831.157500982 -0.135862470 1.203816258 0.799239707 -0.432665453 -0.295132110 0.841697078 -0.131315165
1642689831.165833950 -0.133437615 1.201347062 0.800706735 -0.430589414 -0.296979408 0.841938292 -0.132423185
1642689831.174168110 -0.131028039 1.199015399 0.802207311 -0.428641123 -0.298833878 0.842051480 -0.133844707
1642689831.182501078 -0.128577084 1.196840649 0.803714712 -0.426587757 -0.300720090 0.842162415 -0.135472435
1642689831.190834999 -0.126137628 1.194744215 0.805252244 -0.424559425 -0.302235029 0.842449338 -0.136683560
1642689831.199167967 -0.123716343 1.192758839 0.806829268 -0.422586265 -0.303764915 0.842675954 -0.138003485
1642689831.207500935 -0.121265204 1.190896661 0.808432257 -0.420439155 -0.305332404 0.842961653 -0.139350966
1642689831.215833902 -0.118814428 1.189160436 0.810081584 -0.418282302 -0.306821266 0.843275466 -0.140666681
1642689831.224168062 -0.116329466 1.187547620 0.811750524 -0.416054680 -0.308234357 0.843645985 -0.141956110
1642689831.232501030 -0.113831552 1.186061510 0.813431073 -0.413776266 -0.309556024 0.844084284 -0.143129280
1642689831.240833998 -0.111331311 1.184731094 0.815138835 -0.411556744 -0.310738973 0.844532621 -0.144315591
1642689831.249167919 -0.108807832 1.183545039 0.816852323 -0.409282397 -0.311827652 0.845035098 -0.145489236
1642689831.257500887 -0.106281905 1.182509522 0.818578879 -0.406972718 -0.312811470 0.845592721 -0.146612216
1642689831.265835047 -0.103739378 1.181632825 0.820298240 -0.404541541 -0.313647379 0.846267264 -0.147659005
1642689831.274168015 -0.101184974 1.180919621 0.822010637 -0.401967011 -0.314355328 0.847046157 -0.148714684
1642689831.282500982 -0.098659476 1.180367847 0.823737880 -0.399426812 -0.314899479 0.847846883 -0.149840591
1642689831.290833950 -0.096129175 1.179985051 0.825467205 -0.396806100 -0.315343688 0.848716677 -0.150941308
1642689831.299168110 -0.093605983 1.179773110 0.827194881 -0.394111778 -0.315694279 0.849643302 -0.152050279
1642689831.307501078 -0.091115565 1.179744078 0.828906827 -0.391414342 -0.315888675 0.850625117 -0.153121088
1642689831.315834999 -0.088635083 1.179864123 0.830609636 -0.388763213 -0.316024593 0.851600072 -0.154171780
1642689831.324167967 -0.086125855 1.180123766 0.832309596 -0.385984387 -0.316130827 0.852668181 -0.155030079
1642689831.332500935 -0.083664304 1.180578253 0.833994791 -0.383475803 -0.315977338 0.853697473 -0.155901429
1642689831.340833902 -0.081208591 1.181213757 0.835654309 -0.381001883 -0.315646373 0.854778888 -0.156709876
1642689831.349168062 -0.078716356 1.181978973 0.837245029 -0.378418999 -0.315255949 0.855974583 -0.157226783
1642689831.357501030 -0.076257085 1.182925642 0.838797972 -0.375894942 -0.314645005 0.857209529 -0.157776223
1642689831.365833998 -0.073791628 1.184045737 0.840358866 -0.373468418 -0.314050807 0.858430650 -0.158083052
1642689831.374167919 -0.071326208 1.185357394 0.841875124 -0.370916233 -0.313395470 0.859738226 -0.158286481
1642689831.382500887 -0.068922101 1.186818616 0.843343568 -0.368558220 -0.312656535 0.860972432 -0.158547155
1642689831.390835047 -0.066475438 1.188440987 0.844776550 -0.365959459 -0.311812916 0.862370324 -0.158631031
1642689831.399168015 -0.064104828 1.190229855 0.846177411 -0.363488922 -0.310848253 0.863746314 -0.158718216
1642689831.407500982 -0.061606605 1.192144888 0.847504833 -0.360525467 -0.309904914 0.865384854 -0.158396294
1642689831.415833950 -0.059194711 1.194206268 0.848801388 -0.357704804 -0.308934641 0.866939614 -0.158184599
1642689831.424168110 -0.056893957 1.196446368 0.850071374 -0.355085764 -0.307775244 0.868454850 -0.158033770
1642689831.432501078 -0.054452450 1.198780631 0.851238586 -0.351828865 -0.306638042 0.870288543 -0.157440191
1642689831.440834999 -0.052101750 1.201246817 0.852361478 -0.348638753 -0.305498141 0.872076772 -0.156856654
1642689831.449167967 -0.049836223 1.203838702 0.853436808 -0.345647988 -0.304276799 0.873774978 -0.156398162
1642689831.457500935 -0.047596648 1.206554496 0.854444373 -0.342578434 -0.302825770 0.875605025 -0.155731852
1642689831.465833902 -0.045433978 1.209388229 0.855403155 -0.339564359 -0.301347896 0.877393430 -0.155133042
1642689831.474168062 -0.043289229 1.212312951 0.856297228 -0.336475963 -0.299824818 0.879228204 -0.154423997
1642689831.482501030 -0.041213420 1.215346164 0.857130414 -0.333393623 -0.298003023 0.881167543 -0.153579461
1642689831.490833998 -0.039158260 1.218455576 0.857904240 -0.330235131 -0.295916855 0.883227605 -0.152600691
1642689831.499167919 -0.037174556 1.221657457 0.858594544 -0.327183313 -0.294316651 0.885005166 -0.151969224
1642689831.507500887 -0.035270180 1.224934011 0.859225369 -0.324336785 -0.292504880 0.886835900 -0.150892781
1642689831.515835047 -0.033441880 1.228282723 0.859797026 -0.321592767 -0.290539792 0.888672253 -0.149754295
1642689831.524168015 -0.031702517 1.231697420 0.860342080 -0.319033862 -0.288312282 0.890517221 -0.148568173
1642689831.532500982 -0.030007019 1.235150943 0.860812181 -0.316347619 -0.286039157 0.892446344 -0.147123441
1642689831.540833950 -0.028411852 1.238642870 0.861243224 -0.313859118 -0.283636772 0.894322794 -0.145703039
1642689831.549168110 -0.026901907 1.242170023 0.861632718 -0.311424507 -0.281086653 0.896215243 -0.144233517
1642689831.557501078 -0.025524481 1.245710649 0.862008714 -0.309343828 -0.278437813 0.897985617 -0.142830715
1642689831.565834999 -0.024264621 1.249264775 0.862345911 -0.307430065 -0.275685369 0.899714706 -0.141413509
1642689831.574167967 -0.023061224 1.252824278 0.862610706 -0.305299405 -0.272877003 0.901546967 -0.139798001
1642689831.582500935 -0.021975879 1.256375852 0.862832413 -0.303291984 -0.269982974 0.903343838 -0.138177696
1642689831.590833902 -0.021024473 1.259923283 0.863031178 -0.301414822 -0.267030795 0.905092860 -0.136567108
1642689831.599168062 -0.020227546 1.263450172 0.863215159 -0.299751913 -0.264049250 0.906746635 -0.135045636
1642689831.607501030 -0.019581692 1.266954999 0.863360698 -0.298159341 -0.261030617 0.908359636 -0.133591898
1642689831.615833998 -0.019089810 1.270409822 0.863471937 -0.296688976 -0.258000133 0.909912944 -0.132174190
1642689831.624167919 -0.018765220 1.273861771 0.863569700 -0.295331674 -0.254764114 0.911461729 -0.130812710
1642689831.632500887 -0.018610908 1.277301220 0.863636542 -0.294077435 -0.251299004 0.913028649 -0.129406175
1642689831.640835047 -0.018622620 1.280595636 0.863677755 -0.293021007 -0.248244826 0.914367179 -0.128241405
1642689831.649168015 -0.018813030 1.283808341 0.863690553 -0.292124370 -0.245232332 0.915623250 -0.127116168
1642689831.657500982 -0.019180524 1.286935207 0.863665286 -0.291387144 -0.242297507 0.916782069 -0.126079688
1642689831.665833950 -0.019741455 1.289985874 0.863619337 -0.290909785 -0.239341340 0.917831787 -0.125187979
1642689831.674168110 -0.020488591 1.292937432 0.863543932 -0.290702569 -0.236492880 0.918734785 -0.124456936
1642689831.682501078 -0.021407024 1.295776132 0.863420224 -0.290607023 -0.233661618 0.919588049 -0.123723990
1642689831.690834999 -0.022496991 1.298522809 0.863233988 -0.290599561 -0.230868780 0.920376142 -0.123122943
1642689831.699167967 -0.023790153 1.301186630 0.863060023 -0.291251329 -0.228061824 0.920926898 -0.122695214
1642689831.707500935 -0.025257802 1.303719284 0.862840744 -0.292189290 -0.225361254 0.921354169 -0.122246553
1642689831.715833902 -0.026902828 1.306149462 0.862571552 -0.293473914 -0.222733848 0.921623684 -0.121952775
1642689831.724168062 -0.028712914 1.308478084 0.862256758 -0.295083017 -0.219993124 0.921788082 -0.121802175
1642689831.732501030 -0.030639828 1.310662153 0.861856892 -0.296853653 -0.217312971 0.921887304 -0.121559777
1642689831.740833998 -0.032736337 1.312735046 0.861410616 -0.299040701 -0.214604571 0.921834531 -0.121411014
1642689831.749167919 -0.034957994 1.314728902 0.860887697 -0.301422233 -0.211851955 0.921700624 -0.121372754
1642689831.757500887 -0.037319903 1.316646092 0.860306445 -0.304158780 -0.209161723 0.921385222 -0.121606260
1642689831.765835047 -0.039862893 1.318293905 0.859659290 -0.307439794 -0.206778355 0.920827729 -0.121654342
1642689831.774168015 -0.042581846 1.319804715 0.858965143 -0.311085146 -0.204211899 0.920200533 -0.121468146
1642689831.782500982 -0.045369232 1.321277579 0.858167233 -0.314460807 -0.201986031 0.919531034 -0.121567769
1642689831.790833950 -0.048334082 1.322644661 0.857328479 -0.318241751 -0.199738280 0.918662632 -0.122007282
1642689831.799168110 -0.051451747 1.323898459 0.856440933 -0.322307871 -0.197552911 0.917626149 -0.122689587
1642689831.807501078 -0.054689484 1.325013862 0.855501240 -0.326398816 -0.195693957 0.916486819 -0.123367735
1642689831.815834999 -0.058076744 1.326008753 0.854558498 -0.330833801 -0.194093119 0.915115386 -0.124260564
1642689831.824167967 -0.061475288 1.326870130 0.853429326 -0.334789748 -0.192632738 0.913878007 -0.125041755
1642689831.832500935 -0.064988782 1.327617302 0.852218166 -0.338837276 -0.191348967 0.912526542 -0.125976919
1642689831.840833902 -0.068596536 1.328224900 0.850925115 -0.342936616 -0.190296277 0.911069672 -0.127019120
1642689831.849168062 -0.072155378 1.328646326 0.849513918 -0.346631807 -0.189478287 0.909741144 -0.127731830
1642689831.857501030 -0.075834517 1.328970330 0.848019326 -0.350382506 -0.188911909 0.908284176 -0.128702158
1642689831.865833998 -0.079556810 1.329155415 0.846433295 -0.353975574 -0.188632097 0.906802860 -0.129722002
1642689831.874167919 -0.083346974 1.329220741 0.844767223 -0.357490835 -0.188572044 0.905261991 -0.130925990
1642689831.882500887 -0.087180973 1.329096495 0.843019898 -0.360959356 -0.188799495 0.903645538 -0.132241581
1642689831.890835047 -0.091051721 1.328868512 0.841219430 -0.364319654 -0.189262796 0.901984401 -0.133697138
1642689831.899168015 -0.094952578 1.328521600 0.839361129 -0.367561388 -0.189943349 0.900290043 -0.135270056
1642689831.907500982 -0.098780902 1.327973329 0.837409943 -0.370506563 -0.190890786 0.898663377 -0.136710382
1642689831.915833950 -0.102517062 1.327284050 0.835370641 -0.373121529 -0.191973299 0.897142223 -0.138066682
1642689831.924168110 -0.106263143 1.326513454 0.833257023 -0.375645814 -0.193028566 0.895640460 -0.139493232
1642689831.932501078 -0.109967409 1.325617824 0.831049028 -0.378047689 -0.194143547 0.894148936 -0.141017405
1642689831.940834999 -0.113602121 1.324629074 0.828733705 -0.380279752 -0.195163147 0.892734038 -0.142564347
1642689831.949167967 -0.117182562 1.323547854 0.826315269 -0.382445872 -0.196063486 0.891355189 -0.144153360
1642689831.957500935 -0.120724994 1.322381370 0.823790688 -0.384690814 -0.196913508 0.889908483 -0.145948418
1642689831.965833902 -0.124233529 1.321152392 0.821169621 -0.386960414 -0.197687870 0.888419264 -0.147960659
1642689831.974168062 -0.127533433 1.319762181 0.818422966 -0.388988233 -0.198412682 0.887098605 -0.149588196
1642689831.982501030 -0.130690255 1.318259334 0.815571287 -0.390845587 -0.199001409 0.885904660 -0.151033436
1642689831.990833998 -0.133750966 1.316646667 0.812650188 -0.392801438 -0.199667772 0.884632323 -0.152530209
1642689831.999167919 -0.136669355 1.314940981 0.809646458 -0.394611825 -0.200319852 0.883432702 -0.153948452
1642689832.007500887 -0.139476311 1.313136467 0.806588265 -0.396455251 -0.201015934 0.882208587 -0.155318501
1642689832.015835047 -0.142160163 1.311270651 0.803480583 -0.398315567 -0.201782791 0.880943494 -0.156738556
1642689832.024168015 -0.144719849 1.309321600 0.800328666 -0.400257830 -0.202598090 0.879637000 -0.158070969
1642689832.032500982 -0.147155886 1.307301942 0.797134122 -0.402223755 -0.203417543 0.878312722 -0.159386686
1642689832.040833950 -0.149466682 1.305238427 0.793907847 -0.404179394 -0.204365013 0.876951663 -0.160716335
1642689832.049168110 -0.151634669 1.303096120 0.790634141 -0.406173229 -0.205367635 0.875569290 -0.161944007
1642689832.057501078 -0.153670077 1.300902691 0.787324932 -0.408138440 -0.206441775 0.874179698 -0.163140013
1642689832.065834999 -0.155563902 1.298658328 0.783964142 -0.410016129 -0.207563586 0.872821909 -0.164274305
1642689832.074167967 -0.157321404 1.296346019 0.780577051 -0.411877359 -0.208795877 0.871448883 -0.165342577
1642689832.082500935 -0.159001908 1.294020309 0.777163741 -0.413789697 -0.210064733 0.870002538 -0.166572740
1642689832.090833902 -0.160604016 1.291678752 0.773740066 -0.415739952 -0.211340645 0.868522851 -0.167819789
1642689832.099168062 -0.161897158 1.289232604 0.770294598 -0.417015066 -0.212809444 0.867408109 -0.168563781
1642689832.107501030 -0.163080963 1.286778477 0.766832345 -0.418170358 -0.214265451 0.866354034 -0.169276566
1642689832.115833998 -0.164123903 1.284325762 0.763334480 -0.419034703 -0.215692221 0.865483275 -0.169780695
1642689832.124167919 -0.165356653 1.281931179 0.759971550 -0.420887070 -0.217243781 0.863929457 -0.171128919
1642689832.132500887 -0.166361064 1.279472933 0.756523665 -0.422228803 -0.218709774 0.862709234 -0.172109416
1642689832.140835047 -0.167302540 1.277074788 0.753082538 -0.423461291 -0.220109176 0.861558789 -0.173057614
1642689832.149168015 -0.168152180 1.274669697 0.749622245 -0.424500393 -0.221546387 0.860532667 -0.173781886
1642689832.157500982 -0.168870876 1.272220386 0.746149822 -0.425061266 -0.223307748 0.859706834 -0.174243308
1642689832.165833950 -0.169545160 1.269758437 0.742701052 -0.425601649 -0.225178994 0.858860692 -0.174688201
1642689832.174168110 -0.170448944 1.267329112 0.739355742 -0.427550374 -0.226505859 0.857288776 -0.175931033
1642689832.182501078 -0.171121499 1.264866330 0.735943904 -0.428327931 -0.228361257 0.856282314 -0.176541548
1642689832.190834999 -0.171802192 1.262443286 0.732541923 -0.429191014 -0.230203642 0.855248081 -0.177065177
1642689832.199167967 -0.172475845 1.260019631 0.729181176 -0.430065194 -0.232122064 0.854199823 -0.177499124
1642689832.207500935 -0.173177144 1.257667183 0.725808135 -0.431062936 -0.233988089 0.853081386 -0.178006932
1642689832.215833902 -0.173827904 1.255277653 0.722456138 -0.431871333 -0.236046040 0.852056127 -0.178240778
1642689832.224168062 -0.174513691 1.252942789 0.719082792 -0.432829844 -0.237965515 0.850987962 -0.178466324
1642689832.232501030 -0.175189716 1.250636692 0.715698847 -0.433703184 -0.239855981 0.849992493 -0.178559287
1642689832.240833998 -0.175899363 1.248339237 0.712308931 -0.434668043 -0.241779626 0.848945482 -0.178599759
1642689832.249167919 -0.176639264 1.246089358 0.708908318 -0.435673553 -0.243638648 0.847884755 -0.178662268
1642689832.257500887 -0.177417368 1.243864969 0.705504024 -0.436691876 -0.245511587 0.846820461 -0.178659934
1642689832.265835047 -0.178226955 1.241678366 0.702085382 -0.437746973 -0.247305754 0.845771323 -0.178573013
1642689832.274168015 -0.179082543 1.239552326 0.698656164 -0.438877637 -0.249081597 0.844687336 -0.178460309
1642689832.282500982 -0.179973242 1.237504380 0.695204078 -0.440044366 -0.250742530 0.843620493 -0.178307608
1642689832.290833950 -0.180911175 1.235522824 0.691743960 -0.441314362 -0.252411982 0.842494202 -0.178138557
1642689832.299168110 -0.181908960 1.233649751 0.688248571 -0.442696001 -0.253989196 0.841322568 -0.178005829
1642689832.307501078 -0.182948950 1.231892927 0.684703379 -0.444137120 -0.255553754 0.840117550 -0.177867929
1642689832.315834999 -0.183966804 1.230277823 0.681069747 -0.445250983 -0.257348871 0.839018633 -0.177681892
1642689832.324167967 -0.184991409 1.228850656 0.677366210 -0.445924563 -0.258775715 0.838287958 -0.177368860
1642689832.332500935 -0.186245377 1.227563035 0.673757183 -0.447787669 -0.259867227 0.836907225 -0.177599336
1642689832.340833902 -0.187559852 1.226460549 0.670113533 -0.449698991 -0.260733381 0.835553971 -0.177872099
1642689832.349168062 -0.188969932 1.225552643 0.666436029 -0.451765819 -0.261286275 0.834154046 -0.178393257
1642689832.357501030 -0.190346172 1.224838226 0.662699536 -0.453272976 -0.261946134 0.833055509 -0.178735421
1642689832.365833998 -0.191790247 1.224320013 0.658952977 -0.454759802 -0.262481275 0.831965077 -0.179251816
1642689832.374167919 -0.193254360 1.223988070 0.655189734 -0.456012769 -0.262917338 0.831018849 -0.179817965
1642689832.382500887 -0.194773660 1.223877026 0.651420755 -0.457132824 -0.263072304 0.830212412 -0.180471314
1642689832.390835047 -0.196323278 1.223947469 0.647647577 -0.458052269 -0.263058187 0.829557571 -0.181170489
1642689832.399168015 -0.197950466 1.224217625 0.643889524 -0.458836507 -0.262909939 0.828956784 -0.182148498
1642689832.407500982 -0.199618387 1.224691218 0.640132543 -0.459352517 -0.262480873 0.828594523 -0.183112459
1642689832.415833950 -0.201379899 1.225344351 0.636392832 -0.459787774 -0.261782627 0.828313610 -0.184286794
1642689832.424168110 -0.203214109 1.226145357 0.632689244 -0.460053878 -0.260973381 0.828169573 -0.185414350
1642689832.432501078 -0.205161711 1.227115168 0.629047036 -0.460295471 -0.260034102 0.828022050 -0.186788194
1642689832.440834999 -0.207175333 1.228208530 0.625446904 -0.460390482 -0.258978839 0.828002379 -0.188102699
1642689832.449167967 -0.209296600 1.229434778 0.621899947 -0.460405437 -0.257757441 0.828059570 -0.189486896
1642689832.457500935 -0.211512265 1.230737821 0.618395305 -0.460431986 -0.256472827 0.828155211 -0.190743340
1642689832.465833902 -0.213847682 1.232115073 0.614923272 -0.460534925 -0.255042846 0.828279898 -0.191867507
1642689832.474168062 -0.216313386 1.233676265 0.611495617 -0.460766727 -0.253416830 0.828293507 -0.193400623
1642689832.482501030 -0.218838415 1.235275315 0.608084526 -0.461005039 -0.251879658 0.828315770 -0.194740794
1642689832.490833998 -0.221450689 1.236956935 0.604723759 -0.461362777 -0.250179758 0.828353462 -0.195920950
1642689832.499167919 -0.224323916 1.238718377 0.601418370 -0.462426149 -0.248403719 0.827892240 -0.197616009
1642689832.507500887 -0.227217801 1.240464177 0.598160595 -0.463469380 -0.246701173 0.827488582 -0.198990734
1642689832.515835047 -0.230278835 1.242383711 0.595050012 -0.464840498 -0.243776884 0.827276377 -0.200274656
1642689832.524168015 -0.233521999 1.244587192 0.592121773 -0.466532378 -0.238833232 0.827466977 -0.201505904
1642689832.532500982 -0.236635949 1.246346715 0.589050170 -0.468133169 -0.237408908 0.826686638 -0.202675970
1642689832.540833950 -0.239680786 1.248014586 0.585972310 -0.469586577 -0.237102929 0.825690110 -0.203731415
1642689832.549168110 -0.242591388 1.249432408 0.582894498 -0.471102708 -0.238749002 0.824213310 -0.204287964
1642689832.557501078 -0.245738095 1.251198679 0.580078224 -0.473126863 -0.237130278 0.823489794 -0.204413215
1642689832.565834999 -0.248977309 1.253155009 0.577390313 -0.475422069 -0.234387081 0.823034634 -0.204084647
1642689832.574167967 -0.252105744 1.255011879 0.574727900 -0.477471948 -0.233110100 0.822179348 -0.204209062
1642689832.582500935 -0.255240826 1.256897002 0.572151128 -0.479557387 -0.231848699 0.821308137 -0.204264137
1642689832.590833902 -0.258356105 1.258825390 0.569675160 -0.481589729 -0.230603140 0.820494765 -0.204161372
1642689832.599168062 -0.261437949 1.260791180 0.567283383 -0.483561438 -0.229541807 0.819683794 -0.203954338
1642689832.607501030 -0.264544870 1.262802157 0.565011807 -0.485593336 -0.228265689 0.818926505 -0.203600754
1642689832.615833998 -0.267598291 1.264850082 0.562837574 -0.487445451 -0.227027029 0.818296731 -0.203091410
1642689832.624167919 -0.270636692 1.266924439 0.560764231 -0.489242548 -0.225888473 0.817680641 -0.202520362
1642689832.632500887 -0.273645391 1.269010324 0.558795964 -0.490946372 -0.224776596 0.817121126 -0.201891571
1642689832.640835047 -0.276600613 1.271084585 0.556903356 -0.492417388 -0.223821565 0.816669462 -0.201196453
1642689832.649168015 -0.279530388 1.273151645 0.555096078 -0.493782452 -0.222990198 0.816234999 -0.200536002
1642689832.657500982 -0.282447224 1.275225369 0.553353247 -0.494996503 -0.222219235 0.815860618 -0.199921299
1642689832.665833950 -0.285335327 1.277292678 0.551669076 -0.496056397 -0.221516758 0.815547193 -0.199351833
1642689832.674168110 -0.288175406 1.279323001 0.550020400 -0.496822913 -0.221138064 0.815295114 -0.198894010
1642689832.682501078 -0.290978478 1.281319312 0.548409863 -0.497372081 -0.220960192 0.815093344 -0.198545832
1642689832.690834999 -0.293928366 1.283345980 0.546854707 -0.498356134 -0.219856886 0.814927148 -0.197984486
1642689832.699167967 -0.296944062 1.285273496 0.545261455 -0.499601532 -0.219128947 0.814298782 -0.198238006
1642689832.707500935 -0.299750736 1.287094985 0.543777212 -0.499957629 -0.218871269 0.814246532 -0.197839134
1642689832.715833902 -0.302552223 1.288824137 0.542325717 -0.500338735 -0.218599154 0.814177492 -0.197460305
1642689832.724168062 -0.305389814 1.290454164 0.540900625 -0.500801371 -0.218511720 0.813977674 -0.197207911
1642689832.732501030 -0.308154248 1.291984180 0.539522746 -0.501007092 -0.218699070 0.813889951 -0.196839424
1642689832.740833998 -0.310878043 1.293400515 0.538199459 -0.501182047 -0.219062925 0.813810263 -0.196318228
1642689832.749167919 -0.313928961 1.294754779 0.536764421 -0.502660908 -0.219227493 0.812704975 -0.196931309
1642689832.757500887 -0.316741365 1.295993345 0.535378407 -0.503549407 -0.219833628 0.812009461 -0.196854783
1642689832.765835047 -0.319692153 1.297158743 0.534031034 -0.505538190 -0.220006130 0.810637404 -0.197219269
1642689832.774168015 -0.322473531 1.298180826 0.532661183 -0.507190291 -0.220682023 0.809388044 -0.197353610
1642689832.782500982 -0.325208352 1.299098648 0.531295032 -0.509093732 -0.221407731 0.807954854 -0.197512389
1642689832.790833950 -0.327828044 1.299902312 0.529916293 -0.511074671 -0.222160328 0.806487945 -0.197546614
1642689832.799168110 -0.330357362 1.300611030 0.528527079 -0.513175554 -0.222939946 0.804932284 -0.197566822
1642689832.807501078 -0.332814794 1.301236147 0.527140260 -0.515554445 -0.223599296 0.803187843 -0.197727734
1642689832.815834999 -0.335155554 1.301764300 0.525764886 -0.518075067 -0.224192352 0.801389347 -0.197765336
1642689832.824167967 -0.337332523 1.302214079 0.524334694 -0.520250954 -0.224703145 0.799814299 -0.197849766
1642689832.832500935 -0.339384923 1.302575044 0.522883558 -0.522442717 -0.225089744 0.798249908 -0.197952768
1642689832.840833902 -0.341265834 1.302847789 0.521421764 -0.524526925 -0.225376792 0.796780206 -0.198035627
1642689832.849168062 -0.343023016 1.303012717 0.519951506 -0.526660550 -0.225541114 0.795296985 -0.198147866
1642689832.857501030 -0.344611663 1.303050288 0.518472013 -0.528717040 -0.225600787 0.793891751 -0.198238401
1642689832.865833998 -0.345993209 1.302958777 0.516996068 -0.530465973 -0.225643018 0.792705600 -0.198264752
1642689832.874167919 -0.347220851 1.302721140 0.515527427 -0.532203845 -0.225576888 0.791534243 -0.198362489
1642689832.882500887 -0.348240657 1.302319058 0.514090915 -0.533590215 -0.225564036 0.790607963 -0.198346658
1642689832.890835047 -0.348981171 1.301729640 0.512709530 -0.534288984 -0.225829416 0.790131931 -0.198060312
1642689832.899168015 -0.349766975 1.300967237 0.511289332 -0.535357608 -0.225895984 0.789301071 -0.198411328
1642689832.907500982 -0.350369678 1.300041765 0.509908608 -0.535890951 -0.226067337 0.788768294 -0.198894508
1642689832.915833950 -0.350834089 1.298978886 0.508567986 -0.536011174 -0.226203071 0.788511445 -0.199433933
1642689832.924168110 -0.351266680 1.297786070 0.507296911 -0.536157211 -0.226173292 0.788219152 -0.200229009
1642689832.932501078 -0.351576825 1.296430802 0.506030240 -0.535882842 -0.226410419 0.788069528 -0.201281696
1642689832.940834999 -0.351733212 1.294928040 0.504803996 -0.535184449 -0.226825090 0.788132627 -0.202422691
1642689832.949167967 -0.351828472 1.293293813 0.503614688 -0.534478555 -0.227270905 0.788130258 -0.203792313
1642689832.957500935 -0.351847372 1.291526027 0.502435371 -0.533859507 -0.227636977 0.788056730 -0.205285227
1642689832.965833902 -0.351907033 1.289612317 0.501244422 -0.533796485 -0.227913847 0.787526223 -0.207169107
1642689832.974168062 -0.351852419 1.287570802 0.500109830 -0.533655962 -0.228322575 0.787004908 -0.209053560
1642689832.982501030 -0.351583416 1.285428024 0.499068586 -0.533192138 -0.228900220 0.786743144 -0.210585038
1642689832.990833998 -0.351216954 1.283214796 0.498059522 -0.532815915 -0.229492433 0.786421720 -0.212087959
1642689832.999167919 -0.350759667 1.280946154 0.497092331 -0.532514913 -0.230237409 0.786001699 -0.213588233
1642689833.007500887 -0.350199297 1.278648953 0.496158536 -0.532233811 -0.230929178 0.785581498 -0.215082761
1642689833.015835047 -0.349563116 1.276334142 0.495263564 -0.532177719 -0.231641267 0.784983434 -0.216633811
1642689833.024168015 -0.348828499 1.274008032 0.494425235 -0.532272103 -0.232241362 0.784347084 -0.218059649
1642689833.032500982 -0.347952917 1.271690299 0.493619707 -0.532309223 -0.232789515 0.783794394 -0.219367910
1642689833.040833950 -0.346974616 1.269368238 0.492880752 -0.532482039 -0.233314430 0.783163527 -0.220640307
1642689833.049168110 -0.345876611 1.267047707 0.492255905 -0.532700453 -0.233776545 0.782571509 -0.221721869
1642689833.057501078 -0.344497902 1.264731361 0.491691057 -0.532350242 -0.234335994 0.782452432 -0.222391668
1642689833.065834999 -0.343248909 1.262429274 0.491138955 -0.532785596 -0.234480398 0.781742124 -0.223691088
1642689833.074167967 -0.341680292 1.260102838 0.490750018 -0.532424775 -0.234913546 0.781672773 -0.224337159
1642689833.082500935 -0.339955968 1.257777142 0.490462313 -0.531806873 -0.235362594 0.781817817 -0.224826155
1642689833.090833902 -0.338401295 1.255480388 0.490213358 -0.531880431 -0.235494105 0.781388438 -0.226004077
1642689833.099168062 -0.336610818 1.253172802 0.490125129 -0.531294749 -0.235863361 0.781440818 -0.226814049
1642689833.107501030 -0.334735852 1.250838730 0.490126919 -0.530504114 -0.236416801 0.781593258 -0.227561992
1642689833.115833998 -0.332812269 1.248527061 0.490231998 -0.529627772 -0.236930753 0.781771633 -0.228454275
1642689833.124167919 -0.330826542 1.246256678 0.490421820 -0.528543062 -0.237398046 0.782072795 -0.229448343
1642689833.132500887 -0.328772003 1.244022573 0.490678796 -0.527298358 -0.237893225 0.782414533 -0.230631207
1642689833.140835047 -0.326694943 1.241685090 0.491005780 -0.526138258 -0.238329279 0.782879504 -0.231251745
1642689833.149168015 -0.324639339 1.239335533 0.491407372 -0.525109743 -0.238740717 0.783243532 -0.231931451
1642689833.157500982 -0.322554440 1.236984441 0.491883226 -0.524065813 -0.239095657 0.783651505 -0.232548080
1642689833.165833950 -0.320501083 1.234643512 0.492436712 -0.523189064 -0.239308626 0.784000003 -0.233127821
1642689833.174168110 -0.318467893 1.232253512 0.493059677 -0.522466841 -0.239911980 0.784115538 -0.233738027
1642689833.182501078 -0.316457730 1.229879848 0.493788697 -0.521859525 -0.240367529 0.784207719 -0.234316754
1642689833.190834999 -0.314450296 1.227514128 0.494595940 -0.521285837 -0.240969595 0.784249609 -0.234834583
1642689833.199167967 -0.312532188 1.225157366 0.495506815 -0.521053391 -0.241777711 0.783973099 -0.235442312
1642689833.207500935 -0.310614476 1.222834888 0.496485966 -0.520885223 -0.242658285 0.783645673 -0.235997881
1642689833.215833902 -0.308745460 1.220545599 0.497529321 -0.520936692 -0.243667641 0.783127906 -0.236562310
1642689833.224168062 -0.306882878 1.218321270 0.498619830 -0.521144997 -0.244639325 0.782526495 -0.237090230
1642689833.232501030 -0.305001716 1.216179777 0.499744980 -0.521421642 -0.245562022 0.781933392 -0.237484599
1642689833.240833998 -0.303152139 1.214131916 0.500913794 -0.521999562 -0.246385303 0.781168642 -0.237878735
1642689833.249167919 -0.301269395 1.212194693 0.502117425 -0.522696718 -0.247087360 0.780385321 -0.238190530
1642689833.257500887 -0.299368443 1.210379030 0.503364341 -0.523516836 -0.247660002 0.779567914 -0.238471201
1642689833.265835047 -0.297447700 1.208662317 0.504677193 -0.524492984 -0.248245286 0.778664346 -0.238669697
1642689833.274168015 -0.295455964 1.207102921 0.506067959 -0.525350465 -0.248658594 0.777944751 -0.238700140
1642689833.282500982 -0.293338180 1.205668602 0.507550095 -0.525814227 -0.249150163 0.777519745 -0.238551127
1642689833.290833950 -0.291378870 1.204408540 0.509060503 -0.526729353 -0.249241030 0.776749785 -0.238945328
1642689833.299168110 -0.289354060 1.203299025 0.510647301 -0.527328162 -0.249292385 0.776232780 -0.239250890
1642689833.307501078 -0.287228492 1.202296040 0.512306581 -0.527542690 -0.249383252 0.775979704 -0.239504076
1642689833.315834999 -0.285034025 1.201431167 0.514068948 -0.527452573 -0.249440754 0.775958242 -0.239712121
1642689833.324167967 -0.282768390 1.200704289 0.515908767 -0.526936333 -0.249443052 0.776270104 -0.239835340
1642689833.332500935 -0.280359723 1.200083936 0.517857115 -0.525904306 -0.249556288 0.776964865 -0.239733013
1642689833.340833902 -0.277919285 1.199602959 0.519892947 -0.524632815 -0.249711040 0.777805010 -0.239633410
1642689833.349168062 -0.275507572 1.199286067 0.522018018 -0.523288173 -0.249742101 0.778740306 -0.239503457
1642689833.357501030 -0.273158193 1.199131207 0.524228939 -0.521945949 -0.249728082 0.779628563 -0.239557123
1642689833.365833998 -0.270868462 1.199091406 0.526513095 -0.520674252 -0.249771076 0.780425739 -0.239683954
1642689833.374167919 -0.268465130 1.199290944 0.528856115 -0.518558776 -0.249963391 0.781773760 -0.239676629
1642689833.382500887 -0.266011221 1.199733990 0.531262742 -0.515831596 -0.250283273 0.783416498 -0.239863794
1642689833.390835047 -0.263418519 1.200319815 0.533669287 -0.512158465 -0.250460007 0.785991402 -0.239125506
1642689833.399168015 -0.261102177 1.201010581 0.536244218 -0.509397907 -0.250680093 0.787863017 -0.238631788
1642689833.407500982 -0.258858187 1.201848088 0.538912467 -0.506619740 -0.250953099 0.789754524 -0.238005827
1642689833.415833950 -0.256757236 1.202830989 0.541695386 -0.504061341 -0.251207076 0.791542425 -0.237229339
1642689833.424168110 -0.254601011 1.203985489 0.544467617 -0.500965319 -0.251358823 0.793810203 -0.236046296
1642689833.432501078 -0.252541993 1.205295912 0.547296400 -0.497935584 -0.251344812 0.796121997 -0.234682137
1642689833.440834999 -0.250622222 1.206748284 0.550173580 -0.495119484 -0.251342552 0.798300765 -0.233237020
1642689833.449167967 -0.248752367 1.208347279 0.553050315 -0.492313732 -0.251122088 0.800621393 -0.231452526
1642689833.457500935 -0.246936777 1.210099738 0.555903963 -0.489529817 -0.250741743 0.803002004 -0.229514527
1642689833.465833902 -0.245334314 1.211891212 0.558815913 -0.487466940 -0.250704222 0.804778214 -0.227717814
1642689833.474168062 -0.243823062 1.213685949 0.561720046 -0.485618595 -0.251204284 0.806224976 -0.225991761
1642689833.482501030 -0.242458085 1.215696029 0.564644979 -0.484048882 -0.250792847 0.807894602 -0.223843562
1642689833.490833998 -0.241243162 1.217819950 0.567622959 -0.483126667 -0.250326456 0.809236984 -0.221496710
1642689833.499167919 -0.240067827 1.220072961 0.570653675 -0.482207810 -0.249793539 0.810723677 -0.218645684
1642689833.507500887 -0.239154423 1.222487101 0.573635776 -0.482139895 -0.248279325 0.811923673 -0.216051959
1642689833.515835047 -0.238278405 1.224897966 0.576589242 -0.482188090 -0.247414458 0.812778151 -0.213711040
1642689833.524168015 -0.237439583 1.227421683 0.579542819 -0.482303393 -0.246189118 0.813764503 -0.211096397
1642689833.532500982 -0.236512693 1.229956552 0.582449576 -0.482223029 -0.245246833 0.814830471 -0.208245636
1642689833.540833950 -0.235660235 1.232660246 0.585329483 -0.482176884 -0.244229460 0.815802020 -0.205729161
1642689833.549168110 -0.235009262 1.235496199 0.588252586 -0.482743793 -0.243006695 0.816381735 -0.203536334
1642689833.557501078 -0.234235021 1.238358269 0.591118352 -0.482964339 -0.241518141 0.817326173 -0.200978510
1642689833.565834999 -0.233342875 1.241231821 0.594008391 -0.482655128 -0.240181824 0.818632745 -0.197982694
1642689833.574167967 -0.232468500 1.244164217 0.596911589 -0.482229724 -0.238760054 0.820012819 -0.195005402
1642689833.582500935 -0.231591309 1.247133837 0.599820703 -0.481684833 -0.237358785 0.821477978 -0.191870947
1642689833.590833902 -0.230703162 1.250139491 0.602724896 -0.480902633 -0.235948491 0.823119822 -0.188506565
1642689833.599168062 -0.229872516 1.253196890 0.605647492 -0.480052514 -0.234429391 0.824811207 -0.185145665
1642689833.607501030 -0.229135943 1.256303572 0.608566255 -0.479235116 -0.232922006 0.826440381 -0.181871766
1642689833.615833998 -0.228506203 1.259471744 0.611469047 -0.478425281 -0.231419423 0.828002446 -0.178791078
1642689833.624167919 -0.227785421 1.262552322 0.614337569 -0.477210385 -0.230210449 0.829806246 -0.175199860
1642689833.632500887 -0.227261605 1.265703939 0.617251777 -0.476371494 -0.228617111 0.831443958 -0.171771245
1642689833.640835047 -0.226894119 1.268873830 0.620189857 -0.475789980 -0.226962030 0.832897276 -0.168505961
1642689833.649168015 -0.226653006 1.271986499 0.623096518 -0.475533328 -0.225745661 0.834003282 -0.165364677
1642689833.657500982 -0.226568805 1.275046606 0.625989582 -0.475704941 -0.224598037 0.834797226 -0.162401114
1642689833.665833950 -0.226573208 1.278083314 0.628891432 -0.475988952 -0.223649319 0.835478923 -0.159343873
1642689833.674168110 -0.226695263 1.281067112 0.631790766 -0.476607760 -0.222817086 0.835912517 -0.156358090
1642689833.682501078 -0.226936247 1.283972394 0.634680131 -0.477564493 -0.222149943 0.836107567 -0.153315668
1642689833.690834999 -0.227220248 1.286836267 0.637566263 -0.478570730 -0.221617157 0.836252054 -0.150127926
1642689833.699167967 -0.227686002 1.289638263 0.640412326 -0.480243831 -0.221123445 0.835938507 -0.147231443
1642689833.707500935 -0.228241895 1.292360662 0.643215282 -0.482255590 -0.220803241 0.835378824 -0.144283387
1642689833.715833902 -0.228827181 1.295026643 0.646007413 -0.484319036 -0.220388982 0.834761606 -0.141551506
1642689833.724168062 -0.229481189 1.297625799 0.648771519 -0.486629016 -0.220014188 0.833948772 -0.138979867
1642689833.732501030 -0.230206546 1.300123432 0.651497430 -0.489341579 -0.219658144 0.832833355 -0.136688410
1642689833.740833998 -0.231002023 1.302519623 0.654153769 -0.492412298 -0.219253242 0.831440694 -0.134775806
1642689833.749167919 -0.231740487 1.304811715 0.656805816 -0.495482693 -0.218900237 0.830045193 -0.132682192
1642689833.757500887 -0.232500848 1.306972338 0.659438912 -0.498932985 -0.218694639 0.828330615 -0.130793438
1642689833.765835047 -0.233145684 1.309006022 0.661951694 -0.501979102 -0.218520060 0.826880168 -0.128589084
1642689833.774168015 -0.233778292 1.310961701 0.664403195 -0.505231554 -0.217921464 0.825472782 -0.125880894
1642689833.782500982 -0.234301965 1.312693546 0.666808016 -0.508416058 -0.217908251 0.823802891 -0.124007676
1642689833.790833950 -0.234736479 1.314280945 0.669150527 -0.511653055 -0.217868069 0.822072047 -0.122238314
1642689833.799168110 -0.235071419 1.315700287 0.671437476 -0.514935366 -0.217866145 0.820252487 -0.120672153
1642689833.807501078 -0.235246848 1.316917305 0.673667256 -0.518045691 -0.217967880 0.818516490 -0.118951338
1642689833.815834999 -0.235369689 1.318047648 0.675835349 -0.521112719 -0.218125236 0.816720610 -0.117602548
1642689833.824167967 -0.235575090 1.319107716 0.677977390 -0.524774791 -0.218115934 0.814495187 -0.116766643
1642689833.832500935 -0.234784315 1.319383060 0.680057030 -0.526300749 -0.218957336 0.813633791 -0.114303376
1642689833.840833902 -0.234261952 1.319744518 0.682088450 -0.528548309 -0.219604683 0.812212563 -0.112788387
1642689833.849168062 -0.233544355 1.319888280 0.684082518 -0.530524409 -0.220250711 0.810959772 -0.111255221
1642689833.857501030 -0.232572303 1.319758418 0.686023087 -0.532061050 -0.221113828 0.809947589 -0.109565586
1642689833.865833998 -0.231393357 1.319356708 0.687929514 -0.533312659 -0.222029067 0.809121688 -0.107716275
1642689833.874167919 -0.230167154 1.318807125 0.689801186 -0.534713567 -0.222923621 0.808125960 -0.106390290
1642689833.882500887 -0.228534843 1.317885059 0.691583821 -0.535219974 -0.224109155 0.807733408 -0.104313982
1642689833.890835047 -0.226887405 1.316770755 0.693359695 -0.536043532 -0.225359359 0.807047066 -0.102691400
1642689833.899168015 -0.225080093 1.315431131 0.695092702 -0.536630145 -0.226572477 0.806517698 -0.101104908
1642689833.907500982 -0.223083374 1.313868275 0.696795217 -0.536962217 -0.227822792 0.806146680 -0.099478057
1642689833.915833950 -0.220995827 1.312107651 0.698479433 -0.537307562 -0.229025499 0.805762372 -0.097953581
1642689833.924168110 -0.218808014 1.310172813 0.700160819 -0.537641873 -0.230262597 0.805345468 -0.096638661
1642689833.932501078 -0.216561012 1.308102364 0.701858994 -0.538100336 -0.231435237 0.804840317 -0.095487299
1642689833.940834999 -0.214067058 1.305814471 0.703493354 -0.537951747 -0.232595664 0.804774192 -0.094051452
1642689833.949167967 -0.211486429 1.303372750 0.705115432 -0.537838355 -0.233711145 0.804685941 -0.092679773
1642689833.957500935 -0.208819686 1.300768371 0.706720153 -0.537755452 -0.234742452 0.804590410 -0.091374653
1642689833.965833902 -0.206018159 1.298015339 0.708303005 -0.537391580 -0.235924426 0.804628029 -0.090131514
1642689833.974168062 -0.203104580 1.295106740 0.709870655 -0.536902340 -0.237060713 0.804781975 -0.088679583
1642689833.982501030 -0.200173537 1.292083985 0.711435771 -0.536627118 -0.238168331 0.804764217 -0.087531347
1642689833.990833998 -0.197194332 1.288936755 0.713007707 -0.536438880 -0.239313018 0.804679985 -0.086329194
1642689833.999167919 -0.194158443 1.285686533 0.714580652 -0.536242365 -0.240474963 0.804589882 -0.085153036
1642689834.007500887 -0.191049975 1.282302395 0.716156569 -0.535857624 -0.241902660 0.804537234 -0.084021127
1642689834.015835047 -0.187928182 1.278837592 0.717765154 -0.535602242 -0.243384657 0.804370261 -0.082961619
1642689834.024168015 -0.184787779 1.275325911 0.719409277 -0.535396485 -0.244820297 0.804182485 -0.081878913
1642689834.032500982 -0.181615449 1.271714654 0.721085138 -0.535194189 -0.246399572 0.803935912 -0.080879415
1642689834.040833950 -0.178391005 1.268010329 0.722779670 -0.534773849 -0.248199749 0.803768113 -0.079816255
1642689834.049168110 -0.175197891 1.264242241 0.724531755 -0.534600861 -0.250056807 0.803394543 -0.078934912
1642689834.057501078 -0.171923074 1.260358028 0.726341962 -0.534378812 -0.252059004 0.803040454 -0.077663201
1642689834.065834999 -0.168620787 1.256458690 0.728154622 -0.534044937 -0.254186304 0.802699200 -0.076546215
1642689834.074167967 -0.165265109 1.252482230 0.729982685 -0.533571866 -0.256466747 0.802418948 -0.075164505
1642689834.082500935 -0.161906152 1.248459970 0.731856669 -0.533306950 -0.258850073 0.801957918 -0.073782339
1642689834.090833902 -0.158546962 1.244403889 0.733795526 -0.533160903 -0.261297058 0.801395545 -0.072308226
1642689834.099168062 -0.155150923 1.240298903 0.735792767 -0.532992528 -0.263969144 0.800768104 -0.070779233
1642689834.107501030 -0.151659785 1.236164533 0.737892605 -0.532560761 -0.266979177 0.800221776 -0.068893134
1642689834.115833998 -0.148307430 1.232078355 0.740146678 -0.532974043 -0.269396411 0.799265543 -0.067370870
1642689834.124167919 -0.144827289 1.228039046 0.742494236 -0.532842437 -0.272000157 0.798608328 -0.065723592
1642689834.132500887 -0.141363774 1.224057133 0.744972569 -0.532913683 -0.274592957 0.797797877 -0.064189271
1642689834.140835047 -0.137907238 1.220134507 0.747570083 -0.533248011 -0.276916042 0.796892294 -0.062663677
1642689834.149168015 -0.134468948 1.216353047 0.750257717 -0.533826645 -0.278818137 0.795944433 -0.061335293
1642689834.157500982 -0.130715399 1.212517963 0.753024893 -0.532963509 -0.281887088 0.795634788 -0.058777996
1642689834.165833950 -0.127224204 1.208858559 0.755833180 -0.533442588 -0.283534676 0.794889199 -0.056553103
1642689834.174168110 -0.123446637 1.205266851 0.758671053 -0.532883297 -0.285911130 0.794563789 -0.054393038
1642689834.182501078 -0.119645682 1.201818237 0.761525377 -0.532339651 -0.287992913 0.794319762 -0.052256041
1642689834.190834999 -0.116089737 1.198609373 0.764569860 -0.532578314 -0.290296985 0.793407778 -0.050912654
1642689834.199167967 -0.112268258 1.195468797 0.767556941 -0.531805377 -0.292682191 0.793170199 -0.049002159
1642689834.207500935 -0.108351846 1.192463446 0.770592910 -0.530513152 -0.295404696 0.793152050 -0.046922130
1642689834.215833902 -0.104477236 1.189614315 0.773669438 -0.529519874 -0.297619125 0.793095117 -0.045074322
1642689834.224168062 -0.100657966 1.186997044 0.776819022 -0.528771535 -0.299533891 0.792946198 -0.043777146
1642689834.232501030 -0.096579667 1.184517461 0.780011199 -0.527031377 -0.302101432 0.793190410 -0.042680516
1642689834.240833998 -0.092438034 1.182166609 0.783197354 -0.524769627 -0.304387120 0.793923465 -0.040630682
1642689834.249167919 -0.088542926 1.180125780 0.786579980 -0.523294904 -0.306548654 0.794130311 -0.039337204
1642689834.257500887 -0.084448591 1.178260878 0.789905763 -0.521116056 -0.308257347 0.794974746 -0.037823491
1642689834.265835047 -0.080313148 1.176625001 0.793255967 -0.518729353 -0.309747333 0.796021167 -0.036424579
1642689834.274168015 -0.076093789 1.175207725 0.796611804 -0.515979033 -0.311099003 0.797338075 -0.035143151
1642689834.282500982 -0.071884925 1.174036305 0.799970111 -0.513180612 -0.312120414 0.798793751 -0.033986019
1642689834.290833950 -0.067685612 1.173094584 0.803323663 -0.510488240 -0.312732491 0.800311690 -0.033186518
1642689834.299168110 -0.063336377 1.172345103 0.806649111 -0.506966647 -0.313655032 0.802229306 -0.032147796
1642689834.307501078 -0.058976671 1.171799735 0.809970502 -0.503327716 -0.314430659 0.804250527 -0.031235573
1642689834.315834999 -0.054578123 1.171438452 0.813277835 -0.499486113 -0.314949195 0.806471755 -0.030396308
1642689834.324167967 -0.050111061 1.171224809 0.816585186 -0.495369188 -0.315586659 0.808793709 -0.029447660
1642689834.332500935 -0.045627557 1.171155359 0.819911063 -0.491176580 -0.316003345 0.811218907 -0.028484012
1642689834.340833902 -0.041178138 1.171247031 0.823267158 -0.486912960 -0.316310055 0.813696389 -0.027602635
1642689834.349168062 -0.036664521 1.171426677 0.826610946 -0.482394662 -0.316586820 0.816311303 -0.026533585
1642689834.357501030 -0.032059283 1.171655101 0.829905842 -0.477401213 -0.316793277 0.819209516 -0.025017410
1642689834.365833998 -0.027775642 1.172121862 0.833345318 -0.473538999 -0.316761600 0.821484391 -0.024213624
1642689834.374167919 -0.023547316 1.172701898 0.836779560 -0.469782754 -0.316603872 0.823722075 -0.023411414
1642689834.382500887 -0.019334091 1.173381365 0.840181882 -0.465966622 -0.316336874 0.826017209 -0.022397751
1642689834.390835047 -0.015101548 1.174172212 0.843534913 -0.461945411 -0.316107968 0.828395782 -0.021038504
1642689834.399168015 -0.010751554 1.175007962 0.846751639 -0.457176567 -0.315588157 0.831286290 -0.018889315
1642689834.407500982 -0.006513188 1.175884797 0.849971479 -0.452637479 -0.314976857 0.834047886 -0.016523213
1642689834.415833950 -0.002605999 1.177002210 0.853297245 -0.449058555 -0.314144747 0.836330455 -0.014521101
1642689834.424168110 0.001125966 1.178281170 0.856639729 -0.445840809 -0.313064820 0.838487252 -0.012470724
1642689834.432501078 0.004735444 1.179702511 0.860004074 -0.442714700 -0.311856999 0.840619430 -0.010386529
1642689834.440834999 0.008145945 1.181345210 0.863397210 -0.440002247 -0.310338552 0.842624047 -0.008527615
1642689834.449167967 0.011353064 1.183069479 0.866772932 -0.437553239 -0.308760002 0.844497884 -0.006143975
1642689834.457500935 0.014335388 1.184976749 0.870165591 -0.435635492 -0.306915283 0.846173289 -0.003936107
1642689834.465833902 0.017140148 1.187024455 0.873555951 -0.433785291 -0.305068637 0.847797549 -0.001662572
1642689834.474168062 0.019800665 1.189186729 0.876890942 -0.431989084 -0.303259777 0.849363565 0.000688320
1642689834.482501030 0.022272819 1.191471054 0.880195844 -0.430416871 -0.301396223 0.850818599 0.003056929
1642689834.490833998 0.024536199 1.193896654 0.883457044 -0.429111654 -0.299515270 0.852130155 0.005290584
1642689834.499167919 0.026610768 1.196461808 0.886655536 -0.427971366 -0.297601988 0.853357398 0.007397135
1642689834.507500887 0.028501881 1.199137500 0.889778934 -0.426936747 -0.295727476 0.854506111 0.009464657
1642689834.515835047 0.030219348 1.201916342 0.892832030 -0.426005759 -0.293977791 0.855550828 0.011354793
1642689834.524168015 0.031761282 1.204806480 0.895812336 -0.425164766 -0.292116042 0.856578270 0.013296899
1642689834.532500982 0.033064662 1.207753880 0.898715740 -0.424553172 -0.289974931 0.857566564 0.015771264
1642689834.540833950 0.034332561 1.210812346 0.901584952 -0.423732358 -0.288362253 0.858493501 0.016941342
1642689834.549168110 0.035413807 1.213976763 0.904417851 -0.423135012 -0.286632085 0.859350763 0.017750341
1642689834.557501078 0.036339288 1.217184010 0.907170909 -0.422568729 -0.284954021 0.860173916 0.018376878
1642689834.565834999 0.037118271 1.220430911 0.909821558 -0.421975502 -0.283336522 0.860988719 0.018855137
1642689834.574167967 0.037689132 1.223768295 0.912409409 -0.421656536 -0.281735902 0.861671210 0.018798202
1642689834.582500935 0.038231499 1.226988984 0.914858896 -0.421104517 -0.280162171 0.862447651 0.019083847
1642689834.590833902 0.038616346 1.230251223 0.917258212 -0.420748492 -0.278518870 0.863151225 0.019180942
1642689834.599168062 0.038912895 1.233483630 0.919578542 -0.420370056 -0.277050872 0.863805882 0.019267309
1642689834.607501030 0.039034049 1.236628052 0.921830137 -0.420482355 -0.275604062 0.864218346 0.019069363
1642689834.615833998 0.039004491 1.239781792 0.924035138 -0.420862425 -0.274184281 0.864495555 0.018580496
1642689834.624167919 0.038945361 1.242791944 0.926126533 -0.421186823 -0.272752817 0.864795835 0.018322770
1642689834.632500887 0.038786433 1.245715003 0.928144774 -0.421689446 -0.271359550 0.864995186 0.018037013
1642689834.640835047 0.038570251 1.248481882 0.930060752 -0.422221471 -0.270170932 0.865111571 0.017851234
1642689834.649168015 0.038301507 1.251169739 0.931909583 -0.422908568 -0.268875911 0.865189046 0.017378216
1642689834.657500982 0.037953293 1.253730430 0.933675251 -0.423812876 -0.267528717 0.865175494 0.016804645
1642689834.665833950 0.037591541 1.256091206 0.935355575 -0.424792982 -0.266167555 0.865121996 0.016422126
1642689834.674168110 0.037205718 1.258290039 0.936947137 -0.425858345 -0.264865915 0.865006096 0.015974066
1642689834.682501078 0.036767380 1.260299803 0.938475011 -0.427275455 -0.263549496 0.864718523 0.015466887
1642689834.690834999 0.036359260 1.262099124 0.939907017 -0.428603043 -0.262367375 0.864428141 0.015059243
1642689834.699167967 0.035929203 1.263696056 0.941262757 -0.430142484 -0.261226927 0.864016140 0.014630277
1642689834.707500935 0.035537515 1.265032183 0.942536014 -0.431682655 -0.260249999 0.863547058 0.014370167
1642689834.715833902 0.035175536 1.266098150 0.943712256 -0.433223581 -0.259468331 0.863013843 0.014164078
1642689834.724168062 0.034808416 1.266973500 0.944816068 -0.434928779 -0.258770834 0.862369949 0.013881051
1642689834.732501030 0.034527795 1.267554606 0.945795752 -0.436411602 -0.258294687 0.861765147 0.013769558
1642689834.740833998 0.034268395 1.267883688 0.946685390 -0.437942558 -0.258004008 0.861077551 0.013627147
1642689834.749167919 0.034045946 1.268004145 0.947456608 -0.439466796 -0.258056038 0.860294255 0.013031169
1642689834.757500887 0.033900355 1.267836245 0.948096259 -0.441077522 -0.258750538 0.859279516 0.011725659
1642689834.765835047 0.033807347 1.267473100 0.948648431 -0.442338998 -0.258917409 0.858586019 0.011315232
1642689834.774168015 0.033752542 1.266878262 0.949095046 -0.443615823 -0.259135320 0.857867540 0.010824580
1642689834.782500982 0.033749894 1.266098318 0.949442442 -0.444840798 -0.259460523 0.857143362 0.010107314
1642689834.790833950 0.033852614 1.265060788 0.949669569 -0.445799937 -0.259919140 0.856512496 0.009528959
1642689834.799168110 0.034062759 1.263813495 0.949787580 -0.446462175 -0.260553067 0.855980868 0.008965432
1642689834.807501078 0.034306540 1.262383249 0.949837726 -0.447150675 -0.261098327 0.855463714 0.008109983
1642689834.815834999 0.034635556 1.260748530 0.949801354 -0.447704822 -0.261757214 0.854980334 0.007223732
1642689834.824167967 0.035049553 1.258925865 0.949683123 -0.448086806 -0.262480931 0.854566881 0.006117240
1642689834.832500935 0.035589993 1.256898617 0.949456986 -0.447963085 -0.263500802 0.854324342 0.005130304
1642689834.840833902 0.036200443 1.254725481 0.949157973 -0.447655276 -0.264638173 0.854140401 0.003945470
1642689834.849168062 0.036889861 1.252411180 0.948781466 -0.447070889 -0.265834481 0.854079757 0.002723578
1642689834.857501030 0.037702958 1.249959891 0.948309690 -0.446061813 -0.267184706 0.854189339 0.001328416
1642689834.865833998 0.038578827 1.247402468 0.947770097 -0.444869839 -0.268511358 0.854395954 -0.000175888
1642689834.874167919 0.039539194 1.244740189 0.947156437 -0.443401372 -0.269902472 0.854719095 -0.001774062
1642689834.882500887 0.040610535 1.241973176 0.946460731 -0.441504175 -0.271284023 0.855259111 -0.003300649
1642689834.890835047 0.041757176 1.239095294 0.945702400 -0.439358127 -0.272761022 0.855886580 -0.004901412
1642689834.899168015 0.042961870 1.236106273 0.944869022 -0.436907181 -0.274407214 0.856603393 -0.006589661
1642689834.907500982 0.044208545 1.233029160 0.943969767 -0.434158154 -0.276238456 0.857395986 -0.008434200
1642689834.915833950 0.045489370 1.229858544 0.943000967 -0.431151698 -0.278192386 0.858261929 -0.010181880
1642689834.924168110 0.046955993 1.226518890 0.941873343 -0.427253164 -0.280360896 0.859488925 -0.011458156
1642689834.932501078 0.048278063 1.223195178 0.940763374 -0.423689395 -0.282747071 0.860444031 -0.013321399
1642689834.940834999 0.049579933 1.219804376 0.939594615 -0.420072570 -0.285325890 0.861334603 -0.015194545
1642689834.949167967 0.050854968 1.216400784 0.938368994 -0.416356082 -0.288048106 0.862193613 -0.017264876
1642689834.957500935 0.052065197 1.212997621 0.937096546 -0.412619021 -0.290792422 0.863023632 -0.019378372
1642689834.965833902 0.053193067 1.209582384 0.935793516 -0.408985811 -0.293595601 0.863754419 -0.021460021
1642689834.974168062 0.054235330 1.206204322 0.934468188 -0.405453326 -0.296410610 0.864398157 -0.023752411
1642689834.982501030 0.055225906 1.202828245 0.933065499 -0.401749418 -0.299273653 0.865077710 -0.025946904
1642689834.990833998 0.056270258 1.199400812 0.931468973 -0.397277982 -0.302238024 0.866059954 -0.027614074
1642689834.999167919 0.057008810 1.196136335 0.929936653 -0.393567423 -0.305297525 0.866601215 -0.030007318
1642689835.007500887 0.057582990 1.192960351 0.928348962 -0.390026373 -0.308466905 0.866988564 -0.032533468
1642689835.015835047 0.057934372 1.189894980 0.926693003 -0.386862925 -0.311551477 0.867196249 -0.035262164
1642689835.024168015 0.058064415 1.186960726 0.924970941 -0.384147501 -0.314503236 0.867220558 -0.038038339
1642689835.032500982 0.057997209 1.184182855 0.923152260 -0.381739931 -0.317286241 0.867145096 -0.040785401
1642689835.040833950 0.057705124 1.181591538 0.921257940 -0.379786557 -0.319958710 0.866879729 -0.043682154
1642689835.049168110 0.057195828 1.179202970 0.919295716 -0.378332830 -0.322521180 0.866408297 -0.046701412
1642689835.057501078 0.056506944 1.177058596 0.917271058 -0.377281349 -0.325248085 0.865657550 -0.050094643
1642689835.065834999 0.055720424 1.175175064 0.915177458 -0.376490671 -0.328688883 0.864432333 -0.054544800
1642689835.074167967 0.054617550 1.173569438 0.913102585 -0.376384102 -0.330603962 0.863536438 -0.057800079
1642689835.082500935 0.053305357 1.172237570 0.911003071 -0.376770074 -0.332238380 0.862511807 -0.061117542
1642689835.090833902 0.051823562 1.171213737 0.908866748 -0.377545745 -0.333251444 0.861555813 -0.064220448
1642689835.099168062 0.050196753 1.170535140 0.906671686 -0.378636828 -0.333562756 0.860733011 -0.067147035
1642689835.107501030 0.048378892 1.170146609 0.904431225 -0.380007305 -0.333739246 0.859810784 -0.070270760
1642689835.115833998 0.046431479 1.170012778 0.902131101 -0.381614595 -0.333453780 0.858976253 -0.073066237
1642689835.124167919 0.044297618 1.170251776 0.899793652 -0.383634925 -0.332684971 0.858127341 -0.075910613
1642689835.132500887 0.042011694 1.170848056 0.897430980 -0.386080397 -0.331333124 0.857299357 -0.078728019
1642689835.140835047 0.039615183 1.171790253 0.895040658 -0.388633813 -0.329461937 0.856637432 -0.081184367
1642689835.149168015 0.037040916 1.173150258 0.892721959 -0.391576723 -0.326425559 0.856254464 -0.083320567
1642689835.157500982 0.034310940 1.174949429 0.890566356 -0.394634722 -0.321078311 0.856771194 -0.084352086
1642689835.165833950 0.031646360 1.176868503 0.888214959 -0.397742185 -0.318648572 0.856010074 -0.086665995
1642689835.174168110 0.028952838 1.179001947 0.885798662 -0.400875868 -0.316587904 0.855099709 -0.088741906
1642689835.182501078 0.026281639 1.181487064 0.883505002 -0.403481654 -0.313547358 0.854824508 -0.090364091
1642689835.190834999 0.023706863 1.184210273 0.881176846 -0.405347525 -0.310652220 0.854911727 -0.091184000
1642689835.199167967 0.020853606 1.187223673 0.878945609 -0.408604676 -0.306555521 0.854681811 -0.092654912
1642689835.207500935 0.017834068 1.190487594 0.876796289 -0.412565709 -0.302034616 0.854178849 -0.094568072
1642689835.215833902 0.015060344 1.193903845 0.874636631 -0.414794567 -0.298687441 0.854206088 -0.095201040
1642689835.224168062 0.012324612 1.197418241 0.872457839 -0.417195980 -0.294489707 0.854457758 -0.095526259
1642689835.232501030 0.009546043 1.201108887 0.870349788 -0.419693806 -0.290358239 0.854608391 -0.095883788
1642689835.240833998 0.006783376 1.204918449 0.868276360 -0.422039953 -0.286299665 0.854819850 -0.095905187
1642689835.249167919 0.004118146 1.208909205 0.866240310 -0.424044411 -0.282937576 0.854836030 -0.096891832
1642689835.257500887 0.001584974 1.213089003 0.864258339 -0.425782119 -0.280740787 0.854353862 -0.099868291
1642689835.265835047 -0.001335872 1.217075632 0.862212987 -0.428008885 -0.275089099 0.855594725 -0.095352235
1642689835.274168015 -0.003980342 1.221370013 0.860270424 -0.429813884 -0.272091360 0.855588852 -0.095885520
1642689835.282500982 -0.006635283 1.225716891 0.858301408 -0.431438450 -0.268322445 0.856065690 -0.094949794
1642689835.290833950 -0.009191475 1.230093557 0.856307538 -0.432707798 -0.264802973 0.856646080 -0.093812789
1642689835.299168110 -0.011860764 1.234595885 0.854408582 -0.434521087 -0.261478609 0.856843286 -0.092951306
1642689835.307501078 -0.014422667 1.239015638 0.852411298 -0.435983040 -0.258558747 0.857175455 -0.091194309
1642689835.315834999 -0.017048113 1.243620863 0.850630234 -0.437637225 -0.254963162 0.857479781 -0.090531050
1642689835.324167967 -0.019612254 1.248161871 0.848766034 -0.439193289 -0.251834982 0.857758148 -0.089103062
1642689835.332500935 -0.022129104 1.252802130 0.846907667 -0.440685618 -0.248945263 0.857954041 -0.087961955
1642689835.340833902 -0.024647131 1.257473688 0.845030036 -0.442257837 -0.246080969 0.858099692 -0.086701104
1642689835.349168062 -0.027149736 1.262162876 0.843164445 -0.443813131 -0.243394715 0.858197693 -0.085355942
1642689835.357501030 -0.029672847 1.266891177 0.841253204 -0.445580327 -0.240732036 0.858155599 -0.084114365
1642689835.365833998 -0.032204123 1.271635479 0.839350214 -0.447305455 -0.238277812 0.858067135 -0.082839039
1642689835.374167919 -0.034730688 1.276383302 0.837414566 -0.449082345 -0.235943473 0.857907369 -0.081551646
1642689835.382500887 -0.037267247 1.281132622 0.835429337 -0.451044592 -0.233687859 0.857611476 -0.080320094
1642689835.390835047 -0.039942439 1.285970040 0.833468843 -0.453697588 -0.231341757 0.856920774 -0.079537901
1642689835.399168015 -0.042658359 1.290775552 0.831489279 -0.456617651 -0.228921982 0.856083597 -0.078841122
1642689835.407500982 -0.045152312 1.295489147 0.829460387 -0.458499172 -0.227346560 0.855633549 -0.077351663
1642689835.415833950 -0.047826705 1.300269702 0.827454262 -0.461378498 -0.225236671 0.854726440 -0.076426671
1642689835.424168110 -0.050551195 1.305054921 0.825486631 -0.464560618 -0.223229042 0.853593875 -0.075694935
1642689835.432501078 -0.053382113 1.309847244 0.823594425 -0.468433090 -0.221176226 0.852041544 -0.075344043
1642689835.440834999 -0.056086887 1.314633662 0.821619113 -0.471369691 -0.219257189 0.850969255 -0.074754436
1642689835.449167967 -0.058771084 1.319381928 0.819669678 -0.474163987 -0.217605025 0.849883101 -0.074264938
1642689835.457500935 -0.061432361 1.324079826 0.817731581 -0.476790649 -0.216064926 0.848838597 -0.073889524
1642689835.465833902 -0.064061188 1.328742323 0.815799977 -0.479187776 -0.214589953 0.847882237 -0.073660976
1642689835.474168062 -0.066685442 1.333340229 0.813876366 -0.481609490 -0.213150454 0.846884558 -0.073523665
1642689835.482501030 -0.069239130 1.337827997 0.811935525 -0.483680109 -0.211818518 0.846055840 -0.073321100
1642689835.490833998 -0.071753865 1.342223695 0.809990861 -0.485565976 -0.210608947 0.845288845 -0.073186903
1642689835.499167919 -0.074218145 1.346538304 0.808047640 -0.487192786 -0.209359598 0.844667604 -0.073132658
1642689835.507500887 -0.076675137 1.350763994 0.806126088 -0.488781105 -0.208138923 0.844048502 -0.073166568
1642689835.515835047 -0.079156986 1.354925603 0.804221822 -0.490514967 -0.206699366 0.843368241 -0.073487753
1642689835.524168015 -0.081395701 1.358902536 0.802321088 -0.490943304 -0.206150441 0.843287671 -0.073092904
1642689835.532500982 -0.083786036 1.362869315 0.800431396 -0.492140571 -0.204946030 0.842837982 -0.073613309
1642689835.540833950 -0.086019441 1.366677214 0.798523373 -0.492426735 -0.204211129 0.842834609 -0.073780398
1642689835.549168110 -0.088187684 1.370356374 0.796622532 -0.492371327 -0.203658559 0.842993639 -0.073860623
1642689835.557501078 -0.090335425 1.373926159 0.794685213 -0.492098862 -0.203156699 0.843250087 -0.074130666
1642689835.565834999 -0.092437017 1.377374469 0.792692109 -0.491559114 -0.202764261 0.843633153 -0.074427112
1642689835.574167967 -0.094435127 1.380668009 0.790655609 -0.490627906 -0.202750518 0.844170038 -0.074521353
1642689835.582500935 -0.096328278 1.383808189 0.788566498 -0.489131676 -0.203096369 0.844977486 -0.074263829
1642689835.590833902 -0.098304110 1.386891145 0.786411612 -0.488138228 -0.203023948 0.845541576 -0.074577412
1642689835.599168062 -0.100252908 1.389868752 0.784227820 -0.487134851 -0.202986383 0.846094137 -0.074972505
1642689835.607501030 -0.102163296 1.392731324 0.781987261 -0.485904976 -0.203021678 0.846768508 -0.075243913
1642689835.615833998 -0.104055418 1.395478223 0.779680993 -0.484636134 -0.203071847 0.847447392 -0.075647603
1642689835.624167919 -0.105921066 1.398118614 0.777328373 -0.483316911 -0.203072577 0.848171830 -0.075966034
1642689835.632500887 -0.107758841 1.400620478 0.774888907 -0.481885110 -0.203098625 0.848958911 -0.076200108
1642689835.640835047 -0.109609774 1.403004859 0.772396857 -0.480554846 -0.203090418 0.849678374 -0.076602758
1642689835.649168015 -0.111465949 1.405248898 0.769831795 -0.479250349 -0.203104661 0.850378066 -0.076972362
1642689835.657500982 -0.113363127 1.407385958 0.767205550 -0.478120990 -0.203013062 0.850996588 -0.077400409
1642689835.665833950 -0.115260334 1.409403067 0.764505682 -0.476989180 -0.202907195 0.851615632 -0.077851193
1642689835.674168110 -0.117173270 1.411276887 0.761731861 -0.475934346 -0.202795910 0.852197457 -0.078229220
1642689835.682501078 -0.119133871 1.413039368 0.758904189 -0.475054179 -0.202618961 0.852694521 -0.078620205
1642689835.690834999 -0.121133611 1.414696740 0.756008387 -0.474209445 -0.202358414 0.853183650 -0.079083080
1642689835.699167967 -0.123100311 1.416278383 0.753023691 -0.472919745 -0.201867173 0.853964801 -0.079628369
1642689835.707500935 -0.125214714 1.417711905 0.750003358 -0.472556125 -0.201579702 0.854195821 -0.080036442
1642689835.715833902 -0.127402489 1.419056346 0.746928074 -0.472470524 -0.201200781 0.854289062 -0.080498749
1642689835.724168062 -0.129612135 1.420287807 0.743778906 -0.472429211 -0.200758169 0.854383173 -0.080846720
1642689835.732501030 -0.131922855 1.421442747 0.740571217 -0.472739573 -0.200180385 0.854310974 -0.081227267
1642689835.740833998 -0.134323824 1.422492106 0.737297421 -0.473283955 -0.199578089 0.854105995 -0.081693533
1642689835.749167919 -0.136765258 1.423470375 0.733915066 -0.473838556 -0.198972184 0.853894475 -0.082166406
1642689835.757500887 -0.139286669 1.424294787 0.730569884 -0.474808714 -0.198437313 0.853452889 -0.082446857
1642689835.765835047 -0.141933426 1.425070781 0.727160903 -0.476224396 -0.197762971 0.852766359 -0.083004027
1642689835.774168015 -0.144701337 1.425784126 0.723720971 -0.478125380 -0.196999969 0.851815532 -0.083650657
1642689835.782500982 -0.147559067 1.426399681 0.720259709 -0.480537352 -0.196184220 0.850577803 -0.084338647
1642689835.790833950 -0.150408994 1.426898678 0.716687309 -0.482591260 -0.195538067 0.849504420 -0.084928094
1642689835.799168110 -0.153305770 1.427305939 0.713053846 -0.484797193 -0.194954576 0.848323261 -0.085510461
1642689835.807501078 -0.156315961 1.427623645 0.709369226 -0.487431690 -0.194468716 0.846882849 -0.085916860
1642689835.815834999 -0.159301571 1.427871628 0.705662551 -0.489810121 -0.193907283 0.845560870 -0.086676559
1642689835.824167967 -0.162358751 1.428049285 0.701932751 -0.492463178 -0.193305307 0.844065074 -0.087562707
1642689835.832500935 -0.165421301 1.428149524 0.698172749 -0.495051918 -0.192778108 0.842575156 -0.088472062
1642689835.840833902 -0.168536327 1.428208867 0.694416768 -0.497837576 -0.192204688 0.840948453 -0.089558948
1642689835.849168062 -0.171626714 1.428188873 0.690642433 -0.500438527 -0.191698772 0.839410535 -0.090569390
1642689835.857501030 -0.174713771 1.428096730 0.686845292 -0.503007187 -0.191211711 0.837869755 -0.091630371
1642689835.865833998 -0.177803374 1.427934334 0.683042512 -0.505677270 -0.190557398 0.836284472 -0.092772079
1642689835.874167919 -0.180862489 1.427704382 0.679249322 -0.508200450 -0.190061883 0.834730093 -0.093991779
1642689835.882500887 -0.183861346 1.427389744 0.675453966 -0.510538691 -0.189610706 0.833271870 -0.095163099
1642689835.890835047 -0.186857200 1.427034361 0.671682621 -0.512810206 -0.189178030 0.831826270 -0.096449067
1642689835.899168015 -0.189875617 1.426679892 0.667944425 -0.515010543 -0.188769879 0.830385951 -0.097924693
1642689835.907500982 -0.192569592 1.425999187 0.664198482 -0.516705511 -0.188473518 0.829281969 -0.098916955
1642689835.915833950 -0.195328266 1.425373979 0.660501728 -0.518411735 -0.188225153 0.828121887 -0.100173373
1642689835.924168110 -0.197989852 1.424662083 0.656825374 -0.519890849 -0.187969882 0.827110978 -0.101332416
1642689835.932501078 -0.200573434 1.423864968 0.653182462 -0.521264208 -0.187725046 0.826158830 -0.102491557
1642689835.940834999 -0.203225614 1.423067609 0.649576516 -0.522942360 -0.187341419 0.824991187 -0.104038558
1642689835.949167967 -0.205938839 1.422323342 0.645998763 -0.524690429 -0.186882323 0.823769500 -0.105729671
1642689835.957500935 -0.207803794 1.420910075 0.642433043 -0.524745154 -0.186867288 0.823753463 -0.105609530
1642689835.965833902 -0.210237364 1.419851161 0.638989450 -0.526293535 -0.186533609 0.822634161 -0.107207110
1642689835.974168062 -0.212480508 1.418627835 0.635565039 -0.527410787 -0.186213342 0.821851465 -0.108271061
1642689835.982501030 -0.214647513 1.417333209 0.632212860 -0.528424202 -0.186015941 0.821109087 -0.109296840
1642689835.990833998 -0.216766956 1.415946126 0.628938515 -0.529483160 -0.185853100 0.820335198 -0.110255932
1642689835.999167919 -0.218822948 1.414482054 0.625728110 -0.530492201 -0.185687252 0.819609214 -0.111081074
1642689836.007500887 -0.220808376 1.412909402 0.622573198 -0.531479287 -0.185592644 0.818881268 -0.111886584
1642689836.015835047 -0.222742891 1.411265315 0.619456111 -0.532392616 -0.185481126 0.818205813 -0.112668105
1642689836.024168015 -0.224632684 1.409476005 0.616458244 -0.533567175 -0.185508705 0.817352680 -0.113257171
1642689836.032500982 -0.226461252 1.407579467 0.613495334 -0.534714147 -0.185411634 0.816543636 -0.113841104
1642689836.040833950 -0.228266761 1.405574688 0.610613232 -0.536017596 -0.185363517 0.815638487 -0.114277567
1642689836.049168110 -0.230016674 1.403483902 0.607790100 -0.537281109 -0.185348812 0.814748728 -0.114714157
1642689836.057501078 -0.231770892 1.401330019 0.605061822 -0.538819839 -0.185239202 0.813703700 -0.115090872
1642689836.065834999 -0.233484073 1.399070150 0.602410091 -0.540389502 -0.185276979 0.812611444 -0.115387468
1642689836.074167967 -0.235182964 1.396760656 0.599835326 -0.542094339 -0.185201371 0.811438178 -0.115768143
1642689836.082500935 -0.236854576 1.394343169 0.597327952 -0.543889004 -0.185215360 0.810182064 -0.116125128
1642689836.090833902 -0.238510488 1.391839522 0.594896676 -0.545833957 -0.185292678 0.808816952 -0.116391807
1642689836.099168062 -0.240106372 1.389262636 0.592529407 -0.547829443 -0.185366240 0.807424781 -0.116565348
1642689836.107501030 -0.241664031 1.386591936 0.590227354 -0.549938328 -0.185516024 0.805936790 -0.116694181
1642689836.115833998 -0.243123982 1.383833106 0.587978653 -0.551973440 -0.185732099 0.804484283 -0.116764495
1642689836.124167919 -0.244568145 1.380992898 0.585790627 -0.554215951 -0.186018327 0.802864654 -0.116834105
1642689836.132500887 -0.246035490 1.378117508 0.583671957 -0.556746548 -0.186215786 0.801024183 -0.117120539
1642689836.140835047 -0.247354817 1.375165397 0.581617484 -0.558983515 -0.186523691 0.799391754 -0.117128843
1642689836.149168015 -0.248681790 1.372156016 0.579640451 -0.561422906 -0.186743414 0.797609854 -0.117259280
1642689836.157500982 -0.249972674 1.369099177 0.577745627 -0.563896445 -0.187034488 0.795755065 -0.117527770
1642689836.165833950 -0.251246337 1.365994429 0.575932328 -0.566421301 -0.187344034 0.793822688 -0.117960427
1642689836.174168110 -0.252591434 1.362879706 0.574188195 -0.569262183 -0.187626935 0.791598272 -0.118780793
1642689836.182501078 -0.253762114 1.359628179 0.572560474 -0.571681741 -0.188224252 0.789612242 -0.119432511
1642689836.190834999 -0.254920442 1.356332520 0.571030786 -0.574218168 -0.188812572 0.787506044 -0.120239505
1642689836.199167967 -0.256112814 1.353005144 0.569609610 -0.577199456 -0.189209218 0.785046885 -0.121416840
1642689836.207500935 -0.257136750 1.349588147 0.568288071 -0.579541269 -0.190130212 0.782953999 -0.122333378
1642689836.215833902 -0.258103831 1.346118709 0.567059573 -0.581964861 -0.191031965 0.780781995 -0.123301112
1642689836.224168062 -0.258981100 1.342599153 0.565941856 -0.584246963 -0.192012630 0.778684666 -0.124245031
1642689836.232501030 -0.259790807 1.339027239 0.564929034 -0.586522616 -0.193054075 0.776563366 -0.125182600
1642689836.240833998 -0.260553497 1.335435549 0.564035616 -0.588844804 -0.194064314 0.774371387 -0.126292490
1642689836.249167919 -0.261399378 1.331828883 0.563266108 -0.591607761 -0.195015880 0.771780675 -0.127764055
1642689836.257500887 -0.261893664 1.328150245 0.562567325 -0.593411859 -0.196092474 0.769952355 -0.128776855
1642689836.265835047 -0.262324751 1.324451596 0.561984054 -0.595249707 -0.197111351 0.768089073 -0.129861764
1642689836.274168015 -0.262652145 1.320691713 0.561511706 -0.597012954 -0.198203091 0.766265002 -0.130877859
1642689836.282500982 -0.262826436 1.316923099 0.561119173 -0.598366826 -0.199334337 0.764751315 -0.131827125
1642689836.290833950 -0.262948390 1.313156471 0.560877237 -0.599988030 -0.200277859 0.763066330 -0.132789000
1642689836.299168110 -0.262925208 1.309379167 0.560727612 -0.601308548 -0.201176685 0.761650052 -0.133585818
1642689836.307501078 -0.262768633 1.305593883 0.560686452 -0.602458106 -0.202147188 0.760339034 -0.134407211
1642689836.315834999 -0.262458906 1.301818900 0.560758177 -0.603302054 -0.203073326 0.759309462 -0.135044426
1642689836.324167967 -0.262085097 1.298047685 0.560974846 -0.604303516 -0.203912082 0.758180973 -0.135641937
1642689836.332500935 -0.261614199 1.294291144 0.561333071 -0.605231859 -0.204743294 0.757125520 -0.136145242
1642689836.340833902 -0.260998919 1.290558660 0.561788619 -0.605802519 -0.205585106 0.756354868 -0.136621321
1642689836.349168062 -0.260265956 1.286862187 0.562373578 -0.606087769 -0.206384658 0.755827848 -0.137066601
1642689836.357501030 -0.259497324 1.283190994 0.563108714 -0.606532803 -0.207116202 0.755189408 -0.137512895
1642689836.365833998 -0.258598272 1.279541183 0.563956561 -0.606595147 -0.208005872 0.754798819 -0.138038499
1642689836.374167919 -0.257587875 1.275918143 0.564938585 -0.606420378 -0.208874960 0.754611335 -0.138518264
1642689836.382500887 -0.256491572 1.272280278 0.566039848 -0.606156511 -0.209984119 0.754435799 -0.138951715
1642689836.390835047 -0.255317422 1.268663661 0.567281064 -0.605738424 -0.211214821 0.754349562 -0.139377183
1642689836.399168015 -0.254081760 1.265083663 0.568656512 -0.605206034 -0.212457993 0.754327828 -0.139917069
1642689836.407500982 -0.252729516 1.261471644 0.570150348 -0.604491862 -0.213940332 0.754403944 -0.140334645
1642689836.415833950 -0.251169810 1.257808368 0.571810577 -0.603206969 -0.215543158 0.754998605 -0.140212716
1642689836.424168110 -0.249844476 1.254251533 0.573603984 -0.602631368 -0.217242642 0.754824742 -0.140998856
1642689836.432501078 -0.248352844 1.250670219 0.575508897 -0.601609412 -0.219109309 0.754989311 -0.141592256
1642689836.440834999 -0.246821978 1.247097097 0.577557064 -0.600431669 -0.221102338 0.755244928 -0.142129045
1642689836.449167967 -0.245074372 1.243414125 0.579763297 -0.598655211 -0.223516652 0.755908323 -0.142319544
1642689836.457500935 -0.243318638 1.239761901 0.582077258 -0.596727855 -0.226053284 0.756620621 -0.142621934
1642689836.465833902 -0.241623466 1.236173711 0.584458958 -0.595065642 -0.228500090 0.757052058 -0.143376332
1642689836.474168062 -0.239883318 1.232596068 0.586955056 -0.593363823 -0.230933180 0.757509547 -0.144112894
1642689836.482501030 -0.238088428 1.229027959 0.589540348 -0.591558767 -0.233417602 0.758011544 -0.144889431
1642689836.490833998 -0.236264129 1.225507553 0.592200531 -0.589790009 -0.235805688 0.758472154 -0.145819801
1642689836.499167919 -0.234272557 1.222004715 0.594905093 -0.587572652 -0.238093928 0.759298197 -0.146751175
1642689836.507500887 -0.232351079 1.218554632 0.597815392 -0.585639182 -0.240285791 0.759756019 -0.148527032
1642689836.515835047 -0.230426871 1.215089285 0.600754374 -0.584142854 -0.242616959 0.759955586 -0.149604964
1642689836.524168015 -0.228409861 1.211688866 0.603742399 -0.582425220 -0.244887198 0.760312502 -0.150784687
1642689836.532500982 -0.226378827 1.208313082 0.606826432 -0.580805057 -0.247191784 0.760574353 -0.151948546
1642689836.540833950 -0.224188137 1.204887253 0.610013096 -0.579059021 -0.249440590 0.761006513 -0.152771491
1642689836.549168110 -0.221898379 1.201508436 0.613262488 -0.577216092 -0.251689194 0.761508681 -0.153553449
1642689836.557501078 -0.219518549 1.198142784 0.616594363 -0.575288433 -0.253888750 0.762082732 -0.154316662
1642689836.565834999 -0.217005106 1.194782370 0.619993222 -0.573011923 -0.256036720 0.762954662 -0.154928105
1642689836.574167967 -0.214462546 1.191436380 0.623514878 -0.571052531 -0.258149235 0.763577734 -0.155586068
1642689836.582500935 -0.211812153 1.188095270 0.627132318 -0.569019257 -0.260180256 0.764303942 -0.156085887
1642689836.590833902 -0.209114917 1.184768801 0.630844769 -0.566962546 -0.262149511 0.765034378 -0.156695584
1642689836.599168062 -0.206266222 1.181445394 0.634639977 -0.564567897 -0.264133576 0.766021727 -0.157185421
1642689836.607501030 -0.203422052 1.178153780 0.638542554 -0.562500025 -0.265837712 0.766842642 -0.157722525
1642689836.615833998 -0.200451952 1.174850522 0.642559588 -0.560126597 -0.267754048 0.767806021 -0.158239945
1642689836.624167919 -0.197291162 1.171559696 0.646586144 -0.557265446 -0.269897498 0.769060138 -0.158609798
1642689836.632500887 -0.194099999 1.168322599 0.650745456 -0.554356028 -0.271684523 0.770452803 -0.158994946
1642689836.640835047 -0.190845045 1.165068919 0.654989993 -0.551447426 -0.273523780 0.771818196 -0.159333455
1642689836.649168015 -0.187445683 1.161850594 0.659311129 -0.548203477 -0.275406173 0.773430105 -0.159468682
1642689836.657500982 -0.184017323 1.158663716 0.663717188 -0.545006817 -0.277392486 0.774940436 -0.159650552
1642689836.665833950 -0.180565579 1.155483013 0.668200349 -0.541769464 -0.279638627 0.776333868 -0.159980662
1642689836.674168110 -0.177093365 1.152351240 0.672781863 -0.538677829 -0.281934028 0.777590218 -0.160289903
1642689836.682501078 -0.173666362 1.149279934 0.677455522 -0.535850462 -0.284334260 0.778567029 -0.160784617
1642689836.690834999 -0.169873522 1.146255971 0.682080021 -0.531752606 -0.286924234 0.780432312 -0.160745315
1642689836.699167967 -0.166218699 1.143262861 0.686821049 -0.528210923 -0.289628803 0.781793937 -0.160955327
1642689836.707500935 -0.162478263 1.140368292 0.691597613 -0.524371019 -0.292390553 0.783314704 -0.161123786
1642689836.715833902 -0.158862147 1.137476751 0.696520450 -0.521197954 -0.295324796 0.784266167 -0.161438959
1642689836.724168062 -0.155180425 1.134734289 0.701457056 -0.517798809 -0.298142322 0.785385639 -0.161755827
1642689836.732501030 -0.151468161 1.132026018 0.706429813 -0.514569897 -0.301018283 0.786380533 -0.161899573
1642689836.740833998 -0.147716205 1.129406913 0.711439249 -0.511361931 -0.303875579 0.787366690 -0.161933020
1642689836.749167919 -0.143926120 1.126868868 0.716478735 -0.508270772 -0.306687045 0.788309927 -0.161775578
1642689836.757500887 -0.140085961 1.124427693 0.721535145 -0.505242702 -0.309463706 0.789216840 -0.161551253
1642689836.765835047 -0.136157635 1.122090657 0.726607651 -0.502109205 -0.312185086 0.790229504 -0.161133951
1642689836.774168015 -0.132023243 1.119861944 0.731638339 -0.498219708 -0.315084362 0.791726456 -0.160212941
1642689836.782500982 -0.127937076 1.117746463 0.736683282 -0.494890360 -0.317654946 0.792927206 -0.159515868
1642689836.790833950 -0.123787974 1.115753946 0.741727202 -0.491623571 -0.319885558 0.794230373 -0.158674539
1642689836.799168110 -0.119574003 1.113895177 0.746751653 -0.488249820 -0.321890204 0.795692514 -0.157709331
1642689836.807501078 -0.115316923 1.112177105 0.751768440 -0.484898525 -0.323727903 0.797169299 -0.156827210
1642689836.815834999 -0.111016454 1.110583930 0.756798310 -0.481548043 -0.325249855 0.798790071 -0.155751202
1642689836.824167967 -0.106618553 1.109094423 0.761801784 -0.477902543 -0.326666272 0.800626418 -0.154582165
1642689836.832500935 -0.102278809 1.107697845 0.766859653 -0.474664361 -0.327666347 0.802428249 -0.153092832
1642689836.840833902 -0.097996281 1.106624073 0.771920168 -0.471379860 -0.327594397 0.804783551 -0.151017796
1642689836.849168062 -0.093647932 1.105517817 0.776963823 -0.467980146 -0.328313168 0.806682254 -0.149895921
1642689836.857501030 -0.089268779 1.104525145 0.781983204 -0.464456723 -0.329012215 0.808629199 -0.148827865
1642689836.865833998 -0.084646483 1.103573929 0.786934705 -0.460205259 -0.329868088 0.810970822 -0.147392300
1642689836.874167919 -0.080237040 1.102754136 0.791919874 -0.456552699 -0.330401216 0.813050227 -0.146095851
1642689836.882500887 -0.075837412 1.102023828 0.796891028 -0.452886804 -0.330890885 0.815129659 -0.144804708
1642689836.890835047 -0.071414347 1.101363608 0.801818742 -0.449075922 -0.331640062 0.817142639 -0.143609168
1642689836.899168015 -0.066953138 1.100843134 0.806725625 -0.445065335 -0.332482602 0.819144157 -0.142741084
1642689836.907500982 -0.062393077 1.100392660 0.811580128 -0.440495828 -0.333597875 0.821283627 -0.142017910
1642689836.915833950 -0.058083513 1.100127982 0.816447317 -0.437079065 -0.333563240 0.823276040 -0.141117038
1642689836.924168110 -0.053757965 1.099920933 0.821273117 -0.433465540 -0.333528537 0.825384243 -0.140025685
1642689836.932501078 -0.049428786 1.099800840 0.826078375 -0.429700274 -0.333697557 0.827470667 -0.138909721
1642689836.940834999 -0.044943185 1.099729372 0.830783817 -0.425103034 -0.334435842 0.829818447 -0.137264064
1642689836.949167967 -0.040478011 1.099731459 0.835435762 -0.420713030 -0.335608716 0.831685831 -0.136623623
1642689836.957500935 -0.036102197 1.099824423 0.840056278 -0.416503653 -0.336139662 0.833772491 -0.135492688
1642689836.965833902 -0.031786098 1.100034021 0.844654137 -0.412460562 -0.336588634 0.835768176 -0.134446763
1642689836.974168062 -0.027413630 1.100359297 0.849121545 -0.407694932 -0.337150493 0.838066632 -0.133261803
1642689836.982501030 -0.023103320 1.100811654 0.853552324 -0.403044122 -0.337525913 0.840319879 -0.132265624
1642689836.990833998 -0.018858844 1.101425670 0.857937879 -0.398409777 -0.337409421 0.842756875 -0.131093026
1642689836.999167919 -0.014798913 1.102368984 0.862353846 -0.394054202 -0.335454802 0.845914343 -0.128919683
1642689837.007500887 -0.010670203 1.103204386 0.866580292 -0.389461924 -0.335439482 0.848191049 -0.127951976
1642689837.015835047 -0.006578865 1.104166362 0.870734188 -0.384798752 -0.335301963 0.850533472 -0.126867363
1642689837.024168015 -0.002514508 1.105271348 0.874777441 -0.380005511 -0.335121844 0.852923449 -0.125740808
1642689837.032500982 0.001436747 1.106471190 0.878800224 -0.375267744 -0.334997869 0.855202428 -0.124817284
1642689837.040833950 0.005261917 1.107821709 0.882718407 -0.370820945 -0.334648220 0.857409672 -0.123899357
1642689837.049168110 0.009044523 1.109261062 0.886558917 -0.366218681 -0.334358101 0.859633131 -0.122961042
1642689837.057501078 0.012729302 1.110845435 0.890291053 -0.361755245 -0.333842057 0.861862905 -0.121962929
1642689837.065834999 0.016499655 1.112511963 0.893800918 -0.356720925 -0.333129046 0.864447412 -0.120440407
1642689837.074167967 0.019923174 1.114357795 0.897394571 -0.352882309 -0.332412127 0.866412302 -0.119607592
1642689837.082500935 0.023311046 1.116305162 0.900850627 -0.348971952 -0.331665810 0.868419366 -0.118592464
1642689837.090833902 0.026514700 1.118390691 0.904247968 -0.345688696 -0.330786254 0.870161310 -0.117894335
1642689837.099168062 0.029437431 1.120659700 0.907625403 -0.343232690 -0.329736350 0.871566890 -0.117628299
1642689837.107501030 0.032516903 1.122998400 0.910769272 -0.340049160 -0.328436705 0.873433691 -0.116659708
1642689837.115833998 0.035435246 1.125437638 0.913833476 -0.337391433 -0.326912013 0.875139460 -0.115872696
1642689837.124167919 0.038096732 1.128047521 0.916866130 -0.335674274 -0.324191595 0.876916376 -0.115066331
1642689837.132500887 0.040662202 1.130905867 0.919838978 -0.333552260 -0.319500454 0.879844439 -0.111964781
1642689837.140835047 0.043631186 1.133360884 0.922348369 -0.330321979 -0.321626391 0.880134733 -0.113166716
1642689837.149168015 0.046335373 1.136145048 0.924885688 -0.327320900 -0.320229446 0.881970010 -0.111548341
1642689837.157500982 0.048772986 1.139058144 0.927401783 -0.325385047 -0.318291262 0.883528757 -0.110418201
1642689837.165833950 0.051060074 1.142016483 0.929833074 -0.324184670 -0.315878612 0.884944369 -0.109537512
1642689837.174168110 0.053261101 1.145113284 0.932131542 -0.322457344 -0.314116706 0.886322770 -0.108553690
1642689837.182501078 0.055356660 1.148315989 0.934324017 -0.320688880 -0.312313360 0.887725157 -0.107531642
1642689837.190834999 0.057381279 1.151616371 0.936381058 -0.318641448 -0.310675813 0.889188752 -0.106261615
1642689837.199167967 0.059103142 1.155046976 0.938449319 -0.317774520 -0.308573081 0.890288639 -0.105774036
1642689837.207500935 0.060837739 1.158593227 0.940361337 -0.316106549 -0.306746403 0.891620305 -0.104864318
1642689837.215833902 0.062448010 1.162233221 0.942207674 -0.314548353 -0.305062501 0.892852117 -0.103977408
1642689837.224168062 0.064062293 1.165983276 0.943925458 -0.312351708 -0.303585411 0.894277118 -0.102668133
1642689837.232501030 0.065507128 1.169888620 0.945569501 -0.310291165 -0.301846267 0.895707662 -0.101567755
1642689837.240833998 0.066773284 1.173888573 0.947256519 -0.308933282 -0.299429302 0.897109474 -0.100483395
1642689837.249167919 0.067981387 1.177965970 0.948808885 -0.307384938 -0.297796344 0.898269941 -0.099714342
1642689837.257500887 0.069041194 1.182161110 0.950291958 -0.305942183 -0.296065425 0.899397786 -0.099137620
1642689837.265835047 0.070049031 1.186443226 0.951653796 -0.304112236 -0.294430160 0.900634522 -0.098407760
1642689837.274168015 0.070897002 1.190848424 0.952945043 -0.302348442 -0.292653662 0.901873724 -0.097790798
1642689837.282500982 0.071534804 1.195373761 0.954220564 -0.300989668 -0.290899145 0.902933172 -0.097440211
1642689837.290833950 0.072158500 1.199942320 0.955288456 -0.299086459 -0.288956307 0.904274837 -0.096636233
1642689837.299168110 0.072676346 1.204583290 0.956259943 -0.297236872 -0.286941464 0.905626719 -0.095682202
1642689837.307501078 0.073046781 1.209282383 0.957173914 -0.295648028 -0.285019339 0.906868033 -0.094586418
1642689837.315834999 0.073299349 1.214045844 0.958036828 -0.294317478 -0.283067024 0.908028071 -0.093462853
1642689837.324167967 0.073386543 1.218858659 0.958838378 -0.293409486 -0.281095870 0.909048613 -0.092339617
1642689837.332500935 0.073286793 1.223709951 0.959628465 -0.293251650 -0.278838190 0.909886939 -0.091424789
1642689837.340833902 0.073247825 1.228650762 0.960179823 -0.291586332 -0.277231711 0.911099759 -0.089538927
1642689837.349168062 0.072977337 1.233588875 0.960690939 -0.290882294 -0.275284744 0.912040916 -0.088244931
1642689837.357501030 0.072463134 1.238633078 0.961173668 -0.290831449 -0.273092555 0.912798112 -0.087390683
1642689837.365833998 0.071801370 1.243774095 0.961586968 -0.290693792 -0.270785935 0.913606429 -0.086575913
1642689837.374167919 0.071088641 1.248855502 0.961796132 -0.290477710 -0.268614342 0.914437141 -0.085286284
1642689837.382500887 0.070375641 1.253936160 0.961776575 -0.289442297 -0.266823702 0.915474915 -0.083270332
1642689837.390835047 0.069473963 1.259096725 0.961591227 -0.288939656 -0.264399526 0.916483359 -0.081639568
1642689837.399168015 0.068271667 1.264247090 0.961526896 -0.289836238 -0.262015587 0.916982474 -0.080535272
1642689837.407500982 0.067159281 1.269339739 0.961253709 -0.289687498 -0.260044238 0.917775822 -0.078394438
1642689837.415833950 0.065811299 1.274460202 0.960975039 -0.290417245 -0.257846055 0.918308280 -0.076701618
1642689837.424168110 0.064340917 1.279571913 0.960631460 -0.291424303 -0.255593401 0.918763064 -0.074955464
1642689837.432501078 0.062744205 1.284673461 0.960216868 -0.292717685 -0.253259194 0.919134935 -0.073260553
1642689837.440834999 0.061051087 1.289768566 0.959651432 -0.293753553 -0.251059094 0.919552150 -0.071428464
1642689837.449167967 0.059132982 1.294900949 0.958998461 -0.295364300 -0.248532542 0.919828017 -0.070056591
1642689837.457500935 0.057187619 1.299968188 0.958229437 -0.296785417 -0.246191323 0.920135494 -0.068256284
1642689837.465833902 0.055073171 1.305021853 0.957386207 -0.298669463 -0.243719513 0.920300163 -0.066670538
1642689837.474168062 0.052666366 1.310108569 0.956549103 -0.301807277 -0.240803101 0.920099032 -0.065909074
1642689837.482501030 0.050355774 1.315084997 0.955462737 -0.303731222 -0.238510261 0.920185005 -0.064185327
1642689837.490833998 0.048007064 1.320001036 0.954239614 -0.305310075 -0.236603964 0.920298410 -0.062089918
1642689837.499167919 0.045240570 1.324930994 0.953074468 -0.309057401 -0.234260285 0.919693713 -0.061393135
1642689837.507500887 0.042496570 1.329814038 0.951760087 -0.311885475 -0.231986521 0.919401290 -0.060091370
1642689837.515835047 0.039650203 1.334630262 0.950335718 -0.314768730 -0.229860734 0.919034641 -0.058821916
1642689837.524168015 0.036795481 1.339346695 0.948770603 -0.317391902 -0.227891854 0.918724038 -0.057217356
1642689837.532500982 0.033891110 1.343987191 0.947059058 -0.319565473 -0.226343217 0.918467582 -0.055353032
1642689837.540833950 0.030738490 1.348609642 0.945321662 -0.322835376 -0.224322293 0.917884294 -0.054270169
1642689837.549168110 0.027401797 1.353238266 0.943527616 -0.326755353 -0.221997242 0.917103035 -0.053574131
1642689837.557501078 0.024169312 1.357713292 0.941510689 -0.329647823 -0.220092251 0.916616642 -0.052015816
1642689837.565834999 0.020674985 1.362255845 0.939498205 -0.333387977 -0.218027872 0.915798600 -0.051275989
1642689837.574167967 0.016933198 1.366799391 0.937485739 -0.337890038 -0.215775116 0.914690735 -0.051110488
1642689837.582500935 0.013371198 1.371106324 0.935336367 -0.341475715 -0.214185427 0.913790737 -0.050054258
1642689837.590833902 0.009829452 1.375291018 0.933050707 -0.344971718 -0.212298452 0.912980549 -0.048891702
1642689837.599168062 0.006191075 1.379474866 0.930506436 -0.347964734 -0.210060993 0.912412999 -0.047931640
1642689837.607501030 0.002409281 1.383573991 0.928031610 -0.351478732 -0.208268443 0.911515938 -0.047176814
1642689837.615833998 -0.001449573 1.387631153 0.925495464 -0.355191524 -0.206285497 0.910559815 -0.046541369
1642689837.624167919 -0.005499655 1.391663654 0.922979820 -0.359967616 -0.203998885 0.909203500 -0.046440993
1642689837.632500887 -0.009433018 1.395565968 0.920261780 -0.363661413 -0.202050386 0.908204829 -0.045716604
1642689837.640835047 -0.013426538 1.399412715 0.917487386 -0.367544024 -0.199896013 0.907157323 -0.044928457
1642689837.649168015 -0.017458788 1.403248159 0.914630181 -0.371371956 -0.196802699 0.906343447 -0.043510041
1642689837.657500982 -0.021490600 1.406896632 0.911644091 -0.375258393 -0.194981721 0.905168083 -0.042825325
1642689837.665833950 -0.025524241 1.410446947 0.908557750 -0.379094606 -0.193111118 0.904006062 -0.042052526
1642689837.674168110 -0.029603282 1.413919504 0.905392718 -0.382937891 -0.191172851 0.902835717 -0.041221117
1642689837.682501078 -0.033726652 1.417317957 0.902141534 -0.386858398 -0.189216983 0.901608882 -0.040483794
1642689837.690834999 -0.037874494 1.420646903 0.898821816 -0.390749599 -0.187274532 0.900370706 -0.039693738
1642689837.699167967 -0.042057397 1.423889186 0.895404314 -0.394627176 -0.185425608 0.899089720 -0.039043713
1642689837.707500935 -0.046287013 1.427046298 0.891913722 -0.398509792 -0.183665081 0.897765128 -0.038403881
1642689837.715833902 -0.050519232 1.430117688 0.888338322 -0.402365878 -0.181933051 0.896422508 -0.037798838
1642689837.724168062 -0.054791564 1.433092764 0.884680550 -0.406177498 -0.180296171 0.895056063 -0.037252863
1642689837.732501030 -0.059114212 1.435964390 0.880963516 -0.410172288 -0.178759358 0.893559353 -0.036816698
1642689837.740833998 -0.063431490 1.438689832 0.877157608 -0.414034547 -0.177335028 0.892084337 -0.036238342
1642689837.749167919 -0.067668189 1.441246215 0.873256884 -0.417238394 -0.176422783 0.890813783 -0.035184196
1642689837.757500887 -0.071937434 1.443665836 0.869309461 -0.420563136 -0.175646937 0.889441053 -0.034196716
1642689837.765835047 -0.076331924 1.446031807 0.865321691 -0.424480277 -0.174355266 0.887849992 -0.033750974
1642689837.774168015 -0.080812584 1.448296253 0.861278093 -0.428628954 -0.173026919 0.886122538 -0.033552245
1642689837.782500982 -0.085367908 1.450501217 0.857179961 -0.433075354 -0.171391836 0.884267974 -0.033774635
1642689837.790833950 -0.089749290 1.452430980 0.852987134 -0.436305331 -0.170759476 0.882825672 -0.033131444
1642689837.799168110 -0.094290175 1.454308073 0.848746705 -0.440226149 -0.169598986 0.881101088 -0.033135993
1642689837.807501078 -0.098959208 1.456127155 0.844452572 -0.444625036 -0.168053504 0.879161053 -0.033799985
1642689837.815834999 -0.103564865 1.457739776 0.840087806 -0.448446142 -0.167050310 0.877398806 -0.034082066
1642689837.824167967 -0.108152675 1.459179370 0.835650963 -0.452062129 -0.166242524 0.875687703 -0.034268073
1642689837.832500935 -0.112691259 1.460438249 0.831165287 -0.455304843 -0.165788585 0.874095503 -0.034186209
1642689837.840833902 -0.117448361 1.461683533 0.826636611 -0.459556042 -0.164501866 0.872075710 -0.035090403
1642689837.849168062 -0.122082921 1.462699639 0.822048526 -0.463115004 -0.163845092 0.870300335 -0.035448616
1642689837.857501030 -0.126674884 1.463577908 0.817416248 -0.466353176 -0.163480735 0.868626660 -0.035728005
1642689837.865833998 -0.131398078 1.464375656 0.812682991 -0.470314719 -0.162263703 0.866680456 -0.036599780
1642689837.874167919 -0.136060557 1.465023600 0.807902306 -0.473855627 -0.161507087 0.864863748 -0.037242485
1642689837.882500887 -0.140749225 1.465573228 0.803061810 -0.477484349 -0.160779014 0.862964193 -0.038099964
1642689837.890835047 -0.145414796 1.465954367 0.798146338 -0.480919034 -0.160107572 0.861147550 -0.038824547
1642689837.899168015 -0.149930292 1.466105629 0.793184499 -0.483630950 -0.160199295 0.859605725 -0.038926688
1642689837.907500982 -0.154648541 1.466296903 0.788159669 -0.487243833 -0.159425097 0.857656952 -0.040020484
1642689837.915833950 -0.159322958 1.466331549 0.783064381 -0.490633504 -0.158829594 0.855784235 -0.041052014
1642689837.924168110 -0.164008403 1.466274029 0.777907100 -0.493952506 -0.158184308 0.853936019 -0.042212807
1642689837.932501078 -0.168765850 1.466116240 0.772780943 -0.497798513 -0.157472154 0.851758207 -0.043670557
1642689837.940834999 -0.173403616 1.465736834 0.767623180 -0.501091933 -0.157259370 0.849815283 -0.044613342
1642689837.949167967 -0.178030650 1.465261254 0.762406475 -0.504356879 -0.157006898 0.847872900 -0.045656517
1642689837.957500935 -0.182686180 1.464659186 0.757168584 -0.507835712 -0.156765359 0.845772753 -0.046861094
1642689837.965833902 -0.187303267 1.463881349 0.751849140 -0.511371013 -0.157012982 0.843530205 -0.047993790
1642689837.974168062 -0.191899496 1.463032007 0.746548973 -0.514764709 -0.156854639 0.841413573 -0.049367159
1642689837.982501030 -0.196480945 1.462034471 0.741213652 -0.518240638 -0.156757441 0.839207450 -0.050838978
1642689837.990833998 -0.201019185 1.460899830 0.735854147 -0.521651946 -0.156635637 0.837025192 -0.052281470
1642689837.999167919 -0.205620532 1.459725509 0.730470549 -0.525266977 -0.156537925 0.834660985 -0.054143532
1642689838.007500887 -0.209991782 1.458289165 0.725093797 -0.528452707 -0.156529599 0.832568735 -0.055367159
1642689838.015835047 -0.214392348 1.456735999 0.719701867 -0.531757709 -0.156582669 0.830348754 -0.056890715
1642689838.024168015 -0.218773967 1.455074339 0.714329340 -0.535117933 -0.156604092 0.828069463 -0.058522815
1642689838.032500982 -0.223063440 1.453256379 0.708975880 -0.538253385 -0.156775049 0.825894551 -0.060025559
1642689838.040833950 -0.227335845 1.451296725 0.703660315 -0.541426278 -0.157078917 0.823649988 -0.061518263
1642689838.049168110 -0.231553983 1.449202688 0.698344756 -0.544351121 -0.157422467 0.821538870 -0.063038943
1642689838.057501078 -0.235540926 1.446906118 0.693026590 -0.546563423 -0.158029811 0.819864104 -0.064170507
1642689838.065834999 -0.239781103 1.444601435 0.687841376 -0.549720527 -0.158518680 0.817503488 -0.066084923
1642689838.074167967 -0.244162164 1.442318549 0.682656438 -0.553366279 -0.158718035 0.814769086 -0.068888914
1642689838.082500935 -0.248248045 1.439721227 0.677547565 -0.556045436 -0.159542567 0.812627314 -0.070685863
1642689838.090833902 -0.252333854 1.437062774 0.672473651 -0.558993918 -0.160056685 0.810337374 -0.072532742
1642689838.099168062 -0.256363179 1.434282386 0.667420533 -0.561873448 -0.160642841 0.808047686 -0.074505322
1642689838.107501030 -0.260329199 1.431339995 0.662409951 -0.564640250 -0.161403700 0.805795154 -0.076317781
1642689838.115833998 -0.264279740 1.428249840 0.657447333 -0.567425668 -0.162413218 0.803432804 -0.078395073
1642689838.124167919 -0.268160768 1.425037627 0.652531047 -0.570048652 -0.163621398 0.801119234 -0.080501830
1642689838.132500887 -0.271997994 1.421743461 0.647686175 -0.572575090 -0.164908098 0.798836644 -0.082602072
1642689838.140835047 -0.275804513 1.418382621 0.642912848 -0.575113195 -0.166332319 0.796471263 -0.084922902
1642689838.149168015 -0.279521053 1.414946131 0.638194616 -0.577474487 -0.167779469 0.794206331 -0.087232854
1642689838.157500982 -0.283143858 1.411418591 0.633533945 -0.579645702 -0.169439192 0.792005545 -0.089601549
1642689838.165833950 -0.286763950 1.407872435 0.628965984 -0.582128002 -0.170842310 0.789583021 -0.092187567
1642689838.174168110 -0.290239264 1.404248750 0.624462573 -0.584292130 -0.172251433 0.787390471 -0.094595964
1642689838.182501078 -0.293661537 1.400563029 0.620044147 -0.586498117 -0.173625763 0.785143025 -0.097079780
1642689838.190834999 -0.296980533 1.396814451 0.615718123 -0.588560086 -0.175014552 0.782974273 -0.099590257
1642689838.199167967 -0.300243563 1.393007536 0.611508549 -0.590826254 -0.176269655 0.780653238 -0.102146309
1642689838.207500935 -0.303380168 1.389177141 0.607362936 -0.592803458 -0.177409860 0.778549107 -0.104742971
1642689838.215833902 -0.306376724 1.385269888 0.603311708 -0.594501423 -0.178604296 0.776647202 -0.107180630
1642689838.224168062 -0.309244913 1.381326699 0.599352372 -0.595906049 -0.179946006 0.774905509 -0.109712660
1642689838.232501030 -0.312223101 1.377379305 0.595552968 -0.597998491 -0.181138642 0.772586090 -0.112682434
1642689838.240833998 -0.314925195 1.373296004 0.591860675 -0.599550326 -0.182500056 0.770689656 -0.115198048
1642689838.249167919 -0.317449475 1.369173468 0.588271367 -0.600678965 -0.183894441 0.769106838 -0.117653251
1642689838.257500887 -0.319827427 1.365001109 0.584793733 -0.601548916 -0.185323533 0.767739829 -0.119873454
1642689838.265835047 -0.322166066 1.360775814 0.581485606 -0.602764668 -0.186742133 0.766067037 -0.122243306
1642689838.274168015 -0.324308295 1.356507704 0.578270728 -0.603603287 -0.188112765 0.764719200 -0.124423487
1642689838.282500982 -0.326331628 1.352198168 0.575178848 -0.604426126 -0.189438734 0.763398135 -0.126512101
1642689838.290833950 -0.328277554 1.347869202 0.572203127 -0.605322493 -0.190606037 0.762043459 -0.128622646
1642689838.299168110 -0.330086212 1.343488874 0.569356451 -0.606159835 -0.191797523 0.760742400 -0.130594665
1642689838.307501078 -0.331797521 1.339062063 0.566620023 -0.606994481 -0.193008911 0.759431103 -0.132550598
1642689838.315834999 -0.333415834 1.334627683 0.564026501 -0.607743705 -0.194195767 0.758171019 -0.134581942
1642689838.324167967 -0.334907798 1.330143894 0.561531294 -0.608403026 -0.195418985 0.756982412 -0.136509363
1642689838.332500935 -0.336379956 1.325653123 0.559170188 -0.609282436 -0.196589910 0.755594574 -0.138579075
1642689838.340833902 -0.337726737 1.321117714 0.556934562 -0.610051693 -0.197921573 0.754258726 -0.140562290
1642689838.349168062 -0.338989591 1.316528118 0.554841548 -0.610829839 -0.199277742 0.752907510 -0.142497617
1642689838.357501030 -0.340172597 1.311904058 0.552841655 -0.611694757 -0.200586335 0.751508137 -0.144326600
1642689838.365833998 -0.341305174 1.307216519 0.550963936 -0.612676667 -0.202040266 0.749950888 -0.146221402
1642689838.374167919 -0.342356686 1.302496877 0.549205419 -0.613763982 -0.203437625 0.748307499 -0.148131003
1642689838.382500887 -0.343331365 1.297719725 0.547588862 -0.614934070 -0.204875014 0.746588237 -0.149961071
1642689838.390835047 -0.344244241 1.292909743 0.546089525 -0.616178148 -0.206246895 0.744819409 -0.151758878
1642689838.399168015 -0.345044707 1.288004716 0.544762879 -0.617314103 -0.207774909 0.743089132 -0.153529892
1642689838.407500982 -0.345729243 1.283038331 0.543577162 -0.618360211 -0.209336228 0.741443333 -0.155147596
1642689838.415833950 -0.346254286 1.277984058 0.542563462 -0.619199603 -0.211022325 0.739969828 -0.156544188
1642689838.424168110 -0.346764224 1.272924337 0.541655855 -0.620246756 -0.212639678 0.738280257 -0.158178986
1642689838.432501078 -0.347175260 1.267843263 0.540882885 -0.621274820 -0.214169895 0.736637594 -0.159730738
1642689838.440834999 -0.347501178 1.262726589 0.540274806 -0.622328679 -0.215754190 0.734935081 -0.161330630
1642689838.449167967 -0.347666853 1.257621177 0.539780474 -0.623159361 -0.217266548 0.733447830 -0.162855577
1642689838.457500935 -0.347723651 1.252533791 0.539400152 -0.623856956 -0.218752594 0.732040994 -0.164516821
1642689838.465833902 -0.347646196 1.247480934 0.539146077 -0.624427960 -0.220162897 0.730752631 -0.166188490
1642689838.474168062 -0.347437127 1.242442983 0.539058382 -0.624760328 -0.221634753 0.729636589 -0.167877982
1642689838.482501030 -0.347200241 1.237490489 0.539082881 -0.625179936 -0.223010629 0.728386711 -0.169909108
1642689838.490833998 -0.346713012 1.232547830 0.539275605 -0.625055651 -0.224492582 0.727650820 -0.171559896
1642689838.499167919 -0.346163781 1.227692972 0.539588599 -0.624990871 -0.225787585 0.726851501 -0.173474130
1642689838.507500887 -0.345438690 1.222894351 0.540039804 -0.624650384 -0.227098201 0.726322692 -0.175196039
1642689838.515835047 -0.344482888 1.218109426 0.540619710 -0.623896175 -0.228463594 0.726183421 -0.176679338
1642689838.524168015 -0.343518375 1.213432799 0.541307807 -0.623394192 -0.229703135 0.725793430 -0.178437797
1642689838.532500982 -0.342457786 1.208846264 0.542142121 -0.622842963 -0.230803277 0.725470509 -0.180247139
1642689838.540833950 -0.341235078 1.204329381 0.543087555 -0.622082951 -0.231909415 0.725346778 -0.181941961
1642689838.549168110 -0.339973541 1.199878452 0.544185601 -0.621454296 -0.233065080 0.725081668 -0.183662194
1642689838.557501078 -0.338612673 1.195512774 0.545471279 -0.620735969 -0.234126300 0.724934084 -0.185316771
1642689838.565834999 -0.337122037 1.191174667 0.546897767 -0.619832571 -0.235326868 0.724927232 -0.186840459
1642689838.574167967 -0.335586231 1.186951280 0.548477522 -0.618958633 -0.236411900 0.724900434 -0.188464810
1642689838.582500935 -0.333994474 1.182747057 0.550206446 -0.618061944 -0.237603262 0.724875741 -0.189998114
1642689838.590833902 -0.332176652 1.178529040 0.552164740 -0.616752217 -0.238969549 0.725276602 -0.191008134
1642689838.599168062 -0.330398772 1.174426275 0.554229677 -0.615588250 -0.240206774 0.725489035 -0.192399255
1642689838.607501030 -0.328531765 1.170335328 0.556446450 -0.614260423 -0.241724430 0.725773118 -0.193666759
1642689838.615833998 -0.326649707 1.166262300 0.558811716 -0.613075772 -0.243259546 0.725922948 -0.194932716
1642689838.624167919 -0.324676359 1.162203952 0.561333227 -0.611715198 -0.244976982 0.726215496 -0.195963896
1642689838.632500887 -0.322688244 1.158187459 0.563991667 -0.610466299 -0.246773549 0.726368748 -0.197033386
1642689838.640835047 -0.320567374 1.154092921 0.566822335 -0.609071620 -0.248788609 0.726642909 -0.197803116
1642689838.649168015 -0.318476919 1.150107854 0.569773408 -0.607745467 -0.250740663 0.726863439 -0.198605407
1642689838.657500982 -0.316351486 1.146113897 0.572850251 -0.606728614 -0.252759970 0.726797192 -0.199395657
1642689838.665833950 -0.314160841 1.142192710 0.576090461 -0.605607431 -0.254936459 0.726831128 -0.199908863
1642689838.674168110 -0.311880299 1.138307644 0.579479150 -0.604189243 -0.257432453 0.727049107 -0.200208611
1642689838.682501078 -0.309750206 1.134462872 0.582966439 -0.603894111 -0.259345389 0.726431060 -0.200872565
1642689838.690834999 -0.307349580 1.130684275 0.586579102 -0.602848308 -0.261553134 0.726462086 -0.201039082
1642689838.699167967 -0.304905256 1.126979051 0.590290838 -0.601949012 -0.263720332 0.726384560 -0.201182616
1642689838.707500935 -0.302323627 1.123326264 0.594130779 -0.600858964 -0.265896782 0.726530840 -0.201048114
1642689838.715833902 -0.299527735 1.119683716 0.598122794 -0.599331979 -0.268334827 0.727008476 -0.200639668
1642689838.724168062 -0.296776635 1.116167910 0.602158766 -0.598385418 -0.270396637 0.727073232 -0.200462128
1642689838.732501030 -0.293864276 1.112687071 0.606334460 -0.597042947 -0.272603813 0.727482687 -0.199989552
1642689838.740833998 -0.290873358 1.109294569 0.610583132 -0.595701488 -0.274701726 0.727888222 -0.199643273
1642689838.749167919 -0.287683598 1.105970738 0.614951627 -0.593972134 -0.276909935 0.728629447 -0.199040497
1642689838.757500887 -0.284409707 1.102724552 0.619411219 -0.592223933 -0.278986378 0.729419774 -0.198454547
1642689838.765835047 -0.281033338 1.099601189 0.623948944 -0.590419686 -0.280862450 0.730292384 -0.197974523
1642689838.774168015 -0.277558446 1.096561132 0.628607109 -0.588279323 -0.282819147 0.731392678 -0.197498147
1642689838.782500982 -0.273899384 1.093585280 0.633380677 -0.585638458 -0.284864683 0.732899273 -0.196820642
1642689838.790833950 -0.270236535 1.090736085 0.638190088 -0.583301739 -0.286698469 0.734123785 -0.196533298
1642689838.799168110 -0.266510566 1.088017549 0.643076361 -0.580831196 -0.288382793 0.735477224 -0.196325593
1642689838.807501078 -0.262595462 1.085369497 0.648097346 -0.577825300 -0.290174051 0.737274755 -0.195813379
1642689838.815834999 -0.258540201 1.082752485 0.653215538 -0.574580890 -0.292073026 0.739205721 -0.195256370
1642689838.824167967 -0.254428064 1.080235026 0.658459864 -0.571142747 -0.293942231 0.741096679 -0.195370518
1642689838.832500935 -0.250243341 1.077843089 0.663753449 -0.567595197 -0.295815223 0.743208821 -0.194858139
1642689838.840833902 -0.245992282 1.075547191 0.669132124 -0.563941453 -0.297643681 0.745399627 -0.194313337
1642689838.849168062 -0.241715956 1.073333367 0.674587070 -0.560224665 -0.299502305 0.747577138 -0.193843020
1642689838.857501030 -0.237289124 1.071187474 0.680101688 -0.556301611 -0.301333615 0.749922191 -0.193244086
1642689838.865833998 -0.232839781 1.069132115 0.685689073 -0.552366750 -0.303215571 0.752207258 -0.192705816
1642689838.874167919 -0.228313504 1.067153157 0.691327088 -0.548357704 -0.305047461 0.754575300 -0.192005188
1642689838.882500887 -0.223741126 1.065274031 0.697025680 -0.544370654 -0.306772123 0.756941261 -0.191288743
1642689838.890835047 -0.219085988 1.063462286 0.702762960 -0.540280094 -0.308564897 0.759344487 -0.190475915
1642689838.899168015 -0.214395938 1.061744620 0.708537127 -0.536215878 -0.310250383 0.761757243 -0.189586747
1642689838.907500982 -0.209664711 1.060099820 0.714345174 -0.532235311 -0.311905278 0.764093409 -0.188684745
1642689838.915833950 -0.204862703 1.058522498 0.720174669 -0.528158424 -0.313544312 0.766507538 -0.187629523
1642689838.924168110 -0.200067474 1.057028975 0.726031046 -0.524324724 -0.315130731 0.768735781 -0.186605213
1642689838.932501078 -0.195290275 1.055611223 0.731896545 -0.520919208 -0.316308390 0.770799420 -0.185635221
1642689838.940834999 -0.190445756 1.054299352 0.737798640 -0.517303150 -0.317755777 0.772937114 -0.184382576
1642689838.949167967 -0.185464445 1.053049314 0.743693346 -0.513354858 -0.319314110 0.775260308 -0.182966511
1642689838.957500935 -0.180357013 1.051955673 0.749544021 -0.509031751 -0.320685849 0.777944639 -0.181244041
1642689838.965833902 -0.175163235 1.050873374 0.755436627 -0.504335006 -0.322416442 0.780749254 -0.179232927
1642689838.974168062 -0.170117955 1.049867984 0.761379676 -0.500478069 -0.323699841 0.783067855 -0.177608701
1642689838.982501030 -0.164993747 1.048901312 0.767311529 -0.496431715 -0.325047368 0.785500755 -0.175750747
1642689838.990833998 -0.159867763 1.048045748 0.773258807 -0.492435003 -0.326251297 0.787894320 -0.174041375
1642689838.999167919 -0.154667553 1.047276091 0.779183419 -0.488183469 -0.327523042 0.790365723 -0.172416885
1642689839.007500887 -0.149376161 1.046572590 0.785066286 -0.483714585 -0.329414784 0.792550819 -0.171374737
1642689839.015835047 -0.144102570 1.046165217 0.790903018 -0.479220446 -0.330928422 0.794994356 -0.169758999
1642689839.024168015 -0.138882373 1.045728878 0.796861720 -0.474675300 -0.330919225 0.797994968 -0.168463221
1642689839.032500982 -0.133662505 1.045289812 0.802654396 -0.470185972 -0.331875344 0.800583329 -0.166883916
1642689839.040833950 -0.128101683 1.044837989 0.808327104 -0.464689094 -0.333606512 0.803383913 -0.165363328
1642689839.049168110 -0.122732510 1.044652241 0.814020779 -0.459582156 -0.334498789 0.806243691 -0.163908245
1642689839.057501078 -0.117373753 1.044576724 0.819692089 -0.454466995 -0.335323965 0.809030074 -0.162751121
1642689839.065834999 -0.111993666 1.044584979 0.825305151 -0.449131008 -0.336174224 0.811908497 -0.161470809
1642689839.074167967 -0.106646925 1.044698947 0.830881682 -0.443726059 -0.336948775 0.814789022 -0.160285861
1642689839.082500935 -0.101309287 1.044887509 0.836402170 -0.438115065 -0.337882862 0.817644136 -0.159211900
1642689839.090833902 -0.095972368 1.045174114 0.841876900 -0.432604647 -0.338579006 0.820551574 -0.157837230
1642689839.099168062 -0.090870917 1.045561660 0.847420170 -0.427995929 -0.339267611 0.822846184 -0.156974935
1642689839.107501030 -0.085211406 1.045978829 0.852626476 -0.421228143 -0.339907992 0.826516152 -0.154597733
1642689839.115833998 -0.079945790 1.046537359 0.857939696 -0.415919835 -0.340632114 0.829164938 -0.153186032
1642689839.124167919 -0.074707026 1.047157667 0.863195625 -0.410748447 -0.341226530 0.831771274 -0.151679649
1642689839.132500887 -0.069440763 1.047857802 0.868348410 -0.405235533 -0.342020055 0.834433956 -0.150088033
1642689839.140835047 -0.064113956 1.048629069 0.873428047 -0.399279603 -0.342926279 0.837264902 -0.148205431
1642689839.149168015 -0.058788950 1.049481451 0.878424669 -0.393065664 -0.344049312 0.840106487 -0.146118256
1642689839.157500982 -0.053661862 1.050433166 0.883506689 -0.387966495 -0.344787627 0.842433503 -0.144600426
1642689839.165833950 -0.048693889 1.051479906 0.888538285 -0.383300195 -0.345354083 0.844505796 -0.143601804
1642689839.174168110 -0.043451232 1.052613415 0.893427538 -0.377137465 -0.346671100 0.847091387 -0.141501460
1642689839.182501078 -0.038354389 1.053892508 0.898303240 -0.371492251 -0.347488211 0.849582754 -0.139479727
1642689839.190834999 -0.033464336 1.055602569 0.903223979 -0.366266217 -0.346234389 0.852844482 -0.136481116
1642689839.199167967 -0.028540619 1.057101692 0.907944115 -0.361000872 -0.346398794 0.855456909 -0.133715083
1642689839.207500935 -0.023626912 1.058654796 0.912576355 -0.355803187 -0.346708652 0.857958403 -0.130784484
1642689839.215833902 -0.018710092 1.060226765 0.917041385 -0.350364884 -0.347822810 0.860097876 -0.128434357
1642689839.224168062 -0.013470625 1.061335276 0.921046273 -0.344066731 -0.353604656 0.860295188 -0.128351164
1642689839.232501030 -0.008518855 1.063155879 0.925173981 -0.338061708 -0.354123694 0.862918642 -0.125228223
1642689839.240833998 -0.003909167 1.065299175 0.929433874 -0.333027507 -0.354198906 0.865188618 -0.122818851
1642689839.249167919 0.000226429 1.068172020 0.933978208 -0.328858190 -0.350485171 0.868677343 -0.120050445
1642689839.257500887 0.004693697 1.070575584 0.938000811 -0.323802886 -0.350376433 0.870946737 -0.117642798
1642689839.265835047 0.009052606 1.073150774 0.941919525 -0.318956939 -0.349886581 0.873252323 -0.115222528
1642689839.274168015 0.013141392 1.075881635 0.945826772 -0.315293816 -0.348670610 0.875282861 -0.113571689
1642689839.282500982 0.017330733 1.078758378 0.949527536 -0.310584991 -0.348007054 0.877552909 -0.111035784
1642689839.290833950 0.021501438 1.081756557 0.953027697 -0.305533837 -0.347156048 0.880010818 -0.108225286
1642689839.299168110 0.025719355 1.084892284 0.956264173 -0.299394374 -0.346815009 0.882652404 -0.104914686
1642689839.307501078 0.029761485 1.088134780 0.959408392 -0.294279965 -0.345899776 0.885024731 -0.102390788
1642689839.315834999 0.033684255 1.091433820 0.962454420 -0.289756318 -0.347605890 0.885826200 -0.102583450
1642689839.324167967 0.037443618 1.095027489 0.965412191 -0.285155606 -0.346403886 0.887997581 -0.100751791
1642689839.332500935 0.041177647 1.098707974 0.968217577 -0.280463407 -0.345385294 0.890067759 -0.099139598
1642689839.340833902 0.045085385 1.102308836 0.970754452 -0.275048646 -0.345848416 0.891606266 -0.098870533
1642689839.349168062 0.048608225 1.106224940 0.973343966 -0.270594373 -0.344424876 0.893688063 -0.097323356
1642689839.357501030 0.052024638 1.110238164 0.975832786 -0.266368041 -0.342792236 0.895719595 -0.096062253
1642689839.365833998 0.055194722 1.114379439 0.978315104 -0.263305335 -0.340593435 0.897481916 -0.095878173
1642689839.374167919 0.058441101 1.118580622 0.980556920 -0.259156620 -0.338641949 0.899574529 -0.094472979
1642689839.382500887 0.061377826 1.123115173 0.982824716 -0.255565370 -0.333416735 0.902893854 -0.091117022
1642689839.390835047 0.064484537 1.127563312 0.984790191 -0.251103840 -0.330652707 0.905248720 -0.090224183
1642689839.399168015 0.067530883 1.131900138 0.986620794 -0.247034909 -0.328881440 0.907073837 -0.089598024
1642689839.407500982 0.070467312 1.136327044 0.988317178 -0.243098953 -0.326989479 0.908909724 -0.088678597
1642689839.415833950 0.073312945 1.140796181 0.989912821 -0.239320458 -0.324952267 0.910721726 -0.087850323
1642689839.424168110 0.076041230 1.145283194 0.991437205 -0.235780754 -0.322657494 0.912539522 -0.087012633
1642689839.432501078 0.078680140 1.149808876 0.992887315 -0.232332381 -0.320158107 0.914374730 -0.086251410
1642689839.440834999 0.081217430 1.154326242 0.994263129 -0.229102875 -0.317632264 0.916140411 -0.085488977
1642689839.449167967 0.083571160 1.158950971 0.995652258 -0.226394313 -0.314985806 0.917750225 -0.085229581
1642689839.457500935 0.085985911 1.163500002 0.996711769 -0.222736808 -0.312003847 0.919754797 -0.084220115
1642689839.465833902 0.088141013 1.168092413 0.997973430 -0.220430956 -0.309137883 0.921317899 -0.083769275
1642689839.474168062 0.090148422 1.172756428 0.999065612 -0.217952608 -0.306126912 0.922947037 -0.083377109
1642689839.482501030 0.091994533 1.177481723 1.000084508 -0.215665996 -0.302992675 0.924539180 -0.083131957
1642689839.490833998 0.093661397 1.182262399 1.001028094 -0.213578787 -0.299840351 0.926052057 -0.083111095
1642689839.499167919 0.095262065 1.187059148 1.001799181 -0.210904417 -0.296896379 0.927646292 -0.082729826
1642689839.507500887 0.096618785 1.191874771 1.002612142 -0.209230372 -0.293728353 0.929017847 -0.082898406
1642689839.515835047 0.097898169 1.196694595 1.003296579 -0.207095666 -0.290795743 0.930427427 -0.082789038
1642689839.524168015 0.098678796 1.201597910 1.004260001 -0.207608618 -0.286968713 0.931337706 -0.084603177
1642689839.532500982 0.099565399 1.206467147 1.004948326 -0.206334643 -0.283831690 0.932523403 -0.085239021
1642689839.540833950 0.100288819 1.211381268 1.005657779 -0.205272778 -0.280632375 0.933648227 -0.086078712
1642689839.549168110 0.100868944 1.216321047 1.006342822 -0.204333716 -0.277571678 0.934680505 -0.087029016
1642689839.557501078 0.101327956 1.221301921 1.006970773 -0.203202092 -0.274697347 0.935697994 -0.087860925
1642689839.565834999 0.101979810 1.226277154 1.007240737 -0.199650059 -0.272868108 0.937092351 -0.086837639
1642689839.574167967 0.101926579 1.231407178 1.007981502 -0.200272871 -0.269319651 0.937749448 -0.089351417
1642689839.582500935 0.101785585 1.236553765 1.008665769 -0.200868276 -0.266216532 0.938304268 -0.091464717
1642689839.590833902 0.101663838 1.241696799 1.009151337 -0.200382081 -0.263457360 0.939052774 -0.092828489
1642689839.599168062 0.101407538 1.246858249 1.009572159 -0.199996983 -0.260877203 0.939710744 -0.094276236
1642689839.607501030 0.101063263 1.252019815 1.009930465 -0.199633691 -0.258425867 0.940319980 -0.095712045
1642689839.615833998 0.100617200 1.257167996 1.010244848 -0.199377299 -0.256089222 0.940866443 -0.097145966
1642689839.624167919 0.100085548 1.262307034 1.010540986 -0.199257108 -0.253841185 0.941352475 -0.098573705
1642689839.632500887 0.099528244 1.267378956 1.010774221 -0.198985357 -0.251684119 0.941861911 -0.099780122
1642689839.640835047 0.098913671 1.272386959 1.011010544 -0.198875719 -0.249697034 0.942299367 -0.100855056
1642689839.649168015 0.098271055 1.277328004 1.011236156 -0.198785667 -0.247869358 0.942696836 -0.101821978
1642689839.657500982 0.097593205 1.282182409 1.011462572 -0.198797336 -0.246164670 0.943046986 -0.102688641
1642689839.665833950 0.096920568 1.286915526 1.011679443 -0.198670331 -0.244765621 0.943373732 -0.103275810
1642689839.674168110 0.096213782 1.291551652 1.011918750 -0.198649531 -0.243506088 0.943647663 -0.103789390
1642689839.682501078 0.095491334 1.296075949 1.012167959 -0.198632957 -0.242358301 0.943905462 -0.104162766
1642689839.690834999 0.094766300 1.300491194 1.012435240 -0.198611702 -0.241463426 0.944108882 -0.104437663
1642689839.699167967 0.094147904 1.304740177 1.012609998 -0.197725259 -0.240977308 0.944473355 -0.103945853
1642689839.707500935 0.093270461 1.308911636 1.013025698 -0.198889659 -0.239904942 0.944414549 -0.104736253
1642689839.715833902 0.092541461 1.312905845 1.013295709 -0.198845560 -0.239485915 0.944539506 -0.104652093
1642689839.724168062 0.091937678 1.316707369 1.013442500 -0.197875313 -0.239392790 0.944863747 -0.103773565
1642689839.732501030 0.091208957 1.320368539 1.013663525 -0.197841352 -0.239099781 0.944972233 -0.103525714
1642689839.740833998 0.090322454 1.323894518 1.013989683 -0.199006632 -0.238516667 0.944818089 -0.104042968
1642689839.749167919 0.089611992 1.327212216 1.014130831 -0.198875446 -0.238451286 0.944908214 -0.103624360
1642689839.757500887 0.089021304 1.330301526 1.014129711 -0.197875111 -0.238819448 0.945147980 -0.102498815
1642689839.765835047 0.088211844 1.333216283 1.014273209 -0.198793430 -0.239026333 0.944847663 -0.103007178
1642689839.774168015 0.087505309 1.335996349 1.014268669 -0.198865256 -0.238892001 0.944927059 -0.102450357
1642689839.782500982 0.086785084 1.338678803 1.014197677 -0.199017001 -0.238134303 0.945179836 -0.101584276
1642689839.790833950 0.086122952 1.341064791 1.014006646 -0.198986476 -0.237979286 0.945302535 -0.100863065
1642689839.799168110 0.085429675 1.343244553 1.013780605 -0.199325044 -0.237868868 0.945329179 -0.100203153
1642689839.807501078 0.084745566 1.345238880 1.013445241 -0.199534596 -0.237652083 0.945411108 -0.099525223
1642689839.815834999 0.084186012 1.346984058 1.012926979 -0.198939048 -0.237707466 0.945664645 -0.098167181
1642689839.824167967 0.083336656 1.348626447 1.012579457 -0.200584689 -0.236909202 0.945488685 -0.098442674
1642689839.832500935 0.082658641 1.350002695 1.012009799 -0.200994167 -0.236490756 0.945570080 -0.097829905
1642689839.840833902 0.081928197 1.351194136 1.011422347 -0.201727972 -0.236005192 0.945568809 -0.097503856
1642689839.849168062 0.081227273 1.352169598 1.010753278 -0.202375720 -0.235464997 0.945600553 -0.097159136
1642689839.857501030 0.080518093 1.352926828 1.010038625 -0.203029460 -0.234861365 0.945644923 -0.096823851
1642689839.865833998 0.079967848 1.353403391 1.009143782 -0.202463094 -0.234801638 0.945887976 -0.095774861
1642689839.874167919 0.079232701 1.353724099 1.008376489 -0.203216687 -0.234333343 0.945839767 -0.095801870
1642689839.882500887 0.078462530 1.353820926 1.007630821 -0.204243306 -0.233780743 0.945737964 -0.095973643
1642689839.890835047 0.077659614 1.353788827 1.006896370 -0.205078440 -0.232627982 0.945814385 -0.096240349
1642689839.899168015 0.076911654 1.353423744 1.006052626 -0.205507468 -0.232481335 0.945726418 -0.096543527
1642689839.907500982 0.076132290 1.352828038 1.005210225 -0.205961785 -0.232439096 0.945590198 -0.097010244
1642689839.915833950 0.075300344 1.352013934 1.004378313 -0.206559319 -0.232512646 0.945363756 -0.097767505
1642689839.924168110 0.074377851 1.351003340 1.003595900 -0.207715007 -0.232529987 0.944969207 -0.099083195
1642689839.932501078 0.073602893 1.349673662 1.002638222 -0.207527907 -0.233099600 0.944811423 -0.099639950
1642689839.940834999 0.072783113 1.348109723 1.001691122 -0.207612942 -0.233694325 0.944552901 -0.100516898
1642689839.949167967 0.071872076 1.346320676 1.000802557 -0.208142998 -0.234478679 0.944097604 -0.101862430
1642689839.957500935 0.071024862 1.344224638 0.999839628 -0.208218979 -0.235590628 0.943680714 -0.102998174
1642689839.965833902 0.070202452 1.341784194 0.998820357 -0.208173510 -0.237866348 0.942976346 -0.104302445
1642689839.974168062 0.069358870 1.339164809 0.997873094 -0.208437490 -0.239523011 0.942347058 -0.105662494
1642689839.982501030 0.068596422 1.336248594 0.996851160 -0.208321499 -0.241500727 0.941738110 -0.106812380
1642689839.990833998 0.067904881 1.332988280 0.995809038 -0.208322183 -0.244356955 0.940846633 -0.108162652
1642689839.999167919 0.067258159 1.329559696 0.994696146 -0.208170840 -0.246688613 0.940180161 -0.108953635
1642689840.007500887 0.066603977 1.325917908 0.993559090 -0.208423828 -0.249177399 0.939354229 -0.109926175
1642689840.015835047 0.065900311 1.322089506 0.992422745 -0.209411231 -0.251445347 0.938370276 -0.111280720
1642689840.024168015 0.065503189 1.317986758 0.990975125 -0.208415727 -0.254525102 0.937794120 -0.111004709
1642689840.032500982 0.064950614 1.313777052 0.989559283 -0.208695068 -0.257142081 0.936942640 -0.111636944
1642689840.040833950 0.064273216 1.309462252 0.988175243 -0.209999001 -0.259456008 0.935850714 -0.112988676
1642689840.049168110 0.063727919 1.304969749 0.986605080 -0.210351233 -0.262156014 0.934956298 -0.113504643
1642689840.057501078 0.063199860 1.300383231 0.984950586 -0.210671644 -0.264784309 0.934081258 -0.114012858
1642689840.065834999 0.062646783 1.295697995 0.983228998 -0.211042909 -0.267461836 0.933171569 -0.114524579
1642689840.074167967 0.062092973 1.290964650 0.981457325 -0.211410552 -0.270060845 0.932275960 -0.115040221
1642689840.082500935 0.061520058 1.286140988 0.979611248 -0.211735876 -0.272656570 0.931395404 -0.115450923
1642689840.090833902 0.060942333 1.281274819 0.977645469 -0.211723837 -0.275047146 0.930659832 -0.115734014
1642689840.099168062 0.060232040 1.276456000 0.975811432 -0.212570406 -0.277657269 0.929587759 -0.116562692
1642689840.107501030 0.059495384 1.271624371 0.973892140 -0.213296031 -0.280050294 0.928617348 -0.117245287
1642689840.115833998 0.058751798 1.266775205 0.971838165 -0.213755581 -0.282226725 0.927785816 -0.117771418
1642689840.124167919 0.057929384 1.261959176 0.969723379 -0.214189476 -0.284338403 0.926957184 -0.118426853
1642689840.132500887 0.057075940 1.257182499 0.967532843 -0.214511802 -0.286373977 0.926172040 -0.119079742
1642689840.140835047 0.056258546 1.252428845 0.965202589 -0.214034864 -0.288665765 0.925550346 -0.119238044
1642689840.149168015 0.055212263 1.247622116 0.963017579 -0.215538413 -0.289998644 0.924627865 -0.120446215
1642689840.157500982 0.054149064 1.242954692 0.960693759 -0.216067119 -0.291873231 0.923798557 -0.121331132
1642689840.165833950 0.053107045 1.238300897 0.958252966 -0.215904304 -0.293965089 0.923109815 -0.121811858
1642689840.174168110 0.051770718 1.233722816 0.955956605 -0.217424185 -0.295492332 0.922055707 -0.123386703
1642689840.182501078 0.050453324 1.229149851 0.953561022 -0.218244301 -0.297530156 0.921051285 -0.124538196
1642689840.190834999 0.049063059 1.224596083 0.951125115 -0.219127746 -0.299661681 0.919999460 -0.125645934
1642689840.199167967 0.047696252 1.220070097 0.948579377 -0.219220580 -0.302194452 0.919065250 -0.126253387
1642689840.207500935 0.046140407 1.215554205 0.946086147 -0.220282353 -0.304539548 0.917881592 -0.127376340
1642689840.215833902 0.044585597 1.211060746 0.943495237 -0.220861795 -0.307165709 0.916758250 -0.128154618
1642689840.224168062 0.042846798 1.206598818 0.940917453 -0.222146212 -0.309659988 0.915416487 -0.129516055
1642689840.232501030 0.041005756 1.202059369 0.938366248 -0.224321087 -0.311809636 0.913953320 -0.130935596
1642689840.240833998 0.039171714 1.197573835 0.935651209 -0.225696877 -0.314266438 0.912616540 -0.132017335
1642689840.249167919 0.037244311 1.193107940 0.932916806 -0.227287439 -0.316823356 0.911171630 -0.133152701
1642689840.257500887 0.034972463 1.188682297 0.930363673 -0.231197331 -0.318525669 0.909231557 -0.135599291
1642689840.265835047 0.032871749 1.184292198 0.927506055 -0.233172720 -0.320785334 0.907753626 -0.136786719
1642689840.274168015 0.030645735 1.179936539 0.924600720 -0.235311683 -0.323015560 0.906213682 -0.138080128
1642689840.282500982 0.028357454 1.175615584 0.921603528 -0.237385496 -0.325112291 0.904737740 -0.139282972
1642689840.290833950 0.025947746 1.171340922 0.918575713 -0.239754334 -0.327108914 0.903186681 -0.140610942
1642689840.299168110 0.023432742 1.167111752 0.915468969 -0.242136772 -0.328987302 0.901652733 -0.141984108
1642689840.307501078 0.020803343 1.162938048 0.912284694 -0.244575826 -0.330662514 0.900150272 -0.143437983
1642689840.315834999 0.018068668 1.158819417 0.909039942 -0.247113858 -0.332254654 0.898629599 -0.144935952
1642689840.324167967 0.015191250 1.154783663 0.905736677 -0.249913121 -0.333761095 0.897022805 -0.146618727
1642689840.332500935 0.012388295 1.150851080 0.902230354 -0.251628285 -0.335429604 0.895757611 -0.147609243
1642689840.340833902 0.009298013 1.147004948 0.898780491 -0.254563326 -0.336657844 0.894149515 -0.149518069
1642689840.349168062 0.006096910 1.143442792 0.895280297 -0.257370822 -0.337238281 0.892730068 -0.151867135
1642689840.357501030 0.002905533 1.139786587 0.891502751 -0.259437012 -0.339101647 0.891104879 -0.153735503
1642689840.365833998 -0.000583441 1.136200629 0.887880006 -0.263047783 -0.340091998 0.889267404 -0.156034549
1642689840.374167919 -0.004156522 1.132708266 0.884170770 -0.266550272 -0.341072930 0.887434134 -0.158369397
1642689840.382500887 -0.007751274 1.129304010 0.880353864 -0.269675690 -0.342039740 0.885731716 -0.160509082
1642689840.390835047 -0.011502558 1.126005795 0.876471560 -0.272952768 -0.342773049 0.883976747 -0.163059908
1642689840.399168015 -0.015350629 1.122803601 0.872513083 -0.276154578 -0.343512027 0.882201382 -0.165707146
1642689840.407500982 -0.019264982 1.119681937 0.868472256 -0.279235012 -0.344149767 0.880481290 -0.168349173
1642689840.415833950 -0.023281906 1.116680527 0.864363033 -0.282225216 -0.344705524 0.878742771 -0.171283894
1642689840.424168110 -0.027327098 1.113826664 0.860167273 -0.284814006 -0.345247885 0.877098051 -0.174309751
1642689840.432501078 -0.031444765 1.111113376 0.855890438 -0.287209437 -0.345679543 0.875506219 -0.177497190
1642689840.440834999 -0.035658123 1.108525758 0.851532126 -0.289518529 -0.346094132 0.873870009 -0.180967071
1642689840.449167967 -0.039793012 1.106108188 0.847029552 -0.290985910 -0.346470685 0.872537821 -0.184290572
1642689840.457500935 -0.043967908 1.103825772 0.842430383 -0.292205169 -0.346787716 0.871260992 -0.187773010
1642689840.465833902 -0.048208440 1.101697296 0.837736186 -0.293261359 -0.347134528 0.869973500 -0.191419709
1642689840.474168062 -0.052490155 1.099723907 0.832965301 -0.294186586 -0.347295896 0.868803572 -0.194987605
1642689840.482501030 -0.056838319 1.097801546 0.828072968 -0.295126449 -0.347754652 0.867495735 -0.198540250
1642689840.490833998 -0.061253576 1.095927965 0.823082270 -0.296257950 -0.348831104 0.865764225 -0.202485540
1642689840.499167919 -0.065874225 1.094091726 0.818081791 -0.298281636 -0.349225486 0.864006637 -0.206305979
1642689840.507500887 -0.070585071 1.092389743 0.813069106 -0.300664979 -0.349516770 0.862207428 -0.209849826
1642689840.515835047 -0.075356832 1.090773248 0.807985539 -0.303405408 -0.349459205 0.860497150 -0.212997835
1642689840.524168015 -0.080231388 1.089169270 0.802845012 -0.306746182 -0.349927966 0.858484537 -0.215549294
1642689840.532500982 -0.085323689 1.087707802 0.797756657 -0.311137162 -0.349001848 0.856602589 -0.218227821
1642689840.540833950 -0.090464214 1.086192303 0.792558280 -0.315978278 -0.349288913 0.853983926 -0.221057541
1642689840.549168110 -0.095770297 1.084714507 0.787359279 -0.322039061 -0.349320479 0.850954314 -0.223925884
1642689840.557501078 -0.101158004 1.083431793 0.782068616 -0.327966112 -0.349431190 0.847918790 -0.226649065
1642689840.565834999 -0.106420485 1.082186978 0.776637263 -0.333666712 -0.349331680 0.845177717 -0.228710580
1642689840.574167967 -0.111780954 1.081073804 0.771155300 -0.339775292 -0.348995998 0.842307946 -0.230806995
1642689840.582500935 -0.117148686 1.080132861 0.765600086 -0.345885055 -0.348439728 0.839482710 -0.232856317
1642689840.590833902 -0.122509449 1.079354285 0.759958920 -0.351826430 -0.347662359 0.836830273 -0.234657499
1642689840.599168062 -0.127936269 1.078702819 0.754292831 -0.358229241 -0.346662514 0.833984835 -0.236571780
1642689840.607501030 -0.133354143 1.078233944 0.748582326 -0.364634404 -0.345332246 0.831256119 -0.238328880
1642689840.615833998 -0.138704190 1.077916084 0.742795583 -0.370791688 -0.343879214 0.828656661 -0.239976559
1642689840.624167919 -0.144035861 1.077768207 0.736953466 -0.376842088 -0.342239663 0.826153766 -0.241520204
1642689840.632500887 -0.149333086 1.077815821 0.731093106 -0.382776616 -0.340444811 0.823749236 -0.242933302
1642689840.640835047 -0.154554425 1.077964137 0.725154147 -0.388365503 -0.338655746 0.821420549 -0.244443868
1642689840.649168015 -0.159777981 1.078174445 0.719170408 -0.393978431 -0.336864077 0.818987187 -0.246096683
1642689840.657500982 -0.164917567 1.078574617 0.713168655 -0.399062278 -0.335078617 0.816874849 -0.247360262
1642689840.665833950 -0.170032494 1.079090686 0.707158522 -0.403930896 -0.333332296 0.814818569 -0.248596283
1642689840.674168110 -0.175166312 1.079705917 0.701174062 -0.408915549 -0.331544699 0.812711351 -0.249732751
1642689840.682501078 -0.180456274 1.080372175 0.695270991 -0.414893424 -0.329819233 0.810000172 -0.250963028
1642689840.690834999 -0.185676748 1.081127571 0.689309057 -0.420342002 -0.328183329 0.807527046 -0.252008679
1642689840.699167967 -0.190898176 1.081997907 0.683357949 -0.425844520 -0.326514584 0.805050010 -0.252861923
1642689840.707500935 -0.196144467 1.082957185 0.677407918 -0.431483637 -0.324867160 0.802454308 -0.253673575
1642689840.715833902 -0.201412297 1.083960184 0.671465448 -0.437391942 -0.323309606 0.799651449 -0.254394865
1642689840.724168062 -0.206625040 1.085056140 0.665515496 -0.443140140 -0.321737074 0.796972155 -0.254847906
1642689840.732501030 -0.211890274 1.086204056 0.659583218 -0.449265839 -0.320271823 0.793972587 -0.255330565
1642689840.740833998 -0.217174600 1.087433851 0.653695569 -0.455656197 -0.318768460 0.790841802 -0.255603878
1642689840.749167919 -0.222476074 1.088700401 0.647870332 -0.462411507 -0.317366884 0.787417590 -0.255787801
1642689840.757500887 -0.227678172 1.090088845 0.642086278 -0.468730703 -0.316074827 0.784191274 -0.255797336
1642689840.765835047 -0.232782215 1.091533467 0.636381051 -0.474789050 -0.314960064 0.781068753 -0.255552576
1642689840.774168015 -0.237971504 1.093176441 0.630705055 -0.481196845 -0.313555959 0.777694310 -0.255585246
1642689840.782500982 -0.242960404 1.094869774 0.625082260 -0.487188499 -0.312299284 0.774599652 -0.255170342
1642689840.790833950 -0.247884059 1.096760767 0.619514432 -0.492936429 -0.311011290 0.771566828 -0.254892691
1642689840.799168110 -0.252785767 1.098867735 0.614002384 -0.498586312 -0.309488410 0.768606544 -0.254700988
1642689840.807501078 -0.257483218 1.101079221 0.608559424 -0.503657112 -0.308070443 0.765987339 -0.254333465
1642689840.815834999 -0.262170326 1.103533561 0.603157507 -0.508602118 -0.306484181 0.763346757 -0.254348307
1642689840.824167967 -0.266692173 1.106123381 0.597820595 -0.513148298 -0.304926307 0.761007532 -0.254099012
1642689840.832500935 -0.271141924 1.108898652 0.592525468 -0.517632447 -0.303155048 0.758662013 -0.254137002
1642689840.840833902 -0.275532936 1.111805142 0.587365731 -0.522305441 -0.301107596 0.756288490 -0.254084556
1642689840.849168062 -0.279753051 1.115023406 0.582320558 -0.526000257 -0.298566791 0.754922537 -0.253522314
1642689840.857501030 -0.283634180 1.118123405 0.577275468 -0.528951140 -0.297636414 0.753289302 -0.253334728
1642689840.865833998 -0.287520070 1.121575236 0.572397751 -0.531936045 -0.295791804 0.751997819 -0.253082068
1642689840.874167919 -0.291314620 1.125196444 0.567649531 -0.534617744 -0.294019816 0.750904851 -0.252741210
1642689840.882500887 -0.295005084 1.128918016 0.562988008 -0.537228459 -0.292200447 0.749901037 -0.252295296
1642689840.890835047 -0.298661806 1.132757165 0.558453356 -0.539908433 -0.290322821 0.748883835 -0.251762875
1642689840.899168015 -0.302247309 1.136703712 0.554013733 -0.542282379 -0.288189567 0.748409834 -0.250518094
1642689840.907500982 -0.305819101 1.140778879 0.549726037 -0.544885215 -0.286371739 0.747453924 -0.249807850
1642689840.915833950 -0.309312579 1.144951173 0.545550289 -0.547462837 -0.284544519 0.746552883 -0.248953110
1642689840.924168110 -0.312783435 1.149214155 0.541518312 -0.550053982 -0.282760060 0.745680772 -0.247886167
1642689840.932501078 -0.316214744 1.153562854 0.537634778 -0.552787504 -0.280990498 0.744734484 -0.246659410
1642689840.940834999 -0.319584873 1.157991690 0.533895381 -0.555478911 -0.279321306 0.743786589 -0.245365641
1642689840.949167967 -0.322931334 1.162500163 0.530286813 -0.558385214 -0.277628321 0.742752553 -0.243817787
1642689840.957500935 -0.326211541 1.167142341 0.526837834 -0.561249588 -0.275811609 0.741820857 -0.242133584
1642689840.965833902 -0.329482475 1.171834017 0.523531781 -0.564335692 -0.274144625 0.740657579 -0.240408615
1642689840.974168062 -0.332691285 1.176672923 0.520358002 -0.567340471 -0.272370124 0.739571090 -0.238692078
1642689840.982501030 -0.335842693 1.181679537 0.517265637 -0.570176382 -0.270510592 0.738611081 -0.237015999
1642689840.990833998 -0.338905270 1.186730849 0.514360785 -0.573073293 -0.268733456 0.737650150 -0.235035287
1642689840.999167919 -0.341983110 1.191931341 0.511591744 -0.575994238 -0.266898101 0.736570193 -0.233367505
1642689841.007500887 -0.345131968 1.197196850 0.508957137 -0.579244617 -0.265140740 0.735112831 -0.231916336
1642689841.015835047 -0.348431964 1.202799595 0.506350545 -0.582752508 -0.263005228 0.733454316 -0.230808428
1642689841.024168015 -0.351117489 1.208220531 0.504020157 -0.584964074 -0.261559362 0.732775943 -0.229004694
1642689841.032500982 -0.353895323 1.213910734 0.501786936 -0.587442630 -0.260003639 0.731831806 -0.227445536
1642689841.040833950 -0.356585441 1.219753493 0.499686769 -0.590014816 -0.258441818 0.730791106 -0.225908616
1642689841.049168110 -0.359101485 1.225686680 0.497763307 -0.592534385 -0.256953865 0.729845832 -0.224059759
1642689841.057501078 -0.361477783 1.231850523 0.495934405 -0.594951412 -0.255414393 0.728914660 -0.222440381
1642689841.065834999 -0.363828080 1.238144832 0.494276373 -0.598019381 -0.253806330 0.727411732 -0.220969092
1642689841.074167967 -0.365806772 1.244574479 0.492733885 -0.600152918 -0.252115255 0.726741644 -0.219319301
1642689841.082500935 -0.367709681 1.251119839 0.491343472 -0.602467558 -0.250260367 0.725902947 -0.217870380
1642689841.090833902 -0.369254288 1.257775271 0.490136798 -0.603809289 -0.248597205 0.725878667 -0.216134062
1642689841.099168062 -0.370707209 1.264486170 0.489114003 -0.605305859 -0.246698564 0.725767112 -0.214491805
1642689841.107501030 -0.371994809 1.271344472 0.488322788 -0.606440982 -0.244231799 0.726102049 -0.212969432
1642689841.115833998 -0.372976325 1.278199677 0.487670942 -0.606986541 -0.242197364 0.726858974 -0.211148780
1642689841.124167919 -0.373866698 1.284997424 0.487226051 -0.607533007 -0.240427096 0.727519767 -0.209316614
1642689841.132500887 -0.374630891 1.291848795 0.486999442 -0.607930996 -0.238455705 0.728335135 -0.207573390
1642689841.140835047 -0.375253269 1.298664132 0.486931769 -0.608143931 -0.236531107 0.729305367 -0.205736913
1642689841.149168015 -0.375704378 1.305448788 0.487079703 -0.608147443 -0.234707096 0.730430731 -0.203814167
1642689841.157500982 -0.376051839 1.312223442 0.487409338 -0.608165887 -0.232870020 0.731525771 -0.201930321
1642689841.165833950 -0.376260003 1.318909489 0.487961638 -0.608165240 -0.231183091 0.732618884 -0.199897449
1642689841.174168110 -0.376258968 1.325513115 0.488661267 -0.607978424 -0.229580900 0.733863081 -0.197736755
1642689841.182501078 -0.376081779 1.332108794 0.489571511 -0.607552562 -0.227840967 0.735407315 -0.195306064
1642689841.190834999 -0.375681542 1.338579818 0.490649823 -0.606860219 -0.226325509 0.737145762 -0.192648811
1642689841.199167967 -0.375195073 1.344933518 0.491929853 -0.606291783 -0.225048522 0.738697536 -0.189972069
1642689841.207500935 -0.374559184 1.351140429 0.493346704 -0.605831800 -0.224078479 0.740095117 -0.187125313
1642689841.215833902 -0.373783252 1.357294693 0.494991183 -0.605128307 -0.222777836 0.741784933 -0.184241366
1642689841.224168062 -0.372895124 1.363338405 0.496807929 -0.604421020 -0.221496144 0.743468208 -0.181300062
1642689841.232501030 -0.371869417 1.369308585 0.498748341 -0.603553916 -0.220083879 0.745306641 -0.178336108
1642689841.240833998 -0.370733185 1.375100589 0.500900782 -0.602625259 -0.218909096 0.747146845 -0.175194738
1642689841.249167919 -0.369579141 1.380797818 0.503187650 -0.602040764 -0.217644867 0.748682220 -0.172199195
1642689841.257500887 -0.368263985 1.386410456 0.505590307 -0.601181226 -0.216287407 0.750468679 -0.169108405
1642689841.265835047 -0.366878341 1.391908390 0.508102632 -0.600267968 -0.215017520 0.752196839 -0.166270104
1642689841.274168015 -0.365416375 1.397254785 0.510778192 -0.599555556 -0.213714277 0.753788759 -0.163284569
1642689841.282500982 -0.363827129 1.402498252 0.513531682 -0.598545383 -0.212446046 0.755554288 -0.160461271
1642689841.290833950 -0.362140662 1.407587061 0.516412047 -0.597592641 -0.211184077 0.757270447 -0.157562021
1642689841.299168110 -0.360408653 1.412584975 0.519376663 -0.596784936 -0.209794327 0.758819210 -0.155008023
1642689841.307501078 -0.358518535 1.417431447 0.522450940 -0.595708984 -0.208473538 0.760580693 -0.152271466
1642689841.315834999 -0.356502930 1.422151194 0.525626807 -0.594523511 -0.207181019 0.762399265 -0.149549926
1642689841.324167967 -0.354250223 1.426734250 0.528847530 -0.592617367 -0.206206570 0.764682830 -0.146777643
1642689841.332500935 -0.352034209 1.431251258 0.532163088 -0.591469505 -0.204819518 0.766423682 -0.144248152
1642689841.340833902 -0.349641472 1.435694381 0.535537995 -0.590104192 -0.203319029 0.768336682 -0.141764444
1642689841.349168062 -0.347119324 1.440110165 0.539016245 -0.588647033 -0.201187372 0.770477147 -0.139223840
1642689841.357501030 -0.344430595 1.444402769 0.542497365 -0.587131199 -0.199346985 0.772558166 -0.136717279
1642689841.365833998 -0.341578518 1.448619909 0.546034100 -0.585439395 -0.197373527 0.774797476 -0.134139020
1642689841.374167919 -0.338541562 1.452736035 0.549630039 -0.583573203 -0.195390317 0.777152931 -0.131522858
1642689841.382500887 -0.334994189 1.456687204 0.553283587 -0.580394094 -0.193534772 0.780572375 -0.128038095
1642689841.390835047 -0.331629024 1.460621388 0.556974643 -0.578155207 -0.191316037 0.783224548 -0.125275847
1642689841.399168015 -0.328093702 1.464450538 0.560717329 -0.575658249 -0.188999381 0.786065486 -0.122465777
1642689841.407500982 -0.324532445 1.468489458 0.564575092 -0.573335909 -0.184873358 0.789272121 -0.118984433
1642689841.415833950 -0.320733917 1.472004740 0.568353450 -0.570763558 -0.183034833 0.792028814 -0.115834232
1642689841.424168110 -0.316851023 1.475539469 0.572238813 -0.568069686 -0.180294069 0.795014980 -0.112880743
1642689841.432501078 -0.312835118 1.478947303 0.576168351 -0.565180708 -0.177657894 0.798097943 -0.109763899
1642689841.440834999 -0.308727170 1.482241519 0.580114255 -0.562198476 -0.174871355 0.801224969 -0.106730649
1642689841.449167967 -0.304555328 1.485391984 0.584090060 -0.559243337 -0.172129637 0.804272574 -0.103749234
1642689841.457500935 -0.300276151 1.488374546 0.588105202 -0.556076064 -0.169633119 0.807369352 -0.100790600
1642689841.465833902 -0.295961818 1.491225803 0.592150266 -0.552962314 -0.166933730 0.810428330 -0.097835227
1642689841.474168062 -0.291532267 1.493913153 0.596251563 -0.549504156 -0.164528608 0.813621998 -0.094840731
1642689841.482501030 -0.287120561 1.496494906 0.600436200 -0.546130048 -0.161697246 0.816753067 -0.092251821
1642689841.490833998 -0.282583722 1.498746288 0.604622162 -0.542502232 -0.160072947 0.819798793 -0.089431088
1642689841.499167919 -0.278189805 1.500977103 0.608869882 -0.539266954 -0.158460411 0.822491608 -0.087114893
1642689841.507500887 -0.273610292 1.502935153 0.613113875 -0.535430193 -0.157020869 0.825552134 -0.084395673
1642689841.515835047 -0.269111307 1.504781138 0.617414190 -0.531916693 -0.155546394 0.828339468 -0.081998022
1642689841.524168015 -0.264566867 1.506450224 0.621738971 -0.528170033 -0.154217188 0.831227326 -0.079464504
1642689841.532500982 -0.260063348 1.507975571 0.626096347 -0.524565492 -0.152926325 0.833971873 -0.077042181
1642689841.540833950 -0.255591489 1.509353749 0.630502249 -0.521012485 -0.151723736 0.836620479 -0.074780159
1642689841.549168110 -0.251192793 1.510606325 0.634893676 -0.517575687 -0.150446312 0.839142752 -0.072943518
1642689841.557501078 -0.246741245 1.511613490 0.639319256 -0.513969027 -0.149633562 0.841679290 -0.070863314
1642689841.565834999 -0.242299757 1.512435376 0.643752417 -0.510190755 -0.149041892 0.844243035 -0.068888359
1642689841.574167967 -0.238003718 1.513124566 0.648203155 -0.506966771 -0.148346376 0.846422263 -0.067434399
1642689841.582500935 -0.233513320 1.513497928 0.652649676 -0.503001183 -0.147977274 0.848998251 -0.065532481
1642689841.590833902 -0.229263469 1.513831115 0.657085150 -0.499651135 -0.147535393 0.851144624 -0.064303035
1642689841.599168062 -0.224942419 1.513917130 0.661526234 -0.495742508 -0.147439943 0.853553395 -0.062828578
1642689841.607501030 -0.220738526 1.513899194 0.665958626 -0.492181978 -0.147252020 0.855713102 -0.061877550
1642689841.615833998 -0.216554884 1.513711240 0.670340768 -0.488483041 -0.147126492 0.857918128 -0.060947511
1642689841.624167919 -0.212411120 1.513380443 0.674695192 -0.484745786 -0.147098767 0.860091249 -0.060220581
1642689841.632500887 -0.208300008 1.512864534 0.679004636 -0.480885150 -0.147124229 0.862298999 -0.059534616
1642689841.640835047 -0.204203827 1.512198117 0.683264033 -0.476834126 -0.147205852 0.864566214 -0.059033173
1642689841.649168015 -0.200228081 1.511389725 0.687505467 -0.473159522 -0.147262172 0.866588251 -0.058810909
1642689841.657500982 -0.196436647 1.510505253 0.691729058 -0.470339379 -0.146837141 0.868161653 -0.059288002
1642689841.665833950 -0.192562025 1.509438509 0.695834883 -0.466730930 -0.146809590 0.870094280 -0.059540969
1642689841.674168110 -0.188702871 1.508206366 0.699877890 -0.462897588 -0.146994641 0.872092924 -0.059768978
1642689841.682501078 -0.184787053 1.506778352 0.703871135 -0.458543309 -0.147643633 0.874288821 -0.059652734
1642689841.690834999 -0.181015524 1.505293275 0.707774554 -0.454715026 -0.147848962 0.876212350 -0.060223316
1642689841.699167967 -0.177319438 1.503691615 0.711614259 -0.451032051 -0.148030784 0.878030251 -0.060990615
1642689841.707500935 -0.173674967 1.501970243 0.715377086 -0.447347042 -0.148175908 0.879821453 -0.061957526
1642689841.715833902 -0.170101917 1.500167195 0.719039930 -0.443718168 -0.148307855 0.881547341 -0.063192193
1642689841.724168062 -0.166564732 1.498240791 0.722628771 -0.440103758 -0.148327827 0.883255095 -0.064559855
1642689841.732501030 -0.163017603 1.496158657 0.726118830 -0.436352193 -0.148400736 0.885007641 -0.065844213
1642689841.740833998 -0.159517274 1.493994350 0.729523602 -0.432609857 -0.148460168 0.886721977 -0.067323295
1642689841.749167919 -0.156044950 1.491685563 0.732877405 -0.428945132 -0.148522512 0.888370045 -0.068889764
1642689841.757500887 -0.152570703 1.489275207 0.736132195 -0.425211485 -0.148599319 0.890021695 -0.070532390
1642689841.765835047 -0.149124014 1.486753816 0.739334775 -0.421500999 -0.148657748 0.891636052 -0.072269864
1642689841.774168015 -0.145661490 1.484106546 0.742458817 -0.417732550 -0.148726995 0.893254364 -0.074002962
1642689841.782500982 -0.142194569 1.481334663 0.745505446 -0.413886088 -0.148926781 0.894861477 -0.075776366
1642689841.790833950 -0.138729170 1.478504324 0.748504630 -0.410014520 -0.148992342 0.896464931 -0.077717452
1642689841.799168110 -0.135226583 1.475535166 0.751424071 -0.405909264 -0.149125549 0.898157066 -0.079455174
1642689841.807501078 -0.131743521 1.472469264 0.754294638 -0.401852017 -0.149320088 0.899781206 -0.081315740
1642689841.815834999 -0.128252378 1.469291462 0.757125813 -0.397672624 -0.149490637 0.901451660 -0.083029743
1642689841.824167967 -0.124751088 1.465979453 0.759926280 -0.393438665 -0.149831475 0.903108296 -0.084569215
1642689841.832500935 -0.121264534 1.462535649 0.762720128 -0.389250896 -0.150612745 0.904607508 -0.086514723
1642689841.840833902 -0.117756575 1.458991405 0.765465669 -0.384996622 -0.151184784 0.906217820 -0.087692785
1642689841.849168062 -0.114234831 1.455264127 0.768174649 -0.380826740 -0.152861245 0.907555279 -0.089150719
1642689841.857501030 -0.110751337 1.451534285 0.770899510 -0.376756788 -0.153875086 0.908969897 -0.090280160
1642689841.865833998 -0.107265431 1.447727366 0.773583466 -0.372634350 -0.155023827 0.910377362 -0.091237678
1642689841.874167919 -0.103909441 1.443896518 0.776287871 -0.368837626 -0.156300464 0.911592086 -0.092351713
1642689841.882500887 -0.100472384 1.439911266 0.778937426 -0.364861558 -0.157804739 0.912853069 -0.093128843
1642689841.890835047 -0.097192331 1.435946130 0.781582550 -0.361187654 -0.159322906 0.913942281 -0.094176414
1642689841.899168015 -0.093984469 1.431971377 0.784193399 -0.357547499 -0.160949330 0.914985053 -0.095170642
1642689841.907500982 -0.090863691 1.427901324 0.786768728 -0.354140557 -0.162766912 0.915882883 -0.096176622
1642689841.915833950 -0.087840637 1.423823922 0.789303828 -0.350890013 -0.164531659 0.916703588 -0.097262856
1642689841.924168110 -0.084928979 1.419701851 0.791811564 -0.347894737 -0.166347012 0.917404770 -0.098317911
1642689841.932501078 -0.082105763 1.415517137 0.794255869 -0.345026711 -0.168291729 0.918024385 -0.099326187
1642689841.940834999 -0.079396517 1.411299880 0.796680318 -0.342478402 -0.170271167 0.918500304 -0.100366654
1642689841.949167967 -0.076787869 1.407042278 0.799057048 -0.340155013 -0.172225698 0.918887702 -0.101381794
1642689841.957500935 -0.074287024 1.402733390 0.801377440 -0.338083427 -0.174253930 0.919160208 -0.102370287
1642689841.965833902 -0.071883155 1.398377647 0.803615251 -0.336063154 -0.176441666 0.919371708 -0.103370971
1642689841.974168062 -0.069597038 1.393974650 0.805796478 -0.334320003 -0.178655753 0.919462311 -0.104409372
1642689841.982501030 -0.067444573 1.389555842 0.807881032 -0.332673162 -0.180957607 0.919467235 -0.105654699
1642689841.990833998 -0.065438157 1.385048587 0.809869432 -0.331335101 -0.183287946 0.919349199 -0.106862673
1642689841.999167919 -0.063516407 1.380595289 0.811693181 -0.329711896 -0.185605452 0.919296856 -0.108323459
1642689842.007500887 -0.061762879 1.376066805 0.813433207 -0.328375554 -0.187972822 0.919115566 -0.109828458
1642689842.015835047 -0.060161481 1.371513967 0.815115753 -0.327310491 -0.190422061 0.918779114 -0.111589519
1642689842.024168015 -0.058682411 1.366967824 0.816657785 -0.326142511 -0.192781744 0.918471758 -0.113471982
1642689842.032500982 -0.057302687 1.362440053 0.818091412 -0.324871729 -0.195167477 0.918172140 -0.115446688
1642689842.040833950 -0.056059509 1.357929359 0.819443501 -0.323685817 -0.197516770 0.917797775 -0.117736410
1642689842.049168110 -0.054849103 1.353422683 0.820644929 -0.322087331 -0.199905414 0.917578245 -0.119782061
1642689842.057501078 -0.053863997 1.348975636 0.821831181 -0.321232734 -0.202028145 0.917044882 -0.122567712
1642689842.065834999 -0.052900359 1.344506596 0.822871651 -0.319850611 -0.204315579 0.916680828 -0.125087931
1642689842.074167967 -0.051988265 1.340035785 0.823758301 -0.318079523 -0.206758077 0.916404679 -0.127589099
1642689842.082500935 -0.051262644 1.335605709 0.824591353 -0.316829387 -0.208991837 0.915896037 -0.130675177
1642689842.090833902 -0.050541672 1.331165107 0.825256850 -0.314950941 -0.211437524 0.915585774 -0.133427016
1642689842.099168062 -0.049955968 1.326747404 0.825825624 -0.313277443 -0.213691945 0.915183003 -0.136502992
1642689842.107501030 -0.049487102 1.322345805 0.826288910 -0.311773081 -0.215727291 0.914721395 -0.139800044
1642689842.115833998 -0.049103788 1.317961204 0.826645305 -0.309972890 -0.218490894 0.914097290 -0.143543307
1642689842.124167919 -0.048734086 1.313580817 0.826833608 -0.308027138 -0.220099289 0.913886392 -0.146585291
1642689842.132500887 -0.048471572 1.309296345 0.826931187 -0.305821140 -0.221893365 0.913686525 -0.149712057
1642689842.140835047 -0.048380436 1.305058287 0.826973687 -0.304059168 -0.223373741 0.913331713 -0.153223290
1642689842.149168015 -0.048349045 1.300851349 0.826902862 -0.302038729 -0.224923456 0.913031530 -0.156701854
1642689842.157500982 -0.048515499 1.296698617 0.826798909 -0.300705436 -0.226224049 0.912472659 -0.160600642
1642689842.165833950 -0.048645259 1.292492985 0.826534809 -0.298646354 -0.227779172 0.912161019 -0.163979508
1642689842.174168110 -0.048990050 1.288331674 0.826253023 -0.297436089 -0.229083559 0.911537613 -0.167784613
1642689842.182501078 -0.049305471 1.284109062 0.825836292 -0.295525547 -0.230810889 0.911111858 -0.171073574
1642689842.190834999 -0.049872125 1.279886737 0.825408755 -0.294707919 -0.232325619 0.910265276 -0.174897616
1642689842.199167967 -0.050404258 1.275618795 0.824846625 -0.293258771 -0.234234186 0.909605608 -0.178188881
1642689842.207500935 -0.051107277 1.271320234 0.824221756 -0.292392674 -0.236079478 0.908723107 -0.181646138
1642689842.215833902 -0.051921897 1.266992290 0.823542326 -0.291791361 -0.237972436 0.907727840 -0.185086707
1642689842.224168062 -0.052856175 1.262656222 0.822760212 -0.291344189 -0.240020163 0.906635138 -0.188471779
1642689842.232501030 -0.053925032 1.258280657 0.821928851 -0.291335687 -0.242036234 0.905374814 -0.191933387
1642689842.240833998 -0.055085380 1.253872852 0.821025502 -0.291550796 -0.244289247 0.904006399 -0.195175121
1642689842.249167919 -0.056343889 1.249437865 0.820032334 -0.291989041 -0.246523103 0.902575510 -0.198308370
1642689842.257500887 -0.057761953 1.244949781 0.819005534 -0.293112240 -0.248857044 0.900879185 -0.201425125
1642689842.265835047 -0.059252762 1.240430408 0.817884734 -0.294466524 -0.251320116 0.899122881 -0.204219761
1642689842.274168015 -0.060855641 1.235878257 0.816697779 -0.296231780 -0.253878753 0.897200882 -0.206936921
1642689842.282500982 -0.062553135 1.231278163 0.815441439 -0.298316326 -0.256665628 0.895154922 -0.209350878
1642689842.290833950 -0.064431401 1.226684536 0.814139207 -0.301067660 -0.259461788 0.892807961 -0.211971197
1642689842.299168110 -0.066294585 1.222070680 0.812742741 -0.303359324 -0.262530162 0.890658871 -0.213957495
1642689842.307501078 -0.068311602 1.217505945 0.811326412 -0.306080938 -0.265643412 0.888280090 -0.216116911
1642689842.315834999 -0.070477034 1.212979586 0.809880437 -0.309191139 -0.268759565 0.885752554 -0.218200709
1642689842.324167967 -0.072800655 1.208572615 0.808410705 -0.312733394 -0.271621721 0.883074752 -0.220450555
1642689842.332500935 -0.075174183 1.204306254 0.806876012 -0.316048702 -0.274288919 0.880544689 -0.222530576
1642689842.340833902 -0.077612422 1.199799729 0.805257406 -0.320087117 -0.278170985 0.877579022 -0.223651962
1642689842.349168062 -0.080112477 1.195521203 0.803491287 -0.323729527 -0.281331350 0.874862113 -0.225095864
1642689842.357501030 -0.082719891 1.191353662 0.801637320 -0.327665139 -0.284456976 0.872019228 -0.226500002
1642689842.365833998 -0.085342002 1.187293538 0.799669348 -0.331654114 -0.287227253 0.869278765 -0.227728968
1642689842.374167919 -0.087977608 1.183332936 0.797577533 -0.335653844 -0.289994631 0.866547871 -0.228767126
1642689842.382500887 -0.090622460 1.179483801 0.795377318 -0.339459401 -0.292792393 0.863861923 -0.229744441
1642689842.390835047 -0.093261997 1.175750434 0.793044302 -0.343080857 -0.295320261 0.861332214 -0.230625859
1642689842.399168015 -0.095889145 1.172143095 0.790623011 -0.346504140 -0.297718680 0.858917139 -0.231429942
1642689842.407500982 -0.098627026 1.168671301 0.788105243 -0.350256432 -0.299697286 0.856366997 -0.232674741
1642689842.415833950 -0.101180913 1.165372102 0.785438393 -0.352571549 -0.302086003 0.854456341 -0.233113085
1642689842.424168110 -0.103951617 1.162211553 0.782710282 -0.355713258 -0.303810705 0.852217816 -0.234290265
1642689842.432501078 -0.106778290 1.159215469 0.779873412 -0.358892403 -0.305327116 0.850006143 -0.235501914
1642689842.440834999 -0.109600709 1.156370061 0.776882606 -0.361690028 -0.306779786 0.847973042 -0.236660531
1642689842.449167967 -0.112312635 1.153647441 0.773688146 -0.363994795 -0.307950740 0.846364290 -0.237363895
1642689842.457500935 -0.115342555 1.151161462 0.770527172 -0.367016813 -0.309221176 0.844163022 -0.238892687
1642689842.465833902 -0.118285368 1.148794166 0.767266026 -0.369929677 -0.310368727 0.842131901 -0.240077381
1642689842.474168062 -0.121132485 1.146486950 0.763739459 -0.372301884 -0.311802953 0.840303677 -0.240956338
1642689842.482501030 -0.124323417 1.144359261 0.760304083 -0.375877280 -0.312610633 0.837994402 -0.242396876
1642689842.490833998 -0.127513552 1.142425073 0.756783787 -0.379169708 -0.313156902 0.835991105 -0.243478868
1642689842.499167919 -0.130732608 1.140631640 0.753197447 -0.382526371 -0.313762471 0.833947913 -0.244453606
1642689842.507500887 -0.134061032 1.138985715 0.749549534 -0.386236781 -0.314290412 0.831762708 -0.245384358
1642689842.515835047 -0.137416676 1.137502939 0.745836513 -0.390100308 -0.314722508 0.829563502 -0.246162321
1642689842.524168015 -0.140847474 1.136194624 0.742085803 -0.394195941 -0.314964594 0.827361213 -0.246739312
1642689842.532500982 -0.144312744 1.135064607 0.738273741 -0.398457902 -0.315076581 0.825153648 -0.247142681
1642689842.540833950 -0.147891853 1.134133597 0.734466936 -0.403096153 -0.315006795 0.822857040 -0.247367141
1642689842.549168110 -0.151657485 1.133320843 0.730723204 -0.408969981 -0.314781144 0.819921781 -0.247759276
1642689842.557501078 -0.155350092 1.132726293 0.726882855 -0.414203765 -0.314509501 0.817401863 -0.247736169
1642689842.565834999 -0.159082863 1.132346380 0.723029500 -0.419643338 -0.314091957 0.814801099 -0.247678984
1642689842.574167967 -0.162792495 1.132176940 0.719136130 -0.424995727 -0.313406114 0.812384318 -0.247359980
1642689842.582500935 -0.166475476 1.132183380 0.715186799 -0.430336336 -0.312735412 0.809983247 -0.246848818
1642689842.590833902 -0.170149850 1.132383878 0.711205105 -0.435778394 -0.311902867 0.807577789 -0.246235472
1642689842.599168062 -0.173787209 1.132775574 0.707176212 -0.441063714 -0.310904954 0.805311934 -0.245506821
1642689842.607501030 -0.177414848 1.133388590 0.703124205 -0.446285629 -0.309737394 0.803095215 -0.244805965
1642689842.615833998 -0.181017808 1.134186115 0.699035268 -0.451377771 -0.308466583 0.800994492 -0.243955528
1642689842.624167919 -0.184603799 1.135143505 0.694914429 -0.456398238 -0.307185369 0.798877152 -0.243172972
1642689842.632500887 -0.188132927 1.136279883 0.690780960 -0.461169816 -0.305685888 0.797021520 -0.242147136
1642689842.640835047 -0.191655644 1.137587437 0.686619754 -0.465822455 -0.304064641 0.795221755 -0.241198040
1642689842.649168015 -0.195205584 1.139047176 0.682474068 -0.470504018 -0.302455323 0.793333350 -0.240351705
1642689842.657500982 -0.198721508 1.140640903 0.678308813 -0.474972182 -0.300653894 0.791650597 -0.239369997
1642689842.665833950 -0.202217747 1.142371049 0.674152033 -0.479447275 -0.298760829 0.789959863 -0.238402374
1642689842.674168110 -0.205694961 1.144225540 0.669988835 -0.483829596 -0.296773919 0.788345650 -0.237371648
1642689842.682501078 -0.209164726 1.146359000 0.665852062 -0.488097759 -0.294376149 0.786902058 -0.236407300
1642689842.690834999 -0.212571284 1.148340661 0.661689111 -0.492410228 -0.292840185 0.785069467 -0.235462792
1642689842.699167967 -0.215974097 1.150455904 0.657536154 -0.496727449 -0.291210100 0.783257319 -0.234449337
1642689842.707500935 -0.219397326 1.152775157 0.653410428 -0.501113336 -0.288415580 0.782073922 -0.232512922
1642689842.715833902 -0.222871903 1.155320803 0.649352897 -0.505624638 -0.285197352 0.780842928 -0.230847389
1642689842.724168062 -0.226324391 1.157808747 0.645317491 -0.510542407 -0.282961435 0.778701354 -0.230007564
1642689842.732501030 -0.229550363 1.160440982 0.641221271 -0.514270721 -0.280970036 0.777343055 -0.228733994
1642689842.740833998 -0.232763800 1.163152049 0.637167016 -0.517970006 -0.278926760 0.775996550 -0.227456127
1642689842.749167919 -0.235920585 1.165978199 0.633130582 -0.521489152 -0.276650715 0.774837353 -0.226142706
1642689842.757500887 -0.239050218 1.168854403 0.629133161 -0.524965840 -0.274437495 0.773640074 -0.224891003
1642689842.765835047 -0.242160381 1.171795344 0.625165244 -0.528427123 -0.272140592 0.772454801 -0.223646717
1642689842.774168015 -0.245174028 1.174777274 0.621247490 -0.531527973 -0.269978926 0.771428779 -0.222456811
1642689842.782500982 -0.248183153 1.177778742 0.617383405 -0.534678116 -0.267926603 0.770281649 -0.221361307
1642689842.790833950 -0.251111602 1.180852004 0.613553961 -0.537466378 -0.265880239 0.769369664 -0.220245117
1642689842.799168110 -0.253992333 1.183917185 0.609777973 -0.540224692 -0.263980292 0.768432416 -0.219050929
1642689842.807501078 -0.256859240 1.187065596 0.606017085 -0.542893934 -0.262050133 0.767532333 -0.217922055
1642689842.815834999 -0.259753399 1.190183650 0.602343197 -0.545893925 -0.260157717 0.766310986 -0.216991375
1642689842.824167967 -0.262526433 1.193319566 0.598716976 -0.548436545 -0.258381969 0.765447685 -0.215745119
1642689842.832500935 -0.265297783 1.196484860 0.595158956 -0.551150011 -0.256657652 0.764393903 -0.214621705
1642689842.840833902 -0.268038258 1.199684285 0.591646731 -0.553835484 -0.254813677 0.763408992 -0.213407960
1642689842.849168062 -0.270733971 1.202876343 0.588199030 -0.556482705 -0.253050073 0.762417701 -0.212160101
1642689842.857501030 -0.273426223 1.206094036 0.584821469 -0.559182589 -0.251238906 0.761358483 -0.211014464
1642689842.865833998 -0.276080445 1.209336467 0.581514309 -0.561839157 -0.249501906 0.760302603 -0.209822576
1642689842.874167919 -0.278678354 1.212580380 0.578281426 -0.564395226 -0.247798839 0.759268242 -0.208723505
1642689842.882500887 -0.281366489 1.215886308 0.575071617 -0.567301649 -0.245899070 0.757965726 -0.207823110
1642689842.890835047 -0.283863355 1.219081061 0.572031273 -0.569929332 -0.244294137 0.756894002 -0.206427714
1642689842.899168015 -0.286311150 1.222365823 0.569028154 -0.572453766 -0.242634061 0.755874416 -0.205132310
1642689842.907500982 -0.288646765 1.225681878 0.566101479 -0.574742421 -0.241048245 0.755033197 -0.203695273
1642689842.915833950 -0.290962937 1.228991574 0.563246842 -0.577153303 -0.239343498 0.754108655 -0.202308902
1642689842.924168110 -0.293158103 1.232356163 0.560481388 -0.579244686 -0.237724580 0.753403999 -0.200860726
1642689842.932501078 -0.295264404 1.235740075 0.557789604 -0.581216832 -0.236031279 0.752845479 -0.199248375
1642689842.940834999 -0.297354838 1.239129728 0.555186748 -0.583244611 -0.234408601 0.752146534 -0.197873503
1642689842.949167967 -0.299372326 1.242585298 0.552610266 -0.585073697 -0.232678930 0.751617024 -0.196522603
1642689842.957500935 -0.301309576 1.246034043 0.550162097 -0.586837419 -0.231062914 0.751112722 -0.195093447
1642689842.965833902 -0.303118260 1.249495533 0.547801322 -0.588361603 -0.229487350 0.750800956 -0.193556463
1642689842.974168062 -0.304864749 1.252966271 0.545540890 -0.589676484 -0.228021609 0.750601657 -0.192054528
1642689842.982501030 -0.306518756 1.256514962 0.543349333 -0.590932479 -0.226383774 0.750485219 -0.190581029
1642689842.990833998 -0.308280411 1.260030488 0.541275138 -0.592991896 -0.224699651 0.749642092 -0.189492509
1642689842.999167919 -0.309750696 1.263611637 0.539240032 -0.593803077 -0.223147107 0.749817793 -0.188086554
1642689843.007500887 -0.311234682 1.267186287 0.537344933 -0.594914507 -0.221730450 0.749667278 -0.186845682
1642689843.015835047 -0.312542714 1.270789153 0.535506817 -0.595393972 -0.220294815 0.750047057 -0.185487534
1642689843.024168015 -0.313849176 1.274369893 0.533797843 -0.596170691 -0.218928626 0.750147623 -0.184199094
1642689843.032500982 -0.315013888 1.277953786 0.532134302 -0.596452642 -0.217572583 0.750638118 -0.182890222
1642689843.040833950 -0.316174115 1.281553090 0.530562469 -0.596908826 -0.216222941 0.750955213 -0.181696896
1642689843.049168110 -0.317281688 1.285142028 0.529098137 -0.597414391 -0.214966961 0.751204881 -0.180489551
1642689843.057501078 -0.318268500 1.288703548 0.527676162 -0.597632900 -0.213736764 0.751670791 -0.179283390
1642689843.065834999 -0.319179317 1.292292539 0.526307215 -0.597734971 -0.212428051 0.752232248 -0.178140040
1642689843.074167967 -0.320071801 1.295876400 0.525007381 -0.598038153 -0.211187586 0.752572651 -0.177156927
1642689843.082500935 -0.320943246 1.299361710 0.523868498 -0.598534233 -0.210191704 0.752692980 -0.176151917
1642689843.090833902 -0.321691943 1.302893331 0.522748125 -0.598728008 -0.208980588 0.753127251 -0.175074926
1642689843.099168062 -0.322273360 1.306405726 0.521675266 -0.598515882 -0.207869503 0.753878202 -0.173886933
1642689843.107501030 -0.322827082 1.309897101 0.520692860 -0.598477888 -0.206760460 0.754456572 -0.172828272
1642689843.115833998 -0.323335179 1.313358419 0.519783029 -0.598470282 -0.205633472 0.755010962 -0.171774981
1642689843.124167919 -0.323774430 1.316815485 0.518931290 -0.598457789 -0.204385129 0.755600312 -0.170713685
1642689843.132500887 -0.324128241 1.320285230 0.518142903 -0.598421759 -0.202980008 0.756265138 -0.169568736
1642689843.140835047 -0.324429545 1.323724339 0.517411862 -0.598467324 -0.201544453 0.756865819 -0.168436421
1642689843.149168015 -0.324659024 1.327159778 0.516729223 -0.598546270 -0.200013878 0.757442136 -0.167386443
1642689843.157500982 -0.324726478 1.330577164 0.516082691 -0.598390852 -0.198447146 0.758217027 -0.166295096
1642689843.165833950 -0.324761833 1.333943704 0.515520560 -0.598428861 -0.196841293 0.758858003 -0.165139136
1642689843.174168110 -0.324664175 1.337241296 0.515033020 -0.598258026 -0.195351547 0.759655392 -0.163856011
1642689843.182501078 -0.324545360 1.340584838 0.514577414 -0.598243139 -0.193569657 0.760339162 -0.162850524
1642689843.190834999 -0.324316018 1.343897956 0.514178587 -0.598141410 -0.191780714 0.761097047 -0.161797086
1642689843.199167967 -0.324000122 1.347164044 0.513854052 -0.597990984 -0.189990716 0.761868991 -0.160828951
1642689843.207500935 -0.323521518 1.350387204 0.513577207 -0.597556511 -0.188210939 0.762876896 -0.159755127
1642689843.215833902 -0.322961326 1.353610545 0.513362681 -0.597039386 -0.186256894 0.763962236 -0.158789301
1642689843.224168062 -0.322301215 1.356767777 0.513199697 -0.596414387 -0.184320269 0.765131992 -0.157762326
1642689843.232501030 -0.321543635 1.359883923 0.513092674 -0.595721603 -0.182284643 0.766358559 -0.156788521
1642689843.240833998 -0.320629215 1.362922734 0.513051002 -0.594756388 -0.180255547 0.767839669 -0.155547480
1642689843.249167919 -0.319669220 1.365928327 0.513053320 -0.593758908 -0.178166593 0.769302274 -0.154534901
1642689843.257500887 -0.318597500 1.368879570 0.513093373 -0.592576675 -0.176080095 0.770882310 -0.153587592
1642689843.265835047 -0.317430576 1.371787624 0.513176525 -0.591249267 -0.173938193 0.772600655 -0.152505858
1642689843.274168015 -0.316184120 1.374642590 0.513299087 -0.589771752 -0.171711158 0.774428342 -0.151477065
1642689843.282500982 -0.314636203 1.377434980 0.513395202 -0.587428938 -0.169531123 0.776983666 -0.149942735
1642689843.290833950 -0.313228973 1.380195513 0.513568734 -0.585638693 -0.167317477 0.779018606 -0.148869726
1642689843.299168110 -0.311792177 1.382943396 0.513748105 -0.583917592 -0.164994138 0.780973574 -0.147977894
1642689843.307501078 -0.310213711 1.385599972 0.513972553 -0.581827024 -0.162722158 0.783240630 -0.146741027
1642689843.315834999 -0.308620231 1.388189691 0.514219919 -0.579828816 -0.160494367 0.785413765 -0.145483057
1642689843.324167967 -0.306981205 1.390756920 0.514489201 -0.577769559 -0.158189910 0.787598183 -0.144386257
1642689843.332500935 -0.305251224 1.393227812 0.514767731 -0.575630807 -0.155946333 0.789869395 -0.142955426
1642689843.340833902 -0.303512974 1.395657907 0.515069746 -0.573554980 -0.153698265 0.792051745 -0.141652964
1642689843.349168062 -0.301715720 1.398053609 0.515395103 -0.571352864 -0.151117451 0.794405468 -0.140140548
1642689843.357501030 -0.299923936 1.400374767 0.515693652 -0.569281031 -0.148976549 0.796520045 -0.138855728
1642689843.365833998 -0.298080149 1.402605754 0.515973167 -0.567268849 -0.147204212 0.798523289 -0.137468290
1642689843.374167919 -0.296222986 1.404848689 0.516264579 -0.565048837 -0.145067105 0.800733655 -0.136018234
1642689843.382500887 -0.294469816 1.407236119 0.516572712 -0.563252206 -0.141641415 0.803010863 -0.133634634
1642689843.390835047 -0.292631689 1.409391464 0.516864111 -0.561222798 -0.139499330 0.805032220 -0.132257449
1642689843.399168015 -0.290891074 1.411499057 0.517145819 -0.559509864 -0.137348490 0.806812173 -0.130913034
1642689843.407500982 -0.289147600 1.413613971 0.517472651 -0.557643821 -0.134866152 0.808717563 -0.129693458
1642689843.415833950 -0.287473595 1.415684497 0.517809034 -0.556005431 -0.132567030 0.810367456 -0.128796467
1642689843.424168110 -0.285826754 1.417572436 0.518105328 -0.554500268 -0.131179287 0.811803466 -0.127658059
1642689843.432501078 -0.284258117 1.419431443 0.518418810 -0.553212191 -0.129778036 0.813065260 -0.126644451
1642689843.440834999 -0.282710583 1.421095202 0.518750014 -0.551839508 -0.129411500 0.814146809 -0.126058695
1642689843.449167967 -0.281298463 1.422879624 0.519095374 -0.550776774 -0.128156524 0.815192176 -0.125230053
1642689843.457500935 -0.279905419 1.424625924 0.519463291 -0.549651460 -0.127036697 0.816241591 -0.124477374
1642689843.465833902 -0.278578253 1.426301669 0.519845571 -0.548647611 -0.126027592 0.817200828 -0.123635157
1642689843.474168062 -0.277353109 1.427923151 0.520235979 -0.547815767 -0.125195082 0.817977622 -0.123031241
