# ground truth for desk_normal1.synced
# timestamp tx ty tz qx qy qz qw
1642647813.062094 -0.807523 1.362122 0.249854 -0.209228 0.077049 -0.124749 -0.966812
1642647813.070428 -0.807539 1.362100 0.249887 -0.209247 0.076983 -0.124715 -0.966817
1642647813.078761 -0.807539 1.362071 0.249907 -0.209315 0.076557 -0.124354 -0.966883
1642647813.087094 -0.807560 1.362089 0.249959 -0.209245 0.077046 -0.124671 -0.966818
1642647813.095428 -0.807564 1.362083 0.249992 -0.209213 0.077104 -0.124685 -0.966819
1642647813.103761 -0.807570 1.362091 0.250018 -0.209211 0.077124 -0.124657 -0.966821
1642647813.112094 -0.807565 1.362092 0.250050 -0.209201 0.077145 -0.124650 -0.966823
1642647813.120428 -0.807546 1.362077 0.250060 -0.209288 0.076685 -0.124331 -0.966882
1642647813.128761 -0.807535 1.362084 0.250082 -0.209270 0.076660 -0.124284 -0.966894
1642647813.137094 -0.807518 1.362094 0.250118 -0.209231 0.076636 -0.124265 -0.966906
1642647813.145427 -0.807497 1.362105 0.250143 -0.209248 0.076656 -0.124290 -0.966898
1642647813.153761 -0.807489 1.362142 0.250189 -0.209183 0.077082 -0.124589 -0.966839
1642647813.162094 -0.807451 1.362138 0.250191 -0.209185 0.076611 -0.124226 -0.966923
1642647813.170428 -0.807425 1.362156 0.250219 -0.209230 0.076477 -0.124169 -0.966931
1642647813.178761 -0.807400 1.362156 0.250244 -0.209204 0.076477 -0.124154 -0.966939
1642647813.187094 -0.807376 1.362167 0.250258 -0.209155 0.076557 -0.124220 -0.966935
1642647813.195428 -0.807343 1.362177 0.250281 -0.209158 0.076473 -0.124172 -0.966947
1642647813.203761 -0.807313 1.362194 0.250301 -0.209144 0.076442 -0.124201 -0.966949
1642647813.212094 -0.807285 1.362222 0.250317 -0.209130 0.076469 -0.124194 -0.966951
1642647813.220428 -0.807246 1.362243 0.250341 -0.209087 0.076352 -0.124158 -0.966974
1642647813.228761 -0.807210 1.362271 0.250357 -0.209145 0.076356 -0.124151 -0.966962
1642647813.237094 -0.807166 1.362298 0.250382 -0.209027 0.076405 -0.124099 -0.966990
1642647813.245428 -0.807113 1.362332 0.250411 -0.209038 0.076413 -0.124071 -0.966991
1642647813.253761 -0.807067 1.362380 0.250455 -0.209003 0.076801 -0.124336 -0.966933
1642647813.262094 -0.807002 1.362409 0.250480 -0.208986 0.076784 -0.124283 -0.966945
1642647813.270427 -0.806921 1.362416 0.250492 -0.209069 0.076338 -0.123906 -0.967011
1642647813.278761 -0.806852 1.362432 0.250509 -0.209071 0.076299 -0.123789 -0.967028
1642647813.287094 -0.806799 1.362465 0.250549 -0.209039 0.076704 -0.124032 -0.966972
1642647813.295428 -0.806721 1.362468 0.250573 -0.209114 0.076684 -0.124007 -0.966961
1642647813.303761 -0.806653 1.362462 0.250597 -0.209166 0.076638 -0.123924 -0.966964
1642647813.312094 -0.806579 1.362447 0.250619 -0.209186 0.076655 -0.123868 -0.966966
1642647813.320428 -0.806499 1.362406 0.250624 -0.209312 0.076110 -0.123432 -0.967037
1642647813.328761 -0.806456 1.362408 0.250676 -0.209277 0.076596 -0.123722 -0.966969
1642647813.337094 -0.806391 1.362389 0.250710 -0.209387 0.076641 -0.123685 -0.966946
1642647813.345428 -0.806322 1.362348 0.250745 -0.209444 0.076682 -0.123623 -0.966939
1642647813.353761 -0.806264 1.362323 0.250788 -0.209580 0.076634 -0.123538 -0.966924
1642647813.362094 -0.806198 1.362288 0.250838 -0.209657 0.076688 -0.123430 -0.966917
1642647813.370428 -0.806142 1.362247 0.250878 -0.209760 0.076823 -0.123408 -0.966887
1642647813.378761 -0.806087 1.362209 0.250929 -0.209902 0.076738 -0.123319 -0.966874
1642647813.387094 -0.806036 1.362172 0.250971 -0.209942 0.076793 -0.123260 -0.966868
1642647813.395427 -0.805992 1.362141 0.251022 -0.210015 0.076795 -0.123195 -0.966861
1642647813.403761 -0.805941 1.362095 0.251055 -0.210143 0.076876 -0.123170 -0.966829
1642647813.412094 -0.805903 1.362065 0.251097 -0.210182 0.076885 -0.123152 -0.966822
1642647813.420428 -0.805855 1.362022 0.251123 -0.210305 0.076852 -0.123116 -0.966803
1642647813.428761 -0.805818 1.361992 0.251158 -0.210295 0.076738 -0.123020 -0.966826
1642647813.437094 -0.805769 1.361947 0.251171 -0.210374 0.076867 -0.123068 -0.966793
1642647813.445428 -0.805730 1.361927 0.251193 -0.210446 0.076769 -0.122944 -0.966801
1642647813.453761 -0.805694 1.361913 0.251207 -0.210507 0.076792 -0.122946 -0.966785
1642647813.462094 -0.805648 1.361896 0.251210 -0.210500 0.076795 -0.122828 -0.966802
1642647813.470428 -0.805610 1.361895 0.251203 -0.210509 0.076918 -0.122876 -0.966784
1642647813.478761 -0.805568 1.361897 0.251192 -0.210476 0.077069 -0.122860 -0.966781
1642647813.487094 -0.805539 1.361904 0.251177 -0.210506 0.077021 -0.122746 -0.966793
1642647813.495428 -0.805506 1.361918 0.251159 -0.210441 0.077184 -0.122713 -0.966798
1642647813.503761 -0.805477 1.361943 0.251138 -0.210448 0.077228 -0.122667 -0.966799
1642647813.512094 -0.805445 1.361965 0.251113 -0.210413 0.077286 -0.122600 -0.966811
1642647813.520427 -0.805416 1.361998 0.251092 -0.210359 0.077363 -0.122529 -0.966825
1642647813.528761 -0.805389 1.362031 0.251057 -0.210370 0.077484 -0.122508 -0.966816
1642647813.537094 -0.805366 1.362062 0.251037 -0.210327 0.077530 -0.122439 -0.966830
1642647813.545428 -0.805348 1.362097 0.251002 -0.210329 0.077580 -0.122382 -0.966833
1642647813.553761 -0.805330 1.362122 0.250965 -0.210319 0.077695 -0.122349 -0.966830
1642647813.562094 -0.805372 1.362159 0.250926 -0.210149 0.077969 -0.122661 -0.966806
1642647813.570428 -0.805357 1.362182 0.250894 -0.210130 0.078002 -0.122651 -0.966808
1642647813.578761 -0.805343 1.362203 0.250866 -0.210021 0.078144 -0.122649 -0.966820
1642647813.587094 -0.805331 1.362229 0.250841 -0.209973 0.078255 -0.122602 -0.966828
1642647813.595428 -0.805317 1.362255 0.250820 -0.209968 0.078236 -0.122556 -0.966836
1642647813.603761 -0.805306 1.362260 0.250800 -0.209928 0.078387 -0.122574 -0.966830
1642647813.612094 -0.805297 1.362278 0.250800 -0.209906 0.078375 -0.122519 -0.966843
1642647813.620428 -0.805284 1.362272 0.250787 -0.209890 0.078473 -0.122535 -0.966837
1642647813.628761 -0.805274 1.362276 0.250794 -0.209826 0.078530 -0.122495 -0.966851
1642647813.637094 -0.805262 1.362283 0.250796 -0.209885 0.078494 -0.122414 -0.966851
1642647813.645427 -0.805245 1.362289 0.250811 -0.209923 0.078591 -0.122398 -0.966837
1642647813.653761 -0.805230 1.362289 0.250830 -0.209905 0.078708 -0.122424 -0.966829
1642647813.662094 -0.805221 1.362288 0.250859 -0.209895 0.078707 -0.122337 -0.966842
1642647813.670428 -0.805198 1.362276 0.250885 -0.209908 0.078824 -0.122353 -0.966828
1642647813.678761 -0.805178 1.362267 0.250915 -0.209970 0.078826 -0.122281 -0.966823
1642647813.687094 -0.805148 1.362265 0.250946 -0.209996 0.078840 -0.122253 -0.966820
1642647813.695428 -0.805118 1.362249 0.250978 -0.210030 0.078877 -0.122221 -0.966813
1642647813.703761 -0.805086 1.362240 0.251017 -0.210014 0.078942 -0.122187 -0.966816
1642647813.712094 -0.805050 1.362234 0.251059 -0.210058 0.078945 -0.122114 -0.966815
1642647813.720428 -0.805006 1.362234 0.251096 -0.210085 0.079083 -0.122090 -0.966801
1642647813.728761 -0.804964 1.362224 0.251130 -0.210087 0.079064 -0.122038 -0.966809
1642647813.737094 -0.804916 1.362221 0.251167 -0.210116 0.079177 -0.121995 -0.966799
1642647813.745428 -0.804862 1.362217 0.251203 -0.210135 0.079187 -0.121925 -0.966802
1642647813.753761 -0.804806 1.362214 0.251237 -0.210142 0.079207 -0.121893 -0.966803
1642647813.762094 -0.804741 1.362216 0.251279 -0.210186 0.079310 -0.121849 -0.966791
1642647813.770427 -0.804673 1.362211 0.251313 -0.210108 0.079425 -0.121814 -0.966803
1642647813.778761 -0.804598 1.362211 0.251360 -0.210120 0.079352 -0.121711 -0.966819
1642647813.787094 -0.804524 1.362218 0.251400 -0.210188 0.079386 -0.121639 -0.966811
1642647813.795428 -0.804451 1.362222 0.251443 -0.210223 0.079360 -0.121584 -0.966812
1642647813.803761 -0.804375 1.362222 0.251489 -0.210247 0.079219 -0.121469 -0.966833
1642647813.812094 -0.804300 1.362226 0.251532 -0.210206 0.079271 -0.121422 -0.966843
1642647813.820428 -0.804222 1.362227 0.251570 -0.210232 0.079274 -0.121405 -0.966840
1642647813.828761 -0.804145 1.362225 0.251610 -0.210221 0.079302 -0.121374 -0.966844
1642647813.837094 -0.804066 1.362237 0.251660 -0.210282 0.079170 -0.121305 -0.966850
1642647813.845428 -0.803986 1.362244 0.251703 -0.210210 0.079238 -0.121289 -0.966862
1642647813.853761 -0.803906 1.362246 0.251752 -0.210232 0.079234 -0.121235 -0.966864
1642647813.862094 -0.803823 1.362257 0.251805 -0.210295 0.079178 -0.121179 -0.966862
1642647813.870428 -0.803736 1.362264 0.251854 -0.210264 0.079208 -0.121122 -0.966874
1642647813.878761 -0.803650 1.362269 0.251913 -0.210258 0.079189 -0.121029 -0.966888
1642647813.887094 -0.803556 1.362272 0.251971 -0.210302 0.079152 -0.120938 -0.966893
1642647813.895427 -0.803458 1.362280 0.252032 -0.210325 0.079212 -0.120889 -0.966889
1642647813.903761 -0.803360 1.362282 0.252090 -0.210323 0.079232 -0.120788 -0.966901
1642647813.912094 -0.803267 1.362294 0.252154 -0.210396 0.079110 -0.120689 -0.966907
1642647813.920428 -0.803168 1.362299 0.252214 -0.210437 0.079112 -0.120641 -0.966904
1642647813.928761 -0.803071 1.362284 0.252274 -0.210452 0.079029 -0.120569 -0.966916
1642647813.937094 -0.803020 1.362287 0.252303 -0.210428 0.078662 -0.120563 -0.966952
1642647813.945428 -0.802931 1.362282 0.252360 -0.210400 0.078742 -0.120602 -0.966947
1642647813.953761 -0.802840 1.362272 0.252421 -0.210447 0.078666 -0.120523 -0.966953
1642647813.962094 -0.802755 1.362275 0.252491 -0.210428 0.078604 -0.120473 -0.966968
1642647813.970428 -0.802677 1.362278 0.252551 -0.210472 0.078582 -0.120447 -0.966964
1642647813.978761 -0.802591 1.362268 0.252623 -0.210540 0.078618 -0.120467 -0.966944
1642647813.987094 -0.802503 1.362268 0.252688 -0.210534 0.078613 -0.120427 -0.966950
1642647813.995428 -0.802422 1.362271 0.252754 -0.210577 0.078571 -0.120422 -0.966945
1642647814.003761 -0.802340 1.362277 0.252825 -0.210568 0.078542 -0.120370 -0.966956
1642647814.012094 -0.802262 1.362273 0.252886 -0.210608 0.078464 -0.120342 -0.966957
1642647814.020427 -0.802187 1.362284 0.252941 -0.210647 0.078466 -0.120322 -0.966951
1642647814.028761 -0.802118 1.362288 0.252998 -0.210555 0.078455 -0.120282 -0.966976
1642647814.037094 -0.802051 1.362291 0.253050 -0.210632 0.078326 -0.120263 -0.966973
1642647814.045428 -0.801986 1.362299 0.253095 -0.210584 0.078370 -0.120322 -0.966972
1642647814.053761 -0.801925 1.362309 0.253148 -0.210574 0.078258 -0.120249 -0.966992
1642647814.062094 -0.801867 1.362321 0.253196 -0.210584 0.078145 -0.120244 -0.967000
1642647814.070428 -0.801809 1.362317 0.253228 -0.210567 0.078203 -0.120273 -0.966995
1642647814.078761 -0.801750 1.362326 0.253273 -0.210507 0.078205 -0.120277 -0.967008
1642647814.087094 -0.801694 1.362334 0.253317 -0.210514 0.078121 -0.120279 -0.967013
1642647814.095428 -0.801640 1.362342 0.253356 -0.210506 0.078040 -0.120235 -0.967027
1642647814.103761 -0.801583 1.362341 0.253394 -0.210516 0.078092 -0.120296 -0.967013
1642647814.112094 -0.801530 1.362344 0.253440 -0.210513 0.078052 -0.120287 -0.967018
1642647814.120428 -0.801481 1.362345 0.253472 -0.210494 0.078064 -0.120302 -0.967019
1642647814.128761 -0.801438 1.362350 0.253513 -0.210520 0.077936 -0.120268 -0.967028
1642647814.137094 -0.801393 1.362346 0.253556 -0.210519 0.077970 -0.120277 -0.967024
1642647814.145427 -0.801352 1.362343 0.253600 -0.210543 0.077959 -0.120291 -0.967018
1642647814.153761 -0.801309 1.362339 0.253644 -0.210545 0.078021 -0.120272 -0.967015
1642647814.162094 -0.801269 1.362341 0.253686 -0.210577 0.077962 -0.120265 -0.967014
1642647814.170428 -0.801224 1.362329 0.253722 -0.210604 0.077728 -0.120067 -0.967051
1642647814.178761 -0.801182 1.362323 0.253764 -0.210631 0.077719 -0.120080 -0.967045
1642647814.187094 -0.801150 1.362329 0.253817 -0.210564 0.078050 -0.120271 -0.967009
1642647814.195428 -0.801103 1.362316 0.253850 -0.210626 0.077870 -0.120073 -0.967034
1642647814.203761 -0.801064 1.362313 0.253897 -0.210674 0.077757 -0.120012 -0.967041
1642647814.212094 -0.801025 1.362300 0.253936 -0.210672 0.077799 -0.120044 -0.967034
1642647814.220428 -0.800987 1.362294 0.253978 -0.210676 0.077890 -0.120079 -0.967021
1642647814.228761 -0.800952 1.362289 0.254017 -0.210697 0.077884 -0.120049 -0.967021
1642647814.237094 -0.800918 1.362277 0.254053 -0.210723 0.077915 -0.120060 -0.967011
1642647814.245428 -0.800885 1.362266 0.254091 -0.210767 0.077928 -0.120064 -0.967000
1642647814.253761 -0.800852 1.362264 0.254130 -0.210757 0.078057 -0.120082 -0.966990
1642647814.262094 -0.800820 1.362261 0.254160 -0.210800 0.078135 -0.120098 -0.966972
1642647814.270427 -0.800798 1.362263 0.254194 -0.210812 0.078086 -0.120057 -0.966978
1642647814.278761 -0.800773 1.362266 0.254219 -0.210778 0.078233 -0.120098 -0.966969
1642647814.287094 -0.800748 1.362274 0.254249 -0.210771 0.078212 -0.120042 -0.966979
1642647814.295428 -0.800727 1.362284 0.254278 -0.210778 0.078252 -0.120067 -0.966971
1642647814.303761 -0.800710 1.362295 0.254299 -0.210766 0.078274 -0.120069 -0.966972
1642647814.312094 -0.800687 1.362306 0.254314 -0.210744 0.078421 -0.120112 -0.966959
1642647814.320428 -0.800676 1.362319 0.254323 -0.210824 0.078426 -0.120140 -0.966938
1642647814.328761 -0.800669 1.362327 0.254338 -0.210741 0.078500 -0.120167 -0.966947
1642647814.337094 -0.800658 1.362331 0.254346 -0.210734 0.078551 -0.120146 -0.966947
1642647814.345428 -0.800660 1.362344 0.254360 -0.210779 0.078532 -0.120149 -0.966938
1642647814.353761 -0.800650 1.362354 0.254359 -0.210681 0.078759 -0.120235 -0.966930
1642647814.362094 -0.800654 1.362371 0.254367 -0.210709 0.078743 -0.120243 -0.966924
1642647814.370428 -0.800647 1.362386 0.254364 -0.210683 0.078887 -0.120270 -0.966915
1642647814.378761 -0.800637 1.362409 0.254373 -0.210678 0.078902 -0.120268 -0.966915
1642647814.387094 -0.800628 1.362423 0.254375 -0.210716 0.079035 -0.120296 -0.966892
1642647814.395427 -0.800618 1.362440 0.254380 -0.210707 0.079040 -0.120235 -0.966902
1642647814.403761 -0.800605 1.362460 0.254386 -0.210658 0.079241 -0.120319 -0.966886
1642647814.412094 -0.800590 1.362469 0.254388 -0.210698 0.079300 -0.120281 -0.966877
1642647814.420428 -0.800572 1.362497 0.254395 -0.210686 0.079361 -0.120237 -0.966880
1642647814.428761 -0.800552 1.362523 0.254400 -0.210608 0.079456 -0.120225 -0.966890
1642647814.437094 -0.800528 1.362537 0.254399 -0.210646 0.079589 -0.120259 -0.966867
1642647814.445428 -0.800506 1.362556 0.254394 -0.210617 0.079668 -0.120227 -0.966871
1642647814.453761 -0.800483 1.362585 0.254400 -0.210604 0.079759 -0.120187 -0.966871
1642647814.462094 -0.800460 1.362614 0.254401 -0.210631 0.079819 -0.120156 -0.966864
1642647814.470428 -0.800435 1.362630 0.254410 -0.210631 0.079813 -0.120069 -0.966875
1642647814.478761 -0.800420 1.362680 0.254413 -0.210615 0.080135 -0.120243 -0.966831
1642647814.487094 -0.800386 1.362697 0.254403 -0.210612 0.079981 -0.120084 -0.966864
1642647814.495428 -0.800375 1.362739 0.254392 -0.210537 0.080291 -0.120260 -0.966833
1642647814.503761 -0.800355 1.362768 0.254382 -0.210537 0.080332 -0.120208 -0.966836
1642647814.512094 -0.800329 1.362793 0.254366 -0.210500 0.080140 -0.120004 -0.966885
1642647814.520427 -0.800313 1.362841 0.254356 -0.210465 0.080449 -0.120176 -0.966846
1642647814.528761 -0.800290 1.362874 0.254337 -0.210429 0.080509 -0.120157 -0.966851
1642647814.537094 -0.800265 1.362915 0.254319 -0.210444 0.080591 -0.120117 -0.966846
1642647814.545428 -0.800241 1.362953 0.254301 -0.210369 0.080652 -0.120095 -0.966860
1642647814.553761 -0.800215 1.362992 0.254279 -0.210346 0.080739 -0.120073 -0.966860
1642647814.562094 -0.800191 1.363024 0.254258 -0.210344 0.080733 -0.119996 -0.966870
1642647814.570428 -0.800175 1.363061 0.254247 -0.210359 0.080719 -0.119921 -0.966878
1642647814.578761 -0.800149 1.363080 0.254222 -0.210294 0.080882 -0.119931 -0.966877
1642647814.587094 -0.800132 1.363110 0.254211 -0.210280 0.081013 -0.119950 -0.966867
1642647814.595428 -0.800107 1.363136 0.254183 -0.210304 0.080934 -0.119878 -0.966877
1642647814.603761 -0.800099 1.363170 0.254171 -0.210207 0.081059 -0.119872 -0.966888
1642647814.612094 -0.800080 1.363191 0.254147 -0.210241 0.081123 -0.119882 -0.966874
1642647814.620428 -0.800071 1.363219 0.254136 -0.210235 0.081174 -0.119864 -0.966874
1642647814.628761 -0.800055 1.363243 0.254128 -0.210234 0.081301 -0.119823 -0.966868
1642647814.637094 -0.800048 1.363264 0.254117 -0.210206 0.081303 -0.119800 -0.966877
1642647814.645427 -0.800039 1.363295 0.254107 -0.210245 0.081370 -0.119776 -0.966866
1642647814.653761 -0.800025 1.363323 0.254098 -0.210198 0.081501 -0.119811 -0.966861
1642647814.662094 -0.800016 1.363354 0.254097 -0.210203 0.081513 -0.119782 -0.966862
1642647814.670428 -0.800008 1.363390 0.254093 -0.210179 0.081609 -0.119794 -0.966858
1642647814.678761 -0.800001 1.363420 0.254088 -0.210230 0.081512 -0.119721 -0.966864
1642647814.687094 -0.799987 1.363447 0.254083 -0.210136 0.081578 -0.119729 -0.966878
1642647814.695428 -0.799970 1.363470 0.254072 -0.210186 0.081542 -0.119742 -0.966869
1642647814.703761 -0.799960 1.363506 0.254065 -0.210114 0.081491 -0.119702 -0.966893
1642647814.712094 -0.799944 1.363538 0.254057 -0.210109 0.081477 -0.119715 -0.966894
1642647814.720428 -0.799922 1.363574 0.254048 -0.210095 0.081466 -0.119723 -0.966897
1642647814.728761 -0.799893 1.363597 0.254034 -0.210067 0.081425 -0.119696 -0.966910
1642647814.737094 -0.799868 1.363641 0.254017 -0.210038 0.081424 -0.119694 -0.966917
1642647814.745428 -0.799838 1.363682 0.254003 -0.209982 0.081397 -0.119626 -0.966939
1642647814.753761 -0.799793 1.363724 0.253986 -0.209980 0.081313 -0.119590 -0.966951
1642647814.762094 -0.799754 1.363773 0.253964 -0.209861 0.081418 -0.119595 -0.966968
1642647814.770427 -0.799708 1.363816 0.253940 -0.209868 0.081359 -0.119535 -0.966979
1642647814.778761 -0.799660 1.363870 0.253920 -0.209839 0.081255 -0.119411 -0.967009
1642647814.787094 -0.799610 1.363930 0.253887 -0.209751 0.081280 -0.119402 -0.967027
1642647814.795428 -0.799554 1.363987 0.253848 -0.209616 0.081330 -0.119342 -0.967060
1642647814.803761 -0.799504 1.364043 0.253813 -0.209581 0.081265 -0.119238 -0.967085
1642647814.812094 -0.799448 1.364098 0.253767 -0.209477 0.081275 -0.119225 -0.967109
1642647814.820428 -0.799390 1.364156 0.253719 -0.209402 0.081231 -0.119116 -0.967142
1642647814.828761 -0.799329 1.364227 0.253668 -0.209280 0.081258 -0.119086 -0.967170
1642647814.837094 -0.799266 1.364282 0.253616 -0.209182 0.081180 -0.118991 -0.967209
1642647814.845428 -0.799199 1.364338 0.253565 -0.209017 0.081179 -0.118997 -0.967244
1642647814.853761 -0.799133 1.364412 0.253522 -0.208906 0.081062 -0.118890 -0.967291
1642647814.862094 -0.799062 1.364479 0.253465 -0.208814 0.080953 -0.118897 -0.967319
1642647814.870428 -0.798996 1.364549 0.253420 -0.208676 0.080788 -0.118796 -0.967375
1642647814.878761 -0.798928 1.364614 0.253373 -0.208553 0.080654 -0.118760 -0.967418
1642647814.887094 -0.798857 1.364675 0.253315 -0.208450 0.080521 -0.118706 -0.967457
1642647814.895427 -0.798781 1.364735 0.253277 -0.208333 0.080435 -0.118674 -0.967494
1642647814.903761 -0.798707 1.364798 0.253234 -0.208194 0.080272 -0.118583 -0.967548
1642647814.912094 -0.798630 1.364860 0.253197 -0.208104 0.080150 -0.118525 -0.967585
1642647814.920428 -0.798554 1.364928 0.253155 -0.207961 0.079964 -0.118472 -0.967638
1642647814.928761 -0.798477 1.364995 0.253119 -0.207865 0.079839 -0.118381 -0.967680
1642647814.937094 -0.798396 1.365050 0.253083 -0.207783 0.079749 -0.118385 -0.967704
1642647814.945428 -0.798320 1.365102 0.253047 -0.207690 0.079587 -0.118284 -0.967750
1642647814.953761 -0.798245 1.365162 0.253020 -0.207594 0.079474 -0.118250 -0.967784
1642647814.962094 -0.798171 1.365219 0.252993 -0.207447 0.079423 -0.118214 -0.967824
1642647814.970428 -0.798097 1.365275 0.252960 -0.207377 0.079308 -0.118181 -0.967852
1642647814.978761 -0.798021 1.365344 0.252932 -0.207235 0.079133 -0.118118 -0.967905
1642647814.987094 -0.797941 1.365402 0.252897 -0.207136 0.078966 -0.118080 -0.967944
1642647814.995428 -0.797868 1.365475 0.252871 -0.207007 0.078794 -0.118058 -0.967989
1642647815.003761 -0.797783 1.365532 0.252837 -0.206880 0.078703 -0.118062 -0.968023
1642647815.012094 -0.797702 1.365593 0.252801 -0.206789 0.078490 -0.118036 -0.968063
1642647815.020427 -0.797614 1.365661 0.252779 -0.206639 0.078351 -0.118028 -0.968107
1642647815.028761 -0.797525 1.365728 0.252745 -0.206509 0.078157 -0.118000 -0.968154
1642647815.037094 -0.797435 1.365790 0.252722 -0.206373 0.077914 -0.117997 -0.968203
1642647815.045428 -0.797341 1.365859 0.252701 -0.206238 0.077686 -0.117981 -0.968252
1642647815.053761 -0.797246 1.365921 0.252676 -0.206154 0.077477 -0.118002 -0.968284
1642647815.062094 -0.797146 1.365975 0.252652 -0.206044 0.077232 -0.118014 -0.968325
1642647815.070428 -0.797047 1.366046 0.252631 -0.205942 0.076892 -0.118025 -0.968373
1642647815.078761 -0.796952 1.366114 0.252610 -0.205783 0.076614 -0.117971 -0.968435
1642647815.087094 -0.796845 1.366180 0.252594 -0.205677 0.076289 -0.118010 -0.968479
1642647815.095428 -0.796748 1.366248 0.252570 -0.205538 0.076001 -0.118007 -0.968531
1642647815.103761 -0.796641 1.366318 0.252545 -0.205369 0.075724 -0.118046 -0.968584
1642647815.112094 -0.796538 1.366392 0.252536 -0.205257 0.075393 -0.118000 -0.968639
1642647815.120428 -0.796428 1.366475 0.252516 -0.205082 0.075144 -0.118028 -0.968692
1642647815.128761 -0.796312 1.366554 0.252497 -0.204920 0.074844 -0.118065 -0.968745
1642647815.137094 -0.796196 1.366647 0.252486 -0.204713 0.074623 -0.118065 -0.968806
1642647815.145427 -0.796078 1.366736 0.252477 -0.204618 0.074310 -0.118091 -0.968847
1642647815.153761 -0.795945 1.366819 0.252466 -0.204428 0.074026 -0.118131 -0.968904
1642647815.162094 -0.795804 1.366910 0.252466 -0.204285 0.073664 -0.118114 -0.968964
1642647815.170428 -0.795660 1.367001 0.252463 -0.204099 0.073369 -0.118118 -0.969025
1642647815.178761 -0.795517 1.367088 0.252462 -0.203958 0.072942 -0.118077 -0.969092
1642647815.187094 -0.795377 1.367181 0.252470 -0.203795 0.072468 -0.118068 -0.969162
1642647815.195428 -0.795216 1.367255 0.252474 -0.203624 0.072174 -0.118084 -0.969218
1642647815.203761 -0.795055 1.367324 0.252485 -0.203559 0.071728 -0.118054 -0.969269
1642647815.212094 -0.794896 1.367390 0.252502 -0.203444 0.071216 -0.117889 -0.969351
1642647815.220428 -0.794733 1.367449 0.252524 -0.203354 0.070944 -0.117923 -0.969386
1642647815.228761 -0.794495 1.367478 0.252554 -0.203375 0.070001 -0.117213 -0.969536
1642647815.237094 -0.794339 1.367561 0.252613 -0.203234 0.070031 -0.117445 -0.969535
1642647815.245428 -0.794164 1.367611 0.252661 -0.203152 0.069792 -0.117450 -0.969569
1642647815.253761 -0.793939 1.367644 0.252738 -0.203270 0.069055 -0.116865 -0.969668
1642647815.262094 -0.793779 1.367723 0.252802 -0.203157 0.069119 -0.117107 -0.969657
1642647815.270427 -0.793592 1.367745 0.252851 -0.203192 0.068185 -0.116664 -0.969770
1642647815.278761 -0.793433 1.367821 0.252930 -0.203031 0.068236 -0.116913 -0.969770
1642647815.287094 -0.793251 1.367873 0.252996 -0.202983 0.067813 -0.116847 -0.969818
1642647815.295428 -0.793077 1.367923 0.253062 -0.202906 0.067473 -0.116801 -0.969863
1642647815.303761 -0.792899 1.367965 0.253137 -0.202801 0.067117 -0.116744 -0.969917
1642647815.312094 -0.792719 1.368002 0.253215 -0.202816 0.066649 -0.116620 -0.969961
1642647815.320428 -0.792545 1.368052 0.253292 -0.202718 0.066211 -0.116551 -0.970019
1642647815.328761 -0.792370 1.368099 0.253375 -0.202725 0.065711 -0.116435 -0.970066
1642647815.337094 -0.792197 1.368138 0.253452 -0.202601 0.065306 -0.116335 -0.970131
1642647815.345428 -0.792013 1.368180 0.253534 -0.202562 0.064866 -0.116238 -0.970180
1642647815.353761 -0.791827 1.368216 0.253614 -0.202484 0.064473 -0.116152 -0.970233
1642647815.362094 -0.791645 1.368250 0.253697 -0.202417 0.064112 -0.116042 -0.970284
1642647815.370428 -0.791458 1.368295 0.253794 -0.202390 0.063594 -0.115865 -0.970345
1642647815.378761 -0.791263 1.368340 0.253880 -0.202300 0.063282 -0.115813 -0.970390
1642647815.387094 -0.791064 1.368386 0.253970 -0.202333 0.062760 -0.115680 -0.970433
1642647815.395427 -0.790863 1.368435 0.254059 -0.202248 0.062358 -0.115582 -0.970488
1642647815.403761 -0.790658 1.368491 0.254160 -0.202150 0.061900 -0.115359 -0.970565
1642647815.412094 -0.790461 1.368545 0.254249 -0.202110 0.061433 -0.115232 -0.970618
1642647815.420428 -0.790256 1.368593 0.254342 -0.202016 0.061140 -0.115143 -0.970667
1642647815.428761 -0.790061 1.368657 0.254440 -0.201910 0.060695 -0.114987 -0.970735
1642647815.437094 -0.789858 1.368711 0.254539 -0.201837 0.060224 -0.114816 -0.970800
1642647815.445428 -0.789629 1.368735 0.254639 -0.201610 0.060389 -0.114827 -0.970835
1642647815.453761 -0.789430 1.368801 0.254729 -0.201597 0.059869 -0.114649 -0.970891
1642647815.462094 -0.789228 1.368862 0.254821 -0.201492 0.059489 -0.114515 -0.970952
1642647815.470428 -0.789031 1.368931 0.254912 -0.201376 0.059095 -0.114360 -0.971019
1642647815.478761 -0.788840 1.369006 0.254995 -0.201264 0.058729 -0.114211 -0.971082
1642647815.487094 -0.788638 1.369074 0.255076 -0.201192 0.058317 -0.114017 -0.971144
1642647815.495428 -0.788442 1.369151 0.255159 -0.201073 0.058002 -0.113909 -0.971200
1642647815.503761 -0.788235 1.369231 0.255237 -0.200923 0.057652 -0.113748 -0.971271
1642647815.512094 -0.788038 1.369315 0.255330 -0.200778 0.057332 -0.113554 -0.971343
1642647815.520427 -0.787835 1.369404 0.255413 -0.200716 0.056906 -0.113344 -0.971405
1642647815.528761 -0.787636 1.369494 0.255493 -0.200534 0.056620 -0.113206 -0.971475
1642647815.537094 -0.787433 1.369578 0.255572 -0.200422 0.056144 -0.113042 -0.971545
1642647815.545428 -0.787225 1.369660 0.255663 -0.200319 0.055714 -0.112890 -0.971609
1642647815.553761 -0.787015 1.369732 0.255759 -0.200195 0.055228 -0.112707 -0.971684
1642647815.562094 -0.786811 1.369811 0.255859 -0.200064 0.054705 -0.112501 -0.971764
1642647815.570428 -0.786608 1.369887 0.255965 -0.199916 0.054312 -0.112378 -0.971831
1642647815.578761 -0.786402 1.369951 0.256072 -0.199815 0.053826 -0.112256 -0.971893
1642647815.587094 -0.786194 1.370019 0.256192 -0.199722 0.053381 -0.112123 -0.971952
1642647815.595428 -0.785993 1.370078 0.256318 -0.199654 0.052912 -0.111996 -0.972006
1642647815.603761 -0.785787 1.370124 0.256450 -0.199587 0.052457 -0.111874 -0.972058
1642647815.612094 -0.785587 1.370180 0.256603 -0.199532 0.051856 -0.111710 -0.972121
1642647815.620428 -0.785377 1.370224 0.256752 -0.199498 0.051423 -0.111612 -0.972162
1642647815.628761 -0.785173 1.370268 0.256917 -0.199404 0.050864 -0.111413 -0.972233
1642647815.637094 -0.784967 1.370297 0.257084 -0.199408 0.050392 -0.111318 -0.972268
1642647815.645427 -0.784759 1.370330 0.257259 -0.199379 0.049832 -0.111153 -0.972322
1642647815.653761 -0.784555 1.370353 0.257441 -0.199337 0.049380 -0.111095 -0.972360
1642647815.662094 -0.784350 1.370373 0.257627 -0.199330 0.048757 -0.110956 -0.972409
1642647815.670428 -0.784146 1.370386 0.257821 -0.199277 0.048318 -0.110864 -0.972452
1642647815.678761 -0.783939 1.370393 0.258023 -0.199271 0.047850 -0.110786 -0.972485
1642647815.687094 -0.783735 1.370397 0.258238 -0.199234 0.047315 -0.110695 -0.972530
1642647815.695428 -0.783536 1.370393 0.258451 -0.199301 0.046711 -0.110557 -0.972561
1642647815.703761 -0.783336 1.370390 0.258669 -0.199392 0.046099 -0.110415 -0.972587
1642647815.712094 -0.783137 1.370388 0.258902 -0.199358 0.045699 -0.110414 -0.972613
1642647815.720428 -0.782936 1.370382 0.259134 -0.199388 0.045036 -0.110271 -0.972654
1642647815.728761 -0.782723 1.370362 0.259372 -0.199457 0.044504 -0.110193 -0.972674
1642647815.737094 -0.782513 1.370355 0.259609 -0.199417 0.044007 -0.110180 -0.972706
1642647815.745428 -0.782312 1.370349 0.259845 -0.199479 0.043442 -0.110109 -0.972727
1642647815.753761 -0.782104 1.370341 0.260079 -0.199539 0.042822 -0.110044 -0.972749
1642647815.762094 -0.781905 1.370342 0.260310 -0.199512 0.042295 -0.110012 -0.972781
1642647815.770427 -0.781693 1.370351 0.260536 -0.199553 0.041697 -0.109942 -0.972807
1642647815.778761 -0.781486 1.370354 0.260771 -0.199561 0.041100 -0.109870 -0.972839
1642647815.787094 -0.781276 1.370357 0.260988 -0.199589 0.040453 -0.109784 -0.972870
1642647815.795428 -0.781064 1.370367 0.261220 -0.199585 0.039873 -0.109708 -0.972903
1642647815.803761 -0.780850 1.370373 0.261439 -0.199618 0.039343 -0.109673 -0.972922
1642647815.812094 -0.780634 1.370383 0.261659 -0.199658 0.038728 -0.109516 -0.972956
1642647815.820428 -0.780421 1.370398 0.261874 -0.199650 0.038176 -0.109389 -0.972994
1642647815.828761 -0.780203 1.370408 0.262083 -0.199650 0.037625 -0.109304 -0.973025
1642647815.837094 -0.779997 1.370416 0.262295 -0.199588 0.037160 -0.109172 -0.973070
1642647815.845428 -0.779792 1.370426 0.262497 -0.199567 0.036665 -0.109119 -0.973099
1642647815.853761 -0.779593 1.370440 0.262688 -0.199599 0.036058 -0.109010 -0.973127
1642647815.862094 -0.779391 1.370456 0.262883 -0.199557 0.035597 -0.108914 -0.973164
1642647815.870428 -0.779195 1.370470 0.263066 -0.199576 0.035106 -0.108859 -0.973184
1642647815.878761 -0.778996 1.370497 0.263262 -0.199541 0.034609 -0.108728 -0.973223
1642647815.887094 -0.778797 1.370519 0.263445 -0.199466 0.034151 -0.108665 -0.973262
1642647815.895427 -0.778613 1.370544 0.263624 -0.199471 0.033665 -0.108567 -0.973289
1642647815.903761 -0.778427 1.370565 0.263810 -0.199433 0.033203 -0.108497 -0.973320
1642647815.912094 -0.778247 1.370577 0.263983 -0.199420 0.032769 -0.108455 -0.973342
1642647815.920428 -0.778077 1.370605 0.264167 -0.199441 0.032245 -0.108391 -0.973363
1642647815.928761 -0.777905 1.370624 0.264341 -0.199399 0.031768 -0.108345 -0.973392
1642647815.937094 -0.777736 1.370644 0.264518 -0.199341 0.031276 -0.108284 -0.973427
1642647815.945428 -0.777573 1.370671 0.264692 -0.199300 0.030756 -0.108222 -0.973459
1642647815.953761 -0.777415 1.370695 0.264864 -0.199324 0.030283 -0.108162 -0.973475
1642647815.962094 -0.777259 1.370722 0.265023 -0.199270 0.029788 -0.108131 -0.973505
1642647815.970428 -0.777102 1.370752 0.265195 -0.199191 0.029339 -0.108112 -0.973537
1642647815.978761 -0.776945 1.370772 0.265355 -0.199187 0.028837 -0.108038 -0.973561
1642647815.987094 -0.776795 1.370804 0.265523 -0.199106 0.028357 -0.108015 -0.973594
1642647815.995428 -0.776630 1.370835 0.265682 -0.199052 0.027837 -0.107954 -0.973627
1642647816.003761 -0.776472 1.370866 0.265846 -0.198960 0.027376 -0.107872 -0.973668
1642647816.012094 -0.776302 1.370899 0.265997 -0.198901 0.026886 -0.107808 -0.973701
1642647816.020427 -0.776137 1.370946 0.266146 -0.198803 0.026382 -0.107769 -0.973739
1642647816.028761 -0.775958 1.370983 0.266288 -0.198746 0.025918 -0.107688 -0.973772
1642647816.037094 -0.775785 1.371029 0.266435 -0.198639 0.025476 -0.107608 -0.973814
1642647816.045428 -0.775611 1.371078 0.266573 -0.198568 0.024882 -0.107498 -0.973856
1642647816.053761 -0.775429 1.371130 0.266699 -0.198404 0.024477 -0.107399 -0.973911
1642647816.062094 -0.775250 1.371189 0.266825 -0.198327 0.023979 -0.107269 -0.973953
1642647816.070428 -0.775069 1.371252 0.266951 -0.198216 0.023471 -0.107144 -0.974002
1642647816.078761 -0.774889 1.371323 0.267074 -0.198106 0.023008 -0.107026 -0.974048
1642647816.087094 -0.774693 1.371387 0.267200 -0.197975 0.022536 -0.106920 -0.974098
1642647816.095428 -0.774498 1.371460 0.267335 -0.197830 0.022054 -0.106789 -0.974153
1642647816.103761 -0.774293 1.371528 0.267460 -0.197738 0.021515 -0.106630 -0.974201
1642647816.112094 -0.774095 1.371596 0.267592 -0.197644 0.020977 -0.106462 -0.974250
1642647816.120428 -0.773882 1.371677 0.267723 -0.197534 0.020468 -0.106312 -0.974299
1642647816.128761 -0.773676 1.371759 0.267854 -0.197419 0.019975 -0.106188 -0.974347
1642647816.137094 -0.773466 1.371842 0.267982 -0.197303 0.019484 -0.106030 -0.974397
1642647816.145427 -0.773281 1.371918 0.268044 -0.197097 0.017934 -0.105532 -0.974523
1642647816.153761 -0.773057 1.372003 0.268178 -0.196986 0.017332 -0.105342 -0.974577
1642647816.162094 -0.772826 1.372091 0.268317 -0.196862 0.016875 -0.105256 -0.974619
1642647816.170428 -0.772591 1.372174 0.268445 -0.196740 0.016337 -0.105105 -0.974669
1642647816.178761 -0.772348 1.372258 0.268583 -0.196649 0.015712 -0.104896 -0.974720
1642647816.187094 -0.772091 1.372334 0.268725 -0.196536 0.015185 -0.104733 -0.974769
1642647816.195428 -0.771838 1.372416 0.268866 -0.196434 0.014607 -0.104526 -0.974820
1642647816.203761 -0.771578 1.372478 0.268992 -0.196398 0.014056 -0.104336 -0.974856
1642647816.212094 -0.771302 1.372554 0.269149 -0.196338 0.013485 -0.104232 -0.974887
1642647816.220428 -0.771020 1.372620 0.269290 -0.196275 0.012887 -0.103974 -0.974936
1642647816.228761 -0.770726 1.372686 0.269440 -0.196198 0.012322 -0.103743 -0.974983
1642647816.237094 -0.770434 1.372745 0.269593 -0.196169 0.011716 -0.103505 -0.975022
1642647816.245428 -0.770132 1.372785 0.269742 -0.196075 0.011128 -0.103298 -0.975069
1642647816.253761 -0.769818 1.372830 0.269892 -0.196112 0.010514 -0.103041 -0.975096
1642647816.262094 -0.769503 1.372874 0.270039 -0.196032 0.010028 -0.102874 -0.975135
1642647816.270427 -0.769172 1.372911 0.270186 -0.196025 0.009337 -0.102620 -0.975170
1642647816.278761 -0.768848 1.372958 0.270344 -0.195913 0.008789 -0.102392 -0.975221
1642647816.287094 -0.768522 1.372997 0.270498 -0.195893 0.008125 -0.102159 -0.975256
1642647816.295428 -0.768188 1.373029 0.270651 -0.195814 0.007489 -0.101950 -0.975298
1642647816.303761 -0.767852 1.373067 0.270813 -0.195778 0.006905 -0.101705 -0.975336
1642647816.312094 -0.767510 1.373108 0.270968 -0.195785 0.006283 -0.101436 -0.975366
1642647816.320428 -0.767168 1.373149 0.271127 -0.195763 0.005686 -0.101180 -0.975401
1642647816.328761 -0.766783 1.373195 0.271320 -0.195722 0.005703 -0.101063 -0.975421
1642647816.337094 -0.766446 1.373229 0.271476 -0.195696 0.005101 -0.100854 -0.975452
1642647816.345428 -0.766114 1.373263 0.271640 -0.195696 0.004434 -0.100681 -0.975473
1642647816.353761 -0.765716 1.373252 0.271764 -0.194994 0.005404 -0.100952 -0.975580
1642647816.362094 -0.765388 1.373286 0.271912 -0.195116 0.004523 -0.100666 -0.975590
1642647816.370428 -0.765108 1.373364 0.272098 -0.195639 0.002656 -0.100038 -0.975557
1642647816.378761 -0.764766 1.373397 0.272245 -0.195545 0.002232 -0.099833 -0.975598
1642647816.387094 -0.764401 1.373357 0.272303 -0.194775 0.002771 -0.100187 -0.975714
1642647816.395427 -0.764093 1.373444 0.272482 -0.195337 0.001082 -0.099581 -0.975667
1642647816.403761 -0.763748 1.373492 0.272638 -0.195426 0.000227 -0.099261 -0.975682
1642647816.412094 -0.763422 1.373539 0.272776 -0.195398 -0.000373 -0.099078 -0.975707
1642647816.420428 -0.763078 1.373581 0.272914 -0.195413 -0.001061 -0.098853 -0.975726
1642647816.428761 -0.762737 1.373635 0.273057 -0.195361 -0.001720 -0.098669 -0.975754
1642647816.437094 -0.762369 1.373645 0.273144 -0.194677 -0.001226 -0.098978 -0.975860
1642647816.445428 -0.762020 1.373687 0.273275 -0.194653 -0.001968 -0.098760 -0.975886
1642647816.453761 -0.761677 1.373742 0.273405 -0.194629 -0.002638 -0.098543 -0.975911
1642647816.462094 -0.761334 1.373783 0.273551 -0.194630 -0.003371 -0.098248 -0.975938
1642647816.470428 -0.760986 1.373815 0.273685 -0.194597 -0.004045 -0.098070 -0.975960
1642647816.478761 -0.760628 1.373846 0.273832 -0.194587 -0.004807 -0.097846 -0.975981
1642647816.487094 -0.760314 1.373960 0.274079 -0.195302 -0.006670 -0.097165 -0.975895
1642647816.495428 -0.759963 1.373986 0.274243 -0.195377 -0.007463 -0.096902 -0.975901
1642647816.503761 -0.759602 1.373999 0.274408 -0.195415 -0.008172 -0.096754 -0.975902
1642647816.512094 -0.759247 1.374007 0.274574 -0.195517 -0.008906 -0.096529 -0.975897
1642647816.520427 -0.758896 1.374011 0.274744 -0.195578 -0.009715 -0.096339 -0.975896
1642647816.528761 -0.758547 1.374008 0.274913 -0.195647 -0.010431 -0.096199 -0.975889
1642647816.537094 -0.758197 1.374004 0.275080 -0.195739 -0.011225 -0.096039 -0.975878
1642647816.545428 -0.757804 1.373916 0.275153 -0.195085 -0.010877 -0.096413 -0.975975
1642647816.553761 -0.757462 1.373947 0.275373 -0.195790 -0.012756 -0.095748 -0.975877
1642647816.562094 -0.757102 1.373938 0.275545 -0.195907 -0.013587 -0.095587 -0.975858
1642647816.570428 -0.756733 1.373921 0.275719 -0.196005 -0.014470 -0.095460 -0.975838
1642647816.578761 -0.756392 1.373933 0.275917 -0.196393 -0.015904 -0.094968 -0.975786
1642647816.587094 -0.756025 1.373918 0.276094 -0.196544 -0.016847 -0.094785 -0.975757
1642647816.595428 -0.755637 1.373891 0.276281 -0.196590 -0.017395 -0.094726 -0.975744
1642647816.603761 -0.755211 1.373882 0.276454 -0.196668 -0.017864 -0.094432 -0.975749
1642647816.612094 -0.754807 1.373863 0.276637 -0.196753 -0.018243 -0.094405 -0.975727
1642647816.620428 -0.754414 1.373848 0.276819 -0.196819 -0.019012 -0.094183 -0.975721
1642647816.628761 -0.754017 1.373836 0.277002 -0.196904 -0.019875 -0.094015 -0.975702
1642647816.637094 -0.753610 1.373824 0.277178 -0.196988 -0.020647 -0.093816 -0.975689
1642647816.645427 -0.753204 1.373796 0.277337 -0.197162 -0.021380 -0.093671 -0.975652
1642647816.653761 -0.752802 1.373786 0.277494 -0.197230 -0.022096 -0.093426 -0.975645
1642647816.662094 -0.752378 1.373726 0.277609 -0.197259 -0.022878 -0.093171 -0.975646
1642647816.670428 -0.751976 1.373722 0.277752 -0.197284 -0.023548 -0.093040 -0.975637
1642647816.678761 -0.751568 1.373715 0.277898 -0.197365 -0.024271 -0.092840 -0.975622
1642647816.687094 -0.751155 1.373708 0.278027 -0.197288 -0.024677 -0.092727 -0.975638
1642647816.695428 -0.750750 1.373715 0.278163 -0.197371 -0.025381 -0.092445 -0.975630
1642647816.703761 -0.750350 1.373730 0.278308 -0.197519 -0.026344 -0.092029 -0.975614
1642647816.712094 -0.749941 1.373738 0.278430 -0.197565 -0.026980 -0.091864 -0.975603
1642647816.720428 -0.749544 1.373750 0.278553 -0.197562 -0.027699 -0.091628 -0.975606
1642647816.728761 -0.749144 1.373750 0.278671 -0.197589 -0.028441 -0.091373 -0.975603
1642647816.737094 -0.748746 1.373762 0.278788 -0.197632 -0.029105 -0.091095 -0.975600
1642647816.745428 -0.748341 1.373671 0.278822 -0.196604 -0.028251 -0.091733 -0.975773
1642647816.753761 -0.747949 1.373681 0.278926 -0.196586 -0.028866 -0.091506 -0.975780
1642647816.762094 -0.747562 1.373700 0.279031 -0.196665 -0.029579 -0.091241 -0.975768
1642647816.770427 -0.747195 1.373782 0.279192 -0.197433 -0.031694 -0.090279 -0.975636
1642647816.778761 -0.746809 1.373808 0.279302 -0.197463 -0.032412 -0.090075 -0.975625
1642647816.787094 -0.746429 1.373830 0.279397 -0.197384 -0.033015 -0.089845 -0.975642
1642647816.795428 -0.746053 1.373862 0.279494 -0.197448 -0.033723 -0.089540 -0.975633
1642647816.803761 -0.745696 1.373948 0.279622 -0.197502 -0.034282 -0.089339 -0.975621
1642647816.812094 -0.745329 1.373987 0.279720 -0.197516 -0.035031 -0.089063 -0.975617
1642647816.820428 -0.744936 1.373958 0.279747 -0.196699 -0.034170 -0.089543 -0.975769
1642647816.828761 -0.744555 1.373934 0.279789 -0.196673 -0.034709 -0.089392 -0.975769
1642647816.837094 -0.744204 1.373962 0.279867 -0.196667 -0.035279 -0.089204 -0.975767
1642647816.845428 -0.743883 1.374058 0.280025 -0.197510 -0.037482 -0.088213 -0.975604
1642647816.853761 -0.743539 1.374088 0.280107 -0.197640 -0.038315 -0.087885 -0.975575
1642647816.862094 -0.743163 1.374056 0.280142 -0.196763 -0.037282 -0.088463 -0.975740
1642647816.870428 -0.742834 1.374123 0.280269 -0.197348 -0.038946 -0.087757 -0.975621
1642647816.878761 -0.742469 1.374105 0.280332 -0.196792 -0.038481 -0.088020 -0.975728
1642647816.887094 -0.742140 1.374181 0.280477 -0.197381 -0.040117 -0.087237 -0.975613
1642647816.895427 -0.741782 1.374159 0.280536 -0.196901 -0.039711 -0.087451 -0.975708
1642647816.903761 -0.741439 1.374165 0.280634 -0.196883 -0.040163 -0.087279 -0.975708
1642647816.912094 -0.741093 1.374165 0.280714 -0.196995 -0.040775 -0.087061 -0.975680
1642647816.920428 -0.740675 1.374257 0.280856 -0.197236 -0.042283 -0.086093 -0.975653
1642647816.928761 -0.740338 1.374257 0.280953 -0.197249 -0.042692 -0.085833 -0.975655
1642647816.937094 -0.740006 1.374257 0.281036 -0.197292 -0.043069 -0.085660 -0.975645
1642647816.945428 -0.739678 1.374249 0.281118 -0.197383 -0.043553 -0.085442 -0.975624
1642647816.953761 -0.739398 1.374226 0.281216 -0.197380 -0.043482 -0.085642 -0.975610
1642647816.962094 -0.739020 1.374267 0.281290 -0.197388 -0.044451 -0.085036 -0.975618
1642647816.970428 -0.738710 1.374338 0.281416 -0.198094 -0.046109 -0.084211 -0.975470
1642647816.978761 -0.738420 1.374209 0.281423 -0.197392 -0.044649 -0.085026 -0.975609
1642647816.987094 -0.738143 1.374400 0.281620 -0.198072 -0.046186 -0.084234 -0.975469
1642647816.995428 -0.737780 1.374332 0.281608 -0.197471 -0.045655 -0.084358 -0.975605
1642647817.003761 -0.737479 1.374366 0.281668 -0.197425 -0.045846 -0.084282 -0.975612
1642647817.012094 -0.737148 1.374341 0.281691 -0.197392 -0.046250 -0.084032 -0.975621
1642647817.020427 -0.736827 1.374369 0.281750 -0.197408 -0.046642 -0.083792 -0.975620
1642647817.028761 -0.736535 1.374464 0.281839 -0.197411 -0.046985 -0.083523 -0.975626
1642647817.037094 -0.736215 1.374447 0.281851 -0.197395 -0.047419 -0.083237 -0.975632
1642647817.045428 -0.735919 1.374474 0.281880 -0.197367 -0.047677 -0.083086 -0.975638
1642647817.053761 -0.735637 1.374520 0.281918 -0.197373 -0.048157 -0.082837 -0.975635
1642647817.062094 -0.735349 1.374567 0.281952 -0.197334 -0.048485 -0.082659 -0.975641
1642647817.070428 -0.735066 1.374613 0.281978 -0.197314 -0.048972 -0.082434 -0.975640
1642647817.078761 -0.734795 1.374660 0.282004 -0.197270 -0.049355 -0.082219 -0.975648
1642647817.087094 -0.734516 1.374704 0.282025 -0.197253 -0.049713 -0.082038 -0.975648
1642647817.095428 -0.734240 1.374732 0.282045 -0.197206 -0.050094 -0.081855 -0.975654
1642647817.103761 -0.733968 1.374781 0.282068 -0.197189 -0.050489 -0.081728 -0.975647
1642647817.112094 -0.733705 1.374825 0.282089 -0.197111 -0.050932 -0.081486 -0.975661
1642647817.120428 -0.733439 1.374863 0.282110 -0.197108 -0.051405 -0.081271 -0.975654
1642647817.128761 -0.733179 1.374892 0.282126 -0.197152 -0.051824 -0.081096 -0.975638
1642647817.137094 -0.732920 1.374917 0.282160 -0.197194 -0.052317 -0.080904 -0.975619
1642647817.145427 -0.732659 1.374925 0.282184 -0.197186 -0.052663 -0.080758 -0.975614
1642647817.153761 -0.732406 1.374934 0.282212 -0.197191 -0.052970 -0.080633 -0.975607
1642647817.162094 -0.732153 1.374942 0.282255 -0.197238 -0.053355 -0.080491 -0.975588
1642647817.170428 -0.731900 1.374943 0.282294 -0.197320 -0.053814 -0.080312 -0.975561
1642647817.178761 -0.731657 1.374932 0.282344 -0.197371 -0.054262 -0.080101 -0.975543
1642647817.187094 -0.731409 1.374920 0.282395 -0.197394 -0.054574 -0.080023 -0.975527
1642647817.195428 -0.731173 1.374901 0.282447 -0.197459 -0.054970 -0.079872 -0.975504
1642647817.203761 -0.730945 1.374883 0.282503 -0.197533 -0.055344 -0.079765 -0.975477
1642647817.212094 -0.730716 1.374854 0.282560 -0.197655 -0.055763 -0.079611 -0.975441
1642647817.220428 -0.730504 1.374827 0.282618 -0.197723 -0.056128 -0.079475 -0.975417
1642647817.228761 -0.730298 1.374808 0.282676 -0.197800 -0.056471 -0.079437 -0.975385
1642647817.237094 -0.730089 1.374787 0.282742 -0.197856 -0.056735 -0.079377 -0.975363
1642647817.245428 -0.729880 1.374771 0.282809 -0.197895 -0.057072 -0.079280 -0.975344
1642647817.253761 -0.729679 1.374754 0.282875 -0.198000 -0.057479 -0.079214 -0.975304
1642647817.262094 -0.729432 1.374690 0.282961 -0.197819 -0.057883 -0.079583 -0.975287
1642647817.270427 -0.729226 1.374671 0.283025 -0.197913 -0.058378 -0.079525 -0.975243
1642647817.278761 -0.729022 1.374658 0.283076 -0.197996 -0.058783 -0.079422 -0.975210
1642647817.287094 -0.728813 1.374636 0.283128 -0.198147 -0.059204 -0.079306 -0.975163
1642647817.295428 -0.728600 1.374612 0.283177 -0.198227 -0.059575 -0.079267 -0.975127
1642647817.303761 -0.728384 1.374599 0.283222 -0.198319 -0.059939 -0.079205 -0.975092
1642647817.312094 -0.728172 1.374582 0.283258 -0.198379 -0.060350 -0.079148 -0.975059
1642647817.320428 -0.727952 1.374565 0.283297 -0.198495 -0.060649 -0.079081 -0.975022
1642647817.328761 -0.727735 1.374550 0.283323 -0.198583 -0.061063 -0.078999 -0.974985
1642647817.337094 -0.727508 1.374530 0.283343 -0.198716 -0.061368 -0.078949 -0.974943
1642647817.345428 -0.727289 1.374524 0.283371 -0.198846 -0.061706 -0.078874 -0.974901
1642647817.353761 -0.727057 1.374506 0.283385 -0.198966 -0.062087 -0.078751 -0.974862
1642647817.362094 -0.726824 1.374488 0.283403 -0.199022 -0.062386 -0.078653 -0.974839
1642647817.370428 -0.726595 1.374475 0.283423 -0.199102 -0.062706 -0.078539 -0.974812
1642647817.378761 -0.726364 1.374465 0.283440 -0.199242 -0.063032 -0.078461 -0.974769
1642647817.387094 -0.726126 1.374446 0.283457 -0.199320 -0.063370 -0.078367 -0.974738
1642647817.395427 -0.725887 1.374427 0.283472 -0.199372 -0.063644 -0.078308 -0.974714
1642647817.403761 -0.725647 1.374404 0.283489 -0.199449 -0.064089 -0.078196 -0.974678
1642647817.412094 -0.725413 1.374377 0.283507 -0.199538 -0.064279 -0.078197 -0.974648
1642647817.420428 -0.725185 1.374349 0.283526 -0.199590 -0.064614 -0.078093 -0.974623
1642647817.428761 -0.724949 1.374315 0.283543 -0.199691 -0.064981 -0.078023 -0.974584
1642647817.437094 -0.724711 1.374286 0.283565 -0.199774 -0.065342 -0.078077 -0.974538
1642647817.445428 -0.724473 1.374257 0.283584 -0.199877 -0.065713 -0.078047 -0.974495
1642647817.453761 -0.724230 1.374218 0.283602 -0.199965 -0.066053 -0.078048 -0.974453
1642647817.462094 -0.723988 1.374187 0.283603 -0.200096 -0.066808 -0.077906 -0.974386
1642647817.470428 -0.723731 1.374140 0.283619 -0.200172 -0.067146 -0.077856 -0.974352
1642647817.478761 -0.723471 1.374160 0.283677 -0.200315 -0.067750 -0.077727 -0.974291
1642647817.487094 -0.723211 1.374127 0.283704 -0.200398 -0.068069 -0.077715 -0.974252
1642647817.495428 -0.722930 1.374184 0.283726 -0.200510 -0.068682 -0.077553 -0.974199
1642647817.503761 -0.722675 1.374058 0.283719 -0.200581 -0.068912 -0.077712 -0.974156
1642647817.512094 -0.722345 1.374053 0.283714 -0.200740 -0.069716 -0.077376 -0.974093
1642647817.520427 -0.722115 1.373986 0.283747 -0.200822 -0.069674 -0.077681 -0.974054
1642647817.528761 -0.721839 1.373954 0.283760 -0.200910 -0.070035 -0.077657 -0.974012
1642647817.537094 -0.721563 1.373925 0.283766 -0.201020 -0.070518 -0.077524 -0.973965
1642647817.545428 -0.721280 1.373842 0.283734 -0.201062 -0.070800 -0.077560 -0.973933
1642647817.553761 -0.721000 1.373879 0.283776 -0.201238 -0.071387 -0.077458 -0.973862
1642647817.562094 -0.720712 1.373877 0.283786 -0.201249 -0.071719 -0.077464 -0.973835
1642647817.570428 -0.720450 1.373929 0.283833 -0.201368 -0.072142 -0.077464 -0.973779
1642647817.578761 -0.720129 1.373954 0.283810 -0.201385 -0.072894 -0.077161 -0.973743
1642647817.587094 -0.719885 1.373922 0.283827 -0.201434 -0.072800 -0.077407 -0.973721
1642647817.595428 -0.719604 1.373928 0.283822 -0.201431 -0.073131 -0.077391 -0.973698
1642647817.603761 -0.719299 1.373878 0.283754 -0.201395 -0.073539 -0.077212 -0.973689
1642647817.612094 -0.719041 1.373945 0.283781 -0.201472 -0.073816 -0.077226 -0.973651
1642647817.620428 -0.718764 1.373970 0.283765 -0.201440 -0.074337 -0.077157 -0.973624
1642647817.628761 -0.718491 1.373987 0.283741 -0.201439 -0.074649 -0.077144 -0.973601
1642647817.637094 -0.718210 1.374003 0.283708 -0.201409 -0.074981 -0.077122 -0.973583
1642647817.645427 -0.717931 1.374028 0.283689 -0.201401 -0.075335 -0.077019 -0.973566
1642647817.653761 -0.717626 1.373993 0.283612 -0.201389 -0.075910 -0.076883 -0.973534
1642647817.662094 -0.717339 1.374018 0.283584 -0.201347 -0.076239 -0.076849 -0.973520
1642647817.670428 -0.717071 1.374098 0.283607 -0.201318 -0.076506 -0.076876 -0.973503
1642647817.678761 -0.716775 1.374125 0.283589 -0.201336 -0.076845 -0.076860 -0.973474
1642647817.687094 -0.716477 1.374146 0.283576 -0.201356 -0.077314 -0.076822 -0.973436
1642647817.695428 -0.716179 1.374165 0.283558 -0.201366 -0.077641 -0.076766 -0.973412
1642647817.703761 -0.715852 1.374071 0.283471 -0.201325 -0.078109 -0.076662 -0.973391
1642647817.712094 -0.715556 1.374089 0.283464 -0.201325 -0.078421 -0.076607 -0.973370
1642647817.720428 -0.715267 1.374180 0.283505 -0.201306 -0.078942 -0.076518 -0.973339
1642647817.728761 -0.714975 1.374207 0.283516 -0.201322 -0.079315 -0.076415 -0.973314
1642647817.737094 -0.714686 1.374226 0.283522 -0.201341 -0.079652 -0.076398 -0.973284
1642647817.745428 -0.714390 1.374260 0.283528 -0.201308 -0.079942 -0.076395 -0.973267
1642647817.753761 -0.714085 1.374373 0.283555 -0.201277 -0.080519 -0.076181 -0.973242
1642647817.762094 -0.713812 1.374319 0.283542 -0.201299 -0.080694 -0.076300 -0.973214
1642647817.770427 -0.713477 1.374383 0.283539 -0.201294 -0.081576 -0.075869 -0.973175
1642647817.778761 -0.713224 1.374482 0.283578 -0.201232 -0.081743 -0.075938 -0.973169
1642647817.787094 -0.712895 1.374464 0.283539 -0.201278 -0.082338 -0.075730 -0.973125
1642647817.795428 -0.712635 1.374563 0.283568 -0.201170 -0.082441 -0.075803 -0.973133
1642647817.803761 -0.712346 1.374453 0.283510 -0.201155 -0.082515 -0.075953 -0.973118
1642647817.812094 -0.712043 1.374491 0.283495 -0.201151 -0.082902 -0.075902 -0.973090
1642647817.820428 -0.711749 1.374540 0.283490 -0.201084 -0.083208 -0.075864 -0.973081
1642647817.828761 -0.711456 1.374641 0.283520 -0.201106 -0.083726 -0.075752 -0.973041
1642647817.837094 -0.711158 1.374689 0.283516 -0.201053 -0.084089 -0.075698 -0.973024
1642647817.845428 -0.710861 1.374732 0.283505 -0.201043 -0.084555 -0.075510 -0.973001
1642647817.853761 -0.710561 1.374778 0.283503 -0.201003 -0.084847 -0.075383 -0.972993
1642647817.862094 -0.710250 1.374823 0.283501 -0.200966 -0.085155 -0.075328 -0.972978
1642647817.870428 -0.709943 1.374867 0.283499 -0.200944 -0.085461 -0.075237 -0.972963
1642647817.878761 -0.709632 1.374918 0.283496 -0.200906 -0.085740 -0.075119 -0.972956
1642647817.887094 -0.709329 1.374963 0.283493 -0.200854 -0.086050 -0.075029 -0.972946
1642647817.895427 -0.709003 1.374946 0.283453 -0.200814 -0.086238 -0.074947 -0.972944
1642647817.903761 -0.708679 1.375005 0.283448 -0.200789 -0.086653 -0.074744 -0.972928
1642647817.912094 -0.708359 1.375063 0.283446 -0.200672 -0.086948 -0.074651 -0.972933
1642647817.920428 -0.708030 1.375124 0.283438 -0.200688 -0.087257 -0.074540 -0.972910
1642647817.928761 -0.707732 1.375307 0.283520 -0.200607 -0.087471 -0.074447 -0.972915
1642647817.937094 -0.707391 1.375315 0.283474 -0.200550 -0.087864 -0.074245 -0.972907
1642647817.945428 -0.707059 1.375455 0.283493 -0.200521 -0.088409 -0.073902 -0.972889
1642647817.953761 -0.706748 1.375362 0.283431 -0.200484 -0.088390 -0.074020 -0.972890
1642647817.962094 -0.706460 1.375528 0.283511 -0.200432 -0.088650 -0.073952 -0.972882
1642647817.970428 -0.706145 1.375587 0.283513 -0.200365 -0.089020 -0.073795 -0.972874
1642647817.978761 -0.705806 1.375515 0.283418 -0.200303 -0.089359 -0.073701 -0.972863
1642647817.987094 -0.705495 1.375559 0.283404 -0.200206 -0.089649 -0.073627 -0.972862
1642647817.995428 -0.705189 1.375613 0.283402 -0.200195 -0.090065 -0.073484 -0.972836
1642647818.003761 -0.704877 1.375671 0.283394 -0.200104 -0.090422 -0.073338 -0.972833
1642647818.012094 -0.704557 1.375718 0.283385 -0.200134 -0.090768 -0.073285 -0.972799
1642647818.020427 -0.704245 1.375771 0.283372 -0.200035 -0.091045 -0.073238 -0.972796
1642647818.028761 -0.703930 1.375824 0.283355 -0.199989 -0.091254 -0.073206 -0.972789
1642647818.037094 -0.703613 1.375878 0.283334 -0.199951 -0.091751 -0.073016 -0.972764
1642647818.045428 -0.703305 1.375938 0.283312 -0.199875 -0.092010 -0.072949 -0.972760
1642647818.053761 -0.702987 1.375996 0.283288 -0.199862 -0.092390 -0.072887 -0.972732
1642647818.062094 -0.702680 1.376056 0.283259 -0.199790 -0.092630 -0.072786 -0.972731
1642647818.070428 -0.702367 1.376111 0.283227 -0.199708 -0.092911 -0.072758 -0.972723
1642647818.078761 -0.702067 1.376180 0.283201 -0.199586 -0.093156 -0.072701 -0.972729
1642647818.087094 -0.701764 1.376243 0.283168 -0.199457 -0.093413 -0.072599 -0.972739
1642647818.095428 -0.701460 1.376304 0.283127 -0.199404 -0.093798 -0.072434 -0.972725
1642647818.103761 -0.701158 1.376377 0.283091 -0.199264 -0.094030 -0.072288 -0.972742
1642647818.112094 -0.700853 1.376445 0.283053 -0.199149 -0.094338 -0.072174 -0.972744
1642647818.120428 -0.700558 1.376520 0.283013 -0.198992 -0.094613 -0.072080 -0.972756
1642647818.128761 -0.700261 1.376597 0.282967 -0.198910 -0.094922 -0.072004 -0.972749
1642647818.137094 -0.699973 1.376674 0.282920 -0.198780 -0.095139 -0.071995 -0.972755
1642647818.145427 -0.699688 1.376765 0.282872 -0.198621 -0.095472 -0.071901 -0.972762
1642647818.153761 -0.699404 1.376856 0.282822 -0.198497 -0.095791 -0.071816 -0.972762
1642647818.162094 -0.699123 1.376947 0.282771 -0.198305 -0.096114 -0.071734 -0.972775
1642647818.170428 -0.698838 1.377038 0.282729 -0.198169 -0.096483 -0.071661 -0.972772
1642647818.178761 -0.698554 1.377124 0.282684 -0.197966 -0.096706 -0.071647 -0.972792
1642647818.187094 -0.698285 1.377215 0.282644 -0.197910 -0.097177 -0.071535 -0.972765
1642647818.195428 -0.698005 1.377307 0.282597 -0.197779 -0.097435 -0.071576 -0.972762
1642647818.203761 -0.697717 1.377403 0.282553 -0.197700 -0.097869 -0.071538 -0.972738
1642647818.212094 -0.697434 1.377494 0.282517 -0.197544 -0.098217 -0.071532 -0.972735
1642647818.220428 -0.697152 1.377585 0.282477 -0.197435 -0.098603 -0.071530 -0.972718
1642647818.228761 -0.696866 1.377682 0.282446 -0.197264 -0.098978 -0.071487 -0.972718
1642647818.237094 -0.696585 1.377782 0.282411 -0.197127 -0.099362 -0.071524 -0.972704
1642647818.245428 -0.696289 1.377877 0.282378 -0.197034 -0.099766 -0.071581 -0.972677
1642647818.253761 -0.695989 1.377967 0.282344 -0.196911 -0.100156 -0.071594 -0.972661
1642647818.262094 -0.695689 1.378051 0.282311 -0.196812 -0.100470 -0.071591 -0.972649
1642647818.270427 -0.695369 1.378134 0.282281 -0.196713 -0.100941 -0.071546 -0.972623
1642647818.278761 -0.695054 1.378214 0.282260 -0.196622 -0.101390 -0.071482 -0.972600
1642647818.287094 -0.694728 1.378346 0.282272 -0.196584 -0.101864 -0.071382 -0.972565
1642647818.295428 -0.694393 1.378347 0.282213 -0.196486 -0.102210 -0.071401 -0.972547
1642647818.303761 -0.694052 1.378398 0.282241 -0.196435 -0.101759 -0.071828 -0.972574
1642647818.312094 -0.693710 1.378453 0.282234 -0.196371 -0.102172 -0.071777 -0.972547
1642647818.320428 -0.693357 1.378494 0.282223 -0.196285 -0.102661 -0.071780 -0.972512
1642647818.328761 -0.692992 1.378541 0.282231 -0.196262 -0.103215 -0.071689 -0.972465
1642647818.337094 -0.692624 1.378579 0.282242 -0.196236 -0.103729 -0.071674 -0.972417
1642647818.345428 -0.692255 1.378613 0.282249 -0.196225 -0.104251 -0.071589 -0.972369
1642647818.353761 -0.691924 1.378600 0.282232 -0.196166 -0.104229 -0.071869 -0.972363
1642647818.362094 -0.691521 1.378629 0.282261 -0.196101 -0.104215 -0.072005 -0.972368
1642647818.370428 -0.691144 1.378730 0.282333 -0.195316 -0.104638 -0.071761 -0.972498
1642647818.378761 -0.690744 1.378749 0.282360 -0.195325 -0.105047 -0.071714 -0.972456
1642647818.387094 -0.690352 1.378763 0.282372 -0.195313 -0.105395 -0.071681 -0.972423
1642647818.395427 -0.689958 1.378785 0.282388 -0.195363 -0.106117 -0.071533 -0.972345
1642647818.403761 -0.689562 1.378803 0.282398 -0.195345 -0.106661 -0.071481 -0.972293
1642647818.412094 -0.689184 1.378805 0.282327 -0.195277 -0.108677 -0.070723 -0.972139
1642647818.420428 -0.688799 1.378824 0.282320 -0.195242 -0.109304 -0.070620 -0.972083
1642647818.428761 -0.688344 1.378868 0.282412 -0.195263 -0.107971 -0.071355 -0.972174
1642647818.437094 -0.687928 1.378844 0.282341 -0.195186 -0.110114 -0.070263 -0.972029
1642647818.445428 -0.687523 1.378917 0.282352 -0.195130 -0.110324 -0.070601 -0.971992
1642647818.453761 -0.687098 1.378951 0.282349 -0.195118 -0.110876 -0.070595 -0.971932
1642647818.462094 -0.686665 1.378988 0.282346 -0.195159 -0.111449 -0.070466 -0.971868
1642647818.470428 -0.686223 1.379023 0.282335 -0.195123 -0.111928 -0.070436 -0.971822
1642647818.478761 -0.685776 1.379063 0.282319 -0.195163 -0.112379 -0.070399 -0.971765
1642647818.487094 -0.685333 1.379097 0.282293 -0.195117 -0.112927 -0.070301 -0.971717
1642647818.495428 -0.684889 1.379132 0.282274 -0.195139 -0.113590 -0.070192 -0.971643
1642647818.503761 -0.684435 1.379166 0.282253 -0.195075 -0.114132 -0.070121 -0.971598
1642647818.512094 -0.683967 1.379168 0.282216 -0.194974 -0.115075 -0.069548 -0.971548
1642647818.520427 -0.683529 1.379255 0.282161 -0.194955 -0.115997 -0.069416 -0.971452
1642647818.528761 -0.683082 1.379298 0.282144 -0.194953 -0.116563 -0.069322 -0.971391
1642647818.537094 -0.682628 1.379341 0.282123 -0.194922 -0.117094 -0.069235 -0.971340
1642647818.545428 -0.682179 1.379381 0.282101 -0.194843 -0.117603 -0.069144 -0.971301
1642647818.553761 -0.681733 1.379423 0.282089 -0.194802 -0.118084 -0.069130 -0.971252
1642647818.562094 -0.681289 1.379466 0.282071 -0.194682 -0.118559 -0.069041 -0.971224
1642647818.570428 -0.680850 1.379514 0.282062 -0.194654 -0.119151 -0.068988 -0.971161
1642647818.578761 -0.680385 1.379501 0.282036 -0.194615 -0.120140 -0.068434 -0.971086
1642647818.587094 -0.679967 1.379516 0.282021 -0.194488 -0.120760 -0.068406 -0.971037
1642647818.595428 -0.679547 1.379591 0.282032 -0.194469 -0.120821 -0.068809 -0.971005
1642647818.603761 -0.679105 1.379624 0.282032 -0.194420 -0.121278 -0.068785 -0.970959
1642647818.612094 -0.678667 1.379657 0.282031 -0.194446 -0.121910 -0.068707 -0.970880
1642647818.620428 -0.678222 1.379667 0.282023 -0.194435 -0.122402 -0.068676 -0.970823
1642647818.628761 -0.677784 1.379699 0.282033 -0.194451 -0.122993 -0.068523 -0.970756
1642647818.637094 -0.677348 1.379737 0.282043 -0.194395 -0.123546 -0.068397 -0.970705
1642647818.645427 -0.676901 1.379729 0.282039 -0.194393 -0.124546 -0.067837 -0.970617
1642647818.653761 -0.676479 1.379767 0.282053 -0.194406 -0.125157 -0.067659 -0.970548
1642647818.662094 -0.676059 1.379803 0.282066 -0.194409 -0.125716 -0.067563 -0.970482
1642647818.670428 -0.675658 1.379885 0.282102 -0.194358 -0.125749 -0.068002 -0.970458
1642647818.678761 -0.675250 1.379923 0.282133 -0.194321 -0.126175 -0.068015 -0.970409
1642647818.687094 -0.674843 1.379957 0.282148 -0.194281 -0.126682 -0.068006 -0.970351
1642647818.695428 -0.674433 1.379992 0.282159 -0.194312 -0.127224 -0.067950 -0.970278
1642647818.703761 -0.674017 1.379981 0.282160 -0.194322 -0.128269 -0.067444 -0.970174
1642647818.712094 -0.673580 1.379950 0.282139 -0.194247 -0.129766 -0.066546 -0.970052
1642647818.720428 -0.673173 1.379990 0.282167 -0.194201 -0.130354 -0.066461 -0.969988
1642647818.728761 -0.672773 1.380019 0.282178 -0.194128 -0.130851 -0.066502 -0.969933
1642647818.737094 -0.672376 1.380048 0.282197 -0.194077 -0.131340 -0.066492 -0.969878
1642647818.745428 -0.672028 1.380180 0.282266 -0.194035 -0.130564 -0.067716 -0.969906
1642647818.753761 -0.671627 1.380212 0.282284 -0.193996 -0.130983 -0.067760 -0.969855
1642647818.762094 -0.671221 1.380236 0.282299 -0.193957 -0.131403 -0.067728 -0.969808
1642647818.770427 -0.670808 1.380266 0.282331 -0.193954 -0.131956 -0.067651 -0.969739
1642647818.778761 -0.670359 1.380191 0.282307 -0.193945 -0.133883 -0.066266 -0.969572
1642647818.787094 -0.669979 1.380278 0.282370 -0.193923 -0.133614 -0.066928 -0.969568
1642647818.795428 -0.669577 1.380304 0.282403 -0.193945 -0.134135 -0.066884 -0.969495
1642647818.803761 -0.669173 1.380334 0.282440 -0.193906 -0.134638 -0.066780 -0.969440
1642647818.812094 -0.668763 1.380367 0.282479 -0.193828 -0.135120 -0.066661 -0.969397
1642647818.820428 -0.668360 1.380409 0.282520 -0.193824 -0.135681 -0.066585 -0.969324
1642647818.828761 -0.667962 1.380482 0.282578 -0.193840 -0.135677 -0.066977 -0.969295
1642647818.837094 -0.667533 1.380478 0.282599 -0.193776 -0.136749 -0.066394 -0.969197
1642647818.845428 -0.667110 1.380510 0.282629 -0.193754 -0.137416 -0.066260 -0.969116
1642647818.853761 -0.666690 1.380544 0.282666 -0.193773 -0.137996 -0.066159 -0.969037
1642647818.862094 -0.666261 1.380566 0.282685 -0.193757 -0.138538 -0.066005 -0.968973
1642647818.870428 -0.665853 1.380593 0.282719 -0.193765 -0.139016 -0.065943 -0.968907
1642647818.878761 -0.665438 1.380624 0.282750 -0.193769 -0.139506 -0.065834 -0.968843
1642647818.887094 -0.665026 1.380661 0.282780 -0.193800 -0.140059 -0.065697 -0.968767
1642647818.895427 -0.664629 1.380738 0.282828 -0.193709 -0.139942 -0.066090 -0.968775
1642647818.903761 -0.664204 1.380737 0.282837 -0.193676 -0.140858 -0.065530 -0.968687
1642647818.912094 -0.663797 1.380769 0.282862 -0.193708 -0.141371 -0.065359 -0.968617
1642647818.920428 -0.663336 1.380783 0.282878 -0.193478 -0.141058 -0.065449 -0.968703
1642647818.928761 -0.662928 1.380815 0.282899 -0.193487 -0.141538 -0.065227 -0.968646
1642647818.937094 -0.662505 1.380852 0.282920 -0.193491 -0.142001 -0.065025 -0.968591
1642647818.945428 -0.662067 1.380828 0.282910 -0.193481 -0.143275 -0.064057 -0.968470
1642647818.953761 -0.661642 1.380863 0.282927 -0.193485 -0.143903 -0.063765 -0.968395
1642647818.962094 -0.661207 1.380971 0.283043 -0.192836 -0.143780 -0.064661 -0.968484
1642647818.970428 -0.660834 1.380988 0.283014 -0.193443 -0.144059 -0.064208 -0.968351
1642647818.978761 -0.660414 1.381016 0.283037 -0.193576 -0.144672 -0.063925 -0.968252
1642647818.987094 -0.660007 1.381042 0.283061 -0.193604 -0.145244 -0.063684 -0.968177
1642647818.995428 -0.659589 1.381063 0.283089 -0.193651 -0.145861 -0.063459 -0.968089
1642647819.003761 -0.659179 1.381089 0.283113 -0.193654 -0.146298 -0.063275 -0.968035
1642647819.012094 -0.658770 1.381119 0.283132 -0.193645 -0.146853 -0.063057 -0.967967
1642647819.020427 -0.658321 1.381157 0.283214 -0.193090 -0.147586 -0.063247 -0.967954
1642647819.028761 -0.657913 1.381187 0.283256 -0.193078 -0.148124 -0.063023 -0.967889
1642647819.037094 -0.657517 1.381209 0.283279 -0.193148 -0.148634 -0.062873 -0.967806
1642647819.045428 -0.657135 1.381278 0.283361 -0.193618 -0.150038 -0.062184 -0.967540
1642647819.053761 -0.656717 1.381251 0.283359 -0.193222 -0.149468 -0.062502 -0.967687
1642647819.062094 -0.656326 1.381297 0.283439 -0.193734 -0.150728 -0.061913 -0.967427
1642647819.070428 -0.655909 1.381323 0.283503 -0.193789 -0.151396 -0.061562 -0.967334
1642647819.078761 -0.655461 1.381265 0.283529 -0.193869 -0.152639 -0.060648 -0.967180
1642647819.087094 -0.655019 1.381217 0.283541 -0.193370 -0.152062 -0.060973 -0.967351
1642647819.095428 -0.654619 1.381257 0.283648 -0.193873 -0.153510 -0.060291 -0.967064
1642647819.103761 -0.654193 1.381239 0.283719 -0.193992 -0.154093 -0.060018 -0.966964
1642647819.112094 -0.653796 1.381272 0.283816 -0.194157 -0.153841 -0.060617 -0.966934
1642647819.120428 -0.653349 1.381180 0.283846 -0.194150 -0.155098 -0.059688 -0.966793
1642647819.128761 -0.652922 1.381149 0.283917 -0.194252 -0.155774 -0.059441 -0.966679
1642647819.137094 -0.652526 1.381171 0.284029 -0.194326 -0.155463 -0.060060 -0.966676
1642647819.145427 -0.652102 1.381146 0.284107 -0.194407 -0.155913 -0.059926 -0.966595
1642647819.153761 -0.651675 1.381096 0.284182 -0.194547 -0.156260 -0.059752 -0.966522
1642647819.162094 -0.651248 1.381044 0.284267 -0.194660 -0.156817 -0.059590 -0.966419
1642647819.170428 -0.650812 1.380999 0.284354 -0.194809 -0.157341 -0.059433 -0.966313
1642647819.178761 -0.650378 1.380966 0.284445 -0.194908 -0.157834 -0.059187 -0.966228
1642647819.187094 -0.649940 1.380926 0.284539 -0.195077 -0.158324 -0.059007 -0.966125
1642647819.195428 -0.649489 1.380894 0.284633 -0.195180 -0.158873 -0.058825 -0.966025
1642647819.203761 -0.649050 1.380852 0.284722 -0.195313 -0.159372 -0.058634 -0.965927
1642647819.212094 -0.648577 1.380756 0.284774 -0.195314 -0.160669 -0.057638 -0.965772
1642647819.220428 -0.648124 1.380718 0.284842 -0.195492 -0.161192 -0.057360 -0.965666
1642647819.228761 -0.647681 1.380684 0.284911 -0.195696 -0.161826 -0.057132 -0.965532
1642647819.237094 -0.647240 1.380648 0.284967 -0.195739 -0.162358 -0.056957 -0.965444
1642647819.245428 -0.646830 1.380680 0.285050 -0.195862 -0.162200 -0.057540 -0.965411
1642647819.253761 -0.646395 1.380668 0.285106 -0.195886 -0.162667 -0.057435 -0.965334
1642647819.262094 -0.645948 1.380658 0.285160 -0.195908 -0.163237 -0.057290 -0.965242
1642647819.270427 -0.645505 1.380650 0.285216 -0.195884 -0.163899 -0.057148 -0.965143
1642647819.278761 -0.645058 1.380645 0.285260 -0.195980 -0.164620 -0.056966 -0.965011
1642647819.287094 -0.644585 1.380628 0.285205 -0.196841 -0.165146 -0.057134 -0.964736
1642647819.295428 -0.644134 1.380635 0.285225 -0.197030 -0.165932 -0.056874 -0.964578
1642647819.303761 -0.643684 1.380644 0.285229 -0.197054 -0.166512 -0.056746 -0.964481
1642647819.312094 -0.643229 1.380659 0.285254 -0.197079 -0.167117 -0.056666 -0.964376
1642647819.320428 -0.642752 1.380618 0.285236 -0.196999 -0.168378 -0.055788 -0.964224
1642647819.328761 -0.642334 1.380689 0.285271 -0.197063 -0.168150 -0.056264 -0.964223
1642647819.337094 -0.641838 1.380768 0.285311 -0.197194 -0.169177 -0.055689 -0.964050
1642647819.345428 -0.641391 1.380798 0.285315 -0.197185 -0.169831 -0.055471 -0.963949
1642647819.353761 -0.640949 1.380824 0.285308 -0.197197 -0.170330 -0.055270 -0.963870
1642647819.362094 -0.640491 1.380867 0.285324 -0.197069 -0.170949 -0.055104 -0.963797
1642647819.370428 -0.640049 1.380905 0.285331 -0.197013 -0.171406 -0.054936 -0.963736
1642647819.378761 -0.639601 1.380944 0.285342 -0.197002 -0.172062 -0.054661 -0.963637
1642647819.387094 -0.639152 1.380987 0.285353 -0.196979 -0.172557 -0.054534 -0.963561
1642647819.395427 -0.638701 1.381030 0.285361 -0.196945 -0.173142 -0.054261 -0.963478
1642647819.403761 -0.638250 1.381076 0.285359 -0.196982 -0.173588 -0.054015 -0.963404
1642647819.412094 -0.637792 1.381116 0.285360 -0.196924 -0.174078 -0.053762 -0.963342
1642647819.420428 -0.637325 1.381159 0.285360 -0.196848 -0.174725 -0.053557 -0.963252
1642647819.428761 -0.636872 1.381198 0.285351 -0.196878 -0.175287 -0.053311 -0.963157
1642647819.437094 -0.636407 1.381247 0.285344 -0.196943 -0.175782 -0.053104 -0.963065
1642647819.445428 -0.635931 1.381291 0.285331 -0.196969 -0.176280 -0.052858 -0.962982
1642647819.453761 -0.635457 1.381331 0.285321 -0.197108 -0.176799 -0.052630 -0.962871
1642647819.462094 -0.634972 1.381381 0.285324 -0.197121 -0.177362 -0.052419 -0.962776
1642647819.470428 -0.634473 1.381421 0.285330 -0.197049 -0.177903 -0.052103 -0.962709
1642647819.478761 -0.633985 1.381459 0.285347 -0.196943 -0.178450 -0.051801 -0.962645
1642647819.487094 -0.633494 1.381483 0.285359 -0.197022 -0.178968 -0.051508 -0.962548
1642647819.495428 -0.633009 1.381511 0.285373 -0.196954 -0.179467 -0.051241 -0.962484
1642647819.503761 -0.632668 1.381746 0.285379 -0.197107 -0.179817 -0.052398 -0.962325
1642647819.512094 -0.632213 1.381779 0.285402 -0.197134 -0.180257 -0.052254 -0.962245
1642647819.520427 -0.631564 1.381582 0.285430 -0.197208 -0.180999 -0.050304 -0.962194
1642647819.528761 -0.631066 1.381557 0.285444 -0.197333 -0.181475 -0.049893 -0.962100
1642647819.537094 -0.630556 1.381508 0.285441 -0.197341 -0.182818 -0.048794 -0.961901
1642647819.545428 -0.630102 1.381562 0.285489 -0.197536 -0.182627 -0.049073 -0.961883
1642647819.553761 -0.629621 1.381563 0.285513 -0.197595 -0.183011 -0.048820 -0.961811
1642647819.562094 -0.629148 1.381557 0.285521 -0.197624 -0.183426 -0.048576 -0.961738
1642647819.570428 -0.628675 1.381551 0.285540 -0.197633 -0.183961 -0.048273 -0.961649
1642647819.578761 -0.628205 1.381542 0.285551 -0.197768 -0.184303 -0.048053 -0.961567
1642647819.587094 -0.627732 1.381536 0.285576 -0.197755 -0.184794 -0.047730 -0.961492
1642647819.595428 -0.627262 1.381518 0.285593 -0.197763 -0.185237 -0.047396 -0.961421
1642647819.603761 -0.626797 1.381511 0.285612 -0.197762 -0.185722 -0.047162 -0.961339
1642647819.612094 -0.626323 1.381440 0.285588 -0.197832 -0.186960 -0.046073 -0.961138
1642647819.620428 -0.625904 1.381473 0.285606 -0.198001 -0.186775 -0.046349 -0.961126
1642647819.628761 -0.625463 1.381466 0.285608 -0.198066 -0.187136 -0.046070 -0.961056
1642647819.637094 -0.625022 1.381448 0.285597 -0.198060 -0.187536 -0.045841 -0.960990
1642647819.645427 -0.624584 1.381435 0.285576 -0.198160 -0.187957 -0.045552 -0.960901
1642647819.653761 -0.624147 1.381422 0.285560 -0.198181 -0.188381 -0.045238 -0.960828
1642647819.662094 -0.623721 1.381412 0.285540 -0.198337 -0.188910 -0.044865 -0.960709
1642647819.670428 -0.623290 1.381390 0.285509 -0.198495 -0.189244 -0.044573 -0.960625
1642647819.678761 -0.622871 1.381382 0.285487 -0.198544 -0.189642 -0.044277 -0.960550
1642647819.687094 -0.622458 1.381371 0.285458 -0.198545 -0.190041 -0.043949 -0.960486
1642647819.695428 -0.622046 1.381363 0.285427 -0.198615 -0.190466 -0.043655 -0.960401
1642647819.703761 -0.621639 1.381358 0.285407 -0.198628 -0.190899 -0.043378 -0.960324
1642647819.712094 -0.621243 1.381344 0.285374 -0.198675 -0.191287 -0.043088 -0.960250
1642647819.720428 -0.620854 1.381328 0.285340 -0.198707 -0.191765 -0.042822 -0.960160
1642647819.728761 -0.620467 1.381328 0.285316 -0.198729 -0.192148 -0.042575 -0.960090
1642647819.737094 -0.620089 1.381317 0.285285 -0.198625 -0.192566 -0.042343 -0.960038
1642647819.745428 -0.619697 1.381262 0.285244 -0.198614 -0.193800 -0.041314 -0.959837
1642647819.753761 -0.619338 1.381240 0.285220 -0.198720 -0.194226 -0.041042 -0.959741
1642647819.762094 -0.618980 1.381226 0.285207 -0.198683 -0.194570 -0.040796 -0.959689
1642647819.770427 -0.618629 1.381209 0.285186 -0.198728 -0.194857 -0.040626 -0.959629
1642647819.778761 -0.618274 1.381190 0.285170 -0.198811 -0.195191 -0.040467 -0.959551
1642647819.787094 -0.617948 1.381224 0.285203 -0.198934 -0.194838 -0.041013 -0.959574
1642647819.795428 -0.617595 1.381194 0.285207 -0.199058 -0.195226 -0.040865 -0.959475
1642647819.803761 -0.617232 1.381147 0.285218 -0.199160 -0.195684 -0.040559 -0.959374
1642647819.812094 -0.616874 1.381093 0.285230 -0.199398 -0.196123 -0.040351 -0.959244
1642647819.820428 -0.616515 1.381035 0.285258 -0.199520 -0.196590 -0.040127 -0.959132
1642647819.828761 -0.616149 1.380965 0.285286 -0.199626 -0.196830 -0.039998 -0.959066
1642647819.837094 -0.615786 1.380902 0.285331 -0.199762 -0.197317 -0.039790 -0.958946
1642647819.845428 -0.615417 1.380838 0.285386 -0.199922 -0.197713 -0.039582 -0.958840
1642647819.853761 -0.615054 1.380764 0.285430 -0.200181 -0.198041 -0.039373 -0.958727
1642647819.862094 -0.614648 1.380633 0.285452 -0.200379 -0.199248 -0.038422 -0.958474
1642647819.870428 -0.614275 1.380564 0.285506 -0.200568 -0.199786 -0.038156 -0.958333
1642647819.878761 -0.613909 1.380494 0.285568 -0.200770 -0.200176 -0.037978 -0.958216
1642647819.887094 -0.613536 1.380427 0.285627 -0.200916 -0.200635 -0.037758 -0.958098
1642647819.895427 -0.613163 1.380366 0.285689 -0.201047 -0.201108 -0.037569 -0.957979
1642647819.903761 -0.612819 1.380363 0.285780 -0.201219 -0.200862 -0.038108 -0.957974
1642647819.912094 -0.612427 1.380237 0.285801 -0.201390 -0.201866 -0.037237 -0.957761
1642647819.920428 -0.612075 1.380224 0.285880 -0.201642 -0.201709 -0.037707 -0.957722
1642647819.928761 -0.611685 1.380104 0.285893 -0.201719 -0.202802 -0.036799 -0.957511
1642647819.937094 -0.611335 1.380090 0.285950 -0.202095 -0.202592 -0.037295 -0.957457
1642647819.945428 -0.610963 1.380025 0.285968 -0.202328 -0.202990 -0.037149 -0.957329
1642647819.953761 -0.610569 1.379970 0.285969 -0.202464 -0.203030 -0.037079 -0.957294
1642647819.962094 -0.610185 1.379906 0.285977 -0.202629 -0.203439 -0.036948 -0.957178
1642647819.970428 -0.609810 1.379844 0.285982 -0.202840 -0.203885 -0.036803 -0.957043
1642647819.978761 -0.609407 1.379718 0.285939 -0.202963 -0.204969 -0.035895 -0.956820
1642647819.987094 -0.609025 1.379647 0.285921 -0.203168 -0.205560 -0.035605 -0.956661
1642647819.995428 -0.608677 1.379643 0.285934 -0.203476 -0.205354 -0.036083 -0.956622
1642647820.003761 -0.608303 1.379590 0.285922 -0.203526 -0.205768 -0.035939 -0.956528
1642647820.012094 -0.607931 1.379523 0.285889 -0.203728 -0.206199 -0.035815 -0.956397
1642647820.020427 -0.607565 1.379467 0.285857 -0.203808 -0.206716 -0.035618 -0.956275
1642647820.028761 -0.607210 1.379413 0.285832 -0.203961 -0.207185 -0.035432 -0.956148
1642647820.037094 -0.606856 1.379362 0.285786 -0.204164 -0.207713 -0.035143 -0.956001
1642647820.045428 -0.606496 1.379301 0.285730 -0.204402 -0.208180 -0.034975 -0.955854
1642647820.053761 -0.606136 1.379250 0.285690 -0.204396 -0.208671 -0.034861 -0.955753
1642647820.062094 -0.605783 1.379202 0.285636 -0.204512 -0.209182 -0.034704 -0.955622
1642647820.070428 -0.605426 1.379151 0.285580 -0.204675 -0.209689 -0.034516 -0.955483
1642647820.078761 -0.605075 1.379104 0.285529 -0.204805 -0.210255 -0.034316 -0.955338
1642647820.087094 -0.604731 1.379055 0.285474 -0.204960 -0.210723 -0.034175 -0.955206
1642647820.095428 -0.604389 1.379023 0.285421 -0.205018 -0.211082 -0.034057 -0.955119
1642647820.103761 -0.604054 1.378988 0.285363 -0.205109 -0.211483 -0.033944 -0.955015
1642647820.112094 -0.603715 1.378948 0.285297 -0.205279 -0.211870 -0.033840 -0.954896
1642647820.120428 -0.603361 1.378854 0.285204 -0.205367 -0.213141 -0.032921 -0.954626
1642647820.128761 -0.603036 1.378819 0.285139 -0.205500 -0.213740 -0.032679 -0.954472
1642647820.137094 -0.602739 1.378850 0.285104 -0.205633 -0.213505 -0.033233 -0.954477
1642647820.145427 -0.602422 1.378823 0.285029 -0.205705 -0.213855 -0.033213 -0.954384
1642647820.153761 -0.602103 1.378799 0.284957 -0.205812 -0.214277 -0.033110 -0.954270
1642647820.162094 -0.601786 1.378771 0.284875 -0.205897 -0.214780 -0.032942 -0.954144
1642647820.170428 -0.601459 1.378750 0.284802 -0.206006 -0.215164 -0.032853 -0.954037
1642647820.178761 -0.601145 1.378729 0.284722 -0.206141 -0.215686 -0.032668 -0.953896
1642647820.187094 -0.600825 1.378702 0.284637 -0.206291 -0.216171 -0.032581 -0.953757
1642647820.195428 -0.600506 1.378685 0.284556 -0.206379 -0.216714 -0.032425 -0.953620
1642647820.203761 -0.600192 1.378668 0.284471 -0.206498 -0.217245 -0.032262 -0.953479
1642647820.212094 -0.599873 1.378645 0.284390 -0.206612 -0.217727 -0.032030 -0.953352
1642647820.220428 -0.599551 1.378624 0.284299 -0.206708 -0.218120 -0.031967 -0.953244
1642647820.228761 -0.599235 1.378616 0.284221 -0.206746 -0.218517 -0.031814 -0.953150
1642647820.237094 -0.598912 1.378596 0.284136 -0.206824 -0.218953 -0.031565 -0.953041
1642647820.245428 -0.598588 1.378567 0.284038 -0.206982 -0.219355 -0.031459 -0.952918
1642647820.253761 -0.598268 1.378550 0.283958 -0.207004 -0.219711 -0.031404 -0.952833
1642647820.262094 -0.597939 1.378522 0.283867 -0.207161 -0.220184 -0.031238 -0.952695
1642647820.270427 -0.597610 1.378489 0.283778 -0.207298 -0.220584 -0.031120 -0.952577
1642647820.278761 -0.597276 1.378456 0.283702 -0.207362 -0.221053 -0.030981 -0.952458
1642647820.287094 -0.596935 1.378418 0.283624 -0.207480 -0.221416 -0.030853 -0.952352
1642647820.295428 -0.596602 1.378389 0.283553 -0.207662 -0.221928 -0.030630 -0.952201
1642647820.303761 -0.596247 1.378338 0.283484 -0.207779 -0.222297 -0.030529 -0.952093
1642647820.312094 -0.595892 1.378290 0.283416 -0.207948 -0.222769 -0.030342 -0.951951
1642647820.320428 -0.595532 1.378235 0.283350 -0.208131 -0.223357 -0.030093 -0.951781
1642647820.328761 -0.595173 1.378185 0.283295 -0.208234 -0.223839 -0.029800 -0.951655
1642647820.337094 -0.594810 1.378121 0.283235 -0.208411 -0.224136 -0.029605 -0.951552
1642647820.345428 -0.594451 1.378059 0.283178 -0.208604 -0.224582 -0.029340 -0.951413
1642647820.353761 -0.594094 1.377987 0.283122 -0.208714 -0.224973 -0.029135 -0.951303
1642647820.362094 -0.593729 1.377909 0.283073 -0.208914 -0.225412 -0.028923 -0.951161
1642647820.370428 -0.593374 1.377833 0.283012 -0.209097 -0.225759 -0.028759 -0.951044
1642647820.378761 -0.593019 1.377750 0.282954 -0.209305 -0.226166 -0.028574 -0.950907
1642647820.387094 -0.592653 1.377674 0.282896 -0.209539 -0.226507 -0.028441 -0.950778
1642647820.395427 -0.592291 1.377595 0.282840 -0.209756 -0.227013 -0.028243 -0.950616
1642647820.403761 -0.591922 1.377524 0.282788 -0.209909 -0.227526 -0.028041 -0.950465
1642647820.412094 -0.591550 1.377435 0.282721 -0.210176 -0.228012 -0.027826 -0.950296
1642647820.420428 -0.591184 1.377360 0.282667 -0.210361 -0.228473 -0.027658 -0.950149
1642647820.428761 -0.590809 1.377263 0.282602 -0.210626 -0.228809 -0.027559 -0.950013
1642647820.437094 -0.590348 1.377105 0.282522 -0.210760 -0.229441 -0.026642 -0.949857
1642647820.445428 -0.589972 1.377004 0.282453 -0.211004 -0.229788 -0.026496 -0.949723
1642647820.453761 -0.589624 1.376953 0.282417 -0.211314 -0.229817 -0.026844 -0.949637
1642647820.462094 -0.589269 1.376875 0.282361 -0.211430 -0.230309 -0.026716 -0.949495
1642647820.470428 -0.588906 1.376775 0.282297 -0.211666 -0.230694 -0.026566 -0.949354
1642647820.478761 -0.588545 1.376686 0.282236 -0.211876 -0.231222 -0.026451 -0.949181
1642647820.487094 -0.588188 1.376584 0.282159 -0.212149 -0.231563 -0.026334 -0.949041
1642647820.495428 -0.587802 1.376458 0.282058 -0.212218 -0.232598 -0.025599 -0.948792
1642647820.503761 -0.587440 1.376364 0.281983 -0.212393 -0.233143 -0.025341 -0.948626
1642647820.512094 -0.587084 1.376279 0.281911 -0.212604 -0.233587 -0.025156 -0.948474
1642647820.520427 -0.586756 1.376325 0.281894 -0.213139 -0.233876 -0.025465 -0.948275
1642647820.528761 -0.586397 1.376252 0.281823 -0.213305 -0.234223 -0.025378 -0.948154
1642647820.537094 -0.586036 1.376162 0.281738 -0.213497 -0.234658 -0.025144 -0.948010
1642647820.545428 -0.585675 1.376061 0.281646 -0.213781 -0.235044 -0.025017 -0.947853
1642647820.553761 -0.585304 1.375973 0.281558 -0.213928 -0.235455 -0.024925 -0.947721
1642647820.562094 -0.584942 1.375873 0.281457 -0.214187 -0.236018 -0.024763 -0.947526
1642647820.570428 -0.584578 1.375785 0.281387 -0.214363 -0.236067 -0.024913 -0.947470
1642647820.578761 -0.584213 1.375704 0.281283 -0.214591 -0.236433 -0.024877 -0.947329
1642647820.587094 -0.583842 1.375634 0.281178 -0.214755 -0.236795 -0.024864 -0.947201
1642647820.595428 -0.583464 1.375555 0.281068 -0.214964 -0.237310 -0.024677 -0.947030
1642647820.603761 -0.583092 1.375485 0.280955 -0.215166 -0.237922 -0.024531 -0.946834
1642647820.612094 -0.582719 1.375414 0.280826 -0.215385 -0.238467 -0.024345 -0.946652
1642647820.620428 -0.582357 1.375354 0.280710 -0.215452 -0.238904 -0.024162 -0.946531
1642647820.628761 -0.582012 1.375363 0.280639 -0.215509 -0.239000 -0.024243 -0.946492
1642647820.637094 -0.581616 1.375236 0.280458 -0.215737 -0.239684 -0.023917 -0.946276
1642647820.645427 -0.581234 1.375166 0.280314 -0.215901 -0.240046 -0.023768 -0.946150
1642647820.653761 -0.580850 1.375096 0.280169 -0.216083 -0.240467 -0.023609 -0.946005
1642647820.662094 -0.580474 1.375021 0.280027 -0.216241 -0.240843 -0.023404 -0.945879
1642647820.670428 -0.580089 1.374942 0.279880 -0.216391 -0.241262 -0.023218 -0.945742
1642647820.678761 -0.579706 1.374856 0.279725 -0.216562 -0.241672 -0.023048 -0.945603
1642647820.687094 -0.579304 1.374768 0.279577 -0.216747 -0.242112 -0.022876 -0.945452
1642647820.695428 -0.578913 1.374680 0.279437 -0.216901 -0.242505 -0.022644 -0.945321
1642647820.703761 -0.578511 1.374592 0.279273 -0.217048 -0.243488 -0.022123 -0.945047
1642647820.712094 -0.578112 1.374496 0.279132 -0.217193 -0.243976 -0.021849 -0.944894
1642647820.720428 -0.577719 1.374398 0.278992 -0.217436 -0.244329 -0.021646 -0.944752
1642647820.728761 -0.577335 1.374304 0.278853 -0.217637 -0.244644 -0.021504 -0.944627
1642647820.737094 -0.576943 1.374206 0.278724 -0.217830 -0.245030 -0.021303 -0.944487
1642647820.745428 -0.576552 1.374094 0.278587 -0.218057 -0.245305 -0.021185 -0.944367
1642647820.753761 -0.576179 1.374053 0.278519 -0.218225 -0.245492 -0.021129 -0.944280
1642647820.762094 -0.575767 1.373886 0.278347 -0.218488 -0.246195 -0.020665 -0.944047
1642647820.770427 -0.575379 1.373774 0.278221 -0.218673 -0.246554 -0.020434 -0.943915
1642647820.778761 -0.574997 1.373661 0.278109 -0.218878 -0.246934 -0.020270 -0.943772
1642647820.787094 -0.574614 1.373542 0.278003 -0.219149 -0.247343 -0.020083 -0.943606
1642647820.795428 -0.574235 1.373427 0.277899 -0.219387 -0.247652 -0.019890 -0.943473
1642647820.803761 -0.573860 1.373301 0.277801 -0.219667 -0.248052 -0.019717 -0.943307
1642647820.812094 -0.573487 1.373167 0.277697 -0.219909 -0.248438 -0.019588 -0.943152
1642647820.820428 -0.573148 1.373108 0.277660 -0.220180 -0.248515 -0.019632 -0.943067
1642647820.828761 -0.572762 1.372924 0.277504 -0.220495 -0.249118 -0.019300 -0.942841
1642647820.837094 -0.572376 1.372787 0.277401 -0.220803 -0.249524 -0.019141 -0.942665
1642647820.845428 -0.571999 1.372650 0.277308 -0.221142 -0.249834 -0.019033 -0.942506
1642647820.853761 -0.571620 1.372514 0.277226 -0.221340 -0.250166 -0.018916 -0.942374
1642647820.862094 -0.571236 1.372382 0.277137 -0.221579 -0.250634 -0.018726 -0.942197
1642647820.870428 -0.570854 1.372254 0.277053 -0.221856 -0.251119 -0.018600 -0.942005
1642647820.878761 -0.570462 1.372112 0.276961 -0.222143 -0.251521 -0.018564 -0.941831
1642647820.887094 -0.570072 1.371980 0.276887 -0.222439 -0.252042 -0.018381 -0.941625
1642647820.895427 -0.569676 1.371841 0.276797 -0.222742 -0.252459 -0.018310 -0.941443
1642647820.903761 -0.569289 1.371711 0.276711 -0.222964 -0.252855 -0.018237 -0.941286
1642647820.912094 -0.568851 1.371516 0.276605 -0.223311 -0.253495 -0.018577 -0.941025
1642647820.920428 -0.568522 1.371492 0.276573 -0.223565 -0.253562 -0.018291 -0.940952
1642647820.928761 -0.568135 1.371355 0.276487 -0.223846 -0.254011 -0.018186 -0.940766
1642647820.937094 -0.567705 1.371143 0.276334 -0.224188 -0.254717 -0.017872 -0.940500
1642647820.945428 -0.567301 1.370964 0.276187 -0.224363 -0.256205 -0.017046 -0.940069
1642647820.953761 -0.566876 1.370839 0.276120 -0.224768 -0.255896 -0.017478 -0.940049
1642647820.962094 -0.566461 1.370719 0.276026 -0.225016 -0.256944 -0.017077 -0.939711
1642647820.970428 -0.566016 1.370559 0.275910 -0.225337 -0.257554 -0.016960 -0.939469
1642647820.978761 -0.565547 1.370327 0.275733 -0.225723 -0.258428 -0.016507 -0.939144
1642647820.987094 -0.565102 1.370215 0.275672 -0.226012 -0.258765 -0.016511 -0.938982
1642647820.995428 -0.564623 1.370051 0.275554 -0.226309 -0.259214 -0.016411 -0.938788
1642647821.003761 -0.564110 1.369823 0.275374 -0.226565 -0.260000 -0.016025 -0.938515
1642647821.012094 -0.563573 1.369601 0.275255 -0.226780 -0.260693 -0.016220 -0.938268
1642647821.020427 -0.563155 1.369534 0.275185 -0.227151 -0.260790 -0.015789 -0.938159
1642647821.028761 -0.562664 1.369366 0.275061 -0.227574 -0.261239 -0.015553 -0.937935
1642647821.037094 -0.562131 1.369117 0.274879 -0.227973 -0.262099 -0.015029 -0.937607
1642647821.045428 -0.561643 1.369004 0.274814 -0.228263 -0.262303 -0.014974 -0.937480
1642647821.053761 -0.561098 1.368784 0.274709 -0.228557 -0.262828 -0.015228 -0.937257
1642647821.062094 -0.560657 1.368525 0.274495 -0.229027 -0.262918 -0.014662 -0.937127
1642647821.070428 -0.560081 1.368409 0.274444 -0.229169 -0.263607 -0.014674 -0.936898
1642647821.078761 -0.559594 1.368220 0.274251 -0.229605 -0.264211 -0.013786 -0.936634
1642647821.087094 -0.559064 1.368074 0.274186 -0.229808 -0.264510 -0.014151 -0.936495
1642647821.095428 -0.558562 1.367903 0.274061 -0.230108 -0.264948 -0.013902 -0.936301
1642647821.103761 -0.558063 1.367733 0.273927 -0.230430 -0.265344 -0.013587 -0.936114
1642647821.112094 -0.557630 1.367611 0.273810 -0.230901 -0.265264 -0.013051 -0.936029
1642647821.120428 -0.557110 1.367415 0.273687 -0.231059 -0.265848 -0.013164 -0.935822
1642647821.128761 -0.556633 1.367248 0.273549 -0.231335 -0.266147 -0.013050 -0.935670
1642647821.137094 -0.556149 1.367031 0.273355 -0.231620 -0.266780 -0.012584 -0.935426
1642647821.145427 -0.555693 1.366871 0.273199 -0.231907 -0.267165 -0.012397 -0.935248
1642647821.153761 -0.555312 1.366828 0.273089 -0.232340 -0.267137 -0.011937 -0.935154
1642647821.162094 -0.554867 1.366690 0.272940 -0.232578 -0.267504 -0.011722 -0.934993
1642647821.170428 -0.554412 1.366549 0.272796 -0.232804 -0.267967 -0.011517 -0.934807
1642647821.178761 -0.553887 1.366303 0.272598 -0.232970 -0.268863 -0.011503 -0.934508
1642647821.187094 -0.553514 1.366271 0.272493 -0.233373 -0.268790 -0.011131 -0.934433
1642647821.195428 -0.553034 1.366110 0.272375 -0.233431 -0.269278 -0.011387 -0.934275
1642647821.203761 -0.552603 1.365979 0.272247 -0.233585 -0.269586 -0.011249 -0.934149
1642647821.212094 -0.552220 1.365889 0.272098 -0.234003 -0.269923 -0.010554 -0.933956
1642647821.220428 -0.551748 1.365711 0.271976 -0.234086 -0.270508 -0.010768 -0.933763
1642647821.228761 -0.551308 1.365567 0.271845 -0.234380 -0.270938 -0.010612 -0.933566
1642647821.237094 -0.550930 1.365472 0.271709 -0.234824 -0.271015 -0.010049 -0.933439
1642647821.245428 -0.550507 1.365346 0.271583 -0.235113 -0.271444 -0.009704 -0.933245
1642647821.253761 -0.549930 1.365186 0.271404 -0.235618 -0.273312 -0.008401 -0.932585
1642647821.262094 -0.549474 1.365088 0.271282 -0.235963 -0.273623 -0.007999 -0.932410
1642647821.270427 -0.549113 1.364928 0.271171 -0.236159 -0.273397 -0.008185 -0.932425
1642647821.278761 -0.548717 1.364809 0.271058 -0.236411 -0.273586 -0.008073 -0.932307
1642647821.287094 -0.548264 1.364651 0.270974 -0.236333 -0.274073 -0.008276 -0.932181
1642647821.295428 -0.547916 1.364556 0.270848 -0.236829 -0.274124 -0.007744 -0.932045
1642647821.303761 -0.547475 1.364392 0.270760 -0.236836 -0.274614 -0.007953 -0.931897
1642647821.312094 -0.547126 1.364292 0.270640 -0.237350 -0.274778 -0.007424 -0.931722
1642647821.320428 -0.546713 1.364082 0.270516 -0.237149 -0.274329 -0.008125 -0.931900
1642647821.328761 -0.546347 1.364061 0.270469 -0.237617 -0.274387 -0.007622 -0.931768
1642647821.337094 -0.545954 1.363897 0.270344 -0.237942 -0.274816 -0.007269 -0.931561
1642647821.345428 -0.545595 1.363809 0.270305 -0.238201 -0.274840 -0.007250 -0.931488
1642647821.353761 -0.545228 1.363678 0.270228 -0.238506 -0.275048 -0.007104 -0.931350
1642647821.362094 -0.544858 1.363553 0.270148 -0.238725 -0.275310 -0.006899 -0.931218
1642647821.370428 -0.544514 1.363450 0.270088 -0.239097 -0.275937 -0.006553 -0.930940
1642647821.378761 -0.544179 1.363280 0.269990 -0.239172 -0.275354 -0.006853 -0.931091
1642647821.387094 -0.543743 1.363136 0.269968 -0.238995 -0.275939 -0.006892 -0.930963
1642647821.395427 -0.543395 1.363000 0.269903 -0.239254 -0.276143 -0.006741 -0.930837
1642647821.403761 -0.543114 1.362889 0.269810 -0.239883 -0.276187 -0.006123 -0.930666
1642647821.412094 -0.542786 1.362742 0.269734 -0.240249 -0.276357 -0.005908 -0.930522
1642647821.420428 -0.542457 1.362604 0.269672 -0.240517 -0.276543 -0.005735 -0.930399
1642647821.428761 -0.542136 1.362464 0.269615 -0.240785 -0.276677 -0.005586 -0.930291
1642647821.437094 -0.541768 1.362284 0.269595 -0.240698 -0.276994 -0.005876 -0.930217
1642647821.445428 -0.541488 1.362121 0.269539 -0.240860 -0.276901 -0.005978 -0.930202
1642647821.453761 -0.541142 1.361984 0.269504 -0.241182 -0.277365 -0.005684 -0.929983
1642647821.462094 -0.540885 1.361861 0.269437 -0.241807 -0.277396 -0.005138 -0.929814
1642647821.470428 -0.540541 1.361666 0.269426 -0.241866 -0.277727 -0.005381 -0.929699
1642647821.478761 -0.540283 1.361529 0.269376 -0.242474 -0.277744 -0.004845 -0.929538
1642647821.487094 -0.539941 1.361339 0.269382 -0.242483 -0.278198 -0.005026 -0.929399
1642647821.495428 -0.539702 1.361197 0.269339 -0.243084 -0.278201 -0.004474 -0.929244
1642647821.503761 -0.539431 1.361025 0.269315 -0.243474 -0.278411 -0.004228 -0.929080
1642647821.512094 -0.539162 1.360835 0.269301 -0.243835 -0.278563 -0.004122 -0.928940
1642647821.520427 -0.538931 1.360636 0.269283 -0.244080 -0.278356 -0.004249 -0.928937
1642647821.528761 -0.538651 1.360458 0.269294 -0.244458 -0.278840 -0.003896 -0.928694
1642647821.537094 -0.538395 1.360262 0.269300 -0.244789 -0.278839 -0.003792 -0.928608
1642647821.545428 -0.538103 1.360031 0.269343 -0.244794 -0.279212 -0.003991 -0.928494
1642647821.553761 -0.537900 1.359847 0.269338 -0.245458 -0.279139 -0.003444 -0.928343
1642647821.562094 -0.537622 1.359619 0.269388 -0.245513 -0.279410 -0.003650 -0.928246
1642647821.570428 -0.537386 1.359406 0.269416 -0.245934 -0.279540 -0.003555 -0.928096
1642647821.578761 -0.537157 1.359202 0.269459 -0.246340 -0.279541 -0.003447 -0.927988
1642647821.587094 -0.536939 1.358991 0.269499 -0.246774 -0.279580 -0.003320 -0.927861
1642647821.595428 -0.536733 1.358782 0.269546 -0.247171 -0.279638 -0.003183 -0.927739
1642647821.603761 -0.536578 1.358560 0.269582 -0.247538 -0.279463 -0.003271 -0.927693
1642647821.612094 -0.536407 1.358364 0.269640 -0.247890 -0.279409 -0.003204 -0.927616
1642647821.620428 -0.536332 1.358183 0.269670 -0.248512 -0.279489 -0.002840 -0.927426
1642647821.628761 -0.536167 1.358000 0.269755 -0.248968 -0.279739 -0.002550 -0.927230
1642647821.637094 -0.536029 1.357818 0.269820 -0.249287 -0.279777 -0.002468 -0.927133
1642647821.645427 -0.535910 1.357640 0.269896 -0.249600 -0.279704 -0.002475 -0.927070
1642647821.653761 -0.535804 1.357465 0.269965 -0.249960 -0.279654 -0.002482 -0.926989
1642647821.662094 -0.535699 1.357290 0.270032 -0.250295 -0.279658 -0.002448 -0.926897
1642647821.670428 -0.535551 1.357085 0.270120 -0.250327 -0.279723 -0.002896 -0.926868
1642647821.678761 -0.535461 1.356909 0.270197 -0.250653 -0.279692 -0.002949 -0.926789
1642647821.687094 -0.535375 1.356731 0.270273 -0.251010 -0.279634 -0.002919 -0.926709
1642647821.695428 -0.535300 1.356554 0.270354 -0.251389 -0.279633 -0.002887 -0.926607
1642647821.703761 -0.535231 1.356383 0.270431 -0.251724 -0.279595 -0.002897 -0.926528
1642647821.712094 -0.535168 1.356207 0.270505 -0.252090 -0.279572 -0.002877 -0.926435
1642647821.720428 -0.535119 1.356038 0.270589 -0.252428 -0.279540 -0.002889 -0.926353
1642647821.728761 -0.535062 1.355866 0.270673 -0.252713 -0.279580 -0.002899 -0.926263
1642647821.737094 -0.535016 1.355700 0.270761 -0.253009 -0.279592 -0.002914 -0.926178
1642647821.745428 -0.534971 1.355525 0.270854 -0.253325 -0.279628 -0.002925 -0.926081
1642647821.753761 -0.534925 1.355348 0.270942 -0.253686 -0.279576 -0.002987 -0.925998
1642647821.762094 -0.534932 1.355215 0.271019 -0.254308 -0.279300 -0.002647 -0.925912
1642647821.770427 -0.534897 1.355038 0.271118 -0.254719 -0.279158 -0.002681 -0.925841
1642647821.778761 -0.534863 1.354853 0.271221 -0.255065 -0.279152 -0.002692 -0.925748
1642647821.787094 -0.534783 1.354639 0.271350 -0.255142 -0.279210 -0.003170 -0.925708
1642647821.795428 -0.534751 1.354461 0.271466 -0.255475 -0.279155 -0.003276 -0.925632
1642647821.803761 -0.534774 1.354310 0.271558 -0.256099 -0.279028 -0.002856 -0.925499
1642647821.812094 -0.534751 1.354124 0.271673 -0.256504 -0.278846 -0.002892 -0.925442
1642647821.820428 -0.534720 1.353930 0.271787 -0.256895 -0.278751 -0.002960 -0.925362
1642647821.828761 -0.534646 1.353695 0.271915 -0.257030 -0.278834 -0.003481 -0.925297
1642647821.837094 -0.534613 1.353490 0.272037 -0.257332 -0.278804 -0.003557 -0.925222
1642647821.845428 -0.534585 1.353288 0.272161 -0.257696 -0.278745 -0.003634 -0.925138
1642647821.853761 -0.534556 1.353088 0.272280 -0.258072 -0.278728 -0.003658 -0.925038
1642647821.862094 -0.534527 1.352883 0.272408 -0.258458 -0.278646 -0.003733 -0.924955
1642647821.870428 -0.534494 1.352679 0.272529 -0.258813 -0.278641 -0.003801 -0.924857
1642647821.878761 -0.534469 1.352479 0.272655 -0.259201 -0.278560 -0.003877 -0.924773
1642647821.887094 -0.534453 1.352268 0.272781 -0.259598 -0.278589 -0.003900 -0.924652
1642647821.895427 -0.534435 1.352077 0.272879 -0.259931 -0.278791 -0.003808 -0.924498
1642647821.903761 -0.534456 1.351869 0.272983 -0.260250 -0.278518 -0.004112 -0.924490
1642647821.912094 -0.534460 1.351729 0.273100 -0.260871 -0.278676 -0.003496 -0.924269
1642647821.920428 -0.534433 1.351479 0.273215 -0.260992 -0.278427 -0.004161 -0.924307
1642647821.928761 -0.534378 1.351301 0.273346 -0.261335 -0.278743 -0.004084 -0.924116
1642647821.937094 -0.534400 1.351094 0.273432 -0.261668 -0.278516 -0.004312 -0.924089
1642647821.945428 -0.534393 1.350900 0.273529 -0.261966 -0.278380 -0.004382 -0.924045
1642647821.953761 -0.534378 1.350702 0.273613 -0.262381 -0.278378 -0.004481 -0.923927
1642647821.962094 -0.534371 1.350512 0.273705 -0.262719 -0.278347 -0.004478 -0.923841
1642647821.970428 -0.534356 1.350328 0.273782 -0.263057 -0.278250 -0.004534 -0.923773
1642647821.978761 -0.534350 1.350152 0.273867 -0.263347 -0.278084 -0.004536 -0.923741
1642647821.987094 -0.534353 1.349971 0.273942 -0.263647 -0.277942 -0.004558 -0.923698
1642647821.995428 -0.534356 1.349788 0.274016 -0.263935 -0.277778 -0.004578 -0.923665
1642647822.003761 -0.534327 1.349614 0.274090 -0.264323 -0.278088 -0.004298 -0.923462
1642647822.012094 -0.534336 1.349430 0.274144 -0.264614 -0.278097 -0.004205 -0.923376
1642647822.020427 -0.534383 1.349235 0.274182 -0.264844 -0.277596 -0.004436 -0.923460
1642647822.028761 -0.534399 1.349052 0.274222 -0.265063 -0.277578 -0.004377 -0.923403
1642647822.037094 -0.534424 1.348879 0.274272 -0.265363 -0.277466 -0.004343 -0.923351
1642647822.045428 -0.534446 1.348710 0.274302 -0.265588 -0.277299 -0.004338 -0.923336
1642647822.053761 -0.534482 1.348546 0.274334 -0.265869 -0.277272 -0.004256 -0.923264
1642647822.062094 -0.534512 1.348396 0.274359 -0.266124 -0.277174 -0.004191 -0.923220
1642647822.070428 -0.534566 1.348251 0.274396 -0.266386 -0.277083 -0.004113 -0.923172
1642647822.078761 -0.534579 1.348130 0.274438 -0.266686 -0.277251 -0.003838 -0.923036
1642647822.087094 -0.534639 1.348011 0.274459 -0.266960 -0.277195 -0.003764 -0.922974
1642647822.095428 -0.534715 1.347906 0.274485 -0.267126 -0.277032 -0.003732 -0.922975
1642647822.103761 -0.534800 1.347811 0.274501 -0.267347 -0.276956 -0.003694 -0.922934
1642647822.112094 -0.534900 1.347726 0.274511 -0.267519 -0.276790 -0.003653 -0.922934
1642647822.120428 -0.535010 1.347648 0.274529 -0.267657 -0.276532 -0.003692 -0.922971
1642647822.128761 -0.535130 1.347582 0.274536 -0.267793 -0.276374 -0.003718 -0.922979
1642647822.137094 -0.535269 1.347521 0.274530 -0.267962 -0.276231 -0.003753 -0.922973
1642647822.145427 -0.535407 1.347467 0.274531 -0.268079 -0.276069 -0.003834 -0.922987
1642647822.153761 -0.535559 1.347414 0.274526 -0.268180 -0.275868 -0.003946 -0.923017
1642647822.162094 -0.535719 1.347358 0.274521 -0.268304 -0.275732 -0.004020 -0.923022
1642647822.170428 -0.535883 1.347302 0.274525 -0.268463 -0.275615 -0.004145 -0.923010
1642647822.178761 -0.536045 1.347238 0.274531 -0.268557 -0.275524 -0.004228 -0.923009
1642647822.187094 -0.536212 1.347160 0.274533 -0.268687 -0.275397 -0.004337 -0.923009
1642647822.195428 -0.536374 1.347080 0.274545 -0.268847 -0.275282 -0.004401 -0.922996
1642647822.203761 -0.536547 1.346979 0.274560 -0.269013 -0.275153 -0.004529 -0.922986
1642647822.212094 -0.536726 1.346869 0.274579 -0.269251 -0.275098 -0.004613 -0.922932
1642647822.220428 -0.536902 1.346760 0.274615 -0.269414 -0.274963 -0.004795 -0.922924
1642647822.228761 -0.537111 1.346628 0.274646 -0.269548 -0.274381 -0.005202 -0.923056
1642647822.237094 -0.537286 1.346504 0.274691 -0.269707 -0.274305 -0.005390 -0.923031
1642647822.245428 -0.537409 1.346391 0.274749 -0.270017 -0.274716 -0.005186 -0.922819
1642647822.253761 -0.537549 1.346256 0.274797 -0.270271 -0.274753 -0.005270 -0.922733
1642647822.262094 -0.537694 1.346128 0.274852 -0.270470 -0.274693 -0.005352 -0.922692
1642647822.270427 -0.537839 1.345992 0.274907 -0.270687 -0.274550 -0.005516 -0.922670
1642647822.278761 -0.537974 1.345851 0.274960 -0.270924 -0.274460 -0.005628 -0.922627
1642647822.287094 -0.538106 1.345709 0.275008 -0.271212 -0.274361 -0.005713 -0.922571
1642647822.295428 -0.538240 1.345570 0.275065 -0.271440 -0.274266 -0.005805 -0.922532
1642647822.303761 -0.538369 1.345425 0.275118 -0.271700 -0.274159 -0.005897 -0.922486
1642647822.312094 -0.538500 1.345282 0.275168 -0.271973 -0.274042 -0.006015 -0.922440
1642647822.320428 -0.538628 1.345136 0.275222 -0.272222 -0.273971 -0.006081 -0.922387
1642647822.328761 -0.538755 1.344988 0.275266 -0.272507 -0.273875 -0.006145 -0.922331
1642647822.337094 -0.538883 1.344852 0.275311 -0.272753 -0.273771 -0.006275 -0.922288
1642647822.345428 -0.539008 1.344720 0.275349 -0.272997 -0.273769 -0.006325 -0.922216
1642647822.353761 -0.539140 1.344603 0.275382 -0.273231 -0.273656 -0.006435 -0.922180
1642647822.362094 -0.539271 1.344498 0.275403 -0.273479 -0.273627 -0.006524 -0.922114
1642647822.370428 -0.539410 1.344405 0.275426 -0.273633 -0.273580 -0.006641 -0.922082
1642647822.378761 -0.539548 1.344307 0.275439 -0.273845 -0.273552 -0.006762 -0.922026
1642647822.387094 -0.539694 1.344218 0.275442 -0.274058 -0.273615 -0.006902 -0.921943
1642647822.395427 -0.539886 1.344127 0.275442 -0.274102 -0.273195 -0.007264 -0.922052
1642647822.403761 -0.540094 1.344101 0.275505 -0.274753 -0.274691 -0.006911 -0.921416
1642647822.412094 -0.540202 1.344035 0.275526 -0.275025 -0.275323 -0.006712 -0.921148
1642647822.420428 -0.540332 1.343951 0.275518 -0.275220 -0.275406 -0.006760 -0.921065
1642647822.428761 -0.540476 1.343869 0.275518 -0.275369 -0.275406 -0.006921 -0.921019
1642647822.437094 -0.540614 1.343776 0.275520 -0.275584 -0.275446 -0.006973 -0.920942
1642647822.445428 -0.540704 1.343591 0.275441 -0.275524 -0.274988 -0.007224 -0.921095
1642647822.453761 -0.540832 1.343485 0.275443 -0.275627 -0.274894 -0.007317 -0.921092
1642647822.462094 -0.540986 1.343461 0.275523 -0.276111 -0.275288 -0.007271 -0.920829
1642647822.470428 -0.541106 1.343347 0.275541 -0.276377 -0.275320 -0.007324 -0.920739
1642647822.478761 -0.541219 1.343207 0.275561 -0.276622 -0.275283 -0.007401 -0.920676
1642647822.487094 -0.541305 1.343031 0.275568 -0.276643 -0.274536 -0.007762 -0.920890
1642647822.495428 -0.541395 1.342864 0.275602 -0.276871 -0.274548 -0.007794 -0.920818
1642647822.503761 -0.541506 1.342725 0.275669 -0.277452 -0.275265 -0.007537 -0.920431
1642647822.512094 -0.541567 1.342506 0.275690 -0.277558 -0.274648 -0.007805 -0.920581
1642647822.520427 -0.541659 1.342339 0.275766 -0.278089 -0.275274 -0.007538 -0.920236
1642647822.528761 -0.541725 1.342092 0.275783 -0.278501 -0.275595 -0.007323 -0.920017
1642647822.537094 -0.541820 1.341917 0.275882 -0.278929 -0.275394 -0.007471 -0.919946
1642647822.545428 -0.541860 1.341621 0.275883 -0.279144 -0.274922 -0.007627 -0.920021
1642647822.553761 -0.541935 1.341436 0.276025 -0.279889 -0.274468 -0.007808 -0.919929
1642647822.562094 -0.542052 1.341227 0.276077 -0.280140 -0.275486 -0.007422 -0.919551
1642647822.570428 -0.542173 1.341052 0.276205 -0.280534 -0.275271 -0.007610 -0.919494
1642647822.578761 -0.542249 1.340848 0.276351 -0.281051 -0.274140 -0.008141 -0.919669
1642647822.587094 -0.542357 1.340635 0.276457 -0.281449 -0.273903 -0.008312 -0.919617
1642647822.595428 -0.542479 1.340416 0.276563 -0.281846 -0.273802 -0.008409 -0.919524
1642647822.603761 -0.542581 1.340160 0.276644 -0.282001 -0.273082 -0.008795 -0.919687
1642647822.612094 -0.542770 1.339969 0.276771 -0.282568 -0.273302 -0.008901 -0.919447
1642647822.620428 -0.542875 1.339763 0.276904 -0.283095 -0.273692 -0.008767 -0.919170
1642647822.628761 -0.543015 1.339554 0.277022 -0.283455 -0.273696 -0.008876 -0.919057
1642647822.637094 -0.543166 1.339333 0.277140 -0.283871 -0.273670 -0.009045 -0.918934
1642647822.645427 -0.543323 1.339119 0.277258 -0.284264 -0.273587 -0.009259 -0.918836
1642647822.653761 -0.543464 1.338880 0.277343 -0.284374 -0.272951 -0.009663 -0.918986
1642647822.662094 -0.543596 1.338635 0.277408 -0.284686 -0.273090 -0.009701 -0.918848
1642647822.670428 -0.543766 1.338468 0.277542 -0.285092 -0.272819 -0.010101 -0.918799
1642647822.678761 -0.543921 1.338269 0.277647 -0.285495 -0.272716 -0.010340 -0.918701
1642647822.687094 -0.544046 1.338016 0.277699 -0.285907 -0.272972 -0.010369 -0.918496
1642647822.695428 -0.544218 1.337883 0.277858 -0.286525 -0.273413 -0.010463 -0.918172
1642647822.703761 -0.544345 1.337648 0.277908 -0.286876 -0.273770 -0.010379 -0.917957
1642647822.712094 -0.544484 1.337442 0.277987 -0.287233 -0.273851 -0.010536 -0.917819
1642647822.720428 -0.544591 1.337203 0.278039 -0.287318 -0.273235 -0.010891 -0.917972
1642647822.728761 -0.544759 1.337071 0.278166 -0.287937 -0.273536 -0.010920 -0.917688
1642647822.737094 -0.544893 1.336878 0.278247 -0.288243 -0.273601 -0.010955 -0.917572
1642647822.745428 -0.545017 1.336674 0.278302 -0.288624 -0.273618 -0.010986 -0.917447
1642647822.753761 -0.545143 1.336485 0.278356 -0.288910 -0.273424 -0.011029 -0.917414
1642647822.762094 -0.545263 1.336296 0.278400 -0.289242 -0.273348 -0.011059 -0.917332
1642647822.770427 -0.545377 1.336103 0.278435 -0.289522 -0.273188 -0.011090 -0.917291
1642647822.778761 -0.545503 1.335923 0.278473 -0.289846 -0.273123 -0.011054 -0.917208
1642647822.787094 -0.545620 1.335746 0.278510 -0.290167 -0.273017 -0.011041 -0.917138
1642647822.795428 -0.545745 1.335575 0.278536 -0.290474 -0.272828 -0.010975 -0.917098
1642647822.803761 -0.545876 1.335402 0.278566 -0.290797 -0.272740 -0.010921 -0.917023
1642647822.812094 -0.546011 1.335228 0.278595 -0.291035 -0.272445 -0.010950 -0.917035
1642647822.820428 -0.546156 1.335067 0.278617 -0.291332 -0.272217 -0.010948 -0.917008
1642647822.828761 -0.546289 1.334864 0.278612 -0.291362 -0.271302 -0.011282 -0.917266
1642647822.837094 -0.546445 1.334704 0.278639 -0.291536 -0.271010 -0.011300 -0.917296
1642647822.845428 -0.546605 1.334555 0.278661 -0.291777 -0.270791 -0.011294 -0.917284
1642647822.853761 -0.546774 1.334410 0.278684 -0.292060 -0.270612 -0.011248 -0.917248
1642647822.862094 -0.546943 1.334259 0.278703 -0.292297 -0.270299 -0.011295 -0.917264
1642647822.870428 -0.547100 1.334084 0.278684 -0.292531 -0.270374 -0.011088 -0.917170
1642647822.878761 -0.547298 1.333994 0.278754 -0.292638 -0.269840 -0.011222 -0.917291
1642647822.887094 -0.547486 1.333867 0.278778 -0.292890 -0.269486 -0.011350 -0.917313
1642647822.895427 -0.547681 1.333740 0.278807 -0.293110 -0.269320 -0.011295 -0.917293
1642647822.903761 -0.547884 1.333618 0.278838 -0.293276 -0.269073 -0.011292 -0.917312
1642647822.912094 -0.548115 1.333537 0.278882 -0.293737 -0.269532 -0.011034 -0.917033
1642647822.920428 -0.548309 1.333381 0.278877 -0.293743 -0.268691 -0.011299 -0.917274
1642647822.928761 -0.548525 1.333268 0.278901 -0.293838 -0.268325 -0.011385 -0.917350
1642647822.937094 -0.548730 1.333115 0.278888 -0.294035 -0.268470 -0.011170 -0.917247
1642647822.945428 -0.548975 1.333048 0.278948 -0.294212 -0.267916 -0.011396 -0.917350
1642647822.953761 -0.549216 1.332961 0.278982 -0.294380 -0.267615 -0.011409 -0.917384
1642647822.962094 -0.549459 1.332878 0.279020 -0.294556 -0.267403 -0.011417 -0.917389
1642647822.970428 -0.549710 1.332793 0.279068 -0.294663 -0.267103 -0.011465 -0.917441
1642647822.978761 -0.549969 1.332697 0.279110 -0.294784 -0.266824 -0.011530 -0.917483
1642647822.987094 -0.550222 1.332571 0.279124 -0.294907 -0.266805 -0.011427 -0.917450
1642647822.995428 -0.550553 1.332568 0.279193 -0.295353 -0.267172 -0.010723 -0.917208
1642647823.003761 -0.550790 1.332452 0.279259 -0.295389 -0.267072 -0.011071 -0.917221
1642647823.012094 -0.551070 1.332368 0.279323 -0.295505 -0.266744 -0.011190 -0.917278
1642647823.020427 -0.551358 1.332285 0.279388 -0.295671 -0.266456 -0.011273 -0.917307
1642647823.028761 -0.551642 1.332199 0.279460 -0.295854 -0.266089 -0.011452 -0.917353
1642647823.037094 -0.551937 1.332119 0.279538 -0.296079 -0.265893 -0.011584 -0.917335
1642647823.045428 -0.552227 1.332041 0.279621 -0.296189 -0.265626 -0.011786 -0.917374
1642647823.053761 -0.552525 1.331957 0.279709 -0.296414 -0.265383 -0.012004 -0.917369
1642647823.062094 -0.552824 1.331866 0.279791 -0.296578 -0.265139 -0.012141 -0.917385
1642647823.070428 -0.553121 1.331774 0.279880 -0.296769 -0.264891 -0.012305 -0.917393
1642647823.078761 -0.553425 1.331682 0.279975 -0.296913 -0.264631 -0.012426 -0.917420
1642647823.087094 -0.553720 1.331581 0.280079 -0.297074 -0.264348 -0.012540 -0.917448
1642647823.095428 -0.554013 1.331482 0.280174 -0.297223 -0.264199 -0.012638 -0.917441
1642647823.103761 -0.554308 1.331385 0.280273 -0.297340 -0.263899 -0.012819 -0.917487
1642647823.112094 -0.554603 1.331298 0.280369 -0.297468 -0.263591 -0.012940 -0.917532
1642647823.120428 -0.554898 1.331208 0.280468 -0.297658 -0.263328 -0.013030 -0.917545
1642647823.128761 -0.555182 1.331116 0.280555 -0.297823 -0.263048 -0.013096 -0.917570
1642647823.137094 -0.555470 1.331032 0.280640 -0.297978 -0.262749 -0.013184 -0.917605
1642647823.145427 -0.555810 1.331002 0.280718 -0.298207 -0.262261 -0.012892 -0.917674
1642647823.153761 -0.556112 1.330921 0.280792 -0.298353 -0.261828 -0.012992 -0.917749
1642647823.162094 -0.556350 1.330874 0.280858 -0.298526 -0.262036 -0.012701 -0.917637
1642647823.170428 -0.556630 1.330811 0.280933 -0.298631 -0.261846 -0.012704 -0.917657
1642647823.178761 -0.556868 1.330686 0.281001 -0.298684 -0.261582 -0.013257 -0.917708
1642647823.187094 -0.557144 1.330610 0.281057 -0.298790 -0.261206 -0.013390 -0.917778
1642647823.195428 -0.557422 1.330543 0.281114 -0.298939 -0.260918 -0.013424 -0.917811
1642647823.203761 -0.557746 1.330535 0.281190 -0.299050 -0.260486 -0.012989 -0.917904
1642647823.212094 -0.558031 1.330474 0.281245 -0.299165 -0.260111 -0.012980 -0.917973
1642647823.220428 -0.558307 1.330325 0.281314 -0.299118 -0.259311 -0.013870 -0.918202
1642647823.228761 -0.558573 1.330325 0.281379 -0.299268 -0.259328 -0.013252 -0.918157
1642647823.237094 -0.558808 1.330228 0.281447 -0.299308 -0.259188 -0.013572 -0.918179
1642647823.245428 -0.559125 1.330207 0.281524 -0.299468 -0.258781 -0.013204 -0.918247
1642647823.253761 -0.559406 1.330146 0.281595 -0.299571 -0.258337 -0.013185 -0.918338
1642647823.262094 -0.559688 1.330073 0.281677 -0.299614 -0.257946 -0.013222 -0.918434
1642647823.270427 -0.559931 1.329943 0.281757 -0.299684 -0.257668 -0.013741 -0.918481
1642647823.278761 -0.560215 1.329848 0.281845 -0.299747 -0.257187 -0.013857 -0.918594
1642647823.287094 -0.560512 1.329768 0.281942 -0.299904 -0.256796 -0.013907 -0.918651
1642647823.295428 -0.560808 1.329678 0.282042 -0.299989 -0.256427 -0.013907 -0.918726
1642647823.303761 -0.561129 1.329615 0.282123 -0.299901 -0.255212 -0.013779 -0.919095
1642647823.312094 -0.561450 1.329565 0.282250 -0.300252 -0.255345 -0.013605 -0.918947
1642647823.320428 -0.561738 1.329450 0.282329 -0.300123 -0.254329 -0.013962 -0.919265
1642647823.328761 -0.562056 1.329410 0.282469 -0.300422 -0.254543 -0.013811 -0.919110
1642647823.337094 -0.562513 1.329342 0.282618 -0.300411 -0.252763 -0.014818 -0.919589
1642647823.345428 -0.562819 1.329196 0.282681 -0.300567 -0.252634 -0.014808 -0.919574
1642647823.353761 -0.563127 1.329118 0.282799 -0.300672 -0.252273 -0.014870 -0.919638
1642647823.362094 -0.563450 1.329040 0.282908 -0.300767 -0.251802 -0.015032 -0.919733
1642647823.370428 -0.563786 1.328970 0.283045 -0.301033 -0.251864 -0.015015 -0.919630
1642647823.378761 -0.564116 1.328909 0.283162 -0.301076 -0.251537 -0.015164 -0.919702
1642647823.387094 -0.564442 1.328849 0.283283 -0.301184 -0.251113 -0.015326 -0.919780
1642647823.395427 -0.564776 1.328788 0.283395 -0.301279 -0.250807 -0.015433 -0.919831
1642647823.403761 -0.565112 1.328741 0.283514 -0.301314 -0.250409 -0.015598 -0.919925
1642647823.412094 -0.565448 1.328689 0.283643 -0.301392 -0.250153 -0.015733 -0.919967
1642647823.420428 -0.565691 1.328535 0.283686 -0.300801 -0.248055 -0.017056 -0.920704
1642647823.428761 -0.566050 1.328535 0.283810 -0.300802 -0.247384 -0.016955 -0.920886
1642647823.437094 -0.566381 1.328505 0.283943 -0.300885 -0.247006 -0.017066 -0.920959
1642647823.445428 -0.566695 1.328465 0.284081 -0.300951 -0.246760 -0.017260 -0.921000
1642647823.453761 -0.567007 1.328425 0.284225 -0.301025 -0.246433 -0.017509 -0.921058
1642647823.462094 -0.567321 1.328377 0.284368 -0.301078 -0.246223 -0.017675 -0.921094
1642647823.470428 -0.567624 1.328324 0.284514 -0.301205 -0.246005 -0.017851 -0.921107
1642647823.478761 -0.567919 1.328277 0.284668 -0.301247 -0.245739 -0.018055 -0.921161
1642647823.487094 -0.568271 1.327905 0.284508 -0.304846 -0.244765 -0.019042 -0.920216
1642647823.495428 -0.568463 1.328087 0.284929 -0.301794 -0.245193 -0.019017 -0.921107
1642647823.503761 -0.568755 1.328123 0.285133 -0.301486 -0.245075 -0.018750 -0.921245
1642647823.512094 -0.569018 1.328066 0.285301 -0.301532 -0.244827 -0.018944 -0.921292
1642647823.520427 -0.569325 1.327675 0.285146 -0.305135 -0.244052 -0.019910 -0.920291
1642647823.528761 -0.569569 1.327563 0.285268 -0.305723 -0.243885 -0.020188 -0.920134
1642647823.537094 -0.569794 1.327498 0.285440 -0.305788 -0.243765 -0.020379 -0.920140
1642647823.545428 -0.570052 1.327461 0.285647 -0.305664 -0.243661 -0.020003 -0.920217
1642647823.553761 -0.570244 1.327347 0.285787 -0.306048 -0.243558 -0.020549 -0.920104
1642647823.562094 -0.570483 1.327279 0.285990 -0.305930 -0.243333 -0.020246 -0.920210
1642647823.570428 -0.570668 1.327147 0.286127 -0.306288 -0.243087 -0.020731 -0.920145
1642647823.578761 -0.570867 1.327049 0.286304 -0.306429 -0.242733 -0.020970 -0.920186
1642647823.587094 -0.571092 1.326983 0.286511 -0.306282 -0.242502 -0.020555 -0.920305
1642647823.595428 -0.571333 1.326947 0.286757 -0.307014 -0.243848 -0.019976 -0.919718
1642647823.603761 -0.571454 1.326767 0.286823 -0.306897 -0.241962 -0.021057 -0.920231
1642647823.612094 -0.571640 1.326655 0.286979 -0.307010 -0.241496 -0.021163 -0.920313
1642647823.620428 -0.571830 1.326566 0.287144 -0.307092 -0.241165 -0.021127 -0.920374
1642647823.628761 -0.572014 1.326483 0.287306 -0.307212 -0.240871 -0.021164 -0.920410
1642647823.637094 -0.572207 1.326417 0.287466 -0.307315 -0.240513 -0.021138 -0.920469
1642647823.645427 -0.572400 1.326377 0.287633 -0.307316 -0.240310 -0.021086 -0.920523
1642647823.653761 -0.572603 1.326346 0.287782 -0.307409 -0.239888 -0.021010 -0.920604
1642647823.662094 -0.572812 1.326326 0.287936 -0.307436 -0.239546 -0.020997 -0.920685
1642647823.670428 -0.573036 1.326322 0.288091 -0.307379 -0.239152 -0.020966 -0.920807
1642647823.678761 -0.573268 1.326330 0.288251 -0.307296 -0.238764 -0.020971 -0.920935
1642647823.687094 -0.573456 1.326440 0.288504 -0.306197 -0.238549 -0.021260 -0.921350
1642647823.695428 -0.573719 1.326480 0.288682 -0.306023 -0.238162 -0.021329 -0.921506
1642647823.703761 -0.574070 1.326425 0.288768 -0.306964 -0.237476 -0.021183 -0.921374
1642647823.712094 -0.574384 1.326454 0.288933 -0.306961 -0.236963 -0.021258 -0.921505
1642647823.720428 -0.574711 1.326503 0.289105 -0.306887 -0.236505 -0.021345 -0.921645
1642647823.728761 -0.574994 1.326653 0.289350 -0.305835 -0.236442 -0.021659 -0.922004
1642647823.737094 -0.575407 1.326642 0.289454 -0.306494 -0.235777 -0.021615 -0.921956
1642647823.745428 -0.575733 1.326784 0.289685 -0.305562 -0.235565 -0.021939 -0.922312
1642647823.753761 -0.576105 1.326870 0.289860 -0.305375 -0.235225 -0.022080 -0.922458
1642647823.762094 -0.576492 1.326944 0.290023 -0.305231 -0.234713 -0.022277 -0.922631
1642647823.770427 -0.576885 1.327017 0.290177 -0.305140 -0.234362 -0.022356 -0.922748
1642647823.778761 -0.577290 1.327096 0.290331 -0.305007 -0.233890 -0.022476 -0.922909
1642647823.787094 -0.577700 1.327172 0.290477 -0.304857 -0.233414 -0.022631 -0.923075
1642647823.795428 -0.578106 1.327246 0.290623 -0.304624 -0.232987 -0.022872 -0.923254
1642647823.803761 -0.578521 1.327326 0.290770 -0.304467 -0.232599 -0.023045 -0.923399
1642647823.812094 -0.578939 1.327405 0.290901 -0.304342 -0.232314 -0.023180 -0.923509
1642647823.820428 -0.579350 1.327482 0.291038 -0.304221 -0.231850 -0.023354 -0.923661
1642647823.828761 -0.579765 1.327548 0.291175 -0.304145 -0.231449 -0.023520 -0.923782
1642647823.837094 -0.580173 1.327616 0.291318 -0.303948 -0.231061 -0.023724 -0.923939
1642647823.845428 -0.580586 1.327683 0.291469 -0.303775 -0.230684 -0.023862 -0.924087
1642647823.853761 -0.580996 1.327747 0.291620 -0.303629 -0.230215 -0.023972 -0.924249
1642647823.862094 -0.581389 1.327808 0.291758 -0.303530 -0.229802 -0.024030 -0.924383
1642647823.870428 -0.581782 1.327860 0.291904 -0.303424 -0.229353 -0.024093 -0.924527
1642647823.878761 -0.582168 1.327921 0.292049 -0.303296 -0.228954 -0.024202 -0.924665
1642647823.887094 -0.582561 1.327983 0.292191 -0.303162 -0.228503 -0.024289 -0.924818
1642647823.895427 -0.582955 1.328036 0.292335 -0.302999 -0.227973 -0.024367 -0.925001
1642647823.903761 -0.583339 1.328096 0.292471 -0.302900 -0.227358 -0.024466 -0.925182
1642647823.912094 -0.583713 1.328156 0.292609 -0.302778 -0.226896 -0.024518 -0.925334
1642647823.920428 -0.584088 1.328206 0.292742 -0.302671 -0.226291 -0.024569 -0.925516
1642647823.928761 -0.584466 1.328259 0.292870 -0.302560 -0.225739 -0.024637 -0.925685
1642647823.937094 -0.584845 1.328320 0.292997 -0.302434 -0.225337 -0.024637 -0.925824
1642647823.945428 -0.585220 1.328386 0.293127 -0.302239 -0.224811 -0.024654 -0.926015
1642647823.953761 -0.585600 1.328452 0.293243 -0.302121 -0.224331 -0.024697 -0.926169
1642647823.962094 -0.586024 1.328463 0.293332 -0.301905 -0.223437 -0.024915 -0.926449
1642647823.970428 -0.586415 1.328530 0.293438 -0.301818 -0.222897 -0.024986 -0.926606
1642647823.978761 -0.586800 1.328603 0.293553 -0.301602 -0.222367 -0.025079 -0.926801
1642647823.987094 -0.587194 1.328670 0.293656 -0.301462 -0.221867 -0.025137 -0.926965
1642647823.995428 -0.587591 1.328739 0.293759 -0.301308 -0.221411 -0.025122 -0.927124
1642647824.003761 -0.587998 1.328804 0.293852 -0.301162 -0.220814 -0.025216 -0.927311
1642647824.012094 -0.588396 1.328871 0.293946 -0.300974 -0.220280 -0.025305 -0.927497
1642647824.020427 -0.588868 1.329152 0.294164 -0.299644 -0.219903 -0.024091 -0.928050
1642647824.028761 -0.589273 1.329252 0.294264 -0.299390 -0.219461 -0.023947 -0.928240
1642647824.037094 -0.589671 1.329316 0.294347 -0.299313 -0.219089 -0.023899 -0.928354
1642647824.045428 -0.590066 1.329384 0.294435 -0.299171 -0.218551 -0.023975 -0.928524
1642647824.053761 -0.590454 1.329442 0.294524 -0.299085 -0.218164 -0.024039 -0.928641
1642647824.062094 -0.590857 1.329536 0.294635 -0.299178 -0.218223 -0.023916 -0.928601
1642647824.070428 -0.591232 1.329564 0.294704 -0.298901 -0.217357 -0.024155 -0.928887
1642647824.078761 -0.591644 1.329646 0.294804 -0.299019 -0.217277 -0.024031 -0.928871
1642647824.087094 -0.592020 1.329678 0.294876 -0.298734 -0.216379 -0.024311 -0.929165
1642647824.095428 -0.592410 1.329736 0.294962 -0.298636 -0.215809 -0.024395 -0.929327
1642647824.103761 -0.592793 1.329803 0.295057 -0.298495 -0.215413 -0.024371 -0.929464
1642647824.112094 -0.593173 1.329852 0.295147 -0.298368 -0.214866 -0.024455 -0.929629
1642647824.120428 -0.593543 1.329898 0.295223 -0.298261 -0.214474 -0.024508 -0.929753
1642647824.128761 -0.593920 1.329947 0.295304 -0.298160 -0.214019 -0.024595 -0.929888
1642647824.137094 -0.594294 1.329996 0.295380 -0.298093 -0.213581 -0.024671 -0.930008
1642647824.145427 -0.594660 1.330039 0.295451 -0.298010 -0.213141 -0.024793 -0.930132
1642647824.153761 -0.595027 1.330088 0.295522 -0.298012 -0.212735 -0.024838 -0.930223
1642647824.162094 -0.595383 1.330136 0.295617 -0.297911 -0.212460 -0.024918 -0.930317
1642647824.170428 -0.595743 1.330180 0.295709 -0.297820 -0.212090 -0.024998 -0.930428
1642647824.178761 -0.596101 1.330218 0.295807 -0.297788 -0.211558 -0.025129 -0.930556
1642647824.187094 -0.596471 1.330287 0.295918 -0.297924 -0.211751 -0.024972 -0.930472
1642647824.195428 -0.596811 1.330311 0.296010 -0.297859 -0.211457 -0.025038 -0.930558
1642647824.203761 -0.597153 1.330335 0.296104 -0.297909 -0.211225 -0.025121 -0.930593
1642647824.212094 -0.597489 1.330355 0.296203 -0.297847 -0.210931 -0.025168 -0.930678
1642647824.220428 -0.597803 1.330347 0.296287 -0.297608 -0.210137 -0.025464 -0.930926
1642647824.228761 -0.598153 1.330396 0.296406 -0.297792 -0.210215 -0.025391 -0.930852
1642647824.237094 -0.598468 1.330379 0.296470 -0.297679 -0.209488 -0.025637 -0.931045
1642647824.245428 -0.598787 1.330389 0.296554 -0.297616 -0.209100 -0.025779 -0.931148
1642647824.253761 -0.599110 1.330396 0.296645 -0.297638 -0.208760 -0.025937 -0.931213
1642647824.262094 -0.599428 1.330404 0.296725 -0.297611 -0.208417 -0.026059 -0.931295
1642647824.270427 -0.599744 1.330404 0.296806 -0.297657 -0.208133 -0.026107 -0.931343
1642647824.278761 -0.600053 1.330413 0.296893 -0.297636 -0.207824 -0.026156 -0.931417
1642647824.287094 -0.600369 1.330427 0.296973 -0.297630 -0.207541 -0.026145 -0.931482
1642647824.295428 -0.600651 1.330386 0.297061 -0.297648 -0.206896 -0.026070 -0.931622
1642647824.303761 -0.600961 1.330391 0.297143 -0.297647 -0.206499 -0.026072 -0.931711
1642647824.312094 -0.601276 1.330407 0.297227 -0.297562 -0.206131 -0.026124 -0.931818
1642647824.320428 -0.601597 1.330413 0.297292 -0.297556 -0.205697 -0.026248 -0.931912
1642647824.328761 -0.601954 1.330472 0.297358 -0.297467 -0.205730 -0.026376 -0.931929
1642647824.337094 -0.602234 1.330415 0.297413 -0.297435 -0.205580 -0.025964 -0.931984
1642647824.345428 -0.602559 1.330429 0.297466 -0.297462 -0.205218 -0.025996 -0.932055
1642647824.353761 -0.602884 1.330475 0.297534 -0.297364 -0.204957 -0.026046 -0.932142
1642647824.362094 -0.603227 1.330514 0.297587 -0.297377 -0.204635 -0.026178 -0.932205
1642647824.370428 -0.603579 1.330595 0.297668 -0.297473 -0.204815 -0.026118 -0.932136
1642647824.378761 -0.603965 1.330709 0.297717 -0.297245 -0.203880 -0.026980 -0.932390
1642647824.387094 -0.604302 1.330770 0.297800 -0.297345 -0.203753 -0.026852 -0.932389
1642647824.395427 -0.604670 1.330852 0.297816 -0.297080 -0.203269 -0.027274 -0.932567
1642647824.403761 -0.605003 1.330894 0.297861 -0.296964 -0.202659 -0.027307 -0.932736
1642647824.412094 -0.605350 1.330921 0.297869 -0.296802 -0.202637 -0.027029 -0.932800
1642647824.420428 -0.605731 1.330999 0.297886 -0.296712 -0.202384 -0.027123 -0.932881
1642647824.428761 -0.606124 1.331097 0.297913 -0.296497 -0.202018 -0.027300 -0.933024
1642647824.437094 -0.606520 1.331198 0.297933 -0.296338 -0.201715 -0.027458 -0.933135
1642647824.445428 -0.606921 1.331309 0.297945 -0.296191 -0.201360 -0.027621 -0.933253
1642647824.453761 -0.607324 1.331414 0.297953 -0.296129 -0.201066 -0.027767 -0.933332
1642647824.462094 -0.607731 1.331521 0.297967 -0.295993 -0.200775 -0.027881 -0.933434
1642647824.470428 -0.608153 1.331662 0.297992 -0.296089 -0.200958 -0.027848 -0.933366
1642647824.478761 -0.608571 1.331778 0.298003 -0.295937 -0.200674 -0.028079 -0.933468
1642647824.487094 -0.608979 1.331863 0.297990 -0.295559 -0.199776 -0.028568 -0.933766
1642647824.495428 -0.609408 1.331977 0.297990 -0.295425 -0.199229 -0.028924 -0.933914
1642647824.503761 -0.609931 1.332164 0.298021 -0.295270 -0.198593 -0.029906 -0.934067
1642647824.512094 -0.610387 1.332300 0.298028 -0.295060 -0.198303 -0.030213 -0.934186
1642647824.520427 -0.610838 1.332415 0.298008 -0.295020 -0.197969 -0.030508 -0.934260
1642647824.528761 -0.611295 1.332526 0.298003 -0.294863 -0.197660 -0.030807 -0.934365
1642647824.537094 -0.611787 1.332687 0.297993 -0.294604 -0.197506 -0.031435 -0.934458
1642647824.545428 -0.612260 1.332806 0.297982 -0.294427 -0.197277 -0.031790 -0.934550
1642647824.553761 -0.612727 1.332923 0.297985 -0.294156 -0.197012 -0.032147 -0.934679
1642647824.562094 -0.613153 1.332977 0.297975 -0.293973 -0.196558 -0.032293 -0.934827
1642647824.570428 -0.613609 1.333078 0.297965 -0.293826 -0.196236 -0.032655 -0.934928
1642647824.578761 -0.614074 1.333187 0.297956 -0.293671 -0.196090 -0.032977 -0.934997
1642647824.587094 -0.614578 1.333347 0.297930 -0.293547 -0.196115 -0.033609 -0.935008
1642647824.595428 -0.615046 1.333461 0.297914 -0.293347 -0.195867 -0.033935 -0.935111
1642647824.603761 -0.615505 1.333560 0.297885 -0.293251 -0.195581 -0.034336 -0.935186
1642647824.612094 -0.615953 1.333666 0.297856 -0.293107 -0.195352 -0.034700 -0.935266
1642647824.620428 -0.616396 1.333768 0.297820 -0.292892 -0.195158 -0.035011 -0.935362
1642647824.628761 -0.616841 1.333866 0.297782 -0.292840 -0.194791 -0.035364 -0.935442
1642647824.637094 -0.617236 1.333936 0.297758 -0.292676 -0.194192 -0.035445 -0.935614
1642647824.645427 -0.617711 1.334091 0.297700 -0.292430 -0.194019 -0.035993 -0.935706
1642647824.653761 -0.618159 1.334222 0.297660 -0.292237 -0.193712 -0.036357 -0.935816
1642647824.662094 -0.618595 1.334349 0.297600 -0.292013 -0.193420 -0.036576 -0.935938
1642647824.670428 -0.619030 1.334471 0.297534 -0.291874 -0.193055 -0.036864 -0.936045
1642647824.678761 -0.619462 1.334603 0.297478 -0.291614 -0.192816 -0.037088 -0.936167
1642647824.687094 -0.619846 1.334688 0.297425 -0.291395 -0.192278 -0.037086 -0.936346
1642647824.695428 -0.620265 1.334824 0.297357 -0.291204 -0.191896 -0.037351 -0.936473
1642647824.703761 -0.620683 1.334959 0.297279 -0.290932 -0.191617 -0.037636 -0.936603
1642647824.712094 -0.621111 1.335103 0.297204 -0.290682 -0.191269 -0.037862 -0.936743
1642647824.720428 -0.621528 1.335240 0.297128 -0.290381 -0.190975 -0.038056 -0.936888
1642647824.728761 -0.621951 1.335385 0.297033 -0.290116 -0.190643 -0.038246 -0.937030
1642647824.737094 -0.622371 1.335537 0.296950 -0.289877 -0.190313 -0.038395 -0.937165
1642647824.745428 -0.622793 1.335701 0.296856 -0.289615 -0.189897 -0.038552 -0.937324
1642647824.753761 -0.623230 1.335872 0.296745 -0.289366 -0.189338 -0.038805 -0.937503
1642647824.762094 -0.623715 1.336105 0.296634 -0.289031 -0.189083 -0.039263 -0.937639
1642647824.770427 -0.624177 1.336289 0.296510 -0.288745 -0.188710 -0.039537 -0.937791
1642647824.778761 -0.624592 1.336426 0.296400 -0.288440 -0.188123 -0.039461 -0.938006
1642647824.787094 -0.625034 1.336599 0.296279 -0.288267 -0.187572 -0.039557 -0.938165
1642647824.795428 -0.625489 1.336785 0.296160 -0.287962 -0.187143 -0.039621 -0.938342
1642647824.803761 -0.625932 1.336974 0.296047 -0.287581 -0.186648 -0.039870 -0.938547
1642647824.812094 -0.626389 1.337195 0.295950 -0.287464 -0.186830 -0.039831 -0.938548
1642647824.820428 -0.626803 1.337352 0.295820 -0.286910 -0.185995 -0.040238 -0.938866
1642647824.828761 -0.627229 1.337534 0.295706 -0.286477 -0.185603 -0.040472 -0.939066
1642647824.837094 -0.627659 1.337701 0.295599 -0.286189 -0.185330 -0.040601 -0.939202
1642647824.845428 -0.628096 1.337879 0.295507 -0.285866 -0.185090 -0.040780 -0.939340
1642647824.853761 -0.628544 1.338048 0.295414 -0.285571 -0.184763 -0.041023 -0.939484
1642647824.862094 -0.628980 1.338210 0.295332 -0.285333 -0.184503 -0.041226 -0.939598
1642647824.870428 -0.629412 1.338367 0.295263 -0.284964 -0.184360 -0.041412 -0.939730
1642647824.878761 -0.629841 1.338521 0.295195 -0.284736 -0.184343 -0.041626 -0.939793
1642647824.887094 -0.630250 1.338660 0.295147 -0.284439 -0.184367 -0.041846 -0.939868
1642647824.895427 -0.630649 1.338795 0.295114 -0.284276 -0.184365 -0.042125 -0.939906
1642647824.903761 -0.631064 1.338950 0.295109 -0.284265 -0.184811 -0.042154 -0.939820
1642647824.912094 -0.631463 1.339070 0.295091 -0.284158 -0.184884 -0.042450 -0.939824
1642647824.920428 -0.631854 1.339187 0.295072 -0.284013 -0.184820 -0.042786 -0.939866
1642647824.928761 -0.632224 1.339269 0.295030 -0.283625 -0.184286 -0.043217 -0.940068
1642647824.937094 -0.632606 1.339408 0.295029 -0.283702 -0.184866 -0.043249 -0.939930
1642647824.945428 -0.632964 1.339489 0.294998 -0.283354 -0.184372 -0.043645 -0.940113
1642647824.953761 -0.633331 1.339605 0.294992 -0.283111 -0.184331 -0.043818 -0.940186
1642647824.962094 -0.633699 1.339717 0.294979 -0.282916 -0.184153 -0.044080 -0.940268
1642647824.970428 -0.634086 1.339861 0.294999 -0.282947 -0.184501 -0.044093 -0.940189
1642647824.978761 -0.634475 1.339976 0.295007 -0.282789 -0.184290 -0.044222 -0.940273
1642647824.987094 -0.634863 1.340086 0.295013 -0.282562 -0.183988 -0.044413 -0.940391
1642647824.995428 -0.635236 1.340193 0.295016 -0.282288 -0.183706 -0.044541 -0.940522
1642647825.003761 -0.635628 1.340304 0.295015 -0.282144 -0.183366 -0.044599 -0.940629
1642647825.012094 -0.636002 1.340374 0.295000 -0.281744 -0.182344 -0.044931 -0.940931
1642647825.020427 -0.636390 1.340481 0.295011 -0.281399 -0.181872 -0.044984 -0.941124
1642647825.028761 -0.636784 1.340586 0.295012 -0.281201 -0.181294 -0.045109 -0.941288
1642647825.037094 -0.637199 1.340720 0.295028 -0.281294 -0.181342 -0.044957 -0.941258
1642647825.045428 -0.637566 1.340805 0.295007 -0.280884 -0.180313 -0.045300 -0.941562
1642647825.053761 -0.637943 1.340913 0.294989 -0.280655 -0.179736 -0.045408 -0.941736
1642647825.062094 -0.638321 1.341026 0.294985 -0.280474 -0.179286 -0.045437 -0.941874
1642647825.070428 -0.638687 1.341141 0.294981 -0.280199 -0.178869 -0.045521 -0.942031
1642647825.078761 -0.639070 1.341295 0.294983 -0.280212 -0.178981 -0.045322 -0.942016
1642647825.087094 -0.639429 1.341415 0.294960 -0.280041 -0.178679 -0.045375 -0.942121
1642647825.095428 -0.639792 1.341538 0.294926 -0.279887 -0.178209 -0.045480 -0.942251
1642647825.103761 -0.640145 1.341653 0.294892 -0.279718 -0.177798 -0.045522 -0.942377
1642647825.112094 -0.640491 1.341779 0.294860 -0.279469 -0.177472 -0.045539 -0.942511
1642647825.120428 -0.640847 1.341904 0.294827 -0.279182 -0.177070 -0.045588 -0.942669
1642647825.128761 -0.641201 1.342026 0.294792 -0.278910 -0.176686 -0.045649 -0.942819
1642647825.137094 -0.641550 1.342157 0.294756 -0.278669 -0.176386 -0.045710 -0.942943
1642647825.145427 -0.641884 1.342261 0.294705 -0.278120 -0.175460 -0.046019 -0.943263
1642647825.153761 -0.642254 1.342412 0.294684 -0.278065 -0.175486 -0.045902 -0.943280
1642647825.162094 -0.642603 1.342520 0.294643 -0.277565 -0.174581 -0.046158 -0.943583
1642647825.170428 -0.642984 1.342668 0.294635 -0.277505 -0.174544 -0.046035 -0.943613
1642647825.178761 -0.643350 1.342774 0.294617 -0.277112 -0.173537 -0.046260 -0.943903
1642647825.187094 -0.643742 1.342922 0.294648 -0.277034 -0.173360 -0.046057 -0.943969
1642647825.195428 -0.644126 1.343034 0.294674 -0.276872 -0.172864 -0.046094 -0.944106
1642647825.203761 -0.644504 1.343131 0.294687 -0.276657 -0.172258 -0.046111 -0.944279
1642647825.212094 -0.644873 1.343216 0.294697 -0.276427 -0.171474 -0.046277 -0.944481
1642647825.220428 -0.645235 1.343307 0.294697 -0.276200 -0.170927 -0.046296 -0.944645
1642647825.228761 -0.645590 1.343391 0.294692 -0.276056 -0.170477 -0.046235 -0.944772
1642647825.237094 -0.645924 1.343455 0.294677 -0.275511 -0.169514 -0.046482 -0.945092
1642647825.245428 -0.646268 1.343539 0.294670 -0.275347 -0.169084 -0.046575 -0.945212
1642647825.253761 -0.646614 1.343621 0.294657 -0.275219 -0.168763 -0.046597 -0.945305
1642647825.262094 -0.646948 1.343704 0.294651 -0.275021 -0.168540 -0.046659 -0.945400
1642647825.270427 -0.647292 1.343801 0.294665 -0.275129 -0.168976 -0.046513 -0.945298
1642647825.278761 -0.647597 1.343814 0.294630 -0.275010 -0.169426 -0.046019 -0.945276
1642647825.287094 -0.647944 1.343907 0.294627 -0.274705 -0.168254 -0.046871 -0.945532
1642647825.295428 -0.648304 1.344011 0.294650 -0.274775 -0.168640 -0.046885 -0.945442
1642647825.303761 -0.648647 1.344095 0.294649 -0.274637 -0.168698 -0.047062 -0.945463
1642647825.312094 -0.648993 1.344158 0.294628 -0.274551 -0.168704 -0.047294 -0.945476
1642647825.320428 -0.649328 1.344236 0.294614 -0.274320 -0.168713 -0.047540 -0.945529
1642647825.328761 -0.649669 1.344320 0.294596 -0.274154 -0.168973 -0.047762 -0.945519
1642647825.337094 -0.650015 1.344412 0.294584 -0.274028 -0.169182 -0.048068 -0.945503
1642647825.345428 -0.650366 1.344499 0.294572 -0.273875 -0.169415 -0.048308 -0.945493
1642647825.353761 -0.650722 1.344596 0.294568 -0.273710 -0.169694 -0.048598 -0.945476
1642647825.362094 -0.651086 1.344691 0.294577 -0.273485 -0.169974 -0.048938 -0.945473
1642647825.370428 -0.651469 1.344770 0.294575 -0.273360 -0.170364 -0.049338 -0.945418
1642647825.378761 -0.651846 1.344821 0.294557 -0.272984 -0.170188 -0.049993 -0.945524
1642647825.387094 -0.652243 1.344891 0.294566 -0.272800 -0.170416 -0.050457 -0.945512
1642647825.395427 -0.652650 1.344969 0.294598 -0.272528 -0.170891 -0.050825 -0.945485
1642647825.403761 -0.653087 1.345086 0.294656 -0.272615 -0.171763 -0.050920 -0.945297
1642647825.412094 -0.653526 1.345174 0.294693 -0.272497 -0.172039 -0.051305 -0.945260
1642647825.420428 -0.653980 1.345255 0.294743 -0.272338 -0.172029 -0.051692 -0.945286
1642647825.428761 -0.654459 1.345336 0.294799 -0.272144 -0.171759 -0.052050 -0.945371
1642647825.437094 -0.654903 1.345455 0.294902 -0.272057 -0.171854 -0.052029 -0.945381
1642647825.445428 -0.655383 1.345532 0.294985 -0.271877 -0.171209 -0.052194 -0.945540
1642647825.453761 -0.655873 1.345591 0.295070 -0.271768 -0.170365 -0.052367 -0.945714
1642647825.462094 -0.656363 1.345623 0.295155 -0.271693 -0.169352 -0.052544 -0.945908
1642647825.470428 -0.656855 1.345633 0.295245 -0.271598 -0.168288 -0.052647 -0.946119
1642647825.478761 -0.657356 1.345639 0.295344 -0.271460 -0.167068 -0.052674 -0.946374
1642647825.487094 -0.657871 1.345635 0.295464 -0.271328 -0.165639 -0.052692 -0.946662
1642647825.495428 -0.658387 1.345628 0.295597 -0.271188 -0.164065 -0.052668 -0.946977
1642647825.503761 -0.658904 1.345613 0.295735 -0.271025 -0.162324 -0.052680 -0.947323
1642647825.512094 -0.659407 1.345590 0.295891 -0.270951 -0.160557 -0.052607 -0.947650
1642647825.520427 -0.659914 1.345600 0.296079 -0.270916 -0.158317 -0.052884 -0.948021
1642647825.528761 -0.660393 1.345571 0.296262 -0.270899 -0.156381 -0.052776 -0.948353
1642647825.537094 -0.660828 1.345493 0.296428 -0.270914 -0.154898 -0.052217 -0.948623
1642647825.545428 -0.661245 1.345442 0.296613 -0.270870 -0.153189 -0.051947 -0.948928
1642647825.553761 -0.661650 1.345409 0.296794 -0.270872 -0.151420 -0.051733 -0.949223
1642647825.562094 -0.662108 1.345266 0.296795 -0.272719 -0.149257 -0.051352 -0.949057
1642647825.570428 -0.662475 1.345223 0.296861 -0.272778 -0.146491 -0.051399 -0.949469
1642647825.578761 -0.662865 1.345227 0.296967 -0.272653 -0.144618 -0.051264 -0.949799
1642647825.587094 -0.663244 1.345204 0.297032 -0.272213 -0.142166 -0.051496 -0.950283
1642647825.595428 -0.663680 1.345298 0.297162 -0.272324 -0.140857 -0.051500 -0.950446
1642647825.603761 -0.664049 1.345302 0.297230 -0.271895 -0.138600 -0.051794 -0.950884
1642647825.612094 -0.664450 1.345376 0.297341 -0.272000 -0.137681 -0.051445 -0.951007
1642647825.620428 -0.664800 1.345386 0.297376 -0.271573 -0.135674 -0.051652 -0.951406
1642647825.628761 -0.665168 1.345463 0.297440 -0.271761 -0.135092 -0.051385 -0.951449
1642647825.637094 -0.665500 1.345492 0.297442 -0.271289 -0.133353 -0.051707 -0.951812
1642647825.645427 -0.665840 1.345541 0.297433 -0.271046 -0.132264 -0.051889 -0.952023
1642647825.653761 -0.666173 1.345616 0.297419 -0.270843 -0.131603 -0.052009 -0.952166
1642647825.662094 -0.666501 1.345710 0.297396 -0.270630 -0.131100 -0.052167 -0.952287
1642647825.670428 -0.666820 1.345772 0.297336 -0.270407 -0.131180 -0.051971 -0.952350
1642647825.678761 -0.667163 1.345912 0.297294 -0.270167 -0.130500 -0.052601 -0.952477
1642647825.687094 -0.667529 1.346033 0.297226 -0.269934 -0.130693 -0.052882 -0.952501
1642647825.695428 -0.667828 1.346144 0.297194 -0.269664 -0.130126 -0.053358 -0.952629
1642647825.703761 -0.668147 1.346266 0.297150 -0.269463 -0.130029 -0.053708 -0.952679
1642647825.712094 -0.668461 1.346382 0.297108 -0.269247 -0.129971 -0.054120 -0.952725
1642647825.720428 -0.668767 1.346491 0.297069 -0.269039 -0.130064 -0.054434 -0.952753
1642647825.728761 -0.669052 1.346586 0.297120 -0.268899 -0.128382 -0.055535 -0.952957
1642647825.737094 -0.669363 1.346687 0.297104 -0.268733 -0.128190 -0.056063 -0.952999
1642647825.745428 -0.669708 1.346800 0.297038 -0.268448 -0.129607 -0.056046 -0.952889
1642647825.753761 -0.670005 1.346901 0.297096 -0.268318 -0.128637 -0.056821 -0.953011
1642647825.762094 -0.670317 1.346994 0.297111 -0.268173 -0.128535 -0.057336 -0.953034
1642647825.770427 -0.670653 1.347117 0.297154 -0.268359 -0.129457 -0.057446 -0.952851
1642647825.778761 -0.670976 1.347207 0.297182 -0.268236 -0.129721 -0.057775 -0.952829
1642647825.787094 -0.671315 1.347254 0.297106 -0.267746 -0.130239 -0.058033 -0.952881
1642647825.795428 -0.671639 1.347311 0.297096 -0.267534 -0.130462 -0.058419 -0.952886
1642647825.803761 -0.671962 1.347372 0.297094 -0.267364 -0.130519 -0.058850 -0.952900
1642647825.812094 -0.672286 1.347436 0.297094 -0.267168 -0.130602 -0.059220 -0.952920
1642647825.820428 -0.672594 1.347461 0.297060 -0.267055 -0.131226 -0.059214 -0.952867
1642647825.828761 -0.672931 1.347569 0.297074 -0.266854 -0.130870 -0.060050 -0.952920
1642647825.837094 -0.673267 1.347692 0.297099 -0.266992 -0.131655 -0.060248 -0.952760
1642647825.845428 -0.673568 1.347746 0.297071 -0.266548 -0.131063 -0.060937 -0.952923
1642647825.853761 -0.673862 1.347831 0.297062 -0.266280 -0.131066 -0.061377 -0.952969
1642647825.862094 -0.674150 1.347922 0.297053 -0.266144 -0.131147 -0.061717 -0.952974
1642647825.870428 -0.674416 1.348015 0.297030 -0.266001 -0.131351 -0.062071 -0.952963
1642647825.878761 -0.674694 1.348143 0.297040 -0.266106 -0.132208 -0.062086 -0.952814
1642647825.887094 -0.674926 1.348210 0.296978 -0.265638 -0.131765 -0.062654 -0.952969
1642647825.895427 -0.675162 1.348303 0.296939 -0.265723 -0.133073 -0.062257 -0.952789
1642647825.903761 -0.675376 1.348379 0.296861 -0.265192 -0.132638 -0.062840 -0.952959
1642647825.912094 -0.675616 1.348524 0.296794 -0.264940 -0.132330 -0.063553 -0.953025
1642647825.920428 -0.675828 1.348650 0.296720 -0.264712 -0.132339 -0.063890 -0.953065
1642647825.928761 -0.676017 1.348772 0.296632 -0.264399 -0.132427 -0.064177 -0.953120
1642647825.937094 -0.676196 1.348899 0.296546 -0.264230 -0.132510 -0.064355 -0.953143
1642647825.945428 -0.676361 1.349024 0.296464 -0.264033 -0.132625 -0.064518 -0.953171
1642647825.953761 -0.676532 1.349149 0.296390 -0.263756 -0.132643 -0.064676 -0.953234
1642647825.962094 -0.676720 1.349303 0.296349 -0.263881 -0.133383 -0.064445 -0.953112
1642647825.970428 -0.676873 1.349389 0.296277 -0.263412 -0.132615 -0.064816 -0.953324
1642647825.978761 -0.677053 1.349517 0.296264 -0.263525 -0.133146 -0.064624 -0.953232
1642647825.987094 -0.677227 1.349608 0.296238 -0.263491 -0.133031 -0.064659 -0.953255
1642647825.995428 -0.677378 1.349651 0.296199 -0.263038 -0.132069 -0.065030 -0.953488
1642647826.003761 -0.677540 1.349716 0.296192 -0.262870 -0.131685 -0.065215 -0.953575
1642647826.012094 -0.677724 1.349807 0.296234 -0.263080 -0.132235 -0.064968 -0.953458
1642647826.020427 -0.677893 1.349828 0.296231 -0.262668 -0.131570 -0.065291 -0.953641
1642647826.028761 -0.678069 1.349870 0.296270 -0.262556 -0.131182 -0.065498 -0.953711
1642647826.037094 -0.678263 1.349944 0.296346 -0.262859 -0.131863 -0.065358 -0.953544
1642647826.045428 -0.678419 1.349944 0.296375 -0.262525 -0.131110 -0.065753 -0.953712
1642647826.053761 -0.678591 1.349951 0.296435 -0.262403 -0.130806 -0.065986 -0.953772
1642647826.062094 -0.678766 1.349956 0.296494 -0.262371 -0.130697 -0.066130 -0.953785
1642647826.070428 -0.678944 1.349938 0.296559 -0.262342 -0.130592 -0.066297 -0.953796
1642647826.078761 -0.679148 1.349952 0.296662 -0.262668 -0.131238 -0.066220 -0.953623
1642647826.087094 -0.679345 1.349922 0.296748 -0.262729 -0.131371 -0.066370 -0.953577
1642647826.095428 -0.679545 1.349895 0.296842 -0.262760 -0.131279 -0.066594 -0.953566
1642647826.103761 -0.679720 1.349832 0.296903 -0.262446 -0.130571 -0.067146 -0.953711
1642647826.112094 -0.679929 1.349841 0.297033 -0.262748 -0.131208 -0.067110 -0.953543
1642647826.120428 -0.680098 1.349782 0.297122 -0.262522 -0.130514 -0.067650 -0.953662
1642647826.128761 -0.680274 1.349744 0.297244 -0.262551 -0.130436 -0.067882 -0.953648
1642647826.137094 -0.680434 1.349711 0.297379 -0.262607 -0.130499 -0.068120 -0.953607
1642647826.145427 -0.680609 1.349698 0.297547 -0.263071 -0.131381 -0.068001 -0.953367
1642647826.153761 -0.680737 1.349614 0.297665 -0.262873 -0.130758 -0.068477 -0.953473
1642647826.162094 -0.680894 1.349580 0.297839 -0.263254 -0.131446 -0.068379 -0.953281
1642647826.170428 -0.681019 1.349483 0.297971 -0.263135 -0.130806 -0.068793 -0.953372
1642647826.178761 -0.681184 1.349437 0.298156 -0.263522 -0.131312 -0.068667 -0.953204
1642647826.187094 -0.681326 1.349332 0.298303 -0.263380 -0.130381 -0.069097 -0.953340
1642647826.195428 -0.681509 1.349283 0.298515 -0.263804 -0.130611 -0.068916 -0.953205
1642647826.203761 -0.681698 1.349209 0.298727 -0.263977 -0.130166 -0.068898 -0.953219
1642647826.212094 -0.681868 1.349095 0.298998 -0.264130 -0.128451 -0.069232 -0.953385
1642647826.220428 -0.682065 1.348956 0.299214 -0.263932 -0.126582 -0.069619 -0.953661
1642647826.228761 -0.682324 1.348861 0.299490 -0.264366 -0.126084 -0.069378 -0.953625
1642647826.237094 -0.682564 1.348687 0.299744 -0.264272 -0.124253 -0.069569 -0.953877
1642647826.245428 -0.682854 1.348561 0.300069 -0.264741 -0.123593 -0.069139 -0.953864
1642647826.253761 -0.683134 1.348364 0.300360 -0.264645 -0.121579 -0.069355 -0.954134
1642647826.262094 -0.683459 1.348218 0.300706 -0.265153 -0.120810 -0.069018 -0.954115
1642647826.270427 -0.683793 1.348030 0.301050 -0.265464 -0.119616 -0.068846 -0.954192
1642647826.278761 -0.684121 1.347792 0.301381 -0.265408 -0.117466 -0.069108 -0.954455
1642647826.287094 -0.684490 1.347588 0.301751 -0.265680 -0.115885 -0.069109 -0.954573
1642647826.295428 -0.684900 1.347419 0.302167 -0.266305 -0.115155 -0.068770 -0.954511
1642647826.303761 -0.685306 1.347198 0.302544 -0.266321 -0.113048 -0.069108 -0.954734
1642647826.312094 -0.685752 1.346989 0.302948 -0.266575 -0.111407 -0.069307 -0.954842
1642647826.320428 -0.686214 1.346784 0.303364 -0.266895 -0.110059 -0.069414 -0.954901
1642647826.328761 -0.686684 1.346707 0.303847 -0.267593 -0.110183 -0.068785 -0.954737
1642647826.337094 -0.687221 1.346478 0.304303 -0.267928 -0.108640 -0.069194 -0.954790
1642647826.345428 -0.687773 1.346310 0.304774 -0.268191 -0.106868 -0.069644 -0.954884
1642647826.353761 -0.688287 1.345952 0.305110 -0.268190 -0.105043 -0.070104 -0.955053
1642647826.362094 -0.688823 1.345717 0.305557 -0.268421 -0.103529 -0.070495 -0.955124
1642647826.370428 -0.689419 1.345551 0.306066 -0.269050 -0.103032 -0.070567 -0.954996
1642647826.378761 -0.690032 1.345350 0.306539 -0.269451 -0.101995 -0.070928 -0.954967
1642647826.387094 -0.690637 1.345139 0.307001 -0.269815 -0.100894 -0.071355 -0.954950
1642647826.395427 -0.691256 1.344936 0.307466 -0.270017 -0.099818 -0.071830 -0.954970
1642647826.403761 -0.691889 1.344741 0.307933 -0.270375 -0.098889 -0.072341 -0.954927
1642647826.412094 -0.692531 1.344593 0.308428 -0.270801 -0.098109 -0.072843 -0.954848
1642647826.420428 -0.693174 1.344408 0.308885 -0.271074 -0.097355 -0.073349 -0.954810
1642647826.428761 -0.693835 1.344208 0.309308 -0.271405 -0.096466 -0.073899 -0.954763
1642647826.437094 -0.694516 1.344034 0.309732 -0.271714 -0.095789 -0.074483 -0.954698
1642647826.445428 -0.695192 1.343867 0.310144 -0.271878 -0.095026 -0.075203 -0.954671
1642647826.453761 -0.695852 1.343595 0.310464 -0.271807 -0.093403 -0.076239 -0.954769
1642647826.462094 -0.696529 1.343400 0.310828 -0.272001 -0.092588 -0.076906 -0.954740
1642647826.470428 -0.697212 1.343289 0.311237 -0.272167 -0.091810 -0.077647 -0.954708
1642647826.478761 -0.697862 1.343211 0.311633 -0.272749 -0.092369 -0.077711 -0.954483
1642647826.487094 -0.698519 1.343081 0.311978 -0.272972 -0.092046 -0.078213 -0.954409
1642647826.495428 -0.699189 1.342883 0.312277 -0.272780 -0.090372 -0.079437 -0.954523
1642647826.503761 -0.699809 1.342875 0.312627 -0.273225 -0.090581 -0.079697 -0.954354
1642647826.512094 -0.700345 1.342706 0.312856 -0.273141 -0.089711 -0.080400 -0.954401
1642647826.520427 -0.700938 1.342514 0.313085 -0.273133 -0.088640 -0.081275 -0.954430
1642647826.528761 -0.701493 1.342457 0.313347 -0.273562 -0.088937 -0.081591 -0.954252
1642647826.537094 -0.701960 1.342513 0.313594 -0.273284 -0.088377 -0.082098 -0.954340
1642647826.545428 -0.702448 1.342472 0.313811 -0.273274 -0.087961 -0.082783 -0.954322
1642647826.553761 -0.702884 1.342436 0.313965 -0.273587 -0.088720 -0.082972 -0.954146
1642647826.562094 -0.703280 1.342403 0.314074 -0.273232 -0.088235 -0.083734 -0.954226
1642647826.570428 -0.703664 1.342406 0.314177 -0.273132 -0.088249 -0.084292 -0.954204
1642647826.578761 -0.704031 1.342442 0.314262 -0.273109 -0.088488 -0.084767 -0.954147
1642647826.587094 -0.704324 1.342520 0.314307 -0.273020 -0.089352 -0.084971 -0.954074
1642647826.595428 -0.704695 1.342531 0.314345 -0.273269 -0.090077 -0.085436 -0.953893
1642647826.603761 -0.704998 1.342597 0.314356 -0.273164 -0.090606 -0.085935 -0.953828
1642647826.612094 -0.705248 1.342663 0.314317 -0.272685 -0.090271 -0.086692 -0.953928
1642647826.620428 -0.705491 1.342813 0.314308 -0.272483 -0.090689 -0.087081 -0.953910
1642647826.628761 -0.705732 1.342987 0.314303 -0.272578 -0.091834 -0.087163 -0.953766
1642647826.637094 -0.705946 1.343131 0.314240 -0.272430 -0.092349 -0.087422 -0.953735
1642647826.645427 -0.706140 1.343225 0.314119 -0.272197 -0.092604 -0.087728 -0.953749
1642647826.653761 -0.706318 1.343371 0.314023 -0.271934 -0.092857 -0.087963 -0.953778
1642647826.662094 -0.706482 1.343540 0.313920 -0.271678 -0.093032 -0.088170 -0.953815
1642647826.670428 -0.706622 1.343686 0.313764 -0.271033 -0.092333 -0.088662 -0.954021
1642647826.678761 -0.706780 1.343904 0.313654 -0.271028 -0.093069 -0.088528 -0.953963
1642647826.687094 -0.706896 1.344077 0.313494 -0.270375 -0.092470 -0.088853 -0.954176
1642647826.695428 -0.707021 1.344281 0.313351 -0.269956 -0.092234 -0.089015 -0.954302
1642647826.703761 -0.707136 1.344495 0.313196 -0.269626 -0.092119 -0.089134 -0.954396
1642647826.712094 -0.707247 1.344715 0.313049 -0.269259 -0.092039 -0.089140 -0.954507
1642647826.720428 -0.707357 1.344941 0.312901 -0.268916 -0.091917 -0.089168 -0.954612
1642647826.728761 -0.707418 1.345262 0.312766 -0.268602 -0.092394 -0.088774 -0.954691
1642647826.737094 -0.707503 1.345501 0.312605 -0.268326 -0.092440 -0.088680 -0.954773
1642647826.745428 -0.707587 1.345732 0.312454 -0.267967 -0.092175 -0.088750 -0.954893
1642647826.753761 -0.707698 1.346012 0.312322 -0.267475 -0.091905 -0.088812 -0.955051
1642647826.762094 -0.707791 1.346168 0.312136 -0.267293 -0.091670 -0.088908 -0.955116
1642647826.770427 -0.707856 1.346473 0.311994 -0.266845 -0.091879 -0.088720 -0.955239
1642647826.778761 -0.707926 1.346712 0.311838 -0.266419 -0.091950 -0.088672 -0.955355
1642647826.787094 -0.707978 1.346918 0.311674 -0.266476 -0.093028 -0.088170 -0.955281
1642647826.795428 -0.708066 1.347073 0.311484 -0.265855 -0.092028 -0.088666 -0.955505
1642647826.803761 -0.708139 1.347224 0.311272 -0.265476 -0.091769 -0.088805 -0.955623
1642647826.812094 -0.708223 1.347465 0.311117 -0.265461 -0.092563 -0.088474 -0.955581
1642647826.820428 -0.708266 1.347661 0.310915 -0.264866 -0.092022 -0.088733 -0.955774
1642647826.828761 -0.708348 1.347916 0.310766 -0.264799 -0.092724 -0.088481 -0.955748
1642647826.837094 -0.708419 1.348148 0.310593 -0.264500 -0.092907 -0.088401 -0.955821
1642647826.845428 -0.708470 1.348338 0.310391 -0.263832 -0.092220 -0.088726 -0.956042
1642647826.853761 -0.708533 1.348573 0.310221 -0.263406 -0.092218 -0.088817 -0.956151
1642647826.862094 -0.708613 1.348807 0.310046 -0.263094 -0.092377 -0.088782 -0.956225
1642647826.870428 -0.708693 1.349092 0.309911 -0.262778 -0.092516 -0.088724 -0.956303
1642647826.878761 -0.708753 1.349392 0.309756 -0.262772 -0.093768 -0.088076 -0.956243
1642647826.887094 -0.708820 1.349592 0.309551 -0.262062 -0.093047 -0.088387 -0.956480
1642647826.895427 -0.708910 1.349797 0.309353 -0.261680 -0.092949 -0.088357 -0.956597
1642647826.903761 -0.708998 1.350006 0.309168 -0.261302 -0.092891 -0.088263 -0.956714
1642647826.912094 -0.709139 1.350187 0.308995 -0.260962 -0.092237 -0.088573 -0.956842
1642647826.920428 -0.709258 1.350336 0.308780 -0.260604 -0.092010 -0.088601 -0.956958
1642647826.928761 -0.709389 1.350562 0.308627 -0.260646 -0.092598 -0.088210 -0.956926
1642647826.937094 -0.709492 1.350718 0.308435 -0.260079 -0.091828 -0.088442 -0.957134
1642647826.945428 -0.709615 1.350898 0.308262 -0.259765 -0.091495 -0.088385 -0.957256
1642647826.953761 -0.709771 1.351118 0.308146 -0.259746 -0.091971 -0.088047 -0.957247
1642647826.962094 -0.709907 1.351270 0.307980 -0.259153 -0.091116 -0.088177 -0.957477
1642647826.970428 -0.710075 1.351466 0.307868 -0.259225 -0.091331 -0.087837 -0.957469
1642647826.978761 -0.710218 1.351604 0.307709 -0.258676 -0.090277 -0.088067 -0.957696
1642647826.987094 -0.710382 1.351815 0.307615 -0.258332 -0.089850 -0.087969 -0.957838
1642647826.995428 -0.710556 1.351987 0.307511 -0.258044 -0.089448 -0.087869 -0.957962
1642647827.003761 -0.710734 1.352129 0.307400 -0.257867 -0.088952 -0.087785 -0.958064
1642647827.012094 -0.710906 1.352265 0.307300 -0.257652 -0.088482 -0.087738 -0.958169
1642647827.020427 -0.711105 1.352386 0.307217 -0.257710 -0.088579 -0.087517 -0.958165
1642647827.028761 -0.711280 1.352478 0.307112 -0.257192 -0.087594 -0.087688 -0.958379
1642647827.037094 -0.711488 1.352627 0.307081 -0.257304 -0.087702 -0.087433 -0.958363
1642647827.045428 -0.711680 1.352755 0.307033 -0.257156 -0.087374 -0.087378 -0.958437
1642647827.053761 -0.711886 1.352862 0.306990 -0.256961 -0.086766 -0.087403 -0.958542
1642647827.062094 -0.712080 1.352924 0.306919 -0.256458 -0.085379 -0.087749 -0.958770
1642647827.070428 -0.712313 1.353058 0.306919 -0.256622 -0.085525 -0.087506 -0.958735
1642647827.078761 -0.712525 1.353132 0.306861 -0.256193 -0.084323 -0.087776 -0.958932
1642647827.087094 -0.712780 1.353332 0.306896 -0.255963 -0.083558 -0.087911 -0.959048
1642647827.095428 -0.713042 1.353492 0.306907 -0.256160 -0.083726 -0.087639 -0.959005
1642647827.103761 -0.713251 1.353512 0.306801 -0.255791 -0.082811 -0.087798 -0.959169
1642647827.112094 -0.713489 1.353603 0.306745 -0.255523 -0.082078 -0.087920 -0.959292
1642647827.120428 -0.713738 1.353702 0.306700 -0.255372 -0.081702 -0.087983 -0.959359
1642647827.128761 -0.713988 1.353809 0.306652 -0.255183 -0.081367 -0.088050 -0.959431
1642647827.137094 -0.714235 1.353906 0.306604 -0.254989 -0.080977 -0.088184 -0.959504
1642647827.145427 -0.714517 1.354050 0.306582 -0.255139 -0.081471 -0.087984 -0.959440
1642647827.153761 -0.714788 1.354166 0.306532 -0.255072 -0.081432 -0.088049 -0.959455
1642647827.162094 -0.715057 1.354220 0.306437 -0.254878 -0.080993 -0.088319 -0.959519
1642647827.170428 -0.715331 1.354317 0.306371 -0.254699 -0.080658 -0.088459 -0.959582
1642647827.178761 -0.715606 1.354487 0.306353 -0.254520 -0.080428 -0.088610 -0.959635
1642647827.187094 -0.715880 1.354617 0.306300 -0.254317 -0.080071 -0.088707 -0.959710
1642647827.195428 -0.716152 1.354733 0.306239 -0.254095 -0.079674 -0.088827 -0.959790
1642647827.203761 -0.716428 1.354854 0.306164 -0.253884 -0.079261 -0.088992 -0.959865
1642647827.212094 -0.716702 1.354967 0.306124 -0.252631 -0.078148 -0.089266 -0.960262
1642647827.220428 -0.717008 1.355144 0.306087 -0.252174 -0.077426 -0.089550 -0.960414
1642647827.228761 -0.717310 1.355289 0.306005 -0.251944 -0.076982 -0.089707 -0.960495
1642647827.237094 -0.717584 1.355366 0.305871 -0.251750 -0.076595 -0.089790 -0.960569
1642647827.245428 -0.717880 1.355432 0.305728 -0.251526 -0.076025 -0.089976 -0.960656
1642647827.253761 -0.718198 1.355604 0.305663 -0.251420 -0.075572 -0.090065 -0.960711
1642647827.262094 -0.718512 1.355748 0.305575 -0.251216 -0.075198 -0.090177 -0.960783
1642647827.270427 -0.718829 1.355818 0.305450 -0.250915 -0.074552 -0.090456 -0.960886
1642647827.278761 -0.719156 1.355939 0.305358 -0.250703 -0.073902 -0.090744 -0.960964
1642647827.287094 -0.719535 1.356061 0.305242 -0.250323 -0.073534 -0.091091 -0.961059
1642647827.295428 -0.719890 1.356190 0.305145 -0.250048 -0.073102 -0.091364 -0.961137
1642647827.303761 -0.720239 1.356317 0.305057 -0.249859 -0.072628 -0.091620 -0.961198
1642647827.312094 -0.720591 1.356441 0.304975 -0.249617 -0.072069 -0.091946 -0.961272
1642647827.320428 -0.720938 1.356570 0.304895 -0.249462 -0.071610 -0.092177 -0.961324
1642647827.328761 -0.721306 1.356753 0.304862 -0.249297 -0.070990 -0.092454 -0.961386
1642647827.337094 -0.721655 1.356936 0.304841 -0.249187 -0.070593 -0.092585 -0.961431
1642647827.345428 -0.721992 1.357071 0.304781 -0.249038 -0.070121 -0.092779 -0.961486
1642647827.353761 -0.722290 1.357221 0.304699 -0.248875 -0.069937 -0.092782 -0.961541
1642647827.362094 -0.722612 1.357340 0.304621 -0.248683 -0.069480 -0.092976 -0.961605
1642647827.370428 -0.722981 1.357430 0.304573 -0.248526 -0.068767 -0.093374 -0.961658
1642647827.378761 -0.723295 1.357485 0.304471 -0.248401 -0.068372 -0.093506 -0.961706
1642647827.387094 -0.723612 1.357587 0.304399 -0.248193 -0.067935 -0.093635 -0.961778
1642647827.395427 -0.723927 1.357697 0.304329 -0.248017 -0.067483 -0.093838 -0.961836
1642647827.403761 -0.724257 1.357810 0.304261 -0.247840 -0.067101 -0.094008 -0.961892
1642647827.412094 -0.724575 1.357911 0.304194 -0.247692 -0.066780 -0.094178 -0.961935
1642647827.420428 -0.724887 1.358012 0.304117 -0.247500 -0.066549 -0.094329 -0.961986
1642647827.428761 -0.725201 1.358109 0.304051 -0.247308 -0.066205 -0.094575 -0.962035
1642647827.437094 -0.725522 1.358210 0.303978 -0.247112 -0.065837 -0.094814 -0.962087
1642647827.445428 -0.725850 1.358314 0.303902 -0.246922 -0.065441 -0.095038 -0.962141
1642647827.453761 -0.726181 1.358424 0.303821 -0.246712 -0.065130 -0.095179 -0.962202
1642647827.462094 -0.726512 1.358540 0.303736 -0.246527 -0.064615 -0.095468 -0.962255
1642647827.470428 -0.726842 1.358673 0.303657 -0.246287 -0.064165 -0.095700 -0.962324
1642647827.478761 -0.727178 1.358809 0.303571 -0.246093 -0.063751 -0.095885 -0.962383
1642647827.487094 -0.727508 1.358948 0.303490 -0.245891 -0.063217 -0.096053 -0.962453
1642647827.495428 -0.727841 1.359093 0.303412 -0.245668 -0.062796 -0.096240 -0.962518
1642647827.503761 -0.728165 1.359236 0.303335 -0.245463 -0.062405 -0.096407 -0.962580
1642647827.512094 -0.728498 1.359388 0.303259 -0.245244 -0.061982 -0.096636 -0.962640
1642647827.520427 -0.728830 1.359537 0.303174 -0.245057 -0.061565 -0.096862 -0.962691
1642647827.528761 -0.729164 1.359697 0.303094 -0.244863 -0.060997 -0.097122 -0.962750
1642647827.537094 -0.729493 1.359846 0.303005 -0.244645 -0.060554 -0.097271 -0.962819
1642647827.545428 -0.729819 1.359939 0.302878 -0.244374 -0.059906 -0.097526 -0.962903
1642647827.553761 -0.730144 1.360072 0.302776 -0.244151 -0.059488 -0.097670 -0.962970
1642647827.562094 -0.730464 1.360229 0.302682 -0.243872 -0.058972 -0.097867 -0.963053
1642647827.570428 -0.730790 1.360387 0.302572 -0.243612 -0.058515 -0.098107 -0.963122
1642647827.578761 -0.731112 1.360613 0.302494 -0.243318 -0.058094 -0.098238 -0.963208
1642647827.587094 -0.731431 1.360797 0.302378 -0.243081 -0.057862 -0.098306 -0.963275
1642647827.595428 -0.731740 1.360978 0.302256 -0.242713 -0.057503 -0.098422 -0.963378
1642647827.603761 -0.732042 1.361165 0.302134 -0.242492 -0.057177 -0.098558 -0.963439
1642647827.612094 -0.732338 1.361350 0.302018 -0.242233 -0.056887 -0.098710 -0.963506
1642647827.620428 -0.732629 1.361526 0.301895 -0.241987 -0.056613 -0.098872 -0.963567
1642647827.628761 -0.732916 1.361709 0.301772 -0.241735 -0.056450 -0.098957 -0.963631
1642647827.637094 -0.733194 1.361896 0.301644 -0.241525 -0.056235 -0.099014 -0.963691
1642647827.645427 -0.733474 1.362082 0.301502 -0.241289 -0.055936 -0.099125 -0.963756
1642647827.653761 -0.733743 1.362270 0.301358 -0.241036 -0.055684 -0.099270 -0.963819
1642647827.662094 -0.734001 1.362466 0.301199 -0.240774 -0.055392 -0.099377 -0.963890
1642647827.670428 -0.734252 1.362671 0.301041 -0.240503 -0.055234 -0.099373 -0.963967
1642647827.678761 -0.734515 1.362931 0.300912 -0.240171 -0.054830 -0.099521 -0.964058
1642647827.687094 -0.734746 1.363143 0.300735 -0.239938 -0.054580 -0.099602 -0.964121
1642647827.695428 -0.734977 1.363342 0.300552 -0.239675 -0.054298 -0.099683 -0.964194
1642647827.703761 -0.735188 1.363503 0.300319 -0.239420 -0.054168 -0.099564 -0.964277
1642647827.712094 -0.735415 1.363658 0.300075 -0.239085 -0.053720 -0.099640 -0.964378
1642647827.720428 -0.735634 1.363868 0.299862 -0.238866 -0.053551 -0.099603 -0.964445
1642647827.728761 -0.735862 1.364096 0.299653 -0.238643 -0.053385 -0.099534 -0.964517
1642647827.737094 -0.736092 1.364326 0.299428 -0.238385 -0.053037 -0.099503 -0.964603
1642647827.745428 -0.736326 1.364632 0.299245 -0.238138 -0.052856 -0.099324 -0.964692
1642647827.753761 -0.736560 1.364895 0.299037 -0.237797 -0.052504 -0.099245 -0.964804
1642647827.762094 -0.736805 1.365163 0.298822 -0.237490 -0.052180 -0.099113 -0.964911
1642647827.770427 -0.737050 1.365437 0.298621 -0.237187 -0.051685 -0.099041 -0.965019
1642647827.778761 -0.737299 1.365715 0.298410 -0.236868 -0.051339 -0.098930 -0.965127
1642647827.787094 -0.737543 1.366000 0.298200 -0.236554 -0.050833 -0.098884 -0.965236
1642647827.795428 -0.737799 1.366287 0.297980 -0.236273 -0.050352 -0.098748 -0.965344
1642647827.803761 -0.738044 1.366653 0.297787 -0.236112 -0.048284 -0.098713 -0.965492
1642647827.812094 -0.738275 1.366925 0.297572 -0.235626 -0.048051 -0.098744 -0.965620
1642647827.820428 -0.738564 1.367249 0.297326 -0.235577 -0.047547 -0.098309 -0.965701
1642647827.828761 -0.738833 1.367571 0.297090 -0.235319 -0.047004 -0.098157 -0.965806
1642647827.837094 -0.739069 1.367855 0.296824 -0.234941 -0.046529 -0.097993 -0.965937
1642647827.845428 -0.739333 1.368233 0.296634 -0.234641 -0.045946 -0.097800 -0.966058
1642647827.853761 -0.739590 1.368541 0.296380 -0.234326 -0.045185 -0.097700 -0.966180
1642647827.862094 -0.739807 1.368820 0.296105 -0.234005 -0.044536 -0.097517 -0.966307
1642647827.870428 -0.740047 1.369160 0.295864 -0.233643 -0.043913 -0.097309 -0.966444
1642647827.878761 -0.740281 1.369562 0.295653 -0.233315 -0.043420 -0.097027 -0.966574
1642647827.887094 -0.740520 1.369919 0.295408 -0.232973 -0.042789 -0.096790 -0.966708
1642647827.895427 -0.740761 1.370269 0.295178 -0.232649 -0.041504 -0.096843 -0.966837
1642647827.903761 -0.741013 1.370616 0.294887 -0.232302 -0.041168 -0.096559 -0.966963
1642647827.912094 -0.741274 1.371008 0.294655 -0.232010 -0.040012 -0.096581 -0.967080
1642647827.920428 -0.741529 1.371359 0.294347 -0.231636 -0.039645 -0.096371 -0.967205
1642647827.928761 -0.741784 1.371707 0.294040 -0.231246 -0.039069 -0.096207 -0.967338
1642647827.937094 -0.742032 1.372051 0.293729 -0.230850 -0.038335 -0.096063 -0.967476
1642647827.945428 -0.742261 1.372404 0.293436 -0.230545 -0.037187 -0.096142 -0.967586
1642647827.953761 -0.742508 1.372777 0.293104 -0.230165 -0.036506 -0.096008 -0.967716
1642647827.962094 -0.742746 1.373142 0.292779 -0.229744 -0.035889 -0.095944 -0.967845
1642647827.970428 -0.742971 1.373463 0.292410 -0.229346 -0.035383 -0.095782 -0.967974
1642647827.978761 -0.743208 1.373841 0.292060 -0.228975 -0.034851 -0.095678 -0.968092
1642647827.987094 -0.743477 1.374233 0.291712 -0.228536 -0.034194 -0.095766 -0.968210
1642647827.995428 -0.743706 1.374718 0.291349 -0.228072 -0.034631 -0.095275 -0.968353
1642647828.003761 -0.743956 1.375163 0.290991 -0.227572 -0.034400 -0.095194 -0.968486
1642647828.012094 -0.744233 1.375585 0.290678 -0.227165 -0.033477 -0.095500 -0.968584
1642647828.020427 -0.744494 1.376031 0.290316 -0.226689 -0.033076 -0.095604 -0.968699
1642647828.028761 -0.744750 1.376483 0.289940 -0.226182 -0.032848 -0.095577 -0.968828
1642647828.037094 -0.744989 1.376902 0.289507 -0.225614 -0.032556 -0.095575 -0.968970
1642647828.045428 -0.745242 1.377363 0.289112 -0.225079 -0.032375 -0.095559 -0.969103
1642647828.053761 -0.745482 1.377917 0.288728 -0.224520 -0.032371 -0.095467 -0.969241
1642647828.062094 -0.745771 1.378387 0.288346 -0.223929 -0.031904 -0.095727 -0.969368
1642647828.070428 -0.746047 1.378868 0.287932 -0.223321 -0.031719 -0.095785 -0.969509
1642647828.078761 -0.746313 1.379360 0.287516 -0.222767 -0.031509 -0.095768 -0.969645
1642647828.087094 -0.746576 1.379853 0.287091 -0.222208 -0.031366 -0.095734 -0.969781
1642647828.095428 -0.746820 1.380284 0.286619 -0.221619 -0.031149 -0.095684 -0.969928
1642647828.103761 -0.747078 1.380743 0.286172 -0.221093 -0.030978 -0.095705 -0.970051
1642647828.112094 -0.747335 1.381207 0.285742 -0.220559 -0.030645 -0.095753 -0.970178
1642647828.120428 -0.747620 1.381715 0.285345 -0.220017 -0.030408 -0.095642 -0.970320
1642647828.128761 -0.747859 1.382200 0.284889 -0.219512 -0.030417 -0.095302 -0.970467
1642647828.137094 -0.748152 1.382620 0.284430 -0.218975 -0.030475 -0.095125 -0.970604
1642647828.145427 -0.748435 1.383054 0.283989 -0.218439 -0.030164 -0.095138 -0.970733
1642647828.153761 -0.748713 1.383495 0.283560 -0.217953 -0.029787 -0.095206 -0.970848
1642647828.162094 -0.748981 1.383878 0.283086 -0.217405 -0.029390 -0.095214 -0.970982
1642647828.170428 -0.749290 1.384355 0.282702 -0.216937 -0.028921 -0.095207 -0.971101
1642647828.178761 -0.749580 1.384784 0.282293 -0.216520 -0.028575 -0.095164 -0.971209
1642647828.187094 -0.749870 1.385193 0.281869 -0.216048 -0.028236 -0.094998 -0.971340
1642647828.195428 -0.750166 1.385591 0.281455 -0.215588 -0.027810 -0.094913 -0.971463
1642647828.203761 -0.750463 1.385976 0.281044 -0.215184 -0.027223 -0.094850 -0.971575
1642647828.212094 -0.750730 1.386381 0.280611 -0.214786 -0.027120 -0.094490 -0.971701
1642647828.220428 -0.751052 1.386679 0.280178 -0.214341 -0.026293 -0.094571 -0.971814
1642647828.228761 -0.751311 1.387035 0.279774 -0.214008 -0.026366 -0.094172 -0.971925
1642647828.237094 -0.751659 1.387468 0.279459 -0.214246 -0.026981 -0.093677 -0.971903
1642647828.245428 -0.751980 1.387811 0.279092 -0.214024 -0.026764 -0.093530 -0.971972
1642647828.253761 -0.752374 1.388050 0.278671 -0.213418 -0.025311 -0.094184 -0.972081
1642647828.262094 -0.752710 1.388327 0.278288 -0.213068 -0.024681 -0.094332 -0.972160
1642647828.270427 -0.753003 1.388548 0.277855 -0.212689 -0.024155 -0.094387 -0.972251
1642647828.278761 -0.753320 1.388794 0.277480 -0.212406 -0.023608 -0.094382 -0.972326
1642647828.287094 -0.753633 1.389038 0.277127 -0.212140 -0.023099 -0.094309 -0.972404
1642647828.295428 -0.753949 1.389275 0.276777 -0.211884 -0.022607 -0.094294 -0.972472
1642647828.303761 -0.754277 1.389546 0.276471 -0.211567 -0.022007 -0.094333 -0.972552
1642647828.312094 -0.754594 1.389780 0.276141 -0.211367 -0.021547 -0.094399 -0.972599
1642647828.320428 -0.754901 1.389988 0.275789 -0.211113 -0.020969 -0.094433 -0.972664
1642647828.328761 -0.755215 1.390207 0.275455 -0.210823 -0.020440 -0.094473 -0.972734
1642647828.337094 -0.755521 1.390415 0.275123 -0.210593 -0.019926 -0.094529 -0.972789
1642647828.345428 -0.755833 1.390619 0.274782 -0.210362 -0.019686 -0.094407 -0.972855
1642647828.353761 -0.756172 1.390752 0.274388 -0.210148 -0.019725 -0.094322 -0.972909
1642647828.362094 -0.756472 1.390912 0.274050 -0.209887 -0.019054 -0.094347 -0.972976
1642647828.370428 -0.756760 1.391072 0.273735 -0.209703 -0.018396 -0.094270 -0.973036
1642647828.378761 -0.757066 1.391288 0.273470 -0.209548 -0.017715 -0.094178 -0.973091
1642647828.387094 -0.757334 1.391414 0.273131 -0.208971 -0.016236 -0.094497 -0.973210
1642647828.395427 -0.757621 1.391548 0.272813 -0.208738 -0.015322 -0.094534 -0.973271
1642647828.403761 -0.757917 1.391678 0.272497 -0.208610 -0.014567 -0.094455 -0.973318
1642647828.412094 -0.758213 1.391801 0.272194 -0.208476 -0.013720 -0.094433 -0.973361
1642647828.420428 -0.758512 1.391910 0.271895 -0.208370 -0.012873 -0.094381 -0.973401
1642647828.428761 -0.758814 1.392015 0.271605 -0.208256 -0.012067 -0.094370 -0.973436
1642647828.437094 -0.759133 1.392107 0.271297 -0.208140 -0.011289 -0.094307 -0.973477
1642647828.445428 -0.759463 1.392184 0.270990 -0.208062 -0.010405 -0.094259 -0.973508
1642647828.453761 -0.759805 1.392280 0.270699 -0.208173 -0.009996 -0.094059 -0.973508
1642647828.462094 -0.760171 1.392394 0.270418 -0.208422 -0.009810 -0.093796 -0.973482
1642647828.470428 -0.760539 1.392482 0.270109 -0.208381 -0.008956 -0.093757 -0.973502
1642647828.478761 -0.760921 1.392568 0.269789 -0.208219 -0.008048 -0.093744 -0.973546
1642647828.487094 -0.761317 1.392650 0.269461 -0.208052 -0.007155 -0.093770 -0.973586
1642647828.495428 -0.761719 1.392736 0.269143 -0.207906 -0.006170 -0.093831 -0.973618
1642647828.503761 -0.762132 1.392824 0.268825 -0.207851 -0.005350 -0.093841 -0.973634
1642647828.512094 -0.762567 1.392914 0.268504 -0.207726 -0.004465 -0.093864 -0.973663
1642647828.520427 -0.762995 1.392961 0.268131 -0.206966 -0.002459 -0.094403 -0.973780
1642647828.528761 -0.763440 1.393038 0.267787 -0.206712 -0.001184 -0.094607 -0.973816
1642647828.537094 -0.763905 1.393124 0.267459 -0.206667 -0.000241 -0.094614 -0.973826
1642647828.545428 -0.764392 1.393243 0.267184 -0.207135 -0.000184 -0.094293 -0.973758
1642647828.553761 -0.764875 1.393338 0.266878 -0.207232 0.000404 -0.094231 -0.973743
1642647828.562094 -0.765361 1.393414 0.266553 -0.207187 0.001410 -0.094342 -0.973741
1642647828.570428 -0.765834 1.393483 0.266224 -0.206965 0.002860 -0.094514 -0.973768
1642647828.578761 -0.766289 1.393520 0.265882 -0.206404 0.004848 -0.094947 -0.973837
1642647828.587094 -0.766826 1.393616 0.265594 -0.206810 0.004823 -0.094711 -0.973774
1642647828.595428 -0.767328 1.393694 0.265274 -0.206853 0.005578 -0.094686 -0.973763
1642647828.603761 -0.767830 1.393782 0.264982 -0.206750 0.006656 -0.094793 -0.973768
1642647828.612094 -0.768327 1.393846 0.264669 -0.206670 0.007740 -0.094935 -0.973763
1642647828.620428 -0.768819 1.393905 0.264352 -0.206652 0.008656 -0.094954 -0.973758
1642647828.628761 -0.769302 1.393947 0.264034 -0.206591 0.009741 -0.095142 -0.973742
1642647828.637094 -0.769788 1.393982 0.263707 -0.206556 0.010757 -0.095333 -0.973720
1642647828.645427 -0.770273 1.394010 0.263378 -0.206502 0.011752 -0.095530 -0.973701
1642647828.653761 -0.770753 1.394040 0.263049 -0.206441 0.012686 -0.095690 -0.973686
1642647828.662094 -0.771231 1.394067 0.262722 -0.206369 0.013515 -0.095794 -0.973680
1642647828.670428 -0.771703 1.394091 0.262387 -0.206295 0.014494 -0.096012 -0.973660
1642647828.678761 -0.772163 1.394122 0.262058 -0.206200 0.015343 -0.096151 -0.973653
1642647828.687094 -0.772612 1.394145 0.261716 -0.206125 0.016143 -0.096304 -0.973641
1642647828.695428 -0.773047 1.394182 0.261433 -0.206072 0.017683 -0.096697 -0.973587
1642647828.703761 -0.773492 1.394214 0.261102 -0.205965 0.018689 -0.096898 -0.973571
1642647828.712094 -0.773935 1.394257 0.260763 -0.205895 0.019543 -0.097068 -0.973552
1642647828.720428 -0.774375 1.394301 0.260421 -0.205774 0.020505 -0.097251 -0.973539
1642647828.728761 -0.774807 1.394348 0.260081 -0.205698 0.021396 -0.097346 -0.973527
1642647828.737094 -0.775229 1.394405 0.259736 -0.205578 0.022359 -0.097471 -0.973518
1642647828.745428 -0.775652 1.394457 0.259385 -0.205477 0.023339 -0.097611 -0.973502
1642647828.753761 -0.776065 1.394512 0.259031 -0.205407 0.024301 -0.097711 -0.973484
1642647828.762094 -0.776466 1.394579 0.258676 -0.205245 0.025442 -0.097843 -0.973475
1642647828.770427 -0.776864 1.394658 0.258315 -0.205087 0.026513 -0.097961 -0.973468
1642647828.778761 -0.777251 1.394735 0.257961 -0.204900 0.027559 -0.098095 -0.973465
1642647828.787094 -0.777676 1.394796 0.257551 -0.204725 0.027775 -0.097880 -0.973517
1642647828.795428 -0.778069 1.394886 0.257172 -0.204598 0.028382 -0.097828 -0.973532
1642647828.803761 -0.778438 1.394981 0.256810 -0.204433 0.029232 -0.097911 -0.973533
1642647828.812094 -0.778800 1.395074 0.256442 -0.204233 0.030145 -0.098040 -0.973534
1642647828.820428 -0.779158 1.395167 0.256079 -0.204113 0.030981 -0.098174 -0.973520
1642647828.828761 -0.779513 1.395269 0.255715 -0.203932 0.031773 -0.098258 -0.973523
1642647828.837094 -0.779849 1.395361 0.255348 -0.203748 0.032517 -0.098371 -0.973526
1642647828.845428 -0.780172 1.395453 0.254983 -0.203573 0.033192 -0.098491 -0.973527
1642647828.853761 -0.780488 1.395547 0.254616 -0.203432 0.033844 -0.098606 -0.973523
1642647828.862094 -0.780799 1.395649 0.254251 -0.203335 0.034552 -0.098739 -0.973505
1642647828.870428 -0.781103 1.395740 0.253893 -0.203184 0.035083 -0.098849 -0.973506
1642647828.878761 -0.781402 1.395834 0.253532 -0.202996 0.035667 -0.098978 -0.973511
1642647828.887094 -0.781688 1.395926 0.253173 -0.202844 0.036201 -0.099170 -0.973503
1642647828.895427 -0.781974 1.396022 0.252810 -0.202662 0.036739 -0.099289 -0.973509
1642647828.903761 -0.782256 1.396118 0.252455 -0.202513 0.037247 -0.099409 -0.973509
1642647828.912094 -0.782539 1.396213 0.252095 -0.202276 0.037900 -0.099564 -0.973517
1642647828.920428 -0.782818 1.396307 0.251742 -0.202080 0.038528 -0.099728 -0.973516
1642647828.928761 -0.783098 1.396397 0.251397 -0.201910 0.039089 -0.099845 -0.973517
1642647828.937094 -0.783377 1.396489 0.251053 -0.201713 0.039705 -0.099957 -0.973521
1642647828.945428 -0.783652 1.396574 0.250721 -0.201605 0.040259 -0.100070 -0.973509
1642647828.953761 -0.783928 1.396657 0.250394 -0.201482 0.040924 -0.100190 -0.973495
1642647828.962094 -0.784203 1.396747 0.250077 -0.201309 0.041612 -0.100317 -0.973489
1642647828.970428 -0.784478 1.396828 0.249757 -0.201119 0.042360 -0.100468 -0.973480
1642647828.978761 -0.784749 1.396910 0.249441 -0.201054 0.043000 -0.100582 -0.973454
1642647828.987094 -0.785025 1.396994 0.249136 -0.200946 0.043614 -0.100667 -0.973440
1642647828.995428 -0.785298 1.397076 0.248836 -0.200797 0.044312 -0.100756 -0.973430
1642647829.003761 -0.785570 1.397149 0.248536 -0.200709 0.044994 -0.100847 -0.973407
1642647829.012094 -0.785840 1.397211 0.248247 -0.200617 0.045786 -0.101019 -0.973371
1642647829.020427 -0.786111 1.397273 0.247964 -0.200534 0.046587 -0.101145 -0.973337
1642647829.028761 -0.786378 1.397327 0.247683 -0.200498 0.047345 -0.101289 -0.973293
1642647829.037094 -0.786642 1.397376 0.247405 -0.200369 0.048132 -0.101431 -0.973266
1642647829.045428 -0.786907 1.397420 0.247131 -0.200317 0.048821 -0.101596 -0.973226
1642647829.053761 -0.787172 1.397470 0.246857 -0.200208 0.049586 -0.101759 -0.973192
1642647829.062094 -0.787429 1.397517 0.246584 -0.200121 0.050293 -0.101874 -0.973162
1642647829.070428 -0.787683 1.397562 0.246310 -0.200065 0.051052 -0.102077 -0.973112
1642647829.078761 -0.787938 1.397609 0.246036 -0.199997 0.051678 -0.102225 -0.973078
1642647829.087094 -0.788185 1.397653 0.245763 -0.199903 0.052295 -0.102370 -0.973049
1642647829.095428 -0.788423 1.397702 0.245492 -0.199841 0.052956 -0.102519 -0.973010
1642647829.103761 -0.788660 1.397757 0.245218 -0.199767 0.053540 -0.102661 -0.972979
1642647829.112094 -0.788899 1.397811 0.244944 -0.199684 0.054161 -0.102788 -0.972948
1642647829.120428 -0.789136 1.397866 0.244669 -0.199571 0.054818 -0.102937 -0.972919
1642647829.128761 -0.789359 1.397915 0.244393 -0.199485 0.055365 -0.103039 -0.972894
1642647829.137094 -0.789590 1.397972 0.244112 -0.199384 0.055963 -0.103192 -0.972865
1642647829.145427 -0.789825 1.398031 0.243825 -0.199250 0.056657 -0.103327 -0.972838
1642647829.153761 -0.790052 1.398091 0.243545 -0.199177 0.057259 -0.103416 -0.972808
1642647829.162094 -0.790278 1.398155 0.243249 -0.199089 0.057944 -0.103493 -0.972777
1642647829.170428 -0.790506 1.398222 0.242951 -0.198919 0.058720 -0.103640 -0.972750
1642647829.178761 -0.790734 1.398290 0.242651 -0.198722 0.059436 -0.103757 -0.972734
1642647829.187094 -0.790963 1.398371 0.242354 -0.198607 0.060044 -0.103894 -0.972706
1642647829.195428 -0.791190 1.398453 0.242049 -0.198412 0.060711 -0.104009 -0.972692
1642647829.203761 -0.791422 1.398539 0.241734 -0.198226 0.061335 -0.104107 -0.972680
1642647829.212094 -0.791646 1.398629 0.241410 -0.198079 0.061961 -0.104262 -0.972654
1642647829.220428 -0.791873 1.398736 0.241097 -0.197936 0.062602 -0.104403 -0.972627
1642647829.228761 -0.792092 1.398841 0.240780 -0.197704 0.063286 -0.104490 -0.972620
1642647829.237094 -0.792312 1.398956 0.240462 -0.197517 0.063930 -0.104599 -0.972604
1642647829.245428 -0.792540 1.399081 0.240145 -0.197285 0.064541 -0.104719 -0.972598
1642647829.253761 -0.792760 1.399203 0.239824 -0.197102 0.065191 -0.104830 -0.972580
1642647829.262094 -0.792982 1.399333 0.239510 -0.196903 0.065779 -0.104887 -0.972574
1642647829.270427 -0.793235 1.399489 0.239193 -0.196888 0.065922 -0.104864 -0.972570
1642647829.278761 -0.793458 1.399626 0.238879 -0.196763 0.066421 -0.104923 -0.972555
1642647829.287094 -0.793679 1.399754 0.238566 -0.196598 0.067091 -0.105102 -0.972523
1642647829.295428 -0.793957 1.399887 0.238241 -0.196314 0.068024 -0.105557 -0.972467
1642647829.303761 -0.794187 1.400007 0.237926 -0.196115 0.068761 -0.105652 -0.972445
1642647829.312094 -0.794405 1.400124 0.237604 -0.195935 0.069464 -0.105722 -0.972423
1642647829.320428 -0.794622 1.400242 0.237279 -0.195764 0.070171 -0.105747 -0.972404
1642647829.328761 -0.794839 1.400352 0.236952 -0.195464 0.071024 -0.105843 -0.972392
1642647829.337094 -0.795053 1.400463 0.236630 -0.195315 0.071768 -0.105861 -0.972366
1642647829.345428 -0.795269 1.400559 0.236306 -0.195172 0.072443 -0.105877 -0.972343
1642647829.353761 -0.795483 1.400658 0.235991 -0.195022 0.073197 -0.105915 -0.972312
1642647829.362094 -0.795699 1.400741 0.235669 -0.194834 0.073667 -0.105807 -0.972326
1642647829.370428 -0.795930 1.400837 0.235371 -0.194681 0.074561 -0.105992 -0.972268
1642647829.378761 -0.796189 1.400909 0.235036 -0.194286 0.075231 -0.106288 -0.972263
1642647829.387094 -0.796431 1.400982 0.234733 -0.194036 0.075925 -0.106457 -0.972241
1642647829.395427 -0.796661 1.401047 0.234439 -0.193861 0.076593 -0.106581 -0.972210
1642647829.403761 -0.796900 1.401110 0.234153 -0.193723 0.077297 -0.106686 -0.972170
1642647829.412094 -0.797138 1.401163 0.233872 -0.193577 0.077972 -0.106793 -0.972134
1642647829.420428 -0.797375 1.401210 0.233593 -0.193465 0.078557 -0.106939 -0.972093
1642647829.428761 -0.797623 1.401253 0.233316 -0.193411 0.079169 -0.107075 -0.972039
1642647829.437094 -0.797866 1.401284 0.233034 -0.193309 0.079796 -0.107206 -0.971993
1642647829.445428 -0.798111 1.401321 0.232745 -0.193194 0.080443 -0.107293 -0.971954
1642647829.453761 -0.798367 1.401355 0.232461 -0.193056 0.081183 -0.107411 -0.971906
1642647829.462094 -0.798627 1.401393 0.232171 -0.192895 0.081935 -0.107553 -0.971859
1642647829.470428 -0.798884 1.401431 0.231871 -0.192786 0.082660 -0.107683 -0.971805
1642647829.478761 -0.799147 1.401472 0.231580 -0.192676 0.083408 -0.107803 -0.971750
1642647829.487094 -0.799412 1.401516 0.231279 -0.192467 0.084238 -0.108001 -0.971698
1642647829.495428 -0.799681 1.401572 0.230994 -0.192309 0.084988 -0.108080 -0.971655
1642647829.503761 -0.799946 1.401637 0.230712 -0.192131 0.085670 -0.108113 -0.971627
1642647829.512094 -0.800200 1.401692 0.230434 -0.191990 0.086433 -0.108197 -0.971577
1642647829.520427 -0.800447 1.401736 0.230149 -0.191858 0.086922 -0.108107 -0.971570
1642647829.528761 -0.800701 1.401804 0.229875 -0.191733 0.087638 -0.108157 -0.971525
1642647829.537094 -0.800950 1.401861 0.229608 -0.191589 0.088406 -0.108235 -0.971475
1642647829.545428 -0.801205 1.401931 0.229351 -0.191400 0.089417 -0.108464 -0.971394
1642647829.553761 -0.801453 1.401987 0.229090 -0.191286 0.090189 -0.108492 -0.971342
1642647829.562094 -0.801689 1.402025 0.228825 -0.191146 0.090946 -0.108541 -0.971293
1642647829.570428 -0.801922 1.402054 0.228555 -0.191030 0.091750 -0.108581 -0.971236
1642647829.578761 -0.802154 1.402085 0.228281 -0.190896 0.092511 -0.108593 -0.971189
1642647829.587094 -0.802385 1.402112 0.228018 -0.190780 0.093182 -0.108582 -0.971149
1642647829.595428 -0.802615 1.402142 0.227754 -0.190642 0.093791 -0.108539 -0.971122
1642647829.603761 -0.802840 1.402173 0.227487 -0.190509 0.094491 -0.108556 -0.971079
1642647829.612094 -0.803062 1.402204 0.227223 -0.190334 0.095199 -0.108628 -0.971036
1642647829.620428 -0.803289 1.402239 0.226960 -0.190244 0.095846 -0.108646 -0.970988
1642647829.628761 -0.803520 1.402274 0.226702 -0.190017 0.096445 -0.108662 -0.970971
1642647829.637094 -0.803753 1.402309 0.226449 -0.189912 0.097113 -0.108704 -0.970920
1642647829.645427 -0.803993 1.402342 0.226190 -0.189780 0.097725 -0.108691 -0.970886
1642647829.653761 -0.804234 1.402377 0.225942 -0.189662 0.098327 -0.108698 -0.970848
1642647829.662094 -0.804482 1.402416 0.225693 -0.189532 0.099070 -0.108740 -0.970793
1642647829.670428 -0.804733 1.402449 0.225451 -0.189486 0.099678 -0.108716 -0.970742
1642647829.678761 -0.804985 1.402476 0.225215 -0.189366 0.100296 -0.108688 -0.970705
1642647829.687094 -0.805238 1.402502 0.224982 -0.189283 0.101056 -0.108750 -0.970635
1642647829.695428 -0.805502 1.402523 0.224751 -0.189259 0.101721 -0.108769 -0.970568
1642647829.703761 -0.805769 1.402530 0.224530 -0.189169 0.102419 -0.108838 -0.970505
1642647829.712094 -0.806038 1.402533 0.224307 -0.189169 0.103007 -0.108871 -0.970439
1642647829.720428 -0.806313 1.402526 0.224080 -0.189180 0.103675 -0.108967 -0.970355
1642647829.728761 -0.806602 1.402526 0.223866 -0.189099 0.104361 -0.109041 -0.970289
1642647829.737094 -0.806901 1.402519 0.223646 -0.189058 0.104916 -0.109077 -0.970233
1642647829.745428 -0.807188 1.402487 0.223414 -0.189110 0.105343 -0.109004 -0.970185
1642647829.753761 -0.807492 1.402463 0.223190 -0.189091 0.105996 -0.109062 -0.970111
1642647829.762094 -0.807803 1.402425 0.222966 -0.189122 0.106616 -0.109149 -0.970027
1642647829.770427 -0.808127 1.402385 0.222737 -0.189069 0.107297 -0.109263 -0.969949
1642647829.778761 -0.808460 1.402339 0.222510 -0.189106 0.107883 -0.109344 -0.969868
1642647829.787094 -0.808799 1.402296 0.222282 -0.189144 0.108591 -0.109499 -0.969764
1642647829.795428 -0.809158 1.402258 0.222063 -0.189064 0.109567 -0.109804 -0.969636
1642647829.803761 -0.809517 1.402202 0.221831 -0.189092 0.110437 -0.110055 -0.969503
1642647829.812094 -0.809886 1.402131 0.221587 -0.189093 0.111108 -0.110257 -0.969403
1642647829.820428 -0.810272 1.402067 0.221354 -0.189044 0.111844 -0.110458 -0.969305
1642647829.828761 -0.810666 1.401997 0.221114 -0.188967 0.112564 -0.110707 -0.969208
1642647829.837094 -0.811068 1.401921 0.220865 -0.189005 0.113337 -0.110977 -0.969080
1642647829.845428 -0.811481 1.401848 0.220637 -0.189022 0.114016 -0.111201 -0.968971
1642647829.853761 -0.811900 1.401813 0.220375 -0.189148 0.114815 -0.111398 -0.968830
1642647829.862094 -0.812332 1.401685 0.220169 -0.189030 0.115491 -0.111792 -0.968727
1642647829.870428 -0.812772 1.401635 0.219932 -0.189116 0.116295 -0.112014 -0.968589
1642647829.878761 -0.813209 1.401493 0.219735 -0.189048 0.117046 -0.112485 -0.968457
1642647829.887094 -0.813659 1.401425 0.219505 -0.189228 0.117878 -0.112707 -0.968295
1642647829.895427 -0.814122 1.401325 0.219295 -0.189297 0.118636 -0.112954 -0.968160
1642647829.903761 -0.814582 1.401210 0.219092 -0.189347 0.119342 -0.113239 -0.968030
1642647829.912094 -0.815038 1.401101 0.218891 -0.189373 0.120081 -0.113525 -0.967900
1642647829.920428 -0.815494 1.400984 0.218688 -0.189401 0.120976 -0.113897 -0.967740
1642647829.928761 -0.815959 1.400863 0.218484 -0.189472 0.121768 -0.114191 -0.967592
1642647829.937094 -0.816419 1.400740 0.218288 -0.189545 0.122559 -0.114462 -0.967445
1642647829.945428 -0.816878 1.400620 0.218098 -0.189569 0.123310 -0.114728 -0.967314
1642647829.953761 -0.817335 1.400498 0.217909 -0.189645 0.123998 -0.114998 -0.967179
1642647829.962094 -0.817787 1.400366 0.217719 -0.189764 0.124713 -0.115241 -0.967035
1642647829.970428 -0.818242 1.400229 0.217527 -0.189851 0.125543 -0.115557 -0.966872
1642647829.978761 -0.818651 1.400078 0.217331 -0.189607 0.127145 -0.116054 -0.966651
1642647829.987094 -0.819089 1.399940 0.217135 -0.189592 0.127947 -0.116418 -0.966505
1642647829.995428 -0.819540 1.399803 0.216952 -0.189652 0.128513 -0.116651 -0.966390
1642647830.003761 -0.819988 1.399667 0.216752 -0.189715 0.129233 -0.116939 -0.966247
1642647830.012094 -0.820443 1.399538 0.216555 -0.189804 0.129917 -0.117259 -0.966099
1642647830.020427 -0.820882 1.399397 0.216348 -0.189904 0.130545 -0.117572 -0.965956
1642647830.028761 -0.821324 1.399257 0.216140 -0.190007 0.131187 -0.117879 -0.965811
1642647830.037094 -0.821762 1.399117 0.215924 -0.190074 0.131878 -0.118146 -0.965672
1642647830.045428 -0.822204 1.398983 0.215695 -0.190140 0.132522 -0.118408 -0.965538
1642647830.053761 -0.822643 1.398856 0.215457 -0.190160 0.133202 -0.118704 -0.965404
1642647830.062094 -0.823081 1.398728 0.215211 -0.190237 0.133828 -0.118996 -0.965267
1642647830.070428 -0.823502 1.398586 0.214999 -0.190262 0.134991 -0.119401 -0.965050
1642647830.078761 -0.823941 1.398452 0.214739 -0.190287 0.135827 -0.119721 -0.964888
1642647830.087094 -0.824385 1.398344 0.214471 -0.190256 0.136407 -0.119922 -0.964787
1642647830.095428 -0.824825 1.398234 0.214203 -0.190230 0.136992 -0.120184 -0.964677
1642647830.103761 -0.825268 1.398134 0.213934 -0.190271 0.137544 -0.120428 -0.964560
1642647830.112094 -0.825707 1.398035 0.213664 -0.190251 0.138222 -0.120684 -0.964435
1642647830.120428 -0.826141 1.397926 0.213386 -0.190267 0.138815 -0.120809 -0.964331
1642647830.128761 -0.826579 1.397826 0.213109 -0.190267 0.139395 -0.121022 -0.964220
1642647830.137094 -0.826990 1.397639 0.212789 -0.190892 0.140068 -0.121758 -0.963907
1642647830.145427 -0.827466 1.397625 0.212533 -0.190448 0.140621 -0.121564 -0.963938
1642647830.153761 -0.827894 1.397475 0.212219 -0.190957 0.141456 -0.122313 -0.963621
1642647830.162094 -0.828376 1.397465 0.211961 -0.190404 0.142126 -0.122203 -0.963646
1642647830.170428 -0.828839 1.397402 0.211682 -0.190192 0.142835 -0.122365 -0.963562
1642647830.178761 -0.829300 1.397316 0.211389 -0.190143 0.143517 -0.122640 -0.963436
1642647830.187094 -0.829770 1.397229 0.211086 -0.190164 0.144127 -0.122893 -0.963308
1642647830.195428 -0.830239 1.397147 0.210784 -0.190158 0.144778 -0.123139 -0.963180
1642647830.203761 -0.830713 1.397073 0.210485 -0.190110 0.145435 -0.123361 -0.963062
1642647830.212094 -0.831251 1.397020 0.210226 -0.189594 0.146182 -0.122922 -0.963107
1642647830.220428 -0.831739 1.396941 0.209930 -0.189523 0.146949 -0.123071 -0.962985
1642647830.228761 -0.832218 1.396858 0.209623 -0.189564 0.147649 -0.123325 -0.962838
1642647830.237094 -0.832700 1.396787 0.209321 -0.189596 0.148376 -0.123596 -0.962685
1642647830.245428 -0.833187 1.396709 0.209008 -0.189589 0.149169 -0.123836 -0.962533
1642647830.253761 -0.833673 1.396628 0.208699 -0.189646 0.149955 -0.124074 -0.962369
1642647830.262094 -0.834160 1.396540 0.208387 -0.189778 0.150733 -0.124369 -0.962183
1642647830.270427 -0.834652 1.396445 0.208078 -0.189828 0.151565 -0.124657 -0.962005
1642647830.278761 -0.835132 1.396349 0.207774 -0.189876 0.152364 -0.124921 -0.961835
1642647830.287094 -0.835623 1.396251 0.207467 -0.189958 0.153176 -0.125137 -0.961662
1642647830.295428 -0.836132 1.396183 0.207165 -0.190056 0.154042 -0.125426 -0.961467
1642647830.303761 -0.836618 1.396073 0.206864 -0.190161 0.154715 -0.125576 -0.961318
1642647830.312094 -0.837061 1.395884 0.206520 -0.190832 0.155460 -0.126150 -0.960990
1642647830.320428 -0.837546 1.395732 0.206202 -0.191039 0.156202 -0.126406 -0.960795
1642647830.328761 -0.838032 1.395590 0.205889 -0.191136 0.156897 -0.126602 -0.960636
1642647830.337094 -0.838509 1.395439 0.205568 -0.191319 0.157453 -0.126756 -0.960489
1642647830.345428 -0.838980 1.395260 0.205235 -0.191539 0.157779 -0.126652 -0.960405
1642647830.353761 -0.839464 1.395103 0.204905 -0.191759 0.158275 -0.126774 -0.960263
1642647830.362094 -0.839985 1.394950 0.204524 -0.191540 0.159610 -0.127348 -0.960010
1642647830.370428 -0.840488 1.394824 0.204184 -0.191712 0.160233 -0.127603 -0.959838
1642647830.378761 -0.840981 1.394688 0.203840 -0.191780 0.160953 -0.127842 -0.959673
1642647830.387094 -0.841465 1.394561 0.203486 -0.191807 0.161748 -0.128132 -0.959495
1642647830.395427 -0.841938 1.394428 0.203134 -0.191750 0.162798 -0.128444 -0.959287
1642647830.403761 -0.842436 1.394322 0.202786 -0.191920 0.163408 -0.128587 -0.959130
1642647830.412094 -0.842928 1.394220 0.202426 -0.191964 0.164202 -0.128810 -0.958955
1642647830.420428 -0.843415 1.394125 0.202051 -0.191964 0.165012 -0.129022 -0.958788
1642647830.428761 -0.843899 1.394053 0.201679 -0.192011 0.165784 -0.129237 -0.958616
1642647830.437094 -0.844390 1.393982 0.201303 -0.191964 0.166685 -0.129492 -0.958435
1642647830.445428 -0.844888 1.393921 0.200927 -0.191858 0.167628 -0.129708 -0.958263
1642647830.453761 -0.845377 1.393871 0.200553 -0.191855 0.168518 -0.129889 -0.958083
1642647830.462094 -0.845861 1.393825 0.200172 -0.191779 0.169395 -0.130089 -0.957916
1642647830.470428 -0.846291 1.393796 0.199791 -0.191803 0.170182 -0.130833 -0.957670
1642647830.478761 -0.846756 1.393767 0.199420 -0.191720 0.170990 -0.131149 -0.957500
1642647830.487094 -0.847227 1.393733 0.199048 -0.191711 0.171889 -0.131360 -0.957312
1642647830.495428 -0.847691 1.393688 0.198677 -0.191661 0.172793 -0.131638 -0.957121
1642647830.503761 -0.848163 1.393641 0.198307 -0.191591 0.173603 -0.131900 -0.956952
1642647830.512094 -0.848620 1.393595 0.197959 -0.191601 0.174364 -0.132117 -0.956782
1642647830.520427 -0.849070 1.393538 0.197617 -0.191577 0.175159 -0.132332 -0.956611
1642647830.528761 -0.849642 1.393481 0.197300 -0.191093 0.176083 -0.131325 -0.956677
1642647830.537094 -0.850110 1.393416 0.196982 -0.190927 0.176930 -0.131265 -0.956563
1642647830.545428 -0.850549 1.393337 0.196666 -0.190943 0.177731 -0.131416 -0.956390
1642647830.553761 -0.850981 1.393221 0.196355 -0.191042 0.178328 -0.131487 -0.956250
1642647830.562094 -0.851421 1.393121 0.196053 -0.191023 0.179146 -0.131621 -0.956082
1642647830.570428 -0.851860 1.393025 0.195764 -0.191010 0.180015 -0.131727 -0.955907
1642647830.578761 -0.852279 1.392916 0.195486 -0.191146 0.180888 -0.131849 -0.955698
1642647830.587094 -0.852708 1.392811 0.195222 -0.191212 0.181780 -0.131976 -0.955498
1642647830.595428 -0.853141 1.392693 0.194973 -0.191269 0.182658 -0.132075 -0.955306
1642647830.603761 -0.853572 1.392567 0.194731 -0.191458 0.183414 -0.132183 -0.955108
1642647830.612094 -0.854002 1.392436 0.194507 -0.191570 0.184338 -0.132313 -0.954889
1642647830.620428 -0.854432 1.392290 0.194296 -0.191708 0.185285 -0.132449 -0.954659
1642647830.628761 -0.854867 1.392137 0.194104 -0.191857 0.186216 -0.132571 -0.954432
1642647830.637094 -0.855312 1.392006 0.193903 -0.191913 0.187221 -0.132754 -0.954198
1642647830.645427 -0.855747 1.391841 0.193719 -0.192089 0.188084 -0.132936 -0.953968
1642647830.653761 -0.856187 1.391658 0.193538 -0.192239 0.189025 -0.133143 -0.953723
1642647830.662094 -0.856629 1.391483 0.193363 -0.192378 0.189912 -0.133339 -0.953491
1642647830.670428 -0.857086 1.391333 0.193214 -0.192230 0.191863 -0.134164 -0.953014
1642647830.678761 -0.857546 1.391163 0.193055 -0.192477 0.192620 -0.134428 -0.952775
1642647830.687094 -0.858008 1.390960 0.192944 -0.192901 0.192998 -0.134459 -0.952608
1642647830.695428 -0.858461 1.390757 0.192778 -0.193007 0.193963 -0.134671 -0.952360
1642647830.703761 -0.858918 1.390574 0.192601 -0.193144 0.194811 -0.134891 -0.952128
1642647830.712094 -0.859376 1.390387 0.192431 -0.193294 0.195604 -0.135126 -0.951902
1642647830.720428 -0.859837 1.390209 0.192255 -0.193424 0.196339 -0.135308 -0.951698
1642647830.728761 -0.860298 1.390031 0.192064 -0.193597 0.197110 -0.135490 -0.951478
1642647830.737094 -0.860757 1.389850 0.191861 -0.193715 0.197953 -0.135730 -0.951245
1642647830.745428 -0.861219 1.389666 0.191656 -0.193852 0.198715 -0.135965 -0.951024
1642647830.753761 -0.861684 1.389484 0.191444 -0.193933 0.199498 -0.136161 -0.950816
1642647830.762094 -0.862141 1.389306 0.191230 -0.194029 0.200291 -0.136409 -0.950594
1642647830.770427 -0.862590 1.389127 0.191016 -0.194129 0.201109 -0.136651 -0.950366
1642647830.778761 -0.863043 1.388958 0.190800 -0.194261 0.201744 -0.136845 -0.950177
1642647830.787094 -0.863496 1.388777 0.190573 -0.194292 0.202502 -0.137083 -0.949975
1642647830.795428 -0.863947 1.388600 0.190343 -0.194379 0.203214 -0.137394 -0.949760
1642647830.803761 -0.864394 1.388434 0.190109 -0.194389 0.203890 -0.137641 -0.949577
1642647830.812094 -0.864843 1.388273 0.189872 -0.194474 0.204463 -0.137841 -0.949407
1642647830.820428 -0.865292 1.388109 0.189633 -0.194529 0.205133 -0.138129 -0.949210
1642647830.828761 -0.865773 1.387999 0.189385 -0.194398 0.206120 -0.138819 -0.948922
1642647830.837094 -0.866174 1.387859 0.189101 -0.195029 0.206944 -0.139639 -0.948493
1642647830.845428 -0.866606 1.387711 0.188862 -0.195314 0.207602 -0.140021 -0.948234
1642647830.853761 -0.867049 1.387568 0.188644 -0.195433 0.208273 -0.140255 -0.948028
1642647830.862094 -0.867489 1.387429 0.188431 -0.195509 0.209043 -0.140503 -0.947806
1642647830.870428 -0.867954 1.387274 0.188205 -0.195594 0.209317 -0.140722 -0.947696
1642647830.878761 -0.868396 1.387121 0.187997 -0.195769 0.209891 -0.140933 -0.947501
1642647830.887094 -0.868833 1.386978 0.187793 -0.195954 0.210658 -0.141147 -0.947261
1642647830.895427 -0.869272 1.386833 0.187588 -0.196108 0.211455 -0.141333 -0.947023
1642647830.903761 -0.869700 1.386692 0.187385 -0.196308 0.212179 -0.141446 -0.946803
1642647830.912094 -0.870131 1.386545 0.187180 -0.196395 0.213070 -0.141663 -0.946552
1642647830.920428 -0.870572 1.386398 0.186964 -0.196561 0.213834 -0.141816 -0.946323
1642647830.928761 -0.871036 1.386266 0.186715 -0.196616 0.214442 -0.142163 -0.946122
1642647830.937094 -0.871482 1.386130 0.186496 -0.196734 0.215263 -0.142406 -0.945874
1642647830.945428 -0.871920 1.385991 0.186285 -0.196863 0.216091 -0.142623 -0.945626
1642647830.953761 -0.872357 1.385850 0.186070 -0.196953 0.216940 -0.142829 -0.945382
1642647830.962094 -0.872797 1.385712 0.185860 -0.197092 0.217713 -0.143089 -0.945136
1642647830.970428 -0.873257 1.385587 0.185610 -0.197197 0.218378 -0.143426 -0.944909
1642647830.978761 -0.873701 1.385456 0.185387 -0.197276 0.219115 -0.143667 -0.944686
1642647830.987094 -0.874136 1.385323 0.185168 -0.197369 0.219868 -0.143942 -0.944449
1642647830.995428 -0.874601 1.385200 0.184900 -0.197405 0.220047 -0.144162 -0.944367
1642647831.003761 -0.875045 1.385066 0.184677 -0.197476 0.220645 -0.144439 -0.944170
1642647831.012094 -0.875451 1.384868 0.184459 -0.197537 0.221070 -0.144386 -0.944066
1642647831.020427 -0.875859 1.384761 0.184288 -0.197911 0.221748 -0.144423 -0.943823
1642647831.028761 -0.876286 1.384626 0.184093 -0.198088 0.222391 -0.144682 -0.943595
1642647831.037094 -0.876720 1.384485 0.183899 -0.198123 0.222968 -0.144965 -0.943408
1642647831.045428 -0.877141 1.384337 0.183702 -0.198271 0.223524 -0.145350 -0.943186
1642647831.053761 -0.877574 1.384210 0.183492 -0.198290 0.224170 -0.145831 -0.942954
1642647831.062094 -0.877990 1.384066 0.183291 -0.198358 0.224832 -0.146162 -0.942731
1642647831.070428 -0.878403 1.383907 0.183084 -0.198481 0.225246 -0.146393 -0.942570
1642647831.078761 -0.878815 1.383757 0.182900 -0.198537 0.225921 -0.146637 -0.942359
1642647831.087094 -0.879217 1.383608 0.182711 -0.198671 0.226563 -0.146995 -0.942121
1642647831.095428 -0.879622 1.383458 0.182524 -0.198738 0.227192 -0.147250 -0.941915
1642647831.103761 -0.880007 1.383292 0.182357 -0.198885 0.227968 -0.147427 -0.941669
1642647831.112094 -0.880397 1.383141 0.182175 -0.198916 0.228729 -0.147717 -0.941432
1642647831.120428 -0.880788 1.383003 0.181995 -0.199063 0.229307 -0.147934 -0.941227
1642647831.128761 -0.881179 1.382862 0.181811 -0.199110 0.229920 -0.148194 -0.941026
1642647831.137094 -0.881582 1.382739 0.181617 -0.199080 0.230557 -0.148606 -0.940812
1642647831.145427 -0.882020 1.382600 0.181401 -0.198925 0.231757 -0.149250 -0.940448
1642647831.153761 -0.882402 1.382459 0.181225 -0.199036 0.232405 -0.149504 -0.940224
1642647831.162094 -0.882780 1.382344 0.181087 -0.199105 0.233631 -0.150139 -0.939804
1642647831.170428 -0.883129 1.382174 0.180915 -0.199344 0.233618 -0.149996 -0.939780
1642647831.178761 -0.883494 1.382022 0.180743 -0.199550 0.233774 -0.149972 -0.939701
1642647831.187094 -0.883841 1.381863 0.180586 -0.199698 0.234109 -0.150081 -0.939569
1642647831.195428 -0.884219 1.381743 0.180448 -0.199668 0.235353 -0.150759 -0.939156
1642647831.203761 -0.884584 1.381600 0.180285 -0.199790 0.236180 -0.151128 -0.938863
1642647831.212094 -0.884930 1.381436 0.180148 -0.199903 0.237033 -0.151298 -0.938596
1642647831.220428 -0.885296 1.381289 0.179951 -0.199959 0.237486 -0.151606 -0.938420
1642647831.228761 -0.885682 1.381161 0.179781 -0.200029 0.238069 -0.151908 -0.938209
1642647831.237094 -0.886049 1.381016 0.179617 -0.200113 0.238584 -0.152180 -0.938016
1642647831.245428 -0.886398 1.380854 0.179441 -0.200267 0.239107 -0.152463 -0.937804
1642647831.253761 -0.886748 1.380699 0.179266 -0.200433 0.239631 -0.152738 -0.937590
1642647831.262094 -0.887102 1.380529 0.179091 -0.200525 0.240114 -0.152987 -0.937406
1642647831.270427 -0.887503 1.380411 0.178919 -0.200504 0.240919 -0.153435 -0.937131
1642647831.278761 -0.887869 1.380276 0.178758 -0.200592 0.241440 -0.153741 -0.936927
1642647831.287094 -0.888220 1.380130 0.178605 -0.200656 0.241881 -0.153987 -0.936760
1642647831.295428 -0.888570 1.379988 0.178446 -0.200799 0.242296 -0.154240 -0.936580
1642647831.303761 -0.888922 1.379840 0.178285 -0.200881 0.242780 -0.154501 -0.936394
1642647831.312094 -0.889282 1.379691 0.178133 -0.201011 0.243133 -0.154752 -0.936234
1642647831.320428 -0.889625 1.379511 0.177981 -0.201144 0.243537 -0.155039 -0.936052
1642647831.328761 -0.889974 1.379350 0.177830 -0.201249 0.244004 -0.155355 -0.935856
1642647831.337094 -0.890323 1.379199 0.177688 -0.201284 0.244525 -0.155728 -0.935650
1642647831.345428 -0.890677 1.379046 0.177555 -0.201339 0.245087 -0.156037 -0.935440
1642647831.353761 -0.891033 1.378882 0.177415 -0.201418 0.245581 -0.156362 -0.935239
1642647831.362094 -0.891408 1.378751 0.177283 -0.201458 0.246212 -0.156724 -0.935004
1642647831.370428 -0.891753 1.378589 0.177153 -0.201597 0.246791 -0.157007 -0.934774
1642647831.378761 -0.892084 1.378415 0.177023 -0.201744 0.247332 -0.157234 -0.934561
1642647831.387094 -0.892419 1.378237 0.176904 -0.201896 0.247931 -0.157493 -0.934326
1642647831.395427 -0.892734 1.378032 0.176787 -0.201975 0.248482 -0.157706 -0.934126
1642647831.403761 -0.893057 1.377837 0.176687 -0.202070 0.249076 -0.157937 -0.933908
1642647831.412094 -0.893389 1.377656 0.176582 -0.202173 0.249800 -0.158263 -0.933637
1642647831.420428 -0.893722 1.377449 0.176499 -0.202299 0.250341 -0.158501 -0.933425
1642647831.428761 -0.894046 1.377224 0.176437 -0.202511 0.250704 -0.158648 -0.933256
1642647831.437094 -0.894418 1.377045 0.176360 -0.202614 0.251376 -0.158992 -0.932995
1642647831.445428 -0.894761 1.376842 0.176303 -0.202795 0.251931 -0.159276 -0.932757
1642647831.453761 -0.895056 1.376590 0.176253 -0.203131 0.252229 -0.159389 -0.932584
1642647831.462094 -0.895375 1.376363 0.176203 -0.203347 0.252706 -0.159612 -0.932370
1642647831.470428 -0.895712 1.376150 0.176163 -0.203522 0.253156 -0.159824 -0.932173
1642647831.478761 -0.896045 1.375938 0.176121 -0.203702 0.253678 -0.160063 -0.931951
1642647831.487094 -0.896372 1.375735 0.176083 -0.203811 0.254239 -0.160319 -0.931730
1642647831.495428 -0.896697 1.375542 0.176042 -0.203971 0.254701 -0.160538 -0.931531
1642647831.503761 -0.897018 1.375341 0.176001 -0.204102 0.255222 -0.160789 -0.931317
1642647831.512094 -0.897344 1.375135 0.175961 -0.204220 0.255578 -0.161010 -0.931155
1642647831.520427 -0.897664 1.374936 0.175927 -0.204375 0.255946 -0.161259 -0.930977
1642647831.528761 -0.897986 1.374741 0.175894 -0.204478 0.256294 -0.161498 -0.930817
1642647831.537094 -0.898317 1.374535 0.175873 -0.204654 0.256614 -0.161747 -0.930647
1642647831.545428 -0.898684 1.374374 0.175858 -0.204696 0.257076 -0.162147 -0.930441
1642647831.553761 -0.899026 1.374187 0.175848 -0.204759 0.257390 -0.162487 -0.930281
1642647831.562094 -0.899358 1.373993 0.175856 -0.204867 0.257656 -0.162764 -0.930135
1642647831.570428 -0.899681 1.373764 0.175873 -0.204988 0.257786 -0.162980 -0.930034
1642647831.578761 -0.900017 1.373548 0.175890 -0.205161 0.257974 -0.163270 -0.929893
1642647831.587094 -0.900371 1.373342 0.175922 -0.205334 0.258222 -0.163615 -0.929726
1642647831.595428 -0.900728 1.373134 0.175955 -0.205482 0.258469 -0.163909 -0.929573
1642647831.603761 -0.901086 1.372922 0.175998 -0.205635 0.258746 -0.164200 -0.929410
1642647831.612094 -0.901452 1.372700 0.176055 -0.205775 0.259027 -0.164473 -0.929253
1642647831.620428 -0.901820 1.372472 0.176127 -0.205949 0.259312 -0.164773 -0.929081
1642647831.628761 -0.902205 1.372239 0.176212 -0.206104 0.259611 -0.165066 -0.928911
1642647831.637094 -0.902597 1.372000 0.176317 -0.206306 0.259921 -0.165352 -0.928729
1642647831.645427 -0.902996 1.371739 0.176429 -0.206603 0.260232 -0.165662 -0.928521
1642647831.653761 -0.903421 1.371499 0.176555 -0.206783 0.260741 -0.166027 -0.928273
1642647831.662094 -0.903837 1.371217 0.176701 -0.207068 0.261154 -0.166335 -0.928038
1642647831.670428 -0.904271 1.370840 0.176813 -0.207766 0.261473 -0.166338 -0.927791
1642647831.678761 -0.904710 1.370519 0.176971 -0.208121 0.261865 -0.166569 -0.927560
1642647831.687094 -0.905150 1.370209 0.177155 -0.208449 0.262293 -0.166898 -0.927306
1642647831.695428 -0.905604 1.369889 0.177360 -0.208700 0.262666 -0.167208 -0.927088
1642647831.703761 -0.906066 1.369545 0.177579 -0.209049 0.263074 -0.167541 -0.926834
1642647831.712094 -0.906548 1.369179 0.177810 -0.209413 0.263423 -0.167870 -0.926593
1642647831.720428 -0.907014 1.368859 0.178103 -0.209446 0.263725 -0.168489 -0.926387
1642647831.728761 -0.907526 1.368419 0.178354 -0.210061 0.264230 -0.168732 -0.926060
1642647831.737094 -0.908033 1.367990 0.178627 -0.210647 0.264568 -0.169061 -0.925770
1642647831.745428 -0.908538 1.367560 0.178916 -0.211247 0.264942 -0.169509 -0.925444
1642647831.753761 -0.909061 1.367123 0.179224 -0.211807 0.265275 -0.169887 -0.925151
1642647831.762094 -0.909591 1.366666 0.179553 -0.212365 0.265632 -0.170289 -0.924847
1642647831.770427 -0.910151 1.366227 0.179897 -0.212891 0.266095 -0.170717 -0.924514
1642647831.778761 -0.910685 1.365729 0.180250 -0.213559 0.266336 -0.171107 -0.924218
1642647831.787094 -0.911246 1.365226 0.180632 -0.214089 0.266731 -0.171504 -0.923908
1642647831.795428 -0.911811 1.364715 0.181039 -0.214709 0.267034 -0.171919 -0.923600
1642647831.803761 -0.912377 1.364196 0.181476 -0.215374 0.267335 -0.172366 -0.923275
1642647831.812094 -0.912947 1.363661 0.181930 -0.216075 0.267702 -0.172898 -0.922905
1642647831.820428 -0.913524 1.363128 0.182424 -0.216765 0.268016 -0.173376 -0.922562
1642647831.828761 -0.914083 1.362521 0.182918 -0.217542 0.268296 -0.173884 -0.922202
1642647831.837094 -0.914665 1.361945 0.183448 -0.218354 0.268577 -0.174313 -0.921848
1642647831.845428 -0.915280 1.361428 0.184015 -0.219149 0.268842 -0.174692 -0.921510
1642647831.853761 -0.915878 1.360864 0.184599 -0.219925 0.269075 -0.175080 -0.921183
1642647831.862094 -0.916458 1.360294 0.185190 -0.220809 0.269265 -0.175508 -0.920835
1642647831.870428 -0.917046 1.359715 0.185814 -0.221709 0.269466 -0.175871 -0.920490
1642647831.878761 -0.917636 1.359141 0.186448 -0.222635 0.269664 -0.176211 -0.920144
1642647831.887094 -0.918229 1.358540 0.187108 -0.223564 0.269932 -0.176545 -0.919776
1642647831.895427 -0.918843 1.357924 0.187769 -0.224505 0.269907 -0.176853 -0.919495
1642647831.903761 -0.919445 1.357309 0.188483 -0.225481 0.270017 -0.177194 -0.919158
1642647831.912094 -0.920020 1.356632 0.189185 -0.226582 0.270159 -0.177592 -0.918769
1642647831.920428 -0.920608 1.355976 0.189920 -0.227697 0.270332 -0.177994 -0.918364
1642647831.928761 -0.921276 1.355371 0.190707 -0.228228 0.270503 -0.177693 -0.918240
1642647831.937094 -0.921892 1.354724 0.191486 -0.229152 0.270783 -0.177889 -0.917890
1642647831.945428 -0.922502 1.354075 0.192253 -0.230348 0.270809 -0.178145 -0.917533
1642647831.953761 -0.923096 1.353404 0.193011 -0.231486 0.270966 -0.178457 -0.917140
1642647831.962094 -0.923680 1.352723 0.193778 -0.232586 0.271241 -0.178782 -0.916717
1642647831.970428 -0.924262 1.352039 0.194534 -0.233765 0.271389 -0.179127 -0.916306
1642647831.978761 -0.924844 1.351352 0.195296 -0.234826 0.271645 -0.179322 -0.915920
1642647831.987094 -0.925408 1.350662 0.196051 -0.235954 0.271859 -0.179557 -0.915520
1642647831.995428 -0.925959 1.349973 0.196785 -0.237039 0.272106 -0.179793 -0.915120
1642647832.003761 -0.926506 1.349278 0.197500 -0.238246 0.272329 -0.180034 -0.914693
1642647832.012094 -0.927055 1.348600 0.198195 -0.239458 0.272412 -0.180148 -0.914330
1642647832.020427 -0.927590 1.347927 0.198874 -0.240573 0.272633 -0.180374 -0.913926
1642647832.028761 -0.928116 1.347263 0.199543 -0.241538 0.272795 -0.180594 -0.913580
1642647832.037094 -0.928627 1.346618 0.200195 -0.242508 0.272913 -0.180741 -0.913259
1642647832.045428 -0.929132 1.345968 0.200838 -0.243580 0.273002 -0.180930 -0.912909
1642647832.053761 -0.929619 1.345331 0.201466 -0.244589 0.273142 -0.181112 -0.912561
1642647832.062094 -0.930083 1.344694 0.202088 -0.245606 0.273152 -0.181302 -0.912247
1642647832.070428 -0.930529 1.344083 0.202691 -0.246575 0.273079 -0.181435 -0.911981
1642647832.078761 -0.930965 1.343486 0.203294 -0.247510 0.273021 -0.181590 -0.911715
1642647832.087094 -0.931379 1.342890 0.203874 -0.248370 0.272896 -0.181688 -0.911499
1642647832.095428 -0.931774 1.342314 0.204438 -0.249240 0.272767 -0.181852 -0.911267
1642647832.103761 -0.932145 1.341757 0.204991 -0.250039 0.272645 -0.182072 -0.911041
1642647832.112094 -0.932513 1.341225 0.205541 -0.250695 0.272535 -0.182327 -0.910842
1642647832.120428 -0.932859 1.340716 0.206091 -0.251423 0.272358 -0.182576 -0.910645
1642647832.128761 -0.933191 1.340229 0.206642 -0.252110 0.272019 -0.182809 -0.910509
1642647832.137094 -0.933514 1.339769 0.207186 -0.252691 0.271689 -0.183039 -0.910401
1642647832.145427 -0.933815 1.339333 0.207724 -0.253310 0.271284 -0.183186 -0.910320
1642647832.153761 -0.934106 1.338914 0.208256 -0.253964 0.270838 -0.183356 -0.910236
1642647832.162094 -0.934370 1.338514 0.208772 -0.254522 0.270416 -0.183508 -0.910175
1642647832.170428 -0.934620 1.338131 0.209283 -0.255111 0.269928 -0.183579 -0.910141
1642647832.178761 -0.934857 1.337753 0.209794 -0.255664 0.269379 -0.183688 -0.910126
1642647832.187094 -0.935081 1.337396 0.210293 -0.256152 0.268799 -0.183854 -0.910127
1642647832.195428 -0.935296 1.337042 0.210787 -0.256638 0.268150 -0.184035 -0.910145
1642647832.203761 -0.935511 1.336695 0.211296 -0.257106 0.267503 -0.184205 -0.910169
1642647832.212094 -0.935718 1.336354 0.211809 -0.257532 0.266818 -0.184377 -0.910215
1642647832.220428 -0.935924 1.336025 0.212311 -0.257959 0.266231 -0.184554 -0.910230
1642647832.228761 -0.936115 1.335693 0.212808 -0.258436 0.265617 -0.184744 -0.910235
1642647832.237094 -0.936306 1.335363 0.213319 -0.258917 0.265056 -0.184892 -0.910232
1642647832.245428 -0.936492 1.335039 0.213825 -0.259288 0.264655 -0.185019 -0.910217
1642647832.253761 -0.936668 1.334722 0.214325 -0.259751 0.264234 -0.185076 -0.910196
1642647832.262094 -0.936830 1.334406 0.214819 -0.260196 0.263776 -0.185099 -0.910197
1642647832.270427 -0.936989 1.334093 0.215316 -0.260631 0.263383 -0.185111 -0.910184
1642647832.278761 -0.937149 1.333782 0.215822 -0.261054 0.262967 -0.185076 -0.910190
1642647832.287094 -0.937302 1.333467 0.216320 -0.261500 0.262543 -0.185103 -0.910179
1642647832.295428 -0.937448 1.333112 0.216796 -0.262102 0.261709 -0.184935 -0.910280
1642647832.303761 -0.937591 1.332788 0.217289 -0.262543 0.261180 -0.184920 -0.910308
1642647832.312094 -0.937739 1.332468 0.217797 -0.262875 0.260802 -0.185053 -0.910294
1642647832.320428 -0.937879 1.332140 0.218295 -0.263215 0.260425 -0.185252 -0.910263
1642647832.328761 -0.938023 1.331828 0.218790 -0.263580 0.259845 -0.185324 -0.910308
1642647832.337094 -0.938157 1.331515 0.219290 -0.263861 0.259370 -0.185414 -0.910344
1642647832.345428 -0.938283 1.331198 0.219786 -0.264131 0.258923 -0.185562 -0.910363
1642647832.353761 -0.938407 1.330887 0.220276 -0.264455 0.258365 -0.185668 -0.910406
1642647832.362094 -0.938528 1.330593 0.220772 -0.264754 0.257775 -0.185766 -0.910466
1642647832.370428 -0.938644 1.330310 0.221280 -0.264954 0.257262 -0.185916 -0.910522
1642647832.378761 -0.938750 1.330055 0.221799 -0.265195 0.256754 -0.185991 -0.910581
1642647832.387094 -0.938845 1.329805 0.222315 -0.265384 0.256140 -0.186036 -0.910689
1642647832.395427 -0.938939 1.329554 0.222833 -0.265511 0.255558 -0.186082 -0.910806
1642647832.403761 -0.939018 1.329324 0.223354 -0.265665 0.255042 -0.186084 -0.910905
1642647832.412094 -0.939090 1.329116 0.223876 -0.265807 0.254584 -0.186043 -0.911001
1642647832.420428 -0.939153 1.328907 0.224394 -0.265921 0.254246 -0.186029 -0.911064
1642647832.428761 -0.939212 1.328717 0.224907 -0.266034 0.253787 -0.185887 -0.911188
1642647832.437094 -0.939265 1.328534 0.225404 -0.266028 0.253446 -0.185762 -0.911310
1642647832.445428 -0.939277 1.328364 0.225923 -0.266111 0.252994 -0.185403 -0.911485
1642647832.453761 -0.939300 1.328210 0.226419 -0.266108 0.252632 -0.185137 -0.911640
1642647832.462094 -0.939297 1.328032 0.226914 -0.266214 0.252356 -0.184647 -0.911785
1642647832.470428 -0.939291 1.327875 0.227368 -0.266172 0.252109 -0.184391 -0.911918
1642647832.478761 -0.939287 1.327739 0.227805 -0.266061 0.251912 -0.184197 -0.912043
1642647832.487094 -0.939270 1.327604 0.228231 -0.265905 0.251711 -0.184024 -0.912179
1642647832.495428 -0.939228 1.327459 0.228659 -0.265685 0.251773 -0.183748 -0.912282
1642647832.503761 -0.939190 1.327315 0.229048 -0.265426 0.251567 -0.183546 -0.912455
1642647832.512094 -0.939148 1.327178 0.229423 -0.265121 0.251123 -0.183310 -0.912713
1642647832.520427 -0.939101 1.327043 0.229793 -0.264758 0.250677 -0.183029 -0.912998
1642647832.528761 -0.939043 1.326908 0.230147 -0.264440 0.250194 -0.182752 -0.913278
1642647832.537094 -0.938970 1.326765 0.230498 -0.264182 0.249625 -0.182473 -0.913564
1642647832.545428 -0.938890 1.326611 0.230845 -0.263766 0.249179 -0.182242 -0.913852
1642647832.553761 -0.938808 1.326449 0.231183 -0.263439 0.248680 -0.182023 -0.914126
1642647832.562094 -0.938719 1.326273 0.231524 -0.263231 0.248046 -0.181831 -0.914396
1642647832.570428 -0.938628 1.326090 0.231868 -0.262951 0.247402 -0.181637 -0.914690
1642647832.578761 -0.938538 1.325903 0.232201 -0.262701 0.246722 -0.181418 -0.914989
1642647832.587094 -0.938434 1.325716 0.232538 -0.262553 0.246103 -0.181207 -0.915240
1642647832.595428 -0.938329 1.325511 0.232862 -0.262387 0.245594 -0.181001 -0.915464
1642647832.603761 -0.938220 1.325291 0.233180 -0.262206 0.245168 -0.180835 -0.915663
1642647832.612094 -0.938117 1.325064 0.233495 -0.262079 0.244852 -0.180580 -0.915835
1642647832.620428 -0.938009 1.324831 0.233804 -0.262085 0.244549 -0.180275 -0.915974
1642647832.628761 -0.937902 1.324583 0.234113 -0.262177 0.244279 -0.179947 -0.916084
1642647832.637094 -0.937796 1.324321 0.234418 -0.262175 0.244052 -0.179596 -0.916214
1642647832.645427 -0.937691 1.324062 0.234719 -0.262269 0.243863 -0.179221 -0.916311
1642647832.653761 -0.937592 1.323804 0.235026 -0.262415 0.243720 -0.178800 -0.916389
1642647832.662094 -0.937491 1.323537 0.235339 -0.262594 0.243726 -0.178419 -0.916411
1642647832.670428 -0.937389 1.323260 0.235639 -0.262662 0.243735 -0.178047 -0.916461
1642647832.678761 -0.937296 1.322985 0.235923 -0.262732 0.243579 -0.177614 -0.916567
1642647832.687094 -0.937197 1.322721 0.236203 -0.262697 0.243483 -0.177151 -0.916692
1642647832.695428 -0.937089 1.322432 0.236453 -0.262475 0.243462 -0.176807 -0.916827
1642647832.703761 -0.936973 1.322158 0.236717 -0.262247 0.243307 -0.176375 -0.917017
1642647832.712094 -0.936842 1.321879 0.236970 -0.262123 0.243007 -0.175947 -0.917214
1642647832.720428 -0.936710 1.321609 0.237210 -0.261899 0.242678 -0.175516 -0.917448
1642647832.728761 -0.936568 1.321332 0.237441 -0.261643 0.242246 -0.175089 -0.917717
1642647832.737094 -0.936422 1.321050 0.237665 -0.261306 0.241789 -0.174698 -0.918008
1642647832.745428 -0.936273 1.320764 0.237879 -0.260972 0.241285 -0.174427 -0.918287
1642647832.753761 -0.936126 1.320498 0.238096 -0.260573 0.240670 -0.174136 -0.918617
1642647832.762094 -0.935979 1.320243 0.238305 -0.260133 0.240036 -0.173835 -0.918964
1642647832.770427 -0.935830 1.319996 0.238511 -0.259629 0.239282 -0.173568 -0.919353
1642647832.778761 -0.935662 1.319772 0.238736 -0.259129 0.238588 -0.173240 -0.919737
1642647832.787094 -0.935493 1.319552 0.238951 -0.258532 0.237792 -0.172899 -0.920175
1642647832.795428 -0.935312 1.319334 0.239152 -0.257957 0.237073 -0.172559 -0.920586
1642647832.803761 -0.935124 1.319121 0.239343 -0.257391 0.236364 -0.172183 -0.920997
1642647832.812094 -0.934930 1.318900 0.239538 -0.256759 0.235628 -0.171757 -0.921441
1642647832.820428 -0.934720 1.318685 0.239734 -0.256225 0.235088 -0.171332 -0.921807
1642647832.828761 -0.934500 1.318477 0.239925 -0.255837 0.234466 -0.170821 -0.922168
1642647832.837094 -0.934267 1.318261 0.240117 -0.255465 0.233940 -0.170299 -0.922501
1642647832.845428 -0.934022 1.318042 0.240302 -0.255149 0.233455 -0.169696 -0.922822
1642647832.853761 -0.933755 1.317829 0.240491 -0.254900 0.233028 -0.169064 -0.923115
1642647832.862094 -0.933482 1.317611 0.240683 -0.254651 0.232527 -0.168445 -0.923423
1642647832.870428 -0.933195 1.317411 0.240892 -0.254426 0.232087 -0.167759 -0.923721
1642647832.878761 -0.932897 1.317193 0.241097 -0.254125 0.231602 -0.167090 -0.924047
1642647832.887094 -0.932588 1.316970 0.241307 -0.253737 0.231036 -0.166463 -0.924408
1642647832.895427 -0.932268 1.316743 0.241514 -0.253365 0.230453 -0.165802 -0.924774
1642647832.903761 -0.931941 1.316525 0.241730 -0.252946 0.229849 -0.165155 -0.925155
1642647832.912094 -0.931608 1.316314 0.241952 -0.252448 0.229367 -0.164548 -0.925519
1642647832.920428 -0.931270 1.316104 0.242166 -0.251963 0.228790 -0.163929 -0.925903
1642647832.928761 -0.930915 1.315911 0.242378 -0.251612 0.228211 -0.163194 -0.926272
1642647832.937094 -0.930557 1.315720 0.242582 -0.251173 0.227673 -0.162432 -0.926657
1642647832.945428 -0.930200 1.315536 0.242760 -0.250587 0.227266 -0.161706 -0.927042
1642647832.953761 -0.929836 1.315371 0.242936 -0.250006 0.226881 -0.160903 -0.927433
1642647832.962094 -0.929460 1.315219 0.243108 -0.249533 0.226501 -0.160042 -0.927802
1642647832.970428 -0.929083 1.315074 0.243272 -0.249066 0.226174 -0.159163 -0.928159
1642647832.978761 -0.928710 1.314933 0.243437 -0.248554 0.225836 -0.158252 -0.928534
1642647832.987094 -0.928340 1.314803 0.243600 -0.248153 0.225435 -0.157362 -0.928890
1642647832.995428 -0.927968 1.314677 0.243770 -0.247722 0.225065 -0.156510 -0.929238
1642647833.003761 -0.927599 1.314543 0.243935 -0.247390 0.224702 -0.155649 -0.929560
1642647833.012094 -0.927229 1.314412 0.244094 -0.247079 0.224424 -0.154777 -0.929855
1642647833.020427 -0.926855 1.314272 0.244261 -0.246759 0.224219 -0.153900 -0.930135
1642647833.028761 -0.926482 1.314125 0.244424 -0.246595 0.223851 -0.152984 -0.930418
1642647833.037094 -0.926092 1.313935 0.244625 -0.246499 0.223874 -0.152148 -0.930575
1642647833.045428 -0.925730 1.313768 0.244790 -0.246427 0.223306 -0.151294 -0.930870
1642647833.053761 -0.925371 1.313563 0.244950 -0.246376 0.222805 -0.150464 -0.931138
1642647833.062094 -0.925002 1.313347 0.245135 -0.246432 0.222402 -0.149612 -0.931356
1642647833.070428 -0.924636 1.313118 0.245328 -0.246502 0.221930 -0.148789 -0.931583
1642647833.078761 -0.924285 1.312872 0.245512 -0.246612 0.221510 -0.148068 -0.931768
1642647833.087094 -0.923935 1.312610 0.245699 -0.246627 0.221116 -0.147355 -0.931971
1642647833.095428 -0.923592 1.312347 0.245883 -0.246755 0.220513 -0.146532 -0.932209
1642647833.103761 -0.923252 1.312048 0.246056 -0.246702 0.220029 -0.145847 -0.932445
1642647833.112094 -0.922920 1.311742 0.246222 -0.246704 0.219452 -0.145145 -0.932690
1642647833.120428 -0.922598 1.311423 0.246394 -0.246637 0.218883 -0.144507 -0.932941
1642647833.128761 -0.922274 1.311094 0.246565 -0.246569 0.218240 -0.143834 -0.933213
1642647833.137094 -0.921947 1.310771 0.246748 -0.246633 0.217682 -0.143150 -0.933432
1642647833.145427 -0.921614 1.310404 0.246951 -0.246579 0.217365 -0.142497 -0.933620
1642647833.153761 -0.921307 1.310058 0.247155 -0.246476 0.216853 -0.141830 -0.933867
1642647833.162094 -0.921011 1.309714 0.247365 -0.246424 0.216153 -0.141173 -0.934143
1642647833.170428 -0.920722 1.309363 0.247595 -0.246318 0.215544 -0.140609 -0.934397
1642647833.178761 -0.920447 1.308996 0.247756 -0.246473 0.213852 -0.139664 -0.934886
1642647833.187094 -0.920176 1.308632 0.247982 -0.246517 0.213003 -0.139057 -0.935159
1642647833.195428 -0.919912 1.308280 0.248229 -0.246596 0.212537 -0.138562 -0.935318
1642647833.203761 -0.919656 1.307938 0.248480 -0.246805 0.212089 -0.137967 -0.935452
1642647833.212094 -0.919322 1.307601 0.248730 -0.247282 0.211996 -0.138280 -0.935301
1642647833.220428 -0.919057 1.307259 0.248985 -0.247441 0.211801 -0.137898 -0.935360
1642647833.228761 -0.918823 1.306904 0.249245 -0.247451 0.211621 -0.137285 -0.935488
1642647833.237094 -0.918568 1.306531 0.249541 -0.247578 0.211488 -0.136556 -0.935591
1642647833.245428 -0.918333 1.306194 0.249857 -0.247838 0.211301 -0.135799 -0.935674
1642647833.253761 -0.918111 1.305826 0.250172 -0.248055 0.211185 -0.135241 -0.935724
1642647833.262094 -0.917909 1.305461 0.250508 -0.248307 0.211100 -0.134633 -0.935764
1642647833.270427 -0.917711 1.305077 0.250874 -0.248689 0.211114 -0.134109 -0.935735
1642647833.278761 -0.917549 1.304728 0.251246 -0.249080 0.211061 -0.133606 -0.935715
1642647833.287094 -0.917383 1.304355 0.251648 -0.249537 0.211184 -0.133046 -0.935645
1642647833.295428 -0.917211 1.303981 0.252082 -0.250153 0.211589 -0.132603 -0.935452
1642647833.303761 -0.917062 1.303618 0.252515 -0.250691 0.211905 -0.132062 -0.935313
1642647833.312094 -0.916914 1.303250 0.252945 -0.251279 0.212232 -0.131530 -0.935156
1642647833.320428 -0.916758 1.302872 0.253392 -0.251946 0.212475 -0.130774 -0.935027
1642647833.328761 -0.916622 1.302523 0.253831 -0.252547 0.212588 -0.130081 -0.934936
1642647833.337094 -0.916518 1.302223 0.254260 -0.252991 0.212552 -0.129487 -0.934907
1642647833.345428 -0.916405 1.301898 0.254697 -0.253384 0.212599 -0.129014 -0.934855
1642647833.353761 -0.916288 1.301574 0.255166 -0.253796 0.212779 -0.128652 -0.934752
1642647833.362094 -0.916187 1.301248 0.255630 -0.254177 0.212738 -0.128241 -0.934714
1642647833.370428 -0.916078 1.300885 0.256057 -0.254670 0.211841 -0.127653 -0.934865
1642647833.378761 -0.916212 1.300748 0.256636 -0.253413 0.211087 -0.124431 -0.935811
1642647833.387094 -0.916197 1.300469 0.257141 -0.253264 0.210598 -0.123377 -0.936101
1642647833.395427 -0.915867 1.299870 0.257459 -0.255559 0.210234 -0.125943 -0.935217
1642647833.403761 -0.915729 1.299483 0.257841 -0.256438 0.209980 -0.126792 -0.934918
1642647833.412094 -0.915653 1.299153 0.258260 -0.256725 0.209566 -0.126550 -0.934965
1642647833.420428 -0.915561 1.298814 0.258687 -0.256991 0.209385 -0.126489 -0.934941
1642647833.428761 -0.915474 1.298489 0.259125 -0.257095 0.209716 -0.126734 -0.934805
1642647833.437094 -0.915380 1.298145 0.259529 -0.257299 0.209561 -0.126734 -0.934783
1642647833.445428 -0.915552 1.298047 0.260072 -0.255434 0.209079 -0.123643 -0.935816
1642647833.453761 -0.915518 1.297745 0.260538 -0.255128 0.208587 -0.122459 -0.936165
1642647833.462094 -0.915418 1.297370 0.260961 -0.255373 0.208032 -0.122260 -0.936248
1642647833.470428 -0.915319 1.296982 0.261374 -0.255723 0.207442 -0.122184 -0.936293
1642647833.478761 -0.914937 1.296321 0.261637 -0.258290 0.207037 -0.125129 -0.935289
1642647833.487094 -0.914775 1.295861 0.261988 -0.259210 0.206262 -0.126012 -0.935087
1642647833.495428 -0.914941 1.295685 0.262555 -0.257382 0.204706 -0.122490 -0.936401
1642647833.503761 -0.914899 1.295330 0.263063 -0.257094 0.204144 -0.121549 -0.936725
1642647833.512094 -0.914791 1.294900 0.263522 -0.257465 0.203674 -0.121493 -0.936733
1642647833.520427 -0.914667 1.294447 0.263996 -0.257898 0.202794 -0.121165 -0.936847
1642647833.528761 -0.914545 1.293983 0.264487 -0.257947 0.202377 -0.121122 -0.936929
1642647833.537094 -0.914433 1.293557 0.265014 -0.258275 0.201708 -0.121137 -0.936981
1642647833.545428 -0.914321 1.293143 0.265584 -0.258654 0.200973 -0.121074 -0.937043
1642647833.553761 -0.914258 1.292778 0.266200 -0.258753 0.200829 -0.121544 -0.936985
1642647833.562094 -0.914147 1.292370 0.266876 -0.259104 0.200582 -0.121629 -0.936930
1642647833.570428 -0.914056 1.291988 0.267548 -0.259483 0.199920 -0.121689 -0.936959
1642647833.578761 -0.913951 1.291593 0.268277 -0.259956 0.199149 -0.121458 -0.937022
1642647833.587094 -0.913850 1.291203 0.269023 -0.260474 0.198493 -0.121300 -0.937038
1642647833.595428 -0.913761 1.290832 0.269801 -0.260972 0.197737 -0.121121 -0.937082
1642647833.603761 -0.913664 1.290452 0.270608 -0.261548 0.197044 -0.121003 -0.937083
1642647833.612094 -0.913563 1.290067 0.271425 -0.261960 0.196619 -0.120819 -0.937081
1642647833.620428 -0.913486 1.289704 0.272275 -0.262572 0.196026 -0.120561 -0.937067
1642647833.628761 -0.913436 1.289358 0.273156 -0.263442 0.195010 -0.120248 -0.937075
1642647833.637094 -0.913372 1.288980 0.274007 -0.264245 0.193523 -0.119552 -0.937246
1642647833.645427 -0.913322 1.288629 0.274872 -0.264742 0.193106 -0.119283 -0.937226
1642647833.653761 -0.913316 1.288318 0.275800 -0.265451 0.192479 -0.118992 -0.937192
1642647833.662094 -0.913310 1.288012 0.276721 -0.266139 0.191959 -0.118754 -0.937133
1642647833.670428 -0.913316 1.287706 0.277666 -0.266684 0.191555 -0.118515 -0.937091
1642647833.678761 -0.913328 1.287408 0.278620 -0.267412 0.191180 -0.118233 -0.936996
1642647833.687094 -0.913349 1.287128 0.279566 -0.268018 0.190888 -0.117864 -0.936929
1642647833.695428 -0.913370 1.286881 0.280527 -0.269031 0.190448 -0.117298 -0.936799
1642647833.703761 -0.913388 1.286624 0.281467 -0.269768 0.190246 -0.116860 -0.936683
1642647833.712094 -0.913423 1.286360 0.282395 -0.270532 0.190098 -0.116432 -0.936546
1642647833.720428 -0.913464 1.286102 0.283325 -0.271298 0.190071 -0.116019 -0.936381
1642647833.728761 -0.913514 1.285843 0.284261 -0.272047 0.190103 -0.115681 -0.936199
1642647833.737094 -0.913569 1.285585 0.285206 -0.272882 0.190320 -0.115464 -0.935939
1642647833.745428 -0.913638 1.285316 0.286170 -0.273903 0.190038 -0.115194 -0.935731
1642647833.753761 -0.913686 1.285040 0.287116 -0.274766 0.190171 -0.115050 -0.935469
1642647833.762094 -0.913759 1.284796 0.288065 -0.275768 0.189857 -0.114987 -0.935246
1642647833.770427 -0.913798 1.284511 0.289048 -0.276901 0.189518 -0.114699 -0.935015
1642647833.778761 -0.913844 1.284237 0.290011 -0.277939 0.189230 -0.114524 -0.934787
1642647833.787094 -0.913890 1.283988 0.290983 -0.278936 0.188906 -0.114401 -0.934570
1642647833.795428 -0.913934 1.283742 0.291933 -0.279898 0.188421 -0.114249 -0.934399
1642647833.803761 -0.913975 1.283508 0.292894 -0.280818 0.187954 -0.114089 -0.934237
1642647833.812094 -0.914023 1.283276 0.293858 -0.281745 0.187564 -0.114007 -0.934046
1642647833.820428 -0.914079 1.283049 0.294819 -0.282643 0.187029 -0.114015 -0.933881
1642647833.828761 -0.914140 1.282841 0.295772 -0.283499 0.186666 -0.114065 -0.933688
1642647833.837094 -0.914215 1.282646 0.296722 -0.284377 0.186277 -0.114098 -0.933495
1642647833.845428 -0.914289 1.282461 0.297662 -0.285319 0.185962 -0.114188 -0.933259
1642647833.853761 -0.914365 1.282298 0.298581 -0.286272 0.185738 -0.114269 -0.933002
1642647833.862094 -0.914434 1.282140 0.299497 -0.287184 0.185642 -0.114280 -0.932739
1642647833.870428 -0.914505 1.281997 0.300399 -0.288080 0.185605 -0.114205 -0.932479
1642647833.878761 -0.914561 1.281867 0.301292 -0.288975 0.185449 -0.114003 -0.932258
1642647833.887094 -0.914604 1.281756 0.302189 -0.289826 0.185469 -0.113764 -0.932019
1642647833.895427 -0.914634 1.281659 0.303079 -0.290713 0.185407 -0.113501 -0.931787
1642647833.903761 -0.914667 1.281556 0.303973 -0.291578 0.185179 -0.113218 -0.931597
1642647833.912094 -0.914701 1.281456 0.304874 -0.292536 0.185010 -0.113028 -0.931353
1642647833.920428 -0.914747 1.281389 0.305739 -0.293460 0.184814 -0.113001 -0.931105
1642647833.928761 -0.914755 1.281304 0.306641 -0.294556 0.184788 -0.112766 -0.930792
1642647833.937094 -0.914768 1.281238 0.307512 -0.295721 0.184646 -0.112582 -0.930473
1642647833.945428 -0.914778 1.281214 0.308353 -0.296730 0.184650 -0.112438 -0.930169
1642647833.953761 -0.914773 1.281230 0.309183 -0.297769 0.184612 -0.112225 -0.929870
1642647833.962094 -0.914756 1.281284 0.309993 -0.298847 0.184383 -0.111944 -0.929603
1642647833.970428 -0.914722 1.281366 0.310788 -0.299715 0.184181 -0.111599 -0.929405
1642647833.978761 -0.914693 1.281496 0.311552 -0.300646 0.183652 -0.111276 -0.929248
1642647833.987094 -0.914628 1.281644 0.312303 -0.301250 0.183745 -0.111124 -0.929052
1642647833.995428 -0.914552 1.281810 0.313040 -0.301853 0.183312 -0.110826 -0.928977
1642647834.003761 -0.914440 1.281981 0.313772 -0.302478 0.183156 -0.110496 -0.928844
1642647834.012094 -0.914328 1.282192 0.314468 -0.302985 0.182839 -0.110211 -0.928775
1642647834.020427 -0.914213 1.282446 0.315147 -0.303377 0.182446 -0.109938 -0.928757
1642647834.028761 -0.914114 1.282746 0.315766 -0.303769 0.181981 -0.109859 -0.928730
1642647834.037094 -0.913969 1.283017 0.316400 -0.304253 0.181542 -0.109540 -0.928695
1642647834.045428 -0.913835 1.283341 0.317023 -0.304655 0.181266 -0.109475 -0.928625
1642647834.053761 -0.913666 1.283639 0.317634 -0.305187 0.180805 -0.109135 -0.928580
1642647834.062094 -0.913496 1.283956 0.318235 -0.305566 0.180416 -0.108855 -0.928563
1642647834.070428 -0.913371 1.284339 0.318788 -0.305988 0.179285 -0.108697 -0.928662
1642647834.078761 -0.913173 1.284682 0.319379 -0.306358 0.178654 -0.108348 -0.928702
1642647834.087094 -0.912969 1.285033 0.319965 -0.306589 0.178173 -0.108102 -0.928747
1642647834.095428 -0.912698 1.285344 0.320548 -0.306287 0.178942 -0.107984 -0.928713
1642647834.103761 -0.912471 1.285694 0.321125 -0.306364 0.178690 -0.107748 -0.928764
1642647834.112094 -0.912285 1.286089 0.321675 -0.306495 0.177858 -0.107562 -0.928901
1642647834.120428 -0.912080 1.286630 0.322268 -0.306596 0.177316 -0.106487 -0.929096
1642647834.128761 -0.911861 1.287064 0.322847 -0.306771 0.176739 -0.105852 -0.929220
1642647834.137094 -0.911633 1.287444 0.323410 -0.306985 0.176270 -0.105491 -0.929280
1642647834.145427 -0.911410 1.287823 0.323963 -0.307228 0.175758 -0.105092 -0.929341
1642647834.153761 -0.911188 1.288197 0.324504 -0.307455 0.175321 -0.104625 -0.929402
1642647834.162094 -0.910946 1.288568 0.325042 -0.307692 0.175038 -0.104234 -0.929421
1642647834.170428 -0.910694 1.288927 0.325559 -0.308003 0.174674 -0.103850 -0.929429
1642647834.178761 -0.910453 1.289302 0.326068 -0.308183 0.174268 -0.103355 -0.929501
1642647834.187094 -0.910209 1.289670 0.326572 -0.308366 0.173893 -0.102912 -0.929559
1642647834.195428 -0.909957 1.290031 0.327077 -0.308488 0.173556 -0.102399 -0.929639
1642647834.203761 -0.909692 1.290404 0.327575 -0.308609 0.173295 -0.101979 -0.929693
1642647834.212094 -0.909420 1.290764 0.328074 -0.308705 0.172945 -0.101549 -0.929774
1642647834.220428 -0.909159 1.291132 0.328574 -0.308845 0.172488 -0.100950 -0.929877
1642647834.228761 -0.908869 1.291406 0.329010 -0.308071 0.173001 -0.100678 -0.930068
1642647834.237094 -0.908581 1.291728 0.329490 -0.307930 0.172862 -0.100281 -0.930184
1642647834.245428 -0.908303 1.292068 0.329980 -0.307992 0.172489 -0.099777 -0.930287
1642647834.253761 -0.908015 1.292455 0.330576 -0.308510 0.170888 -0.099333 -0.930458
1642647834.262094 -0.907732 1.292861 0.331020 -0.309378 0.170279 -0.098461 -0.930374
1642647834.270427 -0.907418 1.293122 0.331413 -0.308872 0.170958 -0.098283 -0.930437
1642647834.278761 -0.907113 1.293424 0.331844 -0.308754 0.170840 -0.097932 -0.930534
1642647834.287094 -0.906798 1.293756 0.332284 -0.308879 0.170448 -0.097571 -0.930602
1642647834.295428 -0.906402 1.293900 0.332689 -0.309379 0.169943 -0.098410 -0.930441
1642647834.303761 -0.906047 1.294162 0.333102 -0.309550 0.169455 -0.098322 -0.930482
1642647834.312094 -0.905704 1.294468 0.333522 -0.309653 0.168912 -0.097891 -0.930592
1642647834.320428 -0.905353 1.294773 0.333936 -0.309791 0.168274 -0.097534 -0.930699
1642647834.328761 -0.905006 1.295085 0.334353 -0.309852 0.167697 -0.097212 -0.930816
1642647834.337094 -0.904652 1.295388 0.334778 -0.309963 0.166999 -0.096892 -0.930938
1642647834.345428 -0.904305 1.295689 0.335202 -0.310083 0.166303 -0.096584 -0.931055
1642647834.353761 -0.903958 1.296004 0.335629 -0.310160 0.165592 -0.096228 -0.931193
1642647834.362094 -0.903619 1.296314 0.336047 -0.310160 0.165127 -0.095988 -0.931300
1642647834.370428 -0.903280 1.296627 0.336460 -0.310327 0.164468 -0.095683 -0.931393
1642647834.378761 -0.902941 1.296942 0.336872 -0.310408 0.164000 -0.095330 -0.931485
1642647834.387094 -0.902625 1.297325 0.337321 -0.311132 0.162643 -0.094688 -0.931546
1642647834.395427 -0.902295 1.297673 0.337738 -0.311379 0.162130 -0.094254 -0.931597
1642647834.403761 -0.901930 1.297942 0.338090 -0.310801 0.162731 -0.094166 -0.931694
1642647834.412094 -0.901598 1.298314 0.338514 -0.311377 0.161753 -0.093572 -0.931732
1642647834.420428 -0.901231 1.298604 0.338873 -0.310939 0.162144 -0.093388 -0.931829
1642647834.428761 -0.900882 1.298935 0.339245 -0.310717 0.162123 -0.093122 -0.931933
1642647834.437094 -0.900528 1.299283 0.339617 -0.310733 0.161813 -0.092913 -0.932003
1642647834.445428 -0.900178 1.299652 0.339989 -0.310707 0.161539 -0.092695 -0.932081
1642647834.453761 -0.899851 1.300091 0.340403 -0.311212 0.160279 -0.092213 -0.932177
1642647834.462094 -0.899491 1.300523 0.340745 -0.311046 0.159850 -0.091944 -0.932333
1642647834.470428 -0.899120 1.300943 0.341102 -0.310859 0.159578 -0.091778 -0.932458
1642647834.478761 -0.898762 1.301365 0.341524 -0.310798 0.158859 -0.091464 -0.932632
1642647834.487094 -0.898384 1.301798 0.341909 -0.310574 0.158202 -0.091191 -0.932845
1642647834.495428 -0.898000 1.302256 0.342288 -0.310318 0.157611 -0.091004 -0.933048
1642647834.503761 -0.897613 1.302722 0.342660 -0.309983 0.157202 -0.090837 -0.933245
1642647834.512094 -0.897219 1.303216 0.343022 -0.309604 0.156688 -0.090636 -0.933477
1642647834.520427 -0.896826 1.303753 0.343378 -0.309142 0.156408 -0.090584 -0.933682
1642647834.528761 -0.896394 1.304268 0.343711 -0.308703 0.155828 -0.090351 -0.933947
1642647834.537094 -0.895959 1.304811 0.344028 -0.308150 0.155331 -0.090105 -0.934236
1642647834.545428 -0.895519 1.305395 0.344336 -0.307545 0.154994 -0.089853 -0.934516
1642647834.553761 -0.895063 1.305992 0.344630 -0.306890 0.154696 -0.089634 -0.934801
1642647834.562094 -0.894606 1.306626 0.344926 -0.306146 0.154474 -0.089517 -0.935093
1642647834.570428 -0.894119 1.307249 0.345211 -0.305516 0.154066 -0.089364 -0.935381
1642647834.578761 -0.893619 1.307878 0.345491 -0.304897 0.153752 -0.089182 -0.935652
1642647834.587094 -0.893093 1.308501 0.345771 -0.304300 0.153425 -0.089008 -0.935916
1642647834.595428 -0.892527 1.309103 0.345999 -0.303652 0.153232 -0.088961 -0.936163
1642647834.603761 -0.891960 1.309725 0.346268 -0.303183 0.152844 -0.088895 -0.936385
1642647834.612094 -0.891391 1.310355 0.346561 -0.302752 0.152439 -0.088757 -0.936603
1642647834.620428 -0.890793 1.310975 0.346853 -0.302375 0.151952 -0.088604 -0.936819
1642647834.628761 -0.890177 1.311558 0.347152 -0.301468 0.152304 -0.088723 -0.937043
1642647834.637094 -0.889562 1.312228 0.347476 -0.301680 0.150977 -0.088299 -0.937229
1642647834.645427 -0.888929 1.312866 0.347811 -0.301681 0.149979 -0.087959 -0.937421
1642647834.653761 -0.888280 1.313464 0.348136 -0.301594 0.149341 -0.087837 -0.937562
1642647834.662094 -0.887621 1.314054 0.348470 -0.301570 0.148611 -0.087655 -0.937703
1642647834.670428 -0.886956 1.314648 0.348824 -0.301596 0.147736 -0.087396 -0.937857
1642647834.678761 -0.886276 1.315224 0.349172 -0.301641 0.146934 -0.087228 -0.937984
1642647834.687094 -0.885556 1.315723 0.349473 -0.300876 0.147434 -0.087396 -0.938136
1642647834.695428 -0.884883 1.316338 0.349859 -0.301492 0.145695 -0.087056 -0.938241
1642647834.703761 -0.884193 1.316921 0.350234 -0.301827 0.144232 -0.086786 -0.938385
1642647834.712094 -0.883479 1.317473 0.350592 -0.301947 0.143167 -0.086533 -0.938532
1642647834.720428 -0.882752 1.318011 0.350942 -0.302109 0.142078 -0.086284 -0.938669
1642647834.728761 -0.882012 1.318538 0.351302 -0.302273 0.141008 -0.085952 -0.938808
1642647834.737094 -0.881273 1.319067 0.351667 -0.302530 0.139887 -0.085546 -0.938930
1642647834.745428 -0.880420 1.319352 0.351850 -0.304364 0.139132 -0.086503 -0.938361
1642647834.753761 -0.879634 1.319789 0.352145 -0.305069 0.138133 -0.086451 -0.938285
1642647834.762094 -0.878894 1.320289 0.352475 -0.305221 0.137142 -0.085950 -0.938427
1642647834.770427 -0.878160 1.320783 0.352782 -0.305354 0.136260 -0.085526 -0.938551
1642647834.778761 -0.877385 1.321213 0.353016 -0.304576 0.136752 -0.085433 -0.938740
1642647834.787094 -0.876683 1.321761 0.353323 -0.305222 0.134945 -0.084792 -0.938850
1642647834.795428 -0.875920 1.322217 0.353544 -0.304581 0.135140 -0.084618 -0.939046
1642647834.803761 -0.875178 1.322709 0.353773 -0.304207 0.134702 -0.084234 -0.939265
1642647834.812094 -0.874431 1.323216 0.353978 -0.303964 0.133951 -0.083764 -0.939493
1642647834.820428 -0.873750 1.323814 0.354245 -0.304657 0.131696 -0.082914 -0.939663
1642647834.828761 -0.873051 1.324365 0.354478 -0.304647 0.130439 -0.082350 -0.939891
1642647834.837094 -0.872353 1.324901 0.354693 -0.304332 0.129571 -0.081979 -0.940145
1642647834.845428 -0.871665 1.325440 0.354894 -0.303887 0.128863 -0.081654 -0.940415
1642647834.853761 -0.870987 1.325992 0.355086 -0.303433 0.128145 -0.081311 -0.940689
1642647834.862094 -0.870328 1.326548 0.355264 -0.302881 0.127463 -0.081047 -0.940982
1642647834.870428 -0.869695 1.327142 0.355466 -0.302245 0.127216 -0.081020 -0.941223
1642647834.878761 -0.869069 1.327730 0.355640 -0.301545 0.126893 -0.080841 -0.941506
1642647834.887094 -0.868444 1.328329 0.355792 -0.300870 0.126382 -0.080544 -0.941816
1642647834.895427 -0.867811 1.328918 0.355925 -0.300301 0.125498 -0.080004 -0.942162
1642647834.903761 -0.867193 1.329521 0.356064 -0.299579 0.124977 -0.079634 -0.942492
1642647834.912094 -0.866595 1.330133 0.356208 -0.298967 0.124461 -0.079257 -0.942786
1642647834.920428 -0.865985 1.330734 0.356348 -0.298297 0.124139 -0.078932 -0.943069
1642647834.928761 -0.865382 1.331330 0.356510 -0.297728 0.123831 -0.078618 -0.943315
1642647834.937094 -0.864795 1.331915 0.356683 -0.297152 0.123474 -0.078259 -0.943573
1642647834.945428 -0.864193 1.332486 0.356857 -0.296651 0.123171 -0.077936 -0.943797
1642647834.953761 -0.863602 1.333063 0.357060 -0.296052 0.123459 -0.077934 -0.943948
1642647834.962094 -0.862999 1.333610 0.357256 -0.295514 0.123343 -0.077716 -0.944149
1642647834.970428 -0.862461 1.334327 0.357581 -0.293668 0.122841 -0.076371 -0.944900
1642647834.978761 -0.861799 1.334727 0.357701 -0.294051 0.122681 -0.076709 -0.944775
1642647834.987094 -0.861148 1.335183 0.357871 -0.293913 0.122549 -0.076749 -0.944831
1642647834.995428 -0.860579 1.335883 0.358217 -0.292104 0.121985 -0.075323 -0.945580
1642647835.003761 -0.859957 1.336452 0.358486 -0.291175 0.121535 -0.074571 -0.945984
1642647835.012094 -0.859302 1.336940 0.358704 -0.290724 0.121132 -0.074229 -0.946201
1642647835.020427 -0.858633 1.337432 0.358925 -0.290220 0.120700 -0.073879 -0.946438
1642647835.028761 -0.857961 1.337905 0.359139 -0.289659 0.120274 -0.073611 -0.946685
1642647835.037094 -0.857263 1.338367 0.359343 -0.289094 0.119474 -0.073114 -0.946998
1642647835.045428 -0.856570 1.338836 0.359555 -0.288506 0.118764 -0.072785 -0.947292
1642647835.053761 -0.855857 1.339300 0.359766 -0.287855 0.118053 -0.072498 -0.947600
1642647835.062094 -0.855131 1.339758 0.359984 -0.287182 0.117290 -0.072195 -0.947923
1642647835.070428 -0.854391 1.340216 0.360199 -0.286476 0.116510 -0.071855 -0.948258
1642647835.078761 -0.853640 1.340662 0.360423 -0.285756 0.115870 -0.071641 -0.948570
1642647835.087094 -0.852870 1.341080 0.360649 -0.285093 0.114971 -0.071371 -0.948899
1642647835.095428 -0.852093 1.341485 0.360856 -0.284387 0.114060 -0.071086 -0.949242
1642647835.103761 -0.851298 1.341862 0.361039 -0.283767 0.113058 -0.070915 -0.949561
1642647835.112094 -0.850525 1.342260 0.361230 -0.283107 0.112199 -0.070795 -0.949868
1642647835.120428 -0.849719 1.342621 0.361368 -0.282269 0.111227 -0.070494 -0.950254
1642647835.128761 -0.848912 1.342970 0.361485 -0.281490 0.110277 -0.070255 -0.950614
1642647835.137094 -0.848109 1.343323 0.361594 -0.280647 0.109762 -0.070098 -0.950934
1642647835.145427 -0.847282 1.343626 0.361610 -0.279963 0.107538 -0.069126 -0.951461
1642647835.153761 -0.846481 1.343954 0.361698 -0.279221 0.106442 -0.068636 -0.951838
1642647835.162094 -0.845651 1.344244 0.361747 -0.278300 0.105998 -0.068334 -0.952179
1642647835.170428 -0.844815 1.344513 0.361784 -0.277439 0.105358 -0.067886 -0.952533
1642647835.178761 -0.844005 1.344776 0.361828 -0.276732 0.104311 -0.067272 -0.952897
1642647835.187094 -0.843189 1.345019 0.361856 -0.275908 0.103506 -0.066746 -0.953261
1642647835.195428 -0.842375 1.345227 0.361836 -0.275025 0.102564 -0.065993 -0.953670
1642647835.203761 -0.841587 1.345439 0.361841 -0.274083 0.102343 -0.065721 -0.953984
1642647835.212094 -0.840811 1.345644 0.361829 -0.273399 0.101624 -0.065268 -0.954288
1642647835.220428 -0.840045 1.345828 0.361772 -0.272426 0.101169 -0.064749 -0.954650
1642647835.228761 -0.839281 1.345986 0.361689 -0.271524 0.100396 -0.064094 -0.955033
1642647835.237094 -0.838549 1.346141 0.361611 -0.270771 0.099531 -0.063470 -0.955379
1642647835.245428 -0.837847 1.346286 0.361517 -0.269900 0.098817 -0.062864 -0.955739
1642647835.253761 -0.837149 1.346406 0.361395 -0.268827 0.098524 -0.062411 -0.956102
1642647835.262094 -0.836463 1.346499 0.361267 -0.267933 0.098036 -0.061982 -0.956430
1642647835.270427 -0.835808 1.346587 0.361143 -0.267150 0.097300 -0.061452 -0.956759
1642647835.278761 -0.835177 1.346659 0.361009 -0.266259 0.096972 -0.061113 -0.957062
1642647835.287094 -0.834552 1.346694 0.360847 -0.265233 0.096805 -0.060797 -0.957384
1642647835.295428 -0.833958 1.346708 0.360688 -0.264517 0.096058 -0.060397 -0.957683
1642647835.303761 -0.833384 1.346706 0.360516 -0.263587 0.095616 -0.059984 -0.958009
1642647835.312094 -0.832843 1.346675 0.360332 -0.262666 0.095245 -0.059604 -0.958323
1642647835.320428 -0.832332 1.346626 0.360146 -0.261961 0.094531 -0.059251 -0.958608
1642647835.328761 -0.831836 1.346559 0.359940 -0.261173 0.093955 -0.058944 -0.958899
1642647835.337094 -0.831364 1.346473 0.359716 -0.260272 0.093437 -0.058591 -0.959216
1642647835.345428 -0.830916 1.346375 0.359481 -0.259347 0.092830 -0.058227 -0.959548
1642647835.353761 -0.830497 1.346221 0.359280 -0.257980 0.092251 -0.057984 -0.959986
1642647835.362094 -0.830074 1.346072 0.359025 -0.257050 0.091351 -0.057665 -0.960341
1642647835.370428 -0.829675 1.345931 0.358747 -0.256101 0.091118 -0.057716 -0.960614
1642647835.378761 -0.829307 1.345786 0.358473 -0.255308 0.090537 -0.057652 -0.960883
1642647835.387094 -0.828959 1.345625 0.358185 -0.254504 0.089831 -0.057426 -0.961177
1642647835.395427 -0.828636 1.345455 0.357885 -0.253486 0.089715 -0.057527 -0.961451
1642647835.403761 -0.828351 1.345283 0.357585 -0.252735 0.089089 -0.057519 -0.961707
1642647835.412094 -0.828089 1.345095 0.357281 -0.251911 0.088599 -0.057513 -0.961969
1642647835.420428 -0.827844 1.344899 0.356967 -0.251042 0.088279 -0.057539 -0.962224
1642647835.428761 -0.827621 1.344699 0.356648 -0.250193 0.087943 -0.057481 -0.962479
1642647835.437094 -0.827423 1.344495 0.356321 -0.249297 0.087685 -0.057421 -0.962738
1642647835.445428 -0.827247 1.344273 0.355985 -0.248422 0.087472 -0.057353 -0.962988
1642647835.453761 -0.827083 1.344034 0.355647 -0.247535 0.087327 -0.057238 -0.963236
1642647835.462094 -0.826947 1.343783 0.355310 -0.246690 0.087260 -0.057140 -0.963465
1642647835.470428 -0.826829 1.343517 0.354983 -0.245959 0.087174 -0.057073 -0.963664
1642647835.478761 -0.826725 1.343231 0.354649 -0.245304 0.086980 -0.056843 -0.963862
1642647835.487094 -0.826652 1.342945 0.354333 -0.244680 0.087126 -0.056862 -0.964006
1642647835.495428 -0.826592 1.342643 0.354019 -0.244099 0.087359 -0.056928 -0.964128
1642647835.503761 -0.826550 1.342329 0.353704 -0.243517 0.087526 -0.056911 -0.964261
1642647835.512094 -0.826524 1.342000 0.353390 -0.242942 0.087732 -0.056931 -0.964386
1642647835.520427 -0.826510 1.341656 0.353083 -0.242392 0.087903 -0.056951 -0.964508
1642647835.528761 -0.826510 1.341303 0.352783 -0.241825 0.087990 -0.056954 -0.964642
1642647835.537094 -0.826529 1.340944 0.352482 -0.241334 0.087970 -0.056981 -0.964765
1642647835.545428 -0.826555 1.340580 0.352190 -0.240834 0.088034 -0.057055 -0.964880
1642647835.553761 -0.826588 1.340209 0.351905 -0.240295 0.088160 -0.057193 -0.964995
1642647835.562094 -0.826638 1.339826 0.351618 -0.239829 0.088071 -0.057312 -0.965112
1642647835.570428 -0.826695 1.339427 0.351323 -0.239481 0.087796 -0.057296 -0.965224
1642647835.578761 -0.826787 1.339036 0.351039 -0.239028 0.087962 -0.057577 -0.965305
1642647835.587094 -0.826885 1.338634 0.350742 -0.238577 0.088065 -0.057890 -0.965388
1642647835.595428 -0.826995 1.338229 0.350449 -0.238115 0.088131 -0.058159 -0.965480
1642647835.603761 -0.827116 1.337821 0.350158 -0.237671 0.088183 -0.058405 -0.965570
1642647835.612094 -0.827251 1.337405 0.349860 -0.237217 0.088146 -0.058573 -0.965675
1642647835.620428 -0.827385 1.336977 0.349556 -0.236737 0.088199 -0.058821 -0.965773
1642647835.628761 -0.827538 1.336550 0.349241 -0.236232 0.088164 -0.059039 -0.965886
1642647835.637094 -0.827696 1.336116 0.348922 -0.235742 0.088113 -0.059244 -0.965998
1642647835.645427 -0.827864 1.335670 0.348593 -0.235245 0.088080 -0.059475 -0.966108
1642647835.653761 -0.828034 1.335216 0.348263 -0.234738 0.087999 -0.059710 -0.966224
1642647835.662094 -0.828197 1.334738 0.347921 -0.234294 0.087704 -0.059787 -0.966354
1642647835.670428 -0.828374 1.334259 0.347577 -0.233830 0.087482 -0.059934 -0.966477
1642647835.678761 -0.828574 1.333781 0.347245 -0.233311 0.087612 -0.060355 -0.966565
1642647835.687094 -0.828779 1.333290 0.346903 -0.232804 0.087740 -0.060699 -0.966654
1642647835.695428 -0.828983 1.332782 0.346544 -0.232347 0.087825 -0.060976 -0.966739
1642647835.703761 -0.829187 1.332265 0.346187 -0.231878 0.087913 -0.061189 -0.966830
1642647835.712094 -0.829392 1.331735 0.345820 -0.231475 0.088060 -0.061407 -0.966899
1642647835.720428 -0.829600 1.331213 0.345453 -0.231066 0.088182 -0.061539 -0.966978
1642647835.728761 -0.829806 1.330680 0.345074 -0.230653 0.088340 -0.061655 -0.967054
1642647835.737094 -0.830008 1.330133 0.344689 -0.230266 0.088446 -0.061704 -0.967134
1642647835.745428 -0.830213 1.329569 0.344300 -0.229849 0.088617 -0.061771 -0.967213
1642647835.753761 -0.830419 1.328997 0.343898 -0.229461 0.088744 -0.061863 -0.967288
1642647835.762094 -0.830622 1.328405 0.343492 -0.229089 0.088848 -0.061924 -0.967362
1642647835.770427 -0.830825 1.327794 0.343072 -0.228751 0.088820 -0.061984 -0.967441
1642647835.778761 -0.831023 1.327175 0.342655 -0.228448 0.088865 -0.062153 -0.967498
1642647835.787094 -0.831216 1.326532 0.342238 -0.228107 0.088915 -0.062361 -0.967560
1642647835.795428 -0.831398 1.325862 0.341813 -0.227787 0.088734 -0.062369 -0.967651
1642647835.803761 -0.831586 1.325195 0.341397 -0.227459 0.088846 -0.062610 -0.967703
1642647835.812094 -0.831768 1.324515 0.340976 -0.227218 0.088832 -0.062817 -0.967747
1642647835.820428 -0.831949 1.323808 0.340550 -0.227075 0.088676 -0.062977 -0.967785
1642647835.828761 -0.832132 1.323072 0.340115 -0.226902 0.088488 -0.063161 -0.967831
1642647835.837094 -0.832313 1.322312 0.339679 -0.226831 0.088246 -0.063329 -0.967858
1642647835.845428 -0.832498 1.321527 0.339237 -0.226811 0.088062 -0.063563 -0.967865
1642647835.853761 -0.832687 1.320734 0.338794 -0.226795 0.087802 -0.063848 -0.967873
1642647835.862094 -0.832876 1.319926 0.338352 -0.226759 0.087557 -0.064119 -0.967886
1642647835.870428 -0.833076 1.319090 0.337898 -0.226764 0.087332 -0.064458 -0.967882
1642647835.878761 -0.833272 1.318254 0.337453 -0.226773 0.087091 -0.064784 -0.967880
1642647835.887094 -0.833475 1.317404 0.337000 -0.226732 0.086813 -0.065066 -0.967896
1642647835.895427 -0.833687 1.316564 0.336560 -0.226709 0.086779 -0.065482 -0.967876
1642647835.903761 -0.833909 1.315705 0.336111 -0.226708 0.086572 -0.065811 -0.967873
1642647835.912094 -0.834122 1.314841 0.335663 -0.226652 0.086386 -0.066164 -0.967879
1642647835.920428 -0.834347 1.313966 0.335207 -0.226623 0.086263 -0.066557 -0.967869
1642647835.928761 -0.834586 1.313076 0.334742 -0.226598 0.086128 -0.066925 -0.967862
1642647835.937094 -0.834843 1.312192 0.334280 -0.226573 0.085996 -0.067298 -0.967854
1642647835.945428 -0.835115 1.311292 0.333814 -0.226581 0.085815 -0.067715 -0.967839
1642647835.953761 -0.835391 1.310384 0.333340 -0.226555 0.085721 -0.068173 -0.967821
1642647835.962094 -0.835682 1.309478 0.332872 -0.226512 0.085690 -0.068632 -0.967801
1642647835.970428 -0.835974 1.308576 0.332418 -0.226477 0.085595 -0.069093 -0.967785
1642647835.978761 -0.836279 1.307681 0.331963 -0.226524 0.085435 -0.069498 -0.967759
1642647835.987094 -0.836586 1.306771 0.331509 -0.226494 0.085403 -0.069932 -0.967738
1642647835.995428 -0.836904 1.305867 0.331061 -0.226505 0.085338 -0.070335 -0.967712
1642647836.003761 -0.837237 1.304970 0.330616 -0.226501 0.085473 -0.070811 -0.967666
1642647836.012094 -0.837569 1.304063 0.330158 -0.226498 0.085478 -0.071157 -0.967641
1642647836.020427 -0.837928 1.303178 0.329716 -0.226408 0.085804 -0.071707 -0.967593
1642647836.028761 -0.838295 1.302290 0.329267 -0.226353 0.086062 -0.072166 -0.967548
1642647836.037094 -0.838672 1.301412 0.328808 -0.226302 0.086349 -0.072584 -0.967503
1642647836.045428 -0.839056 1.300540 0.328352 -0.226193 0.086720 -0.072989 -0.967465
1642647836.053761 -0.839455 1.299686 0.327893 -0.226083 0.087071 -0.073356 -0.967432
1642647836.062094 -0.839856 1.298845 0.327436 -0.225959 0.087403 -0.073678 -0.967406
1642647836.070428 -0.840267 1.298004 0.326995 -0.225779 0.087924 -0.073998 -0.967377
1642647836.078761 -0.840673 1.297172 0.326559 -0.225667 0.088315 -0.074260 -0.967347
1642647836.087094 -0.841087 1.296347 0.326125 -0.225610 0.088795 -0.074545 -0.967295
1642647836.095428 -0.841502 1.295527 0.325699 -0.225589 0.089075 -0.074633 -0.967267
1642647836.103761 -0.841943 1.294727 0.325301 -0.225543 0.089678 -0.074938 -0.967198
1642647836.112094 -0.842386 1.293914 0.324898 -0.225580 0.090281 -0.075235 -0.967110
1642647836.120428 -0.842833 1.293097 0.324502 -0.225613 0.090816 -0.075553 -0.967028
1642647836.128761 -0.843288 1.292295 0.324121 -0.225668 0.091320 -0.075852 -0.966944
1642647836.137094 -0.843757 1.291499 0.323742 -0.225734 0.091814 -0.076174 -0.966857
1642647836.145427 -0.844226 1.290689 0.323361 -0.225956 0.091963 -0.076301 -0.966781
1642647836.153761 -0.844724 1.289898 0.323006 -0.226076 0.092552 -0.076755 -0.966660
1642647836.162094 -0.845215 1.289104 0.322660 -0.226224 0.093071 -0.077136 -0.966546
1642647836.170428 -0.845707 1.288296 0.322312 -0.226507 0.093438 -0.077477 -0.966417
1642647836.178761 -0.846210 1.287495 0.321964 -0.226821 0.093766 -0.077846 -0.966282
1642647836.187094 -0.846712 1.286699 0.321631 -0.227137 0.094178 -0.078196 -0.966139
1642647836.195428 -0.847212 1.285892 0.321290 -0.227604 0.094239 -0.078431 -0.966004
1642647836.203761 -0.847727 1.285102 0.320974 -0.228020 0.094656 -0.078946 -0.965823
1642647836.212094 -0.848245 1.284311 0.320674 -0.228432 0.095109 -0.079374 -0.965646
1642647836.220428 -0.848756 1.283518 0.320376 -0.228953 0.095393 -0.079691 -0.965469
1642647836.228761 -0.849265 1.282727 0.320075 -0.229451 0.095800 -0.080123 -0.965275
1642647836.237094 -0.849773 1.281945 0.319781 -0.229946 0.096233 -0.080552 -0.965078
1642647836.245428 -0.850294 1.281169 0.319475 -0.230445 0.096657 -0.080941 -0.964884
1642647836.253761 -0.850819 1.280398 0.319161 -0.231010 0.096907 -0.081257 -0.964697
1642647836.262094 -0.851342 1.279640 0.318839 -0.231380 0.097344 -0.081678 -0.964529
1642647836.270427 -0.851868 1.278872 0.318507 -0.231781 0.097793 -0.082119 -0.964350
1642647836.278761 -0.852387 1.278112 0.318167 -0.232098 0.098267 -0.082522 -0.964191
1642647836.287094 -0.852915 1.277363 0.317822 -0.232397 0.098655 -0.082888 -0.964048
1642647836.295428 -0.853441 1.276638 0.317483 -0.232650 0.099143 -0.083369 -0.963895
1642647836.303761 -0.853964 1.275906 0.317118 -0.232921 0.099330 -0.083681 -0.963784
1642647836.312094 -0.854490 1.275183 0.316751 -0.233049 0.099684 -0.084040 -0.963685
1642647836.320428 -0.855025 1.274478 0.316399 -0.233115 0.100409 -0.084583 -0.963546
1642647836.328761 -0.855555 1.273774 0.316034 -0.233126 0.101013 -0.085043 -0.963440
1642647836.337094 -0.856089 1.273074 0.315656 -0.233137 0.101415 -0.085436 -0.963360
1642647836.345428 -0.856627 1.272387 0.315272 -0.233143 0.101879 -0.085802 -0.963277
1642647836.353761 -0.857166 1.271718 0.314882 -0.233086 0.102362 -0.086209 -0.963204
1642647836.362094 -0.857695 1.271045 0.314489 -0.232995 0.102896 -0.086589 -0.963135
1642647836.370428 -0.858220 1.270376 0.314092 -0.232931 0.103338 -0.086926 -0.963072
1642647836.378761 -0.858739 1.269705 0.313691 -0.232914 0.103427 -0.087068 -0.963054
1642647836.387094 -0.859274 1.269057 0.313301 -0.232767 0.104068 -0.087558 -0.962976
1642647836.395427 -0.859801 1.268409 0.312905 -0.232651 0.104713 -0.088039 -0.962891
1642647836.403761 -0.860323 1.267756 0.312513 -0.232583 0.105216 -0.088468 -0.962813
1642647836.412094 -0.860849 1.267117 0.312129 -0.232538 0.105676 -0.088843 -0.962739
1642647836.420428 -0.861378 1.266483 0.311734 -0.232535 0.106095 -0.089155 -0.962664
1642647836.428761 -0.861904 1.265849 0.311335 -0.232531 0.106661 -0.089593 -0.962562
1642647836.437094 -0.862425 1.265251 0.310920 -0.232407 0.107267 -0.090017 -0.962485
1642647836.445428 -0.862947 1.264624 0.310513 -0.232392 0.107727 -0.090415 -0.962400
1642647836.453761 -0.863470 1.263984 0.310098 -0.232445 0.108015 -0.090696 -0.962329
1642647836.462094 -0.864013 1.263364 0.309714 -0.232435 0.108673 -0.091252 -0.962204
1642647836.470428 -0.864554 1.262748 0.309327 -0.232489 0.109249 -0.091785 -0.962075
1642647836.478761 -0.865106 1.262161 0.308902 -0.232971 0.109658 -0.092171 -0.961875
1642647836.487094 -0.865646 1.261558 0.308494 -0.233231 0.110068 -0.092628 -0.961722
1642647836.495428 -0.866181 1.260952 0.308109 -0.233364 0.110439 -0.093100 -0.961601
1642647836.503761 -0.866708 1.260346 0.307723 -0.233512 0.110777 -0.093662 -0.961472
1642647836.512094 -0.867240 1.259748 0.307341 -0.233672 0.111038 -0.094187 -0.961352
1642647836.520427 -0.867778 1.259148 0.306967 -0.233835 0.111327 -0.094714 -0.961227
1642647836.528761 -0.868318 1.258558 0.306601 -0.233984 0.111522 -0.095195 -0.961120
1642647836.537094 -0.868860 1.257962 0.306233 -0.234171 0.111709 -0.095726 -0.961000
1642647836.545428 -0.869398 1.257367 0.305853 -0.234343 0.111679 -0.096101 -0.960925
1642647836.553761 -0.869944 1.256792 0.305491 -0.234458 0.111891 -0.096527 -0.960829
1642647836.562094 -0.870503 1.256232 0.305140 -0.234556 0.112410 -0.097159 -0.960681
1642647836.570428 -0.871056 1.255672 0.304776 -0.234612 0.112791 -0.097688 -0.960569
1642647836.578761 -0.871611 1.255116 0.304417 -0.234631 0.113232 -0.098076 -0.960473
1642647836.587094 -0.872163 1.254576 0.304068 -0.234724 0.113651 -0.098410 -0.960366
1642647836.595428 -0.872717 1.254045 0.303771 -0.234754 0.114834 -0.098985 -0.960159
1642647836.603761 -0.873271 1.253515 0.303440 -0.234771 0.115594 -0.099375 -0.960024
1642647836.612094 -0.873826 1.252995 0.303101 -0.234835 0.116036 -0.099578 -0.959933
1642647836.620428 -0.874388 1.252470 0.302777 -0.234918 0.116534 -0.099809 -0.959829
1642647836.628761 -0.874949 1.251944 0.302459 -0.235031 0.117060 -0.100061 -0.959711
1642647836.637094 -0.875514 1.251419 0.302144 -0.235118 0.117663 -0.100338 -0.959587
1642647836.645427 -0.876076 1.250911 0.301841 -0.235256 0.118286 -0.100537 -0.959456
1642647836.653761 -0.876633 1.250396 0.301555 -0.235527 0.118843 -0.100711 -0.959302
1642647836.662094 -0.877197 1.249893 0.301283 -0.235745 0.119430 -0.100968 -0.959149
1642647836.670428 -0.877756 1.249406 0.301021 -0.235976 0.119946 -0.101195 -0.959004
1642647836.678761 -0.878317 1.248922 0.300766 -0.236199 0.120465 -0.101448 -0.958857
1642647836.687094 -0.878869 1.248437 0.300530 -0.236471 0.120905 -0.101671 -0.958711
1642647836.695428 -0.879414 1.247945 0.300296 -0.236811 0.121239 -0.101956 -0.958554
1642647836.703761 -0.879955 1.247454 0.300072 -0.237108 0.121508 -0.102236 -0.958417
1642647836.712094 -0.880501 1.246983 0.299861 -0.237403 0.121718 -0.102513 -0.958288
1642647836.720428 -0.881044 1.246506 0.299647 -0.237644 0.121827 -0.102838 -0.958179
1642647836.728761 -0.881583 1.246024 0.299435 -0.237828 0.122016 -0.103200 -0.958071
1642647836.737094 -0.882113 1.245534 0.299220 -0.237985 0.122151 -0.103580 -0.957974
1642647836.745428 -0.882645 1.245049 0.299004 -0.238137 0.122205 -0.103945 -0.957889
1642647836.753761 -0.883176 1.244561 0.298796 -0.238258 0.122296 -0.104355 -0.957803
1642647836.762094 -0.883699 1.244069 0.298596 -0.238385 0.122373 -0.104755 -0.957718
1642647836.770427 -0.884227 1.243578 0.298395 -0.238508 0.122410 -0.105162 -0.957638
1642647836.778761 -0.884747 1.243088 0.298192 -0.238667 0.122419 -0.105596 -0.957550
1642647836.787094 -0.885271 1.242597 0.297992 -0.238736 0.122645 -0.106059 -0.957452
1642647836.795428 -0.885792 1.242112 0.297783 -0.238863 0.122837 -0.106516 -0.957345
1642647836.803761 -0.886313 1.241627 0.297568 -0.239022 0.123024 -0.106941 -0.957234
1642647836.812094 -0.886829 1.241150 0.297353 -0.239121 0.123230 -0.107338 -0.957139
1642647836.820428 -0.887333 1.240676 0.297141 -0.239275 0.123397 -0.107670 -0.957041
1642647836.828761 -0.887833 1.240195 0.296917 -0.239357 0.123620 -0.108091 -0.956944
1642647836.837094 -0.888326 1.239713 0.296691 -0.239415 0.123814 -0.108499 -0.956859
1642647836.845428 -0.888811 1.239226 0.296464 -0.239491 0.123936 -0.108897 -0.956779
1642647836.853761 -0.889289 1.238734 0.296247 -0.239526 0.123988 -0.109255 -0.956722
1642647836.862094 -0.889759 1.238219 0.296039 -0.239541 0.124082 -0.109645 -0.956662
1642647836.870428 -0.890221 1.237682 0.295835 -0.239708 0.123908 -0.109929 -0.956610
1642647836.878761 -0.890680 1.237148 0.295631 -0.239803 0.123899 -0.110385 -0.956535
1642647836.887094 -0.891146 1.236599 0.295446 -0.239968 0.123969 -0.110848 -0.956431
1642647836.895427 -0.891604 1.236042 0.295277 -0.240159 0.124091 -0.111310 -0.956313
1642647836.903761 -0.892058 1.235485 0.295121 -0.240385 0.124157 -0.111748 -0.956197
1642647836.912094 -0.892511 1.234918 0.294982 -0.240666 0.124208 -0.112161 -0.956071
1642647836.920428 -0.892950 1.234335 0.294852 -0.241054 0.124263 -0.112533 -0.955923
1642647836.928761 -0.893386 1.233737 0.294739 -0.241374 0.124464 -0.112959 -0.955765
1642647836.937094 -0.893815 1.233131 0.294642 -0.241780 0.124596 -0.113326 -0.955602
1642647836.945428 -0.894248 1.232531 0.294559 -0.242183 0.124840 -0.113812 -0.955411
1642647836.953761 -0.894684 1.231909 0.294478 -0.242584 0.125203 -0.114200 -0.955215
1642647836.962094 -0.895111 1.231270 0.294401 -0.242981 0.125527 -0.114530 -0.955032
1642647836.970428 -0.895530 1.230644 0.294327 -0.243432 0.125865 -0.114796 -0.954841
1642647836.978761 -0.895951 1.230012 0.294251 -0.243844 0.126257 -0.115081 -0.954650
1642647836.987094 -0.896362 1.229375 0.294173 -0.244255 0.126709 -0.115382 -0.954448
1642647836.995428 -0.896769 1.228738 0.294101 -0.244683 0.127205 -0.115607 -0.954246
1642647837.003761 -0.897176 1.228091 0.294032 -0.245060 0.127660 -0.115778 -0.954067
1642647837.012094 -0.897568 1.227444 0.293966 -0.245498 0.127936 -0.115790 -0.953916
1642647837.020427 -0.897963 1.226792 0.293904 -0.245927 0.128338 -0.115966 -0.953730
1642647837.028761 -0.898350 1.226140 0.293848 -0.246402 0.128760 -0.116193 -0.953523
1642647837.037094 -0.898739 1.225483 0.293809 -0.246930 0.129109 -0.116368 -0.953318
1642647837.045428 -0.899123 1.224820 0.293776 -0.247549 0.129406 -0.116568 -0.953093
1642647837.053761 -0.899493 1.224145 0.293718 -0.248107 0.129826 -0.116795 -0.952863
1642647837.062094 -0.899868 1.223457 0.293676 -0.248693 0.130294 -0.116954 -0.952626
1642647837.070428 -0.900268 1.222775 0.293679 -0.249512 0.130564 -0.117136 -0.952353
1642647837.078761 -0.900668 1.222090 0.293651 -0.250322 0.130769 -0.117300 -0.952092
1642647837.087094 -0.901064 1.221401 0.293604 -0.251104 0.131025 -0.117529 -0.951823
1642647837.095428 -0.901467 1.220730 0.293549 -0.251795 0.131620 -0.118058 -0.951493
1642647837.103761 -0.901862 1.220070 0.293478 -0.252525 0.131905 -0.118475 -0.951208
1642647837.112094 -0.902269 1.219416 0.293385 -0.253153 0.131918 -0.118872 -0.950989
1642647837.120428 -0.902665 1.218755 0.293282 -0.253833 0.131470 -0.119088 -0.950843
1642647837.128761 -0.903076 1.218115 0.293179 -0.254421 0.131085 -0.119486 -0.950689
1642647837.137094 -0.903484 1.217477 0.293078 -0.254938 0.130900 -0.120057 -0.950504
1642647837.145427 -0.903897 1.216850 0.292967 -0.255472 0.130594 -0.120656 -0.950327
1642647837.153761 -0.904321 1.216237 0.292848 -0.255988 0.130215 -0.121243 -0.950166
1642647837.162094 -0.904746 1.215622 0.292716 -0.256421 0.129985 -0.121834 -0.950005
1642647837.170428 -0.905181 1.215023 0.292590 -0.256877 0.129758 -0.122365 -0.949844
1642647837.178761 -0.905627 1.214430 0.292458 -0.257303 0.129588 -0.122804 -0.949695
1642647837.187094 -0.906091 1.213855 0.292341 -0.257832 0.129416 -0.123140 -0.949532
1642647837.195428 -0.906552 1.213298 0.292201 -0.258272 0.129524 -0.123476 -0.949354
1642647837.203761 -0.907006 1.212741 0.292033 -0.258640 0.129634 -0.123790 -0.949198
1642647837.212094 -0.907455 1.212201 0.291867 -0.258949 0.129823 -0.124038 -0.949055
1642647837.220428 -0.907906 1.211673 0.291693 -0.259185 0.130082 -0.124292 -0.948922
1642647837.228761 -0.908361 1.211151 0.291515 -0.259400 0.130282 -0.124534 -0.948804
1642647837.237094 -0.908803 1.210628 0.291331 -0.259619 0.130548 -0.124741 -0.948681
1642647837.245428 -0.909231 1.210077 0.291138 -0.259899 0.130577 -0.124878 -0.948582
1642647837.253761 -0.909667 1.209551 0.290944 -0.260157 0.130680 -0.125092 -0.948469
1642647837.262094 -0.910100 1.209033 0.290747 -0.260361 0.130832 -0.125351 -0.948358
1642647837.270427 -0.910547 1.208550 0.290557 -0.260499 0.131016 -0.125596 -0.948262
1642647837.278761 -0.910977 1.208060 0.290361 -0.260616 0.131248 -0.125791 -0.948172
1642647837.287094 -0.911396 1.207565 0.290154 -0.260771 0.131351 -0.125947 -0.948094
1642647837.295428 -0.911803 1.207072 0.289951 -0.260903 0.131441 -0.126163 -0.948017
1642647837.303761 -0.912201 1.206581 0.289746 -0.260916 0.131588 -0.126384 -0.947963
1642647837.312094 -0.912589 1.206108 0.289536 -0.260890 0.131609 -0.126616 -0.947937
1642647837.320428 -0.912967 1.205636 0.289326 -0.260842 0.131486 -0.126777 -0.947946
1642647837.328761 -0.913343 1.205177 0.289105 -0.260693 0.131451 -0.126952 -0.947968
1642647837.337094 -0.913696 1.204690 0.288866 -0.260631 0.131209 -0.127173 -0.947989
1642647837.345428 -0.914048 1.204233 0.288637 -0.260547 0.130914 -0.127381 -0.948025
1642647837.353761 -0.914395 1.203787 0.288415 -0.260448 0.130624 -0.127655 -0.948055
1642647837.362094 -0.914731 1.203343 0.288195 -0.260363 0.130188 -0.127892 -0.948106
1642647837.370428 -0.915077 1.202931 0.287993 -0.260181 0.129849 -0.128204 -0.948161
1642647837.378761 -0.915410 1.202487 0.287781 -0.259964 0.129550 -0.128523 -0.948218
1642647837.387094 -0.915741 1.202040 0.287571 -0.259771 0.129112 -0.128772 -0.948297
1642647837.395427 -0.916069 1.201595 0.287360 -0.259572 0.128792 -0.129108 -0.948349
1642647837.403761 -0.916390 1.201138 0.287147 -0.259380 0.128475 -0.129452 -0.948398
1642647837.412094 -0.916703 1.200676 0.286935 -0.259234 0.128090 -0.129751 -0.948449
1642647837.420428 -0.917016 1.200217 0.286717 -0.259074 0.127676 -0.130054 -0.948507
1642647837.428761 -0.917328 1.199748 0.286483 -0.258913 0.127264 -0.130432 -0.948554
1642647837.437094 -0.917624 1.199259 0.286239 -0.258781 0.126747 -0.130778 -0.948612
1642647837.445428 -0.917926 1.198820 0.285952 -0.258432 0.126587 -0.131223 -0.948667
1642647837.453761 -0.918228 1.198373 0.285689 -0.258184 0.126232 -0.131658 -0.948722
1642647837.462094 -0.918533 1.197927 0.285435 -0.257933 0.125776 -0.132066 -0.948794
1642647837.470428 -0.918853 1.197488 0.285210 -0.257772 0.125169 -0.132425 -0.948868
1642647837.478761 -0.919158 1.197039 0.284961 -0.257493 0.124728 -0.132878 -0.948938
1642647837.487094 -0.919463 1.196587 0.284682 -0.257139 0.124252 -0.133264 -0.949043
1642647837.495428 -0.919772 1.196136 0.284404 -0.256703 0.123891 -0.133680 -0.949149
1642647837.503761 -0.920079 1.195673 0.284122 -0.256349 0.123480 -0.134117 -0.949237
1642647837.512094 -0.920396 1.195207 0.283844 -0.255989 0.123181 -0.134510 -0.949317
1642647837.520427 -0.920722 1.194724 0.283569 -0.255712 0.122865 -0.134873 -0.949381
1642647837.528761 -0.921059 1.194236 0.283298 -0.255468 0.122793 -0.135237 -0.949405
1642647837.537094 -0.921387 1.193732 0.283019 -0.255300 0.122794 -0.135628 -0.949394
1642647837.545428 -0.921723 1.193212 0.282748 -0.255215 0.122822 -0.136002 -0.949359
1642647837.553761 -0.922058 1.192681 0.282492 -0.255195 0.122879 -0.136331 -0.949310
1642647837.562094 -0.922400 1.192135 0.282250 -0.255227 0.122875 -0.136630 -0.949259
1642647837.570428 -0.922746 1.191587 0.282010 -0.255211 0.122892 -0.136946 -0.949216
1642647837.578761 -0.923091 1.191034 0.281768 -0.255257 0.122898 -0.137277 -0.949155
1642647837.587094 -0.923438 1.190465 0.281529 -0.255280 0.123021 -0.137636 -0.949081
1642647837.595428 -0.923788 1.189887 0.281295 -0.255315 0.123139 -0.137954 -0.949010
1642647837.603761 -0.924143 1.189295 0.281068 -0.255346 0.123240 -0.138308 -0.948937
1642647837.612094 -0.924497 1.188694 0.280833 -0.255424 0.123310 -0.138643 -0.948858
1642647837.620428 -0.924864 1.188104 0.280621 -0.255537 0.123456 -0.138945 -0.948764
1642647837.628761 -0.925245 1.187508 0.280434 -0.255644 0.123578 -0.139221 -0.948679
1642647837.637094 -0.925625 1.186905 0.280250 -0.255826 0.123638 -0.139438 -0.948591
1642647837.645427 -0.926013 1.186287 0.280069 -0.256054 0.123915 -0.139710 -0.948453
1642647837.653761 -0.926409 1.185673 0.279907 -0.256443 0.124134 -0.139947 -0.948284
1642647837.662094 -0.926808 1.185040 0.279750 -0.256868 0.124470 -0.140216 -0.948085
1642647837.670428 -0.927214 1.184410 0.279606 -0.257295 0.124927 -0.140440 -0.947876
1642647837.678761 -0.927603 1.183770 0.279431 -0.257578 0.125558 -0.140668 -0.947682
1642647837.687094 -0.928008 1.183127 0.279283 -0.258012 0.126097 -0.140845 -0.947466
1642647837.695428 -0.928427 1.182485 0.279193 -0.258638 0.126337 -0.140975 -0.947244
1642647837.703761 -0.928843 1.181837 0.279075 -0.259178 0.126616 -0.141130 -0.947036
1642647837.712094 -0.929245 1.181184 0.278953 -0.259604 0.126942 -0.141406 -0.946835
1642647837.720428 -0.929647 1.180532 0.278830 -0.259928 0.127334 -0.141735 -0.946644
1642647837.728761 -0.930053 1.179886 0.278713 -0.260254 0.127563 -0.142025 -0.946480
1642647837.737094 -0.930439 1.179215 0.278597 -0.260633 0.127594 -0.142299 -0.946331
1642647837.745428 -0.930833 1.178552 0.278490 -0.260975 0.127703 -0.142659 -0.946167
1642647837.753761 -0.931243 1.177926 0.278393 -0.261347 0.127890 -0.143035 -0.945983
1642647837.762094 -0.931647 1.177293 0.278288 -0.261768 0.128138 -0.143457 -0.945769
1642647837.770427 -0.932042 1.176654 0.278192 -0.262226 0.128333 -0.143849 -0.945556
1642647837.778761 -0.932442 1.176013 0.278096 -0.262641 0.128604 -0.144247 -0.945343
1642647837.787094 -0.932846 1.175390 0.278011 -0.263007 0.128894 -0.144614 -0.945146
1642647837.795428 -0.933247 1.174777 0.277923 -0.263375 0.129216 -0.144979 -0.944943
1642647837.803761 -0.933635 1.174176 0.277811 -0.263684 0.129712 -0.145439 -0.944719
1642647837.812094 -0.934026 1.173590 0.277714 -0.264038 0.130092 -0.145839 -0.944506
1642647837.820428 -0.934429 1.173012 0.277650 -0.264540 0.130354 -0.146193 -0.944274
1642647837.828761 -0.934846 1.172503 0.277600 -0.264883 0.131220 -0.146962 -0.943939
1642647837.837094 -0.934878 1.171705 0.277487 -0.266145 0.131583 -0.151401 -0.942831
1642647837.845428 -0.935114 1.171083 0.277381 -0.266788 0.131916 -0.153253 -0.942304
1642647837.853761 -0.935490 1.170581 0.277291 -0.267031 0.132263 -0.153552 -0.942137
1642647837.862094 -0.935857 1.170091 0.277203 -0.267164 0.132633 -0.153879 -0.941994
1642647837.870428 -0.936198 1.169582 0.277105 -0.267387 0.132805 -0.154220 -0.941851
1642647837.878761 -0.936550 1.169110 0.277010 -0.267566 0.132949 -0.154561 -0.941724
1642647837.887094 -0.936909 1.168659 0.276917 -0.267616 0.133152 -0.154840 -0.941635
1642647837.895427 -0.937259 1.168239 0.276824 -0.267584 0.133309 -0.155129 -0.941574
1642647837.903761 -0.937623 1.167866 0.276737 -0.267472 0.133397 -0.155333 -0.941560
1642647837.912094 -0.937897 1.167262 0.276526 -0.267909 0.130467 -0.153324 -0.942176
1642647837.920428 -0.938199 1.166790 0.276385 -0.267919 0.129374 -0.152725 -0.942421
1642647837.928761 -0.938520 1.166412 0.276277 -0.267818 0.129315 -0.152918 -0.942426
1642647837.937094 -0.938839 1.166042 0.276168 -0.267695 0.129197 -0.153103 -0.942447
1642647837.945428 -0.939149 1.165679 0.276069 -0.267534 0.129177 -0.153295 -0.942465
1642647837.953761 -0.939454 1.165322 0.275963 -0.267371 0.128936 -0.153364 -0.942532
1642647837.962094 -0.939754 1.164963 0.275866 -0.267173 0.128697 -0.153574 -0.942587
1642647837.970428 -0.940050 1.164567 0.275769 -0.266993 0.128416 -0.153727 -0.942652
1642647837.978761 -0.940345 1.164185 0.275674 -0.266772 0.128158 -0.153861 -0.942728
1642647837.987094 -0.940639 1.163832 0.275595 -0.266589 0.127848 -0.153985 -0.942801
1642647837.995428 -0.940926 1.163472 0.275505 -0.266384 0.127563 -0.154123 -0.942875
1642647838.003761 -0.941208 1.163111 0.275411 -0.266147 0.127287 -0.154153 -0.942974
1642647838.012094 -0.941486 1.162766 0.275307 -0.265945 0.127067 -0.154188 -0.943055
1642647838.020427 -0.941751 1.162416 0.275201 -0.265721 0.126810 -0.154228 -0.943147
1642647838.028761 -0.942029 1.162095 0.275099 -0.265394 0.126515 -0.154111 -0.943297
1642647838.037094 -0.942286 1.161744 0.274992 -0.265072 0.126154 -0.154089 -0.943440
1642647838.045428 -0.942536 1.161389 0.274876 -0.264814 0.125607 -0.153980 -0.943603
1642647838.053761 -0.942773 1.161041 0.274760 -0.264487 0.125085 -0.153933 -0.943772
1642647838.062094 -0.942998 1.160677 0.274644 -0.264153 0.124508 -0.153881 -0.943950
1642647838.070428 -0.943217 1.160298 0.274536 -0.263780 0.123846 -0.153841 -0.944148
1642647838.078761 -0.943426 1.159913 0.274436 -0.263499 0.123121 -0.153807 -0.944327
1642647838.087094 -0.943624 1.159512 0.274344 -0.263189 0.122409 -0.153726 -0.944519
1642647838.095428 -0.943832 1.159163 0.274301 -0.262750 0.122874 -0.154467 -0.944460
1642647838.103761 -0.944012 1.158689 0.274169 -0.262571 0.121329 -0.153905 -0.944801
1642647838.112094 -0.944191 1.158256 0.274105 -0.262286 0.121177 -0.154404 -0.944818
1642647838.120428 -0.944363 1.157817 0.274029 -0.262070 0.120679 -0.154675 -0.944898
1642647838.128761 -0.944538 1.157380 0.273941 -0.261931 0.119826 -0.154555 -0.945064
1642647838.137094 -0.944701 1.156909 0.273852 -0.261790 0.119012 -0.154529 -0.945211
1642647838.145427 -0.944857 1.156421 0.273757 -0.261768 0.118154 -0.154451 -0.945337
1642647838.153761 -0.945256 1.155994 0.273673 -0.261383 0.117577 -0.151821 -0.945941
1642647838.162094 -0.945502 1.155510 0.273583 -0.261260 0.116912 -0.150784 -0.946224
1642647838.170428 -0.945658 1.154989 0.273481 -0.261239 0.116250 -0.150681 -0.946327
1642647838.178761 -0.945812 1.154431 0.273367 -0.261306 0.115598 -0.150581 -0.946404
1642647838.187094 -0.945726 1.153797 0.273257 -0.261743 0.114754 -0.152904 -0.946014
1642647838.195428 -0.946058 1.153344 0.273155 -0.261510 0.114496 -0.151115 -0.946397
1642647838.203761 -0.946317 1.152796 0.273016 -0.260985 0.114800 -0.150183 -0.946654
1642647838.212094 -0.946497 1.152212 0.272874 -0.260821 0.114733 -0.150082 -0.946723
1642647838.220428 -0.946680 1.151628 0.272746 -0.260769 0.114598 -0.149978 -0.946770
1642647838.228761 -0.946861 1.151041 0.272615 -0.260707 0.114530 -0.149874 -0.946812
1642647838.237094 -0.947051 1.150453 0.272483 -0.260615 0.114545 -0.149821 -0.946844
1642647838.245428 -0.947232 1.149851 0.272302 -0.260352 0.114919 -0.149898 -0.946859
1642647838.253761 -0.947437 1.149261 0.272206 -0.260360 0.114710 -0.149789 -0.946899
1642647838.262094 -0.947644 1.148655 0.272097 -0.260393 0.114509 -0.149743 -0.946921
1642647838.270427 -0.947847 1.148029 0.271961 -0.260444 0.114560 -0.149780 -0.946895
1642647838.278761 -0.948056 1.147401 0.271827 -0.260471 0.114712 -0.149858 -0.946857
1642647838.287094 -0.948278 1.146781 0.271693 -0.260475 0.114907 -0.149895 -0.946827
1642647838.295428 -0.948503 1.146151 0.271546 -0.260471 0.115192 -0.149980 -0.946780
1642647838.303761 -0.948726 1.145488 0.271401 -0.260536 0.115371 -0.150081 -0.946724
1642647838.312094 -0.948974 1.144868 0.271261 -0.260565 0.115705 -0.150211 -0.946655
1642647838.320428 -0.949223 1.144228 0.271122 -0.260604 0.116101 -0.150366 -0.946571
1642647838.328761 -0.949209 1.143479 0.270980 -0.261107 0.116172 -0.153129 -0.945980
1642647838.337094 -0.949362 1.142765 0.270845 -0.261342 0.116469 -0.154253 -0.945696
1642647838.345428 -0.949872 1.142174 0.270717 -0.261050 0.117190 -0.151845 -0.946078
1642647838.353761 -0.950216 1.141499 0.270572 -0.261032 0.117641 -0.151014 -0.946159
1642647838.362094 -0.950483 1.140801 0.270441 -0.261081 0.118137 -0.151253 -0.946046
1642647838.370428 -0.950522 1.140042 0.270326 -0.261492 0.118313 -0.153971 -0.945472
1642647838.378761 -0.950740 1.139346 0.270174 -0.261704 0.118241 -0.155156 -0.945228
1642647838.387094 -0.951034 1.138662 0.270046 -0.261745 0.118543 -0.155414 -0.945137
1642647838.395427 -0.951338 1.138018 0.269939 -0.261651 0.119447 -0.156155 -0.944927
1642647838.403761 -0.951626 1.137332 0.269825 -0.261607 0.120076 -0.156636 -0.944780
1642647838.412094 -0.951874 1.136534 0.269695 -0.261835 0.120025 -0.156464 -0.944752
1642647838.420428 -0.952158 1.135825 0.269578 -0.261912 0.120283 -0.156486 -0.944694
1642647838.428761 -0.952460 1.135133 0.269466 -0.261998 0.120642 -0.156667 -0.944594
1642647838.437094 -0.952753 1.134439 0.269350 -0.262091 0.120951 -0.156901 -0.944490
1642647838.445428 -0.953073 1.133815 0.269241 -0.262057 0.121790 -0.157629 -0.944270
1642647838.453761 -0.953351 1.133120 0.269134 -0.261713 0.122891 -0.158223 -0.944124
1642647838.462094 -0.953636 1.132441 0.269012 -0.261700 0.123420 -0.158529 -0.944007
1642647838.470428 -0.953936 1.131777 0.268909 -0.261842 0.123553 -0.158768 -0.943910
1642647838.478761 -0.954234 1.131127 0.268810 -0.261940 0.123530 -0.158889 -0.943866
1642647838.487094 -0.954535 1.130483 0.268711 -0.262082 0.123647 -0.159083 -0.943778
1642647838.495428 -0.954833 1.129835 0.268611 -0.262248 0.123757 -0.159352 -0.943672
1642647838.503761 -0.955126 1.129211 0.268513 -0.262402 0.123862 -0.159497 -0.943591
1642647838.512094 -0.955420 1.128594 0.268421 -0.262402 0.124128 -0.159710 -0.943520
1642647838.520427 -0.955708 1.127986 0.268301 -0.262408 0.124434 -0.159928 -0.943441
1642647838.528761 -0.955997 1.127384 0.268203 -0.262447 0.124441 -0.160023 -0.943413
1642647838.537094 -0.956283 1.126804 0.268096 -0.262468 0.124672 -0.160182 -0.943350
1642647838.545428 -0.956519 1.126034 0.267843 -0.262821 0.121728 -0.158162 -0.943977
1642647838.553761 -0.956784 1.125391 0.267664 -0.262866 0.120442 -0.157378 -0.944260
1642647838.562094 -0.957053 1.124836 0.267525 -0.262802 0.120265 -0.157469 -0.944285
1642647838.570428 -0.957330 1.124290 0.267388 -0.262764 0.120097 -0.157497 -0.944313
1642647838.578761 -0.957601 1.123746 0.267251 -0.262658 0.120011 -0.157588 -0.944338
1642647838.587094 -0.957866 1.123205 0.267090 -0.262569 0.120081 -0.157670 -0.944340
1642647838.595428 -0.958120 1.122650 0.266948 -0.262525 0.120026 -0.157655 -0.944362
1642647838.603761 -0.958373 1.122095 0.266834 -0.262607 0.119862 -0.157546 -0.944378
1642647838.612094 -0.958620 1.121560 0.266691 -0.262689 0.119883 -0.157463 -0.944367
1642647838.620428 -0.958864 1.121029 0.266536 -0.262705 0.119991 -0.157398 -0.944359
1642647838.628761 -0.959102 1.120489 0.266378 -0.262617 0.120096 -0.157279 -0.944390
1642647838.637094 -0.959340 1.119952 0.266210 -0.262572 0.120270 -0.157194 -0.944395
1642647838.645427 -0.959564 1.119422 0.266029 -0.262557 0.120349 -0.157197 -0.944388
1642647838.653761 -0.959775 1.118902 0.265826 -0.262458 0.120414 -0.157131 -0.944418
1642647838.662094 -0.959996 1.118389 0.265637 -0.262404 0.120459 -0.157098 -0.944433
1642647838.670428 -0.960228 1.117849 0.265473 -0.262340 0.120433 -0.157054 -0.944461
1642647838.678761 -0.960446 1.117306 0.265294 -0.262310 0.120490 -0.156994 -0.944473
1642647838.687094 -0.960663 1.116770 0.265103 -0.262262 0.120566 -0.156807 -0.944507
1642647838.695428 -0.960883 1.116219 0.264908 -0.262308 0.120728 -0.156637 -0.944502
1642647838.703761 -0.961098 1.115656 0.264711 -0.262425 0.120938 -0.156552 -0.944457
1642647838.712094 -0.961309 1.115081 0.264509 -0.262649 0.121082 -0.156489 -0.944387
1642647838.720428 -0.961525 1.114498 0.264314 -0.262847 0.121216 -0.156419 -0.944326
1642647838.728761 -0.961749 1.113907 0.264114 -0.262963 0.121380 -0.156425 -0.944272
1642647838.737094 -0.961977 1.113302 0.263926 -0.263141 0.121440 -0.156358 -0.944225
1642647838.745428 -0.962211 1.112695 0.263747 -0.263521 0.121460 -0.156314 -0.944124
1642647838.753761 -0.962461 1.112082 0.263566 -0.263834 0.121661 -0.156350 -0.944005
1642647838.762094 -0.962703 1.111467 0.263379 -0.264146 0.121933 -0.156423 -0.943870
1642647838.770427 -0.962952 1.110849 0.263200 -0.264456 0.122133 -0.156415 -0.943759
1642647838.778761 -0.963210 1.110220 0.263015 -0.264817 0.122394 -0.156383 -0.943629
1642647838.787094 -0.963456 1.109584 0.262815 -0.265143 0.122846 -0.156460 -0.943466
1642647838.795428 -0.963707 1.108954 0.262614 -0.265543 0.123237 -0.156543 -0.943289
1642647838.803761 -0.963973 1.108313 0.262445 -0.265928 0.123491 -0.156588 -0.943140
1642647838.812094 -0.964242 1.107663 0.262264 -0.266220 0.123731 -0.156620 -0.943020
1642647838.820428 -0.964510 1.106995 0.262075 -0.266630 0.123832 -0.156734 -0.942873
1642647838.828761 -0.964792 1.106323 0.261883 -0.267054 0.123955 -0.156915 -0.942706
1642647838.837094 -0.965095 1.105654 0.261689 -0.267400 0.124119 -0.157109 -0.942554
1642647838.845428 -0.965396 1.104971 0.261474 -0.267696 0.124407 -0.157443 -0.942377
1642647838.853761 -0.965711 1.104275 0.261296 -0.268036 0.124544 -0.157786 -0.942204
1642647838.862094 -0.966034 1.103574 0.261113 -0.268355 0.124674 -0.158116 -0.942041
1642647838.870428 -0.966359 1.102865 0.260928 -0.268703 0.124829 -0.158552 -0.941848
1642647838.878761 -0.966692 1.102157 0.260746 -0.269065 0.125060 -0.159014 -0.941636
1642647838.887094 -0.967046 1.101447 0.260570 -0.269376 0.125212 -0.159477 -0.941449
1642647838.895427 -0.967395 1.100742 0.260368 -0.269617 0.125699 -0.160117 -0.941206
1642647838.903761 -0.967745 1.100022 0.260179 -0.269997 0.126013 -0.160770 -0.940944
1642647838.912094 -0.968110 1.099310 0.260053 -0.270598 0.125945 -0.161242 -0.940699
1642647838.920428 -0.968481 1.098605 0.259919 -0.271095 0.126020 -0.161787 -0.940453
1642647838.928761 -0.968856 1.097900 0.259782 -0.271566 0.126354 -0.162354 -0.940175
1642647838.937094 -0.969230 1.097205 0.259650 -0.272100 0.126653 -0.162947 -0.939877
1642647838.945428 -0.969615 1.096531 0.259524 -0.272544 0.127061 -0.163566 -0.939586
1642647838.953761 -0.969986 1.095846 0.259392 -0.273100 0.127395 -0.164183 -0.939271
1642647838.962094 -0.970410 1.095323 0.259343 -0.273406 0.129995 -0.166269 -0.938459
1642647838.970428 -0.970779 1.094618 0.259159 -0.274041 0.129163 -0.165932 -0.938448
1642647838.978761 -0.971151 1.093947 0.258986 -0.274598 0.128661 -0.165921 -0.938356
1642647838.987094 -0.971534 1.093334 0.258849 -0.274956 0.128928 -0.166455 -0.938120
1642647838.995428 -0.971904 1.092729 0.258709 -0.275328 0.129169 -0.166996 -0.937882
1642647839.003761 -0.972273 1.092091 0.258588 -0.275595 0.129291 -0.167595 -0.937680
1642647839.012094 -0.972647 1.091484 0.258466 -0.275853 0.129424 -0.168221 -0.937473
1642647839.020427 -0.973028 1.090893 0.258333 -0.276103 0.129583 -0.168787 -0.937276
1642647839.028761 -0.973387 1.090302 0.258205 -0.276325 0.129776 -0.169487 -0.937058
1642647839.037094 -0.973789 1.089899 0.258166 -0.276197 0.132220 -0.171563 -0.936376
1642647839.045428 -0.974147 1.089392 0.258082 -0.276182 0.133250 -0.172705 -0.936024
1642647839.053761 -0.974411 1.088641 0.257900 -0.276717 0.130908 -0.171807 -0.936362
1642647839.062094 -0.974682 1.087994 0.257758 -0.277033 0.129901 -0.171764 -0.936417
1642647839.070428 -0.974952 1.087427 0.257656 -0.277126 0.129829 -0.172310 -0.936299
1642647839.078761 -0.975197 1.086861 0.257562 -0.277233 0.129729 -0.172864 -0.936178
1642647839.087094 -0.975436 1.086295 0.257479 -0.277319 0.129636 -0.173325 -0.936081
1642647839.095428 -0.975660 1.085721 0.257402 -0.277439 0.129623 -0.173738 -0.935970
1642647839.103761 -0.975857 1.085141 0.257338 -0.277589 0.129626 -0.174237 -0.935833
1642647839.112094 -0.976100 1.084568 0.257223 -0.278212 0.129676 -0.173943 -0.935696
1642647839.120428 -0.976223 1.083945 0.257199 -0.278217 0.129566 -0.174859 -0.935538
1642647839.128761 -0.976334 1.083320 0.257177 -0.278310 0.129550 -0.175608 -0.935373
1642647839.137094 -0.976460 1.082701 0.257146 -0.278586 0.129520 -0.175945 -0.935232
1642647839.145427 -0.976573 1.082066 0.257123 -0.278843 0.129530 -0.176283 -0.935090
1642647839.153761 -0.976785 1.081594 0.257143 -0.279263 0.131954 -0.177291 -0.934435
1642647839.162094 -0.976852 1.080861 0.257057 -0.279972 0.130776 -0.176567 -0.934525
1642647839.170428 -0.976892 1.080129 0.257017 -0.280450 0.129942 -0.176420 -0.934526
1642647839.178761 -0.976997 1.079589 0.257114 -0.280557 0.132158 -0.178108 -0.933863
1642647839.187094 -0.977063 1.078960 0.257165 -0.280837 0.133167 -0.178923 -0.933480
1642647839.195428 -0.977110 1.078278 0.257193 -0.281240 0.133400 -0.179216 -0.933268
1642647839.203761 -0.977141 1.077574 0.257214 -0.281682 0.133519 -0.179480 -0.933067
1642647839.212094 -0.977154 1.076853 0.257230 -0.282266 0.133655 -0.179769 -0.932816
1642647839.220428 -0.977158 1.076127 0.257256 -0.282773 0.133952 -0.180006 -0.932574
1642647839.228761 -0.977153 1.075419 0.257277 -0.283269 0.134181 -0.180150 -0.932363
1642647839.237094 -0.977131 1.074714 0.257280 -0.283746 0.134556 -0.180299 -0.932135
1642647839.245428 -0.977135 1.074046 0.257249 -0.284483 0.135042 -0.180015 -0.931895
1642647839.253761 -0.977164 1.073341 0.257262 -0.284826 0.135439 -0.179299 -0.931870
1642647839.262094 -0.977128 1.072625 0.257268 -0.285171 0.135726 -0.179076 -0.931766
1642647839.270427 -0.977040 1.071887 0.257257 -0.285678 0.135914 -0.179131 -0.931573
1642647839.278761 -0.976960 1.071184 0.257243 -0.286111 0.136328 -0.179196 -0.931367
1642647839.287094 -0.976856 1.070467 0.257215 -0.286618 0.136707 -0.179262 -0.931143
1642647839.295428 -0.976721 1.069723 0.257184 -0.287201 0.136892 -0.179324 -0.930924
1642647839.303761 -0.976577 1.069005 0.257146 -0.287740 0.137016 -0.179339 -0.930736
1642647839.312094 -0.976413 1.068299 0.257094 -0.288328 0.137125 -0.179365 -0.930533
1642647839.320428 -0.976231 1.067595 0.257039 -0.288866 0.137171 -0.179439 -0.930345
1642647839.328761 -0.975995 1.066901 0.256998 -0.289067 0.137851 -0.179498 -0.930171
1642647839.337094 -0.975687 1.066220 0.256914 -0.289672 0.138078 -0.180262 -0.929801
1642647839.345428 -0.975424 1.065549 0.256835 -0.290176 0.137951 -0.180613 -0.929595
1642647839.353761 -0.975244 1.064888 0.256787 -0.290077 0.137877 -0.180022 -0.929751
1642647839.362094 -0.975016 1.064246 0.256725 -0.290035 0.137708 -0.179775 -0.929837
1642647839.370428 -0.974742 1.063606 0.256647 -0.290112 0.137523 -0.179839 -0.929828
1642647839.378761 -0.974448 1.062971 0.256556 -0.290156 0.137394 -0.180069 -0.929789
1642647839.387094 -0.974151 1.062362 0.256475 -0.290078 0.137083 -0.180194 -0.929835
1642647839.395427 -0.973843 1.061762 0.256397 -0.289913 0.136734 -0.180295 -0.929918
1642647839.403761 -0.973530 1.061212 0.256293 -0.289633 0.136555 -0.180441 -0.930004
1642647839.412094 -0.973200 1.060645 0.256197 -0.289445 0.136190 -0.180594 -0.930086
1642647839.420428 -0.972859 1.060056 0.256134 -0.289351 0.135494 -0.180621 -0.930212
1642647839.428761 -0.972502 1.059503 0.256067 -0.289139 0.134972 -0.180699 -0.930338
1642647839.437094 -0.972108 1.058926 0.256005 -0.288858 0.134481 -0.181125 -0.930414
1642647839.445428 -0.971730 1.058411 0.255937 -0.288575 0.134037 -0.181346 -0.930523
1642647839.453761 -0.971385 1.057957 0.255880 -0.288261 0.133610 -0.181109 -0.930727
1642647839.462094 -0.970999 1.057431 0.255826 -0.287919 0.133173 -0.181078 -0.930902
1642647839.470428 -0.970606 1.056923 0.255793 -0.287566 0.132662 -0.181125 -0.931075
1642647839.478761 -0.970180 1.056378 0.255775 -0.287182 0.132236 -0.181514 -0.931178
1642647839.487094 -0.969691 1.055873 0.255766 -0.286925 0.131740 -0.182502 -0.931135
1642647839.495428 -0.969254 1.055409 0.255742 -0.286404 0.131638 -0.182911 -0.931229
1642647839.503761 -0.968833 1.054888 0.255781 -0.286168 0.131227 -0.182878 -0.931366
1642647839.512094 -0.968357 1.054220 0.255744 -0.286338 0.128811 -0.181398 -0.931940
1642647839.520427 -0.968026 1.053803 0.255865 -0.285977 0.130032 -0.181334 -0.931894
1642647839.528761 -0.967494 1.053216 0.255888 -0.286174 0.128780 -0.180812 -0.932109
1642647839.537094 -0.966971 1.052673 0.255945 -0.286332 0.127997 -0.180356 -0.932257
1642647839.545428 -0.966542 1.052382 0.256130 -0.285975 0.130458 -0.181479 -0.931807
1642647839.553761 -0.966069 1.052004 0.256289 -0.285919 0.131582 -0.181715 -0.931620
1642647839.562094 -0.965483 1.051539 0.256474 -0.285646 0.131720 -0.182144 -0.931601
1642647839.570428 -0.964933 1.051057 0.256654 -0.285661 0.131717 -0.182088 -0.931607
1642647839.578761 -0.964408 1.050603 0.256823 -0.285730 0.131886 -0.181719 -0.931634
1642647839.587094 -0.963883 1.050213 0.256990 -0.285815 0.132109 -0.181260 -0.931666
1642647839.595428 -0.963337 1.049803 0.257170 -0.285791 0.132341 -0.180837 -0.931723
1642647839.603761 -0.962771 1.049386 0.257346 -0.285886 0.132486 -0.180448 -0.931748
1642647839.612094 -0.962198 1.048988 0.257538 -0.285960 0.132405 -0.180038 -0.931817
1642647839.620428 -0.961608 1.048593 0.257737 -0.286001 0.132230 -0.179630 -0.931908
1642647839.628761 -0.960986 1.048170 0.257939 -0.286119 0.131804 -0.179347 -0.931986
1642647839.637094 -0.960376 1.047796 0.258146 -0.286106 0.131305 -0.179022 -0.932123
1642647839.645427 -0.959759 1.047428 0.258369 -0.286106 0.130648 -0.178703 -0.932277
1642647839.653761 -0.959138 1.047055 0.258597 -0.286160 0.129808 -0.178466 -0.932423
1642647839.662094 -0.958511 1.046684 0.258824 -0.286167 0.128906 -0.178213 -0.932594
1642647839.670428 -0.957861 1.046313 0.259010 -0.286062 0.128099 -0.178138 -0.932752
1642647839.678761 -0.957171 1.045752 0.259176 -0.286417 0.124727 -0.176536 -0.933404
1642647839.687094 -0.956514 1.045302 0.259390 -0.286515 0.122767 -0.175762 -0.933780
1642647839.695428 -0.955870 1.044943 0.259626 -0.286492 0.121800 -0.175686 -0.933928
1642647839.703761 -0.955228 1.044588 0.259857 -0.286564 0.120714 -0.175523 -0.934078
1642647839.712094 -0.954590 1.044238 0.260084 -0.286648 0.119699 -0.175297 -0.934225
1642647839.720428 -0.953990 1.044048 0.260411 -0.286406 0.120771 -0.176527 -0.933930
1642647839.728761 -0.953375 1.043820 0.260673 -0.286196 0.120824 -0.176893 -0.933918
1642647839.737094 -0.952684 1.043344 0.260821 -0.286537 0.117869 -0.175217 -0.934507
1642647839.745428 -0.952020 1.042955 0.261035 -0.286783 0.116116 -0.174526 -0.934780
1642647839.753761 -0.951380 1.042607 0.261299 -0.287016 0.115044 -0.174248 -0.934893
1642647839.762094 -0.950754 1.042283 0.261563 -0.287132 0.114123 -0.173966 -0.935023
1642647839.770427 -0.950155 1.042073 0.261844 -0.286912 0.115707 -0.175433 -0.934621
1642647839.778761 -0.949563 1.041882 0.262131 -0.286892 0.115942 -0.175803 -0.934529
1642647839.787094 -0.948972 1.041640 0.262428 -0.287015 0.115043 -0.175341 -0.934689
1642647839.795428 -0.948326 1.041184 0.262622 -0.287434 0.112290 -0.173575 -0.935224
1642647839.803761 -0.947700 1.040779 0.262833 -0.287650 0.111149 -0.172906 -0.935418
1642647839.812094 -0.947103 1.040473 0.263132 -0.287849 0.110376 -0.172523 -0.935519
1642647839.820428 -0.946500 1.040144 0.263422 -0.288081 0.109609 -0.172267 -0.935585
1642647839.828761 -0.945955 1.039971 0.263760 -0.288011 0.111216 -0.173631 -0.935165
1642647839.837094 -0.945386 1.039708 0.264081 -0.288098 0.111582 -0.174026 -0.935021
1642647839.845428 -0.945017 1.039441 0.264381 -0.287974 0.111177 -0.171605 -0.935555
1642647839.853761 -0.944541 1.039138 0.264664 -0.288052 0.110775 -0.170380 -0.935802
1642647839.862094 -0.943974 1.038836 0.264977 -0.288308 0.110079 -0.170007 -0.935873
1642647839.870428 -0.943370 1.038432 0.265220 -0.288525 0.109578 -0.169879 -0.935888
1642647839.878761 -0.942819 1.038139 0.265517 -0.288719 0.109079 -0.169634 -0.935932
1642647839.887094 -0.942276 1.037836 0.265814 -0.288913 0.108556 -0.169350 -0.935984
1642647839.895427 -0.941732 1.037529 0.266119 -0.289115 0.107943 -0.169086 -0.936040
1642647839.903761 -0.941186 1.037183 0.266383 -0.289244 0.107621 -0.169028 -0.936047
1642647839.912094 -0.940651 1.036837 0.266655 -0.289375 0.107187 -0.168853 -0.936088
1642647839.920428 -0.940106 1.036444 0.266896 -0.289590 0.106705 -0.168710 -0.936103
1642647839.928761 -0.939599 1.036163 0.267201 -0.289674 0.106232 -0.168486 -0.936171
1642647839.937094 -0.939099 1.035885 0.267502 -0.289729 0.105819 -0.168278 -0.936238
1642647839.945428 -0.938593 1.035577 0.267784 -0.289833 0.105401 -0.168059 -0.936293
1642647839.953761 -0.938096 1.035272 0.268064 -0.289836 0.105084 -0.167869 -0.936361
1642647839.962094 -0.937607 1.034961 0.268342 -0.289849 0.104841 -0.167706 -0.936414
1642647839.970428 -0.937118 1.034644 0.268619 -0.289866 0.104560 -0.167585 -0.936462
1642647839.978761 -0.936619 1.034316 0.268837 -0.289795 0.104481 -0.167553 -0.936498
1642647839.987094 -0.936166 1.034010 0.269146 -0.289896 0.103953 -0.167381 -0.936556
1642647839.995428 -0.935703 1.033689 0.269449 -0.290042 0.103531 -0.167263 -0.936579
1642647840.003761 -0.935232 1.033362 0.269733 -0.290114 0.103209 -0.167203 -0.936603
1642647840.012094 -0.934767 1.033030 0.270019 -0.290154 0.102906 -0.167173 -0.936629
1642647840.020427 -0.934303 1.032690 0.270303 -0.290223 0.102605 -0.167151 -0.936645
1642647840.028761 -0.933820 1.032349 0.270522 -0.290161 0.102597 -0.167219 -0.936653
1642647840.037094 -0.933341 1.031987 0.270803 -0.290354 0.102098 -0.167247 -0.936642
1642647840.045428 -0.932899 1.031727 0.271118 -0.290410 0.101618 -0.167212 -0.936684
1642647840.053761 -0.932454 1.031460 0.271406 -0.290425 0.101279 -0.167194 -0.936719
1642647840.062094 -0.931981 1.031161 0.271711 -0.290443 0.101558 -0.167357 -0.936654
1642647840.070428 -0.931523 1.030885 0.271985 -0.290362 0.101397 -0.167454 -0.936679
1642647840.078761 -0.931072 1.030622 0.272245 -0.290225 0.100940 -0.167482 -0.936766
1642647840.087094 -0.930594 1.030344 0.272436 -0.289890 0.100751 -0.167613 -0.936867
1642647840.095428 -0.930123 1.030070 0.272641 -0.289696 0.100403 -0.167723 -0.936944
1642647840.103761 -0.929679 1.029816 0.272933 -0.289683 0.099648 -0.167678 -0.937037
1642647840.112094 -0.929223 1.029556 0.273198 -0.289617 0.099050 -0.167668 -0.937122
1642647840.120428 -0.928753 1.029284 0.273430 -0.289471 0.098745 -0.167773 -0.937181
1642647840.128761 -0.928278 1.029002 0.273647 -0.289392 0.098251 -0.167829 -0.937247
1642647840.137094 -0.927804 1.028719 0.273866 -0.289248 0.097864 -0.167949 -0.937311
1642647840.145427 -0.927328 1.028436 0.274074 -0.289038 0.097524 -0.168124 -0.937380
1642647840.153761 -0.926835 1.028139 0.274224 -0.288772 0.097359 -0.168383 -0.937432
1642647840.162094 -0.926352 1.027846 0.274395 -0.288504 0.097186 -0.168642 -0.937486
1642647840.170428 -0.925894 1.027563 0.274622 -0.288378 0.096595 -0.168745 -0.937568
1642647840.178761 -0.925407 1.027261 0.274812 -0.288199 0.096073 -0.168954 -0.937639
1642647840.187094 -0.924915 1.026962 0.274977 -0.287984 0.095657 -0.169173 -0.937708
1642647840.195428 -0.924416 1.026657 0.275137 -0.287713 0.095377 -0.169452 -0.937769
1642647840.203761 -0.923905 1.026344 0.275291 -0.287479 0.095166 -0.169745 -0.937809
1642647840.212094 -0.923382 1.026039 0.275420 -0.287256 0.094826 -0.170001 -0.937866
1642647840.220428 -0.922848 1.025745 0.275570 -0.287072 0.094329 -0.170243 -0.937928
1642647840.228761 -0.922324 1.025444 0.275733 -0.286998 0.093816 -0.170364 -0.937980
1642647840.237094 -0.921785 1.025144 0.275885 -0.286810 0.093509 -0.170572 -0.938030
1642647840.245428 -0.921228 1.024848 0.276028 -0.286645 0.093142 -0.170784 -0.938079
1642647840.253761 -0.920663 1.024557 0.276166 -0.286453 0.092675 -0.170934 -0.938157
1642647840.262094 -0.920089 1.024266 0.276301 -0.286307 0.092107 -0.171036 -0.938238
1642647840.270427 -0.919501 1.023993 0.276436 -0.286151 0.091571 -0.171165 -0.938315
1642647840.278761 -0.918900 1.023716 0.276585 -0.286077 0.090948 -0.171270 -0.938379
1642647840.287094 -0.918287 1.023438 0.276739 -0.286048 0.090349 -0.171314 -0.938438
1642647840.295428 -0.917658 1.023164 0.276899 -0.286002 0.089692 -0.171286 -0.938520
1642647840.303761 -0.917023 1.022907 0.277074 -0.286012 0.089249 -0.171405 -0.938537
1642647840.312094 -0.916357 1.022665 0.277296 -0.286046 0.089444 -0.171716 -0.938452
1642647840.320428 -0.915695 1.022439 0.277502 -0.286155 0.089025 -0.171766 -0.938449
1642647840.328761 -0.914998 1.022193 0.277632 -0.286168 0.088307 -0.171625 -0.938539
1642647840.337094 -0.914325 1.021992 0.277841 -0.286258 0.087352 -0.171461 -0.938630
1642647840.345428 -0.913646 1.021827 0.278056 -0.286313 0.086432 -0.171318 -0.938725
1642647840.353761 -0.912944 1.021661 0.278252 -0.286392 0.085581 -0.171119 -0.938815
1642647840.362094 -0.912229 1.021518 0.278462 -0.286364 0.084678 -0.170913 -0.938943
1642647840.370428 -0.911503 1.021395 0.278677 -0.286369 0.083745 -0.170653 -0.939072
1642647840.378761 -0.910769 1.021284 0.278883 -0.286293 0.083007 -0.170352 -0.939216
1642647840.387094 -0.910039 1.021210 0.279102 -0.286414 0.082039 -0.169953 -0.939336
1642647840.395427 -0.909291 1.021163 0.279330 -0.286469 0.081086 -0.169579 -0.939470
1642647840.403761 -0.908540 1.021129 0.279568 -0.286450 0.080220 -0.169142 -0.939629
1642647840.412094 -0.907800 1.021119 0.279807 -0.286498 0.079352 -0.168739 -0.939760
1642647840.420428 -0.907043 1.021090 0.280030 -0.286372 0.078832 -0.168571 -0.939873
1642647840.428761 -0.906299 1.021104 0.280280 -0.286470 0.077837 -0.168103 -0.940009
1642647840.437094 -0.905549 1.021116 0.280516 -0.286483 0.077120 -0.167682 -0.940140
1642647840.445428 -0.904800 1.021130 0.280745 -0.286507 0.076368 -0.167266 -0.940268
1642647840.453761 -0.904058 1.021167 0.280990 -0.286710 0.075367 -0.166735 -0.940381
1642647840.462094 -0.903303 1.021195 0.281235 -0.286812 0.074538 -0.166238 -0.940504
1642647840.470428 -0.902557 1.021232 0.281468 -0.286846 0.073827 -0.165738 -0.940638
1642647840.478761 -0.901810 1.021237 0.281600 -0.287834 0.073256 -0.165314 -0.940456
1642647840.487094 -0.901047 1.021260 0.281779 -0.288140 0.072764 -0.165017 -0.940452
1642647840.495428 -0.900300 1.021318 0.282003 -0.288090 0.072091 -0.164601 -0.940592
1642647840.503761 -0.899555 1.021376 0.282225 -0.288145 0.071141 -0.163968 -0.940758
1642647840.512094 -0.898802 1.021451 0.282461 -0.288104 0.070262 -0.163471 -0.940923
1642647840.520427 -0.898044 1.021547 0.282696 -0.288096 0.069500 -0.163084 -0.941049
1642647840.528761 -0.897307 1.021658 0.282932 -0.288090 0.068827 -0.162744 -0.941160
1642647840.537094 -0.896571 1.021793 0.283184 -0.288194 0.067916 -0.162264 -0.941277
1642647840.545428 -0.895811 1.021913 0.283412 -0.288195 0.067109 -0.161890 -0.941399
1642647840.553761 -0.895052 1.022003 0.283623 -0.287941 0.066607 -0.161544 -0.941572
1642647840.562094 -0.894301 1.022106 0.283825 -0.287810 0.065943 -0.161173 -0.941722
1642647840.570428 -0.893532 1.022207 0.284020 -0.287724 0.065182 -0.160828 -0.941860
1642647840.578761 -0.892908 1.022596 0.284510 -0.284417 0.063995 -0.158933 -0.943267
1642647840.587094 -0.892208 1.022833 0.284836 -0.282878 0.063013 -0.157899 -0.943969
1642647840.595428 -0.891438 1.022950 0.285037 -0.282831 0.061803 -0.157490 -0.944131
1642647840.603761 -0.890655 1.023033 0.285210 -0.282466 0.061017 -0.157264 -0.944330
1642647840.612094 -0.889863 1.023097 0.285373 -0.282156 0.060206 -0.156943 -0.944528
1642647840.620428 -0.889080 1.023164 0.285543 -0.281865 0.059293 -0.156643 -0.944722
1642647840.628761 -0.888282 1.023229 0.285719 -0.281599 0.058391 -0.156453 -0.944889
1642647840.637094 -0.887483 1.023284 0.285884 -0.281410 0.057549 -0.156249 -0.945031
1642647840.645427 -0.886686 1.023342 0.286046 -0.281217 0.056655 -0.155981 -0.945186
1642647840.653761 -0.885867 1.023383 0.286208 -0.281039 0.055673 -0.155706 -0.945343
1642647840.662094 -0.885051 1.023409 0.286366 -0.280888 0.054807 -0.155423 -0.945485
1642647840.670428 -0.884233 1.023416 0.286523 -0.280745 0.054075 -0.155163 -0.945612
1642647840.678761 -0.883402 1.023412 0.286681 -0.280584 0.053311 -0.154963 -0.945736
1642647840.687094 -0.882684 1.023194 0.286784 -0.281316 0.052724 -0.153733 -0.945753
1642647840.695428 -0.881900 1.023043 0.286978 -0.281026 0.051988 -0.152964 -0.946004
1642647840.703761 -0.881044 1.022977 0.287193 -0.280368 0.051116 -0.152724 -0.946286
1642647840.712094 -0.880151 1.022908 0.287406 -0.279713 0.050243 -0.152851 -0.946506
1642647840.720428 -0.879270 1.022846 0.287598 -0.279320 0.049377 -0.152812 -0.946674
1642647840.728761 -0.878395 1.022781 0.287763 -0.279243 0.048621 -0.152594 -0.946771
1642647840.737094 -0.877507 1.022708 0.287911 -0.279312 0.047727 -0.152388 -0.946829
1642647840.745428 -0.876631 1.022630 0.288043 -0.279602 0.046711 -0.151985 -0.946859
1642647840.753761 -0.875584 1.022562 0.288244 -0.279201 0.045649 -0.153287 -0.946819
1642647840.762094 -0.874607 1.022469 0.288413 -0.278970 0.044654 -0.153820 -0.946848
1642647840.770427 -0.873716 1.022372 0.288571 -0.279035 0.043583 -0.153492 -0.946932
1642647840.778761 -0.872833 1.022288 0.288697 -0.279524 0.042662 -0.152996 -0.946910
1642647840.787094 -0.871936 1.022197 0.288852 -0.279857 0.041732 -0.152756 -0.946892
1642647840.795428 -0.871034 1.022089 0.289035 -0.280028 0.040552 -0.152552 -0.946926
1642647840.803761 -0.870118 1.021984 0.289224 -0.280093 0.039500 -0.152326 -0.946987
1642647840.812094 -0.869191 1.021874 0.289413 -0.280168 0.038412 -0.152108 -0.947045
1642647840.820428 -0.868273 1.021771 0.289603 -0.280280 0.037356 -0.151865 -0.947093
1642647840.828761 -0.867334 1.021679 0.289808 -0.280441 0.036209 -0.151560 -0.947139
1642647840.837094 -0.866401 1.021581 0.290010 -0.280565 0.035088 -0.151263 -0.947192
1642647840.845428 -0.865462 1.021485 0.290219 -0.280654 0.034036 -0.150946 -0.947254
1642647840.853761 -0.864516 1.021395 0.290433 -0.280820 0.032997 -0.150681 -0.947284
1642647840.862094 -0.863572 1.021312 0.290646 -0.281027 0.031909 -0.150389 -0.947306
1642647840.870428 -0.862627 1.021229 0.290860 -0.281154 0.030930 -0.150064 -0.947352
1642647840.878761 -0.861669 1.021151 0.291080 -0.281310 0.029911 -0.149752 -0.947388
1642647840.887094 -0.860707 1.021076 0.291300 -0.281490 0.028866 -0.149442 -0.947416
1642647840.895427 -0.859746 1.020998 0.291523 -0.281567 0.027831 -0.149159 -0.947469
1642647840.903761 -0.858779 1.020928 0.291735 -0.281662 0.026935 -0.148925 -0.947503
1642647840.912094 -0.857809 1.020876 0.291963 -0.281798 0.025770 -0.148594 -0.947547
1642647840.920428 -0.856842 1.020823 0.292194 -0.281928 0.024468 -0.148257 -0.947596
1642647840.928761 -0.855863 1.020786 0.292429 -0.282082 0.023305 -0.147948 -0.947628
1642647840.937094 -0.854863 1.020751 0.292661 -0.282210 0.022041 -0.147655 -0.947665
1642647840.945428 -0.853868 1.020765 0.292875 -0.282519 0.020742 -0.147367 -0.947648
1642647840.953761 -0.852865 1.020785 0.293102 -0.282662 0.019568 -0.147122 -0.947668
1642647840.962094 -0.851851 1.020799 0.293283 -0.283339 0.018312 -0.146920 -0.947522
1642647840.970428 -0.850834 1.020842 0.293498 -0.283770 0.016965 -0.146652 -0.947460
1642647840.978761 -0.849821 1.020893 0.293725 -0.283981 0.015602 -0.146245 -0.947483
1642647840.987094 -0.848800 1.020973 0.293956 -0.284016 0.014320 -0.145830 -0.947556
1642647840.995428 -0.847790 1.021073 0.294188 -0.284060 0.013019 -0.145351 -0.947636
1642647841.003761 -0.846775 1.021180 0.294411 -0.284089 0.011747 -0.144846 -0.947721
1642647841.012094 -0.845756 1.021306 0.294645 -0.283991 0.010520 -0.144402 -0.947833
1642647841.020427 -0.844733 1.021448 0.294883 -0.284004 0.009101 -0.143944 -0.947913
1642647841.028761 -0.843715 1.021572 0.295103 -0.283992 0.007799 -0.143465 -0.948001
1642647841.037094 -0.842703 1.021700 0.295333 -0.283887 0.006573 -0.143099 -0.948097
1642647841.045428 -0.841692 1.021825 0.295566 -0.283832 0.005382 -0.142759 -0.948172
1642647841.053761 -0.840679 1.021953 0.295801 -0.283760 0.004051 -0.142373 -0.948259
1642647841.062094 -0.839624 1.021994 0.295970 -0.282832 0.004490 -0.142729 -0.948480
1642647841.070428 -0.838593 1.022082 0.296177 -0.282537 0.003995 -0.142610 -0.948588
1642647841.078761 -0.837580 1.022206 0.296419 -0.282527 0.002935 -0.142319 -0.948639
1642647841.087094 -0.836563 1.022333 0.296657 -0.282534 0.001901 -0.141943 -0.948696
1642647841.095428 -0.835553 1.022454 0.296877 -0.282566 0.000830 -0.141542 -0.948747
1642647841.103761 -0.834538 1.022619 0.297174 -0.283075 -0.001129 -0.140718 -0.948718
1642647841.112094 -0.833519 1.022738 0.297388 -0.282932 -0.001899 -0.140413 -0.948805
1642647841.120428 -0.832526 1.022864 0.297572 -0.282689 -0.002611 -0.140217 -0.948904
1642647841.128761 -0.831541 1.023012 0.297779 -0.282627 -0.003750 -0.139933 -0.948961
1642647841.137094 -0.830561 1.023165 0.297979 -0.282587 -0.004950 -0.139576 -0.949020
1642647841.145427 -0.829586 1.023328 0.298181 -0.282441 -0.005955 -0.139399 -0.949084
1642647841.153761 -0.828626 1.023476 0.298338 -0.282275 -0.007848 -0.138904 -0.949192
1642647841.162094 -0.827724 1.023668 0.298550 -0.282674 -0.010740 -0.138119 -0.949159
1642647841.170428 -0.826773 1.023857 0.298754 -0.282820 -0.012548 -0.137724 -0.949151
1642647841.178761 -0.825790 1.024032 0.298934 -0.282730 -0.013723 -0.137524 -0.949190
1642647841.187094 -0.824812 1.024214 0.299111 -0.282629 -0.015000 -0.137253 -0.949241
1642647841.195428 -0.823833 1.024400 0.299293 -0.282474 -0.016277 -0.137051 -0.949295
1642647841.203761 -0.822854 1.024577 0.299463 -0.282390 -0.017546 -0.136790 -0.949335
1642647841.212094 -0.821878 1.024743 0.299633 -0.282320 -0.018854 -0.136621 -0.949355
1642647841.220428 -0.820896 1.024904 0.299797 -0.282172 -0.020053 -0.136493 -0.949393
1642647841.228761 -0.819924 1.025058 0.299940 -0.282128 -0.021239 -0.136329 -0.949404
1642647841.237094 -0.818953 1.025197 0.300082 -0.282086 -0.022402 -0.136191 -0.949409
1642647841.245428 -0.817985 1.025344 0.300227 -0.282073 -0.023625 -0.136106 -0.949396
1642647841.253761 -0.817018 1.025477 0.300362 -0.282062 -0.024908 -0.135897 -0.949396
1642647841.262094 -0.816044 1.025597 0.300487 -0.282015 -0.026130 -0.135812 -0.949389
1642647841.270427 -0.815075 1.025717 0.300615 -0.282009 -0.027311 -0.135702 -0.949373
1642647841.278761 -0.814113 1.025834 0.300738 -0.282000 -0.028428 -0.135543 -0.949366
1642647841.287094 -0.813154 1.025941 0.300860 -0.281971 -0.029552 -0.135470 -0.949351
1642647841.295428 -0.812194 1.026043 0.300979 -0.281987 -0.030825 -0.135299 -0.949330
1642647841.303761 -0.811238 1.026131 0.301087 -0.282023 -0.032063 -0.135116 -0.949304
1642647841.312094 -0.810287 1.026229 0.301199 -0.282015 -0.033280 -0.134984 -0.949284
1642647841.320428 -0.809347 1.026325 0.301313 -0.282047 -0.034369 -0.134823 -0.949258
1642647841.328761 -0.808408 1.026415 0.301408 -0.282155 -0.035410 -0.134663 -0.949211
1642647841.337094 -0.807468 1.026504 0.301507 -0.282144 -0.036407 -0.134607 -0.949184
1642647841.345428 -0.806535 1.026589 0.301610 -0.282090 -0.037467 -0.134560 -0.949166
1642647841.353761 -0.805615 1.026672 0.301704 -0.282144 -0.038556 -0.134435 -0.949124
1642647841.362094 -0.804697 1.026754 0.301800 -0.282121 -0.039744 -0.134388 -0.949088
1642647841.370428 -0.803764 1.026838 0.301887 -0.282100 -0.040945 -0.134345 -0.949050
1642647841.378761 -0.802842 1.026931 0.301969 -0.282165 -0.042131 -0.134330 -0.948980
1642647841.387094 -0.801912 1.027022 0.302051 -0.282264 -0.043424 -0.134345 -0.948890
1642647841.395427 -0.800998 1.027116 0.302135 -0.282321 -0.044655 -0.134344 -0.948816
1642647841.403761 -0.800088 1.027216 0.302217 -0.282369 -0.045959 -0.134299 -0.948746
1642647841.412094 -0.799172 1.027308 0.302292 -0.282448 -0.047182 -0.134231 -0.948672
1642647841.420428 -0.798253 1.027417 0.302368 -0.282453 -0.048326 -0.134243 -0.948611
1642647841.428761 -0.797343 1.027525 0.302428 -0.282468 -0.049486 -0.134093 -0.948569
1642647841.437094 -0.796430 1.027642 0.302491 -0.282449 -0.050694 -0.133893 -0.948539
1642647841.445428 -0.795524 1.027762 0.302541 -0.282367 -0.051803 -0.133751 -0.948523
1642647841.453761 -0.794621 1.027887 0.302576 -0.282344 -0.052936 -0.133599 -0.948489
1642647841.462094 -0.793684 1.028022 0.302665 -0.281826 -0.054184 -0.133721 -0.948555
1642647841.470428 -0.792772 1.028155 0.302709 -0.281512 -0.055258 -0.133712 -0.948588
1642647841.478761 -0.791884 1.028301 0.302720 -0.281450 -0.056301 -0.133515 -0.948573
1642647841.487094 -0.791009 1.028454 0.302728 -0.281404 -0.057399 -0.133250 -0.948558
1642647841.495428 -0.790129 1.028628 0.302741 -0.281292 -0.058493 -0.133046 -0.948553
1642647841.503761 -0.789247 1.028805 0.302744 -0.281121 -0.059501 -0.132847 -0.948569
1642647841.512094 -0.788383 1.028983 0.302738 -0.281015 -0.060517 -0.132586 -0.948572
1642647841.520427 -0.787510 1.029127 0.302697 -0.280498 -0.060836 -0.132655 -0.948695
1642647841.528761 -0.786640 1.029311 0.302675 -0.280127 -0.061704 -0.132479 -0.948774
1642647841.537094 -0.785800 1.029560 0.302686 -0.280301 -0.063574 -0.131904 -0.948678
1642647841.545428 -0.784964 1.029793 0.302671 -0.280399 -0.065077 -0.131501 -0.948604
1642647841.553761 -0.784121 1.030059 0.302672 -0.280582 -0.066596 -0.130967 -0.948518
1642647841.562094 -0.783295 1.030310 0.302658 -0.280495 -0.068097 -0.130638 -0.948482
1642647841.570428 -0.782479 1.030545 0.302628 -0.280295 -0.069573 -0.130386 -0.948469
1642647841.578761 -0.781651 1.030738 0.302555 -0.279739 -0.070157 -0.130398 -0.948589
1642647841.587094 -0.780837 1.030961 0.302501 -0.279380 -0.071016 -0.130177 -0.948661
1642647841.595428 -0.780038 1.031201 0.302458 -0.279120 -0.072055 -0.129894 -0.948698
1642647841.603761 -0.779237 1.031443 0.302408 -0.278886 -0.073116 -0.129641 -0.948720
1642647841.612094 -0.778463 1.031694 0.302351 -0.278704 -0.074159 -0.129337 -0.948734
1642647841.620428 -0.777679 1.031892 0.302252 -0.278422 -0.074960 -0.129083 -0.948789
1642647841.628761 -0.776911 1.032144 0.302182 -0.278145 -0.075963 -0.128676 -0.948846
1642647841.637094 -0.776156 1.032441 0.302119 -0.277902 -0.077006 -0.128222 -0.948894
1642647841.645427 -0.775413 1.032758 0.302053 -0.277618 -0.077913 -0.127766 -0.948965
1642647841.653761 -0.774686 1.033082 0.301993 -0.277300 -0.078601 -0.127333 -0.949059
1642647841.662094 -0.773970 1.033434 0.301921 -0.277012 -0.079314 -0.126873 -0.949146
1642647841.670428 -0.773259 1.033797 0.301846 -0.276736 -0.080022 -0.126446 -0.949224
1642647841.678761 -0.772537 1.034130 0.301744 -0.276089 -0.080126 -0.126321 -0.949420
1642647841.687094 -0.771853 1.034531 0.301681 -0.275949 -0.081264 -0.125679 -0.949449
1642647841.695428 -0.771171 1.034932 0.301613 -0.275800 -0.082337 -0.125088 -0.949478
1642647841.703761 -0.770480 1.035314 0.301518 -0.275567 -0.082967 -0.124747 -0.949535
1642647841.712094 -0.769813 1.035757 0.301453 -0.275288 -0.083731 -0.124379 -0.949597
1642647841.720428 -0.769134 1.036173 0.301369 -0.274889 -0.084547 -0.124008 -0.949689
1642647841.728761 -0.768438 1.036513 0.301212 -0.274524 -0.085365 -0.123675 -0.949765
1642647841.737094 -0.767762 1.036889 0.301080 -0.274207 -0.086298 -0.123318 -0.949819
1642647841.745428 -0.767095 1.037298 0.300972 -0.273908 -0.087345 -0.122972 -0.949854
1642647841.753761 -0.766424 1.037702 0.300867 -0.273504 -0.088449 -0.122653 -0.949910
1642647841.762094 -0.765758 1.038099 0.300768 -0.273070 -0.089482 -0.122356 -0.949976
1642647841.770427 -0.765098 1.038488 0.300664 -0.272654 -0.090538 -0.122094 -0.950029
1642647841.778761 -0.764436 1.038883 0.300564 -0.272230 -0.091568 -0.121783 -0.950092
1642647841.787094 -0.763779 1.039262 0.300457 -0.271836 -0.092574 -0.121492 -0.950145
1642647841.795428 -0.763116 1.039632 0.300349 -0.271465 -0.093510 -0.121177 -0.950199
1642647841.803761 -0.762453 1.040009 0.300250 -0.271046 -0.094502 -0.120962 -0.950248
1642647841.812094 -0.761783 1.040389 0.300155 -0.270602 -0.095412 -0.120741 -0.950312
1642647841.820428 -0.761113 1.040714 0.300028 -0.269945 -0.095615 -0.120729 -0.950480
1642647841.828761 -0.760465 1.041110 0.299948 -0.269762 -0.096870 -0.120186 -0.950474
1642647841.837094 -0.759817 1.041517 0.299864 -0.269500 -0.097977 -0.119740 -0.950491
1642647841.845428 -0.759165 1.041909 0.299758 -0.269015 -0.098755 -0.119471 -0.950581
1642647841.853761 -0.758493 1.042259 0.299617 -0.268267 -0.098868 -0.119469 -0.950781
1642647841.862094 -0.757826 1.042644 0.299493 -0.267647 -0.099426 -0.119294 -0.950920
1642647841.870428 -0.757181 1.043104 0.299401 -0.267536 -0.100919 -0.118715 -0.950866
1642647841.878761 -0.756507 1.043510 0.299258 -0.266910 -0.101465 -0.118525 -0.951008
1642647841.887094 -0.755829 1.043924 0.299122 -0.266296 -0.102169 -0.118342 -0.951127
1642647841.895427 -0.755158 1.044367 0.298996 -0.265810 -0.103228 -0.117984 -0.951194
1642647841.903761 -0.754488 1.044816 0.298875 -0.265314 -0.104303 -0.117615 -0.951260
1642647841.912094 -0.753837 1.045304 0.298779 -0.265092 -0.105971 -0.116990 -0.951215
1642647841.920428 -0.753164 1.045758 0.298637 -0.264278 -0.106629 -0.116793 -0.951392
1642647841.928761 -0.752501 1.046218 0.298492 -0.263528 -0.107321 -0.116549 -0.951552
1642647841.937094 -0.751843 1.046709 0.298351 -0.262885 -0.108376 -0.116135 -0.951661
1642647841.945428 -0.751188 1.047204 0.298212 -0.262227 -0.109405 -0.115753 -0.951772
1642647841.953761 -0.750542 1.047708 0.298054 -0.261644 -0.110278 -0.115328 -0.951883
1642647841.962094 -0.749888 1.048226 0.297896 -0.260957 -0.111090 -0.114941 -0.952024
1642647841.970428 -0.749237 1.048761 0.297731 -0.260194 -0.112081 -0.114519 -0.952167
1642647841.978761 -0.748607 1.049332 0.297585 -0.259745 -0.113734 -0.113737 -0.952188
1642647841.987094 -0.747957 1.049891 0.297422 -0.259116 -0.115043 -0.113147 -0.952272
1642647841.995428 -0.747288 1.050394 0.297216 -0.257998 -0.115332 -0.113042 -0.952553
1642647842.003761 -0.746633 1.050905 0.297032 -0.257070 -0.115971 -0.112759 -0.952760
1642647842.012094 -0.745990 1.051422 0.296872 -0.256303 -0.116914 -0.112313 -0.952904
1642647842.020427 -0.745351 1.051975 0.296746 -0.255842 -0.118577 -0.111553 -0.952911
1642647842.028761 -0.744684 1.052448 0.296559 -0.254937 -0.118997 -0.111256 -0.953137
1642647842.037094 -0.744017 1.052909 0.296373 -0.254181 -0.119502 -0.110858 -0.953322
1642647842.045428 -0.743350 1.053388 0.296199 -0.253536 -0.120300 -0.110353 -0.953451
1642647842.053761 -0.742689 1.053866 0.296028 -0.252917 -0.121196 -0.109818 -0.953564
1642647842.062094 -0.742052 1.054342 0.295814 -0.252259 -0.122898 -0.108985 -0.953616
1642647842.070428 -0.741397 1.054809 0.295608 -0.251545 -0.124175 -0.108274 -0.953720
1642647842.078761 -0.740728 1.055267 0.295422 -0.250844 -0.125149 -0.107729 -0.953839
1642647842.087094 -0.740060 1.055718 0.295228 -0.250118 -0.126134 -0.107172 -0.953963
1642647842.095428 -0.739391 1.056151 0.295035 -0.249429 -0.127067 -0.106560 -0.954088
1642647842.103761 -0.738719 1.056586 0.294847 -0.248754 -0.127966 -0.105995 -0.954207
1642647842.112094 -0.738042 1.057010 0.294655 -0.248087 -0.128952 -0.105439 -0.954310
1642647842.120428 -0.737366 1.057420 0.294464 -0.247421 -0.129991 -0.104793 -0.954413
1642647842.128761 -0.736692 1.057827 0.294273 -0.246797 -0.130949 -0.104093 -0.954520
1642647842.137094 -0.736017 1.058222 0.294081 -0.246160 -0.131835 -0.103468 -0.954630
1642647842.145427 -0.735334 1.058601 0.293887 -0.245464 -0.132866 -0.102793 -0.954740
1642647842.153761 -0.734663 1.058969 0.293694 -0.244818 -0.133906 -0.102118 -0.954833
1642647842.162094 -0.733983 1.059328 0.293505 -0.244243 -0.134863 -0.101538 -0.954907
1642647842.170428 -0.733299 1.059683 0.293332 -0.243670 -0.135840 -0.100960 -0.954976
1642647842.178761 -0.732626 1.060025 0.293157 -0.243142 -0.136779 -0.100371 -0.955039
1642647842.187094 -0.731944 1.060354 0.292988 -0.242649 -0.137799 -0.099689 -0.955089
1642647842.195428 -0.731259 1.060663 0.292826 -0.242181 -0.138782 -0.099065 -0.955130
1642647842.203761 -0.730578 1.060971 0.292670 -0.241776 -0.139751 -0.098465 -0.955154
1642647842.212094 -0.729896 1.061266 0.292521 -0.241359 -0.140586 -0.097956 -0.955189
1642647842.220428 -0.729202 1.061559 0.292387 -0.241004 -0.141522 -0.097385 -0.955199
1642647842.228761 -0.728511 1.061847 0.292248 -0.240676 -0.142525 -0.096715 -0.955201
1642647842.237094 -0.727810 1.062133 0.292109 -0.240383 -0.143550 -0.096073 -0.955185
1642647842.245428 -0.727104 1.062411 0.291968 -0.240131 -0.144564 -0.095479 -0.955156
1642647842.253761 -0.726397 1.062696 0.291832 -0.239767 -0.145466 -0.094972 -0.955161
1642647842.262094 -0.725697 1.062981 0.291708 -0.239349 -0.146361 -0.094357 -0.955190
1642647842.270427 -0.724994 1.063267 0.291573 -0.238963 -0.147227 -0.093820 -0.955206
1642647842.278761 -0.724291 1.063557 0.291441 -0.238596 -0.148281 -0.093268 -0.955189
1642647842.287094 -0.723588 1.063848 0.291294 -0.238133 -0.149364 -0.092677 -0.955193
1642647842.295428 -0.722842 1.064260 0.291277 -0.236120 -0.150765 -0.092235 -0.955516
1642647842.303761 -0.722120 1.064616 0.291202 -0.234815 -0.152012 -0.091807 -0.955681
1642647842.312094 -0.721460 1.064798 0.290931 -0.235884 -0.152740 -0.091227 -0.955357
1642647842.320428 -0.720731 1.065172 0.290851 -0.234413 -0.154110 -0.090793 -0.955540
1642647842.328761 -0.720002 1.065543 0.290762 -0.232949 -0.155397 -0.090452 -0.955722
1642647842.337094 -0.719301 1.065843 0.290604 -0.232412 -0.156481 -0.090005 -0.955718
1642647842.345428 -0.718575 1.066041 0.290388 -0.231791 -0.159134 -0.088297 -0.955590
1642647842.353761 -0.717887 1.066383 0.290280 -0.231360 -0.159318 -0.088564 -0.955639
1642647842.362094 -0.717196 1.066708 0.290163 -0.230990 -0.159600 -0.088686 -0.955671
1642647842.370428 -0.716496 1.066985 0.290010 -0.230497 -0.160606 -0.088167 -0.955669
1642647842.378761 -0.715788 1.067270 0.289861 -0.229892 -0.161633 -0.087674 -0.955687
1642647842.387094 -0.715088 1.067554 0.289703 -0.229382 -0.162557 -0.087220 -0.955694
1642647842.395427 -0.714390 1.067842 0.289545 -0.228862 -0.163513 -0.086749 -0.955699
1642647842.403761 -0.713696 1.068129 0.289376 -0.228363 -0.164425 -0.086303 -0.955702
1642647842.412094 -0.712999 1.068419 0.289198 -0.227843 -0.165394 -0.085855 -0.955699
1642647842.420428 -0.712301 1.068731 0.289027 -0.227228 -0.166420 -0.085360 -0.955712
1642647842.428761 -0.711585 1.068938 0.288772 -0.226576 -0.168913 -0.083643 -0.955581
1642647842.437094 -0.710922 1.069296 0.288618 -0.226041 -0.168947 -0.083884 -0.955681
1642647842.445428 -0.710260 1.069655 0.288458 -0.225538 -0.169188 -0.083994 -0.955747
1642647842.453761 -0.709574 1.069983 0.288273 -0.224856 -0.170143 -0.083595 -0.955774
1642647842.462094 -0.708912 1.070344 0.288112 -0.224458 -0.171835 -0.082824 -0.955631
1642647842.470428 -0.708231 1.070648 0.287909 -0.223605 -0.172383 -0.082595 -0.955753
1642647842.478761 -0.707569 1.070997 0.287729 -0.223160 -0.173682 -0.081975 -0.955675
1642647842.487094 -0.706897 1.071300 0.287501 -0.222437 -0.174146 -0.081806 -0.955773
1642647842.495428 -0.706226 1.071615 0.287287 -0.221694 -0.174736 -0.081530 -0.955862
1642647842.503761 -0.705557 1.071949 0.287092 -0.221000 -0.175658 -0.081084 -0.955892
1642647842.512094 -0.704898 1.072282 0.286899 -0.220358 -0.176664 -0.080600 -0.955895
1642647842.520427 -0.704215 1.072527 0.286636 -0.219585 -0.179251 -0.078846 -0.955738
1642647842.528761 -0.703575 1.072921 0.286476 -0.218990 -0.179303 -0.079098 -0.955844
1642647842.537094 -0.702938 1.073315 0.286314 -0.218429 -0.179415 -0.079248 -0.955939
1642647842.545428 -0.702274 1.073604 0.286080 -0.217905 -0.182552 -0.077156 -0.955636
1642647842.553761 -0.701604 1.073889 0.285834 -0.217122 -0.183807 -0.076337 -0.955639
1642647842.562094 -0.700946 1.074225 0.285636 -0.216394 -0.184321 -0.076109 -0.955723
1642647842.570428 -0.700334 1.074677 0.285532 -0.215925 -0.183550 -0.077020 -0.955905
1642647842.578761 -0.699722 1.075082 0.285390 -0.215424 -0.183571 -0.077255 -0.955995
1642647842.587094 -0.699092 1.075453 0.285225 -0.214738 -0.184460 -0.076822 -0.956013
1642647842.595428 -0.698424 1.075738 0.284994 -0.213895 -0.186995 -0.075067 -0.955849
1642647842.603761 -0.697783 1.076091 0.284801 -0.213083 -0.188468 -0.074065 -0.955819
1642647842.612094 -0.697190 1.076589 0.284711 -0.212606 -0.187571 -0.075052 -0.956025
1642647842.620428 -0.696581 1.077049 0.284594 -0.212097 -0.187571 -0.075293 -0.956119
1642647842.628761 -0.695927 1.077368 0.284382 -0.211254 -0.190016 -0.073580 -0.955956
1642647842.637094 -0.695324 1.077836 0.284279 -0.210673 -0.189991 -0.073907 -0.956064
1642647842.645427 -0.694725 1.078314 0.284184 -0.210079 -0.190179 -0.074143 -0.956139
1642647842.653761 -0.694105 1.078754 0.284058 -0.209407 -0.191084 -0.073785 -0.956134
1642647842.662094 -0.693493 1.079201 0.283947 -0.208740 -0.191983 -0.073422 -0.956127
1642647842.670428 -0.692877 1.079665 0.283846 -0.208035 -0.192868 -0.073049 -0.956131
1642647842.678761 -0.692259 1.080130 0.283738 -0.207367 -0.193657 -0.072758 -0.956139
1642647842.687094 -0.691613 1.080513 0.283568 -0.206461 -0.196168 -0.071047 -0.955952
1642647842.695428 -0.691025 1.081091 0.283542 -0.206044 -0.196942 -0.070932 -0.955891
1642647842.703761 -0.690402 1.081550 0.283427 -0.205428 -0.198941 -0.069662 -0.955703
1642647842.712094 -0.689751 1.081962 0.283283 -0.204312 -0.199901 -0.069003 -0.955790
1642647842.720428 -0.689129 1.082417 0.283194 -0.205347 -0.199391 -0.070542 -0.955563
1642647842.728761 -0.688484 1.082857 0.283101 -0.205275 -0.198955 -0.071420 -0.955604
1642647842.737094 -0.687840 1.083329 0.283035 -0.204472 -0.199338 -0.071335 -0.955702
1642647842.745428 -0.687195 1.083808 0.283000 -0.203874 -0.200229 -0.070924 -0.955674
1642647842.753761 -0.686566 1.084312 0.283002 -0.203685 -0.201748 -0.070093 -0.955457
1642647842.762094 -0.685863 1.084656 0.282906 -0.202898 -0.203700 -0.068515 -0.955324
1642647842.770427 -0.685210 1.084952 0.282815 -0.202948 -0.204839 -0.067273 -0.955158
1642647842.778761 -0.684580 1.085450 0.282867 -0.203092 -0.204040 -0.068125 -0.955238
1642647842.787094 -0.683914 1.085919 0.282906 -0.202899 -0.204022 -0.068414 -0.955263
1642647842.795428 -0.683204 1.086228 0.282863 -0.202383 -0.206424 -0.066519 -0.954990
1642647842.803761 -0.682556 1.086727 0.282954 -0.202524 -0.207341 -0.066265 -0.954779
1642647842.812094 -0.681879 1.087150 0.282999 -0.202256 -0.207072 -0.066760 -0.954860
1642647842.820428 -0.681149 1.087819 0.283235 -0.198932 -0.207928 -0.066160 -0.955414
1642647842.828761 -0.680419 1.088252 0.283319 -0.197060 -0.210415 -0.064198 -0.955391
1642647842.837094 -0.679744 1.088692 0.283413 -0.196780 -0.210258 -0.064532 -0.955461
1642647842.845428 -0.679057 1.089123 0.283506 -0.196485 -0.210151 -0.064830 -0.955525
1642647842.853761 -0.678358 1.089517 0.283558 -0.196078 -0.210902 -0.064402 -0.955472
1642647842.862094 -0.677674 1.089914 0.283592 -0.195738 -0.211595 -0.063945 -0.955419
1642647842.870428 -0.676987 1.090315 0.283620 -0.195355 -0.212192 -0.063515 -0.955394
1642647842.878761 -0.676271 1.090626 0.283563 -0.194806 -0.214429 -0.061663 -0.955127
1642647842.887094 -0.675590 1.091039 0.283565 -0.194574 -0.216598 -0.060138 -0.954783
1642647842.895427 -0.674942 1.091572 0.283652 -0.194328 -0.216064 -0.060900 -0.954905
1642647842.903761 -0.674266 1.091996 0.283651 -0.193610 -0.215242 -0.061583 -0.955193
1642647842.912094 -0.673587 1.092400 0.283612 -0.192901 -0.215680 -0.061357 -0.955252
1642647842.920428 -0.672913 1.092828 0.283579 -0.192336 -0.216401 -0.060928 -0.955230
1642647842.928761 -0.672246 1.093254 0.283532 -0.191850 -0.217080 -0.060489 -0.955202
1642647842.937094 -0.671553 1.093586 0.283401 -0.191167 -0.219372 -0.058756 -0.954924
1642647842.945428 -0.670899 1.094059 0.283370 -0.190747 -0.219336 -0.059179 -0.954990
1642647842.953761 -0.670222 1.094433 0.283257 -0.190101 -0.220953 -0.058110 -0.954811
1642647842.962094 -0.669548 1.094812 0.283133 -0.189408 -0.222461 -0.057188 -0.954654
1642647842.970428 -0.668882 1.095247 0.283026 -0.188774 -0.223306 -0.056992 -0.954594
1642647842.978761 -0.668218 1.095681 0.282903 -0.188174 -0.224275 -0.056709 -0.954503
1642647842.987094 -0.667588 1.096283 0.282896 -0.188382 -0.225006 -0.056900 -0.954278
1642647842.995428 -0.666946 1.096802 0.282806 -0.188101 -0.225893 -0.056840 -0.954128
1642647843.003761 -0.666288 1.097231 0.282651 -0.187498 -0.226831 -0.056502 -0.954044
1642647843.012094 -0.665590 1.097571 0.282423 -0.186680 -0.229213 -0.054873 -0.953730
1642647843.020427 -0.664900 1.097952 0.282225 -0.185953 -0.230878 -0.053892 -0.953526
1642647843.028761 -0.664224 1.098391 0.282058 -0.185318 -0.231843 -0.053569 -0.953434
1642647843.037094 -0.663539 1.098831 0.281892 -0.184537 -0.232786 -0.053267 -0.953373
1642647843.045428 -0.662837 1.099249 0.281715 -0.183877 -0.233668 -0.052952 -0.953302
1642647843.053761 -0.662131 1.099660 0.281545 -0.183308 -0.234656 -0.052538 -0.953192
1642647843.062094 -0.661432 1.100073 0.281366 -0.182770 -0.235593 -0.052159 -0.953085
1642647843.070428 -0.660729 1.100482 0.281187 -0.182220 -0.236499 -0.051701 -0.952991
1642647843.078761 -0.660018 1.100892 0.281016 -0.181665 -0.237385 -0.051163 -0.952905
1642647843.087094 -0.659288 1.101269 0.280839 -0.181066 -0.237873 -0.050783 -0.952918
1642647843.095428 -0.658574 1.101659 0.280678 -0.180469 -0.238414 -0.050319 -0.952921
1642647843.103761 -0.657867 1.102055 0.280525 -0.179940 -0.238916 -0.049771 -0.952924
1642647843.112094 -0.657130 1.102400 0.280332 -0.179108 -0.238625 -0.049699 -0.953157
1642647843.120428 -0.656439 1.102855 0.280228 -0.178724 -0.239319 -0.049132 -0.953085
1642647843.128761 -0.655720 1.103211 0.280057 -0.178363 -0.240277 -0.048208 -0.952958
1642647843.137094 -0.654978 1.103509 0.279845 -0.177647 -0.240181 -0.047849 -0.953134
1642647843.145427 -0.654288 1.103946 0.279741 -0.177333 -0.240824 -0.047218 -0.953062
1642647843.153761 -0.653550 1.104256 0.279556 -0.176780 -0.241152 -0.046666 -0.953109
1642647843.162094 -0.652813 1.104550 0.279364 -0.176293 -0.241370 -0.046168 -0.953168
1642647843.170428 -0.652104 1.104917 0.279232 -0.176239 -0.242555 -0.045150 -0.952926
1642647843.178761 -0.651394 1.105264 0.279101 -0.176092 -0.243386 -0.044338 -0.952780
1642647843.187094 -0.650683 1.105592 0.278962 -0.175806 -0.243894 -0.043811 -0.952727
1642647843.195428 -0.649966 1.105920 0.278815 -0.175455 -0.244285 -0.043348 -0.952713
1642647843.203761 -0.649239 1.106212 0.278630 -0.174843 -0.244021 -0.043194 -0.952900
1642647843.212094 -0.648546 1.106554 0.278486 -0.174663 -0.244967 -0.042357 -0.952728
1642647843.220428 -0.647816 1.106804 0.278281 -0.174607 -0.245206 -0.042288 -0.952679
1642647843.228761 -0.647111 1.107107 0.278119 -0.174617 -0.246197 -0.041616 -0.952452
1642647843.237094 -0.646448 1.107489 0.278022 -0.174455 -0.247060 -0.040957 -0.952286
1642647843.245428 -0.645753 1.107763 0.277844 -0.174131 -0.247756 -0.040424 -0.952188
1642647843.253761 -0.645049 1.108058 0.277690 -0.173498 -0.247541 -0.040502 -0.952356
1642647843.262094 -0.644356 1.108342 0.277535 -0.173331 -0.248602 -0.039845 -0.952138
1642647843.270427 -0.643653 1.108585 0.277356 -0.172911 -0.249027 -0.039587 -0.952114
1642647843.278761 -0.642976 1.108900 0.277228 -0.172740 -0.250086 -0.039005 -0.951891
1642647843.287094 -0.642397 1.109211 0.277115 -0.173152 -0.250783 -0.038037 -0.951672
1642647843.295428 -0.641746 1.109405 0.276907 -0.172951 -0.250786 -0.037749 -0.951719
1642647843.303761 -0.641096 1.109697 0.276770 -0.172497 -0.250952 -0.037819 -0.951755
1642647843.312094 -0.640458 1.109992 0.276632 -0.172509 -0.252491 -0.036939 -0.951380
1642647843.320428 -0.639795 1.110223 0.276463 -0.172072 -0.252921 -0.036803 -0.951350
1642647843.328761 -0.639135 1.110506 0.276334 -0.171850 -0.253088 -0.037332 -0.951326
1642647843.337094 -0.638513 1.110838 0.276243 -0.171973 -0.254454 -0.036965 -0.950953
1642647843.345428 -0.637894 1.111119 0.276113 -0.171540 -0.255619 -0.036185 -0.950749
1642647843.353761 -0.637269 1.111402 0.275998 -0.170811 -0.255430 -0.036438 -0.950921
1642647843.362094 -0.636644 1.111677 0.275897 -0.170378 -0.255619 -0.036591 -0.950942
1642647843.370428 -0.635923 1.112137 0.275950 -0.167760 -0.257777 -0.036062 -0.950846
1642647843.378761 -0.635227 1.112456 0.275907 -0.165991 -0.258395 -0.036195 -0.950983
1642647843.387094 -0.634587 1.112694 0.275819 -0.165494 -0.258582 -0.036320 -0.951014
1642647843.395427 -0.633947 1.112955 0.275753 -0.165184 -0.259064 -0.036344 -0.950936
1642647843.403761 -0.633324 1.113241 0.275714 -0.165170 -0.260286 -0.035914 -0.950621
1642647843.412094 -0.632676 1.113463 0.275645 -0.164780 -0.260451 -0.036129 -0.950636
1642647843.420428 -0.632112 1.113432 0.275381 -0.167440 -0.260079 -0.036456 -0.950260
1642647843.428761 -0.631462 1.113861 0.275473 -0.165722 -0.260688 -0.036591 -0.950389
1642647843.437094 -0.630791 1.114249 0.275543 -0.164192 -0.262445 -0.035936 -0.950196
1642647843.445428 -0.630148 1.114479 0.275502 -0.164039 -0.263507 -0.035557 -0.949943
1642647843.453761 -0.629522 1.114779 0.275523 -0.163729 -0.263773 -0.035838 -0.949912
1642647843.462094 -0.628870 1.115012 0.275503 -0.163182 -0.263434 -0.036495 -0.950075
1642647843.470428 -0.628190 1.115175 0.275430 -0.162825 -0.263763 -0.036560 -0.950042
1642647843.478761 -0.627518 1.115381 0.275401 -0.162559 -0.264364 -0.036561 -0.949921
1642647843.487094 -0.626852 1.115611 0.275399 -0.162306 -0.264869 -0.036703 -0.949818
1642647843.495428 -0.626187 1.115849 0.275396 -0.162080 -0.265424 -0.036736 -0.949700
1642647843.503761 -0.625548 1.116184 0.275470 -0.162075 -0.266561 -0.036523 -0.949391
1642647843.512094 -0.624867 1.116442 0.275491 -0.161637 -0.266607 -0.036916 -0.949437
1642647843.520427 -0.624147 1.116625 0.275457 -0.161171 -0.267036 -0.036952 -0.949395
1642647843.528761 -0.623455 1.116911 0.275498 -0.160848 -0.267468 -0.037097 -0.949322
1642647843.537094 -0.622770 1.117196 0.275524 -0.160636 -0.267996 -0.037139 -0.949208
1642647843.545428 -0.622060 1.117466 0.275528 -0.160397 -0.268721 -0.037090 -0.949045
1642647843.553761 -0.621344 1.117748 0.275532 -0.160064 -0.269330 -0.037137 -0.948927
1642647843.562094 -0.620628 1.118025 0.275528 -0.159696 -0.270011 -0.037069 -0.948798
1642647843.570428 -0.619901 1.118310 0.275520 -0.159383 -0.270735 -0.037009 -0.948647
1642647843.578761 -0.619155 1.118524 0.275446 -0.159939 -0.271377 -0.037286 -0.948359
1642647843.587094 -0.618433 1.118865 0.275458 -0.159083 -0.272141 -0.037028 -0.948294
1642647843.595428 -0.617722 1.119249 0.275498 -0.158487 -0.273674 -0.036366 -0.947978
1642647843.603761 -0.616993 1.119582 0.275481 -0.158235 -0.274766 -0.036037 -0.947717
1642647843.612094 -0.616241 1.119906 0.275448 -0.157786 -0.275499 -0.035927 -0.947583
1642647843.620428 -0.615460 1.120197 0.275386 -0.157040 -0.275452 -0.036227 -0.947709
1642647843.628761 -0.614684 1.120504 0.275330 -0.156430 -0.275829 -0.036226 -0.947700
1642647843.637094 -0.613921 1.120847 0.275293 -0.155990 -0.276496 -0.036060 -0.947585
1642647843.645427 -0.613174 1.121225 0.275270 -0.155854 -0.277834 -0.035422 -0.947240
1642647843.653761 -0.612405 1.121593 0.275236 -0.155572 -0.278872 -0.034942 -0.946999
1642647843.662094 -0.611625 1.121940 0.275185 -0.155126 -0.279514 -0.034615 -0.946895
1642647843.670428 -0.610831 1.122245 0.275104 -0.154371 -0.279377 -0.034708 -0.947055
1642647843.678761 -0.610056 1.122622 0.275057 -0.154039 -0.280259 -0.034218 -0.946866
1642647843.687094 -0.609284 1.122995 0.274996 -0.153704 -0.281247 -0.033604 -0.946650
1642647843.695428 -0.608487 1.123307 0.274890 -0.152953 -0.281101 -0.033657 -0.946813
1642647843.703761 -0.607710 1.123672 0.274819 -0.152604 -0.282046 -0.033089 -0.946608
1642647843.712094 -0.606916 1.124004 0.274718 -0.152013 -0.282340 -0.032861 -0.946624
1642647843.720428 -0.606145 1.124369 0.274637 -0.151653 -0.283404 -0.032256 -0.946384
1642647843.728761 -0.605360 1.124698 0.274527 -0.151020 -0.283731 -0.032078 -0.946393
1642647843.737094 -0.604574 1.125035 0.274417 -0.150322 -0.283975 -0.031906 -0.946437
1642647843.745428 -0.603837 1.125443 0.274337 -0.150043 -0.285200 -0.031250 -0.946135
1642647843.753761 -0.603070 1.125783 0.274210 -0.149445 -0.285306 -0.031161 -0.946201
1642647843.762094 -0.602296 1.126123 0.274087 -0.148842 -0.285587 -0.030957 -0.946218
1642647843.770427 -0.601537 1.126478 0.273966 -0.148342 -0.286155 -0.030569 -0.946137
1642647843.778761 -0.600781 1.126829 0.273848 -0.147925 -0.286669 -0.030152 -0.946060
1642647843.787094 -0.600027 1.127185 0.273754 -0.147816 -0.288089 -0.029147 -0.945677
1642647843.795428 -0.599285 1.127529 0.273654 -0.147532 -0.289021 -0.028452 -0.945459
1642647843.803761 -0.598516 1.127773 0.273483 -0.147987 -0.289454 -0.028358 -0.945258
1642647843.812094 -0.597753 1.128094 0.273374 -0.146912 -0.289375 -0.028182 -0.945455
1642647843.820428 -0.597011 1.128466 0.273309 -0.146203 -0.290352 -0.027308 -0.945291
1642647843.828761 -0.596263 1.128778 0.273209 -0.146038 -0.291431 -0.026587 -0.945005
1642647843.837094 -0.595511 1.129059 0.273104 -0.145776 -0.292125 -0.026190 -0.944842
1642647843.845428 -0.594758 1.129330 0.273013 -0.145572 -0.292732 -0.025801 -0.944696
1642647843.853761 -0.594011 1.129583 0.272923 -0.145364 -0.293315 -0.025363 -0.944559
1642647843.862094 -0.593247 1.129788 0.272816 -0.144760 -0.293069 -0.025480 -0.944725
1642647843.870428 -0.592511 1.130045 0.272740 -0.144627 -0.293947 -0.024852 -0.944490
1642647843.878761 -0.591774 1.130289 0.272661 -0.144519 -0.294968 -0.024188 -0.944205
1642647843.887094 -0.591032 1.130520 0.272583 -0.144210 -0.295569 -0.023786 -0.944074
1642647843.895427 -0.590279 1.130665 0.272444 -0.144859 -0.296088 -0.023714 -0.943815
1642647843.903761 -0.589511 1.130806 0.272311 -0.144774 -0.295912 -0.023964 -0.943876
1642647843.912094 -0.588777 1.131018 0.272219 -0.144373 -0.295909 -0.023982 -0.943938
1642647843.920428 -0.588053 1.131234 0.272139 -0.144152 -0.296336 -0.023655 -0.943846
1642647843.928761 -0.587323 1.131436 0.272061 -0.143936 -0.296858 -0.023290 -0.943724
1642647843.937094 -0.586596 1.131640 0.271988 -0.143785 -0.297407 -0.022901 -0.943584
1642647843.945428 -0.585866 1.131847 0.271922 -0.143588 -0.297879 -0.022541 -0.943474
1642647843.953761 -0.585138 1.132039 0.271866 -0.143432 -0.298312 -0.022246 -0.943368
1642647843.962094 -0.584407 1.132226 0.271821 -0.143253 -0.298702 -0.022030 -0.943277
1642647843.970428 -0.583700 1.132434 0.271797 -0.143378 -0.299813 -0.021303 -0.942922
1642647843.978761 -0.582982 1.132618 0.271762 -0.143418 -0.300771 -0.020705 -0.942624
1642647843.987094 -0.582266 1.132862 0.271772 -0.142484 -0.301355 -0.020068 -0.942593
1642647843.995428 -0.581542 1.132970 0.271696 -0.142788 -0.301754 -0.020040 -0.942420
1642647844.003761 -0.580819 1.133120 0.271658 -0.142004 -0.301505 -0.020127 -0.942616
1642647844.012094 -0.580100 1.133279 0.271643 -0.141336 -0.301641 -0.019935 -0.942677
1642647844.020427 -0.579434 1.133464 0.271622 -0.141407 -0.302670 -0.019400 -0.942347
1642647844.028761 -0.578726 1.133587 0.271570 -0.141093 -0.302943 -0.019354 -0.942308
1642647844.037094 -0.578052 1.133757 0.271532 -0.141009 -0.303827 -0.019025 -0.942042
1642647844.045428 -0.577380 1.133842 0.271430 -0.141882 -0.304575 -0.019163 -0.941667
1642647844.053761 -0.576701 1.133942 0.271347 -0.142176 -0.304988 -0.019295 -0.941486
1642647844.062094 -0.576016 1.134052 0.271260 -0.141764 -0.304673 -0.019667 -0.941643
1642647844.070428 -0.575348 1.134179 0.271188 -0.141445 -0.304739 -0.019854 -0.941665
1642647844.078761 -0.574706 1.134370 0.271160 -0.141463 -0.305878 -0.019410 -0.941302
1642647844.087094 -0.574059 1.134542 0.271108 -0.141397 -0.306632 -0.019193 -0.941071
1642647844.095428 -0.573408 1.134686 0.271046 -0.141213 -0.307127 -0.019166 -0.940938
1642647844.103761 -0.572759 1.134829 0.270987 -0.141043 -0.307658 -0.019222 -0.940789
1642647844.112094 -0.572093 1.134931 0.270900 -0.140593 -0.307450 -0.019773 -0.940913
1642647844.120428 -0.571439 1.135057 0.270829 -0.140294 -0.307630 -0.020057 -0.940893
1642647844.128761 -0.570805 1.135283 0.270833 -0.139258 -0.308298 -0.019715 -0.940835
1642647844.137094 -0.570168 1.135429 0.270785 -0.139755 -0.309622 -0.019536 -0.940331
1642647844.145427 -0.569526 1.135545 0.270719 -0.140170 -0.310427 -0.019615 -0.940002
1642647844.153761 -0.568885 1.135678 0.270665 -0.139947 -0.310963 -0.019662 -0.939857
1642647844.162094 -0.568235 1.135786 0.270588 -0.139499 -0.310792 -0.020146 -0.939969
1642647844.170428 -0.567609 1.135957 0.270552 -0.139406 -0.311606 -0.019979 -0.939718
1642647844.178761 -0.566964 1.136097 0.270478 -0.139101 -0.311723 -0.020266 -0.939718
1642647844.187094 -0.566339 1.136312 0.270454 -0.139147 -0.312209 -0.020496 -0.939544
1642647844.195428 -0.565735 1.136524 0.270417 -0.139195 -0.313046 -0.020444 -0.939260
1642647844.203761 -0.565114 1.136702 0.270363 -0.138978 -0.313626 -0.020502 -0.939097
1642647844.212094 -0.564476 1.136847 0.270294 -0.138612 -0.314605 -0.020101 -0.938832
1642647844.220428 -0.563850 1.137015 0.270234 -0.138341 -0.315341 -0.019909 -0.938630
1642647844.228761 -0.563216 1.137204 0.270180 -0.138137 -0.315875 -0.019950 -0.938479
1642647844.237094 -0.562593 1.137467 0.270186 -0.137171 -0.316471 -0.019609 -0.938427
1642647844.245428 -0.561899 1.137584 0.270125 -0.137311 -0.317063 -0.020094 -0.938197
1642647844.253761 -0.561211 1.137711 0.270063 -0.137570 -0.317548 -0.020487 -0.937986
1642647844.262094 -0.560512 1.137856 0.270014 -0.137150 -0.317230 -0.021000 -0.938144
1642647844.270427 -0.559827 1.138020 0.269975 -0.136939 -0.317327 -0.021143 -0.938139
1642647844.278761 -0.559154 1.138208 0.269954 -0.136924 -0.317802 -0.021084 -0.937981
1642647844.287094 -0.558477 1.138401 0.269944 -0.136855 -0.318332 -0.020981 -0.937814
1642647844.295428 -0.557783 1.138594 0.269939 -0.136749 -0.318955 -0.020803 -0.937622
1642647844.303761 -0.557077 1.138796 0.269934 -0.136545 -0.319525 -0.020682 -0.937460
1642647844.312094 -0.556371 1.138997 0.269919 -0.136383 -0.320091 -0.020591 -0.937293
1642647844.320428 -0.555660 1.139200 0.269905 -0.136233 -0.320720 -0.020388 -0.937104
1642647844.328761 -0.554963 1.139446 0.269917 -0.136363 -0.321902 -0.019834 -0.936691
1642647844.337094 -0.554242 1.139637 0.269897 -0.136175 -0.322023 -0.019959 -0.936675
1642647844.345428 -0.553519 1.139854 0.269886 -0.136136 -0.321732 -0.020359 -0.936772
1642647844.353761 -0.552799 1.140075 0.269880 -0.136150 -0.321903 -0.020412 -0.936710
1642647844.362094 -0.552067 1.140251 0.269845 -0.135964 -0.322709 -0.019849 -0.936472
1642647844.370428 -0.551325 1.140445 0.269828 -0.135692 -0.323463 -0.019398 -0.936260
1642647844.378761 -0.550580 1.140654 0.269819 -0.135387 -0.323948 -0.019274 -0.936139
1642647844.387094 -0.549842 1.140856 0.269803 -0.135251 -0.324477 -0.019080 -0.935980
1642647844.395427 -0.549101 1.141051 0.269781 -0.135079 -0.325031 -0.018855 -0.935817
1642647844.403761 -0.548364 1.141248 0.269754 -0.134965 -0.325420 -0.018755 -0.935700
1642647844.412094 -0.547632 1.141450 0.269727 -0.134850 -0.325829 -0.018692 -0.935575
1642647844.420428 -0.546944 1.141746 0.269754 -0.135183 -0.326118 -0.019000 -0.935421
1642647844.428761 -0.546295 1.141957 0.269723 -0.135914 -0.326352 -0.018598 -0.935241
1642647844.437094 -0.545545 1.142025 0.269609 -0.136150 -0.327629 -0.017569 -0.934780
1642647844.445428 -0.544786 1.142164 0.269523 -0.136003 -0.328563 -0.017076 -0.934483
1642647844.453761 -0.544049 1.142358 0.269458 -0.135282 -0.328294 -0.017140 -0.934681
1642647844.462094 -0.543305 1.142563 0.269400 -0.134754 -0.328252 -0.017262 -0.934770
1642647844.470428 -0.542569 1.142761 0.269334 -0.134534 -0.328623 -0.017226 -0.934672
1642647844.478761 -0.541835 1.142961 0.269259 -0.134362 -0.329111 -0.017025 -0.934528
1642647844.487094 -0.541082 1.143115 0.269155 -0.134516 -0.329632 -0.017055 -0.934322
1642647844.495428 -0.540342 1.143278 0.269053 -0.134573 -0.330124 -0.016959 -0.934142
1642647844.503761 -0.539528 1.143628 0.269079 -0.132454 -0.330945 -0.016957 -0.934154
1642647844.512094 -0.538752 1.143942 0.269072 -0.131469 -0.332299 -0.016500 -0.933821
1642647844.520427 -0.537999 1.144117 0.268955 -0.131215 -0.332298 -0.016637 -0.933854
1642647844.528761 -0.537280 1.144403 0.268916 -0.130339 -0.333032 -0.015923 -0.933728
1642647844.537094 -0.536531 1.144624 0.268823 -0.129543 -0.333120 -0.015818 -0.933809
1642647844.545428 -0.535776 1.144820 0.268708 -0.129279 -0.332678 -0.016274 -0.933995
1642647844.553761 -0.535027 1.145020 0.268589 -0.129066 -0.332848 -0.016284 -0.933964
1642647844.562094 -0.534281 1.145167 0.268428 -0.129867 -0.333933 -0.016011 -0.933470
1642647844.570428 -0.533520 1.145296 0.268252 -0.129944 -0.333865 -0.016261 -0.933480
1642647844.578761 -0.532775 1.145499 0.268112 -0.129679 -0.333345 -0.016892 -0.933691
1642647844.587094 -0.532020 1.145702 0.267967 -0.129491 -0.333378 -0.017057 -0.933703
1642647844.595428 -0.531259 1.145884 0.267806 -0.129247 -0.333709 -0.016838 -0.933622
1642647844.603761 -0.530498 1.146057 0.267643 -0.129064 -0.334072 -0.016548 -0.933523
1642647844.612094 -0.529715 1.146188 0.267460 -0.128751 -0.334682 -0.015816 -0.933360
1642647844.620428 -0.528936 1.146338 0.267289 -0.128498 -0.335079 -0.015355 -0.933260
1642647844.628761 -0.528160 1.146495 0.267114 -0.128278 -0.335304 -0.015206 -0.933212
1642647844.637094 -0.527370 1.146652 0.266933 -0.128055 -0.335560 -0.015007 -0.933154
1642647844.645427 -0.526577 1.146809 0.266756 -0.127869 -0.335822 -0.014820 -0.933088
1642647844.653761 -0.525778 1.146956 0.266581 -0.127649 -0.336203 -0.014534 -0.932985
1642647844.662094 -0.524973 1.147102 0.266414 -0.127473 -0.336594 -0.014276 -0.932873
1642647844.670428 -0.524165 1.147243 0.266246 -0.127352 -0.337011 -0.014033 -0.932742
1642647844.678761 -0.523342 1.147388 0.266069 -0.127170 -0.337463 -0.013856 -0.932606
1642647844.687094 -0.522515 1.147523 0.265892 -0.127015 -0.337873 -0.013655 -0.932482
1642647844.695428 -0.521686 1.147657 0.265718 -0.126914 -0.338374 -0.013395 -0.932318
1642647844.703761 -0.520880 1.147826 0.265579 -0.126905 -0.338449 -0.013715 -0.932287
1642647844.712094 -0.520037 1.147913 0.265394 -0.126714 -0.339480 -0.012817 -0.931951
1642647844.720428 -0.519176 1.148012 0.265217 -0.126541 -0.340329 -0.012128 -0.931674
1642647844.728761 -0.518324 1.148144 0.265058 -0.126533 -0.340707 -0.011957 -0.931539
1642647844.737094 -0.517467 1.148285 0.264902 -0.126549 -0.340946 -0.011807 -0.931451
1642647844.745428 -0.516620 1.148424 0.264742 -0.126520 -0.341330 -0.011564 -0.931318
1642647844.753761 -0.515776 1.148575 0.264589 -0.126516 -0.341617 -0.011344 -0.931216
1642647844.762094 -0.514927 1.148752 0.264447 -0.126578 -0.341593 -0.011483 -0.931215
1642647844.770427 -0.514096 1.148955 0.264311 -0.126691 -0.341408 -0.011911 -0.931262
1642647844.778761 -0.513236 1.149092 0.264129 -0.126645 -0.341974 -0.011461 -0.931066
1642647844.787094 -0.512399 1.149281 0.263970 -0.126576 -0.342092 -0.011633 -0.931030
1642647844.795428 -0.511573 1.149475 0.263812 -0.126515 -0.342271 -0.011769 -0.930970
1642647844.803761 -0.510738 1.149661 0.263640 -0.126430 -0.342632 -0.011640 -0.930851
1642647844.812094 -0.509886 1.149808 0.263438 -0.126192 -0.343400 -0.011090 -0.930607
1642647844.820428 -0.509045 1.149978 0.263249 -0.126012 -0.344069 -0.010803 -0.930387
1642647844.828761 -0.508210 1.150173 0.263069 -0.125866 -0.344549 -0.010808 -0.930230
1642647844.837094 -0.507380 1.150369 0.262890 -0.125720 -0.344979 -0.010832 -0.930090
1642647844.845428 -0.506552 1.150566 0.262713 -0.125548 -0.345450 -0.010872 -0.929938
1642647844.853761 -0.505720 1.150761 0.262538 -0.125346 -0.346019 -0.010910 -0.929753
1642647844.862094 -0.504900 1.151030 0.262409 -0.125536 -0.347873 -0.010071 -0.929045
1642647844.870428 -0.504078 1.151265 0.262241 -0.125507 -0.348986 -0.009764 -0.928634
1642647844.878761 -0.503257 1.151472 0.262060 -0.125261 -0.349426 -0.009910 -0.928501
1642647844.887094 -0.502449 1.151685 0.261884 -0.124987 -0.349760 -0.010079 -0.928410
1642647844.895427 -0.501634 1.151901 0.261707 -0.124711 -0.350041 -0.010272 -0.928339
1642647844.903761 -0.500818 1.152124 0.261522 -0.124426 -0.350370 -0.010405 -0.928251
1642647844.912094 -0.500028 1.152390 0.261350 -0.124236 -0.350333 -0.011042 -0.928284
1642647844.920428 -0.499233 1.152640 0.261162 -0.124030 -0.350447 -0.011451 -0.928263
1642647844.928761 -0.498447 1.152878 0.260964 -0.123796 -0.350721 -0.011575 -0.928189
1642647844.937094 -0.497653 1.153124 0.260773 -0.123436 -0.351029 -0.011702 -0.928119
1642647844.945428 -0.496850 1.153371 0.260581 -0.123107 -0.351382 -0.011765 -0.928029
1642647844.953761 -0.496051 1.153614 0.260390 -0.122816 -0.351754 -0.011869 -0.927925
1642647844.962094 -0.495251 1.153862 0.260196 -0.122554 -0.352029 -0.012039 -0.927853
1642647844.970428 -0.494461 1.154105 0.260010 -0.122342 -0.352334 -0.012184 -0.927763
1642647844.978761 -0.493644 1.154304 0.259804 -0.121992 -0.353001 -0.011820 -0.927560
1642647844.987094 -0.492822 1.154525 0.259610 -0.121697 -0.353482 -0.011647 -0.927418
1642647844.995428 -0.491990 1.154843 0.259533 -0.120069 -0.353973 -0.011374 -0.927446
1642647845.003761 -0.491178 1.155036 0.259305 -0.120517 -0.354381 -0.011462 -0.927232
1642647845.012094 -0.490360 1.155297 0.259166 -0.119775 -0.354643 -0.011345 -0.927229
1642647845.020427 -0.489547 1.155559 0.259039 -0.118926 -0.354846 -0.011208 -0.927262
1642647845.028761 -0.488729 1.155778 0.258860 -0.118801 -0.355098 -0.011187 -0.927182
1642647845.037094 -0.487917 1.155991 0.258677 -0.118685 -0.355366 -0.011141 -0.927095
1642647845.045428 -0.487111 1.156195 0.258485 -0.118613 -0.355804 -0.011006 -0.926938
1642647845.053761 -0.486311 1.156404 0.258301 -0.118509 -0.356054 -0.011015 -0.926855
1642647845.062094 -0.485527 1.156608 0.258113 -0.118380 -0.356194 -0.010991 -0.926818
1642647845.070428 -0.484737 1.156809 0.257927 -0.118189 -0.356410 -0.010901 -0.926760
1642647845.078761 -0.483949 1.157007 0.257734 -0.118043 -0.356573 -0.010877 -0.926717
1642647845.087094 -0.483194 1.157231 0.257557 -0.118053 -0.356431 -0.011292 -0.926765
1642647845.095428 -0.482433 1.157430 0.257369 -0.117942 -0.356442 -0.011468 -0.926772
1642647845.103761 -0.481675 1.157604 0.257165 -0.117797 -0.356604 -0.011382 -0.926730
1642647845.112094 -0.480922 1.157771 0.256955 -0.117683 -0.356708 -0.011289 -0.926705
1642647845.120428 -0.480164 1.157939 0.256742 -0.117574 -0.356959 -0.011090 -0.926625
1642647845.128761 -0.479399 1.158068 0.256509 -0.117438 -0.357471 -0.010529 -0.926451
1642647845.137094 -0.478654 1.158202 0.256281 -0.117366 -0.357788 -0.010199 -0.926342
1642647845.145427 -0.477921 1.158346 0.256058 -0.117369 -0.357926 -0.010031 -0.926290
1642647845.153761 -0.477200 1.158483 0.255832 -0.117464 -0.357907 -0.009923 -0.926286
1642647845.162094 -0.476498 1.158620 0.255598 -0.117526 -0.357873 -0.009726 -0.926294
1642647845.170428 -0.475796 1.158753 0.255349 -0.117589 -0.357940 -0.009481 -0.926262
1642647845.178761 -0.475103 1.158876 0.255092 -0.117626 -0.358006 -0.009266 -0.926234
1642647845.187094 -0.474441 1.159035 0.254851 -0.117835 -0.357629 -0.009649 -0.926349
1642647845.195428 -0.473767 1.159165 0.254601 -0.117968 -0.357486 -0.009812 -0.926386
1642647845.203761 -0.473064 1.159238 0.254318 -0.117858 -0.357985 -0.009201 -0.926214
1642647845.212094 -0.472374 1.159330 0.254048 -0.117734 -0.358301 -0.008812 -0.926111
1642647845.220428 -0.471687 1.159423 0.253777 -0.117711 -0.358541 -0.008680 -0.926022
1642647845.228761 -0.471012 1.159556 0.253528 -0.117852 -0.358550 -0.009070 -0.925997
1642647845.237094 -0.470334 1.159664 0.253269 -0.117981 -0.358663 -0.009307 -0.925934
1642647845.245428 -0.469651 1.159737 0.252995 -0.118037 -0.358966 -0.009305 -0.925810
1642647845.253761 -0.468947 1.159774 0.252695 -0.117970 -0.359725 -0.008755 -0.925529
1642647845.262094 -0.468244 1.159821 0.252397 -0.117978 -0.360264 -0.008526 -0.925321
1642647845.270427 -0.467561 1.159873 0.252101 -0.118087 -0.360660 -0.008608 -0.925152
1642647845.278761 -0.466879 1.159929 0.251808 -0.118218 -0.361086 -0.008672 -0.924968
1642647845.287094 -0.466192 1.159991 0.251513 -0.118304 -0.361528 -0.008730 -0.924784
1642647845.295428 -0.465507 1.160050 0.251216 -0.118309 -0.362070 -0.008687 -0.924572
1642647845.303761 -0.464825 1.160115 0.250906 -0.118305 -0.362536 -0.008793 -0.924389
1642647845.312094 -0.464156 1.160223 0.250622 -0.118449 -0.362673 -0.009450 -0.924310
1642647845.320428 -0.463471 1.160310 0.250326 -0.118524 -0.363147 -0.009804 -0.924111
1642647845.328761 -0.462782 1.160383 0.250019 -0.118547 -0.363788 -0.009920 -0.923854
1642647845.337094 -0.462080 1.160428 0.249685 -0.119020 -0.364403 -0.010394 -0.923546
1642647845.345428 -0.461358 1.160491 0.249353 -0.119274 -0.365043 -0.010719 -0.923256
1642647845.353761 -0.460639 1.160588 0.249045 -0.118725 -0.366046 -0.010076 -0.922937
1642647845.362094 -0.459957 1.160727 0.248762 -0.118523 -0.366561 -0.010235 -0.922757
1642647845.370428 -0.459267 1.160861 0.248466 -0.118587 -0.367087 -0.010626 -0.922536
1642647845.378761 -0.458544 1.160946 0.248135 -0.118508 -0.368136 -0.010292 -0.922131
1642647845.387094 -0.457834 1.161046 0.247800 -0.118424 -0.369066 -0.010122 -0.921772
1642647845.395427 -0.457133 1.161171 0.247482 -0.118348 -0.369752 -0.010210 -0.921506
1642647845.403761 -0.456432 1.161256 0.247139 -0.118713 -0.370317 -0.010586 -0.921228
1642647845.412094 -0.455738 1.161370 0.246799 -0.118839 -0.370815 -0.010918 -0.921007
1642647845.420428 -0.455069 1.161546 0.246486 -0.118894 -0.371025 -0.011586 -0.920907
1642647845.428761 -0.454376 1.161674 0.246136 -0.118787 -0.371794 -0.011470 -0.920613
1642647845.437094 -0.453679 1.161800 0.245790 -0.118591 -0.372538 -0.011272 -0.920339
1642647845.445428 -0.452991 1.161937 0.245466 -0.118431 -0.373007 -0.011389 -0.920168
1642647845.453761 -0.452298 1.162079 0.245146 -0.118315 -0.373456 -0.011525 -0.920000
1642647845.462094 -0.451643 1.162237 0.244842 -0.118296 -0.373306 -0.012399 -0.920051
1642647845.470428 -0.450972 1.162384 0.244517 -0.118201 -0.373526 -0.012849 -0.919968
1642647845.478761 -0.450286 1.162525 0.244186 -0.117983 -0.373990 -0.012849 -0.919808
1642647845.487094 -0.449595 1.162663 0.243855 -0.117801 -0.374318 -0.012890 -0.919697
1642647845.495428 -0.448906 1.162796 0.243510 -0.117698 -0.374671 -0.012928 -0.919566
1642647845.503761 -0.448221 1.162914 0.243151 -0.117582 -0.375037 -0.012963 -0.919431
1642647845.512094 -0.447539 1.163030 0.242802 -0.117457 -0.375480 -0.012962 -0.919266
1642647845.520427 -0.446847 1.163095 0.242438 -0.117178 -0.376306 -0.012502 -0.918971
1642647845.528761 -0.446172 1.163192 0.242098 -0.117087 -0.376564 -0.012790 -0.918873
1642647845.537094 -0.445486 1.163250 0.241731 -0.116927 -0.377176 -0.012686 -0.918643
1642647845.545428 -0.444796 1.163292 0.241362 -0.116768 -0.377734 -0.012583 -0.918436
1642647845.553761 -0.444116 1.163344 0.241029 -0.116635 -0.378200 -0.012692 -0.918259
1642647845.562094 -0.443444 1.163377 0.240698 -0.116556 -0.378726 -0.012775 -0.918051
1642647845.570428 -0.442776 1.163388 0.240360 -0.116519 -0.379251 -0.012966 -0.917837
1642647845.578761 -0.442128 1.163430 0.240053 -0.116602 -0.379383 -0.013656 -0.917761
1642647845.587094 -0.441470 1.163453 0.239744 -0.116611 -0.379744 -0.014001 -0.917606
1642647845.595428 -0.440802 1.163451 0.239421 -0.116539 -0.380298 -0.014042 -0.917385
1642647845.603761 -0.440135 1.163444 0.239107 -0.116513 -0.380827 -0.014142 -0.917167
1642647845.612094 -0.439470 1.163438 0.238803 -0.116497 -0.381270 -0.014349 -0.916982
1642647845.620428 -0.438804 1.163427 0.238506 -0.116466 -0.381753 -0.014510 -0.916783
1642647845.628761 -0.438136 1.163401 0.238210 -0.116413 -0.382274 -0.014554 -0.916571
1642647845.637094 -0.437453 1.163331 0.237901 -0.116271 -0.383101 -0.014136 -0.916251
1642647845.645427 -0.436783 1.163277 0.237611 -0.116213 -0.383892 -0.013840 -0.915931
1642647845.653761 -0.436121 1.163240 0.237350 -0.116272 -0.384481 -0.013877 -0.915676
1642647845.662094 -0.435473 1.163235 0.237126 -0.116547 -0.384656 -0.014478 -0.915558
1642647845.670428 -0.434812 1.163210 0.236903 -0.116821 -0.384865 -0.014972 -0.915428
1642647845.678761 -0.434142 1.163158 0.236679 -0.116990 -0.385295 -0.015070 -0.915223
1642647845.687094 -0.433467 1.163100 0.236464 -0.117144 -0.385852 -0.015141 -0.914968
1642647845.695428 -0.432786 1.163035 0.236260 -0.117332 -0.386375 -0.015298 -0.914721
1642647845.703761 -0.432105 1.162974 0.236075 -0.117532 -0.386775 -0.015512 -0.914522
1642647845.712094 -0.431409 1.162872 0.235883 -0.117587 -0.387574 -0.015176 -0.914182
1642647845.720428 -0.430719 1.162781 0.235710 -0.117732 -0.388268 -0.014958 -0.913873
1642647845.728761 -0.430026 1.162715 0.235564 -0.118006 -0.388801 -0.015027 -0.913610
1642647845.737094 -0.429344 1.162687 0.235449 -0.118423 -0.388878 -0.015609 -0.913513
1642647845.745428 -0.428653 1.162638 0.235329 -0.118752 -0.388983 -0.016005 -0.913419
1642647845.753761 -0.427950 1.162571 0.235204 -0.119022 -0.389257 -0.016173 -0.913264
1642647845.762094 -0.427249 1.162508 0.235091 -0.119275 -0.389480 -0.016255 -0.913135
1642647845.770427 -0.426552 1.162440 0.234992 -0.119481 -0.389723 -0.016321 -0.913003
1642647845.778761 -0.425856 1.162368 0.234901 -0.119645 -0.389954 -0.016408 -0.912881
1642647845.787094 -0.425137 1.162256 0.234795 -0.119736 -0.390517 -0.016019 -0.912635
1642647845.795428 -0.424421 1.162165 0.234692 -0.119941 -0.390951 -0.015784 -0.912427
1642647845.803761 -0.423739 1.162128 0.234633 -0.120284 -0.390746 -0.016309 -0.912460
1642647845.812094 -0.423055 1.162069 0.234568 -0.120521 -0.390612 -0.016575 -0.912481
1642647845.820428 -0.422361 1.162001 0.234498 -0.120703 -0.390630 -0.016584 -0.912449
1642647845.828761 -0.421664 1.161937 0.234434 -0.120886 -0.390657 -0.016697 -0.912412
1642647845.837094 -0.420950 1.161821 0.234350 -0.120963 -0.391013 -0.016383 -0.912255
1642647845.845428 -0.420256 1.161760 0.234298 -0.121245 -0.390999 -0.016624 -0.912219
1642647845.853761 -0.419562 1.161704 0.234246 -0.121539 -0.390935 -0.016948 -0.912201
1642647845.862094 -0.418849 1.161594 0.234161 -0.121605 -0.391381 -0.016597 -0.912008
1642647845.870428 -0.418158 1.161540 0.234115 -0.121835 -0.391335 -0.016882 -0.911991
1642647845.878761 -0.417475 1.161491 0.234078 -0.122044 -0.391227 -0.017175 -0.912004
1642647845.887094 -0.416793 1.161422 0.234020 -0.122129 -0.391392 -0.017180 -0.911922
1642647845.895427 -0.416100 1.161360 0.233965 -0.122268 -0.391557 -0.017248 -0.911831
1642647845.903761 -0.415408 1.161302 0.233902 -0.122452 -0.391620 -0.017315 -0.911778
1642647845.912094 -0.414721 1.161235 0.233831 -0.122630 -0.391682 -0.017382 -0.911726
1642647845.920428 -0.414010 1.161133 0.233738 -0.122698 -0.392192 -0.016947 -0.911506
1642647845.928761 -0.413302 1.161040 0.233654 -0.122763 -0.392597 -0.016640 -0.911329
1642647845.937094 -0.412607 1.160963 0.233586 -0.122853 -0.392750 -0.016647 -0.911250
1642647845.945428 -0.411933 1.160924 0.233549 -0.123062 -0.392584 -0.017158 -0.911284
1642647845.953761 -0.411244 1.160865 0.233496 -0.123305 -0.392546 -0.017509 -0.911261
1642647845.962094 -0.410549 1.160782 0.233424 -0.123550 -0.392705 -0.017624 -0.911157
1642647845.970428 -0.409848 1.160694 0.233350 -0.123745 -0.392915 -0.017690 -0.911039
1642647845.978761 -0.409117 1.160569 0.233264 -0.123799 -0.393479 -0.017245 -0.910797
1642647845.987094 -0.408395 1.160458 0.233195 -0.123903 -0.393939 -0.016935 -0.910590
1642647845.995428 -0.407679 1.160365 0.233140 -0.124080 -0.394221 -0.016881 -0.910444
1642647846.003761 -0.406969 1.160306 0.233107 -0.124386 -0.394051 -0.017355 -0.910468
1642647846.012094 -0.406252 1.160231 0.233073 -0.124720 -0.394024 -0.017597 -0.910429
1642647846.020427 -0.405528 1.160141 0.233032 -0.125019 -0.394113 -0.017686 -0.910347
1642647846.028761 -0.404794 1.160050 0.232995 -0.125280 -0.394123 -0.017830 -0.910305
1642647846.037094 -0.404047 1.159954 0.232960 -0.125520 -0.394192 -0.017795 -0.910242
1642647846.045428 -0.403302 1.159856 0.232933 -0.125748 -0.394323 -0.017677 -0.910156
1642647846.053761 -0.402533 1.159719 0.232884 -0.125843 -0.394744 -0.017128 -0.909971
1642647846.062094 -0.401791 1.159638 0.232878 -0.126136 -0.394569 -0.017310 -0.910003
1642647846.070428 -0.401053 1.159571 0.232876 -0.126446 -0.394249 -0.017639 -0.910093
1642647846.078761 -0.400298 1.159487 0.232866 -0.126684 -0.394204 -0.017643 -0.910079
1642647846.087094 -0.399533 1.159408 0.232866 -0.126934 -0.394096 -0.017674 -0.910090
1642647846.095428 -0.398762 1.159333 0.232875 -0.127184 -0.393913 -0.017746 -0.910133
1642647846.103761 -0.397979 1.159251 0.232888 -0.127418 -0.393718 -0.017802 -0.910183
1642647846.112094 -0.397190 1.159168 0.232908 -0.127651 -0.393545 -0.017815 -0.910226
1642647846.120428 -0.396393 1.159091 0.232934 -0.127901 -0.393464 -0.017769 -0.910226
1642647846.128761 -0.395582 1.159020 0.232964 -0.128158 -0.393410 -0.017750 -0.910214
1642647846.137094 -0.394763 1.158952 0.233005 -0.128425 -0.393256 -0.017875 -0.910240
1642647846.145427 -0.393940 1.158895 0.233052 -0.128623 -0.393114 -0.018031 -0.910270
1642647846.153761 -0.393083 1.158800 0.233077 -0.128687 -0.393343 -0.017702 -0.910169
1642647846.162094 -0.392248 1.158757 0.233139 -0.129051 -0.393070 -0.018048 -0.910229
1642647846.170428 -0.391406 1.158719 0.233210 -0.129377 -0.392876 -0.018364 -0.910260
1642647846.178761 -0.390543 1.158667 0.233280 -0.129569 -0.392868 -0.018412 -0.910235
1642647846.187094 -0.389674 1.158615 0.233347 -0.129788 -0.392984 -0.018435 -0.910153
1642647846.195428 -0.388793 1.158566 0.233424 -0.130030 -0.393079 -0.018479 -0.910077
1642647846.203761 -0.387886 1.158490 0.233479 -0.130206 -0.393370 -0.018157 -0.909932
1642647846.212094 -0.386990 1.158436 0.233556 -0.130479 -0.393548 -0.017951 -0.909820
1642647846.220428 -0.386090 1.158407 0.233654 -0.130748 -0.393434 -0.018051 -0.909829
1642647846.228761 -0.385203 1.158416 0.233780 -0.131175 -0.392924 -0.018576 -0.909978
1642647846.237094 -0.384307 1.158407 0.233891 -0.131565 -0.392554 -0.018824 -0.910076
1642647846.245428 -0.383398 1.158389 0.233989 -0.131856 -0.392366 -0.018909 -0.910113
1642647846.253761 -0.382483 1.158385 0.234096 -0.132171 -0.392241 -0.018968 -0.910120
1642647846.262094 -0.381557 1.158381 0.234203 -0.132477 -0.392135 -0.019022 -0.910120
1642647846.270427 -0.380626 1.158390 0.234308 -0.132740 -0.392027 -0.019125 -0.910126
1642647846.278761 -0.379701 1.158408 0.234418 -0.132988 -0.391865 -0.019217 -0.910157
1642647846.287094 -0.378764 1.158421 0.234533 -0.133197 -0.391723 -0.019284 -0.910187
1642647846.295428 -0.377797 1.158444 0.234654 -0.133408 -0.391778 -0.019131 -0.910135
1642647846.303761 -0.376838 1.158469 0.234764 -0.133639 -0.391751 -0.019113 -0.910114
1642647846.312094 -0.375885 1.158493 0.234876 -0.133848 -0.391654 -0.019201 -0.910122
1642647846.320428 -0.374929 1.158518 0.234987 -0.134046 -0.391579 -0.019284 -0.910124
1642647846.328761 -0.373943 1.158511 0.235063 -0.134090 -0.391820 -0.018988 -0.910020
1642647846.337094 -0.372991 1.158567 0.235168 -0.134332 -0.391591 -0.019337 -0.910076
1642647846.345428 -0.372037 1.158643 0.235279 -0.134543 -0.391342 -0.019694 -0.910144
1642647846.353761 -0.371060 1.158702 0.235379 -0.134563 -0.391201 -0.019851 -0.910198
1642647846.362094 -0.370077 1.158760 0.235472 -0.134593 -0.391171 -0.020010 -0.910203
1642647846.370428 -0.369074 1.158818 0.235556 -0.134665 -0.391258 -0.020124 -0.910152
1642647846.378761 -0.368030 1.158844 0.235614 -0.134644 -0.391669 -0.019787 -0.909986
1642647846.387094 -0.366991 1.158895 0.235675 -0.134668 -0.391946 -0.019713 -0.909865
1642647846.395427 -0.365976 1.159002 0.235767 -0.134917 -0.391626 -0.020299 -0.909953
1642647846.403761 -0.364942 1.159102 0.235846 -0.135050 -0.391441 -0.020620 -0.910006
1642647846.412094 -0.363896 1.159180 0.235902 -0.135084 -0.391391 -0.020719 -0.910020
1642647846.420428 -0.362831 1.159246 0.235946 -0.135064 -0.391354 -0.020803 -0.910037
1642647846.428761 -0.361735 1.159274 0.235957 -0.134982 -0.391813 -0.020335 -0.909862
1642647846.437094 -0.360642 1.159314 0.235969 -0.134937 -0.392096 -0.020106 -0.909752
1642647846.445428 -0.359565 1.159373 0.235986 -0.134988 -0.392069 -0.020167 -0.909755
1642647846.453761 -0.358493 1.159475 0.236024 -0.135160 -0.391777 -0.020537 -0.909847
1642647846.462094 -0.357404 1.159563 0.236043 -0.135308 -0.391505 -0.020755 -0.909937
1642647846.470428 -0.356298 1.159632 0.236041 -0.135366 -0.391396 -0.020725 -0.909976
1642647846.478761 -0.355175 1.159687 0.236031 -0.135399 -0.391350 -0.020619 -0.909993
1642647846.487094 -0.354030 1.159699 0.235997 -0.135386 -0.391621 -0.019988 -0.909892
1642647846.495428 -0.352913 1.159757 0.235991 -0.135545 -0.391294 -0.020061 -0.910008
1642647846.503761 -0.351799 1.159817 0.235985 -0.135759 -0.390865 -0.020166 -0.910158
1642647846.512094 -0.350659 1.159858 0.235959 -0.135901 -0.390684 -0.020033 -0.910217
1642647846.520427 -0.349512 1.159892 0.235928 -0.136105 -0.390552 -0.019917 -0.910246
1642647846.528761 -0.348358 1.159914 0.235893 -0.136314 -0.390425 -0.019720 -0.910273
1642647846.537094 -0.347206 1.159936 0.235854 -0.136480 -0.390204 -0.019549 -0.910347
1642647846.545428 -0.346048 1.159952 0.235809 -0.136574 -0.390007 -0.019401 -0.910421
1642647846.553761 -0.344876 1.159963 0.235753 -0.136707 -0.389807 -0.019199 -0.910491
1642647846.562094 -0.343708 1.159971 0.235688 -0.136813 -0.389646 -0.019056 -0.910547
1642647846.570428 -0.342520 1.159934 0.235589 -0.136767 -0.389909 -0.018436 -0.910454
1642647846.578761 -0.341342 1.159904 0.235498 -0.136741 -0.390010 -0.017997 -0.910423
1642647846.587094 -0.340206 1.159933 0.235430 -0.136884 -0.389481 -0.018380 -0.910620
1642647846.595428 -0.339059 1.159955 0.235346 -0.136996 -0.389194 -0.018577 -0.910722
1642647846.603761 -0.337899 1.159952 0.235247 -0.137102 -0.389145 -0.018497 -0.910729
1642647846.612094 -0.336724 1.159904 0.235122 -0.137108 -0.389355 -0.018066 -0.910647
1642647846.620428 -0.335553 1.159857 0.234996 -0.137112 -0.389348 -0.017788 -0.910655
1642647846.628761 -0.334417 1.159858 0.234899 -0.137369 -0.388966 -0.018140 -0.910772
1642647846.637094 -0.333259 1.159842 0.234787 -0.137678 -0.388811 -0.018251 -0.910789
1642647846.645427 -0.332085 1.159819 0.234662 -0.137835 -0.388710 -0.018233 -0.910809
1642647846.653761 -0.330917 1.159803 0.234542 -0.137993 -0.388500 -0.018272 -0.910874
1642647846.662094 -0.329750 1.159769 0.234416 -0.138158 -0.388431 -0.018155 -0.910881
1642647846.670428 -0.328571 1.159727 0.234285 -0.138407 -0.388470 -0.017983 -0.910830
1642647846.678761 -0.327382 1.159682 0.234159 -0.138604 -0.388449 -0.017937 -0.910810
1642647846.687094 -0.326189 1.159634 0.234040 -0.138840 -0.388311 -0.017972 -0.910832
1642647846.695428 -0.324998 1.159587 0.233924 -0.139082 -0.388234 -0.017935 -0.910829
1642647846.703761 -0.323779 1.159497 0.233782 -0.139276 -0.388509 -0.017414 -0.910692
1642647846.712094 -0.322575 1.159449 0.233673 -0.139659 -0.388277 -0.017574 -0.910729
1642647846.720428 -0.321370 1.159400 0.233583 -0.140035 -0.387978 -0.017795 -0.910794
1642647846.728761 -0.320134 1.159289 0.233457 -0.140263 -0.388178 -0.017247 -0.910685
1642647846.737094 -0.318927 1.159230 0.233365 -0.140628 -0.387808 -0.017399 -0.910783
1642647846.745428 -0.317722 1.159178 0.233287 -0.141029 -0.387448 -0.017600 -0.910871
1642647846.753761 -0.316506 1.159103 0.233196 -0.141237 -0.387165 -0.017555 -0.910959
1642647846.762094 -0.315268 1.158994 0.233090 -0.141295 -0.387020 -0.017109 -0.911021
1642647846.770427 -0.314039 1.158984 0.233029 -0.141836 -0.385478 -0.017882 -0.911575
1642647846.778761 -0.312830 1.158966 0.232971 -0.142300 -0.384241 -0.018532 -0.912012
1642647846.787094 -0.311632 1.158895 0.232891 -0.142569 -0.383715 -0.018465 -0.912193
1642647846.795428 -0.310449 1.158815 0.232815 -0.142832 -0.383140 -0.018431 -0.912394
1642647846.803761 -0.309281 1.158737 0.232744 -0.143165 -0.382419 -0.018424 -0.912645
1642647846.812094 -0.308140 1.158698 0.232714 -0.143106 -0.381706 -0.018061 -0.912960
1642647846.820428 -0.306984 1.158600 0.232632 -0.143686 -0.380963 -0.018210 -0.913176
1642647846.828761 -0.305831 1.158495 0.232545 -0.144268 -0.380200 -0.018493 -0.913396
1642647846.837094 -0.304700 1.158405 0.232481 -0.144630 -0.379385 -0.018523 -0.913677
1642647846.845428 -0.303571 1.158358 0.232448 -0.145023 -0.378583 -0.018481 -0.913949
1642647846.853761 -0.302488 1.158301 0.232409 -0.144811 -0.377694 -0.018155 -0.914356
1642647846.862094 -0.301404 1.158214 0.232343 -0.144679 -0.376725 -0.017961 -0.914781
1642647846.870428 -0.300318 1.158058 0.232243 -0.145202 -0.376088 -0.018107 -0.914957
1642647846.878761 -0.299212 1.157947 0.232144 -0.145557 -0.375255 -0.018215 -0.915241
1642647846.887094 -0.298138 1.157870 0.232057 -0.145642 -0.374258 -0.018182 -0.915636
1642647846.895427 -0.297098 1.157863 0.232035 -0.145222 -0.373321 -0.017664 -0.916095
1642647846.903761 -0.296069 1.157801 0.231974 -0.144891 -0.372305 -0.017393 -0.916566
1642647846.912094 -0.295053 1.157713 0.231914 -0.144819 -0.371627 -0.017116 -0.916858
1642647846.920428 -0.294060 1.157544 0.231730 -0.146007 -0.370717 -0.017316 -0.917034
1642647846.928761 -0.293052 1.157433 0.231584 -0.146764 -0.369694 -0.017539 -0.917322
1642647846.937094 -0.292043 1.157366 0.231494 -0.146857 -0.368877 -0.017411 -0.917638
1642647846.945428 -0.291052 1.157275 0.231394 -0.146871 -0.367942 -0.017387 -0.918011
1642647846.953761 -0.290069 1.157193 0.231297 -0.146841 -0.367101 -0.017341 -0.918354
1642647846.962094 -0.289085 1.157124 0.231194 -0.146884 -0.366265 -0.017271 -0.918682
1642647846.970428 -0.288101 1.157060 0.231085 -0.146993 -0.365317 -0.017309 -0.919042
1642647846.978761 -0.287135 1.156997 0.230967 -0.147115 -0.364363 -0.017321 -0.919400
1642647846.987094 -0.286178 1.156938 0.230850 -0.147168 -0.363518 -0.017265 -0.919727
1642647846.995428 -0.285224 1.156872 0.230729 -0.147255 -0.362615 -0.017244 -0.920070
1642647847.003761 -0.284272 1.156827 0.230615 -0.147353 -0.361711 -0.017118 -0.920413
1642647847.012094 -0.283336 1.156771 0.230479 -0.147411 -0.360645 -0.017179 -0.920820
1642647847.020427 -0.282405 1.156726 0.230329 -0.147554 -0.359719 -0.017227 -0.921159
1642647847.028761 -0.281474 1.156685 0.230178 -0.147708 -0.358911 -0.017164 -0.921450
1642647847.037094 -0.280555 1.156625 0.230004 -0.147803 -0.357930 -0.017244 -0.921815
1642647847.045428 -0.279624 1.156579 0.229832 -0.147905 -0.357013 -0.017262 -0.922154
1642647847.053761 -0.278695 1.156538 0.229652 -0.148004 -0.356218 -0.017150 -0.922447
1642647847.062094 -0.277780 1.156474 0.229442 -0.148118 -0.355338 -0.017202 -0.922768
1642647847.070428 -0.276858 1.156437 0.229234 -0.148288 -0.354545 -0.017236 -0.923045
1642647847.078761 -0.275937 1.156415 0.229016 -0.148479 -0.353848 -0.017182 -0.923282
1642647847.087094 -0.275031 1.156389 0.228786 -0.148537 -0.353187 -0.017101 -0.923528
1642647847.095428 -0.274139 1.156374 0.228560 -0.148529 -0.352520 -0.017049 -0.923785
1642647847.103761 -0.273253 1.156368 0.228322 -0.148534 -0.351803 -0.017072 -0.924057
1642647847.112094 -0.272392 1.156358 0.228067 -0.148457 -0.350975 -0.017147 -0.924383
1642647847.120428 -0.271528 1.156377 0.227820 -0.148416 -0.350153 -0.017209 -0.924700
1642647847.128761 -0.270740 1.156286 0.227482 -0.149900 -0.348983 -0.016931 -0.924908
1642647847.137094 -0.269859 1.156330 0.227260 -0.149164 -0.348184 -0.017179 -0.925323
1642647847.145427 -0.269038 1.156309 0.226983 -0.149672 -0.347175 -0.017146 -0.925621
1642647847.153761 -0.268211 1.156279 0.226691 -0.150393 -0.346228 -0.017078 -0.925860
1642647847.162094 -0.267342 1.156261 0.226429 -0.150477 -0.345385 -0.017565 -0.926152
1642647847.170428 -0.266473 1.156320 0.226212 -0.150256 -0.344625 -0.017618 -0.926470
1642647847.178761 -0.265602 1.156397 0.226008 -0.150006 -0.343860 -0.017642 -0.926794
1642647847.187094 -0.264690 1.156475 0.225835 -0.149355 -0.343177 -0.018258 -0.927140
1642647847.195428 -0.263780 1.156549 0.225662 -0.148957 -0.342643 -0.018665 -0.927394
1642647847.203761 -0.262882 1.156615 0.225481 -0.148877 -0.342124 -0.018825 -0.927595
1642647847.212094 -0.261985 1.156689 0.225310 -0.148817 -0.341611 -0.018981 -0.927790
1642647847.220428 -0.261099 1.156778 0.225159 -0.148717 -0.341167 -0.019115 -0.927967
1642647847.228761 -0.260214 1.156872 0.225015 -0.148644 -0.340693 -0.019276 -0.928150
1642647847.237094 -0.259339 1.156959 0.224875 -0.148739 -0.340241 -0.019363 -0.928299
1642647847.245428 -0.258480 1.157057 0.224753 -0.148847 -0.339849 -0.019480 -0.928422
1642647847.253761 -0.257620 1.157166 0.224648 -0.148926 -0.339388 -0.019671 -0.928574
1642647847.262094 -0.256767 1.157282 0.224555 -0.148966 -0.338915 -0.019864 -0.928737
1642647847.270427 -0.255953 1.157450 0.224495 -0.148643 -0.338497 -0.019713 -0.928944
1642647847.278761 -0.255143 1.157598 0.224433 -0.148449 -0.338023 -0.019621 -0.929149
1642647847.287094 -0.254339 1.157719 0.224367 -0.148483 -0.337592 -0.019697 -0.929299
1642647847.295428 -0.253556 1.157848 0.224304 -0.148490 -0.337118 -0.019824 -0.929467
1642647847.303761 -0.252784 1.157982 0.224240 -0.148492 -0.336497 -0.019982 -0.929689
1642647847.312094 -0.252034 1.158133 0.224185 -0.148513 -0.335823 -0.020127 -0.929926
1642647847.320428 -0.251318 1.158287 0.224137 -0.148493 -0.335249 -0.020213 -0.930134
1642647847.328761 -0.250616 1.158454 0.224098 -0.148396 -0.334671 -0.020310 -0.930356
1642647847.337094 -0.249926 1.158641 0.224072 -0.148225 -0.334201 -0.020335 -0.930551
1642647847.345428 -0.249257 1.158830 0.224050 -0.148043 -0.333730 -0.020341 -0.930749
1642647847.353761 -0.248598 1.159024 0.224037 -0.147849 -0.333217 -0.020421 -0.930962
1642647847.362094 -0.247943 1.159228 0.224043 -0.147660 -0.332759 -0.020500 -0.931154
1642647847.370428 -0.247306 1.159435 0.224050 -0.147491 -0.332412 -0.020584 -0.931303
1642647847.378761 -0.246691 1.159642 0.224064 -0.147303 -0.332081 -0.020705 -0.931448
1642647847.387094 -0.246094 1.159847 0.224100 -0.147076 -0.331805 -0.020831 -0.931579
1642647847.395427 -0.245503 1.160040 0.224158 -0.146808 -0.331682 -0.020975 -0.931662
1642647847.403761 -0.244925 1.160227 0.224234 -0.146620 -0.331633 -0.021100 -0.931707
1642647847.412094 -0.244366 1.160403 0.224328 -0.146534 -0.331520 -0.021255 -0.931757
1642647847.420428 -0.243808 1.160572 0.224438 -0.146424 -0.331407 -0.021451 -0.931810
1642647847.428761 -0.243259 1.160725 0.224571 -0.146326 -0.331382 -0.021603 -0.931831
1642647847.437094 -0.242716 1.160860 0.224732 -0.146297 -0.331291 -0.021728 -0.931865
1642647847.445428 -0.242170 1.160987 0.224924 -0.146299 -0.331143 -0.021865 -0.931914
1642647847.453761 -0.241626 1.161099 0.225133 -0.146346 -0.330991 -0.021993 -0.931957
1642647847.462094 -0.241091 1.161198 0.225371 -0.146469 -0.330840 -0.022114 -0.931988
1642647847.470428 -0.240556 1.161283 0.225638 -0.146645 -0.330685 -0.022224 -0.932013
1642647847.478761 -0.240011 1.161344 0.225931 -0.146855 -0.330600 -0.022315 -0.932008
1642647847.487094 -0.239466 1.161389 0.226255 -0.147029 -0.330534 -0.022378 -0.932003
1642647847.495428 -0.238936 1.161410 0.226616 -0.147298 -0.330587 -0.022426 -0.931940
1642647847.503761 -0.238406 1.161423 0.226993 -0.147672 -0.330299 -0.022583 -0.931979
1642647847.512094 -0.237881 1.161447 0.227421 -0.148066 -0.329903 -0.022808 -0.932052
1642647847.520427 -0.237344 1.161436 0.227818 -0.148321 -0.329800 -0.022749 -0.932049
1642647847.528761 -0.236817 1.161412 0.228219 -0.148516 -0.329613 -0.022706 -0.932085
1642647847.537094 -0.236307 1.161381 0.228657 -0.148797 -0.329256 -0.022800 -0.932164
1642647847.545428 -0.235810 1.161328 0.229109 -0.149217 -0.328870 -0.022953 -0.932230
1642647847.553761 -0.235323 1.161255 0.229577 -0.149596 -0.328598 -0.023084 -0.932262
1642647847.562094 -0.234838 1.161160 0.230066 -0.149884 -0.328346 -0.023237 -0.932300
1642647847.570428 -0.234366 1.161052 0.230577 -0.150205 -0.328192 -0.023354 -0.932300
1642647847.578761 -0.233907 1.160926 0.231098 -0.150567 -0.328026 -0.023496 -0.932297
1642647847.587094 -0.233440 1.160781 0.231639 -0.150949 -0.327779 -0.023702 -0.932316
1642647847.595428 -0.232967 1.160624 0.232206 -0.151245 -0.327674 -0.023880 -0.932301
1642647847.603761 -0.232500 1.160455 0.232775 -0.151522 -0.327711 -0.024042 -0.932238
1642647847.612094 -0.232030 1.160274 0.233346 -0.151921 -0.327825 -0.024152 -0.932131
1642647847.620428 -0.231584 1.160072 0.233952 -0.152327 -0.327808 -0.024352 -0.932065
1642647847.628761 -0.231166 1.159855 0.234585 -0.152657 -0.327815 -0.024619 -0.932002
1642647847.637094 -0.230767 1.159636 0.235238 -0.152977 -0.327942 -0.024823 -0.931899
1642647847.645427 -0.230384 1.159415 0.235903 -0.153276 -0.327963 -0.025020 -0.931838
1642647847.653761 -0.230021 1.159199 0.236585 -0.153592 -0.327874 -0.025306 -0.931809
1642647847.662094 -0.229682 1.158988 0.237276 -0.153879 -0.327833 -0.025547 -0.931769
1642647847.670428 -0.229369 1.158787 0.237972 -0.154110 -0.327798 -0.025718 -0.931739
1642647847.678761 -0.229080 1.158592 0.238674 -0.154300 -0.327464 -0.026033 -0.931816
1642647847.687094 -0.228813 1.158401 0.239398 -0.154459 -0.327090 -0.026372 -0.931911
1642647847.695428 -0.228571 1.158229 0.240130 -0.154500 -0.326808 -0.026649 -0.931996
1642647847.703761 -0.228351 1.158062 0.240873 -0.154502 -0.326561 -0.026837 -0.932077
1642647847.712094 -0.228167 1.157882 0.241634 -0.154463 -0.326050 -0.027185 -0.932252
1642647847.720428 -0.227991 1.157706 0.242404 -0.154401 -0.325507 -0.027581 -0.932440
1642647847.728761 -0.227818 1.157539 0.243176 -0.154361 -0.325103 -0.027985 -0.932576
1642647847.737094 -0.227664 1.157372 0.243966 -0.154293 -0.324844 -0.028333 -0.932667
1642647847.745428 -0.227528 1.157205 0.244771 -0.154149 -0.324576 -0.028708 -0.932772
1642647847.753761 -0.227402 1.157046 0.245584 -0.153928 -0.324399 -0.029075 -0.932859
1642647847.762094 -0.227279 1.156892 0.246416 -0.153716 -0.324219 -0.029549 -0.932942
1642647847.770427 -0.227164 1.156736 0.247261 -0.153539 -0.323922 -0.030139 -0.933055
1642647847.778761 -0.227054 1.156581 0.248109 -0.153213 -0.323780 -0.030706 -0.933140
1642647847.787094 -0.226942 1.156433 0.249004 -0.153009 -0.323575 -0.031402 -0.933221
1642647847.795428 -0.226832 1.156274 0.249905 -0.152876 -0.323529 -0.031990 -0.933239
1642647847.803761 -0.226729 1.156107 0.250798 -0.152658 -0.323490 -0.032598 -0.933267
1642647847.812094 -0.226620 1.155933 0.251695 -0.152453 -0.323354 -0.033394 -0.933320
1642647847.820428 -0.226516 1.155749 0.252606 -0.152304 -0.323319 -0.034297 -0.933323
1642647847.828761 -0.226411 1.155569 0.253545 -0.152255 -0.323424 -0.035115 -0.933264
1642647847.837094 -0.226293 1.155392 0.254510 -0.152283 -0.323430 -0.036042 -0.933222
1642647847.845428 -0.226172 1.155210 0.255494 -0.152467 -0.323388 -0.037054 -0.933167
1642647847.853761 -0.226018 1.154995 0.256479 -0.152799 -0.323918 -0.037352 -0.932917
1642647847.862094 -0.225883 1.154826 0.257506 -0.153510 -0.323837 -0.038213 -0.932794
1642647847.870428 -0.225739 1.154660 0.258529 -0.154438 -0.323488 -0.039123 -0.932724
1642647847.878761 -0.225545 1.154455 0.259544 -0.155425 -0.323200 -0.039886 -0.932628
1642647847.887094 -0.225348 1.154226 0.260529 -0.156398 -0.323141 -0.039887 -0.932485
1642647847.895427 -0.225212 1.154070 0.261509 -0.157550 -0.322399 -0.040240 -0.932533
1642647847.903761 -0.225118 1.153958 0.262466 -0.158391 -0.321369 -0.040490 -0.932735
1642647847.912094 -0.225003 1.153811 0.263425 -0.159116 -0.320665 -0.040531 -0.932853
1642647847.920428 -0.224912 1.153641 0.264330 -0.159708 -0.319898 -0.040820 -0.933002
1642647847.928761 -0.224847 1.153469 0.265213 -0.160031 -0.319017 -0.041216 -0.933231
1642647847.937094 -0.224809 1.153242 0.266051 -0.160244 -0.318017 -0.041940 -0.933503
1642647847.945428 -0.224728 1.152907 0.266796 -0.160204 -0.317775 -0.042038 -0.933588
1642647847.953761 -0.224705 1.152763 0.267669 -0.160242 -0.316765 -0.043078 -0.933877
1642647847.962094 -0.224696 1.152638 0.268551 -0.160304 -0.315730 -0.044313 -0.934160
1642647847.970428 -0.224655 1.152433 0.269367 -0.160248 -0.315145 -0.045182 -0.934325
1642647847.978761 -0.224620 1.151987 0.270019 -0.161746 -0.314696 -0.045754 -0.934190
1642647847.987094 -0.224566 1.151797 0.270808 -0.161876 -0.314078 -0.046727 -0.934327
1642647847.995428 -0.224544 1.151647 0.271595 -0.162011 -0.313199 -0.047306 -0.934570
1642647848.003761 -0.224488 1.151412 0.272308 -0.162558 -0.312515 -0.047609 -0.934689
1642647848.012094 -0.224331 1.151026 0.272903 -0.162555 -0.313483 -0.046603 -0.934416
1642647848.020427 -0.224187 1.150815 0.273572 -0.162596 -0.313523 -0.046244 -0.934413
1642647848.028761 -0.224036 1.150681 0.274279 -0.162720 -0.312800 -0.046707 -0.934611
1642647848.037094 -0.223857 1.150428 0.274880 -0.162771 -0.312595 -0.046908 -0.934660
1642647848.045428 -0.223639 1.150186 0.275516 -0.163006 -0.312717 -0.046895 -0.934579
1642647848.053761 -0.223406 1.150001 0.276189 -0.163248 -0.312786 -0.046938 -0.934512
1642647848.062094 -0.223150 1.149958 0.276931 -0.163008 -0.312669 -0.047626 -0.934558
1642647848.070428 -0.222933 1.149817 0.277622 -0.163571 -0.312496 -0.047620 -0.934518
1642647848.078761 -0.222689 1.149606 0.278263 -0.164326 -0.312499 -0.047294 -0.934401
1642647848.087094 -0.222367 1.149330 0.278838 -0.164809 -0.312916 -0.046964 -0.934193
1642647848.095428 -0.222038 1.149083 0.279432 -0.165305 -0.313346 -0.046662 -0.933976
1642647848.103761 -0.221700 1.149008 0.280122 -0.165310 -0.313589 -0.046932 -0.933880
1642647848.112094 -0.221420 1.148826 0.280742 -0.165979 -0.313718 -0.046513 -0.933739
1642647848.120428 -0.221075 1.148635 0.281309 -0.166264 -0.314363 -0.046000 -0.933497
1642647848.128761 -0.220789 1.148374 0.281843 -0.167045 -0.314977 -0.045259 -0.933187
1642647848.137094 -0.220548 1.148082 0.282332 -0.167877 -0.315157 -0.044589 -0.933009
1642647848.145427 -0.220308 1.147836 0.282795 -0.168205 -0.315134 -0.044150 -0.932978
1642647848.153761 -0.220075 1.147586 0.283238 -0.168372 -0.315088 -0.043692 -0.932985
1642647848.162094 -0.219845 1.147332 0.283664 -0.168360 -0.315003 -0.043272 -0.933036
1642647848.170428 -0.219637 1.147077 0.284073 -0.168301 -0.314937 -0.042715 -0.933094
1642647848.178761 -0.219439 1.146802 0.284459 -0.168333 -0.314901 -0.042046 -0.933131
1642647848.187094 -0.219262 1.146522 0.284812 -0.168357 -0.314816 -0.041360 -0.933186
1642647848.195428 -0.219037 1.146370 0.285223 -0.166734 -0.314965 -0.041107 -0.933438
1642647848.203761 -0.218882 1.146193 0.285586 -0.165594 -0.314882 -0.040849 -0.933681
1642647848.212094 -0.218788 1.145928 0.285880 -0.165301 -0.314555 -0.040425 -0.933861
1642647848.220428 -0.218702 1.145655 0.286175 -0.165004 -0.314374 -0.039962 -0.933995
1642647848.228761 -0.218627 1.145377 0.286465 -0.164674 -0.314273 -0.039507 -0.934106
1642647848.237094 -0.218571 1.145102 0.286749 -0.164389 -0.314262 -0.039113 -0.934177
1642647848.245428 -0.218527 1.144825 0.287032 -0.164029 -0.314272 -0.038880 -0.934246
1642647848.253761 -0.218489 1.144541 0.287314 -0.163656 -0.314239 -0.038777 -0.934327
1642647848.262094 -0.218462 1.144250 0.287593 -0.163314 -0.314231 -0.038805 -0.934388
1642647848.270427 -0.218434 1.143948 0.287872 -0.162896 -0.314192 -0.038934 -0.934469
1642647848.278761 -0.218413 1.143624 0.288109 -0.162427 -0.314182 -0.039160 -0.934545
1642647848.287094 -0.218364 1.143270 0.288326 -0.162006 -0.314383 -0.039260 -0.934546
1642647848.295428 -0.218326 1.142986 0.288643 -0.161667 -0.314458 -0.039482 -0.934570
1642647848.303761 -0.218311 1.142707 0.288955 -0.161287 -0.314390 -0.039908 -0.934640
1642647848.312094 -0.218293 1.142397 0.289232 -0.160825 -0.314348 -0.040341 -0.934716
1642647848.320428 -0.218280 1.142087 0.289505 -0.160337 -0.314198 -0.040851 -0.934828
1642647848.328761 -0.218273 1.141782 0.289768 -0.159825 -0.313893 -0.041416 -0.934993
1642647848.337094 -0.218277 1.141485 0.290019 -0.159270 -0.313452 -0.042050 -0.935207
1642647848.345428 -0.218277 1.141183 0.290271 -0.158723 -0.312926 -0.042716 -0.935446
1642647848.353761 -0.218265 1.140879 0.290520 -0.158190 -0.312445 -0.043364 -0.935668
1642647848.362094 -0.218240 1.140563 0.290755 -0.157676 -0.311923 -0.044073 -0.935895
1642647848.370428 -0.218210 1.140237 0.290978 -0.157207 -0.311499 -0.044779 -0.936082
1642647848.378761 -0.218175 1.139913 0.291186 -0.156743 -0.311164 -0.045441 -0.936239
1642647848.387094 -0.218131 1.139594 0.291380 -0.156263 -0.310922 -0.046091 -0.936368
1642647848.395427 -0.218077 1.139277 0.291568 -0.155780 -0.310656 -0.046771 -0.936503
1642647848.403761 -0.218003 1.138965 0.291746 -0.155308 -0.310432 -0.047454 -0.936621
1642647848.412094 -0.217911 1.138660 0.291922 -0.154849 -0.310367 -0.048119 -0.936685
1642647848.420428 -0.217813 1.138361 0.292097 -0.154371 -0.310378 -0.048721 -0.936729
1642647848.428761 -0.217703 1.138070 0.292269 -0.153919 -0.310441 -0.049306 -0.936752
1642647848.437094 -0.217583 1.137784 0.292440 -0.153511 -0.310502 -0.049911 -0.936767
1642647848.445428 -0.217518 1.137356 0.292524 -0.154779 -0.310279 -0.050340 -0.936609
1642647848.453761 -0.217432 1.137012 0.292668 -0.155272 -0.310250 -0.050477 -0.936530
1642647848.462094 -0.217313 1.136772 0.292866 -0.154764 -0.310337 -0.050799 -0.936568
1642647848.470428 -0.217170 1.136512 0.293065 -0.154395 -0.310433 -0.051269 -0.936571
1642647848.478761 -0.217005 1.136261 0.293285 -0.154019 -0.310513 -0.051748 -0.936580
1642647848.487094 -0.216828 1.136023 0.293511 -0.153660 -0.310556 -0.052257 -0.936596
1642647848.495428 -0.216632 1.135790 0.293743 -0.153450 -0.310637 -0.052735 -0.936577
1642647848.503761 -0.216415 1.135572 0.293995 -0.153320 -0.310731 -0.053212 -0.936540
1642647848.512094 -0.216145 1.135423 0.294285 -0.152668 -0.310971 -0.054154 -0.936513
1642647848.520427 -0.215861 1.135256 0.294578 -0.152327 -0.311186 -0.054931 -0.936452
1642647848.528761 -0.215575 1.135065 0.294881 -0.152483 -0.311383 -0.055332 -0.936338
1642647848.537094 -0.215271 1.134885 0.295204 -0.152753 -0.311525 -0.055751 -0.936221
1642647848.545428 -0.214931 1.134717 0.295549 -0.153108 -0.311709 -0.056018 -0.936086
1642647848.553761 -0.214572 1.134570 0.295902 -0.153559 -0.311804 -0.056291 -0.935964
1642647848.562094 -0.214203 1.134453 0.296270 -0.154013 -0.311891 -0.056544 -0.935846
1642647848.570428 -0.213817 1.134354 0.296648 -0.154492 -0.311919 -0.056777 -0.935743
1642647848.578761 -0.213425 1.134274 0.297022 -0.154946 -0.311733 -0.057062 -0.935713
1642647848.587094 -0.213022 1.134211 0.297402 -0.155483 -0.311465 -0.057236 -0.935702
1642647848.595428 -0.212573 1.134089 0.297748 -0.156083 -0.311491 -0.057056 -0.935605
1642647848.603761 -0.212167 1.134053 0.298142 -0.156679 -0.311191 -0.057116 -0.935601
1642647848.612094 -0.211771 1.134044 0.298545 -0.157170 -0.310607 -0.057300 -0.935702
1642647848.620428 -0.211361 1.134001 0.298917 -0.157629 -0.310091 -0.057380 -0.935791
1642647848.628761 -0.210975 1.133974 0.299283 -0.158040 -0.309511 -0.057528 -0.935904
1642647848.637094 -0.210573 1.133932 0.299653 -0.158461 -0.308958 -0.057582 -0.936013
1642647848.645427 -0.210166 1.133885 0.300026 -0.158863 -0.308241 -0.057686 -0.936174
1642647848.653761 -0.209743 1.133792 0.300358 -0.159117 -0.307676 -0.057677 -0.936317
1642647848.662094 -0.209333 1.133722 0.300697 -0.159288 -0.306919 -0.057821 -0.936528
1642647848.670428 -0.208941 1.133682 0.301063 -0.159430 -0.305919 -0.058113 -0.936813
1642647848.678761 -0.208587 1.133713 0.301463 -0.159558 -0.304586 -0.058676 -0.937190
1642647848.687094 -0.208207 1.133725 0.301850 -0.159731 -0.303420 -0.059008 -0.937518
1642647848.695428 -0.207800 1.133708 0.302203 -0.159864 -0.302372 -0.059222 -0.937821
1642647848.703761 -0.207394 1.133710 0.302546 -0.159883 -0.301279 -0.059549 -0.938148
1642647848.712094 -0.206952 1.133671 0.302852 -0.159789 -0.300406 -0.059752 -0.938431
1642647848.720428 -0.206499 1.133656 0.303183 -0.159670 -0.299594 -0.060018 -0.938694
1642647848.728761 -0.206037 1.133675 0.303549 -0.159501 -0.298640 -0.060408 -0.939002
1642647848.737094 -0.205547 1.133693 0.303915 -0.159280 -0.297693 -0.060799 -0.939315
1642647848.745428 -0.205058 1.133756 0.304302 -0.158602 -0.296817 -0.060862 -0.939703
1642647848.753761 -0.204523 1.133747 0.304646 -0.158493 -0.295873 -0.061355 -0.939987
1642647848.762094 -0.203961 1.133712 0.304980 -0.158521 -0.294734 -0.061997 -0.940297
1642647848.770427 -0.203401 1.133693 0.305324 -0.158337 -0.293585 -0.062414 -0.940660
1642647848.778761 -0.202835 1.133670 0.305665 -0.158154 -0.292447 -0.062747 -0.941023
1642647848.787094 -0.202313 1.133750 0.306073 -0.157604 -0.290909 -0.063009 -0.941575
1642647848.795428 -0.201773 1.133789 0.306442 -0.157217 -0.289350 -0.063290 -0.942101
1642647848.803761 -0.201147 1.133668 0.306685 -0.157547 -0.288286 -0.063704 -0.942344
1642647848.812094 -0.200553 1.133636 0.306976 -0.157320 -0.287122 -0.063712 -0.942736
1642647848.820428 -0.199988 1.133658 0.307300 -0.156972 -0.285803 -0.063712 -0.943195
1642647848.828761 -0.199400 1.133658 0.307597 -0.156873 -0.284509 -0.063963 -0.943586
1642647848.837094 -0.198809 1.133654 0.307880 -0.156781 -0.283316 -0.064181 -0.943945
1642647848.845428 -0.198213 1.133656 0.308160 -0.156683 -0.282248 -0.064368 -0.944269
1642647848.853761 -0.197604 1.133645 0.308422 -0.156601 -0.281264 -0.064484 -0.944568
1642647848.862094 -0.197024 1.133675 0.308701 -0.156616 -0.280127 -0.064761 -0.944884
1642647848.870428 -0.196437 1.133682 0.308954 -0.156589 -0.279087 -0.065027 -0.945178
1642647848.878761 -0.195832 1.133655 0.309181 -0.156504 -0.278345 -0.065104 -0.945406
1642647848.887094 -0.195225 1.133623 0.309402 -0.156479 -0.277673 -0.065200 -0.945601
1642647848.895427 -0.194601 1.133528 0.309567 -0.156475 -0.277116 -0.065139 -0.945769
1642647848.903761 -0.193988 1.133446 0.309733 -0.156449 -0.276608 -0.065064 -0.945927
1642647848.912094 -0.193396 1.133379 0.309904 -0.156484 -0.275961 -0.065107 -0.946107
1642647848.920428 -0.192813 1.133296 0.310065 -0.156626 -0.275354 -0.065055 -0.946265
1642647848.928761 -0.192241 1.133216 0.310220 -0.156760 -0.274605 -0.065066 -0.946459
1642647848.937094 -0.191699 1.133182 0.310402 -0.156926 -0.273570 -0.065328 -0.946713
1642647848.945428 -0.191122 1.133074 0.310519 -0.157048 -0.272901 -0.065217 -0.946894
1642647848.953761 -0.190543 1.132956 0.310615 -0.157187 -0.272373 -0.065019 -0.947036
1642647848.962094 -0.189985 1.132879 0.310731 -0.157311 -0.271586 -0.065057 -0.947239
1642647848.970428 -0.189419 1.132811 0.310851 -0.157446 -0.270823 -0.065034 -0.947437
1642647848.978761 -0.188846 1.132766 0.310971 -0.157559 -0.270249 -0.064918 -0.947590
1642647848.987094 -0.188261 1.132741 0.311093 -0.157587 -0.269820 -0.064801 -0.947715
1642647848.995428 -0.187663 1.132736 0.311213 -0.157566 -0.269181 -0.064770 -0.947903
1642647849.003761 -0.187049 1.132751 0.311334 -0.157617 -0.268555 -0.064681 -0.948078
1642647849.012094 -0.186422 1.132777 0.311454 -0.157715 -0.268141 -0.064492 -0.948191
1642647849.020427 -0.185782 1.132811 0.311582 -0.157804 -0.267833 -0.064238 -0.948281
1642647849.028761 -0.185133 1.132854 0.311710 -0.157905 -0.267537 -0.063998 -0.948364
1642647849.037094 -0.184489 1.132894 0.311833 -0.158074 -0.267327 -0.063716 -0.948414
1642647849.045428 -0.183838 1.132932 0.311960 -0.158168 -0.267085 -0.063485 -0.948482
1642647849.053761 -0.183177 1.132974 0.312086 -0.158217 -0.266747 -0.063347 -0.948578
1642647849.062094 -0.182522 1.133002 0.312197 -0.158390 -0.266513 -0.063094 -0.948632
1642647849.070428 -0.181874 1.133026 0.312298 -0.158555 -0.266352 -0.062790 -0.948670
1642647849.078761 -0.181226 1.133047 0.312401 -0.158676 -0.266105 -0.062520 -0.948737
1642647849.087094 -0.180582 1.133059 0.312489 -0.158774 -0.265712 -0.062421 -0.948837
1642647849.095428 -0.179943 1.133064 0.312570 -0.158789 -0.265363 -0.062307 -0.948940
1642647849.103761 -0.179301 1.133071 0.312646 -0.158803 -0.264991 -0.062189 -0.949049
1642647849.112094 -0.178659 1.133080 0.312723 -0.158812 -0.264672 -0.062063 -0.949145
1642647849.120428 -0.178021 1.133095 0.312809 -0.158794 -0.264411 -0.061874 -0.949233
1642647849.128761 -0.177390 1.133101 0.312881 -0.158750 -0.264056 -0.061727 -0.949349
1642647849.137094 -0.176773 1.133103 0.312944 -0.158762 -0.263681 -0.061594 -0.949459
1642647849.145427 -0.176169 1.133122 0.313006 -0.158702 -0.263286 -0.061462 -0.949588
1642647849.153761 -0.175580 1.133148 0.313056 -0.158584 -0.262841 -0.061409 -0.949734
1642647849.162094 -0.175006 1.133180 0.313100 -0.158474 -0.262506 -0.061247 -0.949856
1642647849.170428 -0.174450 1.133236 0.313135 -0.158311 -0.262041 -0.061120 -0.950019
1642647849.178761 -0.173905 1.133312 0.313169 -0.158078 -0.261525 -0.061072 -0.950203
1642647849.187094 -0.173361 1.133403 0.313204 -0.157793 -0.261044 -0.061061 -0.950384
1642647849.195428 -0.172825 1.133497 0.313232 -0.157505 -0.260607 -0.061052 -0.950552
1642647849.203761 -0.172301 1.133594 0.313251 -0.157173 -0.260294 -0.060951 -0.950699
1642647849.212094 -0.171783 1.133703 0.313276 -0.156827 -0.259932 -0.060900 -0.950858
1642647849.220428 -0.171268 1.133828 0.313301 -0.156578 -0.259692 -0.060844 -0.950969
1642647849.228761 -0.170753 1.133962 0.313326 -0.156347 -0.259502 -0.060820 -0.951060
1642647849.237094 -0.170240 1.134099 0.313346 -0.156075 -0.259335 -0.060804 -0.951151
1642647849.245428 -0.169729 1.134250 0.313370 -0.155853 -0.259203 -0.060770 -0.951226
1642647849.253761 -0.169211 1.134409 0.313406 -0.155601 -0.259021 -0.060816 -0.951314
1642647849.262094 -0.168686 1.134576 0.313453 -0.155259 -0.258845 -0.060906 -0.951412
1642647849.270427 -0.168158 1.134745 0.313504 -0.154986 -0.258686 -0.060913 -0.951499
1642647849.278761 -0.167632 1.134926 0.313557 -0.154757 -0.258591 -0.060784 -0.951570
1642647849.287094 -0.167104 1.135116 0.313619 -0.154572 -0.258512 -0.060626 -0.951632
1642647849.295428 -0.166573 1.135325 0.313686 -0.154373 -0.258327 -0.060558 -0.951719
1642647849.303761 -0.166048 1.135542 0.313743 -0.154230 -0.258057 -0.060452 -0.951822
1642647849.312094 -0.165527 1.135766 0.313792 -0.154021 -0.257748 -0.060290 -0.951950
1642647849.320428 -0.165006 1.135997 0.313847 -0.153646 -0.257463 -0.060174 -0.952095
1642647849.328761 -0.164482 1.136232 0.313907 -0.153250 -0.257185 -0.060085 -0.952240
1642647849.337094 -0.163940 1.136420 0.313933 -0.153279 -0.256940 -0.060330 -0.952286
1642647849.345428 -0.163414 1.136622 0.313974 -0.153157 -0.256763 -0.060451 -0.952345
1642647849.353761 -0.162901 1.136848 0.314041 -0.152719 -0.256674 -0.060383 -0.952444
1642647849.362094 -0.162386 1.137065 0.314112 -0.152314 -0.256568 -0.060355 -0.952539
1642647849.370428 -0.161863 1.137279 0.314187 -0.151964 -0.256442 -0.060345 -0.952629
1642647849.378761 -0.161346 1.137484 0.314267 -0.151637 -0.256342 -0.060314 -0.952710
1642647849.387094 -0.160834 1.137679 0.314350 -0.151297 -0.256242 -0.060280 -0.952794
1642647849.395427 -0.160317 1.137875 0.314433 -0.150981 -0.256067 -0.060224 -0.952894
1642647849.403761 -0.159805 1.138082 0.314517 -0.150657 -0.255937 -0.060151 -0.952985
1642647849.412094 -0.159304 1.138283 0.314599 -0.150310 -0.255714 -0.060086 -0.953104
1642647849.420428 -0.158812 1.138489 0.314692 -0.149994 -0.255471 -0.059998 -0.953225
1642647849.428761 -0.158326 1.138699 0.314789 -0.149736 -0.255237 -0.059872 -0.953336
1642647849.437094 -0.157854 1.138909 0.314885 -0.149476 -0.254888 -0.059719 -0.953479
1642647849.445428 -0.157404 1.139110 0.314980 -0.149239 -0.254481 -0.059558 -0.953635
1642647849.453761 -0.156981 1.139307 0.315072 -0.148983 -0.254012 -0.059440 -0.953808
1642647849.462094 -0.156577 1.139504 0.315167 -0.148705 -0.253514 -0.059320 -0.953991
1642647849.470428 -0.156182 1.139695 0.315268 -0.148321 -0.253026 -0.059282 -0.954183
1642647849.478761 -0.155798 1.139883 0.315372 -0.147950 -0.252638 -0.059231 -0.954346
1642647849.487094 -0.155429 1.140070 0.315478 -0.147574 -0.252206 -0.059201 -0.954520
1642647849.495428 -0.155054 1.140249 0.315571 -0.147209 -0.251520 -0.059249 -0.954755
1642647849.503761 -0.154681 1.140421 0.315675 -0.146869 -0.251023 -0.059248 -0.954938
1642647849.512094 -0.154313 1.140578 0.315794 -0.146540 -0.250677 -0.059241 -0.955080
1642647849.520427 -0.153939 1.140720 0.315914 -0.146287 -0.250371 -0.059266 -0.955198
1642647849.528761 -0.153573 1.140849 0.316034 -0.146061 -0.250120 -0.059260 -0.955298
1642647849.537094 -0.153210 1.140967 0.316155 -0.145820 -0.249884 -0.059277 -0.955396
1642647849.545428 -0.152840 1.141082 0.316286 -0.145607 -0.249702 -0.059266 -0.955476
1642647849.553761 -0.152476 1.141184 0.316422 -0.145430 -0.249502 -0.059235 -0.955557
1642647849.562094 -0.152122 1.141272 0.316569 -0.145198 -0.249223 -0.059232 -0.955666
1642647849.570428 -0.151773 1.141350 0.316719 -0.145029 -0.249018 -0.059257 -0.955743
1642647849.578761 -0.151436 1.141407 0.316868 -0.144946 -0.248878 -0.059277 -0.955791
1642647849.587094 -0.151104 1.141455 0.317036 -0.144802 -0.248704 -0.059339 -0.955854
1642647849.595428 -0.150776 1.141503 0.317217 -0.144700 -0.248445 -0.059443 -0.955931
1642647849.603761 -0.150452 1.141544 0.317400 -0.144632 -0.248164 -0.059503 -0.956010
1642647849.612094 -0.150134 1.141575 0.317598 -0.144553 -0.247917 -0.059542 -0.956084
1642647849.620428 -0.149819 1.141595 0.317805 -0.144541 -0.247677 -0.059588 -0.956145
1642647849.628761 -0.149511 1.141603 0.318021 -0.144582 -0.247390 -0.059578 -0.956214
1642647849.637094 -0.149210 1.141608 0.318251 -0.144603 -0.247019 -0.059552 -0.956308
1642647849.645427 -0.148916 1.141605 0.318494 -0.144644 -0.246561 -0.059577 -0.956419
1642647849.653761 -0.148631 1.141587 0.318743 -0.144686 -0.246092 -0.059622 -0.956530
1642647849.662094 -0.148358 1.141568 0.319000 -0.144697 -0.245541 -0.059673 -0.956667
1642647849.670428 -0.148090 1.141552 0.319266 -0.144753 -0.245000 -0.059746 -0.956792
1642647849.678761 -0.147848 1.141583 0.319575 -0.144840 -0.244276 -0.059968 -0.956951
1642647849.687094 -0.147596 1.141584 0.319881 -0.144972 -0.243545 -0.060097 -0.957109
1642647849.695428 -0.147289 1.141500 0.320134 -0.145105 -0.243161 -0.059924 -0.957197
1642647849.703761 -0.146980 1.141429 0.320408 -0.145246 -0.242676 -0.059862 -0.957303
1642647849.712094 -0.146693 1.141382 0.320710 -0.145460 -0.242068 -0.059883 -0.957423
1642647849.720428 -0.146401 1.141335 0.321019 -0.145678 -0.241528 -0.059888 -0.957526
1642647849.728761 -0.146113 1.141286 0.321328 -0.145922 -0.241005 -0.059878 -0.957621
1642647849.737094 -0.145837 1.141236 0.321638 -0.146161 -0.240404 -0.059885 -0.957735
1642647849.745428 -0.145564 1.141182 0.321948 -0.146373 -0.239831 -0.059918 -0.957844
1642647849.753761 -0.145301 1.141124 0.322245 -0.146573 -0.239208 -0.060013 -0.957964
1642647849.762094 -0.145055 1.141063 0.322540 -0.146748 -0.238511 -0.060149 -0.958102
1642647849.770427 -0.144811 1.141000 0.322827 -0.146900 -0.237836 -0.060261 -0.958240
1642647849.778761 -0.144574 1.140937 0.323106 -0.147052 -0.237197 -0.060395 -0.958366
1642647849.787094 -0.144335 1.140883 0.323382 -0.147191 -0.236576 -0.060546 -0.958489
1642647849.795428 -0.144089 1.140826 0.323651 -0.147337 -0.235980 -0.060742 -0.958601
1642647849.803761 -0.143835 1.140769 0.323922 -0.147460 -0.235524 -0.060869 -0.958686
1642647849.812094 -0.143569 1.140698 0.324184 -0.147627 -0.235071 -0.061028 -0.958762
1642647849.820428 -0.143297 1.140625 0.324443 -0.147832 -0.234597 -0.061207 -0.958835
1642647849.828761 -0.143020 1.140548 0.324700 -0.147979 -0.234091 -0.061398 -0.958923
1642647849.837094 -0.142744 1.140459 0.324937 -0.148152 -0.233550 -0.061595 -0.959016
1642647849.845428 -0.142493 1.140404 0.325204 -0.147821 -0.233075 -0.061402 -0.959195
1642647849.853761 -0.142236 1.140335 0.325448 -0.147646 -0.232591 -0.061282 -0.959347
1642647849.862094 -0.141972 1.140228 0.325648 -0.147817 -0.232089 -0.061393 -0.959435
1642647849.870428 -0.141707 1.140118 0.325841 -0.147977 -0.231572 -0.061522 -0.959527
1642647849.878761 -0.141444 1.140007 0.326027 -0.148104 -0.231016 -0.061666 -0.959632
1642647849.887094 -0.141173 1.139879 0.326201 -0.148248 -0.230488 -0.061771 -0.959730
1642647849.895427 -0.140896 1.139746 0.326360 -0.148434 -0.229963 -0.061818 -0.959824
1642647849.903761 -0.140609 1.139612 0.326501 -0.148583 -0.229359 -0.061865 -0.959943
1642647849.912094 -0.140314 1.139472 0.326639 -0.148724 -0.228707 -0.061904 -0.960074
1642647849.920428 -0.140015 1.139322 0.326768 -0.148891 -0.228025 -0.061922 -0.960209
1642647849.928761 -0.139718 1.139163 0.326882 -0.149061 -0.227360 -0.061872 -0.960344
1642647849.937094 -0.139421 1.138997 0.326981 -0.149214 -0.226746 -0.061779 -0.960471
1642647849.945428 -0.139122 1.138831 0.327067 -0.149344 -0.226119 -0.061681 -0.960605
1642647849.953761 -0.138826 1.138664 0.327140 -0.149463 -0.225518 -0.061612 -0.960732
1642647849.962094 -0.138528 1.138494 0.327201 -0.149617 -0.224903 -0.061531 -0.960858
1642647849.970428 -0.138230 1.138328 0.327260 -0.149702 -0.224303 -0.061431 -0.960991
1642647849.978761 -0.137928 1.138159 0.327313 -0.149725 -0.223814 -0.061270 -0.961112
1642647849.987094 -0.137616 1.137989 0.327363 -0.149818 -0.223338 -0.061126 -0.961217
1642647849.995428 -0.137296 1.137809 0.327402 -0.150014 -0.222818 -0.061047 -0.961312
1642647850.003761 -0.136969 1.137624 0.327439 -0.150254 -0.222431 -0.060851 -0.961377
1642647850.012094 -0.136633 1.137438 0.327481 -0.150475 -0.222095 -0.060601 -0.961436
1642647850.020427 -0.136292 1.137245 0.327515 -0.150729 -0.221673 -0.060392 -0.961507
1642647850.028761 -0.135941 1.137055 0.327548 -0.150996 -0.221175 -0.060223 -0.961590
1642647850.037094 -0.135589 1.136860 0.327571 -0.151338 -0.220642 -0.060063 -0.961669
1642647850.045428 -0.135230 1.136608 0.327540 -0.151115 -0.218963 -0.060634 -0.962052
1642647850.053761 -0.134848 1.136343 0.327489 -0.151535 -0.217713 -0.061208 -0.962233
1642647850.062094 -0.134494 1.136176 0.327515 -0.151614 -0.217219 -0.060807 -0.962357
1642647850.070428 -0.134152 1.136025 0.327545 -0.151546 -0.216672 -0.060274 -0.962525
1642647850.078761 -0.133798 1.135859 0.327547 -0.151751 -0.216132 -0.059930 -0.962635
1642647850.087094 -0.133419 1.135663 0.327501 -0.152479 -0.215496 -0.060033 -0.962657
1642647850.095428 -0.133064 1.135530 0.327503 -0.152530 -0.214856 -0.059638 -0.962816
1642647850.103761 -0.132706 1.135422 0.327512 -0.152337 -0.214230 -0.059055 -0.963022
1642647850.112094 -0.132337 1.135297 0.327492 -0.152487 -0.213743 -0.058656 -0.963131
1642647850.120428 -0.131970 1.135175 0.327455 -0.152601 -0.213229 -0.058294 -0.963249
1642647850.128761 -0.131626 1.135004 0.327336 -0.153631 -0.212454 -0.058101 -0.963268
1642647850.137094 -0.131293 1.134870 0.327234 -0.154354 -0.211746 -0.057851 -0.963323
1642647850.145427 -0.130985 1.134867 0.327213 -0.154560 -0.210007 -0.058653 -0.963622
1642647850.153761 -0.130675 1.134847 0.327163 -0.154650 -0.208649 -0.059142 -0.963873
1642647850.162094 -0.130313 1.134697 0.327029 -0.154488 -0.209172 -0.057762 -0.963869
1642647850.170428 -0.130019 1.134778 0.327073 -0.152828 -0.208359 -0.057267 -0.964340
1642647850.178761 -0.129692 1.134765 0.327032 -0.151621 -0.208274 -0.056261 -0.964608
1642647850.187094 -0.129336 1.134649 0.326881 -0.151542 -0.208535 -0.055345 -0.964617
1642647850.195428 -0.129002 1.134589 0.326756 -0.151567 -0.208086 -0.055220 -0.964717
1642647850.203761 -0.128669 1.134522 0.326621 -0.151649 -0.207737 -0.055085 -0.964787
1642647850.212094 -0.128338 1.134456 0.326482 -0.151783 -0.207493 -0.054936 -0.964827
1642647850.220428 -0.128011 1.134390 0.326340 -0.151916 -0.207234 -0.054867 -0.964866
1642647850.228761 -0.127718 1.134394 0.326234 -0.152182 -0.205839 -0.055954 -0.965060
1642647850.237094 -0.127420 1.134366 0.326107 -0.152397 -0.204888 -0.056657 -0.965187
1642647850.245428 -0.127105 1.134282 0.325946 -0.152550 -0.204753 -0.056610 -0.965194
1642647850.253761 -0.126760 1.134111 0.325730 -0.152579 -0.205759 -0.055448 -0.965043
1642647850.262094 -0.126434 1.133962 0.325522 -0.152563 -0.206344 -0.054675 -0.964965
1642647850.270427 -0.126134 1.133864 0.325339 -0.152646 -0.206123 -0.054699 -0.964998
1642647850.278761 -0.125843 1.133765 0.325154 -0.152725 -0.205949 -0.054694 -0.965023
1642647850.287094 -0.125553 1.133656 0.324967 -0.152754 -0.205695 -0.054772 -0.965068
1642647850.295428 -0.125268 1.133539 0.324775 -0.152749 -0.205418 -0.054882 -0.965121
1642647850.303761 -0.124987 1.133413 0.324572 -0.152766 -0.205133 -0.055036 -0.965171
1642647850.312094 -0.124708 1.133284 0.324370 -0.152760 -0.204789 -0.055235 -0.965233
1642647850.320428 -0.124435 1.133154 0.324169 -0.152696 -0.204401 -0.055418 -0.965315
1642647850.328761 -0.124198 1.133104 0.324017 -0.152703 -0.202878 -0.056668 -0.965563
1642647850.337094 -0.123955 1.133035 0.323851 -0.152701 -0.201690 -0.057548 -0.965760
1642647850.345428 -0.123684 1.132905 0.323655 -0.152596 -0.201273 -0.057652 -0.965857
1642647850.353761 -0.123385 1.132729 0.323446 -0.152448 -0.201346 -0.057180 -0.965893
1642647850.362094 -0.123090 1.132562 0.323245 -0.152316 -0.201123 -0.056896 -0.965977
1642647850.370428 -0.122830 1.132464 0.323086 -0.152283 -0.200021 -0.057536 -0.966174
1642647850.378761 -0.122526 1.132270 0.322890 -0.152177 -0.200338 -0.056800 -0.966168
1642647850.387094 -0.122211 1.132073 0.322706 -0.152112 -0.200691 -0.056003 -0.966152
1642647850.395427 -0.121944 1.132004 0.322612 -0.152244 -0.199102 -0.057122 -0.966394
1642647850.403761 -0.121660 1.131907 0.322516 -0.152357 -0.197823 -0.057948 -0.966590
1642647850.412094 -0.121347 1.131756 0.322401 -0.152450 -0.197355 -0.057999 -0.966667
1642647850.420428 -0.121014 1.131603 0.322306 -0.152595 -0.196912 -0.057968 -0.966737
1642647850.428761 -0.120676 1.131454 0.322228 -0.152769 -0.196585 -0.057851 -0.966783
1642647850.437094 -0.120330 1.131300 0.322157 -0.152955 -0.196242 -0.057733 -0.966830
1642647850.445428 -0.119970 1.131139 0.322098 -0.153209 -0.195944 -0.057564 -0.966861
1642647850.453761 -0.119607 1.130982 0.322049 -0.153493 -0.195710 -0.057374 -0.966874
1642647850.462094 -0.119246 1.130819 0.322005 -0.153772 -0.195428 -0.057234 -0.966895
1642647850.470428 -0.118890 1.130652 0.321966 -0.154099 -0.195207 -0.057057 -0.966898
1642647850.478761 -0.118495 1.130406 0.321891 -0.154357 -0.196118 -0.055797 -0.966746
1642647850.487094 -0.118119 1.130223 0.321866 -0.154701 -0.196044 -0.055442 -0.966727
1642647850.495428 -0.117763 1.130084 0.321868 -0.155084 -0.195482 -0.055630 -0.966768
1642647850.503761 -0.117421 1.129954 0.321873 -0.155432 -0.194849 -0.056023 -0.966818
1642647850.512094 -0.117064 1.129808 0.321879 -0.155734 -0.194326 -0.056295 -0.966858
1642647850.520427 -0.116687 1.129638 0.321881 -0.156022 -0.194187 -0.056203 -0.966845
1642647850.528761 -0.116284 1.129390 0.321840 -0.156233 -0.195248 -0.054980 -0.966668
1642647850.537094 -0.115918 1.129245 0.321862 -0.156565 -0.194803 -0.055203 -0.966691
1642647850.545428 -0.115560 1.129129 0.321912 -0.156912 -0.193917 -0.055876 -0.966775
1642647850.553761 -0.115177 1.128956 0.321933 -0.157226 -0.193694 -0.055842 -0.966770
1642647850.562094 -0.114794 1.128791 0.321959 -0.157587 -0.193508 -0.055811 -0.966750
1642647850.570428 -0.114412 1.128633 0.321992 -0.157933 -0.193397 -0.055751 -0.966720
1642647850.578761 -0.114021 1.128482 0.322027 -0.158266 -0.193226 -0.055715 -0.966701
1642647850.587094 -0.113625 1.128335 0.322067 -0.158585 -0.193170 -0.055619 -0.966666
1642647850.595428 -0.113226 1.128197 0.322113 -0.158891 -0.193134 -0.055546 -0.966627
1642647850.603761 -0.112825 1.128069 0.322161 -0.159150 -0.193059 -0.055519 -0.966601
1642647850.612094 -0.112417 1.127954 0.322214 -0.159388 -0.192981 -0.055525 -0.966577
1642647850.620428 -0.112006 1.127852 0.322267 -0.159678 -0.192934 -0.055570 -0.966536
1642647850.628761 -0.111582 1.127766 0.322330 -0.159910 -0.192955 -0.055641 -0.966489
1642647850.637094 -0.111150 1.127692 0.322398 -0.160086 -0.192977 -0.055776 -0.966448
1642647850.645427 -0.110721 1.127632 0.322463 -0.160262 -0.193002 -0.055926 -0.966405
1642647850.653761 -0.110281 1.127582 0.322526 -0.160455 -0.193142 -0.056057 -0.966338
1642647850.662094 -0.109834 1.127542 0.322589 -0.160605 -0.193250 -0.056254 -0.966279
1642647850.670428 -0.109342 1.127426 0.322609 -0.160673 -0.194525 -0.055289 -0.966068
1642647850.678761 -0.108886 1.127431 0.322691 -0.160850 -0.194358 -0.055715 -0.966048
1642647850.687094 -0.108434 1.127486 0.322790 -0.161044 -0.193656 -0.056637 -0.966103
1642647850.695428 -0.107949 1.127503 0.322856 -0.161174 -0.193722 -0.056792 -0.966059
1642647850.703761 -0.107449 1.127538 0.322922 -0.161269 -0.193855 -0.056906 -0.966009
1642647850.712094 -0.106933 1.127584 0.322986 -0.161336 -0.194075 -0.056977 -0.965950
1642647850.720428 -0.106369 1.127558 0.323001 -0.161282 -0.195349 -0.055966 -0.965761
1642647850.728761 -0.105839 1.127648 0.323069 -0.161374 -0.195113 -0.056348 -0.965771
1642647850.737094 -0.105310 1.127774 0.323150 -0.161508 -0.194383 -0.057215 -0.965845
1642647850.745428 -0.104735 1.127853 0.323197 -0.161532 -0.194467 -0.057277 -0.965820
1642647850.753761 -0.104150 1.127943 0.323245 -0.161496 -0.194563 -0.057314 -0.965805
1642647850.762094 -0.103563 1.128042 0.323279 -0.161427 -0.194722 -0.057342 -0.965783
1642647850.770427 -0.102940 1.128065 0.323260 -0.161264 -0.196033 -0.056228 -0.965610
1642647850.778761 -0.102346 1.128199 0.323301 -0.161139 -0.195858 -0.056593 -0.965645
1642647850.787094 -0.101767 1.128373 0.323353 -0.161043 -0.195205 -0.057426 -0.965745
1642647850.795428 -0.101173 1.128495 0.323368 -0.160866 -0.195326 -0.057457 -0.965748
1642647850.803761 -0.100571 1.128625 0.323383 -0.160655 -0.195518 -0.057441 -0.965745
1642647850.812094 -0.099958 1.128767 0.323402 -0.160470 -0.195651 -0.057523 -0.965744
1642647850.820428 -0.099341 1.128915 0.323413 -0.160290 -0.195757 -0.057543 -0.965751
1642647850.828761 -0.098722 1.129074 0.323415 -0.160085 -0.195932 -0.057523 -0.965751
1642647850.837094 -0.098101 1.129240 0.323412 -0.159867 -0.196014 -0.057543 -0.965769
1642647850.845428 -0.097481 1.129406 0.323407 -0.159545 -0.196071 -0.057485 -0.965814
1642647850.853761 -0.096860 1.129572 0.323399 -0.159194 -0.196149 -0.057401 -0.965861
1642647850.862094 -0.096203 1.129659 0.323350 -0.158778 -0.197400 -0.056227 -0.965744
1642647850.870428 -0.095553 1.129814 0.323349 -0.158404 -0.197673 -0.055894 -0.965769
1642647850.878761 -0.094949 1.130046 0.323392 -0.158148 -0.196694 -0.056760 -0.965960
1642647850.887094 -0.094339 1.130237 0.323410 -0.157837 -0.196364 -0.057040 -0.966062
1642647850.895427 -0.093718 1.130405 0.323413 -0.157439 -0.196395 -0.056963 -0.966125
1642647850.903761 -0.093101 1.130558 0.323416 -0.157006 -0.196323 -0.056935 -0.966212
1642647850.912094 -0.092486 1.130702 0.323428 -0.156606 -0.196192 -0.056846 -0.966308
1642647850.920428 -0.091879 1.130838 0.323443 -0.156223 -0.196109 -0.056734 -0.966394
1642647850.928761 -0.091281 1.130963 0.323465 -0.155848 -0.196020 -0.056678 -0.966476
1642647850.937094 -0.090688 1.131082 0.323497 -0.155520 -0.195933 -0.056581 -0.966552
1642647850.945428 -0.090105 1.131201 0.323536 -0.155245 -0.195847 -0.056471 -0.966620
1642647850.953761 -0.089526 1.131311 0.323590 -0.154910 -0.195699 -0.056379 -0.966709
1642647850.962094 -0.088952 1.131416 0.323661 -0.154555 -0.195503 -0.056339 -0.966808
1642647850.970428 -0.088352 1.131442 0.323697 -0.154142 -0.196509 -0.055174 -0.966737
1642647850.978761 -0.087758 1.131481 0.323760 -0.153750 -0.197225 -0.054275 -0.966705
1642647850.987094 -0.087220 1.131649 0.323914 -0.153561 -0.195967 -0.055269 -0.966934
1642647850.995428 -0.086639 1.131710 0.324024 -0.153319 -0.196170 -0.054812 -0.966957
1642647851.003761 -0.086073 1.131812 0.324175 -0.153115 -0.195636 -0.054999 -0.967087
1642647851.012094 -0.085533 1.131945 0.324357 -0.152946 -0.194628 -0.055688 -0.967278
1642647851.020427 -0.084977 1.132024 0.324527 -0.152734 -0.194393 -0.055649 -0.967361
1642647851.028761 -0.084412 1.132100 0.324712 -0.152612 -0.194152 -0.055522 -0.967436
1642647851.037094 -0.083845 1.132169 0.324916 -0.152551 -0.193957 -0.055337 -0.967495
1642647851.045428 -0.083257 1.132196 0.325114 -0.152432 -0.194178 -0.054636 -0.967510
1642647851.053761 -0.082679 1.132235 0.325330 -0.152315 -0.194258 -0.054081 -0.967543
1642647851.062094 -0.082144 1.132336 0.325593 -0.152304 -0.193442 -0.054491 -0.967685
1642647851.070428 -0.081604 1.132423 0.325863 -0.152282 -0.192763 -0.054735 -0.967810
1642647851.078761 -0.081050 1.132484 0.326132 -0.152295 -0.192468 -0.054609 -0.967874
1642647851.087094 -0.080492 1.132534 0.326412 -0.152325 -0.192125 -0.054515 -0.967943
1642647851.095428 -0.079934 1.132579 0.326700 -0.152294 -0.191833 -0.054406 -0.968012
1642647851.103761 -0.079388 1.132621 0.326999 -0.152200 -0.191541 -0.054341 -0.968088
1642647851.112094 -0.078862 1.132692 0.327333 -0.152403 -0.192021 -0.053844 -0.967989
1642647851.120428 -0.078308 1.132722 0.327646 -0.152260 -0.191495 -0.053878 -0.968114
1642647851.128761 -0.077727 1.132655 0.327908 -0.151882 -0.191674 -0.053035 -0.968184
1642647851.137094 -0.077209 1.132704 0.328256 -0.151837 -0.190865 -0.053411 -0.968330
1642647851.145427 -0.076704 1.132789 0.328628 -0.151805 -0.189611 -0.054205 -0.968538
1642647851.153761 -0.076179 1.132809 0.328972 -0.151691 -0.189170 -0.054169 -0.968644
1642647851.162094 -0.075662 1.132821 0.329320 -0.151657 -0.188726 -0.054097 -0.968739
1642647851.170428 -0.075153 1.132827 0.329669 -0.151626 -0.188161 -0.054091 -0.968855
1642647851.178761 -0.074654 1.132836 0.330031 -0.151511 -0.187559 -0.054185 -0.968984
1642647851.187094 -0.074158 1.132841 0.330395 -0.151439 -0.187065 -0.054250 -0.969087
1642647851.195428 -0.073660 1.132839 0.330759 -0.151438 -0.186560 -0.054262 -0.969184
1642647851.203761 -0.073173 1.132839 0.331121 -0.151467 -0.186110 -0.054214 -0.969269
1642647851.212094 -0.072672 1.132796 0.331469 -0.151438 -0.186139 -0.053681 -0.969297
1642647851.220428 -0.072202 1.132798 0.331843 -0.151435 -0.185377 -0.053927 -0.969430
1642647851.228761 -0.071744 1.132825 0.332231 -0.151413 -0.184404 -0.054374 -0.969594
1642647851.237094 -0.071282 1.132824 0.332600 -0.151370 -0.183875 -0.054372 -0.969701
1642647851.245428 -0.070861 1.132902 0.333010 -0.151352 -0.183174 -0.054489 -0.969831
1642647851.253761 -0.070418 1.132887 0.333348 -0.151299 -0.182627 -0.054416 -0.969946
1642647851.262094 -0.069963 1.132835 0.333665 -0.151223 -0.182082 -0.054324 -0.970065
1642647851.270427 -0.069530 1.132840 0.334018 -0.151137 -0.181402 -0.054355 -0.970204
1642647851.278761 -0.069083 1.132799 0.334349 -0.151043 -0.181338 -0.053775 -0.970263
1642647851.287094 -0.068694 1.132882 0.334762 -0.151052 -0.180496 -0.054019 -0.970405
1642647851.295428 -0.068312 1.132961 0.335162 -0.151034 -0.179378 -0.054563 -0.970585
1642647851.303761 -0.067834 1.132797 0.335403 -0.150860 -0.180098 -0.053316 -0.970548
1642647851.312094 -0.067404 1.132752 0.335724 -0.150768 -0.179329 -0.053512 -0.970694
1642647851.320428 -0.067011 1.132802 0.336104 -0.150709 -0.177922 -0.054321 -0.970917
1642647851.328761 -0.066596 1.132801 0.336443 -0.150583 -0.177297 -0.054309 -0.971052
1642647851.337094 -0.066184 1.132796 0.336777 -0.150420 -0.176624 -0.054322 -0.971199
1642647851.345428 -0.065770 1.132794 0.337114 -0.150248 -0.175942 -0.054328 -0.971349
1642647851.353761 -0.065347 1.132796 0.337449 -0.150113 -0.175323 -0.054257 -0.971485
1642647851.362094 -0.064924 1.132796 0.337783 -0.149944 -0.174646 -0.054199 -0.971637
1642647851.370428 -0.064488 1.132794 0.338119 -0.149752 -0.173976 -0.054150 -0.971789
1642647851.378761 -0.064038 1.132792 0.338449 -0.149602 -0.173356 -0.054076 -0.971928
1642647851.387094 -0.063547 1.132710 0.338731 -0.149419 -0.173882 -0.052881 -0.971927
1642647851.395427 -0.063093 1.132723 0.339070 -0.149334 -0.172852 -0.053128 -0.972111
1642647851.403761 -0.062644 1.132762 0.339434 -0.149321 -0.171371 -0.053838 -0.972336
1642647851.412094 -0.062163 1.132743 0.339759 -0.149310 -0.170875 -0.053632 -0.972436
1642647851.420428 -0.061678 1.132730 0.340084 -0.149304 -0.170389 -0.053423 -0.972534
1642647851.428761 -0.061192 1.132720 0.340408 -0.149281 -0.169740 -0.053287 -0.972658
1642647851.437094 -0.060733 1.132788 0.340779 -0.149332 -0.168977 -0.053272 -0.972784
1642647851.445428 -0.060239 1.132760 0.341075 -0.149389 -0.168398 -0.053061 -0.972887
1642647851.453761 -0.059730 1.132698 0.341352 -0.149378 -0.167844 -0.052798 -0.972999
1642647851.462094 -0.059258 1.132773 0.341725 -0.149338 -0.166993 -0.052814 -0.973151
1642647851.470428 -0.058776 1.132826 0.342082 -0.149290 -0.166246 -0.052762 -0.973289
1642647851.478761 -0.058283 1.132819 0.342392 -0.149274 -0.165710 -0.052485 -0.973398
1642647851.487094 -0.057793 1.132811 0.342698 -0.149276 -0.165118 -0.052256 -0.973510
1642647851.495428 -0.057285 1.132720 0.342940 -0.149188 -0.164615 -0.051953 -0.973625
1642647851.503761 -0.056781 1.132662 0.343195 -0.149073 -0.164018 -0.051732 -0.973755
1642647851.512094 -0.056299 1.132666 0.343491 -0.148970 -0.163307 -0.051620 -0.973896
1642647851.520427 -0.055808 1.132634 0.343761 -0.148837 -0.163148 -0.050903 -0.973981
1642647851.528761 -0.055345 1.132644 0.344048 -0.148747 -0.162310 -0.050875 -0.974136
1642647851.537094 -0.054890 1.132669 0.344340 -0.148676 -0.161148 -0.051105 -0.974328
1642647851.545428 -0.054434 1.132666 0.344614 -0.148506 -0.160370 -0.050947 -0.974491
1642647851.553761 -0.053988 1.132658 0.344891 -0.148332 -0.159587 -0.050815 -0.974653
1642647851.562094 -0.053539 1.132650 0.345173 -0.148163 -0.158711 -0.050720 -0.974826
1642647851.570428 -0.053084 1.132639 0.345451 -0.148007 -0.157924 -0.050557 -0.974986
1642647851.578761 -0.052595 1.132577 0.345714 -0.148185 -0.157240 -0.050739 -0.975060
1642647851.587094 -0.052111 1.132495 0.345959 -0.147954 -0.157623 -0.049382 -0.975103
1642647851.595428 -0.051656 1.132454 0.346226 -0.147574 -0.157651 -0.048214 -0.975215
1642647851.603761 -0.051244 1.132516 0.346561 -0.147480 -0.155671 -0.049315 -0.975492
1642647851.612094 -0.050822 1.132561 0.346892 -0.147420 -0.154084 -0.050049 -0.975715
1642647851.620428 -0.050366 1.132553 0.347199 -0.147323 -0.153401 -0.049957 -0.975843
1642647851.628761 -0.049913 1.132549 0.347505 -0.147261 -0.152764 -0.049812 -0.975959
1642647851.637094 -0.049467 1.132546 0.347812 -0.147209 -0.152054 -0.049751 -0.976081
1642647851.645427 -0.049025 1.132547 0.348123 -0.147129 -0.151333 -0.049692 -0.976208
1642647851.653761 -0.048586 1.132556 0.348437 -0.147062 -0.150584 -0.049597 -0.976339
1642647851.662094 -0.048144 1.132568 0.348752 -0.147009 -0.149740 -0.049535 -0.976480
1642647851.670428 -0.047671 1.132503 0.349024 -0.146897 -0.150163 -0.048290 -0.976494
1642647851.678761 -0.047210 1.132463 0.349314 -0.146791 -0.150269 -0.047358 -0.976539
1642647851.687094 -0.046810 1.132558 0.349690 -0.146790 -0.148280 -0.048391 -0.976793
1642647851.695428 -0.046401 1.132637 0.350061 -0.146798 -0.146595 -0.049119 -0.977010
1642647851.703761 -0.045973 1.132668 0.350404 -0.146753 -0.145685 -0.049068 -0.977155
1642647851.712094 -0.045541 1.132704 0.350755 -0.146680 -0.144853 -0.049002 -0.977293
1642647851.720428 -0.045108 1.132744 0.351108 -0.146631 -0.144044 -0.048941 -0.977423
1642647851.728761 -0.044685 1.132789 0.351460 -0.146605 -0.143169 -0.048852 -0.977560
1642647851.737094 -0.044268 1.132835 0.351811 -0.146549 -0.142217 -0.048776 -0.977711
1642647851.745428 -0.043883 1.132962 0.352228 -0.146475 -0.141055 -0.048908 -0.977884
1642647851.753761 -0.043471 1.133035 0.352605 -0.146371 -0.140562 -0.048416 -0.977995
1642647851.762094 -0.043035 1.133027 0.352916 -0.146181 -0.140735 -0.047404 -0.978048
1642647851.770427 -0.042615 1.133055 0.353246 -0.145956 -0.140302 -0.047014 -0.978163
1642647851.778761 -0.042200 1.133110 0.353590 -0.145777 -0.139390 -0.047054 -0.978318
1642647851.787094 -0.041830 1.133246 0.353978 -0.145622 -0.137342 -0.048164 -0.978576
1642647851.795428 -0.041422 1.133294 0.354312 -0.145463 -0.136796 -0.047845 -0.978692
1642647851.803761 -0.040990 1.133305 0.354630 -0.145287 -0.136811 -0.047019 -0.978756
1642647851.812094 -0.040583 1.133380 0.354976 -0.145093 -0.135870 -0.047118 -0.978911
1642647851.820428 -0.040186 1.133464 0.355312 -0.144926 -0.134909 -0.047222 -0.979064
1642647851.828761 -0.039778 1.133526 0.355629 -0.144784 -0.134289 -0.046853 -0.979188
1642647851.837094 -0.039429 1.133707 0.355994 -0.144625 -0.132012 -0.048063 -0.979462
1642647851.845428 -0.039052 1.133804 0.356304 -0.144358 -0.131109 -0.048056 -0.979623
1642647851.853761 -0.038650 1.133846 0.356579 -0.144088 -0.130996 -0.047238 -0.979718
1642647851.862094 -0.038272 1.133951 0.356878 -0.143883 -0.129982 -0.047267 -0.979882
1642647851.870428 -0.037869 1.134019 0.357149 -0.143627 -0.129055 -0.047170 -0.980047
1642647851.878761 -0.037496 1.134142 0.357445 -0.143345 -0.127859 -0.047254 -0.980240
1642647851.887094 -0.037117 1.134252 0.357718 -0.143088 -0.126715 -0.047239 -0.980427
1642647851.895427 -0.036711 1.134326 0.357961 -0.142854 -0.126102 -0.046712 -0.980566
1642647851.903761 -0.036341 1.134470 0.358236 -0.142583 -0.125157 -0.046528 -0.980735
1642647851.912094 -0.035987 1.134650 0.358511 -0.142273 -0.123621 -0.046980 -0.980953
1642647851.920428 -0.035615 1.134805 0.358762 -0.142015 -0.122361 -0.047203 -0.981138
1642647851.928761 -0.035212 1.134883 0.358948 -0.141755 -0.121493 -0.047031 -0.981292
1642647851.937094 -0.034844 1.135063 0.359199 -0.141510 -0.120458 -0.047070 -0.981453
1642647851.945428 -0.034486 1.135287 0.359462 -0.141291 -0.119396 -0.047148 -0.981610
1642647851.953761 -0.034112 1.135466 0.359675 -0.141068 -0.118415 -0.047133 -0.981762
1642647851.962094 -0.033743 1.135643 0.359887 -0.140828 -0.117548 -0.047077 -0.981903
1642647851.970428 -0.033370 1.135830 0.360097 -0.140533 -0.116628 -0.047071 -0.982055
1642647851.978761 -0.032996 1.136025 0.360312 -0.140194 -0.115595 -0.047083 -0.982225
1642647851.987094 -0.032620 1.136216 0.360525 -0.139877 -0.114650 -0.047034 -0.982384
1642647851.995428 -0.032237 1.136393 0.360727 -0.139602 -0.113745 -0.046987 -0.982530
1642647852.003761 -0.031849 1.136566 0.360922 -0.139270 -0.112769 -0.046987 -0.982690
1642647852.012094 -0.031455 1.136738 0.361123 -0.138965 -0.111752 -0.047005 -0.982848
1642647852.020427 -0.031059 1.136896 0.361321 -0.138671 -0.110785 -0.046990 -0.983000
1642647852.028761 -0.030688 1.137083 0.361538 -0.138656 -0.110534 -0.046602 -0.983049
1642647852.037094 -0.030286 1.137225 0.361723 -0.138199 -0.109267 -0.046753 -0.983248
1642647852.045428 -0.029879 1.137343 0.361893 -0.137544 -0.107608 -0.047120 -0.983505
1642647852.053761 -0.029496 1.137480 0.362071 -0.137146 -0.106507 -0.047249 -0.983674
1642647852.062094 -0.029136 1.137668 0.362292 -0.137397 -0.106621 -0.046665 -0.983655
1642647852.070428 -0.028775 1.137840 0.362491 -0.137452 -0.106352 -0.046270 -0.983695
1642647852.078761 -0.028406 1.137962 0.362643 -0.137068 -0.105234 -0.046354 -0.983865
1642647852.087094 -0.028038 1.138091 0.362799 -0.136636 -0.104042 -0.046481 -0.984046
1642647852.095428 -0.027674 1.138218 0.362954 -0.136209 -0.102902 -0.046637 -0.984217
1642647852.103761 -0.027322 1.138344 0.363104 -0.135760 -0.101870 -0.046736 -0.984382
1642647852.112094 -0.026978 1.138472 0.363253 -0.135257 -0.100881 -0.046792 -0.984550
1642647852.120428 -0.026614 1.138555 0.363368 -0.134273 -0.098851 -0.047468 -0.984858
1642647852.128761 -0.026291 1.138708 0.363534 -0.133961 -0.098032 -0.047443 -0.984984
1642647852.137094 -0.025995 1.138867 0.363697 -0.133810 -0.097561 -0.047256 -0.985060
1642647852.145427 -0.025694 1.139008 0.363844 -0.133516 -0.096746 -0.047262 -0.985180
1642647852.153761 -0.025405 1.139162 0.363999 -0.133272 -0.096006 -0.047232 -0.985287
1642647852.162094 -0.025100 1.139269 0.364123 -0.132944 -0.095189 -0.047173 -0.985413
1642647852.170428 -0.024806 1.139371 0.364247 -0.132575 -0.094189 -0.047257 -0.985555
1642647852.178761 -0.024555 1.139545 0.364422 -0.132218 -0.093000 -0.047511 -0.985704
1642647852.187094 -0.024277 1.139708 0.364589 -0.132068 -0.092326 -0.047300 -0.985798
1642647852.195428 -0.023988 1.139854 0.364745 -0.131919 -0.091649 -0.047071 -0.985892
1642647852.203761 -0.023703 1.139968 0.364877 -0.131132 -0.089737 -0.047578 -0.986148
1642647852.212094 -0.023444 1.140133 0.365049 -0.130984 -0.089014 -0.047394 -0.986242
1642647852.220428 -0.023195 1.140331 0.365245 -0.131121 -0.088799 -0.046926 -0.986266
1642647852.228761 -0.022929 1.140493 0.365417 -0.130909 -0.087914 -0.046813 -0.986379
1642647852.237094 -0.022662 1.140647 0.365579 -0.130749 -0.087031 -0.046662 -0.986485
1642647852.245428 -0.022383 1.140762 0.365705 -0.130075 -0.085232 -0.047028 -0.986714
1642647852.253761 -0.022155 1.140976 0.365903 -0.130079 -0.084484 -0.046886 -0.986784
1642647852.262094 -0.021940 1.141203 0.366104 -0.130262 -0.084189 -0.046478 -0.986805
1642647852.270427 -0.021708 1.141365 0.366254 -0.129973 -0.083298 -0.046379 -0.986923
1642647852.278761 -0.021493 1.141524 0.366396 -0.129719 -0.082506 -0.046255 -0.987029
1642647852.287094 -0.021290 1.141682 0.366528 -0.129440 -0.081678 -0.046145 -0.987140
1642647852.295428 -0.021098 1.141845 0.366655 -0.129099 -0.080798 -0.046049 -0.987261
1642647852.303761 -0.020917 1.142006 0.366776 -0.128718 -0.079953 -0.045935 -0.987385
1642647852.312094 -0.020742 1.142167 0.366891 -0.128281 -0.079116 -0.045816 -0.987515
1642647852.320428 -0.020600 1.142403 0.367051 -0.127793 -0.077016 -0.046869 -0.987695
1642647852.328761 -0.020433 1.142581 0.367182 -0.127336 -0.075794 -0.047117 -0.987837
1642647852.337094 -0.020254 1.142707 0.367277 -0.126968 -0.075458 -0.046590 -0.987934
1642647852.345428 -0.020091 1.142822 0.367350 -0.126627 -0.075559 -0.045851 -0.988005
1642647852.353761 -0.019932 1.142946 0.367429 -0.126306 -0.075521 -0.045316 -0.988074
1642647852.362094 -0.019765 1.143059 0.367499 -0.126014 -0.075044 -0.045127 -0.988156
1642647852.370428 -0.019632 1.143220 0.367593 -0.125686 -0.074410 -0.045083 -0.988248
1642647852.378761 -0.019497 1.143393 0.367699 -0.125362 -0.073065 -0.045595 -0.988366
1642647852.387094 -0.019351 1.143500 0.367750 -0.125069 -0.072775 -0.045292 -0.988438
1642647852.395427 -0.019216 1.143614 0.367803 -0.124767 -0.072832 -0.044740 -0.988497
1642647852.403761 -0.019111 1.143816 0.367932 -0.124397 -0.070894 -0.045896 -0.988632
1642647852.412094 -0.018998 1.143995 0.368055 -0.124031 -0.069323 -0.046753 -0.988749
1642647852.420428 -0.018859 1.144116 0.368145 -0.123724 -0.068813 -0.046662 -0.988828
1642647852.428761 -0.018718 1.144229 0.368237 -0.123428 -0.068234 -0.046629 -0.988906
1642647852.437094 -0.018580 1.144340 0.368334 -0.123169 -0.067697 -0.046577 -0.988978
1642647852.445428 -0.018449 1.144444 0.368429 -0.122929 -0.067122 -0.046539 -0.989049
1642647852.453761 -0.018297 1.144471 0.368473 -0.122757 -0.067954 -0.045250 -0.989073
1642647852.462094 -0.018188 1.144582 0.368578 -0.122523 -0.066995 -0.045495 -0.989156
1642647852.470428 -0.018101 1.144726 0.368717 -0.122301 -0.065273 -0.046336 -0.989260
1642647852.478761 -0.017996 1.144820 0.368820 -0.122117 -0.064624 -0.046229 -0.989330
1642647852.487094 -0.017866 1.144843 0.368876 -0.122041 -0.065224 -0.044976 -0.989358
1642647852.495428 -0.017755 1.144883 0.368948 -0.121986 -0.065513 -0.043994 -0.989390
1642647852.503761 -0.017684 1.145009 0.369090 -0.121877 -0.064022 -0.044496 -0.989478
1642647852.512094 -0.017618 1.145087 0.369191 -0.121811 -0.063534 -0.044223 -0.989530
1642647852.520427 -0.017591 1.145217 0.369323 -0.121670 -0.062097 -0.044888 -0.989609
1642647852.528761 -0.017547 1.145289 0.369417 -0.121567 -0.061753 -0.044580 -0.989657
1642647852.537094 -0.017532 1.145385 0.369537 -0.121425 -0.060849 -0.044841 -0.989719
1642647852.545428 -0.017517 1.145436 0.369636 -0.121353 -0.060636 -0.044553 -0.989753
1642647852.553761 -0.017533 1.145517 0.369762 -0.121235 -0.059795 -0.044866 -0.989805
1642647852.562094 -0.017581 1.145626 0.369922 -0.121140 -0.058279 -0.045815 -0.989864
1642647852.570428 -0.017623 1.145673 0.370045 -0.121122 -0.057881 -0.045819 -0.989889
1642647852.578761 -0.017684 1.145705 0.370172 -0.121076 -0.057413 -0.045867 -0.989920
1642647852.587094 -0.017768 1.145734 0.370308 -0.121046 -0.056909 -0.045926 -0.989950
1642647852.595428 -0.017870 1.145761 0.370443 -0.120998 -0.056329 -0.046047 -0.989983
1642647852.603761 -0.018012 1.145819 0.370606 -0.120941 -0.055626 -0.046285 -0.990019
1642647852.612094 -0.018150 1.145833 0.370742 -0.120908 -0.055058 -0.046369 -0.990050
1642647852.620428 -0.018295 1.145837 0.370873 -0.120852 -0.054523 -0.046433 -0.990084
1642647852.628761 -0.018466 1.145870 0.371028 -0.120769 -0.053935 -0.046568 -0.990120
1642647852.637094 -0.018622 1.145837 0.371146 -0.120745 -0.054660 -0.045500 -0.990133
1642647852.645427 -0.018807 1.145863 0.371318 -0.120661 -0.054282 -0.045319 -0.990172
1642647852.653761 -0.019029 1.145939 0.371527 -0.120550 -0.053101 -0.045868 -0.990224
1642647852.662094 -0.019285 1.146030 0.371738 -0.120395 -0.051908 -0.046494 -0.990277
1642647852.670428 -0.019517 1.146075 0.371934 -0.120311 -0.051383 -0.046427 -0.990318
1642647852.678761 -0.019762 1.146136 0.372152 -0.120262 -0.051043 -0.046189 -0.990353
1642647852.687094 -0.020006 1.146184 0.372370 -0.120156 -0.050364 -0.046227 -0.990399
1642647852.695428 -0.020245 1.146212 0.372588 -0.120075 -0.049764 -0.046171 -0.990441
1642647852.703761 -0.020510 1.146268 0.372832 -0.119991 -0.048999 -0.046247 -0.990486
1642647852.712094 -0.020787 1.146323 0.373093 -0.119881 -0.048161 -0.046321 -0.990537
1642647852.720428 -0.021075 1.146375 0.373362 -0.119827 -0.047358 -0.046386 -0.990579
1642647852.728761 -0.021396 1.146464 0.373652 -0.119681 -0.045900 -0.047022 -0.990635
1642647852.737094 -0.021714 1.146544 0.373937 -0.119569 -0.044528 -0.047554 -0.990686
1642647852.745428 -0.022024 1.146596 0.374203 -0.119488 -0.043573 -0.047655 -0.990734
1642647852.753761 -0.022346 1.146648 0.374468 -0.119373 -0.042561 -0.047773 -0.990786
1642647852.762094 -0.022681 1.146697 0.374729 -0.119295 -0.041641 -0.047873 -0.990829
1642647852.770427 -0.023029 1.146742 0.374998 -0.119292 -0.041138 -0.047532 -0.990867
1642647852.778761 -0.023393 1.146792 0.375263 -0.119259 -0.040462 -0.047317 -0.990909
1642647852.787094 -0.023754 1.146806 0.375492 -0.119182 -0.039605 -0.047313 -0.990953
1642647852.795428 -0.024129 1.146833 0.375724 -0.119104 -0.038758 -0.047310 -0.990996
1642647852.803761 -0.024527 1.146896 0.375974 -0.119059 -0.037824 -0.047440 -0.991032
1642647852.812094 -0.024934 1.146957 0.376217 -0.119035 -0.036942 -0.047635 -0.991059
1642647852.820428 -0.025356 1.147024 0.376456 -0.118998 -0.036109 -0.047792 -0.991086
1642647852.828761 -0.025795 1.147099 0.376691 -0.118907 -0.035250 -0.047961 -0.991120
1642647852.837094 -0.026269 1.147219 0.376935 -0.118727 -0.033804 -0.048722 -0.991155
1642647852.845428 -0.026722 1.147300 0.377152 -0.118670 -0.033131 -0.048766 -0.991182
1642647852.853761 -0.027193 1.147404 0.377376 -0.118561 -0.032297 -0.049022 -0.991210
1642647852.862094 -0.027665 1.147503 0.377590 -0.118402 -0.031672 -0.048995 -0.991251
1642647852.870428 -0.028133 1.147592 0.377793 -0.118245 -0.031230 -0.048730 -0.991296
1642647852.878761 -0.028624 1.147717 0.378009 -0.118040 -0.030331 -0.048905 -0.991340
1642647852.887094 -0.029123 1.147847 0.378226 -0.117787 -0.029452 -0.048947 -0.991395
1642647852.895427 -0.029629 1.147978 0.378437 -0.117501 -0.028607 -0.048939 -0.991454
1642647852.903761 -0.030135 1.148113 0.378643 -0.117232 -0.027804 -0.048990 -0.991506
1642647852.912094 -0.030649 1.148254 0.378853 -0.116919 -0.027021 -0.049037 -0.991562
1642647852.920428 -0.031173 1.148401 0.379069 -0.116595 -0.026310 -0.049103 -0.991616
1642647852.928761 -0.031708 1.148555 0.379291 -0.116298 -0.025605 -0.049278 -0.991661
1642647852.937094 -0.032251 1.148716 0.379526 -0.115901 -0.024820 -0.049460 -0.991718
1642647852.945428 -0.032800 1.148886 0.379773 -0.115429 -0.024027 -0.049650 -0.991783
1642647852.953761 -0.033356 1.149056 0.380020 -0.115012 -0.023342 -0.049802 -0.991840
1642647852.962094 -0.033946 1.149265 0.380283 -0.114567 -0.022157 -0.050468 -0.991885
1642647852.970428 -0.034513 1.149444 0.380543 -0.114162 -0.021598 -0.050422 -0.991947
1642647852.978761 -0.035068 1.149618 0.380810 -0.113737 -0.021325 -0.050088 -0.992018
1642647852.987094 -0.035648 1.149827 0.381101 -0.113316 -0.020605 -0.050247 -0.992074
1642647852.995428 -0.036227 1.150041 0.381401 -0.112927 -0.019865 -0.050410 -0.992125
1642647853.003761 -0.036798 1.150253 0.381707 -0.112515 -0.019142 -0.050521 -0.992180
1642647853.012094 -0.037421 1.150544 0.382064 -0.112071 -0.017792 -0.051277 -0.992217
1642647853.020427 -0.038019 1.150798 0.382403 -0.111555 -0.016643 -0.051846 -0.992265
1642647853.028761 -0.038559 1.150961 0.382710 -0.111151 -0.016556 -0.051443 -0.992333
1642647853.037094 -0.039126 1.151154 0.383047 -0.110835 -0.016437 -0.051177 -0.992384
1642647853.045428 -0.039712 1.151374 0.383406 -0.110529 -0.015907 -0.051281 -0.992422
1642647853.053761 -0.040298 1.151592 0.383774 -0.110249 -0.015286 -0.051463 -0.992453
1642647853.062094 -0.040920 1.151845 0.384169 -0.109872 -0.014051 -0.052246 -0.992472
1642647853.070428 -0.041517 1.152054 0.384544 -0.109588 -0.013551 -0.052288 -0.992508
1642647853.078761 -0.042101 1.152236 0.384909 -0.109356 -0.013404 -0.051968 -0.992553
1642647853.087094 -0.042713 1.152440 0.385291 -0.109111 -0.012773 -0.052086 -0.992582
1642647853.095428 -0.043344 1.152669 0.385687 -0.108844 -0.011439 -0.052839 -0.992588
1642647853.103761 -0.043945 1.152847 0.386063 -0.108597 -0.010904 -0.052820 -0.992622
1642647853.112094 -0.044544 1.153003 0.386429 -0.108362 -0.010751 -0.052491 -0.992667
1642647853.120428 -0.045166 1.153175 0.386801 -0.108134 -0.010024 -0.052754 -0.992685
1642647853.128761 -0.045819 1.153322 0.387166 -0.108084 -0.009216 -0.052845 -0.992694
1642647853.137094 -0.046500 1.153506 0.387545 -0.107904 -0.007937 -0.053465 -0.992691
1642647853.145427 -0.047135 1.153658 0.387906 -0.107731 -0.007503 -0.053459 -0.992713
1642647853.153761 -0.047764 1.153788 0.388256 -0.107627 -0.007403 -0.053160 -0.992741
1642647853.162094 -0.048414 1.153952 0.388616 -0.107454 -0.006806 -0.053308 -0.992757
1642647853.170428 -0.049066 1.154114 0.388969 -0.107304 -0.006166 -0.053431 -0.992770
1642647853.178761 -0.049718 1.154269 0.389311 -0.107127 -0.005534 -0.053564 -0.992786
1642647853.187094 -0.050398 1.154453 0.389652 -0.106844 -0.004359 -0.054235 -0.992786
1642647853.195428 -0.051057 1.154593 0.389953 -0.106707 -0.003855 -0.054203 -0.992805
1642647853.203761 -0.051738 1.154753 0.390254 -0.106430 -0.003001 -0.054424 -0.992825
1642647853.212094 -0.052442 1.154934 0.390555 -0.106132 -0.001806 -0.054965 -0.992830
1642647853.220428 -0.053099 1.155054 0.390803 -0.105957 -0.001631 -0.054512 -0.992874
1642647853.228761 -0.053764 1.155173 0.391036 -0.105793 -0.001302 -0.054136 -0.992913
1642647853.237094 -0.054450 1.155312 0.391272 -0.105619 -0.000527 -0.054143 -0.992932
1642647853.245428 -0.055160 1.155491 0.391519 -0.105312 0.000899 -0.054767 -0.992930
1642647853.253761 -0.055877 1.155665 0.391754 -0.105004 0.002202 -0.055214 -0.992935
1642647853.262094 -0.056578 1.155808 0.391954 -0.104872 0.003023 -0.055144 -0.992951
1642647853.270427 -0.057283 1.155957 0.392137 -0.104779 0.003864 -0.055125 -0.992959
1642647853.278761 -0.057990 1.156105 0.392313 -0.104613 0.004785 -0.055116 -0.992973
1642647853.287094 -0.058684 1.156215 0.392454 -0.104528 0.005125 -0.054522 -0.993013
1642647853.295428 -0.059416 1.156380 0.392603 -0.104255 0.006114 -0.054581 -0.993033
1642647853.303761 -0.060158 1.156564 0.392749 -0.103850 0.007368 -0.054897 -0.993050
1642647853.312094 -0.060868 1.156682 0.392850 -0.103625 0.007529 -0.054166 -0.993112
1642647853.320428 -0.061617 1.156852 0.392964 -0.103324 0.008474 -0.054220 -0.993133
1642647853.328761 -0.062352 1.157023 0.393059 -0.103331 0.009847 -0.054971 -0.993078
1642647853.337094 -0.063121 1.157163 0.393175 -0.103174 0.010802 -0.054735 -0.993098
1642647853.345428 -0.063874 1.157363 0.393330 -0.102339 0.011621 -0.054526 -0.993186
1642647853.353761 -0.064591 1.157570 0.393462 -0.101705 0.012323 -0.054580 -0.993240
1642647853.362094 -0.065327 1.157742 0.393582 -0.101356 0.013078 -0.054546 -0.993268
1642647853.370428 -0.066070 1.157910 0.393712 -0.100976 0.013882 -0.054528 -0.993296
1642647853.378761 -0.066818 1.158078 0.393853 -0.100671 0.014785 -0.054608 -0.993310
1642647853.387094 -0.067578 1.158245 0.393996 -0.100450 0.015621 -0.054678 -0.993316
1642647853.395427 -0.068324 1.158442 0.394152 -0.099960 0.016351 -0.054860 -0.993343
1642647853.403761 -0.069079 1.158628 0.394295 -0.099514 0.017112 -0.055094 -0.993362
1642647853.412094 -0.069864 1.158790 0.394429 -0.099254 0.018023 -0.055233 -0.993365
1642647853.420428 -0.070662 1.158957 0.394560 -0.099043 0.018947 -0.055380 -0.993360
1642647853.428761 -0.071473 1.159121 0.394680 -0.098892 0.019817 -0.055547 -0.993349
1642647853.437094 -0.072301 1.159283 0.394789 -0.098747 0.020703 -0.055715 -0.993336
1642647853.445428 -0.073150 1.159448 0.394886 -0.098597 0.021575 -0.055882 -0.993323
1642647853.453761 -0.074032 1.159642 0.394988 -0.098533 0.022578 -0.056217 -0.993288
1642647853.462094 -0.074905 1.159796 0.395054 -0.098385 0.023471 -0.056451 -0.993269
1642647853.470428 -0.075779 1.159925 0.395095 -0.098133 0.024442 -0.056679 -0.993257
1642647853.478761 -0.076685 1.160078 0.395130 -0.097950 0.025326 -0.056845 -0.993244
1642647853.487094 -0.077603 1.160223 0.395154 -0.097777 0.026090 -0.056948 -0.993235
1642647853.495428 -0.078525 1.160351 0.395162 -0.097517 0.027050 -0.057200 -0.993221
1642647853.503761 -0.079462 1.160469 0.395152 -0.097315 0.027987 -0.057442 -0.993200
1642647853.512094 -0.080409 1.160574 0.395137 -0.097075 0.028907 -0.057660 -0.993185
1642647853.520427 -0.081358 1.160659 0.395110 -0.096862 0.029842 -0.057874 -0.993165
1642647853.528761 -0.082334 1.160756 0.395100 -0.096733 0.030755 -0.058089 -0.993138
1642647853.537094 -0.083298 1.160795 0.395062 -0.096505 0.031651 -0.058281 -0.993121
1642647853.545428 -0.084258 1.160803 0.395010 -0.096363 0.032519 -0.058481 -0.993094
1642647853.553761 -0.085234 1.160825 0.394975 -0.096257 0.033471 -0.058772 -0.993056
1642647853.562094 -0.086210 1.160830 0.394947 -0.096193 0.034331 -0.059005 -0.993019
1642647853.570428 -0.087184 1.160822 0.394927 -0.096185 0.035109 -0.059218 -0.992980
1642647853.578761 -0.088155 1.160816 0.394917 -0.096190 0.035829 -0.059363 -0.992945
1642647853.587094 -0.089135 1.160812 0.394919 -0.096238 0.036510 -0.059459 -0.992910
1642647853.595428 -0.090119 1.160812 0.394925 -0.096377 0.037211 -0.059628 -0.992860
1642647853.603761 -0.091105 1.160817 0.394932 -0.096594 0.037899 -0.059809 -0.992802
1642647853.612094 -0.092088 1.160822 0.394951 -0.096850 0.038639 -0.059938 -0.992741
1642647853.620428 -0.093088 1.160870 0.395003 -0.097240 0.039316 -0.060013 -0.992672
1642647853.628761 -0.094064 1.160883 0.395036 -0.097615 0.039973 -0.060030 -0.992608
1642647853.637094 -0.095018 1.160885 0.395063 -0.097894 0.040772 -0.060067 -0.992545
1642647853.645427 -0.095980 1.160916 0.395108 -0.098255 0.041520 -0.060004 -0.992483
1642647853.653761 -0.096949 1.160987 0.395178 -0.098703 0.042305 -0.059953 -0.992408
1642647853.662094 -0.097909 1.161059 0.395244 -0.099087 0.043176 -0.059897 -0.992336
1642647853.670428 -0.098842 1.161064 0.395257 -0.099376 0.044036 -0.059741 -0.992278
1642647853.678761 -0.099796 1.161106 0.395275 -0.099661 0.045006 -0.059639 -0.992212
1642647853.687094 -0.100758 1.161161 0.395290 -0.099878 0.045996 -0.059593 -0.992148
1642647853.695428 -0.101703 1.161189 0.395278 -0.099989 0.046987 -0.059502 -0.992096
1642647853.703761 -0.102648 1.161210 0.395249 -0.100114 0.047984 -0.059385 -0.992042
1642647853.712094 -0.103603 1.161220 0.395201 -0.100223 0.048840 -0.059257 -0.991997
1642647853.720428 -0.104559 1.161218 0.395133 -0.100177 0.049812 -0.059201 -0.991957
1642647853.728761 -0.105522 1.161200 0.395043 -0.100078 0.050758 -0.059125 -0.991924
1642647853.737094 -0.106484 1.161170 0.394933 -0.100015 0.051603 -0.059026 -0.991892
1642647853.745428 -0.107450 1.161134 0.394804 -0.099892 0.052468 -0.058908 -0.991866
1642647853.753761 -0.108434 1.161089 0.394656 -0.099668 0.053347 -0.058912 -0.991842
1642647853.762094 -0.109407 1.160996 0.394473 -0.099410 0.054132 -0.058936 -0.991823
1642647853.770427 -0.110406 1.160937 0.394317 -0.099205 0.054822 -0.059000 -0.991802
1642647853.778761 -0.111424 1.160892 0.394176 -0.099054 0.055415 -0.059115 -0.991778
1642647853.787094 -0.112428 1.160815 0.394018 -0.098888 0.055899 -0.059192 -0.991763
1642647853.795428 -0.113436 1.160744 0.393868 -0.098730 0.056367 -0.059256 -0.991748
1642647853.803761 -0.114454 1.160686 0.393729 -0.098619 0.056828 -0.059346 -0.991727
1642647853.812094 -0.115452 1.160604 0.393578 -0.098542 0.057218 -0.059454 -0.991706
1642647853.820428 -0.116482 1.160562 0.393455 -0.098592 0.057682 -0.059632 -0.991663
1642647853.828761 -0.117532 1.160548 0.393354 -0.098754 0.058127 -0.059792 -0.991612
1642647853.837094 -0.118575 1.160505 0.393242 -0.098930 0.058510 -0.059890 -0.991566
1642647853.845428 -0.119620 1.160465 0.393136 -0.099143 0.058968 -0.060092 -0.991505
1642647853.853761 -0.120666 1.160434 0.393035 -0.099400 0.059507 -0.060279 -0.991436
1642647853.862094 -0.121715 1.160407 0.392944 -0.099675 0.060072 -0.060446 -0.991364
1642647853.870428 -0.122760 1.160378 0.392860 -0.099990 0.060710 -0.060673 -0.991280
1642647853.878761 -0.123803 1.160348 0.392786 -0.100377 0.061415 -0.060913 -0.991182
1642647853.887094 -0.124845 1.160314 0.392724 -0.100819 0.061920 -0.061043 -0.991098
1642647853.895427 -0.125885 1.160267 0.392663 -0.101211 0.062529 -0.061243 -0.991008
1642647853.903761 -0.126921 1.160220 0.392600 -0.101609 0.063255 -0.061527 -0.990903
1642647853.912094 -0.127951 1.160180 0.392538 -0.101975 0.064013 -0.061832 -0.990798
1642647853.920428 -0.128982 1.160139 0.392476 -0.102284 0.064752 -0.062190 -0.990696
1642647853.928761 -0.130017 1.160098 0.392413 -0.102628 0.065342 -0.062446 -0.990605
1642647853.937094 -0.131053 1.160053 0.392338 -0.102966 0.065982 -0.062737 -0.990509
1642647853.945428 -0.132089 1.160010 0.392257 -0.103245 0.066672 -0.063105 -0.990411
1642647853.953761 -0.133120 1.159973 0.392163 -0.103442 0.067287 -0.063447 -0.990327
1642647853.962094 -0.134143 1.159934 0.392055 -0.103631 0.067896 -0.063804 -0.990242
1642647853.970428 -0.135169 1.159897 0.391937 -0.103785 0.068562 -0.064216 -0.990154
1642647853.978761 -0.136191 1.159861 0.391811 -0.103903 0.069140 -0.064612 -0.990075
1642647853.987094 -0.137208 1.159832 0.391676 -0.103959 0.069709 -0.064957 -0.990007
1642647853.995428 -0.138223 1.159805 0.391527 -0.103919 0.070372 -0.065378 -0.989936
1642647854.003761 -0.139231 1.159776 0.391365 -0.103897 0.070871 -0.065760 -0.989878
1642647854.012094 -0.140202 1.159775 0.391190 -0.103825 0.071152 -0.065978 -0.989851
1642647854.020427 -0.141167 1.159774 0.391015 -0.103734 0.071510 -0.066341 -0.989810
1642647854.028761 -0.142160 1.159741 0.390855 -0.103650 0.072042 -0.066947 -0.989740
1642647854.037094 -0.143116 1.159738 0.390682 -0.103591 0.072304 -0.067386 -0.989697
1642647854.045428 -0.144075 1.159724 0.390510 -0.103536 0.072586 -0.067884 -0.989648
1642647854.053761 -0.145044 1.159707 0.390351 -0.103498 0.072972 -0.068460 -0.989584
1642647854.062094 -0.145990 1.159720 0.390181 -0.103547 0.073153 -0.068851 -0.989538
1642647854.070428 -0.146923 1.159744 0.390009 -0.103624 0.073316 -0.069203 -0.989494
1642647854.078761 -0.147845 1.159777 0.389840 -0.103764 0.073588 -0.069644 -0.989428
1642647854.087094 -0.148755 1.159813 0.389667 -0.103928 0.073915 -0.070056 -0.989357
1642647854.095428 -0.149645 1.159855 0.389490 -0.104093 0.074255 -0.070413 -0.989289
1642647854.103761 -0.150521 1.159904 0.389312 -0.104247 0.074620 -0.070717 -0.989224
1642647854.112094 -0.151390 1.159971 0.389130 -0.104376 0.075058 -0.070996 -0.989157
1642647854.120428 -0.152245 1.160045 0.388942 -0.104472 0.075536 -0.071328 -0.989087
1642647854.128761 -0.153083 1.160114 0.388750 -0.104470 0.075951 -0.071611 -0.989035
1642647854.137094 -0.153907 1.160182 0.388557 -0.104414 0.076256 -0.071904 -0.988996
1642647854.145427 -0.154726 1.160245 0.388361 -0.104374 0.076422 -0.072190 -0.988966
1642647854.153761 -0.155530 1.160300 0.388156 -0.104323 0.076499 -0.072510 -0.988942
1642647854.162094 -0.156315 1.160345 0.387945 -0.104220 0.076466 -0.072772 -0.988936
1642647854.170428 -0.157092 1.160392 0.387731 -0.104069 0.076384 -0.073016 -0.988941
1642647854.178761 -0.157841 1.160456 0.387511 -0.103900 0.076230 -0.073223 -0.988955
1642647854.187094 -0.158610 1.160490 0.387293 -0.103818 0.076143 -0.073540 -0.988947
1642647854.195428 -0.159386 1.160513 0.387069 -0.103735 0.076243 -0.073985 -0.988915
1642647854.203761 -0.160131 1.160561 0.386836 -0.103637 0.076284 -0.074339 -0.988895
1642647854.212094 -0.160871 1.160617 0.386593 -0.103556 0.076377 -0.074688 -0.988870
1642647854.220428 -0.161614 1.160675 0.386335 -0.103519 0.076589 -0.075058 -0.988830
1642647854.228761 -0.162355 1.160747 0.386070 -0.103526 0.076717 -0.075291 -0.988801
1642647854.237094 -0.163097 1.160835 0.385797 -0.103541 0.076891 -0.075482 -0.988772
1642647854.245428 -0.163838 1.160926 0.385514 -0.103609 0.077111 -0.075677 -0.988733
1642647854.253761 -0.164579 1.161026 0.385217 -0.103683 0.077382 -0.075825 -0.988692
1642647854.262094 -0.165311 1.161142 0.384914 -0.103757 0.077743 -0.075968 -0.988645
1642647854.270427 -0.166041 1.161262 0.384601 -0.103820 0.078115 -0.076094 -0.988600
1642647854.278761 -0.166768 1.161383 0.384281 -0.103865 0.078430 -0.076183 -0.988563
1642647854.287094 -0.167494 1.161517 0.383953 -0.103876 0.078733 -0.076217 -0.988535
1642647854.295428 -0.168219 1.161657 0.383612 -0.103805 0.079079 -0.076279 -0.988510
1642647854.303761 -0.168939 1.161792 0.383262 -0.103667 0.079385 -0.076365 -0.988494
1642647854.312094 -0.169659 1.161927 0.382898 -0.103499 0.079567 -0.076379 -0.988495
1642647854.320428 -0.170377 1.162064 0.382522 -0.103339 0.079698 -0.076395 -0.988500
1642647854.328761 -0.171096 1.162196 0.382139 -0.103157 0.079803 -0.076431 -0.988508
1642647854.337094 -0.171819 1.162311 0.381723 -0.102547 0.080224 -0.076677 -0.988519
1642647854.345428 -0.172535 1.162422 0.381302 -0.101977 0.080655 -0.076925 -0.988523
1642647854.353761 -0.173250 1.162544 0.380898 -0.101658 0.080876 -0.076976 -0.988534
1642647854.362094 -0.173961 1.162666 0.380498 -0.101286 0.081097 -0.076957 -0.988556
1642647854.370428 -0.174659 1.162779 0.380097 -0.100966 0.081351 -0.077022 -0.988562
1642647854.378761 -0.175353 1.162884 0.379696 -0.100695 0.081591 -0.077084 -0.988565
1642647854.387094 -0.176045 1.162988 0.379297 -0.100404 0.081819 -0.077107 -0.988574
1642647854.395427 -0.176733 1.163096 0.378900 -0.100127 0.082039 -0.077189 -0.988578
1642647854.403761 -0.177424 1.163195 0.378481 -0.100127 0.082215 -0.076999 -0.988578
1642647854.412094 -0.178143 1.163271 0.378066 -0.100150 0.082530 -0.076928 -0.988555
1642647854.420428 -0.178861 1.163359 0.377669 -0.099995 0.082871 -0.077107 -0.988528
1642647854.428761 -0.179562 1.163464 0.377265 -0.099914 0.083139 -0.077205 -0.988506
1642647854.437094 -0.180262 1.163571 0.376855 -0.099888 0.083458 -0.077218 -0.988481
1642647854.445428 -0.180964 1.163682 0.376438 -0.099842 0.083843 -0.077167 -0.988457
1642647854.453761 -0.181661 1.163790 0.376029 -0.099773 0.084277 -0.077137 -0.988429
1642647854.462094 -0.182336 1.163910 0.375616 -0.099728 0.084601 -0.077024 -0.988415
1642647854.470428 -0.183016 1.164025 0.375208 -0.099683 0.084928 -0.076917 -0.988400
1642647854.478761 -0.183730 1.164092 0.374810 -0.099651 0.085499 -0.077088 -0.988341
1642647854.487094 -0.184437 1.164157 0.374415 -0.099658 0.086039 -0.077259 -0.988280
1642647854.495428 -0.185128 1.164239 0.374018 -0.099684 0.086352 -0.077264 -0.988249
1642647854.503761 -0.185814 1.164317 0.373630 -0.099675 0.086619 -0.077248 -0.988228
1642647854.512094 -0.186496 1.164390 0.373251 -0.099666 0.086966 -0.077243 -0.988199
1642647854.520427 -0.187166 1.164453 0.372878 -0.099659 0.087288 -0.077255 -0.988170
1642647854.528761 -0.187836 1.164508 0.372509 -0.099725 0.087688 -0.077296 -0.988125
1642647854.537094 -0.188506 1.164555 0.372133 -0.099811 0.088152 -0.077323 -0.988073
1642647854.545428 -0.189163 1.164594 0.371757 -0.099868 0.088567 -0.077326 -0.988030
1642647854.553761 -0.189800 1.164654 0.371374 -0.099964 0.088812 -0.077144 -0.988012
1642647854.562094 -0.190468 1.164689 0.370997 -0.100019 0.089201 -0.077095 -0.987976
1642647854.570428 -0.191145 1.164706 0.370623 -0.100059 0.089623 -0.077202 -0.987925
1642647854.578761 -0.191803 1.164734 0.370235 -0.100168 0.089921 -0.077228 -0.987885
1642647854.587094 -0.192466 1.164761 0.369842 -0.100221 0.090192 -0.077182 -0.987858
1642647854.595428 -0.193133 1.164784 0.369442 -0.100254 0.090397 -0.077193 -0.987835
1642647854.603761 -0.193797 1.164797 0.369041 -0.100289 0.090685 -0.077242 -0.987802
1642647854.612094 -0.194451 1.164805 0.368649 -0.100331 0.091012 -0.077257 -0.987766
1642647854.620428 -0.195115 1.164815 0.368255 -0.100369 0.091345 -0.077276 -0.987730
1642647854.628761 -0.195780 1.164829 0.367860 -0.100390 0.091686 -0.077263 -0.987697
1642647854.637094 -0.196438 1.164845 0.367464 -0.100479 0.092016 -0.077197 -0.987663
1642647854.645427 -0.197096 1.164849 0.367060 -0.100611 0.092423 -0.077111 -0.987618
1642647854.653761 -0.197757 1.164851 0.366653 -0.100729 0.092873 -0.077041 -0.987569
1642647854.662094 -0.198416 1.164859 0.366238 -0.100855 0.093293 -0.076986 -0.987521
1642647854.670428 -0.199080 1.164875 0.365816 -0.101005 0.093666 -0.076949 -0.987473
1642647854.678761 -0.199740 1.164894 0.365392 -0.101163 0.093980 -0.076931 -0.987429
1642647854.687094 -0.200400 1.164915 0.364956 -0.101318 0.094162 -0.076863 -0.987401
1642647854.695428 -0.201067 1.164953 0.364513 -0.101385 0.094307 -0.076800 -0.987385
1642647854.703761 -0.201730 1.165000 0.364069 -0.101420 0.094386 -0.076722 -0.987380
1642647854.712094 -0.202392 1.165063 0.363612 -0.101377 0.094397 -0.076640 -0.987390
1642647854.720428 -0.203037 1.165146 0.363130 -0.101273 0.094286 -0.076449 -0.987426
1642647854.728761 -0.203680 1.165234 0.362649 -0.101199 0.094078 -0.076200 -0.987472
1642647854.737094 -0.204334 1.165317 0.362177 -0.101071 0.094007 -0.076167 -0.987495
1642647854.745428 -0.205005 1.165382 0.361705 -0.100823 0.093975 -0.076241 -0.987517
1642647854.753761 -0.205671 1.165449 0.361229 -0.100594 0.093815 -0.076198 -0.987559
1642647854.762094 -0.206316 1.165531 0.360748 -0.100392 0.093567 -0.076072 -0.987613
1642647854.770427 -0.206956 1.165614 0.360273 -0.100142 0.093239 -0.075973 -0.987677
1642647854.778761 -0.207595 1.165692 0.359801 -0.099891 0.092933 -0.075912 -0.987736
1642647854.787094 -0.208212 1.165781 0.359326 -0.099720 0.092587 -0.075698 -0.987802
1642647854.795428 -0.208826 1.165870 0.358865 -0.099605 0.092267 -0.075513 -0.987858
1642647854.803761 -0.209475 1.165920 0.358423 -0.099438 0.092198 -0.075608 -0.987874
1642647854.812094 -0.210113 1.165969 0.357976 -0.099313 0.092186 -0.075665 -0.987883
1642647854.820428 -0.210727 1.166041 0.357526 -0.099232 0.092102 -0.075581 -0.987906
1642647854.828761 -0.211349 1.166116 0.357080 -0.099105 0.092029 -0.075484 -0.987933
1642647854.837094 -0.211980 1.166193 0.356629 -0.099001 0.092026 -0.075398 -0.987950
1642647854.845428 -0.212603 1.166267 0.356176 -0.098977 0.092109 -0.075366 -0.987947
1642647854.853761 -0.213225 1.166339 0.355719 -0.098988 0.092167 -0.075361 -0.987941
1642647854.862094 -0.213853 1.166420 0.355257 -0.098922 0.092268 -0.075377 -0.987937
1642647854.870428 -0.214481 1.166505 0.354790 -0.098857 0.092415 -0.075398 -0.987928
1642647854.878761 -0.215102 1.166591 0.354321 -0.098812 0.092537 -0.075415 -0.987920
1642647854.887094 -0.215726 1.166680 0.353853 -0.098728 0.092625 -0.075413 -0.987920
1642647854.895427 -0.216349 1.166769 0.353386 -0.098622 0.092700 -0.075422 -0.987923
1642647854.903761 -0.216969 1.166860 0.352915 -0.098597 0.092710 -0.075395 -0.987927
1642647854.912094 -0.217588 1.166943 0.352436 -0.098569 0.092777 -0.075397 -0.987923
1642647854.920428 -0.218190 1.167042 0.351943 -0.098423 0.092839 -0.075392 -0.987932
1642647854.928761 -0.218791 1.167139 0.351453 -0.098250 0.092831 -0.075345 -0.987954
1642647854.937094 -0.219419 1.167197 0.350973 -0.098136 0.092996 -0.075471 -0.987940
1642647854.945428 -0.220048 1.167247 0.350487 -0.098016 0.093178 -0.075645 -0.987921
1642647854.953761 -0.220643 1.167332 0.349990 -0.097910 0.093156 -0.075598 -0.987938
1642647854.962094 -0.221241 1.167414 0.349501 -0.097808 0.093141 -0.075548 -0.987953
1642647854.970428 -0.221856 1.167469 0.349022 -0.097702 0.093235 -0.075614 -0.987949
1642647854.978761 -0.222466 1.167521 0.348537 -0.097589 0.093320 -0.075729 -0.987944
1642647854.987094 -0.223074 1.167576 0.348059 -0.097494 0.093352 -0.075808 -0.987944
1642647854.995428 -0.223681 1.167631 0.347584 -0.097404 0.093344 -0.075857 -0.987950
1642647855.003761 -0.224288 1.167682 0.347110 -0.097312 0.093340 -0.075974 -0.987950
1642647855.012094 -0.224893 1.167729 0.346634 -0.097239 0.093354 -0.076074 -0.987949
1642647855.020427 -0.225521 1.167751 0.346182 -0.097173 0.093302 -0.076246 -0.987947
1642647855.028761 -0.226151 1.167776 0.345728 -0.097087 0.093189 -0.076421 -0.987952
1642647855.037094 -0.226739 1.167844 0.345252 -0.096980 0.092908 -0.076333 -0.987996
1642647855.045428 -0.227324 1.167915 0.344789 -0.096921 0.092627 -0.076222 -0.988037
1642647855.053761 -0.227924 1.167964 0.344333 -0.096914 0.092478 -0.076231 -0.988051
1642647855.062094 -0.228543 1.167994 0.343887 -0.096889 0.092450 -0.076337 -0.988048
1642647855.070428 -0.229158 1.168036 0.343450 -0.096831 0.092426 -0.076439 -0.988048
1642647855.078761 -0.229751 1.168092 0.343014 -0.096790 0.092355 -0.076459 -0.988057
1642647855.087094 -0.230347 1.168147 0.342581 -0.096768 0.092312 -0.076408 -0.988067
1642647855.095428 -0.230942 1.168199 0.342152 -0.096774 0.092241 -0.076384 -0.988075
1642647855.103761 -0.231528 1.168258 0.341732 -0.096814 0.092188 -0.076337 -0.988080
1642647855.112094 -0.232115 1.168319 0.341323 -0.096945 0.092155 -0.076164 -0.988083
1642647855.120428 -0.232699 1.168368 0.340907 -0.097074 0.092123 -0.076024 -0.988084
1642647855.128761 -0.233282 1.168420 0.340497 -0.097164 0.092116 -0.075891 -0.988086
1642647855.137094 -0.233862 1.168479 0.340096 -0.097259 0.092222 -0.075735 -0.988079
1642647855.145427 -0.234437 1.168533 0.339692 -0.097421 0.092363 -0.075599 -0.988060
1642647855.153761 -0.235014 1.168588 0.339289 -0.097540 0.092440 -0.075416 -0.988055
1642647855.162094 -0.235590 1.168639 0.338886 -0.097586 0.092502 -0.075228 -0.988059
1642647855.170428 -0.236164 1.168686 0.338478 -0.097699 0.092526 -0.075073 -0.988058
1642647855.178761 -0.236741 1.168732 0.338058 -0.097808 0.092455 -0.074889 -0.988067
1642647855.187094 -0.237324 1.168775 0.337638 -0.097915 0.092353 -0.074724 -0.988079
1642647855.195428 -0.237900 1.168818 0.337221 -0.097981 0.092248 -0.074598 -0.988092
1642647855.203761 -0.238473 1.168861 0.336799 -0.098007 0.092102 -0.074495 -0.988111
1642647855.212094 -0.239057 1.168899 0.336374 -0.098055 0.091905 -0.074417 -0.988130
1642647855.220428 -0.239643 1.168937 0.335956 -0.098090 0.091656 -0.074322 -0.988157
1642647855.228761 -0.240223 1.168973 0.335541 -0.098087 0.091421 -0.074300 -0.988180
1642647855.237094 -0.240812 1.169005 0.335123 -0.098203 0.091136 -0.074239 -0.988200
1642647855.245428 -0.241417 1.169038 0.334696 -0.098364 0.090887 -0.074176 -0.988212
1642647855.253761 -0.242029 1.169077 0.334270 -0.098465 0.090677 -0.074239 -0.988216
1642647855.262094 -0.242647 1.169116 0.333848 -0.098536 0.090441 -0.074316 -0.988225
1642647855.270427 -0.243268 1.169149 0.333427 -0.098631 0.090301 -0.074349 -0.988226
1642647855.278761 -0.243895 1.169183 0.333001 -0.098707 0.090249 -0.074398 -0.988219
1642647855.287094 -0.244529 1.169228 0.332573 -0.098768 0.090194 -0.074492 -0.988211
1642647855.295428 -0.245161 1.169272 0.332148 -0.098836 0.090243 -0.074514 -0.988198
1642647855.303761 -0.245797 1.169318 0.331724 -0.098876 0.090421 -0.074528 -0.988177
1642647855.312094 -0.246438 1.169357 0.331294 -0.098924 0.090664 -0.074531 -0.988149
1642647855.320428 -0.247078 1.169395 0.330861 -0.098932 0.090969 -0.074548 -0.988119
1642647855.328761 -0.247725 1.169431 0.330424 -0.098914 0.091303 -0.074622 -0.988085
1642647855.337094 -0.248381 1.169463 0.329975 -0.098903 0.091651 -0.074649 -0.988052
1642647855.345428 -0.249045 1.169498 0.329522 -0.098869 0.092007 -0.074677 -0.988020
1642647855.353761 -0.249715 1.169533 0.329068 -0.098789 0.092413 -0.074774 -0.987982
1642647855.362094 -0.250387 1.169574 0.328608 -0.098710 0.092823 -0.074867 -0.987945
1642647855.370428 -0.251064 1.169622 0.328152 -0.098566 0.093172 -0.074978 -0.987918
1642647855.378761 -0.251749 1.169668 0.327693 -0.098441 0.093460 -0.075128 -0.987892
1642647855.387094 -0.252444 1.169713 0.327225 -0.098417 0.093680 -0.075259 -0.987863
1642647855.395427 -0.253142 1.169763 0.326761 -0.098383 0.093756 -0.075395 -0.987849
1642647855.403761 -0.253844 1.169811 0.326294 -0.098294 0.093829 -0.075548 -0.987840
1642647855.412094 -0.254549 1.169859 0.325818 -0.098207 0.093954 -0.075729 -0.987822
1642647855.420428 -0.255241 1.169934 0.325333 -0.098155 0.093906 -0.075837 -0.987824
1642647855.428761 -0.255988 1.170010 0.324869 -0.098005 0.094160 -0.076239 -0.987784
1642647855.437094 -0.256740 1.170073 0.324422 -0.097835 0.094571 -0.076648 -0.987730
1642647855.445428 -0.257447 1.170135 0.323963 -0.097764 0.094752 -0.076802 -0.987707
1642647855.453761 -0.258153 1.170197 0.323505 -0.097768 0.094969 -0.076916 -0.987677
1642647855.462094 -0.258854 1.170265 0.323057 -0.097814 0.095252 -0.077040 -0.987636
1642647855.470428 -0.259553 1.170340 0.322609 -0.097814 0.095603 -0.077103 -0.987597
1642647855.478761 -0.260251 1.170413 0.322157 -0.097765 0.096043 -0.077156 -0.987555
1642647855.487094 -0.260945 1.170492 0.321712 -0.097742 0.096431 -0.077210 -0.987515
1642647855.495428 -0.261635 1.170570 0.321269 -0.097706 0.096834 -0.077218 -0.987479
1642647855.503761 -0.262323 1.170641 0.320817 -0.097633 0.097301 -0.077275 -0.987436
1642647855.512094 -0.263002 1.170710 0.320364 -0.097542 0.097768 -0.077383 -0.987390
1642647855.520427 -0.263680 1.170784 0.319912 -0.097522 0.098158 -0.077415 -0.987351
1642647855.528761 -0.264337 1.170888 0.319461 -0.097309 0.098468 -0.077616 -0.987325
1642647855.537094 -0.264991 1.170989 0.319011 -0.097031 0.098785 -0.077801 -0.987306
1642647855.545428 -0.265661 1.171063 0.318552 -0.096957 0.099181 -0.077881 -0.987267
1642647855.553761 -0.266332 1.171141 0.318091 -0.096912 0.099531 -0.077979 -0.987229
1642647855.562094 -0.267002 1.171226 0.317623 -0.096784 0.099753 -0.078034 -0.987215
1642647855.570428 -0.267683 1.171352 0.317170 -0.096663 0.099888 -0.078094 -0.987208
1642647855.578761 -0.268358 1.171486 0.316712 -0.096583 0.100016 -0.078191 -0.987195
1642647855.587094 -0.269024 1.171594 0.316225 -0.096463 0.100215 -0.078324 -0.987177
1642647855.595428 -0.269672 1.171719 0.315728 -0.096277 0.100254 -0.078302 -0.987192
1642647855.603761 -0.270336 1.171825 0.315247 -0.096105 0.100460 -0.078407 -0.987180
1642647855.612094 -0.271009 1.171912 0.314764 -0.095985 0.100765 -0.078624 -0.987143
1642647855.620428 -0.271642 1.172035 0.314266 -0.095851 0.100762 -0.078594 -0.987159
1642647855.628761 -0.272296 1.172143 0.313776 -0.095693 0.100893 -0.078677 -0.987154
1642647855.637094 -0.272971 1.172230 0.313285 -0.095538 0.101240 -0.078881 -0.987117
1642647855.645427 -0.273625 1.172340 0.312794 -0.095332 0.101551 -0.079049 -0.987092
1642647855.653761 -0.274266 1.172451 0.312310 -0.095182 0.101815 -0.079159 -0.987070
1642647855.662094 -0.274910 1.172560 0.311824 -0.095091 0.102088 -0.079253 -0.987043
1642647855.670428 -0.275554 1.172669 0.311335 -0.094957 0.102374 -0.079390 -0.987016
1642647855.678761 -0.276185 1.172781 0.310843 -0.094844 0.102550 -0.079469 -0.987002
1642647855.687094 -0.276812 1.172888 0.310356 -0.094745 0.102740 -0.079561 -0.986984
1642647855.695428 -0.277436 1.172994 0.309869 -0.094648 0.102976 -0.079691 -0.986959
1642647855.703761 -0.278048 1.173111 0.309369 -0.094445 0.103258 -0.079833 -0.986937
1642647855.712094 -0.278661 1.173233 0.308873 -0.094266 0.103486 -0.079952 -0.986921
1642647855.720428 -0.279273 1.173349 0.308381 -0.094184 0.103682 -0.080096 -0.986896
1642647855.728761 -0.279869 1.173458 0.307884 -0.094072 0.103811 -0.080234 -0.986882
1642647855.737094 -0.280462 1.173567 0.307390 -0.093946 0.103843 -0.080308 -0.986885
1642647855.745428 -0.281050 1.173678 0.306906 -0.093853 0.103867 -0.080336 -0.986889
1642647855.753761 -0.281631 1.173780 0.306416 -0.093763 0.103915 -0.080374 -0.986889
1642647855.762094 -0.282205 1.173885 0.305918 -0.093690 0.103996 -0.080402 -0.986885
1642647855.770427 -0.282775 1.173993 0.305422 -0.093632 0.104055 -0.080355 -0.986888
1642647855.778761 -0.283343 1.174097 0.304921 -0.093526 0.104164 -0.080327 -0.986889
1642647855.787094 -0.283912 1.174210 0.304417 -0.093429 0.104266 -0.080306 -0.986889
1642647855.795428 -0.284470 1.174326 0.303912 -0.093342 0.104292 -0.080281 -0.986897
1642647855.803761 -0.285015 1.174438 0.303404 -0.093263 0.104335 -0.080272 -0.986901
1642647855.812094 -0.285559 1.174552 0.302901 -0.093189 0.104344 -0.080201 -0.986912
1642647855.820428 -0.286093 1.174665 0.302397 -0.093128 0.104271 -0.080052 -0.986938
1642647855.828761 -0.286604 1.174798 0.301901 -0.093191 0.103970 -0.079652 -0.986996
1642647855.837094 -0.287133 1.174911 0.301414 -0.093280 0.103844 -0.079396 -0.987022
1642647855.845428 -0.287667 1.175009 0.300928 -0.093252 0.103967 -0.079291 -0.987020
1642647855.853761 -0.288170 1.175124 0.300434 -0.093221 0.104042 -0.079067 -0.987033
1642647855.862094 -0.288666 1.175238 0.299936 -0.093260 0.104086 -0.078792 -0.987046
1642647855.870428 -0.289158 1.175350 0.299435 -0.093335 0.104026 -0.078461 -0.987072
1642647855.878761 -0.289647 1.175464 0.298935 -0.093358 0.103884 -0.078116 -0.987112
1642647855.887094 -0.290138 1.175575 0.298435 -0.093348 0.103727 -0.077749 -0.987158
1642647855.895427 -0.290626 1.175689 0.297930 -0.093363 0.103626 -0.077352 -0.987199
1642647855.903761 -0.291110 1.175815 0.297425 -0.093368 0.103538 -0.076964 -0.987238
1642647855.912094 -0.291596 1.175943 0.296926 -0.093283 0.103408 -0.076590 -0.987289
1642647855.920428 -0.292080 1.176063 0.296422 -0.093244 0.103265 -0.076182 -0.987339
1642647855.928761 -0.292546 1.176204 0.295908 -0.093217 0.103083 -0.075672 -0.987400
1642647855.937094 -0.293040 1.176329 0.295404 -0.093171 0.102961 -0.075328 -0.987443
1642647855.945428 -0.293554 1.176437 0.294930 -0.093064 0.103314 -0.075276 -0.987420
1642647855.953761 -0.294060 1.176560 0.294448 -0.092940 0.103658 -0.075111 -0.987409
1642647855.962094 -0.294572 1.176677 0.293942 -0.092941 0.103611 -0.074775 -0.987439
1642647855.970428 -0.295089 1.176795 0.293440 -0.092922 0.103557 -0.074465 -0.987470
1642647855.978761 -0.295599 1.176930 0.292940 -0.092871 0.103479 -0.074065 -0.987513
1642647855.987094 -0.296141 1.177037 0.292450 -0.092843 0.103518 -0.073824 -0.987529
1642647855.995428 -0.296703 1.177126 0.291973 -0.092809 0.103650 -0.073720 -0.987526
1642647856.003761 -0.297250 1.177221 0.291498 -0.092802 0.103734 -0.073506 -0.987534
1642647856.012094 -0.297807 1.177306 0.291029 -0.092788 0.103845 -0.073307 -0.987539
1642647856.020427 -0.298378 1.177388 0.290569 -0.092706 0.104016 -0.073135 -0.987541
1642647856.028761 -0.298960 1.177464 0.290118 -0.092667 0.104167 -0.072987 -0.987540
1642647856.037094 -0.299554 1.177534 0.289670 -0.092700 0.104266 -0.072873 -0.987535
1642647856.045428 -0.300161 1.177602 0.289221 -0.092726 0.104312 -0.072771 -0.987535
1642647856.053761 -0.300775 1.177662 0.288777 -0.092704 0.104363 -0.072698 -0.987537
1642647856.062094 -0.301408 1.177714 0.288332 -0.092655 0.104525 -0.072734 -0.987522
1642647856.070428 -0.302068 1.177765 0.287881 -0.092640 0.104670 -0.072813 -0.987502
1642647856.078761 -0.302727 1.177810 0.287431 -0.092599 0.104829 -0.072878 -0.987484
1642647856.087094 -0.303390 1.177848 0.287006 -0.092519 0.104988 -0.072968 -0.987468
1642647856.095428 -0.304079 1.177878 0.286605 -0.092450 0.105133 -0.073080 -0.987451
1642647856.103761 -0.304788 1.177900 0.286211 -0.092498 0.105199 -0.073155 -0.987434
1642647856.112094 -0.305502 1.177904 0.285822 -0.092557 0.105294 -0.073282 -0.987409
1642647856.120428 -0.306229 1.177901 0.285443 -0.092572 0.105485 -0.073502 -0.987371
1642647856.128761 -0.306970 1.177894 0.285069 -0.092603 0.105723 -0.073751 -0.987324
1642647856.137094 -0.307727 1.177874 0.284697 -0.092654 0.105882 -0.073990 -0.987284
1642647856.145427 -0.308505 1.177847 0.284324 -0.092730 0.106091 -0.074236 -0.987236
1642647856.153761 -0.309296 1.177819 0.283953 -0.092797 0.106458 -0.074528 -0.987168
1642647856.162094 -0.310099 1.177783 0.283587 -0.092913 0.106800 -0.074800 -0.987100
1642647856.170428 -0.310915 1.177738 0.283225 -0.092986 0.107184 -0.075064 -0.987031
1642647856.178761 -0.311740 1.177687 0.282861 -0.093109 0.107652 -0.075361 -0.986946
1642647856.187094 -0.312573 1.177630 0.282499 -0.093311 0.108098 -0.075637 -0.986857
1642647856.195428 -0.313414 1.177568 0.282140 -0.093507 0.108501 -0.075923 -0.986772
1642647856.203761 -0.314261 1.177502 0.281776 -0.093646 0.108991 -0.076260 -0.986679
1642647856.212094 -0.315116 1.177435 0.281411 -0.093788 0.109504 -0.076630 -0.986580
1642647856.220428 -0.315971 1.177364 0.281049 -0.093980 0.109902 -0.076996 -0.986489
1642647856.228761 -0.316826 1.177294 0.280689 -0.094117 0.110284 -0.077352 -0.986406
1642647856.237094 -0.317685 1.177215 0.280334 -0.094244 0.110552 -0.077665 -0.986339
1642647856.245428 -0.318542 1.177124 0.279990 -0.094343 0.110814 -0.078048 -0.986270
1642647856.253761 -0.319405 1.177030 0.279649 -0.094426 0.111087 -0.078476 -0.986197
1642647856.262094 -0.320273 1.176924 0.279302 -0.094588 0.111352 -0.078844 -0.986123
1642647856.270427 -0.321139 1.176816 0.278959 -0.094794 0.111588 -0.079212 -0.986047
1642647856.278761 -0.322015 1.176711 0.278617 -0.094971 0.111839 -0.079621 -0.985968
1642647856.287094 -0.322896 1.176604 0.278265 -0.095116 0.112157 -0.080013 -0.985886
1642647856.295428 -0.323774 1.176505 0.277906 -0.095302 0.112456 -0.080409 -0.985802
1642647856.303761 -0.324652 1.176411 0.277540 -0.095502 0.112790 -0.080836 -0.985710
1642647856.312094 -0.325535 1.176318 0.277163 -0.095659 0.113182 -0.081228 -0.985617
1642647856.320428 -0.326417 1.176229 0.276791 -0.095762 0.113561 -0.081570 -0.985535
1642647856.328761 -0.327295 1.176141 0.276425 -0.095885 0.113881 -0.081882 -0.985461
1642647856.337094 -0.328170 1.176052 0.276054 -0.096049 0.114225 -0.082203 -0.985378
1642647856.345428 -0.329044 1.175960 0.275689 -0.096185 0.114624 -0.082524 -0.985292
1642647856.353761 -0.329906 1.175869 0.275326 -0.096315 0.114989 -0.082886 -0.985206
1642647856.362094 -0.330766 1.175778 0.274966 -0.096426 0.115347 -0.083235 -0.985124
1642647856.370428 -0.331631 1.175683 0.274611 -0.096547 0.115710 -0.083575 -0.985041
1642647856.378761 -0.332492 1.175584 0.274262 -0.096713 0.116014 -0.083956 -0.984956
1642647856.387094 -0.333356 1.175480 0.273913 -0.096891 0.116321 -0.084362 -0.984868
1642647856.395427 -0.334220 1.175373 0.273568 -0.097032 0.116576 -0.084752 -0.984790
1642647856.403761 -0.335078 1.175265 0.273229 -0.097185 0.116739 -0.085124 -0.984724
1642647856.412094 -0.335933 1.175152 0.272890 -0.097395 0.116827 -0.085449 -0.984665
1642647856.420428 -0.336792 1.175037 0.272547 -0.097617 0.116878 -0.085755 -0.984610
1642647856.428761 -0.337648 1.174925 0.272217 -0.097775 0.116961 -0.086120 -0.984553
1642647856.437094 -0.338506 1.174815 0.271894 -0.097901 0.116965 -0.086491 -0.984507
1642647856.445428 -0.339374 1.174698 0.271571 -0.098059 0.116899 -0.086834 -0.984469
1642647856.453761 -0.340239 1.174577 0.271272 -0.098202 0.116885 -0.087222 -0.984422
1642647856.462094 -0.341104 1.174444 0.270988 -0.098298 0.116831 -0.087608 -0.984385
1642647856.470428 -0.341978 1.174307 0.270714 -0.098454 0.116724 -0.087962 -0.984350
1642647856.478761 -0.342855 1.174162 0.270457 -0.098581 0.116730 -0.088355 -0.984301
1642647856.487094 -0.343739 1.174014 0.270216 -0.098667 0.116751 -0.088781 -0.984252
1642647856.495428 -0.344634 1.173866 0.269982 -0.098777 0.116705 -0.089163 -0.984212
1642647856.503761 -0.345534 1.173706 0.269755 -0.098941 0.116657 -0.089495 -0.984171
1642647856.512094 -0.346438 1.173539 0.269537 -0.099101 0.116697 -0.089877 -0.984115
1642647856.520427 -0.347361 1.173372 0.269321 -0.099266 0.116715 -0.090240 -0.984063
1642647856.528761 -0.348304 1.173214 0.269109 -0.099493 0.116737 -0.090574 -0.984007
1642647856.537094 -0.349258 1.173070 0.268912 -0.099697 0.116860 -0.090940 -0.983938
1642647856.545428 -0.350224 1.172932 0.268726 -0.099890 0.116959 -0.091310 -0.983873
1642647856.553761 -0.351201 1.172795 0.268547 -0.100118 0.117134 -0.091767 -0.983786
1642647856.562094 -0.352192 1.172659 0.268383 -0.100327 0.117325 -0.092228 -0.983699
1642647856.570428 -0.353199 1.172513 0.268209 -0.100551 0.116953 -0.092395 -0.983705
1642647856.578761 -0.354247 1.172383 0.268056 -0.100702 0.117009 -0.093051 -0.983621
1642647856.587094 -0.355296 1.172257 0.267936 -0.100833 0.117365 -0.093847 -0.983489
1642647856.595428 -0.356331 1.172107 0.267813 -0.101036 0.117301 -0.094234 -0.983439
1642647856.603761 -0.357384 1.171967 0.267693 -0.101208 0.117223 -0.094629 -0.983393
1642647856.612094 -0.358446 1.171837 0.267577 -0.101350 0.117137 -0.094972 -0.983355
1642647856.620428 -0.359518 1.171708 0.267456 -0.101488 0.117114 -0.095316 -0.983310
1642647856.628761 -0.360598 1.171583 0.267331 -0.101613 0.117123 -0.095748 -0.983254
1642647856.637094 -0.361683 1.171453 0.267201 -0.101782 0.117038 -0.096153 -0.983208
1642647856.645427 -0.362774 1.171322 0.267071 -0.101995 0.116957 -0.096510 -0.983160
1642647856.653761 -0.363873 1.171190 0.266942 -0.102198 0.116904 -0.096860 -0.983111
1642647856.662094 -0.364977 1.171052 0.266821 -0.102377 0.116902 -0.097212 -0.983058
1642647856.670428 -0.366081 1.170914 0.266701 -0.102481 0.116999 -0.097573 -0.983000
1642647856.678761 -0.367187 1.170771 0.266575 -0.102612 0.117123 -0.097927 -0.982936
1642647856.687094 -0.368291 1.170629 0.266450 -0.102756 0.117193 -0.098240 -0.982882
1642647856.695428 -0.369403 1.170492 0.266329 -0.102872 0.117282 -0.098532 -0.982829
1642647856.703761 -0.370525 1.170356 0.266210 -0.103000 0.117493 -0.098892 -0.982755
1642647856.712094 -0.371647 1.170226 0.266084 -0.103123 0.117701 -0.099297 -0.982676
1642647856.720428 -0.372774 1.170100 0.265951 -0.103228 0.117845 -0.099681 -0.982609
1642647856.728761 -0.373914 1.169982 0.265812 -0.103283 0.117892 -0.099967 -0.982568
1642647856.737094 -0.375066 1.169874 0.265662 -0.103329 0.117939 -0.100291 -0.982525
1642647856.745428 -0.376226 1.169767 0.265506 -0.103421 0.118006 -0.100668 -0.982469
1642647856.753761 -0.377392 1.169662 0.265346 -0.103501 0.118034 -0.100998 -0.982423
1642647856.762094 -0.378575 1.169562 0.265185 -0.103577 0.118067 -0.101354 -0.982374
1642647856.770427 -0.379765 1.169463 0.265027 -0.103612 0.118229 -0.101802 -0.982305
1642647856.778761 -0.380965 1.169358 0.264863 -0.103741 0.118318 -0.102185 -0.982241
1642647856.787094 -0.382175 1.169249 0.264695 -0.103958 0.118373 -0.102550 -0.982173
1642647856.795428 -0.383392 1.169151 0.264528 -0.104069 0.118601 -0.103039 -0.982083
1642647856.803761 -0.384621 1.169056 0.264350 -0.104160 0.118806 -0.103467 -0.982003
1642647856.812094 -0.385860 1.168956 0.264163 -0.104364 0.118924 -0.103895 -0.981922
1642647856.820428 -0.387113 1.168855 0.263965 -0.104567 0.119115 -0.104395 -0.981824
1642647856.828761 -0.388378 1.168758 0.263753 -0.104747 0.119289 -0.104834 -0.981737
1642647856.837094 -0.389650 1.168668 0.263532 -0.104924 0.119445 -0.105294 -0.981650
1642647856.845428 -0.390930 1.168581 0.263295 -0.105054 0.119654 -0.105794 -0.981557
1642647856.853761 -0.392225 1.168494 0.263048 -0.105178 0.119904 -0.106272 -0.981462
1642647856.862094 -0.393530 1.168414 0.262793 -0.105252 0.120175 -0.106767 -0.981367
1642647856.870428 -0.394840 1.168333 0.262528 -0.105305 0.120421 -0.107238 -0.981280
1642647856.878761 -0.396151 1.168237 0.262250 -0.105368 0.120631 -0.107742 -0.981192
1642647856.887094 -0.397478 1.168128 0.261981 -0.105483 0.120681 -0.108226 -0.981120
1642647856.895427 -0.398814 1.168016 0.261714 -0.105610 0.120754 -0.108726 -0.981042
1642647856.903761 -0.400152 1.167897 0.261426 -0.105656 0.120997 -0.109333 -0.980940
1642647856.912094 -0.401496 1.167774 0.261124 -0.105709 0.121227 -0.109931 -0.980839
1642647856.920428 -0.402850 1.167658 0.260804 -0.105757 0.121421 -0.110521 -0.980743
1642647856.928761 -0.404220 1.167546 0.260473 -0.105729 0.121617 -0.111082 -0.980659
1642647856.937094 -0.405603 1.167441 0.260130 -0.105637 0.121880 -0.111610 -0.980576
1642647856.945428 -0.406988 1.167340 0.259764 -0.105604 0.122220 -0.112135 -0.980478
1642647856.953761 -0.408379 1.167248 0.259389 -0.105600 0.122657 -0.112667 -0.980362
1642647856.962094 -0.409782 1.167160 0.259007 -0.105531 0.123197 -0.113214 -0.980239
1642647856.970428 -0.411202 1.167114 0.258620 -0.105765 0.123264 -0.113496 -0.980173
1642647856.978761 -0.412620 1.167068 0.258223 -0.105993 0.123356 -0.113786 -0.980103
1642647856.987094 -0.414016 1.166994 0.257818 -0.105898 0.124005 -0.114324 -0.979969
1642647856.995428 -0.415408 1.166930 0.257416 -0.105810 0.124680 -0.114834 -0.979833
1642647857.003761 -0.416800 1.166866 0.257018 -0.105759 0.125214 -0.115338 -0.979711
1642647857.012094 -0.418192 1.166807 0.256624 -0.105620 0.125711 -0.115923 -0.979593
1642647857.020427 -0.419581 1.166744 0.256243 -0.105576 0.126086 -0.116478 -0.979484
1642647857.028761 -0.420965 1.166674 0.255868 -0.105658 0.126328 -0.117050 -0.979376
1642647857.037094 -0.422346 1.166607 0.255499 -0.105724 0.126516 -0.117686 -0.979268
1642647857.045428 -0.423729 1.166541 0.255151 -0.105855 0.126502 -0.118273 -0.979185
1642647857.053761 -0.425111 1.166469 0.254818 -0.106082 0.126440 -0.118945 -0.979087
1642647857.062094 -0.426502 1.166384 0.254487 -0.106350 0.126495 -0.119750 -0.978953
1642647857.070428 -0.427895 1.166291 0.254163 -0.106691 0.126481 -0.120603 -0.978813
1642647857.078761 -0.429282 1.166201 0.253840 -0.107032 0.126408 -0.121374 -0.978690
1642647857.087094 -0.430674 1.166121 0.253520 -0.107369 0.126350 -0.122153 -0.978563
1642647857.095428 -0.432074 1.166052 0.253208 -0.107693 0.126316 -0.122989 -0.978427
1642647857.103761 -0.433469 1.165985 0.252885 -0.107991 0.126390 -0.123802 -0.978282
1642647857.112094 -0.434859 1.165918 0.252559 -0.108298 0.126536 -0.124640 -0.978123
1642647857.120428 -0.436255 1.165855 0.252247 -0.108598 0.126627 -0.125397 -0.977982
1642647857.128761 -0.437645 1.165783 0.251941 -0.108877 0.126789 -0.126173 -0.977830
1642647857.137094 -0.439040 1.165699 0.251626 -0.109186 0.127057 -0.127065 -0.977645
1642647857.145427 -0.440433 1.165613 0.251320 -0.109448 0.127746 -0.128162 -0.977383
1642647857.153761 -0.441824 1.165523 0.251030 -0.109696 0.128503 -0.129231 -0.977115
1642647857.162094 -0.443223 1.165431 0.250745 -0.110036 0.128976 -0.130060 -0.976904
1642647857.170428 -0.444619 1.165336 0.250460 -0.110389 0.129536 -0.130904 -0.976678
1642647857.178761 -0.446009 1.165235 0.250163 -0.110820 0.130159 -0.131748 -0.976432
1642647857.187094 -0.447387 1.165138 0.249871 -0.111262 0.130874 -0.132554 -0.976177
1642647857.195428 -0.448760 1.165046 0.249569 -0.111577 0.131664 -0.133328 -0.975930
1642647857.203761 -0.450132 1.164957 0.249251 -0.111809 0.132604 -0.134114 -0.975668
1642647857.212094 -0.451480 1.164854 0.248920 -0.112104 0.133573 -0.134924 -0.975390
1642647857.220428 -0.452813 1.164763 0.248566 -0.112343 0.134513 -0.135749 -0.975119
1642647857.228761 -0.454139 1.164688 0.248190 -0.112460 0.135470 -0.136610 -0.974853
1642647857.237094 -0.455451 1.164606 0.247797 -0.112600 0.136283 -0.137404 -0.974612
1642647857.245428 -0.456749 1.164524 0.247393 -0.112763 0.137090 -0.138189 -0.974369
1642647857.253761 -0.458030 1.164439 0.246981 -0.112911 0.137920 -0.139068 -0.974109
1642647857.262094 -0.459291 1.164356 0.246557 -0.113046 0.138719 -0.139963 -0.973852
1642647857.270427 -0.460535 1.164293 0.246124 -0.113107 0.139439 -0.140856 -0.973614
1642647857.278761 -0.461765 1.164251 0.245671 -0.113121 0.139909 -0.141732 -0.973417
1642647857.287094 -0.462978 1.164216 0.245211 -0.113132 0.140329 -0.142588 -0.973231
1642647857.295428 -0.464175 1.164190 0.244750 -0.113126 0.140807 -0.143470 -0.973033
1642647857.303761 -0.465356 1.164167 0.244288 -0.113132 0.141312 -0.144348 -0.972829
1642647857.312094 -0.466517 1.164157 0.243819 -0.113176 0.141808 -0.145195 -0.972626
1642647857.320428 -0.467657 1.164182 0.243337 -0.113164 0.142237 -0.146028 -0.972439
1642647857.328761 -0.468779 1.164230 0.242860 -0.113093 0.142649 -0.146793 -0.972272
1642647857.337094 -0.469877 1.164291 0.242388 -0.113116 0.143191 -0.147553 -0.972075
1642647857.345428 -0.470946 1.164362 0.241924 -0.113135 0.143832 -0.148315 -0.971862
1642647857.353761 -0.471985 1.164444 0.241464 -0.113098 0.144456 -0.148988 -0.971671
1642647857.362094 -0.473002 1.164556 0.240993 -0.113062 0.144948 -0.149589 -0.971509
1642647857.370428 -0.474000 1.164685 0.240530 -0.112955 0.145519 -0.150176 -0.971346
1642647857.378761 -0.474966 1.164815 0.240083 -0.112787 0.146196 -0.150684 -0.971185
1642647857.387094 -0.475897 1.164950 0.239640 -0.112660 0.146764 -0.151149 -0.971042
1642647857.395427 -0.476799 1.165087 0.239211 -0.112488 0.147412 -0.151612 -0.970891
1642647857.403761 -0.477683 1.165239 0.238791 -0.112271 0.148037 -0.151965 -0.970766
1642647857.412094 -0.478542 1.165413 0.238363 -0.112023 0.148468 -0.152327 -0.970672
1642647857.420428 -0.479370 1.165601 0.237942 -0.111715 0.148871 -0.152607 -0.970602
1642647857.428761 -0.480162 1.165783 0.237525 -0.111413 0.149383 -0.152824 -0.970524
1642647857.437094 -0.480921 1.165954 0.237103 -0.111133 0.149936 -0.153090 -0.970429
1642647857.445428 -0.481656 1.166125 0.236687 -0.110798 0.150533 -0.153326 -0.970338
1642647857.453761 -0.482368 1.166304 0.236270 -0.110352 0.151044 -0.153521 -0.970278
1642647857.462094 -0.483054 1.166491 0.235850 -0.109889 0.151487 -0.153701 -0.970233
1642647857.470428 -0.483718 1.166679 0.235430 -0.109444 0.151928 -0.153933 -0.970178
1642647857.478761 -0.484355 1.166860 0.235003 -0.109019 0.152407 -0.154149 -0.970116
1642647857.487094 -0.484964 1.167027 0.234575 -0.108591 0.152970 -0.154327 -0.970047
1642647857.495428 -0.485549 1.167194 0.234159 -0.108136 0.153539 -0.154485 -0.969983
1642647857.503761 -0.486111 1.167371 0.233749 -0.107688 0.154087 -0.154639 -0.969921
1642647857.512094 -0.486655 1.167561 0.233327 -0.107235 0.154675 -0.154804 -0.969852
1642647857.520427 -0.487180 1.167758 0.232899 -0.106820 0.155314 -0.154893 -0.969781
1642647857.528761 -0.487684 1.167960 0.232476 -0.106442 0.155910 -0.154924 -0.969722
1642647857.537094 -0.488165 1.168170 0.232051 -0.106129 0.156471 -0.154895 -0.969671
1642647857.545428 -0.488626 1.168383 0.231622 -0.105854 0.157148 -0.154868 -0.969596
1642647857.553761 -0.489074 1.168613 0.231234 -0.105511 0.158471 -0.155159 -0.969371
1642647857.562094 -0.489511 1.168854 0.230868 -0.105174 0.159831 -0.155497 -0.969130
1642647857.570428 -0.489929 1.169081 0.230430 -0.104986 0.159688 -0.155065 -0.969243
1642647857.578761 -0.490328 1.169335 0.230021 -0.104773 0.159909 -0.154876 -0.969260
1642647857.587094 -0.490716 1.169604 0.229664 -0.104509 0.160786 -0.155086 -0.969110
1642647857.595428 -0.491089 1.169859 0.229290 -0.104298 0.161019 -0.154998 -0.969108
1642647857.603761 -0.491443 1.170102 0.228890 -0.104099 0.160584 -0.154652 -0.969257
1642647857.612094 -0.491792 1.170354 0.228531 -0.103906 0.160638 -0.154601 -0.969277
1642647857.620428 -0.492137 1.170601 0.228226 -0.103706 0.161387 -0.154905 -0.969125
1642647857.628761 -0.492474 1.170833 0.227897 -0.103534 0.161592 -0.154930 -0.969105
1642647857.637094 -0.492797 1.171062 0.227515 -0.103404 0.160749 -0.154460 -0.969335
1642647857.645427 -0.493119 1.171288 0.227143 -0.103285 0.159903 -0.154000 -0.969560
1642647857.653761 -0.493459 1.171523 0.226825 -0.103128 0.159846 -0.153889 -0.969604
1642647857.662094 -0.493797 1.171749 0.226522 -0.103001 0.159830 -0.153772 -0.969639
1642647857.670428 -0.494134 1.171976 0.226266 -0.102915 0.160526 -0.154015 -0.969494
1642647857.678761 -0.494473 1.172185 0.225983 -0.102878 0.160688 -0.153962 -0.969480
1642647857.687094 -0.494813 1.172385 0.225661 -0.102915 0.159948 -0.153462 -0.969678
1642647857.695428 -0.495159 1.172588 0.225377 -0.103017 0.159749 -0.153195 -0.969742
1642647857.703761 -0.495515 1.172793 0.225115 -0.103131 0.159924 -0.153057 -0.969723
1642647857.712094 -0.495885 1.173015 0.224856 -0.103192 0.160289 -0.153070 -0.969654
1642647857.720428 -0.496259 1.173235 0.224593 -0.103269 0.160725 -0.153091 -0.969570
1642647857.728761 -0.496634 1.173444 0.224322 -0.103387 0.160980 -0.153024 -0.969526
1642647857.737094 -0.497017 1.173653 0.224041 -0.103446 0.161173 -0.152962 -0.969497
1642647857.745428 -0.497404 1.173862 0.223743 -0.103469 0.161461 -0.152920 -0.969454
1642647857.753761 -0.497810 1.174084 0.223445 -0.103748 0.161394 -0.152769 -0.969459
1642647857.762094 -0.498221 1.174312 0.223166 -0.103914 0.161934 -0.152914 -0.969328
1642647857.770427 -0.498616 1.174513 0.222882 -0.103748 0.162897 -0.153265 -0.969129
1642647857.778761 -0.499013 1.174709 0.222570 -0.103526 0.163332 -0.153357 -0.969065
1642647857.787094 -0.499413 1.174914 0.222245 -0.103273 0.163725 -0.153393 -0.969020
1642647857.795428 -0.499818 1.175128 0.221904 -0.103016 0.163997 -0.153394 -0.969001
1642647857.803761 -0.500225 1.175336 0.221546 -0.102628 0.164434 -0.153480 -0.968955
1642647857.812094 -0.500637 1.175556 0.221194 -0.102309 0.164865 -0.153495 -0.968913
1642647857.820428 -0.501053 1.175777 0.220836 -0.102035 0.165175 -0.153430 -0.968899
1642647857.828761 -0.501471 1.175988 0.220475 -0.101682 0.165622 -0.153477 -0.968853
1642647857.837094 -0.501894 1.176201 0.220124 -0.101371 0.166113 -0.153541 -0.968791
1642647857.845428 -0.502320 1.176417 0.219776 -0.101062 0.166558 -0.153582 -0.968740
1642647857.853761 -0.502748 1.176642 0.219429 -0.100737 0.166840 -0.153600 -0.968723
1642647857.862094 -0.503185 1.176868 0.219081 -0.100396 0.167084 -0.153622 -0.968713
1642647857.870428 -0.503629 1.177094 0.218741 -0.100100 0.167326 -0.153592 -0.968706
1642647857.878761 -0.504073 1.177324 0.218412 -0.099839 0.167544 -0.153552 -0.968702
1642647857.887094 -0.504515 1.177550 0.218089 -0.099535 0.167815 -0.153566 -0.968684
1642647857.895427 -0.504979 1.177789 0.217769 -0.099207 0.168189 -0.153665 -0.968637
1642647857.903761 -0.505445 1.178024 0.217454 -0.098928 0.168503 -0.153698 -0.968606
1642647857.912094 -0.505898 1.178244 0.217138 -0.098693 0.168650 -0.153585 -0.968622
1642647857.920428 -0.506356 1.178468 0.216817 -0.098459 0.168771 -0.153526 -0.968634
1642647857.928761 -0.506820 1.178688 0.216502 -0.098207 0.168929 -0.153592 -0.968622
1642647857.937094 -0.507289 1.178900 0.216193 -0.097975 0.169115 -0.153655 -0.968603
1642647857.945428 -0.507763 1.179107 0.215890 -0.097776 0.169280 -0.153654 -0.968594
1642647857.953761 -0.508242 1.179315 0.215587 -0.097562 0.169439 -0.153660 -0.968587
1642647857.962094 -0.508719 1.179526 0.215291 -0.097345 0.169581 -0.153650 -0.968586
1642647857.970428 -0.509194 1.179740 0.214998 -0.097134 0.169669 -0.153656 -0.968590
1642647857.978761 -0.509675 1.179957 0.214688 -0.096902 0.169734 -0.153667 -0.968601
1642647857.987094 -0.510163 1.180174 0.214376 -0.096664 0.169854 -0.153694 -0.968599
1642647857.995428 -0.510653 1.180390 0.214078 -0.096482 0.169965 -0.153735 -0.968591
1642647858.003761 -0.511150 1.180607 0.213789 -0.096298 0.169959 -0.153691 -0.968617
1642647858.012094 -0.511652 1.180828 0.213496 -0.096130 0.169898 -0.153633 -0.968654
1642647858.020427 -0.512159 1.181048 0.213197 -0.096059 0.169883 -0.153561 -0.968675
1642647858.028761 -0.512670 1.181266 0.212905 -0.096024 0.170042 -0.153479 -0.968664
1642647858.037094 -0.513182 1.181485 0.212626 -0.095971 0.170283 -0.153386 -0.968641
1642647858.045428 -0.513691 1.181704 0.212347 -0.095877 0.170438 -0.153292 -0.968638
1642647858.053761 -0.514211 1.181922 0.212069 -0.095819 0.170560 -0.153209 -0.968636
1642647858.062094 -0.514745 1.182137 0.211794 -0.095808 0.170731 -0.153134 -0.968619
1642647858.070428 -0.515281 1.182345 0.211525 -0.095746 0.170955 -0.153054 -0.968598
1642647858.078761 -0.515815 1.182550 0.211259 -0.095670 0.171061 -0.152949 -0.968603
1642647858.087094 -0.516362 1.182756 0.210993 -0.095643 0.171088 -0.152915 -0.968607
1642647858.095428 -0.516949 1.182982 0.210727 -0.095573 0.171435 -0.153191 -0.968508
1642647858.103761 -0.517532 1.183194 0.210455 -0.095537 0.171654 -0.153360 -0.968446
1642647858.112094 -0.518093 1.183382 0.210190 -0.095543 0.171596 -0.153287 -0.968468
1642647858.120428 -0.518661 1.183577 0.209925 -0.095561 0.171553 -0.153300 -0.968471
1642647858.128761 -0.519242 1.183770 0.209642 -0.095588 0.171512 -0.153298 -0.968476
1642647858.137094 -0.519838 1.183965 0.209357 -0.095579 0.171508 -0.153257 -0.968484
1642647858.145427 -0.520442 1.184168 0.209078 -0.095495 0.171590 -0.153264 -0.968477
1642647858.153761 -0.521052 1.184376 0.208792 -0.095315 0.171728 -0.153270 -0.968469
1642647858.162094 -0.521668 1.184580 0.208485 -0.095154 0.171739 -0.153188 -0.968496
1642647858.170428 -0.522304 1.184785 0.208167 -0.095008 0.171789 -0.153159 -0.968506
1642647858.178761 -0.522952 1.184991 0.207851 -0.094756 0.172046 -0.153232 -0.968474
1642647858.187094 -0.523609 1.185201 0.207529 -0.094480 0.172318 -0.153317 -0.968439
1642647858.195428 -0.524283 1.185407 0.207202 -0.094194 0.172570 -0.153400 -0.968409
1642647858.203761 -0.524976 1.185610 0.206874 -0.093857 0.172984 -0.153487 -0.968354
1642647858.212094 -0.525677 1.185820 0.206541 -0.093496 0.173426 -0.153629 -0.968287
1642647858.220428 -0.526381 1.186023 0.206202 -0.093094 0.173831 -0.153843 -0.968219
1642647858.228761 -0.527102 1.186217 0.205861 -0.092718 0.174264 -0.154023 -0.968149
1642647858.237094 -0.527830 1.186418 0.205518 -0.092283 0.174719 -0.154197 -0.968081
1642647858.245428 -0.528562 1.186618 0.205163 -0.091752 0.175217 -0.154526 -0.967989
1642647858.253761 -0.529304 1.186818 0.204806 -0.091307 0.175684 -0.154866 -0.967892
1642647858.262094 -0.530049 1.187020 0.204448 -0.090899 0.176066 -0.155133 -0.967818
1642647858.270427 -0.530797 1.187224 0.204086 -0.090461 0.176409 -0.155515 -0.967735
1642647858.278761 -0.531550 1.187428 0.203715 -0.090031 0.176813 -0.155944 -0.967633
1642647858.287094 -0.532310 1.187630 0.203338 -0.089520 0.177223 -0.156321 -0.967544
1642647858.295428 -0.533075 1.187836 0.202966 -0.089009 0.177586 -0.156727 -0.967459
1642647858.303761 -0.533835 1.188043 0.202596 -0.088568 0.177916 -0.157210 -0.967361
1642647858.312094 -0.534593 1.188250 0.202219 -0.088139 0.178229 -0.157699 -0.967263
1642647858.320428 -0.535359 1.188459 0.201830 -0.087724 0.178540 -0.158173 -0.967166
1642647858.328761 -0.536132 1.188674 0.201452 -0.087279 0.178730 -0.158644 -0.967094
1642647858.337094 -0.536896 1.188891 0.201083 -0.086887 0.178870 -0.159142 -0.967021
1642647858.345428 -0.537666 1.189101 0.200707 -0.086562 0.179123 -0.159631 -0.966923
1642647858.353761 -0.538442 1.189310 0.200334 -0.086234 0.179376 -0.160090 -0.966829
1642647858.362094 -0.539207 1.189535 0.199971 -0.085941 0.179505 -0.160574 -0.966752
1642647858.370428 -0.539977 1.189777 0.199601 -0.085603 0.179728 -0.161046 -0.966661
1642647858.378761 -0.540751 1.190021 0.199220 -0.085280 0.180024 -0.161470 -0.966564
1642647858.387094 -0.541506 1.190259 0.198846 -0.084972 0.180313 -0.161895 -0.966466
1642647858.395427 -0.542250 1.190491 0.198477 -0.084639 0.180628 -0.162285 -0.966371
1642647858.403761 -0.543003 1.190718 0.198106 -0.084388 0.180942 -0.162646 -0.966274
1642647858.412094 -0.543751 1.190940 0.197740 -0.084140 0.181293 -0.163066 -0.966159
1642647858.420428 -0.544494 1.191159 0.197379 -0.083930 0.181570 -0.163498 -0.966052
1642647858.428761 -0.545242 1.191381 0.197029 -0.083783 0.181761 -0.163914 -0.965958
1642647858.437094 -0.545988 1.191597 0.196689 -0.083662 0.181912 -0.164290 -0.965877
1642647858.445428 -0.546732 1.191812 0.196353 -0.083492 0.182077 -0.164699 -0.965791
1642647858.453761 -0.547479 1.192033 0.196019 -0.083247 0.182247 -0.165200 -0.965694
1642647858.462094 -0.548222 1.192245 0.195678 -0.083093 0.182439 -0.165671 -0.965590
1642647858.470428 -0.548958 1.192459 0.195334 -0.082963 0.182785 -0.166075 -0.965467
1642647858.478761 -0.549678 1.192679 0.194987 -0.082799 0.183038 -0.166448 -0.965369
1642647858.487094 -0.550384 1.192888 0.194635 -0.082656 0.183188 -0.166726 -0.965304
1642647858.495428 -0.551087 1.193100 0.194279 -0.082511 0.183552 -0.167013 -0.965198
1642647858.503761 -0.551784 1.193315 0.193917 -0.082329 0.183984 -0.167365 -0.965070
1642647858.512094 -0.552468 1.193519 0.193556 -0.082188 0.184292 -0.167702 -0.964965
1642647858.520427 -0.553149 1.193720 0.193181 -0.082066 0.184657 -0.168035 -0.964848
1642647858.528761 -0.553826 1.193913 0.192799 -0.081909 0.185100 -0.168364 -0.964719
1642647858.537094 -0.554489 1.194098 0.192423 -0.081759 0.185427 -0.168727 -0.964606
1642647858.545428 -0.555147 1.194283 0.192040 -0.081610 0.185721 -0.169106 -0.964495
1642647858.553761 -0.555800 1.194467 0.191652 -0.081422 0.186109 -0.169461 -0.964374
1642647858.562094 -0.556442 1.194651 0.191262 -0.081193 0.186460 -0.169815 -0.964263
1642647858.570428 -0.557076 1.194837 0.190869 -0.080913 0.186748 -0.170285 -0.964148
1642647858.578761 -0.557695 1.195016 0.190483 -0.080609 0.186965 -0.170678 -0.964062
1642647858.587094 -0.558306 1.195187 0.190100 -0.080350 0.187196 -0.171036 -0.963975
1642647858.595428 -0.558910 1.195362 0.189715 -0.080118 0.187471 -0.171529 -0.963853
1642647858.603761 -0.559500 1.195548 0.189339 -0.079838 0.187681 -0.171986 -0.963755
1642647858.612094 -0.560076 1.195737 0.188963 -0.079516 0.187926 -0.172420 -0.963656
1642647858.620428 -0.560646 1.195932 0.188590 -0.079213 0.188193 -0.172835 -0.963554
1642647858.628761 -0.561201 1.196131 0.188214 -0.078919 0.188408 -0.173194 -0.963472
1642647858.637094 -0.561731 1.196307 0.187824 -0.078548 0.188780 -0.173644 -0.963348
1642647858.645427 -0.562239 1.196489 0.187439 -0.078217 0.188979 -0.173946 -0.963282
1642647858.653761 -0.562743 1.196690 0.187065 -0.077916 0.189105 -0.174206 -0.963235
1642647858.662094 -0.563243 1.196882 0.186685 -0.077536 0.189376 -0.174623 -0.963136
1642647858.670428 -0.563724 1.197058 0.186296 -0.077173 0.189615 -0.175037 -0.963043
1642647858.678761 -0.564198 1.197247 0.185921 -0.076903 0.189738 -0.175397 -0.962975
1642647858.687094 -0.564666 1.197450 0.185557 -0.076644 0.189727 -0.175692 -0.962944
1642647858.695428 -0.565123 1.197640 0.185188 -0.076363 0.189811 -0.176041 -0.962886
1642647858.703761 -0.565578 1.197836 0.184826 -0.076101 0.189938 -0.176363 -0.962823
1642647858.712094 -0.566022 1.198034 0.184465 -0.075818 0.190097 -0.176594 -0.962772
1642647858.720428 -0.566454 1.198243 0.184116 -0.075542 0.190275 -0.176912 -0.962700
1642647858.728761 -0.566882 1.198457 0.183777 -0.075283 0.190477 -0.177288 -0.962611
1642647858.737094 -0.567303 1.198662 0.183437 -0.075111 0.190678 -0.177606 -0.962526
1642647858.745428 -0.567721 1.198868 0.183101 -0.074906 0.190935 -0.177967 -0.962424
1642647858.753761 -0.568146 1.199085 0.182764 -0.074643 0.191225 -0.178321 -0.962322
1642647858.762094 -0.568567 1.199328 0.182433 -0.074399 0.191375 -0.178611 -0.962257
1642647858.770427 -0.568976 1.199579 0.182097 -0.074113 0.191483 -0.178868 -0.962210
1642647858.778761 -0.569391 1.199846 0.181748 -0.073750 0.191822 -0.179249 -0.962099
1642647858.787094 -0.569810 1.200132 0.181391 -0.073363 0.192241 -0.179662 -0.961968
1642647858.795428 -0.570217 1.200419 0.181017 -0.073029 0.192415 -0.179855 -0.961923
1642647858.803761 -0.570614 1.200725 0.180632 -0.072609 0.192578 -0.180059 -0.961884
1642647858.812094 -0.571005 1.201050 0.180248 -0.072070 0.192907 -0.180382 -0.961798
1642647858.820428 -0.571396 1.201393 0.179860 -0.071512 0.193250 -0.180626 -0.961725
1642647858.828761 -0.571778 1.201751 0.179462 -0.070901 0.193633 -0.180886 -0.961644
1642647858.837094 -0.572160 1.202117 0.179069 -0.070304 0.193956 -0.181164 -0.961571
1642647858.845428 -0.572547 1.202487 0.178694 -0.069773 0.194185 -0.181426 -0.961514
1642647858.853761 -0.572925 1.202858 0.178317 -0.069203 0.194476 -0.181738 -0.961437
1642647858.862094 -0.573305 1.203238 0.177930 -0.068572 0.194830 -0.182032 -0.961355
1642647858.870428 -0.573691 1.203626 0.177540 -0.067948 0.195183 -0.182354 -0.961267
1642647858.878761 -0.574081 1.204029 0.177152 -0.067354 0.195507 -0.182653 -0.961186
1642647858.887094 -0.574464 1.204445 0.176769 -0.066698 0.195984 -0.183064 -0.961056
1642647858.895427 -0.574835 1.204863 0.176390 -0.066028 0.196436 -0.183516 -0.960924
1642647858.903761 -0.575226 1.205302 0.176044 -0.064873 0.196717 -0.183709 -0.960908
1642647858.912094 -0.575611 1.205730 0.175690 -0.063684 0.196913 -0.183881 -0.960915
1642647858.920428 -0.575979 1.206143 0.175303 -0.062943 0.197232 -0.184352 -0.960808
1642647858.928761 -0.576349 1.206569 0.174923 -0.062153 0.197602 -0.184916 -0.960675
1642647858.937094 -0.576702 1.206986 0.174547 -0.061367 0.197653 -0.185255 -0.960650
1642647858.945428 -0.577048 1.207403 0.174168 -0.060521 0.197702 -0.185613 -0.960624
1642647858.953761 -0.577392 1.207830 0.173788 -0.059568 0.198002 -0.186120 -0.960524
1642647858.962094 -0.577733 1.208264 0.173410 -0.058542 0.198341 -0.186604 -0.960423
1642647858.970428 -0.578062 1.208703 0.173020 -0.057480 0.198691 -0.187119 -0.960315
1642647858.978761 -0.578391 1.209145 0.172645 -0.056442 0.199075 -0.187673 -0.960189
1642647858.987094 -0.578739 1.209590 0.172307 -0.055497 0.199331 -0.188181 -0.960091
1642647858.995428 -0.579085 1.210040 0.171969 -0.054539 0.199547 -0.188694 -0.960001
1642647859.003761 -0.579428 1.210508 0.171635 -0.053529 0.199816 -0.189247 -0.959893
1642647859.012094 -0.579773 1.210996 0.171315 -0.052545 0.200151 -0.189800 -0.959768
1642647859.020427 -0.580116 1.211506 0.171009 -0.051672 0.200381 -0.190223 -0.959684
1642647859.028761 -0.580453 1.212012 0.170702 -0.050683 0.200678 -0.190702 -0.959579
1642647859.037094 -0.580782 1.212516 0.170398 -0.049589 0.201176 -0.191305 -0.959412
1642647859.045428 -0.581105 1.213047 0.170116 -0.048633 0.201608 -0.191834 -0.959265
1642647859.053761 -0.581428 1.213594 0.169856 -0.047733 0.202067 -0.192410 -0.959098
1642647859.062094 -0.581737 1.214143 0.169618 -0.046861 0.202539 -0.193014 -0.958920
1642647859.070428 -0.582028 1.214685 0.169398 -0.046053 0.202843 -0.193530 -0.958791
1642647859.078761 -0.582309 1.215224 0.169195 -0.045311 0.202943 -0.193918 -0.958727
1642647859.087094 -0.582593 1.215772 0.169009 -0.044598 0.203148 -0.194388 -0.958622
1642647859.095428 -0.582883 1.216331 0.168844 -0.043856 0.203497 -0.194959 -0.958466
1642647859.103761 -0.583162 1.216891 0.168695 -0.043198 0.203683 -0.195431 -0.958360
1642647859.112094 -0.583438 1.217476 0.168566 -0.042583 0.204106 -0.196154 -0.958150
1642647859.120428 -0.583688 1.218045 0.168434 -0.041931 0.204081 -0.196450 -0.958123
1642647859.128761 -0.583935 1.218630 0.168316 -0.041227 0.204185 -0.196778 -0.958064
1642647859.137094 -0.584177 1.219228 0.168211 -0.040527 0.204454 -0.197210 -0.957948
1642647859.145427 -0.584390 1.219795 0.168103 -0.039953 0.204213 -0.197230 -0.958019
1642647859.153761 -0.584594 1.220368 0.168009 -0.039417 0.204088 -0.197349 -0.958044
1642647859.162094 -0.584791 1.220952 0.167931 -0.038870 0.204135 -0.197557 -0.958013
1642647859.170428 -0.584991 1.221564 0.167874 -0.038251 0.204714 -0.198178 -0.957786
1642647859.178761 -0.585162 1.222154 0.167816 -0.037714 0.204868 -0.198413 -0.957726
1642647859.187094 -0.585315 1.222735 0.167765 -0.037276 0.204613 -0.198308 -0.957819
1642647859.195428 -0.585471 1.223339 0.167728 -0.036813 0.204595 -0.198412 -0.957819
1642647859.203761 -0.585612 1.223942 0.167687 -0.036386 0.204474 -0.198338 -0.957877
1642647859.212094 -0.585740 1.224554 0.167650 -0.035991 0.204374 -0.198236 -0.957934
1642647859.220428 -0.585860 1.225182 0.167620 -0.035543 0.204458 -0.198264 -0.957928
1642647859.228761 -0.585972 1.225813 0.167595 -0.035054 0.204598 -0.198266 -0.957915
1642647859.237094 -0.586075 1.226450 0.167579 -0.034606 0.204687 -0.198179 -0.957931
1642647859.245428 -0.586173 1.227116 0.167580 -0.034160 0.205103 -0.198388 -0.957814
1642647859.253761 -0.586248 1.227773 0.167590 -0.033945 0.205016 -0.198159 -0.957888
1642647859.262094 -0.586298 1.228399 0.167609 -0.033829 0.204550 -0.197543 -0.958119
1642647859.270427 -0.586337 1.229026 0.167644 -0.033423 0.204762 -0.197462 -0.958105
1642647859.278761 -0.586362 1.229657 0.167696 -0.033025 0.204893 -0.197339 -0.958116
1642647859.287094 -0.586377 1.230299 0.167759 -0.032749 0.204806 -0.197092 -0.958195
1642647859.295428 -0.586377 1.230944 0.167833 -0.032454 0.204692 -0.196781 -0.958293
1642647859.303761 -0.586369 1.231601 0.167922 -0.032215 0.204520 -0.196408 -0.958414
1642647859.312094 -0.586344 1.232248 0.168012 -0.031840 0.204476 -0.196115 -0.958496
1642647859.320428 -0.586299 1.232881 0.168108 -0.031339 0.204530 -0.195871 -0.958551
1642647859.328761 -0.586240 1.233517 0.168221 -0.031013 0.204442 -0.195539 -0.958648
1642647859.337094 -0.586173 1.234152 0.168349 -0.030777 0.204253 -0.195092 -0.958787
1642647859.345428 -0.586104 1.234791 0.168511 -0.030717 0.203982 -0.194581 -0.958951
1642647859.353761 -0.586030 1.235414 0.168689 -0.030596 0.203902 -0.194270 -0.959034
1642647859.362094 -0.585947 1.236016 0.168871 -0.030372 0.203964 -0.194080 -0.959067
1642647859.370428 -0.585861 1.236633 0.169074 -0.030293 0.204079 -0.193944 -0.959072
1642647859.378761 -0.585773 1.237267 0.169299 -0.030381 0.204106 -0.193717 -0.959110
1642647859.387094 -0.585671 1.237890 0.169536 -0.030454 0.204102 -0.193340 -0.959184
1642647859.395427 -0.585557 1.238483 0.169772 -0.030403 0.204006 -0.192886 -0.959298
1642647859.403761 -0.585448 1.239085 0.170033 -0.030404 0.203882 -0.192479 -0.959406
1642647859.412094 -0.585329 1.239706 0.170323 -0.030430 0.204064 -0.192218 -0.959419
1642647859.420428 -0.585195 1.240316 0.170627 -0.030470 0.204144 -0.191869 -0.959470
1642647859.428761 -0.585065 1.240924 0.170942 -0.030511 0.204039 -0.191466 -0.959572
1642647859.437094 -0.584929 1.241533 0.171271 -0.030582 0.203922 -0.191046 -0.959678
1642647859.445428 -0.584775 1.242131 0.171611 -0.030691 0.203716 -0.190501 -0.959827
1642647859.453761 -0.584612 1.242729 0.171961 -0.030790 0.203498 -0.189920 -0.959985
1642647859.462094 -0.584445 1.243334 0.172326 -0.030826 0.203419 -0.189460 -0.960091
1642647859.470428 -0.584272 1.243932 0.172702 -0.030802 0.203332 -0.189038 -0.960194
1642647859.478761 -0.584096 1.244519 0.173089 -0.030839 0.203193 -0.188606 -0.960307
1642647859.487094 -0.583910 1.245098 0.173487 -0.030919 0.203018 -0.188178 -0.960425
1642647859.495428 -0.583730 1.245687 0.173915 -0.031093 0.202588 -0.187703 -0.960603
1642647859.503761 -0.583545 1.246260 0.174355 -0.031111 0.202139 -0.187339 -0.960768
1642647859.512094 -0.583347 1.246825 0.174782 -0.031030 0.201766 -0.187073 -0.960901
1642647859.520427 -0.583150 1.247398 0.175226 -0.031085 0.201280 -0.186735 -0.961067
1642647859.528761 -0.582946 1.247959 0.175676 -0.031053 0.200867 -0.186461 -0.961208
1642647859.537094 -0.582734 1.248531 0.176135 -0.030951 0.200658 -0.186286 -0.961289
1642647859.545428 -0.582517 1.249110 0.176605 -0.030818 0.200422 -0.186118 -0.961375
1642647859.553761 -0.582299 1.249681 0.177073 -0.030696 0.199825 -0.185833 -0.961558
1642647859.562094 -0.582068 1.250249 0.177533 -0.030529 0.199207 -0.185580 -0.961740
1642647859.570428 -0.581826 1.250821 0.177990 -0.030392 0.198641 -0.185299 -0.961916
1642647859.578761 -0.581578 1.251394 0.178448 -0.030262 0.198032 -0.184985 -0.962106
1642647859.587094 -0.581318 1.251967 0.178905 -0.030070 0.197414 -0.184724 -0.962289
1642647859.595428 -0.581046 1.252530 0.179361 -0.029879 0.196710 -0.184400 -0.962502
1642647859.603761 -0.580769 1.253100 0.179831 -0.029890 0.195853 -0.183954 -0.962761
1642647859.612094 -0.580479 1.253658 0.180304 -0.029801 0.195147 -0.183652 -0.962965
1642647859.620428 -0.580174 1.254188 0.180778 -0.029577 0.194612 -0.183464 -0.963116
1642647859.628761 -0.579861 1.254709 0.181273 -0.029525 0.194035 -0.183230 -0.963279
1642647859.637094 -0.579531 1.255221 0.181788 -0.029599 0.193405 -0.182999 -0.963447
1642647859.645427 -0.579205 1.255728 0.182308 -0.029736 0.192720 -0.182763 -0.963625
1642647859.653761 -0.578873 1.256199 0.182814 -0.029713 0.192248 -0.182687 -0.963734
1642647859.662094 -0.578524 1.256657 0.183325 -0.029649 0.191826 -0.182649 -0.963827
1642647859.670428 -0.578176 1.257122 0.183843 -0.029642 0.191266 -0.182506 -0.963966
1642647859.678761 -0.577823 1.257581 0.184356 -0.029631 0.190713 -0.182269 -0.964121
1642647859.687094 -0.577466 1.258038 0.184873 -0.029744 0.190008 -0.181806 -0.964344
1642647859.695428 -0.577098 1.258481 0.185393 -0.029748 0.189375 -0.181419 -0.964541
1642647859.703761 -0.576722 1.258901 0.185912 -0.029650 0.188939 -0.181270 -0.964658
1642647859.712094 -0.576354 1.259323 0.186439 -0.029696 0.188456 -0.181036 -0.964795
1642647859.720428 -0.575990 1.259758 0.186985 -0.029820 0.187877 -0.180735 -0.964960
1642647859.728761 -0.575627 1.260188 0.187536 -0.029958 0.187277 -0.180486 -0.965119
1642647859.737094 -0.575262 1.260585 0.188072 -0.029860 0.186957 -0.180392 -0.965202
1642647859.745428 -0.574893 1.260968 0.188606 -0.029756 0.186704 -0.180270 -0.965277
1642647859.753761 -0.574523 1.261356 0.189142 -0.029864 0.186350 -0.179988 -0.965394
1642647859.762094 -0.574156 1.261751 0.189685 -0.030179 0.185915 -0.179602 -0.965540
1642647859.770427 -0.573790 1.262142 0.190228 -0.030509 0.185498 -0.179230 -0.965679
1642647859.778761 -0.573419 1.262499 0.190753 -0.030619 0.185418 -0.179061 -0.965722
1642647859.787094 -0.573036 1.262851 0.191275 -0.030739 0.185358 -0.178872 -0.965765
1642647859.795428 -0.572647 1.263214 0.191814 -0.030955 0.185137 -0.178609 -0.965849
1642647859.803761 -0.572259 1.263576 0.192357 -0.031174 0.184961 -0.178424 -0.965910
1642647859.812094 -0.571873 1.263946 0.192908 -0.031460 0.184680 -0.178156 -0.966004
1642647859.820428 -0.571474 1.264304 0.193463 -0.031656 0.184465 -0.177896 -0.966087
1642647859.828761 -0.571067 1.264647 0.194018 -0.031756 0.184263 -0.177654 -0.966167
1642647859.837094 -0.570661 1.264994 0.194580 -0.031952 0.183861 -0.177340 -0.966294
1642647859.845428 -0.570248 1.265338 0.195144 -0.032188 0.183460 -0.177062 -0.966414
1642647859.853761 -0.569830 1.265686 0.195719 -0.032566 0.182940 -0.176730 -0.966560
1642647859.862094 -0.569405 1.266011 0.196289 -0.032778 0.182472 -0.176511 -0.966682
1642647859.870428 -0.568972 1.266316 0.196848 -0.032870 0.182091 -0.176373 -0.966776
1642647859.878761 -0.568532 1.266629 0.197421 -0.033100 0.181577 -0.176123 -0.966910
1642647859.887094 -0.568091 1.266938 0.198003 -0.033272 0.181059 -0.175923 -0.967038
1642647859.895427 -0.567647 1.267245 0.198585 -0.033454 0.180509 -0.175742 -0.967167
1642647859.903761 -0.567196 1.267564 0.199178 -0.033765 0.179766 -0.175444 -0.967349
1642647859.912094 -0.566731 1.267869 0.199774 -0.033931 0.179048 -0.175208 -0.967519
1642647859.920428 -0.566254 1.268158 0.200361 -0.033971 0.178417 -0.175077 -0.967658
1642647859.928761 -0.565778 1.268464 0.200953 -0.034101 0.177649 -0.174813 -0.967842
1642647859.937094 -0.565291 1.268763 0.201541 -0.034217 0.176875 -0.174517 -0.968033
1642647859.945428 -0.564789 1.269059 0.202121 -0.034357 0.176002 -0.174235 -0.968238
1642647859.953761 -0.564283 1.269367 0.202708 -0.034592 0.175026 -0.173870 -0.968472
1642647859.962094 -0.563763 1.269663 0.203286 -0.034724 0.174238 -0.173578 -0.968662
1642647859.970428 -0.563202 1.269926 0.203830 -0.035225 0.173569 -0.173551 -0.968769
1642647859.978761 -0.562643 1.270211 0.204358 -0.035857 0.172544 -0.173423 -0.968952
1642647859.987094 -0.562095 1.270526 0.204921 -0.035988 0.171470 -0.173012 -0.969211
1642647859.995428 -0.561534 1.270847 0.205520 -0.036271 0.170420 -0.172511 -0.969475
1642647860.003761 -0.560970 1.271170 0.206122 -0.036547 0.169351 -0.172060 -0.969732
1642647860.012094 -0.560394 1.271482 0.206718 -0.036745 0.168525 -0.171643 -0.969942
1642647860.020427 -0.559796 1.271786 0.207308 -0.036762 0.167874 -0.171318 -0.970112
1642647860.028761 -0.559182 1.272092 0.207899 -0.036763 0.167264 -0.171019 -0.970270
1642647860.037094 -0.558564 1.272413 0.208493 -0.036927 0.166559 -0.170572 -0.970464
1642647860.045428 -0.557936 1.272755 0.209095 -0.037173 0.165669 -0.169989 -0.970709
1642647860.053761 -0.557292 1.273093 0.209693 -0.037446 0.164714 -0.169393 -0.970965
1642647860.062094 -0.556633 1.273402 0.210273 -0.037510 0.164084 -0.168963 -0.971144
1642647860.070428 -0.555969 1.273727 0.210866 -0.037500 0.163418 -0.168531 -0.971332
1642647860.078761 -0.555302 1.274067 0.211471 -0.037619 0.162593 -0.168015 -0.971555
1642647860.087094 -0.554630 1.274420 0.212080 -0.037956 0.161653 -0.167383 -0.971808
1642647860.095428 -0.553952 1.274789 0.212692 -0.038217 0.160603 -0.166801 -0.972072
1642647860.103761 -0.553262 1.275154 0.213294 -0.038317 0.159673 -0.166290 -0.972309
1642647860.112094 -0.552560 1.275510 0.213892 -0.038370 0.158911 -0.165835 -0.972509
1642647860.120428 -0.551848 1.275874 0.214499 -0.038401 0.158089 -0.165389 -0.972718
1642647860.128761 -0.551141 1.276256 0.215112 -0.038687 0.156990 -0.164714 -0.972999
1642647860.137094 -0.550426 1.276634 0.215728 -0.039060 0.155830 -0.164032 -0.973286
1642647860.145427 -0.549694 1.277003 0.216345 -0.039290 0.154819 -0.163472 -0.973532
1642647860.153761 -0.548956 1.277360 0.216948 -0.039401 0.154003 -0.162991 -0.973737
1642647860.162094 -0.548216 1.277733 0.217566 -0.039606 0.153056 -0.162462 -0.973967
1642647860.170428 -0.547472 1.278101 0.218187 -0.039921 0.152105 -0.161875 -0.974201
1642647860.178761 -0.546721 1.278462 0.218797 -0.040262 0.151184 -0.161308 -0.974424
1642647860.187094 -0.545974 1.278842 0.219416 -0.040677 0.150146 -0.160644 -0.974677
1642647860.195428 -0.545219 1.279198 0.220020 -0.040884 0.149425 -0.160106 -0.974868
1642647860.203761 -0.544451 1.279562 0.220617 -0.041027 0.148664 -0.159572 -0.975065
1642647860.212094 -0.543686 1.279957 0.221224 -0.041389 0.147534 -0.158793 -0.975349
1642647860.220428 -0.542921 1.280340 0.221825 -0.041763 0.146472 -0.158024 -0.975618
1642647860.228761 -0.542147 1.280723 0.222435 -0.041941 0.145860 -0.157560 -0.975777
1642647860.237094 -0.541374 1.281098 0.223029 -0.041956 0.145342 -0.157148 -0.975920
1642647860.245428 -0.540610 1.281466 0.223592 -0.042064 0.144417 -0.156530 -0.976152
1642647860.253761 -0.539833 1.281824 0.224159 -0.042379 0.143097 -0.155578 -0.976485
1642647860.262094 -0.539050 1.282164 0.224723 -0.042565 0.141926 -0.154634 -0.976798
1642647860.270427 -0.538279 1.282520 0.225285 -0.042664 0.141086 -0.153995 -0.977016
1642647860.278761 -0.537506 1.282877 0.225840 -0.042747 0.140295 -0.153403 -0.977219
1642647860.287094 -0.536731 1.283224 0.226384 -0.042635 0.139673 -0.152907 -0.977391
1642647860.295428 -0.535960 1.283584 0.226929 -0.042621 0.138910 -0.152292 -0.977597
1642647860.303761 -0.535192 1.283950 0.227478 -0.042773 0.138032 -0.151602 -0.977821
1642647860.312094 -0.534419 1.284295 0.228017 -0.042825 0.137279 -0.150939 -0.978028
1642647860.320428 -0.533640 1.284630 0.228558 -0.042945 0.136514 -0.150297 -0.978228
1642647860.328761 -0.532861 1.284949 0.229115 -0.043201 0.135752 -0.149691 -0.978416
1642647860.337094 -0.532090 1.285257 0.229671 -0.043506 0.134836 -0.149024 -0.978631
1642647860.345428 -0.531313 1.285546 0.230207 -0.043587 0.134151 -0.148557 -0.978792
1642647860.353761 -0.530542 1.285838 0.230738 -0.043799 0.133424 -0.148052 -0.978959
1642647860.362094 -0.529782 1.286142 0.231275 -0.044200 0.132432 -0.147408 -0.979173
1642647860.370428 -0.529018 1.286434 0.231801 -0.044417 0.131686 -0.146949 -0.979333
1642647860.378761 -0.528261 1.286711 0.232314 -0.044651 0.131031 -0.146517 -0.979474
1642647860.387094 -0.527505 1.286979 0.232832 -0.044951 0.130272 -0.146080 -0.979627
1642647860.395427 -0.526753 1.287251 0.233355 -0.045219 0.129504 -0.145717 -0.979771
1642647860.403761 -0.526014 1.287521 0.233865 -0.045555 0.128691 -0.145277 -0.979928
1642647860.412094 -0.525276 1.287795 0.234371 -0.045882 0.127815 -0.144817 -0.980095
1642647860.420428 -0.524540 1.288073 0.234879 -0.046119 0.126950 -0.144395 -0.980259
1642647860.428761 -0.523812 1.288344 0.235379 -0.046406 0.126089 -0.143923 -0.980426
1642647860.437094 -0.523087 1.288604 0.235862 -0.046670 0.125282 -0.143513 -0.980577
1642647860.445428 -0.522356 1.288851 0.236326 -0.046759 0.124700 -0.143262 -0.980683
1642647860.453761 -0.521642 1.289112 0.236785 -0.046985 0.123907 -0.142813 -0.980838
1642647860.462094 -0.520942 1.289397 0.237243 -0.047310 0.122853 -0.142229 -0.981040
1642647860.470428 -0.520217 1.289661 0.237699 -0.047515 0.121999 -0.141670 -0.981218
1642647860.478761 -0.519496 1.289926 0.238156 -0.047713 0.121185 -0.141084 -0.981393
1642647860.487094 -0.518799 1.290202 0.238591 -0.047823 0.120519 -0.140688 -0.981527
1642647860.495428 -0.518107 1.290475 0.239016 -0.047886 0.119952 -0.140308 -0.981648
1642647860.503761 -0.517424 1.290747 0.239435 -0.047983 0.119371 -0.139864 -0.981777
1642647860.512094 -0.516742 1.291013 0.239846 -0.048071 0.118778 -0.139421 -0.981908
1642647860.520427 -0.516061 1.291270 0.240255 -0.048145 0.118227 -0.139005 -0.982030
1642647860.528761 -0.515386 1.291525 0.240659 -0.048334 0.117711 -0.138576 -0.982143
1642647860.537094 -0.514718 1.291780 0.241059 -0.048555 0.117180 -0.138134 -0.982258
1642647860.545428 -0.514049 1.292024 0.241465 -0.048754 0.116608 -0.137745 -0.982371
1642647860.553761 -0.513379 1.292259 0.241865 -0.048897 0.116174 -0.137454 -0.982456
1642647860.562094 -0.512714 1.292492 0.242267 -0.049075 0.115781 -0.137216 -0.982527
1642647860.570428 -0.512054 1.292729 0.242673 -0.049284 0.115213 -0.136941 -0.982621
1642647860.578761 -0.511397 1.292972 0.243053 -0.049352 0.114683 -0.136655 -0.982720
1642647860.587094 -0.510745 1.293226 0.243421 -0.049416 0.114126 -0.136366 -0.982821
1642647860.595428 -0.510091 1.293481 0.243799 -0.049591 0.113437 -0.136037 -0.982938
1642647860.603761 -0.509442 1.293732 0.244173 -0.049793 0.112757 -0.135716 -0.983050
1642647860.612094 -0.508799 1.293986 0.244546 -0.050005 0.112103 -0.135344 -0.983166
1642647860.620428 -0.508163 1.294243 0.244916 -0.050252 0.111402 -0.134976 -0.983283
1642647860.628761 -0.507530 1.294501 0.245278 -0.050438 0.110681 -0.134672 -0.983397
1642647860.637094 -0.506894 1.294752 0.245635 -0.050609 0.110022 -0.134377 -0.983502
1642647860.645427 -0.506256 1.295000 0.245985 -0.050847 0.109347 -0.134077 -0.983606
1642647860.653761 -0.505623 1.295258 0.246324 -0.051036 0.108690 -0.133755 -0.983713
1642647860.662094 -0.504997 1.295515 0.246653 -0.051190 0.108001 -0.133444 -0.983823
1642647860.670428 -0.504372 1.295771 0.246968 -0.051300 0.107315 -0.133153 -0.983932
1642647860.678761 -0.503752 1.296030 0.247274 -0.051419 0.106739 -0.132834 -0.984031
1642647860.687094 -0.503136 1.296299 0.247573 -0.051548 0.106080 -0.132483 -0.984143
1642647860.695428 -0.502524 1.296577 0.247867 -0.051539 0.105445 -0.132213 -0.984248
1642647860.703761 -0.501910 1.296855 0.248161 -0.051502 0.104922 -0.131908 -0.984347
1642647860.712094 -0.501294 1.297139 0.248459 -0.051536 0.104348 -0.131468 -0.984465
1642647860.720428 -0.500687 1.297419 0.248752 -0.051596 0.103818 -0.131111 -0.984566
1642647860.728761 -0.500087 1.297695 0.249035 -0.051667 0.103319 -0.130790 -0.984657
1642647860.737094 -0.499495 1.297967 0.249315 -0.051726 0.102857 -0.130438 -0.984749
1642647860.745428 -0.498915 1.298244 0.249592 -0.051763 0.102425 -0.130095 -0.984838
1642647860.753761 -0.498339 1.298525 0.249872 -0.051754 0.102010 -0.129771 -0.984924
1642647860.762094 -0.497762 1.298802 0.250154 -0.051763 0.101622 -0.129457 -0.985005
1642647860.770427 -0.497191 1.299082 0.250434 -0.051843 0.101194 -0.129171 -0.985082
1642647860.778761 -0.496632 1.299361 0.250711 -0.051913 0.100799 -0.128913 -0.985153
1642647860.787094 -0.496076 1.299632 0.250989 -0.052003 0.100370 -0.128637 -0.985228
1642647860.795428 -0.495517 1.299904 0.251273 -0.052070 0.099853 -0.128337 -0.985316
1642647860.803761 -0.494959 1.300180 0.251568 -0.052132 0.099364 -0.128026 -0.985403
1642647860.812094 -0.494405 1.300452 0.251865 -0.052231 0.098953 -0.127764 -0.985473
1642647860.820428 -0.493859 1.300716 0.252150 -0.052358 0.098591 -0.127549 -0.985530
1642647860.828761 -0.493312 1.300974 0.252441 -0.052503 0.098161 -0.127341 -0.985592
1642647860.837094 -0.492766 1.301231 0.252743 -0.052612 0.097697 -0.127117 -0.985662
1642647860.845428 -0.492221 1.301484 0.253048 -0.052738 0.097273 -0.126904 -0.985724
1642647860.853761 -0.491681 1.301729 0.253355 -0.052907 0.096909 -0.126717 -0.985775
1642647860.862094 -0.491143 1.301970 0.253669 -0.053045 0.096472 -0.126513 -0.985837
1642647860.870428 -0.490605 1.302203 0.253985 -0.053235 0.095968 -0.126295 -0.985904
1642647860.878761 -0.490070 1.302434 0.254299 -0.053482 0.095516 -0.126124 -0.985956
1642647860.887094 -0.489532 1.302662 0.254612 -0.053682 0.095087 -0.125973 -0.986006
1642647860.895427 -0.489000 1.302882 0.254920 -0.053877 0.094605 -0.125776 -0.986067
1642647860.903761 -0.488472 1.303097 0.255226 -0.054074 0.094118 -0.125584 -0.986127
1642647860.912094 -0.487941 1.303311 0.255524 -0.054260 0.093713 -0.125430 -0.986175
1642647860.920428 -0.487420 1.303512 0.255820 -0.054417 0.093328 -0.125262 -0.986224
1642647860.928761 -0.486901 1.303707 0.256122 -0.054568 0.092895 -0.125111 -0.986276
1642647860.937094 -0.486347 1.303888 0.256447 -0.054851 0.092113 -0.124707 -0.986385
1642647860.945428 -0.485786 1.304054 0.256783 -0.055141 0.091307 -0.124265 -0.986499
1642647860.953761 -0.485263 1.304222 0.257109 -0.055353 0.090799 -0.124066 -0.986559
1642647860.962094 -0.484741 1.304380 0.257438 -0.055638 0.090310 -0.123846 -0.986616
1642647860.970428 -0.484215 1.304526 0.257775 -0.055898 0.089838 -0.123621 -0.986672
1642647860.978761 -0.483686 1.304657 0.258116 -0.056080 0.089444 -0.123440 -0.986721
1642647860.987094 -0.483161 1.304774 0.258447 -0.056334 0.089167 -0.123304 -0.986748
1642647860.995428 -0.482636 1.304885 0.258774 -0.056641 0.088898 -0.123117 -0.986778
1642647861.003761 -0.482105 1.304985 0.259110 -0.056935 0.088610 -0.122909 -0.986813
1642647861.012094 -0.481571 1.305069 0.259466 -0.057260 0.088629 -0.122856 -0.986799
1642647861.020427 -0.481034 1.305142 0.259818 -0.057568 0.088714 -0.122840 -0.986776
1642647861.028761 -0.480490 1.305200 0.260145 -0.057882 0.088584 -0.122744 -0.986781
1642647861.037094 -0.479944 1.305258 0.260478 -0.058188 0.088410 -0.122632 -0.986792
1642647861.045428 -0.479404 1.305321 0.260805 -0.058477 0.088103 -0.122469 -0.986823
1642647861.053761 -0.478865 1.305375 0.261123 -0.058781 0.087845 -0.122314 -0.986847
1642647861.062094 -0.478320 1.305423 0.261446 -0.059101 0.087550 -0.122146 -0.986875
1642647861.070428 -0.477769 1.305460 0.261764 -0.059423 0.087198 -0.121980 -0.986907
1642647861.078761 -0.477217 1.305492 0.262083 -0.059703 0.086855 -0.121865 -0.986935
1642647861.087094 -0.476660 1.305530 0.262410 -0.059988 0.086415 -0.121718 -0.986974
1642647861.095428 -0.476105 1.305561 0.262730 -0.060312 0.085936 -0.121524 -0.987021
1642647861.103761 -0.475539 1.305552 0.263041 -0.060451 0.085759 -0.121495 -0.987031
1642647861.112094 -0.474965 1.305530 0.263345 -0.060552 0.085627 -0.121544 -0.987030
1642647861.120428 -0.474413 1.305524 0.263647 -0.060908 0.085000 -0.121402 -0.987080
1642647861.128761 -0.473874 1.305506 0.263948 -0.061360 0.084213 -0.121192 -0.987145
1642647861.137094 -0.473339 1.305481 0.264233 -0.061744 0.083473 -0.121006 -0.987207
1642647861.145427 -0.472806 1.305449 0.264509 -0.062015 0.082704 -0.120825 -0.987277
1642647861.153761 -0.472276 1.305413 0.264784 -0.062250 0.081954 -0.120686 -0.987342
1642647861.162094 -0.471752 1.305372 0.265051 -0.062482 0.081246 -0.120546 -0.987402
1642647861.170428 -0.471232 1.305312 0.265311 -0.062824 0.080528 -0.120370 -0.987461
1642647861.178761 -0.470717 1.305230 0.265572 -0.063237 0.079896 -0.120252 -0.987501
1642647861.187094 -0.470206 1.305130 0.265839 -0.063625 0.079272 -0.120192 -0.987533
1642647861.195428 -0.469682 1.305002 0.266126 -0.063908 0.078957 -0.120305 -0.987526
1642647861.203761 -0.469159 1.304859 0.266430 -0.064209 0.078810 -0.120423 -0.987504
1642647861.212094 -0.468654 1.304731 0.266739 -0.064628 0.078406 -0.120417 -0.987510
1642647861.220428 -0.468152 1.304604 0.267060 -0.065022 0.077989 -0.120420 -0.987517
1642647861.228761 -0.467652 1.304475 0.267395 -0.065428 0.077566 -0.120324 -0.987535
1642647861.237094 -0.467152 1.304340 0.267736 -0.065889 0.077299 -0.120195 -0.987541
1642647861.245428 -0.466649 1.304199 0.268088 -0.066397 0.077125 -0.120064 -0.987536
1642647861.253761 -0.466143 1.304052 0.268443 -0.066923 0.076903 -0.119936 -0.987534
1642647861.262094 -0.465634 1.303897 0.268809 -0.067420 0.076646 -0.119802 -0.987536
1642647861.270427 -0.465127 1.303731 0.269187 -0.067945 0.076463 -0.119697 -0.987527
1642647861.278761 -0.464617 1.303559 0.269564 -0.068539 0.076311 -0.119597 -0.987510
1642647861.287094 -0.464104 1.303387 0.269944 -0.069136 0.076200 -0.119602 -0.987476
1642647861.295428 -0.463593 1.303214 0.270332 -0.069743 0.075961 -0.119656 -0.987445
1642647861.303761 -0.463084 1.303042 0.270726 -0.070330 0.075459 -0.119586 -0.987451
1642647861.312094 -0.462582 1.302869 0.271114 -0.070838 0.075009 -0.119547 -0.987453
1642647861.320428 -0.462072 1.302701 0.271496 -0.071262 0.074585 -0.119549 -0.987455
1642647861.328761 -0.461551 1.302539 0.271877 -0.071594 0.074155 -0.119610 -0.987456
1642647861.337094 -0.461025 1.302375 0.272246 -0.071933 0.073721 -0.119721 -0.987450
1642647861.345428 -0.460511 1.302212 0.272592 -0.072278 0.073198 -0.119760 -0.987459
1642647861.353761 -0.459988 1.302071 0.272937 -0.072793 0.072635 -0.119700 -0.987470
1642647861.362094 -0.459457 1.301941 0.273279 -0.073288 0.072091 -0.119715 -0.987472
1642647861.370428 -0.458944 1.301797 0.273591 -0.073596 0.071457 -0.119808 -0.987484
1642647861.378761 -0.458432 1.301644 0.273883 -0.073953 0.070732 -0.119794 -0.987511
1642647861.387094 -0.457915 1.301476 0.274154 -0.074336 0.070057 -0.119844 -0.987524
1642647861.395427 -0.457389 1.301305 0.274405 -0.074739 0.069302 -0.119938 -0.987535
1642647861.403761 -0.456860 1.301127 0.274641 -0.075088 0.068423 -0.120010 -0.987562
1642647861.412094 -0.456333 1.300941 0.274863 -0.075389 0.067564 -0.120106 -0.987586
1642647861.420428 -0.455804 1.300752 0.275075 -0.075671 0.066721 -0.120221 -0.987608
1642647861.428761 -0.455272 1.300554 0.275282 -0.075913 0.065854 -0.120381 -0.987628
1642647861.437094 -0.454739 1.300349 0.275482 -0.076118 0.064982 -0.120520 -0.987653
1642647861.445428 -0.454206 1.300146 0.275654 -0.076270 0.064058 -0.120590 -0.987693
1642647861.453761 -0.453672 1.299939 0.275811 -0.076478 0.063106 -0.120609 -0.987736
1642647861.462094 -0.453140 1.299728 0.275973 -0.076669 0.062222 -0.120623 -0.987776
1642647861.470428 -0.452604 1.299519 0.276132 -0.076806 0.061413 -0.120669 -0.987810
1642647861.478761 -0.452065 1.299309 0.276294 -0.077026 0.060636 -0.120728 -0.987834
1642647861.487094 -0.451535 1.299103 0.276460 -0.077330 0.059856 -0.120757 -0.987854
1642647861.495428 -0.451018 1.298903 0.276622 -0.077614 0.059000 -0.120722 -0.987887
1642647861.503761 -0.450503 1.298705 0.276776 -0.077822 0.058188 -0.120736 -0.987917
1642647861.512094 -0.449982 1.298519 0.276925 -0.078000 0.057450 -0.120805 -0.987938
1642647861.520427 -0.449468 1.298342 0.277075 -0.078232 0.056727 -0.120827 -0.987959
1642647861.528761 -0.448957 1.298172 0.277226 -0.078477 0.056030 -0.120769 -0.987986
1642647861.537094 -0.448452 1.298016 0.277377 -0.078687 0.055405 -0.120734 -0.988009
1642647861.545428 -0.447950 1.297865 0.277529 -0.078930 0.054734 -0.120699 -0.988032
1642647861.553761 -0.447450 1.297713 0.277686 -0.079221 0.054061 -0.120631 -0.988053
1642647861.562094 -0.446958 1.297560 0.277849 -0.079571 0.053448 -0.120561 -0.988067
1642647861.570428 -0.446473 1.297407 0.278019 -0.079960 0.052809 -0.120467 -0.988082
1642647861.578761 -0.445993 1.297262 0.278195 -0.080326 0.052185 -0.120345 -0.988100
1642647861.587094 -0.445514 1.297118 0.278375 -0.080693 0.051628 -0.120258 -0.988110
1642647861.595428 -0.445040 1.296968 0.278564 -0.081058 0.051126 -0.120192 -0.988114
1642647861.603761 -0.444571 1.296816 0.278751 -0.081463 0.050603 -0.120087 -0.988121
1642647861.612094 -0.444106 1.296662 0.278933 -0.081885 0.050275 -0.120058 -0.988106
1642647861.620428 -0.443651 1.296516 0.279101 -0.082308 0.049849 -0.119982 -0.988102
1642647861.628761 -0.443206 1.296377 0.279262 -0.082708 0.049237 -0.119817 -0.988119
1642647861.637094 -0.442771 1.296241 0.279428 -0.083046 0.048877 -0.119757 -0.988116
1642647861.645427 -0.442343 1.296112 0.279589 -0.083417 0.048470 -0.119675 -0.988115
1642647861.653761 -0.441918 1.295983 0.279738 -0.083825 0.048012 -0.119578 -0.988114
1642647861.662094 -0.441495 1.295849 0.279874 -0.084177 0.047656 -0.119467 -0.988115
1642647861.670428 -0.441075 1.295717 0.280000 -0.084543 0.047240 -0.119306 -0.988123
1642647861.678761 -0.440662 1.295587 0.280116 -0.084908 0.046731 -0.119184 -0.988131
1642647861.687094 -0.440256 1.295458 0.280222 -0.085165 0.046242 -0.119104 -0.988141
1642647861.695428 -0.439854 1.295329 0.280318 -0.085459 0.045748 -0.119049 -0.988145
1642647861.703761 -0.439459 1.295197 0.280408 -0.085771 0.045161 -0.118980 -0.988154
1642647861.712094 -0.439066 1.295071 0.280490 -0.085977 0.044585 -0.118967 -0.988163
1642647861.720428 -0.438680 1.294954 0.280557 -0.086133 0.044011 -0.118961 -0.988176
1642647861.728761 -0.438303 1.294834 0.280609 -0.086309 0.043408 -0.118934 -0.988191
1642647861.737094 -0.437937 1.294722 0.280651 -0.086435 0.042822 -0.118904 -0.988209
1642647861.745428 -0.437581 1.294619 0.280685 -0.086502 0.042321 -0.118867 -0.988229
1642647861.753761 -0.437229 1.294518 0.280706 -0.086542 0.041853 -0.118820 -0.988251
1642647861.762094 -0.436885 1.294418 0.280709 -0.086586 0.041384 -0.118778 -0.988272
1642647861.770427 -0.436552 1.294323 0.280706 -0.086646 0.040978 -0.118747 -0.988288
1642647861.778761 -0.436222 1.294230 0.280693 -0.086674 0.040628 -0.118811 -0.988292
1642647861.787094 -0.435900 1.294135 0.280682 -0.086679 0.040413 -0.118974 -0.988281
1642647861.795428 -0.435583 1.294041 0.280674 -0.086707 0.040140 -0.119085 -0.988276
1642647861.803761 -0.435275 1.293957 0.280658 -0.086665 0.039742 -0.119112 -0.988292
1642647861.812094 -0.434972 1.293879 0.280642 -0.086581 0.039387 -0.119166 -0.988308
1642647861.820428 -0.434673 1.293805 0.280629 -0.086505 0.038993 -0.119221 -0.988323
1642647861.828761 -0.434376 1.293745 0.280611 -0.086401 0.038569 -0.119286 -0.988341
1642647861.837094 -0.434081 1.293689 0.280593 -0.086321 0.038128 -0.119350 -0.988358
1642647861.845428 -0.433792 1.293625 0.280590 -0.086253 0.037754 -0.119472 -0.988363
1642647861.853761 -0.433501 1.293561 0.280592 -0.086210 0.037402 -0.119626 -0.988362
1642647861.862094 -0.433216 1.293501 0.280599 -0.086232 0.036966 -0.119689 -0.988368
1642647861.870428 -0.432929 1.293440 0.280612 -0.086285 0.036511 -0.119718 -0.988377
1642647861.878761 -0.432635 1.293379 0.280641 -0.086342 0.036110 -0.119755 -0.988382
1642647861.887094 -0.432341 1.293321 0.280677 -0.086374 0.035669 -0.119736 -0.988398
1642647861.895427 -0.432039 1.293263 0.280718 -0.086432 0.035255 -0.119757 -0.988405
1642647861.903761 -0.431736 1.293198 0.280768 -0.086503 0.034911 -0.119859 -0.988399
1642647861.912094 -0.431433 1.293124 0.280821 -0.086555 0.034525 -0.119946 -0.988397
1642647861.920428 -0.431130 1.293045 0.280881 -0.086635 0.034154 -0.120086 -0.988386
1642647861.928761 -0.430820 1.292954 0.280944 -0.086694 0.033797 -0.120257 -0.988373
1642647861.937094 -0.430500 1.292854 0.281006 -0.086753 0.033293 -0.120358 -0.988372
1642647861.945428 -0.430172 1.292752 0.281079 -0.086886 0.032695 -0.120406 -0.988375
1642647861.953761 -0.429842 1.292645 0.281157 -0.086984 0.032157 -0.120523 -0.988369
1642647861.962094 -0.429510 1.292529 0.281235 -0.087064 0.031645 -0.120701 -0.988357
1642647861.970428 -0.429169 1.292409 0.281315 -0.087177 0.031159 -0.120876 -0.988341
1642647861.978761 -0.428820 1.292293 0.281378 -0.087252 0.030660 -0.120994 -0.988336
1642647861.987094 -0.428463 1.292168 0.281425 -0.087371 0.030170 -0.121056 -0.988333
1642647861.995428 -0.428092 1.292024 0.281472 -0.087442 0.029893 -0.121178 -0.988320
1642647862.003761 -0.427718 1.291871 0.281513 -0.087456 0.029638 -0.121257 -0.988317
1642647862.012094 -0.427339 1.291708 0.281553 -0.087506 0.029284 -0.121259 -0.988322
1642647862.020427 -0.426951 1.291541 0.281592 -0.087616 0.028946 -0.121279 -0.988320
1642647862.028761 -0.426563 1.291373 0.281641 -0.087736 0.028560 -0.121353 -0.988312
1642647862.037094 -0.426176 1.291213 0.281711 -0.087831 0.028243 -0.121489 -0.988296
1642647862.045428 -0.425791 1.291056 0.281794 -0.087936 0.027952 -0.121657 -0.988274
1642647862.053761 -0.425408 1.290908 0.281888 -0.087997 0.027617 -0.121849 -0.988254
1642647862.062094 -0.425027 1.290772 0.282002 -0.088052 0.027344 -0.122086 -0.988228
1642647862.070428 -0.424651 1.290653 0.282121 -0.088158 0.026929 -0.122253 -0.988209
1642647862.078761 -0.424270 1.290534 0.282258 -0.088306 0.026498 -0.122438 -0.988185
1642647862.087094 -0.423884 1.290414 0.282437 -0.088457 0.026106 -0.122636 -0.988157
1642647862.095428 -0.423494 1.290299 0.282649 -0.088621 0.025650 -0.122805 -0.988133
1642647862.103761 -0.423097 1.290176 0.282899 -0.088851 0.025281 -0.123061 -0.988090
1642647862.112094 -0.422697 1.290052 0.283179 -0.089181 0.024889 -0.123314 -0.988039
1642647862.120428 -0.422288 1.289929 0.283488 -0.089603 0.024437 -0.123507 -0.987988
1642647862.128761 -0.421871 1.289799 0.283818 -0.090024 0.024062 -0.123736 -0.987930
1642647862.137094 -0.421448 1.289661 0.284164 -0.090473 0.023757 -0.123990 -0.987865
1642647862.145427 -0.421018 1.289520 0.284527 -0.090914 0.023454 -0.124267 -0.987797
1642647862.153761 -0.420576 1.289383 0.284883 -0.091334 0.023100 -0.124561 -0.987729
1642647862.162094 -0.420131 1.289256 0.285249 -0.091723 0.022717 -0.124819 -0.987669
1642647862.170428 -0.419679 1.289139 0.285614 -0.092055 0.022220 -0.125019 -0.987625
1642647862.178761 -0.419215 1.289025 0.285988 -0.092388 0.021648 -0.125205 -0.987583
1642647862.187094 -0.418743 1.288909 0.286387 -0.092695 0.021185 -0.125465 -0.987531
1642647862.195428 -0.418264 1.288790 0.286795 -0.092991 0.020709 -0.125737 -0.987479
1642647862.203761 -0.417780 1.288667 0.287217 -0.093325 0.020288 -0.126012 -0.987421
1642647862.212094 -0.417290 1.288549 0.287645 -0.093665 0.019906 -0.126322 -0.987357
1642647862.220428 -0.416796 1.288433 0.288091 -0.094012 0.019273 -0.126570 -0.987305
1642647862.228761 -0.416297 1.288322 0.288553 -0.094318 0.018749 -0.126844 -0.987250
1642647862.237094 -0.415776 1.288214 0.289015 -0.094555 0.018475 -0.127212 -0.987186
1642647862.245428 -0.415243 1.288104 0.289480 -0.094846 0.018134 -0.127528 -0.987123
1642647862.253761 -0.414698 1.288005 0.289956 -0.095164 0.017852 -0.127790 -0.987064
1642647862.262094 -0.414131 1.287898 0.290466 -0.095457 0.017764 -0.128164 -0.986989
1642647862.270427 -0.413549 1.287776 0.290972 -0.095734 0.017253 -0.128385 -0.986942
1642647862.278761 -0.412954 1.287650 0.291481 -0.095984 0.016458 -0.128483 -0.986919
1642647862.287094 -0.412340 1.287529 0.292047 -0.096242 0.016174 -0.128895 -0.986844
1642647862.295428 -0.411706 1.287415 0.292627 -0.096491 0.015866 -0.129338 -0.986767
1642647862.303761 -0.411061 1.287294 0.293218 -0.096743 0.015541 -0.129790 -0.986688
1642647862.312094 -0.410411 1.287155 0.293818 -0.097143 0.015264 -0.130147 -0.986606
1642647862.320428 -0.409743 1.287008 0.294423 -0.097553 0.014944 -0.130467 -0.986529
1642647862.328761 -0.409039 1.286893 0.295039 -0.097864 0.014593 -0.130997 -0.986433
1642647862.337094 -0.408311 1.286786 0.295674 -0.098151 0.014265 -0.131522 -0.986339
1642647862.345428 -0.407566 1.286662 0.296334 -0.098460 0.013751 -0.131962 -0.986257
1642647862.353761 -0.406796 1.286537 0.297005 -0.098759 0.013214 -0.132428 -0.986172
1642647862.362094 -0.406002 1.286415 0.297673 -0.099069 0.012766 -0.132915 -0.986081
1642647862.370428 -0.405188 1.286283 0.298336 -0.099414 0.012391 -0.133447 -0.985979
1642647862.378761 -0.404376 1.286176 0.298977 -0.099654 0.011861 -0.134019 -0.985884
1642647862.387094 -0.403556 1.286085 0.299610 -0.099804 0.011372 -0.134597 -0.985796
1642647862.395427 -0.402700 1.285977 0.300280 -0.099988 0.011060 -0.135115 -0.985710
1642647862.403761 -0.401839 1.285874 0.300955 -0.100134 0.010758 -0.135612 -0.985630
1642647862.412094 -0.400959 1.285790 0.301620 -0.100284 0.010630 -0.136149 -0.985542
1642647862.420428 -0.400055 1.285725 0.302281 -0.100494 0.010611 -0.136594 -0.985460
1642647862.428761 -0.399136 1.285670 0.302944 -0.100552 0.010732 -0.137082 -0.985385
1642647862.437094 -0.398202 1.285611 0.303618 -0.100651 0.010734 -0.137467 -0.985321
1642647862.445428 -0.397255 1.285569 0.304293 -0.100774 0.010801 -0.137808 -0.985260
1642647862.453761 -0.396290 1.285531 0.304965 -0.100910 0.010975 -0.138233 -0.985184
1642647862.462094 -0.395300 1.285491 0.305635 -0.100982 0.011154 -0.138603 -0.985123
1642647862.470428 -0.394286 1.285471 0.306310 -0.101042 0.011299 -0.138857 -0.985080
1642647862.478761 -0.393255 1.285464 0.307000 -0.101082 0.011535 -0.139143 -0.985032
1642647862.487094 -0.392214 1.285461 0.307711 -0.101101 0.011576 -0.139425 -0.984990
1642647862.495428 -0.391130 1.285465 0.308470 -0.101209 0.011637 -0.139562 -0.984959
1642647862.503761 -0.390031 1.285494 0.309213 -0.101305 0.011762 -0.139799 -0.984914
1642647862.512094 -0.388927 1.285544 0.309942 -0.101411 0.011464 -0.140053 -0.984870
1642647862.520427 -0.387782 1.285591 0.310716 -0.101649 0.011367 -0.140305 -0.984811
1642647862.528761 -0.386621 1.285655 0.311508 -0.101892 0.011354 -0.140594 -0.984745
1642647862.537094 -0.385423 1.285733 0.312342 -0.102151 0.011551 -0.140911 -0.984670
1642647862.545428 -0.384219 1.285822 0.313153 -0.102524 0.011376 -0.141160 -0.984598
1642647862.553761 -0.383022 1.285934 0.313937 -0.102817 0.010801 -0.141430 -0.984535
1642647862.562094 -0.381787 1.286052 0.314757 -0.103154 0.010577 -0.141773 -0.984453
1642647862.570428 -0.380534 1.286164 0.315578 -0.103506 0.010237 -0.142052 -0.984379
1642647862.578761 -0.379261 1.286269 0.316407 -0.103828 0.009776 -0.142305 -0.984314
1642647862.587094 -0.377966 1.286386 0.317233 -0.104094 0.009328 -0.142605 -0.984247
1642647862.595428 -0.376649 1.286504 0.318052 -0.104298 0.008865 -0.142964 -0.984177
1642647862.603761 -0.375320 1.286617 0.318863 -0.104528 0.008259 -0.143244 -0.984117
1642647862.612094 -0.373983 1.286722 0.319668 -0.104634 0.007612 -0.143573 -0.984063
1642647862.620428 -0.372637 1.286822 0.320460 -0.104601 0.006958 -0.143983 -0.984012
1642647862.628761 -0.371285 1.286916 0.321236 -0.104459 0.006296 -0.144396 -0.983971
1642647862.637094 -0.369928 1.287004 0.321991 -0.104190 0.005720 -0.144885 -0.983931
1642647862.645427 -0.368567 1.287084 0.322727 -0.103906 0.005115 -0.145377 -0.983892
1642647862.653761 -0.367187 1.287132 0.323441 -0.103507 0.004581 -0.145817 -0.983871
1642647862.662094 -0.365815 1.287192 0.324154 -0.103081 0.004077 -0.146261 -0.983852
1642647862.670428 -0.364456 1.287269 0.324879 -0.102734 0.003549 -0.146645 -0.983834
1642647862.678761 -0.363075 1.287292 0.325575 -0.102296 0.003129 -0.147060 -0.983819
1642647862.687094 -0.361691 1.287290 0.326261 -0.101892 0.002788 -0.147512 -0.983794
1642647862.695428 -0.360305 1.287271 0.326942 -0.101577 0.002518 -0.147945 -0.983762
1642647862.703761 -0.358915 1.287241 0.327628 -0.101292 0.002312 -0.148418 -0.983721
1642647862.712094 -0.357513 1.287195 0.328305 -0.101070 0.002138 -0.148911 -0.983670
1642647862.720428 -0.356107 1.287128 0.328984 -0.100887 0.001938 -0.149315 -0.983627
1642647862.728761 -0.354687 1.287070 0.329672 -0.100693 0.001698 -0.149812 -0.983572
1642647862.737094 -0.353254 1.287012 0.330352 -0.100561 0.001428 -0.150314 -0.983510
1642647862.745428 -0.351829 1.286930 0.331031 -0.100603 0.001295 -0.150619 -0.983459
1642647862.753761 -0.350398 1.286837 0.331701 -0.100698 0.001164 -0.150864 -0.983412
1642647862.762094 -0.348958 1.286729 0.332361 -0.100838 0.000889 -0.151052 -0.983369
1642647862.770427 -0.347516 1.286620 0.333024 -0.100985 0.000688 -0.151240 -0.983325
1642647862.778761 -0.346069 1.286501 0.333680 -0.101228 0.000422 -0.151371 -0.983280
1642647862.787094 -0.344603 1.286344 0.334312 -0.101479 0.000092 -0.151452 -0.983242
1642647862.795428 -0.343133 1.286214 0.334947 -0.101707 -0.000010 -0.151589 -0.983197
1642647862.803761 -0.341677 1.286114 0.335594 -0.101989 -0.000160 -0.151717 -0.983148
1642647862.812094 -0.340223 1.285980 0.336218 -0.102300 -0.000628 -0.151678 -0.983122
1642647862.820428 -0.338771 1.285848 0.336832 -0.102562 -0.001108 -0.151629 -0.983101
1642647862.828761 -0.337319 1.285702 0.337428 -0.102871 -0.001753 -0.151490 -0.983090
1642647862.837094 -0.335868 1.285555 0.338011 -0.103226 -0.002475 -0.151287 -0.983082
1642647862.845428 -0.334404 1.285377 0.338562 -0.103535 -0.003084 -0.151155 -0.983068
1642647862.853761 -0.332957 1.285214 0.339110 -0.103827 -0.003714 -0.150983 -0.983062
1642647862.862094 -0.331536 1.285089 0.339664 -0.104174 -0.004420 -0.150733 -0.983060
1642647862.870428 -0.330109 1.284926 0.340180 -0.104555 -0.005131 -0.150460 -0.983058
1642647862.878761 -0.328695 1.284765 0.340683 -0.104852 -0.005784 -0.150197 -0.983063
1642647862.887094 -0.327279 1.284575 0.341153 -0.105166 -0.006481 -0.149790 -0.983088
1642647862.895427 -0.325869 1.284373 0.341603 -0.105474 -0.007237 -0.149359 -0.983115
1642647862.903761 -0.324493 1.284203 0.342051 -0.105712 -0.007971 -0.148945 -0.983146
1642647862.912094 -0.323143 1.284067 0.342502 -0.105983 -0.008631 -0.148547 -0.983172
1642647862.920428 -0.321809 1.283934 0.342934 -0.106270 -0.009303 -0.148148 -0.983195
1642647862.928761 -0.320479 1.283762 0.343331 -0.106466 -0.010006 -0.147744 -0.983228
1642647862.937094 -0.319169 1.283586 0.343724 -0.106629 -0.010706 -0.147340 -0.983263
1642647862.945428 -0.317877 1.283425 0.344110 -0.106766 -0.011355 -0.146971 -0.983296
1642647862.953761 -0.316605 1.283261 0.344489 -0.106880 -0.011950 -0.146560 -0.983338
1642647862.962094 -0.315355 1.283094 0.344859 -0.107008 -0.012521 -0.146124 -0.983382
1642647862.970428 -0.314113 1.282896 0.345197 -0.107116 -0.012992 -0.145696 -0.983428
1642647862.978761 -0.312886 1.282691 0.345521 -0.107261 -0.013357 -0.145244 -0.983474
1642647862.987094 -0.311693 1.282522 0.345852 -0.107417 -0.013715 -0.144727 -0.983528
1642647862.995428 -0.310526 1.282355 0.346159 -0.107589 -0.014020 -0.144209 -0.983581
1642647863.003761 -0.309379 1.282183 0.346455 -0.107763 -0.014230 -0.143747 -0.983627
1642647863.012094 -0.308251 1.282009 0.346753 -0.107930 -0.014449 -0.143272 -0.983674
1642647863.020427 -0.307147 1.281846 0.347046 -0.108084 -0.014710 -0.142834 -0.983717
1642647863.028761 -0.306073 1.281692 0.347330 -0.108199 -0.015044 -0.142413 -0.983761
1642647863.037094 -0.305025 1.281573 0.347636 -0.108308 -0.015377 -0.142013 -0.983802
1642647863.045428 -0.304002 1.281462 0.347964 -0.108461 -0.015788 -0.141599 -0.983838
1642647863.053761 -0.302978 1.281320 0.348272 -0.108614 -0.016253 -0.141207 -0.983870
1642647863.062094 -0.301976 1.281187 0.348573 -0.108732 -0.016639 -0.140860 -0.983900
1642647863.070428 -0.301000 1.281056 0.348869 -0.108967 -0.017029 -0.140475 -0.983922
1642647863.078761 -0.300027 1.280903 0.349150 -0.109269 -0.017464 -0.140057 -0.983941
1642647863.087094 -0.299069 1.280746 0.349423 -0.109544 -0.017841 -0.139691 -0.983955
1642647863.095428 -0.298148 1.280622 0.349714 -0.109896 -0.018201 -0.139353 -0.983958
1642647863.103761 -0.297248 1.280502 0.350000 -0.110231 -0.018494 -0.139050 -0.983958
1642647863.112094 -0.296362 1.280386 0.350282 -0.110534 -0.018767 -0.138798 -0.983954
1642647863.120428 -0.295497 1.280293 0.350564 -0.110790 -0.019109 -0.138498 -0.983961
1642647863.128761 -0.294645 1.280214 0.350852 -0.111006 -0.019533 -0.138189 -0.983972
1642647863.137094 -0.293798 1.280136 0.351144 -0.111174 -0.019976 -0.137920 -0.983981
1642647863.145427 -0.292969 1.280059 0.351444 -0.111319 -0.020490 -0.137679 -0.983988
1642647863.153761 -0.292155 1.279981 0.351748 -0.111490 -0.021146 -0.137525 -0.983976
1642647863.162094 -0.291360 1.279898 0.352060 -0.111650 -0.021863 -0.137412 -0.983958
1642647863.170428 -0.290586 1.279838 0.352404 -0.111842 -0.022577 -0.137322 -0.983933
1642647863.178761 -0.289811 1.279764 0.352738 -0.112078 -0.023288 -0.137264 -0.983898
1642647863.187094 -0.289029 1.279657 0.353046 -0.112316 -0.023963 -0.137181 -0.983866
1642647863.195428 -0.288267 1.279582 0.353372 -0.112560 -0.024451 -0.137240 -0.983818
1642647863.203761 -0.287516 1.279516 0.353690 -0.112792 -0.024895 -0.137279 -0.983775
1642647863.212094 -0.286772 1.279449 0.354021 -0.113055 -0.025237 -0.137170 -0.983751
1642647863.220428 -0.286040 1.279394 0.354347 -0.113291 -0.025452 -0.137144 -0.983722
1642647863.228761 -0.285325 1.279361 0.354656 -0.113455 -0.025800 -0.137146 -0.983694
1642647863.237094 -0.284613 1.279334 0.354968 -0.113569 -0.026069 -0.137031 -0.983690
1642647863.245428 -0.283903 1.279303 0.355281 -0.113660 -0.026234 -0.136920 -0.983690
1642647863.253761 -0.283203 1.279279 0.355576 -0.113710 -0.026497 -0.136801 -0.983694
1642647863.262094 -0.282515 1.279268 0.355862 -0.113688 -0.026739 -0.136744 -0.983698
1642647863.270427 -0.281837 1.279258 0.356144 -0.113689 -0.026942 -0.136725 -0.983695
1642647863.278761 -0.281162 1.279254 0.356411 -0.113669 -0.027278 -0.136594 -0.983706
1642647863.287094 -0.280484 1.279240 0.356684 -0.113656 -0.027455 -0.136523 -0.983712
1642647863.295428 -0.279838 1.279233 0.356933 -0.113658 -0.027900 -0.136517 -0.983701
1642647863.303761 -0.279199 1.279228 0.357177 -0.113619 -0.028403 -0.136443 -0.983701
1642647863.312094 -0.278550 1.279217 0.357426 -0.113593 -0.028782 -0.136340 -0.983707
1642647863.320428 -0.277890 1.279192 0.357684 -0.113602 -0.029057 -0.136251 -0.983710
1642647863.328761 -0.277230 1.279166 0.357941 -0.113609 -0.029302 -0.136124 -0.983720
1642647863.337094 -0.276586 1.279153 0.358177 -0.113552 -0.029786 -0.135982 -0.983732
1642647863.345428 -0.275944 1.279129 0.358411 -0.113495 -0.030251 -0.135899 -0.983736
1642647863.353761 -0.275293 1.279106 0.358660 -0.113447 -0.030571 -0.135840 -0.983739
1642647863.362094 -0.274639 1.279089 0.358918 -0.113381 -0.031014 -0.135744 -0.983746
1642647863.370428 -0.273989 1.279068 0.359190 -0.113335 -0.031415 -0.135653 -0.983751
1642647863.378761 -0.273336 1.279041 0.359470 -0.113281 -0.031810 -0.135556 -0.983758
1642647863.387094 -0.272692 1.279021 0.359737 -0.113168 -0.032472 -0.135451 -0.983764
1642647863.395427 -0.272050 1.279006 0.360009 -0.113089 -0.033203 -0.135337 -0.983764
1642647863.403761 -0.271402 1.278983 0.360293 -0.113020 -0.033771 -0.135242 -0.983766
1642647863.412094 -0.270750 1.278944 0.360587 -0.112986 -0.034274 -0.135125 -0.983769
1642647863.420428 -0.270103 1.278904 0.360887 -0.112970 -0.034893 -0.134958 -0.983772
1642647863.428761 -0.269469 1.278872 0.361179 -0.112909 -0.035493 -0.134825 -0.983775
1642647863.437094 -0.268833 1.278837 0.361473 -0.112840 -0.035880 -0.134745 -0.983780
1642647863.445428 -0.268202 1.278802 0.361770 -0.112775 -0.036289 -0.134667 -0.983783
1642647863.453761 -0.267578 1.278754 0.362075 -0.112740 -0.036694 -0.134597 -0.983782
1642647863.462094 -0.266960 1.278698 0.362392 -0.112685 -0.037012 -0.134510 -0.983788
1642647863.470428 -0.266349 1.278642 0.362722 -0.112698 -0.037328 -0.134411 -0.983788
1642647863.478761 -0.265704 1.278551 0.363056 -0.112836 -0.037970 -0.133877 -0.983821
1642647863.487094 -0.265053 1.278451 0.363406 -0.112991 -0.038570 -0.133249 -0.983865
1642647863.495428 -0.264468 1.278403 0.363785 -0.113168 -0.038260 -0.133598 -0.983809
1642647863.503761 -0.263886 1.278359 0.364164 -0.113423 -0.037771 -0.134042 -0.983738
1642647863.512094 -0.263295 1.278289 0.364534 -0.113686 -0.037712 -0.134027 -0.983712
1642647863.520427 -0.262715 1.278214 0.364916 -0.113881 -0.037704 -0.134018 -0.983691
1642647863.528761 -0.262140 1.278141 0.365296 -0.114062 -0.037746 -0.133975 -0.983675
1642647863.537094 -0.261565 1.278069 0.365680 -0.114257 -0.037664 -0.133996 -0.983652
1642647863.545428 -0.260994 1.277999 0.366069 -0.114444 -0.037590 -0.134002 -0.983633
1642647863.553761 -0.260424 1.277935 0.366460 -0.114610 -0.037701 -0.133920 -0.983620
1642647863.562094 -0.259856 1.277869 0.366845 -0.114756 -0.037869 -0.133833 -0.983608
1642647863.570428 -0.259299 1.277797 0.367225 -0.114934 -0.038066 -0.133773 -0.983588
1642647863.578761 -0.258743 1.277720 0.367596 -0.115111 -0.038273 -0.133753 -0.983562
1642647863.587094 -0.258174 1.277637 0.367959 -0.115231 -0.038505 -0.133684 -0.983549
1642647863.595428 -0.257608 1.277550 0.368318 -0.115378 -0.038814 -0.133582 -0.983533
1642647863.603761 -0.257046 1.277462 0.368666 -0.115521 -0.039135 -0.133507 -0.983514
1642647863.612094 -0.256483 1.277374 0.369007 -0.115677 -0.039450 -0.133437 -0.983492
1642647863.620428 -0.255921 1.277292 0.369346 -0.115800 -0.039762 -0.133370 -0.983474
1642647863.628761 -0.255358 1.277206 0.369677 -0.115875 -0.040079 -0.133317 -0.983460
1642647863.637094 -0.254788 1.277115 0.370005 -0.115989 -0.040404 -0.133250 -0.983442
1642647863.645427 -0.254216 1.277021 0.370331 -0.116140 -0.040766 -0.133163 -0.983421
1642647863.653761 -0.253642 1.276930 0.370652 -0.116283 -0.041156 -0.133083 -0.983399
1642647863.662094 -0.253066 1.276831 0.370973 -0.116366 -0.041434 -0.133042 -0.983383
1642647863.670428 -0.252483 1.276721 0.371299 -0.116485 -0.041772 -0.132985 -0.983362
1642647863.678761 -0.251891 1.276602 0.371628 -0.116701 -0.042237 -0.132861 -0.983334
1642647863.687094 -0.251295 1.276476 0.371962 -0.116931 -0.042679 -0.132750 -0.983302
1642647863.695428 -0.250690 1.276339 0.372295 -0.117127 -0.043016 -0.132743 -0.983265
1642647863.703761 -0.250083 1.276187 0.372628 -0.117338 -0.043381 -0.132730 -0.983226
1642647863.712094 -0.249468 1.276030 0.372957 -0.117615 -0.043876 -0.132607 -0.983187
1642647863.720428 -0.248847 1.275868 0.373291 -0.117872 -0.044332 -0.132492 -0.983151
1642647863.728761 -0.248228 1.275695 0.373628 -0.118096 -0.044654 -0.132418 -0.983120
1642647863.737094 -0.247607 1.275515 0.373962 -0.118332 -0.044926 -0.132392 -0.983083
1642647863.745428 -0.246983 1.275328 0.374291 -0.118627 -0.045169 -0.132332 -0.983044
1642647863.753761 -0.246350 1.275133 0.374614 -0.118935 -0.045396 -0.132210 -0.983013
1642647863.762094 -0.245708 1.274929 0.374936 -0.119265 -0.045601 -0.132110 -0.982977
1642647863.770427 -0.245052 1.274713 0.375252 -0.119638 -0.045866 -0.131965 -0.982939
1642647863.778761 -0.244390 1.274494 0.375582 -0.120005 -0.045985 -0.131890 -0.982898
1642647863.787094 -0.243724 1.274268 0.375927 -0.120364 -0.046000 -0.131894 -0.982853
1642647863.795428 -0.243038 1.274026 0.376265 -0.120740 -0.046248 -0.131812 -0.982806
1642647863.803761 -0.242340 1.273780 0.376603 -0.121162 -0.046692 -0.131635 -0.982757
1642647863.812094 -0.241622 1.273533 0.376944 -0.121585 -0.047082 -0.131464 -0.982709
1642647863.820428 -0.240892 1.273283 0.377294 -0.122010 -0.047321 -0.131448 -0.982647
1642647863.828761 -0.240152 1.273020 0.377656 -0.122392 -0.047523 -0.131526 -0.982580
1642647863.837094 -0.239402 1.272753 0.378022 -0.122733 -0.047727 -0.131612 -0.982516
1642647863.845428 -0.238639 1.272478 0.378388 -0.123138 -0.048106 -0.131618 -0.982446
1642647863.853761 -0.237856 1.272190 0.378751 -0.123562 -0.048643 -0.131527 -0.982378
1642647863.862094 -0.237053 1.271887 0.379116 -0.123909 -0.049139 -0.131497 -0.982314
1642647863.870428 -0.236245 1.271574 0.379495 -0.124249 -0.049388 -0.131621 -0.982242
1642647863.878761 -0.235425 1.271252 0.379876 -0.124671 -0.049616 -0.131717 -0.982164
1642647863.887094 -0.234576 1.270914 0.380253 -0.125126 -0.050108 -0.131606 -0.982096
1642647863.895427 -0.233707 1.270560 0.380638 -0.125588 -0.050633 -0.131455 -0.982030
1642647863.903761 -0.232828 1.270202 0.381042 -0.126085 -0.050877 -0.131494 -0.981949
1642647863.912094 -0.231933 1.269832 0.381450 -0.126629 -0.051112 -0.131527 -0.981862
1642647863.920428 -0.231012 1.269447 0.381854 -0.127142 -0.051536 -0.131385 -0.981793
1642647863.928761 -0.230084 1.269058 0.382262 -0.127659 -0.052057 -0.131198 -0.981723
1642647863.937094 -0.229148 1.268660 0.382673 -0.128182 -0.052419 -0.131108 -0.981648
1642647863.945428 -0.228202 1.268257 0.383092 -0.128687 -0.052676 -0.131059 -0.981575
1642647863.953761 -0.227249 1.267856 0.383512 -0.129201 -0.052906 -0.131006 -0.981502
1642647863.962094 -0.226280 1.267442 0.383915 -0.129762 -0.053242 -0.130854 -0.981430
1642647863.970428 -0.225303 1.267032 0.384308 -0.130310 -0.053485 -0.130765 -0.981356
1642647863.978761 -0.224321 1.266628 0.384699 -0.130889 -0.053627 -0.130680 -0.981282
1642647863.987094 -0.223325 1.266216 0.385079 -0.131483 -0.053778 -0.130497 -0.981219
1642647863.995428 -0.222313 1.265801 0.385443 -0.132022 -0.054006 -0.130257 -0.981166
1642647864.003761 -0.221291 1.265397 0.385799 -0.132535 -0.054148 -0.130056 -0.981116
1642647864.012094 -0.220259 1.264988 0.386149 -0.133034 -0.054215 -0.129876 -0.981068
1642647864.020427 -0.219210 1.264575 0.386480 -0.133498 -0.054499 -0.129531 -0.981035
1642647864.028761 -0.218107 1.264194 0.386833 -0.134021 -0.055158 -0.128920 -0.981007
1642647864.037094 -0.216990 1.263827 0.387194 -0.134505 -0.055927 -0.128252 -0.980985
1642647864.045428 -0.215918 1.263439 0.387520 -0.134840 -0.056105 -0.128088 -0.980950
1642647864.053761 -0.214829 1.263052 0.387834 -0.135149 -0.056387 -0.127909 -0.980915
1642647864.062094 -0.213753 1.262684 0.388162 -0.135463 -0.056573 -0.127829 -0.980872
1642647864.070428 -0.212670 1.262301 0.388478 -0.135701 -0.056541 -0.127920 -0.980829
1642647864.078761 -0.211554 1.261907 0.388787 -0.136007 -0.056834 -0.127871 -0.980776
1642647864.087094 -0.210425 1.261521 0.389103 -0.136501 -0.057643 -0.127458 -0.980714
1642647864.095428 -0.209291 1.261115 0.389414 -0.136878 -0.058023 -0.127370 -0.980650
1642647864.103761 -0.208153 1.260683 0.389714 -0.137405 -0.058428 -0.127118 -0.980585
1642647864.112094 -0.206994 1.260198 0.389970 -0.137638 -0.058288 -0.127063 -0.980568
1642647864.120428 -0.205825 1.259707 0.390233 -0.137988 -0.058368 -0.127143 -0.980503
1642647864.128761 -0.204664 1.259316 0.390562 -0.138942 -0.059723 -0.126481 -0.980373
1642647864.137094 -0.203481 1.258976 0.390894 -0.139476 -0.060456 -0.126078 -0.980304
1642647864.145427 -0.202280 1.258535 0.391161 -0.139549 -0.060204 -0.126285 -0.980283
1642647864.153761 -0.201080 1.258104 0.391438 -0.139709 -0.060281 -0.126346 -0.980247
1642647864.162094 -0.199895 1.257741 0.391772 -0.140565 -0.061514 -0.125663 -0.980136
1642647864.170428 -0.198681 1.257354 0.392080 -0.141135 -0.062123 -0.125232 -0.980071
1642647864.178761 -0.197457 1.256895 0.392358 -0.141499 -0.062402 -0.125081 -0.980020
1642647864.187094 -0.196212 1.256452 0.392616 -0.141539 -0.061943 -0.125299 -0.980015
1642647864.195428 -0.194950 1.256012 0.392858 -0.141423 -0.061356 -0.125556 -0.980036
1642647864.203761 -0.193728 1.255624 0.393179 -0.142196 -0.062314 -0.124912 -0.979946
1642647864.212094 -0.192497 1.255393 0.393576 -0.143222 -0.063887 -0.123867 -0.979828
1642647864.220428 -0.191202 1.255004 0.393847 -0.143222 -0.063827 -0.123813 -0.979839
1642647864.228761 -0.189926 1.254574 0.394123 -0.143143 -0.063309 -0.124053 -0.979854
1642647864.237094 -0.188673 1.254232 0.394466 -0.143943 -0.064321 -0.123407 -0.979752
1642647864.245428 -0.187382 1.253941 0.394796 -0.144815 -0.065804 -0.122416 -0.979649
1642647864.253761 -0.186064 1.253603 0.395067 -0.145151 -0.066268 -0.122022 -0.979617
1642647864.262094 -0.184738 1.253227 0.395328 -0.145194 -0.066003 -0.122001 -0.979632
1642647864.270427 -0.183406 1.252864 0.395598 -0.145300 -0.065867 -0.121866 -0.979642
1642647864.278761 -0.182101 1.252517 0.395893 -0.146074 -0.066994 -0.121087 -0.979547
1642647864.287094 -0.180770 1.252195 0.396183 -0.146628 -0.067735 -0.120507 -0.979485
1642647864.295428 -0.179409 1.251919 0.396464 -0.146608 -0.067678 -0.120359 -0.979510
1642647864.303761 -0.178054 1.251619 0.396742 -0.147076 -0.068384 -0.119819 -0.979457
1642647864.312094 -0.176688 1.251330 0.397017 -0.147543 -0.069154 -0.119262 -0.979401
1642647864.320428 -0.175307 1.250960 0.397244 -0.147866 -0.069709 -0.118860 -0.979361
1642647864.328761 -0.173921 1.250651 0.397497 -0.148243 -0.070439 -0.118345 -0.979315
1642647864.337094 -0.172531 1.250483 0.397825 -0.148682 -0.071604 -0.117584 -0.979255
1642647864.345428 -0.171138 1.250126 0.398040 -0.148980 -0.072235 -0.117233 -0.979205
1642647864.353761 -0.169743 1.249746 0.398230 -0.149271 -0.072829 -0.116936 -0.979153
1642647864.362094 -0.168346 1.249504 0.398506 -0.149749 -0.073852 -0.116378 -0.979070
1642647864.370428 -0.166969 1.249328 0.398826 -0.150207 -0.074837 -0.115798 -0.978993
1642647864.378761 -0.165571 1.249068 0.399075 -0.150497 -0.075581 -0.115339 -0.978946
1642647864.387094 -0.164152 1.248735 0.399265 -0.150739 -0.076275 -0.114886 -0.978908
1642647864.395427 -0.162786 1.248603 0.399601 -0.151525 -0.077846 -0.113899 -0.978778
1642647864.403761 -0.161400 1.248434 0.399899 -0.152072 -0.078922 -0.113229 -0.978685
1642647864.412094 -0.159969 1.248092 0.400050 -0.151870 -0.078811 -0.113294 -0.978718
1642647864.420428 -0.158591 1.247923 0.400319 -0.152130 -0.079658 -0.112801 -0.978666
1642647864.428761 -0.157219 1.247867 0.400653 -0.152765 -0.081353 -0.111789 -0.978544
1642647864.437094 -0.155826 1.247695 0.400901 -0.153134 -0.082465 -0.111176 -0.978463
1642647864.445428 -0.154415 1.247389 0.401062 -0.152815 -0.082272 -0.111439 -0.978499
1642647864.453761 -0.152996 1.247125 0.401227 -0.152915 -0.083106 -0.111033 -0.978459
1642647864.462094 -0.151616 1.247078 0.401527 -0.153499 -0.084888 -0.110052 -0.978326
1642647864.470428 -0.150225 1.246968 0.401774 -0.153829 -0.086087 -0.109479 -0.978233
1642647864.478761 -0.148811 1.246677 0.401892 -0.153548 -0.085902 -0.109767 -0.978261
1642647864.487094 -0.147411 1.246536 0.402093 -0.153759 -0.086796 -0.109405 -0.978190
1642647864.495428 -0.146031 1.246472 0.402341 -0.153943 -0.087755 -0.108978 -0.978123
1642647864.503761 -0.144635 1.246368 0.402550 -0.154154 -0.088712 -0.108548 -0.978051
1642647864.512094 -0.143210 1.246157 0.402679 -0.154317 -0.089514 -0.108244 -0.977986
1642647864.520427 -0.141809 1.246048 0.402877 -0.154487 -0.090361 -0.107862 -0.977924
1642647864.528761 -0.140405 1.245946 0.403073 -0.154621 -0.091321 -0.107410 -0.977863
1642647864.537094 -0.139013 1.245903 0.403306 -0.154763 -0.092223 -0.107011 -0.977800
1642647864.545428 -0.137622 1.245843 0.403512 -0.154914 -0.092906 -0.106706 -0.977744
1642647864.553761 -0.136200 1.245697 0.403650 -0.154900 -0.093677 -0.106402 -0.977706
1642647864.562094 -0.134785 1.245622 0.403829 -0.154944 -0.094535 -0.105967 -0.977664
1642647864.570428 -0.133375 1.245552 0.404006 -0.154953 -0.095307 -0.105605 -0.977627
1642647864.578761 -0.131956 1.245471 0.404173 -0.154993 -0.096166 -0.105241 -0.977575
1642647864.587094 -0.130539 1.245397 0.404337 -0.155088 -0.096917 -0.104936 -0.977519
1642647864.595428 -0.129113 1.245318 0.404500 -0.155085 -0.097781 -0.104573 -0.977472
1642647864.603761 -0.127693 1.245275 0.404679 -0.155190 -0.098651 -0.104201 -0.977408
1642647864.612094 -0.126263 1.245221 0.404844 -0.155319 -0.099512 -0.103817 -0.977341
1642647864.620428 -0.124833 1.245190 0.405010 -0.155402 -0.100423 -0.103451 -0.977273
1642647864.628761 -0.123407 1.245152 0.405166 -0.155462 -0.101152 -0.103272 -0.977208
1642647864.637094 -0.121989 1.245044 0.405287 -0.155767 -0.102347 -0.102864 -0.977078
1642647864.645427 -0.120533 1.244961 0.405403 -0.155807 -0.103394 -0.102381 -0.977012
1642647864.653761 -0.119085 1.244912 0.405524 -0.155437 -0.103307 -0.102607 -0.977056
1642647864.662094 -0.117617 1.244844 0.405615 -0.155483 -0.104188 -0.102289 -0.976989
1642647864.670428 -0.116141 1.244773 0.405696 -0.155369 -0.105070 -0.101858 -0.976957
1642647864.678761 -0.114656 1.244734 0.405798 -0.155685 -0.106696 -0.100926 -0.976828
1642647864.687094 -0.113185 1.244712 0.405897 -0.156129 -0.108514 -0.100040 -0.976648
1642647864.695428 -0.111712 1.244633 0.405927 -0.156178 -0.109769 -0.099565 -0.976548
1642647864.703761 -0.110225 1.244590 0.405972 -0.156008 -0.111169 -0.099121 -0.976462
1642647864.712094 -0.108763 1.244568 0.406037 -0.155698 -0.112198 -0.099002 -0.976406
1642647864.720428 -0.107288 1.244450 0.406026 -0.155630 -0.113283 -0.098594 -0.976333
1642647864.728761 -0.105804 1.244315 0.406008 -0.155518 -0.114405 -0.098195 -0.976260
1642647864.737094 -0.104344 1.244261 0.406053 -0.155513 -0.115561 -0.097761 -0.976168
1642647864.745428 -0.102887 1.244201 0.406092 -0.155525 -0.116607 -0.097318 -0.976086
1642647864.753761 -0.101425 1.244147 0.406143 -0.155582 -0.117749 -0.096822 -0.975989
1642647864.762094 -0.099965 1.244090 0.406207 -0.155648 -0.118817 -0.096384 -0.975893
1642647864.770427 -0.098515 1.244015 0.406272 -0.155645 -0.119726 -0.096043 -0.975816
1642647864.778761 -0.097063 1.243936 0.406343 -0.155850 -0.120805 -0.095499 -0.975703
1642647864.787094 -0.095611 1.243838 0.406405 -0.156044 -0.121748 -0.095028 -0.975601
1642647864.795428 -0.094180 1.243751 0.406491 -0.156132 -0.122503 -0.094733 -0.975521
1642647864.803761 -0.092756 1.243662 0.406583 -0.156330 -0.123281 -0.094364 -0.975427
1642647864.812094 -0.091340 1.243547 0.406653 -0.156630 -0.124206 -0.093796 -0.975317
1642647864.820428 -0.089946 1.243446 0.406741 -0.156836 -0.124942 -0.093414 -0.975226
1642647864.828761 -0.088541 1.243282 0.406788 -0.156887 -0.125414 -0.093125 -0.975185
1642647864.837094 -0.087126 1.243111 0.406816 -0.157036 -0.126572 -0.092194 -0.975100
1642647864.845428 -0.085726 1.242977 0.406863 -0.157156 -0.127905 -0.091092 -0.975010
1642647864.853761 -0.084369 1.242852 0.406934 -0.157295 -0.128449 -0.090656 -0.974957
1642647864.862094 -0.083004 1.242669 0.406965 -0.157437 -0.128995 -0.090179 -0.974906
1642647864.870428 -0.081674 1.242501 0.407009 -0.157587 -0.129534 -0.089747 -0.974850
1642647864.878761 -0.080366 1.242358 0.407074 -0.157721 -0.130021 -0.089302 -0.974804
1642647864.887094 -0.079063 1.242211 0.407128 -0.157861 -0.130569 -0.088835 -0.974751
1642647864.895427 -0.077781 1.242054 0.407171 -0.158057 -0.131179 -0.088391 -0.974678
1642647864.903761 -0.076516 1.241931 0.407244 -0.158284 -0.131695 -0.088018 -0.974605
1642647864.912094 -0.075262 1.241799 0.407302 -0.158542 -0.132240 -0.087640 -0.974524
1642647864.920428 -0.073996 1.241600 0.407314 -0.158748 -0.133050 -0.087085 -0.974430
1642647864.928761 -0.072765 1.241434 0.407360 -0.158975 -0.133792 -0.086707 -0.974325
1642647864.937094 -0.071538 1.241254 0.407397 -0.159233 -0.134524 -0.086386 -0.974210
1642647864.945428 -0.070299 1.241035 0.407406 -0.159455 -0.135334 -0.086046 -0.974092
1642647864.953761 -0.069105 1.240856 0.407455 -0.159679 -0.136165 -0.085744 -0.973966
1642647864.962094 -0.067926 1.240686 0.407523 -0.159981 -0.137039 -0.085469 -0.973818
1642647864.970428 -0.066724 1.240441 0.407539 -0.160235 -0.138013 -0.085171 -0.973665
1642647864.978761 -0.065530 1.240176 0.407542 -0.160470 -0.138893 -0.084921 -0.973523
1642647864.987094 -0.064365 1.239955 0.407583 -0.160747 -0.139669 -0.084683 -0.973387
1642647864.995428 -0.063212 1.239731 0.407622 -0.161014 -0.140404 -0.084423 -0.973259
1642647865.003761 -0.062074 1.239518 0.407663 -0.161327 -0.141159 -0.084127 -0.973124
1642647865.012094 -0.060963 1.239330 0.407721 -0.161654 -0.141739 -0.083944 -0.973001
1642647865.020427 -0.059869 1.239127 0.407769 -0.161948 -0.142122 -0.083796 -0.972909
1642647865.028761 -0.058776 1.238892 0.407795 -0.162200 -0.142583 -0.083564 -0.972820
1642647865.037094 -0.057686 1.238657 0.407818 -0.162446 -0.143099 -0.083351 -0.972721
1642647865.045428 -0.056615 1.238430 0.407840 -0.162663 -0.143545 -0.083159 -0.972636
1642647865.053761 -0.055543 1.238141 0.407825 -0.162898 -0.143941 -0.082938 -0.972557
1642647865.062094 -0.054481 1.237854 0.407812 -0.163102 -0.144342 -0.082685 -0.972485
1642647865.070428 -0.053445 1.237644 0.407855 -0.163299 -0.144714 -0.082502 -0.972412
1642647865.078761 -0.052414 1.237402 0.407879 -0.163543 -0.145037 -0.082318 -0.972338
1642647865.087094 -0.051390 1.237170 0.407912 -0.163773 -0.145372 -0.082084 -0.972269
1642647865.095428 -0.050378 1.236983 0.407981 -0.163962 -0.145581 -0.081930 -0.972219
1642647865.103761 -0.049369 1.236797 0.408065 -0.164134 -0.145721 -0.081819 -0.972179
1642647865.112094 -0.048340 1.236563 0.408116 -0.164351 -0.145960 -0.081609 -0.972124
1642647865.120428 -0.047324 1.236336 0.408168 -0.164600 -0.146177 -0.081400 -0.972066
1642647865.128761 -0.046312 1.236106 0.408219 -0.164796 -0.146453 -0.081137 -0.972014
1642647865.137094 -0.045300 1.235874 0.408273 -0.165009 -0.146720 -0.080831 -0.971963
1642647865.145427 -0.044284 1.235646 0.408332 -0.165170 -0.146889 -0.080631 -0.971926
1642647865.153761 -0.043260 1.235377 0.408362 -0.165292 -0.147034 -0.080450 -0.971899
1642647865.162094 -0.042238 1.235094 0.408382 -0.165470 -0.147220 -0.080235 -0.971858
1642647865.170428 -0.041241 1.234865 0.408446 -0.165637 -0.147476 -0.079963 -0.971813
1642647865.178761 -0.040237 1.234628 0.408514 -0.165811 -0.147776 -0.079712 -0.971759
1642647865.187094 -0.039246 1.234366 0.408581 -0.166106 -0.147981 -0.079434 -0.971700
1642647865.195428 -0.038284 1.234141 0.408676 -0.166466 -0.148025 -0.079185 -0.971652
1642647865.203761 -0.037310 1.233959 0.408791 -0.166736 -0.148198 -0.079087 -0.971587
1642647865.212094 -0.036319 1.233722 0.408873 -0.166977 -0.148597 -0.078845 -0.971505
1642647865.220428 -0.035339 1.233470 0.408949 -0.167208 -0.148963 -0.078677 -0.971423
1642647865.228761 -0.034369 1.233216 0.409019 -0.167480 -0.149359 -0.078537 -0.971326
1642647865.237094 -0.033404 1.232969 0.409097 -0.167729 -0.149785 -0.078411 -0.971228
1642647865.245428 -0.032431 1.232680 0.409152 -0.167972 -0.150304 -0.078293 -0.971115
1642647865.253761 -0.031462 1.232372 0.409196 -0.168210 -0.150899 -0.078095 -0.970998
1642647865.262094 -0.030508 1.232103 0.409278 -0.168405 -0.151369 -0.078013 -0.970897
1642647865.270427 -0.029558 1.231829 0.409356 -0.168617 -0.151871 -0.077928 -0.970789
1642647865.278761 -0.028637 1.231593 0.409459 -0.168872 -0.152251 -0.077889 -0.970688
1642647865.287094 -0.027723 1.231354 0.409564 -0.169151 -0.152617 -0.077905 -0.970581
1642647865.295428 -0.026795 1.231052 0.409626 -0.169372 -0.153097 -0.077777 -0.970477
1642647865.303761 -0.025878 1.230737 0.409680 -0.169569 -0.153408 -0.077759 -0.970395
1642647865.312094 -0.024975 1.230414 0.409728 -0.169802 -0.153753 -0.077750 -0.970300
1642647865.320428 -0.024075 1.230098 0.409762 -0.169985 -0.154252 -0.077522 -0.970207
1642647865.328761 -0.023168 1.229678 0.409731 -0.170137 -0.154589 -0.077455 -0.970132
1642647865.337094 -0.022286 1.229194 0.409695 -0.170223 -0.154724 -0.077628 -0.970082
1642647865.345428 -0.021421 1.228819 0.409704 -0.170322 -0.154939 -0.077709 -0.970024
1642647865.353761 -0.020568 1.228532 0.409756 -0.170582 -0.155442 -0.077623 -0.969904
1642647865.362094 -0.019750 1.228233 0.409820 -0.170834 -0.155971 -0.077569 -0.969779
1642647865.370428 -0.018931 1.227762 0.409791 -0.170789 -0.155803 -0.077985 -0.969781
1642647865.378761 -0.018089 1.227334 0.409760 -0.170620 -0.155742 -0.078313 -0.969794
1642647865.387094 -0.017244 1.226857 0.409689 -0.170583 -0.156046 -0.078409 -0.969744
1642647865.395427 -0.016399 1.226342 0.409594 -0.170584 -0.156378 -0.078494 -0.969683
1642647865.403761 -0.015586 1.225888 0.409549 -0.170572 -0.156611 -0.078649 -0.969635
1642647865.412094 -0.014786 1.225459 0.409516 -0.170584 -0.156814 -0.078804 -0.969588
1642647865.420428 -0.014017 1.225059 0.409508 -0.170530 -0.156820 -0.079068 -0.969575
1642647865.428761 -0.013252 1.224610 0.409475 -0.170434 -0.156718 -0.079466 -0.969576
1642647865.437094 -0.012459 1.224062 0.409369 -0.170287 -0.156851 -0.079575 -0.969571
1642647865.445428 -0.011678 1.223485 0.409237 -0.170225 -0.157020 -0.079584 -0.969554
1642647865.453761 -0.010942 1.223024 0.409186 -0.170225 -0.156902 -0.079839 -0.969552
1642647865.462094 -0.010204 1.222515 0.409105 -0.170204 -0.156655 -0.080128 -0.969572
1642647865.470428 -0.009467 1.221968 0.408997 -0.170177 -0.156553 -0.080335 -0.969576
1642647865.478761 -0.008750 1.221461 0.408923 -0.170114 -0.156444 -0.080553 -0.969586
1642647865.487094 -0.008000 1.220847 0.408775 -0.170021 -0.156389 -0.080668 -0.969602
1642647865.495428 -0.007271 1.220294 0.408679 -0.169952 -0.156183 -0.080800 -0.969636
1642647865.503761 -0.006566 1.219797 0.408625 -0.169924 -0.155831 -0.080972 -0.969684
1642647865.512094 -0.005869 1.219311 0.408570 -0.170005 -0.155508 -0.081126 -0.969708
1642647865.520427 -0.005126 1.218680 0.408414 -0.170027 -0.155275 -0.081074 -0.969746
1642647865.528761 -0.004370 1.218016 0.408244 -0.170024 -0.154996 -0.080982 -0.969799
1642647865.537094 -0.003641 1.217452 0.408144 -0.170068 -0.154599 -0.080940 -0.969858
1642647865.545428 -0.002908 1.216889 0.408047 -0.170150 -0.154222 -0.080840 -0.969912
1642647865.553761 -0.002162 1.216302 0.407944 -0.170259 -0.153819 -0.080740 -0.969965
1642647865.562094 -0.001383 1.215673 0.407817 -0.170297 -0.153397 -0.080613 -0.970036
1642647865.570428 -0.000549 1.214945 0.407621 -0.170019 -0.152216 -0.080863 -0.970250
1642647865.578761 0.000259 1.214317 0.407508 -0.169718 -0.150564 -0.081354 -0.970519
1642647865.587094 0.001049 1.213752 0.407448 -0.169925 -0.150111 -0.081239 -0.970563
1642647865.595428 0.001886 1.213056 0.407298 -0.170037 -0.149836 -0.080932 -0.970612
1642647865.603761 0.002738 1.212329 0.407122 -0.170209 -0.149663 -0.080497 -0.970644
1642647865.612094 0.003557 1.211717 0.407027 -0.170505 -0.149262 -0.080277 -0.970672
1642647865.620428 0.004371 1.211128 0.406945 -0.170765 -0.148833 -0.080106 -0.970707
1642647865.628761 0.005218 1.210462 0.406807 -0.171005 -0.148598 -0.079813 -0.970724
1642647865.637094 0.006090 1.209741 0.406633 -0.171215 -0.148530 -0.079434 -0.970729
1642647865.645427 0.006955 1.209050 0.406476 -0.171456 -0.148466 -0.079097 -0.970724
1642647865.653761 0.007812 1.208434 0.406366 -0.171698 -0.148415 -0.078753 -0.970717
1642647865.662094 0.008691 1.207765 0.406214 -0.171966 -0.148494 -0.078421 -0.970684
1642647865.670428 0.009556 1.207087 0.406047 -0.172182 -0.148461 -0.078212 -0.970668
1642647865.678761 0.010450 1.206358 0.405822 -0.172453 -0.148560 -0.077819 -0.970636
1642647865.687094 0.011303 1.205762 0.405673 -0.172707 -0.148412 -0.077573 -0.970633
1642647865.695428 0.012146 1.205192 0.405513 -0.172843 -0.148196 -0.077485 -0.970649
1642647865.703761 0.013027 1.204504 0.405243 -0.172848 -0.148257 -0.077176 -0.970663
1642647865.712094 0.013910 1.203797 0.404940 -0.172833 -0.148351 -0.076851 -0.970677
1642647865.720428 0.014762 1.203197 0.404693 -0.172775 -0.148306 -0.076725 -0.970705
1642647865.728761 0.015615 1.202615 0.404437 -0.172659 -0.148339 -0.076575 -0.970732
1642647865.737094 0.016482 1.201975 0.404126 -0.172382 -0.148412 -0.076435 -0.970781
1642647865.745428 0.017345 1.201337 0.403795 -0.172110 -0.148488 -0.076333 -0.970826
1642647865.753761 0.018180 1.200796 0.403518 -0.171800 -0.148336 -0.076385 -0.970900
1642647865.762094 0.019013 1.200276 0.403246 -0.171357 -0.148178 -0.076469 -0.970996
1642647865.770427 0.019881 1.199641 0.402865 -0.170862 -0.148222 -0.076373 -0.971084
1642647865.778761 0.020760 1.198987 0.402469 -0.170418 -0.148352 -0.076243 -0.971152
1642647865.787094 0.021594 1.198473 0.402169 -0.169856 -0.148173 -0.076362 -0.971268
1642647865.795428 0.022423 1.197981 0.401876 -0.169223 -0.147948 -0.076550 -0.971399
1642647865.803761 0.023295 1.197361 0.401493 -0.168527 -0.147907 -0.076535 -0.971527
1642647865.812094 0.024185 1.196711 0.401105 -0.167887 -0.147917 -0.076542 -0.971636
1642647865.820428 0.025053 1.196165 0.400795 -0.167302 -0.147790 -0.076668 -0.971746
1642647865.828761 0.025906 1.195658 0.400517 -0.166767 -0.147591 -0.076855 -0.971853
1642647865.837094 0.026767 1.195110 0.400236 -0.166243 -0.147283 -0.077136 -0.971968
1642647865.845428 0.027687 1.194463 0.399905 -0.165836 -0.147232 -0.077210 -0.972039
1642647865.853761 0.028618 1.193796 0.399581 -0.165411 -0.147104 -0.077302 -0.972124
1642647865.862094 0.029519 1.193251 0.399361 -0.165072 -0.146806 -0.077592 -0.972203
1642647865.870428 0.030430 1.192726 0.399175 -0.164827 -0.146633 -0.077794 -0.972255
1642647865.878761 0.031394 1.192074 0.398923 -0.164590 -0.146578 -0.077825 -0.972301
1642647865.887094 0.032370 1.191393 0.398673 -0.164436 -0.146460 -0.077857 -0.972342
1642647865.895427 0.033310 1.190836 0.398524 -0.164363 -0.146161 -0.078055 -0.972383
1642647865.903761 0.034261 1.190302 0.398401 -0.164326 -0.145759 -0.078254 -0.972434
1642647865.912094 0.035264 1.189642 0.398209 -0.164297 -0.145525 -0.078235 -0.972475
1642647865.920428 0.036291 1.188962 0.398029 -0.164252 -0.145363 -0.078167 -0.972513
1642647865.928761 0.037291 1.188410 0.397963 -0.164280 -0.145028 -0.078323 -0.972546
1642647865.937094 0.038292 1.187879 0.397930 -0.164348 -0.144693 -0.078437 -0.972575
1642647865.945428 0.039338 1.187269 0.397857 -0.164511 -0.144594 -0.078443 -0.972561
1642647865.953761 0.040412 1.186605 0.397764 -0.164687 -0.144651 -0.078357 -0.972530
1642647865.962094 0.041503 1.185918 0.397679 -0.164924 -0.144669 -0.078243 -0.972496
1642647865.970428 0.042558 1.185358 0.397702 -0.165136 -0.144417 -0.078346 -0.972490
1642647865.978761 0.043611 1.184817 0.397742 -0.165395 -0.144087 -0.078469 -0.972484
1642647865.987094 0.044706 1.184190 0.397716 -0.165715 -0.144048 -0.078304 -0.972449
1642647865.995428 0.045817 1.183523 0.397663 -0.166072 -0.144034 -0.078141 -0.972403
1642647866.003761 0.046907 1.182888 0.397633 -0.166376 -0.143787 -0.078113 -0.972390
1642647866.012094 0.047979 1.182341 0.397661 -0.166579 -0.143570 -0.078057 -0.972392
1642647866.020427 0.049034 1.181822 0.397716 -0.166804 -0.143164 -0.078170 -0.972404
1642647866.028761 0.050105 1.181250 0.397729 -0.167074 -0.142821 -0.078157 -0.972409
1642647866.037094 0.051203 1.180621 0.397690 -0.167280 -0.142744 -0.077937 -0.972403
1642647866.045428 0.052275 1.180015 0.397669 -0.167434 -0.142485 -0.077841 -0.972422
1642647866.053761 0.053314 1.179505 0.397711 -0.167589 -0.142096 -0.077834 -0.972453
1642647866.062094 0.054341 1.179028 0.397770 -0.167691 -0.141666 -0.077846 -0.972497
1642647866.070428 0.055405 1.178438 0.397737 -0.167827 -0.141363 -0.077697 -0.972530
1642647866.078761 0.056470 1.177811 0.397671 -0.167958 -0.141087 -0.077497 -0.972563
1642647866.087094 0.057515 1.177215 0.397632 -0.168049 -0.140726 -0.077391 -0.972608
1642647866.095428 0.058530 1.176702 0.397658 -0.168089 -0.140201 -0.077398 -0.972676
1642647866.103761 0.059541 1.176202 0.397707 -0.168185 -0.139595 -0.077452 -0.972743
1642647866.112094 0.060577 1.175631 0.397699 -0.168208 -0.139103 -0.077456 -0.972809
1642647866.120428 0.061622 1.174993 0.397639 -0.168304 -0.138801 -0.077355 -0.972843
1642647866.128761 0.062669 1.174329 0.397562 -0.168432 -0.138582 -0.077208 -0.972864
1642647866.137094 0.063683 1.173770 0.397553 -0.168554 -0.138274 -0.077193 -0.972888
1642647866.145427 0.064672 1.173235 0.397575 -0.168595 -0.137715 -0.077360 -0.972947
1642647866.153761 0.065666 1.172628 0.397550 -0.168619 -0.137267 -0.077526 -0.972993
1642647866.162094 0.066689 1.171950 0.397465 -0.168569 -0.137034 -0.077544 -0.973033
1642647866.170428 0.067694 1.171292 0.397394 -0.168653 -0.136635 -0.077684 -0.973063
1642647866.178761 0.068679 1.170725 0.397388 -0.168734 -0.136264 -0.077925 -0.973082
1642647866.187094 0.069671 1.170157 0.397381 -0.168766 -0.135923 -0.078155 -0.973106
1642647866.195428 0.070693 1.169473 0.397301 -0.168782 -0.135712 -0.078253 -0.973125
1642647866.203761 0.071704 1.168828 0.397244 -0.168663 -0.135529 -0.078583 -0.973144
1642647866.212094 0.072709 1.168261 0.397232 -0.168587 -0.135388 -0.078890 -0.973152
1642647866.220428 0.073703 1.167674 0.397220 -0.168682 -0.135171 -0.079097 -0.973149
1642647866.228761 0.074681 1.167074 0.397212 -0.168756 -0.134845 -0.079417 -0.973155
1642647866.237094 0.075661 1.166432 0.397171 -0.168814 -0.134497 -0.079708 -0.973170
1642647866.245428 0.076673 1.165725 0.397083 -0.168878 -0.134406 -0.079758 -0.973167
1642647866.253761 0.077642 1.165137 0.397084 -0.169046 -0.134191 -0.080009 -0.973147
1642647866.262094 0.078595 1.164580 0.397101 -0.169255 -0.133885 -0.080229 -0.973135
1642647866.270427 0.079600 1.163885 0.397018 -0.169435 -0.133888 -0.080181 -0.973107
1642647866.278761 0.080593 1.163202 0.396943 -0.169916 -0.134735 -0.079713 -0.972944
1642647866.287094 0.081541 1.162634 0.396936 -0.170201 -0.134921 -0.079677 -0.972872
1642647866.295428 0.082509 1.162018 0.396885 -0.169921 -0.133747 -0.080398 -0.973024
1642647866.303761 0.083482 1.161369 0.396815 -0.170110 -0.133783 -0.080508 -0.972976
1642647866.312094 0.084463 1.160678 0.396701 -0.170256 -0.133960 -0.080463 -0.972930
1642647866.320428 0.085448 1.159956 0.396565 -0.170382 -0.134256 -0.080295 -0.972881
1642647866.328761 0.086405 1.159334 0.396498 -0.170561 -0.134508 -0.080209 -0.972822
1642647866.337094 0.087350 1.158732 0.396446 -0.170722 -0.134704 -0.080130 -0.972773
1642647866.345428 0.088301 1.158056 0.396350 -0.170914 -0.134775 -0.080108 -0.972732
1642647866.353761 0.089255 1.157361 0.396249 -0.171177 -0.134971 -0.079988 -0.972668
1642647866.362094 0.090185 1.156732 0.396191 -0.171464 -0.135089 -0.079837 -0.972614
1642647866.370428 0.091081 1.156136 0.396152 -0.171750 -0.134956 -0.079756 -0.972588
1642647866.378761 0.091988 1.155482 0.396072 -0.172072 -0.134938 -0.079616 -0.972545
1642647866.387094 0.092914 1.154760 0.395939 -0.172416 -0.135051 -0.079309 -0.972494
1642647866.395427 0.093787 1.154110 0.395860 -0.172716 -0.134841 -0.079214 -0.972477
1642647866.403761 0.094642 1.153503 0.395800 -0.173015 -0.134865 -0.078957 -0.972442
1642647866.412094 0.095500 1.152848 0.395693 -0.173290 -0.134901 -0.078688 -0.972410
1642647866.420428 0.096330 1.152186 0.395580 -0.173496 -0.134812 -0.078491 -0.972401
1642647866.428761 0.097160 1.151466 0.395413 -0.173689 -0.134898 -0.078214 -0.972377
1642647866.437094 0.097924 1.150882 0.395345 -0.173912 -0.134776 -0.078129 -0.972361
1642647866.445428 0.098669 1.150321 0.395301 -0.174184 -0.134774 -0.077992 -0.972324
1642647866.453761 0.099412 1.149680 0.395198 -0.174414 -0.134929 -0.077805 -0.972276
1642647866.462094 0.100153 1.148988 0.395049 -0.174655 -0.135112 -0.077602 -0.972223
1642647866.470428 0.100875 1.148282 0.394888 -0.174876 -0.135325 -0.077289 -0.972179
1642647866.478761 0.101552 1.147653 0.394783 -0.175126 -0.135370 -0.077144 -0.972139
1642647866.487094 0.102209 1.147030 0.394684 -0.175329 -0.135307 -0.077068 -0.972118
1642647866.495428 0.102843 1.146428 0.394590 -0.175505 -0.135331 -0.076916 -0.972094
1642647866.503761 0.103457 1.145838 0.394501 -0.175664 -0.135464 -0.076646 -0.972068
1642647866.512094 0.104049 1.145264 0.394416 -0.175797 -0.135483 -0.076439 -0.972058
1642647866.520427 0.104622 1.144710 0.394336 -0.175927 -0.135472 -0.076272 -0.972049
1642647866.528761 0.105174 1.144176 0.394265 -0.176096 -0.135548 -0.075977 -0.972031
1642647866.537094 0.105704 1.143656 0.394201 -0.176258 -0.135559 -0.075679 -0.972023
1642647866.545428 0.106216 1.143148 0.394141 -0.176445 -0.135536 -0.075428 -0.972012
1642647866.553761 0.106712 1.142652 0.394087 -0.176631 -0.135494 -0.075213 -0.972001
1642647866.562094 0.107192 1.142164 0.394034 -0.176830 -0.135373 -0.074983 -0.972000
1642647866.570428 0.107649 1.141692 0.393982 -0.177095 -0.135223 -0.074738 -0.971991
1642647866.578761 0.108082 1.141237 0.393928 -0.177368 -0.135117 -0.074433 -0.971979
1642647866.587094 0.108488 1.140793 0.393874 -0.177628 -0.134937 -0.074140 -0.971979
1642647866.595428 0.108868 1.140359 0.393817 -0.177856 -0.134788 -0.073868 -0.971979
1642647866.603761 0.109232 1.139928 0.393754 -0.178091 -0.134728 -0.073610 -0.971964
1642647866.612094 0.109579 1.139511 0.393697 -0.178323 -0.134677 -0.073379 -0.971946
1642647866.620428 0.109899 1.139120 0.393643 -0.178459 -0.134547 -0.073187 -0.971953
1642647866.628761 0.110197 1.138742 0.393580 -0.178514 -0.134407 -0.073013 -0.971976
1642647866.637094 0.110482 1.138366 0.393511 -0.178550 -0.134230 -0.072880 -0.972003
1642647866.645427 0.110752 1.137989 0.393436 -0.178600 -0.134045 -0.072767 -0.972028
1642647866.653761 0.111003 1.137618 0.393354 -0.178629 -0.133813 -0.072684 -0.972061
1642647866.662094 0.111234 1.137252 0.393270 -0.178605 -0.133527 -0.072597 -0.972111
1642647866.670428 0.111472 1.136805 0.393121 -0.178512 -0.134629 -0.071244 -0.972077
1642647866.678761 0.111697 1.136328 0.392937 -0.178407 -0.136385 -0.069334 -0.971989
1642647866.687094 0.111861 1.135976 0.392830 -0.178387 -0.136081 -0.069185 -0.972046
1642647866.695428 0.112013 1.135619 0.392727 -0.178359 -0.135778 -0.069006 -0.972106
1642647866.703761 0.112152 1.135258 0.392627 -0.178355 -0.135443 -0.068816 -0.972167
1642647866.712094 0.112278 1.134897 0.392531 -0.178407 -0.135068 -0.068637 -0.972223
1642647866.720428 0.112395 1.134544 0.392442 -0.178420 -0.134708 -0.068398 -0.972287
1642647866.728761 0.112501 1.134200 0.392366 -0.178468 -0.134330 -0.068112 -0.972350
1642647866.737094 0.112594 1.133861 0.392299 -0.178528 -0.133936 -0.067822 -0.972414
1642647866.745428 0.112666 1.133521 0.392236 -0.178563 -0.133466 -0.067554 -0.972491
1642647866.753761 0.112719 1.133179 0.392178 -0.178674 -0.132934 -0.067318 -0.972560
1642647866.762094 0.112756 1.132832 0.392123 -0.178795 -0.132254 -0.067101 -0.972645
1642647866.770427 0.112775 1.132486 0.392073 -0.178921 -0.131504 -0.066931 -0.972736
1642647866.778761 0.112781 1.132142 0.392031 -0.179071 -0.130798 -0.066726 -0.972817
1642647866.787094 0.112756 1.131832 0.392028 -0.179566 -0.130729 -0.066129 -0.972776
1642647866.795428 0.112718 1.131541 0.392039 -0.180225 -0.131004 -0.065352 -0.972670
1642647866.803761 0.112687 1.131211 0.392014 -0.180423 -0.130295 -0.065092 -0.972746
1642647866.812094 0.112643 1.130890 0.391989 -0.180610 -0.129506 -0.064871 -0.972831
1642647866.820428 0.112598 1.130543 0.391933 -0.180439 -0.128020 -0.064994 -0.973051
1642647866.828761 0.112543 1.130183 0.391862 -0.180118 -0.126255 -0.065309 -0.973320
1642647866.837094 0.112436 1.129903 0.391854 -0.180582 -0.126151 -0.064831 -0.973280
1642647866.845428 0.112303 1.129637 0.391853 -0.181206 -0.126326 -0.064205 -0.973182
1642647866.853761 0.112177 1.129329 0.391817 -0.181351 -0.125504 -0.064096 -0.973269
1642647866.862094 0.112042 1.129025 0.391786 -0.181462 -0.124743 -0.064005 -0.973352
1642647866.870428 0.111899 1.128729 0.391762 -0.181521 -0.124002 -0.063924 -0.973441
1642647866.878761 0.111749 1.128443 0.391747 -0.181590 -0.123249 -0.063884 -0.973526
1642647866.887094 0.111592 1.128158 0.391737 -0.181654 -0.122521 -0.063912 -0.973604
1642647866.895427 0.111437 1.127846 0.391715 -0.181371 -0.121117 -0.064302 -0.973807
1642647866.903761 0.111278 1.127524 0.391693 -0.180974 -0.119376 -0.064865 -0.974059
1642647866.912094 0.111068 1.127286 0.391744 -0.181378 -0.119301 -0.064607 -0.974010
1642647866.920428 0.110838 1.127065 0.391807 -0.181931 -0.119505 -0.064196 -0.973909
1642647866.928761 0.110618 1.126809 0.391839 -0.182045 -0.118711 -0.064282 -0.973979
1642647866.937094 0.110387 1.126568 0.391876 -0.182123 -0.117810 -0.064407 -0.974066
1642647866.945428 0.110142 1.126333 0.391911 -0.182163 -0.116874 -0.064552 -0.974161
1642647866.953761 0.109894 1.126086 0.391938 -0.181973 -0.115458 -0.064890 -0.974343
1642647866.962094 0.109644 1.125842 0.391963 -0.181732 -0.113859 -0.065251 -0.974552
1642647866.970428 0.109368 1.125635 0.392010 -0.181801 -0.112936 -0.065332 -0.974641
1642647866.978761 0.109086 1.125430 0.392051 -0.181710 -0.111646 -0.065591 -0.974789
1642647866.987094 0.108804 1.125236 0.392091 -0.181526 -0.110160 -0.065905 -0.974972
1642647866.995428 0.108509 1.125087 0.392164 -0.181676 -0.109272 -0.065846 -0.975048
1642647867.003761 0.108202 1.124959 0.392243 -0.181895 -0.108423 -0.065767 -0.975107
1642647867.012094 0.107882 1.124820 0.392303 -0.181887 -0.107194 -0.065937 -0.975233
1642647867.020427 0.107553 1.124694 0.392362 -0.181892 -0.105906 -0.066104 -0.975361
1642647867.028761 0.107217 1.124580 0.392415 -0.181875 -0.104635 -0.066212 -0.975494
1642647867.037094 0.106870 1.124480 0.392465 -0.181794 -0.103370 -0.066311 -0.975637
1642647867.045428 0.106521 1.124395 0.392516 -0.181672 -0.102104 -0.066410 -0.975787
1642647867.053761 0.106168 1.124320 0.392552 -0.181503 -0.100846 -0.066458 -0.975946
1642647867.062094 0.105815 1.124250 0.392586 -0.181322 -0.099586 -0.066522 -0.976104
1642647867.070428 0.105450 1.124202 0.392636 -0.181343 -0.098782 -0.066379 -0.976192
1642647867.078761 0.105076 1.124164 0.392687 -0.181462 -0.098204 -0.066158 -0.976243
1642647867.087094 0.104735 1.124071 0.392697 -0.180961 -0.096392 -0.066615 -0.976486
1642647867.095428 0.104404 1.123969 0.392697 -0.180335 -0.094363 -0.067166 -0.976762
1642647867.103761 0.104055 1.123914 0.392735 -0.180237 -0.093309 -0.067279 -0.976874
1642647867.112094 0.103689 1.123886 0.392804 -0.180441 -0.092889 -0.067077 -0.976890
1642647867.120428 0.103320 1.123872 0.392880 -0.180885 -0.092785 -0.066711 -0.976843
1642647867.128761 0.102970 1.123832 0.392941 -0.180915 -0.091846 -0.066799 -0.976920
1642647867.137094 0.102620 1.123804 0.393014 -0.180976 -0.090890 -0.066836 -0.976995
1642647867.145427 0.102285 1.123692 0.393009 -0.180672 -0.089221 -0.067132 -0.977185
1642647867.153761 0.101937 1.123616 0.393026 -0.180501 -0.087821 -0.067248 -0.977335
1642647867.162094 0.101574 1.123595 0.393081 -0.180643 -0.086934 -0.067103 -0.977398
1642647867.170428 0.101218 1.123508 0.393067 -0.180465 -0.085344 -0.067335 -0.977556
1642647867.178761 0.100829 1.123534 0.393121 -0.180934 -0.084965 -0.066917 -0.977531
1642647867.187094 0.100457 1.123517 0.393131 -0.180937 -0.083669 -0.066927 -0.977641
1642647867.195428 0.100081 1.123504 0.393139 -0.180908 -0.082341 -0.066908 -0.977761
1642647867.203761 0.099705 1.123508 0.393145 -0.180821 -0.081025 -0.066890 -0.977888
1642647867.212094 0.099330 1.123514 0.393140 -0.180748 -0.079754 -0.066869 -0.978007
1642647867.220428 0.098971 1.123494 0.393105 -0.180350 -0.077921 -0.067188 -0.978207
1642647867.228761 0.098620 1.123490 0.393078 -0.179802 -0.075851 -0.067648 -0.978438
1642647867.237094 0.098252 1.123565 0.393108 -0.179898 -0.075055 -0.067507 -0.978492
1642647867.245428 0.097878 1.123638 0.393123 -0.180125 -0.074725 -0.067199 -0.978497
1642647867.253761 0.097501 1.123703 0.393117 -0.180219 -0.074244 -0.067008 -0.978529
1642647867.262094 0.097145 1.123745 0.393079 -0.180079 -0.073211 -0.067120 -0.978625
1642647867.270427 0.096788 1.123795 0.393031 -0.179947 -0.072229 -0.067256 -0.978713
1642647867.278761 0.096434 1.123854 0.392974 -0.179828 -0.071286 -0.067377 -0.978796
1642647867.287094 0.096060 1.123974 0.392946 -0.179667 -0.069381 -0.068289 -0.978899
1642647867.295428 0.095681 1.124124 0.392934 -0.179444 -0.066982 -0.069621 -0.979013
1642647867.303761 0.095340 1.124206 0.392860 -0.179248 -0.066097 -0.069738 -0.979101
1642647867.312094 0.095002 1.124291 0.392773 -0.179055 -0.065282 -0.069803 -0.979186
1642647867.320428 0.094694 1.124320 0.392641 -0.178963 -0.065530 -0.069015 -0.979242
1642647867.328761 0.094409 1.124327 0.392481 -0.178920 -0.066345 -0.067815 -0.979279
1642647867.337094 0.094095 1.124408 0.392366 -0.178813 -0.065679 -0.067857 -0.979341
1642647867.345428 0.093784 1.124495 0.392242 -0.178691 -0.064939 -0.067931 -0.979407
1642647867.353761 0.093480 1.124586 0.392105 -0.178530 -0.064155 -0.067960 -0.979486
1642647867.362094 0.093182 1.124686 0.391959 -0.178381 -0.063501 -0.067909 -0.979559
1642647867.370428 0.092882 1.124796 0.391807 -0.178203 -0.062803 -0.067858 -0.979640
1642647867.378761 0.092561 1.124960 0.391678 -0.177942 -0.061036 -0.068660 -0.979743
1642647867.387094 0.092233 1.125149 0.391554 -0.177711 -0.058927 -0.069820 -0.979833
1642647867.395427 0.091962 1.125214 0.391332 -0.177574 -0.059246 -0.069041 -0.979893
1642647867.403761 0.091684 1.125309 0.391113 -0.177404 -0.059033 -0.068673 -0.979963
1642647867.412094 0.091389 1.125452 0.390907 -0.177238 -0.057946 -0.069008 -0.980034
1642647867.420428 0.091140 1.125500 0.390624 -0.177110 -0.058757 -0.067807 -0.980093
1642647867.428761 0.090864 1.125631 0.390390 -0.176896 -0.058180 -0.067780 -0.980168
1642647867.437094 0.090588 1.125761 0.390147 -0.176665 -0.057635 -0.067752 -0.980244
1642647867.445428 0.090316 1.125895 0.389899 -0.176400 -0.057174 -0.067683 -0.980323
1642647867.453761 0.090047 1.126031 0.389650 -0.176114 -0.056757 -0.067534 -0.980409
1642647867.462094 0.089784 1.126163 0.389400 -0.175832 -0.056365 -0.067407 -0.980491
1642647867.470428 0.089502 1.126350 0.389183 -0.175500 -0.054986 -0.068142 -0.980578
1642647867.478761 0.089205 1.126562 0.388980 -0.175180 -0.053103 -0.069240 -0.980662
1642647867.487094 0.088941 1.126688 0.388726 -0.174907 -0.052613 -0.069178 -0.980742
1642647867.495428 0.088684 1.126798 0.388467 -0.174623 -0.052076 -0.069155 -0.980822
1642647867.503761 0.088423 1.126900 0.388213 -0.174366 -0.051563 -0.069060 -0.980902
1642647867.512094 0.088158 1.127003 0.387968 -0.174156 -0.051083 -0.068929 -0.980974
1642647867.520427 0.087901 1.127106 0.387728 -0.173981 -0.050602 -0.068811 -0.981038
1642647867.528761 0.087642 1.127206 0.387496 -0.173809 -0.050054 -0.068698 -0.981104
1642647867.537094 0.087404 1.127257 0.387233 -0.173712 -0.050380 -0.067869 -0.981163
1642647867.545428 0.087171 1.127283 0.386957 -0.173667 -0.051214 -0.066629 -0.981212
1642647867.553761 0.086900 1.127386 0.386738 -0.173509 -0.050638 -0.066493 -0.981279
1642647867.562094 0.086625 1.127490 0.386518 -0.173272 -0.049879 -0.066442 -0.981364
1642647867.570428 0.086318 1.127646 0.386331 -0.173001 -0.048205 -0.067200 -0.981443
1642647867.578761 0.085994 1.127840 0.386165 -0.172686 -0.046097 -0.068362 -0.981520
1642647867.587094 0.085697 1.127969 0.385949 -0.172385 -0.045418 -0.068423 -0.981600
1642647867.595428 0.085386 1.128104 0.385740 -0.172092 -0.044759 -0.068473 -0.981678
1642647867.603761 0.085068 1.128250 0.385537 -0.171771 -0.044057 -0.068489 -0.981765
1642647867.612094 0.084750 1.128397 0.385334 -0.171471 -0.043304 -0.068552 -0.981847
1642647867.620428 0.084426 1.128537 0.385131 -0.171183 -0.042541 -0.068653 -0.981923
1642647867.628761 0.084092 1.128688 0.384934 -0.170788 -0.041773 -0.068781 -0.982016
1642647867.637094 0.083775 1.128793 0.384708 -0.170400 -0.041984 -0.068151 -0.982119
1642647867.645427 0.083444 1.128920 0.384500 -0.170020 -0.041743 -0.067892 -0.982213
1642647867.653761 0.083082 1.129102 0.384336 -0.169588 -0.040543 -0.068404 -0.982302
1642647867.662094 0.082730 1.129248 0.384151 -0.169205 -0.040327 -0.068194 -0.982391
1642647867.670428 0.082335 1.129497 0.384055 -0.168759 -0.038158 -0.069597 -0.982456
1642647867.678761 0.081974 1.129667 0.383916 -0.168420 -0.037450 -0.069788 -0.982528
1642647867.687094 0.081605 1.129840 0.383792 -0.168063 -0.036686 -0.069988 -0.982604
1642647867.695428 0.081249 1.129986 0.383666 -0.167694 -0.036281 -0.069792 -0.982696
1642647867.703761 0.080882 1.130147 0.383556 -0.167335 -0.035698 -0.069775 -0.982780
1642647867.712094 0.080477 1.130368 0.383481 -0.166994 -0.034325 -0.070536 -0.982832
1642647867.720428 0.080118 1.130508 0.383356 -0.166758 -0.034506 -0.069880 -0.982913
1642647867.728761 0.079767 1.130627 0.383224 -0.166514 -0.035104 -0.068872 -0.983004
1642647867.737094 0.079367 1.130852 0.383168 -0.166138 -0.033635 -0.069462 -0.983078
1642647867.745428 0.078957 1.131073 0.383105 -0.165779 -0.032411 -0.069841 -0.983153
1642647867.753761 0.078547 1.131252 0.383007 -0.165516 -0.032252 -0.069459 -0.983229
1642647867.762094 0.078109 1.131512 0.382983 -0.165209 -0.030348 -0.070399 -0.983275
1642647867.770427 0.077658 1.131808 0.382977 -0.164836 -0.027967 -0.071713 -0.983313
1642647867.778761 0.077239 1.132031 0.382928 -0.164497 -0.026921 -0.071900 -0.983385
1642647867.787094 0.076831 1.132226 0.382866 -0.164183 -0.026295 -0.071670 -0.983471
1642647867.795428 0.076429 1.132404 0.382797 -0.163940 -0.025901 -0.071263 -0.983552
1642647867.803761 0.075995 1.132616 0.382754 -0.163663 -0.024919 -0.071448 -0.983610
1642647867.812094 0.075535 1.132847 0.382726 -0.163349 -0.023554 -0.072020 -0.983654
1642647867.820428 0.075061 1.133085 0.382711 -0.162978 -0.022034 -0.072764 -0.983696
1642647867.828761 0.074607 1.133276 0.382682 -0.162708 -0.021045 -0.073001 -0.983745
1642647867.837094 0.074148 1.133460 0.382652 -0.162481 -0.020060 -0.073251 -0.983784
1642647867.845428 0.073684 1.133642 0.382627 -0.162230 -0.019097 -0.073458 -0.983829
1642647867.853761 0.073215 1.133829 0.382610 -0.161960 -0.018053 -0.073668 -0.983878
1642647867.862094 0.072745 1.134014 0.382591 -0.161695 -0.017013 -0.073894 -0.983923
1642647867.870428 0.072270 1.134197 0.382572 -0.161466 -0.016028 -0.074142 -0.983959
1642647867.878761 0.071798 1.134378 0.382551 -0.161246 -0.014959 -0.074414 -0.983991
1642647867.887094 0.071328 1.134566 0.382532 -0.161007 -0.013915 -0.074652 -0.984028
1642647867.895427 0.070864 1.134755 0.382520 -0.160739 -0.012875 -0.074908 -0.984066
1642647867.903761 0.070404 1.134940 0.382504 -0.160503 -0.011889 -0.075172 -0.984097
1642647867.912094 0.069947 1.135119 0.382486 -0.160356 -0.011050 -0.075291 -0.984122
1642647867.920428 0.069490 1.135292 0.382468 -0.160170 -0.010104 -0.075450 -0.984150
1642647867.928761 0.069017 1.135488 0.382469 -0.159938 -0.009105 -0.075651 -0.984182
1642647867.937094 0.068552 1.135671 0.382461 -0.159717 -0.008163 -0.075858 -0.984210
1642647867.945428 0.068125 1.135794 0.382415 -0.159501 -0.007296 -0.076036 -0.984238
1642647867.953761 0.067680 1.135947 0.382390 -0.159252 -0.006302 -0.076286 -0.984266
1642647867.962094 0.067235 1.136096 0.382367 -0.158987 -0.005357 -0.076513 -0.984297
1642647867.970428 0.066777 1.136262 0.382364 -0.158740 -0.004328 -0.076783 -0.984321
1642647867.978761 0.066325 1.136427 0.382365 -0.158575 -0.003384 -0.077013 -0.984333
1642647867.987094 0.065897 1.136539 0.382343 -0.158428 -0.002550 -0.077198 -0.984345
1642647867.995428 0.065485 1.136628 0.382316 -0.158278 -0.001744 -0.077363 -0.984358
1642647868.003761 0.065083 1.136702 0.382285 -0.158118 -0.000862 -0.077506 -0.984373
1642647868.012094 0.064660 1.136809 0.382280 -0.157971 0.000045 -0.077656 -0.984385
1642647868.020427 0.064247 1.136915 0.382276 -0.157841 0.000917 -0.077859 -0.984390
1642647868.028761 0.063845 1.137016 0.382270 -0.157683 0.001852 -0.078166 -0.984390
1642647868.037094 0.063421 1.137142 0.382275 -0.157534 0.002964 -0.078560 -0.984379
1642647868.045428 0.062990 1.137282 0.382283 -0.157425 0.004038 -0.078852 -0.984370
1642647868.053761 0.062585 1.137385 0.382262 -0.157294 0.004967 -0.079020 -0.984373
1642647868.062094 0.062199 1.137463 0.382217 -0.157158 0.005883 -0.079149 -0.984379
1642647868.070428 0.061817 1.137526 0.382159 -0.157000 0.006721 -0.079197 -0.984395
1642647868.078761 0.061417 1.137630 0.382120 -0.156834 0.007646 -0.079378 -0.984400
1642647868.087094 0.061021 1.137728 0.382075 -0.156690 0.008614 -0.079586 -0.984398
1642647868.095428 0.060624 1.137830 0.382031 -0.156516 0.009571 -0.079726 -0.984406
1642647868.103761 0.060215 1.137954 0.382005 -0.156340 0.010591 -0.079946 -0.984406
1642647868.112094 0.059803 1.138088 0.381992 -0.156174 0.011559 -0.080197 -0.984401
1642647868.120428 0.059415 1.138175 0.381952 -0.155981 0.012562 -0.080483 -0.984396
1642647868.128761 0.059024 1.138264 0.381911 -0.155847 0.013522 -0.080744 -0.984383
1642647868.137094 0.058649 1.138330 0.381857 -0.155716 0.014336 -0.080901 -0.984379
1642647868.145427 0.058285 1.138378 0.381799 -0.155531 0.015139 -0.081058 -0.984383
1642647868.153761 0.057886 1.138482 0.381786 -0.155314 0.016074 -0.081285 -0.984384
1642647868.162094 0.057481 1.138589 0.381783 -0.155132 0.016966 -0.081507 -0.984380
1642647868.170428 0.057099 1.138655 0.381754 -0.154969 0.017667 -0.081625 -0.984383
1642647868.178761 0.056714 1.138708 0.381724 -0.154880 0.018396 -0.081772 -0.984372
1642647868.187094 0.056330 1.138757 0.381697 -0.154786 0.019178 -0.081924 -0.984359
1642647868.195428 0.055946 1.138805 0.381672 -0.154647 0.019919 -0.082064 -0.984354
1642647868.203761 0.055559 1.138854 0.381659 -0.154495 0.020750 -0.082225 -0.984347
1642647868.212094 0.055172 1.138896 0.381646 -0.154389 0.021616 -0.082407 -0.984330
1642647868.220428 0.054782 1.138929 0.381639 -0.154296 0.022524 -0.082588 -0.984309
1642647868.228761 0.054389 1.138954 0.381641 -0.154225 0.023431 -0.082754 -0.984285
1642647868.237094 0.053995 1.138968 0.381653 -0.154168 0.024298 -0.082952 -0.984256
1642647868.245428 0.053599 1.138983 0.381673 -0.154091 0.025201 -0.083190 -0.984226
1642647868.253761 0.053209 1.138993 0.381700 -0.154018 0.026114 -0.083381 -0.984197
1642647868.262094 0.052823 1.139007 0.381731 -0.153956 0.026979 -0.083489 -0.984174
1642647868.270427 0.052432 1.139023 0.381761 -0.153895 0.027854 -0.083568 -0.984153
1642647868.278761 0.052038 1.139045 0.381802 -0.153843 0.028797 -0.083683 -0.984124
1642647868.287094 0.051645 1.139058 0.381837 -0.153829 0.029740 -0.083872 -0.984082
1642647868.295428 0.051258 1.139069 0.381871 -0.153782 0.030715 -0.084113 -0.984039
1642647868.303761 0.050870 1.139090 0.381905 -0.153714 0.031689 -0.084326 -0.984000
1642647868.312094 0.050477 1.139113 0.381931 -0.153699 0.032649 -0.084449 -0.983961
1642647868.320428 0.050088 1.139139 0.381952 -0.153637 0.033647 -0.084585 -0.983925
1642647868.328761 0.049708 1.139162 0.381970 -0.153563 0.034539 -0.084761 -0.983891
1642647868.337094 0.049334 1.139187 0.381992 -0.153515 0.035367 -0.084897 -0.983857
1642647868.345428 0.048960 1.139217 0.382014 -0.153481 0.036099 -0.085010 -0.983826
1642647868.353761 0.048594 1.139246 0.382039 -0.153477 0.036726 -0.085071 -0.983798
1642647868.362094 0.048224 1.139280 0.382074 -0.153481 0.037416 -0.085153 -0.983764
1642647868.370428 0.047857 1.139311 0.382106 -0.153430 0.038176 -0.085295 -0.983731
1642647868.378761 0.047498 1.139346 0.382145 -0.153406 0.038868 -0.085399 -0.983699
1642647868.387094 0.047145 1.139386 0.382197 -0.153411 0.039596 -0.085517 -0.983659
1642647868.395427 0.046792 1.139428 0.382249 -0.153363 0.040430 -0.085691 -0.983617
1642647868.403761 0.046443 1.139477 0.382303 -0.153310 0.041189 -0.085820 -0.983582
1642647868.412094 0.046107 1.139522 0.382354 -0.153278 0.041912 -0.085930 -0.983547
1642647868.420428 0.045778 1.139570 0.382404 -0.153184 0.042661 -0.086029 -0.983521
1642647868.428761 0.045445 1.139621 0.382455 -0.153073 0.043370 -0.086096 -0.983501
1642647868.437094 0.045096 1.139689 0.382516 -0.152899 0.044513 -0.086518 -0.983441
1642647868.445428 0.044742 1.139761 0.382591 -0.152653 0.045838 -0.087059 -0.983370
1642647868.453761 0.044432 1.139804 0.382650 -0.152537 0.046515 -0.087014 -0.983360
1642647868.462094 0.044131 1.139851 0.382712 -0.152433 0.047250 -0.087023 -0.983341
1642647868.470428 0.043832 1.139899 0.382786 -0.152331 0.047987 -0.086989 -0.983324
1642647868.478761 0.043533 1.139952 0.382875 -0.152207 0.048743 -0.086924 -0.983311
1642647868.487094 0.043233 1.140008 0.382968 -0.152055 0.049527 -0.086856 -0.983302
1642647868.495428 0.042943 1.140059 0.383063 -0.151952 0.050335 -0.086810 -0.983281
1642647868.503761 0.042663 1.140106 0.383157 -0.151891 0.051120 -0.086754 -0.983255
1642647868.512094 0.042384 1.140156 0.383252 -0.151820 0.051925 -0.086699 -0.983228
1642647868.520427 0.042113 1.140209 0.383353 -0.151749 0.052766 -0.086648 -0.983199
1642647868.528761 0.041847 1.140262 0.383450 -0.151656 0.053556 -0.086557 -0.983179
1642647868.537094 0.041582 1.140316 0.383544 -0.151590 0.054276 -0.086440 -0.983160
1642647868.545428 0.041323 1.140370 0.383638 -0.151524 0.055072 -0.086392 -0.983130
1642647868.553761 0.041068 1.140430 0.383736 -0.151456 0.055861 -0.086390 -0.983096
1642647868.562094 0.040816 1.140493 0.383828 -0.151401 0.056659 -0.086420 -0.983056
1642647868.570428 0.040557 1.140562 0.383913 -0.151333 0.057427 -0.086398 -0.983024
1642647868.578761 0.040301 1.140636 0.383995 -0.151221 0.058275 -0.086376 -0.982993
1642647868.587094 0.040049 1.140718 0.384073 -0.151071 0.059079 -0.086286 -0.982976
1642647868.595428 0.039794 1.140808 0.384143 -0.150933 0.059873 -0.086210 -0.982956
1642647868.603761 0.039554 1.140919 0.384201 -0.150751 0.060616 -0.086061 -0.982952
1642647868.612094 0.039314 1.141022 0.384251 -0.150599 0.061377 -0.085960 -0.982936
1642647868.620428 0.039046 1.141094 0.384306 -0.150490 0.062382 -0.086094 -0.982878
1642647868.628761 0.038804 1.141199 0.384357 -0.150325 0.063242 -0.086071 -0.982850
1642647868.637094 0.038564 1.141309 0.384408 -0.150157 0.064066 -0.085991 -0.982830
1642647868.645427 0.038305 1.141413 0.384462 -0.149889 0.064975 -0.085723 -0.982834
1642647868.653761 0.038037 1.141525 0.384512 -0.149533 0.065868 -0.085317 -0.982864
1642647868.662094 0.037809 1.141646 0.384531 -0.149363 0.066713 -0.085297 -0.982835
1642647868.670428 0.037577 1.141777 0.384542 -0.149181 0.067626 -0.085320 -0.982798
1642647868.678761 0.037342 1.141911 0.384532 -0.148956 0.068584 -0.085352 -0.982763
1642647868.687094 0.037106 1.142048 0.384505 -0.148725 0.069553 -0.085407 -0.982725
1642647868.695428 0.036865 1.142191 0.384469 -0.148480 0.070487 -0.085419 -0.982695
1642647868.703761 0.036628 1.142339 0.384427 -0.148184 0.071485 -0.085434 -0.982666
1642647868.712094 0.036396 1.142491 0.384371 -0.147849 0.072471 -0.085466 -0.982641
1642647868.720428 0.036163 1.142651 0.384306 -0.147501 0.073406 -0.085432 -0.982627
1642647868.728761 0.035933 1.142816 0.384234 -0.147137 0.074317 -0.085393 -0.982617
1642647868.737094 0.035712 1.142977 0.384154 -0.146785 0.075272 -0.085432 -0.982593
1642647868.745428 0.035495 1.143140 0.384062 -0.146411 0.076218 -0.085457 -0.982574
1642647868.753761 0.035275 1.143308 0.383962 -0.145999 0.077174 -0.085430 -0.982563
1642647868.762094 0.035049 1.143487 0.383856 -0.145592 0.078145 -0.085371 -0.982552
1642647868.770427 0.034824 1.143673 0.383742 -0.145151 0.079084 -0.085285 -0.982549
1642647868.778761 0.034602 1.143861 0.383622 -0.144684 0.079986 -0.085200 -0.982553
1642647868.787094 0.034381 1.144047 0.383494 -0.144225 0.080908 -0.085188 -0.982546
1642647868.795428 0.034161 1.144235 0.383363 -0.143777 0.081745 -0.085145 -0.982546
1642647868.803761 0.033937 1.144435 0.383235 -0.143348 0.082543 -0.085086 -0.982547
1642647868.812094 0.033708 1.144637 0.383107 -0.142914 0.083385 -0.085112 -0.982537
1642647868.820428 0.033476 1.144838 0.382979 -0.142468 0.084219 -0.085102 -0.982531
1642647868.828761 0.033239 1.145039 0.382849 -0.142113 0.085008 -0.085061 -0.982518
1642647868.837094 0.033000 1.145233 0.382721 -0.141774 0.085825 -0.085025 -0.982499
1642647868.845428 0.032781 1.145434 0.382587 -0.141516 0.086502 -0.084911 -0.982487
1642647868.853761 0.032553 1.145627 0.382454 -0.141268 0.087209 -0.084844 -0.982466
1642647868.862094 0.032286 1.145783 0.382328 -0.141035 0.088167 -0.084982 -0.982402
1642647868.870428 0.032036 1.145957 0.382192 -0.140827 0.089070 -0.084968 -0.982352
1642647868.878761 0.031778 1.146127 0.382049 -0.140606 0.090044 -0.084997 -0.982292
1642647868.887094 0.031513 1.146295 0.381893 -0.140398 0.091072 -0.085036 -0.982224
1642647868.895427 0.031235 1.146466 0.381729 -0.140200 0.092153 -0.085086 -0.982147
1642647868.903761 0.030943 1.146626 0.381561 -0.139974 0.093273 -0.085157 -0.982067
1642647868.912094 0.030648 1.146778 0.381388 -0.139797 0.094401 -0.085238 -0.981977
1642647868.920428 0.030346 1.146926 0.381207 -0.139703 0.095520 -0.085291 -0.981878
1642647868.928761 0.030038 1.147080 0.381025 -0.139555 0.096745 -0.085394 -0.981770
1642647868.937094 0.029726 1.147225 0.380838 -0.139404 0.097967 -0.085528 -0.981659
1642647868.945428 0.029407 1.147366 0.380641 -0.139333 0.099053 -0.085600 -0.981554
1642647868.953761 0.029079 1.147503 0.380427 -0.139234 0.100177 -0.085696 -0.981445
1642647868.962094 0.028736 1.147634 0.380196 -0.139089 0.101384 -0.085805 -0.981332
1642647868.970428 0.028381 1.147765 0.379953 -0.138933 0.102547 -0.085948 -0.981221
1642647868.978761 0.028013 1.147897 0.379692 -0.138732 0.103718 -0.086161 -0.981108
1642647868.987094 0.027634 1.148030 0.379425 -0.138488 0.104809 -0.086398 -0.981005
1642647868.995428 0.027261 1.148182 0.379150 -0.138207 0.105852 -0.086564 -0.980918
1642647869.003761 0.026867 1.148337 0.378869 -0.137947 0.106900 -0.086749 -0.980825
1642647869.012094 0.026435 1.148467 0.378595 -0.137707 0.108070 -0.087123 -0.980697
1642647869.020427 0.026022 1.148622 0.378306 -0.137453 0.109023 -0.087334 -0.980609
1642647869.028761 0.025591 1.148781 0.378008 -0.137149 0.110027 -0.087613 -0.980514
1642647869.037094 0.025154 1.148948 0.377706 -0.136817 0.111089 -0.087928 -0.980413
1642647869.045428 0.024719 1.149117 0.377401 -0.136499 0.112122 -0.088211 -0.980314
1642647869.053761 0.024270 1.149300 0.377098 -0.136168 0.113250 -0.088532 -0.980201
1642647869.062094 0.023818 1.149506 0.376790 -0.135836 0.114330 -0.088817 -0.980096
1642647869.070428 0.023354 1.149709 0.376478 -0.135502 0.115375 -0.089120 -0.979993
1642647869.078761 0.022857 1.149889 0.376162 -0.135128 0.116572 -0.089597 -0.979859
1642647869.087094 0.022377 1.150097 0.375827 -0.134808 0.117660 -0.089927 -0.979743
1642647869.095428 0.021883 1.150310 0.375487 -0.134474 0.118826 -0.090247 -0.979619
1642647869.103761 0.021387 1.150532 0.375157 -0.134123 0.119988 -0.090559 -0.979496
1642647869.112094 0.020893 1.150758 0.374825 -0.133706 0.121194 -0.090969 -0.979367
1642647869.120428 0.020407 1.150999 0.374477 -0.133334 0.122302 -0.091335 -0.979246
1642647869.128761 0.019910 1.151237 0.374116 -0.132983 0.123437 -0.091622 -0.979124
1642647869.137094 0.019383 1.151441 0.373758 -0.132555 0.124836 -0.092086 -0.978961
1642647869.145427 0.018883 1.151671 0.373393 -0.132139 0.126038 -0.092443 -0.978830
1642647869.153761 0.018388 1.151920 0.373018 -0.131751 0.127176 -0.092717 -0.978709
1642647869.162094 0.017897 1.152170 0.372635 -0.131374 0.128261 -0.092955 -0.978595
1642647869.170428 0.017387 1.152396 0.372251 -0.130930 0.129508 -0.093366 -0.978452
1642647869.178761 0.016876 1.152616 0.371842 -0.130639 0.130918 -0.093898 -0.978252
1642647869.187094 0.016361 1.152829 0.371413 -0.130517 0.132387 -0.094505 -0.978012
1642647869.195428 0.015842 1.153064 0.370994 -0.130092 0.133490 -0.094821 -0.977888
1642647869.203761 0.015337 1.153297 0.370568 -0.129619 0.134672 -0.095225 -0.977750
1642647869.212094 0.014856 1.153547 0.370148 -0.129155 0.135995 -0.095533 -0.977598
1642647869.220428 0.014362 1.153797 0.369708 -0.128669 0.137173 -0.095778 -0.977473
1642647869.228761 0.013846 1.154011 0.369268 -0.128192 0.138550 -0.096193 -0.977301
1642647869.237094 0.013350 1.154257 0.368801 -0.127690 0.139764 -0.096569 -0.977157
1642647869.245428 0.012850 1.154508 0.368328 -0.127213 0.140865 -0.096842 -0.977034
1642647869.253761 0.012386 1.154747 0.367876 -0.126707 0.142241 -0.097110 -0.976874
1642647869.262094 0.011933 1.154981 0.367425 -0.126202 0.143671 -0.097364 -0.976705
1642647869.270427 0.011480 1.155235 0.366942 -0.125744 0.144768 -0.097469 -0.976591
1642647869.278761 0.011037 1.155475 0.366457 -0.125259 0.145934 -0.097567 -0.976470
1642647869.287094 0.010584 1.155670 0.365996 -0.124774 0.147414 -0.097879 -0.976279
1642647869.295428 0.010145 1.155891 0.365502 -0.124278 0.148578 -0.098045 -0.976149
1642647869.303761 0.009732 1.156094 0.365039 -0.123828 0.149872 -0.098140 -0.975999
1642647869.312094 0.009327 1.156293 0.364581 -0.123365 0.151066 -0.098251 -0.975862
1642647869.320428 0.008916 1.156487 0.364098 -0.122906 0.152076 -0.098400 -0.975748
1642647869.328761 0.008516 1.156673 0.363634 -0.122504 0.153154 -0.098501 -0.975620
1642647869.337094 0.008129 1.156850 0.363186 -0.122094 0.154284 -0.098537 -0.975490
1642647869.345428 0.007767 1.157012 0.362750 -0.121639 0.155413 -0.098634 -0.975358
1642647869.353761 0.007406 1.157168 0.362299 -0.121205 0.156382 -0.098747 -0.975245
1642647869.362094 0.007033 1.157320 0.361838 -0.120808 0.157305 -0.098838 -0.975137
1642647869.370428 0.006659 1.157467 0.361372 -0.120425 0.158177 -0.098907 -0.975036
1642647869.378761 0.006303 1.157604 0.360936 -0.120056 0.159157 -0.098967 -0.974916
1642647869.387094 0.005952 1.157739 0.360503 -0.119710 0.160094 -0.099029 -0.974799
1642647869.395427 0.005599 1.157866 0.360068 -0.119452 0.161003 -0.099030 -0.974681
1642647869.403761 0.005251 1.157990 0.359634 -0.119176 0.162003 -0.099037 -0.974548
1642647869.412094 0.004907 1.158108 0.359212 -0.118941 0.163008 -0.099068 -0.974406
1642647869.420428 0.004572 1.158216 0.358814 -0.118730 0.164105 -0.099031 -0.974251
1642647869.428761 0.004246 1.158326 0.358425 -0.118498 0.165285 -0.098941 -0.974089
1642647869.437094 0.003914 1.158439 0.358017 -0.118278 0.166373 -0.098891 -0.973936
1642647869.445428 0.003576 1.158552 0.357589 -0.118134 0.167408 -0.098881 -0.973777
1642647869.453761 0.003233 1.158668 0.357149 -0.117956 0.168522 -0.098894 -0.973605
1642647869.462094 0.002897 1.158785 0.356734 -0.117737 0.169717 -0.098831 -0.973430
1642647869.470428 0.002569 1.158893 0.356311 -0.117581 0.170964 -0.098804 -0.973234
1642647869.478761 0.002243 1.158986 0.355884 -0.117498 0.172245 -0.098755 -0.973023
1642647869.487094 0.001910 1.159075 0.355458 -0.117329 0.173561 -0.098706 -0.972814
1642647869.495428 0.001590 1.159177 0.355030 -0.117205 0.174677 -0.098552 -0.972645
1642647869.503761 0.001273 1.159262 0.354608 -0.117135 0.175698 -0.098433 -0.972482
1642647869.512094 0.000923 1.159307 0.354198 -0.117143 0.176831 -0.098476 -0.972271
1642647869.520427 0.000598 1.159370 0.353775 -0.117180 0.177817 -0.098410 -0.972093
1642647869.528761 0.000277 1.159425 0.353345 -0.117171 0.178843 -0.098350 -0.971913
1642647869.537094 -0.000033 1.159470 0.352931 -0.117166 0.179901 -0.098254 -0.971727
1642647869.545428 -0.000336 1.159506 0.352511 -0.117178 0.180998 -0.098186 -0.971529
1642647869.553761 -0.000657 1.159512 0.352028 -0.116888 0.182174 -0.098311 -0.971332
1642647869.562094 -0.000984 1.159498 0.351503 -0.116280 0.183556 -0.098622 -0.971113
1642647869.570428 -0.001307 1.159508 0.351013 -0.116086 0.184634 -0.098648 -0.970929
1642647869.578761 -0.001633 1.159520 0.350517 -0.115981 0.185802 -0.098663 -0.970717
1642647869.587094 -0.001962 1.159538 0.350022 -0.115812 0.187021 -0.098700 -0.970500
1642647869.595428 -0.002291 1.159541 0.349526 -0.115567 0.188255 -0.098806 -0.970279
1642647869.603761 -0.002617 1.159538 0.349027 -0.115398 0.189370 -0.098916 -0.970071
1642647869.612094 -0.002939 1.159541 0.348527 -0.115280 0.190416 -0.098917 -0.969880
1642647869.620428 -0.003264 1.159541 0.348035 -0.115068 0.191615 -0.098999 -0.969661
1642647869.628761 -0.003588 1.159546 0.347553 -0.114846 0.192829 -0.099086 -0.969438
1642647869.637094 -0.003914 1.159545 0.347063 -0.114635 0.194042 -0.099177 -0.969211
1642647869.645427 -0.004257 1.159545 0.346563 -0.114395 0.195330 -0.099317 -0.968967
1642647869.653761 -0.004595 1.159544 0.346066 -0.114145 0.196628 -0.099471 -0.968718
1642647869.662094 -0.004913 1.159531 0.345598 -0.113905 0.197828 -0.099531 -0.968495
1642647869.670428 -0.005239 1.159521 0.345125 -0.113709 0.199142 -0.099609 -0.968241
1642647869.678761 -0.005549 1.159500 0.344667 -0.113616 0.200474 -0.099636 -0.967974
1642647869.687094 -0.005863 1.159494 0.344217 -0.113432 0.201755 -0.099750 -0.967718
1642647869.695428 -0.006196 1.159490 0.343754 -0.113195 0.202788 -0.099915 -0.967513
1642647869.703761 -0.006502 1.159464 0.343323 -0.113069 0.203854 -0.099982 -0.967296
1642647869.712094 -0.006816 1.159443 0.342900 -0.112932 0.205111 -0.100128 -0.967032
1642647869.720428 -0.007123 1.159414 0.342495 -0.112790 0.206399 -0.100291 -0.966757
1642647869.728761 -0.007428 1.159380 0.342095 -0.112659 0.207679 -0.100529 -0.966474
1642647869.737094 -0.007740 1.159342 0.341690 -0.112563 0.208961 -0.100789 -0.966181
1642647869.745428 -0.008053 1.159300 0.341281 -0.112433 0.210271 -0.101027 -0.965888
1642647869.753761 -0.008351 1.159248 0.340886 -0.112385 0.211379 -0.101159 -0.965638
1642647869.762094 -0.008641 1.159189 0.340500 -0.112311 0.212507 -0.101332 -0.965380
1642647869.770427 -0.008934 1.159125 0.340106 -0.112206 0.213725 -0.101550 -0.965101
1642647869.778761 -0.009230 1.159068 0.339709 -0.112129 0.215005 -0.101763 -0.964803
1642647869.787094 -0.009523 1.159016 0.339312 -0.112021 0.216312 -0.102026 -0.964495
1642647869.795428 -0.009801 1.158949 0.338923 -0.111944 0.217465 -0.102259 -0.964220
1642647869.803761 -0.010075 1.158868 0.338546 -0.111922 0.218532 -0.102540 -0.963952
1642647869.812094 -0.010346 1.158768 0.338167 -0.111989 0.219514 -0.102816 -0.963691
1642647869.820428 -0.010619 1.158667 0.337781 -0.111954 0.220702 -0.103189 -0.963384
1642647869.828761 -0.010896 1.158566 0.337404 -0.111851 0.221858 -0.103567 -0.963090
1642647869.837094 -0.011169 1.158452 0.337024 -0.111762 0.223059 -0.104021 -0.962774
1642647869.845428 -0.011430 1.158324 0.336651 -0.111739 0.224170 -0.104417 -0.962476
1642647869.853761 -0.011691 1.158199 0.336273 -0.111711 0.225250 -0.104838 -0.962181
1642647869.862094 -0.011950 1.158067 0.335888 -0.111704 0.226348 -0.105216 -0.961883
1642647869.870428 -0.012209 1.157921 0.335500 -0.111752 0.227398 -0.105566 -0.961591
1642647869.878761 -0.012463 1.157771 0.335115 -0.111828 0.228430 -0.105945 -0.961296
1642647869.887094 -0.012721 1.157627 0.334735 -0.111921 0.229464 -0.106372 -0.960992
1642647869.895427 -0.012968 1.157462 0.334364 -0.112053 0.230494 -0.106778 -0.960685
1642647869.903761 -0.013215 1.157286 0.333997 -0.112175 0.231508 -0.107175 -0.960382
1642647869.912094 -0.013468 1.157092 0.333613 -0.112182 0.232810 -0.107719 -0.960006
1642647869.920428 -0.013722 1.156883 0.333216 -0.112117 0.234193 -0.108375 -0.959603
1642647869.928761 -0.013965 1.156693 0.332851 -0.112256 0.235174 -0.108812 -0.959298
1642647869.937094 -0.014209 1.156505 0.332485 -0.112353 0.236235 -0.109290 -0.958971
1642647869.945428 -0.014452 1.156312 0.332114 -0.112460 0.237313 -0.109769 -0.958638
1642647869.953761 -0.014707 1.156118 0.331734 -0.112538 0.238432 -0.110250 -0.958296
1642647869.962094 -0.014962 1.155920 0.331352 -0.112617 0.239550 -0.110749 -0.957950
1642647869.970428 -0.015209 1.155733 0.330971 -0.112669 0.240642 -0.111289 -0.957608
1642647869.978761 -0.015450 1.155542 0.330591 -0.112677 0.241757 -0.111793 -0.957267
1642647869.987094 -0.015695 1.155352 0.330211 -0.112634 0.242959 -0.112257 -0.956913
1642647869.995428 -0.015943 1.155160 0.329817 -0.112662 0.244158 -0.112762 -0.956545
1642647870.003761 -0.016185 1.154986 0.329413 -0.112691 0.245248 -0.113295 -0.956200
1642647870.012094 -0.016416 1.154818 0.329010 -0.112696 0.246316 -0.113902 -0.955853
1642647870.020427 -0.016657 1.154627 0.328636 -0.112696 0.247634 -0.114477 -0.955444
1642647870.028761 -0.016889 1.154401 0.328272 -0.112960 0.248790 -0.114673 -0.955088
1642647870.037094 -0.017105 1.154151 0.327920 -0.113404 0.249747 -0.114582 -0.954797
1642647870.045428 -0.017343 1.153968 0.327535 -0.113556 0.250889 -0.115010 -0.954428
1642647870.053761 -0.017581 1.153784 0.327147 -0.113751 0.252013 -0.115488 -0.954051
1642647870.062094 -0.017816 1.153609 0.326751 -0.113969 0.253090 -0.115921 -0.953687
1642647870.070428 -0.018048 1.153444 0.326339 -0.114162 0.254158 -0.116333 -0.953330
1642647870.078761 -0.018283 1.153283 0.325915 -0.114293 0.255184 -0.116686 -0.952997
1642647870.087094 -0.018518 1.153140 0.325499 -0.114508 0.256170 -0.117025 -0.952665
1642647870.095428 -0.018746 1.152997 0.325074 -0.114730 0.257111 -0.117354 -0.952344
1642647870.103761 -0.018973 1.152868 0.324656 -0.114884 0.258008 -0.117665 -0.952044
1642647870.112094 -0.019202 1.152741 0.324238 -0.115035 0.258870 -0.117968 -0.951755
1642647870.120428 -0.019434 1.152614 0.323815 -0.115245 0.259718 -0.118254 -0.951463
1642647870.128761 -0.019669 1.152491 0.323385 -0.115453 0.260565 -0.118579 -0.951165
1642647870.137094 -0.019906 1.152364 0.322946 -0.115591 0.261544 -0.118994 -0.950828
1642647870.145427 -0.020147 1.152248 0.322510 -0.115733 0.262488 -0.119353 -0.950506
1642647870.153761 -0.020392 1.152138 0.322067 -0.115906 0.263384 -0.119687 -0.950194
1642647870.162094 -0.020644 1.152046 0.321620 -0.116100 0.264234 -0.119955 -0.949901
1642647870.170428 -0.020903 1.151967 0.321171 -0.116310 0.265055 -0.120161 -0.949621
1642647870.178761 -0.021163 1.151892 0.320723 -0.116561 0.265896 -0.120472 -0.949315
1642647870.187094 -0.021422 1.151828 0.320286 -0.116854 0.266696 -0.120794 -0.949014
1642647870.195428 -0.021682 1.151779 0.319837 -0.117089 0.267455 -0.121076 -0.948735
1642647870.203761 -0.021949 1.151724 0.319379 -0.117372 0.268175 -0.121366 -0.948460
1642647870.212094 -0.022220 1.151676 0.318934 -0.117666 0.268906 -0.121700 -0.948174
1642647870.220428 -0.022500 1.151645 0.318494 -0.118008 0.269546 -0.122031 -0.947907
1642647870.228761 -0.022784 1.151601 0.318040 -0.118375 0.270203 -0.122418 -0.947624
1642647870.237094 -0.023076 1.151570 0.317578 -0.118662 0.270842 -0.122747 -0.947363
1642647870.245428 -0.023369 1.151540 0.317102 -0.119010 0.271485 -0.123061 -0.947095
1642647870.253761 -0.023659 1.151511 0.316618 -0.119351 0.272141 -0.123411 -0.946818
1642647870.262094 -0.023951 1.151492 0.316127 -0.119607 0.272789 -0.123779 -0.946551
1642647870.270427 -0.024247 1.151481 0.315630 -0.119832 0.273371 -0.124123 -0.946310
1642647870.278761 -0.024549 1.151473 0.315123 -0.120059 0.273918 -0.124425 -0.946083
1642647870.287094 -0.024846 1.151468 0.314608 -0.120188 0.274562 -0.124750 -0.945837
1642647870.295428 -0.025149 1.151468 0.314100 -0.120275 0.275207 -0.125092 -0.945594
1642647870.303761 -0.025465 1.151469 0.313608 -0.120522 0.275597 -0.125358 -0.945413
1642647870.312094 -0.025776 1.151468 0.313094 -0.120672 0.276063 -0.125620 -0.945223
1642647870.320428 -0.026088 1.151468 0.312583 -0.120818 0.276542 -0.125873 -0.945031
1642647870.328761 -0.026408 1.151467 0.312074 -0.120987 0.276998 -0.126076 -0.944849
1642647870.337094 -0.026731 1.151464 0.311568 -0.121072 0.277460 -0.126236 -0.944681
1642647870.345428 -0.027052 1.151468 0.311053 -0.121195 0.277947 -0.126406 -0.944499
1642647870.353761 -0.027383 1.151484 0.310543 -0.121304 0.278375 -0.126550 -0.944340
1642647870.362094 -0.027722 1.151508 0.310039 -0.121347 0.278884 -0.126733 -0.944160
1642647870.370428 -0.028073 1.151542 0.309530 -0.121406 0.279452 -0.126881 -0.943964
1642647870.378761 -0.028437 1.151587 0.309013 -0.121422 0.280042 -0.127009 -0.943770
1642647870.387094 -0.028800 1.151643 0.308504 -0.121430 0.280614 -0.127190 -0.943575
1642647870.395427 -0.029178 1.151701 0.307998 -0.121461 0.281145 -0.127276 -0.943401
1642647870.403761 -0.029567 1.151771 0.307489 -0.121479 0.281674 -0.127259 -0.943243
1642647870.412094 -0.029959 1.151848 0.306988 -0.121452 0.282327 -0.127308 -0.943045
1642647870.420428 -0.030352 1.151925 0.306496 -0.121421 0.282954 -0.127406 -0.942848
1642647870.428761 -0.030751 1.152014 0.306006 -0.121409 0.283532 -0.127432 -0.942672
1642647870.437094 -0.031157 1.152112 0.305514 -0.121409 0.284188 -0.127454 -0.942472
1642647870.445428 -0.031565 1.152212 0.305017 -0.121480 0.284835 -0.127457 -0.942267
1642647870.453761 -0.031976 1.152331 0.304533 -0.121450 0.285408 -0.127437 -0.942100
1642647870.462094 -0.032400 1.152465 0.304048 -0.121418 0.285983 -0.127417 -0.941932
1642647870.470428 -0.032827 1.152615 0.303560 -0.121458 0.286446 -0.127365 -0.941793
1642647870.478761 -0.033256 1.152776 0.303073 -0.121513 0.286956 -0.127370 -0.941631
1642647870.487094 -0.033690 1.152950 0.302586 -0.121580 0.287446 -0.127363 -0.941473
1642647870.495428 -0.034129 1.153139 0.302094 -0.121673 0.287973 -0.127315 -0.941307
1642647870.503761 -0.034574 1.153344 0.301602 -0.121746 0.288449 -0.127312 -0.941152
1642647870.512094 -0.035016 1.153557 0.301115 -0.121850 0.288888 -0.127254 -0.941012
1642647870.520427 -0.035457 1.153785 0.300625 -0.121899 0.289366 -0.127191 -0.940867
1642647870.528761 -0.035898 1.154034 0.300127 -0.121935 0.289819 -0.127087 -0.940737
1642647870.537094 -0.036338 1.154296 0.299621 -0.121939 0.290306 -0.126952 -0.940604
1642647870.545428 -0.036777 1.154574 0.299103 -0.121837 0.290784 -0.126801 -0.940490
1642647870.553761 -0.037220 1.154879 0.298569 -0.121676 0.291296 -0.126637 -0.940375
1642647870.562094 -0.037661 1.155195 0.298022 -0.121484 0.291802 -0.126448 -0.940268
1642647870.570428 -0.038105 1.155530 0.297455 -0.121202 0.292294 -0.126219 -0.940182
1642647870.578761 -0.038551 1.155892 0.296871 -0.120820 0.292787 -0.125966 -0.940112
1642647870.587094 -0.039000 1.156279 0.296278 -0.120378 0.293221 -0.125667 -0.940073
1642647870.595428 -0.039446 1.156679 0.295674 -0.119894 0.293631 -0.125434 -0.940039
1642647870.603761 -0.039899 1.157097 0.295064 -0.119398 0.294046 -0.125200 -0.940003
1642647870.612094 -0.040368 1.157537 0.294455 -0.118809 0.294414 -0.124898 -0.940003
1642647870.620428 -0.040834 1.157992 0.293847 -0.118218 0.294659 -0.124610 -0.940039
1642647870.628761 -0.041302 1.158457 0.293236 -0.117670 0.294859 -0.124282 -0.940088
1642647870.637094 -0.041777 1.158932 0.292627 -0.117088 0.295119 -0.123970 -0.940121
1642647870.645427 -0.042250 1.159419 0.292022 -0.116482 0.295268 -0.123671 -0.940188
1642647870.653761 -0.042732 1.159921 0.291422 -0.115855 0.295364 -0.123342 -0.940279
1642647870.662094 -0.043223 1.160437 0.290817 -0.115233 0.295488 -0.122979 -0.940364
1642647870.670428 -0.043716 1.160971 0.290211 -0.114532 0.295709 -0.122618 -0.940427
1642647870.678761 -0.044208 1.161508 0.289609 -0.113862 0.295827 -0.122236 -0.940521
1642647870.687094 -0.044704 1.162053 0.289019 -0.113219 0.296009 -0.121817 -0.940596
1642647870.695428 -0.045220 1.162609 0.288443 -0.112555 0.296176 -0.121440 -0.940672
1642647870.703761 -0.045749 1.163169 0.287886 -0.111907 0.296380 -0.121139 -0.940724
1642647870.712094 -0.046285 1.163738 0.287347 -0.111350 0.296558 -0.120769 -0.940781
1642647870.720428 -0.046833 1.164304 0.286820 -0.110852 0.296714 -0.120403 -0.940838
1642647870.728761 -0.047386 1.164878 0.286309 -0.110345 0.296837 -0.120051 -0.940904
1642647870.737094 -0.047948 1.165466 0.285813 -0.109867 0.296975 -0.119698 -0.940961
1642647870.745428 -0.048527 1.166049 0.285330 -0.109470 0.297137 -0.119309 -0.941005
1642647870.753761 -0.049127 1.166635 0.284851 -0.109080 0.297341 -0.118931 -0.941034
1642647870.762094 -0.049740 1.167234 0.284381 -0.108732 0.297477 -0.118606 -0.941073
1642647870.770427 -0.050362 1.167841 0.283918 -0.108413 0.297556 -0.118228 -0.941132
1642647870.778761 -0.050997 1.168450 0.283458 -0.108125 0.297602 -0.117812 -0.941203
1642647870.787094 -0.051654 1.169070 0.283009 -0.107853 0.297517 -0.117398 -0.941313
1642647870.795428 -0.052338 1.169703 0.282567 -0.107621 0.297520 -0.117064 -0.941380
1642647870.803761 -0.053037 1.170328 0.282136 -0.107363 0.297571 -0.116733 -0.941434
1642647870.812094 -0.053756 1.170959 0.281704 -0.107123 0.297422 -0.116323 -0.941559
1642647870.820428 -0.054490 1.171604 0.281275 -0.106801 0.297305 -0.115929 -0.941681
1642647870.828761 -0.055238 1.172254 0.280855 -0.106457 0.297194 -0.115529 -0.941804
1642647870.837094 -0.056012 1.172908 0.280445 -0.106135 0.297117 -0.115142 -0.941913
1642647870.845428 -0.056811 1.173578 0.280043 -0.105748 0.297075 -0.114809 -0.942010
1642647870.853761 -0.057623 1.174252 0.279635 -0.105394 0.296862 -0.114385 -0.942168
1642647870.862094 -0.058449 1.174932 0.279231 -0.105024 0.296668 -0.113884 -0.942331
1642647870.870428 -0.059300 1.175615 0.278829 -0.104591 0.296490 -0.113424 -0.942491
1642647870.878761 -0.060167 1.176297 0.278424 -0.104126 0.296290 -0.113000 -0.942657
1642647870.887094 -0.061053 1.176984 0.278015 -0.103601 0.296163 -0.112527 -0.942811
1642647870.895427 -0.061959 1.177677 0.277599 -0.103089 0.296018 -0.112042 -0.942970
1642647870.903761 -0.062899 1.178371 0.277186 -0.102594 0.295817 -0.111567 -0.943143
1642647870.912094 -0.063853 1.179068 0.276780 -0.102092 0.295707 -0.111188 -0.943277
1642647870.920428 -0.064830 1.179763 0.276377 -0.101596 0.295523 -0.110740 -0.943441
1642647870.928761 -0.065833 1.180446 0.275971 -0.101088 0.295392 -0.110407 -0.943576
1642647870.937094 -0.066855 1.181119 0.275578 -0.100601 0.295331 -0.110098 -0.943683
1642647870.945428 -0.067894 1.181785 0.275192 -0.100224 0.295215 -0.109782 -0.943796
1642647870.953761 -0.068952 1.182447 0.274811 -0.099831 0.295140 -0.109545 -0.943889
1642647870.962094 -0.070032 1.183103 0.274437 -0.099470 0.295122 -0.109226 -0.943969
1642647870.970428 -0.071119 1.183750 0.274068 -0.099220 0.295128 -0.108898 -0.944032
1642647870.978761 -0.072226 1.184398 0.273688 -0.098993 0.295148 -0.108661 -0.944077
1642647870.987094 -0.073343 1.185034 0.273310 -0.098799 0.295274 -0.108497 -0.944077
1642647870.995428 -0.074471 1.185652 0.272917 -0.098568 0.295384 -0.108274 -0.944092
1642647871.003761 -0.075615 1.186270 0.272514 -0.098305 0.295451 -0.108051 -0.944124
1642647871.012094 -0.076763 1.186888 0.272105 -0.098008 0.295543 -0.107825 -0.944152
1642647871.020427 -0.077924 1.187508 0.271682 -0.097729 0.295474 -0.107616 -0.944226
1642647871.028761 -0.079094 1.188121 0.271258 -0.097366 0.295442 -0.107502 -0.944287
1642647871.037094 -0.080275 1.188726 0.270852 -0.096825 0.295326 -0.107351 -0.944396
1642647871.045428 -0.081469 1.189313 0.270460 -0.096101 0.295139 -0.107281 -0.944536
1642647871.053761 -0.082661 1.189897 0.270043 -0.095698 0.294942 -0.107245 -0.944643
1642647871.062094 -0.083844 1.190451 0.269638 -0.095424 0.294567 -0.107164 -0.944796
1642647871.070428 -0.085049 1.190989 0.269250 -0.095153 0.294184 -0.107097 -0.944951
1642647871.078761 -0.086257 1.191512 0.268871 -0.094883 0.293829 -0.107074 -0.945091
1642647871.087094 -0.087471 1.192023 0.268509 -0.094642 0.293461 -0.107078 -0.945229
1642647871.095428 -0.088693 1.192525 0.268158 -0.094458 0.293144 -0.107134 -0.945339
1642647871.103761 -0.089918 1.193004 0.267796 -0.094345 0.292832 -0.107143 -0.945446
1642647871.112094 -0.091140 1.193477 0.267443 -0.094176 0.292507 -0.107233 -0.945554
1642647871.120428 -0.092369 1.193941 0.267101 -0.094105 0.292168 -0.107250 -0.945664
1642647871.128761 -0.093606 1.194389 0.266763 -0.093990 0.291959 -0.107358 -0.945727
1642647871.137094 -0.094842 1.194829 0.266430 -0.093890 0.291801 -0.107557 -0.945764
1642647871.145427 -0.096077 1.195269 0.266102 -0.093860 0.291427 -0.107639 -0.945872
1642647871.153761 -0.097317 1.195710 0.265785 -0.093913 0.291102 -0.107741 -0.945956
1642647871.162094 -0.098544 1.196153 0.265489 -0.093941 0.290683 -0.107803 -0.946075
1642647871.170428 -0.099776 1.196589 0.265207 -0.094023 0.290286 -0.107905 -0.946177
1642647871.178761 -0.101002 1.197019 0.264944 -0.094106 0.290025 -0.108039 -0.946233
1642647871.187094 -0.102219 1.197445 0.264688 -0.094155 0.289627 -0.108169 -0.946335
1642647871.195428 -0.103441 1.197873 0.264431 -0.094219 0.289172 -0.108295 -0.946454
1642647871.203761 -0.104653 1.198303 0.264181 -0.094373 0.288659 -0.108268 -0.946598
1642647871.212094 -0.105865 1.198743 0.263935 -0.094519 0.288021 -0.108285 -0.946776
1642647871.220428 -0.107065 1.199178 0.263676 -0.094510 0.287616 -0.108359 -0.946892
1642647871.228761 -0.108251 1.199612 0.263420 -0.094583 0.287200 -0.108370 -0.947009
1642647871.237094 -0.109419 1.200054 0.263144 -0.094742 0.286736 -0.108367 -0.947134
1642647871.245428 -0.110568 1.200498 0.262844 -0.095082 0.286306 -0.108333 -0.947234
1642647871.253761 -0.111724 1.200937 0.262582 -0.095108 0.285915 -0.108220 -0.947362
1642647871.262094 -0.112871 1.201373 0.262325 -0.095126 0.285524 -0.108209 -0.947480
1642647871.270427 -0.114013 1.201810 0.262060 -0.095180 0.285145 -0.108118 -0.947599
1642647871.278761 -0.115149 1.202247 0.261803 -0.095252 0.284747 -0.108016 -0.947723
1642647871.287094 -0.116269 1.202678 0.261546 -0.095321 0.284281 -0.107867 -0.947873
1642647871.295428 -0.117382 1.203107 0.261279 -0.095336 0.283956 -0.107851 -0.947971
1642647871.303761 -0.118491 1.203538 0.261006 -0.095332 0.283600 -0.107804 -0.948083
1642647871.312094 -0.119587 1.203964 0.260745 -0.095341 0.283224 -0.107722 -0.948204
1642647871.320428 -0.120677 1.204376 0.260487 -0.095365 0.282856 -0.107615 -0.948323
1642647871.328761 -0.121748 1.204775 0.260228 -0.095409 0.282496 -0.107491 -0.948440
1642647871.337094 -0.122816 1.205174 0.259984 -0.095475 0.282096 -0.107370 -0.948566
1642647871.345428 -0.123875 1.205580 0.259748 -0.095449 0.281733 -0.107337 -0.948681
1642647871.353761 -0.124929 1.206018 0.259507 -0.095277 0.281564 -0.107612 -0.948717
1642647871.362094 -0.125984 1.206468 0.259289 -0.095204 0.281268 -0.108003 -0.948768
1642647871.370428 -0.127003 1.206836 0.259108 -0.095353 0.280679 -0.107695 -0.948962
1642647871.378761 -0.128002 1.207209 0.258927 -0.095496 0.280082 -0.107417 -0.949156
1642647871.387094 -0.128997 1.207613 0.258741 -0.095614 0.279295 -0.107169 -0.949404
1642647871.395427 -0.129985 1.207974 0.258599 -0.095769 0.278893 -0.106883 -0.949538
1642647871.403761 -0.130954 1.208363 0.258439 -0.095926 0.278293 -0.106703 -0.949719
1642647871.412094 -0.131918 1.208775 0.258286 -0.096122 0.277664 -0.106497 -0.949906
1642647871.420428 -0.132863 1.209183 0.258130 -0.096221 0.277215 -0.106339 -0.950045
1642647871.428761 -0.133794 1.209593 0.257995 -0.096389 0.276734 -0.106161 -0.950188
1642647871.437094 -0.134721 1.210015 0.257886 -0.096649 0.276130 -0.105875 -0.950369
1642647871.445428 -0.135639 1.210438 0.257796 -0.096899 0.275595 -0.105671 -0.950522
1642647871.453761 -0.136546 1.210902 0.257716 -0.097128 0.275148 -0.105446 -0.950653
1642647871.462094 -0.137440 1.211403 0.257653 -0.097346 0.274705 -0.105219 -0.950784
1642647871.470428 -0.138292 1.211870 0.257586 -0.097493 0.274265 -0.104982 -0.950922
1642647871.478761 -0.139125 1.212353 0.257525 -0.097601 0.273753 -0.104609 -0.951100
1642647871.487094 -0.139927 1.212843 0.257459 -0.097637 0.273372 -0.104264 -0.951243
1642647871.495428 -0.140720 1.213347 0.257394 -0.097603 0.273041 -0.103946 -0.951377
1642647871.503761 -0.141500 1.213847 0.257338 -0.097579 0.272630 -0.103551 -0.951540
1642647871.512094 -0.142260 1.214358 0.257289 -0.097535 0.272173 -0.103171 -0.951717
1642647871.520427 -0.143007 1.214886 0.257254 -0.097533 0.271584 -0.102726 -0.951933
1642647871.528761 -0.143730 1.215425 0.257218 -0.097545 0.271046 -0.102263 -0.952135
1642647871.537094 -0.144444 1.215967 0.257204 -0.097567 0.270469 -0.101877 -0.952338
1642647871.545428 -0.145142 1.216509 0.257201 -0.097589 0.269707 -0.101555 -0.952587
1642647871.553761 -0.145839 1.217064 0.257215 -0.097636 0.268805 -0.101238 -0.952870
1642647871.562094 -0.146514 1.217624 0.257232 -0.097657 0.267926 -0.100939 -0.953148
1642647871.570428 -0.147174 1.218171 0.257265 -0.097793 0.266930 -0.100752 -0.953433
1642647871.578761 -0.147819 1.218726 0.257315 -0.097960 0.265862 -0.100594 -0.953730
1642647871.587094 -0.148467 1.219288 0.257386 -0.098174 0.264755 -0.100382 -0.954039
1642647871.595428 -0.149115 1.219847 0.257474 -0.098449 0.263618 -0.100222 -0.954342
1642647871.603761 -0.149752 1.220402 0.257566 -0.098796 0.262558 -0.100095 -0.954612
1642647871.612094 -0.150379 1.220961 0.257676 -0.099161 0.261514 -0.099920 -0.954879
1642647871.620428 -0.151001 1.221532 0.257808 -0.099603 0.260557 -0.099778 -0.955109
1642647871.628761 -0.151611 1.222101 0.257937 -0.099973 0.259747 -0.099701 -0.955299
1642647871.637094 -0.152212 1.222669 0.258079 -0.100337 0.258948 -0.099583 -0.955490
1642647871.645427 -0.152804 1.223241 0.258221 -0.100715 0.258203 -0.099465 -0.955664
1642647871.653761 -0.153383 1.223811 0.258371 -0.101102 0.257395 -0.099359 -0.955853
1642647871.662094 -0.153953 1.224382 0.258528 -0.101466 0.256658 -0.099333 -0.956015
1642647871.670428 -0.154512 1.224949 0.258685 -0.101794 0.256016 -0.099405 -0.956144
1642647871.678761 -0.155058 1.225514 0.258844 -0.102054 0.255321 -0.099466 -0.956296
1642647871.687094 -0.155588 1.226075 0.259014 -0.102270 0.254562 -0.099440 -0.956478
1642647871.695428 -0.156093 1.226643 0.259183 -0.102397 0.253807 -0.099383 -0.956671
1642647871.703761 -0.156590 1.227207 0.259372 -0.102713 0.252931 -0.099382 -0.956869
1642647871.712094 -0.157071 1.227779 0.259566 -0.102997 0.251958 -0.099356 -0.957098
1642647871.720428 -0.157514 1.228315 0.259739 -0.102956 0.251175 -0.099481 -0.957296
1642647871.728761 -0.157927 1.228836 0.259929 -0.102934 0.250381 -0.099550 -0.957499
1642647871.737094 -0.158312 1.229352 0.260126 -0.102937 0.249587 -0.099636 -0.957697
1642647871.745428 -0.158673 1.229866 0.260343 -0.102984 0.248730 -0.099674 -0.957911
1642647871.753761 -0.159024 1.230376 0.260576 -0.103057 0.247818 -0.099673 -0.958139
1642647871.762094 -0.159349 1.230879 0.260814 -0.103119 0.246978 -0.099637 -0.958353
1642647871.770427 -0.159636 1.231380 0.261062 -0.103201 0.246158 -0.099534 -0.958566
1642647871.778761 -0.159900 1.231879 0.261329 -0.103349 0.245233 -0.099425 -0.958798
1642647871.787094 -0.160131 1.232375 0.261607 -0.103450 0.244394 -0.099272 -0.959018
1642647871.795428 -0.160328 1.232868 0.261894 -0.103572 0.243563 -0.099053 -0.959238
1642647871.803761 -0.160500 1.233371 0.262198 -0.103658 0.242719 -0.098778 -0.959472
1642647871.812094 -0.160643 1.233874 0.262515 -0.103753 0.241895 -0.098477 -0.959700
1642647871.820428 -0.160746 1.234361 0.262836 -0.103865 0.241064 -0.098133 -0.959932
1642647871.828761 -0.160820 1.234843 0.263174 -0.104034 0.240017 -0.097655 -0.960225
1642647871.837094 -0.160877 1.235328 0.263520 -0.104153 0.239101 -0.097232 -0.960484
1642647871.845428 -0.160899 1.235812 0.263878 -0.104265 0.238470 -0.096765 -0.960676
1642647871.853761 -0.160900 1.236299 0.264224 -0.104360 0.237846 -0.096317 -0.960865
1642647871.862094 -0.160891 1.236786 0.264542 -0.104484 0.236910 -0.095852 -0.961129
1642647871.870428 -0.160832 1.237262 0.264889 -0.104677 0.235945 -0.095194 -0.961411
1642647871.878761 -0.160732 1.237736 0.265252 -0.104868 0.234958 -0.094463 -0.961704
1642647871.887094 -0.160627 1.238219 0.265609 -0.105034 0.234061 -0.093841 -0.961965
1642647871.895427 -0.160496 1.238699 0.265959 -0.105142 0.233332 -0.093322 -0.962181
1642647871.903761 -0.160349 1.239183 0.266316 -0.105243 0.232574 -0.092760 -0.962408
1642647871.912094 -0.160172 1.239651 0.266688 -0.105445 0.231618 -0.092085 -0.962681
1642647871.920428 -0.159942 1.240118 0.267062 -0.105615 0.230637 -0.091351 -0.962968
1642647871.928761 -0.159686 1.240588 0.267449 -0.105924 0.229578 -0.090530 -0.963264
1642647871.937094 -0.159423 1.241069 0.267823 -0.106163 0.228687 -0.089771 -0.963521
1642647871.945428 -0.159141 1.241556 0.268197 -0.106323 0.227918 -0.089118 -0.963746
1642647871.953761 -0.158801 1.242038 0.268595 -0.106495 0.227051 -0.088246 -0.964012
1642647871.962094 -0.158439 1.242513 0.268994 -0.106733 0.226027 -0.087274 -0.964315
1642647871.970428 -0.158063 1.242989 0.269390 -0.106966 0.225137 -0.086391 -0.964577
1642647871.978761 -0.157668 1.243462 0.269786 -0.107196 0.224254 -0.085500 -0.964836
1642647871.987094 -0.157241 1.243933 0.270186 -0.107276 0.223615 -0.084683 -0.965048
1642647871.995428 -0.156784 1.244400 0.270598 -0.107403 0.222993 -0.083832 -0.965252
1642647872.003761 -0.156297 1.244843 0.271027 -0.107690 0.222155 -0.082804 -0.965502
1642647872.012094 -0.155801 1.245285 0.271449 -0.107872 0.221414 -0.081843 -0.965733
1642647872.020427 -0.155282 1.245719 0.271887 -0.108151 0.220593 -0.080844 -0.965974
1642647872.028761 -0.154737 1.246141 0.272337 -0.108341 0.219953 -0.079889 -0.966178
1642647872.037094 -0.154166 1.246547 0.272793 -0.108524 0.219358 -0.078952 -0.966370
1642647872.045428 -0.153577 1.246948 0.273260 -0.108680 0.218649 -0.077994 -0.966591
1642647872.053761 -0.152976 1.247336 0.273743 -0.108911 0.217850 -0.077044 -0.966821
1642647872.062094 -0.152353 1.247717 0.274248 -0.109036 0.217254 -0.076125 -0.967014
1642647872.070428 -0.151715 1.248092 0.274759 -0.109122 0.216578 -0.075274 -0.967223
1642647872.078761 -0.151060 1.248451 0.275281 -0.109107 0.216017 -0.074491 -0.967411
1642647872.087094 -0.150389 1.248790 0.275833 -0.109343 0.215100 -0.073542 -0.967661
1642647872.095428 -0.149713 1.249130 0.276390 -0.109512 0.214267 -0.072701 -0.967890
1642647872.103761 -0.149013 1.249459 0.276961 -0.109624 0.213549 -0.071884 -0.968097
1642647872.112094 -0.148306 1.249781 0.277546 -0.109740 0.212925 -0.071088 -0.968280
1642647872.120428 -0.147576 1.250096 0.278157 -0.109894 0.212262 -0.070248 -0.968470
1642647872.128761 -0.146841 1.250403 0.278785 -0.110009 0.211552 -0.069432 -0.968671
1642647872.137094 -0.146081 1.250700 0.279431 -0.110139 0.210924 -0.068559 -0.968855
1642647872.145427 -0.145310 1.250982 0.280100 -0.110269 0.210438 -0.067711 -0.969006
1642647872.153761 -0.144517 1.251243 0.280785 -0.110431 0.209948 -0.066818 -0.969155
1642647872.162094 -0.143715 1.251484 0.281481 -0.110614 0.209334 -0.065909 -0.969329
1642647872.170428 -0.142898 1.251713 0.282210 -0.110823 0.208732 -0.064935 -0.969501
1642647872.178761 -0.142071 1.251916 0.282958 -0.110997 0.208331 -0.064005 -0.969629
1642647872.187094 -0.141227 1.252098 0.283734 -0.111259 0.207870 -0.063029 -0.969762
1642647872.195428 -0.140369 1.252266 0.284536 -0.111587 0.207467 -0.062063 -0.969873
1642647872.203761 -0.139495 1.252422 0.285362 -0.111957 0.207057 -0.061087 -0.969980
1642647872.212094 -0.138614 1.252567 0.286208 -0.112437 0.206582 -0.060078 -0.970089
1642647872.220428 -0.137718 1.252701 0.287068 -0.112839 0.206308 -0.059128 -0.970159
1642647872.228761 -0.136812 1.252810 0.287947 -0.113358 0.206062 -0.058194 -0.970207
1642647872.237094 -0.135881 1.252884 0.288849 -0.114060 0.205546 -0.057102 -0.970299
1642647872.245428 -0.134949 1.252947 0.289757 -0.114693 0.205181 -0.056118 -0.970359
1642647872.253761 -0.134011 1.253000 0.290675 -0.115327 0.204893 -0.055151 -0.970400
1642647872.262094 -0.133080 1.253049 0.291614 -0.116056 0.204468 -0.054179 -0.970458
1642647872.270427 -0.132143 1.253069 0.292563 -0.116785 0.204264 -0.053291 -0.970463
1642647872.278761 -0.131198 1.253082 0.293522 -0.117476 0.204085 -0.052429 -0.970464
1642647872.287094 -0.130243 1.253083 0.294497 -0.118183 0.203912 -0.051522 -0.970463
1642647872.295428 -0.129273 1.253060 0.295482 -0.119044 0.203687 -0.050600 -0.970454
1642647872.303761 -0.128299 1.253035 0.296464 -0.119805 0.203633 -0.049850 -0.970410
1642647872.312094 -0.127300 1.253002 0.297447 -0.120625 0.203552 -0.048994 -0.970369
1642647872.320428 -0.126298 1.252964 0.298406 -0.121495 0.203428 -0.048184 -0.970327
1642647872.328761 -0.125275 1.252911 0.299358 -0.122366 0.203218 -0.047295 -0.970305
1642647872.337094 -0.124256 1.252858 0.300286 -0.123198 0.203060 -0.046457 -0.970273
1642647872.345428 -0.123210 1.252779 0.301202 -0.124054 0.202751 -0.045586 -0.970271
1642647872.353761 -0.122167 1.252708 0.302090 -0.124719 0.202593 -0.044827 -0.970253
1642647872.362094 -0.121104 1.252627 0.302968 -0.125369 0.202343 -0.044048 -0.970258
1642647872.370428 -0.120017 1.252523 0.303840 -0.126001 0.201940 -0.043153 -0.970300
1642647872.378761 -0.118921 1.252411 0.304699 -0.126500 0.201533 -0.042372 -0.970354
1642647872.387094 -0.117810 1.252285 0.305550 -0.126979 0.200985 -0.041527 -0.970442
1642647872.395427 -0.116695 1.252145 0.306397 -0.127359 0.200442 -0.040780 -0.970536
1642647872.403761 -0.115563 1.251971 0.307252 -0.127855 0.199606 -0.039879 -0.970680
1642647872.412094 -0.114445 1.251789 0.308094 -0.128236 0.198874 -0.039132 -0.970811
1642647872.420428 -0.113323 1.251593 0.308934 -0.128627 0.198096 -0.038452 -0.970945
1642647872.428761 -0.112186 1.251372 0.309783 -0.129078 0.197226 -0.037732 -0.971091
1642647872.437094 -0.111043 1.251128 0.310645 -0.129538 0.196212 -0.037020 -0.971262
1642647872.445428 -0.109903 1.250855 0.311509 -0.130198 0.195043 -0.036210 -0.971440
1642647872.453761 -0.108776 1.250575 0.312378 -0.130725 0.194173 -0.035612 -0.971566
1642647872.462094 -0.107637 1.250267 0.313255 -0.131456 0.193043 -0.034919 -0.971717
1642647872.470428 -0.106510 1.249968 0.314131 -0.132207 0.192110 -0.034338 -0.971821
1642647872.478761 -0.105394 1.249644 0.315001 -0.133041 0.191075 -0.033669 -0.971935
1642647872.487094 -0.104260 1.249292 0.315885 -0.134040 0.189932 -0.032880 -0.972048
1642647872.495428 -0.103132 1.248961 0.316778 -0.134904 0.189308 -0.032420 -0.972066
1642647872.503761 -0.102018 1.248618 0.317666 -0.135827 0.188578 -0.031845 -0.972098
1642647872.512094 -0.100892 1.248261 0.318553 -0.136857 0.187705 -0.031243 -0.972142
1642647872.520427 -0.099773 1.247896 0.319434 -0.137934 0.186735 -0.030524 -0.972200
1642647872.528761 -0.098656 1.247539 0.320324 -0.138858 0.186102 -0.029998 -0.972206
1642647872.537094 -0.097529 1.247173 0.321224 -0.139804 0.185527 -0.029493 -0.972196
1642647872.545428 -0.096390 1.246790 0.322133 -0.140819 0.184706 -0.028859 -0.972225
1642647872.553761 -0.095246 1.246406 0.323046 -0.141855 0.183949 -0.028271 -0.972235
1642647872.562094 -0.094106 1.246020 0.323965 -0.142877 0.183269 -0.027747 -0.972229
1642647872.570428 -0.092964 1.245631 0.324886 -0.143806 0.182652 -0.027250 -0.972222
1642647872.578761 -0.091792 1.245212 0.325826 -0.144852 0.181739 -0.026469 -0.972259
1642647872.587094 -0.090625 1.244789 0.326759 -0.145866 0.180965 -0.025811 -0.972270
1642647872.595428 -0.089452 1.244364 0.327689 -0.146852 0.180088 -0.025102 -0.972303
1642647872.603761 -0.088265 1.243917 0.328633 -0.147908 0.179102 -0.024343 -0.972344
1642647872.612094 -0.087079 1.243476 0.329562 -0.148807 0.178303 -0.023682 -0.972370
1642647872.620428 -0.085889 1.243014 0.330485 -0.149573 0.177578 -0.023055 -0.972400
1642647872.628761 -0.084698 1.242555 0.331396 -0.150213 0.177048 -0.022538 -0.972410
1642647872.637094 -0.083494 1.242089 0.332302 -0.150723 0.176566 -0.022055 -0.972430
1642647872.645427 -0.082296 1.241619 0.333213 -0.151329 0.175877 -0.021375 -0.972476
1642647872.653761 -0.081143 1.241218 0.334167 -0.152964 0.173987 -0.020288 -0.972584
1642647872.662094 -0.079956 1.240775 0.335065 -0.153721 0.173132 -0.019652 -0.972630
1642647872.670428 -0.078762 1.240321 0.335955 -0.154380 0.172409 -0.019049 -0.972666
1642647872.678761 -0.077558 1.239859 0.336829 -0.155010 0.171675 -0.018441 -0.972707
1642647872.687094 -0.076368 1.239409 0.337714 -0.155850 0.170756 -0.017767 -0.972747
1642647872.695428 -0.075175 1.238955 0.338591 -0.156675 0.169879 -0.017172 -0.972779
1642647872.703761 -0.073992 1.238510 0.339467 -0.157543 0.168992 -0.016622 -0.972803
1642647872.712094 -0.072795 1.238049 0.340322 -0.158136 0.168341 -0.016095 -0.972828
1642647872.720428 -0.071581 1.237584 0.341157 -0.158394 0.168192 -0.015789 -0.972817
1642647872.728761 -0.070405 1.237171 0.342036 -0.159562 0.166826 -0.014983 -0.972874
1642647872.737094 -0.069243 1.236788 0.342927 -0.161059 0.165038 -0.013958 -0.972948
1642647872.745428 -0.068038 1.236362 0.343772 -0.161650 0.164429 -0.013416 -0.972961
1642647872.753761 -0.066836 1.235945 0.344611 -0.162269 0.163838 -0.012799 -0.972966
1642647872.762094 -0.065673 1.235587 0.345487 -0.163693 0.162175 -0.011764 -0.973019
1642647872.770427 -0.064491 1.235197 0.346328 -0.164522 0.161349 -0.011001 -0.973025
1642647872.778761 -0.063277 1.234771 0.347160 -0.165139 0.160724 -0.010212 -0.973033
1642647872.787094 -0.062067 1.234344 0.347969 -0.165350 0.160693 -0.009656 -0.973008
1642647872.795428 -0.060891 1.233951 0.348808 -0.166217 0.159817 -0.008768 -0.973013
1642647872.803761 -0.059711 1.233556 0.349646 -0.167046 0.158922 -0.007902 -0.973025
1642647872.812094 -0.058546 1.233185 0.350498 -0.168236 0.157564 -0.006890 -0.973048
1642647872.820428 -0.057398 1.232833 0.351365 -0.169626 0.155860 -0.005755 -0.973089
1642647872.828761 -0.056229 1.232454 0.352193 -0.170425 0.154992 -0.004855 -0.973093
1642647872.837094 -0.055058 1.232064 0.353003 -0.170866 0.154569 -0.004149 -0.973086
1642647872.845428 -0.053896 1.231668 0.353806 -0.171400 0.154060 -0.003469 -0.973075
1642647872.853761 -0.052758 1.231314 0.354638 -0.172530 0.152708 -0.002424 -0.973092
1642647872.862094 -0.051603 1.230927 0.355408 -0.172653 0.152694 -0.001937 -0.973073
1642647872.870428 -0.050479 1.230589 0.356229 -0.173745 0.151354 -0.000923 -0.973090
1642647872.878761 -0.049348 1.230247 0.357044 -0.174865 0.149918 0.000177 -0.973112
1642647872.887094 -0.048190 1.229875 0.357802 -0.175079 0.149775 0.000670 -0.973095
1642647872.895427 -0.047055 1.229532 0.358584 -0.175824 0.148921 0.001447 -0.973091
1642647872.903761 -0.045927 1.229196 0.359362 -0.176511 0.148046 0.002223 -0.973099
1642647872.912094 -0.044802 1.228862 0.360135 -0.177186 0.147110 0.003037 -0.973116
1642647872.920428 -0.043676 1.228529 0.360896 -0.177831 0.146306 0.003812 -0.973117
1642647872.928761 -0.042553 1.228203 0.361653 -0.178430 0.145453 0.004590 -0.973132
1642647872.937094 -0.041431 1.227876 0.362399 -0.179076 0.144510 0.005365 -0.973149
1642647872.945428 -0.040316 1.227545 0.363141 -0.179648 0.143674 0.006027 -0.973164
1642647872.953761 -0.039199 1.227211 0.363863 -0.180236 0.142795 0.006754 -0.973180
1642647872.962094 -0.038081 1.226869 0.364591 -0.180909 0.141737 0.007477 -0.973204
1642647872.970428 -0.036973 1.226519 0.365305 -0.181539 0.140785 0.008140 -0.973220
1642647872.978761 -0.035856 1.226169 0.366006 -0.182153 0.139812 0.008799 -0.973240
1642647872.987094 -0.034745 1.225819 0.366697 -0.182728 0.138873 0.009406 -0.973261
1642647872.995428 -0.033626 1.225447 0.367364 -0.183258 0.137985 0.010018 -0.973281
1642647873.003761 -0.032501 1.225078 0.368024 -0.183839 0.136960 0.010705 -0.973309
1642647873.012094 -0.031433 1.224780 0.368723 -0.184704 0.135734 0.011396 -0.973309
1642647873.020427 -0.030330 1.224433 0.369376 -0.185485 0.134416 0.012199 -0.973334
1642647873.028761 -0.029188 1.224031 0.369963 -0.185360 0.134317 0.012558 -0.973367
1642647873.037094 -0.028105 1.223705 0.370587 -0.185796 0.133560 0.013084 -0.973381
1642647873.045428 -0.026999 1.223350 0.371183 -0.186265 0.132667 0.013731 -0.973405
1642647873.053761 -0.025929 1.223050 0.371809 -0.186753 0.131859 0.014278 -0.973413
1642647873.062094 -0.024848 1.222717 0.372390 -0.187141 0.131143 0.014811 -0.973427
1642647873.070428 -0.023762 1.222390 0.372967 -0.187603 0.130342 0.015363 -0.973437
1642647873.078761 -0.022686 1.222068 0.373538 -0.188042 0.129564 0.015953 -0.973447
1642647873.087094 -0.021598 1.221731 0.374086 -0.188469 0.128788 0.016525 -0.973458
1642647873.095428 -0.020515 1.221396 0.374627 -0.188857 0.128063 0.017081 -0.973469
1642647873.103761 -0.019467 1.221123 0.375205 -0.189246 0.127433 0.017566 -0.973467
1642647873.112094 -0.018392 1.220798 0.375740 -0.189635 0.126717 0.018122 -0.973475
1642647873.120428 -0.017307 1.220447 0.376256 -0.190013 0.125916 0.018751 -0.973493
1642647873.128761 -0.016248 1.220132 0.376811 -0.190399 0.125273 0.019327 -0.973489
1642647873.137094 -0.015189 1.219814 0.377363 -0.190794 0.124652 0.019828 -0.973482
1642647873.145427 -0.014137 1.219506 0.377926 -0.191198 0.124066 0.020376 -0.973466
1642647873.153761 -0.013096 1.219208 0.378507 -0.191605 0.123480 0.020899 -0.973449
1642647873.162094 -0.011991 1.218826 0.379035 -0.192266 0.122107 0.022044 -0.973467
1642647873.170428 -0.010855 1.218400 0.379539 -0.193035 0.120282 0.023570 -0.973506
1642647873.178761 -0.009806 1.218083 0.380117 -0.193301 0.120175 0.023731 -0.973463
1642647873.187094 -0.008725 1.217716 0.380670 -0.193925 0.119128 0.024686 -0.973444
1642647873.195428 -0.007664 1.217377 0.381240 -0.194463 0.118184 0.025549 -0.973429
1642647873.203761 -0.006633 1.217083 0.381831 -0.194648 0.118204 0.025595 -0.973388
1642647873.212094 -0.005537 1.216685 0.382345 -0.195166 0.117145 0.026580 -0.973386
1642647873.220428 -0.004449 1.216306 0.382878 -0.195771 0.115697 0.027810 -0.973404
1642647873.228761 -0.003404 1.215977 0.383433 -0.196028 0.115248 0.028231 -0.973393
1642647873.237094 -0.002354 1.215646 0.383977 -0.196287 0.114803 0.028637 -0.973382
1642647873.245428 -0.001282 1.215277 0.384495 -0.196766 0.113587 0.029607 -0.973398
1642647873.253761 -0.000242 1.214942 0.385017 -0.197060 0.113105 0.030028 -0.973382
1642647873.262094 0.000849 1.214559 0.385506 -0.197591 0.111583 0.031244 -0.973412
1642647873.270427 0.001907 1.214212 0.386010 -0.197811 0.110949 0.031619 -0.973428
1642647873.278761 0.002965 1.213862 0.386500 -0.198039 0.110388 0.031970 -0.973434
1642647873.287094 0.004064 1.213460 0.386966 -0.198526 0.108914 0.033032 -0.973465
1642647873.295428 0.005133 1.213076 0.387429 -0.198809 0.107973 0.033633 -0.973492
1642647873.303761 0.006197 1.212696 0.387886 -0.199041 0.107054 0.034268 -0.973523
1642647873.312094 0.007281 1.212309 0.388344 -0.199253 0.106188 0.034822 -0.973555
1642647873.320428 0.008364 1.211909 0.388791 -0.199483 0.105287 0.035349 -0.973587
1642647873.328761 0.009456 1.211503 0.389231 -0.199705 0.104318 0.035869 -0.973627
1642647873.337094 0.010554 1.211098 0.389668 -0.199884 0.103500 0.036370 -0.973659
1642647873.345428 0.011659 1.210680 0.390100 -0.200113 0.102620 0.036863 -0.973686
1642647873.353761 0.012766 1.210254 0.390528 -0.200349 0.101718 0.037315 -0.973715
1642647873.362094 0.013881 1.209817 0.390938 -0.200644 0.100907 0.037758 -0.973722
1642647873.370428 0.014998 1.209373 0.391344 -0.200897 0.100063 0.038204 -0.973739
1642647873.378761 0.016121 1.208926 0.391758 -0.201222 0.099222 0.038647 -0.973741
1642647873.387094 0.017247 1.208475 0.392173 -0.201615 0.098400 0.039096 -0.973725
1642647873.395427 0.018384 1.208013 0.392586 -0.202088 0.097497 0.039548 -0.973700
1642647873.403761 0.019530 1.207543 0.393009 -0.202483 0.096851 0.039882 -0.973668
1642647873.412094 0.020677 1.207065 0.393418 -0.202932 0.096195 0.040149 -0.973629
1642647873.420428 0.021848 1.206562 0.393797 -0.203580 0.094754 0.040871 -0.973605
1642647873.428761 0.023019 1.206059 0.394198 -0.204109 0.093881 0.041322 -0.973560
1642647873.437094 0.024193 1.205552 0.394595 -0.204608 0.092919 0.041781 -0.973528
1642647873.445428 0.025381 1.205033 0.394991 -0.205143 0.091938 0.042220 -0.973489
1642647873.453761 0.026564 1.204518 0.395376 -0.205638 0.091081 0.042658 -0.973446
1642647873.462094 0.027746 1.203996 0.395767 -0.206111 0.090144 0.043115 -0.973413
1642647873.470428 0.028941 1.203471 0.396163 -0.206599 0.089177 0.043577 -0.973378
1642647873.478761 0.030139 1.202949 0.396558 -0.207084 0.088231 0.044056 -0.973340
1642647873.487094 0.031337 1.202424 0.396943 -0.207539 0.087210 0.044590 -0.973311
1642647873.495428 0.032543 1.201908 0.397317 -0.208017 0.086179 0.045090 -0.973277
1642647873.503761 0.033753 1.201390 0.397687 -0.208452 0.085239 0.045583 -0.973244
1642647873.512094 0.034970 1.200860 0.398061 -0.208921 0.084093 0.046260 -0.973211
1642647873.520427 0.036171 1.200346 0.398446 -0.209326 0.083140 0.046769 -0.973182
1642647873.528761 0.037350 1.199871 0.398835 -0.209495 0.082910 0.046632 -0.973172
1642647873.537094 0.038600 1.199313 0.399186 -0.210070 0.081306 0.047679 -0.973132
1642647873.545428 0.039818 1.198796 0.399555 -0.210460 0.080267 0.048187 -0.973109
1642647873.553761 0.041043 1.198279 0.399920 -0.210890 0.079240 0.048732 -0.973073
1642647873.562094 0.042272 1.197760 0.400285 -0.211302 0.078132 0.049244 -0.973048
1642647873.570428 0.043496 1.197255 0.400658 -0.211630 0.077142 0.049703 -0.973032
1642647873.578761 0.044726 1.196750 0.401040 -0.212060 0.076151 0.050291 -0.972986
1642647873.587094 0.045958 1.196242 0.401412 -0.212503 0.075100 0.050770 -0.972947
1642647873.595428 0.047192 1.195737 0.401784 -0.212970 0.074014 0.051283 -0.972901
1642647873.603761 0.048428 1.195234 0.402155 -0.213450 0.072946 0.051796 -0.972849
1642647873.612094 0.049666 1.194752 0.402534 -0.213867 0.071856 0.052359 -0.972808
1642647873.620428 0.050918 1.194244 0.402903 -0.214385 0.070578 0.053119 -0.972747
1642647873.628761 0.052167 1.193733 0.403268 -0.214827 0.069386 0.053794 -0.972698
1642647873.637094 0.053384 1.193268 0.403635 -0.215098 0.068740 0.053899 -0.972678
1642647873.645427 0.054619 1.192773 0.403985 -0.215445 0.067817 0.054414 -0.972637
1642647873.653761 0.055858 1.192271 0.404324 -0.215786 0.066832 0.054911 -0.972602
1642647873.662094 0.057108 1.191740 0.404637 -0.216226 0.065525 0.055575 -0.972556
1642647873.670428 0.058357 1.191206 0.404946 -0.216568 0.064277 0.056227 -0.972525
1642647873.678761 0.059577 1.190716 0.405263 -0.216718 0.063585 0.056305 -0.972533
1642647873.687094 0.060821 1.190183 0.405554 -0.217069 0.062398 0.056884 -0.972498
1642647873.695428 0.062064 1.189651 0.405847 -0.217417 0.061154 0.057449 -0.972466
1642647873.703761 0.063286 1.189151 0.406139 -0.217589 0.060322 0.057666 -0.972466
1642647873.712094 0.064523 1.188627 0.406409 -0.217957 0.058975 0.058351 -0.972426
1642647873.720428 0.065740 1.188153 0.406695 -0.218155 0.058307 0.058467 -0.972415
1642647873.728761 0.066982 1.187639 0.406949 -0.218435 0.057195 0.059009 -0.972385
1642647873.737094 0.068218 1.187135 0.407199 -0.218788 0.055990 0.059642 -0.972337
1642647873.745428 0.069431 1.186674 0.407456 -0.219008 0.055217 0.059915 -0.972315
1642647873.753761 0.070669 1.186184 0.407687 -0.219369 0.054095 0.060537 -0.972258
1642647873.762094 0.071874 1.185735 0.407916 -0.219569 0.053456 0.060699 -0.972238
1642647873.770427 0.073103 1.185243 0.408131 -0.219946 0.052236 0.061383 -0.972177
1642647873.778761 0.074323 1.184750 0.408336 -0.220279 0.051175 0.062007 -0.972118
1642647873.787094 0.075535 1.184287 0.408547 -0.220485 0.050521 0.062243 -0.972091
1642647873.795428 0.076773 1.183787 0.408738 -0.220881 0.049201 0.063100 -0.972013
1642647873.803761 0.077997 1.183319 0.408930 -0.221115 0.048231 0.063544 -0.971979
1642647873.812094 0.079217 1.182861 0.409116 -0.221262 0.047418 0.063891 -0.971963
1642647873.820428 0.080418 1.182425 0.409316 -0.221374 0.046740 0.064008 -0.971963
1642647873.828761 0.081646 1.181930 0.409500 -0.221616 0.045576 0.064580 -0.971925
1642647873.837094 0.082889 1.181422 0.409676 -0.221897 0.044338 0.065262 -0.971873
1642647873.845428 0.084105 1.180961 0.409874 -0.222100 0.043468 0.065513 -0.971849
1642647873.853761 0.085306 1.180496 0.410097 -0.222083 0.042489 0.065928 -0.971868
1642647873.862094 0.086521 1.179994 0.410323 -0.222066 0.041037 0.066987 -0.971862
1642647873.870428 0.087741 1.179539 0.410530 -0.222385 0.040203 0.067186 -0.971810
1642647873.878761 0.088949 1.179080 0.410734 -0.222622 0.039502 0.067377 -0.971771
1642647873.887094 0.090174 1.178592 0.410928 -0.223002 0.038417 0.067979 -0.971686
1642647873.895427 0.091379 1.178142 0.411146 -0.223337 0.037644 0.068295 -0.971617
1642647873.903761 0.092608 1.177639 0.411342 -0.223793 0.036412 0.069103 -0.971502
1642647873.912094 0.093807 1.177169 0.411549 -0.224175 0.035751 0.069433 -0.971415
1642647873.920428 0.095013 1.176714 0.411775 -0.224619 0.035090 0.069755 -0.971313
1642647873.928761 0.096246 1.176222 0.411997 -0.225199 0.034028 0.070458 -0.971166
1642647873.937094 0.097456 1.175759 0.412228 -0.225598 0.033423 0.070882 -0.971063
1642647873.945428 0.098697 1.175251 0.412440 -0.226275 0.032207 0.071823 -0.970878
1642647873.953761 0.099922 1.174775 0.412670 -0.226717 0.031632 0.072110 -0.970773
1642647873.962094 0.101136 1.174297 0.412885 -0.227044 0.031143 0.072489 -0.970684
1642647873.970428 0.102384 1.173767 0.413079 -0.227594 0.029978 0.073467 -0.970518
1642647873.978761 0.103620 1.173256 0.413274 -0.228054 0.029088 0.074117 -0.970388
1642647873.987094 0.104858 1.172737 0.413463 -0.228413 0.028383 0.074659 -0.970282
1642647873.995428 0.106086 1.172208 0.413651 -0.228898 0.027494 0.075236 -0.970149
1642647874.003761 0.107318 1.171664 0.413843 -0.229329 0.026620 0.075787 -0.970029
1642647874.012094 0.108548 1.171120 0.414034 -0.229707 0.025797 0.076363 -0.969917
1642647874.020427 0.109786 1.170570 0.414227 -0.230110 0.024782 0.077052 -0.969793
1642647874.028761 0.111022 1.170017 0.414422 -0.230508 0.023829 0.077670 -0.969673
1642647874.037094 0.112253 1.169470 0.414625 -0.230831 0.022888 0.078350 -0.969564
1642647874.045428 0.113488 1.168926 0.414835 -0.231137 0.021999 0.078984 -0.969460
1642647874.053761 0.114712 1.168398 0.415040 -0.231400 0.021361 0.079455 -0.969373
1642647874.062094 0.115930 1.167876 0.415248 -0.231689 0.020668 0.080027 -0.969272
1642647874.070428 0.117179 1.167309 0.415442 -0.232073 0.019423 0.081106 -0.969116
1642647874.078761 0.118405 1.166766 0.415644 -0.232370 0.018648 0.081848 -0.968998
1642647874.087094 0.119624 1.166221 0.415851 -0.232710 0.017795 0.082645 -0.968865
1642647874.095428 0.120843 1.165674 0.416063 -0.233081 0.016957 0.083417 -0.968724
1642647874.103761 0.122063 1.165135 0.416278 -0.233501 0.016205 0.084195 -0.968569
1642647874.112094 0.123279 1.164597 0.416489 -0.233917 0.015381 0.085099 -0.968403
1642647874.120428 0.124488 1.164066 0.416706 -0.234303 0.014531 0.085923 -0.968250
1642647874.128761 0.125679 1.163531 0.416932 -0.234703 0.013794 0.086769 -0.968089
1642647874.137094 0.126853 1.162996 0.417159 -0.235189 0.012976 0.087673 -0.967900
1642647874.145427 0.128035 1.162483 0.417380 -0.235675 0.012132 0.088483 -0.967719
1642647874.153761 0.129212 1.161967 0.417601 -0.236127 0.011359 0.089232 -0.967550
1642647874.162094 0.130374 1.161468 0.417813 -0.236527 0.010506 0.090055 -0.967386
1642647874.170428 0.131520 1.160973 0.418021 -0.236953 0.009619 0.090870 -0.967214
1642647874.178761 0.132659 1.160476 0.418228 -0.237324 0.008759 0.091573 -0.967065
1642647874.187094 0.133784 1.159992 0.418431 -0.237665 0.007953 0.092253 -0.966924
1642647874.195428 0.134896 1.159509 0.418625 -0.238013 0.007139 0.092930 -0.966779
1642647874.203761 0.136004 1.159029 0.418813 -0.238376 0.006189 0.093609 -0.966631
1642647874.212094 0.137096 1.158567 0.419000 -0.238723 0.005313 0.094181 -0.966495
1642647874.220428 0.138178 1.158123 0.419189 -0.239013 0.004470 0.094775 -0.966370
1642647874.228761 0.139242 1.157686 0.419362 -0.239258 0.003662 0.095286 -0.966262
1642647874.237094 0.140293 1.157267 0.419531 -0.239472 0.002719 0.095776 -0.966164
1642647874.245428 0.141331 1.156873 0.419697 -0.239643 0.001729 0.096314 -0.966070
1642647874.253761 0.142359 1.156490 0.419852 -0.239813 0.000923 0.096731 -0.965988
1642647874.262094 0.143379 1.156110 0.419994 -0.239988 0.000018 0.097176 -0.965900
1642647874.270427 0.144383 1.155742 0.420131 -0.240122 -0.000874 0.097520 -0.965832
1642647874.278761 0.145373 1.155404 0.420271 -0.240161 -0.001645 0.097719 -0.965801
1642647874.287094 0.146346 1.155079 0.420401 -0.240270 -0.002385 0.097876 -0.965756
1642647874.295428 0.147340 1.154718 0.420500 -0.240442 -0.003619 0.098501 -0.965646
1642647874.303761 0.148295 1.154404 0.420612 -0.240409 -0.004470 0.098846 -0.965615
1642647874.312094 0.149234 1.154096 0.420721 -0.240478 -0.005440 0.099200 -0.965557
1642647874.320428 0.150162 1.153795 0.420823 -0.240548 -0.006310 0.099478 -0.965506
1642647874.328761 0.151083 1.153502 0.420925 -0.240539 -0.006974 0.099652 -0.965485
1642647874.337094 0.152003 1.153226 0.421037 -0.240541 -0.007678 0.099891 -0.965455
1642647874.345428 0.152919 1.152956 0.421146 -0.240529 -0.008477 0.100182 -0.965421
1642647874.353761 0.153819 1.152694 0.421260 -0.240494 -0.009193 0.100464 -0.965394
1642647874.362094 0.154720 1.152435 0.421379 -0.240465 -0.009827 0.100655 -0.965375
1642647874.370428 0.155598 1.152201 0.421513 -0.240298 -0.010174 0.100725 -0.965406
1642647874.378761 0.156473 1.151963 0.421649 -0.240189 -0.010620 0.100848 -0.965415
1642647874.387094 0.157368 1.151673 0.421760 -0.240297 -0.011549 0.101392 -0.965321
1642647874.395427 0.158254 1.151418 0.421886 -0.240255 -0.012034 0.101612 -0.965302
1642647874.403761 0.159132 1.151165 0.422019 -0.240173 -0.012608 0.101869 -0.965288
1642647874.412094 0.160008 1.150906 0.422152 -0.240114 -0.013152 0.102069 -0.965274
1642647874.420428 0.160884 1.150649 0.422290 -0.240058 -0.013686 0.102251 -0.965261
1642647874.428761 0.161752 1.150390 0.422433 -0.240086 -0.014300 0.102441 -0.965225
1642647874.437094 0.162621 1.150128 0.422579 -0.240097 -0.014911 0.102598 -0.965197
1642647874.445428 0.163475 1.149881 0.422738 -0.240013 -0.015321 0.102543 -0.965217
1642647874.453761 0.164333 1.149625 0.422896 -0.239995 -0.015870 0.102499 -0.965217
1642647874.462094 0.165208 1.149323 0.423029 -0.240149 -0.016931 0.102933 -0.965115
1642647874.470428 0.166062 1.149048 0.423178 -0.240205 -0.017609 0.102994 -0.965082
1642647874.478761 0.166899 1.148793 0.423349 -0.240202 -0.018127 0.102938 -0.965079
1642647874.487094 0.167739 1.148525 0.423527 -0.240261 -0.018590 0.102841 -0.965066
1642647874.495428 0.168623 1.148181 0.423667 -0.240542 -0.019558 0.103189 -0.964940
1642647874.503761 0.169466 1.147875 0.423843 -0.240763 -0.020178 0.103269 -0.964864
1642647874.512094 0.170312 1.147564 0.424028 -0.240906 -0.020718 0.103308 -0.964812
1642647874.520427 0.171157 1.147240 0.424213 -0.241019 -0.021170 0.103407 -0.964764
1642647874.528761 0.172000 1.146912 0.424398 -0.241233 -0.021797 0.103620 -0.964673
1642647874.537094 0.172836 1.146583 0.424584 -0.241417 -0.022372 0.103724 -0.964603
1642647874.545428 0.173656 1.146252 0.424766 -0.241550 -0.022826 0.103834 -0.964547
1642647874.553761 0.174483 1.145906 0.424941 -0.241687 -0.023300 0.103926 -0.964491
1642647874.562094 0.175304 1.145566 0.425116 -0.241797 -0.023733 0.103957 -0.964450
1642647874.570428 0.176114 1.145219 0.425281 -0.241919 -0.024177 0.103974 -0.964407
1642647874.578761 0.176917 1.144873 0.425443 -0.242029 -0.024711 0.103987 -0.964364
1642647874.587094 0.177713 1.144532 0.425603 -0.242097 -0.025189 0.103976 -0.964336
1642647874.595428 0.178509 1.144186 0.425765 -0.242173 -0.025677 0.103989 -0.964303
1642647874.603761 0.179308 1.143834 0.425927 -0.242280 -0.026206 0.103904 -0.964270
1642647874.612094 0.180093 1.143482 0.426090 -0.242397 -0.026880 0.103869 -0.964226
1642647874.620428 0.180863 1.143131 0.426246 -0.242509 -0.027484 0.103774 -0.964191
1642647874.628761 0.181639 1.142770 0.426402 -0.242641 -0.028109 0.103647 -0.964154
1642647874.637094 0.182410 1.142406 0.426558 -0.242827 -0.028847 0.103553 -0.964095
1642647874.645427 0.183162 1.142052 0.426717 -0.242969 -0.029409 0.103418 -0.964057
1642647874.653761 0.183912 1.141698 0.426877 -0.243149 -0.029964 0.103250 -0.964012
1642647874.662094 0.184654 1.141340 0.427044 -0.243296 -0.030544 0.103094 -0.963974
1642647874.670428 0.185397 1.140976 0.427208 -0.243490 -0.031153 0.103001 -0.963915
1642647874.678761 0.186117 1.140635 0.427393 -0.243571 -0.031489 0.102728 -0.963913
1642647874.687094 0.186816 1.140296 0.427579 -0.243723 -0.031785 0.102453 -0.963894
1642647874.695428 0.187559 1.139888 0.427725 -0.244024 -0.032642 0.102613 -0.963773
1642647874.703761 0.188255 1.139492 0.427898 -0.244120 -0.033259 0.102558 -0.963733
1642647874.712094 0.188921 1.139071 0.428071 -0.244200 -0.034089 0.102681 -0.963671
1642647874.720428 0.189609 1.138728 0.428265 -0.244343 -0.034502 0.102416 -0.963648
1642647874.728761 0.190321 1.138407 0.428478 -0.244475 -0.034683 0.101962 -0.963656
1642647874.737094 0.191067 1.138014 0.428658 -0.244667 -0.035258 0.101741 -0.963610
1642647874.745428 0.191766 1.137613 0.428850 -0.244781 -0.035814 0.101538 -0.963582
1642647874.753761 0.192461 1.137216 0.429047 -0.244882 -0.036416 0.101292 -0.963559
1642647874.762094 0.193145 1.136818 0.429249 -0.245007 -0.037130 0.101054 -0.963525
1642647874.770427 0.193830 1.136403 0.429449 -0.245188 -0.037804 0.100808 -0.963479
1642647874.778761 0.194511 1.135981 0.429662 -0.245255 -0.038441 0.100611 -0.963457
1642647874.787094 0.195193 1.135562 0.429890 -0.245386 -0.039191 0.100389 -0.963417
1642647874.795428 0.195872 1.135129 0.430118 -0.245531 -0.039835 0.100096 -0.963384
1642647874.803761 0.196541 1.134680 0.430355 -0.245633 -0.040379 0.099799 -0.963366
1642647874.812094 0.197220 1.134228 0.430611 -0.245776 -0.040918 0.099589 -0.963329
1642647874.820428 0.197888 1.133790 0.430883 -0.245908 -0.041301 0.099243 -0.963314
1642647874.828761 0.198540 1.133374 0.431181 -0.245965 -0.041464 0.098857 -0.963332
1642647874.837094 0.199235 1.132914 0.431452 -0.246224 -0.042058 0.098945 -0.963231
1642647874.845428 0.199945 1.132432 0.431704 -0.246653 -0.042779 0.099202 -0.963063
1642647874.853761 0.200621 1.131976 0.431984 -0.246897 -0.043136 0.099224 -0.962983
1642647874.862094 0.201282 1.131544 0.432283 -0.247030 -0.043304 0.099164 -0.962947
1642647874.870428 0.201937 1.131099 0.432571 -0.247140 -0.043364 0.099032 -0.962930
1642647874.878761 0.202630 1.130579 0.432811 -0.247409 -0.043963 0.099314 -0.962805
1642647874.887094 0.203309 1.130121 0.433079 -0.247642 -0.044227 0.099370 -0.962727
1642647874.895427 0.203982 1.129672 0.433345 -0.247824 -0.044502 0.099430 -0.962661
1642647874.903761 0.204657 1.129223 0.433613 -0.247982 -0.044806 0.099542 -0.962595
1642647874.912094 0.205333 1.128764 0.433874 -0.248128 -0.045121 0.099646 -0.962532
1642647874.920428 0.206021 1.128309 0.434133 -0.248344 -0.045489 0.099731 -0.962450
1642647874.928761 0.206707 1.127865 0.434393 -0.248606 -0.045976 0.099935 -0.962338
1642647874.937094 0.207348 1.127394 0.434652 -0.248660 -0.046472 0.100054 -0.962288
1642647874.945428 0.207971 1.126881 0.434903 -0.248696 -0.047073 0.100212 -0.962233
1642647874.953761 0.208688 1.126381 0.435131 -0.248938 -0.047810 0.100468 -0.962107
1642647874.962094 0.209380 1.125946 0.435385 -0.249007 -0.048065 0.100323 -0.962092
1642647874.970428 0.210025 1.125476 0.435645 -0.249048 -0.048463 0.100266 -0.962067
1642647874.978761 0.210672 1.124992 0.435907 -0.249086 -0.048907 0.100164 -0.962046
1642647874.987094 0.211355 1.124437 0.436128 -0.249263 -0.049884 0.100497 -0.961915
1642647874.995428 0.212007 1.123917 0.436375 -0.249377 -0.050555 0.100634 -0.961836
1642647875.003761 0.212658 1.123391 0.436624 -0.249533 -0.051200 0.100802 -0.961744
1642647875.012094 0.213296 1.122849 0.436881 -0.249548 -0.051725 0.100891 -0.961702
1642647875.020427 0.213902 1.122280 0.437137 -0.249534 -0.052376 0.101068 -0.961652
1642647875.028761 0.214479 1.121689 0.437385 -0.249596 -0.053307 0.101395 -0.961550
1642647875.037094 0.215086 1.121150 0.437655 -0.249728 -0.053890 0.101612 -0.961461
1642647875.045428 0.215668 1.120596 0.437921 -0.249746 -0.054379 0.101716 -0.961418
1642647875.053761 0.216232 1.120046 0.438202 -0.249750 -0.054765 0.101665 -0.961400
1642647875.062094 0.216783 1.119500 0.438491 -0.249786 -0.055219 0.101720 -0.961359
1642647875.070428 0.217340 1.118961 0.438799 -0.249690 -0.055347 0.101553 -0.961394
1642647875.078761 0.217900 1.118430 0.439119 -0.249536 -0.055326 0.101166 -0.961476
1642647875.087094 0.218420 1.117857 0.439444 -0.249689 -0.055918 0.101296 -0.961388
1642647875.095428 0.218922 1.117255 0.439772 -0.249930 -0.056704 0.101591 -0.961249
1642647875.103761 0.219463 1.116678 0.440126 -0.250096 -0.057084 0.101610 -0.961181
1642647875.112094 0.220004 1.116094 0.440499 -0.250367 -0.057516 0.101605 -0.961085
1642647875.120428 0.220537 1.115511 0.440897 -0.250758 -0.057812 0.101539 -0.960973
1642647875.128761 0.221065 1.114906 0.441300 -0.251097 -0.058076 0.101467 -0.960875
1642647875.137094 0.221632 1.114214 0.441665 -0.251590 -0.058842 0.101706 -0.960675
1642647875.145427 0.222170 1.113552 0.442067 -0.252005 -0.059267 0.101667 -0.960544
1642647875.153761 0.222729 1.112908 0.442483 -0.252511 -0.059616 0.101695 -0.960387
1642647875.162094 0.223275 1.112232 0.442897 -0.252902 -0.059760 0.101565 -0.960288
1642647875.170428 0.223823 1.111527 0.443311 -0.253231 -0.059948 0.101380 -0.960210
1642647875.178761 0.224373 1.110824 0.443729 -0.253581 -0.060175 0.101271 -0.960114
1642647875.187094 0.224919 1.110146 0.444164 -0.253935 -0.060327 0.101091 -0.960030
1642647875.195428 0.225459 1.109493 0.444614 -0.254230 -0.060132 0.100678 -0.960008
1642647875.203761 0.226032 1.108754 0.445016 -0.254563 -0.060460 0.100619 -0.959905
1642647875.212094 0.226614 1.107982 0.445399 -0.254965 -0.061098 0.100645 -0.959755
1642647875.220428 0.227172 1.107248 0.445812 -0.255255 -0.061399 0.100331 -0.959692
1642647875.228761 0.227721 1.106497 0.446221 -0.255411 -0.061512 0.100001 -0.959678
1642647875.237094 0.228266 1.105734 0.446622 -0.255483 -0.061671 0.099552 -0.959695
1642647875.245428 0.228820 1.104998 0.447026 -0.255756 -0.061918 0.099148 -0.959648
1642647875.253761 0.229375 1.104262 0.447410 -0.256113 -0.062216 0.098882 -0.959561
1642647875.262094 0.229925 1.103516 0.447785 -0.256301 -0.062448 0.098549 -0.959530
1642647875.270427 0.230457 1.102777 0.448153 -0.256454 -0.062590 0.098096 -0.959527
1642647875.278761 0.230981 1.102038 0.448508 -0.256634 -0.062686 0.097706 -0.959512
1642647875.287094 0.231497 1.101295 0.448843 -0.256764 -0.062825 0.097303 -0.959509
1642647875.295428 0.231993 1.100546 0.449166 -0.256894 -0.062949 0.096858 -0.959511
1642647875.303761 0.232483 1.099831 0.449500 -0.257068 -0.063024 0.096474 -0.959498
1642647875.312094 0.232974 1.099132 0.449839 -0.257269 -0.062945 0.095936 -0.959504
1642647875.320428 0.233479 1.098373 0.450143 -0.257572 -0.063387 0.095625 -0.959424
1642647875.328761 0.233938 1.097667 0.450489 -0.257725 -0.063327 0.094970 -0.959452
1642647875.337094 0.234425 1.096887 0.450795 -0.258088 -0.063918 0.094672 -0.959345
1642647875.345428 0.234924 1.096082 0.451095 -0.258436 -0.064691 0.094480 -0.959218
1642647875.353761 0.235414 1.095330 0.451432 -0.258748 -0.065022 0.094063 -0.959153
1642647875.362094 0.235902 1.094598 0.451792 -0.259044 -0.065134 0.093490 -0.959121
1642647875.370428 0.236365 1.093861 0.452147 -0.259176 -0.065213 0.092773 -0.959150
1642647875.378761 0.236861 1.093044 0.452457 -0.259511 -0.065962 0.092566 -0.959028
1642647875.387094 0.237315 1.092257 0.452792 -0.259657 -0.066332 0.092020 -0.959015
1642647875.395427 0.237757 1.091481 0.453134 -0.259684 -0.066721 0.091448 -0.959036
1642647875.403761 0.238205 1.090715 0.453477 -0.259879 -0.067072 0.090909 -0.959010
1642647875.412094 0.238627 1.089924 0.453821 -0.259873 -0.067394 0.090258 -0.959050
1642647875.420428 0.239047 1.089133 0.454171 -0.259814 -0.067510 0.089552 -0.959124
1642647875.428761 0.239462 1.088346 0.454539 -0.259835 -0.067610 0.088859 -0.959176
1642647875.437094 0.239857 1.087538 0.454910 -0.259760 -0.067675 0.088098 -0.959262
1642647875.445428 0.240270 1.086749 0.455296 -0.259841 -0.067761 0.087473 -0.959291
1642647875.453761 0.240660 1.085953 0.455689 -0.259880 -0.067953 0.086824 -0.959326
1642647875.462094 0.241041 1.085167 0.456081 -0.259939 -0.068000 0.086135 -0.959369
1642647875.470428 0.241412 1.084370 0.456471 -0.259942 -0.067879 0.085326 -0.959449
1642647875.478761 0.241766 1.083574 0.456855 -0.259984 -0.067904 0.084577 -0.959502
1642647875.487094 0.242133 1.082805 0.457239 -0.260118 -0.067756 0.083841 -0.959541
1642647875.495428 0.242484 1.082031 0.457624 -0.260080 -0.067571 0.083077 -0.959631
1642647875.503761 0.242814 1.081260 0.458001 -0.260071 -0.067583 0.082309 -0.959698
1642647875.512094 0.243132 1.080486 0.458370 -0.260026 -0.067550 0.081406 -0.959790
1642647875.520427 0.243477 1.079757 0.458747 -0.259992 -0.067417 0.080531 -0.959882
1642647875.528761 0.243819 1.079056 0.459124 -0.260023 -0.067419 0.079729 -0.959941
1642647875.537094 0.244142 1.078344 0.459488 -0.259992 -0.067514 0.078801 -0.960019
1642647875.545428 0.244467 1.077634 0.459859 -0.259882 -0.067607 0.077720 -0.960130
1642647875.553761 0.244804 1.076950 0.460239 -0.259707 -0.067565 0.076493 -0.960279
1642647875.562094 0.245158 1.076293 0.460622 -0.259592 -0.067620 0.075344 -0.960397
1642647875.570428 0.245462 1.075567 0.460989 -0.259516 -0.068348 0.074568 -0.960427
1642647875.578761 0.245787 1.074897 0.461375 -0.259330 -0.068733 0.073456 -0.960535
1642647875.587094 0.246111 1.074230 0.461759 -0.259056 -0.069073 0.072252 -0.960676
1642647875.595428 0.246439 1.073553 0.462136 -0.258771 -0.069489 0.071001 -0.960816
1642647875.603761 0.246761 1.072885 0.462508 -0.258441 -0.069928 0.069858 -0.960957
1642647875.612094 0.247078 1.072233 0.462881 -0.258035 -0.070168 0.068628 -0.961137
1642647875.620428 0.247387 1.071589 0.463252 -0.257556 -0.070399 0.067290 -0.961343
1642647875.628761 0.247694 1.070952 0.463617 -0.257190 -0.070816 0.066122 -0.961492
1642647875.637094 0.248010 1.070350 0.463993 -0.256774 -0.071027 0.064827 -0.961676
1642647875.645427 0.248336 1.069780 0.464378 -0.256334 -0.070837 0.063217 -0.961914
1642647875.653761 0.248632 1.069197 0.464755 -0.255903 -0.071070 0.061916 -0.962096
1642647875.662094 0.248949 1.068597 0.465093 -0.255857 -0.071215 0.060233 -0.962205
1642647875.670428 0.249251 1.067991 0.465410 -0.255901 -0.071437 0.058594 -0.962278
1642647875.678761 0.249509 1.067475 0.465807 -0.254960 -0.072010 0.057833 -0.962531
1642647875.687094 0.249867 1.066957 0.466097 -0.255169 -0.071559 0.055352 -0.962655
1642647875.695428 0.250158 1.066479 0.466439 -0.254571 -0.071777 0.053919 -0.962878
1642647875.703761 0.250438 1.066016 0.466763 -0.253905 -0.072007 0.052495 -0.963116
1642647875.712094 0.250704 1.065553 0.467076 -0.253155 -0.072325 0.051146 -0.963362
1642647875.720428 0.250952 1.065080 0.467370 -0.252418 -0.072920 0.050010 -0.963570
1642647875.728761 0.251236 1.064680 0.467674 -0.251597 -0.072951 0.048482 -0.963860
1642647875.737094 0.251529 1.064310 0.467974 -0.250786 -0.072768 0.046798 -0.964169
1642647875.745428 0.251787 1.063905 0.468259 -0.249898 -0.072942 0.045352 -0.964455
1642647875.753761 0.252049 1.063501 0.468546 -0.248993 -0.073093 0.043883 -0.964746
1642647875.762094 0.252309 1.063101 0.468829 -0.248111 -0.073218 0.042408 -0.965029
1642647875.770427 0.252568 1.062713 0.469115 -0.247092 -0.073391 0.040908 -0.965342
1642647875.778761 0.252831 1.062333 0.469404 -0.246106 -0.073563 0.039361 -0.965645
1642647875.787094 0.253089 1.061936 0.469687 -0.245131 -0.073823 0.037945 -0.965930
1642647875.795428 0.253349 1.061508 0.469959 -0.244185 -0.074117 0.036478 -0.966204
1642647875.803761 0.253608 1.061122 0.470269 -0.243218 -0.074292 0.034962 -0.966490
1642647875.812094 0.253858 1.060745 0.470594 -0.242290 -0.074481 0.033453 -0.966762
1642647875.820428 0.254102 1.060393 0.470955 -0.241403 -0.074598 0.031938 -0.967026
1642647875.828761 0.254350 1.060061 0.471346 -0.240637 -0.074639 0.030389 -0.967264
1642647875.837094 0.254596 1.059694 0.471723 -0.239990 -0.074657 0.028871 -0.967470
1642647875.845428 0.254847 1.059314 0.472103 -0.239382 -0.074630 0.027388 -0.967666
1642647875.853761 0.255096 1.058920 0.472472 -0.238734 -0.074583 0.025930 -0.967870
1642647875.862094 0.255335 1.058576 0.472880 -0.238092 -0.074675 0.024480 -0.968058
1642647875.870428 0.255568 1.058233 0.473283 -0.237487 -0.074793 0.022964 -0.968235
1642647875.878761 0.255790 1.057909 0.473697 -0.236883 -0.075007 0.021409 -0.968402
1642647875.887094 0.256009 1.057599 0.474118 -0.236261 -0.075258 0.019854 -0.968568
1642647875.895427 0.256215 1.057307 0.474553 -0.235640 -0.075440 0.018178 -0.968737
1642647875.903761 0.256408 1.057017 0.474989 -0.235073 -0.075553 0.016470 -0.968897
1642647875.912094 0.256603 1.056674 0.475389 -0.234445 -0.075792 0.014775 -0.969058
1642647875.920428 0.256783 1.056376 0.475829 -0.233858 -0.075972 0.013029 -0.969211
1642647875.928761 0.256952 1.056082 0.476268 -0.233320 -0.075973 0.011231 -0.969363
1642647875.937094 0.257123 1.055810 0.476732 -0.232639 -0.075971 0.009477 -0.969545
1642647875.945428 0.257291 1.055566 0.477211 -0.231948 -0.076025 0.007744 -0.969722
1642647875.953761 0.257428 1.055300 0.477682 -0.231405 -0.075837 0.005968 -0.969879
1642647875.962094 0.257554 1.055047 0.478166 -0.230851 -0.075589 0.004206 -0.970039
1642647875.970428 0.257667 1.054803 0.478654 -0.230236 -0.075335 0.002417 -0.970211
1642647875.978761 0.257764 1.054588 0.479132 -0.229496 -0.074933 0.000590 -0.970421
1642647875.987094 0.257850 1.054396 0.479608 -0.228685 -0.074453 -0.001173 -0.970649
1642647875.995428 0.257923 1.054234 0.480082 -0.227869 -0.074036 -0.002966 -0.970868
1642647876.003761 0.257991 1.054098 0.480558 -0.227003 -0.073616 -0.004657 -0.971097
1642647876.012094 0.258052 1.053988 0.481041 -0.226164 -0.073181 -0.006241 -0.971316
1642647876.020427 0.258108 1.053894 0.481519 -0.225374 -0.072631 -0.007854 -0.971530
1642647876.028761 0.258166 1.053822 0.481996 -0.224591 -0.071948 -0.009408 -0.971748
1642647876.037094 0.258224 1.053780 0.482475 -0.223731 -0.071176 -0.010878 -0.971988
1642647876.045428 0.258284 1.053779 0.482956 -0.222863 -0.070366 -0.012395 -0.972228
1642647876.053761 0.258349 1.053822 0.483452 -0.222061 -0.069670 -0.013859 -0.972442
1642647876.062094 0.258423 1.053831 0.483900 -0.221226 -0.069025 -0.015242 -0.972657
1642647876.070428 0.258495 1.053823 0.484330 -0.220290 -0.068428 -0.016584 -0.972890
1642647876.078761 0.258570 1.053880 0.484794 -0.219367 -0.067896 -0.017923 -0.973112
1642647876.087094 0.258654 1.053951 0.485254 -0.218502 -0.067480 -0.019231 -0.973311
1642647876.095428 0.258748 1.054041 0.485723 -0.217567 -0.067161 -0.020503 -0.973516
1642647876.103761 0.258869 1.054125 0.486203 -0.216552 -0.066927 -0.021913 -0.973728
1642647876.112094 0.259003 1.054240 0.486713 -0.215564 -0.066703 -0.023352 -0.973929
1642647876.120428 0.259114 1.054430 0.487212 -0.214877 -0.066464 -0.024219 -0.974076
1642647876.128761 0.259276 1.054550 0.487722 -0.213840 -0.066454 -0.025288 -0.974278
1642647876.137094 0.259455 1.054661 0.488248 -0.212590 -0.066541 -0.026218 -0.974521
1642647876.145427 0.259637 1.054782 0.488730 -0.211726 -0.066365 -0.027054 -0.974698
1642647876.153761 0.259826 1.054961 0.489246 -0.210813 -0.066246 -0.027877 -0.974881
1642647876.162094 0.260012 1.055159 0.489768 -0.210031 -0.066470 -0.028538 -0.975015
1642647876.170428 0.260204 1.055401 0.490308 -0.209415 -0.067061 -0.029008 -0.975093
1642647876.178761 0.260403 1.055654 0.490853 -0.208594 -0.067381 -0.029699 -0.975226
1642647876.187094 0.260618 1.055874 0.491374 -0.207721 -0.067654 -0.030414 -0.975372
1642647876.195428 0.260845 1.056093 0.491898 -0.206764 -0.067619 -0.031250 -0.975551
1642647876.203761 0.261101 1.056263 0.492387 -0.205961 -0.067398 -0.032412 -0.975698
1642647876.212094 0.261386 1.056413 0.492868 -0.205790 -0.067721 -0.033497 -0.975675
1642647876.220428 0.261623 1.056669 0.493437 -0.205251 -0.068203 -0.033785 -0.975745
1642647876.228761 0.261869 1.056919 0.493997 -0.204488 -0.068103 -0.034306 -0.975894
1642647876.237094 0.262116 1.057197 0.494588 -0.203756 -0.067835 -0.034824 -0.976048
1642647876.245428 0.262356 1.057499 0.495206 -0.203064 -0.067645 -0.035225 -0.976191
1642647876.253761 0.262600 1.057750 0.495784 -0.202518 -0.067549 -0.035555 -0.976299
1642647876.262094 0.262844 1.058004 0.496364 -0.201958 -0.067360 -0.035900 -0.976415
1642647876.270427 0.263074 1.058265 0.496951 -0.201336 -0.067069 -0.036304 -0.976549
1642647876.278761 0.263310 1.058513 0.497527 -0.200815 -0.066810 -0.036641 -0.976661
1642647876.287094 0.263546 1.058771 0.498093 -0.200351 -0.066705 -0.036916 -0.976753
1642647876.295428 0.263770 1.059111 0.498708 -0.199820 -0.066617 -0.037169 -0.976859
1642647876.303761 0.263990 1.059421 0.499273 -0.199256 -0.066346 -0.037532 -0.976978
1642647876.312094 0.264202 1.059744 0.499816 -0.198749 -0.066011 -0.038014 -0.977086
1642647876.320428 0.264404 1.060076 0.500343 -0.198233 -0.065880 -0.038430 -0.977183
1642647876.328761 0.264596 1.060429 0.500864 -0.197656 -0.065829 -0.038834 -0.977287
1642647876.337094 0.264765 1.060811 0.501383 -0.197057 -0.065033 -0.039969 -0.977416
1642647876.345428 0.264921 1.061204 0.501896 -0.196484 -0.064072 -0.041265 -0.977541
1642647876.353761 0.265137 1.061527 0.502363 -0.196022 -0.065775 -0.040442 -0.977555
1642647876.362094 0.265302 1.061912 0.502856 -0.195478 -0.065819 -0.041074 -0.977634
1642647876.370428 0.265456 1.062313 0.503339 -0.194967 -0.065934 -0.041730 -0.977701
1642647876.378761 0.265597 1.062726 0.503800 -0.194439 -0.065961 -0.042469 -0.977772
1642647876.387094 0.265730 1.063172 0.504256 -0.193761 -0.066053 -0.043174 -0.977870
1642647876.395427 0.265834 1.063658 0.504712 -0.193033 -0.065312 -0.044549 -0.978002
1642647876.403761 0.265924 1.064174 0.505161 -0.192214 -0.064255 -0.046111 -0.978161
1642647876.412094 0.266068 1.064625 0.505565 -0.191540 -0.065874 -0.045536 -0.978212
1642647876.420428 0.266163 1.065136 0.505993 -0.190682 -0.065782 -0.046414 -0.978345
1642647876.428761 0.266250 1.065655 0.506405 -0.189838 -0.065690 -0.047311 -0.978472
1642647876.437094 0.266310 1.066219 0.506833 -0.188956 -0.064976 -0.048807 -0.978617
1642647876.445428 0.266338 1.066817 0.507270 -0.187996 -0.063339 -0.051104 -0.978792
1642647876.453761 0.266424 1.067284 0.507605 -0.187105 -0.064031 -0.051456 -0.978899
1642647876.462094 0.266520 1.067784 0.507953 -0.186531 -0.066017 -0.050918 -0.978905
1642647876.470428 0.266549 1.068362 0.508330 -0.186018 -0.066709 -0.051633 -0.978919
1642647876.478761 0.266598 1.068925 0.508676 -0.185111 -0.066726 -0.052597 -0.979038
1642647876.487094 0.266635 1.069492 0.509007 -0.184244 -0.066781 -0.053507 -0.979148
1642647876.495428 0.266653 1.070092 0.509337 -0.183280 -0.066102 -0.055094 -0.979287
1642647876.503761 0.266663 1.070675 0.509631 -0.182063 -0.064839 -0.057054 -0.979487
1642647876.512094 0.266729 1.071175 0.509864 -0.180939 -0.066108 -0.056814 -0.979624
1642647876.520427 0.266699 1.071892 0.510245 -0.180258 -0.066283 -0.058052 -0.979665
1642647876.528761 0.266667 1.072590 0.510599 -0.179253 -0.064780 -0.060411 -0.979807
1642647876.537094 0.266699 1.073139 0.510852 -0.178256 -0.065249 -0.060937 -0.979926
1642647876.545428 0.266768 1.073618 0.511063 -0.177070 -0.066256 -0.060750 -0.980085
1642647876.553761 0.266757 1.074239 0.511367 -0.176312 -0.066570 -0.061503 -0.980153
1642647876.562094 0.266722 1.074869 0.511671 -0.175796 -0.067257 -0.062093 -0.980162
1642647876.570428 0.266699 1.075478 0.511947 -0.174966 -0.067155 -0.063023 -0.980258
1642647876.578761 0.266662 1.076091 0.512218 -0.174174 -0.066943 -0.063999 -0.980350
1642647876.587094 0.266598 1.076754 0.512516 -0.173220 -0.065871 -0.065559 -0.980489
1642647876.595428 0.266506 1.077474 0.512841 -0.172228 -0.063885 -0.067903 -0.980635
1642647876.603761 0.266460 1.078056 0.513064 -0.171394 -0.064263 -0.068272 -0.980731
1642647876.612094 0.266429 1.078580 0.513246 -0.170616 -0.065669 -0.067851 -0.980803
1642647876.620428 0.266334 1.079240 0.513520 -0.169725 -0.064759 -0.069489 -0.980903
1642647876.628761 0.266225 1.079905 0.513809 -0.168880 -0.063762 -0.071209 -0.980991
1642647876.637094 0.266181 1.080405 0.514006 -0.168218 -0.065345 -0.070837 -0.981027
1642647876.645427 0.266085 1.080985 0.514263 -0.167494 -0.065195 -0.071940 -0.981081
1642647876.653761 0.265955 1.081588 0.514543 -0.166786 -0.064322 -0.073668 -0.981131
1642647876.662094 0.265790 1.082243 0.514855 -0.166079 -0.062548 -0.076219 -0.981171
1642647876.670428 0.265679 1.082758 0.515064 -0.165309 -0.062806 -0.076962 -0.981226
1642647876.678761 0.265581 1.083216 0.515229 -0.164492 -0.063947 -0.076961 -0.981290
1642647876.687094 0.265378 1.083843 0.515504 -0.164174 -0.064004 -0.078421 -0.981224
1642647876.695428 0.265170 1.084454 0.515760 -0.163506 -0.063049 -0.080522 -0.981227
1642647876.703761 0.265008 1.084918 0.515922 -0.162891 -0.064725 -0.080423 -0.981228
1642647876.712094 0.264766 1.085509 0.516166 -0.162245 -0.064071 -0.082294 -0.981223
1642647876.720428 0.264493 1.086138 0.516438 -0.161585 -0.062387 -0.084958 -0.981214
1642647876.728761 0.264273 1.086634 0.516617 -0.160922 -0.062973 -0.085773 -0.981214
1642647876.737094 0.264067 1.087076 0.516751 -0.160293 -0.064569 -0.085742 -0.981216
1642647876.745428 0.263778 1.087640 0.516946 -0.159619 -0.063829 -0.087744 -0.981198
1642647876.753761 0.263471 1.088206 0.517141 -0.158887 -0.062896 -0.089995 -0.981173
1642647876.762094 0.263214 1.088625 0.517234 -0.158193 -0.064630 -0.090082 -0.981164
1642647876.770427 0.262890 1.089166 0.517397 -0.157367 -0.063940 -0.092239 -0.981142
1642647876.778761 0.262548 1.089713 0.517565 -0.156539 -0.063026 -0.094568 -0.981112
1642647876.787094 0.262253 1.090112 0.517640 -0.155788 -0.064631 -0.094780 -0.981106
1642647876.795428 0.261898 1.090627 0.517788 -0.155044 -0.063894 -0.096938 -0.981062
1642647876.803761 0.261517 1.091181 0.517962 -0.154285 -0.062138 -0.099901 -0.980997
1642647876.812094 0.261185 1.091611 0.518053 -0.153582 -0.062708 -0.100842 -0.980975
1642647876.820428 0.260871 1.091983 0.518102 -0.152862 -0.064223 -0.100990 -0.980974
1642647876.828761 0.260484 1.092479 0.518227 -0.152097 -0.063442 -0.103071 -0.980927
1642647876.837094 0.260084 1.092987 0.518359 -0.151351 -0.062469 -0.105320 -0.980866
1642647876.845428 0.259732 1.093386 0.518426 -0.150626 -0.063336 -0.106021 -0.980847
1642647876.853761 0.259305 1.093918 0.518579 -0.149933 -0.061503 -0.108988 -0.980744
1642647876.862094 0.258915 1.094354 0.518671 -0.149359 -0.061337 -0.110536 -0.980669
1642647876.870428 0.258522 1.094787 0.518760 -0.148797 -0.061247 -0.111951 -0.980600
1642647876.878761 0.258124 1.095206 0.518835 -0.148241 -0.061067 -0.113355 -0.980534
1642647876.887094 0.257715 1.095621 0.518896 -0.147744 -0.060825 -0.114785 -0.980457
1642647876.895427 0.257293 1.096031 0.518942 -0.147197 -0.060541 -0.116123 -0.980400
1642647876.903761 0.256845 1.096445 0.518968 -0.146538 -0.060091 -0.117484 -0.980364
1642647876.912094 0.256377 1.096858 0.518958 -0.145905 -0.059579 -0.118895 -0.980319
1642647876.920428 0.255902 1.097268 0.518922 -0.145241 -0.059008 -0.120354 -0.980275
1642647876.928761 0.255413 1.097684 0.518864 -0.144564 -0.058431 -0.121769 -0.980234
1642647876.937094 0.254922 1.098102 0.518786 -0.143834 -0.057943 -0.123117 -0.980202
1642647876.945428 0.254423 1.098524 0.518698 -0.143068 -0.057374 -0.124545 -0.980168
1642647876.953761 0.253936 1.098934 0.518599 -0.142273 -0.056855 -0.125961 -0.980133
1642647876.962094 0.253466 1.099335 0.518498 -0.141487 -0.056542 -0.127332 -0.980087
1642647876.970428 0.253002 1.099733 0.518395 -0.140713 -0.056315 -0.128686 -0.980035
1642647876.978761 0.252547 1.100127 0.518301 -0.139973 -0.056258 -0.130045 -0.979965
1642647876.987094 0.252113 1.100514 0.518209 -0.139289 -0.056365 -0.131268 -0.979893
1642647876.995428 0.251702 1.100892 0.518119 -0.138660 -0.056567 -0.132406 -0.979818
1642647877.003761 0.251293 1.101279 0.518038 -0.138070 -0.056720 -0.133555 -0.979736
1642647877.012094 0.250882 1.101676 0.517965 -0.137566 -0.057018 -0.134622 -0.979644
1642647877.020427 0.250477 1.102075 0.517880 -0.137094 -0.057332 -0.135619 -0.979554
1642647877.028761 0.250075 1.102486 0.517786 -0.136588 -0.057499 -0.136646 -0.979472
1642647877.037094 0.249691 1.102876 0.517668 -0.136097 -0.058429 -0.136996 -0.979436
1642647877.045428 0.249340 1.103227 0.517513 -0.135551 -0.060292 -0.136532 -0.979464
1642647877.053761 0.248939 1.103723 0.517445 -0.135093 -0.059803 -0.138066 -0.979342
1642647877.062094 0.248546 1.104229 0.517389 -0.134652 -0.059160 -0.139756 -0.979202
1642647877.070428 0.248231 1.104605 0.517247 -0.134071 -0.061166 -0.139208 -0.979237
1642647877.078761 0.247877 1.105089 0.517191 -0.133530 -0.061160 -0.140364 -0.979146
1642647877.087094 0.247503 1.105620 0.517167 -0.133008 -0.060366 -0.142129 -0.979012
1642647877.095428 0.247140 1.106122 0.517109 -0.132446 -0.060355 -0.143314 -0.978916
1642647877.103761 0.246822 1.106559 0.517014 -0.131857 -0.061329 -0.143440 -0.978916
1642647877.112094 0.246452 1.107073 0.516948 -0.131251 -0.061303 -0.144441 -0.978852
1642647877.120428 0.246062 1.107621 0.516883 -0.130598 -0.060702 -0.145856 -0.978767
1642647877.128761 0.245694 1.108126 0.516791 -0.129891 -0.060640 -0.146653 -0.978746
1642647877.137094 0.245315 1.108633 0.516692 -0.129207 -0.060633 -0.147319 -0.978737
1642647877.145427 0.244931 1.109143 0.516591 -0.128532 -0.060572 -0.147960 -0.978733
1642647877.153761 0.244542 1.109656 0.516489 -0.127874 -0.060342 -0.148670 -0.978726
1642647877.162094 0.244154 1.110161 0.516389 -0.127200 -0.060076 -0.149404 -0.978718
1642647877.170428 0.243763 1.110662 0.516297 -0.126575 -0.059843 -0.150060 -0.978713
1642647877.178761 0.243358 1.111171 0.516199 -0.125980 -0.059629 -0.150764 -0.978695
1642647877.187094 0.242940 1.111679 0.516089 -0.125338 -0.059380 -0.151457 -0.978686
1642647877.195428 0.242516 1.112192 0.515969 -0.124666 -0.059117 -0.152127 -0.978683
1642647877.203761 0.242075 1.112715 0.515845 -0.123963 -0.058730 -0.152856 -0.978682
1642647877.212094 0.241624 1.113233 0.515710 -0.123199 -0.058319 -0.153592 -0.978688
1642647877.220428 0.241155 1.113759 0.515561 -0.122442 -0.058038 -0.154271 -0.978693
1642647877.228761 0.240679 1.114294 0.515408 -0.121712 -0.057749 -0.154941 -0.978695
1642647877.237094 0.240195 1.114824 0.515244 -0.120926 -0.057420 -0.155645 -0.978701
1642647877.245428 0.239698 1.115363 0.515071 -0.120128 -0.057033 -0.156405 -0.978700
1642647877.253761 0.239180 1.115903 0.514888 -0.119351 -0.056745 -0.157089 -0.978703
1642647877.262094 0.238663 1.116425 0.514676 -0.118512 -0.056796 -0.157536 -0.978730
1642647877.270427 0.238161 1.116917 0.514447 -0.117689 -0.057216 -0.157655 -0.978785
1642647877.278761 0.237602 1.117470 0.514235 -0.116917 -0.056545 -0.158791 -0.978733
1642647877.287094 0.237014 1.118042 0.514030 -0.116140 -0.055544 -0.160210 -0.978652
1642647877.295428 0.236431 1.118586 0.513805 -0.115382 -0.055349 -0.160889 -0.978641
1642647877.303761 0.235826 1.119120 0.513561 -0.114632 -0.054906 -0.161735 -0.978615
1642647877.312094 0.235250 1.119589 0.513259 -0.113853 -0.054465 -0.162395 -0.978621
1642647877.320428 0.234628 1.120100 0.512954 -0.113072 -0.053947 -0.163103 -0.978622
1642647877.328761 0.233986 1.120608 0.512627 -0.112333 -0.053354 -0.163852 -0.978615
1642647877.337094 0.233330 1.121112 0.512275 -0.111482 -0.052753 -0.164523 -0.978632
1642647877.345428 0.232681 1.121587 0.511896 -0.110548 -0.052496 -0.164888 -0.978691
1642647877.353761 0.232016 1.122054 0.511496 -0.109547 -0.052350 -0.165179 -0.978762
1642647877.362094 0.231296 1.122577 0.511117 -0.108585 -0.051249 -0.166580 -0.978690
1642647877.370428 0.230611 1.123046 0.510723 -0.107599 -0.050989 -0.167298 -0.978690
1642647877.378761 0.229928 1.123504 0.510340 -0.106528 -0.050723 -0.168137 -0.978677
1642647877.387094 0.229255 1.123946 0.509974 -0.105498 -0.050964 -0.168793 -0.978663
1642647877.395427 0.228603 1.124343 0.509628 -0.104523 -0.051568 -0.169249 -0.978658
1642647877.403761 0.227958 1.124724 0.509307 -0.103593 -0.052431 -0.169535 -0.978661
1642647877.412094 0.227263 1.125141 0.509029 -0.102743 -0.052244 -0.170747 -0.978550
1642647877.420428 0.226596 1.125506 0.508750 -0.101902 -0.053101 -0.170918 -0.978562
1642647877.428761 0.225846 1.125957 0.508523 -0.101160 -0.052532 -0.172357 -0.978417
1642647877.437094 0.225133 1.126318 0.508240 -0.100435 -0.052388 -0.173402 -0.978315
1642647877.445428 0.224440 1.126678 0.508012 -0.099878 -0.052344 -0.173876 -0.978290
1642647877.453761 0.223736 1.127026 0.507790 -0.099326 -0.052165 -0.174272 -0.978285
1642647877.462094 0.223024 1.127377 0.507572 -0.098843 -0.051999 -0.174558 -0.978292
1642647877.470428 0.222284 1.127758 0.507377 -0.098424 -0.051352 -0.175231 -0.978248
1642647877.478761 0.221550 1.128144 0.507205 -0.098052 -0.050953 -0.175644 -0.978233
1642647877.487094 0.220821 1.128522 0.507052 -0.097715 -0.050662 -0.175941 -0.978228
1642647877.495428 0.220107 1.128896 0.506916 -0.097478 -0.050478 -0.176204 -0.978214
1642647877.503761 0.219363 1.129288 0.506812 -0.097263 -0.050089 -0.176830 -0.978142
1642647877.512094 0.218634 1.129665 0.506725 -0.097051 -0.050014 -0.177215 -0.978098
1642647877.520427 0.217893 1.130038 0.506648 -0.096886 -0.050092 -0.177518 -0.978055
1642647877.528761 0.217150 1.130407 0.506588 -0.096776 -0.050245 -0.177763 -0.978014
1642647877.537094 0.216415 1.130778 0.506517 -0.096590 -0.049856 -0.178255 -0.977962
1642647877.545428 0.215654 1.131168 0.506457 -0.096448 -0.049763 -0.178542 -0.977929
1642647877.553761 0.214878 1.131562 0.506394 -0.096321 -0.049587 -0.178893 -0.977886
1642647877.562094 0.214089 1.131954 0.506332 -0.096245 -0.049534 -0.179207 -0.977839
1642647877.570428 0.213303 1.132346 0.506252 -0.095951 -0.049063 -0.179753 -0.977791
1642647877.578761 0.212507 1.132748 0.506179 -0.095680 -0.048926 -0.180151 -0.977751
1642647877.587094 0.211694 1.133155 0.506117 -0.095468 -0.048973 -0.180497 -0.977706
1642647877.595428 0.210870 1.133553 0.506055 -0.095305 -0.048925 -0.180953 -0.977640
1642647877.603761 0.210048 1.133943 0.505969 -0.094990 -0.048397 -0.181604 -0.977576
1642647877.612094 0.209206 1.134343 0.505881 -0.094772 -0.048196 -0.182032 -0.977527
1642647877.620428 0.208351 1.134748 0.505779 -0.094574 -0.047877 -0.182435 -0.977487
1642647877.628761 0.207490 1.135148 0.505661 -0.094398 -0.047484 -0.182820 -0.977451
1642647877.637094 0.206633 1.135544 0.505524 -0.094062 -0.046576 -0.183469 -0.977406
1642647877.645427 0.205748 1.135956 0.505388 -0.093784 -0.045929 -0.183952 -0.977372
1642647877.653761 0.204848 1.136367 0.505240 -0.093498 -0.045562 -0.184308 -0.977350
1642647877.662094 0.203946 1.136781 0.505066 -0.093023 -0.044931 -0.184855 -0.977321
1642647877.670428 0.203039 1.137209 0.504871 -0.092386 -0.044264 -0.185483 -0.977293
1642647877.678761 0.202112 1.137652 0.504676 -0.091823 -0.044078 -0.186011 -0.977254
1642647877.687094 0.201178 1.138109 0.504456 -0.091133 -0.043600 -0.186720 -0.977205
1642647877.695428 0.200220 1.138601 0.504246 -0.090394 -0.043133 -0.187520 -0.977141
1642647877.703761 0.199296 1.139044 0.503994 -0.089589 -0.042799 -0.188156 -0.977108
1642647877.712094 0.198395 1.139470 0.503731 -0.088807 -0.042511 -0.188809 -0.977066
1642647877.720428 0.197465 1.139943 0.503504 -0.088049 -0.042287 -0.189490 -0.977012
1642647877.728761 0.196579 1.140353 0.503250 -0.087191 -0.041924 -0.190185 -0.976970
1642647877.737094 0.195690 1.140805 0.503049 -0.086489 -0.041624 -0.190842 -0.976917
1642647877.745428 0.194813 1.141244 0.502863 -0.085869 -0.041402 -0.191484 -0.976855
1642647877.753761 0.193954 1.141677 0.502707 -0.085331 -0.041152 -0.192131 -0.976786
1642647877.762094 0.193114 1.142095 0.502565 -0.084763 -0.040908 -0.192675 -0.976738
1642647877.770427 0.192291 1.142511 0.502441 -0.084262 -0.040802 -0.193145 -0.976693
1642647877.778761 0.191471 1.142921 0.502345 -0.083829 -0.040688 -0.193668 -0.976632
1642647877.787094 0.190659 1.143321 0.502256 -0.083353 -0.040474 -0.194166 -0.976583
1642647877.795428 0.189855 1.143708 0.502167 -0.082965 -0.040319 -0.194602 -0.976535
1642647877.803761 0.189049 1.144098 0.502089 -0.082583 -0.040249 -0.194937 -0.976504
1642647877.812094 0.188248 1.144478 0.502010 -0.082308 -0.040109 -0.195380 -0.976444
1642647877.820428 0.187452 1.144853 0.501931 -0.081980 -0.039833 -0.195879 -0.976383
1642647877.828761 0.186647 1.145229 0.501859 -0.081654 -0.039706 -0.196229 -0.976345
1642647877.837094 0.185843 1.145599 0.501794 -0.081340 -0.039603 -0.196669 -0.976287
1642647877.845428 0.185037 1.145965 0.501737 -0.081007 -0.039436 -0.197185 -0.976218
1642647877.853761 0.184230 1.146334 0.501690 -0.080674 -0.039241 -0.197622 -0.976165
1642647877.862094 0.183426 1.146701 0.501648 -0.080327 -0.039067 -0.197988 -0.976126
1642647877.870428 0.182617 1.147069 0.501614 -0.079956 -0.038827 -0.198395 -0.976083
1642647877.878761 0.181807 1.147436 0.501579 -0.079682 -0.038555 -0.198863 -0.976022
1642647877.887094 0.181000 1.147789 0.501546 -0.079423 -0.038196 -0.199225 -0.975983
1642647877.895427 0.180188 1.148144 0.501522 -0.079183 -0.037863 -0.199526 -0.975954
1642647877.903761 0.179374 1.148495 0.501483 -0.078937 -0.037434 -0.199895 -0.975915
1642647877.912094 0.178555 1.148836 0.501435 -0.078629 -0.036831 -0.200305 -0.975879
1642647877.920428 0.177743 1.149168 0.501385 -0.078364 -0.036282 -0.200623 -0.975855
1642647877.928761 0.176929 1.149489 0.501328 -0.078087 -0.035680 -0.201036 -0.975815
1642647877.937094 0.176119 1.149806 0.501271 -0.077805 -0.035297 -0.201449 -0.975766
1642647877.945428 0.175311 1.150108 0.501218 -0.077552 -0.035001 -0.201948 -0.975694
1642647877.953761 0.174509 1.150404 0.501172 -0.077275 -0.034801 -0.202440 -0.975620
1642647877.962094 0.173713 1.150695 0.501126 -0.076918 -0.034607 -0.202986 -0.975542
1642647877.970428 0.172906 1.150985 0.501084 -0.076616 -0.034419 -0.203598 -0.975445
1642647877.978761 0.172104 1.151259 0.501046 -0.076348 -0.034270 -0.204151 -0.975356
1642647877.987094 0.171297 1.151520 0.501000 -0.076093 -0.034166 -0.204719 -0.975260
1642647877.995428 0.170492 1.151778 0.500939 -0.075858 -0.034141 -0.205344 -0.975148
1642647878.003761 0.169684 1.152028 0.500886 -0.075590 -0.034075 -0.205946 -0.975044
1642647878.012094 0.168869 1.152271 0.500824 -0.075350 -0.033850 -0.206630 -0.974926
1642647878.020427 0.168055 1.152513 0.500747 -0.075007 -0.033409 -0.207352 -0.974814
1642647878.028761 0.167233 1.152759 0.500650 -0.074662 -0.032822 -0.208168 -0.974687
1642647878.037094 0.166395 1.153009 0.500549 -0.074330 -0.032199 -0.208886 -0.974579
1642647878.045428 0.165560 1.153254 0.500427 -0.073973 -0.031427 -0.209571 -0.974485
1642647878.053761 0.164711 1.153514 0.500278 -0.073638 -0.030551 -0.210291 -0.974383
1642647878.062094 0.163835 1.153796 0.500128 -0.073251 -0.029505 -0.211148 -0.974259
1642647878.070428 0.163003 1.154032 0.499948 -0.072814 -0.028642 -0.211881 -0.974158
1642647878.078761 0.162187 1.154258 0.499756 -0.072388 -0.027796 -0.212651 -0.974047
1642647878.087094 0.161380 1.154467 0.499568 -0.071946 -0.026892 -0.213537 -0.973911
1642647878.095428 0.160589 1.154661 0.499393 -0.071500 -0.026060 -0.214406 -0.973776
1642647878.103761 0.159831 1.154829 0.499244 -0.071144 -0.025243 -0.215400 -0.973604
1642647878.112094 0.159111 1.154978 0.499138 -0.070820 -0.024405 -0.216362 -0.973436
1642647878.120428 0.158374 1.155115 0.499000 -0.070377 -0.024064 -0.217254 -0.973277
1642647878.128761 0.157647 1.155237 0.498865 -0.069976 -0.023807 -0.218111 -0.973121
1642647878.137094 0.156924 1.155340 0.498718 -0.069593 -0.023752 -0.218906 -0.972971
1642647878.145427 0.156198 1.155440 0.498565 -0.069172 -0.023825 -0.219618 -0.972839
1642647878.153761 0.155520 1.155536 0.498477 -0.068911 -0.022948 -0.220584 -0.972660
1642647878.162094 0.154817 1.155626 0.498337 -0.068680 -0.022519 -0.221323 -0.972518
1642647878.170428 0.154117 1.155718 0.498194 -0.068445 -0.022006 -0.222043 -0.972383
1642647878.178761 0.153416 1.155813 0.498051 -0.068195 -0.021294 -0.222792 -0.972245
1642647878.187094 0.152726 1.155898 0.497896 -0.067900 -0.020498 -0.223462 -0.972129
1642647878.195428 0.152056 1.155964 0.497715 -0.067640 -0.019757 -0.224072 -0.972022
1642647878.203761 0.151355 1.156091 0.497569 -0.067314 -0.018908 -0.224714 -0.971913
1642647878.212094 0.150652 1.156261 0.497438 -0.067052 -0.018262 -0.225186 -0.971834
1642647878.220428 0.149988 1.156401 0.497286 -0.066728 -0.017731 -0.225541 -0.971784
1642647878.228761 0.149302 1.156490 0.497154 -0.066438 -0.016857 -0.226312 -0.971640
1642647878.237094 0.148638 1.156603 0.497010 -0.066131 -0.016286 -0.226795 -0.971558
1642647878.245428 0.147970 1.156721 0.496870 -0.065803 -0.015745 -0.227284 -0.971475
1642647878.253761 0.147307 1.156838 0.496721 -0.065484 -0.015118 -0.227820 -0.971381
1642647878.262094 0.146649 1.156956 0.496570 -0.065157 -0.014621 -0.228199 -0.971322
1642647878.270427 0.146004 1.157063 0.496418 -0.064860 -0.014191 -0.228672 -0.971237
1642647878.278761 0.145362 1.157177 0.496282 -0.064512 -0.013721 -0.229123 -0.971160
1642647878.287094 0.144720 1.157292 0.496156 -0.064151 -0.013348 -0.229522 -0.971095
1642647878.295428 0.144079 1.157408 0.496039 -0.063798 -0.013031 -0.229954 -0.971021
1642647878.303761 0.143448 1.157514 0.495941 -0.063526 -0.012697 -0.230402 -0.970937
1642647878.312094 0.142826 1.157608 0.495857 -0.063349 -0.012400 -0.230754 -0.970868
1642647878.320428 0.142197 1.157713 0.495775 -0.063165 -0.012018 -0.231108 -0.970801
1642647878.328761 0.141577 1.157818 0.495706 -0.062988 -0.011627 -0.231491 -0.970726
1642647878.337094 0.140961 1.157928 0.495644 -0.062809 -0.011235 -0.231867 -0.970653
1642647878.345428 0.140339 1.158036 0.495579 -0.062616 -0.010869 -0.232227 -0.970583
1642647878.353761 0.139709 1.158153 0.495518 -0.062448 -0.010549 -0.232514 -0.970529
1642647878.362094 0.139078 1.158267 0.495454 -0.062310 -0.010241 -0.232873 -0.970455
1642647878.370428 0.138439 1.158383 0.495386 -0.062143 -0.009928 -0.233258 -0.970376
1642647878.378761 0.137796 1.158504 0.495311 -0.062004 -0.009692 -0.233601 -0.970305
1642647878.387094 0.137150 1.158594 0.495209 -0.062091 -0.009455 -0.234060 -0.970191
1642647878.395427 0.136509 1.158655 0.495080 -0.062528 -0.009064 -0.234787 -0.969991
1642647878.403761 0.135807 1.158802 0.494993 -0.061965 -0.008618 -0.235105 -0.969954
1642647878.412094 0.135077 1.158986 0.494914 -0.061005 -0.008190 -0.235203 -0.969995
1642647878.420428 0.134372 1.159120 0.494799 -0.060699 -0.007718 -0.235531 -0.969939
1642647878.428761 0.133674 1.159220 0.494661 -0.060678 -0.007095 -0.236056 -0.969817
1642647878.437094 0.132987 1.159280 0.494486 -0.061142 -0.006398 -0.236749 -0.969624
1642647878.445428 0.132255 1.159400 0.494329 -0.060940 -0.005708 -0.237094 -0.969557
1642647878.453761 0.131513 1.159525 0.494159 -0.060649 -0.005011 -0.237454 -0.969491
1642647878.462094 0.130745 1.159657 0.493975 -0.060339 -0.004242 -0.237828 -0.969422
1642647878.470428 0.129959 1.159790 0.493768 -0.060127 -0.003481 -0.238180 -0.969352
1642647878.478761 0.129158 1.159930 0.493536 -0.059904 -0.002634 -0.238573 -0.969272
1642647878.487094 0.128330 1.160074 0.493286 -0.059705 -0.001755 -0.238989 -0.969184
1642647878.495428 0.127501 1.160221 0.493038 -0.059529 -0.000902 -0.239353 -0.969105
1642647878.503761 0.126666 1.160367 0.492794 -0.059301 -0.000013 -0.239781 -0.969014
1642647878.512094 0.125821 1.160513 0.492546 -0.059062 0.000833 -0.240264 -0.968909
1642647878.520427 0.124989 1.160653 0.492309 -0.058876 0.001374 -0.240683 -0.968816
1642647878.528761 0.124146 1.160823 0.492096 -0.058664 0.001668 -0.241045 -0.968738
1642647878.537094 0.123283 1.161009 0.491905 -0.058424 0.001749 -0.241287 -0.968692
1642647878.545428 0.122417 1.161101 0.491721 -0.058196 0.002055 -0.241933 -0.968544
1642647878.553761 0.121560 1.161205 0.491527 -0.057948 0.001997 -0.242353 -0.968454
1642647878.562094 0.120695 1.161307 0.491338 -0.057732 0.001991 -0.242825 -0.968349
1642647878.570428 0.119826 1.161399 0.491149 -0.057473 0.001989 -0.243245 -0.968259
1642647878.578761 0.118948 1.161501 0.490973 -0.057244 0.002043 -0.243744 -0.968147
1642647878.587094 0.118058 1.161599 0.490793 -0.057052 0.002170 -0.244224 -0.968037
1642647878.595428 0.117148 1.161692 0.490617 -0.056899 0.002432 -0.244640 -0.967940
1642647878.603761 0.116229 1.161773 0.490438 -0.056815 0.002826 -0.245068 -0.967836
1642647878.612094 0.115293 1.161857 0.490256 -0.056667 0.003374 -0.245574 -0.967714
1642647878.620428 0.114354 1.161950 0.490087 -0.056512 0.003968 -0.246058 -0.967598
1642647878.628761 0.113417 1.162029 0.489920 -0.056409 0.004643 -0.246519 -0.967484
1642647878.637094 0.112478 1.162100 0.489769 -0.056300 0.005339 -0.246917 -0.967385
1642647878.645427 0.111540 1.162157 0.489626 -0.056214 0.006006 -0.247321 -0.967283
1642647878.653761 0.110600 1.162212 0.489501 -0.056164 0.006700 -0.247796 -0.967160
1642647878.662094 0.109669 1.162261 0.489387 -0.056179 0.007256 -0.248190 -0.967054
1642647878.670428 0.108728 1.162292 0.489270 -0.056226 0.007999 -0.248650 -0.966927
1642647878.678761 0.107783 1.162302 0.489146 -0.056263 0.008754 -0.249067 -0.966811
1642647878.687094 0.106844 1.162320 0.489034 -0.056295 0.009593 -0.249472 -0.966697
1642647878.695428 0.105914 1.162326 0.488915 -0.056367 0.010368 -0.249881 -0.966579
1642647878.703761 0.104983 1.162325 0.488799 -0.056422 0.011287 -0.250374 -0.966438
1642647878.712094 0.104043 1.162316 0.488664 -0.056513 0.012111 -0.250853 -0.966298
1642647878.720428 0.103102 1.162294 0.488516 -0.056555 0.012828 -0.251368 -0.966153
1642647878.728761 0.102158 1.162268 0.488355 -0.056519 0.013485 -0.251891 -0.966010
1642647878.737094 0.101211 1.162246 0.488168 -0.056417 0.014123 -0.252508 -0.965846
1642647878.745428 0.100259 1.162216 0.487965 -0.056275 0.014763 -0.253105 -0.965688
1642647878.753761 0.099303 1.162196 0.487752 -0.056120 0.015259 -0.253715 -0.965529
1642647878.762094 0.098355 1.162183 0.487537 -0.055933 0.015847 -0.254429 -0.965343
1642647878.770427 0.097408 1.162162 0.487309 -0.055763 0.016486 -0.255058 -0.965176
1642647878.778761 0.096465 1.162136 0.487070 -0.055624 0.017114 -0.255641 -0.965019
1642647878.787094 0.095531 1.162108 0.486834 -0.055525 0.017974 -0.256317 -0.964829
1642647878.795428 0.094613 1.162071 0.486593 -0.055476 0.018794 -0.256913 -0.964658
1642647878.803761 0.093703 1.162026 0.486341 -0.055442 0.019663 -0.257476 -0.964493
1642647878.812094 0.092790 1.161973 0.486089 -0.055417 0.020634 -0.258039 -0.964323
1642647878.820428 0.091897 1.161910 0.485834 -0.055376 0.021616 -0.258621 -0.964148
1642647878.828761 0.091018 1.161848 0.485568 -0.055309 0.022539 -0.259196 -0.963977
1642647878.837094 0.090136 1.161776 0.485299 -0.055202 0.023413 -0.259812 -0.963796
1642647878.845428 0.089260 1.161696 0.485034 -0.055081 0.024158 -0.260321 -0.963647
1642647878.853761 0.088333 1.161691 0.484760 -0.054863 0.025708 -0.261980 -0.963170
1642647878.862094 0.087372 1.161739 0.484484 -0.054641 0.027590 -0.264249 -0.962510
1642647878.870428 0.086702 1.161464 0.484283 -0.054606 0.026742 -0.262382 -0.963047
1642647878.878761 0.085834 1.161409 0.484062 -0.054489 0.028450 -0.263846 -0.962604
1642647878.887094 0.085035 1.161291 0.483814 -0.054369 0.029029 -0.264279 -0.962475
1642647878.895427 0.084247 1.161167 0.483580 -0.054280 0.029558 -0.264717 -0.962343
1642647878.903761 0.083483 1.161031 0.483344 -0.054251 0.030085 -0.265168 -0.962205
1642647878.912094 0.082728 1.160885 0.483119 -0.054333 0.030453 -0.265402 -0.962124
1642647878.920428 0.081980 1.160732 0.482915 -0.054425 0.030884 -0.265672 -0.962031
1642647878.928761 0.081238 1.160586 0.482709 -0.054550 0.031380 -0.265943 -0.961932
1642647878.937094 0.080510 1.160436 0.482507 -0.054703 0.031909 -0.266131 -0.961854
1642647878.945428 0.079795 1.160277 0.482303 -0.054886 0.032503 -0.266277 -0.961783
1642647878.953761 0.079075 1.160125 0.482095 -0.055088 0.033202 -0.266402 -0.961714
1642647878.962094 0.078369 1.159969 0.481882 -0.055258 0.033999 -0.266584 -0.961626
1642647878.970428 0.077675 1.159810 0.481667 -0.055431 0.034776 -0.266708 -0.961554
1642647878.978761 0.076987 1.159644 0.481451 -0.055661 0.035528 -0.266727 -0.961507
1642647878.987094 0.076307 1.159479 0.481235 -0.055947 0.036214 -0.266758 -0.961457
1642647878.995428 0.075637 1.159303 0.481035 -0.056229 0.036990 -0.266821 -0.961393
1642647879.003761 0.074975 1.159122 0.480850 -0.056551 0.037712 -0.266831 -0.961343
1642647879.012094 0.074321 1.158936 0.480667 -0.056922 0.038483 -0.266837 -0.961289
1642647879.020427 0.073672 1.158749 0.480488 -0.057356 0.039218 -0.266742 -0.961260
1642647879.028761 0.073031 1.158565 0.480320 -0.057877 0.039930 -0.266647 -0.961226
1642647879.037094 0.072388 1.158360 0.480155 -0.058447 0.040746 -0.266612 -0.961167
1642647879.045428 0.071746 1.158156 0.479994 -0.059027 0.041508 -0.266555 -0.961115
1642647879.053761 0.071100 1.157955 0.479833 -0.059686 0.042119 -0.266332 -0.961109
1642647879.062094 0.070449 1.157756 0.479683 -0.060389 0.042769 -0.266085 -0.961105
1642647879.070428 0.069799 1.157562 0.479539 -0.061021 0.043526 -0.266016 -0.961050
1642647879.078761 0.069139 1.157367 0.479403 -0.061724 0.044115 -0.265795 -0.961040
1642647879.087094 0.068477 1.157159 0.479272 -0.062432 0.044711 -0.265570 -0.961028
1642647879.095428 0.067813 1.156941 0.479153 -0.063229 0.045332 -0.265365 -0.961004
1642647879.103761 0.067147 1.156728 0.479051 -0.064129 0.045993 -0.265162 -0.960969
1642647879.112094 0.066468 1.156502 0.478959 -0.065048 0.046765 -0.265038 -0.960904
1642647879.120428 0.065781 1.156260 0.478883 -0.065989 0.047655 -0.264898 -0.960835
1642647879.128761 0.065094 1.156016 0.478822 -0.067035 0.048455 -0.264671 -0.960785
1642647879.137094 0.064399 1.155768 0.478785 -0.068096 0.049245 -0.264437 -0.960735
1642647879.145427 0.063685 1.155512 0.478752 -0.069202 0.050135 -0.264299 -0.960647
1642647879.153761 0.062967 1.155248 0.478735 -0.070356 0.050899 -0.264170 -0.960559
1642647879.162094 0.062253 1.154974 0.478733 -0.071491 0.051484 -0.263952 -0.960504
1642647879.170428 0.061537 1.154689 0.478751 -0.072711 0.052073 -0.263775 -0.960429
1642647879.178761 0.060810 1.154396 0.478784 -0.073954 0.052778 -0.263685 -0.960320
1642647879.187094 0.060077 1.154091 0.478839 -0.075269 0.053374 -0.263486 -0.960240
1642647879.195428 0.059337 1.153783 0.478904 -0.076574 0.053942 -0.263313 -0.960153
1642647879.203761 0.058584 1.153467 0.478973 -0.077878 0.054598 -0.263205 -0.960040
1642647879.212094 0.057836 1.153144 0.479058 -0.079349 0.055184 -0.262967 -0.959952
1642647879.220428 0.057078 1.152811 0.479151 -0.080769 0.055833 -0.262704 -0.959867
1642647879.228761 0.056322 1.152469 0.479255 -0.082216 0.056473 -0.262459 -0.959774
1642647879.237094 0.055564 1.152120 0.479366 -0.083710 0.057074 -0.262176 -0.959687
1642647879.245428 0.054794 1.151779 0.479486 -0.085242 0.057680 -0.261854 -0.959604
1642647879.253761 0.054033 1.151428 0.479596 -0.086726 0.058357 -0.261525 -0.959520
1642647879.262094 0.053264 1.151083 0.479695 -0.088206 0.058818 -0.261114 -0.959469
1642647879.270427 0.052483 1.150748 0.479779 -0.089658 0.059500 -0.260843 -0.959365
1642647879.278761 0.051696 1.150424 0.479850 -0.091156 0.059999 -0.260413 -0.959310
1642647879.287094 0.050913 1.150101 0.479904 -0.092580 0.060367 -0.259939 -0.959279
1642647879.295428 0.050120 1.149784 0.479948 -0.093931 0.060906 -0.259521 -0.959227
1642647879.303761 0.049313 1.149490 0.479975 -0.095240 0.061489 -0.259135 -0.959165
1642647879.312094 0.048506 1.149210 0.479990 -0.096558 0.061917 -0.258606 -0.959149
1642647879.320428 0.047687 1.148947 0.479993 -0.097834 0.062423 -0.258066 -0.959132
1642647879.328761 0.046863 1.148701 0.479980 -0.099069 0.062917 -0.257532 -0.959116
1642647879.337094 0.046031 1.148460 0.479940 -0.100319 0.063476 -0.257044 -0.959081
1642647879.345428 0.045191 1.148240 0.479888 -0.101503 0.064026 -0.256526 -0.959058
1642647879.353761 0.044349 1.148030 0.479824 -0.102671 0.064450 -0.255876 -0.959079
1642647879.362094 0.043497 1.147837 0.479754 -0.103793 0.064999 -0.255318 -0.959070
1642647879.370428 0.042653 1.147660 0.479667 -0.104889 0.065399 -0.254691 -0.959090
1642647879.378761 0.041807 1.147493 0.479573 -0.105969 0.065873 -0.254028 -0.959115
1642647879.387094 0.040956 1.147345 0.479474 -0.107038 0.066587 -0.253517 -0.959082
1642647879.395427 0.040107 1.147208 0.479373 -0.108059 0.067077 -0.252896 -0.959097
1642647879.403761 0.039260 1.147071 0.479278 -0.109001 0.067589 -0.252255 -0.959123
1642647879.412094 0.038418 1.146957 0.479188 -0.109946 0.067958 -0.251579 -0.959167
1642647879.420428 0.037584 1.146852 0.479104 -0.110851 0.068132 -0.250808 -0.959253
1642647879.428761 0.036748 1.146745 0.479044 -0.111796 0.068345 -0.250136 -0.959303
1642647879.437094 0.035907 1.146646 0.478994 -0.112707 0.068550 -0.249509 -0.959345
1642647879.445428 0.035071 1.146539 0.478940 -0.113629 0.068765 -0.248824 -0.959399
1642647879.453761 0.034237 1.146449 0.478897 -0.114603 0.069067 -0.248226 -0.959416
1642647879.462094 0.033393 1.146377 0.478856 -0.115574 0.069435 -0.247643 -0.959424
1642647879.470428 0.032548 1.146317 0.478815 -0.116536 0.069700 -0.246839 -0.959496
1642647879.478761 0.031697 1.146259 0.478777 -0.117534 0.070032 -0.245973 -0.959572
1642647879.487094 0.030845 1.146208 0.478745 -0.118603 0.070460 -0.245212 -0.959604
1642647879.495428 0.029984 1.146165 0.478727 -0.119768 0.071155 -0.244499 -0.959590
1642647879.503761 0.029128 1.146120 0.478720 -0.120961 0.071827 -0.243751 -0.959581
1642647879.512094 0.028278 1.146089 0.478716 -0.122111 0.072298 -0.242858 -0.959626
1642647879.520427 0.027407 1.146070 0.478713 -0.123352 0.072789 -0.241909 -0.959670
1642647879.528761 0.026533 1.146054 0.478710 -0.124569 0.073384 -0.241049 -0.959684
1642647879.537094 0.025662 1.146046 0.478716 -0.125806 0.074021 -0.240254 -0.959673
1642647879.545428 0.024799 1.146038 0.478714 -0.127047 0.074681 -0.239466 -0.959655
1642647879.553761 0.023927 1.146032 0.478718 -0.128332 0.075206 -0.238660 -0.959644
1642647879.562094 0.023063 1.146023 0.478726 -0.129639 0.075561 -0.237896 -0.959630
1642647879.570428 0.022200 1.146003 0.478734 -0.130961 0.075815 -0.237105 -0.959626
1642647879.578761 0.021335 1.145962 0.478751 -0.132449 0.076061 -0.236186 -0.959629
1642647879.587094 0.020458 1.145886 0.478762 -0.134192 0.076329 -0.235108 -0.959630
1642647879.595428 0.019619 1.145836 0.478804 -0.135603 0.076460 -0.234419 -0.959590
1642647879.603761 0.018793 1.145777 0.478836 -0.137086 0.076360 -0.233631 -0.959580
1642647879.612094 0.017962 1.145724 0.478876 -0.138564 0.076345 -0.232910 -0.959544
1642647879.620428 0.017140 1.145667 0.478915 -0.139996 0.076483 -0.232357 -0.959459
1642647879.628761 0.016319 1.145598 0.478939 -0.141383 0.076729 -0.231822 -0.959365
1642647879.637094 0.015492 1.145537 0.478980 -0.142856 0.076613 -0.231208 -0.959305
1642647879.645427 0.014653 1.145482 0.479023 -0.144418 0.076309 -0.230536 -0.959257
1642647879.653761 0.013834 1.145432 0.479049 -0.145813 0.076399 -0.230073 -0.959150
1642647879.662094 0.013021 1.145383 0.479072 -0.147236 0.076610 -0.229566 -0.959037
1642647879.670428 0.012192 1.145357 0.479110 -0.148700 0.076467 -0.228980 -0.958963
1642647879.678761 0.011355 1.145340 0.479116 -0.149993 0.076778 -0.228588 -0.958830
1642647879.687094 0.010528 1.145328 0.479091 -0.151223 0.077171 -0.228138 -0.958712
1642647879.695428 0.009694 1.145342 0.479062 -0.152427 0.077368 -0.227709 -0.958608
1642647879.703761 0.008850 1.145385 0.479023 -0.153654 0.077502 -0.227281 -0.958503
1642647879.712094 0.007999 1.145442 0.478976 -0.154953 0.077499 -0.226845 -0.958397
1642647879.720428 0.007155 1.145506 0.478914 -0.156101 0.077767 -0.226483 -0.958275
1642647879.728761 0.006301 1.145599 0.478851 -0.157137 0.078085 -0.226209 -0.958144
1642647879.737094 0.005454 1.145708 0.478777 -0.158102 0.078427 -0.225924 -0.958025
1642647879.745428 0.004612 1.145823 0.478703 -0.159194 0.078619 -0.225542 -0.957918
1642647879.753761 0.003784 1.145954 0.478637 -0.160241 0.078804 -0.225220 -0.957804
1642647879.762094 0.002946 1.146102 0.478580 -0.161311 0.078941 -0.224849 -0.957700
1642647879.770427 0.002103 1.146266 0.478522 -0.162420 0.079043 -0.224413 -0.957607
1642647879.778761 0.001270 1.146453 0.478441 -0.163345 0.079535 -0.224111 -0.957479
1642647879.787094 0.000439 1.146659 0.478368 -0.164333 0.079705 -0.223675 -0.957398
1642647879.795428 -0.000387 1.146866 0.478291 -0.165388 0.079867 -0.223137 -0.957329
1642647879.803761 -0.001203 1.147088 0.478211 -0.166405 0.080088 -0.222651 -0.957247
1642647879.812094 -0.002017 1.147328 0.478139 -0.167349 0.080391 -0.222122 -0.957180
1642647879.820428 -0.002828 1.147611 0.478094 -0.168102 0.080678 -0.221517 -0.957164
1642647879.828761 -0.003643 1.147931 0.478068 -0.168863 0.080734 -0.220735 -0.957206
1642647879.837094 -0.004410 1.148167 0.478009 -0.170781 0.080602 -0.220143 -0.957013
1642647879.845428 -0.005184 1.148436 0.477981 -0.171776 0.080648 -0.219449 -0.956991
1642647879.853761 -0.005954 1.148730 0.477976 -0.172528 0.080810 -0.218702 -0.957013
1642647879.862094 -0.006742 1.149076 0.477999 -0.172996 0.081069 -0.217802 -0.957111
1642647879.870428 -0.007489 1.149362 0.477981 -0.174116 0.081225 -0.217076 -0.957060
1642647879.878761 -0.008215 1.149650 0.477966 -0.175169 0.081360 -0.216332 -0.957025
1642647879.887094 -0.008928 1.149947 0.477949 -0.176222 0.081537 -0.215467 -0.957012
1642647879.895427 -0.009633 1.150244 0.477929 -0.177291 0.081722 -0.214537 -0.957008
1642647879.903761 -0.010320 1.150541 0.477919 -0.178342 0.081722 -0.213510 -0.957042
1642647879.912094 -0.010994 1.150833 0.477915 -0.179395 0.081691 -0.212481 -0.957077
1642647879.920428 -0.011660 1.151107 0.477909 -0.180448 0.081659 -0.211416 -0.957117
1642647879.928761 -0.012307 1.151383 0.477913 -0.181476 0.081629 -0.210363 -0.957158
1642647879.937094 -0.012944 1.151657 0.477919 -0.182473 0.081677 -0.209283 -0.957201
1642647879.945428 -0.013568 1.151932 0.477922 -0.183607 0.081696 -0.208116 -0.957237
1642647879.953761 -0.014190 1.152214 0.477917 -0.184836 0.081797 -0.206888 -0.957258
1642647879.962094 -0.014810 1.152495 0.477914 -0.185954 0.081886 -0.205607 -0.957310
1642647879.970428 -0.015420 1.152777 0.477903 -0.187071 0.082038 -0.204221 -0.957376
1642647879.978761 -0.016025 1.153052 0.477864 -0.188265 0.082288 -0.202759 -0.957431
1642647879.987094 -0.016627 1.153343 0.477816 -0.189420 0.082512 -0.201223 -0.957508
1642647879.995428 -0.017234 1.153644 0.477761 -0.190609 0.082772 -0.199729 -0.957562
1642647880.003761 -0.017842 1.153945 0.477691 -0.191773 0.083190 -0.198128 -0.957626
1642647880.012094 -0.018452 1.154252 0.477611 -0.192797 0.083567 -0.196562 -0.957711
1642647880.020427 -0.019065 1.154551 0.477524 -0.193761 0.083994 -0.195043 -0.957789
1642647880.028761 -0.019680 1.154829 0.477425 -0.194850 0.084322 -0.193441 -0.957864
1642647880.037094 -0.020292 1.155102 0.477325 -0.195865 0.084584 -0.191885 -0.957947
1642647880.045428 -0.020921 1.155369 0.477211 -0.196732 0.084940 -0.190351 -0.958044
1642647880.053761 -0.021550 1.155634 0.477087 -0.197633 0.085235 -0.188878 -0.958124
1642647880.062094 -0.022191 1.155900 0.476949 -0.198503 0.085443 -0.187429 -0.958210
1642647880.070428 -0.022853 1.156170 0.476803 -0.199307 0.085616 -0.186041 -0.958298
1642647880.078761 -0.023519 1.156422 0.476658 -0.200006 0.085752 -0.184661 -0.958407
1642647880.087094 -0.024188 1.156662 0.476486 -0.200767 0.085928 -0.183342 -0.958486
1642647880.095428 -0.024866 1.156901 0.476315 -0.201456 0.086047 -0.182012 -0.958584
1642647880.103761 -0.025554 1.157134 0.476139 -0.202123 0.086178 -0.180774 -0.958666
1642647880.112094 -0.026259 1.157361 0.475942 -0.202882 0.086366 -0.179556 -0.958718
1642647880.120428 -0.026971 1.157578 0.475726 -0.203562 0.086555 -0.178349 -0.958782
1642647880.128761 -0.027689 1.157792 0.475505 -0.204177 0.086795 -0.177285 -0.958827
1642647880.137094 -0.028424 1.157991 0.475272 -0.204794 0.087008 -0.176102 -0.958894
1642647880.145427 -0.029155 1.158196 0.475039 -0.205334 0.087232 -0.175022 -0.958956
1642647880.153761 -0.029911 1.158393 0.474805 -0.205857 0.087502 -0.173919 -0.959019
1642647880.162094 -0.030671 1.158565 0.474553 -0.206453 0.087844 -0.172887 -0.959047
1642647880.170428 -0.031438 1.158750 0.474282 -0.207103 0.088227 -0.171857 -0.959057
1642647880.178761 -0.032219 1.158945 0.473969 -0.208059 0.088587 -0.170900 -0.958988
1642647880.187094 -0.033032 1.159103 0.473680 -0.208592 0.089113 -0.169923 -0.958997
1642647880.195428 -0.033848 1.159274 0.473404 -0.209079 0.089659 -0.169056 -0.958993
1642647880.203761 -0.034685 1.159439 0.473115 -0.209598 0.090308 -0.168157 -0.958977
1642647880.212094 -0.035524 1.159529 0.472762 -0.210769 0.090947 -0.167291 -0.958811
1642647880.220428 -0.036368 1.159559 0.472352 -0.212539 0.091730 -0.166519 -0.958480
1642647880.228761 -0.037244 1.159901 0.472225 -0.210852 0.092150 -0.165609 -0.958970
1642647880.237094 -0.038085 1.160090 0.471931 -0.210966 0.093011 -0.165100 -0.958950
1642647880.245428 -0.038940 1.160194 0.471584 -0.211670 0.093585 -0.164579 -0.958828
1642647880.253761 -0.039755 1.160226 0.471179 -0.213121 0.094131 -0.164525 -0.958463
1642647880.262094 -0.040638 1.160359 0.470855 -0.213366 0.094586 -0.163706 -0.958503
1642647880.270427 -0.041522 1.160480 0.470517 -0.213611 0.094969 -0.162962 -0.958538
1642647880.278761 -0.042402 1.160594 0.470166 -0.213867 0.095258 -0.162242 -0.958574
1642647880.287094 -0.043278 1.160707 0.469809 -0.214084 0.095512 -0.161724 -0.958588
1642647880.295428 -0.044163 1.160814 0.469440 -0.214311 0.095790 -0.161225 -0.958594
1642647880.303761 -0.045046 1.160930 0.469068 -0.214492 0.095841 -0.160645 -0.958645
1642647880.312094 -0.045944 1.161051 0.468687 -0.214495 0.095896 -0.160006 -0.958746
1642647880.320428 -0.046837 1.161165 0.468288 -0.214623 0.096004 -0.159485 -0.958793
1642647880.328761 -0.047735 1.161280 0.467875 -0.214719 0.096121 -0.158928 -0.958853
1642647880.337094 -0.048636 1.161388 0.467450 -0.214744 0.096161 -0.158338 -0.958941
1642647880.345428 -0.049541 1.161506 0.467016 -0.214766 0.096273 -0.157825 -0.959009
1642647880.353761 -0.050447 1.161632 0.466578 -0.214665 0.096558 -0.157350 -0.959081
1642647880.362094 -0.051354 1.161762 0.466135 -0.214577 0.096708 -0.156801 -0.959176
1642647880.370428 -0.052245 1.161899 0.465686 -0.214572 0.096822 -0.156270 -0.959252
1642647880.378761 -0.053142 1.162053 0.465230 -0.214510 0.097137 -0.155661 -0.959333
1642647880.387094 -0.054051 1.162221 0.464775 -0.214328 0.097501 -0.155018 -0.959441
1642647880.395427 -0.054944 1.162393 0.464322 -0.214174 0.097922 -0.154311 -0.959546
1642647880.403761 -0.055823 1.162568 0.463872 -0.214057 0.098341 -0.153541 -0.959653
1642647880.412094 -0.056696 1.162740 0.463413 -0.214055 0.098785 -0.152726 -0.959738
1642647880.420428 -0.057561 1.162921 0.462958 -0.213990 0.099329 -0.151920 -0.959824
1642647880.428761 -0.058425 1.163109 0.462509 -0.213919 0.099746 -0.150939 -0.959951
1642647880.437094 -0.059273 1.163306 0.462063 -0.213842 0.100113 -0.149900 -0.960093
1642647880.445428 -0.060101 1.163508 0.461628 -0.213707 0.100554 -0.148958 -0.960224
1642647880.453761 -0.060955 1.163736 0.461195 -0.213378 0.100988 -0.147700 -0.960446
1642647880.462094 -0.061846 1.163999 0.460782 -0.212609 0.101261 -0.145872 -0.960867
1642647880.470428 -0.062670 1.164216 0.460324 -0.212459 0.101441 -0.144609 -0.961072
1642647880.478761 -0.063493 1.164390 0.459856 -0.212445 0.101809 -0.143284 -0.961235
1642647880.487094 -0.064275 1.164642 0.459383 -0.212177 0.102157 -0.142052 -0.961440
1642647880.495428 -0.065050 1.164908 0.458896 -0.211937 0.102426 -0.140773 -0.961652
1642647880.503761 -0.065813 1.165194 0.458398 -0.211567 0.102685 -0.139447 -0.961899
1642647880.512094 -0.066555 1.165483 0.457906 -0.211195 0.102809 -0.138019 -0.962174
1642647880.520427 -0.067284 1.165772 0.457403 -0.210912 0.103011 -0.136509 -0.962429
1642647880.528761 -0.068011 1.166073 0.456897 -0.210503 0.103350 -0.135114 -0.962680
1642647880.537094 -0.068727 1.166378 0.456389 -0.209961 0.103575 -0.133659 -0.962977
1642647880.545428 -0.069434 1.166685 0.455870 -0.209582 0.103721 -0.132170 -0.963249
1642647880.553761 -0.070120 1.167002 0.455363 -0.209110 0.103901 -0.130701 -0.963532
1642647880.562094 -0.070797 1.167312 0.454856 -0.208654 0.103939 -0.129125 -0.963840
1642647880.570428 -0.071459 1.167632 0.454350 -0.208202 0.103985 -0.127625 -0.964132
1642647880.578761 -0.072104 1.167975 0.453836 -0.207686 0.104011 -0.126222 -0.964425
1642647880.587094 -0.072768 1.168277 0.453310 -0.207276 0.104163 -0.124745 -0.964689
1642647880.595428 -0.073425 1.168585 0.452792 -0.206900 0.104261 -0.123176 -0.964961
1642647880.603761 -0.074077 1.168884 0.452267 -0.206538 0.104309 -0.121621 -0.965231
1642647880.612094 -0.074729 1.169180 0.451731 -0.206186 0.104379 -0.120080 -0.965491
1642647880.620428 -0.075379 1.169481 0.451193 -0.205725 0.104500 -0.118650 -0.965753
1642647880.628761 -0.076024 1.169766 0.450655 -0.205281 0.104408 -0.117055 -0.966052
1642647880.637094 -0.076660 1.170030 0.450092 -0.204972 0.103932 -0.115298 -0.966380
1642647880.645427 -0.077297 1.170325 0.449562 -0.204511 0.104045 -0.113925 -0.966629
1642647880.653761 -0.077931 1.170620 0.449021 -0.204014 0.104225 -0.112582 -0.966872
1642647880.662094 -0.078564 1.170903 0.448466 -0.203547 0.104333 -0.111144 -0.967125
1642647880.670428 -0.079178 1.171170 0.447907 -0.203046 0.104305 -0.109696 -0.967398
1642647880.678761 -0.079796 1.171441 0.447333 -0.202498 0.104518 -0.108339 -0.967643
1642647880.687094 -0.080412 1.171715 0.446767 -0.201843 0.105220 -0.107230 -0.967827
1642647880.695428 -0.081018 1.171952 0.446167 -0.201078 0.105417 -0.105944 -0.968107
1642647880.703761 -0.081627 1.172206 0.445568 -0.200442 0.105507 -0.104514 -0.968384
1642647880.712094 -0.082250 1.172480 0.444995 -0.199588 0.105498 -0.102788 -0.968746
1642647880.720428 -0.082915 1.172806 0.444487 -0.198177 0.105224 -0.100422 -0.969314
1642647880.728761 -0.083499 1.173049 0.443878 -0.197606 0.105347 -0.099038 -0.969559
1642647880.737094 -0.084077 1.173304 0.443273 -0.196964 0.105567 -0.097624 -0.969809
1642647880.745428 -0.084651 1.173555 0.442667 -0.196374 0.105533 -0.096118 -0.970083
1642647880.753761 -0.085218 1.173765 0.442039 -0.195890 0.105100 -0.094340 -0.970403
1642647880.762094 -0.085778 1.174001 0.441441 -0.195367 0.105264 -0.092880 -0.970631
1642647880.770427 -0.086337 1.174237 0.440851 -0.194880 0.105445 -0.091422 -0.970848
1642647880.778761 -0.086900 1.174468 0.440268 -0.194418 0.105612 -0.089890 -0.971065
1642647880.787094 -0.087453 1.174684 0.439690 -0.193983 0.105765 -0.088408 -0.971272
1642647880.795428 -0.088003 1.174882 0.439121 -0.193471 0.106121 -0.086987 -0.971463
1642647880.803761 -0.088545 1.175092 0.438569 -0.193045 0.106695 -0.085515 -0.971616
1642647880.812094 -0.089057 1.175296 0.438031 -0.192364 0.107957 -0.084310 -0.971717
1642647880.820428 -0.089630 1.175504 0.437523 -0.192135 0.108216 -0.082872 -0.971857
1642647880.828761 -0.090218 1.175722 0.437034 -0.191988 0.108501 -0.081430 -0.971976
1642647880.837094 -0.090801 1.175920 0.436523 -0.191433 0.109260 -0.080289 -0.972095
1642647880.845428 -0.091385 1.176118 0.436020 -0.190943 0.109867 -0.079074 -0.972223
1642647880.853761 -0.091949 1.176287 0.435502 -0.190067 0.111131 -0.078128 -0.972327
1642647880.862094 -0.092556 1.176520 0.435040 -0.189993 0.111066 -0.076702 -0.972463
1642647880.870428 -0.093187 1.176787 0.434602 -0.190419 0.110271 -0.075109 -0.972594
1642647880.878761 -0.093819 1.177030 0.434140 -0.190350 0.110153 -0.073772 -0.972723
1642647880.887094 -0.094451 1.177261 0.433666 -0.189976 0.110325 -0.072715 -0.972857
1642647880.895427 -0.095078 1.177483 0.433172 -0.189338 0.111028 -0.071859 -0.972965
1642647880.903761 -0.095700 1.177688 0.432660 -0.188290 0.112262 -0.071264 -0.973070
1642647880.912094 -0.096378 1.177974 0.432203 -0.188392 0.111548 -0.070051 -0.973221
1642647880.920428 -0.097056 1.178229 0.431709 -0.187936 0.111653 -0.069120 -0.973363
1642647880.928761 -0.097743 1.178490 0.431218 -0.187494 0.111702 -0.068306 -0.973500
1642647880.937094 -0.098442 1.178762 0.430722 -0.186991 0.111871 -0.067592 -0.973628
1642647880.945428 -0.099152 1.179056 0.430218 -0.186382 0.111981 -0.066919 -0.973778
1642647880.953761 -0.099865 1.179362 0.429709 -0.185795 0.111830 -0.066257 -0.973953
1642647880.962094 -0.100589 1.179675 0.429197 -0.185147 0.111707 -0.065659 -0.974131
1642647880.970428 -0.101321 1.180009 0.428686 -0.184369 0.111726 -0.065194 -0.974308
1642647880.978761 -0.102061 1.180364 0.428161 -0.183641 0.111547 -0.064746 -0.974495
1642647880.987094 -0.102799 1.180733 0.427630 -0.182815 0.111252 -0.064264 -0.974716
1642647880.995428 -0.103546 1.181126 0.427091 -0.181887 0.111064 -0.063850 -0.974939
1642647881.003761 -0.104299 1.181531 0.426533 -0.180929 0.110882 -0.063424 -0.975165
1642647881.012094 -0.105066 1.181949 0.425952 -0.179935 0.110708 -0.063002 -0.975396
1642647881.020427 -0.105840 1.182388 0.425355 -0.178871 0.110581 -0.062601 -0.975632
1642647881.028761 -0.106611 1.182856 0.424743 -0.177726 0.110611 -0.062179 -0.975865
1642647881.037094 -0.107388 1.183331 0.424105 -0.176433 0.110665 -0.061676 -0.976126
1642647881.045428 -0.108167 1.183814 0.423459 -0.175084 0.110762 -0.061170 -0.976389
1642647881.053761 -0.108953 1.184324 0.422805 -0.173731 0.110980 -0.060675 -0.976637
1642647881.062094 -0.109735 1.184837 0.422142 -0.172278 0.111239 -0.060057 -0.976903
1642647881.070428 -0.110511 1.185344 0.421467 -0.170847 0.111490 -0.059477 -0.977161
1642647881.078761 -0.111295 1.185868 0.420796 -0.169447 0.111699 -0.058884 -0.977417
1642647881.087094 -0.112092 1.186403 0.420139 -0.168210 0.111653 -0.058102 -0.977683
1642647881.095428 -0.112885 1.186906 0.419452 -0.166617 0.112046 -0.057458 -0.977949
1642647881.103761 -0.113684 1.187401 0.418747 -0.164724 0.112770 -0.057011 -0.978212
1642647881.112094 -0.114505 1.187934 0.418074 -0.163281 0.112979 -0.056260 -0.978473
1642647881.120428 -0.115342 1.188462 0.417410 -0.162014 0.112999 -0.055518 -0.978724
1642647881.128761 -0.116175 1.188970 0.416730 -0.160402 0.113527 -0.054945 -0.978961
1642647881.137094 -0.117020 1.189491 0.416061 -0.158907 0.113974 -0.054239 -0.979192
1642647881.145427 -0.117873 1.190008 0.415393 -0.157323 0.114530 -0.053619 -0.979417
1642647881.153761 -0.118730 1.190520 0.414733 -0.155788 0.115098 -0.053088 -0.979625
1642647881.162094 -0.119593 1.191038 0.414075 -0.154211 0.115748 -0.052606 -0.979823
1642647881.170428 -0.120468 1.191543 0.413424 -0.152762 0.116241 -0.052099 -0.980019
1642647881.178761 -0.121353 1.192035 0.412779 -0.151295 0.116828 -0.051623 -0.980202
1642647881.187094 -0.122255 1.192530 0.412139 -0.149885 0.117467 -0.051200 -0.980365
1642647881.195428 -0.123157 1.193017 0.411497 -0.148503 0.118070 -0.050787 -0.980524
1642647881.203761 -0.124057 1.193497 0.410854 -0.147130 0.118751 -0.050449 -0.980666
1642647881.212094 -0.124987 1.193961 0.410232 -0.145949 0.119279 -0.050105 -0.980796
1642647881.220428 -0.125919 1.194406 0.409629 -0.144802 0.119855 -0.049810 -0.980911
1642647881.228761 -0.126865 1.194841 0.409040 -0.143717 0.120451 -0.049657 -0.981005
1642647881.237094 -0.127819 1.195268 0.408461 -0.142741 0.120994 -0.049372 -0.981095
1642647881.245428 -0.128778 1.195680 0.407886 -0.141872 0.121461 -0.049173 -0.981174
1642647881.253761 -0.129747 1.196074 0.407330 -0.141029 0.121972 -0.049065 -0.981237
1642647881.262094 -0.130715 1.196466 0.406793 -0.140255 0.122611 -0.049094 -0.981267
1642647881.270427 -0.131694 1.196860 0.406271 -0.139461 0.123342 -0.049304 -0.981278
1642647881.278761 -0.132685 1.197211 0.405731 -0.138856 0.123379 -0.049180 -0.981365
1642647881.287094 -0.133688 1.197535 0.405188 -0.138300 0.123215 -0.049001 -0.981473
1642647881.295428 -0.134693 1.197858 0.404666 -0.137685 0.123422 -0.049101 -0.981529
1642647881.303761 -0.135709 1.198175 0.404142 -0.137083 0.123618 -0.049234 -0.981582
1642647881.312094 -0.136730 1.198485 0.403617 -0.136496 0.123802 -0.049435 -0.981631
1642647881.320428 -0.137764 1.198782 0.403093 -0.135811 0.124300 -0.049719 -0.981648
1642647881.328761 -0.138811 1.199090 0.402576 -0.135058 0.125159 -0.050188 -0.981619
1642647881.337094 -0.139851 1.199362 0.402017 -0.134440 0.125468 -0.050268 -0.981660
1642647881.345428 -0.140909 1.199616 0.401434 -0.133805 0.125550 -0.050141 -0.981743
1642647881.353761 -0.141960 1.199879 0.400860 -0.133033 0.126237 -0.050377 -0.981748
1642647881.362094 -0.143013 1.200140 0.400267 -0.132219 0.126822 -0.050502 -0.981776
1642647881.370428 -0.144066 1.200396 0.399668 -0.131304 0.127599 -0.050833 -0.981781
1642647881.378761 -0.145116 1.200649 0.399067 -0.130340 0.128589 -0.051413 -0.981750
1642647881.387094 -0.146157 1.200881 0.398432 -0.129467 0.128960 -0.051493 -0.981813
1642647881.395427 -0.147191 1.201111 0.397764 -0.128541 0.129010 -0.051317 -0.981937
1642647881.403761 -0.148263 1.201304 0.397125 -0.127466 0.129925 -0.051906 -0.981926
1642647881.412094 -0.149308 1.201534 0.396476 -0.126280 0.130934 -0.052388 -0.981919
1642647881.420428 -0.150357 1.201731 0.395794 -0.125180 0.131565 -0.052714 -0.981958
1642647881.428761 -0.151402 1.201933 0.395104 -0.124091 0.132153 -0.053009 -0.982002
1642647881.437094 -0.152433 1.202122 0.394398 -0.122980 0.132636 -0.053122 -0.982070
1642647881.445428 -0.153473 1.202296 0.393680 -0.121808 0.133026 -0.053251 -0.982156
1642647881.453761 -0.154503 1.202500 0.392978 -0.120531 0.133976 -0.053846 -0.982152
1642647881.462094 -0.155525 1.202695 0.392251 -0.119267 0.134551 -0.054152 -0.982211
1642647881.470428 -0.156539 1.202898 0.391532 -0.117997 0.135023 -0.054439 -0.982284
1642647881.478761 -0.157544 1.203102 0.390792 -0.116663 0.135517 -0.054732 -0.982359
1642647881.487094 -0.158536 1.203301 0.390056 -0.115354 0.135885 -0.055018 -0.982447
1642647881.495428 -0.159517 1.203498 0.389313 -0.114108 0.136177 -0.055294 -0.982536
1642647881.503761 -0.160494 1.203709 0.388565 -0.112822 0.136443 -0.055545 -0.982634
1642647881.512094 -0.161447 1.203921 0.387824 -0.111556 0.136629 -0.055889 -0.982733
1642647881.520427 -0.162386 1.204136 0.387083 -0.110318 0.136725 -0.056154 -0.982844
1642647881.528761 -0.163305 1.204351 0.386348 -0.109185 0.136717 -0.056351 -0.982961
1642647881.537094 -0.164206 1.204558 0.385613 -0.108051 0.136687 -0.056581 -0.983077
1642647881.545428 -0.165089 1.204772 0.384893 -0.106899 0.136735 -0.056767 -0.983186
1642647881.553761 -0.165965 1.204986 0.384178 -0.105776 0.136700 -0.056949 -0.983301
1642647881.562094 -0.166813 1.205209 0.383463 -0.104660 0.136686 -0.057047 -0.983417
1642647881.570428 -0.167642 1.205446 0.382753 -0.103553 0.136699 -0.057111 -0.983529
1642647881.578761 -0.168458 1.205692 0.382062 -0.102263 0.136791 -0.057189 -0.983646
1642647881.587094 -0.169259 1.205945 0.381410 -0.100596 0.136943 -0.057115 -0.983801
1642647881.595428 -0.170018 1.206212 0.380700 -0.099436 0.137039 -0.057071 -0.983908
1642647881.603761 -0.170748 1.206472 0.379995 -0.098332 0.137035 -0.056990 -0.984025
1642647881.612094 -0.171458 1.206736 0.379282 -0.097188 0.137100 -0.056893 -0.984135
1642647881.620428 -0.172150 1.207002 0.378552 -0.096030 0.137247 -0.056837 -0.984231
1642647881.628761 -0.172810 1.207265 0.377826 -0.094878 0.137230 -0.056667 -0.984355
1642647881.637094 -0.173437 1.207524 0.377092 -0.093712 0.137113 -0.056409 -0.984498
1642647881.645427 -0.174042 1.207780 0.376355 -0.092551 0.137036 -0.056242 -0.984628
1642647881.653761 -0.174630 1.208038 0.375611 -0.091404 0.136924 -0.056090 -0.984759
1642647881.662094 -0.175201 1.208300 0.374885 -0.090252 0.136725 -0.055896 -0.984904
1642647881.670428 -0.175754 1.208576 0.374168 -0.089045 0.136495 -0.055717 -0.985056
1642647881.678761 -0.176294 1.208854 0.373454 -0.087911 0.136247 -0.055475 -0.985206
1642647881.687094 -0.176829 1.209142 0.372750 -0.086715 0.136131 -0.055238 -0.985341
1642647881.695428 -0.177349 1.209439 0.372052 -0.085519 0.136083 -0.054981 -0.985467
1642647881.703761 -0.177858 1.209741 0.371358 -0.084399 0.136123 -0.054821 -0.985567
1642647881.712094 -0.178366 1.210040 0.370666 -0.083308 0.136292 -0.054597 -0.985649
1642647881.720428 -0.178874 1.210358 0.369967 -0.082214 0.136465 -0.054301 -0.985733
1642647881.728761 -0.179367 1.210683 0.369269 -0.081171 0.136632 -0.053993 -0.985813
1642647881.737094 -0.179847 1.211008 0.368555 -0.080094 0.136897 -0.053741 -0.985878
1642647881.745428 -0.180322 1.211348 0.367825 -0.079008 0.137031 -0.053494 -0.985961
1642647881.753761 -0.180793 1.211708 0.367079 -0.077848 0.137110 -0.053279 -0.986054
1642647881.762094 -0.181247 1.212088 0.366311 -0.076546 0.137191 -0.053045 -0.986157
1642647881.770427 -0.181686 1.212480 0.365513 -0.075319 0.136949 -0.052728 -0.986302
1642647881.778761 -0.182148 1.212815 0.364731 -0.074076 0.136764 -0.052657 -0.986426
1642647881.787094 -0.182578 1.213196 0.363931 -0.072729 0.136497 -0.052459 -0.986573
1642647881.795428 -0.183009 1.213580 0.363128 -0.071400 0.136091 -0.052177 -0.986742
1642647881.803761 -0.183438 1.213949 0.362321 -0.070038 0.135848 -0.051979 -0.986883
1642647881.812094 -0.183853 1.214316 0.361520 -0.068732 0.135587 -0.051735 -0.987024
1642647881.820428 -0.184271 1.214692 0.360715 -0.067494 0.135229 -0.051361 -0.987178
1642647881.828761 -0.184690 1.215092 0.359904 -0.066280 0.134896 -0.050833 -0.987333
1642647881.837094 -0.185156 1.215455 0.359109 -0.065088 0.135038 -0.050622 -0.987404
1642647881.845428 -0.185604 1.215846 0.358285 -0.063882 0.135177 -0.050275 -0.987481
1642647881.853761 -0.186060 1.216239 0.357466 -0.062584 0.135480 -0.049854 -0.987544
1642647881.862094 -0.186525 1.216640 0.356636 -0.061350 0.135845 -0.049369 -0.987596
1642647881.870428 -0.186999 1.217039 0.355804 -0.060120 0.136239 -0.048898 -0.987641
1642647881.878761 -0.187481 1.217427 0.354978 -0.058931 0.136681 -0.048381 -0.987677
1642647881.887094 -0.187956 1.217792 0.354142 -0.057559 0.137459 -0.047952 -0.987670
1642647881.895427 -0.188415 1.218109 0.353304 -0.055831 0.138832 -0.047865 -0.987582
1642647881.903761 -0.188908 1.218467 0.352501 -0.054754 0.139438 -0.047370 -0.987580
1642647881.912094 -0.189417 1.218828 0.351704 -0.053731 0.139913 -0.046788 -0.987597
1642647881.920428 -0.189923 1.219182 0.350911 -0.052790 0.140433 -0.046168 -0.987603
1642647881.928761 -0.190428 1.219537 0.350100 -0.051909 0.140909 -0.045435 -0.987616
1642647881.937094 -0.190983 1.219841 0.349286 -0.050943 0.141608 -0.044991 -0.987587
1642647881.945428 -0.191510 1.220191 0.348446 -0.049920 0.142164 -0.044288 -0.987591
1642647881.953761 -0.192032 1.220563 0.347578 -0.048959 0.142558 -0.043533 -0.987616
1642647881.962094 -0.192598 1.220892 0.346719 -0.047957 0.143035 -0.043014 -0.987619
1642647881.970428 -0.193195 1.221199 0.345838 -0.046867 0.143589 -0.042592 -0.987609
1642647881.978761 -0.193770 1.221516 0.344940 -0.045783 0.144018 -0.042042 -0.987621
1642647881.987094 -0.194356 1.221818 0.344032 -0.044693 0.144433 -0.041460 -0.987635
1642647881.995428 -0.194948 1.222123 0.343112 -0.043674 0.144738 -0.040778 -0.987664
1642647882.003761 -0.195549 1.222422 0.342189 -0.042659 0.145087 -0.040159 -0.987683
1642647882.012094 -0.196203 1.222669 0.341283 -0.041723 0.145721 -0.039722 -0.987647
1642647882.020427 -0.196846 1.222930 0.340360 -0.040815 0.146181 -0.039178 -0.987639
1642647882.028761 -0.197508 1.223188 0.339420 -0.039900 0.146689 -0.038599 -0.987624
1642647882.037094 -0.198176 1.223441 0.338471 -0.038898 0.147414 -0.038145 -0.987573
1642647882.045428 -0.198858 1.223689 0.337509 -0.037851 0.148118 -0.037730 -0.987525
1642647882.053761 -0.199577 1.223944 0.336520 -0.036899 0.148594 -0.037249 -0.987507
1642647882.062094 -0.200281 1.224176 0.335560 -0.035957 0.149417 -0.036815 -0.987434
1642647882.070428 -0.201009 1.224398 0.334581 -0.035082 0.150145 -0.036398 -0.987371
1642647882.078761 -0.201751 1.224605 0.333591 -0.034205 0.150891 -0.036027 -0.987301
1642647882.087094 -0.202487 1.224806 0.332610 -0.033330 0.151812 -0.035559 -0.987207
1642647882.095428 -0.203240 1.225009 0.331605 -0.032546 0.152631 -0.035131 -0.987122
1642647882.103761 -0.204052 1.225152 0.330605 -0.031877 0.153565 -0.034951 -0.987006
1642647882.112094 -0.204824 1.225309 0.329636 -0.031227 0.154756 -0.034562 -0.986854
1642647882.120428 -0.205634 1.225463 0.328641 -0.030589 0.155787 -0.034179 -0.986725
1642647882.128761 -0.206451 1.225615 0.327633 -0.030023 0.156837 -0.033819 -0.986589
1642647882.137094 -0.207286 1.225766 0.326602 -0.029463 0.157900 -0.033375 -0.986451
1642647882.145427 -0.208117 1.225911 0.325547 -0.028679 0.159303 -0.033181 -0.986255
1642647882.153761 -0.208950 1.226053 0.324497 -0.028019 0.160666 -0.032803 -0.986066
1642647882.162094 -0.209801 1.226191 0.323406 -0.027292 0.161872 -0.032414 -0.985902
1642647882.170428 -0.210636 1.226312 0.322340 -0.026541 0.163289 -0.032071 -0.985700
1642647882.178761 -0.211499 1.226432 0.321216 -0.025758 0.164554 -0.031778 -0.985520
1642647882.187094 -0.212378 1.226550 0.320076 -0.025004 0.165481 -0.031416 -0.985395
1642647882.195428 -0.213219 1.226656 0.318952 -0.024117 0.166984 -0.031134 -0.985173
1642647882.203761 -0.214087 1.226771 0.317767 -0.023239 0.167978 -0.030738 -0.985037
1642647882.212094 -0.214977 1.226822 0.316616 -0.022337 0.169301 -0.030525 -0.984838
1642647882.220428 -0.215860 1.226898 0.315436 -0.021461 0.170567 -0.030209 -0.984649
1642647882.228761 -0.216744 1.226978 0.314254 -0.020653 0.171737 -0.029867 -0.984473
1642647882.237094 -0.217648 1.227055 0.313004 -0.019714 0.172908 -0.029650 -0.984294
1642647882.245428 -0.218531 1.227151 0.311772 -0.018750 0.174256 -0.029335 -0.984085
1642647882.253761 -0.219500 1.227196 0.310498 -0.017723 0.175436 -0.029353 -0.983894
1642647882.262094 -0.220445 1.227273 0.309220 -0.016798 0.176598 -0.029143 -0.983708
1642647882.270427 -0.221394 1.227350 0.307918 -0.015840 0.177688 -0.028923 -0.983534
1642647882.278761 -0.222354 1.227421 0.306600 -0.014772 0.179006 -0.028908 -0.983312
1642647882.287094 -0.223331 1.227488 0.305301 -0.013841 0.180288 -0.028806 -0.983095
1642647882.295428 -0.224310 1.227541 0.303990 -0.013043 0.181488 -0.028763 -0.982886
1642647882.303761 -0.225316 1.227601 0.302642 -0.012247 0.182521 -0.028837 -0.982703
1642647882.312094 -0.226317 1.227646 0.301307 -0.011533 0.183561 -0.028842 -0.982517
1642647882.320428 -0.227337 1.227683 0.299980 -0.010782 0.184684 -0.028933 -0.982313
1642647882.328761 -0.228373 1.227705 0.298669 -0.010103 0.185889 -0.029156 -0.982086
1642647882.337094 -0.229410 1.227728 0.297359 -0.009704 0.187026 -0.029363 -0.981868
1642647882.345428 -0.230447 1.227745 0.296035 -0.009705 0.188285 -0.029738 -0.981616
1642647882.353761 -0.231522 1.227753 0.294776 -0.009430 0.189505 -0.029957 -0.981377
1642647882.362094 -0.232609 1.227760 0.293526 -0.009104 0.190842 -0.030211 -0.981113
1642647882.370428 -0.233705 1.227752 0.292309 -0.008931 0.192239 -0.030520 -0.980833
1642647882.378761 -0.234815 1.227734 0.291106 -0.008843 0.193695 -0.030795 -0.980539
1642647882.387094 -0.235933 1.227736 0.289936 -0.008777 0.195211 -0.031060 -0.980230
1642647882.395427 -0.237061 1.227724 0.288777 -0.008777 0.196677 -0.031403 -0.979926
1642647882.403761 -0.238195 1.227722 0.287619 -0.008767 0.198225 -0.031743 -0.979603
1642647882.412094 -0.239343 1.227747 0.286450 -0.008629 0.199904 -0.032257 -0.979246
1642647882.420428 -0.240468 1.227690 0.285322 -0.008702 0.201271 -0.032530 -0.978957
1642647882.428761 -0.241589 1.227589 0.284228 -0.008920 0.202430 -0.032709 -0.978710
1642647882.437094 -0.242740 1.227549 0.283126 -0.008994 0.203802 -0.033092 -0.978411
1642647882.445428 -0.243890 1.227495 0.282036 -0.009121 0.205168 -0.033467 -0.978112
1642647882.453761 -0.245045 1.227431 0.280962 -0.009351 0.206360 -0.033823 -0.977847
1642647882.462094 -0.246199 1.227345 0.279900 -0.009551 0.207642 -0.034171 -0.977561
1642647882.470428 -0.247362 1.227252 0.278853 -0.009820 0.208888 -0.034510 -0.977281
1642647882.478761 -0.248517 1.227151 0.277830 -0.010082 0.210230 -0.034889 -0.976977
1642647882.487094 -0.249681 1.227042 0.276815 -0.010401 0.211589 -0.035315 -0.976665
1642647882.495428 -0.250847 1.226940 0.275812 -0.010752 0.213073 -0.035776 -0.976322
1642647882.503761 -0.252005 1.226833 0.274822 -0.011071 0.214587 -0.036254 -0.975969
1642647882.512094 -0.253168 1.226720 0.273856 -0.011491 0.215959 -0.036621 -0.975648
1642647882.520427 -0.254317 1.226610 0.272908 -0.011947 0.217446 -0.037044 -0.975296
1642647882.528761 -0.255467 1.226498 0.271977 -0.012417 0.218856 -0.037501 -0.974957
1642647882.537094 -0.256623 1.226390 0.271052 -0.012931 0.220387 -0.038016 -0.974586
1642647882.545428 -0.257770 1.226278 0.270143 -0.013435 0.221826 -0.038559 -0.974231
1642647882.553761 -0.258913 1.226157 0.269261 -0.013954 0.223240 -0.039167 -0.973876
1642647882.562094 -0.260056 1.226033 0.268393 -0.014596 0.224496 -0.039694 -0.973557
1642647882.570428 -0.261197 1.225912 0.267551 -0.015073 0.225732 -0.040286 -0.973239
1642647882.578761 -0.262338 1.225778 0.266710 -0.015708 0.227017 -0.040866 -0.972906
1642647882.587094 -0.263460 1.225638 0.265892 -0.016258 0.228183 -0.041478 -0.972598
1642647882.595428 -0.264574 1.225502 0.265071 -0.016750 0.229473 -0.042112 -0.972259
1642647882.603761 -0.265675 1.225379 0.264250 -0.017281 0.230695 -0.042707 -0.971935
1642647882.612094 -0.266781 1.225232 0.263452 -0.017829 0.231869 -0.043363 -0.971617
1642647882.620428 -0.267882 1.225068 0.262662 -0.018469 0.232919 -0.043936 -0.971327
1642647882.628761 -0.268996 1.224898 0.261891 -0.019032 0.234032 -0.044709 -0.971014
1642647882.637094 -0.270094 1.224756 0.261092 -0.019565 0.235192 -0.045460 -0.970688
1642647882.645427 -0.271170 1.224609 0.260296 -0.020127 0.236093 -0.045973 -0.970434
1642647882.653761 -0.272238 1.224436 0.259480 -0.020926 0.236388 -0.046012 -0.970343
1642647882.662094 -0.273302 1.224303 0.258705 -0.021476 0.237166 -0.046552 -0.970116
1642647882.670428 -0.274363 1.224173 0.257901 -0.022037 0.237935 -0.047153 -0.969886
1642647882.678761 -0.275420 1.224041 0.257113 -0.022312 0.238588 -0.047701 -0.969692
1642647882.687094 -0.276477 1.223902 0.256373 -0.022446 0.239215 -0.048253 -0.969507
1642647882.695428 -0.277518 1.223776 0.255594 -0.022849 0.240095 -0.048969 -0.969244
1642647882.703761 -0.278555 1.223647 0.254822 -0.023304 0.240881 -0.049698 -0.969001
1642647882.712094 -0.279587 1.223529 0.254069 -0.023781 0.241701 -0.050467 -0.968746
1642647882.720428 -0.280606 1.223393 0.253318 -0.024286 0.242409 -0.051152 -0.968520
1642647882.728761 -0.281614 1.223251 0.252574 -0.024824 0.242902 -0.051727 -0.968353
1642647882.737094 -0.282617 1.223120 0.251831 -0.025225 0.243780 -0.052568 -0.968076
1642647882.745428 -0.283613 1.222982 0.251126 -0.025790 0.244482 -0.053314 -0.967843
1642647882.753761 -0.284604 1.222846 0.250444 -0.026344 0.245235 -0.054026 -0.967599
1642647882.762094 -0.285599 1.222713 0.249773 -0.026863 0.246181 -0.054904 -0.967295
1642647882.770427 -0.286573 1.222565 0.249115 -0.027499 0.246872 -0.055622 -0.967059
1642647882.778761 -0.287544 1.222420 0.248473 -0.028045 0.247605 -0.056418 -0.966810
1642647882.787094 -0.288504 1.222270 0.247846 -0.028666 0.248316 -0.057123 -0.966568
1642647882.795428 -0.289464 1.222139 0.247234 -0.029209 0.249126 -0.057969 -0.966293
1642647882.803761 -0.290397 1.222014 0.246641 -0.029827 0.249788 -0.058710 -0.966059
1642647882.812094 -0.291321 1.221889 0.246074 -0.030431 0.250527 -0.059526 -0.965799
1642647882.820428 -0.292228 1.221779 0.245527 -0.031052 0.251139 -0.060368 -0.965568
1642647882.828761 -0.293129 1.221676 0.245005 -0.031684 0.251704 -0.061166 -0.965350
1642647882.837094 -0.294013 1.221567 0.244509 -0.032389 0.252117 -0.061936 -0.965169
1642647882.845428 -0.294873 1.221450 0.244036 -0.033371 0.252333 -0.062583 -0.965038
1642647882.853761 -0.295723 1.221353 0.243529 -0.034489 0.252755 -0.063429 -0.964833
1642647882.862094 -0.296563 1.221241 0.243096 -0.035123 0.253133 -0.064330 -0.964651
1642647882.870428 -0.297407 1.221134 0.242675 -0.035898 0.253308 -0.065060 -0.964528
1642647882.878761 -0.298224 1.221024 0.242287 -0.036691 0.253500 -0.065902 -0.964390
1642647882.887094 -0.299037 1.220925 0.241918 -0.037506 0.253633 -0.066715 -0.964268
1642647882.895427 -0.299843 1.220819 0.241562 -0.038419 0.253805 -0.067404 -0.964139
1642647882.903761 -0.300636 1.220712 0.241235 -0.039391 0.254010 -0.068167 -0.963992
1642647882.912094 -0.301414 1.220612 0.240927 -0.040325 0.254221 -0.068893 -0.963846
1642647882.920428 -0.302177 1.220512 0.240614 -0.041283 0.254487 -0.069536 -0.963689
1642647882.928761 -0.302927 1.220413 0.240293 -0.042374 0.254629 -0.070126 -0.963562
1642647882.937094 -0.303671 1.220318 0.239987 -0.043309 0.254874 -0.070781 -0.963407
1642647882.945428 -0.304401 1.220231 0.239687 -0.044215 0.255154 -0.071505 -0.963239
1642647882.953761 -0.305124 1.220140 0.239387 -0.045180 0.255357 -0.072177 -0.963090
1642647882.962094 -0.305840 1.220057 0.239091 -0.046120 0.255452 -0.072829 -0.962971
1642647882.970428 -0.306555 1.219977 0.238812 -0.047026 0.255484 -0.073484 -0.962869
1642647882.978761 -0.307259 1.219913 0.238546 -0.047744 0.255787 -0.074399 -0.962683
1642647882.987094 -0.307985 1.219885 0.238289 -0.048404 0.256447 -0.075699 -0.962373
1642647882.995428 -0.308669 1.219811 0.238024 -0.049411 0.256233 -0.076223 -0.962337
1642647883.003761 -0.309341 1.219744 0.237762 -0.050294 0.255989 -0.076788 -0.962312
1642647883.012094 -0.310002 1.219674 0.237496 -0.051087 0.255738 -0.077402 -0.962287
1642647883.020427 -0.310663 1.219598 0.237222 -0.051903 0.255477 -0.077992 -0.962266
1642647883.028761 -0.311321 1.219515 0.236942 -0.052734 0.255172 -0.078583 -0.962253
1642647883.037094 -0.311970 1.219426 0.236678 -0.053525 0.254847 -0.079169 -0.962248
1642647883.045428 -0.312613 1.219325 0.236419 -0.054320 0.254522 -0.079790 -0.962238
1642647883.053761 -0.313252 1.219205 0.236171 -0.055117 0.254207 -0.080406 -0.962224
1642647883.062094 -0.313900 1.219077 0.235927 -0.055940 0.254008 -0.081149 -0.962167
1642647883.070428 -0.314541 1.218938 0.235697 -0.056772 0.253813 -0.081797 -0.962115
1642647883.078761 -0.315177 1.218783 0.235474 -0.057704 0.253556 -0.082398 -0.962076
1642647883.087094 -0.315820 1.218619 0.235258 -0.058567 0.253388 -0.083040 -0.962013
1642647883.095428 -0.316471 1.218441 0.235034 -0.059392 0.253327 -0.083768 -0.961915
1642647883.103761 -0.317115 1.218253 0.234817 -0.060225 0.253283 -0.084401 -0.961820
1642647883.112094 -0.317757 1.218053 0.234593 -0.061094 0.253297 -0.085095 -0.961700
1642647883.120428 -0.318395 1.217846 0.234359 -0.061958 0.253372 -0.085785 -0.961564
1642647883.128761 -0.319041 1.217639 0.234128 -0.062738 0.253464 -0.086475 -0.961427
1642647883.137094 -0.319676 1.217412 0.233891 -0.063514 0.253610 -0.087170 -0.961275
1642647883.145427 -0.320303 1.217168 0.233647 -0.064272 0.253781 -0.087868 -0.961116
1642647883.153761 -0.320931 1.216901 0.233399 -0.065027 0.254017 -0.088589 -0.960936
1642647883.162094 -0.321554 1.216619 0.233142 -0.065715 0.254316 -0.089390 -0.960736
1642647883.170428 -0.322174 1.216314 0.232896 -0.066474 0.254393 -0.090027 -0.960604
1642647883.178761 -0.322792 1.215978 0.232659 -0.067322 0.254268 -0.090641 -0.960521
1642647883.187094 -0.323400 1.215639 0.232388 -0.067882 0.254729 -0.091524 -0.960275
1642647883.195428 -0.324018 1.215283 0.232116 -0.068320 0.255619 -0.092668 -0.959898
1642647883.203761 -0.324628 1.214906 0.231835 -0.068953 0.255619 -0.093431 -0.959779
1642647883.212094 -0.325242 1.214515 0.231546 -0.069563 0.255756 -0.094309 -0.959612
1642647883.220428 -0.325841 1.214102 0.231269 -0.070207 0.255932 -0.095243 -0.959426
1642647883.228761 -0.326442 1.213673 0.230994 -0.070886 0.256049 -0.096168 -0.959253
1642647883.237094 -0.327031 1.213229 0.230711 -0.071611 0.256156 -0.097050 -0.959081
1642647883.245428 -0.327601 1.212768 0.230428 -0.072362 0.256072 -0.097872 -0.958964
1642647883.253761 -0.328172 1.212291 0.230135 -0.073089 0.256128 -0.098805 -0.958798
1642647883.262094 -0.328734 1.211810 0.229832 -0.073701 0.256268 -0.099768 -0.958614
1642647883.270427 -0.329277 1.211303 0.229510 -0.074415 0.256389 -0.100738 -0.958425
1642647883.278761 -0.329819 1.210802 0.229207 -0.075215 0.256385 -0.101637 -0.958269
1642647883.287094 -0.330352 1.210298 0.228913 -0.075991 0.256400 -0.102584 -0.958103
1642647883.295428 -0.330882 1.209771 0.228643 -0.076947 0.256290 -0.103378 -0.957971
1642647883.303761 -0.331404 1.209234 0.228337 -0.077806 0.256312 -0.104220 -0.957804
1642647883.312094 -0.331911 1.208695 0.228037 -0.078749 0.256309 -0.105037 -0.957639
1642647883.320428 -0.332405 1.208142 0.227740 -0.079666 0.256338 -0.105878 -0.957462
1642647883.328761 -0.332898 1.207593 0.227445 -0.080621 0.256223 -0.106645 -0.957328
1642647883.337094 -0.333382 1.207029 0.227144 -0.081481 0.256469 -0.107563 -0.957087
1642647883.345428 -0.333876 1.206455 0.226837 -0.082454 0.256535 -0.108385 -0.956893
1642647883.353761 -0.334363 1.205881 0.226530 -0.083399 0.256456 -0.109140 -0.956746
1642647883.362094 -0.334853 1.205301 0.226219 -0.084316 0.256508 -0.109962 -0.956558
1642647883.370428 -0.335340 1.204740 0.225895 -0.085245 0.256548 -0.110823 -0.956365
1642647883.378761 -0.335810 1.204151 0.225575 -0.086174 0.256801 -0.111695 -0.956113
1642647883.387094 -0.336294 1.203568 0.225272 -0.087248 0.256777 -0.112475 -0.955930
1642647883.395427 -0.336790 1.203004 0.224947 -0.088220 0.256896 -0.113277 -0.955714
1642647883.403761 -0.337281 1.202442 0.224630 -0.089289 0.257057 -0.114062 -0.955479
1642647883.412094 -0.337775 1.201892 0.224311 -0.090400 0.257078 -0.114795 -0.955281
1642647883.420428 -0.338259 1.201345 0.223973 -0.091296 0.257490 -0.115730 -0.954971
1642647883.428761 -0.338754 1.200824 0.223631 -0.092210 0.257879 -0.116571 -0.954676
1642647883.437094 -0.339261 1.200307 0.223309 -0.093279 0.258022 -0.117323 -0.954442
1642647883.445428 -0.339787 1.199807 0.222993 -0.094332 0.258116 -0.118106 -0.954216
1642647883.453761 -0.340287 1.199311 0.222666 -0.095229 0.258429 -0.118993 -0.953932
1642647883.462094 -0.340786 1.198815 0.222328 -0.096123 0.258683 -0.119749 -0.953679
1642647883.470428 -0.341325 1.198341 0.222029 -0.097126 0.258800 -0.120452 -0.953457
1642647883.478761 -0.341841 1.197886 0.221706 -0.098064 0.258858 -0.121131 -0.953259
1642647883.487094 -0.342361 1.197438 0.221372 -0.098922 0.258991 -0.121841 -0.953044
1642647883.495428 -0.342880 1.197003 0.221046 -0.099762 0.259206 -0.122586 -0.952803
1642647883.503761 -0.343405 1.196584 0.220715 -0.100668 0.259247 -0.123237 -0.952612
1642647883.512094 -0.343926 1.196162 0.220370 -0.101415 0.259502 -0.123915 -0.952375
1642647883.520427 -0.344442 1.195736 0.220019 -0.102103 0.259820 -0.124654 -0.952119
1642647883.528761 -0.344961 1.195319 0.219677 -0.102881 0.259984 -0.125341 -0.951900
1642647883.537094 -0.345486 1.194915 0.219342 -0.103616 0.260113 -0.125988 -0.951699
1642647883.545428 -0.346014 1.194515 0.218998 -0.104331 0.260447 -0.126652 -0.951442
1642647883.553761 -0.346545 1.194119 0.218645 -0.105103 0.260742 -0.127383 -0.951179
1642647883.562094 -0.347078 1.193715 0.218300 -0.106102 0.260876 -0.128126 -0.950931
1642647883.570428 -0.347600 1.193301 0.217964 -0.106964 0.261263 -0.128988 -0.950612
1642647883.578761 -0.348121 1.192877 0.217632 -0.107861 0.261633 -0.129782 -0.950300
1642647883.587094 -0.348653 1.192444 0.217297 -0.108909 0.261842 -0.130521 -0.950022
1642647883.595428 -0.349178 1.192012 0.216962 -0.109893 0.262067 -0.131321 -0.949736
1642647883.603761 -0.349721 1.191579 0.216632 -0.110855 0.262191 -0.132177 -0.949472
1642647883.612094 -0.350250 1.191145 0.216297 -0.111747 0.262412 -0.133053 -0.949184
1642647883.620428 -0.350776 1.190711 0.215964 -0.112597 0.262661 -0.133932 -0.948891
1642647883.628761 -0.351304 1.190276 0.215626 -0.113294 0.263005 -0.134896 -0.948576
1642647883.637094 -0.351842 1.189852 0.215294 -0.114084 0.262928 -0.135735 -0.948383
1642647883.645427 -0.352372 1.189417 0.214963 -0.114765 0.263000 -0.136657 -0.948148
1642647883.653761 -0.352891 1.188979 0.214632 -0.115390 0.263191 -0.137508 -0.947896
1642647883.662094 -0.353409 1.188534 0.214312 -0.116084 0.263277 -0.138310 -0.947671
1642647883.670428 -0.353917 1.188080 0.213998 -0.116714 0.263455 -0.139142 -0.947422
1642647883.678761 -0.354420 1.187626 0.213683 -0.117374 0.263607 -0.139962 -0.947178
1642647883.687094 -0.354915 1.187165 0.213376 -0.117997 0.263681 -0.140771 -0.946960
1642647883.695428 -0.355391 1.186696 0.213080 -0.118618 0.263805 -0.141575 -0.946728
1642647883.703761 -0.355875 1.186214 0.212792 -0.119237 0.263904 -0.142337 -0.946508
1642647883.712094 -0.356353 1.185741 0.212507 -0.119910 0.263666 -0.142895 -0.946405
1642647883.720428 -0.356821 1.185259 0.212196 -0.120633 0.263011 -0.143329 -0.946430
1642647883.728761 -0.357293 1.184766 0.211935 -0.121375 0.262948 -0.144007 -0.946250
1642647883.737094 -0.357762 1.184262 0.211689 -0.122090 0.262835 -0.144657 -0.946090
1642647883.745428 -0.358224 1.183756 0.211462 -0.122851 0.262831 -0.145278 -0.945898
1642647883.753761 -0.358693 1.183255 0.211246 -0.123727 0.262820 -0.145827 -0.945702
1642647883.762094 -0.359155 1.182747 0.211028 -0.124543 0.262911 -0.146329 -0.945492
1642647883.770427 -0.359614 1.182237 0.210805 -0.125442 0.262938 -0.146801 -0.945292
1642647883.778761 -0.360071 1.181732 0.210591 -0.126353 0.262894 -0.147220 -0.945118
1642647883.787094 -0.360518 1.181229 0.210378 -0.127216 0.263158 -0.147623 -0.944866
1642647883.795428 -0.360950 1.180734 0.210166 -0.128163 0.263407 -0.147974 -0.944613
1642647883.803761 -0.361386 1.180257 0.209954 -0.129176 0.263682 -0.148240 -0.944357
1642647883.812094 -0.361814 1.179778 0.209744 -0.130167 0.263881 -0.148455 -0.944132
1642647883.820428 -0.362232 1.179305 0.209536 -0.131122 0.264041 -0.148633 -0.943927
1642647883.828761 -0.362636 1.178836 0.209335 -0.132094 0.264222 -0.148828 -0.943710
1642647883.837094 -0.363039 1.178361 0.209136 -0.133075 0.264346 -0.148925 -0.943522
1642647883.845428 -0.363432 1.177887 0.208947 -0.134074 0.264438 -0.149052 -0.943335
1642647883.853761 -0.363819 1.177417 0.208772 -0.135089 0.264323 -0.149104 -0.943214
1642647883.862094 -0.364201 1.176952 0.208598 -0.136107 0.264179 -0.149195 -0.943093
1642647883.870428 -0.364597 1.176540 0.208409 -0.137071 0.264094 -0.148964 -0.943014
1642647883.878761 -0.365045 1.176247 0.208174 -0.138055 0.264049 -0.147730 -0.943077
1642647883.887094 -0.365410 1.175784 0.208015 -0.139129 0.263807 -0.147722 -0.942988
1642647883.895427 -0.365786 1.175323 0.207877 -0.140126 0.263558 -0.147659 -0.942920
1642647883.903761 -0.366144 1.174854 0.207738 -0.141181 0.263392 -0.147633 -0.942814
1642647883.912094 -0.366502 1.174385 0.207601 -0.142342 0.263194 -0.147604 -0.942699
1642647883.920428 -0.366861 1.173916 0.207470 -0.143568 0.263007 -0.147572 -0.942570
1642647883.928761 -0.367210 1.173452 0.207332 -0.144698 0.262895 -0.147537 -0.942434
1642647883.937094 -0.367567 1.172997 0.207206 -0.145863 0.262692 -0.147337 -0.942342
1642647883.945428 -0.367917 1.172532 0.207070 -0.147002 0.262643 -0.147142 -0.942209
1642647883.953761 -0.368269 1.172074 0.206928 -0.148100 0.262599 -0.146907 -0.942086
1642647883.962094 -0.368620 1.171621 0.206788 -0.149146 0.262609 -0.146660 -0.941957
1642647883.970428 -0.368965 1.171171 0.206643 -0.150281 0.262597 -0.146414 -0.941818
1642647883.978761 -0.369314 1.170733 0.206491 -0.151281 0.262750 -0.146127 -0.941660
1642647883.987094 -0.369656 1.170302 0.206332 -0.152346 0.262943 -0.145814 -0.941483
1642647883.995428 -0.369993 1.169868 0.206164 -0.153446 0.263181 -0.145488 -0.941288
1642647884.003761 -0.370327 1.169442 0.205995 -0.154484 0.263361 -0.145049 -0.941136
1642647884.012094 -0.370659 1.169025 0.205822 -0.155458 0.263651 -0.144693 -0.940949
1642647884.020427 -0.371001 1.168618 0.205638 -0.156367 0.264055 -0.144250 -0.940753
1642647884.028761 -0.371338 1.168221 0.205447 -0.157320 0.264447 -0.143793 -0.940554
1642647884.037094 -0.371683 1.167835 0.205251 -0.158249 0.264844 -0.143357 -0.940353
1642647884.045428 -0.372029 1.167462 0.205056 -0.158991 0.265364 -0.142870 -0.940156
1642647884.053761 -0.372376 1.167105 0.204851 -0.159773 0.265928 -0.142406 -0.939934
1642647884.062094 -0.372723 1.166754 0.204639 -0.160530 0.266522 -0.141901 -0.939713
1642647884.070428 -0.373071 1.166408 0.204417 -0.161217 0.267094 -0.141377 -0.939512
1642647884.078761 -0.373412 1.166065 0.204202 -0.161834 0.267663 -0.140953 -0.939307
1642647884.087094 -0.373763 1.165740 0.203989 -0.162413 0.268223 -0.140439 -0.939125
1642647884.095428 -0.374124 1.165424 0.203771 -0.162996 0.268743 -0.139900 -0.938956
1642647884.103761 -0.374486 1.165122 0.203546 -0.163510 0.269345 -0.139442 -0.938762
1642647884.112094 -0.374850 1.164824 0.203323 -0.164034 0.269915 -0.139026 -0.938568
1642647884.120428 -0.375224 1.164540 0.203108 -0.164539 0.270437 -0.138597 -0.938393
1642647884.128761 -0.375610 1.164272 0.202886 -0.165089 0.270995 -0.138105 -0.938208
1642647884.137094 -0.376000 1.164010 0.202659 -0.165540 0.271584 -0.137626 -0.938029
1642647884.145427 -0.376387 1.163758 0.202436 -0.165976 0.272045 -0.137227 -0.937876
1642647884.153761 -0.376774 1.163516 0.202214 -0.166401 0.272526 -0.136843 -0.937718
1642647884.162094 -0.377170 1.163289 0.201992 -0.166805 0.273110 -0.136435 -0.937535
1642647884.170428 -0.377560 1.163075 0.201768 -0.167160 0.273755 -0.136067 -0.937337
1642647884.178761 -0.377954 1.162878 0.201545 -0.167551 0.274301 -0.135695 -0.937162
1642647884.187094 -0.378349 1.162684 0.201322 -0.167884 0.274888 -0.135350 -0.936980
1642647884.195428 -0.378743 1.162500 0.201100 -0.168193 0.275428 -0.134959 -0.936823
1642647884.203761 -0.379141 1.162337 0.200873 -0.168478 0.275974 -0.134456 -0.936683
1642647884.212094 -0.379522 1.162176 0.200641 -0.168837 0.276414 -0.133986 -0.936556
1642647884.220428 -0.379897 1.162040 0.200415 -0.169089 0.276921 -0.133528 -0.936426
1642647884.228761 -0.380273 1.161928 0.200183 -0.169271 0.277384 -0.133080 -0.936320
1642647884.237094 -0.380648 1.161838 0.199952 -0.169381 0.277876 -0.132562 -0.936228
1642647884.245428 -0.381021 1.161760 0.199715 -0.169491 0.278399 -0.132060 -0.936123
1642647884.253761 -0.381386 1.161696 0.199470 -0.169510 0.278942 -0.131535 -0.936032
1642647884.262094 -0.381739 1.161651 0.199231 -0.169535 0.279533 -0.131101 -0.935912
1642647884.270427 -0.382083 1.161607 0.198989 -0.169469 0.280125 -0.130612 -0.935816
1642647884.278761 -0.382436 1.161587 0.198741 -0.169378 0.280655 -0.130084 -0.935747
1642647884.287094 -0.382785 1.161578 0.198500 -0.169257 0.281097 -0.129487 -0.935719
1642647884.295428 -0.383122 1.161574 0.198268 -0.169114 0.281572 -0.128942 -0.935677
1642647884.303761 -0.383457 1.161570 0.198044 -0.169024 0.281955 -0.128506 -0.935638
1642647884.312094 -0.383790 1.161576 0.197821 -0.168941 0.282358 -0.128023 -0.935598
1642647884.320428 -0.384121 1.161591 0.197613 -0.168785 0.282835 -0.127537 -0.935548
1642647884.328761 -0.384447 1.161616 0.197407 -0.168593 0.283356 -0.127071 -0.935489
1642647884.337094 -0.384771 1.161658 0.197202 -0.168144 0.284131 -0.126597 -0.935399
1642647884.345428 -0.385097 1.161734 0.197008 -0.167881 0.284599 -0.126149 -0.935364
1642647884.353761 -0.385425 1.161840 0.196827 -0.167724 0.284978 -0.125567 -0.935355
1642647884.362094 -0.385705 1.161946 0.196658 -0.167300 0.286129 -0.125105 -0.935141
1642647884.370428 -0.386022 1.162070 0.196461 -0.166946 0.286650 -0.124662 -0.935104
1642647884.378761 -0.386338 1.162213 0.196261 -0.166599 0.287103 -0.124096 -0.935103
1642647884.387094 -0.386649 1.162373 0.196074 -0.166161 0.287649 -0.123561 -0.935084
1642647884.395427 -0.386948 1.162544 0.195890 -0.165747 0.288196 -0.123137 -0.935045
1642647884.403761 -0.387234 1.162725 0.195716 -0.165329 0.288727 -0.122651 -0.935019
1642647884.412094 -0.387508 1.162915 0.195558 -0.164852 0.289182 -0.122213 -0.935019
1642647884.420428 -0.387780 1.163109 0.195400 -0.164285 0.289750 -0.121744 -0.935005
1642647884.428761 -0.388046 1.163323 0.195261 -0.163821 0.290186 -0.121258 -0.935014
1642647884.437094 -0.388297 1.163548 0.195132 -0.163339 0.290658 -0.120874 -0.935002
1642647884.445428 -0.388546 1.163782 0.195014 -0.162838 0.291038 -0.120455 -0.935025
1642647884.453761 -0.388779 1.164016 0.194904 -0.162325 0.291447 -0.120073 -0.935036
1642647884.462094 -0.389011 1.164260 0.194806 -0.161857 0.291777 -0.119698 -0.935062
1642647884.470428 -0.389231 1.164507 0.194707 -0.161320 0.292147 -0.119329 -0.935086
1642647884.478761 -0.389442 1.164768 0.194611 -0.160812 0.292485 -0.118863 -0.935127
1642647884.487094 -0.389649 1.165045 0.194521 -0.160295 0.292826 -0.118361 -0.935173
1642647884.495428 -0.389849 1.165357 0.194433 -0.159781 0.293069 -0.117841 -0.935251
1642647884.503761 -0.390026 1.165671 0.194340 -0.159116 0.293358 -0.117321 -0.935339
1642647884.512094 -0.390186 1.166000 0.194248 -0.158427 0.293583 -0.116800 -0.935451
1642647884.520427 -0.390328 1.166330 0.194157 -0.157581 0.293909 -0.116353 -0.935547
1642647884.528761 -0.390458 1.166704 0.194079 -0.156959 0.294070 -0.115806 -0.935669
1642647884.537094 -0.390571 1.167081 0.194002 -0.156240 0.294325 -0.115298 -0.935772
1642647884.545428 -0.390671 1.167471 0.193930 -0.155521 0.294475 -0.114698 -0.935918
1642647884.553761 -0.390767 1.167887 0.193866 -0.154661 0.294749 -0.114020 -0.936057
1642647884.562094 -0.390838 1.168285 0.193796 -0.153697 0.295131 -0.113483 -0.936161
1642647884.570428 -0.390901 1.168723 0.193741 -0.152896 0.295324 -0.112854 -0.936307
1642647884.578761 -0.390955 1.169159 0.193689 -0.152025 0.295571 -0.112226 -0.936446
1642647884.587094 -0.390999 1.169601 0.193627 -0.151253 0.295798 -0.111528 -0.936583
1642647884.595428 -0.391026 1.170044 0.193567 -0.150399 0.296084 -0.110799 -0.936717
1642647884.603761 -0.391043 1.170494 0.193498 -0.149508 0.296425 -0.110107 -0.936833
1642647884.612094 -0.391048 1.170952 0.193429 -0.148604 0.296666 -0.109418 -0.936981
1642647884.620428 -0.391039 1.171417 0.193359 -0.147686 0.296951 -0.108764 -0.937112
1642647884.628761 -0.391018 1.171893 0.193290 -0.146694 0.297289 -0.108053 -0.937243
1642647884.637094 -0.390983 1.172375 0.193211 -0.145740 0.297648 -0.107363 -0.937357
1642647884.645427 -0.390942 1.172866 0.193139 -0.144745 0.298042 -0.106638 -0.937469
1642647884.653761 -0.390885 1.173359 0.193062 -0.143791 0.298317 -0.105999 -0.937601
1642647884.662094 -0.390815 1.173848 0.192985 -0.142874 0.298576 -0.105393 -0.937727
1642647884.670428 -0.390742 1.174342 0.192907 -0.141912 0.298817 -0.104734 -0.937870
1642647884.678761 -0.390666 1.174835 0.192836 -0.140990 0.299062 -0.104039 -0.938008
1642647884.687094 -0.390586 1.175316 0.192759 -0.140011 0.299242 -0.103453 -0.938162
1642647884.695428 -0.390506 1.175771 0.192662 -0.138868 0.299287 -0.102928 -0.938376
1642647884.703761 -0.390407 1.176258 0.192597 -0.137963 0.299313 -0.102273 -0.938572
1642647884.712094 -0.390292 1.176742 0.192535 -0.137009 0.299461 -0.101732 -0.938724
1642647884.720428 -0.390162 1.177216 0.192480 -0.135977 0.299790 -0.101197 -0.938827
1642647884.728761 -0.390033 1.177683 0.192432 -0.135082 0.299811 -0.100601 -0.939013
1642647884.737094 -0.389902 1.178154 0.192394 -0.134151 0.299809 -0.099928 -0.939219
1642647884.745428 -0.389760 1.178622 0.192348 -0.133196 0.299820 -0.099275 -0.939421
1642647884.753761 -0.389619 1.179084 0.192316 -0.132268 0.299824 -0.098672 -0.939614
1642647884.762094 -0.389468 1.179530 0.192292 -0.131390 0.299749 -0.098076 -0.939824
1642647884.770427 -0.389316 1.179969 0.192270 -0.130594 0.299594 -0.097433 -0.940051
1642647884.778761 -0.389160 1.180399 0.192249 -0.129826 0.299523 -0.096905 -0.940234
1642647884.787094 -0.388997 1.180824 0.192235 -0.129079 0.299445 -0.096374 -0.940417
1642647884.795428 -0.388840 1.181252 0.192236 -0.128336 0.299405 -0.095837 -0.940586
1642647884.803761 -0.388680 1.181675 0.192247 -0.127573 0.299449 -0.095290 -0.940731
1642647884.812094 -0.388514 1.182093 0.192267 -0.126915 0.299453 -0.094755 -0.940873
1642647884.820428 -0.388339 1.182502 0.192296 -0.126238 0.299534 -0.094216 -0.940992
1642647884.828761 -0.388158 1.182913 0.192325 -0.125530 0.299592 -0.093624 -0.941128
1642647884.837094 -0.387968 1.183321 0.192360 -0.124837 0.299607 -0.093039 -0.941273
1642647884.845428 -0.387772 1.183719 0.192398 -0.124225 0.299644 -0.092531 -0.941392
1642647884.853761 -0.387567 1.184120 0.192440 -0.123564 0.299757 -0.091975 -0.941498
1642647884.862094 -0.387353 1.184522 0.192480 -0.122935 0.299808 -0.091375 -0.941622
1642647884.870428 -0.387128 1.184920 0.192516 -0.122283 0.299966 -0.090844 -0.941708
1642647884.878761 -0.386903 1.185337 0.192556 -0.121617 0.300113 -0.090217 -0.941808
1642647884.887094 -0.386666 1.185771 0.192595 -0.120940 0.300261 -0.089661 -0.941901
1642647884.895427 -0.386430 1.186208 0.192623 -0.120252 0.300342 -0.089036 -0.942023
1642647884.903761 -0.386182 1.186647 0.192651 -0.119500 0.300342 -0.088509 -0.942168
1642647884.912094 -0.385925 1.187086 0.192684 -0.118741 0.300342 -0.087978 -0.942314
1642647884.920428 -0.385665 1.187536 0.192712 -0.117909 0.300285 -0.087371 -0.942493
1642647884.928761 -0.385397 1.187997 0.192733 -0.117120 0.300166 -0.086790 -0.942683
1642647884.937094 -0.385123 1.188454 0.192754 -0.116344 0.300044 -0.086282 -0.942864
1642647884.945428 -0.384846 1.188901 0.192778 -0.115581 0.300019 -0.085788 -0.943011
1642647884.953761 -0.384571 1.189352 0.192809 -0.114842 0.299933 -0.085333 -0.943170
1642647884.962094 -0.384297 1.189798 0.192838 -0.114098 0.299841 -0.084915 -0.943327
1642647884.970428 -0.384026 1.190255 0.192869 -0.113427 0.299754 -0.084507 -0.943473
1642647884.978761 -0.383752 1.190719 0.192906 -0.112722 0.299708 -0.084144 -0.943604
1642647884.987094 -0.383487 1.191185 0.192944 -0.112031 0.299678 -0.083676 -0.943738
1642647884.995428 -0.383213 1.191635 0.192989 -0.111392 0.299649 -0.083395 -0.943847
1642647885.003761 -0.382937 1.192092 0.193048 -0.110696 0.299642 -0.083082 -0.943959
1642647885.012094 -0.382664 1.192550 0.193110 -0.110098 0.299646 -0.082841 -0.944049
1642647885.020427 -0.382387 1.193022 0.193176 -0.109399 0.299691 -0.082539 -0.944142
1642647885.028761 -0.382108 1.193497 0.193244 -0.108818 0.299678 -0.082257 -0.944238
1642647885.037094 -0.381821 1.193982 0.193303 -0.108200 0.299713 -0.081955 -0.944324
1642647885.045428 -0.381534 1.194473 0.193360 -0.107494 0.299804 -0.081603 -0.944406
1642647885.053761 -0.381242 1.194962 0.193418 -0.106713 0.299940 -0.081317 -0.944476
1642647885.062094 -0.380941 1.195451 0.193476 -0.105988 0.300045 -0.081057 -0.944547
1642647885.070428 -0.380629 1.195943 0.193541 -0.105254 0.300084 -0.080710 -0.944646
1642647885.078761 -0.380311 1.196433 0.193609 -0.104488 0.300063 -0.080404 -0.944765
1642647885.087094 -0.379989 1.196937 0.193689 -0.103655 0.300058 -0.080063 -0.944887
1642647885.095428 -0.379651 1.197434 0.193774 -0.102910 0.299959 -0.079851 -0.945017
1642647885.103761 -0.379309 1.197913 0.193855 -0.102118 0.299900 -0.079615 -0.945142
1642647885.112094 -0.378960 1.198392 0.193947 -0.101339 0.299775 -0.079364 -0.945287
1642647885.120428 -0.378612 1.198882 0.194034 -0.100601 0.299594 -0.078944 -0.945458
1642647885.128761 -0.378257 1.199369 0.194125 -0.099896 0.299456 -0.078575 -0.945607
1642647885.137094 -0.377889 1.199843 0.194221 -0.099178 0.299342 -0.078347 -0.945738
1642647885.145427 -0.377523 1.200326 0.194332 -0.098469 0.299091 -0.078030 -0.945917
1642647885.153761 -0.377152 1.200812 0.194439 -0.097828 0.298954 -0.077778 -0.946048
1642647885.162094 -0.376763 1.201257 0.194579 -0.097150 0.298606 -0.077508 -0.946250
1642647885.170428 -0.376336 1.201591 0.194777 -0.096443 0.297393 -0.077159 -0.946733
1642647885.178761 -0.375935 1.202094 0.194910 -0.095849 0.297381 -0.076722 -0.946832
1642647885.187094 -0.375535 1.202590 0.195075 -0.095207 0.297826 -0.076426 -0.946781
1642647885.195428 -0.375123 1.203114 0.195197 -0.094629 0.297708 -0.075981 -0.946912
1642647885.203761 -0.374695 1.203653 0.195317 -0.094010 0.297570 -0.075525 -0.947054
1642647885.212094 -0.374258 1.204212 0.195430 -0.093332 0.297454 -0.075041 -0.947196
1642647885.220428 -0.373831 1.204787 0.195539 -0.092637 0.297344 -0.074628 -0.947331
1642647885.228761 -0.373367 1.205365 0.195672 -0.092120 0.296935 -0.073963 -0.947562
1642647885.237094 -0.372897 1.205953 0.195796 -0.091416 0.296876 -0.073541 -0.947681
1642647885.245428 -0.372395 1.206549 0.195939 -0.090460 0.297356 -0.073454 -0.947629
1642647885.253761 -0.371906 1.207148 0.196040 -0.089785 0.296901 -0.072820 -0.947885
1642647885.262094 -0.371400 1.207759 0.196158 -0.089132 0.296388 -0.072085 -0.948163
1642647885.270427 -0.370881 1.208364 0.196271 -0.088454 0.295958 -0.071343 -0.948417
1642647885.278761 -0.370353 1.208980 0.196382 -0.087739 0.295532 -0.070675 -0.948666
1642647885.287094 -0.369814 1.209606 0.196496 -0.087042 0.295173 -0.070003 -0.948892
1642647885.295428 -0.369272 1.210228 0.196618 -0.086390 0.294801 -0.069316 -0.949118
1642647885.303761 -0.368722 1.210858 0.196743 -0.085776 0.294296 -0.068452 -0.949393
1642647885.312094 -0.368152 1.211498 0.196881 -0.085141 0.293793 -0.067632 -0.949665
1642647885.320428 -0.367600 1.212104 0.196981 -0.084252 0.293693 -0.067115 -0.949811
1642647885.328761 -0.367018 1.212744 0.197131 -0.083587 0.293246 -0.066358 -0.950061
1642647885.337094 -0.366434 1.213374 0.197274 -0.082868 0.292961 -0.065703 -0.950258
1642647885.345428 -0.365846 1.213990 0.197411 -0.082174 0.292550 -0.064896 -0.950500
1642647885.353761 -0.365263 1.214603 0.197556 -0.081414 0.292116 -0.064172 -0.950748
1642647885.362094 -0.364667 1.215214 0.197709 -0.080727 0.291555 -0.063387 -0.951031
1642647885.370428 -0.364063 1.215829 0.197862 -0.079993 0.291052 -0.062665 -0.951295
1642647885.378761 -0.363444 1.216448 0.198016 -0.079200 0.290603 -0.061931 -0.951547
1642647885.387094 -0.362828 1.217064 0.198160 -0.078428 0.290173 -0.061179 -0.951791
1642647885.395427 -0.362195 1.217695 0.198296 -0.077430 0.289907 -0.060531 -0.951995
1642647885.403761 -0.361555 1.218329 0.198448 -0.076617 0.289314 -0.059702 -0.952294
1642647885.412094 -0.360909 1.218962 0.198621 -0.075853 0.288643 -0.058812 -0.952614
1642647885.420428 -0.360260 1.219580 0.198781 -0.074970 0.288142 -0.058021 -0.952884
1642647885.428761 -0.359613 1.220201 0.198956 -0.074122 0.287710 -0.057309 -0.953124
1642647885.437094 -0.358961 1.220819 0.199154 -0.073295 0.287242 -0.056508 -0.953377
1642647885.445428 -0.358309 1.221426 0.199361 -0.072593 0.286724 -0.055674 -0.953635
1642647885.453761 -0.357658 1.222016 0.199575 -0.071937 0.286244 -0.054973 -0.953870
1642647885.462094 -0.357010 1.222603 0.199793 -0.071273 0.285808 -0.054262 -0.954091
1642647885.470428 -0.356355 1.223176 0.200025 -0.070729 0.285375 -0.053432 -0.954308
1642647885.478761 -0.355708 1.223753 0.200275 -0.070096 0.284912 -0.052668 -0.954536
1642647885.487094 -0.355058 1.224323 0.200518 -0.069443 0.284619 -0.052097 -0.954702
1642647885.495428 -0.354408 1.224870 0.200779 -0.068896 0.284209 -0.051382 -0.954903
1642647885.503761 -0.353754 1.225421 0.201044 -0.068368 0.283810 -0.050650 -0.955098
1642647885.512094 -0.353098 1.225968 0.201326 -0.067824 0.283428 -0.049987 -0.955285
1642647885.520427 -0.352439 1.226507 0.201609 -0.067288 0.282888 -0.049273 -0.955520
1642647885.528761 -0.351770 1.227023 0.201876 -0.066755 0.282337 -0.048543 -0.955758
1642647885.537094 -0.351116 1.227538 0.202169 -0.066249 0.281906 -0.047869 -0.955954
1642647885.545428 -0.350463 1.228057 0.202475 -0.065713 0.281426 -0.047254 -0.956163
1642647885.553761 -0.349821 1.228564 0.202788 -0.065277 0.280756 -0.046572 -0.956424
1642647885.562094 -0.349167 1.229058 0.203102 -0.064859 0.280160 -0.045911 -0.956659
1642647885.570428 -0.348522 1.229546 0.203417 -0.064440 0.279577 -0.045337 -0.956885
1642647885.578761 -0.347894 1.230038 0.203748 -0.063870 0.279213 -0.044902 -0.957050
1642647885.587094 -0.347275 1.230543 0.204098 -0.063221 0.279098 -0.044804 -0.957131
1642647885.595428 -0.346637 1.230999 0.204461 -0.063076 0.278043 -0.044033 -0.957483
1642647885.603761 -0.346007 1.231443 0.204804 -0.062768 0.277250 -0.043384 -0.957763
1642647885.612094 -0.345388 1.231881 0.205174 -0.062446 0.276458 -0.042836 -0.958038
1642647885.620428 -0.344758 1.232323 0.205554 -0.062119 0.275638 -0.042298 -0.958319
1642647885.628761 -0.344134 1.232749 0.205933 -0.061891 0.274757 -0.041653 -0.958615
1642647885.637094 -0.343500 1.233166 0.206327 -0.061643 0.273952 -0.041118 -0.958885
1642647885.645427 -0.342874 1.233593 0.206729 -0.061311 0.273186 -0.040681 -0.959143
1642647885.653761 -0.342255 1.234006 0.207116 -0.060941 0.272539 -0.040280 -0.959368
1642647885.662094 -0.341618 1.234426 0.207516 -0.060663 0.271675 -0.039698 -0.959655
1642647885.670428 -0.340974 1.234841 0.207920 -0.060312 0.270848 -0.039229 -0.959930
1642647885.678761 -0.340344 1.235252 0.208313 -0.059929 0.270072 -0.038780 -0.960191
1642647885.687094 -0.339705 1.235659 0.208703 -0.059585 0.269277 -0.038310 -0.960454
1642647885.695428 -0.339048 1.236075 0.209098 -0.059209 0.268352 -0.037791 -0.960757
1642647885.703761 -0.338393 1.236493 0.209461 -0.058896 0.267236 -0.037141 -0.961112
1642647885.712094 -0.337751 1.236923 0.209851 -0.058518 0.266527 -0.036692 -0.961350
1642647885.720428 -0.337098 1.237346 0.210252 -0.058065 0.265833 -0.036272 -0.961585
1642647885.728761 -0.336439 1.237762 0.210648 -0.057614 0.265159 -0.035796 -0.961816
1642647885.737094 -0.335783 1.238171 0.211048 -0.057142 0.264571 -0.035312 -0.962024
1642647885.745428 -0.335129 1.238578 0.211457 -0.056731 0.263910 -0.034777 -0.962249
1642647885.753761 -0.334473 1.238988 0.211869 -0.056292 0.263232 -0.034312 -0.962478
1642647885.762094 -0.333808 1.239408 0.212286 -0.055819 0.262625 -0.033791 -0.962689
1642647885.770427 -0.333143 1.239822 0.212695 -0.055401 0.262022 -0.033304 -0.962895
1642647885.778761 -0.332479 1.240239 0.213108 -0.054975 0.261340 -0.032812 -0.963121
1642647885.787094 -0.331810 1.240657 0.213521 -0.054587 0.260617 -0.032277 -0.963357
1642647885.795428 -0.331143 1.241073 0.213953 -0.054152 0.259879 -0.031699 -0.963600
1642647885.803761 -0.330484 1.241488 0.214427 -0.053343 0.259064 -0.031140 -0.963883
1642647885.812094 -0.329814 1.241909 0.214855 -0.052936 0.258346 -0.030637 -0.964114
1642647885.820428 -0.329144 1.242336 0.215285 -0.052555 0.257623 -0.030083 -0.964346
1642647885.828761 -0.328468 1.242757 0.215704 -0.052244 0.256879 -0.029575 -0.964577
1642647885.837094 -0.327784 1.243188 0.216143 -0.051808 0.256140 -0.029100 -0.964812
1642647885.845428 -0.327107 1.243609 0.216572 -0.051464 0.255428 -0.028600 -0.965034
1642647885.853761 -0.326423 1.244028 0.216985 -0.051107 0.254659 -0.028140 -0.965269
1642647885.862094 -0.325730 1.244449 0.217420 -0.050712 0.253807 -0.027638 -0.965529
1642647885.870428 -0.325042 1.244866 0.217860 -0.050401 0.252958 -0.027070 -0.965784
1642647885.878761 -0.324355 1.245283 0.218288 -0.050068 0.252115 -0.026565 -0.966036
1642647885.887094 -0.323675 1.245708 0.218731 -0.049727 0.251353 -0.026142 -0.966264
1642647885.895427 -0.322982 1.246100 0.219161 -0.049346 0.250546 -0.025656 -0.966506
1642647885.903761 -0.322297 1.246496 0.219598 -0.048965 0.249752 -0.025213 -0.966742
1642647885.912094 -0.321600 1.246879 0.220031 -0.048587 0.249050 -0.024778 -0.966954
1642647885.920428 -0.320904 1.247247 0.220480 -0.048398 0.248018 -0.024121 -0.967245
1642647885.928761 -0.320227 1.247631 0.220903 -0.047933 0.247418 -0.023774 -0.967431
1642647885.937094 -0.319539 1.247991 0.221335 -0.047590 0.246701 -0.023303 -0.967642
1642647885.945428 -0.318856 1.248346 0.221773 -0.047273 0.245932 -0.022807 -0.967865
1642647885.953761 -0.318166 1.248693 0.222216 -0.047109 0.245065 -0.022197 -0.968107
1642647885.962094 -0.317498 1.249046 0.222636 -0.046665 0.244631 -0.021927 -0.968244
1642647885.970428 -0.316828 1.249374 0.223080 -0.046359 0.244004 -0.021503 -0.968427
1642647885.978761 -0.316153 1.249689 0.223519 -0.046184 0.243346 -0.020962 -0.968613
1642647885.987094 -0.315465 1.249993 0.223970 -0.046061 0.242449 -0.020297 -0.968857
1642647885.995428 -0.314806 1.250299 0.224393 -0.045810 0.241850 -0.019896 -0.969028
1642647886.003761 -0.314161 1.250616 0.224801 -0.045409 0.241452 -0.019661 -0.969150
1642647886.012094 -0.313506 1.250914 0.225224 -0.045174 0.240784 -0.019191 -0.969337
1642647886.020427 -0.312848 1.251204 0.225651 -0.044949 0.240036 -0.018781 -0.969541
1642647886.028761 -0.312188 1.251478 0.226086 -0.044887 0.239218 -0.018248 -0.969756
1642647886.037094 -0.311562 1.251760 0.226487 -0.044547 0.238848 -0.018038 -0.969867
1642647886.045428 -0.310925 1.252037 0.226913 -0.044355 0.238216 -0.017720 -0.970037
1642647886.053761 -0.310287 1.252302 0.227341 -0.044314 0.237456 -0.017309 -0.970233
1642647886.062094 -0.309647 1.252551 0.227777 -0.044388 0.236590 -0.016808 -0.970450
1642647886.070428 -0.309037 1.252803 0.228176 -0.044124 0.236157 -0.016736 -0.970568
1642647886.078761 -0.308419 1.253065 0.228597 -0.044040 0.235410 -0.016414 -0.970759
1642647886.087094 -0.307806 1.253306 0.229003 -0.044086 0.234795 -0.016060 -0.970912
1642647886.095428 -0.307177 1.253554 0.229386 -0.044418 0.234206 -0.015762 -0.971044
1642647886.103761 -0.306562 1.253782 0.229830 -0.044432 0.233277 -0.015380 -0.971273
1642647886.112094 -0.305985 1.254017 0.230233 -0.044250 0.232786 -0.015322 -0.971400
1642647886.120428 -0.305378 1.254243 0.230666 -0.044284 0.232039 -0.014987 -0.971582
1642647886.128761 -0.304773 1.254454 0.231112 -0.044365 0.231249 -0.014636 -0.971772
1642647886.137094 -0.304156 1.254653 0.231575 -0.044457 0.230412 -0.014268 -0.971972
1642647886.145427 -0.303580 1.254863 0.231997 -0.044385 0.229964 -0.014117 -0.972084
1642647886.153761 -0.302984 1.255049 0.232447 -0.044486 0.229240 -0.013769 -0.972255
1642647886.162094 -0.302371 1.255236 0.232895 -0.044528 0.228545 -0.013466 -0.972421
1642647886.170428 -0.301750 1.255429 0.233328 -0.044523 0.227957 -0.013103 -0.972564
1642647886.178761 -0.301138 1.255610 0.233774 -0.044475 0.227257 -0.012781 -0.972735
1642647886.187094 -0.300511 1.255794 0.234228 -0.044456 0.226522 -0.012351 -0.972912
1642647886.195428 -0.299883 1.255977 0.234685 -0.044384 0.225862 -0.011918 -0.973075
1642647886.203761 -0.299246 1.256163 0.235138 -0.044308 0.225109 -0.011433 -0.973259
1642647886.212094 -0.298600 1.256334 0.235588 -0.044239 0.224420 -0.010969 -0.973426
1642647886.220428 -0.297943 1.256484 0.236043 -0.044230 0.223651 -0.010352 -0.973610
1642647886.228761 -0.297264 1.256597 0.236506 -0.044469 0.222375 -0.009249 -0.973903
1642647886.237094 -0.296606 1.256719 0.236977 -0.044540 0.221585 -0.008611 -0.974085
1642647886.245428 -0.295930 1.256817 0.237463 -0.044794 0.220795 -0.007859 -0.974259
1642647886.253761 -0.295272 1.256909 0.237935 -0.044936 0.220234 -0.007272 -0.974384
1642647886.262094 -0.294620 1.257001 0.238420 -0.045093 0.219713 -0.006759 -0.974498
1642647886.270427 -0.293963 1.257102 0.238898 -0.045332 0.219207 -0.006219 -0.974605
1642647886.278761 -0.293291 1.257169 0.239407 -0.045710 0.218552 -0.005464 -0.974739
1642647886.287094 -0.292637 1.257248 0.239916 -0.045975 0.218127 -0.004918 -0.974825
1642647886.295428 -0.292003 1.257325 0.240412 -0.046247 0.217706 -0.004448 -0.974908
1642647886.303761 -0.291347 1.257387 0.240925 -0.046641 0.217130 -0.003846 -0.975020
1642647886.312094 -0.290671 1.257448 0.241439 -0.047137 0.216463 -0.003135 -0.975147
1642647886.320428 -0.289987 1.257514 0.241933 -0.047486 0.215802 -0.002508 -0.975279
1642647886.328761 -0.289342 1.257553 0.242444 -0.048032 0.214926 -0.001881 -0.975447
1642647886.337094 -0.288721 1.257575 0.242955 -0.048962 0.213461 -0.001013 -0.975723
1642647886.345428 -0.288044 1.257586 0.243462 -0.049501 0.212424 -0.000246 -0.975923
1642647886.353761 -0.287375 1.257605 0.243952 -0.049879 0.211562 0.000328 -0.976091
1642647886.362094 -0.286696 1.257624 0.244427 -0.050292 0.210726 0.000944 -0.976250
1642647886.370428 -0.286028 1.257667 0.244886 -0.050649 0.209864 0.001551 -0.976417
1642647886.378761 -0.285380 1.257632 0.245398 -0.051251 0.208583 0.002312 -0.976658
1642647886.387094 -0.284708 1.257616 0.245855 -0.051428 0.208059 0.002779 -0.976759
1642647886.395427 -0.284069 1.257622 0.246305 -0.051792 0.207340 0.003213 -0.976892
1642647886.403761 -0.283413 1.257618 0.246765 -0.052208 0.206482 0.003798 -0.977049
1642647886.412094 -0.282748 1.257629 0.247213 -0.052505 0.205597 0.004501 -0.977217
1642647886.420428 -0.282105 1.257586 0.247673 -0.052999 0.204760 0.005139 -0.977363
1642647886.428761 -0.281467 1.257528 0.248157 -0.053606 0.203704 0.005812 -0.977547
1642647886.437094 -0.280872 1.257448 0.248630 -0.054085 0.203009 0.006185 -0.977663
1642647886.445428 -0.280274 1.257393 0.249091 -0.054519 0.202343 0.006616 -0.977774
1642647886.453761 -0.279648 1.257302 0.249558 -0.055090 0.201427 0.007322 -0.977926
1642647886.462094 -0.279035 1.257211 0.249993 -0.055537 0.200714 0.007762 -0.978044
1642647886.470428 -0.278480 1.257201 0.250482 -0.056047 0.200047 0.008079 -0.978149
1642647886.478761 -0.277893 1.257118 0.250941 -0.056520 0.199318 0.008612 -0.978266
1642647886.487094 -0.277318 1.257029 0.251403 -0.057134 0.198377 0.009246 -0.978415
1642647886.495428 -0.276752 1.256946 0.251841 -0.057504 0.197862 0.009543 -0.978495
1642647886.503761 -0.276160 1.256822 0.252282 -0.058097 0.197022 0.010156 -0.978624
1642647886.512094 -0.275576 1.256669 0.252674 -0.058432 0.196650 0.010460 -0.978675
1642647886.520427 -0.275022 1.256574 0.253105 -0.058798 0.196263 0.010733 -0.978728
1642647886.528761 -0.274446 1.256443 0.253543 -0.059242 0.195798 0.011078 -0.978790
1642647886.537094 -0.273926 1.256371 0.254001 -0.059755 0.195258 0.011335 -0.978864
1642647886.545428 -0.273389 1.256249 0.254413 -0.060133 0.194945 0.011487 -0.978902
1642647886.553761 -0.272842 1.256106 0.254830 -0.060666 0.194365 0.011711 -0.978981
1642647886.562094 -0.272286 1.255943 0.255246 -0.061158 0.193691 0.011997 -0.979081
1642647886.570428 -0.271692 1.255726 0.255644 -0.061588 0.192938 0.012385 -0.979198
1642647886.578761 -0.271139 1.255559 0.256063 -0.062121 0.192143 0.012704 -0.979316
1642647886.587094 -0.270592 1.255388 0.256472 -0.062772 0.190965 0.013197 -0.979499
1642647886.595428 -0.270105 1.255312 0.256933 -0.063020 0.190819 0.012668 -0.979518
1642647886.603761 -0.269560 1.255134 0.257360 -0.063622 0.189812 0.012935 -0.979672
1642647886.612094 -0.268976 1.254915 0.257795 -0.064084 0.189049 0.013129 -0.979787
1642647886.620428 -0.268402 1.254649 0.258195 -0.064430 0.188346 0.013166 -0.979899
1642647886.628761 -0.267866 1.254441 0.258651 -0.064975 0.187546 0.013274 -0.980015
1642647886.637094 -0.267350 1.254261 0.259145 -0.065735 0.186652 0.013458 -0.980132
1642647886.645427 -0.266809 1.254034 0.259608 -0.066378 0.185828 0.013547 -0.980244
1642647886.653761 -0.266274 1.253785 0.260066 -0.067028 0.184859 0.013714 -0.980381
1642647886.662094 -0.265692 1.253491 0.260502 -0.067352 0.184420 0.013727 -0.980441
1642647886.670428 -0.265146 1.253247 0.260978 -0.067970 0.183760 0.013805 -0.980521
1642647886.678761 -0.264608 1.253021 0.261478 -0.068639 0.183101 0.013875 -0.980597
1642647886.687094 -0.264061 1.252789 0.262010 -0.069435 0.182125 0.014066 -0.980720
1642647886.695428 -0.263513 1.252522 0.262506 -0.070263 0.181195 0.014335 -0.980829
1642647886.703761 -0.262916 1.252202 0.262982 -0.070909 0.180527 0.014547 -0.980903
1642647886.712094 -0.262332 1.251916 0.263504 -0.071603 0.179961 0.014663 -0.980955
1642647886.720428 -0.261785 1.251649 0.264044 -0.072524 0.179071 0.014904 -0.981046
1642647886.728761 -0.261211 1.251365 0.264619 -0.073571 0.178099 0.015274 -0.981140
1642647886.737094 -0.260612 1.251036 0.265145 -0.074342 0.177435 0.015472 -0.981199
1642647886.745428 -0.260001 1.250668 0.265649 -0.075150 0.176591 0.015794 -0.981284
1642647886.753761 -0.259402 1.250350 0.266196 -0.076048 0.175882 0.016083 -0.981338
1642647886.762094 -0.258836 1.250067 0.266769 -0.076858 0.175246 0.016159 -0.981387
1642647886.770427 -0.258221 1.249715 0.267316 -0.077858 0.174267 0.016574 -0.981476
1642647886.778761 -0.257613 1.249360 0.267844 -0.078767 0.173512 0.016836 -0.981532
1642647886.787094 -0.256976 1.248959 0.268340 -0.079488 0.172889 0.017069 -0.981580
1642647886.795428 -0.256376 1.248614 0.268892 -0.080327 0.172187 0.017307 -0.981631
1642647886.803761 -0.255799 1.248298 0.269465 -0.081299 0.171487 0.017486 -0.981670
1642647886.812094 -0.255188 1.247917 0.269997 -0.082123 0.170924 0.017661 -0.981697
1642647886.820428 -0.254557 1.247508 0.270499 -0.082919 0.170307 0.017872 -0.981734
1642647886.828761 -0.253964 1.247154 0.271046 -0.083894 0.169397 0.018198 -0.981802
1642647886.837094 -0.253384 1.246852 0.271633 -0.084741 0.169026 0.018184 -0.981794
1642647886.845428 -0.252772 1.246481 0.272165 -0.085484 0.168413 0.018378 -0.981831
1642647886.853761 -0.252140 1.246088 0.272662 -0.086264 0.167699 0.018574 -0.981881
1642647886.862094 -0.251546 1.245752 0.273212 -0.086984 0.166997 0.018767 -0.981934
1642647886.870428 -0.250982 1.245436 0.273816 -0.087330 0.166180 0.019124 -0.982035
1642647886.878761 -0.250351 1.245033 0.274283 -0.088005 0.165522 0.019212 -0.982084
1642647886.887094 -0.249742 1.244678 0.274781 -0.088766 0.164714 0.019323 -0.982149
1642647886.895427 -0.249137 1.244321 0.275255 -0.089629 0.163868 0.019546 -0.982208
1642647886.903761 -0.248530 1.243998 0.275747 -0.090334 0.163197 0.019594 -0.982254
1642647886.912094 -0.247944 1.243719 0.276256 -0.091037 0.162471 0.019608 -0.982309
1642647886.920428 -0.247328 1.243385 0.276718 -0.091738 0.161733 0.019683 -0.982364
1642647886.928761 -0.246685 1.243011 0.277133 -0.092358 0.160948 0.019896 -0.982431
1642647886.937094 -0.246063 1.242684 0.277561 -0.093094 0.159846 0.020347 -0.982532
1642647886.945428 -0.245485 1.242439 0.278028 -0.093380 0.160011 0.019699 -0.982491
1642647886.953761 -0.244888 1.242190 0.278487 -0.093970 0.159401 0.019695 -0.982534
1642647886.962094 -0.244236 1.241854 0.278878 -0.094431 0.158648 0.019950 -0.982607
1642647886.970428 -0.243586 1.241547 0.279295 -0.095089 0.157584 0.020492 -0.982703
1642647886.978761 -0.243012 1.241358 0.279733 -0.095162 0.158054 0.019445 -0.982642
1642647886.987094 -0.242403 1.241101 0.280144 -0.095634 0.157477 0.019412 -0.982689
1642647886.995428 -0.241787 1.240844 0.280561 -0.096115 0.156784 0.019450 -0.982753
1642647887.003761 -0.241176 1.240571 0.280967 -0.096591 0.155994 0.019578 -0.982829
1642647887.012094 -0.240564 1.240299 0.281376 -0.097117 0.155391 0.019629 -0.982872
1642647887.020427 -0.239946 1.240031 0.281793 -0.097641 0.154813 0.019656 -0.982910
1642647887.028761 -0.239342 1.239806 0.282248 -0.098210 0.154252 0.019679 -0.982942
1642647887.037094 -0.238706 1.239557 0.282655 -0.098732 0.153601 0.019819 -0.982988
1642647887.045428 -0.238102 1.239229 0.283084 -0.099205 0.153174 0.019775 -0.983008
1642647887.053761 -0.237423 1.238864 0.283483 -0.099740 0.152377 0.020111 -0.983071
1642647887.062094 -0.236754 1.238544 0.283923 -0.100562 0.151070 0.020961 -0.983171
1642647887.070428 -0.236160 1.238379 0.284406 -0.100878 0.151119 0.020357 -0.983144
1642647887.078761 -0.235533 1.238051 0.284854 -0.101296 0.150611 0.020421 -0.983178
1642647887.087094 -0.234829 1.237708 0.285267 -0.101755 0.149665 0.020870 -0.983265
1642647887.095428 -0.234191 1.237312 0.285713 -0.102486 0.148466 0.021468 -0.983358
1642647887.103761 -0.233527 1.236959 0.286159 -0.102792 0.148184 0.021501 -0.983368
1642647887.112094 -0.232930 1.236675 0.286630 -0.103030 0.148338 0.020831 -0.983335
1642647887.120428 -0.232295 1.236334 0.287112 -0.103922 0.147276 0.021167 -0.983393
1642647887.128761 -0.231642 1.235955 0.287578 -0.104609 0.146388 0.021502 -0.983446
1642647887.137094 -0.230973 1.235558 0.288049 -0.105450 0.145288 0.022118 -0.983505
1642647887.145427 -0.230354 1.235235 0.288584 -0.105891 0.145478 0.021638 -0.983441
1642647887.153761 -0.229692 1.234798 0.289007 -0.106562 0.144567 0.021947 -0.983495
1642647887.162094 -0.229012 1.234356 0.289472 -0.107495 0.143354 0.022644 -0.983556
1642647887.170428 -0.228358 1.233959 0.289963 -0.108199 0.142948 0.022601 -0.983539
1642647887.178761 -0.227713 1.233570 0.290470 -0.108661 0.143155 0.022228 -0.983466
1642647887.187094 -0.227072 1.233173 0.290933 -0.109408 0.142296 0.022475 -0.983502
1642647887.195428 -0.226390 1.232722 0.291395 -0.110397 0.141046 0.023198 -0.983555
1642647887.203761 -0.225727 1.232321 0.291869 -0.111097 0.140585 0.023400 -0.983537
1642647887.212094 -0.225126 1.232019 0.292327 -0.111541 0.140799 0.023297 -0.983459
1642647887.220428 -0.224457 1.231603 0.292822 -0.112246 0.140309 0.023408 -0.983446
1642647887.228761 -0.223820 1.231226 0.293284 -0.112906 0.139592 0.023380 -0.983473
1642647887.237094 -0.223164 1.230858 0.293788 -0.113608 0.139008 0.023529 -0.983472
1642647887.245428 -0.222489 1.230441 0.294189 -0.114252 0.138137 0.023709 -0.983515
1642647887.253761 -0.221814 1.230061 0.294635 -0.114554 0.137759 0.023721 -0.983533
1642647887.262094 -0.221106 1.229637 0.295026 -0.114040 0.138302 0.023320 -0.983526
1642647887.270427 -0.220415 1.229265 0.295459 -0.114874 0.136891 0.024065 -0.983609
1642647887.278761 -0.219771 1.228964 0.295951 -0.115749 0.136195 0.024075 -0.983602
1642647887.287094 -0.219077 1.228608 0.296355 -0.115710 0.136086 0.023966 -0.983625
1642647887.295428 -0.218442 1.228387 0.296817 -0.117035 0.133991 0.024752 -0.983736
1642647887.303761 -0.217755 1.227955 0.297193 -0.117577 0.132904 0.025245 -0.983806
1642647887.312094 -0.217098 1.227676 0.297630 -0.117775 0.132825 0.024903 -0.983802
1642647887.320428 -0.216399 1.227349 0.298035 -0.118099 0.132145 0.025214 -0.983847
1642647887.328761 -0.215643 1.226951 0.298401 -0.118086 0.131714 0.025846 -0.983890
1642647887.337094 -0.214971 1.226711 0.298829 -0.118616 0.130959 0.026017 -0.983922
1642647887.345428 -0.214338 1.226591 0.299310 -0.119527 0.129977 0.025971 -0.983944
1642647887.353761 -0.213633 1.226220 0.299702 -0.119906 0.129299 0.026272 -0.983979
1642647887.362094 -0.212898 1.225907 0.300123 -0.120244 0.128780 0.026760 -0.983992
1642647887.370428 -0.212144 1.225564 0.300493 -0.120336 0.127983 0.027459 -0.984066
1642647887.378761 -0.211484 1.225370 0.300954 -0.121338 0.126551 0.027906 -0.984115
1642647887.387094 -0.210784 1.225146 0.301388 -0.121529 0.126498 0.027695 -0.984105
1642647887.395427 -0.210046 1.224869 0.301811 -0.122046 0.125418 0.028409 -0.984159
1642647887.403761 -0.209282 1.224544 0.302218 -0.122690 0.123880 0.029650 -0.984237
1642647887.412094 -0.208564 1.224287 0.302638 -0.123033 0.123412 0.029831 -0.984247
1642647887.420428 -0.207870 1.224072 0.303057 -0.123104 0.123633 0.029504 -0.984220
1642647887.428761 -0.207120 1.223766 0.303433 -0.122929 0.123767 0.029639 -0.984221
1642647887.437094 -0.206402 1.223513 0.303870 -0.124119 0.121989 0.030740 -0.984260
1642647887.445428 -0.205615 1.223143 0.304228 -0.124206 0.121459 0.031726 -0.984284
1642647887.453761 -0.204897 1.222903 0.304635 -0.124679 0.120896 0.032217 -0.984277
1642647887.462094 -0.204218 1.222712 0.305061 -0.125048 0.120809 0.032063 -0.984246
1642647887.470428 -0.203517 1.222483 0.305494 -0.126280 0.119085 0.033251 -0.984259
1642647887.478761 -0.202755 1.222188 0.305890 -0.127034 0.117659 0.034662 -0.984285
1642647887.487094 -0.202023 1.221933 0.306312 -0.127545 0.116962 0.035399 -0.984276
1642647887.495428 -0.201338 1.221732 0.306717 -0.127603 0.117178 0.035190 -0.984250
1642647887.503761 -0.200584 1.221433 0.307075 -0.127306 0.117406 0.035466 -0.984252
1642647887.512094 -0.199849 1.221149 0.307462 -0.127930 0.116155 0.036574 -0.984279
1642647887.520427 -0.199139 1.220898 0.307869 -0.128246 0.115878 0.036794 -0.984262
1642647887.528761 -0.198400 1.220590 0.308263 -0.129091 0.114293 0.038142 -0.984285
1642647887.537094 -0.197752 1.220415 0.308701 -0.129899 0.113529 0.038329 -0.984260
1642647887.545428 -0.197006 1.220077 0.309049 -0.129646 0.113724 0.038653 -0.984259
1642647887.553761 -0.196261 1.219731 0.309413 -0.130425 0.112319 0.039901 -0.984267
1642647887.562094 -0.195534 1.219410 0.309818 -0.130997 0.111635 0.040630 -0.984239
1642647887.570428 -0.194852 1.219135 0.310215 -0.131293 0.111664 0.040621 -0.984197
1642647887.578761 -0.194128 1.218784 0.310570 -0.132032 0.110318 0.041807 -0.984200
1642647887.587094 -0.193416 1.218455 0.310944 -0.132550 0.109759 0.042315 -0.984171
1642647887.595428 -0.192722 1.218153 0.311335 -0.133148 0.109343 0.042597 -0.984125
1642647887.603761 -0.191991 1.217798 0.311713 -0.134516 0.107153 0.044196 -0.984109
1642647887.612094 -0.191265 1.217432 0.312039 -0.134201 0.107651 0.044095 -0.984102
1642647887.620428 -0.190553 1.217092 0.312404 -0.134790 0.107044 0.044549 -0.984067
1642647887.628761 -0.189852 1.216764 0.312787 -0.135201 0.106743 0.044677 -0.984038
1642647887.637094 -0.189093 1.216354 0.313142 -0.135992 0.105236 0.045921 -0.984034
1642647887.645427 -0.188395 1.216016 0.313512 -0.136437 0.104791 0.046013 -0.984016
1642647887.653761 -0.187686 1.215674 0.313906 -0.136808 0.104497 0.046064 -0.983993
1642647887.662094 -0.186932 1.215253 0.314265 -0.137653 0.102939 0.047211 -0.983985
1642647887.670428 -0.186250 1.214907 0.314637 -0.138193 0.102233 0.047479 -0.983970
1642647887.678761 -0.185536 1.214539 0.315036 -0.138725 0.101629 0.047729 -0.983946
1642647887.687094 -0.184837 1.214191 0.315437 -0.139111 0.101381 0.047627 -0.983922
1642647887.695428 -0.184100 1.213773 0.315805 -0.139959 0.099952 0.048634 -0.983898
1642647887.703761 -0.183373 1.213389 0.316206 -0.140562 0.099260 0.049019 -0.983863
1642647887.712094 -0.182687 1.213072 0.316619 -0.140846 0.099355 0.048585 -0.983835
1642647887.720428 -0.181959 1.212702 0.317012 -0.141388 0.098788 0.048835 -0.983802
1642647887.728761 -0.181235 1.212327 0.317409 -0.141932 0.097938 0.049335 -0.983783
1642647887.737094 -0.180495 1.211922 0.317841 -0.142172 0.096642 0.050200 -0.983833
1642647887.745428 -0.179778 1.211600 0.318256 -0.142454 0.096587 0.049906 -0.983813
1642647887.753761 -0.179014 1.211233 0.318645 -0.143006 0.095638 0.050352 -0.983803
1642647887.762094 -0.178229 1.210828 0.319018 -0.143762 0.094270 0.051342 -0.983773
1642647887.770427 -0.177485 1.210490 0.319401 -0.144187 0.093652 0.051460 -0.983764
1642647887.778761 -0.176702 1.210140 0.319794 -0.144723 0.092936 0.051787 -0.983736
1642647887.787094 -0.175960 1.209862 0.320187 -0.144903 0.092916 0.051257 -0.983739
1642647887.795428 -0.175180 1.209527 0.320551 -0.145349 0.092061 0.051655 -0.983733
1642647887.803761 -0.174362 1.209165 0.320911 -0.145950 0.090651 0.052613 -0.983724
1642647887.812094 -0.173597 1.208906 0.321290 -0.146094 0.090678 0.052128 -0.983726
1642647887.820428 -0.172785 1.208608 0.321638 -0.146440 0.090072 0.052399 -0.983716
1642647887.828761 -0.171976 1.208316 0.321978 -0.146757 0.089285 0.052781 -0.983720
1642647887.837094 -0.171134 1.207999 0.322289 -0.147282 0.087831 0.053765 -0.983719
1642647887.845428 -0.170288 1.207709 0.322608 -0.147594 0.087027 0.054328 -0.983713
1642647887.853761 -0.169461 1.207460 0.322912 -0.147776 0.086366 0.054622 -0.983728
1642647887.862094 -0.168638 1.207237 0.323210 -0.147843 0.085855 0.054669 -0.983760
1642647887.870428 -0.167798 1.207002 0.323513 -0.148005 0.085354 0.054855 -0.983768
1642647887.878761 -0.166963 1.206794 0.323824 -0.148096 0.085039 0.054914 -0.983779
1642647887.887094 -0.166070 1.206490 0.324112 -0.148552 0.083642 0.055995 -0.983769
1642647887.895427 -0.165220 1.206264 0.324406 -0.148621 0.083195 0.056147 -0.983788
1642647887.903761 -0.164348 1.206024 0.324721 -0.148814 0.082584 0.056512 -0.983789
1642647887.912094 -0.163518 1.205847 0.325051 -0.148877 0.082488 0.056304 -0.983799
1642647887.920428 -0.162638 1.205605 0.325373 -0.149372 0.081077 0.057443 -0.983776
1642647887.928761 -0.161739 1.205325 0.325636 -0.149550 0.080446 0.057943 -0.983771
1642647887.937094 -0.160871 1.205115 0.325942 -0.149726 0.080008 0.058232 -0.983763
1642647887.945428 -0.159985 1.204884 0.326261 -0.149989 0.079494 0.058750 -0.983734
1642647887.953761 -0.159118 1.204710 0.326600 -0.150053 0.079618 0.058656 -0.983720
1642647887.962094 -0.158194 1.204459 0.326891 -0.150538 0.078235 0.059929 -0.983680
1642647887.970428 -0.157322 1.204299 0.327218 -0.150645 0.078010 0.060093 -0.983671
1642647887.978761 -0.156465 1.204175 0.327580 -0.150771 0.078018 0.060111 -0.983650
1642647887.987094 -0.155513 1.203929 0.327883 -0.151261 0.076784 0.061421 -0.983591
1642647887.995428 -0.154602 1.203747 0.328196 -0.151469 0.076196 0.061960 -0.983571
1642647888.003761 -0.153679 1.203545 0.328486 -0.151605 0.075687 0.062393 -0.983562
1642647888.012094 -0.152783 1.203400 0.328825 -0.151741 0.075629 0.062427 -0.983544
1642647888.020427 -0.151855 1.203210 0.329148 -0.152040 0.074856 0.063109 -0.983513
1642647888.028761 -0.150887 1.202975 0.329449 -0.152527 0.073442 0.064438 -0.983458
1642647888.037094 -0.149964 1.202819 0.329768 -0.152722 0.072973 0.064812 -0.983438
1642647888.045428 -0.149066 1.202706 0.330097 -0.152783 0.072996 0.064701 -0.983434
1642647888.053761 -0.148132 1.202529 0.330402 -0.153052 0.072133 0.065433 -0.983408
1642647888.062094 -0.147158 1.202317 0.330690 -0.153469 0.070894 0.066538 -0.983359
1642647888.070428 -0.146198 1.202146 0.330989 -0.153787 0.070195 0.067264 -0.983310
1642647888.078761 -0.145276 1.202022 0.331301 -0.153916 0.069889 0.067383 -0.983303
1642647888.087094 -0.144372 1.201948 0.331651 -0.153993 0.069880 0.067304 -0.983297
1642647888.095428 -0.143398 1.201771 0.331927 -0.154376 0.068748 0.068250 -0.983252
1642647888.103761 -0.142459 1.201639 0.332231 -0.154446 0.068612 0.068382 -0.983241
1642647888.112094 -0.141432 1.201403 0.332475 -0.154846 0.067246 0.069584 -0.983188
1642647888.120428 -0.140487 1.201295 0.332793 -0.154901 0.067109 0.069447 -0.983199
1642647888.128761 -0.139493 1.201090 0.333073 -0.155297 0.065833 0.070576 -0.983142
1642647888.137094 -0.138497 1.200895 0.333371 -0.155527 0.065032 0.071304 -0.983106
1642647888.145427 -0.137512 1.200734 0.333679 -0.155734 0.064459 0.071730 -0.983080
1642647888.153761 -0.136528 1.200575 0.333991 -0.155869 0.063953 0.072121 -0.983063
1642647888.162094 -0.135543 1.200421 0.334294 -0.155939 0.063511 0.072339 -0.983065
1642647888.170428 -0.134516 1.200227 0.334610 -0.156173 0.062774 0.072950 -0.983030
1642647888.178761 -0.133521 1.200055 0.334913 -0.156366 0.062185 0.073320 -0.983009
1642647888.187094 -0.132500 1.199899 0.335225 -0.156505 0.061503 0.073709 -0.983001
1642647888.195428 -0.131524 1.199797 0.335575 -0.156513 0.061351 0.073599 -0.983017
1642647888.203761 -0.130498 1.199617 0.335899 -0.156593 0.060994 0.073637 -0.983024
1642647888.212094 -0.129377 1.199306 0.336164 -0.157003 0.059339 0.074899 -0.982965
1642647888.220428 -0.128333 1.199108 0.336493 -0.157220 0.058573 0.075293 -0.982946
1642647888.228761 -0.127295 1.198924 0.336825 -0.157302 0.058166 0.075289 -0.982957
1642647888.237094 -0.126247 1.198727 0.337172 -0.157323 0.057878 0.075226 -0.982976
1642647888.245428 -0.125134 1.198442 0.337479 -0.157689 0.056396 0.076329 -0.982918
1642647888.253761 -0.124064 1.198208 0.337796 -0.157790 0.055596 0.076635 -0.982924
1642647888.262094 -0.123016 1.198009 0.338121 -0.158042 0.054607 0.076820 -0.982924
1642647888.270427 -0.122029 1.197863 0.338517 -0.159417 0.052094 0.077518 -0.982784
1642647888.278761 -0.120927 1.197592 0.338853 -0.159632 0.050829 0.078306 -0.982752
1642647888.287094 -0.119834 1.197327 0.339166 -0.159688 0.050045 0.078449 -0.982772
1642647888.295428 -0.118767 1.197076 0.339490 -0.159602 0.049829 0.078138 -0.982822
1642647888.303761 -0.117693 1.196829 0.339850 -0.159739 0.049041 0.078327 -0.982824
1642647888.312094 -0.116563 1.196490 0.340175 -0.160156 0.047399 0.079312 -0.982758
1642647888.320428 -0.115488 1.196223 0.340525 -0.160264 0.046616 0.079405 -0.982770
1642647888.328761 -0.114431 1.195982 0.340878 -0.160249 0.046138 0.079105 -0.982819
1642647888.337094 -0.113303 1.195628 0.341196 -0.160658 0.044390 0.080097 -0.982753
1642647888.345428 -0.112194 1.195307 0.341519 -0.160925 0.043204 0.080452 -0.982733
1642647888.353761 -0.111151 1.195089 0.341878 -0.160847 0.042902 0.079923 -0.982802
1642647888.362094 -0.110056 1.194808 0.342236 -0.161059 0.041852 0.080280 -0.982784
1642647888.370428 -0.108930 1.194472 0.342588 -0.161440 0.040212 0.081174 -0.982716
1642647888.378761 -0.107863 1.194215 0.342959 -0.161629 0.039354 0.081166 -0.982720
1642647888.387094 -0.106855 1.194051 0.343388 -0.161563 0.039351 0.080424 -0.982792
1642647888.395427 -0.105774 1.193774 0.343756 -0.161852 0.038238 0.080828 -0.982756
1642647888.403761 -0.104659 1.193450 0.344098 -0.162220 0.036606 0.081749 -0.982681
1642647888.412094 -0.103570 1.193171 0.344437 -0.161762 0.036532 0.081557 -0.982775
1642647888.420428 -0.102532 1.192961 0.344805 -0.161832 0.035810 0.081559 -0.982790
1642647888.428761 -0.101478 1.192703 0.345156 -0.162060 0.034733 0.081894 -0.982763
1642647888.437094 -0.100397 1.192408 0.345490 -0.162276 0.033506 0.082481 -0.982721
1642647888.445428 -0.099377 1.192234 0.345881 -0.162369 0.032814 0.082439 -0.982733
1642647888.453761 -0.098342 1.191998 0.346188 -0.162387 0.031921 0.082476 -0.982756
1642647888.462094 -0.097331 1.191821 0.346540 -0.162332 0.031408 0.082211 -0.982804
1642647888.470428 -0.096279 1.191566 0.346863 -0.162672 0.029740 0.083175 -0.982718
1642647888.478761 -0.095292 1.191411 0.347236 -0.162725 0.029053 0.083055 -0.982740
1642647888.487094 -0.094288 1.191218 0.347581 -0.162831 0.028110 0.083209 -0.982737
1642647888.495428 -0.093300 1.191036 0.347913 -0.162848 0.027490 0.083111 -0.982760
1642647888.503761 -0.092293 1.190799 0.348238 -0.163036 0.026467 0.083396 -0.982733
1642647888.512094 -0.091308 1.190567 0.348542 -0.163109 0.025686 0.083480 -0.982734
1642647888.520427 -0.090304 1.190309 0.348818 -0.163235 0.024788 0.083803 -0.982709
1642647888.528761 -0.089351 1.190116 0.349117 -0.163270 0.024232 0.083659 -0.982729
1642647888.537094 -0.088380 1.189894 0.349404 -0.163253 0.023475 0.083865 -0.982733
1642647888.545428 -0.087460 1.189749 0.349722 -0.163286 0.022783 0.083799 -0.982749
1642647888.553761 -0.086521 1.189537 0.349991 -0.163208 0.022039 0.083805 -0.982779
1642647888.562094 -0.085566 1.189292 0.350205 -0.163141 0.021179 0.083923 -0.982799
1642647888.570428 -0.084682 1.189163 0.350476 -0.162873 0.021092 0.083156 -0.982910
1642647888.578761 -0.083755 1.188980 0.350745 -0.163012 0.019742 0.083595 -0.982878
1642647888.587094 -0.082860 1.188816 0.350991 -0.162988 0.018898 0.083465 -0.982910
1642647888.595428 -0.081969 1.188654 0.351211 -0.162961 0.017880 0.083432 -0.982936
1642647888.603761 -0.081084 1.188476 0.351397 -0.162754 0.017224 0.083269 -0.982996
1642647888.612094 -0.080282 1.188435 0.351658 -0.162395 0.017238 0.082326 -0.983134
1642647888.620428 -0.079390 1.188254 0.351819 -0.162537 0.015688 0.082926 -0.983087
1642647888.628761 -0.078546 1.188136 0.351981 -0.162338 0.014951 0.082718 -0.983148
1642647888.637094 -0.077710 1.188040 0.352135 -0.162125 0.014229 0.082554 -0.983208
1642647888.645427 -0.076885 1.187953 0.352286 -0.161874 0.013514 0.082405 -0.983272
1642647888.653761 -0.076074 1.187883 0.352434 -0.161654 0.012910 0.082097 -0.983342
1642647888.662094 -0.075294 1.187874 0.352595 -0.161219 0.012844 0.081118 -0.983495
1642647888.670428 -0.074491 1.187806 0.352720 -0.161024 0.012010 0.081030 -0.983545
1642647888.678761 -0.073646 1.187695 0.352819 -0.161023 0.010404 0.081592 -0.983517
1642647888.687094 -0.072838 1.187654 0.352938 -0.160818 0.009617 0.081296 -0.983583
1642647888.695428 -0.072037 1.187614 0.353056 -0.160635 0.008751 0.081089 -0.983638
1642647888.703761 -0.071249 1.187569 0.353164 -0.160498 0.007848 0.080923 -0.983682
1642647888.712094 -0.070464 1.187519 0.353272 -0.160325 0.007092 0.080656 -0.983738
1642647888.720428 -0.069671 1.187472 0.353388 -0.160121 0.006361 0.080375 -0.983799
1642647888.728761 -0.068879 1.187427 0.353510 -0.159944 0.005503 0.080176 -0.983849
1642647888.737094 -0.068108 1.187385 0.353621 -0.159815 0.004712 0.079958 -0.983892
1642647888.745428 -0.067337 1.187338 0.353729 -0.159683 0.003862 0.079681 -0.983940
1642647888.753761 -0.066570 1.187301 0.353847 -0.159524 0.003172 0.079279 -0.984000
1642647888.762094 -0.065847 1.187299 0.353984 -0.159209 0.003182 0.078266 -0.984132
1642647888.770427 -0.065090 1.187256 0.354105 -0.159104 0.002367 0.077982 -0.984174
1642647888.778761 -0.064333 1.187215 0.354216 -0.159125 0.001356 0.077888 -0.984180
1642647888.787094 -0.063529 1.187085 0.354278 -0.159405 -0.001040 0.079188 -0.984032
1642647888.795428 -0.062797 1.187059 0.354400 -0.159291 -0.001653 0.078962 -0.984067
1642647888.803761 -0.062068 1.187036 0.354525 -0.159160 -0.002256 0.078674 -0.984110
1642647888.812094 -0.061342 1.187010 0.354651 -0.159016 -0.002753 0.078376 -0.984156
1642647888.820428 -0.060614 1.186989 0.354781 -0.158950 -0.003324 0.078148 -0.984183
1642647888.828761 -0.059901 1.186979 0.354907 -0.158920 -0.003884 0.077844 -0.984210
1642647888.837094 -0.059195 1.186971 0.355038 -0.158790 -0.004282 0.077537 -0.984254
1642647888.845428 -0.058480 1.186980 0.355179 -0.158735 -0.004748 0.077224 -0.984285
1642647888.853761 -0.057762 1.187006 0.355318 -0.158894 -0.005306 0.076892 -0.984283
1642647888.862094 -0.057022 1.187034 0.355427 -0.159024 -0.005608 0.075978 -0.984331
1642647888.870428 -0.056315 1.187052 0.355560 -0.159015 -0.006024 0.075558 -0.984362
1642647888.878761 -0.055606 1.187069 0.355688 -0.158910 -0.006424 0.075161 -0.984407
1642647888.887094 -0.054910 1.187090 0.355812 -0.158834 -0.006945 0.074826 -0.984441
1642647888.895427 -0.054199 1.187109 0.355922 -0.158742 -0.007532 0.074514 -0.984476
1642647888.903761 -0.053464 1.187102 0.356013 -0.158670 -0.008230 0.074312 -0.984497
1642647888.912094 -0.052781 1.187175 0.356149 -0.158466 -0.008674 0.073743 -0.984569
1642647888.920428 -0.052046 1.187162 0.356229 -0.158365 -0.009475 0.073451 -0.984599
1642647888.928761 -0.051365 1.187234 0.356375 -0.158219 -0.009989 0.072806 -0.984666
1642647888.937094 -0.050655 1.187243 0.356482 -0.158081 -0.010592 0.072292 -0.984719
1642647888.945428 -0.049948 1.187249 0.356589 -0.157918 -0.011273 0.071692 -0.984782
1642647888.953761 -0.049236 1.187241 0.356692 -0.157884 -0.012101 0.071289 -0.984807
1642647888.962094 -0.048528 1.187218 0.356789 -0.157856 -0.012880 0.070922 -0.984828
1642647888.970428 -0.047808 1.187150 0.356864 -0.157855 -0.013772 0.070631 -0.984837
1642647888.978761 -0.047117 1.187110 0.356992 -0.157887 -0.014549 0.070179 -0.984853
1642647888.987094 -0.046426 1.187078 0.357126 -0.157902 -0.015292 0.069649 -0.984877
1642647888.995428 -0.045773 1.187072 0.357296 -0.157931 -0.015663 0.068858 -0.984922
1642647889.003761 -0.045093 1.187025 0.357453 -0.157998 -0.016206 0.068242 -0.984945
1642647889.012094 -0.044412 1.186981 0.357621 -0.158067 -0.016814 0.067676 -0.984963
1642647889.020427 -0.043732 1.186943 0.357793 -0.158107 -0.017432 0.067079 -0.984987
1642647889.028761 -0.043059 1.186911 0.357978 -0.158209 -0.018038 0.066402 -0.985005
1642647889.037094 -0.042387 1.186882 0.358164 -0.158336 -0.018709 0.065686 -0.985020
1642647889.045428 -0.041722 1.186863 0.358346 -0.158384 -0.019315 0.064801 -0.985060
1642647889.053761 -0.041050 1.186864 0.358534 -0.158495 -0.020085 0.063964 -0.985081
1642647889.062094 -0.040383 1.186885 0.358722 -0.158641 -0.020927 0.063196 -0.985090
1642647889.070428 -0.039711 1.186921 0.358912 -0.158728 -0.021631 0.062225 -0.985122
1642647889.078761 -0.039033 1.186963 0.359096 -0.158828 -0.022560 0.061243 -0.985147
1642647889.087094 -0.038358 1.187029 0.359285 -0.158890 -0.023624 0.060291 -0.985171
1642647889.095428 -0.037676 1.187113 0.359482 -0.159027 -0.024724 0.059261 -0.985184
1642647889.103761 -0.036984 1.187197 0.359678 -0.159194 -0.025935 0.058291 -0.985184
1642647889.112094 -0.036266 1.187274 0.359869 -0.159268 -0.027313 0.057365 -0.985189
1642647889.120428 -0.035597 1.187425 0.360118 -0.159368 -0.028188 0.056066 -0.985223
1642647889.128761 -0.034868 1.187498 0.360317 -0.159511 -0.029596 0.055049 -0.985216
1642647889.137094 -0.034195 1.187653 0.360587 -0.159454 -0.030437 0.053626 -0.985278
1642647889.145427 -0.033524 1.187744 0.360811 -0.159280 -0.031663 0.052293 -0.985339
1642647889.153761 -0.032810 1.187852 0.361052 -0.159389 -0.032795 0.051186 -0.985343
1642647889.162094 -0.032084 1.187960 0.361308 -0.159405 -0.033788 0.050063 -0.985364
1642647889.170428 -0.031360 1.188054 0.361566 -0.159512 -0.034852 0.049055 -0.985360
1642647889.178761 -0.030636 1.188123 0.361825 -0.159690 -0.035969 0.047954 -0.985346
1642647889.187094 -0.029899 1.188182 0.362096 -0.159896 -0.036943 0.046765 -0.985333
1642647889.195428 -0.029167 1.188228 0.362382 -0.160221 -0.038058 0.045688 -0.985289
1642647889.203761 -0.028432 1.188268 0.362681 -0.160429 -0.039069 0.044521 -0.985269
1642647889.212094 -0.027692 1.188290 0.362984 -0.160710 -0.040228 0.043363 -0.985228
1642647889.220428 -0.026957 1.188302 0.363282 -0.160984 -0.041383 0.042196 -0.985186
1642647889.228761 -0.026220 1.188302 0.363591 -0.161187 -0.042564 0.041017 -0.985152
1642647889.237094 -0.025480 1.188285 0.363893 -0.161318 -0.043685 0.039768 -0.985133
1642647889.245428 -0.024743 1.188262 0.364203 -0.161435 -0.044778 0.038597 -0.985111
1642647889.253761 -0.024014 1.188211 0.364500 -0.161561 -0.045807 0.037440 -0.985088
1642647889.262094 -0.023273 1.188154 0.364806 -0.161642 -0.046868 0.036208 -0.985071
1642647889.270427 -0.022553 1.188119 0.365132 -0.161596 -0.047365 0.034741 -0.985107
1642647889.278761 -0.021869 1.188163 0.365522 -0.161383 -0.046398 0.032107 -0.985278
1642647889.287094 -0.021133 1.188105 0.365845 -0.161349 -0.047287 0.031028 -0.985275
1642647889.295428 -0.020396 1.188020 0.366147 -0.161469 -0.048609 0.030357 -0.985212
1642647889.303761 -0.019629 1.187854 0.366393 -0.161640 -0.051429 0.030961 -0.985022
1642647889.312094 -0.018916 1.187818 0.366720 -0.161504 -0.051898 0.029741 -0.985058
1642647889.320428 -0.018229 1.187844 0.367083 -0.161220 -0.051138 0.027476 -0.985210
1642647889.328761 -0.017451 1.187687 0.367318 -0.161326 -0.053883 0.028249 -0.985024
1642647889.337094 -0.016714 1.187628 0.367622 -0.161209 -0.054738 0.027444 -0.985019
1642647889.345428 -0.015977 1.187562 0.367909 -0.161249 -0.055552 0.026684 -0.984988
1642647889.353761 -0.015236 1.187510 0.368199 -0.161248 -0.056422 0.025978 -0.984957
1642647889.362094 -0.014488 1.187474 0.368516 -0.161201 -0.056894 0.024997 -0.984963
1642647889.370428 -0.013780 1.187528 0.368880 -0.160983 -0.055648 0.022558 -0.985129
1642647889.378761 -0.013015 1.187472 0.369173 -0.161207 -0.056574 0.021831 -0.985056
1642647889.387094 -0.012237 1.187420 0.369470 -0.161327 -0.057521 0.021126 -0.984997
1642647889.395427 -0.011452 1.187358 0.369749 -0.161485 -0.058970 0.020837 -0.984891
1642647889.403761 -0.010629 1.187208 0.369969 -0.161922 -0.061770 0.021593 -0.984632
1642647889.412094 -0.009851 1.187225 0.370296 -0.161924 -0.061303 0.019379 -0.984707
1642647889.420428 -0.009080 1.187218 0.370612 -0.162154 -0.062319 0.018522 -0.984621
1642647889.428761 -0.008264 1.187143 0.370864 -0.162470 -0.064014 0.018191 -0.984467
1642647889.437094 -0.007413 1.186994 0.371056 -0.162820 -0.067122 0.019204 -0.984183
1642647889.445428 -0.006594 1.186952 0.371317 -0.163058 -0.068445 0.018619 -0.984064
1642647889.453761 -0.005774 1.186912 0.371564 -0.163308 -0.069651 0.018020 -0.983949
1642647889.462094 -0.004951 1.186896 0.371815 -0.163638 -0.071091 0.017521 -0.983800
1642647889.470428 -0.004154 1.186940 0.372089 -0.164430 -0.073428 0.017477 -0.983497
1642647889.478761 -0.003319 1.186931 0.372300 -0.164210 -0.073538 0.016278 -0.983546
1642647889.487094 -0.002557 1.187071 0.372602 -0.164453 -0.073632 0.014428 -0.983527
1642647889.495428 -0.001699 1.187043 0.372752 -0.163749 -0.073655 0.013182 -0.983660
1642647889.503761 -0.000857 1.187038 0.372894 -0.163886 -0.075387 0.012887 -0.983510
1642647889.512094 0.000034 1.186939 0.372951 -0.164234 -0.079258 0.014262 -0.983129
1642647889.520427 0.000801 1.187107 0.373187 -0.164808 -0.081707 0.013995 -0.982836
1642647889.528761 0.001634 1.187175 0.373319 -0.164722 -0.083217 0.013316 -0.982733
1642647889.537094 0.002467 1.187237 0.373424 -0.164515 -0.084599 0.012536 -0.982660
1642647889.545428 0.003311 1.187292 0.373497 -0.163916 -0.085622 0.011561 -0.982684
1642647889.553761 0.004114 1.187416 0.373602 -0.163997 -0.087915 0.011013 -0.982474
1642647889.562094 0.004962 1.187498 0.373642 -0.163256 -0.088772 0.009912 -0.982532
1642647889.570428 0.005781 1.187632 0.373702 -0.162829 -0.090639 0.009233 -0.982439
1642647889.578761 0.006595 1.187762 0.373736 -0.162468 -0.092635 0.008630 -0.982318
1642647889.587094 0.007405 1.187887 0.373739 -0.162471 -0.094985 0.008112 -0.982097
1642647889.595428 0.008120 1.188261 0.373922 -0.161798 -0.094329 0.005271 -0.982291
1642647889.603761 0.008927 1.188413 0.373926 -0.161297 -0.096278 0.004785 -0.982187
1642647889.612094 0.009750 1.188488 0.373853 -0.160868 -0.099765 0.005731 -0.981904
1642647889.620428 0.010539 1.188676 0.373858 -0.160131 -0.101016 0.004943 -0.981901
1642647889.628761 0.011319 1.188853 0.373841 -0.158827 -0.100704 0.003241 -0.982152
1642647889.637094 0.012007 1.189213 0.373953 -0.158726 -0.101237 0.001490 -0.982118
1642647889.645427 0.012816 1.189303 0.373857 -0.157917 -0.102760 0.001254 -0.982090
1642647889.653761 0.013610 1.189420 0.373797 -0.156626 -0.104157 0.001419 -0.982149
1642647889.662094 0.014258 1.189890 0.373996 -0.156344 -0.104247 -0.000435 -0.982186
1642647889.670428 0.015063 1.189952 0.373888 -0.155067 -0.105731 -0.000061 -0.982230
1642647889.678761 0.015784 1.190217 0.373927 -0.154456 -0.106813 -0.000619 -0.982209
1642647889.687094 0.016475 1.190542 0.374023 -0.154424 -0.108852 -0.000611 -0.981990
1642647889.695428 0.017176 1.190811 0.374075 -0.153741 -0.109570 -0.001189 -0.982017
1642647889.703761 0.017897 1.191051 0.374102 -0.152918 -0.110007 -0.001916 -0.982095
1642647889.712094 0.018682 1.191163 0.374035 -0.151586 -0.109607 -0.002839 -0.982344
1642647889.720428 0.019382 1.191458 0.374123 -0.151143 -0.110496 -0.003203 -0.982312
1642647889.728761 0.020062 1.191789 0.374240 -0.151235 -0.112132 -0.003077 -0.982112
1642647889.737094 0.020784 1.192019 0.374273 -0.150008 -0.111260 -0.004294 -0.982395
1642647889.745428 0.021488 1.192315 0.374361 -0.149530 -0.111781 -0.004762 -0.982407
1642647889.753761 0.022166 1.192631 0.374464 -0.149071 -0.112331 -0.005227 -0.982411
1642647889.762094 0.022805 1.193050 0.374635 -0.148851 -0.112935 -0.005831 -0.982372
1642647889.770427 0.023461 1.193428 0.374756 -0.149107 -0.114961 -0.005618 -0.982100
1642647889.778761 0.024137 1.193740 0.374827 -0.148605 -0.115764 -0.006095 -0.982079
1642647889.787094 0.024809 1.194043 0.374882 -0.147971 -0.116342 -0.006720 -0.982102
1642647889.795428 0.025504 1.194278 0.374868 -0.146763 -0.115948 -0.007868 -0.982321
1642647889.803761 0.026197 1.194495 0.374843 -0.146371 -0.117439 -0.007999 -0.982201
1642647889.812094 0.026818 1.194860 0.374939 -0.146567 -0.119917 -0.007806 -0.981874
1642647889.820428 0.027461 1.195162 0.374976 -0.146053 -0.120986 -0.008472 -0.981814
1642647889.828761 0.028101 1.195468 0.374996 -0.145594 -0.122201 -0.008994 -0.981727
1642647889.837094 0.028741 1.195754 0.375005 -0.144938 -0.123106 -0.009715 -0.981704
1642647889.845428 0.029394 1.195997 0.374977 -0.143688 -0.122893 -0.010999 -0.981901
1642647889.853761 0.030007 1.196283 0.374985 -0.143211 -0.124018 -0.011603 -0.981823
1642647889.862094 0.030614 1.196576 0.374993 -0.142757 -0.125055 -0.012186 -0.981750
1642647889.870428 0.031201 1.196871 0.375005 -0.142368 -0.126288 -0.012666 -0.981643
1642647889.878761 0.031755 1.197225 0.375071 -0.142350 -0.128238 -0.012798 -0.981391
1642647889.887094 0.032315 1.197541 0.375095 -0.141063 -0.127346 -0.014491 -0.981669
1642647889.895427 0.032917 1.197710 0.375021 -0.140547 -0.128513 -0.014771 -0.981587
1642647889.903761 0.033465 1.197966 0.375035 -0.140043 -0.129284 -0.015382 -0.981548
1642647889.912094 0.034006 1.198214 0.375067 -0.139727 -0.130224 -0.015948 -0.981460
1642647889.920428 0.034520 1.198509 0.375154 -0.140036 -0.132248 -0.015907 -0.981146
1642647889.928761 0.035050 1.198724 0.375201 -0.139639 -0.132915 -0.016635 -0.981100
1642647889.937094 0.035569 1.198922 0.375258 -0.139295 -0.133516 -0.017356 -0.981055
1642647889.945428 0.036089 1.199106 0.375320 -0.138811 -0.133758 -0.018274 -0.981074
1642647889.953761 0.036633 1.199231 0.375342 -0.137753 -0.132882 -0.019825 -0.981312
1642647889.962094 0.037146 1.199408 0.375423 -0.137430 -0.133491 -0.020631 -0.981258
1642647889.970428 0.037653 1.199568 0.375508 -0.137089 -0.133988 -0.021388 -0.981222
1642647889.978761 0.038134 1.199749 0.375608 -0.136910 -0.134287 -0.022353 -0.981185
1642647889.987094 0.038561 1.200048 0.375798 -0.137156 -0.134425 -0.023848 -0.981096
1642647889.995428 0.039091 1.200062 0.375776 -0.136701 -0.136635 -0.022840 -0.980878
1642647890.003761 0.039593 1.200141 0.375792 -0.135666 -0.135849 -0.024311 -0.981096
1642647890.012094 0.040066 1.200280 0.375845 -0.135270 -0.136304 -0.025108 -0.981067
1642647890.020427 0.040508 1.200413 0.375883 -0.134946 -0.136818 -0.025880 -0.981020
1642647890.028761 0.040932 1.200547 0.375920 -0.134474 -0.137296 -0.026682 -0.980997
1642647890.037094 0.041347 1.200683 0.375935 -0.134019 -0.137995 -0.027495 -0.980939
1642647890.045428 0.041741 1.200832 0.375947 -0.133476 -0.138604 -0.028390 -0.980901
1642647890.053761 0.042113 1.200975 0.375938 -0.132897 -0.139239 -0.029361 -0.980861
1642647890.062094 0.042472 1.201125 0.375917 -0.132302 -0.139910 -0.030390 -0.980815
1642647890.070428 0.042814 1.201293 0.375889 -0.131632 -0.140604 -0.031398 -0.980774
1642647890.078761 0.043142 1.201456 0.375849 -0.131020 -0.141351 -0.032416 -0.980716
1642647890.087094 0.043459 1.201625 0.375811 -0.130283 -0.142106 -0.033497 -0.980668
1642647890.095428 0.043759 1.201807 0.375787 -0.129757 -0.143242 -0.034390 -0.980542
1642647890.103761 0.044030 1.202050 0.375804 -0.129773 -0.145372 -0.034618 -0.980218
1642647890.112094 0.044317 1.202227 0.375774 -0.129135 -0.146072 -0.035707 -0.980159
1642647890.120428 0.044599 1.202415 0.375755 -0.128492 -0.146778 -0.036874 -0.980095
1642647890.128761 0.044872 1.202597 0.375740 -0.127967 -0.147439 -0.038019 -0.980021
1642647890.137094 0.045140 1.202794 0.375728 -0.127415 -0.148077 -0.039149 -0.979952
1642647890.145427 0.045396 1.202992 0.375732 -0.126808 -0.148704 -0.040285 -0.979890
1642647890.153761 0.045644 1.203186 0.375725 -0.126276 -0.149321 -0.041399 -0.979818
1642647890.162094 0.045884 1.203384 0.375704 -0.125761 -0.149943 -0.042555 -0.979740
1642647890.170428 0.046118 1.203592 0.375681 -0.125225 -0.150649 -0.043735 -0.979648
1642647890.178761 0.046343 1.203817 0.375647 -0.124621 -0.151486 -0.044930 -0.979542
1642647890.187094 0.046572 1.204025 0.375583 -0.123889 -0.152124 -0.046342 -0.979470
1642647890.195428 0.046830 1.204199 0.375486 -0.122590 -0.151755 -0.048356 -0.979594
1642647890.203761 0.047068 1.204456 0.375438 -0.121903 -0.152792 -0.049543 -0.979459
1642647890.212094 0.047312 1.204711 0.375385 -0.121269 -0.153765 -0.050712 -0.979325
1642647890.220428 0.047562 1.204971 0.375327 -0.120599 -0.154696 -0.051776 -0.979206
1642647890.228761 0.047819 1.205239 0.375272 -0.119922 -0.155576 -0.052840 -0.979093
1642647890.237094 0.048081 1.205508 0.375225 -0.119226 -0.156386 -0.053808 -0.978996
1642647890.245428 0.048362 1.205770 0.375183 -0.118613 -0.157097 -0.054667 -0.978909
1642647890.253761 0.048643 1.206047 0.375161 -0.118161 -0.157956 -0.055386 -0.978785
1642647890.262094 0.048926 1.206357 0.375185 -0.118144 -0.159475 -0.055498 -0.978535
1642647890.270427 0.049256 1.206545 0.375124 -0.116990 -0.158367 -0.057079 -0.978762
1642647890.278761 0.049575 1.206801 0.375125 -0.116504 -0.158603 -0.057729 -0.978744
1642647890.287094 0.049894 1.207050 0.375126 -0.116045 -0.158781 -0.058390 -0.978730
1642647890.295428 0.050217 1.207305 0.375138 -0.115554 -0.159058 -0.058962 -0.978709
1642647890.303761 0.050539 1.207572 0.375151 -0.115002 -0.159347 -0.059512 -0.978694
1642647890.312094 0.050867 1.207838 0.375165 -0.114367 -0.159668 -0.060016 -0.978685
1642647890.320428 0.051196 1.208099 0.375178 -0.113785 -0.160020 -0.060554 -0.978662
1642647890.328761 0.051523 1.208374 0.375199 -0.113331 -0.160679 -0.060905 -0.978585
1642647890.337094 0.051829 1.208717 0.375268 -0.113362 -0.162484 -0.060428 -0.978313
1642647890.345428 0.052154 1.208994 0.375288 -0.112777 -0.162877 -0.060853 -0.978289
1642647890.353761 0.052460 1.209280 0.375302 -0.112179 -0.163382 -0.061252 -0.978249
1642647890.362094 0.052763 1.209564 0.375307 -0.111380 -0.163424 -0.061967 -0.978288
1642647890.370428 0.053075 1.209809 0.375264 -0.110053 -0.162435 -0.063325 -0.978516
1642647890.378761 0.053347 1.210124 0.375263 -0.109412 -0.162794 -0.063846 -0.978494
1642647890.387094 0.053609 1.210442 0.375264 -0.108808 -0.163248 -0.064383 -0.978451
1642647890.395427 0.053855 1.210768 0.375269 -0.108153 -0.163621 -0.065006 -0.978420
1642647890.403761 0.054086 1.211098 0.375266 -0.107623 -0.163881 -0.065725 -0.978387
1642647890.412094 0.054300 1.211439 0.375268 -0.107158 -0.164361 -0.066207 -0.978325
1642647890.420428 0.054489 1.211846 0.375314 -0.107165 -0.166090 -0.065858 -0.978056
1642647890.428761 0.054686 1.212183 0.375299 -0.106530 -0.166361 -0.066504 -0.978035
1642647890.437094 0.054872 1.212532 0.375291 -0.105858 -0.166642 -0.067242 -0.978010
1642647890.445428 0.055043 1.212863 0.375280 -0.105049 -0.166660 -0.068221 -0.978026
1642647890.453761 0.055221 1.213125 0.375225 -0.103785 -0.165549 -0.069974 -0.978226
1642647890.462094 0.055366 1.213440 0.375225 -0.103145 -0.165840 -0.070847 -0.978181
1642647890.470428 0.055497 1.213749 0.375235 -0.102534 -0.166048 -0.071796 -0.978141
1642647890.478761 0.055628 1.214050 0.375254 -0.101914 -0.166279 -0.072637 -0.978105
1642647890.487094 0.055753 1.214329 0.375287 -0.101352 -0.166585 -0.073456 -0.978050
1642647890.495428 0.055876 1.214604 0.375339 -0.100820 -0.166998 -0.074190 -0.977979
1642647890.503761 0.055982 1.214863 0.375396 -0.100409 -0.167353 -0.075006 -0.977898
1642647890.512094 0.056090 1.215111 0.375479 -0.100148 -0.167782 -0.075754 -0.977794
1642647890.520427 0.056162 1.215403 0.375619 -0.100517 -0.169353 -0.075771 -0.977484
1642647890.528761 0.056250 1.215608 0.375717 -0.100261 -0.169411 -0.076704 -0.977427
1642647890.537094 0.056331 1.215804 0.375828 -0.099994 -0.169494 -0.077609 -0.977369
1642647890.545428 0.056409 1.215983 0.375946 -0.099824 -0.169551 -0.078598 -0.977297
1642647890.553761 0.056461 1.216186 0.376099 -0.099678 -0.169472 -0.079784 -0.977230
1642647890.562094 0.056442 1.216489 0.376324 -0.099893 -0.168375 -0.082153 -0.977201
1642647890.570428 0.056488 1.216611 0.376434 -0.099466 -0.168595 -0.083061 -0.977130
1642647890.578761 0.056572 1.216582 0.376456 -0.098490 -0.169586 -0.083026 -0.977060
1642647890.587094 0.056584 1.216718 0.376608 -0.098304 -0.169816 -0.084089 -0.976948
1642647890.595428 0.056580 1.216892 0.376806 -0.098500 -0.170950 -0.084430 -0.976701
1642647890.603761 0.056585 1.216987 0.376965 -0.098220 -0.170920 -0.085542 -0.976638
1642647890.612094 0.056585 1.217075 0.377127 -0.097955 -0.170809 -0.086712 -0.976581
1642647890.620428 0.056578 1.217172 0.377307 -0.097655 -0.170542 -0.087931 -0.976549
1642647890.628761 0.056568 1.217282 0.377516 -0.097489 -0.169380 -0.089900 -0.976588
1642647890.637094 0.056577 1.217286 0.377650 -0.097105 -0.170405 -0.090022 -0.976437
1642647890.645427 0.056576 1.217336 0.377852 -0.096906 -0.170105 -0.091357 -0.976385
1642647890.653761 0.056578 1.217404 0.378095 -0.096822 -0.169176 -0.093246 -0.976376
1642647890.662094 0.056605 1.217369 0.378268 -0.096531 -0.170367 -0.093446 -0.976179
1642647890.670428 0.056619 1.217381 0.378500 -0.096414 -0.170458 -0.094543 -0.976069
1642647890.678761 0.056639 1.217374 0.378739 -0.096408 -0.170522 -0.095699 -0.975946
1642647890.687094 0.056663 1.217360 0.378984 -0.096428 -0.170554 -0.096914 -0.975818
1642647890.695428 0.056684 1.217335 0.379231 -0.096378 -0.170575 -0.098137 -0.975697
1642647890.703761 0.056726 1.217336 0.379506 -0.096609 -0.170409 -0.099307 -0.975585
1642647890.712094 0.056757 1.217355 0.379819 -0.096868 -0.169381 -0.101323 -0.975531
1642647890.720428 0.056802 1.217301 0.380084 -0.096985 -0.169639 -0.102215 -0.975381
1642647890.728761 0.056862 1.217214 0.380313 -0.097003 -0.170846 -0.102226 -0.975168
1642647890.737094 0.056912 1.217174 0.380596 -0.097104 -0.170976 -0.103178 -0.975035
1642647890.745428 0.056963 1.217129 0.380877 -0.097331 -0.171021 -0.104055 -0.974911
1642647890.753761 0.057022 1.217084 0.381160 -0.097534 -0.170892 -0.105029 -0.974809
1642647890.762094 0.057076 1.217034 0.381446 -0.097772 -0.170796 -0.105928 -0.974705
1642647890.770427 0.057130 1.216993 0.381737 -0.098003 -0.170406 -0.107016 -0.974631
1642647890.778761 0.057182 1.216994 0.382065 -0.098299 -0.169141 -0.108806 -0.974623
1642647890.787094 0.057235 1.216949 0.382354 -0.098487 -0.168896 -0.109741 -0.974542
1642647890.795428 0.057268 1.216923 0.382638 -0.098732 -0.168391 -0.111060 -0.974455
1642647890.803761 0.057375 1.216751 0.382831 -0.098712 -0.170297 -0.109874 -0.974260
1642647890.812094 0.057441 1.216677 0.383091 -0.098931 -0.170192 -0.110587 -0.974175
1642647890.820428 0.057509 1.216600 0.383347 -0.099111 -0.170035 -0.111400 -0.974092
1642647890.828761 0.057579 1.216524 0.383598 -0.099246 -0.169867 -0.112165 -0.974020
1642647890.837094 0.057656 1.216448 0.383835 -0.099466 -0.169789 -0.112859 -0.973931
1642647890.845428 0.057729 1.216381 0.384070 -0.099571 -0.169647 -0.113615 -0.973857
1642647890.853761 0.057801 1.216335 0.384296 -0.099643 -0.169622 -0.114275 -0.973777
1642647890.862094 0.057871 1.216301 0.384516 -0.099666 -0.169653 -0.114939 -0.973691
1642647890.870428 0.057946 1.216278 0.384727 -0.099658 -0.169715 -0.115609 -0.973601
1642647890.878761 0.058006 1.216251 0.384926 -0.099666 -0.169764 -0.116262 -0.973514
1642647890.887094 0.058062 1.216240 0.385117 -0.099644 -0.169781 -0.116967 -0.973429
1642647890.895427 0.058117 1.216226 0.385295 -0.099603 -0.169871 -0.117627 -0.973338
1642647890.903761 0.058159 1.216238 0.385481 -0.099580 -0.169543 -0.118662 -0.973272
1642647890.912094 0.058165 1.216329 0.385728 -0.099714 -0.167795 -0.121041 -0.973268
1642647890.920428 0.058257 1.216271 0.385876 -0.099620 -0.168723 -0.120863 -0.973140
1642647890.928761 0.058314 1.216267 0.386048 -0.099648 -0.168871 -0.121562 -0.973024
1642647890.937094 0.058376 1.216265 0.386225 -0.099699 -0.169023 -0.122295 -0.972900
1642647890.945428 0.058441 1.216258 0.386404 -0.099774 -0.169266 -0.123007 -0.972761
1642647890.953761 0.058501 1.216254 0.386596 -0.099836 -0.169550 -0.123662 -0.972622
1642647890.962094 0.058566 1.216238 0.386781 -0.099887 -0.170135 -0.124209 -0.972445
1642647890.970428 0.058638 1.216196 0.386919 -0.099795 -0.171581 -0.123998 -0.972227
1642647890.978761 0.058708 1.216205 0.387111 -0.099764 -0.171829 -0.124708 -0.972096
1642647890.987094 0.058784 1.216218 0.387297 -0.099821 -0.172064 -0.125481 -0.971949
1642647890.995428 0.058854 1.216251 0.387492 -0.099905 -0.171915 -0.126521 -0.971832
1642647891.003761 0.058901 1.216376 0.387748 -0.100166 -0.170120 -0.129076 -0.971785
1642647891.012094 0.059011 1.216381 0.387903 -0.100143 -0.170710 -0.129442 -0.971635
1642647891.020427 0.059172 1.216308 0.388004 -0.099959 -0.172862 -0.128424 -0.971408
1642647891.028761 0.059280 1.216397 0.388223 -0.100129 -0.171958 -0.130252 -0.971308
1642647891.037094 0.059375 1.216482 0.388387 -0.100156 -0.172340 -0.131435 -0.971078
1642647891.045428 0.059507 1.216471 0.388414 -0.099728 -0.175885 -0.130153 -0.970659
1642647891.053761 0.059734 1.216530 0.388712 -0.100031 -0.174266 -0.132027 -0.970667
1642647891.062094 0.059901 1.216601 0.388884 -0.099973 -0.174906 -0.132801 -0.970452
1642647891.070428 0.060055 1.216713 0.389070 -0.100047 -0.175013 -0.134127 -0.970243
1642647891.078761 0.060299 1.216723 0.389197 -0.099851 -0.176760 -0.133669 -0.970010
1642647891.087094 0.060523 1.216756 0.389315 -0.099700 -0.178597 -0.133354 -0.969732
1642647891.095428 0.060753 1.216879 0.389518 -0.099864 -0.178352 -0.134779 -0.969563
1642647891.103761 0.061000 1.216956 0.389675 -0.099902 -0.179273 -0.135216 -0.969328
1642647891.112094 0.061266 1.217031 0.389835 -0.099901 -0.180284 -0.135619 -0.969085
1642647891.120428 0.061544 1.217105 0.389985 -0.099933 -0.181437 -0.135945 -0.968821
1642647891.128761 0.061834 1.217182 0.390136 -0.100004 -0.182686 -0.136254 -0.968535
1642647891.137094 0.062135 1.217251 0.390280 -0.100103 -0.183889 -0.136589 -0.968250
1642647891.145427 0.062447 1.217323 0.390424 -0.100142 -0.185130 -0.136941 -0.967960
1642647891.153761 0.062772 1.217393 0.390566 -0.100138 -0.186538 -0.137221 -0.967650
1642647891.162094 0.063124 1.217460 0.390701 -0.100247 -0.188011 -0.137552 -0.967307
1642647891.170428 0.063487 1.217531 0.390841 -0.100285 -0.189600 -0.137776 -0.966960
1642647891.178761 0.063875 1.217602 0.390985 -0.100328 -0.191400 -0.137960 -0.966575
1642647891.187094 0.064275 1.217663 0.391119 -0.100441 -0.193388 -0.137979 -0.966165
1642647891.195428 0.064701 1.217689 0.391202 -0.100422 -0.196332 -0.137095 -0.965699
1642647891.203761 0.065122 1.217761 0.391334 -0.100602 -0.198071 -0.137242 -0.965304
1642647891.212094 0.065566 1.217850 0.391475 -0.100727 -0.199881 -0.137287 -0.964911
1642647891.220428 0.066009 1.217952 0.391615 -0.100915 -0.201416 -0.137458 -0.964548
1642647891.228761 0.066452 1.218103 0.391794 -0.101281 -0.201854 -0.138471 -0.964273
1642647891.237094 0.066936 1.218182 0.391909 -0.101541 -0.203380 -0.138666 -0.963897
1642647891.245428 0.067492 1.218146 0.391973 -0.102577 -0.204847 -0.139711 -0.963326
1642647891.253761 0.067984 1.218260 0.392097 -0.102681 -0.206292 -0.139564 -0.963028
1642647891.262094 0.068491 1.218398 0.392224 -0.102917 -0.207804 -0.139172 -0.962734
1642647891.270427 0.069002 1.218506 0.392325 -0.102853 -0.208802 -0.139053 -0.962542
1642647891.278761 0.069534 1.218575 0.392400 -0.102499 -0.209093 -0.139419 -0.962464
1642647891.287094 0.070041 1.218761 0.392552 -0.103031 -0.211358 -0.138265 -0.962079
1642647891.295428 0.070571 1.218862 0.392645 -0.102954 -0.212245 -0.137919 -0.961941
1642647891.303761 0.071137 1.218890 0.392690 -0.102561 -0.213118 -0.137343 -0.961873
1642647891.312094 0.071677 1.219043 0.392854 -0.102854 -0.212565 -0.137960 -0.961875
1642647891.320428 0.072236 1.219145 0.392982 -0.102961 -0.213117 -0.137531 -0.961803
1642647891.328761 0.072798 1.219265 0.393122 -0.102848 -0.213589 -0.137000 -0.961787
1642647891.337094 0.073326 1.219503 0.393351 -0.101366 -0.214204 -0.135799 -0.961977
1642647891.345428 0.073906 1.219582 0.393463 -0.101381 -0.214858 -0.135175 -0.961918
1642647891.353761 0.074519 1.219614 0.393528 -0.101256 -0.216721 -0.133721 -0.961716
1642647891.362094 0.075111 1.219698 0.393644 -0.101323 -0.217287 -0.133391 -0.961627
1642647891.370428 0.075697 1.219823 0.393811 -0.101496 -0.217073 -0.133863 -0.961592
1642647891.378761 0.076310 1.219889 0.393927 -0.101408 -0.218185 -0.133241 -0.961436
1642647891.387094 0.076941 1.219895 0.394005 -0.101269 -0.220256 -0.131902 -0.961163
1642647891.395427 0.077550 1.219944 0.394119 -0.101405 -0.221157 -0.131485 -0.960999
1642647891.403761 0.078194 1.219934 0.394204 -0.101832 -0.221920 -0.131475 -0.960779
1642647891.412094 0.078822 1.219951 0.394296 -0.101427 -0.221006 -0.132405 -0.960905
1642647891.420428 0.079403 1.220150 0.394542 -0.102031 -0.219232 -0.134330 -0.960980
1642647891.428761 0.079994 1.220230 0.394687 -0.101988 -0.220207 -0.133910 -0.960820
1642647891.437094 0.080569 1.220338 0.394847 -0.101757 -0.221283 -0.133248 -0.960690
1642647891.445428 0.081176 1.220292 0.394867 -0.103441 -0.222374 -0.133140 -0.960273
1642647891.453761 0.081772 1.220260 0.394890 -0.105124 -0.223397 -0.132990 -0.959873
1642647891.462094 0.082367 1.220340 0.395021 -0.105347 -0.224485 -0.132559 -0.959655
1642647891.470428 0.082969 1.220425 0.395157 -0.105571 -0.225410 -0.132105 -0.959476
1642647891.478761 0.083561 1.220503 0.395283 -0.105818 -0.226267 -0.131664 -0.959307
1642647891.487094 0.084142 1.220584 0.395414 -0.106048 -0.227033 -0.131115 -0.959176
1642647891.495428 0.084745 1.220667 0.395557 -0.106245 -0.227747 -0.130612 -0.959054
1642647891.503761 0.085355 1.220744 0.395710 -0.106481 -0.228359 -0.130099 -0.958952
1642647891.512094 0.085945 1.220821 0.395850 -0.106786 -0.228991 -0.129640 -0.958829
1642647891.520427 0.086516 1.220928 0.396003 -0.107106 -0.229414 -0.129523 -0.958708
1642647891.528761 0.087133 1.220992 0.396165 -0.107402 -0.230107 -0.128992 -0.958581
1642647891.537094 0.087750 1.221052 0.396328 -0.107695 -0.230822 -0.128484 -0.958444
1642647891.545428 0.088377 1.221097 0.396482 -0.108021 -0.231605 -0.127968 -0.958287
1642647891.553761 0.089021 1.221138 0.396645 -0.108369 -0.232567 -0.127243 -0.958112
1642647891.562094 0.089686 1.221151 0.396804 -0.108698 -0.233580 -0.126355 -0.957946
1642647891.570428 0.090314 1.221202 0.396959 -0.108972 -0.234815 -0.125787 -0.957687
1642647891.578761 0.091073 1.221051 0.397039 -0.108780 -0.238366 -0.122449 -0.957264
1642647891.587094 0.091736 1.221115 0.397238 -0.109264 -0.238990 -0.122278 -0.957075
1642647891.595428 0.092299 1.221333 0.397520 -0.110167 -0.237571 -0.124478 -0.957042
1642647891.603761 0.092965 1.221362 0.397716 -0.110609 -0.238725 -0.123847 -0.956785
1642647891.612094 0.093671 1.221352 0.397889 -0.110944 -0.240259 -0.122717 -0.956508
1642647891.620428 0.094515 1.221179 0.397994 -0.110857 -0.243659 -0.119060 -0.956120
1642647891.628761 0.095224 1.221205 0.398192 -0.111328 -0.244683 -0.118217 -0.955908
1642647891.637094 0.095938 1.221237 0.398393 -0.111760 -0.245577 -0.117501 -0.955717
1642647891.645427 0.096639 1.221267 0.398590 -0.112152 -0.246610 -0.116630 -0.955512
1642647891.653761 0.097351 1.221309 0.398789 -0.112579 -0.247347 -0.115875 -0.955363
1642647891.662094 0.098073 1.221347 0.398992 -0.113079 -0.248178 -0.114959 -0.955199
1642647891.670428 0.098801 1.221380 0.399192 -0.113515 -0.248938 -0.114049 -0.955059
1642647891.678761 0.099521 1.221413 0.399395 -0.113937 -0.249530 -0.113223 -0.954952
1642647891.687094 0.100242 1.221449 0.399596 -0.114458 -0.250168 -0.112196 -0.954844
1642647891.695428 0.100971 1.221489 0.399792 -0.114866 -0.250745 -0.111246 -0.954755
1642647891.703761 0.101699 1.221563 0.399998 -0.114821 -0.251253 -0.110202 -0.954748
1642647891.712094 0.102403 1.221826 0.400379 -0.112255 -0.251895 -0.108502 -0.955079
1642647891.720428 0.103148 1.221864 0.400561 -0.112474 -0.252530 -0.107510 -0.954998
1642647891.728761 0.103884 1.221889 0.400736 -0.112665 -0.253240 -0.106576 -0.954891
1642647891.737094 0.104633 1.221915 0.400903 -0.112932 -0.253983 -0.105662 -0.954764
1642647891.745428 0.105371 1.221936 0.401059 -0.113226 -0.254743 -0.104831 -0.954619
1642647891.753761 0.106101 1.221964 0.401212 -0.113508 -0.255389 -0.104030 -0.954500
1642647891.762094 0.106844 1.222002 0.401369 -0.113695 -0.256043 -0.103213 -0.954391
1642647891.770427 0.107587 1.222042 0.401525 -0.113853 -0.256754 -0.102397 -0.954269
1642647891.778761 0.108339 1.222087 0.401688 -0.114060 -0.257541 -0.101471 -0.954131
1642647891.787094 0.109083 1.222126 0.401857 -0.114181 -0.258174 -0.100564 -0.954042
1642647891.795428 0.109821 1.222170 0.402021 -0.114467 -0.258770 -0.099679 -0.953939
1642647891.803761 0.110572 1.222222 0.402203 -0.114801 -0.259229 -0.098821 -0.953863
1642647891.812094 0.111320 1.222268 0.402384 -0.115136 -0.259816 -0.097863 -0.953762
1642647891.820428 0.112057 1.222324 0.402573 -0.115367 -0.260367 -0.096991 -0.953673
1642647891.828761 0.112809 1.222387 0.402764 -0.115599 -0.260802 -0.096161 -0.953610
1642647891.837094 0.113558 1.222444 0.402950 -0.115834 -0.261218 -0.095361 -0.953548
1642647891.845428 0.114297 1.222505 0.403133 -0.116108 -0.261685 -0.094551 -0.953467
1642647891.853761 0.115047 1.222556 0.403314 -0.116421 -0.262137 -0.093702 -0.953389
1642647891.862094 0.115789 1.222597 0.403501 -0.116608 -0.262544 -0.092874 -0.953335
1642647891.870428 0.116537 1.222638 0.403696 -0.116809 -0.262817 -0.092154 -0.953305
1642647891.878761 0.117296 1.222666 0.403893 -0.116996 -0.263027 -0.091428 -0.953294
1642647891.887094 0.118050 1.222691 0.404112 -0.117179 -0.263333 -0.090645 -0.953262
1642647891.895427 0.118811 1.222718 0.404339 -0.117387 -0.263540 -0.089909 -0.953249
1642647891.903761 0.119568 1.222728 0.404583 -0.117596 -0.263864 -0.089182 -0.953202
1642647891.912094 0.120341 1.222729 0.404838 -0.117887 -0.264176 -0.088475 -0.953145
1642647891.920428 0.121129 1.222707 0.405102 -0.118137 -0.264482 -0.087691 -0.953102
1642647891.928761 0.121911 1.222686 0.405375 -0.118367 -0.264854 -0.087026 -0.953031
1642647891.937094 0.122707 1.222661 0.405666 -0.118582 -0.265163 -0.086365 -0.952979
1642647891.945428 0.123504 1.222638 0.405974 -0.118889 -0.265547 -0.085691 -0.952894
1642647891.953761 0.124305 1.222598 0.406288 -0.119188 -0.265827 -0.085136 -0.952828
1642647891.962094 0.125100 1.222555 0.406607 -0.119586 -0.266036 -0.084460 -0.952780
1642647891.970428 0.125899 1.222512 0.406945 -0.119925 -0.266193 -0.083788 -0.952753
1642647891.978761 0.126707 1.222468 0.407307 -0.120121 -0.266215 -0.083213 -0.952773
1642647891.987094 0.127517 1.222417 0.407668 -0.120446 -0.266383 -0.082410 -0.952755
1642647891.995428 0.128314 1.222370 0.408045 -0.120687 -0.266235 -0.081830 -0.952816
1642647892.003761 0.129110 1.222312 0.408442 -0.121047 -0.266056 -0.081213 -0.952873
1642647892.012094 0.129909 1.222267 0.408850 -0.121380 -0.265886 -0.080497 -0.952938
1642647892.020427 0.130718 1.222214 0.409265 -0.121601 -0.265474 -0.080001 -0.953067
1642647892.028761 0.131531 1.222156 0.409692 -0.121866 -0.265244 -0.079436 -0.953144
1642647892.037094 0.132343 1.222097 0.410127 -0.122195 -0.264853 -0.078934 -0.953253
1642647892.045428 0.133149 1.222033 0.410569 -0.122581 -0.264611 -0.078312 -0.953322
1642647892.053761 0.133962 1.221955 0.411017 -0.122857 -0.264367 -0.077802 -0.953396
1642647892.062094 0.134782 1.221878 0.411488 -0.123129 -0.264040 -0.077327 -0.953490
1642647892.070428 0.135602 1.221785 0.411973 -0.123398 -0.263842 -0.076884 -0.953546
1642647892.078761 0.136419 1.221691 0.412471 -0.123745 -0.263659 -0.076464 -0.953585
1642647892.087094 0.137241 1.221600 0.412996 -0.124151 -0.263411 -0.076051 -0.953634
1642647892.095428 0.138067 1.221497 0.413527 -0.124532 -0.263335 -0.075621 -0.953639
1642647892.103761 0.138911 1.221379 0.414072 -0.124868 -0.263257 -0.075172 -0.953653
1642647892.112094 0.139742 1.221257 0.414633 -0.125229 -0.263002 -0.074830 -0.953702
1642647892.120428 0.140582 1.221143 0.415215 -0.125585 -0.262845 -0.074540 -0.953722
1642647892.128761 0.141417 1.221022 0.415795 -0.125967 -0.262596 -0.074300 -0.953758
1642647892.137094 0.142264 1.220893 0.416381 -0.126303 -0.262559 -0.073971 -0.953750
1642647892.145427 0.143128 1.220748 0.416980 -0.126620 -0.262437 -0.073770 -0.953757
1642647892.153761 0.144012 1.220546 0.417540 -0.127644 -0.262090 -0.074090 -0.953691
1642647892.162094 0.144864 1.220394 0.418170 -0.127967 -0.261717 -0.073872 -0.953767
1642647892.170428 0.145715 1.220245 0.418803 -0.128298 -0.261285 -0.073676 -0.953856
1642647892.178761 0.146582 1.220088 0.419457 -0.128617 -0.260674 -0.073444 -0.953998
1642647892.187094 0.147441 1.219920 0.420115 -0.128848 -0.260174 -0.073069 -0.954132
1642647892.195428 0.148298 1.219761 0.420771 -0.129067 -0.259222 -0.072953 -0.954371
1642647892.203761 0.149166 1.219606 0.421445 -0.129193 -0.258453 -0.072633 -0.954587
1642647892.212094 0.150003 1.219498 0.422159 -0.128741 -0.257633 -0.071978 -0.954919
1642647892.220428 0.150902 1.219271 0.422785 -0.129682 -0.256698 -0.072290 -0.955020
1642647892.228761 0.151791 1.219094 0.423478 -0.129873 -0.255819 -0.072135 -0.955242
1642647892.237094 0.152679 1.218916 0.424169 -0.130126 -0.254932 -0.071915 -0.955461
1642647892.245428 0.153583 1.218738 0.424880 -0.130250 -0.254222 -0.071668 -0.955652
1642647892.253761 0.154497 1.218554 0.425605 -0.130398 -0.253468 -0.071515 -0.955843
1642647892.262094 0.155423 1.218371 0.426331 -0.130594 -0.252732 -0.071405 -0.956019
1642647892.270427 0.156363 1.218188 0.427064 -0.130629 -0.252157 -0.071136 -0.956187
1642647892.278761 0.157281 1.218047 0.427839 -0.130209 -0.251411 -0.070650 -0.956476
1642647892.287094 0.158286 1.217795 0.428533 -0.131086 -0.251011 -0.070974 -0.956437
1642647892.295428 0.159271 1.217591 0.429278 -0.131293 -0.250516 -0.070841 -0.956549
1642647892.303761 0.160266 1.217374 0.430010 -0.131599 -0.250072 -0.070665 -0.956636
1642647892.312094 0.161277 1.217155 0.430763 -0.131847 -0.249649 -0.070547 -0.956721
1642647892.320428 0.162297 1.216931 0.431520 -0.132138 -0.249259 -0.070312 -0.956800
1642647892.328761 0.163331 1.216715 0.432276 -0.132300 -0.248850 -0.070109 -0.956899
1642647892.337094 0.164347 1.216540 0.433080 -0.131840 -0.248520 -0.069522 -0.957091
1642647892.345428 0.165441 1.216258 0.433778 -0.132869 -0.248164 -0.069781 -0.957022
1642647892.353761 0.166501 1.216039 0.434526 -0.133073 -0.247904 -0.069512 -0.957081
1642647892.362094 0.167584 1.215823 0.435259 -0.133299 -0.247744 -0.069301 -0.957106
1642647892.370428 0.168666 1.215607 0.436007 -0.133399 -0.247358 -0.069125 -0.957204
1642647892.378761 0.169751 1.215417 0.436764 -0.133624 -0.246799 -0.069335 -0.957302
1642647892.387094 0.170784 1.215338 0.437585 -0.134105 -0.244753 -0.070962 -0.957641
1642647892.395427 0.171954 1.214979 0.438217 -0.133781 -0.246812 -0.068403 -0.957344
1642647892.403761 0.173057 1.214755 0.438937 -0.134010 -0.246566 -0.068210 -0.957389
1642647892.412094 0.174171 1.214534 0.439651 -0.134227 -0.246324 -0.068044 -0.957433
1642647892.420428 0.175278 1.214345 0.440393 -0.134425 -0.245903 -0.068046 -0.957513
1642647892.428761 0.176337 1.214249 0.441197 -0.134928 -0.243537 -0.069851 -0.957917
1642647892.437094 0.177531 1.213911 0.441832 -0.134742 -0.245347 -0.067576 -0.957645
1642647892.445428 0.178612 1.213829 0.442630 -0.135287 -0.243179 -0.069336 -0.957995
1642647892.453761 0.179816 1.213453 0.443247 -0.135074 -0.245200 -0.066776 -0.957691
1642647892.462094 0.180959 1.213278 0.443969 -0.135237 -0.244809 -0.066781 -0.957768
1642647892.470428 0.182055 1.213201 0.444754 -0.135788 -0.242724 -0.068580 -0.958094
1642647892.478761 0.183284 1.212875 0.445377 -0.135622 -0.244445 -0.066290 -0.957841
1642647892.487094 0.184379 1.212810 0.446157 -0.136019 -0.242520 -0.067844 -0.958165
1642647892.495428 0.185567 1.212496 0.446758 -0.136212 -0.244439 -0.065131 -0.957838
1642647892.503761 0.186730 1.212479 0.447585 -0.136106 -0.242688 -0.067187 -0.958156
1642647892.512094 0.187918 1.212182 0.448180 -0.136344 -0.244447 -0.064456 -0.957863
1642647892.520427 0.189054 1.212194 0.449010 -0.136593 -0.242249 -0.066609 -0.958239
1642647892.528761 0.190285 1.212043 0.449748 -0.136171 -0.242970 -0.066243 -0.958142
1642647892.537094 0.191504 1.211787 0.450365 -0.136138 -0.244701 -0.063530 -0.957889
1642647892.545428 0.192645 1.211800 0.451190 -0.136291 -0.242782 -0.065247 -0.958240
1642647892.553761 0.193956 1.211566 0.451886 -0.135477 -0.244862 -0.063383 -0.957951
1642647892.562094 0.195081 1.211593 0.452713 -0.135712 -0.242951 -0.064945 -0.958300
1642647892.570428 0.196313 1.211348 0.453351 -0.135611 -0.244893 -0.061856 -0.958024
1642647892.578761 0.197558 1.211252 0.454148 -0.135306 -0.244910 -0.061815 -0.958066
1642647892.587094 0.198722 1.211187 0.454913 -0.135495 -0.244445 -0.061119 -0.958202
1642647892.595428 0.199941 1.211102 0.455709 -0.135443 -0.244276 -0.060639 -0.958284
1642647892.603761 0.201168 1.211057 0.456544 -0.135426 -0.243750 -0.060548 -0.958426
1642647892.612094 0.202343 1.211119 0.457455 -0.135611 -0.241603 -0.062091 -0.958844
1642647892.620428 0.203641 1.210924 0.458201 -0.135272 -0.243335 -0.059686 -0.958607
1642647892.628761 0.204841 1.210985 0.459132 -0.135554 -0.241293 -0.061207 -0.958987
1642647892.637094 0.206162 1.210803 0.459920 -0.135207 -0.243094 -0.058796 -0.958732
1642647892.645427 0.207356 1.210874 0.460880 -0.135423 -0.241157 -0.060263 -0.959100
1642647892.653761 0.208686 1.210676 0.461682 -0.135179 -0.243058 -0.057939 -0.958797
1642647892.662094 0.209888 1.210763 0.462674 -0.135566 -0.240825 -0.059730 -0.959196
1642647892.670428 0.211150 1.210680 0.463574 -0.135441 -0.241073 -0.059069 -0.959193
1642647892.678761 0.212466 1.210471 0.464380 -0.135040 -0.243308 -0.056453 -0.958842
1642647892.687094 0.213632 1.210469 0.465308 -0.135046 -0.243217 -0.056622 -0.958855
1642647892.695428 0.214887 1.210512 0.466341 -0.135229 -0.240515 -0.058257 -0.959412
1642647892.703761 0.216130 1.210437 0.467261 -0.135051 -0.240663 -0.057591 -0.959440
1642647892.712094 0.217428 1.210266 0.468125 -0.134507 -0.242569 -0.055104 -0.959183
1642647892.720428 0.218596 1.210362 0.469181 -0.134646 -0.240203 -0.057066 -0.959644
1642647892.728761 0.219822 1.210288 0.470132 -0.134373 -0.240394 -0.056303 -0.959679
1642647892.737094 0.221144 1.210095 0.471033 -0.133755 -0.242344 -0.053591 -0.959431
1642647892.745428 0.222372 1.210058 0.472037 -0.133660 -0.241864 -0.053452 -0.959573
1642647892.753761 0.223560 1.210131 0.473137 -0.133691 -0.239728 -0.055022 -0.960016
1642647892.762094 0.224853 1.209958 0.474076 -0.133191 -0.241204 -0.052703 -0.959846
1642647892.770427 0.226020 1.210073 0.475202 -0.133209 -0.238512 -0.054613 -0.960409
1642647892.778761 0.227243 1.210025 0.476238 -0.132959 -0.238032 -0.054252 -0.960583
1642647892.787094 0.228490 1.209971 0.477287 -0.132718 -0.237676 -0.053639 -0.960739
1642647892.795428 0.229711 1.209941 0.478343 -0.132331 -0.236826 -0.053357 -0.961018
1642647892.803761 0.230970 1.209884 0.479409 -0.132059 -0.236172 -0.052872 -0.961243
1642647892.812094 0.232213 1.209823 0.480478 -0.131789 -0.235604 -0.052445 -0.961442
1642647892.820428 0.233467 1.209757 0.481546 -0.131669 -0.235008 -0.051893 -0.961635
1642647892.828761 0.234728 1.209688 0.482622 -0.131469 -0.234346 -0.051460 -0.961847
1642647892.837094 0.235976 1.209598 0.483702 -0.131287 -0.233713 -0.050999 -0.962051
1642647892.845428 0.237230 1.209504 0.484767 -0.131139 -0.233196 -0.050550 -0.962220
1642647892.853761 0.238473 1.209405 0.485843 -0.130901 -0.232761 -0.049947 -0.962389
1642647892.862094 0.239735 1.209295 0.486915 -0.130634 -0.232349 -0.049525 -0.962547
1642647892.870428 0.240989 1.209167 0.487968 -0.130436 -0.232055 -0.048998 -0.962671
1642647892.878761 0.242249 1.209037 0.489034 -0.130214 -0.231768 -0.048537 -0.962794
1642647892.887094 0.243511 1.208898 0.490077 -0.129981 -0.231620 -0.048027 -0.962887
1642647892.895427 0.244776 1.208735 0.491121 -0.129761 -0.231522 -0.047504 -0.962966
1642647892.903761 0.246033 1.208571 0.492157 -0.129552 -0.231381 -0.047064 -0.963049
1642647892.912094 0.247286 1.208412 0.493184 -0.129278 -0.231284 -0.046651 -0.963130
1642647892.920428 0.248540 1.208218 0.494214 -0.128982 -0.231348 -0.046029 -0.963184
1642647892.928761 0.249787 1.208030 0.495222 -0.128719 -0.231174 -0.045619 -0.963280
1642647892.937094 0.251031 1.207847 0.496241 -0.128320 -0.231044 -0.045127 -0.963388
1642647892.945428 0.252272 1.207647 0.497240 -0.128068 -0.230903 -0.044625 -0.963479
1642647892.953761 0.253520 1.207445 0.498231 -0.127743 -0.230689 -0.044039 -0.963600
1642647892.962094 0.254768 1.207246 0.499222 -0.127509 -0.230494 -0.043435 -0.963705
1642647892.970428 0.256013 1.207037 0.500197 -0.127260 -0.230200 -0.042837 -0.963835
1642647892.978761 0.257269 1.206815 0.501175 -0.126884 -0.229902 -0.042130 -0.963987
1642647892.987094 0.258530 1.206590 0.502150 -0.126695 -0.229434 -0.041433 -0.964153
1642647892.995428 0.259786 1.206352 0.503125 -0.126411 -0.229107 -0.040663 -0.964301
1642647893.003761 0.261004 1.206084 0.504103 -0.126154 -0.228230 -0.040340 -0.964556
1642647893.012094 0.262269 1.205852 0.505094 -0.125630 -0.227900 -0.039353 -0.964744
1642647893.020427 0.263495 1.205728 0.506222 -0.123380 -0.227589 -0.037250 -0.965191
1642647893.028761 0.264773 1.205439 0.507169 -0.123347 -0.227227 -0.036508 -0.965309
1642647893.037094 0.266052 1.205150 0.508111 -0.123254 -0.226785 -0.035755 -0.965453
1642647893.045428 0.267322 1.204854 0.509055 -0.123162 -0.226457 -0.034759 -0.965578
1642647893.053761 0.268602 1.204535 0.509984 -0.122960 -0.225975 -0.033944 -0.965745
1642647893.062094 0.269868 1.204216 0.510916 -0.122709 -0.225438 -0.033082 -0.965933
1642647893.070428 0.271136 1.203892 0.511838 -0.122545 -0.224895 -0.032222 -0.966109
1642647893.078761 0.272395 1.203553 0.512764 -0.122219 -0.224193 -0.031508 -0.966337
1642647893.087094 0.273654 1.203201 0.513673 -0.121936 -0.223575 -0.030749 -0.966540
1642647893.095428 0.274908 1.202846 0.514573 -0.121672 -0.222880 -0.030011 -0.966757
1642647893.103761 0.276162 1.202467 0.515469 -0.121398 -0.222254 -0.029349 -0.966956
1642647893.112094 0.277413 1.202078 0.516365 -0.121174 -0.221648 -0.028663 -0.967144
1642647893.120428 0.278658 1.201694 0.517255 -0.120904 -0.220969 -0.027913 -0.967355
1642647893.128761 0.279892 1.201308 0.518138 -0.120699 -0.220375 -0.027186 -0.967537
1642647893.137094 0.281124 1.200930 0.519036 -0.120445 -0.219786 -0.026447 -0.967723
1642647893.145427 0.282362 1.200559 0.519914 -0.120286 -0.219255 -0.025673 -0.967884
1642647893.153761 0.283591 1.200172 0.520788 -0.120205 -0.218834 -0.024930 -0.968009
1642647893.162094 0.284819 1.199801 0.521656 -0.120133 -0.218440 -0.024154 -0.968126
1642647893.170428 0.286028 1.199447 0.522516 -0.120051 -0.218129 -0.023440 -0.968224
1642647893.178761 0.287253 1.199080 0.523368 -0.120017 -0.217855 -0.022798 -0.968305
1642647893.187094 0.288459 1.198744 0.524218 -0.120051 -0.217683 -0.022181 -0.968354
1642647893.195428 0.289697 1.198330 0.525006 -0.120676 -0.217702 -0.022148 -0.968273
1642647893.203761 0.290880 1.198031 0.525868 -0.120665 -0.217602 -0.021654 -0.968308
1642647893.212094 0.292070 1.197665 0.526676 -0.120661 -0.217669 -0.021011 -0.968308
1642647893.220428 0.293228 1.197396 0.527533 -0.120620 -0.217876 -0.020419 -0.968279
1642647893.228761 0.294394 1.197039 0.528340 -0.120662 -0.218097 -0.019752 -0.968238
1642647893.237094 0.295511 1.196830 0.529224 -0.120609 -0.217862 -0.019437 -0.968304
1642647893.245428 0.296650 1.196522 0.530031 -0.120207 -0.218354 -0.017955 -0.968271
1642647893.253761 0.297798 1.196233 0.530867 -0.120876 -0.218248 -0.018259 -0.968206
1642647893.262094 0.298904 1.195876 0.531641 -0.120373 -0.218365 -0.016816 -0.968269
1642647893.270427 0.300012 1.195598 0.532458 -0.120646 -0.218341 -0.016231 -0.968250
1642647893.278761 0.301075 1.195403 0.533336 -0.120883 -0.217908 -0.016028 -0.968322
1642647893.287094 0.302200 1.195021 0.534072 -0.121080 -0.218204 -0.014998 -0.968247
1642647893.295428 0.303242 1.194843 0.534945 -0.121171 -0.217563 -0.014854 -0.968382
1642647893.303761 0.304365 1.194446 0.535659 -0.121408 -0.217906 -0.014010 -0.968288
1642647893.312094 0.305405 1.194223 0.536504 -0.121995 -0.217328 -0.014560 -0.968336
1642647893.320428 0.306396 1.193998 0.537314 -0.121639 -0.217131 -0.013263 -0.968443
1642647893.328761 0.307465 1.193597 0.538014 -0.121929 -0.217504 -0.012509 -0.968333
1642647893.337094 0.308467 1.193354 0.538849 -0.122545 -0.217140 -0.013071 -0.968330
1642647893.345428 0.309437 1.193036 0.539580 -0.122286 -0.217370 -0.011567 -0.968330
1642647893.353761 0.310361 1.192866 0.540435 -0.122515 -0.216898 -0.011621 -0.968406
1642647893.362094 0.311332 1.192572 0.541214 -0.122765 -0.217039 -0.011190 -0.968348
1642647893.370428 0.312316 1.192204 0.541926 -0.122969 -0.217529 -0.010468 -0.968220
1642647893.378761 0.313202 1.192064 0.542799 -0.123165 -0.217125 -0.010499 -0.968286
1642647893.387094 0.314128 1.191781 0.543577 -0.123511 -0.217277 -0.010201 -0.968211
1642647893.395427 0.315083 1.191417 0.544306 -0.123781 -0.217677 -0.009427 -0.968094
1642647893.403761 0.315927 1.191279 0.545170 -0.124025 -0.217194 -0.009509 -0.968171
1642647893.412094 0.316815 1.190999 0.545948 -0.124415 -0.217096 -0.009212 -0.968145
1642647893.420428 0.317722 1.190641 0.546665 -0.124772 -0.217410 -0.008430 -0.968036
1642647893.428761 0.318517 1.190513 0.547523 -0.125033 -0.216779 -0.008398 -0.968144
1642647893.437094 0.319341 1.190261 0.548285 -0.125382 -0.216660 -0.007928 -0.968130
1642647893.445428 0.320186 1.189931 0.548975 -0.125701 -0.216810 -0.007217 -0.968060
1642647893.453761 0.320917 1.189817 0.549804 -0.125966 -0.216186 -0.007235 -0.968165
1642647893.462094 0.321686 1.189589 0.550538 -0.126193 -0.215849 -0.006896 -0.968213
1642647893.470428 0.322461 1.189274 0.551201 -0.126403 -0.215948 -0.006127 -0.968169
1642647893.478761 0.323127 1.189178 0.552004 -0.126543 -0.215088 -0.006255 -0.968341
1642647893.487094 0.323831 1.188941 0.552721 -0.126665 -0.214805 -0.005891 -0.968390
1642647893.495428 0.324563 1.188603 0.553360 -0.126813 -0.214910 -0.005230 -0.968352
1642647893.503761 0.325229 1.188396 0.554087 -0.126940 -0.214475 -0.005074 -0.968432
1642647893.512094 0.325837 1.188281 0.554888 -0.127100 -0.213766 -0.005239 -0.968567
1642647893.520427 0.326512 1.188016 0.555585 -0.127243 -0.213564 -0.004970 -0.968594
1642647893.528761 0.327218 1.187648 0.556236 -0.127497 -0.213823 -0.004418 -0.968507
1642647893.537094 0.327811 1.187495 0.557043 -0.127780 -0.213303 -0.004634 -0.968583
1642647893.545428 0.328438 1.187217 0.557781 -0.128024 -0.213456 -0.004175 -0.968519
1642647893.553761 0.329070 1.186909 0.558510 -0.128318 -0.213528 -0.003834 -0.968465
1642647893.562094 0.329726 1.186520 0.559192 -0.128733 -0.214162 -0.003074 -0.968273
1642647893.570428 0.330272 1.186345 0.560031 -0.129045 -0.213768 -0.003255 -0.968318
1642647893.578761 0.330859 1.186064 0.560795 -0.129345 -0.213738 -0.002945 -0.968286
1642647893.587094 0.331444 1.185761 0.561545 -0.129750 -0.213945 -0.002551 -0.968187
1642647893.595428 0.332054 1.185379 0.562229 -0.130180 -0.214392 -0.001860 -0.968032
1642647893.603761 0.332556 1.185243 0.563081 -0.130470 -0.213568 -0.002158 -0.968174
1642647893.612094 0.333091 1.185005 0.563849 -0.130841 -0.213464 -0.001722 -0.968148
1642647893.620428 0.333611 1.184769 0.564615 -0.131207 -0.213337 -0.001174 -0.968127
1642647893.628761 0.334156 1.184452 0.565329 -0.131583 -0.213323 -0.000475 -0.968080
1642647893.637094 0.334598 1.184361 0.566193 -0.131892 -0.212450 -0.000533 -0.968230
1642647893.645427 0.335083 1.184161 0.566979 -0.132319 -0.211954 -0.000223 -0.968281
1642647893.653761 0.335559 1.183975 0.567761 -0.132679 -0.211421 0.000115 -0.968348
1642647893.662094 0.336021 1.183789 0.568521 -0.132978 -0.211058 0.000701 -0.968386
1642647893.670428 0.336507 1.183502 0.569223 -0.133323 -0.210998 0.001714 -0.968350
1642647893.678761 0.336925 1.183343 0.569990 -0.133548 -0.210239 0.002077 -0.968484
1642647893.687094 0.337323 1.183190 0.570748 -0.133780 -0.209605 0.002585 -0.968588
1642647893.695428 0.337712 1.183044 0.571490 -0.133959 -0.208857 0.003044 -0.968723
1642647893.703761 0.338083 1.182911 0.572223 -0.134080 -0.207987 0.003481 -0.968892
1642647893.712094 0.338423 1.182787 0.572935 -0.134142 -0.207161 0.004090 -0.969058
1642647893.720428 0.338729 1.182693 0.573659 -0.134027 -0.206071 0.004580 -0.969304
1642647893.728761 0.338975 1.182703 0.574414 -0.133814 -0.204420 0.004562 -0.969683
1642647893.737094 0.339233 1.182605 0.575065 -0.133658 -0.203227 0.004974 -0.969953
1642647893.745428 0.339471 1.182525 0.575707 -0.133382 -0.201942 0.005468 -0.970257
1642647893.753761 0.339676 1.182468 0.576336 -0.133021 -0.200626 0.005946 -0.970577
1642647893.762094 0.339853 1.182420 0.576933 -0.132638 -0.199244 0.006437 -0.970911
1642647893.770427 0.340000 1.182383 0.577511 -0.132217 -0.197912 0.006930 -0.971237
1642647893.778761 0.340141 1.182360 0.578073 -0.131774 -0.196566 0.007391 -0.971567
1642647893.787094 0.340262 1.182343 0.578622 -0.131312 -0.195185 0.007846 -0.971905
1642647893.795428 0.340377 1.182339 0.579155 -0.130945 -0.193954 0.008394 -0.972196
1642647893.803761 0.340475 1.182319 0.579677 -0.130627 -0.192862 0.008989 -0.972451
1642647893.812094 0.340604 1.182201 0.580107 -0.130434 -0.192317 0.010083 -0.972574
1642647893.820428 0.340658 1.182190 0.580598 -0.130252 -0.191129 0.010596 -0.972827
1642647893.828761 0.340671 1.182193 0.581076 -0.130068 -0.189905 0.011084 -0.973086
1642647893.837094 0.340597 1.182318 0.581604 -0.129765 -0.188064 0.011216 -0.973482
1642647893.845428 0.340537 1.182342 0.582017 -0.129559 -0.186681 0.011802 -0.973769
1642647893.853761 0.340446 1.182385 0.582404 -0.129241 -0.185137 0.012360 -0.974099
1642647893.862094 0.340327 1.182437 0.582769 -0.128888 -0.183513 0.012892 -0.974446
1642647893.870428 0.340184 1.182506 0.583129 -0.128406 -0.181805 0.013461 -0.974822
1642647893.878761 0.340032 1.182579 0.583480 -0.127976 -0.180122 0.014013 -0.975183
1642647893.887094 0.339864 1.182647 0.583817 -0.127629 -0.178378 0.014461 -0.975542
1642647893.895427 0.339677 1.182724 0.584142 -0.127170 -0.176682 0.014968 -0.975903
1642647893.903761 0.339469 1.182799 0.584463 -0.126815 -0.175021 0.015442 -0.976241
1642647893.912094 0.339241 1.182861 0.584763 -0.126340 -0.173469 0.015978 -0.976571
1642647893.920428 0.338988 1.182930 0.585051 -0.125927 -0.171934 0.016384 -0.976889
1642647893.928761 0.338716 1.182997 0.585326 -0.125462 -0.170525 0.016864 -0.977188
1642647893.937094 0.338434 1.183054 0.585589 -0.125076 -0.169120 0.017310 -0.977474
1642647893.945428 0.338127 1.183105 0.585847 -0.124658 -0.167717 0.017844 -0.977759
1642647893.953761 0.337814 1.183152 0.586091 -0.124320 -0.166433 0.018261 -0.978014
1642647893.962094 0.337492 1.183199 0.586319 -0.124021 -0.165196 0.018661 -0.978254
1642647893.970428 0.337152 1.183258 0.586540 -0.123721 -0.164117 0.019150 -0.978464
1642647893.978761 0.336793 1.183318 0.586755 -0.123343 -0.162977 0.019555 -0.978694
1642647893.987094 0.336401 1.183387 0.586957 -0.123039 -0.161886 0.019964 -0.978905
1642647893.995428 0.335977 1.183471 0.587152 -0.122811 -0.161059 0.020479 -0.979060
1642647894.003761 0.335497 1.183613 0.587388 -0.123439 -0.161897 0.021827 -0.978813
1642647894.012094 0.335053 1.183691 0.587543 -0.123195 -0.160793 0.022015 -0.979022
1642647894.020427 0.334588 1.183766 0.587686 -0.122845 -0.159643 0.022301 -0.979248
1642647894.028761 0.334125 1.183794 0.587771 -0.121720 -0.156832 0.021713 -0.979855
1642647894.037094 0.333596 1.183901 0.587893 -0.121427 -0.155828 0.022159 -0.980042
1642647894.045428 0.333021 1.184041 0.588019 -0.121193 -0.154897 0.022629 -0.980208
1642647894.053761 0.332379 1.184241 0.588188 -0.121734 -0.155620 0.023942 -0.979995
1642647894.062094 0.331762 1.184361 0.588259 -0.121341 -0.154289 0.024112 -0.980250
1642647894.070428 0.331107 1.184492 0.588335 -0.120905 -0.153048 0.024386 -0.980492
1642647894.078761 0.330429 1.184620 0.588391 -0.120430 -0.151712 0.024536 -0.980754
1642647894.087094 0.329751 1.184701 0.588400 -0.119950 -0.150563 0.024896 -0.980981
1642647894.095428 0.329048 1.184795 0.588422 -0.119062 -0.148351 0.024476 -0.981436
1642647894.103761 0.328279 1.184944 0.588485 -0.118711 -0.147223 0.024533 -0.981647
1642647894.112094 0.327406 1.185190 0.588631 -0.118761 -0.146940 0.024940 -0.981673
1642647894.120428 0.326600 1.185333 0.588686 -0.118200 -0.145359 0.024821 -0.981979
1642647894.128761 0.325783 1.185473 0.588732 -0.117564 -0.143784 0.024640 -0.982292
1642647894.137094 0.324975 1.185577 0.588757 -0.116635 -0.141475 0.024113 -0.982751
1642647894.145427 0.324126 1.185714 0.588827 -0.116243 -0.140399 0.024253 -0.982948
1642647894.153761 0.323233 1.185887 0.588937 -0.116242 -0.140032 0.024662 -0.982991
1642647894.162094 0.322345 1.186029 0.589023 -0.115846 -0.138686 0.024559 -0.983231
1642647894.170428 0.321461 1.186141 0.589114 -0.115660 -0.137651 0.024568 -0.983398
1642647894.178761 0.320606 1.186168 0.589139 -0.115289 -0.136591 0.024790 -0.983584
1642647894.187094 0.319656 1.186436 0.589357 -0.115009 -0.134741 0.024245 -0.983885
1642647894.195428 0.318746 1.186541 0.589463 -0.114825 -0.133347 0.024084 -0.984101
1642647894.203761 0.317862 1.186503 0.589467 -0.114554 -0.132065 0.024212 -0.984302
1642647894.212094 0.316945 1.186586 0.589562 -0.113915 -0.129620 0.023558 -0.984717
1642647894.220428 0.315985 1.186718 0.589694 -0.113820 -0.128327 0.023491 -0.984899
1642647894.228761 0.314984 1.186874 0.589840 -0.114186 -0.127787 0.023760 -0.984920
1642647894.237094 0.313999 1.186993 0.589946 -0.114112 -0.126403 0.023580 -0.985112
1642647894.245428 0.312997 1.187117 0.590049 -0.113834 -0.124726 0.023237 -0.985366
1642647894.253761 0.312002 1.187204 0.590123 -0.113209 -0.122288 0.022554 -0.985759
1642647894.262094 0.310967 1.187318 0.590217 -0.113059 -0.120772 0.022237 -0.985970
1642647894.270427 0.309917 1.187436 0.590309 -0.112916 -0.119210 0.021878 -0.986185
1642647894.278761 0.308847 1.187561 0.590387 -0.112835 -0.117629 0.021561 -0.986391
1642647894.287094 0.307771 1.187694 0.590455 -0.112644 -0.116014 0.021204 -0.986612
1642647894.295428 0.306687 1.187838 0.590521 -0.112508 -0.114370 0.020825 -0.986827
1642647894.303761 0.305575 1.187990 0.590582 -0.112381 -0.112813 0.020434 -0.987029
1642647894.312094 0.304453 1.188191 0.590666 -0.112239 -0.111262 0.019990 -0.987230
1642647894.320428 0.303301 1.188375 0.590728 -0.111991 -0.109404 0.019301 -0.987480
1642647894.328761 0.302211 1.188408 0.590659 -0.111777 -0.108182 0.019162 -0.987641
1642647894.337094 0.301073 1.188554 0.590664 -0.111579 -0.106708 0.018678 -0.987833
1642647894.345428 0.299952 1.188706 0.590665 -0.111391 -0.105291 0.018101 -0.988017
1642647894.353761 0.298791 1.188899 0.590702 -0.111278 -0.103955 0.017555 -0.988181
1642647894.362094 0.297625 1.189070 0.590716 -0.111523 -0.103448 0.017373 -0.988210
1642647894.370428 0.296513 1.189164 0.590675 -0.110974 -0.101271 0.016356 -0.988515
1642647894.378761 0.295369 1.189272 0.590643 -0.111256 -0.100928 0.016211 -0.988521
1642647894.387094 0.294249 1.189399 0.590624 -0.111125 -0.099591 0.015619 -0.988680
1642647894.395427 0.293134 1.189544 0.590625 -0.110651 -0.097274 0.014595 -0.988980
1642647894.403761 0.291956 1.189746 0.590659 -0.111016 -0.096528 0.014265 -0.989017
1642647894.412094 0.290899 1.189776 0.590558 -0.110494 -0.094441 0.013586 -0.989286
1642647894.420428 0.289788 1.189849 0.590486 -0.110567 -0.092910 0.013080 -0.989430
1642647894.428761 0.288617 1.190094 0.590538 -0.110934 -0.091790 0.012807 -0.989497
1642647894.437094 0.287588 1.190082 0.590396 -0.110175 -0.088890 0.011832 -0.989859
1642647894.445428 0.286481 1.190202 0.590351 -0.110222 -0.087362 0.011537 -0.989993
1642647894.453761 0.285330 1.190411 0.590367 -0.111023 -0.086939 0.011590 -0.989940
1642647894.462094 0.284255 1.190494 0.590276 -0.110997 -0.085390 0.011172 -0.990083
1642647894.470428 0.283221 1.190519 0.590137 -0.110832 -0.084132 0.010942 -0.990211
1642647894.478761 0.282168 1.190591 0.590039 -0.110596 -0.082667 0.010397 -0.990367
1642647894.487094 0.281147 1.190598 0.589884 -0.109515 -0.080027 0.009139 -0.990716
1642647894.495428 0.280100 1.190666 0.589778 -0.109373 -0.079077 0.008621 -0.990813
1642647894.503761 0.279043 1.190807 0.589720 -0.110113 -0.079657 0.008976 -0.990681
1642647894.512094 0.278020 1.190880 0.589604 -0.109900 -0.078554 0.008323 -0.990799
1642647894.520427 0.277008 1.190959 0.589486 -0.109224 -0.076539 0.007162 -0.991040
1642647894.528761 0.276045 1.190974 0.589324 -0.109019 -0.075654 0.006949 -0.991132
1642647894.537094 0.275049 1.191020 0.589178 -0.108493 -0.074076 0.006207 -0.991314
1642647894.545428 0.274073 1.191095 0.589059 -0.108347 -0.072896 0.005831 -0.991420
1642647894.553761 0.273107 1.191174 0.588926 -0.108226 -0.071621 0.005608 -0.991527
1642647894.562094 0.272155 1.191249 0.588788 -0.108508 -0.071061 0.006033 -0.991534
1642647894.570428 0.271266 1.191147 0.588532 -0.108662 -0.072548 0.008645 -0.991390
1642647894.578761 0.270304 1.191235 0.588383 -0.108454 -0.071072 0.008665 -0.991520
1642647894.587094 0.269331 1.191362 0.588240 -0.108666 -0.070009 0.008957 -0.991570
1642647894.595428 0.268413 1.191391 0.588015 -0.107479 -0.066438 0.007992 -0.991953
1642647894.603761 0.267481 1.191499 0.587835 -0.107153 -0.064402 0.007997 -0.992122
1642647894.612094 0.266548 1.191603 0.587636 -0.106827 -0.062262 0.007922 -0.992295
1642647894.620428 0.265617 1.191723 0.587436 -0.106625 -0.060301 0.008033 -0.992437
1642647894.628761 0.264685 1.191890 0.587259 -0.107109 -0.059614 0.008763 -0.992420
1642647894.637094 0.263821 1.191955 0.586992 -0.106189 -0.056688 0.008395 -0.992693
1642647894.645427 0.262944 1.192026 0.586715 -0.105545 -0.054254 0.008091 -0.992901
1642647894.653761 0.262084 1.192128 0.586456 -0.105208 -0.052488 0.008128 -0.993031
1642647894.662094 0.261223 1.192236 0.586178 -0.104877 -0.050853 0.008088 -0.993151
1642647894.670428 0.260369 1.192337 0.585872 -0.104508 -0.049340 0.007913 -0.993268
1642647894.678761 0.259514 1.192444 0.585543 -0.104141 -0.047913 0.007833 -0.993377
1642647894.687094 0.258672 1.192577 0.585215 -0.103622 -0.046625 0.007693 -0.993494
1642647894.695428 0.257820 1.192719 0.584863 -0.103228 -0.045620 0.007652 -0.993582
1642647894.703761 0.256944 1.192941 0.584535 -0.103517 -0.045915 0.008261 -0.993533
1642647894.712094 0.256107 1.193106 0.584128 -0.102663 -0.044618 0.008037 -0.993683
1642647894.720428 0.255311 1.193212 0.583649 -0.101004 -0.041975 0.006934 -0.993976
1642647894.728761 0.254494 1.193393 0.583216 -0.100331 -0.040817 0.006711 -0.994094
1642647894.737094 0.253669 1.193573 0.582757 -0.099691 -0.039791 0.006618 -0.994201
1642647894.745428 0.252852 1.193758 0.582283 -0.099045 -0.038681 0.006425 -0.994310
1642647894.753761 0.252037 1.193949 0.581784 -0.098274 -0.037434 0.006321 -0.994435
1642647894.762094 0.251227 1.194152 0.581270 -0.097604 -0.036139 0.006252 -0.994549
1642647894.770427 0.250419 1.194389 0.580782 -0.097308 -0.035368 0.006625 -0.994604
1642647894.778761 0.249623 1.194607 0.580254 -0.096602 -0.033893 0.006643 -0.994724
1642647894.787094 0.248814 1.194853 0.579731 -0.096316 -0.032916 0.007050 -0.994782
1642647894.795428 0.248093 1.194989 0.579115 -0.094709 -0.029659 0.006220 -0.995044
1642647894.803761 0.247335 1.195200 0.578547 -0.093911 -0.027890 0.006377 -0.995170
1642647894.812094 0.246599 1.195423 0.577964 -0.093073 -0.026162 0.006549 -0.995294
1642647894.820428 0.245867 1.195648 0.577374 -0.092132 -0.024403 0.006692 -0.995425
1642647894.828761 0.245140 1.195876 0.576767 -0.091276 -0.022822 0.006825 -0.995541
1642647894.837094 0.244426 1.196117 0.576135 -0.090331 -0.021108 0.007038 -0.995663
1642647894.845428 0.243727 1.196357 0.575499 -0.089474 -0.019575 0.007225 -0.995771
1642647894.853761 0.243022 1.196598 0.574837 -0.088502 -0.018003 0.007415 -0.995886
1642647894.862094 0.242326 1.196838 0.574161 -0.087504 -0.016452 0.007644 -0.995999
1642647894.870428 0.241621 1.197090 0.573472 -0.086515 -0.014923 0.007969 -0.996107
1642647894.878761 0.240919 1.197344 0.572748 -0.085563 -0.013262 0.008199 -0.996211
1642647894.887094 0.240215 1.197603 0.572015 -0.084435 -0.011697 0.008525 -0.996324
1642647894.895427 0.239539 1.197866 0.571264 -0.083250 -0.010057 0.008845 -0.996439
1642647894.903761 0.238866 1.198126 0.570498 -0.082180 -0.008453 0.009197 -0.996539
1642647894.912094 0.238189 1.198388 0.569718 -0.081025 -0.007123 0.009624 -0.996640
1642647894.920428 0.237542 1.198655 0.568952 -0.079862 -0.005875 0.009998 -0.996738
1642647894.928761 0.236904 1.198904 0.568176 -0.078723 -0.004600 0.010302 -0.996833
1642647894.937094 0.236269 1.199145 0.567398 -0.077695 -0.003707 0.010748 -0.996912
1642647894.945428 0.235631 1.199388 0.566630 -0.076660 -0.002720 0.011104 -0.996992
1642647894.953761 0.234983 1.199609 0.565848 -0.075871 -0.001841 0.011472 -0.997050
1642647894.962094 0.234334 1.199809 0.565076 -0.075111 -0.000896 0.011885 -0.997104
1642647894.970428 0.233664 1.200006 0.564307 -0.074301 0.000172 0.012346 -0.997160
1642647894.978761 0.232982 1.200191 0.563539 -0.073566 0.001372 0.012957 -0.997205
1642647894.987094 0.232259 1.200433 0.562838 -0.072158 0.002786 0.014018 -0.997291
1642647894.995428 0.231564 1.200598 0.562070 -0.071604 0.004330 0.014503 -0.997318
1642647895.003761 0.230866 1.200771 0.561313 -0.071054 0.006174 0.014987 -0.997341
1642647895.012094 0.230142 1.200951 0.560554 -0.070553 0.008085 0.015484 -0.997355
1642647895.020427 0.229390 1.201140 0.559779 -0.069786 0.010220 0.015873 -0.997383
1642647895.028761 0.228604 1.201333 0.558996 -0.068823 0.012498 0.016219 -0.997419
1642647895.037094 0.227783 1.201542 0.558186 -0.067842 0.014865 0.016601 -0.997447
1642647895.045428 0.226923 1.201758 0.557373 -0.066719 0.017437 0.016858 -0.997477
1642647895.053761 0.226027 1.201983 0.556568 -0.065555 0.020001 0.017145 -0.997501
1642647895.062094 0.225109 1.202217 0.555767 -0.064435 0.022603 0.017362 -0.997515
1642647895.070428 0.224149 1.202480 0.554984 -0.063256 0.025832 0.016863 -0.997521
1642647895.078761 0.223203 1.202719 0.554219 -0.062211 0.028273 0.017074 -0.997516
1642647895.087094 0.222265 1.202911 0.553452 -0.061477 0.030153 0.017802 -0.997494
1642647895.095428 0.221306 1.203135 0.552723 -0.060618 0.032608 0.017717 -0.997471
1642647895.103761 0.220295 1.203391 0.552023 -0.059828 0.035220 0.017189 -0.997439
1642647895.112094 0.219315 1.203588 0.551329 -0.059227 0.037167 0.017201 -0.997404
1642647895.120428 0.218324 1.203753 0.550640 -0.058745 0.038732 0.017609 -0.997366
1642647895.128761 0.217268 1.203999 0.549988 -0.058041 0.041025 0.016944 -0.997327
1642647895.137094 0.216224 1.204206 0.549342 -0.057601 0.042730 0.016827 -0.997283
1642647895.145427 0.215169 1.204404 0.548710 -0.056975 0.044513 0.016521 -0.997246
1642647895.153761 0.214095 1.204600 0.548091 -0.056541 0.046193 0.016177 -0.997200
1642647895.162094 0.213018 1.204779 0.547497 -0.056146 0.047773 0.015889 -0.997152
1642647895.170428 0.211960 1.204938 0.546925 -0.055851 0.048941 0.015994 -0.997111
1642647895.178761 0.210825 1.205179 0.546398 -0.055373 0.051283 0.014820 -0.997038
1642647895.187094 0.209758 1.205315 0.545869 -0.055198 0.052734 0.014574 -0.996975
1642647895.195428 0.208655 1.205475 0.545365 -0.054972 0.054516 0.014138 -0.996898
1642647895.203761 0.207537 1.205626 0.544868 -0.054774 0.056439 0.013651 -0.996809
1642647895.212094 0.206379 1.205790 0.544376 -0.054584 0.058616 0.012976 -0.996703
1642647895.220428 0.205231 1.205921 0.543883 -0.054483 0.060647 0.012606 -0.996592
1642647895.228761 0.204093 1.206013 0.543398 -0.054403 0.062863 0.012225 -0.996463
1642647895.237094 0.202916 1.206154 0.542917 -0.054301 0.065210 0.011802 -0.996323
1642647895.245428 0.201673 1.206370 0.542500 -0.055045 0.066332 0.012045 -0.996205
1642647895.253761 0.200509 1.206469 0.542012 -0.054945 0.068753 0.011686 -0.996051
1642647895.262094 0.199285 1.206625 0.541531 -0.054502 0.071554 0.010958 -0.995886
1642647895.270427 0.198130 1.206707 0.541038 -0.054157 0.074044 0.010489 -0.995728
1642647895.278761 0.196985 1.206758 0.540502 -0.052665 0.078218 0.008983 -0.995504
1642647895.287094 0.195763 1.206895 0.540017 -0.052322 0.080759 0.008182 -0.995326
1642647895.295428 0.194563 1.207006 0.539530 -0.052110 0.082795 0.007629 -0.995174
1642647895.303761 0.193344 1.207157 0.539103 -0.052996 0.083093 0.008166 -0.995098
1642647895.312094 0.192123 1.207288 0.538594 -0.052612 0.085293 0.007395 -0.994938
1642647895.320428 0.190915 1.207386 0.538070 -0.052250 0.087459 0.006637 -0.994775
1642647895.328761 0.189720 1.207498 0.537561 -0.051969 0.089864 0.005718 -0.994581
1642647895.337094 0.188496 1.207602 0.537003 -0.051697 0.091292 0.005599 -0.994466
1642647895.345428 0.187291 1.207679 0.536450 -0.051461 0.093180 0.005141 -0.994305
1642647895.353761 0.186054 1.207819 0.535895 -0.051073 0.095477 0.004398 -0.994111
1642647895.362094 0.184803 1.207974 0.535365 -0.050624 0.097781 0.003606 -0.993913
1642647895.370428 0.183552 1.208136 0.534834 -0.050127 0.100637 0.002397 -0.993657
1642647895.378761 0.182348 1.208194 0.534223 -0.049923 0.101784 0.002611 -0.993550
1642647895.387094 0.181126 1.208285 0.533636 -0.049532 0.103944 0.002078 -0.993347
1642647895.395427 0.179894 1.208409 0.533073 -0.048919 0.106553 0.001062 -0.993102
1642647895.403761 0.178660 1.208490 0.532478 -0.048448 0.108606 0.000685 -0.992903
1642647895.412094 0.177403 1.208573 0.531866 -0.047988 0.110723 0.000238 -0.992692
1642647895.420428 0.176158 1.208606 0.531200 -0.047726 0.111992 0.000577 -0.992562
1642647895.428761 0.174860 1.208717 0.530567 -0.047296 0.114269 0.000252 -0.992323
1642647895.437094 0.173553 1.208859 0.529939 -0.046620 0.117403 -0.000676 -0.991989
1642647895.445428 0.172222 1.208994 0.529264 -0.046139 0.119979 -0.000968 -0.991703
1642647895.453761 0.170867 1.209129 0.528569 -0.045618 0.122698 -0.001247 -0.991394
1642647895.462094 0.169507 1.209275 0.527853 -0.045131 0.125443 -0.001436 -0.991073
1642647895.470428 0.168133 1.209425 0.527121 -0.044476 0.128589 -0.001808 -0.990699
1642647895.478761 0.166716 1.209628 0.526396 -0.043745 0.132246 -0.002667 -0.990248
1642647895.487094 0.165362 1.209773 0.525635 -0.043403 0.134377 -0.002061 -0.989977
1642647895.495428 0.163955 1.209960 0.524876 -0.042961 0.137207 -0.002264 -0.989608
1642647895.503761 0.162531 1.210152 0.524110 -0.042392 0.139838 -0.002504 -0.989263
1642647895.512094 0.161093 1.210344 0.523332 -0.041726 0.142635 -0.002959 -0.988891
1642647895.520427 0.159605 1.210574 0.522562 -0.040887 0.145873 -0.004000 -0.988450
1642647895.528761 0.158158 1.210760 0.521771 -0.040281 0.148259 -0.004305 -0.988118
1642647895.537094 0.156722 1.210927 0.520965 -0.039959 0.149724 -0.003944 -0.987912
1642647895.545428 0.155187 1.211191 0.520233 -0.039758 0.151668 -0.004534 -0.987621
1642647895.553761 0.153778 1.211316 0.519419 -0.039318 0.153285 -0.004230 -0.987391
1642647895.562094 0.152326 1.211510 0.518659 -0.038683 0.155534 -0.004607 -0.987062
1642647895.570428 0.150882 1.211676 0.517915 -0.038110 0.157736 -0.005090 -0.986733
1642647895.578761 0.149448 1.211816 0.517181 -0.037679 0.159931 -0.005549 -0.986393
1642647895.587094 0.147980 1.212002 0.516496 -0.037112 0.162520 -0.006471 -0.985986
1642647895.595428 0.146572 1.212107 0.515802 -0.037086 0.163705 -0.006008 -0.985794
1642647895.603761 0.145125 1.212230 0.515125 -0.036951 0.165828 -0.006403 -0.985441
1642647895.612094 0.143649 1.212389 0.514496 -0.036585 0.168601 -0.007230 -0.984979
1642647895.620428 0.142224 1.212490 0.513841 -0.036677 0.170116 -0.006667 -0.984719
1642647895.628761 0.140767 1.212604 0.513211 -0.036369 0.173192 -0.007484 -0.984188
1642647895.637094 0.139357 1.212674 0.512571 -0.036465 0.174760 -0.006750 -0.983912
1642647895.645427 0.137926 1.212768 0.511929 -0.036364 0.177282 -0.006779 -0.983465
1642647895.653761 0.136476 1.212888 0.511314 -0.035980 0.180512 -0.007563 -0.982885
1642647895.662094 0.135098 1.212910 0.510667 -0.036145 0.182157 -0.006920 -0.982580
1642647895.670428 0.133740 1.212960 0.509981 -0.036679 0.184810 -0.007556 -0.982060
1642647895.678761 0.132317 1.213062 0.509382 -0.036305 0.187981 -0.008576 -0.981464
1642647895.687094 0.130924 1.213149 0.508780 -0.036144 0.190713 -0.009384 -0.980935
1642647895.695428 0.129569 1.213197 0.508161 -0.036111 0.192594 -0.009487 -0.980568
1642647895.703761 0.128208 1.213265 0.507566 -0.036095 0.194098 -0.009513 -0.980272
1642647895.712094 0.126882 1.213261 0.506911 -0.036051 0.195818 -0.009675 -0.979930
1642647895.720428 0.125550 1.213289 0.506277 -0.036102 0.197335 -0.009772 -0.979623
1642647895.728761 0.124210 1.213330 0.505641 -0.036195 0.198958 -0.009876 -0.979290
1642647895.737094 0.122880 1.213345 0.504988 -0.036209 0.200687 -0.009915 -0.978936
1642647895.745428 0.121570 1.213374 0.504339 -0.036591 0.201724 -0.009317 -0.978714
1642647895.753761 0.120245 1.213403 0.503698 -0.036682 0.203713 -0.009414 -0.978298
1642647895.762094 0.118919 1.213470 0.503077 -0.036474 0.206237 -0.009985 -0.977771
1642647895.770427 0.117636 1.213462 0.502427 -0.036742 0.207534 -0.009411 -0.977492
1642647895.778761 0.116320 1.213497 0.501806 -0.036869 0.209358 -0.009454 -0.977098
1642647895.787094 0.114989 1.213563 0.501212 -0.036759 0.211741 -0.010022 -0.976583
1642647895.795428 0.113741 1.213498 0.500537 -0.036958 0.212741 -0.009453 -0.976364
1642647895.803761 0.112460 1.213501 0.499909 -0.037126 0.214163 -0.009386 -0.976047
1642647895.812094 0.111178 1.213488 0.499303 -0.037116 0.215713 -0.009511 -0.975705
1642647895.820428 0.109888 1.213505 0.498712 -0.037004 0.217511 -0.009998 -0.975305
1642647895.828761 0.108638 1.213445 0.498092 -0.037279 0.218137 -0.009478 -0.975160
1642647895.837094 0.107367 1.213428 0.497522 -0.037349 0.219243 -0.009525 -0.974909
1642647895.845428 0.106064 1.213463 0.496979 -0.037312 0.220778 -0.010052 -0.974558
1642647895.853761 0.104828 1.213410 0.496372 -0.037259 0.221938 -0.010068 -0.974297
1642647895.862094 0.103562 1.213383 0.495803 -0.037179 0.222926 -0.009940 -0.974075
1642647895.870428 0.102321 1.213337 0.495209 -0.037505 0.223306 -0.009208 -0.973983
1642647895.878761 0.101015 1.213374 0.494676 -0.037410 0.225021 -0.009517 -0.973589
1642647895.887094 0.099786 1.213307 0.494055 -0.037542 0.225695 -0.008620 -0.973436
1642647895.895427 0.098512 1.213297 0.493468 -0.037572 0.227180 -0.008329 -0.973092
1642647895.903761 0.097231 1.213290 0.492872 -0.037544 0.228910 -0.008100 -0.972690
1642647895.912094 0.095920 1.213308 0.492279 -0.037271 0.231270 -0.008250 -0.972141
1642647895.920428 0.094658 1.213271 0.491648 -0.037541 0.232326 -0.007363 -0.971885
1642647895.928761 0.093373 1.213279 0.491040 -0.037569 0.234010 -0.006950 -0.971483
1642647895.937094 0.092097 1.213272 0.490441 -0.037550 0.235593 -0.006654 -0.971103
1642647895.945428 0.090827 1.213258 0.489843 -0.037624 0.236855 -0.006265 -0.970796
1642647895.953761 0.089556 1.213232 0.489254 -0.037734 0.237952 -0.006021 -0.970525
1642647895.962094 0.088279 1.213197 0.488661 -0.037851 0.238845 -0.005827 -0.970302
1642647895.970428 0.086991 1.213160 0.488057 -0.037987 0.239579 -0.005692 -0.970117
1642647895.978761 0.085686 1.213145 0.487485 -0.037860 0.241001 -0.006127 -0.969767
1642647895.987094 0.084422 1.213045 0.486866 -0.038312 0.240978 -0.005321 -0.969759
1642647895.995428 0.083123 1.212981 0.486247 -0.038405 0.241873 -0.005281 -0.969533
1642647896.003761 0.081812 1.212908 0.485622 -0.038469 0.242862 -0.005198 -0.969284
1642647896.012094 0.080457 1.212856 0.485000 -0.038264 0.244748 -0.005769 -0.968814
1642647896.020427 0.079123 1.212777 0.484333 -0.038304 0.246000 -0.005573 -0.968497
1642647896.028761 0.077801 1.212655 0.483635 -0.038594 0.246714 -0.004922 -0.968307
1642647896.037094 0.076452 1.212558 0.482957 -0.038537 0.248272 -0.004840 -0.967911
1642647896.045428 0.075077 1.212477 0.482268 -0.038517 0.249817 -0.004777 -0.967515
1642647896.053761 0.073689 1.212384 0.481583 -0.038450 0.251363 -0.004826 -0.967117
1642647896.062094 0.072297 1.212299 0.480884 -0.038398 0.252986 -0.004934 -0.966695
1642647896.070428 0.070861 1.212262 0.480224 -0.038292 0.254894 -0.005508 -0.966195
1642647896.078761 0.069500 1.212102 0.479487 -0.038437 0.255633 -0.004992 -0.965997
1642647896.087094 0.068081 1.212006 0.478787 -0.038309 0.257045 -0.005151 -0.965626
1642647896.095428 0.066659 1.211907 0.478087 -0.038310 0.258258 -0.005270 -0.965302
1642647896.103761 0.065207 1.211820 0.477379 -0.038410 0.259413 -0.005314 -0.964988
1642647896.112094 0.063744 1.211736 0.476657 -0.038424 0.260684 -0.005517 -0.964644
1642647896.120428 0.062265 1.211659 0.475930 -0.038357 0.262128 -0.005769 -0.964253
1642647896.128761 0.060753 1.211616 0.475236 -0.038322 0.263572 -0.006007 -0.963860
1642647896.137094 0.059262 1.211523 0.474481 -0.038218 0.264889 -0.006238 -0.963501
1642647896.145427 0.057750 1.211458 0.473761 -0.038213 0.266373 -0.006542 -0.963090
1642647896.153761 0.056211 1.211406 0.473044 -0.038150 0.267708 -0.006800 -0.962721
1642647896.162094 0.054674 1.211342 0.472340 -0.038149 0.269083 -0.007122 -0.962335
1642647896.170428 0.053116 1.211281 0.471640 -0.038172 0.270409 -0.007444 -0.961960
1642647896.178761 0.051573 1.211230 0.470960 -0.038255 0.271637 -0.007706 -0.961608
1642647896.187094 0.050005 1.211218 0.470280 -0.038338 0.273047 -0.008060 -0.961203
1642647896.195428 0.048433 1.211099 0.469608 -0.038396 0.274500 -0.008451 -0.960783
1642647896.203761 0.046824 1.211061 0.468960 -0.038190 0.276569 -0.009348 -0.960189
1642647896.212094 0.045262 1.210954 0.468266 -0.038675 0.277217 -0.008990 -0.959987
1642647896.220428 0.043658 1.210889 0.467601 -0.038856 0.278546 -0.009398 -0.959590
1642647896.228761 0.042053 1.210876 0.466955 -0.038969 0.279893 -0.009711 -0.959191
1642647896.237094 0.040430 1.210767 0.466315 -0.039102 0.281284 -0.010100 -0.958775
1642647896.245428 0.038834 1.210688 0.465662 -0.039153 0.282716 -0.010566 -0.958346
1642647896.253761 0.037171 1.210687 0.465064 -0.039041 0.284688 -0.011499 -0.957756
1642647896.262094 0.035571 1.210600 0.464400 -0.039087 0.285906 -0.011915 -0.957386
1642647896.270427 0.033976 1.210511 0.463741 -0.039587 0.286302 -0.011628 -0.957251
1642647896.278761 0.032327 1.210478 0.463126 -0.039732 0.287692 -0.012093 -0.956822
1642647896.287094 0.030716 1.210390 0.462460 -0.039742 0.288947 -0.012509 -0.956438
1642647896.295428 0.029091 1.210332 0.461826 -0.039859 0.290080 -0.012908 -0.956085
1642647896.303761 0.027438 1.210286 0.461201 -0.040086 0.291185 -0.013264 -0.955734
1642647896.312094 0.025839 1.210178 0.460531 -0.040125 0.292375 -0.013641 -0.955364
1642647896.320428 0.024203 1.210115 0.459908 -0.040236 0.293654 -0.014165 -0.954960
1642647896.328761 0.022559 1.210059 0.459298 -0.040473 0.294805 -0.014507 -0.954590
1642647896.337094 0.020966 1.209942 0.458630 -0.040441 0.295923 -0.014858 -0.954240
1642647896.345428 0.019337 1.209859 0.458007 -0.040402 0.297543 -0.015547 -0.953726
1642647896.353761 0.017670 1.209829 0.457407 -0.040227 0.299423 -0.016543 -0.953129
1642647896.362094 0.016084 1.209705 0.456739 -0.040637 0.299768 -0.016237 -0.953008
1642647896.370428 0.014501 1.209580 0.456069 -0.040642 0.300833 -0.016548 -0.952667
1642647896.378761 0.012879 1.209518 0.455446 -0.040770 0.301828 -0.016891 -0.952340
1642647896.387094 0.011267 1.209433 0.454798 -0.040672 0.303197 -0.017535 -0.951898
1642647896.395427 0.009697 1.209306 0.454109 -0.040689 0.304079 -0.017835 -0.951611
1642647896.403761 0.008071 1.209244 0.453473 -0.040959 0.304975 -0.018289 -0.951303
1642647896.412094 0.006449 1.209190 0.452827 -0.040604 0.306924 -0.019453 -0.950669
1642647896.420428 0.004902 1.209024 0.452117 -0.040977 0.307254 -0.019180 -0.950551
1642647896.428761 0.003307 1.208941 0.451466 -0.041174 0.308414 -0.019577 -0.950159
1642647896.437094 0.001705 1.208871 0.450828 -0.041428 0.309440 -0.019938 -0.949807
1642647896.445428 0.000115 1.208765 0.450171 -0.041534 0.310698 -0.020417 -0.949381
1642647896.453761 -0.001445 1.208618 0.449499 -0.041551 0.311856 -0.020870 -0.948991
1642647896.462094 -0.003044 1.208522 0.448857 -0.041826 0.312861 -0.021261 -0.948639
1642647896.470428 -0.004633 1.208390 0.448190 -0.042012 0.313775 -0.021646 -0.948320
1642647896.478761 -0.006192 1.208226 0.447506 -0.042023 0.314846 -0.022203 -0.947952
1642647896.487094 -0.007786 1.208114 0.446859 -0.042293 0.315739 -0.022570 -0.947634
1642647896.495428 -0.009352 1.207974 0.446194 -0.042357 0.316597 -0.023082 -0.947333
1642647896.503761 -0.010922 1.207832 0.445519 -0.042457 0.317511 -0.023521 -0.947012
1642647896.512094 -0.012503 1.207730 0.444863 -0.042159 0.319314 -0.024708 -0.946388
1642647896.520427 -0.014059 1.207578 0.444178 -0.042345 0.320030 -0.025081 -0.946128
1642647896.528761 -0.015567 1.207391 0.443468 -0.042848 0.319921 -0.024659 -0.946154
1642647896.537094 -0.017111 1.207244 0.442781 -0.042966 0.320774 -0.025204 -0.945845
1642647896.545428 -0.018677 1.207136 0.442107 -0.042746 0.322340 -0.026247 -0.945294
1642647896.553761 -0.020224 1.206968 0.441453 -0.042479 0.322918 -0.026623 -0.945098
1642647896.562094 -0.021724 1.206779 0.440728 -0.043164 0.322646 -0.026216 -0.945172
1642647896.570428 -0.023238 1.206586 0.440002 -0.043233 0.323637 -0.026758 -0.944814
1642647896.578761 -0.024783 1.206409 0.439274 -0.043071 0.324664 -0.027350 -0.944453
1642647896.587094 -0.026319 1.206240 0.438579 -0.043290 0.325580 -0.027829 -0.944113
1642647896.595428 -0.027847 1.206069 0.437863 -0.043586 0.326501 -0.028270 -0.943768
1642647896.603761 -0.029411 1.205934 0.437182 -0.043351 0.328530 -0.029474 -0.943038
1642647896.612094 -0.030925 1.205733 0.436468 -0.043685 0.329399 -0.029802 -0.942709
1642647896.620428 -0.032412 1.205497 0.435740 -0.044277 0.329501 -0.029505 -0.942655
1642647896.628761 -0.033929 1.205308 0.435034 -0.044483 0.330409 -0.030022 -0.942311
1642647896.637094 -0.035467 1.205145 0.434368 -0.044469 0.331883 -0.030957 -0.941763
1642647896.645427 -0.036939 1.204913 0.433640 -0.045131 0.331632 -0.030608 -0.941832
1642647896.653761 -0.038429 1.204729 0.432924 -0.045296 0.332417 -0.031219 -0.941527
1642647896.662094 -0.039938 1.204595 0.432217 -0.044893 0.334099 -0.032404 -0.940910
1642647896.670428 -0.041439 1.204366 0.431536 -0.045243 0.334445 -0.032794 -0.940757
1642647896.678761 -0.042924 1.204165 0.430826 -0.045420 0.334902 -0.033198 -0.940572
1642647896.687094 -0.044380 1.203945 0.430085 -0.045949 0.334564 -0.032996 -0.940674
1642647896.695428 -0.045881 1.203786 0.429392 -0.045779 0.335989 -0.034122 -0.940134
1642647896.703761 -0.047360 1.203598 0.428675 -0.046056 0.336380 -0.034491 -0.939967
1642647896.712094 -0.048816 1.203406 0.427971 -0.046345 0.336705 -0.034866 -0.939822
1642647896.720428 -0.050266 1.203187 0.427256 -0.047084 0.336204 -0.034633 -0.939974
1642647896.728761 -0.051751 1.203051 0.426575 -0.046959 0.337496 -0.035758 -0.939475
1642647896.737094 -0.053191 1.202876 0.425844 -0.047180 0.337881 -0.036075 -0.939313
1642647896.745428 -0.054604 1.202660 0.425124 -0.047849 0.337380 -0.035705 -0.939473
1642647896.753761 -0.056073 1.202526 0.424429 -0.047737 0.338565 -0.036700 -0.939014
1642647896.762094 -0.057505 1.202352 0.423707 -0.047986 0.338885 -0.036973 -0.938875
1642647896.770427 -0.058928 1.202175 0.422968 -0.048329 0.338991 -0.037234 -0.938810
1642647896.778761 -0.060324 1.201966 0.422183 -0.048894 0.338510 -0.036812 -0.938970
1642647896.787094 -0.061731 1.201779 0.421429 -0.048950 0.338873 -0.037214 -0.938821
1642647896.795428 -0.063173 1.201652 0.420695 -0.048769 0.339921 -0.038185 -0.938412
1642647896.803761 -0.064583 1.201484 0.419953 -0.049048 0.339756 -0.038336 -0.938451
1642647896.812094 -0.065961 1.201282 0.419175 -0.049574 0.338731 -0.037874 -0.938813
1642647896.820428 -0.067378 1.201171 0.418422 -0.049105 0.339603 -0.038947 -0.938478
1642647896.828761 -0.068749 1.200970 0.417614 -0.049662 0.338296 -0.038528 -0.938938
1642647896.837094 -0.070170 1.200857 0.416873 -0.049359 0.338877 -0.039596 -0.938700
1642647896.845428 -0.071581 1.200711 0.416109 -0.049586 0.338286 -0.039903 -0.938888
1642647896.853761 -0.072981 1.200567 0.415334 -0.049768 0.337741 -0.040273 -0.939059
1642647896.862094 -0.074368 1.200427 0.414563 -0.049962 0.337185 -0.040570 -0.939236
1642647896.870428 -0.075761 1.200307 0.413785 -0.050091 0.336731 -0.040881 -0.939379
1642647896.878761 -0.077163 1.200168 0.413050 -0.050496 0.336048 -0.041031 -0.939595
1642647896.887094 -0.078524 1.199985 0.412274 -0.051042 0.334800 -0.040649 -0.940027
1642647896.895427 -0.079946 1.199902 0.411569 -0.050952 0.335149 -0.041556 -0.939868
1642647896.903761 -0.081332 1.199767 0.410848 -0.051096 0.334648 -0.041918 -0.940023
1642647896.912094 -0.082709 1.199639 0.410129 -0.051225 0.334130 -0.042231 -0.940186
1642647896.920428 -0.084084 1.199506 0.409402 -0.051653 0.333294 -0.042445 -0.940450
1642647896.928761 -0.085459 1.199395 0.408631 -0.052450 0.332580 -0.042712 -0.940646
1642647896.937094 -0.086850 1.199273 0.407896 -0.052794 0.331724 -0.042980 -0.940917
1642647896.945428 -0.088251 1.199161 0.407162 -0.053124 0.330903 -0.043262 -0.941175
1642647896.953761 -0.089625 1.199023 0.406388 -0.053674 0.329450 -0.042975 -0.941666
1642647896.962094 -0.091050 1.198969 0.405651 -0.053613 0.329805 -0.044029 -0.941497
1642647896.970428 -0.092451 1.198884 0.404923 -0.053919 0.329291 -0.044220 -0.941650
1642647896.978761 -0.093878 1.198840 0.404178 -0.054307 0.328648 -0.044558 -0.941836
1642647896.987094 -0.095263 1.198691 0.403475 -0.055177 0.327673 -0.043877 -0.942157
1642647896.995428 -0.096704 1.198653 0.402748 -0.054939 0.328560 -0.044862 -0.941816
1642647897.003761 -0.098120 1.198583 0.402028 -0.055398 0.328238 -0.044986 -0.941895
1642647897.012094 -0.099550 1.198522 0.401319 -0.055916 0.327772 -0.045108 -0.942021
1642647897.020427 -0.100952 1.198388 0.400505 -0.056043 0.327178 -0.044940 -0.942228
1642647897.028761 -0.102403 1.198393 0.399761 -0.055722 0.327861 -0.046059 -0.941956
1642647897.037094 -0.103851 1.198350 0.399014 -0.055982 0.327371 -0.046280 -0.942100
1642647897.045428 -0.105286 1.198322 0.398243 -0.056046 0.326936 -0.046657 -0.942229
1642647897.053761 -0.106736 1.198302 0.397444 -0.056137 0.326583 -0.047019 -0.942328
1642647897.062094 -0.108186 1.198293 0.396645 -0.056132 0.326127 -0.047364 -0.942469
1642647897.070428 -0.109640 1.198305 0.395821 -0.056095 0.325747 -0.047741 -0.942583
1642647897.078761 -0.111093 1.198307 0.394980 -0.056106 0.325358 -0.048120 -0.942698
1642647897.087094 -0.112545 1.198332 0.394133 -0.055956 0.325117 -0.048559 -0.942767
1642647897.095428 -0.113999 1.198369 0.393282 -0.055838 0.324804 -0.048985 -0.942860
1642647897.103761 -0.115464 1.198411 0.392413 -0.055696 0.324521 -0.049398 -0.942944
1642647897.112094 -0.116913 1.198475 0.391545 -0.055519 0.324132 -0.049783 -0.943068
1642647897.120428 -0.118363 1.198543 0.390673 -0.055365 0.323771 -0.050244 -0.943177
1642647897.128761 -0.119804 1.198632 0.389812 -0.055241 0.323167 -0.050609 -0.943372
1642647897.137094 -0.121247 1.198724 0.388943 -0.055061 0.322584 -0.050984 -0.943562
1642647897.145427 -0.122684 1.198811 0.388065 -0.054940 0.322026 -0.051207 -0.943747
1642647897.153761 -0.124100 1.198907 0.387194 -0.054849 0.321423 -0.051536 -0.943940
1642647897.162094 -0.125523 1.199002 0.386327 -0.054692 0.320811 -0.051806 -0.944143
1642647897.170428 -0.126922 1.199103 0.385477 -0.054641 0.320147 -0.052001 -0.944360
1642647897.178761 -0.128329 1.199203 0.384637 -0.054523 0.319630 -0.052200 -0.944531
1642647897.187094 -0.129712 1.199288 0.383814 -0.054376 0.319160 -0.052435 -0.944686
1642647897.195428 -0.131094 1.199385 0.383005 -0.054422 0.318652 -0.052464 -0.944853
1642647897.203761 -0.132460 1.199477 0.382220 -0.054454 0.318067 -0.052503 -0.945046
1642647897.212094 -0.133831 1.199570 0.381429 -0.054578 0.317456 -0.052416 -0.945249
1642647897.220428 -0.135177 1.199667 0.380636 -0.054570 0.317059 -0.052438 -0.945382
1642647897.228761 -0.136537 1.199763 0.379828 -0.054565 0.316470 -0.052318 -0.945586
1642647897.237094 -0.137879 1.199869 0.379019 -0.054489 0.316109 -0.052241 -0.945715
1642647897.245428 -0.139215 1.199988 0.378191 -0.054397 0.315672 -0.052043 -0.945877
1642647897.253761 -0.140558 1.200108 0.377367 -0.054156 0.315400 -0.051915 -0.945989
1642647897.262094 -0.141881 1.200234 0.376535 -0.054089 0.314996 -0.051685 -0.946140
1642647897.270427 -0.143221 1.200379 0.375707 -0.053999 0.314631 -0.051505 -0.946276
1642647897.278761 -0.144531 1.200529 0.374887 -0.053867 0.314188 -0.051365 -0.946438
1642647897.287094 -0.145855 1.200690 0.374051 -0.053791 0.313674 -0.051119 -0.946627
1642647897.295428 -0.147155 1.200866 0.373234 -0.053722 0.312869 -0.050847 -0.946911
1642647897.303761 -0.148459 1.201051 0.372408 -0.053656 0.311986 -0.050605 -0.947220
1642647897.312094 -0.149759 1.201219 0.371563 -0.053574 0.311116 -0.050541 -0.947514
1642647897.320428 -0.151048 1.201398 0.370699 -0.053287 0.310181 -0.050373 -0.947845
1642647897.328761 -0.152361 1.201589 0.369878 -0.053366 0.308867 -0.050231 -0.948277
1642647897.337094 -0.153658 1.201774 0.369003 -0.053339 0.307657 -0.050039 -0.948682
1642647897.345428 -0.154949 1.201972 0.368129 -0.053110 0.306539 -0.049992 -0.949059
1642647897.353761 -0.156252 1.202164 0.367266 -0.052983 0.305345 -0.049861 -0.949458
1642647897.362094 -0.157533 1.202360 0.366404 -0.052930 0.304101 -0.049867 -0.949860
1642647897.370428 -0.158854 1.202587 0.365573 -0.052946 0.302786 -0.049745 -0.950286
1642647897.378761 -0.160129 1.202809 0.364716 -0.052723 0.301588 -0.049701 -0.950681
1642647897.387094 -0.161417 1.203034 0.363862 -0.052739 0.300285 -0.049732 -0.951091
1642647897.395427 -0.162689 1.203246 0.363026 -0.052704 0.298783 -0.049644 -0.951571
1642647897.403761 -0.163979 1.203473 0.362228 -0.052729 0.297089 -0.049639 -0.952100
1642647897.412094 -0.165246 1.203712 0.361379 -0.052638 0.295429 -0.049654 -0.952620
1642647897.420428 -0.166508 1.203932 0.360550 -0.052693 0.293718 -0.049711 -0.953143
1642647897.428761 -0.167790 1.204150 0.359710 -0.052684 0.291863 -0.049804 -0.953708
1642647897.437094 -0.169051 1.204369 0.358884 -0.052704 0.289951 -0.049819 -0.954290
1642647897.445428 -0.170313 1.204589 0.358047 -0.052774 0.288119 -0.049926 -0.954835
1642647897.453761 -0.171575 1.204798 0.357231 -0.052808 0.286373 -0.050099 -0.955349
1642647897.462094 -0.172831 1.205000 0.356434 -0.052865 0.284542 -0.050082 -0.955894
1642647897.470428 -0.174091 1.205208 0.355645 -0.052979 0.282742 -0.050143 -0.956418
1642647897.478761 -0.175337 1.205404 0.354859 -0.052981 0.281081 -0.050309 -0.956899
1642647897.487094 -0.176573 1.205600 0.354092 -0.053125 0.279179 -0.050407 -0.957443
1642647897.495428 -0.177808 1.205781 0.353334 -0.053193 0.277148 -0.050526 -0.958022
1642647897.503761 -0.179025 1.205953 0.352578 -0.053305 0.275182 -0.050692 -0.958574
1642647897.512094 -0.180242 1.206141 0.351831 -0.053479 0.272971 -0.050873 -0.959186
1642647897.520427 -0.181441 1.206305 0.351084 -0.053664 0.270811 -0.051073 -0.959778
1642647897.528761 -0.182634 1.206488 0.350350 -0.053772 0.268596 -0.051279 -0.960383
1642647897.537094 -0.183818 1.206659 0.349625 -0.053929 0.266303 -0.051457 -0.961003
1642647897.545428 -0.184980 1.206834 0.348895 -0.054199 0.264060 -0.051686 -0.961594
1642647897.553761 -0.186144 1.207011 0.348174 -0.054355 0.261785 -0.051732 -0.962205
1642647897.562094 -0.187269 1.207166 0.347476 -0.054510 0.259649 -0.051909 -0.962765
1642647897.570428 -0.188406 1.207321 0.346768 -0.054696 0.257564 -0.052036 -0.963308
1642647897.578761 -0.189524 1.207508 0.346108 -0.055060 0.255356 -0.052005 -0.963876
1642647897.587094 -0.190602 1.207636 0.345404 -0.055266 0.253288 -0.052095 -0.964405
1642647897.595428 -0.191662 1.207747 0.344704 -0.055521 0.251252 -0.052170 -0.964919
1642647897.603761 -0.192710 1.207859 0.344012 -0.055597 0.249338 -0.052206 -0.965409
1642647897.612094 -0.193738 1.207969 0.343312 -0.055754 0.247454 -0.052361 -0.965876
1642647897.620428 -0.194733 1.208058 0.342594 -0.055859 0.245499 -0.052399 -0.966367
1642647897.628761 -0.195710 1.208152 0.341873 -0.055834 0.243526 -0.052395 -0.966868
1642647897.637094 -0.196685 1.208254 0.341171 -0.055713 0.241511 -0.052420 -0.967378
1642647897.645427 -0.197622 1.208353 0.340445 -0.055624 0.239519 -0.052553 -0.967871
1642647897.653761 -0.198544 1.208460 0.339733 -0.055462 0.237443 -0.052505 -0.968395
1642647897.662094 -0.199454 1.208569 0.339047 -0.055186 0.235455 -0.052597 -0.968891
1642647897.670428 -0.200316 1.208668 0.338357 -0.055112 0.233208 -0.052437 -0.969447
1642647897.678761 -0.201186 1.208813 0.337675 -0.054843 0.231330 -0.052633 -0.969901
1642647897.687094 -0.202007 1.208949 0.337018 -0.054644 0.229454 -0.052618 -0.970359
1642647897.695428 -0.202804 1.209093 0.336359 -0.054581 0.227647 -0.052681 -0.970784
1642647897.703761 -0.203564 1.209245 0.335695 -0.054508 0.225556 -0.052494 -0.971287
1642647897.712094 -0.204294 1.209407 0.335057 -0.054438 0.223742 -0.052391 -0.971716
1642647897.720428 -0.204988 1.209566 0.334423 -0.054333 0.221761 -0.052167 -0.972188
1642647897.728761 -0.205668 1.209739 0.333788 -0.054238 0.219805 -0.051966 -0.972648
1642647897.737094 -0.206342 1.209943 0.333147 -0.054037 0.218115 -0.051968 -0.973039
1642647897.745428 -0.206970 1.210121 0.332527 -0.053979 0.216327 -0.051848 -0.973448
1642647897.753761 -0.207562 1.210301 0.331932 -0.053914 0.214598 -0.051703 -0.973842
1642647897.762094 -0.208112 1.210464 0.331378 -0.053969 0.212458 -0.051307 -0.974329
1642647897.770427 -0.208658 1.210652 0.330834 -0.053925 0.210614 -0.051126 -0.974741
1642647897.778761 -0.209181 1.210835 0.330298 -0.053866 0.208607 -0.050926 -0.975186
1642647897.787094 -0.209686 1.211006 0.329775 -0.053860 0.206561 -0.050784 -0.975629
1642647897.795428 -0.210168 1.211197 0.329286 -0.053942 0.204251 -0.050597 -0.976121
1642647897.803761 -0.210616 1.211375 0.328801 -0.053922 0.202041 -0.050496 -0.976587
1642647897.812094 -0.211054 1.211543 0.328327 -0.053915 0.199750 -0.050457 -0.977061
1642647897.820428 -0.211482 1.211732 0.327881 -0.053861 0.197542 -0.050458 -0.977512
1642647897.828761 -0.211896 1.211909 0.327439 -0.053774 0.195470 -0.050590 -0.977927
1642647897.837094 -0.212304 1.212103 0.327032 -0.053860 0.193201 -0.050548 -0.978375
1642647897.845428 -0.212692 1.212294 0.326638 -0.053901 0.190974 -0.050573 -0.978808
1642647897.853761 -0.213070 1.212499 0.326257 -0.053960 0.188906 -0.050605 -0.979205
1642647897.862094 -0.213436 1.212708 0.325886 -0.054062 0.186826 -0.050621 -0.979597
1642647897.870428 -0.213791 1.212926 0.325537 -0.054100 0.184815 -0.050720 -0.979972
1642647897.878761 -0.214131 1.213160 0.325200 -0.054227 0.182678 -0.050735 -0.980364
1642647897.887094 -0.214469 1.213399 0.324877 -0.054437 0.180283 -0.050713 -0.980797
1642647897.895427 -0.214781 1.213637 0.324549 -0.054382 0.178181 -0.050823 -0.981178
1642647897.903761 -0.215100 1.213878 0.324239 -0.054513 0.175794 -0.050907 -0.981597
1642647897.912094 -0.215379 1.214108 0.323972 -0.054602 0.173851 -0.051055 -0.981931
1642647897.920428 -0.215647 1.214343 0.323682 -0.054651 0.171686 -0.051165 -0.982303
1642647897.928761 -0.215929 1.214596 0.323380 -0.054699 0.169238 -0.051235 -0.982722
1642647897.937094 -0.216171 1.214844 0.323122 -0.054882 0.167050 -0.051241 -0.983085
1642647897.945428 -0.216380 1.215095 0.322881 -0.054864 0.165018 -0.051309 -0.983426
1642647897.953761 -0.216588 1.215344 0.322722 -0.054391 0.163016 -0.051209 -0.983791
1642647897.962094 -0.216745 1.215597 0.322472 -0.054499 0.160887 -0.051330 -0.984129
1642647897.970428 -0.216888 1.215844 0.322220 -0.054588 0.158694 -0.051455 -0.984474
1642647897.978761 -0.217003 1.216079 0.321972 -0.054764 0.156501 -0.051496 -0.984813
1642647897.987094 -0.217094 1.216307 0.321727 -0.054831 0.154323 -0.051652 -0.985145
1642647897.995428 -0.217166 1.216532 0.321473 -0.054963 0.152178 -0.051685 -0.985469
1642647898.003761 -0.217221 1.216760 0.321238 -0.055016 0.150123 -0.051752 -0.985778
1642647898.012094 -0.217251 1.216992 0.321019 -0.055027 0.148256 -0.051823 -0.986056
1642647898.020427 -0.217271 1.217231 0.320799 -0.054952 0.146534 -0.051851 -0.986316
1642647898.028761 -0.217262 1.217555 0.320607 -0.055569 0.143825 -0.051191 -0.986715
1642647898.037094 -0.217268 1.217744 0.320403 -0.055168 0.142612 -0.051554 -0.986894
1642647898.045428 -0.217190 1.217986 0.320187 -0.054954 0.140893 -0.051461 -0.987158
1642647898.053761 -0.217153 1.218150 0.320026 -0.054731 0.139442 -0.051739 -0.987362
1642647898.062094 -0.217033 1.218378 0.319855 -0.054611 0.137663 -0.051588 -0.987626
1642647898.070428 -0.216928 1.218554 0.319724 -0.054504 0.135887 -0.051638 -0.987875
1642647898.078761 -0.216799 1.218723 0.319613 -0.054463 0.134086 -0.051628 -0.988124
1642647898.087094 -0.216655 1.218895 0.319511 -0.054438 0.132409 -0.051707 -0.988347
1642647898.095428 -0.216500 1.219058 0.319421 -0.054445 0.130710 -0.051700 -0.988574
1642647898.103761 -0.216354 1.219197 0.319347 -0.054438 0.129167 -0.051818 -0.988771
1642647898.112094 -0.216160 1.219384 0.319258 -0.054401 0.127431 -0.051812 -0.988998
1642647898.120428 -0.215945 1.219582 0.319169 -0.054235 0.125724 -0.051769 -0.989228
1642647898.128761 -0.215674 1.219815 0.319064 -0.054129 0.123669 -0.051571 -0.989503
1642647898.137094 -0.215418 1.220015 0.318978 -0.053951 0.121681 -0.051577 -0.989759
1642647898.145427 -0.215141 1.220219 0.318888 -0.053813 0.119574 -0.051497 -0.990027
1642647898.153761 -0.214840 1.220421 0.318793 -0.053607 0.117384 -0.051482 -0.990302
1642647898.162094 -0.214518 1.220632 0.318698 -0.053358 0.115082 -0.051407 -0.990589
1642647898.170428 -0.214174 1.220832 0.318617 -0.053191 0.112804 -0.051362 -0.990862
1642647898.178761 -0.213805 1.221032 0.318536 -0.053052 0.110499 -0.051270 -0.991134
1642647898.187094 -0.213430 1.221234 0.318463 -0.052902 0.108150 -0.051138 -0.991408
1642647898.195428 -0.213071 1.221398 0.318389 -0.052680 0.106089 -0.051298 -0.991634
1642647898.203761 -0.212664 1.221613 0.318301 -0.052452 0.103790 -0.051056 -0.991902
1642647898.212094 -0.212239 1.221829 0.318215 -0.052235 0.101524 -0.050826 -0.992160
1642647898.220428 -0.211801 1.222069 0.318128 -0.051922 0.099344 -0.050653 -0.992406
1642647898.228761 -0.211330 1.222341 0.318035 -0.051627 0.096799 -0.050132 -0.992699
1642647898.237094 -0.210877 1.222573 0.317953 -0.051278 0.094598 -0.049894 -0.992941
1642647898.245428 -0.210410 1.222814 0.317877 -0.050933 0.092390 -0.049586 -0.993182
1642647898.253761 -0.209976 1.223009 0.317820 -0.050578 0.090248 -0.049534 -0.993400
1642647898.262094 -0.209496 1.223248 0.317770 -0.050242 0.088019 -0.049323 -0.993628
1642647898.270427 -0.208964 1.223509 0.317717 -0.049954 0.085421 -0.048851 -0.993892
1642647898.278761 -0.208469 1.223649 0.317656 -0.049628 0.083207 -0.048730 -0.994102
1642647898.287094 -0.207962 1.223891 0.317645 -0.049350 0.080729 -0.048448 -0.994334
1642647898.295428 -0.207452 1.224122 0.317637 -0.049116 0.078010 -0.048147 -0.994577
1642647898.303761 -0.206934 1.224355 0.317647 -0.048878 0.075356 -0.047907 -0.994805
1642647898.312094 -0.206407 1.224606 0.317675 -0.048666 0.072612 -0.047514 -0.995039
1642647898.320428 -0.205864 1.224842 0.317718 -0.048499 0.069914 -0.047304 -0.995250
1642647898.328761 -0.205274 1.225034 0.317716 -0.049185 0.067224 -0.047580 -0.995388
1642647898.337094 -0.204701 1.225257 0.317793 -0.049173 0.064485 -0.047341 -0.995582
1642647898.345428 -0.204121 1.225480 0.317907 -0.049192 0.061767 -0.047042 -0.995767
1642647898.353761 -0.203544 1.225686 0.318042 -0.049225 0.059066 -0.046853 -0.995938
1642647898.362094 -0.202957 1.225898 0.318203 -0.049408 0.056295 -0.046622 -0.996101
1642647898.370428 -0.202358 1.226101 0.318382 -0.049555 0.053606 -0.046278 -0.996258
1642647898.378761 -0.201757 1.226297 0.318584 -0.049671 0.050961 -0.046059 -0.996401
1642647898.387094 -0.201143 1.226491 0.318795 -0.049926 0.048316 -0.045711 -0.996536
1642647898.395427 -0.200531 1.226688 0.319018 -0.050112 0.045779 -0.045401 -0.996660
1642647898.403761 -0.199933 1.226877 0.319240 -0.050213 0.043288 -0.045161 -0.996778
1642647898.412094 -0.199321 1.227073 0.319473 -0.050273 0.040813 -0.044892 -0.996891
1642647898.420428 -0.198715 1.227279 0.319695 -0.050309 0.038457 -0.044616 -0.996995
1642647898.428761 -0.198117 1.227484 0.319936 -0.050305 0.036139 -0.044388 -0.997092
1642647898.437094 -0.197526 1.227701 0.320164 -0.050198 0.033941 -0.044167 -0.997185
1642647898.445428 -0.196936 1.227935 0.320412 -0.050071 0.031796 -0.043968 -0.997271
1642647898.453761 -0.196347 1.228176 0.320669 -0.049845 0.029702 -0.043669 -0.997360
1642647898.462094 -0.195748 1.228417 0.320924 -0.049731 0.027768 -0.043509 -0.997428
1642647898.470428 -0.195152 1.228663 0.321187 -0.049562 0.025848 -0.043283 -0.997498
1642647898.478761 -0.194559 1.228907 0.321455 -0.049417 0.023889 -0.043019 -0.997565
1642647898.487094 -0.193956 1.229165 0.321744 -0.049257 0.021884 -0.042845 -0.997627
1642647898.495428 -0.193349 1.229400 0.322039 -0.049284 0.019760 -0.042550 -0.997682
1642647898.503761 -0.192733 1.229641 0.322353 -0.049286 0.017637 -0.042367 -0.997730
1642647898.512094 -0.192124 1.229881 0.322670 -0.049261 0.015495 -0.042305 -0.997769
1642647898.520427 -0.191507 1.230120 0.323014 -0.049373 0.013160 -0.042143 -0.997804
1642647898.528761 -0.190897 1.230353 0.323384 -0.049397 0.010892 -0.042065 -0.997834
1642647898.537094 -0.190276 1.230591 0.323761 -0.049480 0.008536 -0.041963 -0.997857
1642647898.545428 -0.189658 1.230822 0.324143 -0.049605 0.006227 -0.042012 -0.997865
1642647898.553761 -0.189040 1.231072 0.324536 -0.049640 0.003794 -0.042093 -0.997873
1642647898.562094 -0.188412 1.231314 0.324945 -0.049850 0.001223 -0.041949 -0.997875
1642647898.570428 -0.187770 1.231527 0.325369 -0.050126 -0.001451 -0.041947 -0.997861
1642647898.578761 -0.187118 1.231738 0.325817 -0.050437 -0.004228 -0.041925 -0.997838
1642647898.587094 -0.186467 1.231916 0.326269 -0.050852 -0.007023 -0.041960 -0.997800
1642647898.595428 -0.185821 1.232089 0.326739 -0.051237 -0.009883 -0.042002 -0.997754
1642647898.603761 -0.185167 1.232254 0.327211 -0.051681 -0.012781 -0.042053 -0.997696
1642647898.612094 -0.184515 1.232415 0.327691 -0.051989 -0.015682 -0.042183 -0.997633
1642647898.620428 -0.183872 1.232576 0.328198 -0.052212 -0.018483 -0.042323 -0.997568
1642647898.628761 -0.183226 1.232729 0.328713 -0.052533 -0.021229 -0.042590 -0.997485
1642647898.637094 -0.182589 1.232872 0.329248 -0.052917 -0.024064 -0.042798 -0.997391
1642647898.645427 -0.181951 1.233021 0.329812 -0.053292 -0.026850 -0.042852 -0.997298
1642647898.653761 -0.181314 1.233156 0.330384 -0.053745 -0.029468 -0.043023 -0.997192
1642647898.662094 -0.180698 1.233322 0.331007 -0.054353 -0.031873 -0.043209 -0.997077
1642647898.670428 -0.180027 1.233389 0.331555 -0.054806 -0.034418 -0.043161 -0.996970
1642647898.678761 -0.179378 1.233508 0.332155 -0.055320 -0.036621 -0.043338 -0.996855
1642647898.687094 -0.178759 1.233667 0.332793 -0.055870 -0.038581 -0.043584 -0.996740
1642647898.695428 -0.178094 1.233763 0.333376 -0.056397 -0.040778 -0.043737 -0.996616
1642647898.703761 -0.177390 1.233798 0.333928 -0.056903 -0.043092 -0.043648 -0.996494
1642647898.712094 -0.176709 1.233887 0.334534 -0.057436 -0.045488 -0.043724 -0.996354
1642647898.720428 -0.176026 1.233962 0.335141 -0.057916 -0.047736 -0.043915 -0.996212
1642647898.728761 -0.175364 1.234081 0.335793 -0.058316 -0.050032 -0.044209 -0.996063
1642647898.737094 -0.174666 1.234128 0.336414 -0.058728 -0.052465 -0.044465 -0.995902
1642647898.745428 -0.173957 1.234164 0.337040 -0.059168 -0.054821 -0.044704 -0.995739
1642647898.753761 -0.173213 1.234185 0.337686 -0.059576 -0.057237 -0.044875 -0.995571
1642647898.762094 -0.172479 1.234194 0.338333 -0.060104 -0.059590 -0.045004 -0.995395
1642647898.770427 -0.171741 1.234201 0.338971 -0.060644 -0.061836 -0.045293 -0.995212
1642647898.778761 -0.170978 1.234196 0.339614 -0.061100 -0.064013 -0.045509 -0.995037
1642647898.787094 -0.170187 1.234139 0.340230 -0.061487 -0.066286 -0.045583 -0.994861
1642647898.795428 -0.169444 1.234183 0.340901 -0.062023 -0.068212 -0.046085 -0.994674
1642647898.803761 -0.168641 1.234171 0.341550 -0.062427 -0.070241 -0.046322 -0.994497
1642647898.812094 -0.167829 1.234158 0.342177 -0.062690 -0.072196 -0.046626 -0.994326
1642647898.820428 -0.166959 1.234094 0.342768 -0.063116 -0.074182 -0.046703 -0.994149
1642647898.828761 -0.166125 1.234150 0.343440 -0.063530 -0.075757 -0.047101 -0.993985
1642647898.837094 -0.165239 1.234141 0.344053 -0.063957 -0.077765 -0.047136 -0.993801
1642647898.845428 -0.164325 1.234128 0.344666 -0.064400 -0.079594 -0.047300 -0.993620
1642647898.853761 -0.163373 1.234107 0.345255 -0.064898 -0.081634 -0.047298 -0.993422
1642647898.862094 -0.162388 1.234093 0.345854 -0.065274 -0.083597 -0.047449 -0.993227
1642647898.870428 -0.161383 1.234062 0.346427 -0.065727 -0.085821 -0.047397 -0.993010
1642647898.878761 -0.160310 1.233980 0.346956 -0.066070 -0.088193 -0.047211 -0.992788
1642647898.887094 -0.159279 1.234025 0.347566 -0.066441 -0.090181 -0.047302 -0.992580
1642647898.895427 -0.158185 1.234012 0.348121 -0.066722 -0.092378 -0.047234 -0.992362
1642647898.903761 -0.157058 1.233969 0.348655 -0.067027 -0.094349 -0.047137 -0.992161
1642647898.912094 -0.155908 1.233969 0.349197 -0.067337 -0.096289 -0.046935 -0.991963
1642647898.920428 -0.154728 1.233951 0.349717 -0.067654 -0.098125 -0.046602 -0.991778
1642647898.928761 -0.153516 1.233942 0.350235 -0.068029 -0.099600 -0.046281 -0.991620
1642647898.937094 -0.152263 1.233919 0.350733 -0.068384 -0.101083 -0.045970 -0.991460
1642647898.945428 -0.150990 1.233905 0.351218 -0.068837 -0.102517 -0.045497 -0.991303
1642647898.953761 -0.149679 1.233903 0.351690 -0.069264 -0.103883 -0.045086 -0.991150
1642647898.962094 -0.148343 1.233913 0.352139 -0.069611 -0.105192 -0.044513 -0.991013
1642647898.970428 -0.146964 1.233909 0.352598 -0.069971 -0.106490 -0.043995 -0.990873
1642647898.978761 -0.145523 1.233851 0.353036 -0.070719 -0.108019 -0.043809 -0.990662
1642647898.987094 -0.144098 1.233853 0.353469 -0.071021 -0.109431 -0.043227 -0.990511
1642647898.995428 -0.142691 1.233933 0.353889 -0.070931 -0.110722 -0.042125 -0.990422
1642647899.003761 -0.141216 1.233954 0.354294 -0.071188 -0.112500 -0.041383 -0.990234
1642647899.012094 -0.139735 1.233976 0.354682 -0.071424 -0.114232 -0.040690 -0.990048
1642647899.020427 -0.138210 1.233992 0.355055 -0.071588 -0.116279 -0.039940 -0.989828
1642647899.028761 -0.136675 1.234017 0.355411 -0.071808 -0.118184 -0.039342 -0.989610
1642647899.037094 -0.135125 1.234047 0.355759 -0.071973 -0.120201 -0.038692 -0.989381
1642647899.045428 -0.133568 1.234066 0.356095 -0.072144 -0.122264 -0.037971 -0.989144
1642647899.053761 -0.131978 1.234093 0.356436 -0.072263 -0.124336 -0.037174 -0.988907
1642647899.062094 -0.130395 1.234128 0.356762 -0.072437 -0.126411 -0.036388 -0.988660
1642647899.070428 -0.128787 1.234170 0.357089 -0.072660 -0.128556 -0.035654 -0.988394
1642647899.078761 -0.127171 1.234205 0.357408 -0.072933 -0.130488 -0.034883 -0.988148
1642647899.087094 -0.125556 1.234253 0.357733 -0.073100 -0.132447 -0.034095 -0.987903
1642647899.095428 -0.123939 1.234306 0.358054 -0.073207 -0.134607 -0.033197 -0.987633
1642647899.103761 -0.122324 1.234364 0.358387 -0.073225 -0.136515 -0.032553 -0.987392
1642647899.112094 -0.120694 1.234422 0.358720 -0.073406 -0.138558 -0.031860 -0.987116
1642647899.120428 -0.119078 1.234483 0.359060 -0.073457 -0.140731 -0.031127 -0.986828
1642647899.128761 -0.117453 1.234539 0.359400 -0.073548 -0.142776 -0.030386 -0.986551
1642647899.137094 -0.115825 1.234599 0.359769 -0.073604 -0.144660 -0.029756 -0.986291
1642647899.145427 -0.114199 1.234619 0.360144 -0.073800 -0.146670 -0.029167 -0.985997
1642647899.153761 -0.112576 1.234685 0.360581 -0.074008 -0.148437 -0.028468 -0.985738
1642647899.162094 -0.110956 1.234710 0.361001 -0.074334 -0.150319 -0.027635 -0.985452
1642647899.170428 -0.109310 1.234696 0.361441 -0.074711 -0.152063 -0.026900 -0.985176
1642647899.178761 -0.107660 1.234659 0.361892 -0.075076 -0.153770 -0.026214 -0.984902
1642647899.187094 -0.106059 1.234733 0.362457 -0.075613 -0.155249 -0.025764 -0.984640
1642647899.195428 -0.104443 1.234777 0.363019 -0.076052 -0.156850 -0.025254 -0.984366
1642647899.203761 -0.102803 1.234786 0.363560 -0.076502 -0.158200 -0.024906 -0.984124
1642647899.212094 -0.101164 1.234722 0.364073 -0.076079 -0.158450 -0.025248 -0.984108
1642647899.220428 -0.099476 1.234632 0.364572 -0.076946 -0.164229 -0.020923 -0.983194
1642647899.228761 -0.097824 1.234620 0.365138 -0.077277 -0.166280 -0.020072 -0.982841
1642647899.237094 -0.096209 1.234643 0.365756 -0.077544 -0.167769 -0.019773 -0.982573
1642647899.245428 -0.094612 1.234724 0.366446 -0.077766 -0.169100 -0.019641 -0.982330
1642647899.253761 -0.092972 1.234681 0.367067 -0.077118 -0.169071 -0.020246 -0.982374
1642647899.262094 -0.091374 1.234771 0.367828 -0.078418 -0.172213 -0.018863 -0.981752
1642647899.270427 -0.089741 1.234779 0.368564 -0.078701 -0.173705 -0.018463 -0.981474
1642647899.278761 -0.088087 1.234705 0.369271 -0.078285 -0.173554 -0.019140 -0.981521
1642647899.287094 -0.086485 1.234777 0.370099 -0.079312 -0.176229 -0.018056 -0.980983
1642647899.295428 -0.084848 1.234771 0.370889 -0.079694 -0.177778 -0.017640 -0.980680
1642647899.303761 -0.083196 1.234718 0.371660 -0.079495 -0.177963 -0.018136 -0.980653
1642647899.312094 -0.081555 1.234729 0.372481 -0.080185 -0.180460 -0.017100 -0.980159
1642647899.320428 -0.079946 1.234775 0.373327 -0.080266 -0.181146 -0.017558 -0.980018
1642647899.328761 -0.078273 1.234733 0.374116 -0.079868 -0.180926 -0.018423 -0.980075
1642647899.337094 -0.076683 1.234946 0.375091 -0.080879 -0.181715 -0.019265 -0.979830
1642647899.345428 -0.074934 1.234746 0.375791 -0.080126 -0.183354 -0.018344 -0.979604
1642647899.353761 -0.073250 1.234751 0.376653 -0.080377 -0.184567 -0.018280 -0.979357
1642647899.362094 -0.071572 1.234803 0.377552 -0.081142 -0.187160 -0.017387 -0.978818
1642647899.370428 -0.069817 1.234727 0.378369 -0.080833 -0.187222 -0.018037 -0.978820
1642647899.378761 -0.068096 1.234778 0.379287 -0.081934 -0.190012 -0.017037 -0.978208
1642647899.387094 -0.066311 1.234674 0.380086 -0.081388 -0.189709 -0.018041 -0.978295
1642647899.395427 -0.064561 1.234707 0.380990 -0.082395 -0.192427 -0.017142 -0.977696
1642647899.403761 -0.062756 1.234689 0.381847 -0.082817 -0.194195 -0.016751 -0.977317
1642647899.412094 -0.060941 1.234625 0.382678 -0.082786 -0.195426 -0.016779 -0.977074
1642647899.420428 -0.059087 1.234574 0.383523 -0.083246 -0.197165 -0.016662 -0.976688
1642647899.428761 -0.057232 1.234500 0.384331 -0.083171 -0.198550 -0.016755 -0.976412
1642647899.437094 -0.055345 1.234448 0.385158 -0.083488 -0.200535 -0.016505 -0.975983
1642647899.445428 -0.053446 1.234405 0.385981 -0.083851 -0.202432 -0.016433 -0.975562
1642647899.453761 -0.051534 1.234315 0.386786 -0.083937 -0.204262 -0.016438 -0.975173
1642647899.462094 -0.049607 1.234237 0.387598 -0.084223 -0.206186 -0.016452 -0.974743
1642647899.470428 -0.047653 1.234025 0.388326 -0.085939 -0.207909 -0.016873 -0.974220
1642647899.478761 -0.045686 1.233943 0.389147 -0.086113 -0.210021 -0.016615 -0.973756
1642647899.487094 -0.043695 1.233837 0.389957 -0.086406 -0.211929 -0.016280 -0.973322
1642647899.495428 -0.041691 1.233734 0.390784 -0.086655 -0.213455 -0.016267 -0.972966
1642647899.503761 -0.039643 1.233566 0.391599 -0.086742 -0.214389 -0.016426 -0.972750
1642647899.512094 -0.037630 1.233472 0.392483 -0.087448 -0.216865 -0.015580 -0.972152
1642647899.520427 -0.035575 1.233331 0.393344 -0.087831 -0.218293 -0.015241 -0.971803
1642647899.528761 -0.033496 1.233148 0.394172 -0.087856 -0.219068 -0.015292 -0.971626
1642647899.537094 -0.031448 1.233034 0.395078 -0.088679 -0.221395 -0.014415 -0.971037
1642647899.545428 -0.029370 1.232873 0.395961 -0.089127 -0.222627 -0.014155 -0.970718
1642647899.553761 -0.027260 1.232678 0.396817 -0.089300 -0.223379 -0.014206 -0.970528
1642647899.562094 -0.025203 1.232577 0.397741 -0.090103 -0.225683 -0.013383 -0.969933
1642647899.570428 -0.023115 1.232424 0.398627 -0.090654 -0.227258 -0.012886 -0.969520
1642647899.578761 -0.021025 1.232284 0.399529 -0.091178 -0.228744 -0.012506 -0.969127
1642647899.587094 -0.018935 1.232139 0.400414 -0.091610 -0.230256 -0.012193 -0.968732
1642647899.595428 -0.016836 1.231992 0.401299 -0.091959 -0.231763 -0.011904 -0.968343
1642647899.603761 -0.014741 1.231852 0.402178 -0.092488 -0.233244 -0.011632 -0.967940
1642647899.612094 -0.012651 1.231688 0.403057 -0.092953 -0.234704 -0.011432 -0.967545
1642647899.620428 -0.010466 1.231392 0.403826 -0.093294 -0.236890 -0.010419 -0.966991
1642647899.628761 -0.008368 1.231241 0.404686 -0.093652 -0.238360 -0.010213 -0.966597
1642647899.637094 -0.006284 1.231094 0.405549 -0.093985 -0.240056 -0.009816 -0.966149
1642647899.645427 -0.004189 1.230942 0.406404 -0.094351 -0.241589 -0.009495 -0.965734
1642647899.653761 -0.002120 1.230808 0.407282 -0.094544 -0.242890 -0.009370 -0.965390
1642647899.662094 -0.000030 1.230623 0.408113 -0.094522 -0.243493 -0.009531 -0.965239
1642647899.670428 0.001990 1.230528 0.409002 -0.095092 -0.245548 -0.008749 -0.964669
1642647899.678761 0.004049 1.230398 0.409878 -0.095295 -0.246764 -0.008476 -0.964341
1642647899.687094 0.006085 1.230255 0.410733 -0.095400 -0.247956 -0.008228 -0.964027
1642647899.695428 0.008108 1.230138 0.411599 -0.095510 -0.248911 -0.008237 -0.963770
1642647899.703761 0.010120 1.230023 0.412458 -0.095506 -0.250030 -0.007967 -0.963483
1642647899.712094 0.012123 1.229920 0.413322 -0.095401 -0.251146 -0.007813 -0.963205
1642647899.720428 0.014116 1.229836 0.414196 -0.095238 -0.251966 -0.007970 -0.963005
1642647899.728761 0.016108 1.229727 0.415045 -0.094729 -0.252054 -0.008471 -0.963028
1642647899.737094 0.017987 1.229801 0.416011 -0.094741 -0.253327 -0.008529 -0.962692
1642647899.745428 0.019991 1.229828 0.416990 -0.092745 -0.254915 -0.007162 -0.962479
1642647899.753761 0.021943 1.229796 0.417889 -0.092466 -0.255692 -0.007263 -0.962299
1642647899.762094 0.023906 1.229766 0.418814 -0.092380 -0.256461 -0.007298 -0.962102
1642647899.770427 0.025810 1.229840 0.419785 -0.092237 -0.256741 -0.007968 -0.962036
1642647899.778761 0.027833 1.229731 0.420681 -0.092241 -0.258191 -0.007386 -0.961652
1642647899.787094 0.029757 1.229885 0.421772 -0.092496 -0.255862 -0.010304 -0.962223
1642647899.795428 0.031754 1.229837 0.422740 -0.092675 -0.257157 -0.009997 -0.961864
1642647899.803761 0.033710 1.229815 0.423729 -0.092587 -0.258394 -0.009782 -0.961543
1642647899.812094 0.035660 1.229701 0.424632 -0.092463 -0.261481 -0.007954 -0.960737
1642647899.820428 0.037701 1.229555 0.425532 -0.095272 -0.260687 -0.011070 -0.960647
1642647899.828761 0.039823 1.229236 0.426366 -0.094338 -0.262187 -0.009812 -0.960345
1642647899.837094 0.041832 1.229159 0.427400 -0.094488 -0.263244 -0.010134 -0.960037
1642647899.845428 0.043789 1.229217 0.428563 -0.095008 -0.262130 -0.012716 -0.960260
1642647899.853761 0.045864 1.228943 0.429529 -0.094945 -0.265661 -0.010237 -0.959325
1642647899.862094 0.047888 1.228812 0.430604 -0.095182 -0.266884 -0.010164 -0.958963
1642647899.870428 0.049905 1.228688 0.431704 -0.095517 -0.267667 -0.010509 -0.958708
1642647899.878761 0.051808 1.228779 0.432959 -0.096029 -0.265783 -0.013608 -0.959142
1642647899.887094 0.053958 1.228371 0.433912 -0.096137 -0.269835 -0.010397 -0.958039
1642647899.895427 0.055976 1.228211 0.435040 -0.096524 -0.270586 -0.010568 -0.957787
1642647899.903761 0.057943 1.228118 0.436236 -0.096815 -0.271003 -0.011174 -0.957632
1642647899.912094 0.060034 1.227866 0.437348 -0.097169 -0.272440 -0.010729 -0.957194
1642647899.920428 0.062042 1.227718 0.438541 -0.097457 -0.272932 -0.011100 -0.957020
1642647899.928761 0.064091 1.227508 0.439734 -0.097883 -0.274041 -0.010993 -0.956661
1642647899.937094 0.066129 1.227325 0.440960 -0.098204 -0.274924 -0.011109 -0.956373
1642647899.945428 0.068086 1.227234 0.442241 -0.098435 -0.275023 -0.011925 -0.956311
1642647899.953761 0.070176 1.226975 0.443457 -0.098781 -0.276393 -0.011500 -0.955886
1642647899.962094 0.072135 1.226860 0.444764 -0.099081 -0.276612 -0.012251 -0.955782
1642647899.970428 0.074218 1.226587 0.446009 -0.099550 -0.278082 -0.011723 -0.955313
1642647899.978761 0.076248 1.226401 0.447327 -0.099861 -0.278712 -0.012098 -0.955092
1642647899.987094 0.078207 1.226281 0.448687 -0.100042 -0.278990 -0.012876 -0.954982
1642647899.995428 0.080310 1.225994 0.450003 -0.100541 -0.280456 -0.012457 -0.954505
1642647900.003761 0.082273 1.225863 0.451418 -0.100840 -0.280546 -0.013300 -0.954436
1642647900.012094 0.084377 1.225558 0.452768 -0.101409 -0.282005 -0.012927 -0.953951
1642647900.020427 0.086406 1.225325 0.454188 -0.101805 -0.282864 -0.013120 -0.953652
1642647900.028761 0.088429 1.225095 0.455625 -0.102257 -0.283540 -0.013496 -0.953397
1642647900.037094 0.090442 1.224858 0.457087 -0.102657 -0.284082 -0.013944 -0.953187
1642647900.045428 0.092395 1.224700 0.458601 -0.102946 -0.284062 -0.014881 -0.953147
1642647900.053761 0.094448 1.224366 0.460026 -0.103400 -0.285019 -0.014777 -0.952814
1642647900.062094 0.096399 1.224181 0.461546 -0.103568 -0.284818 -0.015735 -0.952840
1642647900.070428 0.098455 1.223840 0.462981 -0.103927 -0.285788 -0.015455 -0.952515
1642647900.078761 0.100452 1.223557 0.464467 -0.104204 -0.286007 -0.015888 -0.952412
1642647900.087094 0.102387 1.223356 0.465972 -0.104299 -0.285596 -0.016907 -0.952507
1642647900.095428 0.104465 1.222951 0.467427 -0.104502 -0.286451 -0.016718 -0.952232
1642647900.103761 0.106399 1.222730 0.468962 -0.104602 -0.285989 -0.017735 -0.952342
1642647900.112094 0.108478 1.222292 0.470422 -0.104900 -0.286706 -0.017642 -0.952095
1642647900.120428 0.110461 1.221981 0.471931 -0.104967 -0.286761 -0.018164 -0.952061
1642647900.128761 0.112523 1.221583 0.473460 -0.105331 -0.287066 -0.018390 -0.951925
1642647900.137094 0.114563 1.221199 0.474983 -0.105506 -0.287150 -0.018746 -0.951873
1642647900.145427 0.116614 1.220800 0.476514 -0.105760 -0.287214 -0.019059 -0.951819
1642647900.153761 0.118654 1.220421 0.478045 -0.105927 -0.287003 -0.019565 -0.951854
1642647900.162094 0.120779 1.219951 0.479573 -0.106250 -0.287225 -0.019588 -0.951750
1642647900.170428 0.122874 1.219514 0.481091 -0.106671 -0.287292 -0.019725 -0.951681
1642647900.178761 0.124990 1.219066 0.482611 -0.106966 -0.287263 -0.019863 -0.951653
1642647900.187094 0.127098 1.218628 0.484133 -0.107389 -0.287342 -0.020038 -0.951578
1642647900.195428 0.129195 1.218191 0.485638 -0.107730 -0.287499 -0.020204 -0.951489
1642647900.203761 0.131297 1.217770 0.487160 -0.108004 -0.287616 -0.020447 -0.951417
1642647900.212094 0.133392 1.217360 0.488670 -0.108261 -0.287965 -0.020548 -0.951280
1642647900.220428 0.135483 1.216945 0.490183 -0.108539 -0.288093 -0.020852 -0.951203
1642647900.228761 0.137589 1.216545 0.491697 -0.108923 -0.288496 -0.020911 -0.951035
1642647900.237094 0.139693 1.216161 0.493207 -0.109297 -0.288658 -0.021152 -0.950938
1642647900.245428 0.141796 1.215767 0.494709 -0.109634 -0.289072 -0.021298 -0.950770
1642647900.253761 0.143912 1.215392 0.496214 -0.110108 -0.289392 -0.021560 -0.950612
1642647900.262094 0.146025 1.215022 0.497715 -0.110441 -0.290001 -0.021682 -0.950385
1642647900.270427 0.148140 1.214644 0.499217 -0.110844 -0.290668 -0.021895 -0.950130
1642647900.278761 0.150250 1.214282 0.500717 -0.111221 -0.291446 -0.022004 -0.949845
1642647900.287094 0.152357 1.213921 0.502226 -0.111685 -0.292208 -0.022186 -0.949552
1642647900.295428 0.154464 1.213565 0.503741 -0.112141 -0.292907 -0.022462 -0.949276
1642647900.303761 0.156563 1.213223 0.505261 -0.112602 -0.293822 -0.022628 -0.948935
1642647900.312094 0.158633 1.212897 0.506797 -0.112957 -0.294322 -0.023198 -0.948724
1642647900.320428 0.160761 1.212504 0.508321 -0.113522 -0.295486 -0.023055 -0.948298
1642647900.328761 0.162787 1.212221 0.509913 -0.113920 -0.295681 -0.023877 -0.948169
1642647900.337094 0.164947 1.211758 0.511411 -0.114410 -0.297081 -0.023449 -0.947683
1642647900.345428 0.167039 1.211383 0.512970 -0.114872 -0.297804 -0.023648 -0.947395
1642647900.353761 0.169121 1.211003 0.514534 -0.115355 -0.298517 -0.023818 -0.947108
1642647900.362094 0.171131 1.210723 0.516131 -0.115637 -0.298525 -0.024472 -0.947054
1642647900.370428 0.173271 1.210249 0.517644 -0.116151 -0.299527 -0.024162 -0.946683
1642647900.378761 0.175255 1.209973 0.519247 -0.116469 -0.299350 -0.024852 -0.946682
1642647900.387094 0.177369 1.209490 0.520757 -0.116943 -0.300258 -0.024333 -0.946349
1642647900.395427 0.179391 1.209146 0.522317 -0.117118 -0.300457 -0.024585 -0.946258
1642647900.403761 0.181450 1.208729 0.523874 -0.117529 -0.301001 -0.024418 -0.946039
1642647900.412094 0.183413 1.208447 0.525485 -0.117732 -0.300735 -0.025002 -0.946083
1642647900.420428 0.185470 1.208004 0.526984 -0.118010 -0.301385 -0.024673 -0.945850
1642647900.428761 0.187500 1.207620 0.528546 -0.118439 -0.302076 -0.024440 -0.945582
1642647900.437094 0.189488 1.207261 0.530095 -0.118734 -0.302502 -0.024391 -0.945410
1642647900.445428 0.191449 1.206909 0.531652 -0.118966 -0.302898 -0.024501 -0.945251
1642647900.453761 0.193396 1.206576 0.533204 -0.119194 -0.303590 -0.024392 -0.945003
1642647900.462094 0.195326 1.206254 0.534756 -0.119415 -0.303976 -0.024512 -0.944848
1642647900.470428 0.197242 1.205938 0.536304 -0.119595 -0.304590 -0.024501 -0.944628
1642647900.478761 0.199137 1.205638 0.537851 -0.119804 -0.304894 -0.024608 -0.944501
1642647900.487094 0.200947 1.205428 0.539436 -0.119916 -0.304630 -0.025258 -0.944554
1642647900.495428 0.202841 1.205062 0.540911 -0.120111 -0.305553 -0.024786 -0.944244
1642647900.503761 0.204710 1.204728 0.542446 -0.120432 -0.306385 -0.024474 -0.943942
1642647900.512094 0.206523 1.204433 0.543964 -0.120582 -0.306886 -0.024430 -0.943761
1642647900.520427 0.208318 1.204129 0.545475 -0.120771 -0.307524 -0.024417 -0.943529
1642647900.528761 0.210064 1.203857 0.546992 -0.120886 -0.307613 -0.024796 -0.943476
1642647900.537094 0.211865 1.203527 0.548531 -0.121133 -0.308500 -0.024514 -0.943161
1642647900.545428 0.213582 1.203262 0.550062 -0.121289 -0.308711 -0.024740 -0.943066
1642647900.553761 0.215344 1.202904 0.551586 -0.121486 -0.309426 -0.024452 -0.942814
1642647900.562094 0.217024 1.202611 0.553102 -0.121593 -0.309461 -0.024684 -0.942783
1642647900.570428 0.218750 1.202234 0.554605 -0.121907 -0.310018 -0.024396 -0.942567
1642647900.578761 0.220434 1.201912 0.556093 -0.122046 -0.310248 -0.024224 -0.942478
1642647900.587094 0.222051 1.201574 0.557535 -0.122201 -0.310037 -0.024529 -0.942519
1642647900.595428 0.223732 1.201217 0.559011 -0.122433 -0.310303 -0.024213 -0.942410
1642647900.603761 0.225360 1.200870 0.560455 -0.122596 -0.310323 -0.024203 -0.942382
1642647900.612094 0.226973 1.200514 0.561887 -0.122601 -0.310248 -0.024222 -0.942406
1642647900.620428 0.228568 1.200139 0.563318 -0.122858 -0.310420 -0.024103 -0.942319
1642647900.628761 0.230090 1.199875 0.564812 -0.123524 -0.311917 -0.023203 -0.941760
1642647900.637094 0.231700 1.199411 0.566207 -0.123788 -0.312259 -0.023021 -0.941616
1642647900.645427 0.233214 1.199025 0.567604 -0.123962 -0.312174 -0.023189 -0.941617
1642647900.653761 0.234770 1.198534 0.568968 -0.124396 -0.312846 -0.022862 -0.941345
1642647900.662094 0.236273 1.198096 0.570331 -0.124685 -0.312954 -0.022824 -0.941272
1642647900.670428 0.237753 1.197638 0.571666 -0.125019 -0.313114 -0.022776 -0.941175
1642647900.678761 0.239207 1.197191 0.573002 -0.125402 -0.313226 -0.022729 -0.941088
1642647900.687094 0.240595 1.196762 0.574290 -0.125596 -0.312958 -0.022966 -0.941146
1642647900.695428 0.242041 1.196303 0.575611 -0.125950 -0.313404 -0.022518 -0.940961
1642647900.703761 0.243419 1.195878 0.576887 -0.126153 -0.313444 -0.022485 -0.940921
1642647900.712094 0.244771 1.195448 0.578148 -0.126295 -0.313518 -0.022483 -0.940878
1642647900.720428 0.246106 1.195024 0.579392 -0.126485 -0.313595 -0.022429 -0.940828
1642647900.728761 0.247434 1.194590 0.580610 -0.126650 -0.313731 -0.022364 -0.940762
1642647900.737094 0.248730 1.194152 0.581820 -0.126804 -0.313745 -0.022350 -0.940737
1642647900.745428 0.250025 1.193686 0.583014 -0.127051 -0.314014 -0.022192 -0.940617
1642647900.753761 0.251320 1.193182 0.584161 -0.127042 -0.313437 -0.022427 -0.940805
1642647900.762094 0.252559 1.192731 0.585353 -0.127635 -0.314684 -0.021629 -0.940327
1642647900.770427 0.253782 1.192255 0.586476 -0.127823 -0.315088 -0.021315 -0.940174
1642647900.778761 0.254956 1.191813 0.587596 -0.128060 -0.315348 -0.021234 -0.940056
1642647900.787094 0.256157 1.191298 0.588650 -0.128193 -0.315996 -0.020783 -0.939830
1642647900.795428 0.257320 1.190814 0.589676 -0.128021 -0.315574 -0.021072 -0.939989
1642647900.803761 0.258364 1.190423 0.590740 -0.128169 -0.316745 -0.020684 -0.939584
1642647900.812094 0.259456 1.189929 0.591712 -0.127768 -0.316300 -0.020987 -0.939782
1642647900.820428 0.260538 1.189456 0.592729 -0.127680 -0.317331 -0.020406 -0.939459
1642647900.828761 0.261474 1.189068 0.593753 -0.127797 -0.318415 -0.019936 -0.939086
1642647900.837094 0.262524 1.188571 0.594723 -0.127429 -0.318304 -0.019843 -0.939176
1642647900.845428 0.263409 1.188195 0.595748 -0.127516 -0.319314 -0.019314 -0.938832
1642647900.853761 0.264345 1.187746 0.596702 -0.127202 -0.318725 -0.019493 -0.939071
1642647900.862094 0.265241 1.187296 0.597674 -0.127205 -0.319175 -0.018994 -0.938928
1642647900.870428 0.266009 1.186946 0.598676 -0.127307 -0.319974 -0.018338 -0.938655
1642647900.878761 0.266874 1.186504 0.599638 -0.127015 -0.319119 -0.018265 -0.938987
1642647900.887094 0.267592 1.186172 0.600617 -0.126782 -0.318780 -0.017972 -0.939139
1642647900.895427 0.268328 1.185817 0.601627 -0.126952 -0.319805 -0.016665 -0.938792
1642647900.903761 0.269035 1.185468 0.602588 -0.126666 -0.319423 -0.016245 -0.938968
1642647900.912094 0.269684 1.185133 0.603508 -0.126021 -0.318041 -0.016434 -0.939521
1642647900.920428 0.270290 1.184856 0.604519 -0.125978 -0.318611 -0.015436 -0.939350
1642647900.928761 0.270869 1.184532 0.605473 -0.125545 -0.318455 -0.014929 -0.939469
1642647900.937094 0.271484 1.184185 0.606411 -0.124901 -0.317525 -0.014793 -0.939872
1642647900.945428 0.271950 1.183979 0.607418 -0.124643 -0.318144 -0.013913 -0.939710
1642647900.953761 0.272364 1.183779 0.608384 -0.123982 -0.317562 -0.013905 -0.939995
1642647900.962094 0.272849 1.183485 0.609330 -0.123149 -0.316521 -0.013947 -0.940454
1642647900.970428 0.273186 1.183343 0.610333 -0.122934 -0.316816 -0.013479 -0.940390
1642647900.978761 0.273564 1.183093 0.611269 -0.122041 -0.315484 -0.013689 -0.940951
1642647900.987094 0.273891 1.182897 0.612308 -0.121918 -0.316371 -0.012517 -0.940685
1642647900.995428 0.274176 1.182662 0.613291 -0.121514 -0.315925 -0.012277 -0.940891
1642647901.003761 0.274436 1.182430 0.614255 -0.120746 -0.314154 -0.012758 -0.941576
1642647901.012094 0.274701 1.182152 0.615264 -0.120501 -0.313922 -0.012135 -0.941693
1642647901.020427 0.274858 1.181962 0.616292 -0.120361 -0.314312 -0.011411 -0.941590
1642647901.028761 0.275006 1.181735 0.617266 -0.119605 -0.312655 -0.011921 -0.942231
1642647901.037094 0.275139 1.181517 0.618311 -0.119369 -0.313213 -0.011014 -0.942087
1642647901.045428 0.275211 1.181309 0.619314 -0.118886 -0.312547 -0.011123 -0.942368
1642647901.053761 0.275269 1.181052 0.620319 -0.118333 -0.312231 -0.010999 -0.942544
1642647901.062094 0.275333 1.180794 0.621348 -0.117902 -0.311760 -0.010915 -0.942754
1642647901.070428 0.275402 1.180469 0.622346 -0.117626 -0.311646 -0.010541 -0.942831
1642647901.078761 0.275403 1.180181 0.623333 -0.116938 -0.310052 -0.011108 -0.943435
1642647901.087094 0.275394 1.179878 0.624382 -0.117067 -0.310778 -0.010180 -0.943191
1642647901.095428 0.275368 1.179566 0.625382 -0.116837 -0.310224 -0.009917 -0.943404
1642647901.103761 0.275312 1.179248 0.626375 -0.116659 -0.309565 -0.009664 -0.943645
1642647901.112094 0.275203 1.178954 0.627365 -0.116368 -0.308610 -0.009782 -0.943993
1642647901.120428 0.275176 1.178550 0.628297 -0.115828 -0.307245 -0.009849 -0.944504
1642647901.128761 0.275021 1.178267 0.629284 -0.115755 -0.307594 -0.009048 -0.944407
1642647901.137094 0.274856 1.177934 0.630211 -0.115416 -0.307021 -0.009003 -0.944636
1642647901.145427 0.274655 1.177612 0.631100 -0.114558 -0.305268 -0.009655 -0.945301
1642647901.153761 0.274454 1.177243 0.631990 -0.114020 -0.305149 -0.009351 -0.945408
1642647901.162094 0.274212 1.176906 0.632871 -0.113530 -0.304968 -0.009435 -0.945524
1642647901.170428 0.273939 1.176564 0.633747 -0.112934 -0.304766 -0.009446 -0.945661
1642647901.178761 0.273593 1.176270 0.634637 -0.112643 -0.305063 -0.009363 -0.945601
1642647901.187094 0.273299 1.175911 0.635510 -0.112131 -0.304840 -0.009482 -0.945732
1642647901.195428 0.272987 1.175526 0.636367 -0.111558 -0.304656 -0.009516 -0.945859
1642647901.203761 0.272660 1.175138 0.637212 -0.110986 -0.304372 -0.009636 -0.946016
1642647901.212094 0.272354 1.174722 0.638059 -0.110398 -0.304135 -0.009602 -0.946162
1642647901.220428 0.272043 1.174309 0.638865 -0.109460 -0.302874 -0.010154 -0.946669
1642647901.228761 0.271680 1.173954 0.639694 -0.108887 -0.302440 -0.010270 -0.946873
1642647901.237094 0.271294 1.173611 0.640528 -0.108171 -0.301716 -0.010450 -0.947184
1642647901.245428 0.270877 1.173274 0.641326 -0.107506 -0.301176 -0.010598 -0.947430
1642647901.253761 0.270419 1.172986 0.642165 -0.107103 -0.301421 -0.010157 -0.947402
1642647901.262094 0.269999 1.172636 0.642915 -0.106087 -0.299654 -0.010810 -0.948070
1642647901.270427 0.269549 1.172314 0.643680 -0.105535 -0.298918 -0.010859 -0.948363
1642647901.278761 0.269054 1.172038 0.644494 -0.105262 -0.299022 -0.010384 -0.948366
1642647901.287094 0.268600 1.171717 0.645253 -0.104844 -0.298060 -0.010545 -0.948713
1642647901.295428 0.268135 1.171381 0.646006 -0.104411 -0.297411 -0.010399 -0.948966
1642647901.303761 0.267653 1.171032 0.646755 -0.104000 -0.296645 -0.010416 -0.949251
1642647901.312094 0.267181 1.170585 0.647431 -0.103069 -0.294105 -0.011742 -0.950127
1642647901.320428 0.266665 1.170222 0.648150 -0.102811 -0.293430 -0.011587 -0.950365
1642647901.328761 0.266132 1.169842 0.648856 -0.102650 -0.292725 -0.011621 -0.950600
1642647901.337094 0.265588 1.169466 0.649561 -0.102498 -0.291964 -0.011776 -0.950848
1642647901.345428 0.265034 1.169074 0.650256 -0.102362 -0.291270 -0.011654 -0.951077
1642647901.353761 0.264482 1.168681 0.650948 -0.102297 -0.290583 -0.011843 -0.951292
1642647901.362094 0.263918 1.168290 0.651645 -0.102263 -0.289866 -0.012047 -0.951512
1642647901.370428 0.263268 1.168075 0.652455 -0.102631 -0.286995 -0.014795 -0.952303
1642647901.378761 0.262686 1.167675 0.653154 -0.102754 -0.286543 -0.014891 -0.952425
1642647901.387094 0.262148 1.167105 0.653747 -0.102375 -0.288277 -0.012362 -0.951979
1642647901.395427 0.261510 1.166730 0.654439 -0.102389 -0.287597 -0.012523 -0.952181
1642647901.403761 0.260830 1.166334 0.655130 -0.102591 -0.286719 -0.012854 -0.952419
1642647901.412094 0.260131 1.165932 0.655809 -0.102749 -0.285780 -0.013132 -0.952680
1642647901.420428 0.259356 1.165689 0.656591 -0.103287 -0.282461 -0.016109 -0.953566
1642647901.428761 0.258653 1.165249 0.657261 -0.103477 -0.281545 -0.016230 -0.953814
1642647901.437094 0.257971 1.164813 0.657942 -0.103598 -0.280707 -0.016320 -0.954047
1642647901.445428 0.257296 1.164362 0.658606 -0.103886 -0.279919 -0.016516 -0.954243
1642647901.453761 0.256662 1.163755 0.659168 -0.103643 -0.281743 -0.013969 -0.953773
1642647901.462094 0.255936 1.163339 0.659846 -0.103733 -0.281115 -0.014113 -0.953947
1642647901.470428 0.255186 1.162946 0.660492 -0.103887 -0.280376 -0.014630 -0.954140
1642647901.478761 0.254329 1.162728 0.661232 -0.104376 -0.277364 -0.017731 -0.954914
1642647901.487094 0.253516 1.162352 0.661853 -0.104304 -0.276876 -0.018023 -0.955058
1642647901.495428 0.252761 1.161803 0.662343 -0.103846 -0.278763 -0.015780 -0.954599
1642647901.503761 0.251893 1.161429 0.662928 -0.103657 -0.278019 -0.016335 -0.954827
1642647901.512094 0.250934 1.161258 0.663607 -0.103919 -0.274932 -0.019562 -0.955631
1642647901.520427 0.250069 1.160905 0.664161 -0.103781 -0.274230 -0.020083 -0.955837
1642647901.528761 0.249189 1.160565 0.664716 -0.103410 -0.273656 -0.020335 -0.956036
1642647901.537094 0.248381 1.160089 0.665157 -0.102784 -0.275475 -0.018056 -0.955627
1642647901.545428 0.247483 1.159809 0.665692 -0.102523 -0.274613 -0.018636 -0.955892
1642647901.553761 0.246489 1.159738 0.666334 -0.102518 -0.271425 -0.021781 -0.956736
1642647901.562094 0.245561 1.159506 0.666843 -0.102171 -0.270667 -0.022232 -0.956978
1642647901.570428 0.244611 1.159302 0.667350 -0.101669 -0.269892 -0.022662 -0.957240
1642647901.578761 0.243709 1.158942 0.667729 -0.100772 -0.271435 -0.020542 -0.956946
1642647901.587094 0.242649 1.158946 0.668316 -0.100708 -0.268169 -0.023896 -0.957796
1642647901.595428 0.241671 1.158775 0.668796 -0.100095 -0.267303 -0.024331 -0.958091
1642647901.603761 0.240711 1.158605 0.669265 -0.099540 -0.266407 -0.024865 -0.958385
1642647901.612094 0.239740 1.158436 0.669742 -0.099057 -0.265743 -0.025180 -0.958611
1642647901.620428 0.238797 1.158257 0.670204 -0.098681 -0.264956 -0.025382 -0.958862
1642647901.628761 0.237862 1.158091 0.670657 -0.098174 -0.264093 -0.025612 -0.959146
1642647901.637094 0.236922 1.157938 0.671112 -0.097726 -0.263216 -0.025853 -0.959426
1642647901.645427 0.235959 1.157790 0.671562 -0.097267 -0.262466 -0.025912 -0.959677
1642647901.653761 0.235016 1.157651 0.671987 -0.096806 -0.261503 -0.026120 -0.959980
1642647901.662094 0.234054 1.157535 0.672418 -0.096264 -0.260623 -0.026265 -0.960270
1642647901.670428 0.233070 1.157446 0.672842 -0.095706 -0.259699 -0.026419 -0.960572
1642647901.678761 0.232068 1.157385 0.673249 -0.095225 -0.258618 -0.026813 -0.960901
1642647901.687094 0.231096 1.157342 0.673664 -0.094532 -0.257576 -0.026871 -0.961247
1642647901.695428 0.230130 1.157308 0.674068 -0.093978 -0.256484 -0.027014 -0.961589
1642647901.703761 0.229148 1.157281 0.674481 -0.093517 -0.255472 -0.027153 -0.961900
1642647901.712094 0.228158 1.157255 0.674900 -0.093054 -0.254386 -0.027270 -0.962229
1642647901.720428 0.227188 1.157205 0.675290 -0.092748 -0.253251 -0.027455 -0.962553
1642647901.728761 0.226216 1.157165 0.675682 -0.092357 -0.252158 -0.027430 -0.962878
1642647901.737094 0.225215 1.157116 0.676036 -0.092127 -0.251169 -0.027460 -0.963158
1642647901.745428 0.224213 1.157074 0.676389 -0.091857 -0.250214 -0.027543 -0.963430
1642647901.753761 0.223212 1.157045 0.676732 -0.091545 -0.249290 -0.027586 -0.963697
1642647901.762094 0.222209 1.157028 0.677073 -0.091294 -0.248409 -0.027666 -0.963947
1642647901.770427 0.221198 1.157001 0.677405 -0.091131 -0.247607 -0.027896 -0.964162
1642647901.778761 0.220202 1.157001 0.677736 -0.090884 -0.246915 -0.027917 -0.964362
1642647901.787094 0.219204 1.156985 0.678051 -0.090723 -0.246203 -0.028016 -0.964556
1642647901.795428 0.218187 1.156972 0.678363 -0.090678 -0.245497 -0.028166 -0.964736
1642647901.803761 0.217172 1.156956 0.678677 -0.090542 -0.244855 -0.028194 -0.964911
1642647901.812094 0.216135 1.156940 0.678964 -0.090331 -0.244058 -0.028300 -0.965130
1642647901.820428 0.215089 1.156926 0.679230 -0.090200 -0.243234 -0.028591 -0.965341
1642647901.828761 0.214019 1.156936 0.679483 -0.089866 -0.242403 -0.028756 -0.965577
1642647901.837094 0.212936 1.156958 0.679726 -0.089565 -0.241704 -0.028891 -0.965776
1642647901.845428 0.211872 1.156993 0.679954 -0.089313 -0.240849 -0.029148 -0.966005
1642647901.853761 0.210788 1.157040 0.680196 -0.088975 -0.240152 -0.029427 -0.966201
1642647901.862094 0.209699 1.157104 0.680435 -0.088544 -0.239548 -0.029644 -0.966384
1642647901.870428 0.208623 1.157176 0.680652 -0.088179 -0.238854 -0.029841 -0.966583
1642647901.878761 0.207525 1.157284 0.680857 -0.087672 -0.238058 -0.030064 -0.966819
1642647901.887094 0.206411 1.157405 0.681055 -0.087044 -0.237057 -0.030234 -0.967116
1642647901.895427 0.205276 1.157543 0.681209 -0.086377 -0.236049 -0.030283 -0.967421
1642647901.903761 0.204131 1.157683 0.681336 -0.085839 -0.235077 -0.030293 -0.967705
1642647901.912094 0.202948 1.157847 0.681446 -0.085095 -0.233832 -0.030179 -0.968076
1642647901.920428 0.201762 1.158031 0.681529 -0.084395 -0.232464 -0.030226 -0.968465
1642647901.928761 0.200557 1.158206 0.681572 -0.083783 -0.230954 -0.030378 -0.968875
1642647901.937094 0.199338 1.158412 0.681616 -0.083017 -0.229659 -0.030270 -0.969252
1642647901.945428 0.198107 1.158627 0.681629 -0.082250 -0.228286 -0.030175 -0.969644
1642647901.953761 0.196879 1.158830 0.681594 -0.081670 -0.227004 -0.030150 -0.969995
1642647901.962094 0.195630 1.159042 0.681549 -0.080984 -0.225812 -0.030008 -0.970335
1642647901.970428 0.194382 1.159238 0.681470 -0.080321 -0.224462 -0.029819 -0.970709
1642647901.978761 0.193138 1.159442 0.681369 -0.079716 -0.223200 -0.029749 -0.971052
1642647901.987094 0.191879 1.159664 0.681244 -0.079115 -0.222176 -0.029437 -0.971346
1642647901.995428 0.190613 1.159867 0.681107 -0.078497 -0.221172 -0.029167 -0.971633
1642647902.003761 0.189356 1.160095 0.680993 -0.077922 -0.220233 -0.028950 -0.971899
1642647902.012094 0.188099 1.160324 0.680861 -0.077362 -0.219482 -0.028647 -0.972123
1642647902.020427 0.186840 1.160554 0.680735 -0.076768 -0.218842 -0.028226 -0.972326
1642647902.028761 0.185548 1.160946 0.680780 -0.074010 -0.218175 -0.026772 -0.972731
1642647902.037094 0.184301 1.161182 0.680659 -0.073560 -0.217141 -0.026651 -0.973000
1642647902.045428 0.183032 1.161418 0.680523 -0.073175 -0.216102 -0.026328 -0.973269
1642647902.053761 0.181752 1.161650 0.680379 -0.072776 -0.215093 -0.025850 -0.973535
1642647902.062094 0.180453 1.161894 0.680226 -0.072362 -0.213839 -0.025503 -0.973851
1642647902.070428 0.179121 1.162148 0.680064 -0.071989 -0.212499 -0.025194 -0.974180
1642647902.078761 0.177759 1.162389 0.679882 -0.071761 -0.211056 -0.024900 -0.974518
1642647902.087094 0.176381 1.162630 0.679694 -0.071495 -0.209583 -0.024602 -0.974863
1642647902.095428 0.175002 1.162836 0.679485 -0.071231 -0.208165 -0.024202 -0.975196
1642647902.103761 0.173671 1.162917 0.679221 -0.071886 -0.206931 -0.024502 -0.975403
1642647902.112094 0.172226 1.163142 0.679052 -0.070954 -0.205453 -0.023493 -0.975809
1642647902.120428 0.170804 1.163255 0.678826 -0.070767 -0.204250 -0.023090 -0.976085
1642647902.128761 0.169406 1.163265 0.678539 -0.071362 -0.203096 -0.023501 -0.976272
1642647902.137094 0.167896 1.163428 0.678335 -0.070356 -0.202005 -0.022587 -0.976593
1642647902.145427 0.166450 1.163426 0.678021 -0.070900 -0.201042 -0.023050 -0.976742
1642647902.153761 0.164892 1.163555 0.677806 -0.069897 -0.199763 -0.022323 -0.977093
1642647902.162094 0.163419 1.163510 0.677499 -0.070373 -0.198806 -0.022833 -0.977242
1642647902.170428 0.161834 1.163615 0.677299 -0.071195 -0.199876 -0.021372 -0.976997
1642647902.178761 0.160262 1.163679 0.677096 -0.070211 -0.198447 -0.020720 -0.977374
1642647902.187094 0.158762 1.163528 0.676801 -0.070814 -0.197322 -0.021404 -0.977544
1642647902.195428 0.157170 1.163519 0.676614 -0.069977 -0.195910 -0.020553 -0.977906
1642647902.203761 0.155619 1.163357 0.676328 -0.069565 -0.193636 -0.021289 -0.978372
1642647902.212094 0.154013 1.163201 0.676067 -0.069218 -0.191680 -0.021624 -0.978775
1642647902.220428 0.152383 1.163083 0.675809 -0.069117 -0.190157 -0.021714 -0.979077
1642647902.228761 0.150713 1.162972 0.675547 -0.069088 -0.188581 -0.021770 -0.979383
1642647902.237094 0.149024 1.162863 0.675269 -0.069080 -0.187057 -0.021829 -0.979674
1642647902.245428 0.147298 1.162767 0.674980 -0.069076 -0.185302 -0.022050 -0.980003
1642647902.253761 0.145514 1.162804 0.674788 -0.069409 -0.183730 -0.022196 -0.980272
1642647902.262094 0.143796 1.162557 0.674405 -0.069318 -0.181668 -0.022685 -0.980651
1642647902.270427 0.142040 1.162415 0.674100 -0.069909 -0.180475 -0.022530 -0.980833
1642647902.278761 0.140261 1.162178 0.673746 -0.070278 -0.178701 -0.022831 -0.981125
1642647902.287094 0.138484 1.161863 0.673366 -0.070414 -0.176513 -0.023413 -0.981497
1642647902.295428 0.136774 1.161326 0.672861 -0.071022 -0.178080 -0.020331 -0.981239
1642647902.303761 0.134987 1.160960 0.672466 -0.071893 -0.176432 -0.020476 -0.981470
1642647902.312094 0.133189 1.160610 0.672072 -0.073203 -0.175568 -0.020227 -0.981534
1642647902.320428 0.131358 1.160170 0.671602 -0.073731 -0.173669 -0.020885 -0.981818
1642647902.328761 0.129513 1.159761 0.671123 -0.074419 -0.172277 -0.021181 -0.982005
1642647902.337094 0.127642 1.159350 0.670608 -0.075115 -0.171128 -0.021481 -0.982146
1642647902.345428 0.125720 1.159001 0.670099 -0.076414 -0.171305 -0.020824 -0.982030
1642647902.353761 0.123838 1.158511 0.669463 -0.076331 -0.169143 -0.021697 -0.982392
1642647902.362094 0.121911 1.158060 0.668796 -0.076692 -0.167638 -0.022244 -0.982609
1642647902.370428 0.119962 1.157611 0.668091 -0.076960 -0.166361 -0.022503 -0.982799
1642647902.378761 0.117989 1.157223 0.667393 -0.077428 -0.165900 -0.022193 -0.982848
1642647902.387094 0.116037 1.156718 0.666569 -0.076738 -0.163119 -0.023399 -0.983339
1642647902.395427 0.114044 1.156384 0.665846 -0.077695 -0.163118 -0.022589 -0.983283
1642647902.403761 0.112101 1.155945 0.665040 -0.077290 -0.160497 -0.023435 -0.983727
1642647902.412094 0.110133 1.155548 0.664241 -0.077507 -0.158940 -0.023528 -0.983960
1642647902.420428 0.108144 1.155195 0.663464 -0.078228 -0.158183 -0.023099 -0.984035
1642647902.428761 0.106203 1.154762 0.662631 -0.078093 -0.155389 -0.023641 -0.984478
1642647902.437094 0.104255 1.154368 0.661827 -0.078520 -0.153581 -0.023595 -0.984729
1642647902.445428 0.102271 1.154025 0.661042 -0.078867 -0.151377 -0.023647 -0.985041
1642647902.453761 0.100308 1.153651 0.660208 -0.079327 -0.149440 -0.023475 -0.985304
1642647902.462094 0.098371 1.153230 0.659337 -0.079620 -0.147386 -0.023249 -0.985595
1642647902.470428 0.096405 1.152856 0.658484 -0.080429 -0.146434 -0.022283 -0.985694
1642647902.478761 0.094459 1.152561 0.657650 -0.080838 -0.144384 -0.022174 -0.985965
1642647902.487094 0.092518 1.152235 0.656770 -0.081043 -0.142324 -0.022102 -0.986249
1642647902.495428 0.090607 1.151846 0.655825 -0.080465 -0.138847 -0.023030 -0.986771
1642647902.503761 0.088671 1.151586 0.654964 -0.081557 -0.138767 -0.021777 -0.986721
1642647902.512094 0.086786 1.151244 0.654008 -0.080920 -0.135551 -0.022687 -0.987200
1642647902.520427 0.084860 1.151084 0.653145 -0.081461 -0.134387 -0.022244 -0.987324
1642647902.528761 0.082982 1.150808 0.652207 -0.081735 -0.132987 -0.021929 -0.987498
1642647902.537094 0.081049 1.150727 0.651380 -0.082129 -0.131346 -0.021911 -0.987686
1642647902.545428 0.079205 1.150473 0.650402 -0.082441 -0.130072 -0.021337 -0.987841
1642647902.553761 0.077346 1.150211 0.649406 -0.082178 -0.127964 -0.021386 -0.988137
1642647902.562094 0.075488 1.150106 0.648489 -0.082881 -0.126919 -0.020689 -0.988228
1642647902.570428 0.073621 1.149991 0.647544 -0.083120 -0.125330 -0.020361 -0.988417
1642647902.578761 0.071774 1.149887 0.646575 -0.083340 -0.123839 -0.019988 -0.988594
1642647902.587094 0.069931 1.149814 0.645629 -0.083418 -0.122130 -0.019810 -0.988804
1642647902.595428 0.068094 1.149724 0.644653 -0.083271 -0.119950 -0.019996 -0.989079
1642647902.603761 0.066243 1.149760 0.643742 -0.084435 -0.119934 -0.018568 -0.989011
1642647902.612094 0.064440 1.149736 0.642805 -0.084397 -0.117273 -0.018710 -0.989330
1642647902.620428 0.062583 1.149724 0.641864 -0.084451 -0.114750 -0.019005 -0.989616
1642647902.628761 0.060769 1.149724 0.640922 -0.085772 -0.114896 -0.017239 -0.989517
1642647902.637094 0.058855 1.149894 0.640055 -0.086050 -0.109746 -0.020177 -0.990022
1642647902.645427 0.057051 1.149805 0.638988 -0.085468 -0.106319 -0.020843 -0.990433
1642647902.653761 0.055195 1.149897 0.638021 -0.086548 -0.106089 -0.019488 -0.990391
1642647902.662094 0.053361 1.149938 0.636970 -0.086596 -0.104263 -0.019306 -0.990585
1642647902.670428 0.051544 1.149934 0.635846 -0.085585 -0.100877 -0.020222 -0.991005
1642647902.678761 0.049673 1.150096 0.634825 -0.086552 -0.100676 -0.019308 -0.990959
1642647902.687094 0.047818 1.150196 0.633730 -0.086514 -0.098890 -0.019371 -0.991141
1642647902.695428 0.045957 1.150314 0.632639 -0.086542 -0.097242 -0.019612 -0.991297
1642647902.703761 0.044111 1.150425 0.631533 -0.086541 -0.095606 -0.019782 -0.991453
1642647902.712094 0.042259 1.150546 0.630417 -0.086565 -0.093932 -0.020131 -0.991604
1642647902.720428 0.040400 1.150664 0.629295 -0.086671 -0.092436 -0.020330 -0.991731
1642647902.728761 0.038550 1.150785 0.628155 -0.086675 -0.090859 -0.020662 -0.991870
1642647902.737094 0.036701 1.150902 0.627025 -0.086688 -0.089486 -0.021033 -0.991985
1642647902.745428 0.034864 1.151033 0.625890 -0.086685 -0.088140 -0.021308 -0.992100
1642647902.753761 0.033042 1.151163 0.624768 -0.086579 -0.086759 -0.021764 -0.992221
1642647902.762094 0.031221 1.151314 0.623649 -0.086566 -0.085516 -0.022069 -0.992324
1642647902.770427 0.029412 1.151457 0.622545 -0.086623 -0.084279 -0.022456 -0.992416
1642647902.778761 0.027611 1.151622 0.621470 -0.086606 -0.082970 -0.022879 -0.992518
1642647902.787094 0.025808 1.151780 0.620395 -0.086552 -0.081558 -0.023339 -0.992629
1642647902.795428 0.024004 1.151958 0.619332 -0.086523 -0.080156 -0.023720 -0.992737
1642647902.803761 0.022195 1.152140 0.618267 -0.086510 -0.078587 -0.024100 -0.992854
1642647902.812094 0.020402 1.152323 0.617211 -0.086450 -0.076952 -0.024538 -0.992977
1642647902.820428 0.018611 1.152524 0.616159 -0.086357 -0.075248 -0.025009 -0.993104
1642647902.828761 0.016838 1.152706 0.615115 -0.086378 -0.073526 -0.025374 -0.993222
1642647902.837094 0.015091 1.152882 0.614080 -0.086343 -0.071733 -0.025819 -0.993344
1642647902.845428 0.013348 1.153062 0.613053 -0.086293 -0.069958 -0.026222 -0.993465
1642647902.853761 0.011649 1.153214 0.612043 -0.086352 -0.068272 -0.026604 -0.993567
1642647902.862094 0.009940 1.153371 0.611041 -0.086451 -0.066568 -0.027029 -0.993662
1642647902.870428 0.008255 1.153508 0.610019 -0.086597 -0.064985 -0.027426 -0.993743
1642647902.878761 0.006568 1.153637 0.608999 -0.086658 -0.063424 -0.027887 -0.993826
1642647902.887094 0.004895 1.153793 0.607980 -0.086724 -0.061955 -0.028284 -0.993902
1642647902.895427 0.003220 1.153932 0.606951 -0.086887 -0.060588 -0.028759 -0.993958
1642647902.903761 0.001573 1.154089 0.605921 -0.086930 -0.059336 -0.029154 -0.994018
1642647902.912094 -0.000061 1.154254 0.604894 -0.087016 -0.058075 -0.029726 -0.994068
1642647902.920428 -0.001689 1.154414 0.603854 -0.087087 -0.056919 -0.030165 -0.994116
1642647902.928761 -0.003317 1.154589 0.602813 -0.087115 -0.055561 -0.030718 -0.994173
1642647902.937094 -0.004912 1.154761 0.601761 -0.087280 -0.054499 -0.031153 -0.994204
1642647902.945428 -0.006507 1.154915 0.600689 -0.087275 -0.053250 -0.031815 -0.994251
1642647902.953761 -0.008084 1.155082 0.599593 -0.087233 -0.051978 -0.032334 -0.994306
1642647902.962094 -0.009656 1.155253 0.598499 -0.087255 -0.050748 -0.032854 -0.994350
1642647902.970428 -0.011192 1.155409 0.597396 -0.087246 -0.049630 -0.033315 -0.994392
1642647902.978761 -0.012715 1.155576 0.596297 -0.087307 -0.048496 -0.033810 -0.994426
1642647902.987094 -0.014211 1.155742 0.595200 -0.087354 -0.047365 -0.034108 -0.994466
1642647902.995428 -0.015667 1.155891 0.594113 -0.087430 -0.046211 -0.034431 -0.994502
1642647903.003761 -0.017120 1.156055 0.593018 -0.087506 -0.044919 -0.034790 -0.994543
1642647903.012094 -0.018543 1.156212 0.591924 -0.087662 -0.043827 -0.034921 -0.994573
1642647903.020427 -0.019957 1.156372 0.590816 -0.087678 -0.042576 -0.035098 -0.994620
1642647903.028761 -0.021369 1.156532 0.589687 -0.087641 -0.041171 -0.035398 -0.994671
1642647903.037094 -0.022770 1.156704 0.588544 -0.087607 -0.039874 -0.035531 -0.994722
1642647903.045428 -0.024153 1.156886 0.587402 -0.087530 -0.038569 -0.035711 -0.994774
1642647903.053761 -0.025532 1.157089 0.586232 -0.087365 -0.037286 -0.035923 -0.994830
1642647903.062094 -0.026879 1.157291 0.585074 -0.087318 -0.036125 -0.036030 -0.994873
1642647903.070428 -0.028206 1.157512 0.583913 -0.087296 -0.034777 -0.036246 -0.994915
1642647903.078761 -0.029516 1.157724 0.582748 -0.087107 -0.033513 -0.036450 -0.994968
1642647903.087094 -0.030802 1.157934 0.581600 -0.087198 -0.032390 -0.036479 -0.994996
1642647903.095428 -0.032077 1.158125 0.580429 -0.087294 -0.031345 -0.036535 -0.995019
1642647903.103761 -0.033335 1.158338 0.579273 -0.087352 -0.030050 -0.036718 -0.995047
1642647903.112094 -0.034581 1.158529 0.578088 -0.087274 -0.028929 -0.036844 -0.995082
1642647903.120428 -0.035840 1.158726 0.576900 -0.087310 -0.027749 -0.037000 -0.995107
1642647903.128761 -0.037062 1.158917 0.575699 -0.087293 -0.026603 -0.037165 -0.995134
1642647903.137094 -0.038279 1.159099 0.574482 -0.087296 -0.025564 -0.037335 -0.995154
1642647903.145427 -0.039485 1.159275 0.573263 -0.087373 -0.024553 -0.037447 -0.995169
1642647903.153761 -0.040683 1.159444 0.572046 -0.087287 -0.023539 -0.037669 -0.995192
1642647903.162094 -0.041850 1.159601 0.570823 -0.087222 -0.022654 -0.037754 -0.995215
1642647903.170428 -0.042998 1.159746 0.569592 -0.087295 -0.021748 -0.037794 -0.995228
1642647903.178761 -0.044139 1.159881 0.568363 -0.087340 -0.021061 -0.037734 -0.995241
1642647903.187094 -0.045274 1.160018 0.567132 -0.087397 -0.020155 -0.037831 -0.995251
1642647903.195428 -0.046409 1.160146 0.565882 -0.087454 -0.019269 -0.037810 -0.995264
1642647903.203761 -0.047537 1.160275 0.564650 -0.087548 -0.018376 -0.037751 -0.995275
1642647903.212094 -0.048675 1.160420 0.563400 -0.087532 -0.017486 -0.037587 -0.995299
1642647903.220428 -0.049803 1.160547 0.562166 -0.087615 -0.016375 -0.037526 -0.995313
1642647903.228761 -0.050927 1.160695 0.560929 -0.087613 -0.015282 -0.037414 -0.995335
1642647903.237094 -0.052043 1.160822 0.559714 -0.087739 -0.014113 -0.037223 -0.995348
1642647903.245428 -0.053169 1.160948 0.558489 -0.087912 -0.012850 -0.037081 -0.995355
1642647903.253761 -0.054296 1.161066 0.557296 -0.088029 -0.011439 -0.037087 -0.995362
1642647903.262094 -0.055412 1.161179 0.556091 -0.088164 -0.010077 -0.036902 -0.995371
1642647903.270427 -0.056533 1.161306 0.554912 -0.088387 -0.008909 -0.036651 -0.995372
1642647903.278761 -0.057658 1.161437 0.553727 -0.088623 -0.007799 -0.036349 -0.995371
1642647903.287094 -0.058787 1.161570 0.552550 -0.088728 -0.006398 -0.036344 -0.995372
1642647903.295428 -0.059913 1.161699 0.551378 -0.088907 -0.005189 -0.036263 -0.995366
1642647903.303761 -0.061042 1.161829 0.550197 -0.089163 -0.004016 -0.036162 -0.995352
1642647903.312094 -0.062175 1.161987 0.549039 -0.089162 -0.002668 -0.036148 -0.995357
1642647903.320428 -0.063313 1.162145 0.547884 -0.089283 -0.001532 -0.036113 -0.995350
1642647903.328761 -0.064455 1.162287 0.546721 -0.089307 -0.000264 -0.036146 -0.995348
1642647903.337094 -0.065583 1.162436 0.545567 -0.089333 0.000903 -0.036088 -0.995347
1642647903.345428 -0.066740 1.162605 0.544390 -0.089347 0.002161 -0.036232 -0.995339
1642647903.353761 -0.067886 1.162770 0.543218 -0.089386 0.003410 -0.036366 -0.995327
1642647903.362094 -0.069028 1.162956 0.542047 -0.089407 0.004328 -0.036255 -0.995326
1642647903.370428 -0.070191 1.163151 0.540867 -0.089249 0.005564 -0.036468 -0.995326
1642647903.378761 -0.071355 1.163353 0.539694 -0.089305 0.006672 -0.036617 -0.995309
1642647903.387094 -0.072498 1.163560 0.538525 -0.089184 0.007918 -0.036818 -0.995303
1642647903.395427 -0.073653 1.163762 0.537360 -0.089343 0.008921 -0.036915 -0.995277
1642647903.403761 -0.074799 1.163980 0.536182 -0.089328 0.010199 -0.037168 -0.995256
1642647903.412094 -0.075941 1.164189 0.535018 -0.089380 0.011497 -0.037302 -0.995233
1642647903.420428 -0.077070 1.164398 0.533840 -0.089454 0.012674 -0.037376 -0.995209
1642647903.428761 -0.078199 1.164617 0.532654 -0.089459 0.014098 -0.037574 -0.995182
1642647903.437094 -0.079319 1.164834 0.531462 -0.089605 0.015418 -0.037627 -0.995147
1642647903.445428 -0.080441 1.165046 0.530251 -0.089577 0.016847 -0.037826 -0.995119
1642647903.453761 -0.081540 1.165242 0.529044 -0.089782 0.018081 -0.037881 -0.995077
1642647903.462094 -0.082645 1.165456 0.527830 -0.089867 0.019607 -0.038176 -0.995029
1642647903.470428 -0.083743 1.165662 0.526621 -0.089924 0.020796 -0.038243 -0.994997
1642647903.478761 -0.084824 1.165853 0.525412 -0.090000 0.022282 -0.038419 -0.994951
1642647903.487094 -0.085910 1.166034 0.524180 -0.090093 0.023526 -0.038500 -0.994911
1642647903.495428 -0.086994 1.166200 0.522971 -0.090292 0.024491 -0.038659 -0.994863
1642647903.503761 -0.088046 1.166379 0.521744 -0.090464 0.025631 -0.038723 -0.994816
1642647903.512094 -0.089089 1.166541 0.520515 -0.090556 0.026748 -0.038773 -0.994777
1642647903.520427 -0.090145 1.166724 0.519277 -0.090671 0.028000 -0.038901 -0.994727
1642647903.528761 -0.091196 1.166908 0.518037 -0.090701 0.029207 -0.039005 -0.994685
1642647903.537094 -0.092223 1.167082 0.516794 -0.090754 0.030470 -0.039085 -0.994639
1642647903.545428 -0.093263 1.167257 0.515532 -0.090696 0.031884 -0.039185 -0.994597
1642647903.553761 -0.094299 1.167436 0.514261 -0.090672 0.033337 -0.039306 -0.994546
1642647903.562094 -0.095355 1.167661 0.513027 -0.090659 0.035072 -0.039513 -0.994480
1642647903.570428 -0.096336 1.167754 0.511671 -0.090558 0.036759 -0.039483 -0.994429
1642647903.578761 -0.097354 1.167907 0.510354 -0.090425 0.038758 -0.039582 -0.994361
1642647903.587094 -0.098364 1.168092 0.509063 -0.090470 0.041039 -0.039917 -0.994252
1642647903.595428 -0.099329 1.168159 0.507659 -0.090275 0.042971 -0.039812 -0.994193
1642647903.603761 -0.100303 1.168284 0.506306 -0.090091 0.045087 -0.039848 -0.994114
1642647903.612094 -0.101251 1.168392 0.504916 -0.089930 0.047250 -0.040025 -0.994021
1642647903.620428 -0.102206 1.168574 0.503578 -0.089858 0.049163 -0.040136 -0.993930
1642647903.628761 -0.103083 1.168623 0.502171 -0.089538 0.051078 -0.040239 -0.993859
1642647903.637094 -0.103979 1.168703 0.500801 -0.089298 0.052756 -0.040378 -0.993787
1642647903.645427 -0.104846 1.168780 0.499436 -0.089177 0.054245 -0.040491 -0.993713
1642647903.653761 -0.105720 1.168899 0.498122 -0.089092 0.055815 -0.040686 -0.993626
1642647903.662094 -0.106537 1.168965 0.496780 -0.089009 0.057114 -0.040684 -0.993559
1642647903.670428 -0.107330 1.168977 0.495397 -0.088902 0.058454 -0.040744 -0.993489
1642647903.678761 -0.108127 1.169036 0.494069 -0.088873 0.059883 -0.040820 -0.993403
1642647903.687094 -0.108966 1.169095 0.492771 -0.088701 0.061188 -0.040257 -0.993362
1642647903.695428 -0.109763 1.169236 0.491506 -0.088806 0.062626 -0.040304 -0.993261
1642647903.703761 -0.110517 1.169302 0.490218 -0.088871 0.063870 -0.040312 -0.993176
1642647903.712094 -0.111227 1.169309 0.488884 -0.088942 0.065171 -0.040412 -0.993081
1642647903.720428 -0.111945 1.169381 0.487631 -0.089121 0.066393 -0.040422 -0.992983
1642647903.728761 -0.112688 1.169505 0.486431 -0.089328 0.067378 -0.040454 -0.992897
1642647903.737094 -0.113383 1.169569 0.485221 -0.089621 0.068567 -0.040498 -0.992787
1642647903.745428 -0.114077 1.169645 0.484013 -0.089752 0.069700 -0.040571 -0.992694
1642647903.753761 -0.114751 1.169719 0.482834 -0.089934 0.070972 -0.040739 -0.992580
1642647903.762094 -0.115419 1.169807 0.481667 -0.090235 0.071995 -0.040817 -0.992476
1642647903.770427 -0.116074 1.169903 0.480520 -0.090461 0.072787 -0.040728 -0.992401
1642647903.778761 -0.116691 1.169934 0.479326 -0.090684 0.073567 -0.040632 -0.992327
1642647903.787094 -0.117353 1.170104 0.478246 -0.090911 0.074640 -0.040863 -0.992217
1642647903.795428 -0.117992 1.170221 0.477133 -0.091135 0.075399 -0.041010 -0.992133
1642647903.803761 -0.118569 1.170298 0.475992 -0.091207 0.076480 -0.041131 -0.992038
1642647903.812094 -0.119210 1.170508 0.474938 -0.091422 0.077256 -0.041297 -0.991952
1642647903.820428 -0.119809 1.170658 0.473839 -0.091657 0.078043 -0.041434 -0.991863
1642647903.828761 -0.120357 1.170856 0.472740 -0.091835 0.078654 -0.041239 -0.991806
1642647903.837094 -0.120974 1.170981 0.471680 -0.092036 0.079622 -0.041524 -0.991698
1642647903.845428 -0.121542 1.171153 0.470587 -0.092055 0.080773 -0.041718 -0.991595
1642647903.853761 -0.122088 1.171325 0.469491 -0.092270 0.081568 -0.041629 -0.991514
1642647903.862094 -0.122627 1.171504 0.468394 -0.092287 0.082584 -0.041658 -0.991427
1642647903.870428 -0.123157 1.171686 0.467299 -0.092316 0.083473 -0.041582 -0.991353
1642647903.878761 -0.123666 1.171870 0.466211 -0.092347 0.084513 -0.041566 -0.991263
1642647903.887094 -0.124163 1.172071 0.465123 -0.092222 0.085556 -0.041669 -0.991181
1642647903.895427 -0.124669 1.172265 0.464054 -0.092293 0.086644 -0.041718 -0.991077
1642647903.903761 -0.125145 1.172468 0.462968 -0.092224 0.087435 -0.041736 -0.991014
1642647903.912094 -0.125603 1.172670 0.461874 -0.092119 0.088348 -0.041733 -0.990943
1642647903.920428 -0.126048 1.172875 0.460788 -0.091944 0.089461 -0.041782 -0.990857
1642647903.928761 -0.126474 1.173078 0.459680 -0.091938 0.090535 -0.041762 -0.990761
1642647903.937094 -0.126888 1.173268 0.458582 -0.091853 0.091474 -0.041677 -0.990686
1642647903.945428 -0.127289 1.173447 0.457476 -0.091794 0.092613 -0.041634 -0.990587
1642647903.953761 -0.127671 1.173627 0.456381 -0.091675 0.093662 -0.041535 -0.990504
1642647903.962094 -0.128039 1.173798 0.455295 -0.091571 0.094788 -0.041538 -0.990406
1642647903.970428 -0.128384 1.173965 0.454226 -0.091518 0.095823 -0.041590 -0.990309
1642647903.978761 -0.128721 1.174138 0.453170 -0.091301 0.096858 -0.041635 -0.990227
1642647903.987094 -0.129039 1.174317 0.452119 -0.091236 0.097617 -0.041697 -0.990156
1642647903.995428 -0.129346 1.174477 0.451084 -0.091203 0.098374 -0.041837 -0.990078
1642647904.003761 -0.129631 1.174622 0.450056 -0.091112 0.099277 -0.042047 -0.989987
1642647904.012094 -0.129898 1.174778 0.449039 -0.091102 0.099761 -0.042053 -0.989939
1642647904.020427 -0.130163 1.174897 0.448027 -0.091075 0.100543 -0.042175 -0.989857
1642647904.028761 -0.130406 1.175008 0.447026 -0.091184 0.101042 -0.042227 -0.989794
1642647904.037094 -0.130634 1.175118 0.446050 -0.091275 0.101723 -0.042427 -0.989708
1642647904.045428 -0.130847 1.175226 0.445074 -0.091413 0.102404 -0.042559 -0.989619
1642647904.053761 -0.131059 1.175340 0.444114 -0.091528 0.102843 -0.042640 -0.989559
1642647904.062094 -0.131253 1.175455 0.443181 -0.091614 0.103467 -0.042887 -0.989476
1642647904.070428 -0.131440 1.175568 0.442258 -0.091714 0.104002 -0.043083 -0.989402
1642647904.078761 -0.131613 1.175677 0.441338 -0.091774 0.104539 -0.043265 -0.989332
1642647904.087094 -0.131779 1.175764 0.440428 -0.091841 0.105113 -0.043509 -0.989254
1642647904.095428 -0.131945 1.175862 0.439516 -0.091879 0.105622 -0.043654 -0.989190
1642647904.103761 -0.132107 1.175958 0.438625 -0.092035 0.106003 -0.043799 -0.989128
1642647904.112094 -0.132274 1.176060 0.437726 -0.092156 0.106623 -0.043971 -0.989043
1642647904.120428 -0.132423 1.176152 0.436832 -0.092224 0.107346 -0.044162 -0.988950
1642647904.128761 -0.132563 1.176254 0.435954 -0.092310 0.107899 -0.044287 -0.988876
1642647904.137094 -0.132691 1.176368 0.435080 -0.092309 0.108481 -0.044487 -0.988803
1642647904.145427 -0.132815 1.176479 0.434215 -0.092285 0.109170 -0.044718 -0.988719
1642647904.153761 -0.132928 1.176593 0.433363 -0.092227 0.109663 -0.044961 -0.988659
1642647904.162094 -0.133027 1.176717 0.432516 -0.092123 0.110039 -0.045102 -0.988621
1642647904.170428 -0.133127 1.176847 0.431666 -0.092012 0.110348 -0.045246 -0.988590
1642647904.178761 -0.133212 1.176966 0.430846 -0.091789 0.110697 -0.045476 -0.988561
1642647904.187094 -0.133294 1.177097 0.430036 -0.091657 0.110893 -0.045660 -0.988543
1642647904.195428 -0.133369 1.177229 0.429234 -0.091514 0.111197 -0.045848 -0.988513
1642647904.203761 -0.133440 1.177367 0.428450 -0.091414 0.111296 -0.045973 -0.988506
1642647904.212094 -0.133505 1.177509 0.427678 -0.091239 0.111655 -0.046189 -0.988471
1642647904.220428 -0.133561 1.177654 0.426929 -0.091058 0.111891 -0.046338 -0.988454
1642647904.228761 -0.133616 1.177828 0.426208 -0.090958 0.112136 -0.046403 -0.988433
1642647904.237094 -0.133658 1.178001 0.425503 -0.090768 0.112358 -0.046467 -0.988422
1642647904.245428 -0.133694 1.178183 0.424815 -0.090575 0.112540 -0.046505 -0.988417
1642647904.253761 -0.133709 1.178365 0.424146 -0.090384 0.112795 -0.046512 -0.988405
1642647904.262094 -0.133717 1.178556 0.423500 -0.090174 0.112985 -0.046497 -0.988403
1642647904.270427 -0.133721 1.178743 0.422882 -0.089972 0.113159 -0.046543 -0.988400
1642647904.278761 -0.133717 1.178924 0.422275 -0.089818 0.113353 -0.046537 -0.988392
