1642661138.836529970 0.079285981 1.373430332 1.204178702 0.101351212 -0.141266977 0.983669615 0.046536664
1642661138.844863892 0.079425069 1.373269245 1.204094946 0.101876911 -0.141339214 0.983593360 0.046780600
1642661138.853197098 0.079528167 1.373136623 1.203967572 0.103128900 -0.141580561 0.983396841 0.047434462
1642661138.861530066 0.079644386 1.373127815 1.204114804 0.102726936 -0.141649838 0.983455936 0.046871343
1642661138.869863987 0.079749302 1.373060682 1.204162341 0.103010152 -0.141851469 0.983399767 0.046818450
1642661138.878196955 0.079845770 1.373002444 1.204214362 0.103349503 -0.142066184 0.983336636 0.046745488
1642661138.886529922 0.079941869 1.372927552 1.204273289 0.103715337 -0.142281429 0.983265219 0.046782835
1642661138.894864082 0.080026230 1.372660613 1.204134458 0.105018522 -0.142548159 0.983056272 0.047449958
1642661138.903197050 0.080118448 1.372664279 1.204395445 0.104262770 -0.142693817 0.983149884 0.046733875
1642661138.911530018 0.080195793 1.372612205 1.204520272 0.104432198 -0.142883739 0.983105969 0.046699103
1642661138.919862986 0.080258705 1.372553121 1.204674584 0.104483080 -0.143113782 0.983068203 0.046675911
1642661138.928196907 0.080328090 1.372508272 1.204832317 0.104523351 -0.143320946 0.983036396 0.046619957
1642661138.936530113 0.080395214 1.372465921 1.205000543 0.104524049 -0.143462829 0.983016016 0.046611729
1642661138.944864035 0.080465193 1.372431810 1.205189732 0.104437736 -0.143689815 0.982994028 0.046569695
1642661138.953197002 0.080533403 1.372398852 1.205375270 0.104411089 -0.143877362 0.982967000 0.046620886
1642661138.961529970 0.080595116 1.372569593 1.205720982 0.104047998 -0.144129024 0.982976678 0.046450937
1642661138.969863892 0.080683953 1.372467536 1.205867513 0.103984014 -0.144236483 0.982960194 0.046609205
1642661138.978197098 0.080769699 1.372429599 1.206099568 0.103758833 -0.144420638 0.982954305 0.046664950
1642661138.986530066 0.080846246 1.372192928 1.206142394 0.104403405 -0.144632838 0.982821605 0.047359932
1642661138.994863987 0.080942695 1.372148214 1.206394606 0.104053124 -0.144847208 0.982823480 0.047436708
1642661139.003196955 0.081057801 1.372172732 1.206834313 0.102669249 -0.144950436 0.982985211 0.046781111
1642661139.011529922 0.081144760 1.372067789 1.206969225 0.103137725 -0.145209623 0.982865451 0.047458198
1642661139.019864082 0.081265862 1.372060929 1.207392603 0.101789428 -0.145319935 0.983016464 0.046900534
1642661139.028197050 0.081378688 1.371975883 1.207638873 0.101478801 -0.145447780 0.983020024 0.047102326
1642661139.036530018 0.081484499 1.371829593 1.207740272 0.102077227 -0.145643125 0.982889837 0.047915423
1642661139.044862986 0.081613507 1.371806811 1.208167213 0.100688468 -0.145740684 0.983044588 0.047379569
1642661139.053196907 0.081718112 1.371657744 1.208273109 0.101253979 -0.145967550 0.982914573 0.048166880
1642661139.061530113 0.081840401 1.371623619 1.208678251 0.099981883 -0.146036655 0.983058017 0.047684943
1642661139.069864035 0.081940936 1.371537119 1.208956842 0.099518529 -0.146204107 0.983077324 0.047743027
1642661139.078197002 0.082033132 1.371449874 1.209217131 0.099119181 -0.146376786 0.983089864 0.047786446
1642661139.086529970 0.082117197 1.371375846 1.209479619 0.098741863 -0.146556576 0.983099151 0.047825461
1642661139.094863892 0.082199637 1.371297383 1.209712928 0.098441018 -0.146690184 0.983105796 0.047899372
1642661139.103197098 0.082282026 1.371251821 1.209968057 0.098035069 -0.146839855 0.983127034 0.047837410
1642661139.111530066 0.082350487 1.371140571 1.210045760 0.098667264 -0.146993097 0.983006936 0.048530034
1642661139.119863987 0.082440199 1.371161178 1.210403035 0.097545710 -0.147031994 0.983141045 0.047959493
1642661139.128196955 0.082499378 1.371096111 1.210463467 0.098193748 -0.147224318 0.983018434 0.048556635
1642661139.136529922 0.082571703 1.371152926 1.210815868 0.097029163 -0.147256596 0.983161019 0.047908745
1642661139.144864082 0.082639083 1.371170401 1.211010807 0.096834562 -0.147332076 0.983171089 0.047863738
1642661139.153197050 0.082697303 1.371194492 1.211174881 0.096741961 -0.147432971 0.983164754 0.047870439
1642661139.161530018 0.082756205 1.371244529 1.211350674 0.096584054 -0.147538031 0.983168358 0.047791524
1642661139.169862986 0.082802570 1.371304466 1.211501536 0.096472200 -0.147623035 0.983172056 0.047678748
1642661139.178196907 0.082848695 1.371396518 1.211637689 0.096425300 -0.147657846 0.983177491 0.047553573
1642661139.186530113 0.082884901 1.371496359 1.211757159 0.096436815 -0.147702372 0.983175577 0.047431380
1642661139.194864035 0.082916332 1.371615437 1.211863397 0.096477757 -0.147731636 0.983172297 0.047324832
1642661139.203197002 0.082943650 1.371778353 1.211978065 0.096493881 -0.147668964 0.983191363 0.047090887
1642661139.211529970 0.082951790 1.371945308 1.212072874 0.096551413 -0.147663558 0.983195427 0.046904697
1642661139.219863892 0.082944342 1.372082917 1.212030787 0.097426985 -0.147667217 0.983088834 0.047315109
1642661139.228197098 0.082935619 1.372368677 1.212283220 0.096485671 -0.147519722 0.983244590 0.046459902
1642661139.236530066 0.082913049 1.372620335 1.212397526 0.096349162 -0.147417734 0.983286324 0.046182858
1642661139.244863987 0.082885575 1.372873164 1.212497719 0.096271263 -0.147303129 0.983317841 0.046039723
1642661139.253196955 0.082851726 1.373166102 1.212614029 0.096085280 -0.147217071 0.983359561 0.045811863
1642661139.261529922 0.082812093 1.373454200 1.212738138 0.095821233 -0.147082137 0.983412111 0.045670087
1642661139.269864082 0.082767203 1.373762436 1.212871185 0.095523350 -0.147001196 0.983460575 0.045510818
1642661139.278197050 0.082712033 1.374020017 1.212831435 0.096204144 -0.146986244 0.983368936 0.046101430
1642661139.286530018 0.082668346 1.374371985 1.213007871 0.095695641 -0.146832618 0.983453689 0.045840673
1642661139.294862986 0.082622640 1.374722107 1.213149621 0.095342603 -0.146749361 0.983507128 0.045696193
1642661139.303196907 0.082582736 1.375125534 1.213444681 0.094045855 -0.146561054 0.983694940 0.044938833
1642661139.311530113 0.082539996 1.375470808 1.213592621 0.093631646 -0.146416959 0.983761350 0.044819583
1642661139.319864035 0.082501530 1.375758143 1.213610623 0.094057532 -0.146383980 0.983703083 0.045311765
1642661139.328197002 0.082475353 1.376099342 1.213784141 0.093511337 -0.146234542 0.983786420 0.045115053
1642661139.336529970 0.082464646 1.376420371 1.213963472 0.092934315 -0.146097606 0.983868679 0.044956923
1642661139.344863892 0.082461850 1.376757376 1.214263726 0.091545323 -0.145842134 0.984066268 0.044306940
1642661139.353197098 0.082430854 1.377454333 1.214977044 0.088875265 -0.146746705 0.984264842 0.042300258
1642661139.361530066 0.082450377 1.377654086 1.214987463 0.089297132 -0.146658773 0.984213778 0.042900640
1642661139.369863987 0.082487964 1.377873303 1.215132551 0.088880290 -0.146523772 0.984268781 0.042965623
1642661139.378196955 0.082558957 1.378138869 1.215425163 0.087529329 -0.146328483 0.984441651 0.042440880
1642661139.386529922 0.082621506 1.378266342 1.215403312 0.088073646 -0.146298562 0.984365505 0.043177725
1642661139.394864082 0.082707835 1.378431332 1.215527931 0.087750858 -0.146230499 0.984397727 0.043330616
1642661139.403197050 0.082796210 1.378596707 1.215634630 0.087562036 -0.146125149 0.984424396 0.043461923
1642661139.411530018 0.082897039 1.378753110 1.215729037 0.087393845 -0.146038425 0.984448070 0.043555607
1642661139.419862986 0.083000721 1.378899872 1.215833587 0.087201979 -0.145897713 0.984481724 0.043650963
1642661139.428196907 0.083104566 1.379056407 1.215914214 0.087109222 -0.145767864 0.984508178 0.043673349
1642661139.436530113 0.083217936 1.379213867 1.215992128 0.087027110 -0.145642087 0.984531791 0.043724329
1642661139.444864035 0.083316232 1.379377983 1.216059463 0.086981293 -0.145475325 0.984561303 0.043706130
1642661139.453197002 0.083434747 1.379540352 1.216099096 0.087032195 -0.145210480 0.984594150 0.043745545
1642661139.461529970 0.083535720 1.379719874 1.216153172 0.087002786 -0.144965529 0.984634406 0.043710381
1642661139.469863892 0.083627313 1.379969037 1.216337942 0.086146703 -0.144532852 0.984805353 0.042981589
1642661139.478197098 0.083714151 1.380166945 1.216333158 0.086335144 -0.144139325 0.984847624 0.042956438
1642661139.486530066 0.083772855 1.380351738 1.216188321 0.087442846 -0.143863470 0.984770355 0.043409649
1642661139.494863987 0.083829584 1.380679077 1.216313452 0.086855575 -0.143425812 0.984922951 0.042566715
1642661139.503196955 0.083864301 1.380960375 1.216281348 0.087240772 -0.143051103 0.984951488 0.042379192
1642661139.511529922 0.083897920 1.381273820 1.216232380 0.087733278 -0.142649717 0.984974896 0.042170905
1642661139.519864082 0.083918982 1.381623368 1.216216704 0.088127256 -0.142342745 0.984996015 0.041892474
1642661139.528197050 0.083942000 1.381985903 1.216165924 0.088702076 -0.142065227 0.984992862 0.041695018
1642661139.536530018 0.083963525 1.382313022 1.215955912 0.090256030 -0.141873195 0.984859239 0.042167815
1642661139.544862986 0.083990294 1.382723102 1.215891897 0.090963180 -0.141625245 0.984836215 0.042019283
1642661139.553196907 0.084000052 1.382866111 1.215506711 0.093002402 -0.140700336 0.984735474 0.043011801
1642661139.561530113 0.084035980 1.383301801 1.215478687 0.093582589 -0.140519217 0.984712983 0.042860110
1642661139.569864035 0.084076012 1.383742342 1.215485725 0.093948209 -0.140360506 0.984708762 0.042676891
1642661139.578197002 0.084131018 1.384203998 1.215502858 0.094294672 -0.140149032 0.984713327 0.042502088
1642661139.586529970 0.084201044 1.384719992 1.215666917 0.093741902 -0.139905310 0.984829933 0.041820612
1642661139.594863892 0.084276780 1.385210741 1.215718877 0.093932298 -0.139714889 0.984844053 0.041697304
1642661139.603197098 0.084367848 1.385677004 1.215778167 0.094100235 -0.139563546 0.984849174 0.041704512
1642661139.611530066 0.084468420 1.386164513 1.215866971 0.094125553 -0.139412816 0.984870981 0.041636500
1642661139.619863987 0.084578446 1.386594467 1.215834693 0.094998627 -0.139343087 0.984769605 0.042279913
1642661139.628196955 0.084704397 1.387094976 1.215960333 0.094933489 -0.139091438 0.984810437 0.042303755
1642661139.636529922 0.084854106 1.387599771 1.216114811 0.094788742 -0.138857191 0.984854464 0.042372868
1642661139.644864082 0.085007875 1.388151649 1.216317392 0.094529833 -0.138702686 0.984902975 0.042329719
1642661139.653197050 0.085193339 1.388681899 1.216541621 0.094161813 -0.138485839 0.984965859 0.042396729
1642661139.661530018 0.085387274 1.389304421 1.216942056 0.092848047 -0.138261643 0.985148794 0.041770951
1642661139.669862986 0.085594840 1.389847758 1.217183369 0.092516036 -0.138034566 0.985205995 0.041909285
1642661139.678196907 0.085827733 1.390314348 1.217296435 0.093054825 -0.137883541 0.985141392 0.042724318
1642661139.686530113 0.086066493 1.390847581 1.217577565 0.092626580 -0.137543186 0.985219476 0.042950821
1642661139.694864035 0.086325394 1.391371406 1.217864376 0.092247104 -0.137302057 0.985276328 0.043233957
1642661139.703197002 0.086588147 1.391853038 1.218167425 0.091813852 -0.137082788 0.985329725 0.043633224
1642661139.711529970 0.086874570 1.392336207 1.218497024 0.091345569 -0.136895174 0.985382075 0.044021186
1642661139.719863892 0.087169934 1.392802494 1.218823032 0.090884828 -0.136647038 0.985438661 0.044476738
1642661139.728197098 0.087470613 1.393281923 1.219201965 0.090273503 -0.136454888 0.985507000 0.044796336
1642661139.736530066 0.087774576 1.393748034 1.219552404 0.089892447 -0.136296411 0.985541414 0.045285293
1642661139.744863987 0.088072233 1.394207536 1.219954266 0.089291591 -0.136140406 0.985599486 0.045677722
1642661139.753196955 0.088379924 1.394647250 1.220354986 0.088746084 -0.136018868 0.985644383 0.046131869
1642661139.761529922 0.088679660 1.395157313 1.220947953 0.087129175 -0.135842763 0.985829444 0.045777271
1642661139.769864082 0.088983500 1.395581470 1.221399126 0.086442725 -0.135755949 0.985883326 0.046174071
1642661139.778197050 0.089277584 1.395949914 1.221717248 0.086671586 -0.135721131 0.985820033 0.047187634
1642661139.786530018 0.089574887 1.396352443 1.222177585 0.085985052 -0.135694082 0.985862644 0.047629133
1642661139.794862986 0.089875078 1.396754328 1.222669743 0.085215775 -0.135649396 0.985915726 0.048038456
1642661139.803196907 0.090172539 1.397237971 1.223331072 0.083429406 -0.135501408 0.986105006 0.047705548
1642661139.811530113 0.090468471 1.397599330 1.223718208 0.083428241 -0.135593494 0.986045709 0.048662035
1642661139.819864035 0.090759363 1.398028170 1.224214687 0.082713325 -0.135551783 0.986093717 0.049024498
1642661139.828197002 0.091043750 1.398463513 1.224700383 0.082054944 -0.135485350 0.986138277 0.049416640
1642661139.836529970 0.091320086 1.398944840 1.225218529 0.081277791 -0.135458110 0.986200783 0.049528148
1642661139.844863892 0.091571709 1.399447992 1.225753855 0.080434825 -0.135432614 0.986271452 0.049566818
1642661139.853197098 0.091823184 1.400019709 1.226389082 0.078894170 -0.135183817 0.986455153 0.049064012
1642661139.861530066 0.092062527 1.400553804 1.226882752 0.078241228 -0.135149435 0.986509424 0.049113097
1642661139.869863987 0.092295808 1.401036527 1.227222340 0.078535874 -0.135163437 0.986446554 0.049861388
1642661139.878196955 0.092512724 1.401622824 1.227700872 0.077955117 -0.135115522 0.986499475 0.049855607
1642661139.886529922 0.092750075 1.402214398 1.228175964 0.077376716 -0.135031224 0.986558297 0.049821074
1642661139.894864082 0.092983579 1.402870086 1.228787795 0.075899101 -0.134880958 0.986725014 0.049195527
1642661139.903197050 0.093215394 1.403477898 1.229214811 0.075479933 -0.134767381 0.986768895 0.049271492
1642661139.911530018 0.093457811 1.404029403 1.229495417 0.075989554 -0.134826551 0.986683440 0.050031775
1642661139.919862986 0.093697887 1.404677676 1.229926033 0.075564154 -0.134729704 0.986731267 0.049993715
1642661139.928196907 0.093932943 1.405364573 1.230347872 0.075131276 -0.134608227 0.986789178 0.049830050
1642661139.936530113 0.094176211 1.406036128 1.230719507 0.074927023 -0.134452532 0.986822510 0.049897812
1642661139.944864035 0.094417238 1.406750220 1.231081400 0.074732010 -0.134280671 0.986861630 0.049879369
1642661139.953197002 0.094648615 1.407495694 1.231468326 0.074363986 -0.134157579 0.986914685 0.049710614
1642661139.961529970 0.094887727 1.408273229 1.231853822 0.074006003 -0.133908887 0.986987829 0.049462575
1642661139.969863892 0.095124108 1.409049561 1.232224965 0.073705342 -0.133727283 0.987041422 0.049333226
1642661139.978197098 0.095364945 1.409830252 1.232572772 0.073462581 -0.133429685 0.987105983 0.049209212
1642661139.986530066 0.095596925 1.410605694 1.232923449 0.073207619 -0.133169253 0.987162208 0.049166747
1642661139.994863987 0.095838673 1.411386312 1.233288729 0.072867931 -0.132882866 0.987232760 0.049029447
1642661140.003196955 0.096080490 1.412166096 1.233679291 0.072407066 -0.132695265 0.987298310 0.048900210
1642661140.011529922 0.096318915 1.412943060 1.234059969 0.072012043 -0.132470760 0.987360162 0.048843359
1642661140.019864082 0.096555875 1.413730747 1.234414061 0.071648829 -0.132105377 0.987437094 0.048811891
1642661140.028197050 0.096800966 1.414530962 1.234789944 0.071205399 -0.131879118 0.987504700 0.048704786
1642661140.036530018 0.097032703 1.415349879 1.235159922 0.070830747 -0.131605705 0.987573086 0.048603950
1642661140.044862986 0.097262397 1.416200068 1.235541467 0.070423914 -0.131324669 0.987649812 0.048395786
1642661140.053196907 0.097504230 1.417069630 1.235909986 0.070088742 -0.131004059 0.987724726 0.048222094
1642661140.061530113 0.097729599 1.417926555 1.236257967 0.069798729 -0.130686388 0.987795375 0.048057294
1642661140.069864035 0.097963829 1.418812130 1.236604782 0.069615799 -0.130297865 0.987867954 0.047885407
1642661140.078197002 0.098192151 1.419736427 1.236980162 0.069368642 -0.130001473 0.987939658 0.047569324
1642661140.086529970 0.098422530 1.420643417 1.237366587 0.069108954 -0.129694713 0.988009626 0.047330877
1642661140.094863892 0.098643998 1.421559381 1.237735699 0.068935656 -0.129410148 0.988072649 0.047046031
1642661140.103197098 0.098868933 1.422486315 1.238108302 0.068825774 -0.129108506 0.988130736 0.046815106
1642661140.111530066 0.099095833 1.423425268 1.238518174 0.068595687 -0.128820579 0.988200364 0.046475059
1642661140.119863987 0.099289551 1.424514561 1.239295605 0.066247380 -0.128317788 0.988521392 0.044399184
1642661140.128196955 0.099505714 1.425432899 1.239699096 0.066107261 -0.128118382 0.988567387 0.044159157
1642661140.136529922 0.099755891 1.426455381 1.240205716 0.065468889 -0.128111852 0.988640275 0.043492349
1642661140.144864082 0.099967026 1.427318408 1.240460702 0.066240446 -0.127995216 0.988584879 0.043924527
1642661140.153197050 0.100158832 1.428338452 1.241035684 0.065222812 -0.127689678 0.988740629 0.042817039
1642661140.161530018 0.100352670 1.429295512 1.241436288 0.065218705 -0.127429176 0.988791173 0.042430446
1642661140.169862986 0.100525061 1.430254980 1.241855838 0.065174089 -0.127220176 0.988839781 0.041991111
1642661140.178196907 0.100705522 1.431146931 1.242097347 0.066134181 -0.127076206 0.988780992 0.042309067
1642661140.186530113 0.100863435 1.432171599 1.242645375 0.065386172 -0.126761998 0.988918339 0.041189350
1642661140.194864035 0.101027451 1.433130720 1.243056299 0.065440588 -0.126568422 0.988958376 0.040734445
1642661140.203197002 0.101205513 1.434012862 1.243290088 0.066508224 -0.126492309 0.988882988 0.041070518
1642661140.211529970 0.101382528 1.434993075 1.243814419 0.065907004 -0.126154378 0.989006032 0.040104972
1642661140.219863892 0.101561460 1.435927920 1.244238078 0.065916810 -0.126005708 0.989043535 0.039628555
1642661140.228197098 0.101741395 1.436840297 1.244643987 0.066040643 -0.125856586 0.989067410 0.039299007
1642661140.236530066 0.101939413 1.437728337 1.245043770 0.066252700 -0.125746590 0.989075913 0.039079566
1642661140.244863987 0.102128638 1.438631358 1.245481504 0.066286423 -0.125614294 0.989104733 0.038716743
1642661140.253196955 0.102331626 1.439513937 1.245921128 0.066315268 -0.125578417 0.989117953 0.038445043
1642661140.261529922 0.102533813 1.440418386 1.246366372 0.066378216 -0.125429605 0.989147139 0.038069453
1642661140.269864082 0.102764213 1.441226132 1.246662291 0.067315154 -0.125415354 0.989067198 0.038545255
1642661140.278197050 0.102983432 1.442151299 1.247285572 0.066399860 -0.125221466 0.989192193 0.037542628
1642661140.286530018 0.103236212 1.442983698 1.247763759 0.066361327 -0.125154674 0.989210329 0.037355139
1642661140.294862986 0.103522241 1.443782268 1.248237658 0.066393742 -0.125074095 0.989222591 0.037242553
1642661140.303196907 0.103848553 1.444494490 1.248587914 0.067187771 -0.125102732 0.989141057 0.037882426
1642661140.311530113 0.104194245 1.445269086 1.249239321 0.066278344 -0.125072402 0.989228154 0.037305952
1642661140.319864035 0.104567977 1.445957043 1.249746177 0.066150015 -0.124987137 0.989243319 0.037417207
1642661140.328197002 0.104960846 1.446636008 1.250288030 0.065987177 -0.124963261 0.989250190 0.037602370
1642661140.336529970 0.105365086 1.447293069 1.250820162 0.065794096 -0.124964007 0.989254534 0.037823285
1642661140.344863892 0.105755208 1.447952755 1.251415242 0.065337719 -0.124963587 0.989278545 0.037987430
1642661140.353197098 0.106150412 1.448611558 1.251998662 0.064951420 -0.124911901 0.989303393 0.038172339
1642661140.361530066 0.106544147 1.449224223 1.252542068 0.064704006 -0.124846348 0.989312781 0.038561660
1642661140.369863987 0.106912506 1.449890511 1.253157656 0.064095750 -0.124775272 0.989358340 0.038638592
1642661140.378196955 0.107289704 1.450508898 1.253748617 0.063610535 -0.124655599 0.989392567 0.038949071
1642661140.386529922 0.107652474 1.451149064 1.254367714 0.062969490 -0.124628988 0.989429764 0.039130575
1642661140.394864082 0.108030321 1.451738349 1.254932457 0.062468699 -0.124479901 0.989465648 0.039498700
1642661140.403197050 0.108404056 1.452391733 1.255559434 0.061719684 -0.124367659 0.989524339 0.039559428
1642661140.411530018 0.108790349 1.452931656 1.255982144 0.062035171 -0.124365290 0.989463729 0.040576370
1642661140.419862986 0.109154041 1.453571672 1.256652442 0.060860181 -0.124101951 0.989581002 0.040301176
1642661140.428196907 0.109515750 1.454213456 1.257251396 0.060121113 -0.123996779 0.989636282 0.040376731
1642661140.436530113 0.109873940 1.454835126 1.257780822 0.059705911 -0.123775894 0.989680766 0.040579729
1642661140.444864035 0.110212349 1.455463877 1.258304336 0.059287289 -0.123608217 0.989722257 0.040692495
1642661140.453197002 0.110527567 1.456082898 1.258814721 0.058880775 -0.123399548 0.989766315 0.040844181
1642661140.461529970 0.110824723 1.456736542 1.259332496 0.058435688 -0.123252502 0.989814654 0.040755890
1642661140.469863892 0.111102503 1.457388245 1.259815941 0.058056754 -0.123088114 0.989861511 0.040656111
1642661140.478197098 0.111367477 1.458038342 1.260273046 0.057814849 -0.122866620 0.989904337 0.040628076
1642661140.486530066 0.111618400 1.458671874 1.260685603 0.057636667 -0.122645612 0.989945301 0.040550832
1642661140.494863987 0.111856162 1.459310193 1.261110282 0.057419963 -0.122465786 0.989986816 0.040387908
1642661140.503196955 0.112083839 1.459952790 1.261510908 0.057274980 -0.122330863 0.990018745 0.040219667
1642661140.511529922 0.112304933 1.460592378 1.261834900 0.057388120 -0.122098936 0.990048018 0.040042179
1642661140.519864082 0.112518730 1.461233823 1.262148166 0.057509475 -0.121931869 0.990067525 0.039894555
1642661140.528197050 0.112726408 1.461906820 1.262464830 0.057571213 -0.121779159 0.990095474 0.039577062
1642661140.536530018 0.112907463 1.462568196 1.262732650 0.057769888 -0.121596454 0.990115891 0.039337835
1642661140.544862986 0.113082402 1.463240038 1.262967070 0.058077364 -0.121361208 0.990139390 0.039018783
1642661140.553196907 0.113235620 1.463936220 1.263213467 0.058287419 -0.121217808 0.990161804 0.038580058
1642661140.561530113 0.113375241 1.464621873 1.263390035 0.058720677 -0.120964265 0.990179310 0.038268311
1642661140.569864035 0.113497354 1.465324773 1.263579145 0.059028760 -0.120802102 0.990198091 0.037817958
1642661140.578197002 0.113620407 1.466022751 1.263724134 0.059534486 -0.120600433 0.990206780 0.037439470
1642661140.586529970 0.113747657 1.466660955 1.263731781 0.060759282 -0.120506573 0.990133797 0.037703313
1642661140.594863892 0.113879635 1.467348127 1.263824596 0.061421729 -0.120270144 0.990135392 0.037341259
1642661140.603197098 0.114006446 1.468086392 1.264081914 0.061046709 -0.119987680 0.990233378 0.036250691
1642661140.611530066 0.114145622 1.468743146 1.264157751 0.061669468 -0.119793624 0.990228049 0.035982986
1642661140.619863987 0.114295584 1.469438539 1.264243719 0.062178123 -0.119598278 0.990235819 0.035540898
1642661140.628196955 0.114440117 1.470104354 1.264305589 0.062762777 -0.119369917 0.990237420 0.035235038
1642661140.636529922 0.114580755 1.470781951 1.264365119 0.063351105 -0.119083652 0.990246447 0.034895508
1642661140.644864082 0.114719951 1.471482308 1.264455200 0.063778963 -0.118892495 0.990256276 0.034486600
1642661140.653197050 0.114865226 1.472132024 1.264500375 0.064356531 -0.118652000 0.990254570 0.034290316
1642661140.661530018 0.115013802 1.472806475 1.264584342 0.064731447 -0.118486230 0.990260506 0.033985042
1642661140.669862986 0.115163778 1.473460630 1.264659795 0.065156641 -0.118282191 0.990262744 0.033817636
1642661140.678196907 0.115316626 1.474069852 1.264623564 0.066212350 -0.118195668 0.990188040 0.034254256
1642661140.686530113 0.115470920 1.474781928 1.264850834 0.065727281 -0.117837395 0.990290171 0.033461180
1642661140.694864035 0.115638041 1.475433723 1.264964372 0.065863026 -0.117609428 0.990311543 0.033363621
1642661140.703197002 0.115788846 1.476093559 1.265093503 0.065930886 -0.117399332 0.990336141 0.033239174
1642661140.711529970 0.115934690 1.476742481 1.265211127 0.066042317 -0.117160586 0.990358688 0.033188532
1642661140.719863892 0.116059374 1.477435106 1.265364797 0.065960927 -0.116928966 0.990397888 0.032996924
1642661140.728197098 0.116159547 1.478102834 1.265528615 0.065803407 -0.116682840 0.990440203 0.032912461
1642661140.736530066 0.116244451 1.478795068 1.265718009 0.065535834 -0.116402883 0.990496728 0.032736151
1642661140.744863987 0.116309312 1.479475916 1.265907784 0.065209328 -0.116168953 0.990550661 0.032586897
1642661140.753196955 0.116364178 1.480168425 1.266127163 0.064759376 -0.115907259 0.990616525 0.032413438
1642661140.761529922 0.116405482 1.480858349 1.266357846 0.064175606 -0.115672095 0.990687632 0.032240862
1642661140.769864082 0.116411147 1.481435374 1.266483888 0.064123900 -0.115295011 0.990726595 0.032496165
1642661140.778197050 0.116432722 1.482101456 1.266701718 0.063540833 -0.115048539 0.990797880 0.032341257
1642661140.786530018 0.116463010 1.482776361 1.266917033 0.062962383 -0.114846529 0.990862202 0.032219706
1642661140.794862986 0.116470333 1.483492711 1.267146311 0.062285065 -0.114569606 0.990946180 0.031938142
1642661140.803196907 0.116469675 1.484204553 1.267372825 0.061636735 -0.114310907 0.991025857 0.031649321
1642661140.811530113 0.116461977 1.484905619 1.267554992 0.061178313 -0.114070346 0.991088714 0.031437733
1642661140.819864035 0.116436942 1.485640105 1.267731354 0.060731098 -0.113788319 0.991158584 0.031122545
1642661140.828197002 0.116419622 1.486395039 1.267913515 0.060257935 -0.113552540 0.991226915 0.030724649
1642661140.836529970 0.116401275 1.487135672 1.268070368 0.059893467 -0.113259443 0.991293776 0.030359868
1642661140.844863892 0.116384127 1.487869859 1.268186607 0.059694077 -0.113002371 0.991344792 0.030043051
1642661140.853197098 0.116380227 1.488607991 1.268318840 0.059440758 -0.112787410 0.991395375 0.029681758
1642661140.861530066 0.116396022 1.489347590 1.268405351 0.059360033 -0.112481737 0.991443677 0.029388437
1642661140.869863987 0.116406262 1.490090276 1.268478040 0.059308339 -0.112202220 0.991488247 0.029055797
1642661140.878196955 0.116430052 1.490836498 1.268545026 0.059315395 -0.111961178 0.991526250 0.028671852
1642661140.886529922 0.116445140 1.491606883 1.268591981 0.059398898 -0.111699004 0.991561393 0.028303853
1642661140.894864082 0.116470779 1.492387312 1.268625091 0.059537975 -0.111414658 0.991596758 0.027890369
1642661140.903197050 0.116504932 1.493149563 1.268640342 0.059704914 -0.111146879 0.991626916 0.027527316
1642661140.911530018 0.116534529 1.493929414 1.268647751 0.059910110 -0.110855404 0.991658256 0.027124926
1642661140.919862986 0.116583633 1.494711129 1.268646375 0.060139925 -0.110562309 0.991686575 0.026775046
1642661140.928196907 0.116644404 1.495485917 1.268642456 0.060333112 -0.110302988 0.991712919 0.026432048
1642661140.936530113 0.116724179 1.496229528 1.268635818 0.060497202 -0.110012821 0.991741591 0.026189402
1642661140.944864035 0.116821082 1.496975101 1.268597195 0.060860902 -0.109697546 0.991758839 0.026015444
1642661140.953197002 0.116931598 1.497718066 1.268582209 0.061077305 -0.109457080 0.991777266 0.025817911
1642661140.961529970 0.117052986 1.498436098 1.268568200 0.061300976 -0.109206438 0.991792220 0.025774729
1642661140.969863892 0.117173894 1.499169437 1.268571596 0.061458193 -0.108950198 0.991814540 0.025625438
1642661140.978197098 0.117301295 1.499920364 1.268596474 0.061479249 -0.108683108 0.991847218 0.025443677
1642661140.986530066 0.117426945 1.500668218 1.268641786 0.061398733 -0.108493597 0.991877180 0.025278366
1642661140.994863987 0.117558900 1.501393833 1.268668635 0.061426784 -0.108273894 0.991900585 0.025233770
1642661141.003196955 0.117700041 1.502133326 1.268714010 0.061368375 -0.108052478 0.991930240 0.025159167
1642661141.011529922 0.117853113 1.502846900 1.268778988 0.061190480 -0.107890454 0.991958405 0.025177338
1642661141.019864082 0.118009876 1.503536159 1.268848610 0.060982808 -0.107762074 0.991982628 0.025276420
1642661141.028197050 0.118191035 1.504207234 1.268929980 0.060721953 -0.107593844 0.992013212 0.025420410
1642661141.036530018 0.118390265 1.504856438 1.269015302 0.060428814 -0.107436185 0.992042955 0.025624226
1642661141.044862986 0.118593986 1.505415253 1.268967355 0.060950109 -0.107440434 0.991983757 0.026643256
1642661141.053196907 0.118783626 1.506108433 1.269208564 0.059799510 -0.107214813 0.992089676 0.026212179
1642661141.061530113 0.118987483 1.506746893 1.269325445 0.059416387 -0.107088616 0.992121032 0.026411725
1642661141.069864035 0.119180725 1.507385783 1.269456320 0.058971403 -0.106960212 0.992156908 0.026581132
1642661141.078197002 0.119363723 1.508025363 1.269598205 0.058513542 -0.106859259 0.992191465 0.026708818
1642661141.086529970 0.119546989 1.508684139 1.269758933 0.057973451 -0.106775297 0.992231586 0.026731888
1642661141.094863892 0.119742733 1.509311559 1.269877848 0.057673779 -0.106596218 0.992263921 0.026894111
1642661141.103197098 0.119948813 1.509924345 1.270004915 0.057335503 -0.106527910 0.992287803 0.027006685
1642661141.111530066 0.120154401 1.510517035 1.270138811 0.057034542 -0.106409262 0.992313586 0.027163895
1642661141.119863987 0.120368037 1.511102795 1.270295810 0.056654804 -0.106322169 0.992341320 0.027286165
1642661141.128196955 0.120595960 1.511679155 1.270439488 0.056381587 -0.106236257 0.992361750 0.027443260
1642661141.136529922 0.120818468 1.512242798 1.270594446 0.056071974 -0.106179841 0.992381999 0.027563449
1642661141.144864082 0.121031169 1.512799404 1.270759893 0.055786557 -0.106190348 0.992393820 0.027676292
1642661141.153197050 0.121251317 1.513324043 1.270930000 0.055500460 -0.106231520 0.992400605 0.027849623
1642661141.161530018 0.121469815 1.513857485 1.271100420 0.055188886 -0.106182946 0.992419652 0.027975039
1642661141.169862986 0.121688483 1.514403878 1.271277001 0.054906046 -0.106221423 0.992429193 0.028046957
1642661141.178196907 0.121908544 1.514940248 1.271434409 0.054693045 -0.106224945 0.992438031 0.028136907
1642661141.186530113 0.122133436 1.515446127 1.271596877 0.054442212 -0.106277234 0.992442055 0.028283605
1642661141.194864035 0.122358484 1.515993545 1.271751844 0.054263390 -0.106305313 0.992449241 0.028269579
1642661141.203197002 0.122585631 1.516515346 1.271886640 0.054169770 -0.106338682 0.992448994 0.028332218
1642661141.211529970 0.122810640 1.517065654 1.272042244 0.054016791 -0.106335910 0.992459667 0.028260764
1642661141.219863892 0.123025022 1.517605031 1.272169387 0.053990385 -0.106375530 0.992457165 0.028249959
1642661141.228197098 0.123231435 1.518158097 1.272297999 0.053959599 -0.106451196 0.992453322 0.028158641
1642661141.236530066 0.123443192 1.518765531 1.272475389 0.053597451 -0.106546498 0.992469637 0.027913752
1642661141.244863987 0.123649899 1.519337912 1.272586111 0.053701125 -0.106557596 0.992466164 0.027795357
1642661141.253196955 0.123849638 1.519924638 1.272696473 0.053796850 -0.106589299 0.992463019 0.027600288
1642661141.261529922 0.124068804 1.520439885 1.272671351 0.054715344 -0.106800183 0.992373399 0.028195534
1642661141.269864082 0.124284877 1.521011572 1.272788933 0.054834323 -0.106910246 0.992357067 0.028122021
1642661141.278197050 0.124488639 1.521646368 1.273047626 0.054124809 -0.106898379 0.992420108 0.027305126
1642661141.286530018 0.124716668 1.522202090 1.273176980 0.054172674 -0.106964499 0.992413464 0.027192530
1642661141.294862986 0.124967381 1.522669613 1.273171387 0.055008986 -0.107203361 0.992320838 0.027942899
1642661141.303196907 0.125206189 1.523262351 1.273417437 0.054414027 -0.107231180 0.992367307 0.027344405
1642661141.311530113 0.125451935 1.523824351 1.273564208 0.054455391 -0.107367422 0.992352559 0.027262547
1642661141.319864035 0.125705382 1.524382454 1.273695448 0.054641436 -0.107516714 0.992325527 0.027285858
1642661141.328197002 0.125954938 1.524962209 1.273865351 0.054696274 -0.107694741 0.992304800 0.027227655
1642661141.336529970 0.126197158 1.525537255 1.274035313 0.054774396 -0.107859276 0.992283837 0.027183262
1642661141.344863892 0.126441098 1.526121675 1.274228672 0.054809913 -0.108059270 0.992262103 0.027110640
1642661141.353197098 0.126691959 1.526731618 1.274440963 0.054747262 -0.108278581 0.992246593 0.026929260
1642661141.361530066 0.126959685 1.527243969 1.274500522 0.055612299 -0.108676501 0.992134856 0.027660772
1642661141.369863987 0.127215288 1.527883706 1.274845673 0.054857577 -0.108838763 0.992176785 0.027018464
1642661141.378196955 0.127489965 1.528474195 1.275083234 0.054726485 -0.109100529 0.992157107 0.026951083
1642661141.386529922 0.127764646 1.529089520 1.275315484 0.054600386 -0.109277215 0.992147526 0.026843535
1642661141.394864082 0.128035389 1.529669132 1.275501765 0.054884385 -0.109452869 0.992109835 0.026941594
1642661141.403197050 0.128300290 1.530272721 1.275760923 0.054711343 -0.109701204 0.992092841 0.026909277
1642661141.411530018 0.128556191 1.530894218 1.276011401 0.054623590 -0.109978508 0.992068157 0.026865662
1642661141.419862986 0.128806068 1.531532047 1.276281335 0.054441884 -0.110208939 0.992055501 0.026757329
1642661141.428196907 0.129034637 1.532161980 1.276542727 0.054309911 -0.110420199 0.992041075 0.026689312
1642661141.436530113 0.129261154 1.532785074 1.276826512 0.054115124 -0.110695115 0.992023086 0.026614690
1642661141.444864035 0.129485074 1.533391672 1.277114255 0.053865580 -0.110901042 0.992015325 0.026552843
1642661141.453197002 0.129707319 1.533980286 1.277405632 0.053599430 -0.111111655 0.992007171 0.026515533
1642661141.461529970 0.129950086 1.534544390 1.277707708 0.053335929 -0.111379012 0.991990796 0.026537808
1642661141.469863892 0.130198155 1.535058638 1.277993013 0.053111977 -0.111608968 0.991973344 0.026672862
1642661141.478197098 0.130452454 1.535574664 1.278302944 0.052845336 -0.111905380 0.991951807 0.026761314
1642661141.486530066 0.130715780 1.536076158 1.278634692 0.052505434 -0.112222258 0.991931454 0.026857677
1642661141.494863987 0.130975897 1.536586196 1.278990805 0.052062857 -0.112466256 0.991925059 0.026934689
1642661141.503196955 0.131236408 1.537100438 1.279347020 0.051634471 -0.112785685 0.991909998 0.026978248
1642661141.511529922 0.131495199 1.537602245 1.279712668 0.051190275 -0.113035405 0.991902655 0.027049516
1642661141.519864082 0.131759325 1.538076594 1.280075537 0.050803585 -0.113363020 0.991880464 0.027220710
1642661141.528197050 0.132010335 1.538561028 1.280463902 0.050306141 -0.113734891 0.991862240 0.027257370
1642661141.536530018 0.132268154 1.539027901 1.280855602 0.049817914 -0.114093000 0.991841574 0.027409030
1642661141.544862986 0.132524864 1.539475100 1.281255553 0.049271996 -0.114476121 0.991820541 0.027559064
1642661141.553196907 0.132787277 1.539909646 1.281657416 0.048755406 -0.114884091 0.991794345 0.027722421
1642661141.561530113 0.133054124 1.540313177 1.282068561 0.048181408 -0.115337561 0.991762201 0.027991725
1642661141.569864035 0.133331453 1.540704747 1.282513031 0.047503874 -0.115862110 0.991726786 0.028237140
1642661141.578197002 0.133607182 1.541099781 1.282947146 0.046879966 -0.116281098 0.991699530 0.028513468
1642661141.586529970 0.133881596 1.541484015 1.283395807 0.046189241 -0.116794144 0.991664855 0.028748867
1642661141.594863892 0.134164035 1.541884893 1.283855188 0.045491081 -0.117301113 0.991631194 0.028958348
1642661141.603197098 0.134445439 1.542291518 1.284339986 0.044693769 -0.117860965 0.991597420 0.029082931
1642661141.611530066 0.134728940 1.542667189 1.284801306 0.043988484 -0.118385787 0.991559428 0.029320987
1642661141.619863987 0.135008348 1.543051169 1.285292873 0.043220441 -0.118956334 0.991519991 0.029487133
1642661141.628196955 0.135290123 1.543323839 1.285777485 0.042455983 -0.120244896 0.991389670 0.029751921
1642661141.636529922 0.135574750 1.543701275 1.286274052 0.041762129 -0.120860353 0.991340242 0.029886859
1642661141.644864082 0.135858829 1.544072402 1.286754623 0.041172153 -0.121466459 0.991284664 0.030090979
1642661141.653197050 0.136143245 1.544469642 1.287254323 0.040540425 -0.122143885 0.991226137 0.030134552
1642661141.661530018 0.136436173 1.544873023 1.287724324 0.040069815 -0.122756749 0.991165034 0.030283092
1642661141.669862986 0.136726914 1.545297140 1.288195108 0.039639009 -0.123378138 0.991101867 0.030391991
1642661141.678196907 0.137034632 1.545756893 1.288668579 0.039240456 -0.124071739 0.991034051 0.030296873
1642661141.686530113 0.137362603 1.546241076 1.289131497 0.038933591 -0.124673046 0.990973027 0.030220305
1642661141.694864035 0.137692292 1.546715623 1.289567946 0.038771331 -0.125308517 0.990899292 0.030218417
1642661141.703197002 0.138016114 1.547208366 1.289997595 0.038610209 -0.126004565 0.990818565 0.030177356
1642661141.711529970 0.138351829 1.547710853 1.290428238 0.038442884 -0.126657625 0.990742982 0.030138593
1642661141.719863892 0.138688405 1.548217344 1.290828273 0.038446589 -0.127309836 0.990660118 0.030109733
1642661141.728197098 0.139035454 1.548733762 1.291200887 0.038599891 -0.127933760 0.990574264 0.030093677
1642661141.736530066 0.139373603 1.549231863 1.291581698 0.038669922 -0.128672351 0.990476556 0.030070837
1642661141.744863987 0.139716685 1.549750018 1.291934324 0.038861647 -0.129309639 0.990386254 0.030064233
1642661141.753196955 0.140054402 1.550309818 1.292293731 0.039027292 -0.129862890 0.990311280 0.029934395
1642661141.761529922 0.140391163 1.550865001 1.292646928 0.039193911 -0.130532940 0.990221851 0.029760273
1642661141.769864082 0.140701956 1.551420825 1.293013659 0.039286626 -0.131229697 0.990130514 0.029612370
1642661141.778197050 0.141004743 1.551983685 1.293366357 0.039449965 -0.131980375 0.990029321 0.029441887
1642661141.786530018 0.141300745 1.552554366 1.293713497 0.039620614 -0.132760154 0.989924522 0.029229928
1642661141.794862986 0.141588226 1.553155528 1.294096256 0.039653184 -0.133475127 0.989836615 0.028904859
1642661141.803196907 0.141872759 1.553747669 1.294452438 0.039814710 -0.134164431 0.989745921 0.028595571
1642661141.811530113 0.142152231 1.554305521 1.294800153 0.039978784 -0.134862725 0.989649670 0.028412554
1642661141.819864035 0.142418564 1.554834276 1.295167747 0.040046673 -0.135682684 0.989541505 0.028179496
1642661141.828197002 0.142665117 1.555417418 1.295585715 0.040006630 -0.135635293 0.989551581 0.028110604
1642661141.836529970 0.142904479 1.555922535 1.295965333 0.039960614 -0.136376471 0.989453922 0.028027541
1642661141.844863892 0.143147632 1.556444022 1.296332860 0.039981013 -0.137070036 0.989365196 0.027745846
1642661141.853197098 0.143369723 1.556938658 1.296709315 0.039912311 -0.137866773 0.989264165 0.027498587
1642661141.861530066 0.143573597 1.557425496 1.297128583 0.039603794 -0.138807049 0.989154456 0.027158894
1642661141.869863987 0.143778465 1.557918844 1.297532061 0.039388882 -0.139524775 0.989069999 0.026868001
1642661141.878196955 0.143965209 1.558415918 1.297945151 0.039087142 -0.140255963 0.988987799 0.026525340
1642661141.886529922 0.144158353 1.558838302 1.298223743 0.039556511 -0.141175293 0.988829396 0.026855995
1642661141.894864082 0.144319839 1.559362105 1.298775026 0.038459563 -0.141895369 0.988794647 0.025917431
1642661141.903197050 0.144477354 1.559798222 1.299195368 0.038022612 -0.142703043 0.988701019 0.025698588
1642661141.911530018 0.144637389 1.560238837 1.299609825 0.037577396 -0.143411037 0.988620351 0.025514994
1642661141.919862986 0.144782130 1.560672296 1.300034043 0.037017241 -0.144197707 0.988533540 0.025262333
1642661141.928196907 0.144909580 1.561088768 1.300463160 0.036464434 -0.144952748 0.988448269 0.025081192
1642661141.936530113 0.145030165 1.561521544 1.300919572 0.035803426 -0.145782567 0.988358397 0.024763638
1642661141.944864035 0.145139588 1.561950348 1.301349373 0.035249768 -0.146556517 0.988271140 0.024470287
1642661141.953197002 0.145231294 1.562387266 1.301810740 0.034610600 -0.147460667 0.988168063 0.024110933
1642661141.961529970 0.145314924 1.562852941 1.302294537 0.033907570 -0.148299028 0.988076003 0.023737904
1642661141.969863892 0.145395639 1.563328476 1.302772681 0.033208786 -0.149112911 0.987985898 0.023374811
1642661141.978197098 0.145473201 1.563809706 1.303259891 0.032491829 -0.150018254 0.987881665 0.022991768
1642661141.986530066 0.145569196 1.564239385 1.303621454 0.032492479 -0.151000574 0.987725485 0.023268687
1642661141.994863987 0.145652751 1.564718954 1.304092321 0.031770232 -0.151860762 0.987621872 0.023065099
1642661142.003196955 0.145709080 1.565050060 1.304656692 0.030055408 -0.154076139 0.987349544 0.022318026
1642661142.011529922 0.145797084 1.565545492 1.305113776 0.029166534 -0.154876358 0.987255993 0.022095971
1642661142.019864082 0.145910239 1.566283487 1.305569491 0.028534879 -0.154078173 0.987406928 0.021754000
1642661142.028197050 0.145991843 1.566660713 1.305966833 0.027565777 -0.156024204 0.987131819 0.021618236
1642661142.036530018 0.146101280 1.567206591 1.306270462 0.027395281 -0.156861618 0.986997730 0.021895481
1642661142.044862986 0.146212286 1.567805784 1.306652509 0.026747791 -0.157448451 0.986925525 0.021738199
1642661142.053196907 0.146304923 1.568478913 1.307167942 0.025298010 -0.157949778 0.986902249 0.020876544
1642661142.061530113 0.146420725 1.569132091 1.307573446 0.024538781 -0.158523250 0.986837405 0.020497889
1642661142.069864035 0.146583894 1.569950832 1.307969262 0.024032118 -0.158442835 0.986876456 0.019828929
1642661142.078197002 0.146711933 1.570424429 1.308235638 0.023901050 -0.159738871 0.986655534 0.020569139
1642661142.086529970 0.146839678 1.571104372 1.308739375 0.022474063 -0.160188756 0.986630214 0.019882136
1642661142.094863892 0.147007345 1.571766991 1.309137601 0.021652437 -0.160678737 0.986572835 0.019686466
1642661142.103197098 0.147184584 1.572425883 1.309536222 0.020795088 -0.161154454 0.986518436 0.019446906
1642661142.111530066 0.147377416 1.573096388 1.309936723 0.019944944 -0.161640522 0.986459862 0.019273863
1642661142.119863987 0.147590696 1.573698289 1.310197069 0.019848451 -0.162210589 0.986358730 0.019753981
1642661142.128196955 0.147783185 1.574398335 1.310694972 0.018426408 -0.162549455 0.986344046 0.019067370
1642661142.136529922 0.148014173 1.575041488 1.310973658 0.018297520 -0.163096937 0.986249996 0.019378734
1642661142.144864082 0.148215818 1.575725102 1.311367782 0.017563215 -0.163651966 0.986176178 0.019134079
1642661142.153197050 0.148423659 1.576391991 1.311771316 0.016793774 -0.164134143 0.986115295 0.018830240
1642661142.161530018 0.148623818 1.577099991 1.312291508 0.015393652 -0.164541917 0.986085987 0.017983871
1642661142.169862986 0.148915062 1.577886396 1.312581520 0.015603972 -0.164609372 0.986075820 0.017741124
1642661142.178196907 0.149124883 1.578362893 1.312992428 0.014716592 -0.165688583 0.985905451 0.017920870
1642661142.186530113 0.149391536 1.578948796 1.313377927 0.014074462 -0.166360673 0.985805165 0.017726056
1642661142.194864035 0.149658608 1.579511603 1.313735390 0.013463665 -0.166603418 0.985766002 0.018094737
1642661142.203197002 0.149963241 1.580100951 1.314230530 0.012155640 -0.167059297 0.985717957 0.017422440
1642661142.211529970 0.150313564 1.580626352 1.314596918 0.011577629 -0.167658638 0.985625046 0.017314962
1642661142.219863892 0.150682304 1.581129430 1.314943006 0.011103432 -0.168215864 0.985535984 0.017290508
1642661142.228197098 0.151050561 1.581631959 1.315294529 0.010601878 -0.168842417 0.985436451 0.017170897
1642661142.236530066 0.151445172 1.582070866 1.315520373 0.010883456 -0.169614438 0.985292177 0.017658403
1642661142.244863987 0.151825254 1.582538937 1.315848502 0.010634416 -0.170243888 0.985187396 0.017598908
1642661142.253196955 0.152214835 1.582980231 1.316184484 0.010322579 -0.170956963 0.985069231 0.017486312
1642661142.261529922 0.152640226 1.583337909 1.316356585 0.011091242 -0.171808849 0.984901845 0.018084809
1642661142.269864082 0.153020051 1.583802361 1.316856424 0.009822392 -0.172390604 0.984829060 0.017225651
1642661142.278197050 0.153429040 1.584229888 1.317320790 0.008817995 -0.172950124 0.984754413 0.016408667
1642661142.286530018 0.153902988 1.584557977 1.317537893 0.009313530 -0.173861439 0.984583801 0.016739064
1642661142.294862986 0.154383683 1.584893122 1.317857084 0.009257795 -0.174609951 0.984454596 0.016577269
1642661142.303196907 0.154876529 1.585215174 1.318184890 0.009179470 -0.175446918 0.984310542 0.016336248
1642661142.311530113 0.155396258 1.585487163 1.318497246 0.009195249 -0.176288131 0.984161700 0.016238537
1642661142.319864035 0.155924565 1.585768978 1.318846445 0.009091831 -0.177171566 0.984008369 0.015972008
1642661142.328197002 0.156445018 1.586046603 1.319309447 0.008339586 -0.177907939 0.983892991 0.015290511
1642661142.336529970 0.156994216 1.586277330 1.319668638 0.008225372 -0.178754744 0.983742606 0.015151561
1642661142.344863892 0.157559355 1.586449786 1.319901827 0.008859744 -0.179766474 0.983546238 0.015566549
1642661142.353197098 0.158117944 1.586626017 1.320247161 0.008870358 -0.180666373 0.983380325 0.015624183
1642661142.361530066 0.158660227 1.586798352 1.320654140 0.008633648 -0.181581946 0.983215235 0.015532474
1642661142.369863987 0.159265130 1.587134990 1.321060886 0.008675404 -0.181928431 0.983161687 0.014828337
1642661142.378196955 0.159763601 1.587143606 1.321477113 0.008137050 -0.183369670 0.982891896 0.015260201
1642661142.386529922 0.160315321 1.587144711 1.321886708 0.007725599 -0.185242008 0.982541973 0.015394299
1642661142.394864082 0.160890561 1.587285739 1.322319463 0.007431336 -0.186229982 0.982357612 0.015384749
1642661142.403197050 0.161508883 1.587428494 1.322808801 0.006791685 -0.187186179 0.982178110 0.015536016
1642661142.411530018 0.162095299 1.587557107 1.323279899 0.006354216 -0.188146253 0.981997519 0.015539747
1642661142.419862986 0.162716786 1.587633906 1.323637891 0.006757567 -0.189236371 0.981775406 0.016154990
1642661142.428196907 0.163272141 1.587798607 1.324277132 0.005447212 -0.189999429 0.981645108 0.015602133
1642661142.436530113 0.163864788 1.587897628 1.324802703 0.004875056 -0.190938117 0.981465081 0.015657707
1642661142.444864035 0.164461868 1.587991605 1.325340967 0.004291834 -0.191887520 0.981281116 0.015752212
1642661142.453197002 0.164820187 1.588588276 1.326506805 0.001317933 -0.193981865 0.980912691 0.013401207
1642661142.461529970 0.165135544 1.589047227 1.327377658 -0.000198301 -0.195671076 0.980598352 0.011817880
1642661142.469863892 0.166168320 1.588270527 1.327101686 0.001927230 -0.194849280 0.980702819 0.015875302
1642661142.478197098 0.166776267 1.588236170 1.327592079 0.001384908 -0.195622172 0.980541754 0.016368129
1642661142.486530066 0.167334839 1.588292121 1.328154226 0.000646050 -0.196464383 0.980371698 0.016512505
1642661142.494863987 0.167885143 1.588337377 1.328730419 -0.000180224 -0.197331017 0.980194496 0.016708916
1642661142.503196955 0.167971653 1.589223017 1.330046713 -0.003124472 -0.200102653 0.979679495 0.013313612
1642661142.511529922 0.168396115 1.589418265 1.330784054 -0.004752015 -0.200930742 0.979514548 0.012470180
1642661142.519864082 0.169379858 1.588621002 1.330550963 -0.002906341 -0.200069236 0.979641018 0.016350197
1642661142.528197050 0.169686958 1.589154639 1.331957489 -0.006901986 -0.202236942 0.979216218 0.013717901
1642661142.536530018 0.170149131 1.589244167 1.332599324 -0.007914424 -0.203208991 0.979011579 0.013408791
1642661142.544862986 0.170647024 1.589273347 1.333100966 -0.008359369 -0.203981696 0.978846821 0.013434674
1642661142.553196907 0.171146720 1.589268431 1.333591084 -0.008822923 -0.204833791 0.978662450 0.013604553
1642661142.561530113 0.171728887 1.589173817 1.334050870 -0.009292852 -0.205527036 0.978506093 0.014075002
1642661142.569864035 0.172188178 1.589287552 1.334607811 -0.010033244 -0.206481083 0.978303527 0.013678617
1642661142.578197002 0.172688449 1.589315197 1.335052143 -0.010343211 -0.207301691 0.978126798 0.013674571
1642661142.586529970 0.173170376 1.589335589 1.335472006 -0.010574929 -0.208102925 0.977954541 0.013647650
1642661142.594863892 0.173653864 1.589351235 1.335857049 -0.010611428 -0.208926502 0.977778679 0.013637089
1642661142.603197098 0.174170849 1.589282985 1.336273550 -0.010942044 -0.209618035 0.977624567 0.013811461
1642661142.611530066 0.174824930 1.588864335 1.335901878 -0.008091807 -0.209283304 0.977689176 0.016090260
1642661142.619863987 0.175056699 1.589375426 1.337046014 -0.011094014 -0.211308112 0.977265061 0.013371841
1642661142.628196955 0.175481704 1.589456150 1.337492213 -0.011451801 -0.212180768 0.977078165 0.012901082
1642661142.636529922 0.175935894 1.589468019 1.337831242 -0.011459462 -0.212844246 0.976935749 0.012749509
1642661142.644864082 0.176395871 1.589467081 1.338141292 -0.011370816 -0.213540498 0.976785931 0.012665102
1642661142.653197050 0.176860035 1.589451386 1.338399121 -0.011139653 -0.214165682 0.976652255 0.012623014
1642661142.661530018 0.177328214 1.589438540 1.338658208 -0.010900417 -0.214803559 0.976515555 0.012569117
1642661142.669862986 0.177873207 1.589342334 1.338886090 -0.010671502 -0.215379885 0.976389216 0.012717067
1642661142.678196907 0.178315133 1.589422212 1.339204414 -0.010642203 -0.216296653 0.976193067 0.012231041
1642661142.686530113 0.178752610 1.589466535 1.339460064 -0.010326272 -0.216919333 0.976062253 0.011910058
1642661142.694864035 0.179201212 1.589489295 1.339688740 -0.009881499 -0.217646852 0.975908369 0.011621519
1642661142.703197002 0.179636016 1.589516740 1.339911306 -0.009423887 -0.218249066 0.975780162 0.011472203
1642661142.711529970 0.180066313 1.589550170 1.340152796 -0.009063298 -0.218912905 0.975638527 0.011156228
1642661142.719863892 0.180479593 1.589556810 1.340371680 -0.008699527 -0.219510108 0.975509566 0.010987100
1642661142.728197098 0.180964079 1.589454804 1.340568238 -0.008373549 -0.219935217 0.975413502 0.011264284
1642661142.736530066 0.181349438 1.589512292 1.340875236 -0.008424175 -0.220708885 0.975243485 0.010805827
1642661142.744863987 0.181771268 1.589484683 1.341082974 -0.008130496 -0.221235836 0.975127826 0.010692161
1642661142.753196955 0.182200014 1.589442780 1.341279710 -0.007806041 -0.221650761 0.975036828 0.010639090
1642661142.761529922 0.182621367 1.589380938 1.341486607 -0.007564864 -0.222099118 0.974936408 0.010665595
1642661142.769864082 0.183040429 1.589300607 1.341702989 -0.007350351 -0.222520894 0.974841660 0.010684672
1642661142.778197050 0.183440037 1.589186141 1.341910226 -0.007106131 -0.223007852 0.974731399 0.010756405
1642661142.786530018 0.183897822 1.588958274 1.342113756 -0.006906178 -0.223328036 0.974654437 0.011208069
1642661142.794862986 0.184411946 1.588531721 1.341920750 -0.005174642 -0.223043385 0.974710994 0.012780808
1642661142.803196907 0.184606452 1.588701347 1.342658070 -0.006849554 -0.224286470 0.974435641 0.011128582
1642661142.811530113 0.184953476 1.588527003 1.342974920 -0.006968288 -0.224800435 0.974316692 0.011099127
1642661142.819864035 0.185323349 1.588286866 1.343232378 -0.006816584 -0.225224908 0.974217551 0.011288812
1642661142.828197002 0.185707532 1.587989067 1.343480084 -0.006622849 -0.225697392 0.974106106 0.011580964
1642661142.836529970 0.186082494 1.587675341 1.343750576 -0.006455263 -0.226140286 0.974001522 0.011829438
1642661142.844863892 0.186474323 1.587307324 1.343997389 -0.006227644 -0.226578244 0.973896974 0.012173701
1642661142.853197098 0.187060874 1.586563789 1.343817860 -0.004506160 -0.226193178 0.973967068 0.014300073
1642661142.861530066 0.187484422 1.586127344 1.344050588 -0.004198092 -0.226574344 0.973872308 0.014804400
1642661142.869863987 0.187701605 1.586066323 1.344839320 -0.005899878 -0.227947403 0.973565078 0.013274466
1642661142.878196955 0.188079665 1.585655801 1.345184809 -0.005947666 -0.228537880 0.973424467 0.013411526
1642661142.886529922 0.188484081 1.585180281 1.345440951 -0.005612820 -0.229063175 0.973297857 0.013778217
1642661142.894864082 0.188874049 1.584680142 1.345660455 -0.005095061 -0.229518675 0.973187441 0.014192365
1642661142.903197050 0.189268091 1.584153689 1.345899090 -0.004614917 -0.230044739 0.973059609 0.014598550
1642661142.911530018 0.189716376 1.583514846 1.346143416 -0.004289061 -0.230425834 0.972959936 0.015313469
1642661142.919862986 0.190257390 1.582568721 1.345678544 -0.001068870 -0.229897676 0.973050129 0.017870705
1642661142.928196907 0.190427641 1.582428530 1.346656326 -0.003414329 -0.231493650 0.972700615 0.015891682
1642661142.936530113 0.190755980 1.581913438 1.346965050 -0.003208904 -0.232081197 0.972561598 0.015873216
1642661142.944864035 0.191078887 1.581340841 1.347204016 -0.002718571 -0.232507549 0.972456658 0.016152330
1642661142.953197002 0.191374724 1.580778497 1.347457361 -0.002246294 -0.232949909 0.972348899 0.016337455
1642661142.961529970 0.191657086 1.580200623 1.347671677 -0.001562959 -0.233308663 0.972260206 0.016574598
1642661142.969863892 0.192108114 1.579162585 1.347179318 0.001752834 -0.232567723 0.972389904 0.019158687
1642661142.978197098 0.192361706 1.578523400 1.347359949 0.002591686 -0.232863388 0.972309437 0.019552097
1642661142.986530066 0.192130939 1.578694062 1.348356461 0.000829094 -0.234631883 0.971949384 0.016173627
1642661142.994863987 0.192240644 1.578210788 1.348780885 0.000874047 -0.235281544 0.971799613 0.015727149
1642661143.003196955 0.192787141 1.576906505 1.348469544 0.003210340 -0.234403182 0.971949665 0.018939136
1642661143.011529922 0.192948459 1.576252533 1.348774060 0.003672285 -0.234761683 0.971856152 0.019211628
1642661143.019864082 0.193026220 1.575690688 1.349182840 0.003815459 -0.235228848 0.971745508 0.019065663
1642661143.028197050 0.193083512 1.575095015 1.349613673 0.003849889 -0.235748986 0.971620753 0.018992270
1642661143.036530018 0.192920660 1.574947676 1.350874344 0.000730806 -0.237492038 0.971250786 0.016398430
1642661143.044862986 0.192910867 1.574377567 1.351262008 0.001413684 -0.238196968 0.971077168 0.016411546
1642661143.053196907 0.192914954 1.573769690 1.351707746 0.001535832 -0.238652172 0.970965449 0.016397539
1642661143.061530113 0.192884406 1.573149615 1.352204567 0.001490370 -0.239176988 0.970836719 0.016377157
1642661143.069864035 0.192850723 1.572529379 1.352722751 0.001438733 -0.239696126 0.970711170 0.016233331
1642661143.078197002 0.192802713 1.571891803 1.353248655 0.001457920 -0.240198031 0.970587384 0.016214499
1642661143.086529970 0.192729566 1.571262291 1.353787959 0.001511793 -0.240750702 0.970451699 0.016134254
1642661143.094863892 0.192657592 1.570634310 1.354365334 0.001487895 -0.241361428 0.970302615 0.015977545
1642661143.103197098 0.192757446 1.569662779 1.354442359 0.003358865 -0.241074013 0.970340910 0.017622629
1642661143.111530066 0.192520134 1.569342852 1.355457483 0.001916531 -0.242470265 0.970026968 0.015880163
1642661143.119863987 0.192585437 1.568426560 1.355652780 0.003401480 -0.242342057 0.970032540 0.017193876
1642661143.128196955 0.192519654 1.567778067 1.356213698 0.003676657 -0.242879385 0.969897809 0.017155949
1642661143.136529922 0.192424569 1.567171005 1.356832983 0.003777865 -0.243455469 0.969757974 0.016871100
1642661143.144864082 0.192311146 1.566547609 1.357480200 0.003757953 -0.244094253 0.969602165 0.016598630
1642661143.153197050 0.192039260 1.566260650 1.358580821 0.002235535 -0.245564406 0.969268419 0.014555313
1642661143.161530018 0.192118611 1.565464082 1.358828107 0.003957222 -0.245112873 0.969365808 0.015295428
1642661143.169862986 0.191860419 1.565130465 1.359912679 0.002517781 -0.246510037 0.969043396 0.013466953
1642661143.178196907 0.191901943 1.564207999 1.360123808 0.004232279 -0.246362907 0.969056483 0.014728849
1642661143.186530113 0.191777255 1.563395877 1.360699754 0.004431591 -0.247373955 0.968791956 0.015120619
1642661143.194864035 0.191676985 1.562727637 1.361345577 0.004569930 -0.248111130 0.968604183 0.015030644
1642661143.203197002 0.191593729 1.562080994 1.361965372 0.004878101 -0.248801646 0.968427183 0.014924327
1642661143.211529970 0.191504649 1.561423654 1.362606566 0.005069219 -0.249556214 0.968234561 0.014759180
1642661143.219863892 0.191424119 1.560779309 1.363252273 0.005212178 -0.250222520 0.968063484 0.014649723
1642661143.228197098 0.191354547 1.560126203 1.363917035 0.005255322 -0.250879392 0.967895073 0.014527198
1642661143.236530066 0.191294165 1.559472072 1.364560623 0.005409999 -0.251567194 0.967716867 0.014448003
1642661143.244863987 0.191241901 1.558794671 1.365211479 0.005506090 -0.252283709 0.967529494 0.014466895
1642661143.253196955 0.191191527 1.558129967 1.365867241 0.005572842 -0.252918986 0.967362988 0.014483795
1642661143.261529922 0.191158785 1.557458671 1.366511846 0.005726965 -0.253550775 0.967194920 0.014601121
1642661143.269864082 0.191131889 1.556771133 1.367159939 0.005826209 -0.254160467 0.967031929 0.014756715
1642661143.278197050 0.191109614 1.556094954 1.367796216 0.005951423 -0.254715262 0.966883028 0.014897167
1642661143.286530018 0.191076093 1.555402137 1.368446405 0.005962124 -0.255260278 0.966736353 0.015082038
1642661143.294862986 0.191044914 1.554704028 1.369090239 0.005982939 -0.255835337 0.966581978 0.015223796
1642661143.303196907 0.191004598 1.554002463 1.369714817 0.006016332 -0.256334386 0.966446356 0.015424918
1642661143.311530113 0.190965287 1.553282066 1.370331313 0.006082270 -0.256787954 0.966322443 0.015616948
1642661143.319864035 0.190908755 1.552565809 1.370958847 0.006094283 -0.257251693 0.966196734 0.015757477
1642661143.328197002 0.190859015 1.551841789 1.371571900 0.006131471 -0.257700345 0.966074013 0.015935474
1642661143.336529970 0.190809057 1.551102696 1.372187450 0.006181807 -0.258114341 0.965959997 0.016126253
1642661143.344863892 0.190756209 1.550346399 1.372803381 0.006264488 -0.258595602 0.965827566 0.016315118
1642661143.353197098 0.190696609 1.549580540 1.373425294 0.006319396 -0.258997718 0.965715288 0.016559907
1642661143.361530066 0.190646048 1.548806542 1.374047107 0.006375236 -0.259476053 0.965582994 0.016763512
1642661143.369863987 0.190601925 1.548016198 1.374653811 0.006492939 -0.259921879 0.965456266 0.017107206
1642661143.378196955 0.190603751 1.547360564 1.375275065 0.006788571 -0.259974079 0.965441873 0.017011275
1642661143.386529922 0.190542947 1.546446165 1.375866353 0.006737190 -0.260729863 0.965225881 0.017707269
1642661143.394864082 0.190512311 1.545632155 1.376459685 0.006845174 -0.261198862 0.965091073 0.018097489
1642661143.403197050 0.190498173 1.544825737 1.377029063 0.007064295 -0.261630592 0.964965653 0.018461239
1642661143.411530018 0.190512334 1.544023480 1.377589018 0.007337423 -0.261971914 0.964864588 0.018793768
1642661143.419862986 0.190520050 1.543205281 1.378152785 0.007581421 -0.262410645 0.964736240 0.019161465
1642661143.428196907 0.190580862 1.542516253 1.378720263 0.008045993 -0.262443645 0.964724690 0.019101517
1642661143.436530113 0.190605493 1.541719072 1.379294084 0.008249708 -0.262837456 0.964610774 0.019351178
1642661143.444864035 0.190646269 1.540911451 1.379843400 0.008531536 -0.263255060 0.964488116 0.019663663
1642661143.453197002 0.190696962 1.540098885 1.380385698 0.008817176 -0.263667849 0.964364550 0.020063312
1642661143.461529970 0.190760698 1.539294314 1.380956155 0.008951708 -0.264093859 0.964240700 0.020351256
1642661143.469863892 0.190831923 1.538491476 1.381527178 0.009048806 -0.264556375 0.964107981 0.020587463
1642661143.478197098 0.190918725 1.537685068 1.382080401 0.009180800 -0.264956894 0.963988222 0.020982489
1642661143.486530066 0.191013100 1.536885036 1.382619771 0.009357876 -0.265372035 0.963863623 0.021378252
1642661143.494863987 0.191111374 1.536087778 1.383158475 0.009529493 -0.265776558 0.963741428 0.021782310
1642661143.503196955 0.191222699 1.535301912 1.383687407 0.009746352 -0.266185506 0.963617745 0.022161386
1642661143.511529922 0.191295910 1.534374107 1.384215754 0.009625467 -0.267056153 0.963360394 0.022915339
1642661143.519864082 0.191436227 1.533691271 1.384736975 0.009943030 -0.267102835 0.963339632 0.023107687
1642661143.528197050 0.191555737 1.532953771 1.385254407 0.010106526 -0.267448742 0.963234859 0.023401580
1642661143.536530018 0.191678863 1.532198416 1.385762676 0.010226253 -0.267904672 0.963098046 0.023762675
1642661143.544862986 0.191804617 1.531462037 1.386262731 0.010314973 -0.268348540 0.962967360 0.024010958
1642661143.553196907 0.191937575 1.530749157 1.386760824 0.010344142 -0.268755685 0.962846803 0.024277862
1642661143.561530113 0.192080791 1.530044868 1.387218630 0.010556450 -0.269184696 0.962718274 0.024529270
1642661143.569864035 0.192210252 1.529356388 1.387680477 0.010702529 -0.269575512 0.962601338 0.024762127
1642661143.578197002 0.192349162 1.528678105 1.388100267 0.010970112 -0.269939815 0.962490081 0.024999956
1642661143.586529970 0.192455811 1.527885005 1.388506319 0.011029861 -0.270710002 0.962259120 0.025530816
1642661143.594863892 0.192629637 1.527363856 1.388906444 0.011552758 -0.270735782 0.962248380 0.025430780
1642661143.603197098 0.192770586 1.526777876 1.389281642 0.011911149 -0.271084164 0.962145340 0.025452807
1642661143.611530066 0.192919944 1.526166111 1.389601307 0.012409839 -0.271472589 0.962023979 0.025661112
1642661143.619863987 0.193072060 1.525591697 1.389883446 0.013034754 -0.271818611 0.961914746 0.025782931
1642661143.628196955 0.193222467 1.525029329 1.390127944 0.013798326 -0.272110974 0.961817370 0.025933975
1642661143.636529922 0.193373390 1.524492245 1.390343147 0.014598115 -0.272404920 0.961720493 0.026002850
1642661143.644864082 0.193503625 1.523936750 1.390277414 0.016541194 -0.272424792 0.961669256 0.026520990
1642661143.653197050 0.193430110 1.523911071 1.390873702 0.016068819 -0.273605951 0.961393970 0.024560342
1642661143.661530018 0.193533277 1.523492855 1.391054640 0.016898907 -0.273950856 0.961288009 0.024304714
1642661143.669862986 0.193659334 1.523008722 1.391153469 0.017916202 -0.274213879 0.961192045 0.024405125
1642661143.678196907 0.193778483 1.522522179 1.391249689 0.018846712 -0.274479142 0.961095525 0.024523331
1642661143.686530113 0.194105497 1.521581795 1.390843162 0.021382650 -0.273671818 0.961217551 0.026595841
1642661143.694864035 0.194237910 1.521056992 1.390830742 0.022512346 -0.273715688 0.961168152 0.026994442
1642661143.703197002 0.194339530 1.520597406 1.390868748 0.023402946 -0.273835175 0.961108975 0.027131847
1642661143.711529970 0.194418280 1.520066165 1.390911033 0.024204454 -0.273686716 0.961116267 0.027663099
1642661143.719863892 0.194506019 1.519597165 1.390921458 0.025075414 -0.273689034 0.961085640 0.027927196
1642661143.728197098 0.194591592 1.519151107 1.390931491 0.025881778 -0.273664000 0.961065169 0.028140541
1642661143.736530066 0.194679520 1.518714558 1.390942204 0.026630290 -0.273704973 0.961029464 0.028262785
1642661143.744863987 0.194756569 1.518290529 1.390943633 0.027359281 -0.273665784 0.961016734 0.028378618
1642661143.753196955 0.194832085 1.517886708 1.390954319 0.028004521 -0.273628719 0.961006685 0.028446851
1642661143.761529922 0.194917397 1.517494803 1.390947700 0.028675149 -0.273575749 0.960999634 0.028526296
1642661143.769864082 0.194996407 1.517111027 1.390940168 0.029302661 -0.273510074 0.960996824 0.028612890
1642661143.778197050 0.195069103 1.516700601 1.390928545 0.029892315 -0.273423871 0.960995600 0.028866821
1642661143.786530018 0.195144384 1.516306809 1.390921452 0.030430773 -0.273359441 0.960992455 0.029018701
1642661143.794862986 0.195229966 1.515901188 1.390903099 0.031024433 -0.273295337 0.960985647 0.029218655
1642661143.803196907 0.195324620 1.515507547 1.390897480 0.031541484 -0.273278685 0.960973771 0.029211398
1642661143.811530113 0.195406412 1.515100504 1.390887094 0.032036238 -0.273238863 0.960963916 0.029369305
1642661143.819864035 0.195481956 1.514696906 1.390871429 0.032531956 -0.273231271 0.960944879 0.029517536
1642661143.828197002 0.195543258 1.514278232 1.390861836 0.032954026 -0.273200949 0.960932918 0.029718695
1642661143.836529970 0.195596279 1.513879890 1.390870647 0.033296732 -0.273202748 0.960917952 0.029803943
1642661143.844863892 0.195629038 1.513465667 1.390860953 0.033644780 -0.273231886 0.960891899 0.029985374
1642661143.853197098 0.195656938 1.513058583 1.390840060 0.034018062 -0.273244685 0.960870366 0.030137234
1642661143.861530066 0.195673360 1.512658219 1.390821098 0.034323396 -0.273274331 0.960847321 0.030256728
1642661143.869863987 0.195681949 1.512243292 1.390794182 0.034630970 -0.273296327 0.960824118 0.030443835
1642661143.878196955 0.195690471 1.511833944 1.390780412 0.034879142 -0.273347456 0.960797284 0.030548197
1642661143.886529922 0.195708965 1.511423844 1.390740100 0.035234496 -0.273460320 0.960750575 0.030599270
1642661143.894864082 0.195702924 1.511012934 1.390716012 0.035463839 -0.273538194 0.960718516 0.030644839
1642661143.903197050 0.195710559 1.510616892 1.390653845 0.035873901 -0.273659534 0.960667586 0.030680805
1642661143.911530018 0.195708278 1.510224038 1.390583002 0.036298417 -0.273712223 0.960635970 0.030701403
1642661143.919862986 0.195706734 1.509842063 1.390501624 0.036785206 -0.273841649 0.960581503 0.030672067
1642661143.928196907 0.195713871 1.509476504 1.390399339 0.037367368 -0.273952478 0.960529797 0.030597869
1642661143.936530113 0.195723053 1.509109716 1.390287416 0.037938192 -0.274120543 0.960462827 0.030492285
1642661143.944864035 0.195748956 1.508758800 1.390124418 0.038757045 -0.274229434 0.960403510 0.030351406
1642661143.953197002 0.195780988 1.508395143 1.389945508 0.039641315 -0.274329050 0.960342098 0.030252171
1642661143.961529970 0.195820859 1.508011723 1.389733177 0.040609581 -0.274401512 0.960280328 0.030271516
1642661143.969863892 0.195857190 1.507624593 1.389495469 0.041677974 -0.274508819 0.960202674 0.030309730
1642661143.978197098 0.195905675 1.507213716 1.389228067 0.042842140 -0.274630154 0.960113210 0.030421264
1642661143.986530066 0.195948870 1.506823395 1.388978970 0.043946430 -0.274711099 0.960041055 0.030392382
1642661143.994863987 0.195977045 1.506397627 1.388721165 0.045014017 -0.274779346 0.959968653 0.030499740
1642661144.003196955 0.195989140 1.505963570 1.388447672 0.046102977 -0.274832072 0.959896845 0.030657709
1642661144.011529922 0.195937767 1.505623282 1.388269121 0.046864624 -0.275061253 0.959801779 0.030423000
1642661144.019864082 0.195914556 1.505163914 1.388002812 0.047877183 -0.275127660 0.959725572 0.030649171
1642661144.028197050 0.195892802 1.504687925 1.387745986 0.048810668 -0.275136849 0.959669413 0.030852072
1642661144.036530018 0.195853493 1.504195374 1.387490173 0.049691910 -0.275119988 0.959620660 0.031111016
1642661144.044862986 0.195810146 1.503693685 1.387233101 0.050547377 -0.275150464 0.959559162 0.031359189
1642661144.053196907 0.195750917 1.503154819 1.386982866 0.051316641 -0.275081964 0.959525259 0.031745743
1642661144.061530113 0.195670048 1.502611658 1.386724854 0.052088389 -0.274983629 0.959497770 0.032168822
1642661144.069864035 0.195586440 1.502050624 1.386462394 0.052846279 -0.274855327 0.959479147 0.032581982
1642661144.078197002 0.195481915 1.501470943 1.386225060 0.053475655 -0.274738313 0.959463708 0.032994034
1642661144.086529970 0.195369377 1.500865395 1.385993384 0.054025065 -0.274678012 0.959436370 0.033393636
1642661144.094863892 0.195243477 1.500261472 1.385751410 0.054600865 -0.274572412 0.959419354 0.033811816
1642661144.103197098 0.195102118 1.499660109 1.385525953 0.055130445 -0.274472729 0.959403587 0.034206902
1642661144.111530066 0.194949518 1.499045903 1.385333586 0.055457370 -0.274340257 0.959408680 0.034596080
1642661144.119863987 0.194791924 1.498422691 1.385135264 0.055818806 -0.274257206 0.959396346 0.035012820
1642661144.128196955 0.194630544 1.497784853 1.384921439 0.056262000 -0.274112774 0.959392100 0.035546773
1642661144.136529922 0.194458089 1.497152740 1.384711134 0.056696733 -0.273961151 0.959394302 0.035963052
1642661144.144864082 0.194279040 1.496520794 1.384533192 0.056956161 -0.273854173 0.959394097 0.036371050
1642661144.153197050 0.194087000 1.495868095 1.384341602 0.057243525 -0.273743293 0.959388933 0.036887182
1642661144.161530018 0.193900909 1.495162170 1.384146076 0.057465939 -0.274061001 0.959272427 0.037210824
1642661144.169862986 0.193690504 1.494499191 1.383947585 0.057737271 -0.273936126 0.959271209 0.037737962
1642661144.178196907 0.193461912 1.493930164 1.383771811 0.057991019 -0.273369978 0.959392757 0.038359274
1642661144.186530113 0.193236145 1.493292675 1.383567197 0.058293667 -0.273122024 0.959419876 0.038983448
1642661144.194864035 0.193001204 1.492646869 1.383362991 0.058569808 -0.273017835 0.959411803 0.039494696
1642661144.203197002 0.192767072 1.491998512 1.383146748 0.058913574 -0.272814902 0.959425119 0.040058220
1642661144.211529970 0.192522293 1.491368638 1.382932144 0.059257528 -0.272588560 0.959446171 0.040584087
1642661144.219863892 0.192261401 1.490748438 1.382733637 0.059538421 -0.272401327 0.959465614 0.040968627
1642661144.228197098 0.192001940 1.490084163 1.382514559 0.059876278 -0.272581446 0.959385369 0.041157023
1642661144.236530066 0.191714754 1.489462043 1.382313202 0.060180400 -0.272478346 0.959380973 0.041497216
1642661144.244863987 0.191405207 1.488823321 1.382106874 0.060515764 -0.272333124 0.959378846 0.042008831
1642661144.253196955 0.191060757 1.488279326 1.381954305 0.060752209 -0.271755882 0.959508679 0.042438252
1642661144.261529922 0.190723557 1.487676528 1.381772583 0.061047325 -0.271459913 0.959557175 0.042810847
1642661144.269864082 0.190381588 1.487073283 1.381602655 0.061292548 -0.271277851 0.959579351 0.043116355
1642661144.278197050 0.190038643 1.486486717 1.381424870 0.061626398 -0.271104903 0.959594765 0.043384388
1642661144.286530018 0.189669901 1.485885605 1.381253504 0.061917027 -0.270908720 0.959619255 0.043653543
1642661144.294862986 0.189306169 1.485295633 1.381089815 0.062200747 -0.270790049 0.959625236 0.043854576
1642661144.303196907 0.188966541 1.484667385 1.380900048 0.062603151 -0.271077865 0.959519578 0.043815706
1642661144.311530113 0.188584189 1.484065360 1.380741632 0.062896999 -0.270991439 0.959514431 0.044041616
1642661144.319864035 0.188162202 1.483510038 1.380600112 0.063185947 -0.270431319 0.959629295 0.044565161
1642661144.328197002 0.187757817 1.482932765 1.380472541 0.063355097 -0.270274618 0.959651121 0.044804997
1642661144.336529970 0.187365969 1.482357768 1.380347092 0.063523260 -0.270209254 0.959648875 0.045008793
1642661144.344863892 0.186960230 1.481798190 1.380235374 0.063642013 -0.270112841 0.959658775 0.045208215
1642661144.353197098 0.186540908 1.481226042 1.380092641 0.063942038 -0.269942214 0.959671357 0.045535745
1642661144.361530066 0.186132119 1.480679016 1.379997270 0.064020121 -0.269806363 0.959696264 0.045705928
1642661144.369863987 0.185750485 1.480083263 1.379916220 0.064012131 -0.270167000 0.959597418 0.045662189
1642661144.378196955 0.185343533 1.479531971 1.379877036 0.063935916 -0.270168877 0.959596500 0.045777001
1642661144.386529922 0.184905882 1.479004473 1.379831149 0.063943948 -0.269779018 0.959683362 0.046241724
1642661144.394864082 0.184481607 1.478466755 1.379807416 0.063844631 -0.269719218 0.959696541 0.046453800
1642661144.403197050 0.184081400 1.477892090 1.379764633 0.063839303 -0.270131620 0.959581307 0.046445298
1642661144.411530018 0.183669869 1.477374911 1.379782084 0.063630614 -0.270176801 0.959582856 0.046436869
1642661144.419862986 0.183239324 1.476831069 1.379756836 0.063580328 -0.270211893 0.959566212 0.046645046
1642661144.428196907 0.182803934 1.476347146 1.379753384 0.063497498 -0.269802636 0.959669178 0.047007176
1642661144.436530113 0.182378809 1.475834856 1.379748133 0.063435071 -0.269765563 0.959675078 0.047183439
1642661144.444864035 0.181951177 1.475291388 1.379742770 0.063346406 -0.269809330 0.959660178 0.047355054
1642661144.453197002 0.181535984 1.474769921 1.379741511 0.063269129 -0.269926949 0.959631721 0.047364752
1642661144.461529970 0.181122360 1.474253600 1.379736233 0.063221290 -0.270014088 0.959609518 0.047381795
1642661144.469863892 0.180709403 1.473736603 1.379700713 0.063350044 -0.270101628 0.959572160 0.047467375
1642661144.478197098 0.180297022 1.473216972 1.379694273 0.063376619 -0.270211354 0.959538623 0.047485358
1642661144.486530066 0.179900801 1.472702855 1.379657764 0.063590503 -0.270309737 0.959495597 0.047508876
1642661144.494863987 0.179509519 1.472186158 1.379629429 0.063738678 -0.270458060 0.959442608 0.047536320
1642661144.503196955 0.179139994 1.471661996 1.379591365 0.063991650 -0.270544594 0.959399826 0.047567483
1642661144.511529922 0.178783342 1.471138621 1.379553747 0.064283734 -0.270620312 0.959360867 0.047528676
1642661144.519864082 0.178425707 1.470598544 1.379509794 0.064596786 -0.270775261 0.959294693 0.047557398
1642661144.528197050 0.178074892 1.470038334 1.379469582 0.064886532 -0.270991300 0.959211605 0.047608301
1642661144.536530018 0.177728633 1.469481393 1.379434383 0.065188369 -0.271226466 0.959125001 0.047601601
1642661144.544862986 0.177384050 1.468904195 1.379380777 0.065537142 -0.271439285 0.959036818 0.047686248
1642661144.553196907 0.177038543 1.468323624 1.379311685 0.065968455 -0.271602392 0.958952919 0.047849789
1642661144.561530113 0.176662478 1.467737192 1.379271640 0.066246293 -0.271765988 0.958879701 0.048004113
1642661144.569864035 0.176303479 1.467123888 1.379228189 0.066484102 -0.272293329 0.958721621 0.047844118
1642661144.578197002 0.175926218 1.466519452 1.379185294 0.066694879 -0.272507057 0.958639072 0.047987783
1642661144.586529970 0.175530230 1.465927035 1.379159490 0.066798811 -0.272685023 0.958574325 0.048125475
1642661144.594863892 0.175129073 1.465334541 1.379146830 0.066870726 -0.272865993 0.958514152 0.048198307
1642661144.603197098 0.174688792 1.464783501 1.379157119 0.066839657 -0.272589426 0.958579286 0.048509965
1642661144.611530066 0.174301076 1.464157815 1.379141482 0.066832971 -0.273133113 0.958432813 0.048354932
1642661144.619863987 0.173868020 1.463591737 1.379147673 0.066847430 -0.272924741 0.958477655 0.048621919
1642661144.628196955 0.173446834 1.463003074 1.379152160 0.066784775 -0.272947122 0.958471720 0.048699334
1642661144.636529922 0.173026526 1.462397494 1.379121900 0.066843309 -0.273073157 0.958427677 0.048779206
1642661144.644864082 0.172639966 1.461769469 1.379101815 0.066831601 -0.273585103 0.958294295 0.048546610
1642661144.653197050 0.172232201 1.461154913 1.379094652 0.066731124 -0.273741071 0.958257773 0.048526522
1642661144.661530018 0.171820634 1.460546968 1.379074909 0.066657155 -0.273829662 0.958234676 0.048584425
1642661144.669862986 0.171421630 1.459924283 1.379083165 0.066449422 -0.273930809 0.958219042 0.048607142
1642661144.678196907 0.170986245 1.459320510 1.379094024 0.066277665 -0.273660461 0.958291573 0.048933472
1642661144.686530113 0.170580394 1.458757390 1.379136572 0.066083977 -0.273726703 0.958285071 0.048952256
1642661144.694864035 0.170211064 1.458041373 1.379047820 0.066188468 -0.273795952 0.958247515 0.049158561
1642661144.703197002 0.169821154 1.457429445 1.379075038 0.066014710 -0.273923776 0.958218634 0.049242999
1642661144.711529970 0.169464711 1.456690459 1.378995040 0.066024298 -0.274076256 0.958161576 0.049491328
1642661144.719863892 0.169146456 1.455947205 1.378956787 0.065926920 -0.274706910 0.957991020 0.049426306
1642661144.728197098 0.168797428 1.455293348 1.379032707 0.065540321 -0.275008164 0.957930352 0.049441043
1642661144.736530066 0.168477177 1.454565034 1.379019999 0.065456596 -0.275163073 0.957880304 0.049659244
1642661144.744863987 0.168177075 1.453803500 1.379018167 0.065264045 -0.275409791 0.957811565 0.049870400
1642661144.753196955 0.167860118 1.452977570 1.378975192 0.065127801 -0.275220826 0.957840677 0.050528255
1642661144.761529922 0.167572838 1.452240346 1.379006229 0.064906544 -0.275355074 0.957803862 0.050778783
1642661144.769864082 0.167343198 1.451387440 1.378987324 0.064788670 -0.275953357 0.957637277 0.050823404
1642661144.778197050 0.167071980 1.450576284 1.379009142 0.064546096 -0.275796955 0.957671130 0.051340501
1642661144.786530018 0.166834553 1.449731045 1.379013733 0.064342341 -0.275922313 0.957630995 0.051670279
1642661144.794862986 0.166632086 1.448804175 1.378984090 0.064231806 -0.276578463 0.957439644 0.051845504
1642661144.803196907 0.166406101 1.447925920 1.379015161 0.063930185 -0.276484160 0.957455845 0.052418945
1642661144.811530113 0.166205850 1.447016752 1.379023272 0.063714044 -0.276608845 0.957412327 0.052817636
1642661144.819864035 0.166020853 1.446092284 1.379015991 0.063553792 -0.276765003 0.957352965 0.053266777
1642661144.828197002 0.165840774 1.445141152 1.379011253 0.063342927 -0.276998582 0.957275063 0.053702069
1642661144.836529970 0.165667266 1.444174705 1.379015273 0.063088065 -0.277181038 0.957211761 0.054186830
1642661144.844863892 0.165495374 1.443200957 1.378981886 0.063002997 -0.277386241 0.957131317 0.054654710
1642661144.853197098 0.165331708 1.442220115 1.378954618 0.062853017 -0.277500265 0.957078412 0.055172592
1642661144.861530066 0.165168117 1.441204374 1.378936214 0.062620851 -0.277685852 0.957004793 0.055776545
1642661144.869863987 0.165002030 1.440205784 1.378914514 0.062397536 -0.277818765 0.956949676 0.056308068
1642661144.878196955 0.164872860 1.439154897 1.378868920 0.062222479 -0.278404130 0.956772657 0.056617888
1642661144.886529922 0.164700756 1.438149696 1.378821181 0.062102806 -0.278255252 0.956771921 0.057486933
1642661144.894864082 0.164572763 1.437036454 1.378681351 0.062239169 -0.278107786 0.956743846 0.058511177
1642661144.903197050 0.164436039 1.436004411 1.378608209 0.062207918 -0.278179739 0.956686063 0.059143761
1642661144.911530018 0.164292732 1.434983815 1.378570074 0.062022404 -0.278390204 0.956604838 0.059659866
1642661144.919862986 0.164147105 1.433959949 1.378526657 0.061874921 -0.278558619 0.956531773 0.060195988
1642661144.928196907 0.163973493 1.433047133 1.378558667 0.061471630 -0.278981681 0.956426230 0.060326838
1642661144.936530113 0.163844220 1.432043315 1.378501299 0.061440717 -0.279229298 0.956327290 0.060779544
1642661144.944864035 0.163744491 1.430932685 1.378339819 0.061759357 -0.279239390 0.956245335 0.061692819
1642661144.953197002 0.163617427 1.429936891 1.378270790 0.061759249 -0.279433362 0.956161057 0.062119437
1642661144.961529970 0.163496706 1.428935908 1.378186373 0.061811745 -0.279709158 0.956041120 0.062669537
1642661144.969863892 0.163382492 1.427959345 1.378102832 0.061881199 -0.279973494 0.955933071 0.063067615
1642661144.978197098 0.163275116 1.426988903 1.377983775 0.062082182 -0.280239018 0.955806046 0.063613656
1642661144.986530066 0.163128896 1.425993495 1.377913363 0.061993028 -0.280606886 0.955693614 0.063767995
1642661144.994863987 0.163008834 1.425039918 1.377794097 0.062150339 -0.280901990 0.955572517 0.064129331
1642661145.003196955 0.162886108 1.424102671 1.377650989 0.062431714 -0.281165051 0.955448325 0.064552257
1642661145.011529922 0.162776693 1.423200558 1.377516261 0.062719068 -0.281497480 0.955314390 0.064806664
1642661145.019864082 0.162666951 1.422293487 1.377372445 0.063039453 -0.281770419 0.955193385 0.065092664
1642661145.028197050 0.162551210 1.421413206 1.377224778 0.063361215 -0.282015621 0.955079720 0.065385587
1642661145.036530018 0.162432108 1.420557951 1.377101819 0.063589469 -0.282310243 0.954970989 0.065480652
1642661145.044862986 0.162313074 1.419702374 1.376946966 0.063979596 -0.282554987 0.954859023 0.065677520
1642661145.053196907 0.162186555 1.418925881 1.376903970 0.063930812 -0.283543493 0.954605193 0.065152625
1642661145.061530113 0.162024288 1.418143363 1.376824363 0.064051965 -0.283518974 0.954590777 0.065351249
1642661145.069864035 0.161891535 1.417325074 1.376685740 0.064403890 -0.283785842 0.954474621 0.065543361
1642661145.078197002 0.161747684 1.416503407 1.376544874 0.064763964 -0.284128255 0.954337352 0.065703744
1642661145.086529970 0.161626782 1.415668596 1.376421714 0.065040377 -0.284885442 0.954108234 0.065479096
1642661145.094863892 0.161476300 1.414886517 1.376302998 0.065279612 -0.285275691 0.953975894 0.065470199
1642661145.103197098 0.161287234 1.414138392 1.376167158 0.065676820 -0.285176821 0.953947851 0.065910805
1642661145.111530066 0.161125527 1.413379041 1.376049704 0.065952164 -0.285433621 0.953849730 0.065944314
1642661145.119863987 0.160959873 1.412634365 1.375915383 0.066304213 -0.285754292 0.953728850 0.065950861
1642661145.128196955 0.160808058 1.411872135 1.375764871 0.066665956 -0.286507254 0.953496994 0.065671353
1642661145.136529922 0.160632317 1.411140006 1.375617137 0.067022411 -0.286832649 0.953375402 0.065653412
1642661145.144864082 0.160436461 1.410406274 1.375470522 0.067343082 -0.287151123 0.953247728 0.065786853
1642661145.153197050 0.160257781 1.409707246 1.375328799 0.067710021 -0.287412496 0.953145893 0.065744325
1642661145.161530018 0.160048659 1.409041728 1.375178120 0.068103385 -0.287281027 0.953140825 0.065985671
1642661145.169862986 0.159851795 1.408361946 1.375038989 0.068391390 -0.287499015 0.953055809 0.065966346
1642661145.178196907 0.159650083 1.407665958 1.374879354 0.068743628 -0.287727314 0.952957780 0.066021029
1642661145.186530113 0.159471576 1.406937714 1.374704389 0.069065907 -0.288391173 0.952751839 0.065759903
1642661145.194864035 0.159279125 1.406259899 1.374552679 0.069345348 -0.288714547 0.952641394 0.065646835
1642661145.203197002 0.159068775 1.405598223 1.374404591 0.069627653 -0.288950167 0.952556808 0.065538679
1642661145.211529970 0.158857048 1.404938563 1.374233816 0.070014254 -0.289149070 0.952473386 0.065461965
1642661145.219863892 0.158608602 1.404309375 1.374091386 0.070272445 -0.288985974 0.952488880 0.065679709
1642661145.228197098 0.158385287 1.403641181 1.373937927 0.070520739 -0.289144640 0.952417355 0.065752454
1642661145.236530066 0.158196636 1.402952385 1.373759252 0.070857531 -0.289713972 0.952242863 0.065410656
1642661145.244863987 0.157985821 1.402278466 1.373603610 0.071103233 -0.290059595 0.952120626 0.065391701
1642661145.253196955 0.157772786 1.401638721 1.373447798 0.071421549 -0.290264497 0.952042901 0.065267132
1642661145.261529922 0.157564218 1.400981197 1.373294266 0.071685564 -0.290442315 0.951972048 0.065220104
1642661145.269864082 0.157320430 1.400345835 1.373151184 0.071897815 -0.290233467 0.951995430 0.065573933
1642661145.278197050 0.157098700 1.399684973 1.372993775 0.072125193 -0.290312743 0.951950118 0.065631096
1642661145.286530018 0.156929347 1.399002137 1.372850518 0.072297649 -0.290904884 0.951785551 0.065204787
1642661145.294862986 0.156734744 1.398309867 1.372687241 0.072565192 -0.291130574 0.951698838 0.065165964
1642661145.303196907 0.156542996 1.397612390 1.372534071 0.072813718 -0.291334323 0.951617501 0.065166000
1642661145.311530113 0.156350491 1.396909129 1.372405414 0.072942777 -0.291542177 0.951546487 0.065129046
1642661145.319864035 0.156178037 1.396189666 1.372291563 0.072995964 -0.291813297 0.951459060 0.065132534
1642661145.328197002 0.155963884 1.395465889 1.372155599 0.073167797 -0.291695608 0.951449382 0.065606552
1642661145.336529970 0.155820626 1.394690929 1.372012571 0.073358808 -0.292221033 0.951284125 0.065451249
1642661145.344863892 0.155669995 1.393924692 1.371879405 0.073542521 -0.292541741 0.951168383 0.065494540
1642661145.353197098 0.155520014 1.393152074 1.371752945 0.073672468 -0.292814029 0.951063393 0.065656191
1642661145.361530066 0.155378137 1.392375661 1.371653926 0.073673927 -0.293066566 0.950978718 0.065754222
1642661145.369863987 0.155196238 1.391610886 1.371583435 0.073585115 -0.292988335 0.950978739 0.066200493
1642661145.378196955 0.155063596 1.390820593 1.371460904 0.073720336 -0.293158230 0.950897895 0.066458694
1642661145.386529922 0.154981032 1.389998566 1.371357073 0.073746464 -0.293795275 0.950711288 0.066286057
1642661145.394864082 0.154873758 1.389191547 1.371270192 0.073729960 -0.294123473 0.950606098 0.066357528
1642661145.403197050 0.154770572 1.388342371 1.371120688 0.073966316 -0.294429242 0.950467937 0.066716610
1642661145.411530018 0.154684123 1.387519065 1.371012384 0.074059249 -0.294705627 0.950359461 0.066938142
1642661145.419862986 0.154607905 1.386686627 1.370915684 0.074100684 -0.295072205 0.950226626 0.067162806
1642661145.428196907 0.154546174 1.385855701 1.370806857 0.074246966 -0.295357570 0.950108393 0.067419109
1642661145.436530113 0.154474671 1.385020266 1.370679750 0.074468701 -0.295700251 0.949954717 0.067836647
1642661145.444864035 0.154403768 1.384203723 1.370576463 0.074604922 -0.296065153 0.949807347 0.068158154
1642661145.453197002 0.154343113 1.383396522 1.370474460 0.074763446 -0.296445242 0.949652221 0.068493099
1642661145.461529970 0.154283568 1.382599940 1.370365175 0.075010071 -0.296837297 0.949484147 0.068854648
1642661145.469863892 0.154227412 1.381815962 1.370270242 0.075219497 -0.297173835 0.949341248 0.069144293
1642661145.478197098 0.154168941 1.381065547 1.370211061 0.075338202 -0.297507644 0.949212003 0.069353656
1642661145.486530066 0.154111632 1.380320426 1.370119195 0.075622517 -0.297734297 0.949103844 0.069551538
1642661145.494863987 0.154048446 1.379573482 1.370010807 0.075998464 -0.298023993 0.948963905 0.069810025
1642661145.503196955 0.153982595 1.378846042 1.369908377 0.076416399 -0.298353739 0.948813237 0.069993009
1642661145.511529922 0.153904795 1.378168858 1.369867336 0.076615765 -0.298685306 0.948692591 0.069996279
1642661145.519864082 0.153831372 1.377464004 1.369798729 0.076916557 -0.299015602 0.948553091 0.070146611
1642661145.528197050 0.153743890 1.376771068 1.369704109 0.077373480 -0.299268905 0.948422859 0.070324585
1642661145.536530018 0.153646851 1.376119288 1.369644366 0.077716736 -0.299508839 0.948317021 0.070351923
1642661145.544862986 0.153546819 1.375490020 1.369591442 0.078067831 -0.299767106 0.948207302 0.070342083
1642661145.553196907 0.153444359 1.374863956 1.369533697 0.078470124 -0.299980042 0.948109563 0.070304131
1642661145.561530113 0.153332726 1.374256024 1.369458758 0.078949883 -0.300179280 0.948011766 0.070235372
1642661145.569864035 0.153206095 1.373664629 1.369397513 0.079352059 -0.300451348 0.947894978 0.070195075
1642661145.578197002 0.153071385 1.373072535 1.369339489 0.079748452 -0.300660728 0.947798989 0.070145474
1642661145.586529970 0.152936637 1.372475507 1.369259589 0.080237873 -0.300898492 0.947685415 0.070102328
1642661145.594863892 0.152800070 1.371897030 1.369200333 0.080666251 -0.301112118 0.947591886 0.069957598
1642661145.603197098 0.152664819 1.371332400 1.369145598 0.081045886 -0.301371630 0.947492153 0.069751876
1642661145.611530066 0.152530351 1.370780419 1.369078660 0.081492850 -0.301570569 0.947399494 0.069629780
1642661145.619863987 0.152382459 1.370228055 1.369022632 0.081903639 -0.301741182 0.947318171 0.069515009
1642661145.628196955 0.152233088 1.369659950 1.368966750 0.082272666 -0.301958293 0.947222095 0.069445667
1642661145.636529922 0.152085882 1.369101863 1.368889694 0.082766455 -0.302148512 0.947128994 0.069301225
1642661145.644864082 0.151939038 1.368552332 1.368841284 0.083110686 -0.302358501 0.947044558 0.069127102
1642661145.653197050 0.151799541 1.367991039 1.368780205 0.083483281 -0.302530285 0.946964097 0.069028742
1642661145.661530018 0.151660000 1.367445305 1.368730584 0.083869539 -0.302709640 0.946887174 0.068829167
1642661145.669862986 0.151369481 1.366755173 1.368773406 0.083885526 -0.301352072 0.947207445 0.070343474
1642661145.678196907 0.151211802 1.366170340 1.368731045 0.084196556 -0.301132153 0.947231280 0.070592271
1642661145.686530113 0.151099728 1.365631845 1.368686245 0.084519997 -0.301190502 0.947197979 0.070403407
1642661145.694864035 0.150989450 1.365068542 1.368636351 0.084825709 -0.301305509 0.947143440 0.070277266
1642661145.703197002 0.151079525 1.364747764 1.368458509 0.085459211 -0.303532693 0.946541139 0.068003673
1642661145.711529970 0.150835029 1.363956206 1.368544997 0.085314003 -0.301960651 0.946940043 0.069612073
1642661145.719863892 0.150710107 1.363317709 1.368569710 0.085363544 -0.301536102 0.947040315 0.070026327
1642661145.728197098 0.150623883 1.362737215 1.368597942 0.085345874 -0.301596926 0.947024726 0.069996745
1642661145.736530066 0.150560373 1.362145575 1.368630861 0.085300422 -0.301695486 0.947000230 0.069958810
1642661145.744863987 0.150702663 1.361820061 1.368509816 0.085655168 -0.304106513 0.946356395 0.067764255
1642661145.753196955 0.150519204 1.361019970 1.368669843 0.085269604 -0.302467453 0.946791037 0.069492926
1642661145.761529922 0.150468865 1.360335460 1.368743335 0.085045564 -0.302154849 0.946863979 0.070130633
1642661145.769864082 0.150468533 1.359730870 1.368790422 0.084903000 -0.302298907 0.946821410 0.070257164
1642661145.778197050 0.150488261 1.359102654 1.368834472 0.084754936 -0.302371623 0.946792263 0.070515342
1642661145.786530018 0.150526724 1.358496707 1.368863843 0.084694898 -0.302491143 0.946745165 0.070706970
1642661145.794862986 0.150579266 1.357875099 1.368888239 0.084636249 -0.302567305 0.946702048 0.071027905
1642661145.803196907 0.150647270 1.357267748 1.368924960 0.084536501 -0.302731292 0.946645443 0.071202179
1642661145.811530113 0.150723184 1.356670395 1.368943212 0.084533147 -0.302871549 0.946590303 0.071342629
1642661145.819864035 0.150807793 1.356057504 1.368945960 0.084599148 -0.302996823 0.946519369 0.071672829
1642661145.828197002 0.150906867 1.355446989 1.368960575 0.084611599 -0.303094318 0.946465174 0.071961008
1642661145.836529970 0.151012491 1.354863306 1.368971960 0.084687489 -0.303222592 0.946400600 0.072180286
1642661145.844863892 0.151123418 1.354280876 1.368972353 0.084799058 -0.303337798 0.946327007 0.072529276
1642661145.853197098 0.151232293 1.353704361 1.368954497 0.085013518 -0.303420755 0.946257520 0.072837176
1642661145.861530066 0.151341334 1.353127355 1.368956609 0.085146058 -0.303548771 0.946183537 0.073109557
1642661145.869863987 0.151438428 1.352550802 1.368948015 0.085290540 -0.303636333 0.946114192 0.073474059
1642661145.878196955 0.151545584 1.351974873 1.368916366 0.085551188 -0.303684610 0.946049454 0.073804349
1642661145.886529922 0.151837283 1.351680516 1.368799553 0.085952989 -0.305990804 0.945419560 0.071857957
1642661145.894864082 0.151936153 1.351068711 1.368858647 0.085937094 -0.305953996 0.945423076 0.071987324
1642661145.903197050 0.152037344 1.350600197 1.368821181 0.086111914 -0.306529343 0.945227100 0.071904302
1642661145.911530018 0.151918990 1.349831871 1.368974505 0.085815051 -0.304598685 0.945703224 0.074167587
1642661145.919862986 0.152088143 1.349373531 1.368947329 0.085966851 -0.305743009 0.945391461 0.073252293
1642661145.928196907 0.152171092 1.348863640 1.368962712 0.085988430 -0.306102316 0.945276479 0.073210254
1642661145.936530113 0.152214611 1.348311376 1.369005525 0.085845793 -0.306136445 0.945258605 0.073465273
1642661145.944864035 0.152254008 1.347768460 1.369048892 0.085697578 -0.306192073 0.945232116 0.073746773
1642661145.953197002 0.152279073 1.347238527 1.369118961 0.085404517 -0.306257354 0.945220453 0.073964839
1642661145.961529970 0.152307138 1.346723983 1.369171116 0.085213261 -0.306238263 0.945229134 0.074153290
1642661145.969863892 0.152333886 1.346201316 1.369200107 0.085114073 -0.306263010 0.945205992 0.074459357
1642661145.978197098 0.152364977 1.345690592 1.369233787 0.085047531 -0.306303233 0.945180829 0.074689007
1642661145.986530066 0.152389002 1.345185166 1.369270516 0.084973507 -0.306330806 0.945161418 0.074905510
1642661145.994863987 0.152417908 1.344661568 1.369294342 0.084893728 -0.306405926 0.945126852 0.075124547
1642661146.003196955 0.152447514 1.344164799 1.369317766 0.084875557 -0.306450880 0.945102980 0.075261904
1642661146.011529922 0.152479652 1.343650103 1.369320910 0.084926553 -0.306517767 0.945060327 0.075467329
1642661146.019864082 0.152512008 1.343138497 1.369322028 0.084997623 -0.306604527 0.945012769 0.075630245
1642661146.028197050 0.152541612 1.342613365 1.369320752 0.085089641 -0.306664096 0.944974140 0.075767806
1642661146.036530018 0.152570649 1.342091085 1.369307019 0.085231532 -0.306731689 0.944927617 0.075914788
1642661146.044862986 0.152607970 1.341579172 1.369264784 0.085519637 -0.306817935 0.944859867 0.076085333
1642661146.053196907 0.152645980 1.341053027 1.369219094 0.085778885 -0.306947468 0.944782188 0.076235505
1642661146.061530113 0.152685726 1.340526622 1.369170683 0.086111507 -0.307047052 0.944710974 0.076341944
1642661146.069864035 0.152738406 1.340000502 1.369100035 0.086541428 -0.307191797 0.944622925 0.076363020
1642661146.078197002 0.152782805 1.339426668 1.368994444 0.087085979 -0.307377963 0.944502919 0.076479117
1642661146.086529970 0.152819527 1.338926220 1.368951569 0.087397795 -0.307591615 0.944414301 0.076358699
1642661146.094863892 0.152889896 1.338524954 1.368776915 0.088139395 -0.308250805 0.944161041 0.075979057
1642661146.103197098 0.152935786 1.338013928 1.368650642 0.088738820 -0.308582446 0.944008349 0.075832269
1642661146.111530066 0.152972532 1.337470347 1.368508102 0.089479846 -0.308715818 0.943892921 0.075855486
1642661146.119863987 0.152996668 1.336935243 1.368376762 0.090151844 -0.308879451 0.943779965 0.075799131
1642661146.128196955 0.153015941 1.336390283 1.368261984 0.090716881 -0.309117638 0.943659210 0.075657304
1642661146.136529922 0.153024944 1.335839960 1.368122337 0.091404368 -0.309294507 0.943542661 0.075560554
1642661146.144864082 0.153025240 1.335286762 1.367975931 0.092157082 -0.309479486 0.943417710 0.075448959
1642661146.153197050 0.153040290 1.334728652 1.367830681 0.092879323 -0.309648128 0.943308210 0.075240203
1642661146.161530018 0.153042187 1.334182202 1.367684906 0.093600455 -0.309819038 0.943200444 0.074993606
1642661146.169862986 0.153041815 1.333621582 1.367552612 0.094316731 -0.309959807 0.943099382 0.074785207
1642661146.178196907 0.153043888 1.333031166 1.367412086 0.094984791 -0.310182388 0.942973932 0.074598516
1642661146.186530113 0.153032875 1.332451467 1.367275255 0.095669307 -0.310407992 0.942844711 0.074418507
1642661146.194864035 0.153015301 1.331861765 1.367164549 0.096258907 -0.310608309 0.942739815 0.074150813
1642661146.203197002 0.153004526 1.331237954 1.367041383 0.096867590 -0.310812260 0.942620610 0.074018873
1642661146.211529970 0.152998813 1.330754918 1.367157102 0.096637003 -0.311449316 0.942495755 0.073228174
1642661146.219863892 0.152990330 1.329977188 1.366862757 0.097825953 -0.311322376 0.942376214 0.073726064
1642661146.228197098 0.152976190 1.329309119 1.366720530 0.098463228 -0.311439783 0.942267551 0.073770709
1642661146.236530066 0.152974301 1.328679150 1.366631167 0.098909861 -0.311624940 0.942174846 0.073575098
1642661146.244863987 0.152974049 1.328260393 1.366791715 0.098515458 -0.312331697 0.942054996 0.072636074
1642661146.253196955 0.152973060 1.327668967 1.366755375 0.098732966 -0.312634842 0.941949643 0.072402536
1642661146.261529922 0.152994081 1.326799752 1.366403692 0.100040574 -0.312327496 0.941851905 0.073201148
1642661146.269864082 0.152999139 1.326321882 1.366504239 0.099737276 -0.312951449 0.941727144 0.072552409
1642661146.278197050 0.153012802 1.325700761 1.366455093 0.099910326 -0.313325350 0.941595794 0.072405193
1642661146.286530018 0.153031338 1.325053578 1.366350448 0.100305297 -0.313483416 0.941504028 0.072368229
1642661146.294862986 0.153035082 1.324189498 1.366011623 0.101471651 -0.313156252 0.941424643 0.073186798
1642661146.303196907 0.153032341 1.323718927 1.366096025 0.101164028 -0.313629942 0.941346120 0.072591878
1642661146.311530113 0.153032001 1.323139587 1.366054999 0.101321729 -0.313889559 0.941262830 0.072329366
1642661146.319864035 0.153033073 1.322503929 1.365957913 0.101631883 -0.313973166 0.941204038 0.072296408
1642661146.328197002 0.153024855 1.321876760 1.365866969 0.101872035 -0.314134420 0.941127039 0.072260305
1642661146.336529970 0.153027846 1.321260297 1.365764092 0.102190290 -0.314184344 0.941071828 0.072312909
1642661146.344863892 0.153039904 1.320679819 1.365661509 0.102521661 -0.314265119 0.941013013 0.072258245
1642661146.353197098 0.153016667 1.319927597 1.365278347 0.104007132 -0.313912338 0.940917544 0.072909091
1642661146.361530066 0.153017107 1.319299758 1.365097177 0.104662796 -0.313902649 0.940836884 0.073053292
1642661146.369863987 0.153063947 1.318670248 1.365073322 0.104583580 -0.314058426 0.940798995 0.072985149
1642661146.378196955 0.153091525 1.318060225 1.364964791 0.104876998 -0.314154372 0.940729787 0.073043230
1642661146.386529922 0.153100366 1.317467752 1.364827054 0.105316923 -0.314226800 0.940650853 0.073115233
1642661146.394864082 0.153112081 1.316886337 1.364710016 0.105668565 -0.314302825 0.940589255 0.073073533
1642661146.403197050 0.153116730 1.316321536 1.364601370 0.105966446 -0.314385894 0.940537278 0.072953751
1642661146.411530018 0.153122097 1.315752139 1.364504334 0.106154980 -0.314460827 0.940495215 0.072898966
1642661146.419862986 0.153102094 1.315235805 1.364347483 0.106698097 -0.314512506 0.940426865 0.072764766
1642661146.428196907 0.153146330 1.314792003 1.364448392 0.106025180 -0.314916181 0.940410119 0.072216819
1642661146.436530113 0.153163273 1.314261133 1.364418988 0.105919502 -0.315051420 0.940395608 0.071970568
1642661146.444864035 0.153188833 1.313597153 1.364239436 0.106321122 -0.314916253 0.940375447 0.072232901
1642661146.453197002 0.153242640 1.312937154 1.364172760 0.106250046 -0.314941964 0.940367837 0.072324396
1642661146.461529970 0.153255287 1.312394854 1.364046611 0.106611620 -0.314954169 0.940328554 0.072249871
1642661146.469863892 0.153298485 1.311820291 1.363967700 0.106728043 -0.315021398 0.940296064 0.072207726
1642661146.478197098 0.153376147 1.311165897 1.363944473 0.106532409 -0.314988822 0.940325273 0.072258353
1642661146.486530066 0.153454083 1.310560294 1.363903963 0.106477621 -0.314974155 0.940338627 0.072229254
1642661146.494863987 0.153489631 1.310014626 1.363800706 0.106790508 -0.315010272 0.940298083 0.072137581
1642661146.503196955 0.153546769 1.309423642 1.363732901 0.106880963 -0.315017920 0.940285681 0.072131878
1642661146.511529922 0.153601332 1.308880952 1.363784246 0.106514243 -0.315239797 0.940273698 0.071860686
1642661146.519864082 0.153654092 1.308265248 1.363763826 0.106383799 -0.315309152 0.940263749 0.071879820
1642661146.528197050 0.153710703 1.307623890 1.363746734 0.106183969 -0.315458454 0.940234115 0.071907842
1642661146.536530018 0.153768267 1.306974670 1.363735805 0.105970539 -0.315456637 0.940252346 0.071992227
1642661146.544862986 0.153823863 1.306308130 1.363719668 0.105803538 -0.315467029 0.940257454 0.072125480
1642661146.553196907 0.153912226 1.305465372 1.363637557 0.105713523 -0.315317537 0.940270222 0.072742095
1642661146.561530113 0.153932666 1.304915875 1.363704261 0.105356979 -0.315520849 0.940259580 0.072514979
1642661146.569864035 0.153964026 1.304275892 1.363729320 0.105092177 -0.315661398 0.940238101 0.072566030
1642661146.578197002 0.153999475 1.303620392 1.363745466 0.104876568 -0.315733229 0.940233185 0.072629141
1642661146.586529970 0.154071020 1.302719538 1.363493313 0.105607991 -0.315231940 0.940237994 0.073676936
1642661146.594863892 0.154070110 1.302221860 1.363685633 0.104929045 -0.315744106 0.940186011 0.073115117
1642661146.603197098 0.154061638 1.301592457 1.363741565 0.104735366 -0.315933340 0.940145661 0.073094216
1642661146.611530066 0.154051379 1.300914336 1.363749544 0.104700304 -0.316048298 0.940100806 0.073224279
1642661146.619863987 0.154033384 1.300253872 1.363753506 0.104755230 -0.316199301 0.940038783 0.073290038
1642661146.628196955 0.154006710 1.299574542 1.363724712 0.104995054 -0.316348490 0.939950725 0.073432327
1642661146.636529922 0.154002092 1.298651089 1.363495035 0.105795268 -0.315939020 0.939920626 0.074425218
1642661146.644864082 0.153961296 1.297933991 1.363430823 0.106195305 -0.315983343 0.939836029 0.074735021
1642661146.653197050 0.153912566 1.297289685 1.363406655 0.106523817 -0.316078022 0.939755444 0.074880338
1642661146.661530018 0.153833729 1.296722757 1.363332851 0.107210578 -0.316164329 0.939655788 0.074786416
1642661146.669862986 0.153757871 1.296450642 1.363762440 0.106134023 -0.317208225 0.939540759 0.073332617
1642661146.678196907 0.153764383 1.295581584 1.363520106 0.107218138 -0.316724404 0.939505073 0.074297647
1642661146.686530113 0.153661096 1.295264652 1.363804039 0.106811620 -0.317566547 0.939354355 0.073185802
1642661146.694864035 0.153658487 1.294406521 1.363533843 0.108075286 -0.317174948 0.939263692 0.074185593
1642661146.703197002 0.153609741 1.293758041 1.363482140 0.108696075 -0.317194847 0.939168874 0.074393668
1642661146.711529970 0.153501445 1.293270311 1.363427057 0.109626418 -0.317354117 0.939012891 0.074318254
1642661146.719863892 0.153465430 1.292675388 1.363515452 0.109755349 -0.317668068 0.938891455 0.074320909
1642661146.728197098 0.153367741 1.292191106 1.363487824 0.110564189 -0.317869403 0.938733666 0.074254345
1642661146.736530066 0.153294807 1.291696108 1.363517878 0.111114172 -0.318116379 0.938589161 0.074202399
1642661146.744863987 0.153227873 1.291213446 1.363576373 0.111561653 -0.318355209 0.938463226 0.074099468
1642661146.753196955 0.152976442 1.290555808 1.363770203 0.111617756 -0.316650077 0.938877295 0.076050176
1642661146.761529922 0.152869199 1.290042174 1.363880912 0.111961554 -0.316325487 0.938904342 0.076559992
1642661146.769864082 0.152800979 1.289583042 1.363982100 0.112323927 -0.316511123 0.938798712 0.076557319
1642661146.778197050 0.152724007 1.289142427 1.364126534 0.112512307 -0.316753329 0.938701082 0.076476058
1642661146.786530018 0.152646710 1.288693042 1.364244022 0.112815260 -0.316937044 0.938601132 0.076495369
1642661146.794862986 0.152561740 1.288265918 1.364415063 0.112915865 -0.317158366 0.938519533 0.076430789
1642661146.803196907 0.152463677 1.287852752 1.364595637 0.112958160 -0.317336273 0.938454643 0.076426617
1642661146.811530113 0.152369838 1.287442004 1.364802436 0.112878100 -0.317516907 0.938407913 0.076368436
1642661146.819864035 0.152268877 1.287032377 1.365020578 0.112720002 -0.317669734 0.938373960 0.076383587
1642661146.828197002 0.152174343 1.286951946 1.365686181 0.111094132 -0.318685846 0.938338424 0.074956175
1642661146.836529970 0.152102423 1.286281562 1.365507108 0.112250331 -0.318171806 0.938273372 0.076221024
1642661146.844863892 0.151968652 1.285779939 1.365683784 0.112301151 -0.316872979 0.938609225 0.077412465
1642661146.853197098 0.151943858 1.285363668 1.365813912 0.112223957 -0.318035867 0.938270359 0.076861596
1642661146.861530066 0.151881933 1.284926855 1.365989766 0.112066684 -0.318532194 0.938125200 0.076807615
1642661146.869863987 0.151822592 1.284492639 1.366190024 0.111848514 -0.318788365 0.938053518 0.076938188
1642661146.878196955 0.151775983 1.284039662 1.366362551 0.111688625 -0.319015734 0.937977669 0.077152482
1642661146.886529922 0.151740204 1.283560323 1.366542100 0.111442112 -0.319225187 0.937913546 0.077421677
1642661146.894864082 0.151715285 1.283076762 1.366711898 0.111192366 -0.319467986 0.937836297 0.077714501
1642661146.903197050 0.151697777 1.282918213 1.367336419 0.109404492 -0.320633538 0.937749462 0.076490111
1642661146.911530018 0.151726178 1.282173710 1.367130589 0.110337797 -0.320155097 0.937682318 0.077962525
1642661146.919862986 0.151767759 1.281574280 1.367135307 0.110465401 -0.320131208 0.937612583 0.078714985
1642661146.928196907 0.151857525 1.280955450 1.367274761 0.109953952 -0.320316092 0.937561920 0.079280369
1642661146.936530113 0.151835445 1.280453458 1.367375608 0.109935584 -0.319208804 0.937839169 0.080483540
1642661146.944864035 0.151923474 1.279845604 1.367477504 0.109514162 -0.319076825 0.937874354 0.081168493
1642661146.953197002 0.152090231 1.279274766 1.367428881 0.109381148 -0.320486496 0.937441765 0.080790519
1642661146.961529970 0.152200060 1.278715308 1.367413186 0.109264170 -0.320935839 0.937284458 0.080989956
1642661146.969863892 0.152301958 1.278143583 1.367405343 0.109116725 -0.321015174 0.937235827 0.081435884
1642661146.978197098 0.152370145 1.277626571 1.367326407 0.109332618 -0.321044501 0.937163331 0.081863903
1642661146.986530066 0.152492940 1.276999832 1.367334624 0.108924220 -0.321043146 0.937157555 0.082477454
1642661146.994863987 0.152598434 1.276413922 1.367339431 0.108569006 -0.321105673 0.937138783 0.082914530
1642661147.003196955 0.152695520 1.275835834 1.367311140 0.108324318 -0.321120492 0.937115802 0.083435279
1642661147.011529922 0.152790909 1.275254079 1.367265135 0.108097161 -0.321202709 0.937074913 0.083871516
1642661147.019864082 0.152876010 1.274671776 1.367221008 0.107801607 -0.321274581 0.937043249 0.084329159
1642661147.028197050 0.152957373 1.274109525 1.367210670 0.107342545 -0.321265061 0.937066370 0.084693314
1642661147.036530018 0.153030741 1.273547979 1.367201275 0.106857668 -0.321299533 0.937080216 0.085021867
1642661147.044862986 0.153100396 1.273004407 1.367191629 0.106280268 -0.321346903 0.937108858 0.085250580
1642661147.053196907 0.153138161 1.272454940 1.367190259 0.105596355 -0.321364971 0.937150701 0.085571779
1642661147.061530113 0.153412547 1.272329279 1.366999773 0.105364534 -0.324208349 0.936425768 0.083030375
1642661147.069864035 0.153453026 1.271684284 1.367019835 0.104655384 -0.323823124 0.936601921 0.083442659
1642661147.078197002 0.153460598 1.271107475 1.367030413 0.103870275 -0.323459616 0.936770574 0.083938874
1642661147.086529970 0.153481263 1.270599082 1.367009125 0.103140478 -0.323377522 0.936858503 0.084173426
1642661147.094863892 0.153497638 1.270096218 1.366974896 0.102457983 -0.323299819 0.936935454 0.084448465
1642661147.103197098 0.153508791 1.269595178 1.366913358 0.101843284 -0.323192459 0.937010101 0.084774111
1642661147.111530066 0.153515708 1.269130693 1.366834259 0.101336923 -0.323097346 0.937076723 0.085006760
1642661147.119863987 0.153525673 1.268668266 1.366748859 0.100826393 -0.323010687 0.937143356 0.085208364
1642661147.128196955 0.153536040 1.268225241 1.366653971 0.100333352 -0.323008926 0.937186541 0.085321976
1642661147.136529922 0.153543798 1.267800202 1.366519815 0.100009311 -0.322951414 0.937226317 0.085483054
1642661147.144864082 0.153552451 1.267412409 1.366388349 0.099718949 -0.322858103 0.937286192 0.085518244
1642661147.153197050 0.153569728 1.267044832 1.366240490 0.099499154 -0.322739316 0.937352082 0.085500451
1642661147.161530018 0.153580283 1.266695597 1.366041265 0.099437266 -0.322622073 0.937394519 0.085549662
1642661147.169862986 0.153604777 1.266375473 1.365821457 0.099495933 -0.322484952 0.937436915 0.085533881
1642661147.178196907 0.153620602 1.266070964 1.365573975 0.099644407 -0.322344011 0.937470163 0.085527911
1642661147.186530113 0.153636536 1.265812474 1.365303175 0.099943883 -0.322181259 0.937501777 0.085445156
1642661147.194864035 0.153655213 1.265556556 1.365012832 0.100291446 -0.322046680 0.937512540 0.085427164
1642661147.203197002 0.153676141 1.265336737 1.364723910 0.100621343 -0.321946671 0.937519370 0.085341176
1642661147.211529970 0.153693061 1.265166316 1.364405572 0.101147580 -0.321812222 0.937520838 0.085209966
1642661147.219863892 0.153713414 1.265029499 1.364073082 0.101699617 -0.321727749 0.937509912 0.084991809
1642661147.228197098 0.153732844 1.264926750 1.363710783 0.102370789 -0.321519056 0.937523554 0.084825136
1642661147.236530066 0.153732409 1.264866043 1.363352738 0.102992534 -0.321331698 0.937542655 0.084570969
1642661147.244863987 0.153723883 1.264847899 1.363001408 0.103557452 -0.321130197 0.937576182 0.084274274
1642661147.253196955 0.153719641 1.264864561 1.362637206 0.104190358 -0.320865350 0.937627007 0.083936836
1642661147.261529922 0.153705597 1.264923079 1.362278942 0.104771542 -0.320560517 0.937705138 0.083504207
1642661147.269864082 0.153689208 1.265002315 1.361932200 0.105271913 -0.320223916 0.937802857 0.083067863
1642661147.278197050 0.153638292 1.265148020 1.361494011 0.106218367 -0.319780829 0.937881305 0.082683361
1642661147.286530018 0.153601356 1.265264558 1.361082958 0.106905914 -0.319474948 0.937939014 0.082324286
1642661147.294862986 0.153568044 1.265387298 1.360689113 0.107520300 -0.319062143 0.938038684 0.081988783
1642661147.303196907 0.153556294 1.265504244 1.360424995 0.107463499 -0.318726617 0.938200378 0.081516815
1642661147.311530113 0.153516901 1.265655625 1.360115903 0.107648386 -0.318324226 0.938358956 0.081018404
1642661147.319864035 0.153454272 1.265811198 1.359794290 0.107832611 -0.317928912 0.938512498 0.080545805
1642661147.328197002 0.153338667 1.265996414 1.359352957 0.108550130 -0.317438740 0.938626704 0.080183699
1642661147.336529970 0.153282466 1.266131849 1.359065498 0.108459460 -0.317006939 0.938820915 0.079739796
1642661147.344863892 0.153169349 1.266306460 1.358646810 0.108956559 -0.316514232 0.938959413 0.079387851
1642661147.353197098 0.153077018 1.266449806 1.358288137 0.109112191 -0.316050375 0.939131156 0.078989628
1642661147.361530066 0.153036389 1.266556953 1.358062585 0.108565301 -0.315671940 0.939363400 0.078493335
1642661147.369863987 0.152968357 1.266655075 1.357743882 0.108382107 -0.315295010 0.939537495 0.078177170
1642661147.378196955 0.152897646 1.266782009 1.357402916 0.108300274 -0.314905147 0.939712136 0.077761814
1642661147.386529922 0.152822409 1.266875547 1.357054720 0.108183740 -0.314587114 0.939854475 0.077490586
1642661147.394864082 0.152755402 1.266974716 1.356683220 0.108175548 -0.314214702 0.940006941 0.077162962
1642661147.403197050 0.152686983 1.267045897 1.356295859 0.108151355 -0.313831048 0.940153041 0.076978036
1642661147.411530018 0.152631538 1.267111451 1.355914779 0.108139412 -0.313518762 0.940273937 0.076790477
1642661147.419862986 0.152575919 1.267159288 1.355543139 0.108056319 -0.313277894 0.940376843 0.076630186
1642661147.428196907 0.152543241 1.267197042 1.355123763 0.108189960 -0.313017331 0.940452150 0.076582226
1642661147.436530113 0.152531483 1.267230587 1.354688507 0.108418206 -0.312831646 0.940487109 0.076588852
1642661147.444864035 0.152538683 1.267269596 1.354252147 0.108623883 -0.312641231 0.940525992 0.076597456
1642661147.453197002 0.152576796 1.267296780 1.353807932 0.108903021 -0.312477953 0.940543462 0.076652828
1642661147.461529970 0.152627879 1.267333133 1.353372805 0.109185933 -0.312371860 0.940542033 0.076700306
1642661147.469863892 0.152710849 1.267387050 1.352916316 0.109594544 -0.312223636 0.940534967 0.076807633
1642661147.478197098 0.152809743 1.267437391 1.352451639 0.110072483 -0.312131416 0.940500941 0.076915586
1642661147.486530066 0.152928423 1.267518302 1.351963443 0.110734868 -0.311983688 0.940459081 0.077075831
1642661147.494863987 0.153069206 1.267629167 1.351483785 0.111394614 -0.311856392 0.940419759 0.077120086
1642661147.503196955 0.153217802 1.267784566 1.350983285 0.112189341 -0.311710137 0.940372173 0.077139601
1642661147.511529922 0.153352117 1.267969483 1.350497831 0.112951273 -0.311543959 0.940332093 0.077187604
1642661147.519864082 0.153487419 1.268199197 1.350015953 0.113712714 -0.311315384 0.940318702 0.077154964
1642661147.528197050 0.153617444 1.268464704 1.349537163 0.114491819 -0.311063085 0.940309537 0.077132060
1642661147.536530018 0.153743268 1.268794243 1.349056373 0.115355210 -0.310737463 0.940319793 0.077033052
1642661147.544862986 0.153792729 1.269187435 1.348414527 0.116978578 -0.310335478 0.940250321 0.077053468
1642661147.553196907 0.153859984 1.269581094 1.347897058 0.118058211 -0.309956033 0.940245338 0.076994944
1642661147.561530113 0.153925425 1.270029936 1.347466040 0.118771342 -0.309545886 0.940311670 0.076737710
1642661147.569864035 0.153971733 1.270489079 1.347051746 0.119419080 -0.309188095 0.940363872 0.076534913
1642661147.578197002 0.154004303 1.270964264 1.346658822 0.119943703 -0.308875643 0.940416324 0.076331398
1642661147.586529970 0.154019740 1.271466375 1.346272156 0.120469769 -0.308437275 0.940509909 0.076122220
1642661147.594863892 0.154016259 1.271970002 1.345900745 0.120888166 -0.308127804 0.940565328 0.076027432
1642661147.603197098 0.153997345 1.272488339 1.345554822 0.121219937 -0.307797722 0.940650656 0.075780162
1642661147.611530066 0.153967705 1.273016289 1.345255732 0.121297049 -0.307308601 0.940834186 0.075362358
1642661147.619863987 0.153929626 1.273538380 1.344946328 0.121418491 -0.306904362 0.940974701 0.075059138
1642661147.628196955 0.153885092 1.274059180 1.344664067 0.121404247 -0.306549825 0.941116894 0.074747605
1642661147.636529922 0.153838064 1.274568100 1.344368404 0.121463815 -0.306189021 0.941243277 0.074538041
1642661147.644864082 0.153802101 1.275094086 1.344127181 0.121311781 -0.305793432 0.941420940 0.074164971
1642661147.653197050 0.153759839 1.275617454 1.343870513 0.121204504 -0.305400237 0.941588571 0.073831747
1642661147.661530018 0.153735599 1.276137258 1.343615762 0.121088184 -0.305079384 0.941736045 0.073467289
1642661147.669862986 0.153775382 1.276653600 1.343382274 0.121016235 -0.304765756 0.941908257 0.072675579
1642661147.678196907 0.153800907 1.277148886 1.343140780 0.120912577 -0.304406511 0.942069583 0.072261508
1642661147.686530113 0.153770481 1.277633079 1.342893694 0.120723322 -0.303927101 0.942234747 0.072442244
1642661147.694864035 0.153848811 1.278140090 1.342667844 0.120666703 -0.303610921 0.942392369 0.071809317
1642661147.703197002 0.153926107 1.278621872 1.342434926 0.120573992 -0.303234104 0.942552933 0.071449000
1642661147.711529970 0.153954342 1.279098098 1.342193171 0.120471412 -0.302681076 0.942726857 0.071672019
1642661147.719863892 0.154087175 1.279561938 1.341962733 0.120489883 -0.302444341 0.942843907 0.071098356
1642661147.728197098 0.154218024 1.280019155 1.341726163 0.120482208 -0.302125715 0.942973297 0.070749210
1642661147.736530066 0.154348806 1.280456778 1.341487804 0.120481735 -0.301704784 0.943124467 0.070530943
1642661147.744863987 0.154501598 1.280897656 1.341262606 0.120467359 -0.301334241 0.943266556 0.070238839
1642661147.753196955 0.154657421 1.281330681 1.341040683 0.120433532 -0.300902800 0.943428140 0.069975812
1642661147.761529922 0.154821114 1.281737438 1.340810403 0.120432776 -0.300490306 0.943575996 0.069755731
1642661147.769864082 0.154999786 1.282128204 1.340584816 0.120436638 -0.300140709 0.943703089 0.069534530
1642661147.778197050 0.155177381 1.282492200 1.340352737 0.120471163 -0.299754170 0.943830678 0.069410281
1642661147.786530018 0.155370744 1.282838704 1.340115261 0.120551671 -0.299365007 0.943955470 0.069252857
1642661147.794862986 0.155578898 1.283186641 1.339885281 0.120668827 -0.298978200 0.944077278 0.069059124
1642661147.803196907 0.155790603 1.283527687 1.339651423 0.120886919 -0.298577844 0.944189523 0.068875027
1642661147.811530113 0.156016406 1.283864334 1.339444375 0.121061701 -0.298207115 0.944301228 0.068642348
1642661147.819864035 0.156252905 1.284178217 1.339218346 0.121368869 -0.297910231 0.944356430 0.068629619
1642661147.828197002 0.156501500 1.284518303 1.339032253 0.121591101 -0.297637268 0.944429221 0.068418622
1642661147.836529970 0.156748231 1.284834378 1.338917403 0.121496204 -0.297325456 0.944566784 0.068042896
1642661147.844863892 0.157003804 1.285193784 1.338828030 0.121404314 -0.297062832 0.944692732 0.067604063
1642661147.853197098 0.157256194 1.285543961 1.338727737 0.121393959 -0.296806009 0.944795904 0.067308244
1642661147.861530066 0.157507036 1.285897257 1.338659703 0.121279415 -0.296564449 0.944906751 0.067022853
1642661147.869863987 0.157754040 1.286257529 1.338609155 0.121110694 -0.296353740 0.945016519 0.066711608
1642661147.878196955 0.158002117 1.286634511 1.338580141 0.120911778 -0.296143934 0.945129815 0.066398379
1642661147.886529922 0.158256450 1.287031471 1.338594440 0.120579750 -0.295946261 0.945263708 0.065976187
1642661147.894864082 0.158504776 1.287430917 1.338625324 0.120244495 -0.295712422 0.945405774 0.065599912
1642661147.903197050 0.158757877 1.287843117 1.338663068 0.119917445 -0.295541008 0.945530308 0.065174805
1642661147.911530018 0.159033559 1.288270791 1.338694596 0.119708326 -0.295323754 0.945649665 0.064811324
1642661147.919862986 0.159298179 1.288797059 1.338817485 0.119327267 -0.295123140 0.945799860 0.064233646
1642661147.928196907 0.159596304 1.289187324 1.338837226 0.119226742 -0.294921241 0.945899757 0.063875622
1642661147.936530113 0.159899577 1.289630307 1.338924037 0.118965218 -0.294752899 0.946017221 0.063398923
1642661147.944864035 0.160206968 1.290095782 1.339033443 0.118659757 -0.294587340 0.946137452 0.062945085
1642661147.953197002 0.160519337 1.290558395 1.339143777 0.118414839 -0.294444366 0.946237683 0.062567472
1642661147.961529970 0.160838126 1.291023220 1.339298754 0.117996877 -0.294381483 0.946336352 0.062159377
1642661147.969863892 0.161159542 1.291514940 1.339502741 0.117450244 -0.294316037 0.946461550 0.061595814
1642661147.978197098 0.161498625 1.292002023 1.339685035 0.117050638 -0.294201391 0.946577867 0.061114905
1642661147.986530066 0.161889347 1.292478436 1.340087118 0.115610091 -0.294358196 0.946751405 0.060409734
1642661147.994863987 0.162258640 1.292960434 1.340349560 0.114830719 -0.294400414 0.946866241 0.059888431
1642661148.003196955 0.162606545 1.293443395 1.340561394 0.114340991 -0.294434094 0.946941933 0.059461568
1642661148.011529922 0.162954197 1.293922492 1.340771594 0.113877886 -0.294502157 0.947004174 0.059020352
1642661148.019864082 0.163316847 1.294395947 1.341005552 0.113332691 -0.294646678 0.947052262 0.058575159
1642661148.028197050 0.163683376 1.294858388 1.341228213 0.112879812 -0.294747696 0.947099921 0.058169438
1642661148.036530018 0.164066218 1.295345728 1.341445223 0.112498095 -0.294865983 0.947138648 0.057676781
1642661148.044862986 0.164466913 1.295834394 1.341659866 0.112128817 -0.294982232 0.947175989 0.057186166
1642661148.053196907 0.164869281 1.296276968 1.341847444 0.111813229 -0.295093535 0.947199355 0.056841789
1642661148.061530113 0.165289620 1.296704004 1.342030999 0.111502342 -0.295225750 0.947214992 0.056504370
1642661148.069864035 0.165732270 1.297109209 1.342219967 0.111155382 -0.295380122 0.947224289 0.056224650
1642661148.078197002 0.165984783 1.297882553 1.343027503 0.108752080 -0.295763145 0.947484435 0.054501305
1642661148.086529970 0.166578281 1.298011981 1.342797998 0.109636243 -0.295643823 0.947380966 0.055171816
1642661148.094863892 0.167112835 1.298274174 1.342801057 0.109772575 -0.295613532 0.947369412 0.055261374
1642661148.103197098 0.167542909 1.298613177 1.342976065 0.109195261 -0.295567734 0.947439952 0.055440479
1642661148.111530066 0.168021709 1.298956551 1.343148863 0.108631742 -0.295582423 0.947509731 0.055276449
1642661148.119863987 0.168520575 1.299277323 1.343320234 0.107999576 -0.295692962 0.947564430 0.054985583
1642661148.128196955 0.169035021 1.299600367 1.343476440 0.107420502 -0.295679683 0.947652905 0.054665648
1642661148.136529922 0.169553411 1.299917713 1.343606656 0.106932042 -0.295692645 0.947722531 0.054345217
1642661148.144864082 0.170094665 1.300232360 1.343742153 0.106393133 -0.295732777 0.947796886 0.053885889
1642661148.153197050 0.170646480 1.300537683 1.343853191 0.105905905 -0.295788468 0.947862704 0.053379915
1642661148.161530018 0.171204803 1.300824675 1.343918350 0.105564696 -0.295841453 0.947909054 0.052937267
1642661148.169862986 0.171766249 1.301195335 1.344009868 0.105222448 -0.295919180 0.947953177 0.052391304
1642661148.178196907 0.172342779 1.301403144 1.343981093 0.105104741 -0.296039691 0.947945750 0.052080219
1642661148.186530113 0.172933130 1.301659514 1.343948826 0.105035907 -0.296175165 0.947936776 0.051610055
1642661148.194864035 0.173538082 1.301941817 1.343934316 0.104863234 -0.296371518 0.947927939 0.050992628
1642661148.203197002 0.174156643 1.302233931 1.343898065 0.104793088 -0.296481641 0.947936649 0.050330455
1642661148.211529970 0.174790097 1.302527506 1.343806922 0.104929292 -0.296567758 0.947925340 0.049748949
1642661148.219863892 0.175435026 1.302822442 1.343721335 0.104965775 -0.296725162 0.947904048 0.049135326
1642661148.228197098 0.176092103 1.303112218 1.343594392 0.105186338 -0.296899936 0.947856862 0.048514232
1642661148.236530066 0.176768141 1.303395024 1.343436727 0.105466825 -0.297076980 0.947801762 0.047894022
1642661148.244863987 0.177450767 1.303668779 1.343259211 0.105746892 -0.297231921 0.947749011 0.047356013
1642661148.253196955 0.178153113 1.303959149 1.343070671 0.106091520 -0.297330814 0.947707201 0.046797831
1642661148.261529922 0.178858016 1.304260591 1.342864457 0.106433860 -0.297439309 0.947663665 0.046208965
1642661148.269864082 0.179588455 1.304576211 1.342646042 0.106838576 -0.297535495 0.947618204 0.045583848
1642661148.278197050 0.180338552 1.304884430 1.342426963 0.107237763 -0.297641328 0.947565777 0.045042203
1642661148.286530018 0.181057710 1.305241809 1.342118515 0.108041290 -0.297718195 0.947476284 0.044493220
1642661148.294862986 0.181868129 1.305564770 1.341865854 0.108576413 -0.298002180 0.947366726 0.043613634
1642661148.303196907 0.182618188 1.305865748 1.341641957 0.108812386 -0.297931475 0.947366081 0.043522523
1642661148.311530113 0.183395565 1.306181375 1.341437122 0.108991249 -0.297952116 0.947354839 0.043176994
1642661148.319864035 0.184242779 1.306498175 1.341232730 0.109199507 -0.298231505 0.947280760 0.042339098
1642661148.328197002 0.185059528 1.306829773 1.341026317 0.109361928 -0.298251332 0.947276857 0.041864879
1642661148.336529970 0.185875781 1.307155089 1.340827865 0.109424128 -0.298227849 0.947291513 0.041536733
1642661148.344863892 0.186703896 1.307503010 1.340641658 0.109414782 -0.298154573 0.947330037 0.041207493
1642661148.353197098 0.187532390 1.307848260 1.340440352 0.109438044 -0.298069145 0.947363197 0.041000883
1642661148.361530066 0.188371899 1.308197457 1.340246242 0.109438362 -0.297994679 0.947391742 0.040881573
1642661148.369863987 0.189221927 1.308553389 1.340065869 0.109386648 -0.297825190 0.947457370 0.040733891
1642661148.378196955 0.190087872 1.308905916 1.339889371 0.109311071 -0.297670523 0.947521345 0.040578938
1642661148.386529922 0.190973120 1.309245820 1.339711072 0.109235654 -0.297504018 0.947587768 0.040451874
1642661148.394864082 0.191875347 1.309590382 1.339542808 0.109185118 -0.297315965 0.947661550 0.040241947
1642661148.403197050 0.192790324 1.309899632 1.339372453 0.109135933 -0.297161863 0.947718368 0.040175487
1642661148.411530018 0.193732024 1.310172121 1.339198687 0.109056956 -0.297047888 0.947763605 0.040165683
1642661148.419862986 0.194690402 1.310455686 1.339022589 0.109018954 -0.296914238 0.947814870 0.040047157
1642661148.428196907 0.195666721 1.310720166 1.338860197 0.108946673 -0.296749277 0.947879827 0.039928963
1642661148.436530113 0.196661320 1.310941061 1.338659333 0.108959286 -0.296607826 0.947919900 0.039994197
1642661148.444864035 0.197665576 1.311151320 1.338484800 0.108881843 -0.296503584 0.947959907 0.040029784
1642661148.453197002 0.198673486 1.311335666 1.338298938 0.108816961 -0.296400638 0.947995770 0.040119207
1642661148.461529970 0.199692632 1.311489811 1.338100739 0.108757874 -0.296329559 0.948016761 0.040308044
1642661148.469863892 0.200716325 1.311631044 1.337886529 0.108696644 -0.296171731 0.948062620 0.040553843
1642661148.478197098 0.201780130 1.311698995 1.337787682 0.108006082 -0.296067709 0.948161872 0.040837028
1642661148.486530066 0.202765968 1.311840656 1.337530662 0.108147799 -0.295843498 0.948200839 0.041180664
1642661148.494863987 0.203804502 1.311924972 1.337428520 0.107473705 -0.295746022 0.948295940 0.041454841
1642661148.503196955 0.204828147 1.312034406 1.337281634 0.107011148 -0.295568291 0.948391001 0.041743371
1642661148.511529922 0.205781426 1.312157310 1.337116823 0.106536277 -0.295170419 0.948535863 0.042475439
1642661148.519864082 0.206771723 1.312294573 1.336948840 0.106123864 -0.294840935 0.948663449 0.042944245
1642661148.528197050 0.207757174 1.312454704 1.336791124 0.105650171 -0.294549797 0.948792399 0.043260173
1642661148.536530018 0.208748828 1.312628991 1.336643899 0.105105450 -0.294298316 0.948919057 0.043519744
1642661148.544862986 0.209737070 1.312825420 1.336519247 0.104441980 -0.293987743 0.949076598 0.043780021
1642661148.553196907 0.210715284 1.313023517 1.336377831 0.103805166 -0.293661424 0.949230664 0.044142979
1642661148.561530113 0.211682476 1.313246684 1.336268982 0.102993232 -0.293364444 0.949400344 0.044369858
1642661148.569864035 0.212641812 1.313487919 1.336141298 0.102268275 -0.293004284 0.949573886 0.044711571
1642661148.578197002 0.213600141 1.313770764 1.336002120 0.101603047 -0.292579394 0.949764273 0.044966041
1642661148.586529970 0.214550347 1.314081893 1.335891875 0.100816168 -0.292152929 0.949969877 0.045166342
1642661148.594863892 0.215490331 1.314410367 1.335748955 0.100197470 -0.291707055 0.950160836 0.045407567
1642661148.603197098 0.216425744 1.314750851 1.335596326 0.099560064 -0.291342722 0.950325403 0.045703824
1642661148.611530066 0.217355934 1.315135433 1.335459484 0.098932132 -0.290879894 0.950523261 0.045900432
1642661148.619863987 0.218273003 1.315547547 1.335320230 0.098331964 -0.290476037 0.950700225 0.046082297
1642661148.628196955 0.219191098 1.315993044 1.335154379 0.097839429 -0.290068767 0.950868045 0.046233287
1642661148.636529922 0.220107734 1.316467516 1.334999882 0.097358807 -0.289543364 0.951071758 0.046350989
1642661148.644864082 0.221029499 1.316943346 1.334804098 0.096997040 -0.289119379 0.951229174 0.046525458
1642661148.653197050 0.221939272 1.317443574 1.334625321 0.096559594 -0.288702711 0.951394572 0.046640728
1642661148.661530018 0.222853491 1.317979586 1.334429906 0.096273809 -0.288179227 0.951577312 0.046740830
1642661148.669862986 0.223773108 1.318555259 1.334218535 0.096065079 -0.287690319 0.951746250 0.046742438
1642661148.678196907 0.224699057 1.319132449 1.333999472 0.095875323 -0.287207481 0.951909926 0.046768343
1642661148.686530113 0.225624946 1.319725276 1.333753395 0.095810364 -0.286736826 0.952055535 0.046825473
1642661148.694864035 0.226542842 1.320329232 1.333498518 0.095784595 -0.286217163 0.952212414 0.046867538
1642661148.703197002 0.227480157 1.320945122 1.333227534 0.095870452 -0.285649563 0.952372615 0.046899736
1642661148.711529970 0.228420423 1.321566744 1.332948328 0.095988537 -0.285113029 0.952520993 0.046909687
1642661148.719863892 0.229377266 1.322186027 1.332655943 0.096160903 -0.284600209 0.952654965 0.046950170
1642661148.728197098 0.230343415 1.322810084 1.332357060 0.096396563 -0.284089836 0.952781370 0.046992856
1642661148.736530066 0.231334503 1.323454890 1.332058724 0.096689145 -0.283532077 0.952917002 0.047010200
1642661148.744863987 0.232341808 1.324100478 1.331762053 0.097039150 -0.282977683 0.953045348 0.047027640
1642661148.753196955 0.233357746 1.324718848 1.331474831 0.097318171 -0.282488768 0.953156469 0.047138254
1642661148.761529922 0.234404777 1.325329060 1.331154092 0.097782751 -0.281957066 0.953253972 0.047387890
1642661148.769864082 0.235459211 1.325944170 1.330856322 0.098183767 -0.281499327 0.953337080 0.047607656
1642661148.778197050 0.236533747 1.326554812 1.330606398 0.098438769 -0.280930491 0.953468419 0.047810479
1642661148.786530018 0.237612511 1.327136736 1.330360231 0.098650620 -0.280473258 0.953564070 0.048149467
1642661148.794862986 0.238712362 1.327720006 1.330125270 0.098850243 -0.279898062 0.953693737 0.048517629
1642661148.803196907 0.239795890 1.328309704 1.329942155 0.098876412 -0.279377456 0.953828546 0.048813909
1642661148.811530113 0.240886848 1.328890637 1.329785647 0.098743963 -0.278865804 0.953976654 0.049112499
1642661148.819864035 0.241958368 1.329541022 1.329731149 0.098268471 -0.278536154 0.954119017 0.049171337
1642661148.828197002 0.243012429 1.330117818 1.329669226 0.097719506 -0.278036462 0.954306928 0.049446039
1642661148.836529970 0.244072057 1.330659684 1.329574513 0.097270585 -0.277380066 0.954521808 0.049868339
1642661148.844863892 0.245153778 1.331158435 1.329548225 0.096757393 -0.276343760 0.954859540 0.050153693
1642661148.853197098 0.246166957 1.331759893 1.329650181 0.095657769 -0.275832074 0.955121040 0.050100480
1642661148.861530066 0.247161192 1.332294511 1.329665295 0.094726304 -0.275277229 0.955355940 0.050442067
1642661148.869863987 0.248136663 1.332787730 1.329674668 0.093770349 -0.274707379 0.955592058 0.050860560
1642661148.878196955 0.249018384 1.333305382 1.329786384 0.092316929 -0.274295841 0.955820865 0.051437834
1642661148.886529922 0.249946005 1.333698620 1.329740298 0.091434688 -0.273551829 0.956073134 0.052280555
1642661148.894864082 0.250855241 1.334229310 1.329850972 0.090102218 -0.273099844 0.956322078 0.052403709
1642661148.903197050 0.251745158 1.334725669 1.329943552 0.088800999 -0.272661973 0.956554980 0.052653598
1642661148.911530018 0.252628615 1.335183547 1.329991766 0.087618515 -0.272132911 0.956792454 0.053055390
1642661148.919862986 0.253504209 1.335635570 1.330038058 0.086426285 -0.271570885 0.957039872 0.053426914
1642661148.928196907 0.254369090 1.336116260 1.330086585 0.085257971 -0.270976892 0.957301668 0.053629454
1642661148.936530113 0.255227781 1.336566523 1.330102600 0.084189480 -0.270412482 0.957534792 0.054003177
1642661148.944864035 0.256077061 1.337017870 1.330115459 0.083185284 -0.269896262 0.957751191 0.054303515
1642661148.953197002 0.256931228 1.337462026 1.330103164 0.082279554 -0.269345738 0.957965019 0.054644029
1642661148.961529970 0.257785052 1.337902511 1.330078038 0.081438226 -0.268734886 0.958193818 0.054899753
1642661148.969863892 0.258645821 1.338344946 1.330055828 0.080628276 -0.268182455 0.958403348 0.055138680
1642661148.978197098 0.259525289 1.338801336 1.329990386 0.080046351 -0.267634037 0.958594818 0.055322489
1642661148.986530066 0.260386048 1.339228559 1.329895033 0.079597457 -0.267156852 0.958747068 0.055637403
1642661148.994863987 0.261272646 1.339655344 1.329766350 0.079310715 -0.266620027 0.958900267 0.055980792
1642661149.003196955 0.262174604 1.340091371 1.329621169 0.079121953 -0.266069360 0.959053625 0.056240163
1642661149.011529922 0.263109827 1.340431172 1.329380044 0.079281052 -0.265326862 0.959209972 0.056854203
1642661149.019864082 0.264027113 1.340804275 1.329165659 0.079369782 -0.264793116 0.959322544 0.057317543
1642661149.028197050 0.264855821 1.341011637 1.328749301 0.080336018 -0.262460675 0.959751117 0.059483703
1642661149.036530018 0.265720752 1.341340191 1.328499916 0.080633950 -0.261386635 0.959960762 0.060419599
1642661149.044862986 0.266604620 1.341740597 1.328316584 0.080686591 -0.260903750 0.960074257 0.060632728
1642661149.053196907 0.267470845 1.342126293 1.328141984 0.080671544 -0.260497053 0.960172029 0.060852796
1642661149.061530113 0.268388062 1.342505212 1.327967812 0.080702935 -0.260711699 0.960142960 0.060348509
1642661149.069864035 0.269256990 1.342870372 1.327804443 0.080645207 -0.260520274 0.960205075 0.060264019
1642661149.078197002 0.270045782 1.343252446 1.327648851 0.080583515 -0.259520537 0.960436574 0.060966998
1642661149.086529970 0.270908732 1.343604628 1.327487533 0.080514615 -0.259507297 0.960460359 0.060739266
1642661149.094863892 0.271763437 1.343949291 1.327334326 0.080421111 -0.259385536 0.960505097 0.060675754
1642661149.103197098 0.272583554 1.344284467 1.327196971 0.080243040 -0.259036051 0.960605579 0.060813655
1642661149.111530066 0.273402211 1.344637283 1.327085710 0.079982335 -0.258687656 0.960718974 0.060848794
1642661149.119863987 0.274214965 1.344965945 1.326979364 0.079685482 -0.258372758 0.960821043 0.060964461
1642661149.128196955 0.275020945 1.345285271 1.326893020 0.079337511 -0.258047366 0.960932295 0.061042946
1642661149.136529922 0.275807600 1.345603550 1.326817847 0.078924908 -0.257680681 0.961055678 0.061184219
1642661149.144864082 0.276534594 1.345938378 1.326797041 0.078293258 -0.256796318 0.961306663 0.061768251
1642661149.153197050 0.277286991 1.346263393 1.326766147 0.077710311 -0.256260898 0.961480021 0.062029260
1642661149.161530018 0.278042584 1.346566347 1.326734557 0.077137232 -0.255873268 0.961621068 0.062158183
1642661149.169862986 0.278774658 1.346874436 1.326716715 0.076456011 -0.255541151 0.961757479 0.062255523
1642661149.178196907 0.279510041 1.347185534 1.326706668 0.075721659 -0.255187637 0.961902302 0.062365547
1642661149.186530113 0.280229171 1.347492850 1.326718986 0.074895845 -0.254817704 0.962057805 0.062476634
1642661149.194864035 0.280926640 1.347795980 1.326744626 0.074034908 -0.254440334 0.962217115 0.062587317
1642661149.203197002 0.281624457 1.348094702 1.326773713 0.073149114 -0.254089546 0.962371211 0.062684624
1642661149.211529970 0.282329606 1.348403686 1.326787491 0.072382333 -0.253745374 0.962512529 0.062799005
1642661149.219863892 0.283035034 1.348719389 1.326810821 0.071601827 -0.253417168 0.962653784 0.062853869
1642661149.228197098 0.283733168 1.349021575 1.326833668 0.070858461 -0.253078773 0.962789280 0.062984255
1642661149.236530066 0.284440047 1.349330347 1.326868798 0.070069192 -0.252757341 0.962928053 0.063036488
1642661149.244863987 0.285139508 1.349634147 1.326914258 0.069255754 -0.252451040 0.963062185 0.063113716
1642661149.253196955 0.285838922 1.349950916 1.326950365 0.068527955 -0.252138539 0.963191334 0.063186474
1642661149.261529922 0.286546020 1.350260911 1.326992988 0.067797545 -0.251863765 0.963311019 0.063245691
1642661149.269864082 0.287252124 1.350578627 1.327025182 0.067159721 -0.251582506 0.963427215 0.063275709
1642661149.278197050 0.287960987 1.350907176 1.327065507 0.066517781 -0.251308423 0.963541732 0.063299219
1642661149.286530018 0.288670887 1.351237941 1.327105558 0.065869826 -0.251029838 0.963654133 0.063371112
1642661149.294862986 0.289374075 1.351575051 1.327157559 0.065250034 -0.250767711 0.963759641 0.063445584
1642661149.303196907 0.290079424 1.351914316 1.327218296 0.064600234 -0.250551654 0.963857223 0.063481750
1642661149.311530113 0.290788255 1.352269701 1.327275929 0.064035353 -0.250299028 0.963954909 0.063567314
1642661149.319864035 0.291490212 1.352621018 1.327334846 0.063517744 -0.250067217 0.964037600 0.063744716
1642661149.328197002 0.292191794 1.352976153 1.327415039 0.062954265 -0.249891686 0.964114438 0.063829906
1642661149.336529970 0.292902070 1.353357994 1.327501583 0.062455140 -0.249684773 0.964198087 0.063866416
1642661149.344863892 0.293601911 1.353739745 1.327612615 0.061856746 -0.249481801 0.964283255 0.063956058
1642661149.353197098 0.294307447 1.354135319 1.327748068 0.061224930 -0.249252732 0.964384738 0.063927003
1642661149.361530066 0.295006557 1.354527565 1.327891978 0.060566886 -0.249056747 0.964476587 0.063932006
1642661149.369863987 0.295707575 1.354910117 1.328036485 0.059982402 -0.248832697 0.964561069 0.064080767
1642661149.378196955 0.296407186 1.355299479 1.328199943 0.059342086 -0.248631104 0.964646440 0.064174263
1642661149.386529922 0.297103272 1.355677585 1.328372171 0.058732154 -0.248441523 0.964725182 0.064285825
1642661149.394864082 0.297793841 1.356051516 1.328564399 0.058097173 -0.248266921 0.964800165 0.064411924
1642661149.403197050 0.298470217 1.356424666 1.328776429 0.057445646 -0.248130272 0.964862252 0.064592569
1642661149.411530018 0.299125362 1.356829148 1.329031094 0.056670310 -0.247978850 0.964945423 0.064616531
1642661149.419862986 0.299770530 1.357233692 1.329302896 0.055879685 -0.247899808 0.965015468 0.064562310
1642661149.428196907 0.300404479 1.357648189 1.329572646 0.055171486 -0.247748974 0.965093709 0.064580852
1642661149.436530113 0.301022940 1.358059049 1.329874138 0.054345094 -0.247611319 0.965175037 0.064594072
1642661149.444864035 0.301626734 1.358474705 1.330193390 0.053515959 -0.247484343 0.965257579 0.064539510
1642661149.453197002 0.302235245 1.358900714 1.330524901 0.052688917 -0.247362108 0.965338932 0.064471791
1642661149.461529970 0.302845297 1.359324874 1.330870141 0.051830489 -0.247339127 0.965401680 0.064316045
1642661149.469863892 0.303447799 1.359733445 1.331214103 0.051033311 -0.247263384 0.965468710 0.064238539
1642661149.478197098 0.304046769 1.360118780 1.331580075 0.050128408 -0.247281890 0.965516054 0.064168202
1642661149.486530066 0.304652269 1.360537052 1.331950194 0.049348937 -0.247244043 0.965581047 0.063939877
1642661149.494863987 0.305249235 1.360929964 1.332316282 0.048600251 -0.247276197 0.965624308 0.063735341
1642661149.503196955 0.305858788 1.361319671 1.332687550 0.047883025 -0.247243391 0.965681342 0.063541069
1642661149.511529922 0.306456878 1.361674600 1.333064989 0.047138376 -0.247251715 0.965724185 0.063414203
1642661149.519864082 0.307060491 1.362005539 1.333438522 0.046406058 -0.247374838 0.965740993 0.063217897
1642661149.528197050 0.307667194 1.362332066 1.333800463 0.045755413 -0.247404430 0.965773203 0.063084146
1642661149.536530018 0.308286827 1.362657768 1.334160634 0.045159701 -0.247416462 0.965808750 0.062921815
1642661149.544862986 0.308909443 1.362962914 1.334524499 0.044513134 -0.247438337 0.965851302 0.062642737
1642661149.553196907 0.309538514 1.363242936 1.334883644 0.043908970 -0.247467038 0.965882582 0.062473231
1642661149.561530113 0.310151806 1.363479309 1.335239034 0.043285553 -0.247493605 0.965906299 0.062436352
1642661149.569864035 0.310771612 1.363695842 1.335593987 0.042663907 -0.247549253 0.965925713 0.062343207
1642661149.578197002 0.311396519 1.363884443 1.335939455 0.042074197 -0.247550473 0.965952873 0.062318321
1642661149.586529970 0.312020926 1.364051129 1.336306720 0.041391522 -0.247591903 0.965974287 0.062278957
1642661149.594863892 0.312663431 1.364199404 1.336657069 0.040798493 -0.247571682 0.966007030 0.062242778
1642661149.603197098 0.313298931 1.364302639 1.337007383 0.040186824 -0.247583128 0.966025591 0.062307067
1642661149.611530066 0.313932905 1.364377617 1.337372390 0.039445785 -0.247636288 0.966039767 0.062349565
1642661149.619863987 0.314558240 1.364422604 1.337744257 0.038661466 -0.247663937 0.966055165 0.062492271
1642661149.628196955 0.315188168 1.364441931 1.338107172 0.037909290 -0.247699090 0.966066431 0.062639416
1642661149.636529922 0.315823877 1.364467697 1.338494682 0.037066840 -0.247725986 0.966090280 0.062669415
1642661149.644864082 0.316386702 1.364300762 1.338839835 0.036094475 -0.248157415 0.965966148 0.063438846
1642661149.653197050 0.316973448 1.364215830 1.339216712 0.035169134 -0.248355554 0.965923334 0.063833883
1642661149.661530018 0.317578896 1.364184889 1.339626198 0.034218033 -0.248407178 0.965935620 0.063963881
1642661149.669862986 0.318237962 1.364319298 1.340071271 0.033423232 -0.248036521 0.966096172 0.063395247
1642661149.678196907 0.318836108 1.364341494 1.340519471 0.032435886 -0.247999333 0.966152099 0.063200994
1642661149.686530113 0.319391106 1.364312828 1.340968919 0.031341522 -0.248097024 0.966160165 0.063246431
1642661149.694864035 0.319932999 1.364286933 1.341415858 0.030254415 -0.248196861 0.966164578 0.063316640
1642661149.703197002 0.320385357 1.364118979 1.341870645 0.028804135 -0.248752335 0.966025622 0.063930392
1642661149.711529970 0.320861746 1.364058748 1.342345487 0.027453218 -0.249036063 0.965980345 0.064104075
1642661149.719863892 0.321353376 1.364078690 1.342822584 0.026211019 -0.249172262 0.965986951 0.063995128
1642661149.728197098 0.321463519 1.364775846 1.343953047 0.023197715 -0.250699495 0.965871762 0.060855308
1642661149.736530066 0.322168029 1.364369066 1.343960019 0.023241521 -0.250003535 0.965930076 0.062746740
1642661149.744863987 0.322759950 1.364153130 1.344126514 0.022884526 -0.249643449 0.965960700 0.063830818
1642661149.753196955 0.323087429 1.364563275 1.344982918 0.020253613 -0.250615676 0.965880083 0.062106681
1642661149.761529922 0.323454748 1.364752217 1.345544359 0.018626315 -0.251117526 0.965826636 0.061416266
1642661149.769864082 0.323829313 1.364835279 1.345920289 0.017593372 -0.251227206 0.965822087 0.061343786
1642661149.778197050 0.324234408 1.364816107 1.346170262 0.016901624 -0.251109073 0.965838287 0.061765459
1642661149.786530018 0.324371199 1.365270048 1.346747496 0.015373494 -0.251794054 0.965779782 0.060272899
1642661149.794862986 0.324812260 1.365196604 1.346901086 0.014723674 -0.251488949 0.965818390 0.061084863
1642661149.803196907 0.324860321 1.365700084 1.347442433 0.013300519 -0.252107596 0.965778459 0.059471208
1642661149.811530113 0.325277582 1.365840250 1.347859969 0.011344817 -0.252139544 0.965799824 0.059393989
1642661149.819864035 0.325628128 1.365998704 1.348092365 0.010238517 -0.251983429 0.965849717 0.059446186
1642661149.828197002 0.325857979 1.366293910 1.348289730 0.009485407 -0.251849862 0.965913768 0.059095406
1642661149.836529970 0.326072123 1.366617745 1.348471116 0.008715308 -0.251757969 0.965972531 0.058643308
1642661149.844863892 0.326269578 1.366964463 1.348626934 0.008015223 -0.251600508 0.966047628 0.058180068
1642661149.853197098 0.326460442 1.367340503 1.348750259 0.007421697 -0.251407668 0.966132729 0.057677139
1642661149.861530066 0.326642484 1.367740144 1.348847250 0.006904067 -0.251220096 0.966218050 0.057126857
1642661149.869863987 0.326812261 1.368174305 1.348920290 0.006456123 -0.251034168 0.966306268 0.056500983
1642661149.878196955 0.326968510 1.368623693 1.348978936 0.006049207 -0.250882037 0.966383140 0.055903818
1642661149.886529922 0.327114049 1.369088917 1.349026347 0.005662758 -0.250726359 0.966462093 0.055274308
1642661149.894864082 0.327261483 1.369577345 1.349066285 0.005276259 -0.250590040 0.966540819 0.054549407
1642661149.903197050 0.327406094 1.370073902 1.349072233 0.005009709 -0.250406515 0.966625391 0.053915054
1642661149.911530018 0.327556467 1.370587211 1.349049658 0.004868788 -0.250290088 0.966689322 0.053319049
1642661149.919862986 0.327716006 1.371122848 1.349022391 0.004820506 -0.250209186 0.966743751 0.052712865
1642661149.928196907 0.327871433 1.371690133 1.348999905 0.004785604 -0.250095933 0.966809006 0.052052551
1642661149.936530113 0.328074141 1.372242755 1.348925501 0.004932962 -0.250783249 0.966690498 0.050920609
1642661149.944864035 0.328253877 1.372829669 1.348899254 0.004968386 -0.250940253 0.966690929 0.050129353
1642661149.953197002 0.328424239 1.373453152 1.348874889 0.005104761 -0.250868104 0.966741962 0.049488531
1642661149.961529970 0.328597210 1.374094367 1.348864276 0.005246992 -0.250777963 0.966799358 0.048804538
1642661149.969863892 0.328848539 1.374566560 1.348709840 0.005826317 -0.250303947 0.966910388 0.048972344
1642661149.978197098 0.329056391 1.375160115 1.348660630 0.006122495 -0.250093844 0.966978881 0.048656214
1642661149.986530066 0.329165293 1.376015085 1.348889973 0.005519126 -0.250460588 0.966956948 0.047257735
1642661149.994863987 0.329301944 1.376783284 1.349015442 0.005340442 -0.250538372 0.966980824 0.046369064
1642661150.003196955 0.329460747 1.377490317 1.349070766 0.005435923 -0.250444622 0.967031768 0.045798486
1642661150.011529922 0.329609373 1.378185970 1.349136009 0.005513767 -0.250363897 0.967076714 0.045278537
1642661150.019864082 0.329753520 1.378895391 1.349227329 0.005496752 -0.250325640 0.967113725 0.044697903
1642661150.028197050 0.329897166 1.379614696 1.349344609 0.005385558 -0.250241927 0.967162435 0.044122534
1642661150.036530018 0.330029443 1.380325956 1.349484691 0.005211745 -0.250171640 0.967207222 0.043556610
1642661150.044862986 0.330147869 1.381019359 1.349647095 0.004968396 -0.250114841 0.967245469 0.043059085
1642661150.053196907 0.330254340 1.381723074 1.349840673 0.004610978 -0.250072383 0.967281961 0.042522353
1642661150.061530113 0.330357658 1.382401320 1.350046704 0.004137919 -0.249960195 0.967332535 0.042077842
1642661150.069864035 0.330450178 1.383056423 1.350263220 0.003646236 -0.249810406 0.967389298 0.041706268
1642661150.078197002 0.330517515 1.383700206 1.350523458 0.002947637 -0.249669504 0.967450508 0.041182083
1642661150.086529970 0.330576988 1.384327960 1.350798646 0.002193183 -0.249558045 0.967498647 0.040771799
1642661150.094863892 0.330640826 1.384939188 1.351083606 0.001372173 -0.249438081 0.967544780 0.040445756
1642661150.103197098 0.330716254 1.385514120 1.351346278 0.000639464 -0.249336391 0.967578230 0.040290499
1642661150.111530066 0.330783461 1.386083294 1.351643888 -0.000253177 -0.249163457 0.967628952 0.040146230
1642661150.119863987 0.330848151 1.386639575 1.351965014 -0.001271572 -0.249060649 0.967663779 0.039924770
1642661150.128196955 0.330909026 1.387183727 1.352300893 -0.002377425 -0.248901346 0.967711819 0.039702690
1642661150.136529922 0.330979974 1.387701039 1.352610400 -0.003388179 -0.248719546 0.967757254 0.039661131
1642661150.144864082 0.331052517 1.388215678 1.352940843 -0.004499949 -0.248589214 0.967790218 0.039563200
1642661150.153197050 0.331126152 1.388730641 1.353285830 -0.005650015 -0.248484422 0.967817414 0.039408401
1642661150.161530018 0.331217277 1.389226794 1.353654422 -0.006957086 -0.248328465 0.967851254 0.039351273
1642661150.169862986 0.331318796 1.389711446 1.353997306 -0.008148621 -0.248203562 0.967875812 0.039306540
1642661150.178196907 0.331425587 1.390183147 1.354313967 -0.009246336 -0.248045608 0.967906278 0.039310529
1642661150.186530113 0.331547341 1.390658506 1.354611031 -0.010289544 -0.247920244 0.967930158 0.039254142
1642661150.194864035 0.331678030 1.391149739 1.354902791 -0.011303520 -0.247805920 0.967952927 0.039135491
1642661150.203197002 0.331921247 1.391346302 1.354827153 -0.010965717 -0.247093032 0.968087828 0.040382467
1642661150.211529970 0.332090623 1.391719047 1.354963840 -0.011424906 -0.246753584 0.968152768 0.040772023
1642661150.219863892 0.332251546 1.392147507 1.354952912 -0.010695229 -0.246899993 0.968091656 0.041527713
1642661150.228197098 0.332384274 1.392614526 1.355076084 -0.010934216 -0.246856603 0.968090943 0.041739518
1642661150.236530066 0.332502597 1.393098295 1.355467175 -0.012877534 -0.246573271 0.968165640 0.041122791
1642661150.244863987 0.332640511 1.393569592 1.355756916 -0.014262820 -0.246390022 0.968208712 0.040748239
1642661150.253196955 0.332768455 1.394024342 1.355950299 -0.015193101 -0.246295301 0.968223972 0.040621852
1642661150.261529922 0.332885454 1.394484933 1.356133884 -0.016157377 -0.246199540 0.968238297 0.040488589
1642661150.269864082 0.332988978 1.394959558 1.356296457 -0.017073071 -0.246022947 0.968271633 0.040388925
1642661150.278197050 0.333098735 1.395452763 1.356424191 -0.017882742 -0.245841449 0.968305324 0.040335949
1642661150.286530018 0.333211565 1.395975062 1.356550799 -0.018717224 -0.245628980 0.968347461 0.040240082
1642661150.294862986 0.333337804 1.396523627 1.356664510 -0.019501930 -0.245401115 0.968395667 0.040097365
1642661150.303196907 0.333465471 1.397105243 1.356771700 -0.020321877 -0.245215817 0.968436186 0.039844431
1642661150.311530113 0.333609765 1.397697019 1.356854967 -0.021057212 -0.244982301 0.968487674 0.039647082
1642661150.319864035 0.333763451 1.398290848 1.356902302 -0.021710567 -0.244678868 0.968553662 0.039556382
1642661150.328197002 0.333942364 1.398897227 1.356908280 -0.022180459 -0.244373619 0.968621834 0.039513356
1642661150.336529970 0.334141671 1.399511204 1.356887427 -0.022615236 -0.244007180 0.968704086 0.039515069
1642661150.344863892 0.334353540 1.400126634 1.356854733 -0.023049261 -0.243649034 0.968782267 0.039557527
1642661150.353197098 0.334591236 1.400733870 1.356788907 -0.023344700 -0.243300129 0.968860291 0.039620804
1642661150.361530066 0.334853593 1.401333687 1.356701664 -0.023625320 -0.242968779 0.968931225 0.039752964
1642661150.369863987 0.335138870 1.401927491 1.356588371 -0.023802349 -0.242655634 0.968997020 0.039955821
1642661150.378196955 0.335322571 1.402390078 1.356464308 -0.024260286 -0.242033590 0.969082980 0.041344369
1642661150.386529922 0.335673067 1.403026327 1.356323809 -0.024278264 -0.241832485 0.969144990 0.041056094
1642661150.394864082 0.336022025 1.403647210 1.356177002 -0.024343167 -0.241563352 0.969215117 0.040946474
1642661150.403197050 0.336342749 1.404215427 1.356038346 -0.024622693 -0.241240777 0.969275552 0.041249427
1642661150.411530018 0.336682841 1.404761698 1.355887488 -0.024875436 -0.240892805 0.969339477 0.041627490
1642661150.419862986 0.336926065 1.405180893 1.355735099 -0.025430908 -0.240153220 0.969438907 0.043219260
1642661150.428196907 0.337242375 1.405651012 1.355577533 -0.025816594 -0.239602160 0.969519693 0.044225252
1642661150.436530113 0.337620691 1.406152949 1.355422908 -0.026122871 -0.239215166 0.969582194 0.044766832
1642661150.444864035 0.338007405 1.406643996 1.355272368 -0.026483211 -0.238824771 0.969643018 0.045318709
1642661150.453197002 0.338411331 1.407117564 1.355117077 -0.026896393 -0.238428415 0.969699877 0.045941519
1642661150.461529970 0.338812463 1.407596324 1.354964376 -0.027291049 -0.237998283 0.969767164 0.046515197
1642661150.469863892 0.339215454 1.408059503 1.354830128 -0.027774662 -0.237587320 0.969824874 0.047122676
1642661150.478197098 0.339624297 1.408516953 1.354712628 -0.028334729 -0.237234864 0.969869457 0.047644510
1642661150.486530066 0.340035179 1.408978503 1.354619700 -0.029002983 -0.236881170 0.969912167 0.048130298
1642661150.494863987 0.340440212 1.409439122 1.354542644 -0.029750119 -0.236466896 0.969965898 0.048626070
1642661150.503196955 0.340857874 1.409875197 1.354465442 -0.030533862 -0.236076418 0.970008262 0.049189219
1642661150.511529922 0.341280996 1.410314297 1.354412704 -0.031412145 -0.235673608 0.970051794 0.049706574
1642661150.519864082 0.341715321 1.410744282 1.354371034 -0.032390877 -0.235271875 0.970092186 0.050190896
1642661150.528197050 0.342158702 1.411165960 1.354328293 -0.033349954 -0.234850925 0.970134683 0.050710160
1642661150.536530018 0.342599297 1.411569121 1.354313760 -0.034457383 -0.234431742 0.970169016 0.051249668
1642661150.544862986 0.343057932 1.411968699 1.354292938 -0.035574161 -0.233963327 0.970213772 0.051777188
1642661150.553196907 0.343520269 1.412381109 1.354269980 -0.036675360 -0.233449078 0.970272189 0.052233369
1642661150.561530113 0.343992797 1.412773520 1.354245172 -0.037782407 -0.232950687 0.970324774 0.052690605
1642661150.569864035 0.344512799 1.413034159 1.354052047 -0.038255801 -0.232208604 0.970428358 0.053707169
1642661150.578197002 0.345012725 1.413367693 1.353945741 -0.039104139 -0.231543172 0.970517453 0.054355299
1642661150.586529970 0.345500101 1.413739254 1.353893331 -0.040227600 -0.230913207 0.970599244 0.054753433
1642661150.594863892 0.345989437 1.414090515 1.353808073 -0.041259198 -0.230242467 0.970690741 0.055186688
1642661150.603197098 0.346483917 1.414442478 1.353703688 -0.042278995 -0.229502719 0.970799390 0.055583576
1642661150.611530066 0.346992942 1.414784751 1.353567504 -0.043235125 -0.228728821 0.970915109 0.056015195
1642661150.619863987 0.347512210 1.415130088 1.353417463 -0.044153150 -0.227883865 0.971052271 0.056364267
1642661150.628196955 0.348035526 1.415467929 1.353257794 -0.045066675 -0.226976517 0.971203419 0.056697212
1642661150.636529922 0.348170891 1.416455114 1.353968504 -0.049076806 -0.227277697 0.971114741 0.053595475
1642661150.644864082 0.348589539 1.417041273 1.354086873 -0.050911514 -0.226856969 0.971169800 0.052660732
1642661150.653197050 0.349201027 1.417364154 1.353838044 -0.051434949 -0.225872240 0.971347314 0.053109066
1642661150.661530018 0.349820362 1.417701798 1.353584873 -0.051948733 -0.224895488 0.971524983 0.053502862
1642661150.669862986 0.350590508 1.417892828 1.353137606 -0.051805163 -0.223591200 0.971762865 0.054773482
1642661150.678196907 0.351295666 1.418175132 1.352811832 -0.052025740 -0.222485702 0.971961308 0.055539626
1642661150.686530113 0.351964311 1.418516529 1.352555572 -0.052451253 -0.221540130 0.972128248 0.055995595
1642661150.694864035 0.352649961 1.418849576 1.352283762 -0.052849047 -0.220564483 0.972299872 0.056491122
1642661150.703197002 0.353330224 1.419197153 1.352047092 -0.053403911 -0.219653586 0.972452982 0.056881656
1642661150.711529970 0.354011981 1.419534364 1.351822820 -0.054048501 -0.218742201 0.972594836 0.057357591
1642661150.719863892 0.354703163 1.419868047 1.351605807 -0.054743956 -0.217755600 0.972747541 0.057860340
1642661150.728197098 0.355390068 1.420211827 1.351397324 -0.055448648 -0.216834696 0.972885219 0.058331065
1642661150.736530066 0.356131333 1.420441016 1.351091579 -0.055818222 -0.215749985 0.973047398 0.059287691
1642661150.744863987 0.357032802 1.420322417 1.350368121 -0.054548818 -0.214032163 0.973336158 0.061898167
1642661150.753196955 0.357813305 1.420481129 1.349989828 -0.054622701 -0.212850660 0.973507450 0.063199700
1642661150.761529922 0.358543711 1.420820946 1.349812511 -0.055472500 -0.212008948 0.973614276 0.063641563
1642661150.769864082 0.359287862 1.421155283 1.349640669 -0.056338308 -0.211146320 0.973724416 0.064062382
1642661150.778197050 0.360036169 1.421475224 1.349474772 -0.057207883 -0.210331191 0.973823824 0.064460902
1642661150.786530018 0.360800076 1.421792556 1.349310632 -0.058073411 -0.209557106 0.973914939 0.064830468
1642661150.794862986 0.361573196 1.422079742 1.349129003 -0.058888346 -0.208794175 0.974000110 0.065275884
1642661150.803196907 0.362362918 1.422344096 1.348929430 -0.059607343 -0.208064888 0.974079614 0.065763761
1642661150.811530113 0.363158328 1.422586349 1.348734378 -0.060392071 -0.207333358 0.974156052 0.066224339
1642661150.819864035 0.363984423 1.422763642 1.348420684 -0.060464366 -0.206804104 0.974198458 0.067182493
1642661150.828197002 0.364771679 1.422984371 1.348270907 -0.061614483 -0.205991680 0.974280006 0.067450380
1642661150.836529970 0.365593145 1.423152046 1.347965288 -0.061810731 -0.205405425 0.974337312 0.068226446
1642661150.844863892 0.366416857 1.423316501 1.347680908 -0.062171930 -0.204798889 0.974396185 0.068877726
1642661150.853197098 0.367184408 1.423544627 1.347681160 -0.064380405 -0.203864037 0.974468144 0.068603598
1642661150.861530066 0.367957467 1.423739287 1.347631653 -0.066260066 -0.202930835 0.974558098 0.068302215
1642661150.869863987 0.368789407 1.423867600 1.347402010 -0.067034944 -0.202230839 0.974631197 0.068578663
1642661150.878196955 0.369643294 1.423960607 1.347130692 -0.067566506 -0.201587340 0.974692653 0.069076357
1642661150.886529922 0.370539453 1.424000959 1.346742691 -0.067426768 -0.201135540 0.974726747 0.070042083
1642661150.894864082 0.371407934 1.424054567 1.346506555 -0.068266564 -0.200445647 0.974790350 0.070320638
1642661150.903197050 0.372297824 1.424076425 1.346229573 -0.068946617 -0.199749019 0.974857015 0.070714162
1642661150.911530018 0.373239552 1.424048708 1.345798648 -0.068731400 -0.199309865 0.974886720 0.071745769
1642661150.919862986 0.374179430 1.423996723 1.345392815 -0.068779028 -0.198744741 0.974933376 0.072628414
1642661150.928196907 0.375095992 1.423948246 1.345051630 -0.069247761 -0.198074200 0.974992182 0.073222969
1642661150.936530113 0.376013110 1.423889474 1.344701049 -0.069732309 -0.197423866 0.975048193 0.073771567
1642661150.944864035 0.376918278 1.423814505 1.344340946 -0.070329560 -0.196734065 0.975101012 0.074347009
1642661150.953197002 0.377795839 1.423734176 1.343984565 -0.071062363 -0.195954921 0.975166741 0.074844086
1642661150.961529970 0.378618407 1.423667224 1.343718445 -0.072484031 -0.194851443 0.975278292 0.074908165
1642661150.969863892 0.379426382 1.423560667 1.343384882 -0.073642666 -0.193855973 0.975370504 0.075159823
1642661150.978197098 0.380219500 1.423424174 1.343004933 -0.074674875 -0.192853172 0.975463741 0.075510314
1642661150.986530066 0.381009274 1.423241627 1.342527216 -0.075206418 -0.192014930 0.975528396 0.076279812
1642661150.994863987 0.381758566 1.423058979 1.342094601 -0.076110985 -0.191038137 0.975608811 0.076804917
1642661151.003196955 0.382492600 1.422860655 1.341671625 -0.077162504 -0.190019379 0.975698832 0.077138665
1642661151.011529922 0.383222938 1.422665546 1.341263164 -0.078327467 -0.188944373 0.975793742 0.077404169
1642661151.019864082 0.383951629 1.422469388 1.340853799 -0.079498707 -0.187849873 0.975887296 0.077694055
1642661151.028197050 0.384679665 1.422301085 1.340528819 -0.081210005 -0.186570323 0.976003616 0.077546054
1642661151.036530018 0.385444226 1.422112429 1.340142105 -0.082507457 -0.185474266 0.976098043 0.077617186
1642661151.044862986 0.386246454 1.421886592 1.339689461 -0.083405714 -0.184515161 0.976171143 0.078022707
1642661151.053196907 0.387091129 1.421632952 1.339146772 -0.083726976 -0.183773239 0.976223695 0.078768570
1642661151.061530113 0.387937357 1.421404018 1.338653395 -0.084300405 -0.182923370 0.976299851 0.079190167
1642661151.069864035 0.388791927 1.421182515 1.338174981 -0.084931688 -0.182084151 0.976385275 0.079396253
1642661151.078197002 0.389625793 1.420995180 1.337783975 -0.086057495 -0.181049865 0.976494212 0.079209271
1642661151.086529970 0.390499964 1.420776902 1.337320988 -0.086716541 -0.180188129 0.976588701 0.079290528
1642661151.094863892 0.391401849 1.420558823 1.336825503 -0.087077727 -0.179491189 0.976667293 0.079507108
1642661151.103197098 0.392336056 1.420330130 1.336307141 -0.087245051 -0.178805295 0.976756621 0.079771363
1642661151.111530066 0.393291002 1.420102120 1.335793395 -0.087323226 -0.178188224 0.976839413 0.080052304
1642661151.119863987 0.394306204 1.419826853 1.335161274 -0.086627942 -0.177864606 0.976900128 0.080783175
1642661151.128196955 0.395326062 1.419557830 1.334577733 -0.086183596 -0.177469344 0.976963370 0.081360888
1642661151.136529922 0.395602371 1.418913589 1.334596404 -0.088602594 -0.171004257 0.977326544 0.087976992
1642661151.144864082 0.397019441 1.418912511 1.333850683 -0.087473171 -0.173793521 0.977248021 0.084442653
1642661151.153197050 0.398377442 1.418852549 1.333100253 -0.086291972 -0.176132199 0.977156354 0.081832781
1642661151.161530018 0.399416975 1.418590609 1.332545653 -0.085935052 -0.175863137 0.977206414 0.082188492
1642661151.169862986 0.400445969 1.418322555 1.332015020 -0.085632153 -0.175567848 0.977252806 0.082583402
1642661151.178196907 0.401476722 1.418056597 1.331495551 -0.085381913 -0.175196949 0.977309433 0.082959212
1642661151.186530113 0.402518888 1.417771409 1.330981014 -0.085121730 -0.174871160 0.977353765 0.083390566
1642661151.194864035 0.403608763 1.417417335 1.330357495 -0.084185667 -0.174790851 0.977362492 0.084400776
1642661151.203197002 0.404654901 1.417131878 1.329916518 -0.084294900 -0.174406896 0.977401132 0.084638243
1642661151.211529970 0.405720590 1.416820595 1.329467162 -0.084336189 -0.174047033 0.977427383 0.085033809
1642661151.219863892 0.406809908 1.416474649 1.328984582 -0.084139263 -0.173768009 0.977443572 0.085611491
1642661151.228197098 0.407904740 1.416098838 1.328514389 -0.083976929 -0.173501858 0.977443136 0.086312786
1642661151.236530066 0.409003946 1.415775916 1.328137787 -0.084259397 -0.173317455 0.977415320 0.086722000
1642661151.244863987 0.410103731 1.415325137 1.327639698 -0.083964143 -0.173002110 0.977414568 0.087641628
1642661151.253196955 0.411192985 1.414922486 1.327240821 -0.084171308 -0.172779067 0.977378375 0.088284185
1642661151.261529922 0.412309302 1.414389583 1.326645343 -0.083355588 -0.172699141 0.977328397 0.089755540
1642661151.269864082 0.413369505 1.413931148 1.326238492 -0.083665757 -0.172260505 0.977318159 0.090418891
1642661151.278197050 0.414424587 1.413489084 1.325875270 -0.084199021 -0.171827578 0.977292455 0.091023431
1642661151.286530018 0.415496848 1.412990641 1.325456083 -0.084407997 -0.171556894 0.977238211 0.091918452
1642661151.294862986 0.416565177 1.412480202 1.325033302 -0.084643971 -0.171265701 0.977186707 0.092787914
1642661151.303196907 0.417617931 1.411969148 1.324634410 -0.084995201 -0.170923033 0.977139984 0.093587305
1642661151.311530113 0.418655353 1.411435441 1.324241024 -0.085406073 -0.170575091 0.977085151 0.094416888
1642661151.319864035 0.419693636 1.410871494 1.323822257 -0.085751277 -0.170256544 0.977025946 0.095287607
1642661151.328197002 0.420715686 1.410293203 1.323405361 -0.086157080 -0.169931989 0.976965746 0.096114559
1642661151.336529970 0.421670496 1.409681385 1.322996899 -0.086742178 -0.169182300 0.976920172 0.097365913
1642661151.344863892 0.422653840 1.409058782 1.322551601 -0.087149775 -0.168768607 0.976860770 0.098311287
1642661151.353197098 0.423653815 1.408424929 1.322106076 -0.087573247 -0.168560386 0.976797331 0.098920664
1642661151.361530066 0.424662695 1.407791325 1.321649453 -0.087892616 -0.168259437 0.976766840 0.099449433
1642661151.369863987 0.425662855 1.407129591 1.321179177 -0.088202129 -0.167975072 0.976730198 0.100014399
1642661151.378196955 0.426657053 1.406448458 1.320697648 -0.088458207 -0.167822495 0.976683533 0.100498911
1642661151.386529922 0.427640787 1.405782862 1.320221089 -0.088631507 -0.167593582 0.976666501 0.100892979
1642661151.394864082 0.428616187 1.405073054 1.319718323 -0.088786152 -0.167528223 0.976613224 0.101380096
1642661151.403197050 0.429580138 1.404363435 1.319206946 -0.088845248 -0.167476046 0.976569309 0.101836543
1642661151.411530018 0.430536821 1.403668336 1.318699320 -0.088887287 -0.167404946 0.976539908 0.102198050
1642661151.419862986 0.431478392 1.402991939 1.318208022 -0.088878436 -0.167023061 0.976555563 0.102679859
1642661151.428196907 0.432427209 1.402262524 1.317685018 -0.088836273 -0.167264115 0.976490452 0.102942846
1642661151.436530113 0.433385536 1.401540533 1.317167311 -0.088696956 -0.167447412 0.976452657 0.103123334
1642661151.444864035 0.434331996 1.400817657 1.316653517 -0.088528616 -0.167478663 0.976427619 0.103453788
1642661151.453197002 0.435287189 1.400113017 1.316146867 -0.088213752 -0.167028966 0.976471000 0.104038669
1642661151.461529970 0.436283480 1.399309525 1.315524708 -0.087350676 -0.167706824 0.976359815 0.104717676
1642661151.469863892 0.437256485 1.398590349 1.315072956 -0.087387727 -0.167986262 0.976332893 0.104489633
1642661151.478197098 0.438200633 1.397850663 1.314616167 -0.087412594 -0.168052255 0.976307119 0.104603481
1642661151.486530066 0.439175748 1.397111621 1.314119696 -0.087000543 -0.168121987 0.976305909 0.104845961
1642661151.494863987 0.440148164 1.396344712 1.313545447 -0.085901794 -0.167783149 0.976337256 0.105996502
1642661151.503196955 0.441069864 1.395620604 1.313150395 -0.085910816 -0.167542406 0.976356696 0.106190750
1642661151.511529922 0.442003689 1.394887577 1.312749738 -0.085884843 -0.167630464 0.976338480 0.106240259
1642661151.519864082 0.442933639 1.394111335 1.312310571 -0.085576758 -0.167848705 0.976289782 0.106591237
1642661151.528197050 0.443845959 1.393331133 1.311893185 -0.085307076 -0.168065649 0.976238234 0.106937133
1642661151.536530018 0.444745239 1.392548450 1.311487119 -0.085044570 -0.168349711 0.976173818 0.107286874
1642661151.544862986 0.445616327 1.391767552 1.311111599 -0.084890003 -0.168640018 0.976101608 0.107609866
1642661151.553196907 0.446452409 1.390980884 1.310758418 -0.084824561 -0.168886573 0.976025374 0.107965684
1642661151.561530113 0.447259704 1.390191577 1.310409578 -0.084750693 -0.169201084 0.975940242 0.108300307
1642661151.569864035 0.448074417 1.389363795 1.309969464 -0.084075328 -0.169772433 0.975816459 0.109045397
1642661151.578197002 0.448810575 1.388607420 1.309728667 -0.084498914 -0.170003006 0.975742687 0.109018897
1642661151.586529970 0.449525467 1.387848430 1.309509622 -0.084922645 -0.170249410 0.975664826 0.109001974
1642661151.594863892 0.450251476 1.387052515 1.309240328 -0.085016937 -0.170622954 0.975562532 0.109259667
1642661151.603197098 0.450985729 1.386220388 1.308891442 -0.084508659 -0.171281916 0.975415942 0.109929668
1642661151.611530066 0.451700299 1.385397898 1.308619105 -0.084394922 -0.171829885 0.975284930 0.110323584
1642661151.619863987 0.452374573 1.384617860 1.308518405 -0.085229151 -0.172091000 0.975198028 0.110043110
1642661151.628196955 0.453048039 1.383805678 1.308379796 -0.085799967 -0.172414353 0.975095855 0.109998773
1642661151.636529922 0.453769230 1.382905233 1.308069906 -0.085301013 -0.173071105 0.974942865 0.110709257
1642661151.644864082 0.454441914 1.382044509 1.307937345 -0.085785742 -0.173401756 0.974839484 0.110727677
1642661151.653197050 0.455102683 1.381176942 1.307826150 -0.086296008 -0.173817369 0.974724962 0.110687714
1642661151.661530018 0.455773987 1.380271555 1.307679062 -0.086552397 -0.174295827 0.974592274 0.110903326
1642661151.669862986 0.456450350 1.379351142 1.307523285 -0.086702621 -0.174785063 0.974465998 0.111125403
1642661151.678196907 0.457153163 1.378381032 1.307268858 -0.086191351 -0.175526822 0.974304088 0.111771775
1642661151.686530113 0.457858046 1.377440968 1.307129962 -0.086386927 -0.175931734 0.974189474 0.111982999
1642661151.694864035 0.458537788 1.376484891 1.307017656 -0.086663912 -0.176415346 0.974065563 0.112085995
1642661151.703197002 0.459216529 1.375514227 1.306882955 -0.086747228 -0.176989983 0.973935185 0.112248469
1642661151.711529970 0.459924623 1.374494917 1.306628859 -0.086058116 -0.177792574 0.973774262 0.112904776
1642661151.719863892 0.460597530 1.373511810 1.306530633 -0.086283570 -0.178276075 0.973662143 0.112937231
1642661151.728197098 0.461263683 1.372501271 1.306424614 -0.086448433 -0.178824807 0.973538304 0.113011182
1642661151.736530066 0.461967799 1.371430248 1.306163555 -0.085648780 -0.179694147 0.973363836 0.113741562
1642661151.744863987 0.462655838 1.370371013 1.305948510 -0.085139325 -0.180412230 0.973212435 0.114281574
1642661151.753196955 0.463305963 1.369353287 1.305881152 -0.085506925 -0.180792573 0.973118664 0.114204537
1642661151.761529922 0.463961654 1.368304211 1.305755724 -0.085568904 -0.181302271 0.973001561 0.114347766
1642661151.769864082 0.464646120 1.367197626 1.305463203 -0.084644813 -0.182093791 0.972837500 0.115170768
1642661151.778197050 0.465310942 1.366109247 1.305227713 -0.084069668 -0.182768175 0.972691765 0.115753257
1642661151.786530018 0.465936452 1.365072256 1.305139899 -0.084400667 -0.183091442 0.972615259 0.115644320
1642661151.794862986 0.466573121 1.364003194 1.304983409 -0.084362116 -0.183505651 0.972518863 0.115826467
1642661151.803196907 0.467219053 1.362903705 1.304778357 -0.084026640 -0.184029141 0.972405527 0.116190752
1642661151.811530113 0.467861483 1.361768387 1.304559185 -0.083567466 -0.184391876 0.972312734 0.116722160
1642661151.819864035 0.468514884 1.360639846 1.304341518 -0.083147319 -0.184784260 0.972220667 0.117167726
1642661151.828197002 0.469185107 1.359471529 1.304008505 -0.082063262 -0.185495970 0.972069373 0.118059310
1642661151.836529970 0.469818884 1.358331645 1.303833937 -0.081899892 -0.185849169 0.971978789 0.118362695
1642661151.844863892 0.470450281 1.357169339 1.303648443 -0.081700758 -0.186166997 0.971887972 0.118745971
1642661151.853197098 0.471091454 1.355983748 1.303410397 -0.081232853 -0.186621444 0.971772293 0.119299083
1642661151.861530066 0.471741732 1.354754527 1.303056264 -0.080092298 -0.187268652 0.971616398 0.120321448
1642661151.869863987 0.472342120 1.353551753 1.302837846 -0.079803825 -0.187575121 0.971518432 0.120825740
1642661151.878196955 0.472945729 1.352331437 1.302604367 -0.079436403 -0.187879820 0.971418543 0.121396232
1642661151.886529922 0.473543089 1.351102488 1.302320302 -0.078801793 -0.188288377 0.971301698 0.122109689
1642661151.894864082 0.474124939 1.349861374 1.302027583 -0.078163201 -0.188652398 0.971185854 0.122877273
1642661151.903197050 0.474674039 1.348606084 1.301720996 -0.077480491 -0.189080822 0.971052660 0.123701044
1642661151.911530018 0.475186655 1.347354025 1.301422475 -0.076879060 -0.189455231 0.970929755 0.124465801
1642661151.919862986 0.475671010 1.346093206 1.301115842 -0.076238345 -0.189760523 0.970813998 0.125295016
1642661151.928196907 0.476122439 1.344817170 1.300809947 -0.075606348 -0.190102517 0.970683271 0.126169332
1642661151.936530113 0.476545792 1.343532775 1.300506205 -0.075019817 -0.190425203 0.970552841 0.127033274
1642661151.944864035 0.476926857 1.342237555 1.300215042 -0.074483852 -0.190767381 0.970409470 0.127927416
1642661151.953197002 0.477274687 1.340948054 1.299936171 -0.074014150 -0.191095393 0.970273522 0.128739073
1642661151.961529970 0.477573705 1.339640865 1.299660852 -0.073598443 -0.191454446 0.970119934 0.129598530
1642661151.969863892 0.477835465 1.338339218 1.299396433 -0.073242007 -0.191802805 0.969969350 0.130409936
1642661151.978197098 0.478067351 1.337031327 1.299125446 -0.072838290 -0.192150502 0.969824752 0.131197251
1642661151.986530066 0.478265497 1.335718904 1.298850024 -0.072370360 -0.192497222 0.969680043 0.132015015
1642661151.994863987 0.478415777 1.334406095 1.298602545 -0.072035427 -0.192844276 0.969531496 0.132780501
1642661152.003196955 0.478531961 1.333106740 1.298363051 -0.071691498 -0.193242066 0.969387791 0.133435914
1642661152.011529922 0.478619231 1.331781225 1.298113455 -0.071258969 -0.193651218 0.969245909 0.134103444
1642661152.019864082 0.478669007 1.330456526 1.297856833 -0.070748822 -0.194154557 0.969094127 0.134741176
1642661152.028197050 0.478708595 1.329138374 1.297613213 -0.070229919 -0.194642028 0.968955608 0.135304358
1642661152.036530018 0.478732753 1.327796779 1.297346923 -0.069538523 -0.195191804 0.968811884 0.135897339
1642661152.044862986 0.478739736 1.326467202 1.297101279 -0.068864457 -0.195797588 0.968666375 0.136405444
1642661152.053196907 0.478741075 1.325127998 1.296950106 -0.068676781 -0.196328265 0.968532535 0.136687386
1642661152.061530113 0.478740720 1.323770620 1.296705109 -0.067921738 -0.197040424 0.968367723 0.137206640
1642661152.069864035 0.478737326 1.322419068 1.296398189 -0.066716116 -0.197869164 0.968196347 0.137813594
1642661152.078197002 0.478726124 1.321082178 1.296074248 -0.065345595 -0.198694010 0.968039237 0.138385979
1642661152.086529970 0.478706637 1.319743004 1.295764997 -0.064002754 -0.199623984 0.967862319 0.138911644
1642661152.094863892 0.478686259 1.318420737 1.295459789 -0.062619917 -0.200544182 0.967696366 0.139371877
1642661152.103197098 0.478663681 1.317104858 1.295162019 -0.061167486 -0.201512661 0.967526652 0.139797579
1642661152.111530066 0.478640305 1.315877409 1.294981122 -0.060146377 -0.202578743 0.967364315 0.139823273
1642661152.119863987 0.478614710 1.314532567 1.294639889 -0.058338251 -0.203468148 0.967197056 0.140453607
1642661152.128196955 0.478575564 1.313293161 1.294442573 -0.057140248 -0.204514547 0.967021225 0.140636915
1642661152.136529922 0.478590088 1.312020345 1.294071267 -0.055283800 -0.206172949 0.966787057 0.140567430
1642661152.144864082 0.478564608 1.310841556 1.293869270 -0.054073082 -0.207504733 0.966599639 0.140367470
1642661152.153197050 0.478485651 1.309565617 1.293611000 -0.052525232 -0.208265335 0.966452519 0.140840967
1642661152.161530018 0.478402899 1.308394177 1.293473977 -0.051522117 -0.209069918 0.966319338 0.140933240
1642661152.169862986 0.478300993 1.307229081 1.293350976 -0.050550505 -0.209829542 0.966190013 0.141042790
1642661152.178196907 0.478178101 1.306069767 1.293272630 -0.049891314 -0.210324548 0.966127384 0.140969215
1642661152.186530113 0.478052769 1.304898486 1.293064867 -0.048458250 -0.211023215 0.965977901 0.141448558
1642661152.194864035 0.477918083 1.303738550 1.292861341 -0.047058870 -0.211695461 0.965823788 0.141967972
1642661152.203197002 0.477754943 1.302631271 1.292818151 -0.046572296 -0.212031730 0.965776718 0.141946810
1642661152.211529970 0.477598989 1.301530694 1.292734177 -0.045834584 -0.212462964 0.965694924 0.142098534
1642661152.219863892 0.477457561 1.300426504 1.292520036 -0.044290537 -0.213118031 0.965517652 0.142810072
1642661152.228197098 0.477319442 1.299345056 1.292358629 -0.043011555 -0.213641066 0.965378264 0.143360764
1642661152.236530066 0.477165372 1.298306041 1.292358945 -0.042617570 -0.213795371 0.965354309 0.143409693
1642661152.244863987 0.477008149 1.297285641 1.292329391 -0.042039127 -0.214024720 0.965292629 0.143653305
1642661152.253196955 0.476856924 1.296257781 1.292238408 -0.041123196 -0.214331129 0.965193714 0.144125448
1642661152.261529922 0.476694364 1.295239269 1.292147840 -0.040202588 -0.214585221 0.965101819 0.144621624
1642661152.269864082 0.476544144 1.294161344 1.292000127 -0.039090325 -0.214723943 0.964990162 0.145463266
1642661152.278197050 0.476368310 1.293136583 1.291906099 -0.038175997 -0.214934175 0.964883833 0.146099566
1642661152.286530018 0.476157427 1.292170843 1.291882234 -0.037541226 -0.215186921 0.964782175 0.146562618
1642661152.294862986 0.475930957 1.291210151 1.291727084 -0.036040791 -0.215692675 0.964611565 0.147316871
1642661152.303196907 0.475696158 1.290246545 1.291631964 -0.034963617 -0.216157453 0.964430896 0.148076155
1642661152.311530113 0.475446822 1.289301525 1.291636897 -0.034512105 -0.216463788 0.964284067 0.148689548
1642661152.319864035 0.475173113 1.288351143 1.291641331 -0.034066676 -0.216737568 0.964137016 0.149345577
1642661152.328197002 0.474866732 1.287425702 1.291674925 -0.033865876 -0.216933976 0.964006401 0.149948029
1642661152.336529970 0.474545103 1.286485557 1.291669377 -0.033352875 -0.217212854 0.963860176 0.150597884
1642661152.344863892 0.474221193 1.285423337 1.291515096 -0.032268129 -0.217263405 0.963704015 0.151756226
1642661152.353197098 0.473826517 1.284527432 1.291716152 -0.033073186 -0.216950093 0.963779832 0.151549520
1642661152.361530066 0.473428309 1.283628025 1.291813535 -0.033136904 -0.217072109 0.963718816 0.151748766
1642661152.369863987 0.473031698 1.282648039 1.291631615 -0.031701946 -0.217508004 0.963480895 0.152937307
1642661152.378196955 0.472595161 1.281783849 1.291749477 -0.031901913 -0.217588746 0.963443794 0.153014581
1642661152.386529922 0.472145400 1.280883799 1.291800937 -0.031743752 -0.217681491 0.963386300 0.153277331
1642661152.394864082 0.471700021 1.279986452 1.291834656 -0.031310604 -0.218009827 0.963269167 0.153635524
1642661152.403197050 0.471275350 1.279060575 1.291804971 -0.030457542 -0.218470693 0.963105603 0.154176818
1642661152.411530018 0.470841611 1.278132193 1.291769908 -0.029568333 -0.218892668 0.962958195 0.154671354
1642661152.419862986 0.470379795 1.277216386 1.291798993 -0.029131296 -0.219199380 0.962860440 0.154928284
1642661152.428196907 0.469942336 1.276248131 1.291658372 -0.027601068 -0.219880518 0.962615969 0.155760183
1642661152.436530113 0.469417425 1.275620752 1.291950172 -0.028035809 -0.220657598 0.962605058 0.154647081
1642661152.444864035 0.468996306 1.274493933 1.291826098 -0.026841655 -0.220860934 0.962450109 0.155530577
1642661152.453197002 0.468568443 1.273319592 1.291598453 -0.025105146 -0.221175359 0.962235925 0.156694663
1642661152.461529970 0.468105061 1.272356616 1.291605947 -0.024262634 -0.221719317 0.962107266 0.156848584
1642661152.469863892 0.467639668 1.271385401 1.291594717 -0.023346411 -0.222379769 0.961926961 0.157158219
1642661152.478197098 0.467171682 1.270376290 1.291659953 -0.022838870 -0.222877418 0.961817110 0.157200159
1642661152.486530066 0.466705616 1.269350212 1.291703747 -0.022111687 -0.223402573 0.961693994 0.157311876
1642661152.494863987 0.466225229 1.268299660 1.291692499 -0.021221391 -0.223929022 0.961546667 0.157586337
1642661152.503196955 0.465750627 1.267226053 1.291665557 -0.020074441 -0.224577033 0.961364953 0.157922766
1642661152.511529922 0.465211574 1.266528770 1.291923292 -0.019935202 -0.225841887 0.961222666 0.157000050
1642661152.519864082 0.464737411 1.265305033 1.291860456 -0.018778881 -0.226168095 0.961040848 0.157784140
1642661152.528197050 0.464243214 1.264104416 1.291845149 -0.017931092 -0.226412449 0.960892920 0.158431928
1642661152.536530018 0.463679807 1.263398690 1.292228413 -0.018296988 -0.227624955 0.960795824 0.157237031
1642661152.544862986 0.463128665 1.262557345 1.292516995 -0.018457679 -0.228562256 0.960670717 0.156621784
1642661152.553196907 0.462597864 1.261499216 1.292612354 -0.017741913 -0.229304557 0.960450188 0.156971595
1642661152.561530113 0.462157764 1.260038778 1.292354373 -0.015845804 -0.229492309 0.960112620 0.158952661
1642661152.569864035 0.461459337 1.258566158 1.292349920 -0.014896336 -0.228928951 0.959713224 0.162234898
1642661152.578197002 0.460812954 1.257863793 1.292937959 -0.016043306 -0.229664771 0.959569809 0.161933589
1642661152.586529970 0.460298119 1.257052891 1.293199855 -0.015744720 -0.230706505 0.959331585 0.161893555
1642661152.594863892 0.459779619 1.256036836 1.293462260 -0.015767834 -0.231327651 0.959164087 0.161997371
1642661152.603197098 0.459306010 1.254609805 1.293329506 -0.014442666 -0.231237871 0.958879377 0.163923141
1642661152.611530066 0.458857793 1.253339230 1.293222176 -0.012853818 -0.231555417 0.958542676 0.165568135
1642661152.619863987 0.458387723 1.252778081 1.293685213 -0.013406485 -0.232837932 0.958397078 0.164565500
1642661152.628196955 0.457922976 1.251941927 1.293963267 -0.013288109 -0.233607386 0.958252354 0.164327237
1642661152.636529922 0.457518955 1.250956988 1.294011705 -0.012215371 -0.234363501 0.957978754 0.164927987
1642661152.644864082 0.457102043 1.249997627 1.294075756 -0.011297352 -0.234986885 0.957724645 0.165580910
1642661152.653197050 0.456693556 1.249016754 1.294228133 -0.010900724 -0.235410845 0.957574447 0.165873707
1642661152.661530018 0.456301194 1.247618581 1.293992807 -0.009139027 -0.235106708 0.957288916 0.168045365
1642661152.669862986 0.455906339 1.246396894 1.293748252 -0.006926987 -0.235420471 0.956890453 0.169970230
1642661152.678196907 0.455505779 1.245410386 1.293750018 -0.005714141 -0.235975814 0.956608865 0.170828110
1642661152.686530113 0.455113748 1.244437668 1.293793040 -0.004800312 -0.236428722 0.956383139 0.171492587
1642661152.694864035 0.454726069 1.243464367 1.293926335 -0.004365951 -0.236737767 0.956236137 0.171897117
1642661152.703197002 0.454324471 1.242516001 1.293975927 -0.003566014 -0.237178663 0.956003321 0.172601318
1642661152.711529970 0.453937954 1.241550885 1.293964205 -0.002302282 -0.237788615 0.955725302 0.173321725
1642661152.719863892 0.453542077 1.240581402 1.294016027 -0.001360478 -0.238292875 0.955497400 0.173894718
1642661152.728197098 0.453129663 1.239620186 1.294090074 -0.000613829 -0.238736292 0.955272974 0.174522636
1642661152.736530066 0.452721710 1.238643374 1.294151604 0.000182395 -0.239276428 0.955026144 0.175133727
1642661152.744863987 0.452314567 1.237708766 1.294354883 0.000170791 -0.239584799 0.954920669 0.175287226
1642661152.753196955 0.451897480 1.236747067 1.294482987 0.000694774 -0.240072251 0.954722864 0.175696001
1642661152.761529922 0.451452806 1.235795286 1.294529409 0.001594839 -0.240649577 0.954424619 0.176518790
1642661152.769864082 0.451021881 1.234804005 1.294568481 0.002574424 -0.241332701 0.954107923 0.177284998
1642661152.778197050 0.450587126 1.233809554 1.294673570 0.003221807 -0.241934518 0.953828851 0.177954580
1642661152.786530018 0.450162537 1.232866355 1.294933841 0.002908334 -0.242317985 0.953711804 0.178065526
1642661152.794862986 0.449745751 1.231867419 1.295082344 0.003298319 -0.242889964 0.953468160 0.178583467
1642661152.803196907 0.449296513 1.230874843 1.295264689 0.003432795 -0.243389719 0.953226786 0.179188044
1642661152.811530113 0.448834588 1.229884079 1.295386863 0.003899833 -0.244001477 0.952894546 0.180111226
1642661152.819864035 0.448387134 1.228889550 1.295633502 0.003771468 -0.244484201 0.952685955 0.180562239
1642661152.828197002 0.447937408 1.227895147 1.295907540 0.003499998 -0.244900538 0.952497900 0.180995104
1642661152.836529970 0.447459686 1.226872550 1.296054281 0.003888571 -0.245457083 0.952145051 0.182086521
1642661152.844863892 0.446997075 1.225862465 1.296340025 0.003562042 -0.245861945 0.951946108 0.182586482
1642661152.853197098 0.446529107 1.224843388 1.296655093 0.003140136 -0.246231993 0.951746715 0.183134199
1642661152.861530066 0.446042566 1.223809770 1.296873437 0.003263975 -0.246816531 0.951404914 0.184118540
1642661152.869863987 0.445571074 1.222790281 1.297240616 0.002666460 -0.247152011 0.951214797 0.184659639
1642661152.878196955 0.445116033 1.221752273 1.297613940 0.002085612 -0.247487927 0.951028981 0.185173576
1642661152.886529922 0.444673254 1.220712041 1.297961026 0.001722363 -0.247873881 0.950802797 0.185821458
1642661152.894864082 0.444210909 1.219655222 1.298245905 0.001735812 -0.248391328 0.950455497 0.186903940
1642661152.903197050 0.443774557 1.218592218 1.298560806 0.001664345 -0.248839990 0.950149690 0.187860201
1642661152.911530018 0.443342926 1.217510887 1.298936888 0.001345996 -0.249111425 0.949890366 0.188812021
1642661152.919862986 0.442927281 1.216416027 1.299404495 0.000583802 -0.249286090 0.949720941 0.189436634
1642661152.928196907 0.442504514 1.215318494 1.299842107 0.000037781 -0.249477661 0.949512750 0.190227318
1642661152.936530113 0.442063352 1.214199977 1.300254312 -0.000343472 -0.249801937 0.949219389 0.191262716
1642661152.944864035 0.441634652 1.213080479 1.300655490 -0.000649665 -0.250191151 0.948914763 0.192262162
1642661152.953197002 0.441186093 1.211963846 1.300980952 -0.000511555 -0.250691546 0.948524002 0.193534763
1642661152.961529970 0.440732610 1.210846369 1.301433294 -0.001041622 -0.250986128 0.948274821 0.194370118
1642661152.969863892 0.440249368 1.209744466 1.301830542 -0.001230075 -0.251396964 0.947943554 0.195450946
1642661152.978197098 0.439751305 1.208644910 1.302324186 -0.001904646 -0.251729946 0.947691870 0.196235896
1642661152.986530066 0.439200907 1.207553191 1.302840327 -0.002711155 -0.251965116 0.947443890 0.197120027
1642661152.994863987 0.438602091 1.206482816 1.303248119 -0.002893299 -0.252357278 0.947069088 0.198412638
1642661153.003196955 0.437989119 1.205438100 1.303693827 -0.003285608 -0.252725800 0.946733378 0.199536427
1642661153.011529922 0.437351897 1.204417867 1.304191902 -0.003980985 -0.253055790 0.946456277 0.200418148
1642661153.019864082 0.436683583 1.203421805 1.304687576 -0.004666651 -0.253346884 0.946200448 0.201241872
1642661153.028197050 0.436007432 1.202460740 1.305177351 -0.005314176 -0.253656868 0.945975922 0.201889839
1642661153.036530018 0.435309730 1.201526906 1.305744190 -0.006365575 -0.253854387 0.945852725 0.202188161
1642661153.044862986 0.434550963 1.200605658 1.306274967 -0.007254906 -0.253990274 0.945682935 0.202780903
1642661153.053196907 0.433764345 1.199726485 1.306668556 -0.007404480 -0.254348492 0.945397667 0.203654779
1642661153.061530113 0.432977435 1.198887189 1.307173230 -0.008165057 -0.254505532 0.945281760 0.203967300
1642661153.069864035 0.432167471 1.198068442 1.307677182 -0.008955599 -0.254616007 0.945182189 0.204257476
1642661153.078197002 0.431367699 1.197284071 1.308115704 -0.009392844 -0.254798341 0.945071131 0.204524172
1642661153.086529970 0.430556295 1.196509091 1.308514022 -0.009695671 -0.254971318 0.944935143 0.204922416
1642661153.094863892 0.429728277 1.195756479 1.308826092 -0.009575033 -0.255241150 0.944724581 0.205562008
1642661153.103197098 0.428896471 1.195011837 1.309140088 -0.009591919 -0.255403572 0.944551333 0.206154773
1642661153.111530066 0.428095732 1.194294032 1.309561637 -0.010233379 -0.255352454 0.944554200 0.206174116
1642661153.119863987 0.427285767 1.193586917 1.309906504 -0.010583539 -0.255316806 0.944513446 0.206387178
1642661153.128196955 0.426507402 1.192874939 1.310029340 -0.009903857 -0.255471774 0.944299378 0.207207072
1642661153.136529922 0.425743598 1.192178455 1.310268721 -0.009897160 -0.255424804 0.944260550 0.207442109
1642661153.144864082 0.424980156 1.191491713 1.310495830 -0.009913700 -0.255358094 0.944236598 0.207632391
1642661153.153197050 0.424229567 1.190810166 1.310654757 -0.009581138 -0.255297419 0.944179259 0.207983069
1642661153.161530018 0.423481827 1.190127369 1.310710384 -0.008754198 -0.255360952 0.944017716 0.208673668
1642661153.169862986 0.423425026 1.189948554 1.310636330 -0.007513448 -0.258104912 0.944312555 0.203958822
1642661153.178196907 0.422422173 1.189037933 1.310884557 -0.007791735 -0.256705270 0.944135749 0.206517267
1642661153.186530113 0.422036714 1.188595153 1.310778713 -0.006397788 -0.258189374 0.944104143 0.204852832
1642661153.194864035 0.421017962 1.187678149 1.310909687 -0.006205255 -0.256872834 0.943790476 0.207936000
1642661153.203197002 0.420652251 1.187232802 1.310939865 -0.005715306 -0.258089392 0.943935906 0.205772218
1642661153.211529970 0.419649358 1.186329080 1.311159750 -0.006128239 -0.256686359 0.943719246 0.208491107
1642661153.219863892 0.419263285 1.185895045 1.311084312 -0.005249511 -0.258009424 0.943759650 0.206691321
1642661153.228197098 0.418248097 1.184996721 1.311210096 -0.005337960 -0.256683453 0.943467809 0.209651150
1642661153.236530066 0.417855543 1.184595136 1.311040652 -0.004054789 -0.258105974 0.943424014 0.208124948
1642661153.244863987 0.416810047 1.183696365 1.311195162 -0.004418380 -0.256560403 0.943161874 0.211194027
1642661153.253196955 0.416425400 1.183312560 1.311134084 -0.003797168 -0.257751195 0.943282975 0.209205956
1642661153.261529922 0.415365548 1.182446873 1.311168813 -0.003568489 -0.256360572 0.942912375 0.212562405
1642661153.269864082 0.414984036 1.182073721 1.311065234 -0.002829698 -0.257539119 0.943028805 0.210623520
1642661153.278197050 0.413907342 1.181185536 1.311202954 -0.003268607 -0.255825421 0.942781221 0.213790176
1642661153.286530018 0.413541474 1.180831688 1.311035880 -0.002280687 -0.257123466 0.942873369 0.211830431
1642661153.294862986 0.412456290 1.179936673 1.311086120 -0.002349393 -0.255478645 0.942536509 0.215290670
1642661153.303196907 0.412081976 1.179587775 1.310907449 -0.001331713 -0.256669763 0.942646000 0.213394888
1642661153.311530113 0.411807414 1.179333266 1.310697716 -0.000173768 -0.258275365 0.942823383 0.210660566
1642661153.319864035 0.411075613 1.178773898 1.310641640 0.000246211 -0.258006953 0.942766455 0.211243374
1642661153.328197002 0.410335108 1.178236400 1.310570758 0.000729769 -0.257698294 0.942718477 0.211832315
1642661153.336529970 0.409587330 1.177725788 1.310525245 0.001109542 -0.257393906 0.942681844 0.212363102
1642661153.344863892 0.408839932 1.177246542 1.310471825 0.001577035 -0.257043121 0.942656202 0.212898170
1642661153.353197098 0.408089408 1.176806211 1.310339429 0.002475697 -0.256762292 0.942571568 0.213602052
1642661153.361530066 0.407335803 1.176387610 1.310239674 0.003184575 -0.256437574 0.942533924 0.214148153
1642661153.369863987 0.406604715 1.175999450 1.310273003 0.003196831 -0.255889960 0.942672506 0.214193030
1642661153.378196955 0.405868396 1.175637451 1.310184483 0.003843406 -0.255518912 0.942679541 0.214594027
1642661153.386529922 0.405146627 1.175291878 1.310147721 0.004233961 -0.254968595 0.942782519 0.214788761
1642661153.394864082 0.404451375 1.174959434 1.310093358 0.004718253 -0.254408939 0.942887229 0.214982564
1642661153.403197050 0.403756067 1.174631698 1.309974930 0.005539914 -0.253904990 0.942939998 0.215327019
1642661153.411530018 0.403074385 1.174321258 1.309852315 0.006394034 -0.253408089 0.942988766 0.215674857
1642661153.419862986 0.402398791 1.174016702 1.309693700 0.007405785 -0.252959454 0.943009830 0.216076674
1642661153.428196907 0.401727763 1.173733021 1.309531277 0.008463701 -0.252483036 0.943045859 0.216437498
1642661153.436530113 0.401064932 1.173475817 1.309364225 0.009553381 -0.252006419 0.943100025 0.216711423
1642661153.444864035 0.400398697 1.173229257 1.309191171 0.010680239 -0.251532426 0.943150741 0.216988598
1642661153.453197002 0.399724548 1.172975920 1.308914987 0.012313813 -0.251206772 0.943073522 0.217614017
1642661153.461529970 0.399055792 1.172725306 1.308646537 0.013885759 -0.250842618 0.943018472 0.218177285
1642661153.469863892 0.398399046 1.172483030 1.308410503 0.015286045 -0.250418869 0.943014694 0.218586398
1642661153.478197098 0.397749694 1.172244849 1.308165702 0.016712433 -0.249990161 0.943023823 0.218933056
1642661153.486530066 0.397094582 1.171999567 1.307899395 0.018212699 -0.249571030 0.943012673 0.219339231
1642661153.494863987 0.396457734 1.171756744 1.307645229 0.019644992 -0.249073122 0.943032557 0.219695814
1642661153.503196955 0.395814162 1.171497245 1.307393052 0.021043961 -0.248595423 0.943038007 0.220083584
1642661153.511529922 0.395177319 1.171218403 1.307136475 0.022471915 -0.248108984 0.943036564 0.220497128
1642661153.519864082 0.394562567 1.170929350 1.306881902 0.023872729 -0.247664467 0.943022670 0.220908690
1642661153.528197050 0.393937074 1.170626052 1.306624271 0.025266811 -0.247206850 0.942997729 0.221372187
1642661153.536530018 0.393313525 1.170323914 1.306378583 0.026656220 -0.246740127 0.942967814 0.221856841
1642661153.544862986 0.392691386 1.170003554 1.306135218 0.028011113 -0.246328204 0.942903435 0.222420562
1642661153.553196907 0.392066184 1.169679038 1.305918656 0.029235133 -0.245868224 0.942848786 0.223002893
1642661153.561530113 0.391443895 1.169344516 1.305709840 0.030414283 -0.245386185 0.942784817 0.223645660
1642661153.569864035 0.390790499 1.169013697 1.305574673 0.031311793 -0.244981685 0.942749718 0.224112729
1642661153.578197002 0.390177956 1.168669417 1.305420166 0.032163823 -0.244456588 0.942735332 0.224625376
1642661153.586529970 0.389540187 1.168329750 1.305079995 0.034013132 -0.244224536 0.942436196 0.225857254
1642661153.594863892 0.388860985 1.167987416 1.304876995 0.035320383 -0.244010363 0.942220882 0.226784529
1642661153.603197098 0.388200653 1.167621874 1.304735100 0.036294836 -0.243644889 0.942088204 0.227573435
1642661153.611530066 0.387583247 1.167241510 1.304504724 0.037605465 -0.243286213 0.941863873 0.228670269
1642661153.619863987 0.386942479 1.166882342 1.304389555 0.038552544 -0.243003878 0.941703814 0.229470572
1642661153.628196955 0.386316970 1.166502267 1.304241355 0.039677133 -0.242717497 0.941483353 0.230484354
1642661153.636529922 0.385689007 1.166103915 1.304101403 0.040808795 -0.242443525 0.941228871 0.231611727
1642661153.644864082 0.385019755 1.165728144 1.304086553 0.041515489 -0.242264265 0.941050665 0.232396508
1642661153.653197050 0.384391314 1.165355955 1.304007210 0.042509676 -0.242062919 0.940811927 0.233391063
1642661153.661530018 0.383755947 1.164980246 1.303934167 0.043545988 -0.241855362 0.940553326 0.234455052
1642661153.669862986 0.383092945 1.164626136 1.304046803 0.043858038 -0.241704907 0.940409533 0.235127880
1642661153.678196907 0.382427514 1.164270716 1.304049513 0.044781699 -0.241457751 0.940180782 0.236120416
1642661153.686530113 0.381790885 1.163917195 1.304101638 0.045484466 -0.241213087 0.939960868 0.237109629
1642661153.694864035 0.381085950 1.163566927 1.304242144 0.045980281 -0.241037552 0.939799046 0.237832854
1642661153.703197002 0.380394275 1.163218191 1.304377038 0.046579249 -0.240856342 0.939621778 0.238599059
1642661153.711529970 0.379755395 1.162866098 1.304582765 0.046828338 -0.240662190 0.939456923 0.239394042
1642661153.719863892 0.379133431 1.162517292 1.304720146 0.047473572 -0.240429232 0.939230566 0.240387165
1642661153.728197098 0.378434560 1.162180000 1.304887152 0.048241303 -0.240272300 0.939025810 0.241189816
1642661153.736530066 0.377735329 1.161837329 1.305119639 0.048779621 -0.240135434 0.938838171 0.241947123
1642661153.744863987 0.377057091 1.161495725 1.305369721 0.049253838 -0.239994514 0.938635604 0.242775403
1642661153.753196955 0.376408105 1.161171618 1.305567305 0.049974051 -0.239823350 0.938396129 0.243721276
1642661153.761529922 0.375785018 1.160822989 1.305905530 0.050118653 -0.239497530 0.938316739 0.244316908
1642661153.769864082 0.375112753 1.160536615 1.306275274 0.050342116 -0.239515002 0.938150508 0.244891527
1642661153.778197050 0.374390304 1.160253817 1.306546139 0.051128843 -0.239532589 0.937901068 0.245665557
1642661153.786530018 0.373731168 1.159948923 1.306817895 0.051811912 -0.239414991 0.937660112 0.246555273
1642661153.794862986 0.373034304 1.159648500 1.307111049 0.052531491 -0.239282566 0.937423475 0.247429838
1642661153.803196907 0.372298058 1.159368485 1.307527724 0.052830002 -0.239205221 0.937294128 0.247930578
1642661153.811530113 0.371577690 1.159101438 1.307969569 0.053024695 -0.239129475 0.937165384 0.248448221
1642661153.819864035 0.370874276 1.158825089 1.308330804 0.053509933 -0.239030624 0.936942645 0.249278012
1642661153.828197002 0.370150229 1.158553914 1.308707370 0.053977536 -0.238912189 0.936728445 0.250094406
1642661153.836529970 0.369414470 1.158276426 1.309314364 0.053456182 -0.238677678 0.936759187 0.250315057
1642661153.844863892 0.368634232 1.158067091 1.309781604 0.053656063 -0.238605683 0.936617858 0.250869176
1642661153.853197098 0.367881870 1.157881602 1.310257624 0.053794757 -0.238609887 0.936451097 0.251457329
1642661153.861530066 0.367139306 1.157639135 1.310826150 0.053513662 -0.238388825 0.936444462 0.251751515
1642661153.869863987 0.366404784 1.157449374 1.311211559 0.054069255 -0.238309927 0.936217235 0.252551346
1642661153.878196955 0.365612611 1.157285814 1.311649714 0.054537093 -0.238331617 0.936029711 0.253124723
1642661153.886529922 0.364835395 1.157109718 1.312162782 0.054633879 -0.238253007 0.935964752 0.253417890
1642661153.894864082 0.364111089 1.156924605 1.312575717 0.055049162 -0.238111582 0.935803456 0.254055813
1642661153.903197050 0.363390206 1.156759860 1.313009393 0.055370843 -0.237982344 0.935673677 0.254584453
1642661153.911530018 0.362649337 1.156615502 1.313545656 0.055270013 -0.237898928 0.935656944 0.254745772
1642661153.919862986 0.361932210 1.156466927 1.314030442 0.055347084 -0.237821358 0.935598894 0.255014532
1642661153.928196907 0.361255665 1.156303370 1.314403501 0.055864277 -0.237681330 0.935439980 0.255614575
1642661153.936530113 0.360597779 1.156162672 1.314796998 0.056268706 -0.237558876 0.935314716 0.256097629
1642661153.944864035 0.359931657 1.156052328 1.315290990 0.056255957 -0.237445256 0.935312502 0.256213858
1642661153.953197002 0.359332750 1.156051573 1.315895337 0.055750419 -0.237479984 0.935406184 0.255950033
1642661153.961529970 0.358735725 1.156017158 1.316347927 0.055894971 -0.237448911 0.935370192 0.256078837
1642661153.969863892 0.358123538 1.155934781 1.316709876 0.056429560 -0.237248471 0.935288584 0.256445183
1642661153.978197098 0.357520145 1.155759024 1.316977814 0.057296928 -0.236851282 0.935130483 0.257195476
1642661153.986530066 0.356974326 1.155638838 1.317271954 0.058040120 -0.236543800 0.935003504 0.257772812
1642661153.994863987 0.356505408 1.155568346 1.317769505 0.057752711 -0.236073266 0.935158799 0.257705369
1642661154.003196955 0.356051521 1.155541422 1.318193792 0.057858537 -0.235685844 0.935230060 0.257777632
1642661154.011529922 0.355614511 1.155643330 1.318669289 0.057820668 -0.235398506 0.935337401 0.257659195
1642661154.019864082 0.355151679 1.155712870 1.319016868 0.058345048 -0.235035992 0.935354378 0.257810250
1642661154.028197050 0.354740428 1.155684329 1.319142286 0.059720935 -0.234803629 0.935121947 0.258549048
1642661154.036530018 0.354339557 1.155696357 1.319296080 0.061011808 -0.234491299 0.934936137 0.259202255
1642661154.044862986 0.353994036 1.155784190 1.319597677 0.061631418 -0.234104138 0.934924444 0.259447692
1642661154.053196907 0.353685229 1.155889216 1.319889020 0.062250691 -0.233661177 0.934927777 0.259687039
1642661154.061530113 0.353378952 1.155997338 1.320085468 0.063411123 -0.233339871 0.934840244 0.260010099
1642661154.069864035 0.353089729 1.156120351 1.320300350 0.064320591 -0.232875898 0.934803052 0.260336192
1642661154.078197002 0.352835970 1.156266283 1.320551754 0.064998268 -0.232331686 0.934813601 0.260616087
1642661154.086529970 0.352649285 1.156426466 1.320840383 0.065479737 -0.231807111 0.934856245 0.260809640
1642661154.094863892 0.352482205 1.156602854 1.321109711 0.066042955 -0.231250239 0.934906121 0.260983139
1642661154.103197098 0.352298886 1.156782520 1.321300855 0.066969350 -0.230634711 0.934911296 0.261273047
1642661154.111530066 0.352175772 1.156967781 1.321592431 0.067320139 -0.229894276 0.935069633 0.261268832
1642661154.119863987 0.352102239 1.157254698 1.321997502 0.067239434 -0.229218997 0.935320357 0.260985326
1642661154.128196955 0.352025986 1.157529883 1.322275551 0.067876424 -0.228637527 0.935425142 0.260954932
1642661154.136529922 0.352001097 1.157769897 1.322556677 0.068212674 -0.227948013 0.935514063 0.261151628
1642661154.144864082 0.352011465 1.158031348 1.322849369 0.068375400 -0.227244924 0.935627320 0.261316030
1642661154.153197050 0.352025293 1.158322460 1.323110063 0.068713153 -0.226520647 0.935749372 0.261419226
1642661154.161530018 0.352027694 1.158650449 1.323336905 0.069317984 -0.225754790 0.935882002 0.261447260
1642661154.169862986 0.352086273 1.158934005 1.323507968 0.069867567 -0.224863224 0.935975457 0.261734593
1642661154.178196907 0.352167620 1.159387945 1.323844030 0.069691100 -0.223947024 0.936287225 0.261451933
1642661154.186530113 0.352215604 1.159885488 1.324123199 0.069982530 -0.223055010 0.936576116 0.261101678
1642661154.194864035 0.352305165 1.160375174 1.324340419 0.070437761 -0.222089318 0.936826108 0.260905540
1642661154.203197002 0.352452039 1.160889347 1.324573982 0.070706953 -0.221090183 0.937113497 0.260649095
1642661154.211529970 0.352647997 1.161428250 1.324792765 0.071028001 -0.220133664 0.937405707 0.260320445
1642661154.219863892 0.352875395 1.161993493 1.325013639 0.071320092 -0.219215739 0.937702661 0.259945426
1642661154.228197098 0.353150196 1.162481379 1.325102518 0.072123699 -0.218293585 0.937860627 0.259929852
1642661154.236530066 0.353469052 1.163106952 1.325331921 0.072392314 -0.217371643 0.938202013 0.259395268
1642661154.244863987 0.353817782 1.163765603 1.325582450 0.072544098 -0.216493439 0.938567514 0.258764305
1642661154.253196955 0.354202297 1.164384326 1.325754555 0.073005575 -0.215634504 0.938851176 0.258322311
1642661154.261529922 0.354624739 1.165014837 1.325905252 0.073550822 -0.214772503 0.939128995 0.257875513
1642661154.269864082 0.355075665 1.165649088 1.326038148 0.074115868 -0.213955374 0.939401372 0.257400464
1642661154.278197050 0.355553606 1.166292984 1.326156628 0.074683994 -0.213167645 0.939679617 0.256873653
1642661154.286530018 0.356063990 1.166952093 1.326254746 0.075312291 -0.212365041 0.939959468 0.256330540
1642661154.294862986 0.356593674 1.167620335 1.326354428 0.075876928 -0.211550961 0.940258089 0.255741292
1642661154.303196907 0.357144629 1.168282363 1.326429933 0.076487618 -0.210743736 0.940555086 0.255133009
1642661154.311530113 0.357725725 1.168956880 1.326493806 0.077110796 -0.209939698 0.940862728 0.254473131
1642661154.319864035 0.358335333 1.169642573 1.326569198 0.077660517 -0.209135044 0.941197237 0.253730443
1642661154.328197002 0.358969968 1.170319842 1.326608130 0.078308040 -0.208382701 0.941510695 0.252986388
1642661154.336529970 0.359632614 1.170883644 1.326512875 0.079427767 -0.207644641 0.941673880 0.252636571
1642661154.344863892 0.360312322 1.171584550 1.326577802 0.079880477 -0.206889714 0.942039080 0.251750128
1642661154.353197098 0.361001263 1.172312150 1.326673476 0.080150633 -0.206158347 0.942446143 0.250738668
1642661154.361530066 0.361708009 1.172971750 1.326684373 0.080655564 -0.205446801 0.942760659 0.249977264
1642661154.369863987 0.362419409 1.173630321 1.326688233 0.081065268 -0.204708225 0.943081353 0.249239898
1642661154.378196955 0.363129880 1.174295889 1.326686513 0.081409306 -0.203903931 0.943421932 0.248497022
1642661154.386529922 0.363854747 1.174970864 1.326695779 0.081632490 -0.203122045 0.943789908 0.247665462
1642661154.394864082 0.364571920 1.175634093 1.326693939 0.081782687 -0.202351022 0.944152782 0.246862676
1642661154.403197050 0.365290762 1.176311599 1.326690374 0.081853235 -0.201533122 0.944544152 0.246009744
1642661154.411530018 0.366023738 1.176982761 1.326665078 0.081935416 -0.200683781 0.944940384 0.245153580
1642661154.419862986 0.366762794 1.177651684 1.326625796 0.081991470 -0.199838736 0.945347216 0.244255030
1642661154.428196907 0.367505479 1.178328288 1.326588649 0.081969881 -0.199035729 0.945770083 0.243278991
1642661154.436530113 0.368256412 1.178997751 1.326540528 0.081927322 -0.198275846 0.946192702 0.242268393
1642661154.444864035 0.369008873 1.179642224 1.326450911 0.082008522 -0.197502016 0.946602157 0.241271451
1642661154.453197002 0.369769685 1.180281985 1.326353371 0.082008179 -0.196708241 0.947034270 0.240222017
1642661154.461529970 0.370530495 1.180924260 1.326241662 0.081995527 -0.195919463 0.947471197 0.239145624
1642661154.469863892 0.371291889 1.181551085 1.326098037 0.082053827 -0.195174913 0.947886526 0.238086236
1642661154.478197098 0.372064653 1.182171736 1.325932170 0.082096341 -0.194452840 0.948314167 0.236956799
1642661154.486530066 0.372837547 1.182785146 1.325743671 0.082169167 -0.193730872 0.948739327 0.235818292
1642661154.494863987 0.373586347 1.183364907 1.325416398 0.082904034 -0.193172826 0.948942680 0.235199852
1642661154.503196955 0.374355612 1.183962212 1.325131343 0.083316526 -0.192537193 0.949265982 0.234268823
1642661154.511529922 0.375126023 1.184569947 1.324923713 0.083245535 -0.191817667 0.949739793 0.232960272
1642661154.519864082 0.375894697 1.185163365 1.324693262 0.083213572 -0.191134892 0.950196069 0.231668695
1642661154.528197050 0.376681907 1.185767181 1.324441545 0.083177101 -0.190516320 0.950666301 0.230257869
1642661154.536530018 0.377467022 1.186364193 1.324183934 0.083087954 -0.189867619 0.951152483 0.228813534
1642661154.544862986 0.378245097 1.186939566 1.323906230 0.083034362 -0.189216348 0.951618620 0.227430143
1642661154.553196907 0.379031522 1.187523696 1.323614628 0.082947868 -0.188606864 0.952109901 0.225906702
1642661154.561530113 0.379830620 1.188116582 1.323298775 0.082908366 -0.188002576 0.952625624 0.224244630
1642661154.569864035 0.380641923 1.188697512 1.323054173 0.082366932 -0.187240765 0.953279497 0.222294365
1642661154.578197002 0.381444718 1.189278158 1.322767625 0.081957892 -0.186588908 0.953886634 0.220380973
1642661154.586529970 0.382233634 1.189842515 1.322387843 0.081923135 -0.186079697 0.954368079 0.218733893
1642661154.594863892 0.383024238 1.190383636 1.321970156 0.082005349 -0.185599611 0.954827349 0.217100532
1642661154.603197098 0.383760996 1.190858564 1.321284974 0.083440830 -0.185639405 0.954825511 0.216526866
1642661154.611530066 0.384526374 1.191342248 1.320660510 0.084466429 -0.185635203 0.954943592 0.215610136
1642661154.619863987 0.385309691 1.191835792 1.320188489 0.084570648 -0.185352915 0.955328683 0.214100933
1642661154.628196955 0.386083064 1.192301477 1.319705710 0.084608797 -0.185187303 0.955685009 0.212633905
1642661154.636529922 0.386860319 1.192773836 1.319225345 0.084541437 -0.185011838 0.956073916 0.211059309
1642661154.644864082 0.387647748 1.193253399 1.318738950 0.084385374 -0.184846115 0.956482770 0.209408052
1642661154.653197050 0.388437836 1.193727231 1.318250396 0.084142526 -0.184729590 0.956888782 0.207747137
1642661154.661530018 0.389229238 1.194183946 1.317708318 0.084074938 -0.184619182 0.957263821 0.206138640
1642661154.669862986 0.390034372 1.194637814 1.317152754 0.084005096 -0.184540329 0.957639129 0.204487918
1642661154.678196907 0.390852004 1.195069417 1.316569168 0.083970229 -0.184501389 0.957994094 0.202868315
1642661154.686530113 0.391680244 1.195495129 1.315942193 0.084051859 -0.184516726 0.958336406 0.201196908
1642661154.694864035 0.392531797 1.195819974 1.315195397 0.084585893 -0.184514179 0.958568247 0.199866604
1642661154.703197002 0.393384536 1.196162240 1.314454038 0.085081007 -0.184539260 0.958816475 0.198437526
1642661154.711529970 0.394221583 1.196663359 1.313851871 0.085000968 -0.184593213 0.959227955 0.196422787
1642661154.719863892 0.395070003 1.197127410 1.313190898 0.085169925 -0.184688066 0.959580568 0.194529009
1642661154.728197098 0.395925818 1.197518780 1.312451869 0.085654248 -0.184810298 0.959854138 0.192843296
1642661154.736530066 0.396780440 1.197913860 1.311709529 0.086153540 -0.184966110 0.960131554 0.191082454
1642661154.744863987 0.397641917 1.198324918 1.310962307 0.086663406 -0.185086727 0.960420635 0.189273774
1642661154.753196955 0.398505565 1.198735422 1.310208224 0.087223305 -0.185219171 0.960695867 0.187481747
1642661154.761529922 0.399375976 1.199152768 1.309459832 0.087821603 -0.185399758 0.960960260 0.185660106
1642661154.769864082 0.400292493 1.199591890 1.308743861 0.088322301 -0.185756424 0.961218840 0.183717346
1642661154.778197050 0.401202268 1.200004105 1.308022782 0.088831149 -0.186004619 0.961474187 0.181875495
1642661154.786530018 0.402068631 1.200462920 1.307377587 0.089020272 -0.186072869 0.961822653 0.179859562
1642661154.794862986 0.402944700 1.200854525 1.306659989 0.089530666 -0.186123709 0.962094022 0.178093566
1642661154.803196907 0.403836097 1.201167350 1.305895275 0.090261518 -0.186156218 0.962291501 0.176617632
1642661154.811530113 0.404726984 1.201473012 1.305140903 0.090972152 -0.186172364 0.962483309 0.175185037
1642661154.819864035 0.405618683 1.201772889 1.304403888 0.091621859 -0.186161342 0.962687902 0.173727929
1642661154.828197002 0.406450843 1.201959973 1.303518284 0.092962963 -0.185948217 0.962766859 0.172803713
1642661154.836529970 0.407266685 1.202154770 1.302657755 0.094274707 -0.185773805 0.962837806 0.171882903
1642661154.844863892 0.408178049 1.202597680 1.302134340 0.094215431 -0.186230818 0.963111915 0.169873404
1642661154.853197098 0.409076039 1.203052369 1.301633797 0.094086167 -0.186584179 0.963418835 0.167804305
1642661154.861530066 0.409904806 1.203520318 1.301140473 0.093954428 -0.186724066 0.963766492 0.165713117
1642661154.869863987 0.410732620 1.203958998 1.300602217 0.094055508 -0.186835401 0.964059627 0.163814313
1642661154.878196955 0.411577692 1.204330919 1.299993405 0.094442206 -0.186916705 0.964281482 0.162185197
1642661154.886529922 0.412413951 1.204700163 1.299394536 0.094787105 -0.186964930 0.964506317 0.160583573
1642661154.894864082 0.413238547 1.205088121 1.298814608 0.095080435 -0.186989868 0.964757443 0.158863387
1642661154.903197050 0.414054235 1.205478072 1.298203632 0.095539220 -0.186975297 0.964990237 0.157182500
1642661154.911530018 0.414847610 1.205877096 1.297608158 0.095925503 -0.186873904 0.965247882 0.155476581
1642661154.919862986 0.415640025 1.206224717 1.296951669 0.096506593 -0.186741966 0.965476280 0.153848849
1642661154.928196907 0.416401705 1.206606135 1.296295445 0.097077497 -0.186557454 0.965714414 0.152210206
1642661154.936530113 0.417133398 1.207066997 1.295727665 0.097285104 -0.186329076 0.966033555 0.150320506
1642661154.944864035 0.417851638 1.207596800 1.295234254 0.097216451 -0.186114602 0.966413127 0.148175518
1642661154.953197002 0.418566366 1.208102141 1.294709714 0.097252547 -0.185840051 0.966769785 0.146156080
1642661154.961529970 0.419296074 1.208548914 1.294138798 0.097412603 -0.185551596 0.967082343 0.144336867
1642661154.969863892 0.420040226 1.208907700 1.293492558 0.097795635 -0.185183558 0.967340153 0.142814885
1642661154.978197098 0.420781452 1.209279182 1.292861572 0.098095285 -0.184841008 0.967606601 0.141239452
1642661154.986530066 0.421514240 1.209671033 1.292280525 0.098199973 -0.184509865 0.967899426 0.139583580
1642661154.994863987 0.422247285 1.210035902 1.291684498 0.098376082 -0.184246670 0.968158242 0.138003368
1642661155.003196955 0.422989140 1.210373551 1.291068766 0.098647636 -0.183882880 0.968413500 0.136495505
1642661155.011529922 0.423739786 1.210704391 1.290468830 0.098825178 -0.183538333 0.968677793 0.134946648
1642661155.019864082 0.424492094 1.211012653 1.289884352 0.098943277 -0.183235663 0.968935406 0.133413263
1642661155.028197050 0.425249799 1.211279151 1.289294063 0.099117274 -0.182935018 0.969164017 0.132028988
1642661155.036530018 0.426010744 1.211518907 1.288707253 0.099273526 -0.182683047 0.969368374 0.130754068
1642661155.044862986 0.426768534 1.211722116 1.288068970 0.099767397 -0.182395103 0.969499516 0.129804395
1642661155.053196907 0.427524716 1.211947972 1.287528164 0.099674205 -0.182031988 0.969748483 0.128519602
1642661155.061530113 0.428221309 1.212015956 1.286789881 0.100376749 -0.181255820 0.969906400 0.127876551
1642661155.069864035 0.428920752 1.212086444 1.286081203 0.100976515 -0.180567950 0.970043307 0.127337902
1642661155.078197002 0.429704102 1.212485805 1.285841931 0.099494130 -0.180498428 0.970464355 0.125380107
1642661155.086529970 0.430488139 1.212713276 1.285418433 0.098839735 -0.180256911 0.970727186 0.124205003
1642661155.094863892 0.431236209 1.212805830 1.284832876 0.098800700 -0.179714373 0.970912256 0.123574093
1642661155.103197098 0.431919904 1.212829178 1.284141693 0.099034749 -0.178736472 0.971114923 0.123212007
1642661155.111530066 0.432612006 1.212868811 1.283525772 0.098944721 -0.177807719 0.971336691 0.122879572
1642661155.119863987 0.433336312 1.213080028 1.283125716 0.097981867 -0.177197288 0.971668205 0.121908060
1642661155.128196955 0.434113060 1.213434576 1.282939468 0.096075930 -0.177005978 0.972095291 0.120287338
1642661155.136529922 0.434855962 1.213430811 1.282316441 0.095947066 -0.176326473 0.972232145 0.120282134
1642661155.144864082 0.435544750 1.213413641 1.281618837 0.096256431 -0.175480447 0.972347636 0.120338634
1642661155.153197050 0.436278476 1.213576526 1.281166859 0.095371431 -0.174885066 0.972626480 0.119654647
1642661155.161530018 0.437000777 1.213731587 1.280707591 0.094607410 -0.174330507 0.972874032 0.119056417
1642661155.169862986 0.437722387 1.213906031 1.280245203 0.093882462 -0.173740480 0.973128234 0.118413553
1642661155.178196907 0.438462794 1.214083418 1.279811967 0.092894555 -0.173172440 0.973399794 0.117791121
1642661155.186530113 0.439218320 1.214236167 1.279406760 0.091631062 -0.172559762 0.973675768 0.117398364
1642661155.194864035 0.439947319 1.214401106 1.278958788 0.090685223 -0.171940557 0.973922523 0.116993820
1642661155.203197002 0.440671118 1.214593736 1.278520767 0.089729665 -0.171385758 0.974170982 0.116474918
1642661155.211529970 0.441402056 1.214794406 1.278098240 0.088606078 -0.170810395 0.974427986 0.116029615
1642661155.219863892 0.442122370 1.215000570 1.277675335 0.087444327 -0.170185242 0.974684465 0.115674828
1642661155.228197098 0.442839020 1.215234929 1.277250821 0.086241850 -0.169623426 0.974944028 0.115214492
1642661155.236530066 0.443542469 1.215482226 1.276819095 0.085042266 -0.169087767 0.975190465 0.114807215
1642661155.244863987 0.444237825 1.215739761 1.276377279 0.083841925 -0.168505584 0.975436615 0.114454401
1642661155.253196955 0.444935598 1.216019689 1.275908456 0.082698662 -0.167895731 0.975687496 0.114043260
1642661155.261529922 0.445653596 1.216303489 1.275384090 0.081730652 -0.167247949 0.975900949 0.113866421
1642661155.269864082 0.446328697 1.216620122 1.274928046 0.080405612 -0.166689781 0.976161044 0.113397845
1642661155.278197050 0.447007114 1.216963219 1.274416879 0.079254885 -0.166134672 0.976401715 0.112949659
1642661155.286530018 0.447654490 1.217315379 1.273892291 0.078117975 -0.165647373 0.976634097 0.112447193
1642661155.294862986 0.448300969 1.217706447 1.273339100 0.077107985 -0.165099755 0.976859581 0.111990130
1642661155.303196907 0.448950834 1.218150686 1.272767441 0.076193717 -0.164682527 0.977069691 0.111395697
1642661155.311530113 0.449565964 1.218623495 1.272219528 0.075220386 -0.164447668 0.977271577 0.110630564
1642661155.319864035 0.450170956 1.219132651 1.271636310 0.074372228 -0.164268138 0.977458505 0.109816310
1642661155.328197002 0.450847379 1.219874369 1.271336826 0.072183349 -0.164623213 0.977757729 0.108067507
1642661155.336529970 0.451477834 1.220576126 1.270857437 0.070947190 -0.164908834 0.977962099 0.106591302
1642661155.344863892 0.452036433 1.220988266 1.269858469 0.071836393 -0.164461466 0.977971622 0.106599558
1642661155.353197098 0.452641424 1.221672817 1.269161838 0.071398036 -0.164571550 0.978115130 0.105400753
1642661155.361530066 0.453211502 1.222249575 1.268220136 0.072060604 -0.164504494 0.978147644 0.104750790
1642661155.369863987 0.453764121 1.222775196 1.267165521 0.073126505 -0.164285577 0.978138742 0.104438334
1642661155.378196955 0.454383750 1.223648434 1.266576243 0.072155881 -0.164783308 0.978326971 0.102549152
1642661155.386529922 0.454949824 1.224287187 1.265627573 0.072657614 -0.164765314 0.978369662 0.101813881
1642661155.394864082 0.455453483 1.224866867 1.264541436 0.073925664 -0.164684284 0.978339089 0.101324774
1642661155.403197050 0.456015746 1.225768786 1.263941961 0.073108241 -0.165418966 0.978477843 0.099362277
1642661155.411530018 0.456593302 1.226633924 1.263345896 0.072063666 -0.166033558 0.978624338 0.097642673
1642661155.419862986 0.457108835 1.227369528 1.262521202 0.072153491 -0.166380910 0.978664479 0.096576933
1642661155.428196907 0.457626093 1.228084481 1.261676784 0.072211198 -0.166624628 0.978703061 0.095718826
1642661155.436530113 0.458082944 1.228632794 1.260600110 0.073285142 -0.166422921 0.978664456 0.095648223
1642661155.444864035 0.458579979 1.229438309 1.259923011 0.072625929 -0.166877141 0.978759344 0.094380297
1642661155.453197002 0.459109088 1.230311281 1.259411420 0.071037321 -0.167389222 0.978923925 0.092965023
1642661155.461529970 0.459563852 1.231057193 1.258670061 0.070577862 -0.167506004 0.979011092 0.092183433
1642661155.469863892 0.460013210 1.231832983 1.257982213 0.069811536 -0.167587424 0.979134438 0.091304746
1642661155.478197098 0.460453661 1.232598568 1.257301875 0.069018566 -0.167666024 0.979252004 0.090498918
1642661155.486530066 0.460848650 1.233401406 1.256658818 0.068308301 -0.167855195 0.979361310 0.089498792
1642661155.494863987 0.461251667 1.234227937 1.256089338 0.067222744 -0.168031453 0.979495314 0.088518156
1642661155.503196955 0.461661749 1.235061868 1.255530487 0.066124599 -0.168179236 0.979631905 0.087547776
1642661155.511529922 0.462068017 1.235907710 1.254973415 0.065183305 -0.168305904 0.979762267 0.086545709
1642661155.519864082 0.462478625 1.236755476 1.254438649 0.064257464 -0.168554832 0.979870504 0.085522171
1642661155.528197050 0.462896617 1.237604172 1.253919826 0.063346864 -0.168877831 0.979965175 0.084473127
1642661155.536530018 0.463317687 1.238454558 1.253419181 0.062496855 -0.169218171 0.980051172 0.083420945
1642661155.544862986 0.463741161 1.239310000 1.252907683 0.061872913 -0.169607452 0.980112901 0.082363556
1642661155.553196907 0.464161874 1.240170125 1.252407975 0.061304019 -0.169966078 0.980175417 0.081298837
1642661155.561530113 0.464577949 1.241042042 1.251942670 0.060676608 -0.170335828 0.980246442 0.080130941
1642661155.569864035 0.465000919 1.241926346 1.251467933 0.060157303 -0.170694222 0.980312201 0.078946622
1642661155.578197002 0.465434221 1.242798707 1.250976410 0.059801647 -0.170922061 0.980379240 0.077884264
1642661155.586529970 0.465881816 1.243662242 1.250501700 0.059437075 -0.171165762 0.980444837 0.076794773
1642661155.594863892 0.466334991 1.244502466 1.250049776 0.059031028 -0.171496445 0.980500747 0.075647821
1642661155.603197098 0.466805843 1.245330292 1.249607541 0.058653909 -0.171862525 0.980550364 0.074457875
1642661155.611530066 0.467286499 1.246136417 1.249160011 0.058353595 -0.172226183 0.980591289 0.073305686
1642661155.619863987 0.467759580 1.246914415 1.248734597 0.057976453 -0.172546950 0.980641543 0.072169555
1642661155.628196955 0.468236698 1.247693740 1.248293913 0.057717834 -0.172840269 0.980692062 0.070978684
1642661155.636529922 0.468708486 1.248462891 1.247854992 0.057490847 -0.173125835 0.980743878 0.069740189
1642661155.644864082 0.469166964 1.249201400 1.247426445 0.057237665 -0.173395024 0.980791479 0.068600947
1642661155.653197050 0.469629351 1.249949527 1.247003249 0.056974857 -0.173612208 0.980852046 0.067393855
1642661155.661530018 0.470089869 1.250696460 1.246572027 0.056724636 -0.173742080 0.980930852 0.066111026
1642661155.669862986 0.470554902 1.251426137 1.246140235 0.056467318 -0.173805712 0.981018259 0.064855161
1642661155.678196907 0.471070536 1.252124077 1.245715344 0.056133887 -0.173916158 0.981088743 0.063773310
1642661155.686530113 0.471581178 1.252811969 1.245280084 0.055845765 -0.173949042 0.981171270 0.062657170
1642661155.694864035 0.472084867 1.253499128 1.244819044 0.055681503 -0.173881407 0.981273645 0.061374755
1642661155.703197002 0.472605204 1.254161775 1.244349050 0.055498373 -0.173828587 0.981375275 0.060051006
1642661155.711529970 0.473129229 1.254782288 1.243875344 0.055294142 -0.173692599 0.981487072 0.058792564
1642661155.719863892 0.473657295 1.255382973 1.243414268 0.055037414 -0.173532587 0.981606963 0.057489950
1642661155.728197098 0.474366906 1.256071687 1.242872119 0.055278902 -0.174752988 0.981552995 0.054399951
1642661155.736530066 0.475036722 1.256677703 1.242364916 0.055272199 -0.175568719 0.981543462 0.051894525
1642661155.744863987 0.475590579 1.257187314 1.241930328 0.054771162 -0.175268903 0.981688524 0.050681090
1642661155.753196955 0.476171138 1.257696779 1.241509043 0.054222982 -0.174901307 0.981849488 0.049406316
1642661155.761529922 0.476771700 1.258178371 1.241097603 0.053576258 -0.174537385 0.982011522 0.048162807
1642661155.769864082 0.477386331 1.258600576 1.240683509 0.052879318 -0.174148339 0.982169740 0.047103453
1642661155.778197050 0.478024932 1.258988442 1.240245148 0.052276006 -0.173724043 0.982321389 0.046172131
1642661155.786530018 0.478696686 1.259375601 1.239802816 0.051659698 -0.173266103 0.982481615 0.045166470
1642661155.794862986 0.479395009 1.259730791 1.239367531 0.050976199 -0.172795683 0.982642083 0.044244960
1642661155.803196907 0.480128593 1.260064569 1.238899559 0.050433540 -0.172309125 0.982793354 0.043396388
1642661155.811530113 0.480900274 1.260407510 1.238429375 0.049959194 -0.171817363 0.982948073 0.042378760
1642661155.819864035 0.481674727 1.260714759 1.237988654 0.049357417 -0.171356426 0.983098148 0.041459043
1642661155.828197002 0.482450259 1.260987702 1.237563024 0.048696749 -0.170820941 0.983253794 0.040753022
1642661155.836529970 0.483246147 1.261251520 1.237135496 0.048105316 -0.170374110 0.983390895 0.040011112
1642661155.844863892 0.484055248 1.261495128 1.236723870 0.047474313 -0.169940643 0.983523469 0.039344050
1642661155.853197098 0.484887614 1.261748434 1.236331672 0.046864340 -0.169463217 0.983665546 0.038575189
1642661155.861530066 0.485739049 1.262006561 1.235955553 0.046252260 -0.169091869 0.983791483 0.037722501
1642661155.869863987 0.486602844 1.262263719 1.235621091 0.045493294 -0.168697576 0.983927423 0.036855304
1642661155.878196955 0.487476888 1.262512704 1.235316944 0.044678517 -0.168261084 0.984071799 0.035982378
1642661155.886529922 0.488355850 1.262725121 1.235014371 0.043930774 -0.167877294 0.984196859 0.035268167
1642661155.894864082 0.489239051 1.262903292 1.234732703 0.043130098 -0.167600351 0.984301677 0.034642827
1642661155.903197050 0.490141439 1.263082228 1.234476871 0.042327118 -0.167384342 0.984397528 0.033947074
1642661155.911530018 0.491063900 1.263260907 1.234231153 0.041596742 -0.167204034 0.984484857 0.033197726
1642661155.919862986 0.491994480 1.263437422 1.234013148 0.040860127 -0.166964023 0.984580330 0.032481346
1642661155.928196907 0.492929703 1.263628527 1.233822251 0.040138589 -0.166790094 0.984666462 0.031653065
1642661155.936530113 0.493862106 1.263817928 1.233643444 0.039444767 -0.166720102 0.984732632 0.030824706
1642661155.944864035 0.494788276 1.263984318 1.233467170 0.038783241 -0.166703908 0.984783687 0.030112392
1642661155.953197002 0.495723573 1.264171846 1.233299381 0.038237016 -0.166773718 0.984819126 0.029253151
1642661155.961529970 0.496648567 1.264373718 1.233168087 0.037671994 -0.166746201 0.984870014 0.028417969
1642661155.969863892 0.497583378 1.264573884 1.233052793 0.037140056 -0.166819459 0.984902302 0.027556121
1642661155.978197098 0.498452391 1.264635703 1.232959852 0.036359566 -0.167102308 0.984883304 0.027562260
1642661155.986530066 0.499335996 1.264718739 1.232898547 0.035605518 -0.167432682 0.984859362 0.027396734
1642661155.994863987 0.500273432 1.264895231 1.232861550 0.035022734 -0.167812953 0.984838512 0.026557961
1642661156.003196955 0.501198490 1.265066922 1.232828598 0.034477913 -0.168140154 0.984821790 0.025810928
1642661156.011529922 0.502060161 1.265198876 1.232839584 0.033637459 -0.168480447 0.984800632 0.025506379
1642661156.019864082 0.502915223 1.265370953 1.232887450 0.032754807 -0.168819141 0.984786050 0.024973090
1642661156.028197050 0.503784128 1.265595099 1.232962763 0.031942581 -0.169239054 0.984765162 0.023987264
1642661156.036530018 0.504618219 1.265833364 1.233077130 0.031047113 -0.169662971 0.984746441 0.022912860
1642661156.044862986 0.505425805 1.266080285 1.233205981 0.030177194 -0.170079092 0.984725610 0.021861215
1642661156.053196907 0.506207619 1.266337244 1.233358990 0.029296392 -0.170572846 0.984691160 0.020735102
1642661156.061530113 0.506964137 1.266623927 1.233551697 0.028355734 -0.171127082 0.984649559 0.019409274
1642661156.069864035 0.507695413 1.266920211 1.233778832 0.027370853 -0.171721825 0.984599926 0.018039851
1642661156.078197002 0.508402509 1.267224872 1.234021214 0.026415566 -0.172255677 0.984556872 0.016672327
1642661156.086529970 0.509087367 1.267541206 1.234297314 0.025400453 -0.172785222 0.984513928 0.015244960
1642661156.094863892 0.509761841 1.267878862 1.234583824 0.024425438 -0.173385650 0.984455364 0.013727737
1642661156.103197098 0.510429446 1.268224563 1.234870083 0.023521191 -0.173968425 0.984394878 0.012184620
1642661156.111530066 0.511080463 1.268567652 1.235172688 0.022635643 -0.174501453 0.984338786 0.010678241
1642661156.119863987 0.511723758 1.268912729 1.235493488 0.021752863 -0.175066116 0.984273849 0.009146462
1642661156.128196955 0.512352664 1.269260255 1.235841945 0.020822146 -0.175628272 0.984207101 0.007584900
1642661156.136529922 0.512988215 1.269599534 1.236192616 0.019973393 -0.176245627 0.984124844 0.006069094
1642661156.144864082 0.513630062 1.269947685 1.236564181 0.019158163 -0.176905616 0.984030912 0.004531214
1642661156.153197050 0.514272915 1.270299102 1.236919190 0.018522984 -0.177502190 0.983941355 0.003046443
1642661156.161530018 0.514911939 1.270649828 1.237301277 0.017878053 -0.178120255 0.983845046 0.001573449
1642661156.169862986 0.515538974 1.271004123 1.237724181 0.017153484 -0.178799615 0.983735968 0.000016500
1642661156.178196907 0.516158630 1.271369683 1.238172181 0.016398241 -0.179477816 0.983624066 -0.001583661
1642661156.186530113 0.516775198 1.271732852 1.238627490 0.015687172 -0.180143730 0.983510205 -0.003134538
1642661156.194864035 0.517389011 1.272106887 1.239107871 0.014968928 -0.180850211 0.983385349 -0.004731593
1642661156.203197002 0.517996236 1.272486072 1.239624423 0.014190012 -0.181539346 0.983260822 -0.006345443
1642661156.211529970 0.518604522 1.272842335 1.240166175 0.013334711 -0.182223601 0.983135556 -0.007824491
1642661156.219863892 0.519217999 1.273196599 1.240725333 0.012464041 -0.182913937 0.983006353 -0.009254709
1642661156.228197098 0.519827755 1.273552306 1.241306111 0.011521837 -0.183617384 0.982872069 -0.010695775
1642661156.236530066 0.520136445 1.273699369 1.242163657 0.009228535 -0.180890417 0.983421002 -0.008753512
1642661156.244863987 0.520189543 1.274513896 1.243446908 0.005642472 -0.180209166 0.983557763 -0.010341442
1642661156.253196955 0.520562239 1.275329440 1.244398149 0.003578290 -0.181993608 0.983194708 -0.013917191
1642661156.261529922 0.521502691 1.275072402 1.244536682 0.004316143 -0.181893654 0.983225179 -0.012818632
1642661156.269864082 0.522349883 1.274966036 1.244818820 0.004609319 -0.182022987 0.983206154 -0.012330695
1642661156.278197050 0.522645740 1.275839687 1.245811877 0.002580238 -0.183909090 0.982808529 -0.016068095
1642661156.286530018 0.523307434 1.276047981 1.246361897 0.002007230 -0.184670936 0.982651347 -0.016998441
1642661156.294862986 0.524117758 1.275973691 1.246725305 0.002036673 -0.184905565 0.982612209 -0.016704199
1642661156.303196907 0.524797796 1.276423427 1.247294918 0.001662182 -0.186909926 0.982181947 -0.019507445
1642661156.311530113 0.525424182 1.276827675 1.247892274 0.001131703 -0.188516283 0.981827906 -0.021778294
1642661156.319864035 0.525928340 1.277146790 1.248581650 0.000042776 -0.189226645 0.981663637 -0.023016931
1642661156.328197002 0.526424829 1.277453585 1.249268576 -0.001068840 -0.189949141 0.981494999 -0.024202219
1642661156.336529970 0.526754364 1.278111120 1.250477035 -0.004151632 -0.191572738 0.981094229 -0.027143381
1642661156.344863892 0.527113635 1.278699810 1.251565528 -0.006714544 -0.192962083 0.980731776 -0.029761259
1642661156.353197098 0.527603476 1.278996097 1.252226837 -0.007601183 -0.193637515 0.980556830 -0.030903677
1642661156.361530066 0.528090742 1.279414692 1.252817166 -0.008007458 -0.194157623 0.980401645 -0.032423959
1642661156.369863987 0.528744573 1.279464762 1.252914658 -0.006464241 -0.193681557 0.980521210 -0.031997276
1642661156.378196955 0.529192155 1.279839087 1.253658829 -0.007584850 -0.194327784 0.980340260 -0.033349029
1642661156.386529922 0.529555557 1.280383437 1.254665364 -0.009743987 -0.195473966 0.980014357 -0.035592733
1642661156.394864082 0.530100057 1.280469290 1.255204728 -0.009977023 -0.197342969 0.979593103 -0.036790829
1642661156.403197050 0.530643027 1.280610964 1.255752557 -0.010269908 -0.198977729 0.979214100 -0.037975514
1642661156.411530018 0.531149296 1.280888188 1.256363585 -0.010919342 -0.199541910 0.979058688 -0.038831422
1642661156.419862986 0.531708638 1.281373936 1.256968139 -0.011360803 -0.199665332 0.978967416 -0.040342115
1642661156.428196907 0.532275059 1.281827949 1.257566848 -0.011837763 -0.199756904 0.978889375 -0.041624969
1642661156.436530113 0.532932012 1.281874655 1.257927396 -0.011661661 -0.199407825 0.978986577 -0.041058579
1642661156.444864035 0.533436466 1.282228741 1.258603777 -0.012672145 -0.199717952 0.978873566 -0.041936835
1642661156.453197002 0.533953688 1.282474591 1.259172494 -0.013443569 -0.199382664 0.978936619 -0.041820087
1642661156.461529970 0.534428867 1.282806909 1.259847242 -0.014623659 -0.199353158 0.978909638 -0.042194635
1642661156.469863892 0.534870802 1.283299892 1.260658312 -0.016246043 -0.199987588 0.978690859 -0.043648978
1642661156.478197098 0.535546342 1.283406732 1.261019726 -0.016287381 -0.199662796 0.978779054 -0.043139928
1642661156.486530066 0.536195951 1.283550411 1.261439821 -0.016602560 -0.199459948 0.978829864 -0.042803997
1642661156.494863987 0.536754614 1.283858385 1.262047411 -0.017628542 -0.199662310 0.978750318 -0.043266758
1642661156.503196955 0.537313476 1.284177220 1.262661224 -0.018721573 -0.199828587 0.978677125 -0.043693516
1642661156.511529922 0.537870118 1.284524405 1.263277885 -0.019862620 -0.199968751 0.978606336 -0.044131771
1642661156.519864082 0.538436813 1.284874424 1.263866327 -0.020924226 -0.200108870 0.978538606 -0.044506322
1642661156.528197050 0.539014254 1.285224277 1.264437113 -0.021930665 -0.200291358 0.978463720 -0.044846024
1642661156.536530018 0.539599191 1.285604235 1.264998012 -0.022896268 -0.200414110 0.978397984 -0.045247426
1642661156.544862986 0.540167576 1.285990201 1.265566723 -0.023958530 -0.200451996 0.978346545 -0.045640167
1642661156.553196907 0.540726321 1.286369626 1.266121687 -0.024995478 -0.200521386 0.978289569 -0.045999113
1642661156.561530113 0.541280414 1.286749823 1.266666200 -0.026018751 -0.200610246 0.978229833 -0.046313589
1642661156.569864035 0.541757332 1.287071068 1.267226504 -0.027373665 -0.200450634 0.978240725 -0.045992500
1642661156.578197002 0.542227139 1.287420682 1.267781208 -0.028722605 -0.200313167 0.978234648 -0.045897928
1642661156.586529970 0.542734945 1.287824106 1.268319261 -0.029914402 -0.200386434 0.978163406 -0.046333107
1642661156.594863892 0.543243012 1.288219661 1.268829793 -0.031027373 -0.200451370 0.978096707 -0.046726667
1642661156.603197098 0.543736805 1.288622390 1.269340600 -0.032151992 -0.200464166 0.978034692 -0.047207080
1642661156.611530066 0.544221536 1.289032066 1.269846092 -0.033292221 -0.200482583 0.977966662 -0.047744847
1642661156.619863987 0.544708673 1.289446679 1.270313181 -0.034283446 -0.200497692 0.977903431 -0.048272149
1642661156.628196955 0.545232544 1.289793283 1.270683771 -0.034894568 -0.200375687 0.977897238 -0.048465911
1642661156.636529922 0.545735083 1.290155450 1.271082028 -0.035622276 -0.200311933 0.977868945 -0.048769965
1642661156.644864082 0.546200382 1.290569259 1.271535475 -0.036532301 -0.200401490 0.977788488 -0.049338699
1642661156.653197050 0.546665567 1.290976694 1.271962117 -0.037359793 -0.200472073 0.977718151 -0.049823809
1642661156.661530018 0.547113773 1.291384672 1.272386364 -0.038199201 -0.200543190 0.977648348 -0.050268861
1642661156.669862986 0.547541488 1.291804159 1.272806552 -0.039012389 -0.200649461 0.977567687 -0.050786258
1642661156.678196907 0.547948744 1.292234987 1.273221344 -0.039833808 -0.200768792 0.977480157 -0.051358566
1642661156.686530113 0.548355301 1.292667939 1.273612052 -0.040524739 -0.200836088 0.977407544 -0.051933648
1642661156.694864035 0.548747280 1.293106812 1.273991866 -0.041158871 -0.200884343 0.977337957 -0.052554215
1642661156.703197002 0.549124207 1.293531773 1.274349719 -0.041711498 -0.200978163 0.977263729 -0.053136934
1642661156.711529970 0.549492259 1.293959386 1.274694600 -0.042177728 -0.201064059 0.977190664 -0.053783736
1642661156.719863892 0.549850439 1.294383934 1.275036815 -0.042624554 -0.201146870 0.977115458 -0.054483637
1642661156.728197098 0.550205793 1.294809568 1.275358469 -0.042960315 -0.201205479 0.977048877 -0.055192924
1642661156.736530066 0.550545880 1.295242239 1.275680412 -0.043232978 -0.201260191 0.976981419 -0.055969205
1642661156.744863987 0.550861881 1.295663597 1.276009686 -0.043503892 -0.201336377 0.976908958 -0.056744718
1642661156.753196955 0.551158179 1.296077364 1.276350043 -0.043786895 -0.201427508 0.976831217 -0.057536427
1642661156.761529922 0.551439544 1.296476535 1.276702153 -0.044077857 -0.201566149 0.976744534 -0.058295338
1642661156.769864082 0.551707105 1.296870948 1.277068791 -0.044398002 -0.201710172 0.976655853 -0.059035311
1642661156.778197050 0.551963887 1.297264334 1.277443257 -0.044723779 -0.201836189 0.976567323 -0.059818051
1642661156.786530018 0.552206420 1.297650676 1.277822827 -0.045091849 -0.201974620 0.976472650 -0.060614706
1642661156.794862986 0.552440112 1.298029723 1.278227827 -0.045594225 -0.202151076 0.976362614 -0.061417870
1642661156.803196907 0.552680278 1.298399000 1.278647078 -0.046139480 -0.202358353 0.976243302 -0.062219458
1642661156.811530113 0.552937261 1.298753485 1.279042637 -0.046582504 -0.202527414 0.976141350 -0.062934745
1642661156.819864035 0.553199691 1.299088760 1.279431753 -0.047017215 -0.202656966 0.976052435 -0.063570266
1642661156.828197002 0.553465398 1.299420821 1.279818537 -0.047447503 -0.202793531 0.975963155 -0.064182848
1642661156.836529970 0.553729274 1.299749346 1.280211918 -0.047899230 -0.202950269 0.975867438 -0.064804289
1642661156.844863892 0.553975301 1.300083084 1.280631323 -0.048474902 -0.203122257 0.975757023 -0.065496295
1642661156.853197098 0.554226474 1.300414514 1.281054805 -0.049067870 -0.203354828 0.975633887 -0.066164007
1642661156.861530066 0.554485961 1.300737844 1.281453282 -0.049548818 -0.203560161 0.975529248 -0.066714784
1642661156.869863987 0.554726023 1.301090015 1.281865140 -0.050104427 -0.203758980 0.975417669 -0.067321586
1642661156.878196955 0.554984814 1.301425886 1.282260185 -0.050650763 -0.203978376 0.975303323 -0.067902502
1642661156.886529922 0.555258734 1.301751669 1.282627398 -0.051121745 -0.204180164 0.975204970 -0.068354179
1642661156.894864082 0.555515176 1.302096333 1.283001078 -0.051661629 -0.204373640 0.975106211 -0.068777673
1642661156.903197050 0.555774067 1.302449002 1.283345912 -0.052132717 -0.204536112 0.975019357 -0.069169451
1642661156.911530018 0.556033867 1.302811863 1.283660035 -0.052543809 -0.204643505 0.974950342 -0.069512697
1642661156.919862986 0.556288576 1.303184253 1.283956379 -0.052957209 -0.204749124 0.974881447 -0.069853374
1642661156.928196907 0.556536035 1.303577327 1.284243229 -0.053416290 -0.204820347 0.974815015 -0.070221163
1642661156.936530113 0.556772249 1.303990166 1.284505491 -0.053839358 -0.204857808 0.974755822 -0.070609416
1642661156.944864035 0.557005613 1.304405899 1.284735638 -0.054199795 -0.204923387 0.974694702 -0.070986091
1642661156.953197002 0.557233199 1.304826985 1.284945320 -0.054555365 -0.204983314 0.974633511 -0.071379772
1642661156.961529970 0.557465746 1.305265809 1.285135771 -0.054864767 -0.205021830 0.974578379 -0.071783624
1642661156.969863892 0.557704336 1.305702037 1.285291724 -0.055106627 -0.205052054 0.974536740 -0.072076750
1642661156.978197098 0.557932524 1.306176186 1.285440852 -0.055346060 -0.205038573 0.974506326 -0.072342363
1642661156.986530066 0.558163874 1.306680080 1.285563732 -0.055536395 -0.204970430 0.974488015 -0.072635672
1642661156.994863987 0.558409832 1.307186214 1.285644971 -0.055660910 -0.204862635 0.974484168 -0.072895617
1642661157.003196955 0.558649020 1.307703310 1.285704842 -0.055794911 -0.204705412 0.974495163 -0.073087621
1642661157.011529922 0.558901707 1.308225823 1.285720759 -0.055854946 -0.204470975 0.974528275 -0.073256308
1642661157.019864082 0.559155399 1.308788434 1.285718849 -0.055872491 -0.204177524 0.974572960 -0.073466658
1642661157.028197050 0.559398445 1.309393459 1.285703453 -0.055825142 -0.203852644 0.974628673 -0.073665474
1642661157.036530018 0.559642682 1.310015181 1.285660383 -0.055649426 -0.203492220 0.974702760 -0.073814546
1642661157.044862986 0.559886140 1.310652279 1.285600942 -0.055398802 -0.203093421 0.974794181 -0.073894107
1642661157.053196907 0.560118540 1.311320662 1.285550723 -0.055188163 -0.202679515 0.974883971 -0.074003535
1642661157.061530113 0.560352414 1.312013270 1.285494016 -0.054944067 -0.202253232 0.974978763 -0.074102574
1642661157.069864035 0.560576764 1.312722469 1.285442607 -0.054735863 -0.201778876 0.975086031 -0.074138405
1642661157.078197002 0.560782838 1.313428390 1.285404197 -0.054598197 -0.201275596 0.975204073 -0.074055300
1642661157.086529970 0.560965183 1.314150891 1.285389019 -0.054578722 -0.200766211 0.975317853 -0.073953879
1642661157.094863892 0.561139316 1.314895646 1.285392804 -0.054612851 -0.200274947 0.975421758 -0.073890293
1642661157.103197098 0.561299868 1.315643605 1.285425589 -0.054742365 -0.199792750 0.975519338 -0.073811591
1642661157.111530066 0.561441108 1.316384495 1.285500427 -0.055047368 -0.199330182 0.975603709 -0.073720204
1642661157.119863987 0.561558615 1.317155316 1.285622859 -0.055470169 -0.198910064 0.975669787 -0.073663518
1642661157.128196955 0.561676361 1.317937337 1.285762121 -0.055919882 -0.198495132 0.975732679 -0.073609703
1642661157.136529922 0.561812438 1.318680477 1.285884009 -0.056305463 -0.198072923 0.975807853 -0.073456420
1642661157.144864082 0.561936847 1.319413416 1.286032399 -0.056747436 -0.197748258 0.975862965 -0.073258636
1642661157.153197050 0.562036220 1.320173255 1.286225931 -0.057296243 -0.197464686 0.975899468 -0.073109967
1642661157.161530018 0.562114365 1.320950218 1.286442210 -0.057860994 -0.197179225 0.975934735 -0.072964725
1642661157.169862986 0.562172164 1.321739058 1.286670271 -0.058419233 -0.196934217 0.975958319 -0.072866083
1642661157.178196907 0.562198163 1.322551419 1.286933262 -0.059049751 -0.196726653 0.975966337 -0.072811129
1642661157.186530113 0.562209218 1.323370096 1.287212605 -0.059702452 -0.196544807 0.975967983 -0.072747872
1642661157.194864035 0.562228184 1.324180766 1.287466633 -0.060260405 -0.196331363 0.975979378 -0.072711298
1642661157.203197002 0.562231413 1.325000426 1.287725512 -0.060764480 -0.196145882 0.975985722 -0.072707230
1642661157.211529970 0.562209398 1.325831170 1.287997016 -0.061249611 -0.196025060 0.975980835 -0.072691612
1642661157.219863892 0.562168567 1.326679013 1.288278022 -0.061741265 -0.195932659 0.975963860 -0.072752690
1642661157.228197098 0.562116870 1.327535241 1.288569904 -0.062225630 -0.195846906 0.975938918 -0.072905334
1642661157.236530066 0.562063986 1.328468974 1.288856157 -0.062420896 -0.195763678 0.975942973 -0.072907671
1642661157.244863987 0.562028643 1.329341954 1.289100392 -0.062505798 -0.195682442 0.975952267 -0.072928593
1642661157.253196955 0.561982260 1.330160937 1.289326156 -0.062624041 -0.195629375 0.975944511 -0.073073179
1642661157.261529922 0.561896002 1.331042165 1.289566474 -0.062704906 -0.195562058 0.975933978 -0.073324263
1642661157.269864082 0.561792757 1.331932922 1.289801606 -0.062713555 -0.195529616 0.975916655 -0.073633292
1642661157.278197050 0.561685585 1.332831473 1.290036939 -0.062696705 -0.195502420 0.975896620 -0.073984555
1642661157.286530018 0.561582090 1.333730904 1.290256157 -0.062610130 -0.195459100 0.975883578 -0.074343488
1642661157.294862986 0.561491525 1.334647286 1.290430756 -0.062314444 -0.195372061 0.975891867 -0.074710992
1642661157.303196907 0.561406998 1.335564282 1.290591938 -0.061966342 -0.195254311 0.975908094 -0.075095394
1642661157.311530113 0.561264521 1.336513620 1.290820444 -0.061857551 -0.195193132 0.975880706 -0.075697634
1642661157.319864035 0.561128132 1.337472967 1.291030779 -0.061661550 -0.195133818 0.975856765 -0.076316577
1642661157.328197002 0.561048533 1.338381407 1.291151902 -0.061133213 -0.194988632 0.975897719 -0.076588543
1642661157.336529970 0.560973200 1.339293875 1.291334014 -0.060980621 -0.194790541 0.975919667 -0.076933814
1642661157.344863892 0.560880502 1.340210440 1.291513362 -0.060812816 -0.194557006 0.975949210 -0.077282037
1642661157.353197098 0.560770113 1.341105493 1.291631019 -0.060298107 -0.194324082 0.976020013 -0.077377153
1642661157.361530066 0.560641163 1.341995863 1.291763368 -0.059847677 -0.194068251 0.976096970 -0.077398159
1642661157.369863987 0.560488530 1.342879049 1.291916282 -0.059515253 -0.193795731 0.976174285 -0.077362235
1642661157.378196955 0.560298772 1.343776608 1.292117902 -0.059376600 -0.193565458 0.976230234 -0.077339277
1642661157.386529922 0.560090428 1.344646587 1.292343188 -0.059414084 -0.193371503 0.976271872 -0.077270054
1642661157.394864082 0.559865182 1.345486956 1.292593917 -0.059629550 -0.193157069 0.976314168 -0.077105834
1642661157.403197050 0.559609915 1.346353457 1.292896981 -0.060050102 -0.192915698 0.976345172 -0.076991058
1642661157.411530018 0.559330298 1.347217955 1.293235828 -0.060674470 -0.192691306 0.976358226 -0.076897882
1642661157.419862986 0.559036437 1.348066989 1.293623988 -0.061494821 -0.192525379 0.976354305 -0.076711387
1642661157.428196907 0.558741502 1.348893162 1.294039062 -0.062410331 -0.192397590 0.976339809 -0.076476765
1642661157.436530113 0.558462559 1.349674997 1.294437116 -0.063294183 -0.192247056 0.976335488 -0.076183537
1642661157.444864035 0.558181471 1.350438595 1.294865071 -0.064308861 -0.192122075 0.976319325 -0.075855489
1642661157.453197002 0.557890940 1.351213730 1.295334931 -0.065428284 -0.192078813 0.976277893 -0.075540351
1642661157.461529970 0.557603916 1.351987369 1.295817964 -0.066555640 -0.192068637 0.976228615 -0.075217533
1642661157.469863892 0.557315086 1.352771490 1.296328046 -0.067738047 -0.192027287 0.976180366 -0.074893062
1642661157.478197098 0.557054486 1.353511970 1.296810943 -0.068848247 -0.191971572 0.976149455 -0.074424963
1642661157.486530066 0.556767676 1.354315092 1.297353423 -0.070188569 -0.192060604 0.976045141 -0.074311317
1642661157.494863987 0.556481984 1.355151941 1.297908244 -0.071485926 -0.192143822 0.975943333 -0.074196534
1642661157.503196955 0.556265556 1.355891570 1.298362706 -0.072411996 -0.192116577 0.975918657 -0.073691922
1642661157.511529922 0.556074514 1.356611016 1.298781832 -0.073203862 -0.192114630 0.975896934 -0.073200663
1642661157.519864082 0.555892535 1.357331290 1.299189689 -0.073912093 -0.192065673 0.975891291 -0.072690901
1642661157.528197050 0.555726668 1.358029158 1.299576008 -0.074485507 -0.192005312 0.975900987 -0.072132752
1642661157.536530018 0.555558555 1.358741493 1.299957238 -0.074969623 -0.192013897 0.975897138 -0.071658874
1642661157.544862986 0.555399369 1.359434662 1.300324843 -0.075407538 -0.191997139 0.975898960 -0.071218134
1642661157.553196907 0.555280088 1.360071383 1.300631325 -0.075659579 -0.191916984 0.975933811 -0.070687303
1642661157.561530113 0.555173508 1.360697992 1.300893639 -0.075737309 -0.191851695 0.975982217 -0.070110621
1642661157.569864035 0.555044349 1.361343767 1.301155961 -0.075823252 -0.191843737 0.976012064 -0.069622315
1642661157.578197002 0.554932365 1.361959183 1.301368639 -0.075827465 -0.191792598 0.976055228 -0.069151910
1642661157.586529970 0.554840132 1.362557190 1.301525317 -0.075682349 -0.191628926 0.976132133 -0.068677478
1642661157.594863892 0.554745762 1.363189258 1.301657686 -0.075408448 -0.191431664 0.976217317 -0.068317162
1642661157.603197098 0.554680450 1.363796018 1.301714987 -0.074923752 -0.191153517 0.976336308 -0.067927743
1642661157.611530066 0.554630161 1.364372454 1.301715051 -0.074315167 -0.190809240 0.976477480 -0.067533848
1642661157.619863987 0.554581591 1.364948048 1.301692083 -0.073656651 -0.190424120 0.976625633 -0.067199147
1642661157.628196955 0.554548701 1.365503449 1.301636794 -0.072909708 -0.189976352 0.976794677 -0.066823043
1642661157.636529922 0.554519122 1.366040196 1.301558485 -0.072094162 -0.189534868 0.976965664 -0.066460943
1642661157.644864082 0.554488687 1.366558456 1.301462793 -0.071235634 -0.189088113 0.977139434 -0.066103679
1642661157.653197050 0.554467628 1.367042235 1.301361591 -0.070396329 -0.188669335 0.977308840 -0.065693767
1642661157.661530018 0.554450806 1.367506314 1.301259329 -0.069603443 -0.188293042 0.977466178 -0.065276042
1642661157.669862986 0.554417914 1.367953267 1.301176200 -0.068968188 -0.187919232 0.977612130 -0.064840371
1642661157.678196907 0.554364226 1.368383637 1.301109286 -0.068487107 -0.187539043 0.977751306 -0.064350653
1642661157.686530113 0.554341034 1.368744111 1.300977963 -0.067825011 -0.186983550 0.977959469 -0.063499586
1642661157.694864035 0.554253997 1.369159423 1.300948033 -0.067656291 -0.186586117 0.978083804 -0.062931067
1642661157.703197002 0.554119636 1.369616753 1.300986763 -0.067846960 -0.186326347 0.978145649 -0.062532974
1642661157.711529970 0.554006519 1.370017258 1.300981438 -0.067952444 -0.185899601 0.978266282 -0.061797135
1642661157.719863892 0.553873849 1.370421906 1.300984157 -0.068154175 -0.185427349 0.978389890 -0.061032202
1642661157.728197098 0.553728032 1.370820041 1.300996213 -0.068423364 -0.185002951 0.978502570 -0.060206909
1642661157.736530066 0.553560974 1.371218845 1.301031123 -0.068831997 -0.184631448 0.978591754 -0.059426968
1642661157.744863987 0.553375948 1.371647143 1.301082258 -0.069308244 -0.184213453 0.978685637 -0.058619066
1642661157.753196955 0.553189573 1.372064874 1.301129563 -0.069777349 -0.183802713 0.978781525 -0.057744364
1642661157.761529922 0.553016251 1.372458442 1.301157693 -0.070187710 -0.183424851 0.978875072 -0.056855992
1642661157.769864082 0.552841134 1.372843461 1.301194128 -0.070617070 -0.183062546 0.978966201 -0.055915214
1642661157.778197050 0.552671331 1.373222266 1.301229298 -0.071044091 -0.182709733 0.979055058 -0.054964388
1642661157.786530018 0.552523587 1.373596697 1.301248997 -0.071393003 -0.182373750 0.979146881 -0.053983707
1642661157.794862986 0.552386962 1.373966356 1.301260373 -0.071669483 -0.182063380 0.979237943 -0.053004363
1642661157.803196907 0.552250484 1.374332527 1.301252276 -0.071837038 -0.181743642 0.979337190 -0.052032274
1642661157.811530113 0.552117764 1.374689120 1.301224904 -0.071936522 -0.181476679 0.979431409 -0.051043775
1642661157.819864035 0.551985761 1.375028501 1.301175389 -0.071971068 -0.181235022 0.979524602 -0.050055829
1642661157.828197002 0.551849864 1.375369177 1.301104642 -0.071945737 -0.180938953 0.979626739 -0.049156476
1642661157.836529970 0.551718850 1.375702376 1.300996568 -0.071775365 -0.180613493 0.979742013 -0.048297532
1642661157.844863892 0.551589026 1.376029962 1.300854280 -0.071458532 -0.180281368 0.979868555 -0.047433331
1642661157.853197098 0.551471041 1.376354658 1.300669745 -0.070947372 -0.179974487 0.980003542 -0.046569442
1642661157.861530066 0.551373204 1.376672911 1.300435120 -0.070191131 -0.179674066 0.980153041 -0.045721457
1642661157.869863987 0.551274185 1.376999792 1.300180533 -0.069338040 -0.179365103 0.980304983 -0.044972626
1642661157.878196955 0.551151591 1.377327829 1.299964106 -0.068742237 -0.178979472 0.980437874 -0.044524469
1642661157.886529922 0.551030646 1.377638261 1.299711838 -0.067968379 -0.178552458 0.980591707 -0.044036617
1642661157.894864082 0.550948243 1.377874576 1.299342287 -0.066640592 -0.178173778 0.980790392 -0.043166457
1642661157.903197050 0.550870844 1.378078201 1.298900457 -0.064857493 -0.177891816 0.981009515 -0.042051626
1642661157.911530018 0.550587402 1.378523617 1.298740151 -0.064173412 -0.178059367 0.981017215 -0.042212072
1642661157.919862986 0.550406023 1.378736577 1.298392252 -0.062898474 -0.177660828 0.981200488 -0.041545321
1642661157.928196907 0.550313951 1.378747369 1.297857874 -0.060865663 -0.176913240 0.981526630 -0.040031882
1642661157.936530113 0.550061527 1.378930113 1.297551637 -0.059732382 -0.176567582 0.981679569 -0.039511464
1642661157.944864035 0.549784833 1.379092525 1.297270992 -0.058683042 -0.176248190 0.981820333 -0.039009110
1642661157.953197002 0.549485089 1.379223428 1.297024401 -0.057731638 -0.175963159 0.981948630 -0.038482622
1642661157.961529970 0.549163819 1.379334213 1.296817003 -0.056912911 -0.175670947 0.982069660 -0.037944994
1642661157.969863892 0.549121893 1.379780906 1.296504318 -0.054912642 -0.177124935 0.981811984 -0.040701182
1642661157.978197098 0.549035028 1.380156675 1.296254913 -0.053194825 -0.178469533 0.981560358 -0.043106838
1642661157.986530066 0.548676120 1.380165614 1.296172908 -0.052770302 -0.178366701 0.981630906 -0.042442673
1642661157.994863987 0.548309531 1.380142996 1.296125650 -0.052421553 -0.178299864 0.981693657 -0.041697766
1642661158.003196955 0.547924801 1.380141728 1.296184849 -0.052525302 -0.178299412 0.981699144 -0.041439157
1642661158.011529922 0.547437778 1.380352967 1.296429372 -0.053092226 -0.179212275 0.981471288 -0.042169739
1642661158.019864082 0.546943575 1.380532780 1.296712340 -0.053705922 -0.179929855 0.981280232 -0.042778824
1642661158.028197050 0.546535025 1.380463800 1.296889582 -0.053955844 -0.179906902 0.981289710 -0.042341216
1642661158.036530018 0.546367043 1.379972509 1.296645981 -0.052208948 -0.179362530 0.981599694 -0.039564501
1642661158.044862986 0.546267407 1.379620824 1.296363434 -0.050146233 -0.179896466 0.981671023 -0.038008147
1642661158.053196907 0.545745654 1.379926730 1.296815682 -0.050996916 -0.181690629 0.981226843 -0.039770755
1642661158.061530113 0.545157729 1.380092654 1.297351594 -0.052111434 -0.182455664 0.980997197 -0.040482440
1642661158.069864035 0.544751621 1.379922569 1.297596609 -0.051961306 -0.182524417 0.981024818 -0.039688371
1642661158.078197002 0.544328899 1.379741338 1.297877596 -0.051846394 -0.182682295 0.981030357 -0.038968831
1642661158.086529970 0.543884044 1.379539756 1.298199010 -0.051837471 -0.182802037 0.981037675 -0.038227887
1642661158.094863892 0.543423851 1.379306580 1.298541612 -0.051827942 -0.182853186 0.981063011 -0.037335588
1642661158.103197098 0.542960229 1.379067321 1.298903275 -0.051802569 -0.183021624 0.981064836 -0.036487889
1642661158.111530066 0.542483118 1.378831334 1.299268241 -0.051740175 -0.183241138 0.981055634 -0.035713910
1642661158.119863987 0.541912700 1.378406240 1.299672599 -0.052022633 -0.183573882 0.981035359 -0.034115965
1642661158.128196955 0.540969156 1.377585793 1.300293436 -0.053797219 -0.181286501 0.981536019 -0.028776850
1642661158.136529922 0.540067937 1.376935553 1.300867368 -0.055158195 -0.179132465 0.981973718 -0.024428497
1642661158.144864082 0.539449531 1.376632928 1.301243422 -0.055184984 -0.179470477 0.981930744 -0.023600403
1642661158.153197050 0.538788701 1.376332711 1.301642941 -0.055352721 -0.179765627 0.981885026 -0.022851530
1642661158.161530018 0.538098510 1.376020981 1.302049029 -0.055579262 -0.180066382 0.981833256 -0.022147235
1642661158.169862986 0.537382571 1.375698223 1.302452584 -0.055800621 -0.180398503 0.981774926 -0.021463133
1642661158.178196907 0.536640355 1.375374147 1.302851041 -0.055986425 -0.180703199 0.981722415 -0.020808017
1642661158.186530113 0.535882903 1.375039558 1.303234366 -0.056143778 -0.180973670 0.981677421 -0.020145664
1642661158.194864035 0.535106295 1.374702277 1.303619062 -0.056323276 -0.181263483 0.981625658 -0.019552642
1642661158.203197002 0.534317387 1.374361191 1.303994480 -0.056445684 -0.181582500 0.981570093 -0.019021900
1642661158.211529970 0.533529666 1.374003401 1.304340072 -0.056457234 -0.181860033 0.981529116 -0.018441893
1642661158.219863892 0.532710216 1.373662393 1.304724242 -0.056804707 -0.182016346 0.981484358 -0.018213438
1642661158.228197098 0.531878034 1.373330819 1.305093177 -0.057077182 -0.182186437 0.981439768 -0.018063209
1642661158.236530066 0.531058134 1.372986706 1.305380001 -0.056912325 -0.182475366 0.981402333 -0.017697163
1642661158.244863987 0.530262576 1.372610942 1.305573807 -0.056286047 -0.182829478 0.981384144 -0.017041877
1642661158.253196955 0.529448098 1.372240999 1.305811974 -0.056022153 -0.183059796 0.981362531 -0.016679672
1642661158.261529922 0.528620553 1.371889296 1.306086040 -0.056068121 -0.183207235 0.981333866 -0.016592707
1642661158.269864082 0.527812433 1.371532487 1.306286966 -0.055709288 -0.183461578 0.981311970 -0.016283192
1642661158.278197050 0.527026894 1.371147514 1.306403279 -0.054921641 -0.183835144 0.981296444 -0.015669799
1642661158.286530018 0.526252369 1.370751502 1.306511534 -0.054178241 -0.184169537 0.981285430 -0.015006831
1642661158.294862986 0.525461095 1.370370780 1.306674884 -0.053839349 -0.184379927 0.981271016 -0.014579422
1642661158.303196907 0.524670550 1.370006178 1.306824113 -0.053502152 -0.184585442 0.981256261 -0.014208572
1642661158.311530113 0.523885135 1.369637768 1.306967041 -0.053162448 -0.184789524 0.981242414 -0.013780819
1642661158.319864035 0.523098241 1.369261633 1.307117052 -0.052925122 -0.184971307 0.981227793 -0.013287753
1642661158.328197002 0.522309573 1.368905102 1.307292432 -0.052862181 -0.185141480 0.981204610 -0.012873850
1642661158.336529970 0.521533381 1.368547797 1.307461700 -0.052803701 -0.185294383 0.981185215 -0.012382814
1642661158.344863892 0.520762404 1.368173370 1.307613691 -0.052733924 -0.185439858 0.981169131 -0.011761359
1642661158.353197098 0.519998563 1.367797570 1.307773295 -0.052756038 -0.185585994 0.981148029 -0.011098852
1642661158.361530066 0.519248900 1.367434269 1.307931594 -0.052830189 -0.185687595 0.981132152 -0.010430176
1642661158.369863987 0.518503874 1.367067610 1.308093707 -0.052944984 -0.185779937 0.981115672 -0.009730475
1642661158.378196955 0.517761072 1.366693883 1.308260543 -0.053126791 -0.185885501 0.981092595 -0.009024676
1642661158.386529922 0.517027902 1.366323401 1.308416797 -0.053297688 -0.185923187 0.981082698 -0.008286407
1642661158.394864082 0.516312088 1.365959774 1.308568264 -0.053477245 -0.185896601 0.981084586 -0.007461409
1642661158.403197050 0.515608332 1.365595072 1.308725066 -0.053734719 -0.185847395 0.981085907 -0.006615838
1642661158.411530018 0.514913529 1.365230248 1.308882780 -0.054038645 -0.185785385 0.981086269 -0.005774762
1642661158.419862986 0.514233425 1.364862398 1.309027456 -0.054284627 -0.185702667 0.981093338 -0.004853845
1642661158.428196907 0.513568732 1.364492221 1.309156440 -0.054463955 -0.185606292 0.981105993 -0.003874708
1642661158.436530113 0.512926688 1.364138318 1.309279043 -0.054600316 -0.185493181 0.981123048 -0.002941015
1642661158.444864035 0.512298249 1.363784491 1.309395673 -0.054690933 -0.185391340 0.981139625 -0.001997119
1642661158.453197002 0.511687290 1.363431336 1.309500786 -0.054730745 -0.185297866 0.981156527 -0.001055968
1642661158.461529970 0.511106386 1.363084195 1.309587735 -0.054671159 -0.185145764 0.981189126 -0.000095845
1642661158.469863892 0.510709369 1.362421324 1.309382570 -0.053606065 -0.184282454 0.981407970 0.002182658
1642661158.478197098 0.510328019 1.361758125 1.309103227 -0.052095538 -0.183534626 0.981620774 0.004663819
1642661158.486530066 0.509771247 1.361423861 1.309136996 -0.051827908 -0.183345093 0.981665451 0.005602488
1642661158.494863987 0.509219678 1.361090870 1.309148393 -0.051475085 -0.183166911 0.981711516 0.006534396
1642661158.503196955 0.508666931 1.360758486 1.309145599 -0.051067439 -0.182962719 0.981764218 0.007468660
1642661158.511529922 0.508107001 1.360423461 1.309131519 -0.050608515 -0.182759940 0.981818096 0.008414793
1642661158.519864082 0.507542505 1.360087321 1.309126357 -0.050205037 -0.182598848 0.981861234 0.009253766
1642661158.528197050 0.506951403 1.359758790 1.309180178 -0.050172541 -0.182364741 0.981900656 0.009844759
1642661158.536530018 0.506362451 1.359392281 1.309171936 -0.049779452 -0.182197996 0.981942222 0.010740964
1642661158.544862986 0.505769998 1.359024016 1.309162770 -0.049370018 -0.182016453 0.981986820 0.011597326
1642661158.553196907 0.505175751 1.358656333 1.309143930 -0.048908664 -0.181836584 0.982032892 0.012441810
1642661158.561530113 0.504573008 1.358278661 1.309127332 -0.048469393 -0.181726144 0.982064463 0.013255858
1642661158.569864035 0.503955437 1.357897398 1.309124752 -0.048086947 -0.181629142 0.982091171 0.013979727
1642661158.578197002 0.503323129 1.357506152 1.309129700 -0.047726413 -0.181551559 0.982112682 0.014693541
1642661158.586529970 0.502684166 1.357100930 1.309132354 -0.047331999 -0.181504361 0.982129074 0.015437996
1642661158.594863892 0.502030836 1.356699263 1.309142608 -0.046944138 -0.181476701 0.982141910 0.016115921
1642661158.603197098 0.501369187 1.356286276 1.309157739 -0.046554784 -0.181503280 0.982144217 0.016791350
1642661158.611530066 0.500708490 1.355861718 1.309173128 -0.046145771 -0.181580977 0.982137221 0.017475552
1642661158.619863987 0.500049096 1.355441167 1.309190478 -0.045713352 -0.181671261 0.982128847 0.018132036
1642661158.628196955 0.499402130 1.354997258 1.309156764 -0.044917618 -0.181857113 0.982113836 0.019047584
1642661158.636529922 0.498732837 1.354561597 1.309199156 -0.044533184 -0.181994607 0.982093471 0.019676721
1642661158.644864082 0.498057953 1.354138270 1.309294008 -0.044444506 -0.182070293 0.982076382 0.020026822
1642661158.653197050 0.497424094 1.353683421 1.309255614 -0.043556331 -0.182287472 0.982058315 0.020870780
1642661158.661530018 0.496796701 1.353218673 1.309205477 -0.042657538 -0.182540007 0.982033000 0.021694855
1642661158.669862986 0.496168550 1.352752896 1.309202315 -0.042091130 -0.182784455 0.981999076 0.022270939
1642661158.678196907 0.495553276 1.352272017 1.309186937 -0.041520103 -0.183022603 0.981964935 0.022883920
1642661158.686530113 0.494954004 1.351785250 1.309144422 -0.040888066 -0.183249123 0.981934675 0.023499341
1642661158.694864035 0.494362631 1.351292685 1.309129214 -0.040540429 -0.183391964 0.981912049 0.023928852
1642661158.703197002 0.493792995 1.350781633 1.309093789 -0.040185569 -0.183509153 0.981891534 0.024464786
1642661158.711529970 0.493265082 1.350251664 1.308958413 -0.039369402 -0.183618606 0.981881428 0.025359812
1642661158.719863892 0.492749885 1.349718189 1.308797094 -0.038543408 -0.183664509 0.981881356 0.026282242
1642661158.728197098 0.492245716 1.349177146 1.308605602 -0.037694614 -0.183750987 0.981872349 0.027228328
1642661158.736530066 0.491787805 1.348575687 1.308245244 -0.036009130 -0.184019843 0.981839360 0.028835936
1642661158.744863987 0.491327515 1.347961094 1.307868738 -0.034379490 -0.184230240 0.981809433 0.030454980
1642661158.753196955 0.490841480 1.347430029 1.307670656 -0.033886099 -0.184304706 0.981785318 0.031322475
1642661158.761529922 0.490334793 1.346908724 1.307452064 -0.033429726 -0.184352442 0.981766448 0.032113424
1642661158.769864082 0.489831337 1.346272564 1.307038173 -0.032212547 -0.184133734 0.981805421 0.033395143
1642661158.778197050 0.489328778 1.345610478 1.306589325 -0.030998906 -0.183867551 0.981846041 0.034787121
1642661158.786530018 0.488806752 1.344999558 1.306212187 -0.030227956 -0.183733248 0.981854093 0.035929159
1642661158.794862986 0.488277151 1.344403832 1.305824311 -0.029509976 -0.183560783 0.981868731 0.036991833
1642661158.803196907 0.487728190 1.343808019 1.305424308 -0.028815801 -0.183338081 0.981889800 0.038068611
1642661158.811530113 0.487168270 1.343209271 1.305005112 -0.028110978 -0.183112408 0.981909732 0.039152238
1642661158.819864035 0.486599520 1.342615473 1.304582009 -0.027458494 -0.182917879 0.981922296 0.040195594
1642661158.828197002 0.486016303 1.342033694 1.304157028 -0.026834404 -0.182715999 0.981932874 0.041262697
1642661158.836529970 0.485419487 1.341458856 1.303706519 -0.026116355 -0.182454335 0.981954358 0.042355518
1642661158.844863892 0.484803994 1.340881243 1.303245594 -0.025416643 -0.182184368 0.981975740 0.043433826
1642661158.853197098 0.484161309 1.340327305 1.302811473 -0.024880722 -0.181950286 0.981990270 0.044386410
1642661158.861530066 0.483504495 1.339789553 1.302377132 -0.024345154 -0.181739918 0.982001032 0.045297790
1642661158.869863987 0.482835668 1.339263192 1.301923649 -0.023717452 -0.181494174 0.982019124 0.046214576
1642661158.878196955 0.482128262 1.338765098 1.301573608 -0.023704512 -0.181085200 0.982072577 0.046687262
1642661158.886529922 0.481408384 1.338280556 1.301248231 -0.023782778 -0.180738900 0.982115425 0.047086316
1642661158.894864082 0.480699682 1.337789732 1.300834435 -0.023295820 -0.180544982 0.982123951 0.047889032
1642661158.903197050 0.479974197 1.337308554 1.300410069 -0.022735957 -0.180346064 0.982133398 0.048706896
1642661158.911530018 0.479252246 1.336807092 1.299895251 -0.021606737 -0.180327157 0.982100254 0.049943525
1642661158.919862986 0.478487936 1.336345004 1.299509254 -0.021159554 -0.180228496 0.982092268 0.050643259
1642661158.928196907 0.477684916 1.335931121 1.299239519 -0.021333128 -0.180002474 0.982121461 0.050807909
1642661158.936530113 0.476894042 1.335484169 1.298797575 -0.020474692 -0.179948235 0.982103211 0.051698189
1642661158.944864035 0.476072685 1.335071144 1.298428155 -0.019989702 -0.179848204 0.982103289 0.052231847
1642661158.953197002 0.475220256 1.334674921 1.298148963 -0.019978536 -0.179685079 0.982122205 0.052441443
1642661158.961529970 0.474353901 1.334267054 1.297803057 -0.019577868 -0.179552426 0.982130772 0.052884585
1642661158.969863892 0.473484313 1.333884941 1.297456541 -0.019124786 -0.179426463 0.982144907 0.053214373
1642661158.978197098 0.472611841 1.333507386 1.297118229 -0.018711266 -0.179354122 0.982152135 0.053471215
1642661158.986530066 0.471720225 1.333111500 1.296783727 -0.018330393 -0.179279009 0.982157370 0.053758117
1642661158.994863987 0.470820469 1.332710582 1.296445591 -0.017891567 -0.179186277 0.982164946 0.054075779
1642661159.003196955 0.469931030 1.332304010 1.296042793 -0.017052977 -0.179176301 0.982153353 0.054587917
1642661159.011529922 0.469030871 1.331922801 1.295714054 -0.016601938 -0.179103551 0.982164135 0.054771396
1642661159.019864082 0.468105907 1.331532251 1.295459460 -0.016523158 -0.179037981 0.982179931 0.054726311
1642661159.028197050 0.467230296 1.331053014 1.295069958 -0.015705756 -0.179082837 0.982154459 0.055274627
1642661159.036530018 0.466335303 1.330602878 1.294712512 -0.014990358 -0.179134900 0.982133457 0.055676288
1642661159.044862986 0.465360269 1.330215505 1.294460205 -0.014717153 -0.179251926 0.982117927 0.055646478
1642661159.053196907 0.464377052 1.329815627 1.294214342 -0.014445983 -0.179352036 0.982105930 0.055606685
1642661159.061530113 0.463390358 1.329410348 1.293998613 -0.014289288 -0.179435366 0.982098489 0.055509667
1642661159.069864035 0.462402169 1.329010650 1.293808807 -0.014237936 -0.179535711 0.982091217 0.055326768
1642661159.078197002 0.461423089 1.328585356 1.293623075 -0.014173097 -0.179640794 0.982080494 0.055192498
1642661159.086529970 0.460457937 1.328116987 1.293436108 -0.014056907 -0.179735234 0.982064011 0.055208036
1642661159.094863892 0.459514938 1.327625972 1.293251204 -0.013906363 -0.179860705 0.982038469 0.055291815
1642661159.103197098 0.458590199 1.327137758 1.293094411 -0.013806604 -0.180033328 0.982005832 0.055334654
1642661159.111530066 0.457676305 1.326633271 1.292965169 -0.013761412 -0.180233283 0.981966310 0.055396326
1642661159.119863987 0.456773812 1.326102564 1.292844233 -0.013700300 -0.180470480 0.981916031 0.055530315
1642661159.128196955 0.455876694 1.325562267 1.292752711 -0.013707656 -0.180698203 0.981865240 0.055685826
1642661159.136529922 0.454974559 1.325013128 1.292711313 -0.013884848 -0.180962903 0.981808940 0.055774944
1642661159.144864082 0.454078713 1.324438105 1.292681723 -0.014085763 -0.181299918 0.981736325 0.055908130
1642661159.153197050 0.453206576 1.323836887 1.292596810 -0.013893610 -0.181692257 0.981642191 0.056333819
1642661159.161530018 0.452333919 1.323241550 1.292601805 -0.014123927 -0.182000820 0.981571986 0.056503565
1642661159.169862986 0.451464883 1.322629810 1.292672363 -0.014714968 -0.182291721 0.981510384 0.056485076
1642661159.178196907 0.450624166 1.322002128 1.292673623 -0.014865592 -0.182693325 0.981418970 0.056735960
1642661159.186530113 0.449787168 1.321368344 1.292694375 -0.015071029 -0.183102513 0.981324386 0.056998098
1642661159.194864035 0.448955412 1.320720771 1.292724004 -0.015276357 -0.183487189 0.981232856 0.057281464
1642661159.203197002 0.448146932 1.320061875 1.292731697 -0.015327675 -0.183877136 0.981138290 0.057636078
1642661159.211529970 0.447352483 1.319379273 1.292662928 -0.014922945 -0.184405456 0.981007460 0.058277764
1642661159.219863892 0.446562463 1.318706974 1.292656259 -0.014826433 -0.184857127 0.980900019 0.058678556
1642661159.228197098 0.445787139 1.318053022 1.292769216 -0.015405262 -0.185191047 0.980826108 0.058712001
1642661159.236530066 0.445032597 1.317361679 1.292684341 -0.014820753 -0.185762426 0.980684552 0.059417806
1642661159.244863987 0.444285918 1.316664303 1.292591884 -0.014180779 -0.186314990 0.980547618 0.060099902
1642661159.253196955 0.443569107 1.315981440 1.292547609 -0.013824676 -0.186852705 0.980420570 0.060584246
1642661159.261529922 0.442870841 1.315293564 1.292404171 -0.012903549 -0.187498766 0.980264769 0.061308190
1642661159.269864082 0.442185460 1.314610049 1.292308100 -0.012270854 -0.188053306 0.980134179 0.061825331
1642661159.278197050 0.441517613 1.313943768 1.292199957 -0.011579530 -0.188584314 0.980013146 0.062258375
1642661159.286530018 0.440854147 1.313284282 1.292092834 -0.010927686 -0.189144984 0.979889990 0.062612837
1642661159.294862986 0.440202539 1.312617804 1.291977376 -0.010272641 -0.189734517 0.979760392 0.062967140
1642661159.303196907 0.439559049 1.311960614 1.291849014 -0.009584083 -0.190306562 0.979634410 0.063308615
1642661159.311530113 0.438920687 1.311296306 1.291712058 -0.008894912 -0.190823611 0.979516894 0.063670128
1642661159.319864035 0.438304644 1.310574414 1.291524961 -0.008069673 -0.191305499 0.979398652 0.064151120
1642661159.328197002 0.437674543 1.309901062 1.291347469 -0.007328671 -0.191741722 0.979291628 0.064570194
1642661159.336529970 0.437044986 1.309237389 1.291150713 -0.006600315 -0.192136469 0.979189962 0.065015630
1642661159.344863892 0.436434134 1.308516735 1.290901553 -0.005741123 -0.192510991 0.979085405 0.065561626
1642661159.353197098 0.435810822 1.307840872 1.290676253 -0.004969451 -0.192858195 0.978991434 0.066006008
1642661159.361530066 0.435187370 1.307175009 1.290446520 -0.004238138 -0.193205701 0.978899004 0.066410355
1642661159.369863987 0.434552813 1.306511463 1.290215019 -0.003578299 -0.193531765 0.978811099 0.066794335
1642661159.378196955 0.433917942 1.305844592 1.289971251 -0.002891854 -0.193891306 0.978716357 0.067172102
1642661159.386529922 0.433278105 1.305175857 1.289727616 -0.002247098 -0.194273468 0.978617165 0.067536761
1642661159.394864082 0.432626233 1.304499806 1.289491089 -0.001684242 -0.194634029 0.978518894 0.067937708
1642661159.403197050 0.431968384 1.303817107 1.289250640 -0.001173721 -0.195031589 0.978409304 0.068385193
1642661159.411530018 0.431296695 1.303136006 1.289010116 -0.000771311 -0.195403934 0.978299793 0.068892837
1642661159.419862986 0.430608260 1.302473681 1.288791170 -0.000525350 -0.195688473 0.978206146 0.069415275
1642661159.428196907 0.429901071 1.301816026 1.288574144 -0.000360012 -0.195941178 0.978114091 0.069998211
1642661159.436530113 0.429165797 1.301162859 1.288356043 -0.000273173 -0.196195742 0.978020868 0.070585676
1642661159.444864035 0.428412048 1.300533722 1.288154392 -0.000320484 -0.196411340 0.977940577 0.071096493
1642661159.453197002 0.427642399 1.299907335 1.287961200 -0.000418638 -0.196598037 0.977865050 0.071616896
1642661159.461529970 0.426844159 1.299295524 1.287789318 -0.000626221 -0.196784921 0.977794480 0.072064259
1642661159.469863892 0.426026387 1.298719679 1.287645765 -0.000976491 -0.197011259 0.977730396 0.072311019
1642661159.478197098 0.425206212 1.298153309 1.287510021 -0.001384141 -0.197206848 0.977675930 0.072507372
1642661159.486530066 0.424381098 1.297596363 1.287368515 -0.001792143 -0.197365344 0.977627847 0.072715214
1642661159.494863987 0.423566539 1.297054945 1.287223184 -0.002205832 -0.197525484 0.977581561 0.072891069
1642661159.503196955 0.422779034 1.296523180 1.287056856 -0.002563724 -0.197691428 0.977534032 0.073066705
1642661159.511529922 0.422015037 1.296007029 1.286883497 -0.002905117 -0.197832393 0.977493906 0.073209072
1642661159.519864082 0.421272181 1.295500516 1.286702264 -0.003241371 -0.197971849 0.977454113 0.073349152
1642661159.528197050 0.420559595 1.295006539 1.286481318 -0.003441648 -0.198109224 0.977414613 0.073495344
1642661159.536530018 0.419874958 1.294523344 1.286231863 -0.003546914 -0.198184693 0.977386271 0.073663585
1642661159.544862986 0.419216226 1.294044129 1.285948369 -0.003505287 -0.198248034 0.977357771 0.073872986
1642661159.553196907 0.418582626 1.293577395 1.285634263 -0.003323619 -0.198378753 0.977317949 0.074057077
1642661159.561530113 0.417972357 1.293126803 1.285292182 -0.003028339 -0.198509831 0.977279300 0.074228333
1642661159.569864035 0.417378868 1.292696500 1.284911615 -0.002585504 -0.198574678 0.977255864 0.074380035
1642661159.578197002 0.416804408 1.292281128 1.284497352 -0.002032837 -0.198641349 0.977234289 0.074502528
1642661159.586529970 0.416242066 1.291881178 1.284061793 -0.001420844 -0.198703622 0.977214300 0.074612758
1642661159.594863892 0.415691502 1.291499754 1.283604880 -0.000729184 -0.198768416 0.977195537 0.074695829
1642661159.603197098 0.415157786 1.291143601 1.283127587 0.000047104 -0.198821842 0.977182770 0.074724200
1642661159.611530066 0.414637726 1.290812031 1.282627045 0.000873097 -0.198828315 0.977181403 0.074719768
1642661159.619863987 0.414128339 1.290492092 1.282092642 0.001797537 -0.198794941 0.977183753 0.074761303
1642661159.628196955 0.413627689 1.290186292 1.281529663 0.002830607 -0.198772000 0.977180639 0.074831006
1642661159.636529922 0.413129446 1.289900531 1.280961308 0.003834791 -0.198753186 0.977178730 0.074861178
1642661159.644864082 0.412624808 1.289627780 1.280400286 0.004720476 -0.198657732 0.977191493 0.074897321
1642661159.653197050 0.412122116 1.289356152 1.279821481 0.005627954 -0.198504483 0.977208334 0.075021119
1642661159.661530018 0.411622901 1.289097725 1.279228137 0.006535572 -0.198389883 0.977218895 0.075113066
1642661159.669862986 0.411114751 1.288855306 1.278649065 0.007284036 -0.198224228 0.977244542 0.075147878
1642661159.678196907 0.410605405 1.288618292 1.278053183 0.008054165 -0.198003907 0.977277750 0.075218233
1642661159.686530113 0.410094586 1.288390911 1.277477268 0.008675333 -0.197791917 0.977312080 0.075260836
1642661159.694864035 0.409576674 1.288164612 1.276917094 0.009146758 -0.197539951 0.977353593 0.075327676
1642661159.703197002 0.409054951 1.287931626 1.276347522 0.009620174 -0.197273426 0.977393785 0.075445585
1642661159.711529970 0.408520537 1.287691006 1.275791488 0.009982245 -0.196984548 0.977436450 0.075600453
1642661159.719863892 0.407976759 1.287457630 1.275255427 0.010222172 -0.196696009 0.977484092 0.075703614
1642661159.728197098 0.407420637 1.287218424 1.274736078 0.010310231 -0.196451519 0.977526051 0.075784693
1642661159.736530066 0.406852291 1.286969755 1.274218506 0.010353155 -0.196151333 0.977575694 0.075915936
1642661159.744863987 0.406269524 1.286729668 1.273699856 0.010377303 -0.195799482 0.977633717 0.076073575
1642661159.753196955 0.405679941 1.286483523 1.273181112 0.010378434 -0.195480415 0.977683991 0.076247686
1642661159.761529922 0.405088654 1.286233310 1.272661287 0.010360417 -0.195168526 0.977733696 0.076411571
1642661159.769864082 0.404492003 1.285979815 1.272146328 0.010296388 -0.194815920 0.977789570 0.076604814
1642661159.778197050 0.403888679 1.285729356 1.271635129 0.010188002 -0.194476051 0.977846658 0.076754053
1642661159.786530018 0.403273196 1.285466936 1.271115754 0.010133187 -0.194138986 0.977901342 0.076917728
1642661159.794862986 0.402657865 1.285180442 1.270597382 0.010107127 -0.193822237 0.977944956 0.077165086
1642661159.803196907 0.402046396 1.284886890 1.270079486 0.010080659 -0.193505859 0.977991366 0.077374094
1642661159.811530113 0.401430527 1.284588831 1.269578062 0.010016633 -0.193185852 0.978042473 0.077535891
1642661159.819864035 0.400813789 1.284267128 1.269072500 0.010017142 -0.192947085 0.978071700 0.077761363
1642661159.828197002 0.400202990 1.283938859 1.268556538 0.010137030 -0.192703433 0.978103325 0.077951997
1642661159.836529970 0.399590326 1.283603155 1.268055529 0.010262707 -0.192444913 0.978140252 0.078110689
1642661159.844863892 0.398985931 1.283236501 1.267541030 0.010514240 -0.192256073 0.978154408 0.078364581
1642661159.853197098 0.398390587 1.282849586 1.267028397 0.010834893 -0.192129122 0.978157206 0.078596991
1642661159.861530066 0.397794763 1.282463947 1.266537142 0.011152859 -0.192041264 0.978160099 0.078731114
1642661159.869863987 0.397203711 1.282057565 1.266039283 0.011619075 -0.192029607 0.978142780 0.078907094
1642661159.878196955 0.396617200 1.281643123 1.265530628 0.012260654 -0.192061607 0.978115740 0.079067149
1642661159.886529922 0.396036623 1.281239491 1.265035286 0.012945383 -0.192125620 0.978090112 0.079119503
1642661159.894864082 0.395450498 1.280811314 1.264546937 0.013715681 -0.192279870 0.978041991 0.079209813
1642661159.903197050 0.394865184 1.280366189 1.264056681 0.014587545 -0.192537321 0.977970342 0.079313262
1642661159.911530018 0.394284264 1.279907313 1.263586238 0.015484245 -0.192846140 0.977886994 0.079420601
1642661159.919862986 0.393709611 1.279434039 1.263132813 0.016399002 -0.193153394 0.977803534 0.079517853
1642661159.928196907 0.393143234 1.278951032 1.262687688 0.017365836 -0.193490183 0.977711240 0.079628568
1642661159.936530113 0.392586509 1.278451907 1.262251386 0.018401562 -0.193912650 0.977596292 0.079779426
1642661159.944864035 0.392038872 1.277931459 1.261833344 0.019425228 -0.194414051 0.977463157 0.079947577
1642661159.953197002 0.391491661 1.277385330 1.261429859 0.020471842 -0.194911797 0.977324046 0.080174833
1642661159.961529970 0.390954917 1.276832109 1.261054942 0.021481381 -0.195405983 0.977187190 0.080375664
1642661159.969863892 0.390424277 1.276271904 1.260711496 0.022444005 -0.195955968 0.977039979 0.080563050
1642661159.978197098 0.389898718 1.275682495 1.260383078 0.023383812 -0.196524951 0.976880946 0.080837851
1642661159.986530066 0.389390804 1.275070038 1.260070572 0.024317779 -0.197070372 0.976719137 0.081188924
1642661159.994863987 0.388895944 1.274453240 1.259769655 0.025268737 -0.197640447 0.976551827 0.081524687
1642661160.003196955 0.388412476 1.273824507 1.259489912 0.026177940 -0.198263425 0.976369443 0.081908733
1642661160.011529922 0.387938969 1.273190861 1.259245296 0.026990546 -0.198904217 0.976181356 0.082332156
1642661160.019864082 0.387476270 1.272552784 1.259014829 0.027765855 -0.199498034 0.975997953 0.082810556
1642661160.028197050 0.387034820 1.271923633 1.258789351 0.028557750 -0.200052477 0.975817513 0.083328518
1642661160.036530018 0.386605928 1.271296732 1.258576296 0.029346332 -0.200617276 0.975631222 0.083876223
1642661160.044862986 0.386179522 1.270665108 1.258383282 0.030090918 -0.201177503 0.975441877 0.084470668
1642661160.053196907 0.385763845 1.270030697 1.258201659 0.030836763 -0.201705726 0.975251073 0.085142463
1642661160.061530113 0.385357797 1.269415891 1.258025896 0.031581334 -0.202214929 0.975062822 0.085815119
1642661160.069864035 0.384955554 1.268803747 1.257853074 0.032371887 -0.202698402 0.974871722 0.086547932
1642661160.078197002 0.384561034 1.268194049 1.257706560 0.033090520 -0.203171578 0.974682499 0.087294640
1642661160.086529970 0.384178007 1.267590602 1.257584548 0.033727883 -0.203639745 0.974493196 0.088069829
1642661160.094863892 0.383802666 1.266982532 1.257454115 0.034452699 -0.204071148 0.974297678 0.088949496
1642661160.103197098 0.383432718 1.266384823 1.257332473 0.035172600 -0.204477586 0.974104281 0.089847958
1642661160.111530066 0.383065739 1.265784278 1.257231698 0.035833895 -0.204847003 0.973913571 0.090807447
1642661160.119863987 0.382699804 1.265183759 1.257150656 0.036438681 -0.205169004 0.973728402 0.091819942
1642661160.128196955 0.382336035 1.264586699 1.257079774 0.037033496 -0.205464280 0.973544467 0.092866147
1642661160.136529922 0.381969299 1.263985361 1.257019464 0.037625106 -0.205771023 0.973349312 0.093988057
1642661160.144864082 0.381598169 1.263384723 1.256990979 0.038152300 -0.206089896 0.973147689 0.095157403
1642661160.153197050 0.381221283 1.262780364 1.256993698 0.038606189 -0.206410287 0.972939161 0.096404065
1642661160.161530018 0.380833316 1.262188127 1.257019443 0.039011539 -0.206737712 0.972724751 0.097694309
1642661160.169862986 0.380434406 1.261617104 1.257083698 0.039321264 -0.207073693 0.972510829 0.098979856
1642661160.178196907 0.380015139 1.261059182 1.257188187 0.039524168 -0.207410382 0.972296255 0.100293398
1642661160.186530113 0.379571162 1.260511179 1.257327028 0.039649205 -0.207721183 0.972084293 0.101646334
1642661160.194864035 0.379115933 1.259985740 1.257479715 0.039796289 -0.207993389 0.971875603 0.103018531
1642661160.203197002 0.378653083 1.259495757 1.257650636 0.039914650 -0.208278671 0.971674319 0.104287269
1642661160.211529970 0.378178059 1.259034821 1.257853531 0.039954186 -0.208584568 0.971474528 0.105514842
1642661160.219863892 0.377690226 1.258613039 1.258070251 0.040016170 -0.208883635 0.971276666 0.106714434
1642661160.228197098 0.377195884 1.258239003 1.258288004 0.040129736 -0.209177994 0.971086246 0.107822420
1642661160.236530066 0.376699440 1.257914355 1.258508405 0.040320824 -0.209440761 0.970903890 0.108878078
1642661160.244863987 0.376194149 1.257638915 1.258747291 0.040490112 -0.209657755 0.970741862 0.109838126
1642661160.253196955 0.375684957 1.257410678 1.258974575 0.040785370 -0.209892364 0.970576718 0.110736549
1642661160.261529922 0.375179072 1.257242486 1.259184926 0.041261168 -0.210134851 0.970407379 0.111581266
1642661160.269864082 0.374673885 1.257141945 1.259396023 0.041817922 -0.210390242 0.970244090 0.112310341
1642661160.278197050 0.374176775 1.257100083 1.259595234 0.042521282 -0.210646495 0.970084963 0.112938745
1642661160.286530018 0.373689723 1.257090234 1.259724999 0.043618447 -0.210863228 0.969912268 0.113597191
1642661160.294862986 0.373196230 1.257136601 1.259869070 0.044738683 -0.211196777 0.969741588 0.113998355
1642661160.303196907 0.372732510 1.257252817 1.260010832 0.045936573 -0.211513866 0.969575261 0.114348283
1642661160.311530113 0.372440104 1.257493772 1.260021320 0.047907495 -0.212491566 0.969354398 0.113596908
1642661160.319864035 0.372001301 1.257694629 1.260113049 0.049577975 -0.213063584 0.969149826 0.113554162
1642661160.328197002 0.371390002 1.257814157 1.260263064 0.050887502 -0.212699264 0.968986747 0.115039862
1642661160.336529970 0.370987125 1.258059834 1.260238164 0.052993552 -0.212981806 0.968776910 0.115333139
1642661160.344863892 0.370577349 1.258331639 1.260234702 0.055020616 -0.213276521 0.968585006 0.115451039
1642661160.353197098 0.370149841 1.258640463 1.260320892 0.056687423 -0.213658383 0.968430097 0.115237918
1642661160.361530066 0.369794442 1.258951310 1.260327393 0.058673732 -0.214511879 0.968178758 0.114769072
1642661160.369863987 0.369446760 1.259295205 1.260344804 0.060591699 -0.215432637 0.967934733 0.114104240
1642661160.378196955 0.369028385 1.259644799 1.260413820 0.062251196 -0.215720636 0.967783956 0.113945647
1642661160.386529922 0.368586868 1.259987914 1.260494922 0.063780785 -0.216024317 0.967633069 0.113805753
1642661160.394864082 0.368134872 1.260349278 1.260586508 0.065220054 -0.216308879 0.967495685 0.113617400
1642661160.403197050 0.367679162 1.260725345 1.260735051 0.066252288 -0.216501545 0.967417516 0.113318422
1642661160.411530018 0.367207919 1.261094878 1.260856664 0.067375854 -0.216692267 0.967328904 0.113047545
1642661160.419862986 0.366716489 1.261458132 1.260920772 0.068754075 -0.216849466 0.967218143 0.112863853
1642661160.428196907 0.366205685 1.261841637 1.261046950 0.069655413 -0.216869284 0.967179140 0.112607052
1642661160.436530113 0.365691339 1.262228158 1.261183365 0.070398432 -0.216781587 0.967179326 0.112311869
1642661160.444864035 0.365199018 1.262630305 1.261307092 0.071113946 -0.216678679 0.967210356 0.111791255
1642661160.453197002 0.364698861 1.263030324 1.261415848 0.071782795 -0.216533831 0.967252470 0.111278880
1642661160.461529970 0.364186588 1.263426927 1.261524862 0.072342413 -0.216286949 0.967326673 0.110750345
1642661160.469863892 0.363685024 1.263835502 1.261645253 0.072690935 -0.216009851 0.967435989 0.110106223
1642661160.478197098 0.363195712 1.264261326 1.261770867 0.073039440 -0.215766445 0.967553930 0.109313646
1642661160.486530066 0.362703707 1.264689605 1.261865964 0.073547950 -0.215475625 0.967678095 0.108443806
1642661160.494863987 0.362210417 1.265084890 1.261913280 0.074057843 -0.215062119 0.967815315 0.107690465
1642661160.503196955 0.361718651 1.265468119 1.261929107 0.074614271 -0.214566191 0.967957133 0.107018917
1642661160.511529922 0.361224992 1.265843604 1.261879805 0.075354841 -0.213985213 0.968095257 0.106412167
1642661160.519864082 0.360745803 1.266220810 1.261801248 0.076144365 -0.213416532 0.968230473 0.105759968
1642661160.528197050 0.360299533 1.266618687 1.261756344 0.076722702 -0.212880349 0.968391947 0.104941041
1642661160.536530018 0.359881674 1.267042700 1.261717729 0.077192049 -0.212356364 0.968569567 0.104015172
1642661160.544862986 0.359498679 1.267486542 1.261674414 0.077509100 -0.211880954 0.968758265 0.102986527
1642661160.553196907 0.359129760 1.267919124 1.261537439 0.078190637 -0.211384834 0.968909555 0.102063463
1642661160.561530113 0.358773482 1.268349870 1.261331813 0.079188261 -0.210881081 0.969026711 0.101220663
1642661160.569864035 0.358441524 1.268787277 1.261119621 0.080052007 -0.210329913 0.969164045 0.100369610
1642661160.578197002 0.358124531 1.269242471 1.260886057 0.080945415 -0.209789600 0.969300347 0.099463569
1642661160.586529970 0.357815246 1.269695447 1.260581161 0.082057441 -0.209183991 0.969424246 0.098616763
1642661160.594863892 0.357518521 1.270140411 1.260230083 0.083271479 -0.208474191 0.969550997 0.097853135
1642661160.603197098 0.357239775 1.270618660 1.259936519 0.084150358 -0.207841055 0.969708951 0.096878087
1642661160.611530066 0.356969046 1.271109716 1.259620636 0.085078288 -0.207241410 0.969862381 0.095810466
1642661160.619863987 0.356695319 1.271590567 1.259240770 0.086194577 -0.206555890 0.970006874 0.094825232
1642661160.628196955 0.356434109 1.272081235 1.258829745 0.087338692 -0.205902430 0.970146532 0.093764864
1642661160.636529922 0.356192900 1.272560341 1.258360022 0.088674526 -0.205273625 0.970262186 0.092686879
1642661160.644864082 0.355972887 1.273046282 1.257868294 0.090033310 -0.204592581 0.970390434 0.091532968
1642661160.653197050 0.355772209 1.273526204 1.257369556 0.091281902 -0.203919737 0.970525798 0.090355024
1642661160.661530018 0.355598042 1.273994181 1.256861951 0.092419062 -0.203256567 0.970670502 0.089130590
1642661160.669862986 0.355427028 1.274473883 1.256355696 0.093471485 -0.202544957 0.970856625 0.087612988
1642661160.678196907 0.355266049 1.274936325 1.255803492 0.094705204 -0.201815819 0.971020297 0.086144547
1642661160.686530113 0.355142787 1.275342853 1.255170763 0.096227604 -0.201126662 0.971097456 0.085194156
1642661160.694864035 0.355076364 1.275747249 1.254507566 0.097811293 -0.200638336 0.971142767 0.084017472
1642661160.703197002 0.355035681 1.276131838 1.253760217 0.099745962 -0.200236837 0.971109816 0.083076341
1642661160.711529970 0.354967331 1.276444189 1.253008127 0.101548378 -0.199606003 0.971084685 0.082703724
1642661160.719863892 0.354925856 1.276741151 1.252349590 0.102757988 -0.198896949 0.971159195 0.082040341
1642661160.728197098 0.354951338 1.277114538 1.251763589 0.103629568 -0.197883391 0.971381230 0.080756312
1642661160.736530066 0.355004841 1.277486356 1.251199855 0.104352476 -0.196758176 0.971642070 0.079425865
1642661160.744863987 0.355011812 1.277723022 1.250584917 0.105186912 -0.195986345 0.971747705 0.078939623
1642661160.753196955 0.355032745 1.277935413 1.249999541 0.105867367 -0.195247946 0.971857468 0.078507337
1642661160.761529922 0.355066685 1.278108546 1.249365050 0.106782135 -0.194543240 0.971901741 0.078469795
1642661160.769864082 0.355122572 1.278271414 1.248754261 0.107605325 -0.193913311 0.971937565 0.078460760
1642661160.778197050 0.355210435 1.278448912 1.248331012 0.107474085 -0.193206083 0.972138885 0.077889147
1642661160.786530018 0.355314534 1.278585281 1.247870706 0.107576708 -0.192546518 0.972271816 0.077721342
1642661160.794862986 0.355432834 1.278694584 1.247395009 0.107808513 -0.191926401 0.972363181 0.077790912
1642661160.803196907 0.355570571 1.278808371 1.246986888 0.107766348 -0.191300737 0.972494223 0.077752357
1642661160.811530113 0.355715174 1.278909303 1.246531393 0.108090450 -0.190782390 0.972535220 0.078062669
1642661160.819864035 0.355881278 1.279030452 1.246175801 0.107956848 -0.190235498 0.972657314 0.078061027
1642661160.828197002 0.356050484 1.279155277 1.245840307 0.107800427 -0.189768895 0.972765553 0.078064160
1642661160.836529970 0.356219755 1.279276242 1.245515726 0.107667131 -0.189367673 0.972854630 0.078112368
1642661160.844863892 0.356382051 1.279408260 1.245207629 0.107506984 -0.189007154 0.972940672 0.078134458
1642661160.853197098 0.356538347 1.279562851 1.244924309 0.107265560 -0.188672601 0.973037827 0.078064943
1642661160.861530066 0.356688468 1.279749266 1.244659039 0.106984253 -0.188372886 0.973141520 0.077882011
1642661160.869863987 0.356824361 1.279967607 1.244409703 0.106677238 -0.188096627 0.973251625 0.077594465
1642661160.878196955 0.356959049 1.280203883 1.244169301 0.106390536 -0.187790508 0.973367406 0.077276588
1642661160.886529922 0.357091455 1.280454701 1.243910268 0.106215033 -0.187495540 0.973468181 0.076964210
1642661160.894864082 0.357238444 1.280738418 1.243700454 0.105751477 -0.187160273 0.973632443 0.076338222
1642661160.903197050 0.357396200 1.281019748 1.243422302 0.105654156 -0.186834451 0.973738146 0.075921736
1642661160.911530018 0.357560926 1.281295994 1.243035029 0.106154214 -0.186570957 0.973738018 0.075873796
1642661160.919862986 0.357745062 1.281610613 1.242701154 0.106342978 -0.186237661 0.973812129 0.075476108
1642661160.928196907 0.357944125 1.282026497 1.242492771 0.105958061 -0.186006361 0.973977259 0.074450128
1642661160.936530113 0.358147062 1.282416041 1.242181627 0.106051548 -0.185740222 0.974071491 0.073745301
1642661160.944864035 0.358352463 1.282666550 1.241602909 0.107332130 -0.185197278 0.974021515 0.073917992
1642661160.953197002 0.358546666 1.283032156 1.241148264 0.108072855 -0.184753834 0.974070448 0.073301031
1642661160.961529970 0.358721591 1.283489649 1.240753225 0.108601921 -0.184504796 0.974132956 0.072308968
1642661160.969863892 0.358912905 1.283922218 1.240329152 0.109226290 -0.184163795 0.974196848 0.071370970
1642661160.978197098 0.359106751 1.284382647 1.239965898 0.109531649 -0.183770879 0.974332226 0.070055657
1642661160.986530066 0.359300655 1.284835288 1.239606761 0.109806454 -0.183408379 0.974467454 0.068681076
1642661160.994863987 0.359478852 1.285249920 1.239116256 0.110841262 -0.183214502 0.974441712 0.067897056
1642661161.003196955 0.359658719 1.285654847 1.238628808 0.111902761 -0.183085801 0.974395066 0.067168572
1642661161.011529922 0.359856028 1.286083313 1.238239820 0.112469687 -0.182929336 0.974430716 0.066122667
1642661161.019864082 0.360056526 1.286522670 1.237881709 0.112883304 -0.182801980 0.974477418 0.065073485
1642661161.028197050 0.360268188 1.286966885 1.237533648 0.113247063 -0.182710548 0.974518737 0.064071748
1642661161.036530018 0.360483427 1.287408168 1.237202010 0.113531973 -0.182605270 0.974565537 0.063149191
1642661161.044862986 0.360706149 1.287850168 1.236887662 0.113705672 -0.182456251 0.974629952 0.062267118
1642661161.053196907 0.360937695 1.288291395 1.236587063 0.113776685 -0.182282728 0.974705342 0.061460301
1642661161.061530113 0.361172326 1.288733202 1.236311957 0.113729560 -0.182100276 0.974790176 0.060738701
1642661161.069864035 0.361424536 1.289212803 1.236153573 0.113063389 -0.181871520 0.974975870 0.059678075
1642661161.078197002 0.361684924 1.289694474 1.235987788 0.112458963 -0.181634313 0.975141491 0.058830517
1642661161.086529970 0.361897841 1.290061846 1.235755388 0.112114765 -0.181659335 0.975174246 0.058867267
1642661161.094863892 0.362122596 1.290440879 1.235682431 0.110879475 -0.181612665 0.975350607 0.058427514
1642661161.103197098 0.362398667 1.290924535 1.235576834 0.110024305 -0.181246552 0.975555140 0.057762511
1642661161.111530066 0.362676021 1.291418088 1.235470584 0.109217089 -0.180853649 0.975752679 0.057186497
1642661161.119863987 0.362976490 1.291933707 1.235408039 0.108207232 -0.180471765 0.975981066 0.056410075
1642661161.128196955 0.363298110 1.292447620 1.235315277 0.107390741 -0.180167227 0.976166006 0.055739819
1642661161.136529922 0.363638466 1.292960311 1.235263641 0.106377885 -0.179857553 0.976378473 0.054955289
1642661161.144864082 0.363997593 1.293451304 1.235131947 0.105889212 -0.179660972 0.976490880 0.054543289
1642661161.153197050 0.364389886 1.293970102 1.235092832 0.104921874 -0.179390358 0.976693723 0.053664431
1642661161.161530018 0.364803066 1.294493132 1.235070403 0.103876723 -0.179066342 0.976914975 0.052744699
1642661161.169862986 0.365202902 1.295049218 1.235062449 0.102862923 -0.178700323 0.977149140 0.051623366
1642661161.178196907 0.365615384 1.295608321 1.235038322 0.102026829 -0.178312017 0.977363679 0.050552842
1642661161.186530113 0.366091184 1.296146196 1.235012057 0.101285350 -0.177995181 0.977542053 0.049704412
1642661161.194864035 0.366619106 1.296670410 1.234950164 0.100795010 -0.177707161 0.977678301 0.049047633
1642661161.203197002 0.367185873 1.297185069 1.234906689 0.100311973 -0.177448900 0.977803789 0.048467996
1642661161.211529970 0.367749312 1.297699857 1.234997386 0.099244965 -0.177352312 0.977973266 0.047590801
1642661161.219863892 0.368337967 1.298209367 1.235112067 0.098135590 -0.177307596 0.978135940 0.046706591
1642661161.228197098 0.368941792 1.298701222 1.235129938 0.097724021 -0.177191054 0.978229648 0.046044559
1642661161.236530066 0.369571917 1.299175876 1.235158286 0.097385414 -0.177075175 0.978313934 0.045412672
1642661161.244863987 0.370272326 1.299642224 1.235258479 0.096624784 -0.177026922 0.978424414 0.044841781
1642661161.253196955 0.370981382 1.300105091 1.235353793 0.096009036 -0.176989551 0.978518557 0.044253780
1642661161.261529922 0.371675368 1.300553554 1.235427125 0.095697295 -0.176962075 0.978581476 0.043643409
1642661161.269864082 0.372422105 1.300991938 1.235567512 0.094966055 -0.176956513 0.978678800 0.043077223
1642661161.278197050 0.373169589 1.301430109 1.235725036 0.094290523 -0.176955119 0.978771995 0.042444841
1642661161.286530018 0.373917593 1.301842231 1.235802636 0.094173285 -0.176885130 0.978813657 0.042034134
1642661161.294862986 0.374715206 1.302244581 1.235937951 0.093650431 -0.176844287 0.978884548 0.041722131
1642661161.303196907 0.375476219 1.302658880 1.236147737 0.092919882 -0.176882270 0.978973336 0.041106766
1642661161.311530113 0.376209951 1.303060252 1.236333135 0.092488454 -0.176877739 0.979040082 0.040505177
1642661161.319864035 0.376990186 1.303463085 1.236583932 0.091621320 -0.176936457 0.979135706 0.039903560
1642661161.328197002 0.377774435 1.303859365 1.236860713 0.090681027 -0.177035163 0.979230568 0.039280995
1642661161.336529970 0.378522040 1.304236167 1.237114103 0.090006819 -0.177097542 0.979304350 0.038706900
1642661161.344863892 0.379271376 1.304609309 1.237377732 0.089296066 -0.177156006 0.979383161 0.038086560
1642661161.353197098 0.380025271 1.304974218 1.237654722 0.088555919 -0.177215635 0.979463456 0.037467408
1642661161.361530066 0.380778612 1.305331011 1.237929639 0.087848930 -0.177245485 0.979543785 0.036885999
1642661161.369863987 0.381520910 1.305676197 1.238208875 0.087124224 -0.177224545 0.979633142 0.036328180
1642661161.378196955 0.382247291 1.306009847 1.238508823 0.086289076 -0.177221419 0.979728245 0.035767716
1642661161.386529922 0.382963507 1.306331478 1.238814150 0.085419228 -0.177210557 0.979825927 0.035229633
1642661161.394864082 0.383657678 1.306649006 1.239130069 0.084487368 -0.177105726 0.979945147 0.034683662
1642661161.403197050 0.384330310 1.306980941 1.239468486 0.083444314 -0.176991894 0.980078576 0.034013247
1642661161.411530018 0.384987993 1.307310332 1.239815400 0.082339832 -0.176894088 0.980212644 0.033343748
1642661161.419862986 0.385625726 1.307631621 1.240160849 0.081237328 -0.176802459 0.980342607 0.032707198
1642661161.428196907 0.386227820 1.307953723 1.240530849 0.080065402 -0.176298895 0.980544036 0.032274220
1642661161.436530113 0.386814772 1.308275602 1.240911989 0.078871850 -0.175685057 0.980763871 0.031878242
1642661161.444864035 0.387430886 1.308614680 1.241247205 0.077860896 -0.175651817 0.980875303 0.031108847
1642661161.453197002 0.388077411 1.308968097 1.241538090 0.077071793 -0.176048723 0.980900226 0.030025534
1642661161.461529970 0.388714014 1.309300720 1.241845379 0.076316647 -0.176180451 0.980960037 0.029216841
1642661161.469863892 0.389336247 1.309610433 1.242189923 0.075495259 -0.175714482 0.981117863 0.028855263
1642661161.478197098 0.390021775 1.309936230 1.242485378 0.074943109 -0.175875665 0.981153759 0.028081714
1642661161.486530066 0.390738170 1.310275306 1.242751939 0.074646109 -0.176093275 0.981159634 0.027292659
1642661161.494863987 0.391482656 1.310612114 1.242989659 0.074574324 -0.176340636 0.981139690 0.026599990
1642661161.503196955 0.392252605 1.310940629 1.243226580 0.074629457 -0.176707883 0.981087679 0.025917839
1642661161.511529922 0.393031381 1.311270063 1.243472827 0.074735872 -0.177187200 0.981011686 0.025205523
1642661161.519864082 0.393808716 1.311620398 1.243731285 0.074896314 -0.177675320 0.980931186 0.024413731
1642661161.528197050 0.394581795 1.311995719 1.244010321 0.075046590 -0.178226725 0.980841189 0.023533083
1642661161.536530018 0.395343997 1.312383580 1.244302482 0.075195036 -0.178844385 0.980738823 0.022621952
1642661161.544862986 0.396091315 1.312779590 1.244617702 0.075241212 -0.179528434 0.980632525 0.021636807
1642661161.553196907 0.396831496 1.313201152 1.244956868 0.075182490 -0.180227388 0.980532546 0.020533071
1642661161.561530113 0.397558209 1.313620915 1.245337591 0.074930981 -0.180918002 0.980447266 0.019421198
1642661161.569864035 0.398316336 1.313996381 1.245712454 0.074617732 -0.182399098 0.980224711 0.017952132
1642661161.578197002 0.399057542 1.314389847 1.246134739 0.074084361 -0.183304697 0.980118036 0.016719186
1642661161.586529970 0.399786534 1.314808090 1.246621253 0.073239781 -0.183731929 0.980119020 0.015659508
1642661161.594863892 0.400536983 1.315198263 1.247104647 0.072308932 -0.184632280 0.980038002 0.014417150
1642661161.603197098 0.401266248 1.315594197 1.247630926 0.071127739 -0.184984015 0.980071270 0.013493135
1642661161.611530066 0.402043682 1.315924524 1.248103492 0.069974249 -0.186591370 0.979867277 0.012140184
1642661161.619863987 0.402767664 1.316315829 1.248645292 0.068516637 -0.187066600 0.979890397 0.011241290
1642661161.628196955 0.403483714 1.316717423 1.249213294 0.066849566 -0.187515970 0.979929205 0.010375419
1642661161.636529922 0.404196080 1.317120940 1.249781953 0.065062012 -0.187908499 0.979981575 0.009666566
1642661161.644864082 0.404893847 1.317516198 1.250354130 0.063166172 -0.188239317 0.980047722 0.009080528
1642661161.653197050 0.405579859 1.317931958 1.250925392 0.061191176 -0.188524689 0.980123426 0.008494172
1642661161.661530018 0.406247712 1.318356214 1.251491877 0.059153188 -0.188766137 0.980206548 0.007960533
1642661161.669862986 0.406901778 1.318788244 1.252055761 0.057054871 -0.188951936 0.980299327 0.007425499
1642661161.678196907 0.407551710 1.319218913 1.252596884 0.054976530 -0.189051512 0.980402447 0.006938975
1642661161.686530113 0.408197474 1.319701085 1.253126287 0.052944760 -0.188768566 0.980572724 0.006357158
1642661161.694864035 0.408848676 1.320131522 1.253633173 0.050932194 -0.188648395 0.980705744 0.005825596
1642661161.703197002 0.409509355 1.320454650 1.254113628 0.048908554 -0.189019997 0.980739543 0.005416846
1642661161.711529970 0.410191337 1.320848510 1.254583451 0.047029538 -0.188962456 0.980845463 0.004857089
1642661161.719863892 0.410897766 1.321289538 1.255035464 0.045312889 -0.188600742 0.980998657 0.004258850
1642661161.728197098 0.411623625 1.321746563 1.255475783 0.043671055 -0.188153229 0.981161686 0.003598174
1642661161.736530066 0.412353371 1.322116789 1.255886064 0.042083055 -0.188068007 0.981249174 0.003082025
1642661161.744863987 0.413085061 1.322419439 1.256283168 0.040509327 -0.188253421 0.981280864 0.002740556
1642661161.753196955 0.413815299 1.322695271 1.256666691 0.038988509 -0.188513046 0.981293258 0.002503984
1642661161.761529922 0.414574884 1.323145596 1.257045131 0.037710042 -0.188089913 0.981425916 0.001819130
1642661161.769864082 0.415288230 1.323499998 1.257419444 0.036290470 -0.187921287 0.981512102 0.001607818
1642661161.778197050 0.415976512 1.323707905 1.257768142 0.034818245 -0.188297825 0.981492752 0.001896355
1642661161.786530018 0.416741672 1.324086634 1.258111082 0.033743153 -0.188287002 0.981533245 0.001376157
1642661161.794862986 0.417524225 1.324470610 1.258440257 0.032791036 -0.188290368 0.981565438 0.000880568
1642661161.803196907 0.418325134 1.324865259 1.258763098 0.031922968 -0.188315355 0.981589572 0.000403756
1642661161.811530113 0.419133419 1.325257470 1.259095262 0.031069936 -0.188391726 0.981602367 -0.000095557
1642661161.819864035 0.419957868 1.325663905 1.259426809 0.030294201 -0.188426266 0.981619819 -0.000578333
1642661161.828197002 0.420799190 1.326068454 1.259762325 0.029590939 -0.188481835 0.981630273 -0.000991040
1642661161.836529970 0.421651547 1.326483667 1.260111627 0.028923030 -0.188625390 0.981622021 -0.001458847
1642661161.844863892 0.422520853 1.326902028 1.260487463 0.028226727 -0.188859987 0.981596368 -0.001930526
1642661161.853197098 0.423414464 1.327329922 1.260883038 0.027537856 -0.189113228 0.981566164 -0.002391554
1642661161.861530066 0.424320894 1.327751716 1.261292982 0.026852303 -0.189372174 0.981534177 -0.002791633
1642661161.869863987 0.425235779 1.328163658 1.261716751 0.026164351 -0.189646841 0.981498776 -0.003107394
1642661161.878196955 0.426149477 1.328589088 1.262181487 0.025359113 -0.189964231 0.981457298 -0.003475358
1642661161.886529922 0.427050317 1.329012226 1.262683643 0.024363159 -0.190286002 0.981418807 -0.003846897
1642661161.894864082 0.427943568 1.329429875 1.263184567 0.023351189 -0.190587036 0.981383767 -0.004147853
1642661161.903197050 0.428819062 1.329854930 1.263701664 0.022255125 -0.190824792 0.981361742 -0.004443005
1642661161.911530018 0.429658709 1.330293416 1.264255125 0.020947822 -0.191039685 0.981347027 -0.004799924
1642661161.919862986 0.430458175 1.330746971 1.264833057 0.019509356 -0.191235773 0.981336438 -0.005201905
1642661161.928196907 0.430947529 1.331598910 1.265889999 0.016521580 -0.192323199 0.981163039 -0.007610201
1642661161.936530113 0.431298955 1.332599644 1.267101549 0.012999106 -0.193679655 0.980919904 -0.010740454
1642661161.944864035 0.431973704 1.333088209 1.267679680 0.011446568 -0.193729336 0.980924091 -0.011218164
1642661161.953197002 0.432600937 1.333576456 1.268273377 0.009820819 -0.193803768 0.980921069 -0.011726396
1642661161.961529970 0.433465238 1.333695804 1.268502749 0.009297687 -0.193078440 0.981083521 -0.010459137
1642661161.969863892 0.434266432 1.333948630 1.268880266 0.008132553 -0.192643661 0.981185433 -0.009870504
1642661161.978197098 0.434746802 1.334612150 1.269655889 0.005812224 -0.193021664 0.981111748 -0.011339860
1642661161.986530066 0.435259215 1.335147608 1.270215928 0.004375008 -0.193039328 0.981106212 -0.012135778
1642661161.994863987 0.435739653 1.335738114 1.270870878 0.002568234 -0.193329855 0.981040537 -0.013282901
1642661162.003196955 0.436533175 1.335792563 1.271132959 0.002003781 -0.192663267 0.981187318 -0.012177743
1642661162.011529922 0.437050007 1.336338888 1.271699771 0.000558304 -0.192792406 0.981151750 -0.013115649
1642661162.019864082 0.437571455 1.336904553 1.272228231 -0.000682618 -0.192964440 0.981104442 -0.014083047
1642661162.028197050 0.438083060 1.337466003 1.272734143 -0.001826812 -0.193177244 0.981046875 -0.015041408
1642661162.036530018 0.438571208 1.338078447 1.273247489 -0.002933547 -0.193483240 0.980965559 -0.016192685
1642661162.044862986 0.438964703 1.338923484 1.274081312 -0.005262852 -0.194436873 0.980727194 -0.018460121
1642661162.053196907 0.439335484 1.339789190 1.274932392 -0.007627674 -0.195395986 0.980473780 -0.020818129
1642661162.061530113 0.439829384 1.340379898 1.275318846 -0.008145615 -0.195620407 0.980406304 -0.021674485
1642661162.069864035 0.440316542 1.340978242 1.275736725 -0.008819995 -0.195914720 0.980321780 -0.022557455
1642661162.078197002 0.440757066 1.341564690 1.276096092 -0.009197088 -0.196149076 0.980251721 -0.023399065
1642661162.086529970 0.441193274 1.342186863 1.276504944 -0.009814246 -0.196407085 0.980170420 -0.024369776
1642661162.094863892 0.441655442 1.342803997 1.276915975 -0.010408981 -0.197146966 0.979980892 -0.025732808
1642661162.103197098 0.442123579 1.343408417 1.277358304 -0.011129565 -0.198044845 0.979752354 -0.027197389
1642661162.111530066 0.442535156 1.344025580 1.277833158 -0.011999865 -0.198248421 0.979671898 -0.028223008
1642661162.119863987 0.442960507 1.344630634 1.278293988 -0.012808688 -0.198391084 0.979604741 -0.029179901
1642661162.128196955 0.443377248 1.345236340 1.278780837 -0.013717206 -0.198462410 0.979548472 -0.030154618
1642661162.136529922 0.443781556 1.345827082 1.279293640 -0.014755165 -0.198580370 0.979478038 -0.031159195
1642661162.144864082 0.444260532 1.346247406 1.279643509 -0.015275041 -0.198290254 0.979522520 -0.031357327
1642661162.153197050 0.444782567 1.346597820 1.279911508 -0.015498839 -0.197797489 0.979622456 -0.031237516
1642661162.161530018 0.445162825 1.347138968 1.280453367 -0.016691987 -0.197459659 0.979648532 -0.031934538
1642661162.169862986 0.445527378 1.347666342 1.281028831 -0.018035975 -0.197113747 0.979672675 -0.032593331
1642661162.178196907 0.445926248 1.348204303 1.281560856 -0.019261055 -0.197294090 0.979582568 -0.033496945
1642661162.186530113 0.446337929 1.348730497 1.282094373 -0.020480271 -0.197413175 0.979506092 -0.034298863
1642661162.194864035 0.446754722 1.349262938 1.282633258 -0.021704224 -0.197532677 0.979426486 -0.035121588
1642661162.203197002 0.447168303 1.349802962 1.283226652 -0.023192167 -0.197619742 0.979342241 -0.036018550
1642661162.211529970 0.447592867 1.350352589 1.283817571 -0.024655460 -0.197802000 0.979237021 -0.036896253
1642661162.219863892 0.448021509 1.350895545 1.284331197 -0.025615607 -0.197993716 0.979150900 -0.037494587
1642661162.228197098 0.448444860 1.351443307 1.284842399 -0.026511978 -0.198125807 0.979079997 -0.038021568
1642661162.236530066 0.448857340 1.351990234 1.285354325 -0.027385074 -0.198307813 0.979001468 -0.038473290
1642661162.244863987 0.449247458 1.352563589 1.285885821 -0.028296119 -0.198476855 0.978920627 -0.038995817
1642661162.253196955 0.449612801 1.353203525 1.286439999 -0.029215691 -0.198295671 0.978905128 -0.039623476
1642661162.261529922 0.449985032 1.353823553 1.286939113 -0.029880494 -0.197860927 0.978958348 -0.039984516
1642661162.269864082 0.450308175 1.354418604 1.287466941 -0.030771959 -0.197969072 0.978891190 -0.040414989
1642661162.278197050 0.450546854 1.355116945 1.288101686 -0.032095753 -0.198265553 0.978750673 -0.041324969
1642661162.286530018 0.450797574 1.355759833 1.288632408 -0.033009979 -0.198430753 0.978661635 -0.041916373
1642661162.294862986 0.451022110 1.356421975 1.289165473 -0.033925960 -0.198617401 0.978566291 -0.042522594
1642661162.303196907 0.451256174 1.357071049 1.289642165 -0.034616753 -0.198643902 0.978514678 -0.043026791
1642661162.311530113 0.451475910 1.357714263 1.290076537 -0.035115550 -0.198674128 0.978472526 -0.043439680
1642661162.319864035 0.451637627 1.358441718 1.290574844 -0.035862241 -0.198865920 0.978373235 -0.044182101
1642661162.328197002 0.451776476 1.359188541 1.291058004 -0.036559901 -0.199075231 0.978267149 -0.045009011
1642661162.336529970 0.451860319 1.359997782 1.291598438 -0.037485452 -0.199413553 0.978110938 -0.046130991
1642661162.344863892 0.451875169 1.360757918 1.292143891 -0.038624866 -0.199774520 0.977961249 -0.046798033
1642661162.353197098 0.451921688 1.361380926 1.292513760 -0.039189146 -0.199866457 0.977924674 -0.046700555
1642661162.361530066 0.452006102 1.362116569 1.292857775 -0.039456402 -0.199871382 0.977885061 -0.047280347
1642661162.369863987 0.452027189 1.362931976 1.293265650 -0.040034560 -0.199995369 0.977792649 -0.048172823
1642661162.378196955 0.452030217 1.363768368 1.293657419 -0.040597237 -0.200073888 0.977707511 -0.049095078
1642661162.386529922 0.452013566 1.364613635 1.294043738 -0.041193186 -0.200114828 0.977625887 -0.050047990
1642661162.394864082 0.451987069 1.365473284 1.294420557 -0.041784225 -0.200155079 0.977542615 -0.051014293
1642661162.403197050 0.451954353 1.366331618 1.294789793 -0.042365587 -0.200206400 0.977458012 -0.051946031
1642661162.411530018 0.451910975 1.367190182 1.295160997 -0.042999001 -0.200282376 0.977364293 -0.052887568
1642661162.419862986 0.451861002 1.368059052 1.295534478 -0.043640721 -0.200425084 0.977252174 -0.053883779
1642661162.428196907 0.451824488 1.368916135 1.295889085 -0.044222802 -0.200524464 0.977155484 -0.054785425
1642661162.436530113 0.451803215 1.369775306 1.296243169 -0.044779377 -0.200606141 0.977064959 -0.055642154
1642661162.444864035 0.451781098 1.370654750 1.296619080 -0.045379781 -0.200739452 0.976956012 -0.056580020
1642661162.453197002 0.451761780 1.371527632 1.296994733 -0.045961611 -0.200937922 0.976836864 -0.057456263
1642661162.461529970 0.451766612 1.372393638 1.297347723 -0.046416845 -0.201199932 0.976718219 -0.058185780
1642661162.469863892 0.451782513 1.373283790 1.297690904 -0.046794175 -0.201501466 0.976592036 -0.058953022
1642661162.478197098 0.451794659 1.374197224 1.298048076 -0.047186179 -0.201814116 0.976459982 -0.059753085
1642661162.486530066 0.451808739 1.375105084 1.298402564 -0.047556808 -0.202172362 0.976326846 -0.060420003
1642661162.494863987 0.451824788 1.376040992 1.298752722 -0.047886102 -0.202530780 0.976193639 -0.061107967
1642661162.503196955 0.451834025 1.377012732 1.299091897 -0.048155928 -0.202885097 0.976064801 -0.061774973
1642661162.511529922 0.451833193 1.377984329 1.299410723 -0.048397086 -0.203251702 0.975939575 -0.062357149
1642661162.519864082 0.451835154 1.378953271 1.299692138 -0.048581983 -0.203556542 0.975832948 -0.062885473
1642661162.528197050 0.451816856 1.379989018 1.299955857 -0.048701641 -0.203768461 0.975747733 -0.063426535
1642661162.536530018 0.451782881 1.381043399 1.300203715 -0.048856077 -0.203929274 0.975675243 -0.063904268
1642661162.544862986 0.451727382 1.382136454 1.300433015 -0.048959757 -0.204066088 0.975612203 -0.064349068
1642661162.553196907 0.451659130 1.383264308 1.300632345 -0.049028285 -0.204128196 0.975569333 -0.064748610
1642661162.561530113 0.451577055 1.384407194 1.300794468 -0.049137104 -0.204057800 0.975551489 -0.065155601
1642661162.569864035 0.451474730 1.385606355 1.300945561 -0.049218409 -0.203961003 0.975543232 -0.065519920
1642661162.578197002 0.451373943 1.386842122 1.301061565 -0.049218024 -0.203891050 0.975533377 -0.065883661
1642661162.586529970 0.451270525 1.388101338 1.301142393 -0.049151666 -0.203778341 0.975536642 -0.066232636
1642661162.594863892 0.451164845 1.389387709 1.301206601 -0.049027764 -0.203489525 0.975585381 -0.066494029
1642661162.603197098 0.451051904 1.390712105 1.301284547 -0.048979402 -0.203171219 0.975632527 -0.066810518
1642661162.611530066 0.450948390 1.392028439 1.301338958 -0.048892034 -0.202818296 0.975694075 -0.067047591
1642661162.619863987 0.450870112 1.393329296 1.301365643 -0.048794826 -0.202396712 0.975773673 -0.067233738
1642661162.628196955 0.450788748 1.394649289 1.301407206 -0.048734774 -0.201976006 0.975856014 -0.067347275
1642661162.636529922 0.450714513 1.395974545 1.301457387 -0.048733400 -0.201499321 0.975949844 -0.067416471
1642661162.644864082 0.450647847 1.397300794 1.301523158 -0.048800270 -0.201022951 0.976044151 -0.067424936
1642661162.653197050 0.450584343 1.398620378 1.301597569 -0.048875757 -0.200523705 0.976150840 -0.067312267
1642661162.661530018 0.450523688 1.399937757 1.301700874 -0.049072983 -0.200038106 0.976249038 -0.067189396
1642661162.669862986 0.450468814 1.401219716 1.301820889 -0.049302436 -0.199604779 0.976344015 -0.066929563
1642661162.678196907 0.450400722 1.402504648 1.301984176 -0.049631468 -0.199172922 0.976434967 -0.066645477
1642661162.686530113 0.450315144 1.403783590 1.302197988 -0.050066159 -0.198773869 0.976512695 -0.066372316
1642661162.694864035 0.450209703 1.405042382 1.302447032 -0.050565805 -0.198469744 0.976569497 -0.066067220
1642661162.703197002 0.450074152 1.406289313 1.302733703 -0.051137908 -0.198203093 0.976614472 -0.065761850
1642661162.711529970 0.449902453 1.407533861 1.303082861 -0.051862649 -0.198030193 0.976631203 -0.065466038
1642661162.719863892 0.449671735 1.408768460 1.303505837 -0.052892197 -0.197960447 0.976596788 -0.065366586
1642661162.728197098 0.449399122 1.409979747 1.303955639 -0.054071878 -0.197930765 0.976538699 -0.065359117
1642661162.736530066 0.449144834 1.411222115 1.304396233 -0.055053956 -0.197855352 0.976513770 -0.065139689
1642661162.744863987 0.448868215 1.412480243 1.304856081 -0.056014814 -0.197798104 0.976482621 -0.064961074
1642661162.753196955 0.448583239 1.413720434 1.305324483 -0.056987508 -0.197842994 0.976428614 -0.064789929
1642661162.761529922 0.448300756 1.414916364 1.305757365 -0.057858733 -0.197905092 0.976379694 -0.064564959
1642661162.769864082 0.448001817 1.416139393 1.306204149 -0.058658829 -0.197992769 0.976322494 -0.064439072
1642661162.778197050 0.447707189 1.417342143 1.306643106 -0.059355491 -0.198179698 0.976253686 -0.064268756
1642661162.786530018 0.447416768 1.418508921 1.307073439 -0.059965278 -0.198401847 0.976186450 -0.064038176
1642661162.794862986 0.447129618 1.419670135 1.307474962 -0.060358668 -0.198628182 0.976129574 -0.063833628
1642661162.803196907 0.446845631 1.420834875 1.307875002 -0.060640810 -0.198873059 0.976073912 -0.063654670
1642661162.811530113 0.446554874 1.421965074 1.308273570 -0.060889029 -0.199198822 0.976000307 -0.063527600
1642661162.819864035 0.446291351 1.423028872 1.308620786 -0.060886312 -0.199559068 0.975942799 -0.063282601
1642661162.828197002 0.446023759 1.424099278 1.308983044 -0.060795822 -0.199987069 0.975875117 -0.063061840
1642661162.836529970 0.445761052 1.425137351 1.309347578 -0.060661717 -0.200504994 0.975791749 -0.062836023
1642661162.844863892 0.445506864 1.426153909 1.309702805 -0.060432134 -0.201026885 0.975715390 -0.062574973
1642661162.853197098 0.445276739 1.427150824 1.310038824 -0.060084446 -0.201532576 0.975654193 -0.062236457
1642661162.861530066 0.445052050 1.428134590 1.310394195 -0.059769954 -0.202034063 0.975589511 -0.061926543
1642661162.869863987 0.444840423 1.429057475 1.310737727 -0.059390003 -0.202576542 0.975527304 -0.061498387
1642661162.878196955 0.444650778 1.429925087 1.311045782 -0.058971359 -0.203099764 0.975472982 -0.061035444
1642661162.886529922 0.444459100 1.430784912 1.311360540 -0.058554934 -0.203590831 0.975423672 -0.060586750
1642661162.894864082 0.444256673 1.431620899 1.311661908 -0.058147812 -0.204031604 0.975386003 -0.060100590
1642661162.903197050 0.444025529 1.432452221 1.311995462 -0.057888875 -0.204470490 0.975333584 -0.059708426
1642661162.911530018 0.443792923 1.433230190 1.312307840 -0.057637956 -0.204884680 0.975290256 -0.059237243
1642661162.919862986 0.443553719 1.433975170 1.312585120 -0.057362955 -0.205239587 0.975263998 -0.058705512
1642661162.928196907 0.443284146 1.434730913 1.312887737 -0.057187990 -0.205568217 0.975232999 -0.058239500
1642661162.936530113 0.443005050 1.435431648 1.313164859 -0.057112413 -0.205851737 0.975203485 -0.057804817
1642661162.944864035 0.442709020 1.436094310 1.313432499 -0.057135996 -0.206124360 0.975173558 -0.057312808
1642661162.953197002 0.442410434 1.436746765 1.313706996 -0.057241767 -0.206381011 0.975144547 -0.056774746
1642661162.961529970 0.442115865 1.437368974 1.313955710 -0.057350342 -0.206595495 0.975128828 -0.056151650
1642661162.969863892 0.441809612 1.437973200 1.314188123 -0.057478615 -0.206772860 0.975123459 -0.055456581
1642661162.978197098 0.441502532 1.438550676 1.314397776 -0.057642885 -0.206869479 0.975136459 -0.054691884
1642661162.986530066 0.441206065 1.439066701 1.314555542 -0.057799354 -0.206885012 0.975174679 -0.053778912
1642661162.994863987 0.440890421 1.439591844 1.314727230 -0.058016391 -0.206893593 0.975211737 -0.052831873
1642661163.003196955 0.440571978 1.440076852 1.314872780 -0.058236998 -0.206820876 0.975270002 -0.051788027
1642661163.011529922 0.440261076 1.440513504 1.314961701 -0.058359702 -0.206641618 0.975356801 -0.050719786
1642661163.019864082 0.439942591 1.440943604 1.315034967 -0.058361323 -0.206475883 0.975447481 -0.049637453
1642661163.028197050 0.439608953 1.441346943 1.315092802 -0.058315708 -0.206326764 0.975534646 -0.048587021
1642661163.036530018 0.439268961 1.441724901 1.315138579 -0.058226457 -0.206186176 0.975619878 -0.047568831
1642661163.044862986 0.438925253 1.442079671 1.315155437 -0.058031610 -0.206018322 0.975713474 -0.046604727
1642661163.053196907 0.438582195 1.442416501 1.315142269 -0.057725688 -0.205833941 0.975815575 -0.045651918
1642661163.061530113 0.438241935 1.442733594 1.315096825 -0.057268042 -0.205652566 0.975924168 -0.044714790
1642661163.069864035 0.437908004 1.443038289 1.315024913 -0.056712605 -0.205437774 0.976041423 -0.043842232
1642661163.078197002 0.437570926 1.443328848 1.314931845 -0.056086142 -0.205191966 0.976164398 -0.043054265
1642661163.086529970 0.437234139 1.443590010 1.314801888 -0.055302601 -0.204917712 0.976302615 -0.042232183
1642661163.094863892 0.436902257 1.443839333 1.314641693 -0.054362597 -0.204622093 0.976451096 -0.041445910
1642661163.103197098 0.436565266 1.444083936 1.314471933 -0.053359300 -0.204316213 0.976597843 -0.040796119
1642661163.111530066 0.436232550 1.444305010 1.314275393 -0.052194738 -0.203992486 0.976755955 -0.040132018
1642661163.119863987 0.435908087 1.444506587 1.314035070 -0.050798458 -0.203663239 0.976926115 -0.039448277
1642661163.128196955 0.435581550 1.444694998 1.313772380 -0.049252397 -0.203358418 0.977093894 -0.038821100
1642661163.136529922 0.435248372 1.444869612 1.313504169 -0.047621328 -0.203032036 0.977266172 -0.038223438
1642661163.144864082 0.434908869 1.445016738 1.313248376 -0.045991300 -0.202721004 0.977431834 -0.037629848
1642661163.153197050 0.434575995 1.445126251 1.312982977 -0.044271447 -0.202434415 0.977594918 -0.036993555
1642661163.161530018 0.434237476 1.445201802 1.312730016 -0.042582546 -0.202177688 0.977746260 -0.036375256
1642661163.169862986 0.433889238 1.445238355 1.312502450 -0.040980062 -0.201969891 0.977882138 -0.035711642
1642661163.178196907 0.433527608 1.445242532 1.312319137 -0.039570910 -0.201759195 0.978007463 -0.035053852
1642661163.186530113 0.433159317 1.445200955 1.312160623 -0.038289549 -0.201596822 0.978116756 -0.034354675
1642661163.194864035 0.432796358 1.445179538 1.312034387 -0.037037312 -0.201329464 0.978235999 -0.033897122
1642661163.203197002 0.432422189 1.445163147 1.311956065 -0.035974528 -0.201020227 0.978348655 -0.033624547
1642661163.211529970 0.432001481 1.445029590 1.311901725 -0.035225891 -0.200909176 0.978423610 -0.032891922
1642661163.219863892 0.431566142 1.444871035 1.311885373 -0.034658123 -0.200810892 0.978489067 -0.032139467
1642661163.228197098 0.431119802 1.444674461 1.311892514 -0.034229721 -0.200756690 0.978541432 -0.031332803
1642661163.236530066 0.430661220 1.444445432 1.311932013 -0.033959364 -0.200692524 0.978590221 -0.030503319
1642661163.244863987 0.430193638 1.444198459 1.312003526 -0.033870673 -0.200625035 0.978632159 -0.029689578
1642661163.253196955 0.429725174 1.443918941 1.312087264 -0.033843256 -0.200616291 0.978660969 -0.028817443
1642661163.261529922 0.429245453 1.443621535 1.312185780 -0.033891627 -0.200623923 0.978682885 -0.027950120
1642661163.269864082 0.428765012 1.443308381 1.312297205 -0.033974736 -0.200678998 0.978692616 -0.027100209
1642661163.278197050 0.428276002 1.442972677 1.312417497 -0.034104647 -0.200725921 0.978701666 -0.026249307
1642661163.286530018 0.427804229 1.442553855 1.312421399 -0.033617408 -0.200955892 0.978712764 -0.024656119
1642661163.294862986 0.427313987 1.442107734 1.312456858 -0.033410435 -0.201173344 0.978713118 -0.023101108
1642661163.303196907 0.426811567 1.441770397 1.312708871 -0.034356797 -0.201043875 0.978709899 -0.022976185
1642661163.311530113 0.426373504 1.441396778 1.312771914 -0.034144905 -0.201108301 0.978723740 -0.022122765
1642661163.319864035 0.425972062 1.441070791 1.312827547 -0.033749774 -0.201155892 0.978739063 -0.021612642
1642661163.328197002 0.425602699 1.440767679 1.312859673 -0.033124283 -0.201164607 0.978766261 -0.021264746
1642661163.336529970 0.425198134 1.440436891 1.312903657 -0.032636742 -0.201362245 0.978754949 -0.020660093
1642661163.344863892 0.424803503 1.440132497 1.312949625 -0.032089782 -0.201643469 0.978724606 -0.020206487
1642661163.353197098 0.424472224 1.439755356 1.312865499 -0.030936658 -0.201813644 0.978745246 -0.019285234
1642661163.361530066 0.424170132 1.439366188 1.312722309 -0.029472565 -0.201984668 0.978775795 -0.018207300
1642661163.369863987 0.423862532 1.438987195 1.312597723 -0.028173553 -0.202126131 0.978798875 -0.017436766
1642661163.378196955 0.423570871 1.438606210 1.312448121 -0.026738255 -0.202281502 0.978820590 -0.016658726
1642661163.386529922 0.423296846 1.438215705 1.312265293 -0.025158557 -0.202400903 0.978851512 -0.015831572
1642661163.394864082 0.423032922 1.437821337 1.312071861 -0.023535766 -0.202501971 0.978883678 -0.015025480
1642661163.403197050 0.422814797 1.437404452 1.311746963 -0.021114163 -0.202703697 0.978914589 -0.013843058
1642661163.411530018 0.422649756 1.436969489 1.311368422 -0.018302937 -0.202947747 0.978939281 -0.012453846
1642661163.419862986 0.422481018 1.436574895 1.311187098 -0.016665686 -0.203029438 0.978960317 -0.011747351
1642661163.428196907 0.422295693 1.436204292 1.311031844 -0.015245413 -0.203019665 0.978990096 -0.011357115
1642661163.436530113 0.422116950 1.435837260 1.310929282 -0.014092523 -0.202982678 0.979016841 -0.011200791
1642661163.444864035 0.422003300 1.435416712 1.310728148 -0.012248592 -0.203136128 0.979019224 -0.010346234
1642661163.453197002 0.421900278 1.434982212 1.310550352 -0.010516903 -0.203239796 0.979026723 -0.009468622
1642661163.461529970 0.421802378 1.434520698 1.310386124 -0.008861093 -0.203356978 0.979027539 -0.008514597
1642661163.469863892 0.421691253 1.434057300 1.310281911 -0.007470762 -0.203479158 0.979021087 -0.007624344
1642661163.478197098 0.421563399 1.433573886 1.310248267 -0.006449052 -0.203585156 0.979012648 -0.006762246
1642661163.486530066 0.421422901 1.433072240 1.310250733 -0.005642340 -0.203654159 0.979009323 -0.005821710
1642661163.494863987 0.421263963 1.432554968 1.310299942 -0.005092194 -0.203677729 0.979012776 -0.004841118
1642661163.503196955 0.421071778 1.432011798 1.310408643 -0.004905414 -0.203734301 0.979006269 -0.003872682
1642661163.511529922 0.420858360 1.431405874 1.310520184 -0.004925468 -0.203529646 0.979052299 -0.002831651
1642661163.519864082 0.420591435 1.430833098 1.310744574 -0.005531106 -0.203258774 0.979107106 -0.002133833
1642661163.528197050 0.420273244 1.430343301 1.311093863 -0.006566621 -0.203369459 0.979078609 -0.001679415
1642661163.536530018 0.419979310 1.429718096 1.311207115 -0.006607872 -0.202845570 0.979188438 -0.000119987
1642661163.544862986 0.419666830 1.429077110 1.311270358 -0.006435304 -0.202017953 0.979359102 0.001755691
1642661163.553196907 0.419295948 1.428554157 1.311621777 -0.007562909 -0.201903646 0.979373550 0.002273607
1642661163.561530113 0.418916786 1.428009946 1.311950404 -0.008554972 -0.201748297 0.979395994 0.002814855
1642661163.569864035 0.418571305 1.427357557 1.312092866 -0.008738148 -0.201317320 0.979479655 0.003819264
1642661163.578197002 0.418202800 1.426791861 1.312348341 -0.009291242 -0.201104793 0.979515934 0.004367043
1642661163.586529970 0.417837690 1.426236456 1.312604799 -0.009749054 -0.200924132 0.979546529 0.004800780
1642661163.594863892 0.417475755 1.425676593 1.312840699 -0.010003147 -0.200783222 0.979571025 0.005161549
1642661163.603197098 0.417099412 1.425132693 1.313116422 -0.010414892 -0.200628574 0.979598298 0.005184574
1642661163.611530066 0.416721517 1.424614565 1.313409963 -0.010825400 -0.200460559 0.979629466 0.004948229
1642661163.619863987 0.416372790 1.424073730 1.313599774 -0.010558375 -0.200448823 0.979634409 0.005021504
1642661163.628196955 0.416056447 1.423503972 1.313707306 -0.009770300 -0.200542955 0.979621870 0.005296773
1642661163.636529922 0.415765633 1.422918243 1.313763257 -0.008624007 -0.200735772 0.979590789 0.005715156
1642661163.644864082 0.415475358 1.422355918 1.313867965 -0.007727494 -0.200847989 0.979574818 0.005792001
1642661163.653197050 0.415208944 1.421769675 1.313948830 -0.006638860 -0.201023164 0.979545899 0.005953580
1642661163.661530018 0.414954373 1.421196306 1.314081426 -0.005771150 -0.201239552 0.979507436 0.005875269
1642661163.669862986 0.414725596 1.420620888 1.314183091 -0.004662742 -0.201563244 0.979446507 0.005920930
1642661163.678196907 0.414550880 1.420005957 1.314151480 -0.002711614 -0.202015354 0.979356706 0.006548759
1642661163.686530113 0.414364318 1.419409999 1.314263010 -0.001529256 -0.202339678 0.979291870 0.006614286
1642661163.694864035 0.414203218 1.418788995 1.314356538 -0.000170257 -0.202784916 0.979198974 0.006900608
1642661163.703197002 0.414086955 1.418139925 1.314337164 0.001883091 -0.203401040 0.979062806 0.007777742
1642661163.711529970 0.413873262 1.417697208 1.314653806 0.002540675 -0.204354261 0.978865537 0.007425716
1642661163.719863892 0.413612474 1.417340229 1.315135578 0.002601255 -0.205586974 0.978612046 0.006759732
1642661163.728197098 0.413510675 1.416635281 1.315122632 0.004470526 -0.205917688 0.978526446 0.007994649
1642661163.736530066 0.413473539 1.415772286 1.314900306 0.006985304 -0.205813313 0.978516197 0.009906467
1642661163.744863987 0.413445929 1.414869519 1.314759098 0.009049386 -0.205655052 0.978510537 0.011884320
1642661163.753196955 0.413290532 1.414229434 1.314878442 0.010094205 -0.205963786 0.978424544 0.012745139
1642661163.761529922 0.413123558 1.413592652 1.314994432 0.011061192 -0.206199223 0.978351975 0.013672712
1642661163.769864082 0.412936625 1.412968385 1.315117956 0.011892831 -0.206380762 0.978290393 0.014609870
1642661163.778197050 0.412728159 1.412339336 1.315260824 0.012537845 -0.206489360 0.978244812 0.015557462
1642661163.786530018 0.412503847 1.411704145 1.315392658 0.013158876 -0.206547174 0.978207947 0.016562649
1642661163.794862986 0.412267769 1.411089810 1.315522864 0.013716490 -0.206518243 0.978189731 0.017519249
1642661163.803196907 0.412013619 1.410478914 1.315660120 0.014183930 -0.206411452 0.978187757 0.018488910
1642661163.811530113 0.411747132 1.409857675 1.315790708 0.014600094 -0.206272593 0.978191489 0.019490163
1642661163.819864035 0.411462941 1.409239824 1.315936972 0.014876341 -0.206155376 0.978192223 0.020460434
1642661163.828197002 0.411181124 1.408629265 1.316065975 0.015224383 -0.205928808 0.978212502 0.021490567
1642661163.836529970 0.410903866 1.408008995 1.316157433 0.015722226 -0.205680298 0.978230521 0.022659981
1642661163.844863892 0.410589527 1.407376707 1.316274677 0.016056411 -0.205429409 0.978250305 0.023817860
1642661163.853197098 0.410249736 1.406756322 1.316419864 0.016217797 -0.205173983 0.978276369 0.024818675
1642661163.861530066 0.409907015 1.406123676 1.316551922 0.016357516 -0.204908095 0.978307416 0.025684702
1642661163.869863987 0.409573609 1.405424598 1.316637033 0.016615558 -0.204646765 0.978329725 0.026731512
1642661163.878196955 0.409155643 1.404974816 1.316893592 0.016415802 -0.204785400 0.978296921 0.026992510
1642661163.886529922 0.408779548 1.404459223 1.317084413 0.016458956 -0.204758489 0.978286434 0.027544831
1642661163.894864082 0.408607399 1.403461526 1.316908815 0.017729995 -0.203831517 0.978385307 0.030009173
1642661163.903197050 0.408302685 1.402793491 1.316985299 0.018191864 -0.203618242 0.978386824 0.031110935
1642661163.911530018 0.408009671 1.402130063 1.317054419 0.018717479 -0.203378577 0.978392456 0.032171597
1642661163.919862986 0.407721843 1.401447212 1.317112425 0.019314355 -0.203119430 0.978398369 0.033257843
1642661163.928196907 0.407434051 1.400763293 1.317166435 0.019943254 -0.202857378 0.978403340 0.034322797
1642661163.936530113 0.407148160 1.400065129 1.317207345 0.020610643 -0.202628207 0.978396415 0.035460760
1642661163.944864035 0.406860394 1.399364679 1.317227856 0.021377160 -0.202398224 0.978386143 0.036585949
1642661163.953197002 0.406564613 1.398668720 1.317245071 0.022181731 -0.202203659 0.978366741 0.037685159
1642661163.961529970 0.406227198 1.398066840 1.317360049 0.022638304 -0.202206887 0.978328023 0.038394797
1642661163.969863892 0.405900523 1.397436353 1.317426403 0.023305155 -0.202129843 0.978293483 0.039271575
1642661163.978197098 0.405670668 1.396564968 1.317244561 0.024893778 -0.201560933 0.978291374 0.041224714
1642661163.986530066 0.405377396 1.395868526 1.317230093 0.025935368 -0.201395096 0.978246716 0.042435062
1642661163.994863987 0.405089144 1.395163311 1.317228229 0.026983331 -0.201215519 0.978199772 0.043696913
1642661164.003196955 0.404805720 1.394459809 1.317219168 0.028102728 -0.201066267 0.978142147 0.044950351
1642661164.011529922 0.404528960 1.393746456 1.317221106 0.029201049 -0.200942508 0.978079356 0.046153870
1642661164.019864082 0.404254720 1.393017749 1.317230441 0.030337983 -0.200803564 0.978014121 0.047391088
1642661164.028197050 0.403987556 1.392276438 1.317236505 0.031503189 -0.200668175 0.977942884 0.048657458
1642661164.036530018 0.403722398 1.391529312 1.317253330 0.032651986 -0.200570547 0.977863179 0.049888935
1642661164.044862986 0.403451971 1.390766341 1.317265573 0.033863931 -0.200436679 0.977785163 0.051132634
1642661164.053196907 0.403171737 1.390001871 1.317300933 0.034952988 -0.200295740 0.977712769 0.052322519
1642661164.061530113 0.402873733 1.389231899 1.317352790 0.035934013 -0.200193735 0.977634254 0.053502160
1642661164.069864035 0.402544720 1.388463619 1.317437080 0.036773879 -0.199960169 0.977600035 0.054422273
1642661164.078197002 0.402197769 1.387701785 1.317552715 0.037479178 -0.199669462 0.977592615 0.055137073
1642661164.086529970 0.401882388 1.386905303 1.317634104 0.038274493 -0.199521919 0.977523995 0.056328562
1642661164.094863892 0.401567092 1.386087605 1.317687586 0.039231430 -0.199419217 0.977424928 0.057735446
1642661164.103197098 0.401242171 1.385267604 1.317784395 0.039982448 -0.199277702 0.977344800 0.059050348
1642661164.111530066 0.400904642 1.384485740 1.318015609 0.039955605 -0.199021195 0.977352799 0.059796491
1642661164.119863987 0.400556508 1.383680483 1.318202033 0.040193131 -0.198888404 0.977305283 0.060846518
1642661164.128196955 0.400199001 1.382865917 1.318387711 0.040422750 -0.198736168 0.977259232 0.061921963
1642661164.136529922 0.399839972 1.382065459 1.318581738 0.040581698 -0.198605817 0.977214086 0.062940337
1642661164.144864082 0.399490144 1.381256739 1.318730099 0.041000722 -0.198505012 0.977135752 0.064190517
1642661164.153197050 0.399139625 1.380450641 1.318892963 0.041303758 -0.198400927 0.977065474 0.065376838
1642661164.161530018 0.398798373 1.379693418 1.319189382 0.040850322 -0.198170566 0.977095036 0.065916376
1642661164.169862986 0.398482041 1.378918619 1.319378991 0.040955861 -0.198084012 0.977044656 0.066851198
1642661164.178196907 0.398182740 1.378140458 1.319544315 0.041150326 -0.198010149 0.976982871 0.067846161
1642661164.186530113 0.397901780 1.377373968 1.319703641 0.041347635 -0.198006201 0.976908823 0.068797305
1642661164.194864035 0.397641340 1.376622654 1.319849693 0.041590163 -0.198003771 0.976833412 0.069722672
1642661164.203197002 0.397395026 1.375860057 1.319964780 0.041927321 -0.198016795 0.976744315 0.070724758
1642661164.211529970 0.397161681 1.375100675 1.320063642 0.042282198 -0.198046599 0.976649578 0.071731179
1642661164.219863892 0.396949177 1.374351245 1.320143999 0.042699603 -0.198062409 0.976555959 0.072708223
1642661164.228197098 0.396764274 1.373607256 1.320195135 0.043201856 -0.198069094 0.976456069 0.073727738
1642661164.236530066 0.396603950 1.372842628 1.320180515 0.043986935 -0.198138582 0.976305341 0.075060865
1642661164.244863987 0.396464327 1.372064480 1.320123226 0.044966953 -0.198259408 0.976117087 0.076593814
1642661164.253196955 0.396339535 1.371335766 1.320197917 0.045141208 -0.198159720 0.976057126 0.077507953
1642661164.261529922 0.396234259 1.370637804 1.320285927 0.045133799 -0.198006440 0.976031933 0.078217997
1642661164.269864082 0.396137397 1.369922634 1.320272217 0.045606877 -0.197945512 0.975935112 0.079298445
1642661164.278197050 0.396043976 1.369209143 1.320263367 0.045977002 -0.197811648 0.975858257 0.080357512
1642661164.286530018 0.395946760 1.368511226 1.320240585 0.046329055 -0.197633242 0.975792623 0.081384745
1642661164.294862986 0.395852447 1.367832861 1.320203295 0.046648349 -0.197434778 0.975735111 0.082367666
1642661164.303196907 0.395804709 1.367263008 1.320142537 0.047110646 -0.197066958 0.975752298 0.082780759
1642661164.311530113 0.395734487 1.366686402 1.320077113 0.047445616 -0.196601915 0.975781012 0.083354772
1642661164.319864035 0.395517761 1.365903510 1.319995648 0.047339772 -0.196329899 0.975680895 0.085207436
1642661164.328197002 0.395384296 1.365307215 1.319887957 0.047497176 -0.195834390 0.975690065 0.086149914
1642661164.336529970 0.395239747 1.364742785 1.319777673 0.047560263 -0.195297139 0.975714330 0.087055126
1642661164.344863892 0.395082687 1.364189958 1.319663091 0.047554994 -0.194685275 0.975754995 0.087967925
1642661164.353197098 0.394913062 1.363648831 1.319543267 0.047479017 -0.193995897 0.975811627 0.088898834
1642661164.361530066 0.394741302 1.363145984 1.319419781 0.047303684 -0.193318269 0.975876416 0.089753152
1642661164.369863987 0.394572790 1.362648108 1.319253502 0.047253733 -0.192603244 0.975937036 0.090653056
1642661164.378196955 0.394410881 1.362172068 1.319073464 0.047191648 -0.191845326 0.976005801 0.091547776
1642661164.386529922 0.394323428 1.361825381 1.318950069 0.046966402 -0.191315183 0.976120702 0.091547981
1642661164.394864082 0.394209652 1.361434804 1.318753609 0.046954314 -0.190659107 0.976218925 0.091874953
1642661164.403197050 0.393937107 1.360866503 1.318582280 0.046450642 -0.189666378 0.976262658 0.093702862
1642661164.411530018 0.393856662 1.360490245 1.318326980 0.046598964 -0.189212869 0.976332375 0.093819612
1642661164.419862986 0.393769538 1.360112511 1.318060743 0.046721493 -0.188691085 0.976408007 0.094022230
1642661164.428196907 0.393542756 1.359590306 1.317812624 0.046471767 -0.187546420 0.976476759 0.095707127
1642661164.436530113 0.393426866 1.359141857 1.317441446 0.046864088 -0.186844239 0.976514294 0.096502961
1642661164.444864035 0.393315854 1.358700170 1.317046426 0.047299558 -0.186165555 0.976551705 0.097220911
1642661164.453197002 0.393221108 1.358303654 1.316721136 0.047390365 -0.185592186 0.976617175 0.097614479
1642661164.461529970 0.393123938 1.357852912 1.316251549 0.048028342 -0.184896744 0.976650444 0.098287245
1642661164.469863892 0.393035000 1.357387118 1.315757480 0.048753706 -0.184259164 0.976667177 0.098958888
1642661164.478197098 0.392967720 1.356945798 1.315328989 0.049167348 -0.183801471 0.976689909 0.099380147
1642661164.486530066 0.392897975 1.356464453 1.314818308 0.049883956 -0.183301514 0.976683584 0.100006617
1642661164.494863987 0.392830841 1.355983079 1.314284432 0.050651711 -0.182852378 0.976666201 0.100610856
1642661164.503196955 0.392894249 1.355486104 1.313557851 0.052012102 -0.184074216 0.976426708 0.100011545
1642661164.511529922 0.392920298 1.354966593 1.312834234 0.053322308 -0.184923897 0.976226352 0.099709545
1642661164.519864082 0.392624314 1.354414341 1.312455975 0.053491019 -0.181333093 0.976582619 0.102681096
1642661164.528197050 0.392562897 1.353874982 1.311861004 0.054236019 -0.180872507 0.976559271 0.103322704
1642661164.536530018 0.392502195 1.353320719 1.311257313 0.054906507 -0.180405105 0.976545002 0.103918872
1642661164.544862986 0.392447665 1.352769017 1.310696388 0.055317916 -0.180008445 0.976545161 0.104385997
1642661164.553196907 0.392388878 1.352211902 1.310174581 0.055474287 -0.179595311 0.976562916 0.104847506
1642661164.561530113 0.392310890 1.351580602 1.309535538 0.055994600 -0.179034075 0.976551673 0.105632548
1642661164.569864035 0.392215052 1.350913460 1.308870988 0.056521437 -0.178436399 0.976535465 0.106509454
1642661164.578197002 0.392111789 1.350265069 1.308277890 0.056664455 -0.177901476 0.976545084 0.107237598
1642661164.586529970 0.391995242 1.349620016 1.307688666 0.056715990 -0.177330783 0.976569354 0.107932324
1642661164.594863892 0.391865601 1.348982155 1.307119499 0.056593754 -0.176732368 0.976617967 0.108536459
1642661164.603197098 0.391716473 1.348336965 1.306548309 0.056364716 -0.176124862 0.976677652 0.109104614
1642661164.611530066 0.391555776 1.347664034 1.305949727 0.056158541 -0.175508363 0.976726088 0.109768765
1642661164.619863987 0.391378238 1.346988450 1.305346521 0.055883306 -0.174889085 0.976783188 0.110387805
1642661164.628196955 0.391191948 1.346333784 1.304745598 0.055534791 -0.174202477 0.976872923 0.110854300
1642661164.636529922 0.390994122 1.345656721 1.304106181 0.055309356 -0.173564686 0.976942062 0.111357002
1642661164.644864082 0.390793123 1.344988802 1.303459938 0.055089194 -0.172873254 0.977027998 0.111786899
1642661164.653197050 0.390594049 1.344320980 1.302787534 0.054952510 -0.172119986 0.977124918 0.112168742
1642661164.661530018 0.390393636 1.343653934 1.302089994 0.054904244 -0.171453169 0.977206374 0.112503501
1642661164.669862986 0.390205504 1.342990299 1.301401637 0.054720603 -0.170811160 0.977297423 0.112778325
1642661164.678196907 0.390038595 1.342333265 1.300708130 0.054512721 -0.170182973 0.977394820 0.112984446
1642661164.686530113 0.389863301 1.341655925 1.299938732 0.054808106 -0.169566207 0.977454460 0.113252600
1642661164.694864035 0.389705744 1.340974794 1.299136590 0.055272192 -0.168962743 0.977502889 0.113510695
1642661164.703197002 0.389567385 1.340301022 1.298314874 0.055843405 -0.168379070 0.977548689 0.113703843
1642661164.711529970 0.389444908 1.339610413 1.297470137 0.056566093 -0.167870433 0.977570309 0.113912624
1642661164.719863892 0.389342653 1.338923638 1.296615733 0.057360514 -0.167397873 0.977585728 0.114078340
1642661164.728197098 0.389244172 1.338231635 1.295755139 0.058201877 -0.166958829 0.977596482 0.114203365
1642661164.736530066 0.389142920 1.337520208 1.294856004 0.059332388 -0.166533383 0.977578827 0.114393783
1642661164.744863987 0.389070169 1.336824362 1.293967508 0.060449331 -0.166140187 0.977569584 0.114459708
1642661164.753196955 0.389017138 1.336125145 1.293109362 0.061299927 -0.165782411 0.977569148 0.114529788
1642661164.761529922 0.388965721 1.335425563 1.292220011 0.062432217 -0.165469302 0.977544874 0.114578128
1642661164.769864082 0.388948049 1.334730164 1.291397466 0.063165174 -0.165123287 0.977554830 0.114590640
1642661164.778197050 0.388929690 1.334002628 1.290509495 0.064303162 -0.164821792 0.977512777 0.114750382
1642661164.786530018 0.388938850 1.333271037 1.289685662 0.065008803 -0.164522395 0.977501729 0.114876483
1642661164.794862986 0.388934921 1.332519259 1.288825388 0.066029119 -0.164217507 0.977462106 0.115067793
1642661164.803196907 0.388957896 1.331766453 1.288030199 0.066637393 -0.163938957 0.977447134 0.115241381
1642661164.811530113 0.388985650 1.330973417 1.287180901 0.067598290 -0.163696727 0.977378870 0.115604487
1642661164.819864035 0.389051687 1.330190507 1.286426403 0.068018021 -0.163487290 0.977350219 0.115896527
1642661164.828197002 0.389077116 1.329398676 1.285619638 0.068831270 -0.163293237 0.977293325 0.116169414
1642661164.836529970 0.389109559 1.328576026 1.284801354 0.069698511 -0.163110627 0.977216367 0.116555621
1642661164.844863892 0.389155470 1.327753023 1.284009788 0.070492166 -0.162965985 0.977144351 0.116883959
1642661164.853197098 0.389206884 1.326908806 1.283193198 0.071410350 -0.162831471 0.977045611 0.117338601
1642661164.861530066 0.389267834 1.326030372 1.282332910 0.072563626 -0.162714242 0.976901809 0.117989198
1642661164.869863987 0.389363578 1.325171210 1.281608933 0.072958192 -0.162456801 0.976899909 0.118116293
1642661164.878196955 0.389481187 1.324280693 1.280872074 0.073345840 -0.162186456 0.976900138 0.118245770
1642661164.886529922 0.389586267 1.323330405 1.280011537 0.074468537 -0.161917188 0.976793014 0.118796757
1642661164.894864082 0.389683838 1.322370571 1.279238981 0.075063352 -0.161630164 0.976763261 0.119057616
1642661164.903197050 0.389768766 1.321344967 1.278332869 0.076353641 -0.161365841 0.976633927 0.119655170
1642661164.911530018 0.389836124 1.320328440 1.277535485 0.077073785 -0.161043186 0.976601378 0.119893591
1642661164.919862986 0.389921853 1.319268148 1.276668653 0.078106576 -0.160715900 0.976507115 0.120430964
1642661164.928196907 0.389956880 1.318195235 1.275882545 0.078789174 -0.160487441 0.976467124 0.120615106
1642661164.936530113 0.390022393 1.317099055 1.275024623 0.079831205 -0.160234042 0.976374158 0.121018735
1642661164.944864035 0.390075163 1.316007828 1.274203253 0.080709123 -0.159959254 0.976313724 0.121287207
1642661164.953197002 0.390125197 1.314910350 1.273393041 0.081551085 -0.159733595 0.976256006 0.121485844
1642661164.961529970 0.390194857 1.313747802 1.272523271 0.082812707 -0.159697868 0.976091722 0.121998348
1642661164.969863892 0.390247750 1.312622544 1.271718740 0.083733765 -0.159657836 0.975999795 0.122157409
1642661164.978197098 0.390300914 1.311490602 1.270938591 0.084607840 -0.159590789 0.975922885 0.122257173
1642661164.986530066 0.390358140 1.310341323 1.270133668 0.085823094 -0.159724012 0.975755885 0.122568716
1642661164.994863987 0.390384830 1.309249618 1.269421800 0.086600256 -0.159830902 0.975694212 0.122373541
1642661165.003196955 0.390438678 1.308024210 1.268608696 0.087846199 -0.159925830 0.975531542 0.122657999
1642661165.011529922 0.390479380 1.306889689 1.267888536 0.088883979 -0.160245747 0.975372596 0.122756820
1642661165.019864082 0.390497823 1.305793995 1.267234360 0.089562198 -0.160467753 0.975308778 0.122480609
1642661165.028197050 0.390566221 1.304545606 1.266478388 0.090783263 -0.160785059 0.975092333 0.122888185
1642661165.036530018 0.390606185 1.303420082 1.265858829 0.091456834 -0.161180265 0.974945129 0.123038874
1642661165.044862986 0.390602821 1.302362768 1.265261214 0.092087402 -0.161530961 0.974853835 0.122831835
1642661165.053196907 0.390606561 1.301158664 1.264513798 0.093433724 -0.161936120 0.974592806 0.123351915
1642661165.061530113 0.390568133 1.300126229 1.263923452 0.094076421 -0.162387091 0.974449644 0.123401581
1642661165.069864035 0.390544143 1.299125453 1.263390318 0.094424802 -0.162776000 0.974379978 0.123173009
1642661165.078197002 0.390534026 1.298012426 1.262739889 0.095268020 -0.163136129 0.974214766 0.123353955
1642661165.086529970 0.390498433 1.297057904 1.262233660 0.095500150 -0.163502869 0.974164910 0.123082340
1642661165.094863892 0.390462688 1.296098826 1.261693835 0.095947676 -0.163880517 0.974089361 0.122829705
1642661165.103197098 0.390459706 1.295042317 1.261023863 0.096926241 -0.164222749 0.973907207 0.123048544
1642661165.111530066 0.390433797 1.294114097 1.260425950 0.097731123 -0.164643408 0.973760591 0.123010113
1642661165.119863987 0.390438719 1.293232544 1.259867891 0.098181339 -0.164969161 0.973709806 0.122616530
1642661165.128196955 0.390472919 1.292219347 1.259166706 0.099296159 -0.165217125 0.973553687 0.122624603
1642661165.136529922 0.390493243 1.291350669 1.258568677 0.099953838 -0.165540069 0.973479421 0.122243746
1642661165.144864082 0.390520241 1.290485591 1.257950121 0.100594605 -0.165825107 0.973410806 0.121877648
1642661165.153197050 0.390538851 1.289543543 1.257233755 0.101728008 -0.166015354 0.973281238 0.121712559
1642661165.161530018 0.390579962 1.288720385 1.256556794 0.102865580 -0.166203088 0.973235254 0.120864991
1642661165.169862986 0.390681714 1.287833220 1.255801412 0.104183424 -0.166295380 0.973190678 0.119964851
1642661165.178196907 0.390656730 1.286964013 1.255131241 0.104993762 -0.166411432 0.973143572 0.119478592
1642661165.186530113 0.390615296 1.286056147 1.254459887 0.105849058 -0.166542517 0.973088231 0.118991019
1642661165.194864035 0.390593225 1.285055260 1.253712264 0.106845254 -0.166553037 0.973017680 0.118662433
1642661165.203197002 0.390540302 1.284161431 1.253047638 0.107585576 -0.166616781 0.973002235 0.118028994
1642661165.211529970 0.390459987 1.283274123 1.252403026 0.108351503 -0.166661764 0.972996820 0.117307273
1642661165.219863892 0.390409351 1.282290050 1.251715269 0.109244326 -0.166713303 0.972939702 0.116878945
1642661165.228197098 0.390344364 1.281279548 1.251037496 0.110026871 -0.166648068 0.972908038 0.116500893
1642661165.236530066 0.390269411 1.280273158 1.250406250 0.110567668 -0.166594778 0.972913579 0.116017840
1642661165.244863987 0.390193603 1.279228505 1.249767431 0.111127235 -0.166495340 0.972907262 0.115678425
1642661165.253196955 0.390116250 1.278179408 1.249215983 0.111219859 -0.166264757 0.973000041 0.115139452
1642661165.261529922 0.390073168 1.277141999 1.248754019 0.110850586 -0.166047433 0.973144544 0.114586621
1642661165.269864082 0.389977944 1.276072129 1.248272212 0.110599613 -0.165782211 0.973278289 0.114076098
1642661165.278197050 0.389883026 1.274976404 1.247836520 0.110185216 -0.165458667 0.973458799 0.113404647
1642661165.286530018 0.389780050 1.273825246 1.247296581 0.110372457 -0.165275864 0.973477433 0.113329153
1642661165.294862986 0.389661051 1.272798169 1.246901509 0.109973314 -0.165079496 0.973614170 0.112827646
1642661165.303196907 0.389582169 1.271675912 1.246548359 0.109224304 -0.164748515 0.973844524 0.112048301
1642661165.311530113 0.389485994 1.270501276 1.246064593 0.109535934 -0.164595175 0.973848108 0.111938239
1642661165.319864035 0.389341915 1.269321312 1.245540116 0.110055518 -0.164206555 0.973843200 0.112042011
1642661165.328197002 0.389240725 1.268025025 1.244940999 0.110890292 -0.163842501 0.973768691 0.112398906
1642661165.336529970 0.389297548 1.267056751 1.244905230 0.109198182 -0.164134346 0.974058740 0.111109153
1642661165.344863892 0.389246050 1.265973606 1.244597200 0.108933241 -0.164110419 0.974134247 0.110741991
1642661165.353197098 0.389166291 1.264624754 1.244066515 0.109560124 -0.163780206 0.974091186 0.110990925
1642661165.361530066 0.389119044 1.263307487 1.243498375 0.110644967 -0.163544280 0.973929902 0.111675892
1642661165.369863987 0.389110143 1.262289027 1.243304702 0.110182249 -0.163847478 0.973993344 0.111134339
1642661165.378196955 0.389101457 1.261059857 1.242903343 0.110452390 -0.163516069 0.974011021 0.111199348
1642661165.386529922 0.389181334 1.260056590 1.242734700 0.110084001 -0.164086521 0.974011944 0.110715217
1642661165.394864082 0.389167992 1.258803528 1.242289346 0.110849133 -0.164200578 0.973884892 0.110900214
1642661165.403197050 0.389197833 1.257760893 1.242074017 0.110692765 -0.164207921 0.973952300 0.110452650
1642661165.411530018 0.389197102 1.256543779 1.241571855 0.111968622 -0.164034218 0.973793156 0.110827310
1642661165.419862986 0.389137691 1.255165674 1.240947041 0.113730893 -0.163644408 0.973572382 0.111546437
1642661165.428196907 0.389172336 1.253962779 1.240538606 0.114798310 -0.163813686 0.973385785 0.111832637
1642661165.436530113 0.389223635 1.252870426 1.240293788 0.115209192 -0.164212574 0.973295074 0.111614387
1642661165.444864035 0.389276738 1.251946678 1.240302805 0.114426790 -0.164461852 0.973458157 0.110625607
1642661165.453197002 0.389266893 1.250740820 1.239906899 0.115698522 -0.164292233 0.973278077 0.111138198
1642661165.461529970 0.389273230 1.249685192 1.239833802 0.115436151 -0.164616963 0.973324714 0.110520371
1642661165.469863892 0.389228162 1.248498767 1.239521585 0.116417949 -0.164396697 0.973201433 0.110903374
1642661165.478197098 0.389232350 1.247506097 1.239528241 0.115984488 -0.164634329 0.973278627 0.110326106
1642661165.486530066 0.389143662 1.246314335 1.239312683 0.116506325 -0.164396958 0.973241641 0.110456436
1642661165.494863987 0.389199696 1.245468565 1.239569217 0.115244402 -0.164917871 0.973414149 0.109479305
1642661165.503196955 0.389152631 1.244340723 1.239539787 0.115058362 -0.164864379 0.973467442 0.109281511
1642661165.511529922 0.389090652 1.243172980 1.239466244 0.115046091 -0.164734070 0.973502648 0.109177273
1642661165.519864082 0.389008906 1.242088666 1.239432155 0.115116720 -0.164465776 0.973534787 0.109220730
1642661165.528197050 0.388929538 1.240927755 1.239357637 0.115303915 -0.164124721 0.973540943 0.109481121
1642661165.536530018 0.388896470 1.239929138 1.239635473 0.113800148 -0.164327753 0.973783805 0.108586452
1642661165.544862986 0.388831540 1.238751836 1.239612771 0.113796353 -0.164060039 0.973802374 0.108828446
1642661165.553196907 0.388831553 1.237804889 1.239919264 0.112549450 -0.164555998 0.973958625 0.107974726
1642661165.561530113 0.388768182 1.236772514 1.240091418 0.111833441 -0.164603390 0.974072156 0.107621747
1642661165.569864035 0.388662612 1.235693240 1.240161572 0.111649296 -0.164415578 0.974130790 0.107569307
1642661165.578197002 0.388509621 1.234538750 1.240018696 0.112491754 -0.163884391 0.974058510 0.108155122
1642661165.586529970 0.388479133 1.233638830 1.240312761 0.111356179 -0.164172213 0.974232583 0.107322692
1642661165.594863892 0.388452488 1.232821312 1.240773811 0.109453315 -0.164748699 0.974520524 0.105771386
1642661165.603197098 0.388388776 1.231851950 1.240961157 0.108878538 -0.164898355 0.974619291 0.105219928
1642661165.611530066 0.388292190 1.230723873 1.240955910 0.109098763 -0.164751369 0.974623427 0.105183751
1642661165.619863987 0.388180575 1.229581664 1.240865570 0.109734634 -0.164506907 0.974577961 0.105326086
1642661165.628196955 0.388144334 1.228881733 1.241382486 0.107822691 -0.165190654 0.974854868 0.103654718
1642661165.636529922 0.388038745 1.227790428 1.241377087 0.108139375 -0.165074578 0.974848154 0.103572851
1642661165.644864082 0.387919883 1.226681424 1.241327325 0.108547861 -0.164884816 0.974828803 0.103629938
1642661165.653197050 0.387851098 1.225877404 1.241696490 0.107211726 -0.165326881 0.975028663 0.102429368
1642661165.661530018 0.387711465 1.224718054 1.241533585 0.108246863 -0.165160917 0.974907817 0.102758145
1642661165.669862986 0.387683841 1.224004428 1.242011423 0.106403907 -0.165850219 0.975159979 0.101167828
1642661165.678196907 0.387521714 1.223005562 1.242004201 0.106998055 -0.165839947 0.975110353 0.101036269
1642661165.686530113 0.387356582 1.222041565 1.242016800 0.107364364 -0.165776466 0.975100964 0.100842287
1642661165.694864035 0.387315601 1.221313226 1.242426836 0.106019026 -0.166584712 0.975249018 0.099492975
1642661165.703197002 0.387193722 1.220330424 1.242473228 0.106270473 -0.166781673 0.975206450 0.099311832
1642661165.711529970 0.387070862 1.219461849 1.242676778 0.105738188 -0.166900152 0.975322068 0.098542574
1642661165.719863892 0.386950761 1.218499655 1.242801947 0.105615760 -0.167220592 0.975316769 0.098182403
1642661165.728197098 0.386791858 1.217606515 1.242959228 0.105353532 -0.167330969 0.975381918 0.097627323
1642661165.736530066 0.386617754 1.216703469 1.243050604 0.105443946 -0.167516709 0.975367737 0.097352476
1642661165.744863987 0.386474504 1.215930572 1.243427166 0.103953191 -0.167721552 0.975601655 0.096252931
1642661165.753196955 0.386225032 1.215131659 1.243519931 0.104299481 -0.168025640 0.975546836 0.095902941
1642661165.761529922 0.386042279 1.214295867 1.243729659 0.103538389 -0.168132372 0.975686764 0.095113860
1642661165.769864082 0.385804588 1.213367509 1.243662486 0.104395448 -0.168350796 0.975559000 0.095101195
1642661165.778197050 0.385558482 1.212584983 1.243793544 0.104160028 -0.168547493 0.975623340 0.094347919
1642661165.786530018 0.385306940 1.211852895 1.243983961 0.103705199 -0.168825173 0.975709650 0.093455723
1642661165.794862986 0.385028586 1.211118683 1.244129697 0.103412747 -0.169072883 0.975776413 0.092631289
1642661165.803196907 0.384724979 1.210408288 1.244277736 0.103140274 -0.169320035 0.975842985 0.091778423
1642661165.811530113 0.384401283 1.209731743 1.244437846 0.102790551 -0.169566927 0.975921503 0.090875626
1642661165.819864035 0.384053945 1.209100117 1.244645033 0.102182437 -0.169754603 0.976060554 0.089710198
1642661165.828197002 0.383684690 1.208526074 1.244928965 0.101139359 -0.169908257 0.976285135 0.088143908
1642661165.836529970 0.383295482 1.207946195 1.245069521 0.100883074 -0.170182585 0.976353498 0.087145510
1642661165.844863892 0.382896896 1.207416805 1.245217610 0.100612121 -0.170467221 0.976421943 0.086129650
1642661165.853197098 0.382482948 1.206917442 1.245370034 0.100269603 -0.170742224 0.976495885 0.085140390
1642661165.861530066 0.382064580 1.206441188 1.245512144 0.099994603 -0.171032829 0.976558729 0.084154021
1642661165.869863987 0.381639836 1.205993777 1.245653032 0.099729232 -0.171364949 0.976611921 0.083170252
1642661165.878196955 0.381219696 1.205589453 1.245795695 0.099433617 -0.171668192 0.976673219 0.082173052
1642661165.886529922 0.380800073 1.205211291 1.245942085 0.099115431 -0.172016799 0.976732079 0.081122122
1642661165.894864082 0.380378242 1.204845983 1.246073933 0.098835517 -0.172419780 0.976768097 0.080168855
1642661165.903197050 0.379956271 1.204510846 1.246182392 0.098667029 -0.172742512 0.976799326 0.079296405
1642661165.911530018 0.379535911 1.204215512 1.246284246 0.098534320 -0.173091761 0.976824959 0.078378755
1642661165.919862986 0.379114122 1.203958329 1.246387777 0.098381551 -0.173472544 0.976849246 0.077420260
1642661165.928196907 0.378699073 1.203726655 1.246491393 0.098220457 -0.173863804 0.976869729 0.076483015
1642661165.936530113 0.378287064 1.203523956 1.246585952 0.098132289 -0.174209643 0.976883103 0.075633699
1642661165.944864035 0.377883194 1.203331027 1.246669528 0.098110647 -0.174569216 0.976879852 0.074870846
1642661165.953197002 0.377500014 1.203182622 1.246803804 0.097838459 -0.174912350 0.976920395 0.073890777
1642661165.961529970 0.377124919 1.203084243 1.247013677 0.097193377 -0.175242301 0.977018095 0.072658272
1642661165.969863892 0.376734498 1.202980423 1.247166791 0.096906013 -0.175651527 0.977036695 0.071798761
1642661165.978197098 0.376350480 1.202899572 1.247337730 0.096545527 -0.176051144 0.977066063 0.070900379
1642661165.986530066 0.375940588 1.202842868 1.247482249 0.096407811 -0.176376668 0.977083214 0.070037111
1642661165.994863987 0.375494882 1.202799622 1.247622318 0.096369621 -0.176685346 0.977088859 0.069228214
1642661166.003196955 0.375085027 1.202730655 1.247772998 0.096225232 -0.177060049 0.977067917 0.068765758
1642661166.011529922 0.374675334 1.202652718 1.247876719 0.096348173 -0.177471530 0.976993192 0.068594381
1642661166.019864082 0.374264611 1.202618849 1.248118903 0.095780690 -0.177798846 0.977033784 0.067960384
1642661166.028197050 0.373851151 1.202603029 1.248395184 0.095073892 -0.178139301 0.977086907 0.067294281
1642661166.036530018 0.373439161 1.202614481 1.248734408 0.094045096 -0.178433615 0.977192336 0.066423657
1642661166.044862986 0.373052841 1.202648857 1.249150159 0.092601080 -0.178646479 0.977354308 0.065490709
1642661166.053196907 0.372676385 1.202660163 1.249484513 0.091559521 -0.178933109 0.977421994 0.065161665
1642661166.061530113 0.372231022 1.202680122 1.249820093 0.090691585 -0.179240896 0.977477660 0.064692829
1642661166.069864035 0.371735048 1.202700870 1.250187825 0.089762074 -0.179567734 0.977542725 0.064096948
1642661166.078197002 0.371204539 1.202747216 1.250708027 0.088059038 -0.179878891 0.977723339 0.062819282
1642661166.086529970 0.370715856 1.202778772 1.251080854 0.087022871 -0.180221541 0.977782444 0.062359511
1642661166.094863892 0.370216851 1.202785607 1.251399691 0.086277579 -0.180584418 0.977791588 0.062201749
1642661166.103197098 0.369722712 1.202815477 1.251768400 0.085159145 -0.180876957 0.977865728 0.061725716
1642661166.111530066 0.369239148 1.202850178 1.252105135 0.084202210 -0.181136453 0.977922259 0.061381016
1642661166.119863987 0.368713893 1.202887771 1.252497172 0.082990339 -0.181455090 0.978006600 0.060743257
1642661166.128196955 0.368171576 1.202914387 1.252868075 0.081813951 -0.181772187 0.978083554 0.060149078
1642661166.136529922 0.367628379 1.202956104 1.253239555 0.080532892 -0.182073471 0.978172929 0.059509874
1642661166.144864082 0.367070198 1.203000753 1.253674196 0.078831275 -0.182332371 0.978313024 0.058686996
1642661166.153197050 0.366475618 1.202992047 1.254031585 0.077528745 -0.182786995 0.978372927 0.058005379
1642661166.161530018 0.365858385 1.202931951 1.254285109 0.076671854 -0.183552496 0.978314123 0.057718147
1642661166.169862986 0.365261645 1.202972574 1.254618388 0.075463818 -0.183771211 0.978410567 0.056974702
1642661166.178196907 0.364652253 1.203004507 1.254845851 0.074810246 -0.184015361 0.978438028 0.056575602
1642661166.186530113 0.364048020 1.203071645 1.255188262 0.073450246 -0.184147189 0.978568093 0.055671906
1642661166.194864035 0.363443437 1.203123179 1.255381656 0.072847662 -0.184404490 0.978587454 0.055270216
1642661166.203197002 0.362820367 1.203163589 1.255486882 0.072687104 -0.184702578 0.978550587 0.055138841
1642661166.211529970 0.362191695 1.203244145 1.255683369 0.072012524 -0.184865989 0.978602190 0.054557456
1642661166.219863892 0.361580188 1.203361052 1.255923739 0.070914809 -0.185058597 0.978686982 0.053816326
1642661166.228197098 0.360954548 1.203451911 1.256028263 0.070445813 -0.185299377 0.978681964 0.053694888
1642661166.236530066 0.360328891 1.203600272 1.256279873 0.069011166 -0.185417233 0.978798871 0.053015836
1642661166.244863987 0.359700031 1.203749759 1.256415169 0.068119943 -0.185614558 0.978829135 0.052919130
1642661166.253196955 0.359046650 1.203919066 1.256616548 0.066852583 -0.185636044 0.978941820 0.052372748
1642661166.261529922 0.358369273 1.204084821 1.256872142 0.065170374 -0.185600318 0.979094426 0.051763400
1642661166.269864082 0.357658002 1.204253545 1.257060285 0.063780491 -0.185640485 0.979192728 0.051490391
1642661166.278197050 0.356959834 1.204467896 1.257255666 0.062350069 -0.185728044 0.979297245 0.050935930
1642661166.286530018 0.356260807 1.204695079 1.257450300 0.060857275 -0.185804932 0.979405420 0.050378007
1642661166.294862986 0.355558146 1.204947754 1.257671609 0.059200642 -0.185848845 0.979527701 0.049809381
1642661166.303196907 0.354851336 1.205221746 1.257899092 0.057500196 -0.185846424 0.979655541 0.049293569
1642661166.311530113 0.354171014 1.205528057 1.258080177 0.056072577 -0.185952614 0.979743606 0.048784812
1642661166.319864035 0.353507774 1.205857711 1.258227490 0.054855420 -0.186108352 0.979799753 0.048445935
1642661166.328197002 0.352789999 1.206201711 1.258484319 0.052907231 -0.185908361 0.979950807 0.048325178
1642661166.336529970 0.352130403 1.206589613 1.258741859 0.051035189 -0.185930971 0.980072268 0.047785282
1642661166.344863892 0.351508895 1.207049023 1.259018095 0.049180863 -0.186072133 0.980182751 0.046906063
1642661166.353197098 0.350908990 1.207556790 1.259305181 0.047333238 -0.186244071 0.980288995 0.045893318
1642661166.361530066 0.350285065 1.208092788 1.259602196 0.045322680 -0.186223651 0.980416427 0.045279543
1642661166.369863987 0.349685918 1.208693813 1.259934039 0.043189485 -0.186134933 0.980566644 0.044469217
1642661166.378196955 0.349108660 1.209339519 1.260262825 0.041094712 -0.185997084 0.980719402 0.043655050
1642661166.386529922 0.348492598 1.209919056 1.260456493 0.039481822 -0.186189962 0.980733417 0.044005089
1642661166.394864082 0.347904728 1.210563474 1.260769245 0.037228314 -0.186341292 0.980796744 0.043917223
1642661166.403197050 0.347522675 1.211458983 1.261082152 0.035647728 -0.186218259 0.980952136 0.042248154
1642661166.411530018 0.346917793 1.212064544 1.261265651 0.033853697 -0.186850810 0.980841078 0.043491161
1642661166.419862986 0.346531390 1.212955940 1.261553890 0.032234224 -0.187049949 0.980889649 0.042764099
1642661166.428196907 0.346195563 1.213896217 1.261843591 0.030708873 -0.187282698 0.980922099 0.042118790
1642661166.436530113 0.345894393 1.214894146 1.262148229 0.029197726 -0.187524979 0.980951247 0.041430973
1642661166.444864035 0.345635448 1.215934301 1.262485687 0.027594510 -0.187815053 0.980971483 0.040730806
1642661166.453197002 0.345415385 1.217019783 1.262829853 0.026003665 -0.188138512 0.980980069 0.040072603
1642661166.461529970 0.345226493 1.218172512 1.263218604 0.024241316 -0.188335648 0.981018570 0.039301503
1642661166.469863892 0.345063603 1.219374635 1.263642485 0.022356690 -0.188539588 0.981057111 0.038470070
1642661166.478197098 0.344937806 1.220595916 1.263939685 0.021224899 -0.188875574 0.981027085 0.038228005
1642661166.486530066 0.344839169 1.221895115 1.264368335 0.019367429 -0.189068485 0.981058535 0.037445436
1642661166.494863987 0.344759884 1.223240185 1.264834296 0.017377646 -0.189299811 0.981080748 0.036662863
1642661166.503196955 0.344722671 1.224612035 1.265183903 0.016076966 -0.189621388 0.981051521 0.036375441
1642661166.511529922 0.344702720 1.226056634 1.265630927 0.014279468 -0.189835406 0.981060981 0.035748666
1642661166.519864082 0.344699820 1.227545724 1.266096715 0.012434665 -0.190073965 0.981062597 0.035120478
1642661166.528197050 0.344710493 1.229094914 1.266630246 0.010256235 -0.190237156 0.981083786 0.034340046
1642661166.536530018 0.344743722 1.230682374 1.267180768 0.008049261 -0.190422650 0.981096221 0.033535483
1642661166.544862986 0.344806708 1.232279980 1.267618001 0.006479834 -0.190764288 0.981052118 0.033222586
1642661166.553196907 0.344897964 1.233947618 1.268141318 0.004484673 -0.190998184 0.981041465 0.032514992
1642661166.561530113 0.345007757 1.235651370 1.268673159 0.002456641 -0.191211548 0.981029663 0.031826243
1642661166.569864035 0.345098099 1.237468187 1.269303377 0.000072930 -0.191624792 0.980987139 0.030727305
1642661166.578197002 0.345206431 1.239364496 1.269954658 -0.002377153 -0.192038241 0.980942963 0.029437494
1642661166.586529970 0.345468487 1.240956689 1.270306145 -0.003811887 -0.191719436 0.981000631 0.029442978
1642661166.594863892 0.345673374 1.242797392 1.270887282 -0.006116576 -0.191797253 0.981004135 0.028412826
1642661166.603197098 0.345931611 1.244631423 1.271326144 -0.007606131 -0.192010450 0.980966849 0.027895794
1642661166.611530066 0.346204103 1.246490182 1.271823395 -0.009506459 -0.192075286 0.980960231 0.027087579
1642661166.619863987 0.346501878 1.248369286 1.272332732 -0.011511955 -0.192133145 0.980951599 0.026197123
1642661166.628196955 0.346828166 1.250258254 1.272840955 -0.013534651 -0.192145358 0.980946840 0.025303608
1642661166.636529922 0.347196269 1.252147541 1.273319390 -0.015479781 -0.192091588 0.980948851 0.024506108
1642661166.644864082 0.347604770 1.254056967 1.273790204 -0.017379874 -0.192055945 0.980944617 0.023666675
1642661166.653197050 0.348037899 1.255969657 1.274261266 -0.019305890 -0.191935530 0.980951843 0.022836746
1642661166.661530018 0.348517037 1.257880840 1.274711902 -0.021131669 -0.191775923 0.980963428 0.022049973
1642661166.669862986 0.349034473 1.259792000 1.275166453 -0.022929807 -0.191608461 0.980972733 0.021281904
1642661166.678196907 0.349566564 1.261766762 1.275703847 -0.025037967 -0.191571414 0.980952020 0.020165011
1642661166.686530113 0.350117322 1.263785336 1.276305147 -0.027353201 -0.191618525 0.980905164 0.018952641
1642661166.694864035 0.350769031 1.265678479 1.276771951 -0.029068583 -0.191392150 0.980911480 0.018350233
1642661166.703197002 0.351462975 1.267551300 1.277264982 -0.030861393 -0.191253738 0.980893827 0.017801193
1642661166.711529970 0.352178526 1.269400556 1.277720323 -0.032375302 -0.191077474 0.980886323 0.017414365
1642661166.719863892 0.352898036 1.271268382 1.278164534 -0.033695867 -0.190944989 0.980875617 0.016959466
1642661166.728197098 0.353672964 1.273159047 1.278713978 -0.035442909 -0.190862025 0.980840181 0.016371531
1642661166.736530066 0.354465605 1.275024426 1.279276462 -0.037212552 -0.190827019 0.980790349 0.015829274
1642661166.744863987 0.355285010 1.276901234 1.279876557 -0.039061398 -0.190825322 0.980728510 0.015214908
1642661166.753196955 0.356145286 1.278767444 1.280455559 -0.040725713 -0.190805918 0.980673028 0.014660518
1642661166.761529922 0.357037950 1.280609804 1.281025300 -0.042295107 -0.190792616 0.980615386 0.014239615
1642661166.769864082 0.357981627 1.282432975 1.281595819 -0.043798444 -0.190719595 0.980567828 0.013945155
1642661166.778197050 0.358886203 1.284238025 1.282239299 -0.045662358 -0.190753302 0.980485383 0.013286889
1642661166.786530018 0.359756935 1.286091668 1.282968015 -0.047746953 -0.190802369 0.980388254 0.012391771
1642661166.794862986 0.360703675 1.287880386 1.283644653 -0.049575884 -0.190797606 0.980304644 0.011887376
1642661166.803196907 0.361668227 1.289654078 1.284310561 -0.051357164 -0.190751713 0.980228137 0.011358894
1642661166.811530113 0.362646774 1.291402988 1.284984912 -0.053108788 -0.190731045 0.980144960 0.010815806
1642661166.819864035 0.363644145 1.293117272 1.285654612 -0.054816692 -0.190774512 0.980047676 0.010332912
1642661166.828197002 0.364656950 1.294807031 1.286318235 -0.056442633 -0.190788000 0.979957452 0.009877276
1642661166.836529970 0.365665898 1.296465574 1.286987108 -0.058061136 -0.190813245 0.979863233 0.009341070
1642661166.844863892 0.366684816 1.298085137 1.287666217 -0.059717674 -0.190901542 0.979751629 0.008783309
1642661166.853197098 0.367705454 1.299672473 1.288330679 -0.061274906 -0.190976771 0.979645689 0.008220869
1642661166.861530066 0.368725669 1.301229885 1.288991402 -0.062773232 -0.191023959 0.979546738 0.007586566
1642661166.869863987 0.369641483 1.302934335 1.289849018 -0.065015478 -0.191470394 0.979324252 0.006007051
1642661166.878196955 0.370514852 1.304653261 1.290752889 -0.067423718 -0.192040277 0.979059132 0.004217760
1642661166.886529922 0.371673138 1.305821252 1.291136940 -0.067798397 -0.191686657 0.979099971 0.004780215
1642661166.894864082 0.372519087 1.307498447 1.292084280 -0.070379621 -0.192351369 0.978795309 0.002720887
1642661166.903197050 0.373657507 1.308618449 1.292488379 -0.070831473 -0.192147866 0.978801350 0.003164886
1642661166.911530018 0.374442903 1.310296386 1.293538007 -0.073857091 -0.193004406 0.978413972 0.000727306
1642661166.919862986 0.375458880 1.311540378 1.294180495 -0.075315469 -0.193267466 0.978251107 0.000194027
1642661166.928196907 0.376467917 1.312755854 1.294829917 -0.076775961 -0.193579008 0.978075910 -0.000365404
1642661166.936530113 0.377583569 1.313743420 1.295302387 -0.077575399 -0.193581500 0.978012403 0.000015102
1642661166.944864035 0.378738325 1.314640002 1.295714720 -0.078149025 -0.193552691 0.977972184 0.000702043
1642661166.953197002 0.379463940 1.316222941 1.296817191 -0.081437778 -0.194726748 0.977468933 -0.001966380
1642661166.961529970 0.380453903 1.317317675 1.297492800 -0.083086017 -0.195186455 0.977237427 -0.002443782
1642661166.969863892 0.381440249 1.318400196 1.298167779 -0.084737988 -0.195691120 0.976993292 -0.002926647
1642661166.978197098 0.382542697 1.319273142 1.298656331 -0.085620787 -0.195875839 0.976880527 -0.002484495
1642661166.986530066 0.383791597 1.319906978 1.298936168 -0.085658700 -0.195753069 0.976904466 -0.000993203
1642661166.994863987 0.384755663 1.320978331 1.299645713 -0.087389775 -0.196437084 0.976612937 -0.001634307
1642661167.003196955 0.385794039 1.321924429 1.300245818 -0.088716631 -0.196854750 0.976409099 -0.001684748
1642661167.011529922 0.386674953 1.323062301 1.301062016 -0.090932033 -0.197666166 0.976038772 -0.002787200
1642661167.019864082 0.387505778 1.324271867 1.301936947 -0.093367977 -0.198590942 0.975615804 -0.004226213
1642661167.028197050 0.388662933 1.324948406 1.302236032 -0.093447894 -0.198572717 0.975616145 -0.003082930
1642661167.036530018 0.389549725 1.326009110 1.302945732 -0.095185261 -0.199179833 0.975321465 -0.003898683
1642661167.044862986 0.390482338 1.326962851 1.303562247 -0.096524780 -0.199703003 0.975081342 -0.004248907
1642661167.053196907 0.391336089 1.328022190 1.304299848 -0.098299696 -0.200388688 0.974758952 -0.005150567
1642661167.061530113 0.391990929 1.329368079 1.305310882 -0.101135135 -0.201524618 0.974219570 -0.007466099
1642661167.069864035 0.392867127 1.330354023 1.305941978 -0.102340816 -0.202067523 0.973976485 -0.008054826
1642661167.078197002 0.393743437 1.331332827 1.306566118 -0.103448689 -0.202612000 0.973741372 -0.008630534
1642661167.086529970 0.394694773 1.332190175 1.307070794 -0.104036903 -0.202946515 0.973608879 -0.008647897
1642661167.094863892 0.395682503 1.332989410 1.307506537 -0.104241138 -0.203198875 0.973536937 -0.008356690
1642661167.103197098 0.396460220 1.334077116 1.308294533 -0.105828249 -0.203953135 0.973196101 -0.009635827
1642661167.111530066 0.397452525 1.334849864 1.308756315 -0.106077894 -0.204186010 0.973122647 -0.009373795
1642661167.119863987 0.398228431 1.335913346 1.309554544 -0.107658384 -0.204872767 0.972792143 -0.010595673
1642661167.128196955 0.399206527 1.336670600 1.310005888 -0.107793479 -0.204979287 0.972757792 -0.010311902
1642661167.136529922 0.399885409 1.337846262 1.310959608 -0.109958411 -0.205806485 0.972319597 -0.012142457
1642661167.144864082 0.400757291 1.338749449 1.311602034 -0.110798641 -0.206203703 0.972133876 -0.012626206
1642661167.153197050 0.401630410 1.339647638 1.312235049 -0.111562390 -0.206526693 0.971973224 -0.012984975
1642661167.161530018 0.402489262 1.340565333 1.312888586 -0.112369751 -0.206843965 0.971807248 -0.013389753
1642661167.169862986 0.403340674 1.341494717 1.313579171 -0.113272309 -0.207156329 0.971629169 -0.013870764
1642661167.178196907 0.404303575 1.342272047 1.314074337 -0.113406593 -0.207253919 0.971596580 -0.013595682
1642661167.186530113 0.405280020 1.343029580 1.314556837 -0.113413295 -0.207271067 0.971598396 -0.013141047
1642661167.194864035 0.405974653 1.344204885 1.315522100 -0.115305382 -0.208029786 0.971191675 -0.014663141
1642661167.203197002 0.406881608 1.345099859 1.316129367 -0.115588003 -0.208423343 0.971074345 -0.014619830
1642661167.211529970 0.407749831 1.346005864 1.316822433 -0.116356745 -0.208622264 0.970934642 -0.014959299
1642661167.219863892 0.408708223 1.346804924 1.317395398 -0.116556229 -0.208605906 0.970917749 -0.014729076
1642661167.228197098 0.409716878 1.347535706 1.317897946 -0.116397914 -0.208571121 0.970951736 -0.014224612
1642661167.236530066 0.410488813 1.348580502 1.318791291 -0.117799092 -0.209052022 0.970661888 -0.015366342
1642661167.244863987 0.411473346 1.349316990 1.319344577 -0.117723824 -0.209068189 0.970672593 -0.015043608
1642661167.253196955 0.412193453 1.350331833 1.320314850 -0.119458485 -0.209592520 0.970322238 -0.016595171
1642661167.261529922 0.413277236 1.350923983 1.320779182 -0.119193323 -0.209256776 0.970438594 -0.015921339
1642661167.269864082 0.414112183 1.351869706 1.321599148 -0.120192452 -0.209697077 0.970203468 -0.016915703
1642661167.278197050 0.414832960 1.352922770 1.322586849 -0.121933545 -0.210435446 0.969793480 -0.018701336
1642661167.286530018 0.415768753 1.353682829 1.323232664 -0.122256032 -0.210742028 0.969680024 -0.019023946
1642661167.294862986 0.416772139 1.354355292 1.323779213 -0.122121692 -0.210881214 0.969669249 -0.018893202
1642661167.303196907 0.417827125 1.354946495 1.324256264 -0.121654483 -0.210983547 0.969714159 -0.018454782
1642661167.311530113 0.418603595 1.355935670 1.325195038 -0.123071881 -0.211822088 0.969319154 -0.020126923
1642661167.319864035 0.419582718 1.356651602 1.325816439 -0.123159883 -0.212268091 0.969202969 -0.020481827
1642661167.328197002 0.420598627 1.357349759 1.326420931 -0.123068486 -0.212741466 0.969103324 -0.020831780
1642661167.336529970 0.421639965 1.358009278 1.327001288 -0.122924345 -0.213171960 0.969021168 -0.021102045
1642661167.344863892 0.422712467 1.358653524 1.327553021 -0.122576202 -0.213671437 0.968949151 -0.021380699
1642661167.353197098 0.423869426 1.359184837 1.327983403 -0.121768175 -0.213950096 0.968992308 -0.021254981
1642661167.361530066 0.425082682 1.359654148 1.328352489 -0.120673100 -0.214168772 0.969089502 -0.020863293
1642661167.369863987 0.426016643 1.360483188 1.329151202 -0.121490531 -0.215038053 0.968756980 -0.022552150
1642661167.378196955 0.427147282 1.361018074 1.329642037 -0.121155361 -0.215417720 0.968705039 -0.022959373
1642661167.386529922 0.428383907 1.361428860 1.329983482 -0.120369085 -0.215573550 0.968768493 -0.022955074
1642661167.394864082 0.429677318 1.361796082 1.330268643 -0.119369922 -0.215578790 0.968897431 -0.022679858
1642661167.403197050 0.430776607 1.362428507 1.330900707 -0.119906433 -0.216149525 0.968674773 -0.023895908
1642661167.411530018 0.432157943 1.362733488 1.331145192 -0.118868374 -0.216082050 0.968829329 -0.023421968
1642661167.419862986 0.433240747 1.363442600 1.331882256 -0.120015217 -0.216743387 0.968496366 -0.025168240
1642661167.428196907 0.434627915 1.363780456 1.332174841 -0.119384022 -0.216752814 0.968576322 -0.025011635
1642661167.436530113 0.436172916 1.363892846 1.332236863 -0.118032985 -0.216388477 0.968850761 -0.023925813
1642661167.444864035 0.437527823 1.364225928 1.332584317 -0.118092300 -0.216482456 0.968815427 -0.024212049
1642661167.453197002 0.438799584 1.364679760 1.333065734 -0.118689929 -0.216712731 0.968670291 -0.025023176
1642661167.461529970 0.440032828 1.365183108 1.333609193 -0.119573510 -0.217066073 0.968455933 -0.026030764
1642661167.469863892 0.441590811 1.365207799 1.333589023 -0.118445127 -0.216624277 0.968722865 -0.024913545
1642661167.478197098 0.442938124 1.365463614 1.333868403 -0.118776249 -0.216599785 0.968680452 -0.025197585
1642661167.486530066 0.444275238 1.365736741 1.334156948 -0.119151834 -0.216612512 0.968622406 -0.025543965
1642661167.494863987 0.445621263 1.365988993 1.334427632 -0.119516629 -0.216613507 0.968569467 -0.025837009
1642661167.503196955 0.446977855 1.366235345 1.334693989 -0.119860021 -0.216561514 0.968531324 -0.026110555
1642661167.511529922 0.448345338 1.366422578 1.334920846 -0.120311484 -0.216504547 0.968479088 -0.026442094
1642661167.519864082 0.449736417 1.366633439 1.335129617 -0.120623314 -0.216452414 0.968443103 -0.026764242
1642661167.528197050 0.451087333 1.366927539 1.335445578 -0.121358495 -0.216540201 0.968307594 -0.027619918
1642661167.536530018 0.452336155 1.367344460 1.335930101 -0.122938821 -0.216911992 0.967973035 -0.029384310
1642661167.544862986 0.453902816 1.367439196 1.335978877 -0.122377890 -0.216656361 0.968109579 -0.029112130
1642661167.553196907 0.455633897 1.367349961 1.335783576 -0.120925879 -0.216032697 0.968464290 -0.027995098
1642661167.561530113 0.457202682 1.367500880 1.335850238 -0.120525755 -0.215950425 0.968527496 -0.028168171
1642661167.569864035 0.458769532 1.367672526 1.335943198 -0.120233514 -0.215888298 0.968568926 -0.028467195
1642661167.578197002 0.460337124 1.367918699 1.336058763 -0.119810208 -0.215837105 0.968624120 -0.028760610
1642661167.586529970 0.461928810 1.368156864 1.336116870 -0.119120280 -0.215873110 0.968693091 -0.029031955
1642661167.594863892 0.463525532 1.368415346 1.336165063 -0.118383460 -0.215935240 0.968760295 -0.029339713
1642661167.603197098 0.465126932 1.368703995 1.336188799 -0.117505570 -0.215907410 0.968864283 -0.029638347
1642661167.611530066 0.466710391 1.369063341 1.336247807 -0.116586832 -0.215920444 0.968960306 -0.030029934
1642661167.619863987 0.468308841 1.369414293 1.336272719 -0.115612249 -0.216002793 0.969045030 -0.030468524
1642661167.628196955 0.469840843 1.369932343 1.336441934 -0.114957364 -0.216245869 0.969041307 -0.031328485
1642661167.636529922 0.471348083 1.370569503 1.336690086 -0.114380380 -0.216656488 0.968978587 -0.032520641
1642661167.644864082 0.473197571 1.370793845 1.336407024 -0.111674275 -0.216195349 0.969427326 -0.031608341
1642661167.653197050 0.474851302 1.371286062 1.336456614 -0.110329974 -0.216225734 0.969557975 -0.032110150
1642661167.661530018 0.476520056 1.371838699 1.336516952 -0.108773296 -0.216288382 0.969705906 -0.032529397
1642661167.669862986 0.478118960 1.372540007 1.336689363 -0.107486324 -0.216620842 0.969742490 -0.033490355
1642661167.678196907 0.479577448 1.373458314 1.337030504 -0.106826755 -0.217217263 0.969616856 -0.035325028
1642661167.686530113 0.481249343 1.374069108 1.337159214 -0.105388874 -0.217272730 0.969745105 -0.035779559
1642661167.694864035 0.482901199 1.374685218 1.337319416 -0.104164971 -0.217268209 0.969863888 -0.036169361
1642661167.703197002 0.484531792 1.375348622 1.337505852 -0.102944988 -0.217291854 0.969973065 -0.036590059
1642661167.711529970 0.486129862 1.376022879 1.337746868 -0.101981481 -0.217317460 0.970055087 -0.036959804
1642661167.719863892 0.487676089 1.376751168 1.338074110 -0.101365314 -0.217253859 0.970111966 -0.037531415
1642661167.728197098 0.489201423 1.377457250 1.338390183 -0.100896830 -0.217096917 0.970177403 -0.038007429
1642661167.736530066 0.490712215 1.378165857 1.338728835 -0.100581320 -0.216837800 0.970251877 -0.038419557
1642661167.744863987 0.492190714 1.378883452 1.339081220 -0.100460587 -0.216570935 0.970303239 -0.038940011
1642661167.753196955 0.493639032 1.379635324 1.339499972 -0.100583202 -0.216242714 0.970340751 -0.039508657
1642661167.761529922 0.495075429 1.380388934 1.339936671 -0.100793345 -0.215895543 0.970371698 -0.040107142
1642661167.769864082 0.496501606 1.381156636 1.340391895 -0.101076859 -0.215487348 0.970409225 -0.040676860
1642661167.778197050 0.497910793 1.381951560 1.340879929 -0.101452367 -0.215087694 0.970432780 -0.041290696
1642661167.786530018 0.499363421 1.382699345 1.341307974 -0.101649220 -0.214572069 0.970506837 -0.041746173
1642661167.794862986 0.500916732 1.383320574 1.341633961 -0.101405702 -0.213844330 0.970703460 -0.041500349
1642661167.803196907 0.502405341 1.384014050 1.342135915 -0.101918231 -0.213327373 0.970753032 -0.041745153
1642661167.811530113 0.503642468 1.385080116 1.342908494 -0.103516673 -0.213402976 0.970482905 -0.043662329
1642661167.819864035 0.505109889 1.385774987 1.343359431 -0.103793519 -0.212921433 0.970544821 -0.043978626
1642661167.828197002 0.506631569 1.386383290 1.343771522 -0.103818278 -0.212285149 0.970685066 -0.043900834
1642661167.836529970 0.508289908 1.386837095 1.344066934 -0.103307515 -0.211450479 0.970957625 -0.043099220
1642661167.844863892 0.509706744 1.387651308 1.344626034 -0.103733344 -0.211221916 0.970923287 -0.043962095
1642661167.853197098 0.510968621 1.388664983 1.345338461 -0.104677817 -0.211285610 0.970720252 -0.045859987
1642661167.861530066 0.512467336 1.389392756 1.345837608 -0.104793187 -0.210843849 0.970771089 -0.046548387
1642661167.869863987 0.513974209 1.390118345 1.346356580 -0.104925586 -0.210442714 0.970803033 -0.047391517
1642661167.878196955 0.515563975 1.390765604 1.346820725 -0.104829396 -0.209995249 0.970875955 -0.048090249
1642661167.886529922 0.517327068 1.391242598 1.347066288 -0.103521950 -0.209126184 0.971217963 -0.047802852
1642661167.894864082 0.518762981 1.392144600 1.347641846 -0.103472104 -0.209065678 0.971141919 -0.049683395
1642661167.903197050 0.520342491 1.392824652 1.348159458 -0.103266796 -0.208782320 0.971162402 -0.050887146
1642661167.911530018 0.522017416 1.393316724 1.348495567 -0.102309932 -0.208260726 0.971350673 -0.051361637
1642661167.919862986 0.523722501 1.393761431 1.348788279 -0.101082864 -0.207734676 0.971577015 -0.051639740
1642661167.928196907 0.525586084 1.394229243 1.348990719 -0.099638535 -0.211126224 0.970847398 -0.054343432
1642661167.936530113 0.527814556 1.394578105 1.348805492 -0.097033963 -0.220458067 0.968688531 -0.060209478
1642661167.944864035 0.529439355 1.394853139 1.349279408 -0.096748755 -0.220417768 0.968715343 -0.060384351
1642661167.953197002 0.531111557 1.395052720 1.349730127 -0.096210273 -0.220344718 0.968798898 -0.060170452
1642661167.961529970 0.532435245 1.395313978 1.350619276 -0.097505241 -0.216630227 0.969625556 -0.058226744
1642661167.969863892 0.533388391 1.395593332 1.351970722 -0.100490538 -0.207426022 0.971629656 -0.053027435
1642661167.978197098 0.534790630 1.396030381 1.352779263 -0.101574715 -0.207939500 0.971371600 -0.053674548
1642661167.986530066 0.536192048 1.396223867 1.353617241 -0.103182883 -0.208267320 0.971108912 -0.054087869
1642661167.994863987 0.537743014 1.396293884 1.354377155 -0.104454496 -0.208408014 0.970967825 -0.053636188
1642661168.003196955 0.539396989 1.396268582 1.355113439 -0.105541547 -0.208330865 0.970922018 -0.052627635
1642661168.011529922 0.540928508 1.396453102 1.355978225 -0.106948191 -0.208577746 0.970727680 -0.052394465
1642661168.019864082 0.542492992 1.396599953 1.356799962 -0.108249885 -0.208670398 0.970579829 -0.052090527
1642661168.028197050 0.544086229 1.396723728 1.357632429 -0.109587830 -0.208805005 0.970417252 -0.051781612
1642661168.036530018 0.545711900 1.396875709 1.358470148 -0.110709518 -0.208870877 0.970292478 -0.051467135
1642661168.044862986 0.547374193 1.397009374 1.359283995 -0.111742147 -0.208898189 0.970184985 -0.051150116
1642661168.053196907 0.549063967 1.397138447 1.360083059 -0.112679356 -0.208833054 0.970106515 -0.050847500
1642661168.061530113 0.550788419 1.397238034 1.360859056 -0.113497490 -0.208766252 0.970042065 -0.050530827
1642661168.069864035 0.552524756 1.397314766 1.361635470 -0.114347725 -0.208647902 0.969984754 -0.050201870
1642661168.078197002 0.554290282 1.397393046 1.362407825 -0.114988789 -0.208548953 0.969952552 -0.049769062
1642661168.086529970 0.556065923 1.397422171 1.363172623 -0.115732727 -0.208395942 0.969914156 -0.049432751
1642661168.094863892 0.557854646 1.397452563 1.363936636 -0.116312823 -0.208290753 0.969894350 -0.048900305
1642661168.103197098 0.559655548 1.397434105 1.364683437 -0.116944296 -0.208108080 0.969880496 -0.048444635
1642661168.111530066 0.561464099 1.397336252 1.365416755 -0.117522661 -0.207977259 0.969872441 -0.047763302
1642661168.119863987 0.563284918 1.397187763 1.366142387 -0.118050996 -0.207853732 0.969870699 -0.047027815
1642661168.128196955 0.565108994 1.396989481 1.366861369 -0.118622440 -0.207715844 0.969867901 -0.046250400
1642661168.136529922 0.566939314 1.396723103 1.367555451 -0.119054844 -0.207583375 0.969886478 -0.045335485
1642661168.144864082 0.568737179 1.396404533 1.368283218 -0.119663923 -0.207567546 0.969854621 -0.044477788
1642661168.153197050 0.570523334 1.396026149 1.369006913 -0.120300834 -0.207595316 0.969809838 -0.043597848
1642661168.161530018 0.572286753 1.395589936 1.369734055 -0.120995615 -0.207677935 0.969745347 -0.042707113
1642661168.169862986 0.573992051 1.395111244 1.370483117 -0.121880707 -0.207736367 0.969658678 -0.041865785
1642661168.178196907 0.575679349 1.394572166 1.371213875 -0.122713147 -0.207804961 0.969576135 -0.040996338
1642661168.186530113 0.577336647 1.393988997 1.371929729 -0.123598854 -0.207891931 0.969481295 -0.040128381
1642661168.194864035 0.578961520 1.393382439 1.372641849 -0.124466815 -0.207985798 0.969381715 -0.039357476
1642661168.203197002 0.580565478 1.392733512 1.373369910 -0.125457987 -0.208084028 0.969262730 -0.038614639
1642661168.211529970 0.582153742 1.392052788 1.374083047 -0.126369972 -0.208175104 0.969152471 -0.037910995
1642661168.219863892 0.583727337 1.391348609 1.374794212 -0.127242353 -0.208288284 0.969040017 -0.037240043
1642661168.228197098 0.585283814 1.390610936 1.375503831 -0.128112308 -0.208391355 0.968929736 -0.036543766
1642661168.236530066 0.586830427 1.389855366 1.376195952 -0.128880246 -0.208515052 0.968826508 -0.035868557
1642661168.244863987 0.588358614 1.389099427 1.376895841 -0.129657420 -0.208672371 0.968708456 -0.035337273
1642661168.253196955 0.589877593 1.388296580 1.377586920 -0.130359957 -0.208887778 0.968590319 -0.034712703
1642661168.261529922 0.591360021 1.387507327 1.378295462 -0.131156008 -0.209124787 0.968446202 -0.034305658
1642661168.269864082 0.592847319 1.386720689 1.378979480 -0.131742012 -0.209450608 0.968311062 -0.033884694
1642661168.278197050 0.594329440 1.385908166 1.379656001 -0.132314556 -0.209798744 0.968173037 -0.033441224
1642661168.286530018 0.595804291 1.385103968 1.380309647 -0.132785484 -0.210153100 0.968046345 -0.033014586
1642661168.294862986 0.597283644 1.384305776 1.380956790 -0.133166540 -0.210562591 0.967919588 -0.032584337
1642661168.303196907 0.598782061 1.383497621 1.381554790 -0.133323810 -0.211035386 0.967812738 -0.032052011
1642661168.311530113 0.600284423 1.382724917 1.382141612 -0.133380358 -0.211482324 0.967722025 -0.031606807
1642661168.319864035 0.601789467 1.381989386 1.382713385 -0.133278004 -0.211988668 0.967635363 -0.031298269
1642661168.328197002 0.603308027 1.381245194 1.383233126 -0.132960374 -0.212473471 0.967584294 -0.030938601
1642661168.336529970 0.604838627 1.380513836 1.383724881 -0.132445775 -0.213042082 0.967540173 -0.030613745
1642661168.344863892 0.606351334 1.379806858 1.384199732 -0.131923459 -0.213566813 0.967501817 -0.030424533
1642661168.353197098 0.607862617 1.379109726 1.384642062 -0.131286667 -0.214104939 0.967474662 -0.030259962
1642661168.361530066 0.609371448 1.378423337 1.385051500 -0.130527014 -0.214587644 0.967473444 -0.030165814
1642661168.369863987 0.610874462 1.377743597 1.385423380 -0.129680623 -0.214991045 0.967501264 -0.030051478
1642661168.378196955 0.612360663 1.377063209 1.385768615 -0.128814185 -0.215462215 0.967516445 -0.029914364
1642661168.386529922 0.613797945 1.376395089 1.386110424 -0.128081103 -0.215849876 0.967528003 -0.029893559
1642661168.394864082 0.615207255 1.375715938 1.386442691 -0.127442928 -0.216197738 0.967535262 -0.029872303
1642661168.403197050 0.616590356 1.375027323 1.386761000 -0.126876673 -0.216572427 0.967525777 -0.029875814
1642661168.411530018 0.617948598 1.374323476 1.387081265 -0.126465161 -0.217022777 0.967476601 -0.029945004
1642661168.419862986 0.619269975 1.373599742 1.387389845 -0.126194377 -0.217414207 0.967424006 -0.029947214
1642661168.428196907 0.620559623 1.372850260 1.387673322 -0.125978726 -0.217711323 0.967387973 -0.029860519
1642661168.436530113 0.621817978 1.372055326 1.387943649 -0.125919862 -0.217991958 0.967337159 -0.029707179
1642661168.444864035 0.623042553 1.371255705 1.388192830 -0.125996293 -0.218304830 0.967260262 -0.029589201
1642661168.453197002 0.624223109 1.370431434 1.388429604 -0.126252411 -0.218620687 0.967160594 -0.029422935
1642661168.461529970 0.625366947 1.369591997 1.388646290 -0.126599639 -0.218847420 0.967072463 -0.029140871
1642661168.469863892 0.626467023 1.368748857 1.388862910 -0.127145758 -0.219063259 0.966959587 -0.028886006
1642661168.478197098 0.627550654 1.367888235 1.389030170 -0.127637304 -0.219282241 0.966855813 -0.028528126
1642661168.486530066 0.628618626 1.367022954 1.389188284 -0.128193957 -0.219448754 0.966756189 -0.028125149
1642661168.494863987 0.629679621 1.366152528 1.389319572 -0.128728106 -0.219669957 0.966647665 -0.027685301
1642661168.503196955 0.630720499 1.365300915 1.389446497 -0.129322944 -0.219908780 0.966525202 -0.027289886
1642661168.511529922 0.631765991 1.364451266 1.389546221 -0.129849264 -0.220117735 0.966420915 -0.026794896
1642661168.519864082 0.632802319 1.363623224 1.389631398 -0.130346263 -0.220320525 0.966321068 -0.026311801
1642661168.528197050 0.633838421 1.362824765 1.389675562 -0.130693132 -0.220554144 0.966234162 -0.025820882
1642661168.536530018 0.634877114 1.362041326 1.389700444 -0.130966170 -0.220838839 0.966146916 -0.025262729
1642661168.544862986 0.635896418 1.361307607 1.389721034 -0.131208368 -0.221131177 0.966060405 -0.024752001
1642661168.553196907 0.636923618 1.360610984 1.389699427 -0.131216278 -0.221467245 0.965996084 -0.024209787
1642661168.561530113 0.637934398 1.359960231 1.389652815 -0.131142605 -0.221824713 0.965935465 -0.023750607
1642661168.569864035 0.638938110 1.359335301 1.389585869 -0.130974381 -0.222167504 0.965892541 -0.023214474
1642661168.578197002 0.639930323 1.358758749 1.389489128 -0.130640615 -0.222567250 0.965856419 -0.022764580
1642661168.586529970 0.640908204 1.358246583 1.389384510 -0.130283289 -0.222931065 0.965826775 -0.022508772
1642661168.594863892 0.641885770 1.357777744 1.389284924 -0.129948507 -0.223256508 0.965800514 -0.022344648
1642661168.603197098 0.642878350 1.357324314 1.389136891 -0.129391232 -0.223565520 0.965808970 -0.022122427
1642661168.611530066 0.643880883 1.356886205 1.388965173 -0.128717231 -0.223850370 0.965837605 -0.021922763
1642661168.619863987 0.644893587 1.356469409 1.388779510 -0.127969129 -0.224090743 0.965885765 -0.021723961
1642661168.628196955 0.645912254 1.356067667 1.388587451 -0.127200673 -0.224365111 0.965927169 -0.021563613
1642661168.636529922 0.646928520 1.355682195 1.388372630 -0.126370876 -0.224568618 0.965993818 -0.021337301
1642661168.644864082 0.647938158 1.355320834 1.388164000 -0.125584049 -0.224745676 0.966059706 -0.021134619
1642661168.653197050 0.648930997 1.354969234 1.387961832 -0.124856307 -0.224938985 0.966113676 -0.020921764
1642661168.661530018 0.649913415 1.354623287 1.387770806 -0.124280617 -0.225119029 0.966151316 -0.020673316
1642661168.669862986 0.650896903 1.354292711 1.387583805 -0.123725065 -0.225279982 0.966190278 -0.020429994
1642661168.678196907 0.651851047 1.353967432 1.387428264 -0.123388001 -0.225424597 0.966204626 -0.020193380
1642661168.686530113 0.652791699 1.353631191 1.387294111 -0.123177930 -0.225546298 0.966210164 -0.019849029
1642661168.694864035 0.653740306 1.353278266 1.387155840 -0.122960516 -0.225697719 0.966210335 -0.019463827
1642661168.703197002 0.654672077 1.352924797 1.387039596 -0.122872658 -0.225840998 0.966195107 -0.019109375
1642661168.711529970 0.655579845 1.352573445 1.386967194 -0.122879930 -0.226002978 0.966161615 -0.018839066
1642661168.719863892 0.656480879 1.352207533 1.386911778 -0.122893478 -0.226150452 0.966131551 -0.018520028
1642661168.728197098 0.657383837 1.351833089 1.386865972 -0.122849099 -0.226379054 0.966089428 -0.018216491
1642661168.736530066 0.658293909 1.351477031 1.386836142 -0.122779910 -0.226619588 0.966045518 -0.018019812
1642661168.744863987 0.659137351 1.351203795 1.386920480 -0.123094353 -0.227098972 0.965888663 -0.018246292
1642661168.753196955 0.659882346 1.351063152 1.387157804 -0.124032757 -0.227761033 0.965594843 -0.019167304
1642661168.761529922 0.660974713 1.350429607 1.386698411 -0.121945770 -0.227425175 0.965972406 -0.017445073
1642661168.769864082 0.661824281 1.350123102 1.386665016 -0.121606031 -0.227666822 0.965958531 -0.017432965
1642661168.778197050 0.662666131 1.349839998 1.386625320 -0.121130805 -0.227910050 0.965959202 -0.017525880
1642661168.786530018 0.663498523 1.349606904 1.386604911 -0.120568746 -0.228151179 0.965968625 -0.017743496
1642661168.794862986 0.664274523 1.349479747 1.386757313 -0.120557663 -0.228608780 0.965848543 -0.018451789
1642661168.803196907 0.664989490 1.349452519 1.387063142 -0.121023468 -0.229362551 0.965589489 -0.019572417
1642661168.811530113 0.666095914 1.348933700 1.386675295 -0.118380811 -0.229202372 0.965986124 -0.017973997
1642661168.819864035 0.666902216 1.348834640 1.386887182 -0.118181231 -0.229930893 0.965828674 -0.018437834
1642661168.828197002 0.667659752 1.348858603 1.387254980 -0.118484166 -0.230878033 0.965547644 -0.019354152
1642661168.836529970 0.668793923 1.348407669 1.386930154 -0.115756068 -0.230838869 0.965921476 -0.017596930
1642661168.844863892 0.669705910 1.348265006 1.387082182 -0.114974343 -0.231407238 0.965881955 -0.017425295
1642661168.853197098 0.670558192 1.348229378 1.387407507 -0.114837616 -0.232157863 0.965712729 -0.017719299
1642661168.861530066 0.671348808 1.348286685 1.387899695 -0.115337834 -0.233041000 0.965426286 -0.018470583
1642661168.869863987 0.672428965 1.347951563 1.387852646 -0.113476051 -0.233057499 0.965668609 -0.017074128
1642661168.878196955 0.673175018 1.348122440 1.388551388 -0.114637644 -0.234060233 0.965265821 -0.018327899
1642661168.886529922 0.674149346 1.347987951 1.388881044 -0.114138675 -0.234355567 0.965259795 -0.017982218
1642661168.894864082 0.675137287 1.347826850 1.389250909 -0.113731500 -0.234622341 0.965251953 -0.017497690
1642661168.903197050 0.676132690 1.347662812 1.389662395 -0.113480820 -0.234831701 0.965239634 -0.016988937
1642661168.911530018 0.677115190 1.347469779 1.390156105 -0.113556747 -0.235036548 0.965190202 -0.016448709
1642661168.919862986 0.678092389 1.347277032 1.390696846 -0.113781373 -0.235193975 0.965134216 -0.015922903
1642661168.928196907 0.679049846 1.347051627 1.391256385 -0.114134917 -0.235271752 0.965084512 -0.015241621
1642661168.936530113 0.680060120 1.346693503 1.391724676 -0.114178406 -0.235144945 0.965129686 -0.013958346
1642661168.944864035 0.681109585 1.346223125 1.392080428 -0.113812327 -0.234722545 0.965299650 -0.012192881
1642661168.953197002 0.681770561 1.346271473 1.393178868 -0.116607679 -0.235238637 0.964828718 -0.013075884
1642661168.961529970 0.682613123 1.345978436 1.393875400 -0.117790248 -0.235168016 0.964712282 -0.012315612
1642661168.969863892 0.683409565 1.345649495 1.394601725 -0.119180859 -0.235057302 0.964578000 -0.011544196
1642661168.978197098 0.684183526 1.345310343 1.395342740 -0.120630928 -0.234914488 0.964441843 -0.010737527
1642661168.986530066 0.684937650 1.344968215 1.396098239 -0.122128979 -0.234809659 0.964286585 -0.010015894
1642661168.994863987 0.685747757 1.344488744 1.396696575 -0.122989656 -0.234542547 0.964254767 -0.008722574
1642661169.003196955 0.686613284 1.343906834 1.397155885 -0.123254716 -0.234076239 0.964348606 -0.006953815
1642661169.011529922 0.687106909 1.343817730 1.398318840 -0.126486468 -0.234621694 0.963790197 -0.007892405
1642661169.019864082 0.687818176 1.343404369 1.399025542 -0.127786787 -0.234612065 0.963626307 -0.007215012
1642661169.028197050 0.688520776 1.342985474 1.399729063 -0.129018354 -0.234611797 0.963466721 -0.006591371
1642661169.036530018 0.689237568 1.342545633 1.400402899 -0.130078917 -0.234662728 0.963315862 -0.005952362
1642661169.044862986 0.689950350 1.342082051 1.401073777 -0.131142919 -0.234735586 0.963157380 -0.005347979
1642661169.053196907 0.690648646 1.341596708 1.401743841 -0.132153427 -0.234841546 0.962996516 -0.004757020
1642661169.061530113 0.691354950 1.341085951 1.402353003 -0.132869559 -0.235034381 0.962854272 -0.004021195
1642661169.069864035 0.692038203 1.340578677 1.402973336 -0.133682672 -0.235289118 0.962681941 -0.003384608
1642661169.078197002 0.692711676 1.340075473 1.403581669 -0.134479794 -0.235603085 0.962495995 -0.002798494
1642661169.086529970 0.693378577 1.339563277 1.404178926 -0.135281740 -0.235928947 0.962305470 -0.002136547
1642661169.094863892 0.694038935 1.339047758 1.404787706 -0.136293556 -0.236302303 0.962072374 -0.001426821
1642661169.103197098 0.694729892 1.338512249 1.405306622 -0.136806279 -0.236664987 0.961911285 -0.000637150
1642661169.111530066 0.695373076 1.338033763 1.405848841 -0.137477881 -0.237139739 0.961698789 -0.000121622
1642661169.119863987 0.695990744 1.337601257 1.406393242 -0.138258964 -0.237677105 0.961454111 0.000211129
1642661169.128196955 0.696820410 1.336839220 1.406852523 -0.138908123 -0.237776959 0.961334068 0.001860519
1642661169.136529922 0.697535874 1.336270424 1.407344124 -0.139660692 -0.238087759 0.961146126 0.002689733
1642661169.144864082 0.698138188 1.335613327 1.407775853 -0.140175508 -0.237192637 0.961282668 0.005110060
1642661169.153197050 0.698505846 1.334793712 1.408353336 -0.141597600 -0.233979850 0.961819263 0.010356385
1642661169.161530018 0.699316382 1.334195467 1.408719480 -0.141797768 -0.234427763 0.961669784 0.011324425
1642661169.169862986 0.700146975 1.333573663 1.409084524 -0.141999925 -0.234933459 0.961504696 0.012288615
1642661169.178196907 0.700994680 1.332942937 1.409447684 -0.142260843 -0.235439814 0.961330139 0.013202674
1642661169.186530113 0.701847808 1.332353760 1.409794576 -0.142501093 -0.236014382 0.961144710 0.013838230
1642661169.194864035 0.702623690 1.331882045 1.410186234 -0.143001295 -0.236529673 0.960940530 0.014058470
1642661169.203197002 0.703356668 1.331273813 1.410718574 -0.144178893 -0.236818895 0.960684253 0.014663658
1642661169.211529970 0.703700698 1.330879083 1.411769629 -0.147514566 -0.237157836 0.960105254 0.013910964
1642661169.219863892 0.704672620 1.330105075 1.412044509 -0.147686104 -0.237499226 0.959976554 0.015097922
1642661169.228197098 0.705655590 1.329286641 1.412344928 -0.148122552 -0.237712444 0.959836953 0.016294978
1642661169.236530066 0.706691492 1.328448428 1.412576139 -0.148192454 -0.238075578 0.959711326 0.017697083
1642661169.244863987 0.707774893 1.327648559 1.412787764 -0.148301659 -0.238637590 0.959539497 0.018511417
1642661169.253196955 0.708983728 1.326952625 1.412922485 -0.148052981 -0.239978502 0.959249406 0.018199173
1642661169.261529922 0.709950283 1.326142468 1.413148365 -0.148555575 -0.239808468 0.959180273 0.019908395
1642661169.269864082 0.710924572 1.325339893 1.413336660 -0.148945843 -0.239541518 0.959148405 0.021664114
1642661169.278197050 0.712032821 1.324456608 1.413354891 -0.148651887 -0.239158299 0.959235819 0.023928404
1642661169.286530018 0.713295783 1.323484546 1.413202280 -0.147670441 -0.238763421 0.959413395 0.026672207
1642661169.294862986 0.714210629 1.322836411 1.413480441 -0.148191807 -0.238730572 0.959312488 0.027684873
1642661169.303196907 0.715244421 1.321984801 1.413569584 -0.147850800 -0.238375935 0.959395069 0.029633706
1642661169.311530113 0.716114581 1.321318644 1.413901849 -0.148466759 -0.237950182 0.959356103 0.031196155
1642661169.319864035 0.717241699 1.320370907 1.413932336 -0.147692136 -0.237543854 0.959476757 0.034121877
1642661169.328197002 0.718134713 1.319734021 1.414297662 -0.148572863 -0.237137777 0.959398722 0.035296900
1642661169.336529970 0.718860720 1.319323568 1.414839175 -0.150049942 -0.236953442 0.959207308 0.035488342
1642661169.344863892 0.719819088 1.318608534 1.415168843 -0.150685120 -0.236447088 0.959175872 0.036992105
1642661169.353197098 0.720765227 1.317898565 1.415528324 -0.151386254 -0.235779076 0.959168646 0.038547876
1642661169.361530066 0.721832715 1.317022729 1.415768249 -0.151590488 -0.235048092 0.959227031 0.040696713
1642661169.369863987 0.722633093 1.316538417 1.416276864 -0.152376225 -0.235133268 0.959069615 0.040979334
1642661169.378196955 0.723624979 1.315804059 1.416615572 -0.152580545 -0.234923991 0.959021684 0.042512406
1642661169.386529922 0.724619051 1.315050179 1.416959536 -0.152763821 -0.234723672 0.958975411 0.043979250
1642661169.394864082 0.725659942 1.314249038 1.417315297 -0.152943218 -0.234585308 0.958906229 0.045573566
1642661169.403197050 0.726702729 1.313424551 1.417678398 -0.153106509 -0.234524298 0.958818744 0.047152595
1642661169.411530018 0.727818700 1.312485642 1.417957293 -0.152929917 -0.234399451 0.958776859 0.049155595
1642661169.419862986 0.729066594 1.311325209 1.418144243 -0.152432161 -0.234128721 0.958774735 0.051953683
1642661169.428196907 0.730193691 1.310309394 1.418405866 -0.152175691 -0.234028566 0.958721581 0.054093613
1642661169.436530113 0.731386104 1.309155042 1.418536440 -0.151417106 -0.233850454 0.958730308 0.056771666
1642661169.444864035 0.732651538 1.307891304 1.418506501 -0.149947652 -0.233526924 0.958845400 0.059969797
1642661169.453197002 0.733748121 1.306801403 1.418744939 -0.149617895 -0.233529976 0.958761658 0.062083157
1642661169.461529970 0.734648082 1.305906164 1.419220278 -0.150260273 -0.233865953 0.958512541 0.063105275
1642661169.469863892 0.735550717 1.305019193 1.419777374 -0.151330856 -0.234133053 0.958216250 0.064049223
1642661169.478197098 0.736656223 1.303733863 1.419766939 -0.149997186 -0.233915148 0.958276772 0.067008779
1642661169.486530066 0.737581664 1.302677884 1.420094160 -0.150132986 -0.234052353 0.958099797 0.068733987
1642661169.494863987 0.738471596 1.301621318 1.420411914 -0.150250224 -0.234195456 0.957922465 0.070440829
1642661169.503196955 0.739317271 1.300579239 1.420727313 -0.150411635 -0.234319611 0.957744877 0.072079188
1642661169.511529922 0.740060425 1.299622201 1.421153424 -0.151134934 -0.234598239 0.957473378 0.073257281
1642661169.519864082 0.740692732 1.298778522 1.421725062 -0.152516146 -0.234944478 0.957119035 0.073912582
1642661169.528197050 0.741548547 1.297496614 1.421664965 -0.151318187 -0.234728577 0.957127979 0.076885192
1642661169.536530018 0.742236241 1.296519287 1.421973101 -0.151701418 -0.234764468 0.956924454 0.078536067
1642661169.544862986 0.742853430 1.295742381 1.422447794 -0.152750740 -0.235066520 0.956600120 0.079543399
1642661169.553196907 0.743508430 1.294566471 1.422474176 -0.152152505 -0.234875439 0.956525583 0.082109398
1642661169.561530113 0.743754457 1.294007122 1.423313956 -0.154995180 -0.235320153 0.956014413 0.081470006
1642661169.569864035 0.744093403 1.293154105 1.423757023 -0.156185957 -0.235448586 0.955724346 0.082224604
1642661169.578197002 0.744746711 1.292186511 1.423802082 -0.155380002 -0.235374485 0.955674606 0.084510086
1642661169.586529970 0.745278698 1.291152819 1.423789677 -0.154476813 -0.235216199 0.955653510 0.086813724
1642661169.594863892 0.745426215 1.290742417 1.424550598 -0.156836338 -0.235715671 0.955219822 0.085997543
1642661169.603197098 0.745808193 1.289927010 1.424689210 -0.156609497 -0.235759294 0.955122630 0.087360074
1642661169.611530066 0.746236438 1.288940667 1.424561801 -0.155289390 -0.235548907 0.955188345 0.089538505
1642661169.619863987 0.746375773 1.288353997 1.424939551 -0.156132826 -0.235693865 0.954997678 0.089723899
1642661169.628196955 0.746735566 1.287773695 1.425088118 -0.155718041 -0.235884342 0.954917860 0.090787386
1642661169.636529922 0.746836950 1.287433057 1.425576170 -0.156819252 -0.236262625 0.954694296 0.090257942
1642661169.644864082 0.746884884 1.287168243 1.426175469 -0.158381536 -0.236664337 0.954422801 0.089344268
1642661169.653197050 0.747053552 1.286676758 1.426431128 -0.158463058 -0.236837618 0.954336787 0.089658795
1642661169.661530018 0.747277321 1.286071399 1.426547284 -0.158025530 -0.236904730 0.954303318 0.090604953
1642661169.669862986 0.747636455 1.285232337 1.426350148 -0.156370737 -0.236676203 0.954421462 0.092802155
1642661169.678196907 0.747743320 1.284738377 1.426612334 -0.156622756 -0.236810437 0.954304298 0.093238602
1642661169.686530113 0.747822319 1.284261257 1.426908848 -0.157087240 -0.236922345 0.954162498 0.093623332
1642661169.694864035 0.747888056 1.283757221 1.427204546 -0.157557345 -0.237002418 0.954010752 0.094175488
1642661169.703197002 0.747784467 1.283472346 1.427696146 -0.158787993 -0.237252048 0.953786232 0.093753196
1642661169.711529970 0.747315544 1.283701470 1.428587047 -0.161599013 -0.237922897 0.953412856 0.091007585
1642661169.719863892 0.747281993 1.283179692 1.428979697 -0.162546206 -0.237984943 0.953185833 0.091535049
1642661169.728197098 0.747355925 1.282384426 1.429200755 -0.162868875 -0.237637361 0.953033430 0.093431763
1642661169.736530066 0.747592199 1.281014330 1.429175334 -0.162425788 -0.236468796 0.952961102 0.097803426
1642661169.744863987 0.747312303 1.280470094 1.429738511 -0.164354550 -0.236397419 0.952621455 0.098062252
1642661169.753196955 0.747262740 1.279834080 1.430066756 -0.165005256 -0.236478190 0.952335493 0.099541147
1642661169.761529922 0.747270034 1.279194503 1.430373279 -0.165674145 -0.236269698 0.952101482 0.101150753
1642661169.769864082 0.747030198 1.278604493 1.430922797 -0.167604520 -0.235984713 0.951776616 0.101691758
1642661169.778197050 0.746502292 1.278243866 1.431777034 -0.170893015 -0.235785336 0.951354375 0.100626566
1642661169.786530018 0.745908177 1.278327029 1.432740352 -0.174145994 -0.236241044 0.950874116 0.098497496
1642661169.794862986 0.745967533 1.277428963 1.432963666 -0.174410747 -0.235913434 0.950661567 0.100838129
1642661169.803196907 0.746043163 1.276049546 1.433077098 -0.174618602 -0.235213798 0.950419823 0.104331076
1642661169.811530113 0.745895751 1.275375241 1.433499154 -0.175708816 -0.235120205 0.950125025 0.105391357
1642661169.819864035 0.745737842 1.274890066 1.433928374 -0.176578157 -0.235290777 0.949853789 0.106000868
1642661169.828197002 0.745062563 1.274967408 1.434849021 -0.179500830 -0.236076149 0.949376025 0.103598581
1642661169.836529970 0.744785592 1.274174739 1.435201523 -0.180760360 -0.235377886 0.949106861 0.105447183
1642661169.844863892 0.744357756 1.273186059 1.435311113 -0.181261798 -0.234098853 0.948777184 0.110289355
1642661169.853197098 0.744310663 1.272481320 1.435335499 -0.180992255 -0.233992403 0.948750471 0.111184096
1642661169.861530066 0.743902648 1.271721455 1.436100727 -0.183941912 -0.234158902 0.948147326 0.111137886
1642661169.869863987 0.743794109 1.270620882 1.436281759 -0.184484648 -0.234030243 0.947812841 0.113340544
1642661169.878196955 0.743796188 1.269447095 1.435985529 -0.182919985 -0.234022335 0.947780950 0.116125349
1642661169.886529922 0.743543792 1.268734890 1.436145186 -0.183218950 -0.234638869 0.947516301 0.116568768
1642661169.894864082 0.743093522 1.268209973 1.436550667 -0.184918501 -0.234736039 0.947240805 0.115926693
1642661169.903197050 0.742492524 1.268004228 1.437232861 -0.187742592 -0.235448043 0.946773562 0.113739882
1642661169.911530018 0.742204124 1.267186655 1.437212989 -0.187676220 -0.235694995 0.946630565 0.114525456
1642661169.919862986 0.742056115 1.266044445 1.436802892 -0.186013146 -0.235685603 0.946648454 0.117081638
1642661169.928196907 0.741725237 1.265335420 1.436808710 -0.185990723 -0.236367113 0.946436238 0.117458447
1642661169.936530113 0.741221941 1.264755995 1.437046709 -0.187289475 -0.236843105 0.946158213 0.116673186
1642661169.944864035 0.740436311 1.264439461 1.437674062 -0.190534957 -0.237411311 0.945717653 0.113799917
1642661169.953197002 0.740016984 1.263604773 1.437607904 -0.190723608 -0.237602378 0.945553951 0.114443614
1642661169.961529970 0.739509080 1.262505468 1.437402372 -0.190576549 -0.236807123 0.945442959 0.117220203
1642661169.969863892 0.738470787 1.261760463 1.437842237 -0.193372754 -0.235161713 0.945009907 0.119424546
1642661169.978197098 0.738475525 1.261200427 1.437681144 -0.193167901 -0.237635803 0.944822499 0.116300610
1642661169.986530066 0.737459693 1.260023294 1.437779593 -0.194708055 -0.235285127 0.944496368 0.121063178
1642661169.994863987 0.736975612 1.259354121 1.437859032 -0.195833924 -0.235764961 0.944206088 0.120577037
1642661170.003196955 0.736668504 1.258522810 1.437707551 -0.195944483 -0.236373825 0.944026535 0.120611258
1642661170.011529922 0.736411256 1.257396071 1.437334443 -0.195232362 -0.236601368 0.943922524 0.122124470
1642661170.019864082 0.736193347 1.256194316 1.436853599 -0.194149784 -0.236673162 0.943854783 0.124216848
1642661170.028197050 0.735776895 1.255430419 1.436834979 -0.195055235 -0.237269396 0.943568131 0.123838083
1642661170.036530018 0.735231351 1.255019885 1.437178670 -0.197488588 -0.238242296 0.943130338 0.121425000
1642661170.044862986 0.735027107 1.253958258 1.436814441 -0.197074542 -0.238844726 0.942965307 0.122193496
1642661170.053196907 0.734985638 1.252580987 1.436103918 -0.195300061 -0.239060541 0.942960227 0.124635281
1642661170.061530113 0.734658027 1.251801404 1.436055757 -0.196283690 -0.239850016 0.942644067 0.123963084
1642661170.069864035 0.734146554 1.251237125 1.436330306 -0.198714449 -0.240614534 0.942142389 0.122412957
1642661170.078197002 0.733984291 1.250034378 1.435895593 -0.198206027 -0.240879538 0.941954362 0.124150710
1642661170.086529970 0.733826641 1.248716937 1.435384358 -0.197417846 -0.241113309 0.941774046 0.126302068
1642661170.094863892 0.733499083 1.247901839 1.435335750 -0.198551811 -0.241676942 0.941415093 0.126123184
1642661170.103197098 0.733085596 1.247251541 1.435488991 -0.200564424 -0.242390703 0.940955797 0.124991384
1642661170.111530066 0.733058105 1.245842604 1.434863375 -0.199474501 -0.242798668 0.940770998 0.127313233
1642661170.119863987 0.732816607 1.245042546 1.434723924 -0.200092487 -0.244026728 0.940401287 0.126725580
1642661170.128196955 0.732446720 1.244433912 1.434821260 -0.201760640 -0.245032834 0.939946265 0.125509259
1642661170.136529922 0.732472231 1.243034836 1.434048202 -0.199776970 -0.245419122 0.939896908 0.128266986
1642661170.144864082 0.732275286 1.242103871 1.433767008 -0.199827439 -0.246271327 0.939627302 0.128530003
1642661170.153197050 0.732039653 1.241325350 1.433602196 -0.200377346 -0.247179086 0.939326627 0.128128474
1642661170.161530018 0.731664327 1.240709393 1.433646641 -0.201852427 -0.248100763 0.938900619 0.127150450
1642661170.169862986 0.731692164 1.239408313 1.432858685 -0.199794177 -0.248707584 0.938871036 0.129414075
1642661170.178196907 0.731510767 1.238577540 1.432517792 -0.199663560 -0.249667817 0.938643525 0.129417064
1642661170.186530113 0.731294197 1.237791329 1.432159097 -0.199519589 -0.250330303 0.938446378 0.129788552
1642661170.194864035 0.731003761 1.237175555 1.431921375 -0.200010946 -0.251107005 0.938219083 0.129173705
1642661170.203197002 0.730504619 1.236930651 1.432062348 -0.202169886 -0.251926247 0.937884387 0.126622986
1642661170.211529970 0.730215129 1.236248328 1.431665380 -0.202059441 -0.252587240 0.937712285 0.126757011
1642661170.219863892 0.730001118 1.235524416 1.431131272 -0.201386875 -0.253181185 0.937634952 0.127213644
1642661170.228197098 0.729901770 1.234489484 1.430189139 -0.199107810 -0.253451687 0.937739961 0.129468485
1642661170.236530066 0.729605911 1.233939019 1.429637538 -0.198429466 -0.254280152 0.937706866 0.129124690
1642661170.244863987 0.729332914 1.233506310 1.429173736 -0.198232602 -0.254960999 0.937628385 0.128653552
1642661170.253196955 0.728987147 1.233081807 1.428723640 -0.198169432 -0.255398847 0.937545553 0.128485957
1642661170.261529922 0.728644948 1.232691557 1.428239152 -0.198031871 -0.255844526 0.937479432 0.128293693
1642661170.269864082 0.728347442 1.232391373 1.427749424 -0.197863378 -0.256435333 0.937430571 0.127729902
1642661170.278197050 0.728036534 1.232159475 1.427280645 -0.197808219 -0.256820110 0.937405329 0.127226526
1642661170.286530018 0.727732554 1.231966107 1.426790550 -0.197750424 -0.257184885 0.937396815 0.126640899
1642661170.294862986 0.727433063 1.231809263 1.426293311 -0.197727198 -0.257385682 0.937407547 0.126188969
1642661170.303196907 0.727154994 1.231887107 1.425762433 -0.197494739 -0.257679034 0.937515777 0.125145958
1642661170.311530113 0.726894143 1.232557494 1.425154475 -0.196767150 -0.258232730 0.937857042 0.122567186
1642661170.319864035 0.726617762 1.232453035 1.424597137 -0.196566640 -0.258249894 0.937916316 0.122399074
1642661170.328197002 0.726303349 1.232395730 1.424114532 -0.196706364 -0.258150445 0.937944633 0.122167178
1642661170.336529970 0.726010729 1.232395620 1.423820894 -0.197671746 -0.258212667 0.937860929 0.121115551
1642661170.344863892 0.725780256 1.232388271 1.423293090 -0.197645647 -0.258315615 0.937908485 0.120569128
1642661170.353197098 0.725671902 1.232020993 1.422373007 -0.195961980 -0.257991495 0.938161723 0.122032260
1642661170.361530066 0.725766150 1.230918144 1.420848699 -0.191855259 -0.257326210 0.938604970 0.126473287
1642661170.369863987 0.725112474 1.231618566 1.421494659 -0.196943774 -0.257725394 0.937992691 0.122313055
1642661170.378196955 0.725324222 1.231003629 1.419900653 -0.192375900 -0.257139444 0.938664685 0.125616192
1642661170.386529922 0.724635775 1.231769064 1.420825043 -0.198575540 -0.257597588 0.937847364 0.121051889
1642661170.394864082 0.724561505 1.231670857 1.420040266 -0.197299919 -0.257415562 0.938096405 0.121594021
1642661170.403197050 0.724664547 1.231242856 1.418687037 -0.193525851 -0.257072701 0.938662191 0.123994603
1642661170.411530018 0.724046344 1.231882245 1.419341088 -0.198360796 -0.257420172 0.938013591 0.120492125
1642661170.419862986 0.724234772 1.231372514 1.417950308 -0.194286143 -0.256911873 0.938604599 0.123574229
1642661170.428196907 0.723632236 1.232059108 1.418634531 -0.199075759 -0.257175039 0.937979632 0.120100170
1642661170.436530113 0.723843789 1.231537192 1.417222470 -0.194797359 -0.256818548 0.938568598 0.123236398
1642661170.444864035 0.723323071 1.232193752 1.417850843 -0.199278127 -0.257430240 0.937915411 0.119718760
1642661170.453197002 0.723671640 1.231511446 1.416151032 -0.193723574 -0.257082751 0.938647101 0.123779060
1642661170.461529970 0.722888428 1.232426073 1.417212013 -0.200022300 -0.257682179 0.937798989 0.118844564
1642661170.469863892 0.723201480 1.231962443 1.415709834 -0.195187555 -0.257571881 0.938496797 0.121582506
1642661170.478197098 0.722159987 1.233139183 1.417110149 -0.202957784 -0.258071543 0.937475998 0.115524755
1642661170.486530066 0.721338684 1.233899667 1.417482557 -0.206152655 -0.258499401 0.937127620 0.111673486
1642661170.494863987 0.721308679 1.233981251 1.416969389 -0.205575521 -0.258529120 0.937228822 0.111819207
1642661170.503196955 0.721031376 1.234133405 1.416589251 -0.205690519 -0.258787503 0.937230617 0.110991935
1642661170.511529922 0.721278102 1.233898828 1.415700415 -0.203556010 -0.258433010 0.937568906 0.112879922
1642661170.519864082 0.720562481 1.234497470 1.415919565 -0.206153722 -0.258948102 0.937259446 0.109504583
1642661170.528197050 0.720760431 1.234208990 1.415044474 -0.204110020 -0.258596101 0.937554114 0.111621857
1642661170.536530018 0.720038268 1.234766244 1.415277128 -0.206681054 -0.259109196 0.937229152 0.108383037
1642661170.544862986 0.720491013 1.234235714 1.414168343 -0.203543712 -0.258763509 0.937657504 0.111399318
1642661170.553196907 0.720333023 1.234230775 1.413784300 -0.203312090 -0.259006834 0.937665376 0.111190360
1642661170.561530113 0.720084295 1.234314352 1.413516329 -0.203542918 -0.259148910 0.937639268 0.110655894
1642661170.569864035 0.719826608 1.234406949 1.413279627 -0.203830477 -0.259229173 0.937606665 0.110213947
1642661170.578197002 0.719577251 1.234506479 1.413061978 -0.204161704 -0.259519108 0.937540822 0.109476201
1642661170.586529970 0.719121243 1.234712777 1.413070052 -0.205397968 -0.259794034 0.937333870 0.108277196
1642661170.594863892 0.718238146 1.235350553 1.413613951 -0.208750032 -0.260481436 0.936822590 0.104576671
1642661170.603197098 0.717936350 1.235343154 1.413474286 -0.209203766 -0.260733828 0.936679498 0.104322446
1642661170.611530066 0.717765227 1.235240260 1.413251691 -0.209235534 -0.261066093 0.936579583 0.104324835
1642661170.619863987 0.717519778 1.235154162 1.413038668 -0.209171237 -0.261329336 0.936498187 0.104525195
1642661170.628196955 0.717570478 1.234754697 1.412434793 -0.207385217 -0.261475352 0.936640588 0.106425661
1642661170.636529922 0.717194667 1.234780968 1.412414876 -0.207903876 -0.261979389 0.936451850 0.105833411
1642661170.644864082 0.716781551 1.234800766 1.412416951 -0.208479672 -0.262441597 0.936260866 0.105243650
1642661170.653197050 0.716362254 1.234827646 1.412445239 -0.209030792 -0.262963143 0.936067029 0.104570698
1642661170.661530018 0.715942585 1.234870782 1.412477805 -0.209495743 -0.263605248 0.935871699 0.103768827
1642661170.669862986 0.715315373 1.235063646 1.412738153 -0.210834332 -0.264175079 0.935557079 0.102437117
1642661170.678196907 0.714342325 1.235527985 1.413397538 -0.213884095 -0.264984525 0.934970738 0.099330328
1642661170.686530113 0.713946253 1.235495997 1.413329757 -0.213728336 -0.265592705 0.934874096 0.098950178
1642661170.694864035 0.713775935 1.235249328 1.412972098 -0.212295255 -0.266052258 0.934980628 0.099790511
1642661170.703197002 0.712869077 1.235648875 1.413486646 -0.214587749 -0.266965249 0.934490696 0.096998933
1642661170.711529970 0.712800897 1.235248193 1.412928168 -0.212254861 -0.267345155 0.934741669 0.098653198
1642661170.719863892 0.712192047 1.235380114 1.413059006 -0.212740046 -0.267913365 0.934571815 0.097671003
1642661170.728197098 0.711563423 1.235558701 1.413223520 -0.213209084 -0.268471489 0.934415800 0.096602579
1642661170.736530066 0.710832293 1.235796371 1.413507823 -0.214161672 -0.269265663 0.934156920 0.094771462
1642661170.744863987 0.709714796 1.236300992 1.414243350 -0.217008559 -0.270266295 0.933561530 0.091248477
1642661170.753196955 0.709025903 1.236480526 1.414479515 -0.217508517 -0.271048928 0.933351568 0.089874216
1642661170.761529922 0.708445342 1.236544822 1.414586963 -0.217405623 -0.271694874 0.933241089 0.089318311
1642661170.769864082 0.708131566 1.236437624 1.414389825 -0.215898160 -0.272235344 0.933366976 0.090011054
1642661170.778197050 0.707301085 1.236688736 1.414821584 -0.216982300 -0.273173265 0.933023765 0.088100532
1642661170.786530018 0.706134434 1.237209831 1.415664472 -0.219810603 -0.274480667 0.932315134 0.084452072
1642661170.794862986 0.705359671 1.237393655 1.416013750 -0.220444164 -0.275262015 0.932041401 0.083270763
1642661170.803196907 0.704825575 1.237268713 1.416094340 -0.219876560 -0.276169878 0.931929029 0.083022778
1642661170.811530113 0.704487767 1.237063832 1.415927369 -0.218033795 -0.276704895 0.932100808 0.084165008
1642661170.819864035 0.703454973 1.237467680 1.416582758 -0.219617738 -0.277447770 0.931683757 0.082195871
1642661170.828197002 0.702223306 1.237913069 1.417518845 -0.222376269 -0.278795695 0.930929796 0.078685902
1642661170.836529970 0.701537841 1.237986717 1.417818265 -0.222254105 -0.279742616 0.930745464 0.077846412
1642661170.844863892 0.701153831 1.237778304 1.417735772 -0.220411989 -0.280378359 0.930903648 0.078898215
1642661170.853197098 0.700196709 1.238112939 1.418365206 -0.221529054 -0.281315611 0.930502448 0.077146616
1642661170.861530066 0.699394995 1.238289665 1.418822928 -0.221831067 -0.282459624 0.930195500 0.075788329
1642661170.869863987 0.698659779 1.238475781 1.419258485 -0.221904081 -0.283511477 0.929948909 0.074664901
1642661170.878196955 0.697777386 1.238647584 1.419784409 -0.222485611 -0.284481953 0.929615221 0.073387403
1642661170.886529922 0.696850428 1.238774674 1.420340943 -0.223211632 -0.285414801 0.929260316 0.072043213
1642661170.894864082 0.695809730 1.238782932 1.420966185 -0.224400421 -0.286573523 0.928749609 0.070315220
1642661170.903197050 0.694921023 1.239008043 1.421553506 -0.224983315 -0.287444727 0.928427395 0.069141957
1642661170.911530018 0.694122162 1.239332515 1.422117781 -0.225199929 -0.288396288 0.928162882 0.068016456
1642661170.919862986 0.693037988 1.239403913 1.422774847 -0.226620185 -0.289454942 0.927625308 0.066109116
1642661170.928196907 0.692018839 1.239705907 1.423466141 -0.227749571 -0.290071502 0.927254465 0.064713326
1642661170.936530113 0.690981863 1.239959759 1.424137241 -0.229056585 -0.290570589 0.926895954 0.062973830
1642661170.944864035 0.690049889 1.240238649 1.424736671 -0.229680317 -0.291125493 0.926621280 0.062176389
1642661170.953197002 0.688963205 1.240460039 1.425468981 -0.231310715 -0.291718969 0.926143546 0.060444431
1642661170.961529970 0.687838936 1.240665737 1.426122461 -0.232474639 -0.292517724 0.925700043 0.058892736
1642661170.969863892 0.686567386 1.240831306 1.426817167 -0.234166411 -0.293522319 0.925097669 0.056613104
1642661170.978197098 0.685479741 1.240986224 1.427377111 -0.234866794 -0.294621141 0.924672989 0.054916617
1642661170.986530066 0.684352337 1.241224532 1.427992310 -0.235715067 -0.295422607 0.924283975 0.053507236
1642661170.994863987 0.683195799 1.241533659 1.428664053 -0.236718039 -0.296193742 0.923871315 0.051919462
1642661171.003196955 0.682070960 1.241815024 1.429255339 -0.237363100 -0.296980281 0.923531170 0.050513854
1642661171.011529922 0.680902000 1.242034209 1.429837222 -0.237991107 -0.297812268 0.923177883 0.049098705
1642661171.019864082 0.679717161 1.242276008 1.430440037 -0.238821087 -0.298841937 0.922729011 0.047213945
1642661171.028197050 0.678492356 1.242473737 1.431036875 -0.239712805 -0.299718581 0.922303704 0.045413895
1642661171.036530018 0.677300535 1.242713140 1.431601052 -0.240386033 -0.300653717 0.921904519 0.043748765
1642661171.044862986 0.676020021 1.242870902 1.432190094 -0.241619787 -0.301573817 0.921372630 0.041780238
1642661171.053196907 0.674744279 1.243176307 1.432783357 -0.242331898 -0.302143433 0.921064244 0.040314462
1642661171.061530113 0.673526059 1.243438671 1.433303454 -0.242800831 -0.302847952 0.920776634 0.038746149
1642661171.069864035 0.672168514 1.243687442 1.433978259 -0.244515573 -0.303390768 0.920234234 0.036539442
1642661171.078197002 0.670847229 1.243899789 1.434518285 -0.245387252 -0.304229001 0.919796284 0.034707450
1642661171.086529970 0.669601613 1.244175298 1.435009743 -0.245825350 -0.304921674 0.919499991 0.033353199
1642661171.094863892 0.668266671 1.244408359 1.435534158 -0.246685268 -0.305516585 0.919126797 0.031810796
1642661171.103197098 0.666891594 1.244621845 1.436092828 -0.247812039 -0.306042108 0.918715326 0.029825693
1642661171.111530066 0.665580916 1.244923321 1.436610248 -0.248524805 -0.306676399 0.918361881 0.028221660
1642661171.119863987 0.664247855 1.245169677 1.437104831 -0.249272909 -0.307376606 0.917978847 0.026409762
1642661171.128196955 0.662829940 1.245372732 1.437626465 -0.250295653 -0.307957284 0.917551558 0.024769648
1642661171.136529922 0.661463154 1.245663567 1.438120977 -0.251102641 -0.308433166 0.917208541 0.023343931
1642661171.144864082 0.660028066 1.245939734 1.438642560 -0.252178024 -0.309099467 0.916735262 0.021452805
1642661171.153197050 0.658526965 1.246172075 1.439168969 -0.253474677 -0.309640850 0.916233221 0.019743805
1642661171.161530018 0.657063072 1.246505117 1.439703046 -0.254643215 -0.309946657 0.915835453 0.018311923
1642661171.169862986 0.655573497 1.246823400 1.440236574 -0.255865000 -0.310443723 0.915359752 0.016562649
1642661171.178196907 0.654056381 1.247131603 1.440790336 -0.257259147 -0.310995743 0.914811422 0.014813551
1642661171.186530113 0.652540221 1.247445976 1.441340516 -0.258609204 -0.311595248 0.914254529 0.012974458
1642661171.194864035 0.650977577 1.247738017 1.441899163 -0.260180134 -0.312181435 0.913633280 0.011103116
1642661171.203197002 0.649450825 1.248073350 1.442438813 -0.261565809 -0.312624060 0.913104018 0.009517208
1642661171.211529970 0.647962401 1.248451868 1.442966507 -0.262860841 -0.313168527 0.912561522 0.007817982
1642661171.219863892 0.646513361 1.248884239 1.443468399 -0.264025634 -0.313611847 0.912085056 0.006238976
1642661171.228197098 0.644995629 1.249272129 1.444007984 -0.265479777 -0.313977230 0.911547018 0.004562976
1642661171.236530066 0.643467981 1.249667850 1.444530858 -0.266922755 -0.314346640 0.911004962 0.002896892
1642661171.244863987 0.642029193 1.250058670 1.444995347 -0.268093701 -0.314927847 0.910464095 0.001162194
1642661171.253196955 0.640630691 1.250457387 1.445405912 -0.269186105 -0.316162434 0.909713665 -0.001097319
1642661171.261529922 0.639110305 1.250827476 1.445903375 -0.270724370 -0.316530227 0.909124955 -0.002957491
1642661171.269864082 0.637715091 1.251263613 1.446322237 -0.271685268 -0.316838362 0.908725425 -0.004320887
1642661171.278197050 0.636255292 1.251642822 1.446773231 -0.272962003 -0.317221045 0.908198719 -0.006135193
1642661171.286530018 0.634904765 1.252107370 1.447187159 -0.273867127 -0.317519593 0.907809782 -0.007713960
1642661171.294862986 0.633497074 1.252543669 1.447609499 -0.275035632 -0.317780257 0.907348462 -0.009480371
1642661171.303196907 0.632121574 1.252961171 1.447998394 -0.276148633 -0.318142326 0.906863547 -0.011220525
1642661171.311530113 0.630756089 1.253376578 1.448384214 -0.277309201 -0.318371772 0.906406565 -0.012890308
1642661171.319864035 0.629379877 1.253808213 1.448776057 -0.278597460 -0.318556288 0.905920173 -0.014628287
1642661171.328197002 0.628092375 1.254214718 1.449102879 -0.279548021 -0.318968746 0.905449369 -0.016531285
1642661171.336529970 0.626796989 1.254606202 1.449453271 -0.280729602 -0.319620932 0.904807077 -0.018907750
1642661171.344863892 0.625368500 1.255100585 1.449793739 -0.282214945 -0.319201321 0.904474905 -0.019758241
1642661171.353197098 0.624061325 1.255537434 1.450080371 -0.283330885 -0.319316175 0.904048325 -0.021387290
1642661171.361530066 0.622731529 1.255965158 1.450370445 -0.284607070 -0.319466403 0.903551393 -0.023128177
1642661171.369863987 0.621484116 1.256492784 1.450636506 -0.285645858 -0.319535511 0.903156983 -0.024717719
1642661171.378196955 0.620222843 1.256982820 1.450890441 -0.286739732 -0.319606430 0.902736012 -0.026452767
1642661171.386529922 0.618948027 1.257477783 1.451159397 -0.287944553 -0.319677960 0.902270469 -0.028318490
1642661171.394864082 0.617751638 1.257935462 1.451374919 -0.288908648 -0.320063444 0.901754422 -0.030498310
1642661171.403197050 0.616455904 1.258536215 1.451606175 -0.290127990 -0.319520550 0.901521834 -0.031476170
1642661171.411530018 0.615221611 1.259093309 1.451841916 -0.291275263 -0.319509232 0.901087965 -0.033362435
1642661171.419862986 0.614007008 1.259658867 1.452055168 -0.292247407 -0.319490465 0.900712531 -0.035131627
1642661171.428196907 0.612802644 1.260228066 1.452258726 -0.293232468 -0.319385949 0.900364020 -0.036769103
1642661171.436530113 0.611601850 1.260804312 1.452475378 -0.294277924 -0.319384137 0.899943874 -0.038669106
1642661171.444864035 0.610366664 1.261355016 1.452692271 -0.295411209 -0.319364607 0.899496530 -0.040551913
1642661171.453197002 0.609235979 1.262020843 1.452876527 -0.296157540 -0.319326749 0.899182879 -0.042323626
1642661171.461529970 0.608062978 1.262645303 1.453079749 -0.297119547 -0.319320411 0.898775325 -0.044242111
1642661171.469863892 0.606910036 1.263284979 1.453257484 -0.297912486 -0.319255723 0.898449240 -0.045966263
1642661171.478197098 0.605717293 1.263934242 1.453463103 -0.298947317 -0.319133369 0.898052564 -0.047811984
1642661171.486530066 0.604583124 1.264598842 1.453644320 -0.299820617 -0.319124451 0.897656813 -0.049793854
1642661171.494863987 0.603439131 1.265269244 1.453836809 -0.300741433 -0.319139722 0.897228091 -0.051828382
1642661171.503196955 0.602287699 1.265927296 1.454038751 -0.301724677 -0.319162427 0.896773209 -0.053808701
1642661171.511529922 0.601161074 1.266534854 1.454228153 -0.302771254 -0.319149633 0.896308797 -0.055710144
1642661171.519864082 0.600109358 1.267261095 1.454419379 -0.303493456 -0.319148629 0.895953592 -0.057472038
1642661171.528197050 0.599058215 1.267949998 1.454611835 -0.304374058 -0.319127453 0.895542865 -0.059304966
1642661171.536530018 0.597983260 1.268644009 1.454831525 -0.305418659 -0.319102520 0.895073553 -0.061125762
1642661171.544862986 0.596972955 1.269324368 1.455026842 -0.306344619 -0.319115389 0.894629100 -0.062905624
1642661171.553196907 0.595955144 1.270007336 1.455231235 -0.307362827 -0.319029637 0.894195560 -0.064517317
1642661171.561530113 0.595006069 1.270677805 1.455402946 -0.308101392 -0.319024066 0.893822664 -0.066168134
1642661171.569864035 0.594019031 1.271353919 1.455621196 -0.309235077 -0.318921935 0.893354731 -0.067674149
1642661171.578197002 0.593068419 1.272049201 1.455835767 -0.310302796 -0.318902054 0.892863647 -0.069340921
1642661171.586529970 0.592181318 1.272736103 1.456041334 -0.311260833 -0.318857013 0.892423939 -0.070897195
1642661171.594863892 0.591283600 1.273433646 1.456265161 -0.312317958 -0.318727349 0.891988588 -0.072296117
1642661171.603197098 0.590428929 1.274144794 1.456517403 -0.313395890 -0.318645073 0.891515963 -0.073808005
1642661171.611530066 0.589689065 1.274849535 1.456726519 -0.314133710 -0.318720571 0.891112850 -0.075200395
1642661171.619863987 0.589173606 1.275496099 1.456842198 -0.314277858 -0.319182663 0.890806083 -0.076265183
1642661171.628196955 0.588397629 1.276235073 1.457106914 -0.315366216 -0.319000182 0.890366864 -0.077652313
1642661171.636529922 0.587502391 1.276985306 1.457453725 -0.316841890 -0.318673769 0.889846371 -0.078940999
1642661171.644864082 0.587096174 1.277746254 1.457571035 -0.317008028 -0.318659063 0.889703540 -0.079936991
1642661171.653197050 0.586235029 1.278551227 1.457923185 -0.318512990 -0.318373488 0.889120590 -0.081562081
1642661171.661530018 0.585684293 1.279393712 1.458118109 -0.319177279 -0.317555854 0.889132973 -0.082016466
1642661171.669862986 0.585243132 1.280362295 1.458245607 -0.319556798 -0.315144633 0.889999104 -0.080429519
1642661171.678196907 0.584750616 1.281214172 1.458446488 -0.320232793 -0.314842438 0.889758300 -0.081580423
1642661171.686530113 0.584253849 1.282084740 1.458666592 -0.320895839 -0.314582410 0.889495571 -0.082833551
1642661171.694864035 0.583863547 1.282971434 1.458784830 -0.321611801 -0.313971721 0.889351819 -0.083910367
1642661171.703197002 0.583458130 1.283873118 1.458938209 -0.322351333 -0.313506523 0.889140106 -0.085047931
1642661171.711529970 0.583059688 1.284807696 1.459061342 -0.323051042 -0.312223607 0.889320130 -0.085229984
1642661171.719863892 0.582492813 1.285811849 1.459245744 -0.324211222 -0.308625451 0.890369123 -0.082947202
1642661171.728197098 0.582152627 1.286818474 1.459410658 -0.324969306 -0.308043709 0.890201159 -0.083939983
1642661171.736530066 0.581962238 1.287738776 1.459374931 -0.325485161 -0.307455578 0.890118966 -0.084962958
1642661171.744863987 0.581670538 1.288681824 1.459438621 -0.326211421 -0.306775918 0.889992502 -0.085953428
1642661171.753196955 0.581373080 1.289602908 1.459506934 -0.326929831 -0.306492915 0.889704280 -0.087208217
1642661171.761529922 0.581156441 1.290565943 1.459447438 -0.327722156 -0.305442832 0.889698575 -0.087973352
1642661171.769864082 0.580993456 1.291501831 1.459424957 -0.328284140 -0.304878339 0.889600424 -0.088824593
1642661171.778197050 0.580970286 1.292446736 1.459380004 -0.328214960 -0.304329679 0.889792898 -0.089033615
1642661171.786530018 0.580473009 1.293482184 1.459392225 -0.330360992 -0.303085438 0.889251620 -0.090732511
1642661171.794862986 0.579939389 1.294531977 1.459517447 -0.332409742 -0.302102008 0.888655585 -0.092354706
1642661171.803196907 0.578753085 1.295758127 1.459927079 -0.336374213 -0.301342360 0.887052468 -0.095828444
1642661171.811530113 0.579662935 1.296525961 1.459437319 -0.334088656 -0.300506948 0.888383604 -0.094100562
1642661171.819864035 0.577981626 1.297926395 1.460125293 -0.339713990 -0.299967436 0.885913675 -0.098847874
1642661171.828197002 0.577916128 1.298937927 1.460078873 -0.340570127 -0.299063514 0.885793364 -0.099715186
1642661171.836529970 0.578185691 1.299855053 1.459903828 -0.340473682 -0.298282965 0.886065949 -0.099960382
1642661171.844863892 0.579243917 1.300611742 1.459416602 -0.338098788 -0.297357279 0.887491500 -0.098115723
1642661171.853197098 0.578226837 1.301892058 1.459839767 -0.341891433 -0.296371426 0.885996561 -0.101411638
1642661171.861530066 0.579967434 1.302560216 1.459141176 -0.337607741 -0.295692592 0.888210901 -0.098327515
1642661171.869863987 0.579694593 1.303651670 1.459282394 -0.339456372 -0.294599425 0.887697029 -0.099872595
1642661171.878196955 0.578353952 1.304862220 1.459830334 -0.344716715 -0.293766794 0.885409339 -0.104507226
1642661171.886529922 0.579475450 1.305412662 1.459285504 -0.342834985 -0.292879554 0.886583627 -0.103224088
1642661171.894864082 0.579409000 1.306521698 1.459415334 -0.344223784 -0.291960837 0.886179192 -0.104667549
1642661171.903197050 0.578767001 1.307962106 1.459831061 -0.346415303 -0.291184812 0.885278058 -0.107194227
1642661171.911530018 0.579286946 1.308816924 1.459660689 -0.346125580 -0.290594839 0.885538431 -0.107579780
1642661171.919862986 0.580239010 1.309461849 1.459270071 -0.345022349 -0.289740208 0.886318421 -0.107003962
1642661171.928196907 0.580362456 1.310520031 1.459300383 -0.345836052 -0.288931635 0.886147414 -0.107975439
1642661171.936530113 0.580032120 1.311768391 1.459573069 -0.347826654 -0.288292177 0.885332858 -0.109954401
1642661171.944864035 0.581088044 1.312369511 1.459100250 -0.346611315 -0.287323414 0.886241830 -0.109001239
1642661171.953197002 0.581634347 1.313286634 1.458875263 -0.346255036 -0.286207617 0.886774272 -0.108738406
1642661171.961529970 0.581666325 1.314372265 1.458933839 -0.347658791 -0.285232447 0.886401807 -0.109852871
1642661171.969863892 0.580865270 1.315832885 1.459435229 -0.351476698 -0.284326129 0.884789727 -0.113004079
1642661171.978197098 0.581334329 1.316591058 1.459277759 -0.352636476 -0.283695370 0.884368541 -0.114266081
1642661171.986530066 0.582459220 1.317342192 1.458687850 -0.350443496 -0.282445094 0.885884955 -0.112347545
1642661171.994863987 0.583035405 1.318281017 1.458330674 -0.349792474 -0.281225870 0.886590439 -0.111868800
1642661172.003196955 0.581698559 1.319862465 1.459226653 -0.355989333 -0.280591179 0.883727674 -0.116471384
1642661172.011529922 0.579852454 1.321264503 1.460478854 -0.365392475 -0.280499467 0.878945536 -0.123544051
1642661172.019864082 0.582127661 1.321805117 1.459127639 -0.359513425 -0.278577300 0.882555928 -0.119330712
1642661172.028197050 0.580018413 1.323572961 1.460574840 -0.368585344 -0.278501697 0.877890450 -0.126055575
1642661172.036530018 0.583497823 1.323923465 1.458459194 -0.357564472 -0.276012975 0.884390826 -0.117547234
1642661172.044862986 0.584018761 1.324822191 1.458272628 -0.358443078 -0.275096986 0.884245498 -0.118110575
1642661172.053196907 0.584983216 1.325450364 1.457822837 -0.358489800 -0.274391615 0.884365268 -0.118711323
1642661172.061530113 0.585363285 1.326505224 1.457732637 -0.359207903 -0.273370961 0.884302155 -0.119363727
1642661172.069864035 0.585419967 1.327767904 1.457822470 -0.360368499 -0.272264217 0.884064858 -0.120150194
1642661172.078197002 0.587207133 1.328074660 1.457025479 -0.357752179 -0.271267175 0.885752206 -0.117773208
1642661172.086529970 0.587076825 1.329442369 1.457255962 -0.359786253 -0.270309948 0.884989969 -0.119495354
1642661172.094863892 0.588277162 1.330018461 1.456738988 -0.359079116 -0.269424558 0.885606764 -0.119051478
1642661172.103197098 0.588240983 1.331375720 1.456919092 -0.360683374 -0.268536768 0.885036700 -0.120438983
1642661172.111530066 0.589125171 1.332191886 1.456586758 -0.360464214 -0.267473315 0.885468607 -0.120286830
1642661172.119863987 0.590380377 1.332742531 1.456082570 -0.359997054 -0.266264779 0.886102463 -0.119698012
1642661172.128196955 0.591071803 1.333674691 1.455886181 -0.360382305 -0.265120818 0.886263925 -0.119882448
1642661172.136529922 0.591569353 1.334676443 1.455803487 -0.361327980 -0.264023246 0.886145371 -0.120333692
1642661172.144864082 0.591497931 1.335959171 1.456005557 -0.363363713 -0.261752471 0.886028723 -0.120023156
1642661172.153197050 0.592225137 1.336904094 1.455811175 -0.363893317 -0.260947351 0.885967801 -0.120620015
1642661172.161530018 0.592855881 1.337933770 1.455682407 -0.364897227 -0.260035357 0.885703829 -0.121492200
1642661172.169862986 0.594001379 1.338644743 1.455307361 -0.364286999 -0.259076388 0.886355268 -0.120618184
1642661172.178196907 0.594619657 1.339692388 1.455226742 -0.365529476 -0.258111673 0.886028858 -0.121323657
1642661172.186530113 0.595347834 1.340730692 1.455078910 -0.366514402 -0.257207525 0.885807773 -0.121885489
1642661172.194864035 0.596594630 1.341452416 1.454678955 -0.365723690 -0.256136688 0.886636542 -0.120481624
1642661172.203197002 0.597425719 1.342448401 1.454540136 -0.366571509 -0.255221700 0.886514762 -0.120742661
1642661172.211529970 0.598428630 1.343408197 1.454312180 -0.366871276 -0.254328257 0.886663452 -0.120625565
1642661172.219863892 0.599363820 1.344446581 1.454134592 -0.367403969 -0.253355226 0.886698881 -0.120791341
1642661172.228197098 0.600261219 1.345591710 1.453991639 -0.368173445 -0.252253462 0.886657755 -0.121055898
1642661172.236530066 0.601591476 1.346410569 1.453643528 -0.367558539 -0.251067699 0.887444051 -0.119619347
1642661172.244863987 0.602883462 1.347419421 1.453319514 -0.367091912 -0.249731061 0.888132111 -0.118740383
1642661172.253196955 0.603935184 1.348475881 1.453150523 -0.367693912 -0.248693110 0.888164623 -0.118812994
1642661172.261529922 0.605407323 1.349425016 1.452749326 -0.367193982 -0.247207318 0.888914747 -0.117846065
1642661172.269864082 0.606898639 1.350366475 1.452382387 -0.366309634 -0.245830883 0.889870127 -0.116256556
1642661172.278197050 0.607919476 1.351437338 1.452273572 -0.367004855 -0.244918452 0.889799559 -0.116529537
1642661172.286530018 0.609170081 1.352459064 1.452022207 -0.366991752 -0.243566241 0.890261335 -0.115876205
1642661172.294862986 0.610604039 1.353388838 1.451659584 -0.366248516 -0.242389057 0.891030496 -0.114779025
1642661172.303196907 0.611060197 1.354890179 1.451839477 -0.369056450 -0.241270176 0.889916888 -0.116764599
1642661172.311530113 0.612495320 1.355801366 1.451524549 -0.368506251 -0.239847918 0.890751306 -0.115057508
1642661172.319864035 0.613772262 1.356884992 1.451351694 -0.368655702 -0.238652280 0.891082728 -0.114497315
1642661172.328197002 0.615067994 1.357817962 1.451157618 -0.368658515 -0.237599207 0.891453543 -0.113789704
1642661172.336529970 0.616528830 1.358759433 1.450884665 -0.368136479 -0.236338637 0.892169450 -0.112486683
1642661172.344863892 0.617743630 1.359787856 1.450761142 -0.368498226 -0.235187395 0.892398719 -0.111894918
1642661172.353197098 0.619112062 1.360685996 1.450622484 -0.368507723 -0.234244391 0.892734730 -0.111159008
1642661172.361530066 0.620865688 1.361386674 1.450177083 -0.366826806 -0.233069149 0.894012568 -0.108896255
1642661172.369863987 0.621753429 1.362540618 1.450256036 -0.368382657 -0.232069464 0.893546252 -0.109604190
1642661172.378196955 0.621552910 1.364100064 1.450912271 -0.373775581 -0.231443524 0.890901246 -0.114108192
1642661172.386529922 0.624798530 1.364144648 1.449823856 -0.367283755 -0.230020772 0.894842661 -0.107003268
1642661172.394864082 0.626148105 1.364994587 1.449741176 -0.367456512 -0.229119527 0.895066070 -0.106473871
1642661172.403197050 0.627509504 1.365807171 1.449672083 -0.367587408 -0.228078897 0.895374548 -0.105659515
1642661172.411530018 0.628878398 1.366598080 1.449645356 -0.367751605 -0.227160523 0.895621281 -0.104973208
1642661172.419862986 0.630271159 1.367347610 1.449612599 -0.367841687 -0.226217019 0.895921099 -0.104133268
1642661172.428196907 0.631655664 1.368041745 1.449607303 -0.368005686 -0.225449994 0.896137320 -0.103353851
1642661172.436530113 0.633058588 1.368724973 1.449621269 -0.368047837 -0.224598909 0.896437991 -0.102445337
1642661172.444864035 0.634449640 1.369358892 1.449665375 -0.368212772 -0.223724347 0.896707260 -0.101404440
1642661172.453197002 0.635823364 1.369991364 1.449736217 -0.368385006 -0.222982201 0.896906025 -0.100652907
1642661172.461529970 0.637203485 1.370580114 1.449801990 -0.368498639 -0.222228610 0.897153595 -0.099692655
1642661172.469863892 0.638535630 1.371194771 1.449941633 -0.368848478 -0.221462584 0.897279995 -0.098963302
1642661172.478197098 0.639797697 1.372003638 1.450281704 -0.369827109 -0.220905661 0.897038365 -0.098745987
1642661172.486530066 0.641779148 1.372570699 1.450333289 -0.367789485 -0.220432862 0.898302474 -0.095879683
1642661172.494863987 0.642629163 1.373013715 1.450561072 -0.369757120 -0.219464683 0.897635768 -0.096772692
1642661172.503196955 0.644576776 1.373562914 1.450682518 -0.367798162 -0.218801950 0.898915216 -0.093817126
1642661172.511529922 0.645442850 1.373956836 1.450966877 -0.369631401 -0.217884597 0.898302273 -0.094614776
1642661172.519864082 0.647509935 1.374464938 1.451118774 -0.367234842 -0.217551578 0.899694545 -0.091430886
1642661172.528197050 0.648927967 1.374890414 1.451372535 -0.367082648 -0.216900972 0.900023936 -0.090339433
1642661172.536530018 0.650311671 1.375254005 1.451655001 -0.367042831 -0.216430863 0.900249847 -0.089372562
1642661172.544862986 0.651689502 1.375586259 1.451953937 -0.367021645 -0.215982190 0.900477903 -0.088240309
1642661172.553196907 0.653032875 1.375920691 1.452296579 -0.367042657 -0.215090168 0.900838864 -0.086632837
1642661172.561530113 0.654162473 1.376227299 1.452724454 -0.367751422 -0.212692212 0.901422526 -0.083416687
1642661172.569864035 0.655690345 1.376539646 1.453024243 -0.367235844 -0.214804796 0.900985824 -0.084978119
1642661172.578197002 0.656890927 1.376844723 1.453464191 -0.367765515 -0.213831158 0.901161692 -0.083260839
1642661172.586529970 0.657926912 1.377105407 1.453955793 -0.368621760 -0.211183774 0.901770238 -0.079560353
1642661172.594863892 0.659175714 1.377399909 1.454333463 -0.368538785 -0.211123394 0.901899013 -0.078639986
1642661172.603197098 0.660318219 1.377692963 1.454790137 -0.369194691 -0.211019951 0.901693057 -0.078201607
1642661172.611530066 0.661175428 1.377893914 1.455245126 -0.370992138 -0.212399762 0.900373829 -0.081105751
1642661172.619863987 0.662123983 1.378150843 1.455793110 -0.372068904 -0.209851189 0.900838191 -0.077574246
1642661172.628196955 0.663348944 1.378421738 1.456263007 -0.372316124 -0.209609868 0.900890725 -0.076421910
1642661172.636529922 0.664501347 1.378724545 1.456762595 -0.372745953 -0.209134550 0.900923628 -0.075231714
1642661172.644864082 0.665736155 1.379015897 1.457241522 -0.372870745 -0.209359007 0.900868352 -0.074648685
1642661172.653197050 0.667150794 1.379309274 1.457664004 -0.372363712 -0.210836082 0.900667648 -0.075440042
1642661172.661530018 0.668140741 1.379570398 1.458253647 -0.373059032 -0.208680364 0.901120970 -0.072529040
1642661172.669862986 0.669597645 1.379851232 1.458699662 -0.372394353 -0.210767243 0.900789284 -0.074015408
1642661172.678196907 0.670870832 1.380087316 1.459216562 -0.372182096 -0.210629903 0.900982838 -0.073112631
1642661172.686530113 0.672104252 1.380305093 1.459753770 -0.372100230 -0.210271793 0.901199055 -0.071885009
1642661172.694864035 0.673359044 1.380507828 1.460293469 -0.371935969 -0.209888642 0.901445799 -0.070752135
1642661172.703197002 0.674606966 1.380690591 1.460848223 -0.371856418 -0.209659286 0.901609504 -0.069757366
1642661172.711529970 0.675830994 1.380851281 1.461406427 -0.371790494 -0.209219741 0.901838558 -0.068455417
1642661172.719863892 0.677075996 1.380998645 1.461963115 -0.371702654 -0.208857501 0.902050134 -0.067240146
1642661172.728197098 0.678343393 1.381121357 1.462525184 -0.371537408 -0.208599617 0.902283529 -0.065807195
1642661172.736530066 0.679790819 1.381266031 1.463057808 -0.370571318 -0.208436728 0.902882174 -0.063520150
1642661172.744863987 0.680938398 1.381375252 1.463633970 -0.370761214 -0.208022222 0.902978558 -0.062390713
1642661172.753196955 0.682002742 1.381468749 1.464227225 -0.371155418 -0.207144334 0.903128304 -0.060779500
1642661172.761529922 0.682862823 1.381517248 1.464882212 -0.372104009 -0.204801621 0.903475129 -0.057685309
1642661172.769864082 0.684081373 1.381590947 1.465411098 -0.372298393 -0.206628244 0.902853093 -0.059623548
1642661172.778197050 0.685162765 1.381646093 1.466074576 -0.372893573 -0.206388389 0.902740024 -0.058435141
1642661172.786530018 0.686353426 1.381739429 1.466662757 -0.372360322 -0.206025526 0.903147147 -0.056802321
1642661172.794862986 0.687356972 1.381793610 1.467401706 -0.373231363 -0.205692356 0.902927072 -0.055782673
1642661172.803196907 0.688437087 1.381781754 1.468067712 -0.373507967 -0.205455567 0.902933702 -0.054685822
1642661172.811530113 0.689381363 1.381717378 1.468769713 -0.374267343 -0.204638824 0.902875700 -0.053501204
1642661172.819864035 0.690349797 1.381697134 1.469537050 -0.374450461 -0.202372835 0.903529443 -0.049665211
1642661172.828197002 0.691623210 1.381640377 1.470171756 -0.374350893 -0.204716672 0.902921098 -0.051826481
1642661172.836529970 0.692805734 1.381619546 1.470915269 -0.373940922 -0.204219505 0.903322847 -0.049703261
1642661172.844863892 0.693627443 1.381485160 1.471748327 -0.374696821 -0.201583395 0.903805919 -0.045839808
1642661172.853197098 0.694664454 1.381359045 1.472502544 -0.375068139 -0.201362839 0.903736013 -0.045145506
1642661172.861530066 0.695879259 1.381276506 1.473304048 -0.374629655 -0.201476348 0.903968332 -0.043602271
1642661172.869863987 0.697036295 1.381115059 1.474076540 -0.374509309 -0.201792245 0.903982356 -0.042878535
1642661172.878196955 0.698294233 1.380943679 1.474829319 -0.374382337 -0.203915005 0.903475496 -0.044593327
1642661172.886529922 0.699203016 1.380755340 1.475752540 -0.374616874 -0.201462650 0.904141089 -0.040048578
1642661172.894864082 0.700266092 1.380570365 1.476610846 -0.374844733 -0.201214636 0.904157571 -0.038770919
1642661172.903197050 0.701323238 1.380288363 1.477454552 -0.375205078 -0.201359532 0.904009112 -0.037987021
1642661172.911530018 0.702449415 1.380152820 1.478408343 -0.375335714 -0.201612987 0.903959111 -0.036513440
1642661172.919862986 0.703675905 1.379893911 1.479260231 -0.374957372 -0.202283674 0.904001116 -0.035640803
1642661172.928196907 0.705019265 1.379684369 1.480098866 -0.374474443 -0.204763477 0.903585893 -0.037058639
1642661172.936530113 0.705923583 1.379366434 1.481072776 -0.374890050 -0.202550624 0.904068229 -0.033035332
1642661172.944864035 0.707381804 1.379058673 1.481873980 -0.373967074 -0.205220831 0.903808334 -0.034110607
1642661172.953197002 0.708587255 1.378483084 1.482631830 -0.372976521 -0.202954205 0.904917652 -0.028673130
1642661172.961529970 0.709962328 1.378205843 1.483486553 -0.372419795 -0.205613243 0.904499403 -0.030125067
1642661172.969863892 0.710794805 1.377808320 1.484503573 -0.373077341 -0.203136677 0.904931789 -0.025441012
1642661172.978197098 0.711886183 1.377475548 1.485438828 -0.373153441 -0.203152636 0.904939331 -0.023881451
1642661172.986530066 0.713012065 1.377113698 1.486337337 -0.373161244 -0.203488696 0.904897969 -0.022421028
1642661172.994863987 0.714073359 1.376784714 1.487268448 -0.373408763 -0.203528606 0.904823720 -0.020881521
1642661173.003196955 0.715158885 1.376433051 1.488190621 -0.373621513 -0.203696697 0.904730254 -0.019436789
1642661173.011529922 0.716239445 1.376069161 1.489080029 -0.373734356 -0.203763517 0.904702008 -0.017813969
1642661173.019864082 0.717279520 1.375738290 1.489972428 -0.373979607 -0.203688834 0.904644725 -0.016371738
1642661173.028197050 0.718328582 1.375370653 1.490842022 -0.374265241 -0.204087100 0.904457594 -0.015180451
1642661173.036530018 0.719331477 1.375045441 1.491695930 -0.374534336 -0.203888505 0.904415350 -0.013652237
1642661173.044862986 0.720425423 1.374718522 1.492493537 -0.374661561 -0.204464150 0.904243707 -0.012901284
1642661173.053196907 0.721713850 1.374426376 1.493182552 -0.374363568 -0.206752734 0.903826948 -0.014215257
1642661173.061530113 0.722470635 1.373977232 1.493929746 -0.374672818 -0.203760203 0.904444227 -0.009093900
1642661173.069864035 0.723296869 1.373779073 1.494775317 -0.375624418 -0.203688670 0.904071227 -0.008511140
1642661173.078197002 0.724411306 1.373423070 1.495327252 -0.375131213 -0.203504160 0.904332150 -0.006781731
1642661173.086529970 0.725359560 1.373195306 1.495994068 -0.375299502 -0.203266064 0.904323118 -0.005735014
1642661173.094863892 0.726215358 1.373054749 1.496697337 -0.375939090 -0.203093809 0.904099288 -0.005213664
1642661173.103197098 0.727345297 1.372762681 1.497149722 -0.375261795 -0.202850338 0.904442481 -0.003758338
1642661173.111530066 0.728241146 1.372672690 1.497797475 -0.375654439 -0.202629450 0.904330064 -0.003490668
1642661173.119863987 0.729448673 1.372376183 1.498111622 -0.374377527 -0.202336638 0.904929694 -0.001897667
1642661173.128196955 0.730459940 1.372220337 1.498596916 -0.374130927 -0.202093715 0.905087070 -0.001255267
1642661173.136529922 0.731375816 1.372156437 1.499168904 -0.374371013 -0.201706239 0.905074627 -0.000926035
1642661173.144864082 0.732587885 1.371881181 1.499443606 -0.372967133 -0.201472317 0.905706457 0.000486413
1642661173.153197050 0.733630479 1.371730480 1.499889041 -0.372565967 -0.201227682 0.905925200 0.001245600
1642661173.161530018 0.734557318 1.371653798 1.500436858 -0.372831159 -0.200824762 0.905904991 0.001577700
1642661173.169862986 0.735729696 1.371369510 1.500727384 -0.371612761 -0.200432092 0.906488068 0.003211785
1642661173.178196907 0.736830758 1.371207127 1.501140274 -0.370987990 -0.200312957 0.906768552 0.003663830
1642661173.186530113 0.738027603 1.371297416 1.501655505 -0.370190699 -0.199678846 0.907237438 0.002727047
1642661173.194864035 0.739379463 1.371221774 1.501946482 -0.369610133 -0.203555218 0.906616156 -0.000876358
1642661173.203197002 0.739976028 1.371287183 1.502655041 -0.371125041 -0.202662999 0.906197072 -0.000883474
1642661173.211529970 0.741087185 1.370600431 1.502815702 -0.369192391 -0.199001277 0.907779089 0.005709233
1642661173.219863892 0.742389769 1.370328360 1.503018793 -0.368719692 -0.203112826 0.907074465 0.002623699
1642661173.228197098 0.743042116 1.369404712 1.503232730 -0.369670321 -0.204145349 0.906442773 0.005479985
1642661173.236530066 0.743956863 1.369797459 1.504036246 -0.368598282 -0.197409293 0.908332901 0.009809103
1642661173.244863987 0.744912312 1.369394224 1.504383742 -0.368601137 -0.198282532 0.908137396 0.010183745
1642661173.253196955 0.746060912 1.368555334 1.504409055 -0.368702051 -0.204046626 0.906840203 0.008038515
1642661173.261529922 0.747381879 1.368953937 1.505023220 -0.366888713 -0.201637217 0.908114666 0.007928414
1642661173.269864082 0.748254317 1.368523495 1.505372110 -0.367072038 -0.201423386 0.908082652 0.008522635
1642661173.278197050 0.749190445 1.368167479 1.505771065 -0.366676075 -0.201108507 0.908299755 0.009776460
1642661173.286530018 0.750137364 1.367817776 1.506169218 -0.366217910 -0.201063556 0.908484406 0.010675792
1642661173.294862986 0.751043440 1.367424956 1.506581241 -0.365742579 -0.200851768 0.908705935 0.012019053
1642661173.303196907 0.752009290 1.367089587 1.507051286 -0.365005912 -0.200823676 0.908988396 0.013439916
1642661173.311530113 0.752822160 1.366611488 1.507442540 -0.365078186 -0.200605971 0.909000319 0.013913383
1642661173.319864035 0.753745420 1.366197178 1.507881900 -0.364488615 -0.200564948 0.909232171 0.014785509
1642661173.328197002 0.754624829 1.365716509 1.508316511 -0.363920855 -0.200735028 0.909406234 0.015727745
1642661173.336529970 0.755422853 1.365215492 1.508805813 -0.363731501 -0.200828010 0.909444759 0.016665438
1642661173.344863892 0.756242348 1.364717992 1.509309146 -0.363405354 -0.200882265 0.909543740 0.017693197
1642661173.353197098 0.757085640 1.364184627 1.509785478 -0.362846246 -0.201034323 0.909711477 0.018783822
1642661173.361530066 0.757847704 1.363646758 1.510302831 -0.362560058 -0.201122492 0.909784959 0.019780711
1642661173.369863987 0.758623176 1.363060768 1.510842077 -0.362166629 -0.201363199 0.909860546 0.021023376
1642661173.378196955 0.759390754 1.362474122 1.511399711 -0.361760560 -0.201626440 0.909940257 0.022018297
1642661173.386529922 0.760179960 1.361843240 1.511962159 -0.361171347 -0.201921887 0.910082128 0.023093919
1642661173.394864082 0.761177959 1.361093105 1.512474514 -0.360010366 -0.202412960 0.910387506 0.024821740
1642661173.403197050 0.761825672 1.360487312 1.513155164 -0.359882285 -0.202851408 0.910321687 0.025504379
1642661173.411530018 0.762448336 1.359878683 1.513867633 -0.359703178 -0.203309879 0.910275179 0.026034891
1642661173.419862986 0.763048079 1.359276517 1.514616922 -0.359532124 -0.204007327 0.910181457 0.026217866
1642661173.428196907 0.763527882 1.358694536 1.515470372 -0.359880849 -0.204681180 0.909889856 0.026302823
1642661173.436530113 0.764086033 1.357984268 1.516243528 -0.359644029 -0.205338681 0.909817132 0.026925560
1642661173.444864035 0.764594485 1.357313457 1.517133659 -0.359695847 -0.206343252 0.909577038 0.026664042
1642661173.453197002 0.765781606 1.355847400 1.517431922 -0.356317640 -0.207226572 0.910583282 0.030544604
1642661173.461529970 0.766409759 1.354915711 1.518181987 -0.355356952 -0.208289534 0.910677848 0.031666449
1642661173.469863892 0.767117807 1.353907502 1.518812464 -0.353256448 -0.209737705 0.911115784 0.032984926
1642661173.478197098 0.767701573 1.352935368 1.519615891 -0.352275343 -0.210865014 0.911201119 0.033919743
1642661173.486530066 0.768293076 1.351906653 1.520404499 -0.351189593 -0.212195397 0.911278336 0.034796223
1642661173.494863987 0.768798984 1.350915860 1.521281761 -0.350527267 -0.213659462 0.911176825 0.035171900
1642661173.503196955 0.768974894 1.350132524 1.522443741 -0.351398370 -0.215146416 0.910527032 0.034230539
1642661173.511529922 0.769837782 1.348615920 1.522858599 -0.348246056 -0.216446671 0.911320627 0.037016732
1642661173.519864082 0.770321695 1.347427742 1.523648925 -0.347186046 -0.217891402 0.911352990 0.037695022
1642661173.528197050 0.770731713 1.346176378 1.524430607 -0.346227175 -0.219383995 0.911324885 0.038527390
1642661173.536530018 0.771108256 1.344889122 1.525190764 -0.345313068 -0.220827910 0.911288838 0.039326482
1642661173.544862986 0.771484399 1.343568707 1.525934748 -0.344337838 -0.222475327 0.911229216 0.039968710
1642661173.553196907 0.771831507 1.342223794 1.526653351 -0.343369487 -0.224034429 0.911186275 0.040565282
1642661173.561530113 0.772159397 1.340844038 1.527359999 -0.342442500 -0.225563893 0.911126468 0.041262861
1642661173.569864035 0.772413155 1.339434282 1.528080305 -0.341798628 -0.227025375 0.910976997 0.041881838
1642661173.578197002 0.772705176 1.338005264 1.528732893 -0.340800442 -0.228603694 0.910930372 0.042441343
1642661173.586529970 0.772945187 1.336518375 1.529367585 -0.339873077 -0.230127690 0.910859834 0.043149748
1642661173.594863892 0.773194645 1.335029257 1.529971519 -0.338952145 -0.231850290 0.910743356 0.043628276
1642661173.603197098 0.773382058 1.333515742 1.530558080 -0.338080958 -0.233349066 0.910655744 0.044222104
1642661173.611530066 0.773547387 1.331982420 1.531108265 -0.337275618 -0.234942417 0.910512820 0.044873407
1642661173.619863987 0.773719685 1.330517783 1.531666983 -0.336134205 -0.236616026 0.910469706 0.045514476
1642661173.628196955 0.773781968 1.328900146 1.532097674 -0.335768424 -0.238281163 0.910174374 0.045434152
1642661173.636529922 0.773849832 1.327414330 1.532595368 -0.334901911 -0.239764062 0.910069178 0.046130206
1642661173.644864082 0.773821246 1.325734769 1.532954760 -0.334675094 -0.241173233 0.909766691 0.046396342
1642661173.653197050 0.773773070 1.324163161 1.533371626 -0.334284103 -0.242600596 0.909521443 0.046581479
1642661173.661530018 0.773747137 1.322602969 1.533727553 -0.333744017 -0.244135702 0.909292578 0.046900935
1642661173.669862986 0.773675373 1.321025950 1.534084147 -0.333285169 -0.245590079 0.909058169 0.047114269
1642661173.678196907 0.773566523 1.319481732 1.534422423 -0.332932772 -0.246963771 0.908796184 0.047477999
1642661173.686530113 0.773457808 1.317934950 1.534748303 -0.332400957 -0.248428989 0.908580416 0.047689303
1642661173.694864035 0.773359787 1.316513023 1.535085193 -0.331596935 -0.250074940 0.908412849 0.047875814
1642661173.703197002 0.773152108 1.314897278 1.535314299 -0.331301293 -0.251341637 0.908174107 0.047818676
1642661173.711529970 0.772955385 1.313484318 1.535642344 -0.330580857 -0.252906805 0.907995405 0.047945688
1642661173.719863892 0.772712641 1.311861846 1.535823291 -0.330282975 -0.254314816 0.907717687 0.047809327
1642661173.728197098 0.772427669 1.310413449 1.536122368 -0.329993737 -0.255747776 0.907425372 0.047711670
1642661173.736530066 0.771941144 1.309170535 1.536772492 -0.331572549 -0.257111153 0.906504554 0.046936054
1642661173.744863987 0.771331236 1.307974400 1.537277957 -0.332215502 -0.258991969 0.905811452 0.045405224
1642661173.753196955 0.771531291 1.306166742 1.536893260 -0.327605797 -0.260765846 0.906900993 0.046970256
1642661173.761529922 0.771180311 1.304724544 1.537137105 -0.326874617 -0.262541843 0.906678422 0.046465090
1642661173.769864082 0.770634455 1.303379288 1.537522235 -0.326950930 -0.264181270 0.906222656 0.045517504
1642661173.778197050 0.770300472 1.301934732 1.537661373 -0.325705836 -0.265909927 0.906181929 0.045187717
1642661173.786530018 0.769674416 1.300629633 1.538077817 -0.325877454 -0.267568605 0.905684593 0.044117405
1642661173.794862986 0.769159141 1.299224638 1.538321880 -0.325137321 -0.269320119 0.905463448 0.043455027
1642661173.803196907 0.768739955 1.297775923 1.538448874 -0.323753886 -0.271044150 0.905455702 0.043225710
1642661173.811530113 0.768062313 1.296524581 1.538877518 -0.323861681 -0.272788136 0.904961543 0.041771415
1642661173.819864035 0.767443928 1.295230413 1.539178654 -0.323360730 -0.274566252 0.904660332 0.040507961
1642661173.828197002 0.766720381 1.294156218 1.539537960 -0.323159608 -0.276395332 0.904264673 0.038456335
1642661173.836529970 0.766376168 1.292420415 1.539535848 -0.321254446 -0.278243226 0.904342115 0.039263566
1642661173.844863892 0.765567143 1.291150398 1.539951767 -0.321489653 -0.279839015 0.903823013 0.037927423
1642661173.853197098 0.764940961 1.289848780 1.540201219 -0.320917387 -0.281626811 0.903514612 0.036874319
1642661173.861530066 0.764230195 1.288528098 1.540457311 -0.320485613 -0.283298797 0.903181936 0.035960439
1642661173.869863987 0.763535005 1.287253937 1.540703154 -0.319938739 -0.285019124 0.902876970 0.034878074
1642661173.878196955 0.762882170 1.285969040 1.540917758 -0.319357425 -0.286756405 0.902569311 0.033915163
1642661173.886529922 0.762069677 1.284626877 1.541143069 -0.319034838 -0.288012529 0.902284142 0.033895167
1642661173.894864082 0.760712322 1.282785713 1.541328328 -0.319558498 -0.286549158 0.902324620 0.039777218
1642661173.903197050 0.760013698 1.281563344 1.541540351 -0.319020853 -0.288070389 0.902068201 0.038911533
1642661173.911530018 0.759348923 1.280374463 1.541748232 -0.318442428 -0.289677773 0.901806138 0.037774307
1642661173.919862986 0.758624329 1.279185829 1.541949524 -0.317980311 -0.290983203 0.901579198 0.037043847
1642661173.928196907 0.757988768 1.277995262 1.542089634 -0.317198321 -0.292658268 0.901356066 0.035966724
1642661173.936530113 0.757261557 1.276849822 1.542293135 -0.316878601 -0.294031395 0.901059847 0.034994889
1642661173.944864035 0.756542683 1.275704421 1.542463599 -0.316469714 -0.295434516 0.900783463 0.033978233
1642661173.953197002 0.755834543 1.274591548 1.542608108 -0.315997495 -0.296730154 0.900554635 0.033138320
1642661173.961529970 0.755100371 1.273485158 1.542780141 -0.315747294 -0.298210100 0.900195909 0.031964184
1642661173.969863892 0.754426711 1.272407086 1.542921730 -0.315310130 -0.299938964 0.899824824 0.030519283
1642661173.978197098 0.753747471 1.271314855 1.542972632 -0.314543532 -0.301261635 0.899675537 0.029794642
1642661173.986530066 0.753398147 1.270203548 1.542582954 -0.311576572 -0.302383489 0.900316373 0.030243902
1642661173.994863987 0.752286839 1.269371655 1.543298997 -0.314176815 -0.304183901 0.898913457 0.026826871
1642661174.003196955 0.752174600 1.268791604 1.543444549 -0.312761438 -0.308747546 0.898050653 0.018980509
1642661174.011529922 0.750675998 1.267403872 1.543424731 -0.313637343 -0.306576094 0.898327647 0.025498104
1642661174.019864082 0.749934111 1.266504734 1.543425513 -0.313056126 -0.307992503 0.898079805 0.024272271
1642661174.028197050 0.749184120 1.265648458 1.543341566 -0.312270545 -0.309068298 0.898008894 0.023322113
1642661174.036530018 0.748807170 1.264799266 1.542723513 -0.308930588 -0.310068321 0.898819734 0.023294060
1642661174.044862986 0.747894210 1.264047677 1.542761534 -0.309004550 -0.311052345 0.898490281 0.021859590
1642661174.053196907 0.746683650 1.263390296 1.543232186 -0.311432580 -0.312475570 0.897223738 0.018929642
1642661174.061530113 0.745837775 1.262710879 1.543113979 -0.310929332 -0.313250863 0.897153921 0.017654752
1642661174.069864035 0.745029227 1.262055752 1.542949720 -0.310346480 -0.314184929 0.897057696 0.016136361
1642661174.078197002 0.744235777 1.261420829 1.542703369 -0.309433204 -0.315178737 0.897052076 0.014526852
1642661174.086529970 0.743687903 1.260795785 1.542058521 -0.306715103 -0.315750066 0.897792484 0.014014128
1642661174.094863892 0.742874309 1.260209904 1.541859535 -0.306097085 -0.316676827 0.897703485 0.012198981
1642661174.103197098 0.741728533 1.259651743 1.542022633 -0.307593429 -0.317349876 0.896981682 0.009959957
1642661174.111530066 0.741323261 1.259044845 1.541193026 -0.304092911 -0.317843820 0.898002713 0.009691987
1642661174.119863987 0.740313797 1.258499481 1.541074767 -0.304378366 -0.318438598 0.897714216 0.007736678
1642661174.128196955 0.738853041 1.257915029 1.541384185 -0.307096127 -0.317859500 0.897001329 0.006776668
1642661174.136529922 0.738193552 1.257387124 1.541038314 -0.306271538 -0.319898384 0.896578064 0.003247165
1642661174.144864082 0.737342573 1.256802774 1.540670492 -0.305727267 -0.320305230 0.896622400 0.001915535
1642661174.153197050 0.736907144 1.256245375 1.539797632 -0.302720397 -0.320539667 0.897559206 0.001468109
1642661174.161530018 0.735947075 1.255687522 1.539587425 -0.303086856 -0.320795693 0.897345231 -0.000132554
1642661174.169862986 0.734725016 1.255114033 1.539730938 -0.305355551 -0.321228418 0.896417347 -0.002496263
1642661174.178196907 0.733862086 1.254535328 1.539397225 -0.305353070 -0.321589616 0.896282429 -0.004174902
1642661174.186530113 0.733046550 1.253962327 1.539038285 -0.305192387 -0.321791770 0.896257343 -0.005517196
1642661174.194864035 0.732211865 1.253408878 1.538693290 -0.305156390 -0.321843835 0.896242681 -0.006721638
1642661174.203197002 0.731425491 1.252848693 1.538273669 -0.304917348 -0.321725820 0.896359658 -0.007567823
1642661174.211529970 0.730935224 1.252309911 1.537464140 -0.302817084 -0.321584589 0.897119212 -0.007892112
1642661174.219863892 0.729748296 1.251749165 1.537573393 -0.305511238 -0.321700531 0.896143897 -0.009887785
1642661174.228197098 0.728865881 1.251211746 1.537215252 -0.306007640 -0.321389309 0.896076787 -0.010706423
1642661174.236530066 0.728050620 1.250684583 1.536755988 -0.306197744 -0.321500000 0.895956179 -0.011967353
1642661174.244863987 0.727511231 1.250184156 1.535922159 -0.304691991 -0.321153413 0.896592270 -0.012065540
1642661174.253196955 0.726185973 1.249671367 1.536010486 -0.307964366 -0.320905681 0.895537437 -0.013791031
1642661174.261529922 0.725244004 1.249198501 1.535586551 -0.308799174 -0.320530105 0.895373504 -0.014484855
1642661174.269864082 0.724343897 1.248754520 1.535153668 -0.309616202 -0.320521050 0.895076884 -0.015538191
1642661174.278197050 0.723388328 1.248347122 1.534726553 -0.310528367 -0.320147191 0.894882224 -0.016239282
1642661174.286530018 0.722451359 1.247970866 1.534254661 -0.311337216 -0.319971728 0.894650368 -0.016969096
1642661174.294862986 0.721469156 1.247658699 1.533791864 -0.312235921 -0.319552553 0.894475904 -0.017542861
1642661174.303196907 0.720478291 1.247373992 1.533327438 -0.313063500 -0.319355756 0.894241950 -0.018288816
1642661174.311530113 0.719485134 1.247163252 1.532827476 -0.313709074 -0.319346038 0.893996087 -0.019383514
1642661174.319864035 0.718459399 1.246997265 1.532333764 -0.314353167 -0.319262954 0.893779600 -0.020280005
1642661174.328197002 0.717409465 1.246918447 1.531812510 -0.314819241 -0.319013805 0.893682378 -0.021233102
1642661174.336529970 0.716475396 1.246866679 1.531164668 -0.314256092 -0.319084079 0.893834774 -0.022087469
1642661174.344863892 0.715395659 1.246891859 1.530619550 -0.314602829 -0.318750455 0.893809587 -0.022970194
1642661174.353197098 0.714316154 1.246989315 1.530028385 -0.314714123 -0.318739560 0.893740909 -0.024234321
1642661174.361530066 0.713183570 1.247117041 1.529449164 -0.314899399 -0.318673676 0.893663259 -0.025523267
1642661174.369863987 0.712002287 1.247324418 1.528849980 -0.315061574 -0.318361944 0.893681817 -0.026733641
1642661174.378196955 0.710773104 1.247590366 1.528246692 -0.315163024 -0.318100995 0.893697218 -0.028094639
1642661174.386529922 0.709529389 1.247881421 1.527612871 -0.315226163 -0.318007064 0.893658404 -0.029641713
1642661174.394864082 0.708241452 1.248215213 1.526975073 -0.315202181 -0.317881062 0.893656359 -0.031265447
1642661174.403197050 0.706894535 1.248596517 1.526330903 -0.315278789 -0.317726949 0.893621570 -0.033005467
1642661174.411530018 0.705553324 1.248991663 1.525650183 -0.315139729 -0.317710131 0.893611037 -0.034735260
1642661174.419862986 0.704191075 1.249426371 1.524974531 -0.315038636 -0.317703999 0.893575280 -0.036579320
1642661174.428196907 0.702842586 1.249888300 1.524235098 -0.314549197 -0.317379347 0.893806853 -0.037927075
1642661174.436530113 0.701760590 1.250410612 1.523131079 -0.312251300 -0.317221751 0.894620813 -0.039026739
1642661174.444864035 0.699956785 1.250827658 1.522938994 -0.314595508 -0.317564394 0.893552990 -0.041780086
1642661174.453197002 0.698582715 1.251353457 1.522209993 -0.313897319 -0.318117213 0.893501426 -0.043876119
1642661174.461529970 0.697482658 1.251976891 1.521465566 -0.313014513 -0.321148532 0.892425814 -0.049615539
1642661174.469863892 0.696009985 1.252494502 1.520784994 -0.312867827 -0.321225591 0.892351483 -0.051348548
1642661174.478197098 0.694432641 1.253185388 1.520051129 -0.312734698 -0.321176549 0.892274535 -0.053747431
1642661174.486530066 0.692548328 1.253430870 1.519613049 -0.314759801 -0.321376902 0.891337436 -0.056220363
1642661174.494863987 0.691017645 1.253981720 1.518972712 -0.314925769 -0.321253841 0.891217182 -0.057876290
1642661174.503196955 0.689526891 1.254516554 1.518316319 -0.315028068 -0.321294183 0.891056354 -0.059547779
1642661174.511529922 0.687992376 1.255020394 1.517691847 -0.315400251 -0.321268739 0.890825476 -0.061147782
1642661174.519864082 0.686505394 1.255564811 1.517052399 -0.315524140 -0.321236797 0.890683690 -0.062721622
1642661174.528197050 0.685004233 1.256069650 1.516451582 -0.315942500 -0.321130764 0.890482237 -0.064005899
1642661174.536530018 0.683854397 1.256651920 1.515755105 -0.314979655 -0.321045713 0.890837563 -0.064233198
1642661174.544862986 0.681930109 1.257021890 1.515358543 -0.317301702 -0.321068224 0.889806476 -0.066927276
1642661174.553196907 0.680439998 1.257448334 1.514835361 -0.317941195 -0.321055021 0.889509331 -0.067898596
1642661174.561530113 0.678933901 1.257850941 1.514375565 -0.318820377 -0.321077290 0.889101763 -0.068999970
1642661174.569864035 0.677517700 1.258210098 1.513930298 -0.319544739 -0.321391167 0.888651415 -0.069982421
1642661174.578197002 0.676087622 1.258550528 1.513524963 -0.320416290 -0.321624014 0.888195732 -0.070708808
1642661174.586529970 0.674718180 1.258884579 1.513133858 -0.321084881 -0.321941863 0.887792062 -0.071296506
1642661174.594863892 0.673357589 1.259198802 1.512801895 -0.321955106 -0.322260594 0.887316560 -0.071849432
1642661174.603197098 0.672045844 1.259504829 1.512470141 -0.322729762 -0.322650909 0.886859964 -0.072258527
1642661174.611530066 0.670670100 1.259853083 1.512203917 -0.323699553 -0.323019951 0.886326628 -0.072813597
1642661174.619863987 0.668651318 1.260537531 1.512346103 -0.326536418 -0.323248237 0.885044741 -0.074701744
1642661174.628196955 0.668322338 1.260432682 1.511548867 -0.324761031 -0.324158711 0.885448546 -0.073703972
1642661174.636529922 0.666400262 1.261105233 1.511676142 -0.327446822 -0.324309055 0.884258971 -0.075420734
1642661174.644864082 0.666001641 1.261087752 1.510963328 -0.326129481 -0.324888020 0.884600642 -0.074625995
1642661174.653197050 0.663244098 1.262274513 1.511715262 -0.332330346 -0.324959940 0.881843726 -0.079430599
1642661174.661530018 0.663351863 1.262085277 1.510668214 -0.329133721 -0.325796119 0.882912382 -0.077418397
1642661174.669862986 0.661333920 1.262839653 1.510864702 -0.332448410 -0.325265774 0.881710705 -0.079160994
1642661174.678196907 0.660392927 1.263161735 1.510442469 -0.332537627 -0.325439997 0.881601772 -0.079283359
1642661174.686530113 0.659436634 1.263477444 1.510020614 -0.332775698 -0.325230457 0.881613153 -0.079017299
1642661174.694864035 0.658504297 1.263798799 1.509597330 -0.333118102 -0.325100487 0.881537311 -0.078955505
1642661174.703197002 0.657549082 1.264165555 1.509197311 -0.333619541 -0.325011366 0.881370386 -0.079068678
1642661174.711529970 0.656496487 1.264533331 1.508861078 -0.334655586 -0.324771437 0.881064933 -0.079080561
1642661174.719863892 0.655507610 1.264866980 1.508499946 -0.335608180 -0.324535024 0.880808065 -0.078875342
1642661174.728197098 0.654498805 1.265163957 1.508141286 -0.336823106 -0.324034126 0.880590964 -0.078176943
1642661174.736530066 0.653553808 1.265435644 1.507741146 -0.338007230 -0.323472948 0.880431901 -0.077175332
1642661174.744863987 0.653394641 1.265360426 1.506907169 -0.336957116 -0.323262951 0.881124290 -0.074705765
1642661174.753196955 0.651224330 1.266195346 1.507225821 -0.341845874 -0.322327100 0.879443901 -0.076322108
1642661174.761529922 0.650219922 1.266518863 1.506906067 -0.343389223 -0.321870555 0.879052111 -0.075832530
1642661174.769864082 0.649921629 1.266506652 1.506209103 -0.342827531 -0.321328429 0.879668181 -0.073492971
1642661174.778197050 0.647810479 1.267367570 1.506560528 -0.347356947 -0.320420092 0.878081288 -0.075148974
1642661174.786530018 0.647538763 1.267424303 1.505918368 -0.346612612 -0.319968618 0.878705825 -0.073183691
1642661174.794862986 0.645454267 1.268345396 1.506345560 -0.350950708 -0.319294539 0.877052386 -0.075257627
1642661174.803196907 0.645146206 1.268461858 1.505823936 -0.350224577 -0.318915956 0.877624570 -0.073555916
1642661174.811530113 0.643027797 1.269450213 1.506356413 -0.354365849 -0.318275896 0.876019284 -0.075601014
1642661174.819864035 0.641985915 1.269993845 1.506355489 -0.355416543 -0.317800118 0.875774395 -0.075507451
1642661174.828197002 0.640983519 1.270537836 1.506371951 -0.356345147 -0.317392355 0.875550125 -0.075446724
1642661174.836529970 0.641007523 1.270679823 1.505902609 -0.354274870 -0.317469451 0.876504131 -0.073776506
1642661174.844863892 0.639850186 1.271379668 1.506106552 -0.355449958 -0.317123964 0.876105456 -0.074343456
1642661174.853197098 0.637945893 1.272467130 1.506751713 -0.358380244 -0.316829403 0.874822874 -0.076600709
1642661174.861530066 0.637030436 1.273133943 1.506905970 -0.358684642 -0.316672264 0.874723939 -0.076954764
1642661174.869863987 0.636285992 1.273740790 1.507026985 -0.358489533 -0.316708443 0.874769576 -0.077195888
1642661174.878196955 0.636291466 1.274063803 1.506785579 -0.356231850 -0.316820853 0.875768399 -0.075849376
1642661174.886529922 0.634453867 1.275288809 1.507586565 -0.358942225 -0.316554764 0.874535178 -0.078369523
1642661174.894864082 0.633840631 1.275987039 1.507760110 -0.358247381 -0.316433048 0.874870368 -0.078299293
1642661174.903197050 0.634015926 1.276316244 1.507565184 -0.355590133 -0.316569768 0.876039041 -0.076777851
1642661174.911530018 0.632252702 1.277587949 1.508445133 -0.358259810 -0.316412827 0.874760619 -0.079540501
1642661174.919862986 0.631567409 1.278356605 1.508776029 -0.358078771 -0.316383118 0.874822275 -0.079795385
1642661174.928196907 0.631038397 1.279077834 1.509045183 -0.357550109 -0.316296526 0.875079208 -0.079691954
1642661174.936530113 0.631341190 1.279430420 1.508890300 -0.354934107 -0.316329489 0.876311770 -0.077686012
1642661174.944864035 0.629697453 1.280696411 1.509791050 -0.357744006 -0.315864188 0.875170460 -0.079534308
1642661174.953197002 0.629181657 1.281482918 1.510098779 -0.357608232 -0.315824830 0.875255886 -0.079360971
1642661174.961529970 0.629506967 1.281891491 1.509940044 -0.355236433 -0.315844855 0.876407721 -0.077192038
1642661174.969863892 0.627872556 1.283184420 1.510851491 -0.358499365 -0.315338814 0.875099056 -0.079001775
1642661174.978197098 0.627281186 1.284031887 1.511202036 -0.358930642 -0.314867692 0.875141843 -0.078446699
1642661174.986530066 0.626824047 1.284831859 1.511508250 -0.359102407 -0.314427473 0.875293556 -0.077730411
1642661174.994863987 0.627222024 1.285271886 1.511372843 -0.357075362 -0.314007513 0.876502601 -0.075097655
1642661175.003196955 0.625716229 1.286633129 1.512268367 -0.360326943 -0.313232777 0.875331004 -0.076454928
1642661175.011529922 0.625380998 1.287580865 1.512513742 -0.360269758 -0.312602868 0.875648288 -0.075665215
1642661175.019864082 0.626479023 1.288524089 1.511708668 -0.354741149 -0.311708545 0.878498311 -0.072368618
1642661175.028197050 0.625414528 1.288863879 1.512812412 -0.359348276 -0.311566989 0.876705699 -0.071985725
1642661175.036530018 0.624567067 1.290137783 1.513348646 -0.361087518 -0.310690641 0.876240542 -0.072729932
1642661175.044862986 0.623159452 1.291554688 1.514257432 -0.364573694 -0.309544219 0.875114520 -0.073776520
1642661175.053196907 0.622769091 1.292480097 1.514655878 -0.365385393 -0.308509111 0.875243677 -0.072554458
1642661175.061530113 0.622309013 1.293331286 1.515036023 -0.366295184 -0.305714593 0.876135763 -0.068938742
1642661175.069864035 0.623221546 1.293812739 1.514843413 -0.363850303 -0.307312533 0.876617379 -0.068658103
1642661175.078197002 0.621913016 1.295185919 1.515749237 -0.367373435 -0.305952860 0.875575295 -0.069264059
1642661175.086529970 0.621587793 1.295988446 1.516074041 -0.368052782 -0.302925392 0.876658296 -0.065142827
1642661175.094863892 0.622457069 1.296398474 1.515891656 -0.365911769 -0.302288249 0.877988760 -0.062178201
1642661175.103197098 0.622391830 1.297274705 1.516194157 -0.366192245 -0.301392997 0.878262546 -0.060995089
1642661175.111530066 0.622360673 1.298126338 1.516496496 -0.366516556 -0.300367890 0.878573096 -0.059615941
1642661175.119863987 0.622324087 1.298991335 1.516807997 -0.366842628 -0.299541345 0.878789042 -0.058577197
1642661175.128196955 0.622320323 1.299872063 1.517113680 -0.367136508 -0.298659633 0.879025166 -0.057688522
1642661175.136529922 0.622386484 1.300726581 1.517382710 -0.367173909 -0.297572847 0.879459390 -0.056434951
1642661175.144864082 0.622476024 1.301548379 1.517637224 -0.367263752 -0.296495666 0.879854376 -0.055352810
1642661175.153197050 0.622670785 1.302350246 1.517837604 -0.366959397 -0.295664518 0.880324036 -0.054340449
1642661175.161530018 0.622799630 1.303183980 1.518053714 -0.366917096 -0.294613114 0.880746237 -0.053488532
1642661175.169862986 0.622933341 1.304016051 1.518278315 -0.367054924 -0.293295152 0.881190817 -0.052453604
1642661175.178196907 0.623157906 1.304820202 1.518436367 -0.366848414 -0.292297301 0.881658883 -0.051595965
1642661175.186530113 0.623380278 1.305619889 1.518602222 -0.366812921 -0.291166617 0.882092359 -0.050826680
1642661175.194864035 0.623680412 1.306390489 1.518695038 -0.366417321 -0.290198399 0.882625755 -0.049950093
1642661175.203197002 0.623942475 1.307195800 1.518812565 -0.366312957 -0.289096019 0.883070941 -0.049234357
1642661175.211529970 0.624177944 1.308023463 1.518950171 -0.366391037 -0.287817061 0.883490910 -0.048608227
1642661175.219863892 0.624470245 1.308822598 1.519043674 -0.366282808 -0.286661129 0.883948363 -0.047933224
1642661175.228197098 0.624889006 1.309573157 1.519050512 -0.365725436 -0.285803339 0.884492657 -0.047266216
1642661175.236530066 0.625833543 1.309951223 1.518815413 -0.363674820 -0.284485645 0.885938249 -0.043840182
1642661175.244863987 0.626220224 1.310790230 1.518855615 -0.363382008 -0.283152146 0.886522646 -0.043081047
1642661175.253196955 0.626672391 1.311623433 1.518890928 -0.362979548 -0.282029285 0.887067788 -0.042615371
1642661175.261529922 0.627207797 1.312447471 1.518902230 -0.362242308 -0.280765891 0.887813510 -0.041691672
1642661175.269864082 0.627756587 1.313273527 1.518947507 -0.361652803 -0.279774644 0.888385149 -0.041294383
1642661175.278197050 0.628317027 1.314161119 1.519049697 -0.361068657 -0.278317054 0.889116992 -0.040497133
1642661175.286530018 0.628998819 1.315031783 1.519149512 -0.360221442 -0.277376274 0.889774219 -0.040059383
1642661175.294862986 0.629754262 1.315880228 1.519257928 -0.359239950 -0.276481193 0.890475089 -0.039483217
1642661175.303196907 0.630521336 1.316754721 1.519411944 -0.358399601 -0.275415402 0.891173075 -0.038815355
1642661175.311530113 0.631332484 1.317604998 1.519569315 -0.357511506 -0.274536854 0.891829739 -0.038141261
1642661175.319864035 0.632078906 1.318525222 1.519769378 -0.356902545 -0.273668227 0.892360332 -0.037673763
1642661175.328197002 0.632413492 1.319865715 1.520230712 -0.357435614 -0.272401192 0.892527310 -0.037846706
1642661175.336529970 0.632936802 1.320771861 1.520574551 -0.357680322 -0.271538450 0.892698366 -0.037699929
1642661175.344863892 0.633756564 1.321632983 1.520729487 -0.357355315 -0.270514949 0.893169659 -0.036970274
1642661175.353197098 0.634540524 1.322533713 1.520889770 -0.357196219 -0.268965431 0.893749689 -0.035776416
1642661175.361530066 0.635400545 1.323415192 1.521003390 -0.356987968 -0.267573275 0.894292232 -0.034720839
1642661175.369863987 0.636302748 1.324269157 1.521074970 -0.356689762 -0.266330171 0.894820652 -0.033714316
1642661175.378196955 0.637171424 1.325173411 1.521158456 -0.356628271 -0.264722857 0.895362121 -0.032630630
1642661175.386529922 0.638069773 1.326078653 1.521200968 -0.356507856 -0.262879432 0.896005348 -0.031160389
1642661175.394864082 0.639197354 1.326967929 1.521092935 -0.355877730 -0.261081872 0.896836966 -0.029508523
1642661175.403197050 0.639867686 1.327952896 1.521252748 -0.356293424 -0.259470989 0.897157362 -0.028956359
1642661175.411530018 0.640746881 1.328959629 1.521243560 -0.356223692 -0.257652085 0.897734919 -0.028144271
1642661175.419862986 0.641693248 1.329944118 1.521198629 -0.356000129 -0.255987154 0.898323744 -0.027366691
1642661175.428196907 0.642782812 1.330929961 1.521045842 -0.355219086 -0.253915669 0.899263837 -0.025899523
1642661175.436530113 0.644199723 1.331920725 1.520684005 -0.353574710 -0.251736605 0.900575418 -0.024031700
1642661175.444864035 0.645213584 1.332953910 1.520548468 -0.353096596 -0.249956354 0.901273984 -0.023448270
1642661175.453197002 0.646259523 1.334012396 1.520369750 -0.352368688 -0.247763020 0.902187908 -0.022511584
1642661175.461529970 0.647358960 1.335035326 1.520174433 -0.351601574 -0.245917909 0.903000293 -0.022162735
1642661175.469863892 0.648433125 1.336039730 1.519984817 -0.351021393 -0.243990582 0.903750689 -0.022074155
1642661175.478197098 0.650296990 1.336673898 1.519431169 -0.347557613 -0.242457733 0.905557154 -0.019600887
1642661175.486530066 0.651387135 1.337730817 1.519194994 -0.346559836 -0.240404536 0.906496850 -0.019115440
1642661175.494863987 0.652572186 1.338716956 1.518927411 -0.345318699 -0.238874096 0.907377232 -0.018992650
1642661175.503196955 0.653763249 1.339707047 1.518676873 -0.344014580 -0.237206233 0.908313671 -0.018800187
1642661175.511529922 0.655301488 1.340719192 1.518345242 -0.341954002 -0.238112742 0.908795370 -0.021465262
1642661175.519864082 0.656565798 1.341587074 1.518116285 -0.340482813 -0.236503554 0.909781526 -0.020859003
1642661175.528197050 0.657835885 1.342400551 1.517916455 -0.339060190 -0.235087919 0.910691011 -0.020340636
1642661175.536530018 0.659095551 1.343159315 1.517771015 -0.337890089 -0.233707010 0.911493603 -0.019766986
1642661175.544862986 0.660428104 1.343877017 1.517635836 -0.336479839 -0.232485838 0.912339888 -0.019172441
1642661175.553196907 0.661687903 1.344525597 1.517566880 -0.335442493 -0.231336507 0.913025054 -0.018628052
1642661175.561530113 0.662947603 1.345087766 1.517530683 -0.334466894 -0.230182458 0.913691044 -0.017793525
1642661175.569864035 0.664297960 1.345602237 1.517474620 -0.333239282 -0.229424805 0.914340285 -0.017253455
1642661175.578197002 0.665624502 1.346101306 1.517428690 -0.332090412 -0.228502048 0.915004183 -0.016435263
1642661175.586529970 0.666981666 1.346481283 1.517385273 -0.330864884 -0.227698077 0.915669097 -0.015235464
1642661175.594863892 0.668334349 1.346850000 1.517362799 -0.329703869 -0.227184997 0.916224785 -0.014645107
1642661175.603197098 0.669725068 1.347179188 1.517288509 -0.328103866 -0.226892935 0.916887405 -0.013599125
1642661175.611530066 0.670988245 1.347508339 1.517342885 -0.327860726 -0.225868425 0.917233370 -0.013181227
1642661175.619863987 0.672343735 1.347771841 1.517271914 -0.326539503 -0.225285007 0.917859357 -0.012361999
1642661175.628196955 0.673762276 1.348000358 1.517189800 -0.325168165 -0.224625995 0.918519929 -0.011400331
1642661175.636529922 0.675120221 1.348238221 1.517118425 -0.323991219 -0.223855525 0.919134628 -0.010484778
1642661175.644864082 0.676505482 1.348433428 1.517027176 -0.322723526 -0.223408283 0.919696704 -0.009810115
1642661175.653197050 0.677873200 1.348606249 1.516942239 -0.321490990 -0.222623239 0.920328050 -0.008872223
1642661175.661530018 0.679267682 1.348730285 1.516827890 -0.320090307 -0.221965553 0.920985283 -0.007719887
1642661175.669862986 0.680626153 1.348901478 1.516720315 -0.318793449 -0.221288133 0.921604278 -0.006917713
1642661175.678196907 0.682003430 1.349040035 1.516581283 -0.317360653 -0.220730510 0.922237413 -0.006197741
1642661175.686530113 0.683335980 1.349153607 1.516434844 -0.315961467 -0.219843879 0.922936741 -0.004979236
1642661175.694864035 0.684585533 1.349305091 1.516359048 -0.315173379 -0.219147489 0.923376216 -0.004060007
1642661175.703197002 0.685877128 1.349391586 1.516200205 -0.313843857 -0.218465158 0.923994222 -0.003112312
1642661175.711529970 0.687122114 1.349529527 1.516049647 -0.312659374 -0.217682004 0.924582855 -0.002281406
1642661175.719863892 0.688302543 1.349669632 1.515918515 -0.311719170 -0.216845511 0.925098093 -0.001643729
1642661175.728197098 0.689400841 1.349798922 1.515789066 -0.310947200 -0.215901789 0.925579579 -0.000836668
1642661175.736530066 0.690493676 1.349891149 1.515643475 -0.310123854 -0.214981327 0.926070312 0.000027976
1642661175.744863987 0.691648376 1.349911140 1.515437462 -0.308637566 -0.214564284 0.926662077 0.001554188
1642661175.753196955 0.692629398 1.350029841 1.515372187 -0.308427769 -0.213551171 0.926965178 0.001941196
1642661175.761529922 0.693503529 1.350152713 1.515340584 -0.308556564 -0.212261557 0.927217432 0.002389856
1642661175.769864082 0.694336363 1.350329217 1.515108006 -0.307552393 -0.210974482 0.927844982 0.002232457
1642661175.778197050 0.695306929 1.350322427 1.515123284 -0.307441972 -0.210085535 0.928080766 0.003097413
1642661175.786530018 0.696455129 1.350148010 1.514815766 -0.305630754 -0.209058034 0.928903477 0.004786580
1642661175.794862986 0.697123702 1.350504641 1.515043605 -0.306373744 -0.208283253 0.928837567 0.003740399
1642661175.803196907 0.698065342 1.350587834 1.515041217 -0.305713940 -0.207452606 0.929239976 0.003933305
1642661175.811530113 0.699006639 1.350633297 1.515057715 -0.305016641 -0.206553172 0.929667592 0.004336422
1642661175.819864035 0.699967465 1.350695929 1.515110338 -0.304224251 -0.205697050 0.930115804 0.004573902
1642661175.828197002 0.700990507 1.350711166 1.515147786 -0.303220407 -0.205032153 0.930589097 0.004809700
1642661175.836529970 0.701988554 1.350705843 1.515210942 -0.302296365 -0.204214755 0.931067005 0.005241610
1642661175.844863892 0.702944985 1.350708169 1.515315629 -0.301533446 -0.203470277 0.931476206 0.005431853
1642661175.853197098 0.703939196 1.350712378 1.515423058 -0.300641241 -0.202935052 0.931881328 0.005422113
1642661175.861530066 0.704883051 1.350675157 1.515556661 -0.299991237 -0.202088615 0.932271246 0.005981140
1642661175.869863987 0.705810450 1.350675319 1.515755439 -0.299562434 -0.201262489 0.932586221 0.006220875
1642661175.878196955 0.706928102 1.350879521 1.515982642 -0.298565771 -0.200432573 0.933090699 0.005197329
1642661175.886529922 0.707653775 1.350644389 1.516174959 -0.298839401 -0.199727568 0.933141372 0.007147771
1642661175.894864082 0.708537732 1.350648734 1.516437885 -0.298692391 -0.198993410 0.933342007 0.007561452
1642661175.903197050 0.709430365 1.350649433 1.516713172 -0.298566889 -0.198212541 0.933543116 0.008176289
1642661175.911530018 0.710312532 1.350642258 1.516990399 -0.298433790 -0.197236506 0.933784719 0.009007401
1642661175.919862986 0.711141731 1.350649631 1.517306754 -0.298553753 -0.196345588 0.933926984 0.009718800
1642661175.928196907 0.711905319 1.350684716 1.517655550 -0.298886592 -0.195436955 0.934003642 0.010411431
1642661175.936530113 0.712726581 1.350735061 1.517985859 -0.299085216 -0.194605323 0.934106408 0.011046319
1642661175.944864035 0.713471238 1.350784843 1.518357318 -0.299530685 -0.193745196 0.934133625 0.011770230
1642661175.953197002 0.714230513 1.350858355 1.518712675 -0.299915775 -0.192899397 0.934176045 0.012468629
1642661175.961529970 0.714926187 1.350928133 1.519114432 -0.300502840 -0.192075631 0.934146112 0.013267920
1642661175.969863892 0.715625277 1.351021889 1.519517068 -0.301040951 -0.191289969 0.934122930 0.014030135
1642661175.978197098 0.716316600 1.351129499 1.519931994 -0.301620473 -0.190438329 0.934097125 0.014862502
1642661175.986530066 0.716988384 1.351208424 1.520331236 -0.302179540 -0.189739245 0.934045523 0.015668591
1642661175.994863987 0.717593115 1.351322357 1.520786775 -0.302957509 -0.189044168 0.933923844 0.016288183
1642661176.003196955 0.718194875 1.351454088 1.521252691 -0.303655948 -0.188500048 0.933800184 0.016673770
1642661176.011529922 0.718830080 1.351518674 1.521650767 -0.303987556 -0.187779401 0.933820086 0.017621270
1642661176.019864082 0.719692912 1.351316194 1.521837317 -0.303052268 -0.187144369 0.934212315 0.019587201
1642661176.028197050 0.720041597 1.351743801 1.522601115 -0.304772452 -0.186450124 0.933812813 0.018540064
1642661176.036530018 0.720957078 1.352636853 1.523311887 -0.303705467 -0.182571252 0.934959655 0.016768152
1642661176.044862986 0.721389793 1.352096256 1.523592302 -0.304486006 -0.185656325 0.934082772 0.017589105
1642661176.053196907 0.722076803 1.352636823 1.524272493 -0.303853785 -0.182275633 0.934957706 0.017394214
1642661176.061530113 0.722898711 1.351665737 1.524170465 -0.302264030 -0.185155793 0.934847155 0.020361387
1642661176.069864035 0.723088184 1.352627109 1.525368563 -0.304031375 -0.182079789 0.934932757 0.017680888
1642661176.078197002 0.723410511 1.352028430 1.525733360 -0.304867092 -0.185406579 0.933997586 0.018137401
1642661176.086529970 0.723878087 1.352393690 1.526528061 -0.304842698 -0.182189753 0.934637854 0.018163284
1642661176.094863892 0.724167886 1.351739143 1.526914377 -0.305659415 -0.185585103 0.933695426 0.018529529
1642661176.103197098 0.724949950 1.351149295 1.527055834 -0.303511040 -0.185437802 0.934376872 0.020826221
1642661176.111530066 0.725134619 1.351047424 1.527759569 -0.304409580 -0.185544212 0.934073670 0.020360051
1642661176.119863987 0.724395513 1.351789851 1.529285876 -0.309713691 -0.186050721 0.932326374 0.015168731
1642661176.128196955 0.724694439 1.351514382 1.529925998 -0.310029987 -0.186172254 0.932193510 0.015380505
1642661176.136529922 0.725240435 1.350987628 1.530384721 -0.309224139 -0.186154758 0.932439465 0.016836950
1642661176.144864082 0.726027615 1.350090458 1.530582204 -0.306817946 -0.186056150 0.933193161 0.019909317
1642661176.153197050 0.725531601 1.350459584 1.531991945 -0.310864450 -0.186693078 0.931800170 0.016044682
1642661176.161530018 0.725725846 1.350125725 1.532794875 -0.311494734 -0.186875092 0.931553178 0.016043923
1642661176.169862986 0.725890749 1.349779313 1.533650104 -0.312189334 -0.187223423 0.931257124 0.015664538
1642661176.178196907 0.726091251 1.349351062 1.534471297 -0.312548686 -0.187625959 0.931058177 0.015507690
1642661176.186530113 0.726912354 1.348242060 1.534731079 -0.309665856 -0.187919285 0.931899618 0.018881250
1642661176.194864035 0.726350694 1.348475209 1.536296388 -0.313809219 -0.188677329 0.930428976 0.015051908
1642661176.203197002 0.726471535 1.348016404 1.537244977 -0.314383514 -0.189301965 0.930114985 0.014624887
1642661176.211529970 0.726316902 1.347731293 1.538416880 -0.315964441 -0.190021511 0.929454008 0.013173620
1642661176.219863892 0.726596479 1.346975276 1.539233368 -0.315678707 -0.190626490 0.929411692 0.014226831
1642661176.228197098 0.726339248 1.346691228 1.540481224 -0.317579944 -0.191422774 0.928625213 0.012470514
1642661176.236530066 0.726437873 1.346106834 1.541513873 -0.318020728 -0.192253309 0.928304568 0.012333323
1642661176.244863987 0.727509648 1.344589772 1.541663660 -0.313558521 -0.192882854 0.929613903 0.017182810
1642661176.253196955 0.726954413 1.345075170 1.543080198 -0.316241962 -0.194042693 0.928533706 0.012791083
1642661176.261529922 0.726889309 1.344452710 1.544310814 -0.317260130 -0.194842776 0.928020534 0.012656654
1642661176.269864082 0.726879500 1.343749076 1.545535271 -0.318016618 -0.195839975 0.927553436 0.012520269
1642661176.278197050 0.727591376 1.341956640 1.546208517 -0.315485038 -0.196795111 0.928141476 0.017154475
1642661176.286530018 0.726619199 1.342419767 1.548168118 -0.320268855 -0.198143676 0.926299194 0.011693938
1642661176.294862986 0.726552090 1.341663536 1.549390745 -0.320827307 -0.199321630 0.925854367 0.011593874
1642661176.303196907 0.726349602 1.340741222 1.550676621 -0.321620195 -0.200498223 0.925321862 0.011847536
1642661176.311530113 0.726252575 1.339934913 1.551818633 -0.321854927 -0.201732179 0.924971439 0.011889938
1642661176.319864035 0.726092953 1.339125376 1.552978668 -0.322242740 -0.202805503 0.924597539 0.012203933
1642661176.328197002 0.726018426 1.338255255 1.554046235 -0.322058205 -0.203853442 0.924425949 0.012607572
1642661176.336529970 0.726131649 1.337182590 1.554995007 -0.321170512 -0.205112352 0.924438720 0.013837569
1642661176.344863892 0.725915423 1.336284149 1.556138441 -0.321529656 -0.206096408 0.924089933 0.014168537
1642661176.353197098 0.725697173 1.335334548 1.557293087 -0.321825636 -0.207335648 0.923707568 0.014300994
1642661176.361530066 0.725531854 1.334375930 1.558405557 -0.321942639 -0.208383701 0.923426753 0.014567182
1642661176.369863987 0.725351067 1.333413535 1.559525299 -0.322131884 -0.209526705 0.923100272 0.014679790
1642661176.378196955 0.725070829 1.332404951 1.560688439 -0.322726999 -0.210591591 0.922648383 0.014779265
1642661176.386529922 0.724790512 1.331318983 1.561821159 -0.323234030 -0.211598388 0.922232343 0.015277074
1642661176.394864082 0.724508037 1.330211450 1.562955097 -0.323698280 -0.212805056 0.921787269 0.015545496
1642661176.403197050 0.724206001 1.329108126 1.564089670 -0.324338212 -0.213948270 0.921292685 0.015831949
1642661176.411530018 0.723874840 1.327952957 1.565226429 -0.324996138 -0.214950639 0.920819835 0.016265471
1642661176.419862986 0.723489666 1.326818869 1.566384834 -0.325933726 -0.216111304 0.920213394 0.016444439
1642661176.428196907 0.723202732 1.325622547 1.567444900 -0.326409625 -0.217317763 0.919754777 0.016759999
1642661176.436530113 0.723426544 1.323915457 1.568032740 -0.324270739 -0.218101514 0.920261753 0.019963049
1642661176.444864035 0.722583406 1.323782285 1.569942895 -0.327668587 -0.216827266 0.919434315 0.016117487
1642661176.453197002 0.722016505 1.321992334 1.570797401 -0.329317864 -0.220687160 0.917892933 0.017874149
1642661176.461529970 0.721618189 1.320722857 1.571877738 -0.330223175 -0.221722677 0.917305756 0.018489438
1642661176.469863892 0.721306239 1.319384929 1.572865615 -0.330759360 -0.222924633 0.916806466 0.019203041
1642661176.478197098 0.721542977 1.317604659 1.573360873 -0.328548555 -0.223790960 0.917322184 0.022214038
1642661176.486530066 0.720670468 1.317391871 1.575194029 -0.331866290 -0.222145702 0.916608442 0.018574619
1642661176.494863987 0.720084086 1.315445188 1.575884875 -0.333642831 -0.226341443 0.914893761 0.020528467
1642661176.503196955 0.719887260 1.313765362 1.576672197 -0.335307133 -0.226731146 0.914125353 0.023172234
1642661176.511529922 0.719118926 1.312741289 1.577704150 -0.335387915 -0.228734666 0.913645063 0.021168307
1642661176.519864082 0.719116927 1.310897938 1.578042037 -0.333493505 -0.229778670 0.914003988 0.024094708
1642661176.528197050 0.717954370 1.310076742 1.579477165 -0.337685226 -0.231112959 0.912193767 0.021401413
1642661176.536530018 0.717363570 1.308713264 1.580259029 -0.338509821 -0.232197665 0.911605573 0.021693899
1642661176.544862986 0.717326043 1.306805526 1.580500261 -0.336518918 -0.233247919 0.911997928 0.024702347
1642661176.553196907 0.716675144 1.305472846 1.581305682 -0.337598939 -0.234462515 0.911288765 0.024638853
1642661176.561530113 0.715465720 1.304622218 1.582572860 -0.341484397 -0.235854299 0.909550581 0.021883728
1642661176.569864035 0.715334738 1.302639994 1.582652210 -0.339682349 -0.236957526 0.909876693 0.024319449
1642661176.578197002 0.714670060 1.301477285 1.583412529 -0.340319685 -0.238341646 0.909280132 0.024195297
1642661176.586529970 0.713476818 1.300710095 1.584542435 -0.343860882 -0.239782477 0.907643815 0.021136746
1642661176.594863892 0.713422296 1.298856297 1.584511718 -0.341398873 -0.241346063 0.908101622 0.023459141
1642661176.603197098 0.713055415 1.297417086 1.584849623 -0.341456547 -0.246342114 0.906823877 0.019835482
1642661176.611530066 0.712100482 1.296413772 1.585443544 -0.342337448 -0.243574377 0.907161331 0.023128209
1642661176.619863987 0.711454987 1.295224613 1.585843176 -0.342705475 -0.244934261 0.906671263 0.022525215
1642661176.628196955 0.711107819 1.293940098 1.586102021 -0.342307106 -0.248816708 0.905842798 0.019102801
1642661176.636529922 0.710297557 1.293000817 1.586516345 -0.342775926 -0.247099367 0.906086652 0.021296634
1642661176.644864082 0.709741318 1.291904359 1.586827143 -0.342720550 -0.248018340 0.905868398 0.020783970
1642661176.653197050 0.708547373 1.290224080 1.587066055 -0.343823939 -0.245785251 0.905884795 0.027339497
1642661176.661530018 0.708152765 1.289168175 1.587279702 -0.343315475 -0.247058692 0.905759955 0.026370256
1642661176.669862986 0.707701214 1.288113355 1.587502634 -0.343191690 -0.247939868 0.905579689 0.025898115
1642661176.678196907 0.707025175 1.287395970 1.588045156 -0.344803300 -0.249264733 0.904675550 0.023236334
1642661176.686530113 0.706658451 1.286337539 1.588154804 -0.344566294 -0.250198518 0.904516321 0.022912769
1642661176.694864035 0.706336903 1.285258507 1.588173978 -0.344244344 -0.251093595 0.904391842 0.022874313
1642661176.703197002 0.706328047 1.283925362 1.587829162 -0.342345701 -0.251930387 0.904844235 0.024236589
1642661176.711529970 0.705594450 1.283260159 1.588171151 -0.344727358 -0.252680076 0.903774321 0.022534514
1642661176.719863892 0.705251885 1.282218444 1.588040486 -0.345002238 -0.253500654 0.903435315 0.022704765
1642661176.728197098 0.705186281 1.280866417 1.587515039 -0.343596376 -0.254214213 0.903727185 0.024368834
1642661176.736530066 0.704735584 1.279899398 1.587369294 -0.344713760 -0.254819868 0.903137972 0.024105233
1642661176.744863987 0.704471572 1.279342285 1.587505177 -0.346780141 -0.259298471 0.901241673 0.016470680
1642661176.753196955 0.703644759 1.278133955 1.587184330 -0.348279653 -0.256411281 0.901350246 0.022853284
1642661176.761529922 0.704537674 1.277410785 1.586541490 -0.344981263 -0.260342126 0.901621199 0.017003488
1642661176.769864082 0.704362882 1.276248630 1.586012745 -0.344442851 -0.261418191 0.901479425 0.018828121
1642661176.778197050 0.704058533 1.273885238 1.584554940 -0.339059532 -0.262516256 0.902832798 0.031887104
1642661176.786530018 0.702327996 1.273492467 1.585186667 -0.351316375 -0.258126043 0.899567989 0.026929226
1642661176.794862986 0.701905369 1.272476013 1.584732416 -0.352883151 -0.258481678 0.898842734 0.027247823
1642661176.803196907 0.701343743 1.271601560 1.585006928 -0.359516688 -0.259626490 0.895856054 0.027995850
1642661176.811530113 0.700861751 1.270450320 1.584355807 -0.361216450 -0.259658376 0.895156203 0.028205963
1642661176.819864035 0.700685033 1.269525982 1.583665621 -0.360661656 -0.260385987 0.895139079 0.029126233
1642661176.828197002 0.700314576 1.268522312 1.582997597 -0.361330928 -0.260513643 0.894819263 0.029514211
1642661176.836529970 0.699984544 1.267520903 1.582235130 -0.361726612 -0.260913313 0.894543420 0.029498665
1642661176.844863892 0.699551960 1.266418491 1.581422771 -0.362731588 -0.260981156 0.894123293 0.029294505
1642661176.853197098 0.699339812 1.265570927 1.580616269 -0.361987644 -0.261682610 0.894208224 0.029644729
1642661176.861530066 0.698997291 1.264590021 1.579759142 -0.362022130 -0.261974580 0.894103193 0.029812376
1642661176.869863987 0.698652857 1.263667264 1.578862690 -0.362036434 -0.262358658 0.893988207 0.029709263
1642661176.878196955 0.698192559 1.262775930 1.577987978 -0.362345854 -0.262581178 0.893803296 0.029534315
1642661176.886529922 0.697708061 1.261770539 1.576993750 -0.363031001 -0.262818557 0.893469592 0.029103018
1642661176.894864082 0.697281512 1.260931473 1.575995555 -0.362717168 -0.263171460 0.893489444 0.029217347
1642661176.903197050 0.696809195 1.260333931 1.575037830 -0.362219821 -0.263786669 0.893526791 0.028692669
1642661176.911530018 0.696285080 1.259612312 1.573991176 -0.362173153 -0.263940963 0.893506288 0.028500661
1642661176.919862986 0.695680529 1.258920827 1.572909301 -0.362125318 -0.264304576 0.893434608 0.027981178
1642661176.928196907 0.695111947 1.258233297 1.571785852 -0.361977257 -0.264550912 0.893421952 0.027973135
1642661176.936530113 0.694486923 1.257610217 1.570630909 -0.361665739 -0.264850978 0.893476415 0.027418040
1642661176.944864035 0.693851671 1.257049900 1.569503907 -0.361741730 -0.265217578 0.893367496 0.026402144
1642661176.953197002 0.693261817 1.256467873 1.568269039 -0.360995741 -0.265579630 0.893585354 0.025588077
1642661176.961529970 0.692803180 1.255759169 1.566248352 -0.355240405 -0.265209009 0.896036296 0.024236179
1642661176.969863892 0.692181314 1.255226865 1.565012798 -0.354707510 -0.265561062 0.896160777 0.023574690
1642661176.978197098 0.691467125 1.254689644 1.563784149 -0.354321469 -0.265777235 0.896260435 0.023151456
1642661176.986530066 0.690752113 1.254204729 1.562537216 -0.353917310 -0.265982405 0.896372611 0.022628287
1642661176.994863987 0.689674431 1.254071442 1.561629826 -0.355495454 -0.266256963 0.895719599 0.020411067
1642661177.003196955 0.688904978 1.253608578 1.560364047 -0.355266780 -0.266740402 0.895685890 0.019541207
1642661177.011529922 0.688120612 1.253176435 1.559060208 -0.355019467 -0.267146000 0.895678949 0.018799287
1642661177.019864082 0.687572769 1.252513442 1.557454831 -0.353161807 -0.267209772 0.896368214 0.019992520
1642661177.028197050 0.686768911 1.252146128 1.556140905 -0.353010104 -0.267521522 0.896343208 0.019620269
1642661177.036530018 0.685930632 1.251839079 1.554844309 -0.352855806 -0.267983798 0.896281936 0.018872100
1642661177.044862986 0.684831425 1.251833202 1.553774896 -0.353569073 -0.268380881 0.895920452 0.016945687
1642661177.053196907 0.684060899 1.251523370 1.552420390 -0.353081662 -0.268977077 0.895941425 0.016541916
1642661177.061530113 0.683590777 1.250964218 1.550746671 -0.350870224 -0.269215321 0.896710557 0.017982569
1642661177.069864035 0.682788877 1.250723093 1.549417177 -0.350483253 -0.269612436 0.896748674 0.017675960
1642661177.078197002 0.681985862 1.250506637 1.548106335 -0.350122347 -0.270136160 0.896740490 0.017242130
1642661177.086529970 0.680866369 1.250618278 1.547099215 -0.351479726 -0.270514523 0.896130434 0.015301669
1642661177.094863892 0.680048344 1.250411249 1.545752291 -0.350995629 -0.270799704 0.896235762 0.015200246
1642661177.103197098 0.679335923 1.250191888 1.544341674 -0.350101091 -0.271502740 0.896379530 0.014806289
1642661177.111530066 0.678943579 1.249855571 1.542731074 -0.347707389 -0.271939627 0.897185619 0.014365774
1642661177.119863987 0.677782495 1.249971067 1.541718976 -0.348960801 -0.272290950 0.896619126 0.012575373
1642661177.128196955 0.676977835 1.249761408 1.540311324 -0.348254379 -0.272553860 0.896812048 0.012705574
1642661177.136529922 0.675830862 1.249499325 1.538951305 -0.348764301 -0.272373435 0.896649514 0.013993689
1642661177.144864082 0.674931239 1.249301916 1.537587309 -0.348432935 -0.272777693 0.896661047 0.013630338
1642661177.153197050 0.674101174 1.249186658 1.536253186 -0.347824789 -0.273166585 0.896800870 0.012088502
1642661177.161530018 0.672693658 1.248937400 1.534982338 -0.349270941 -0.273027498 0.896294777 0.011021233
1642661177.169862986 0.671595758 1.248678154 1.533546487 -0.349534336 -0.273217233 0.896126408 0.011642665
1642661177.178196907 0.670601170 1.248548737 1.532246725 -0.349531385 -0.273079519 0.896180796 0.010740945
1642661177.186530113 0.669527669 1.248379221 1.531208085 -0.351703428 -0.272227890 0.895587999 0.010900038
1642661177.194864035 0.668633697 1.248230967 1.529521489 -0.349917013 -0.272667983 0.896148091 0.011351340
1642661177.203197002 0.667430482 1.247730213 1.527860355 -0.349673546 -0.272410392 0.896314245 0.011906450
1642661177.211529970 0.665877971 1.247812085 1.526745603 -0.351916102 -0.272858723 0.895314514 0.010728239
1642661177.219863892 0.664710125 1.247736013 1.525460376 -0.352123120 -0.272403714 0.895378684 0.010126019
1642661177.228197098 0.663528905 1.247549581 1.524072790 -0.352391810 -0.272399724 0.895271496 0.010360988
1642661177.236530066 0.662321601 1.247390400 1.522721750 -0.352597112 -0.272556215 0.895144322 0.010248354
1642661177.244863987 0.661074357 1.247251970 1.521348773 -0.352801089 -0.272414554 0.895105887 0.010351512
1642661177.253196955 0.660202015 1.246833789 1.519621344 -0.350996157 -0.272619444 0.895735594 0.011750860
1642661177.261529922 0.658595224 1.247099118 1.518636879 -0.352929097 -0.272508664 0.895032137 0.009876957
1642661177.269864082 0.657392269 1.247000402 1.517209251 -0.352548263 -0.272738210 0.895111879 0.009915399
1642661177.278197050 0.656155946 1.246991179 1.515831377 -0.352148653 -0.272768125 0.895264751 0.009481629
1642661177.286530018 0.654940675 1.246976438 1.514429433 -0.351644371 -0.272848736 0.895440673 0.009263128
1642661177.294862986 0.653894231 1.246925363 1.512934403 -0.350540994 -0.274364910 0.895423062 0.007902434
1642661177.303196907 0.652594793 1.247006880 1.511595919 -0.349797953 -0.273163436 0.896073110 0.008724181
1642661177.311530113 0.651538719 1.247051966 1.510148033 -0.348504726 -0.274694245 0.896126084 0.006750526
1642661177.319864035 0.650420475 1.247141662 1.508723727 -0.347095223 -0.274955540 0.896597597 0.006091434
1642661177.328197002 0.649295991 1.247262284 1.507287069 -0.345534441 -0.275071041 0.897168314 0.005557808
1642661177.336529970 0.648145773 1.247401850 1.505857611 -0.344073733 -0.275322543 0.897657070 0.004748622
1642661177.344863892 0.647155995 1.247298735 1.504115674 -0.341029192 -0.275318537 0.898816852 0.005201934
1642661177.353197098 0.646037502 1.247473617 1.502668605 -0.339454045 -0.275542462 0.899348922 0.004338201
1642661177.361530066 0.644910266 1.247669120 1.501228947 -0.337938305 -0.275712119 0.899871336 0.003479566
1642661177.369863987 0.643768824 1.247876637 1.499800091 -0.336358166 -0.275549040 0.900514915 0.002966170
1642661177.378196955 0.642715332 1.248058096 1.498321007 -0.334487086 -0.275837051 0.901125551 0.002247937
1642661177.386529922 0.641629828 1.248225646 1.496891904 -0.332787121 -0.275574745 0.901835617 0.001952553
1642661177.394864082 0.640572319 1.248395751 1.495467182 -0.331049652 -0.275573494 0.902476320 0.001367316
1642661177.403197050 0.639550086 1.248564467 1.494074868 -0.329128155 -0.275576225 0.903178560 0.000943336
1642661177.411530018 0.639180213 1.248703541 1.492482394 -0.324757883 -0.275726122 0.904710277 0.002595691
1642661177.419862986 0.638149972 1.248897821 1.491143217 -0.323065689 -0.275738636 0.905314044 0.001802047
1642661177.428196907 0.637161848 1.249072258 1.489849471 -0.321454155 -0.275681513 0.905905945 0.001161118
1642661177.436530113 0.636106603 1.249286190 1.488684121 -0.320626350 -0.275235365 0.906335507 0.000432774
1642661177.444864035 0.635080368 1.249714030 1.487491131 -0.319003065 -0.275995556 0.906676530 -0.001080028
1642661177.453197002 0.634203826 1.249912149 1.486170105 -0.316970174 -0.275827731 0.907440171 -0.001143217
1642661177.461529970 0.633292652 1.250103663 1.484925161 -0.315615859 -0.275782576 0.907925172 -0.001575520
1642661177.469863892 0.632443915 1.250319078 1.483666083 -0.314079500 -0.275442589 0.908560923 -0.001580136
1642661177.478197098 0.631603643 1.250535607 1.482443426 -0.312774359 -0.275682392 0.908937250 -0.002119761
1642661177.486530066 0.630743558 1.250778206 1.481258097 -0.311535644 -0.275111516 0.909536161 -0.001779912
1642661177.494863987 0.629997486 1.250962307 1.479994139 -0.309970622 -0.275276041 0.910021165 -0.001671639
1642661177.503196955 0.629189882 1.251214202 1.478830351 -0.308775580 -0.275092809 0.910482764 -0.001650506
1642661177.511529922 0.628371724 1.251483779 1.477675157 -0.307629212 -0.275059848 0.910880614 -0.001689844
1642661177.519864082 0.627572103 1.251747995 1.476516364 -0.306317927 -0.274988612 0.911344211 -0.001523350
1642661177.528197050 0.626446677 1.252102868 1.475555544 -0.306413549 -0.274539242 0.911446487 -0.002059645
1642661177.536530018 0.625619640 1.252402256 1.474435011 -0.305273148 -0.274679329 0.911786918 -0.002046131
1642661177.544862986 0.624665728 1.252786160 1.473394363 -0.304661206 -0.274539863 0.912033180 -0.002211905
1642661177.553196907 0.623702671 1.253141484 1.472354445 -0.304010862 -0.274614735 0.912227611 -0.002219959
1642661177.561530113 0.622650778 1.253554492 1.471369634 -0.303799467 -0.274605582 0.912300145 -0.002470696
1642661177.569864035 0.621615051 1.253960335 1.470350960 -0.303369060 -0.274740200 0.912402813 -0.002478352
1642661177.578197002 0.620464132 1.254427347 1.469405222 -0.303360188 -0.274601690 0.912447520 -0.002456066
1642661177.586529970 0.619267496 1.254923806 1.468495812 -0.303690835 -0.274789232 0.912279526 -0.002969972
1642661177.594863892 0.617988089 1.255458044 1.467598046 -0.304022048 -0.274282049 0.912322798 -0.002657740
1642661177.603197098 0.616205955 1.256334409 1.467132247 -0.306749674 -0.274520434 0.911326435 -0.005224680
1642661177.611530066 0.614851067 1.256938474 1.466292832 -0.307447248 -0.273889834 0.911280898 -0.005260546
1642661177.619863987 0.613597157 1.257496556 1.465379277 -0.307715930 -0.273985852 0.911158399 -0.005747198
1642661177.628196955 0.612314236 1.258106483 1.464478301 -0.308051110 -0.273378437 0.911226241 -0.005956645
1642661177.636529922 0.611050355 1.258598160 1.463493650 -0.308000553 -0.273174044 0.911303674 -0.006100410
1642661177.644864082 0.609756138 1.259193605 1.462554754 -0.308125482 -0.272484870 0.911466853 -0.006233717
1642661177.653197050 0.608470948 1.259819837 1.461618214 -0.308180851 -0.272006920 0.911587604 -0.006696154
1642661177.661530018 0.607181632 1.260453718 1.460713750 -0.308398776 -0.271723328 0.911592317 -0.007488376
1642661177.669862986 0.605955086 1.261038043 1.459739294 -0.308004103 -0.271137785 0.911898458 -0.007679604
1642661177.678196907 0.604798108 1.261575047 1.458747319 -0.307409411 -0.270900029 0.912166094 -0.008102149
1642661177.686530113 0.604757390 1.261781605 1.457053885 -0.302609921 -0.272298412 0.913355342 -0.007926529
1642661177.694864035 0.603573696 1.262411701 1.456248434 -0.302369506 -0.271909061 0.913544467 -0.008640022
1642661177.703197002 0.602482243 1.262860798 1.455388197 -0.301631654 -0.271855560 0.913800060 -0.009074723
1642661177.711529970 0.601495554 1.263260666 1.454524294 -0.300575600 -0.271872450 0.914139803 -0.009386145
1642661177.719863892 0.600525578 1.263579238 1.453715664 -0.299596398 -0.271820769 0.914476691 -0.009372816
1642661177.728197098 0.599564314 1.263895358 1.452941680 -0.298674208 -0.271825615 0.914775145 -0.009538713
1642661177.736530066 0.598644393 1.264133273 1.452177215 -0.297695502 -0.271924827 0.915065468 -0.009458666
1642661177.744863987 0.597795384 1.264342765 1.451390217 -0.296510708 -0.272098988 0.915400291 -0.009265415
1642661177.753196955 0.596976914 1.264521257 1.450638018 -0.295487323 -0.272385404 0.915647235 -0.009141900
1642661177.761529922 0.596135019 1.264656872 1.449891379 -0.294544838 -0.272381711 0.915958075 -0.008505671
1642661177.769864082 0.595035375 1.264622007 1.449219475 -0.294275440 -0.270319353 0.916681637 -0.004918300
1642661177.778197050 0.594260693 1.264711354 1.448503690 -0.293468075 -0.270531082 0.916880399 -0.004444854
1642661177.786530018 0.593500639 1.264771168 1.447769270 -0.292668049 -0.270837119 0.917048192 -0.003909118
1642661177.794862986 0.592758031 1.264852113 1.447051257 -0.291935924 -0.271266630 0.917156230 -0.003504427
1642661177.803196907 0.592242061 1.265057310 1.446303660 -0.290887519 -0.273287490 0.916880232 -0.005388805
1642661177.811530113 0.591199050 1.264970087 1.445676441 -0.291037794 -0.271453063 0.917391023 -0.001987099
1642661177.819864035 0.590414260 1.265065504 1.444997639 -0.290845970 -0.271524355 0.917431834 -0.001405645
1642661177.828197002 0.589932834 1.265349721 1.444228046 -0.290137264 -0.274189066 0.916855790 -0.004022931
1642661177.836529970 0.589108813 1.265457336 1.443545414 -0.290151217 -0.274037478 0.916900188 -0.003126886
1642661177.844863892 0.588322663 1.265603697 1.442869765 -0.290158482 -0.273848629 0.916956547 -0.002382216
1642661177.853197098 0.587478259 1.265775228 1.442209839 -0.290447334 -0.273607729 0.916938524 -0.001703187
1642661177.861530066 0.586703816 1.265973239 1.441524484 -0.290503836 -0.273344055 0.917000319 -0.000981510
1642661177.869863987 0.585839840 1.266212379 1.440911900 -0.290956749 -0.273041448 0.916947298 -0.000437155
1642661177.878196955 0.585038073 1.266457881 1.440239981 -0.291069929 -0.272736959 0.917002046 0.000309090
1642661177.886529922 0.584497104 1.266722343 1.439461514 -0.290316253 -0.272333933 0.917358770 0.001894539
1642661177.894864082 0.583367013 1.267017010 1.438971488 -0.291684886 -0.271919638 0.917047707 0.001772041
1642661177.903197050 0.582491746 1.267347593 1.438356708 -0.292059255 -0.271540529 0.917039313 0.002455650
1642661177.911530018 0.581861633 1.267747353 1.437649620 -0.291562204 -0.271007172 0.917350792 0.003757382
1642661177.919862986 0.580849406 1.268162181 1.437140895 -0.292386649 -0.270642130 0.917196872 0.003575378
1642661177.928196907 0.579943333 1.268544307 1.436559446 -0.292846879 -0.270252523 0.917163649 0.003888390
1642661177.936530113 0.579099157 1.268973274 1.435995108 -0.292986352 -0.269862529 0.917231725 0.004378966
1642661177.944864035 0.578287268 1.269435061 1.435440503 -0.293012764 -0.269473881 0.917336056 0.004680611
1642661177.953197002 0.577709348 1.269871212 1.434792354 -0.292019272 -0.269070320 0.917763738 0.005968957
1642661177.961529970 0.576605908 1.270351644 1.434399558 -0.292917902 -0.268723190 0.917582365 0.005436236
1642661177.969863892 0.575766293 1.270846563 1.433909199 -0.292797651 -0.268393713 0.917716322 0.005576945
1642661177.978197098 0.574911420 1.271382941 1.433439258 -0.292646590 -0.268083764 0.917855580 0.005495773
1642661177.986530066 0.574062575 1.271918035 1.432949880 -0.292281211 -0.267713241 0.918079348 0.005623651
1642661177.994863987 0.573233855 1.272474990 1.432486636 -0.291897956 -0.267431401 0.918284003 0.005524347
1642661178.003196955 0.572382745 1.273060581 1.432017284 -0.291410326 -0.267092688 0.918537915 0.005442034
1642661178.011529922 0.571526755 1.273657915 1.431604835 -0.290996251 -0.266766738 0.918765362 0.005186424
1642661178.019864082 0.570721778 1.274269902 1.431179005 -0.290272148 -0.266450840 0.919087117 0.004990110
1642661178.028197050 0.569926578 1.274874749 1.430773822 -0.289550460 -0.266055539 0.919429051 0.005020134
1642661178.036530018 0.569149967 1.275535492 1.430384004 -0.288637946 -0.265794627 0.919792669 0.004774767
1642661178.044862986 0.568384591 1.276190295 1.430051234 -0.287887803 -0.265593776 0.920087780 0.004363094
1642661178.053196907 0.567683949 1.276847907 1.429679922 -0.286745969 -0.265328683 0.920521226 0.004255785
1642661178.061530113 0.566998592 1.277545956 1.429346872 -0.285625839 -0.265061908 0.920947285 0.004020252
1642661178.069864035 0.566311535 1.278230620 1.429029188 -0.284504056 -0.264745845 0.921385301 0.004025722
1642661178.078197002 0.565657530 1.278967063 1.428720361 -0.283333527 -0.264402772 0.921845123 0.003854383
1642661178.086529970 0.565042583 1.279722711 1.428422976 -0.282101077 -0.264094249 0.922312537 0.003576903
1642661178.094863892 0.564431731 1.280470953 1.428125822 -0.280879696 -0.263716329 0.922793687 0.003479206
1642661178.103197098 0.563831288 1.281237093 1.427860451 -0.279812434 -0.263162620 0.923276140 0.003406892
1642661178.111530066 0.563253698 1.281995984 1.427588038 -0.278632009 -0.262658952 0.923776515 0.003380526
1642661178.119863987 0.562844506 1.282669754 1.427258233 -0.276887283 -0.261269902 0.924689747 0.004510242
1642661178.128196955 0.562549855 1.283383174 1.426853535 -0.274929206 -0.260702181 0.925430345 0.005194283
1642661178.136529922 0.562101395 1.284124435 1.426579993 -0.273586216 -0.260022650 0.926017264 0.005552536
1642661178.144864082 0.561623449 1.284867973 1.426358585 -0.272442904 -0.259335331 0.926544709 0.005912092
1642661178.153197050 0.561179795 1.285602956 1.426138191 -0.271222358 -0.258786709 0.927054877 0.006093251
1642661178.161530018 0.560696017 1.286193696 1.425892324 -0.270303026 -0.258139098 0.927501808 0.006393453
1642661178.169862986 0.560259651 1.287029139 1.425756866 -0.269139245 -0.257471907 0.928021986 0.006890413
1642661178.178196907 0.559771745 1.287581434 1.425576327 -0.268419671 -0.256983080 0.928363684 0.007172672
1642661178.186530113 0.559247778 1.288297540 1.425502871 -0.267844901 -0.256320360 0.928710612 0.007455284
1642661178.194864035 0.558748384 1.289034859 1.425451421 -0.267016298 -0.255804784 0.929087206 0.007948096
1642661178.203197002 0.558254938 1.289768947 1.425407293 -0.266277289 -0.255183241 0.929464946 0.008534226
1642661178.211529970 0.557702458 1.290297477 1.425339325 -0.265908754 -0.254725330 0.929692990 0.008859191
1642661178.219863892 0.557155652 1.291015683 1.425369758 -0.265372170 -0.254101151 0.930011359 0.009438670
1642661178.228197098 0.556615008 1.291717564 1.425409514 -0.264965300 -0.253576910 0.930264212 0.010031733
1642661178.236530066 0.556225812 1.292194647 1.425260648 -0.263656646 -0.253002550 0.930776534 0.011398515
1642661178.244863987 0.555463973 1.292895496 1.425495108 -0.264426803 -0.252756143 0.930632719 0.010748997
1642661178.253196955 0.554851408 1.293571182 1.425611166 -0.264254880 -0.252196705 0.930826715 0.011305140
1642661178.261529922 0.554419262 1.294065641 1.425529856 -0.263099408 -0.251403200 0.931351384 0.012638528
1642661178.269864082 0.553652232 1.294954097 1.425876915 -0.263863031 -0.251238131 0.931188910 0.011954766
1642661178.278197050 0.553986213 1.295806250 1.425512592 -0.259968581 -0.250622773 0.932398870 0.015391908
1642661178.286530018 0.553319356 1.296506082 1.425702155 -0.259860514 -0.250307853 0.932509508 0.015636783
1642661178.294862986 0.552517015 1.297204278 1.426032302 -0.260160395 -0.250167620 0.932471254 0.015168748
1642661178.303196907 0.551935006 1.297891386 1.426185517 -0.259742309 -0.249665500 0.932713194 0.015721586
1642661178.311530113 0.550997975 1.298597116 1.426492114 -0.260690608 -0.249346496 0.932548603 0.014826852
1642661178.319864035 0.550527202 1.299315727 1.426579742 -0.259823321 -0.249076321 0.932856481 0.015218840
1642661178.328197002 0.550027488 1.299965983 1.426659118 -0.259165343 -0.248653648 0.933147755 0.015490507
1642661178.336529970 0.549594885 1.300680930 1.426722808 -0.258232191 -0.248183717 0.933520625 0.016131357
1642661178.344863892 0.549205211 1.301395990 1.426766894 -0.257127135 -0.247688729 0.933942507 0.016950636
1642661178.353197098 0.548893028 1.302071152 1.426717539 -0.255675159 -0.247391346 0.934408112 0.017584509
1642661178.361530066 0.548565821 1.302862643 1.426714216 -0.254437983 -0.246854669 0.934872336 0.018379338
1642661178.369863987 0.548189715 1.303554356 1.426703846 -0.253433008 -0.246242317 0.935290794 0.019171912
1642661178.378196955 0.547824872 1.304299648 1.426655778 -0.252453810 -0.245748928 0.935676727 0.019585754
1642661178.386529922 0.547563191 1.304940085 1.426502585 -0.251079462 -0.245307300 0.936146673 0.020318431
1642661178.394864082 0.547111574 1.305869131 1.426518646 -0.250267307 -0.244569696 0.936545424 0.020847262
1642661178.403197050 0.546630465 1.306851239 1.426639725 -0.249567420 -0.244084821 0.936855371 0.020993263
1642661178.411530018 0.546309513 1.307665588 1.426502085 -0.248415217 -0.243516557 0.937300068 0.021404403
1642661178.419862986 0.546176741 1.308232915 1.426062306 -0.246724152 -0.242535892 0.937973193 0.022579264
1642661178.428196907 0.545748209 1.309319873 1.426021911 -0.245923446 -0.241490457 0.938440746 0.023086465
1642661178.436530113 0.545234953 1.310325450 1.426092581 -0.245399107 -0.241310739 0.938621156 0.023210574
1642661178.444864035 0.545044569 1.311087706 1.425711139 -0.244083638 -0.240387130 0.939182780 0.023935554
1642661178.453197002 0.544816280 1.311832276 1.425403200 -0.242755966 -0.239634942 0.939693741 0.024905988
1642661178.461529970 0.544401584 1.312932304 1.425279193 -0.242005099 -0.238741753 0.940107015 0.025193388
1642661178.469863892 0.544134803 1.313921900 1.424998923 -0.240648627 -0.237873239 0.940654073 0.025970671
1642661178.478197098 0.543721398 1.314910804 1.424819862 -0.239663731 -0.237122950 0.941085021 0.026324647
1642661178.486530066 0.543213274 1.316016474 1.424685287 -0.239360525 -0.236252179 0.941388017 0.026077730
1642661178.494863987 0.542826688 1.317123192 1.424494171 -0.238898910 -0.235436511 0.941712675 0.025965324
1642661178.503196955 0.542713121 1.317903772 1.423946278 -0.236785170 -0.234386951 0.942465356 0.027469851
1642661178.511529922 0.541956524 1.319451661 1.424205677 -0.238558177 -0.233637177 0.942266521 0.025248163
1642661178.519864082 0.541595686 1.320336174 1.423779684 -0.237212748 -0.232547089 0.942858573 0.025878074
1642661178.528197050 0.541982238 1.320912353 1.422812180 -0.233751688 -0.231574962 0.943896567 0.028150608
1642661178.536530018 0.541175177 1.322487878 1.423114624 -0.235343868 -0.231196821 0.943662301 0.025744017
1642661178.544862986 0.541218589 1.323256148 1.422419939 -0.233258558 -0.229874011 0.944464151 0.027126588
1642661178.553196907 0.541078374 1.324108049 1.421945750 -0.231952707 -0.229085029 0.944964031 0.027585714
1642661178.561530113 0.540893485 1.325080184 1.421513715 -0.230663841 -0.228238312 0.945474576 0.027915792
1642661178.569864035 0.540709066 1.326126994 1.421147180 -0.229527629 -0.227502841 0.945921191 0.028153587
1642661178.578197002 0.540814837 1.326702987 1.420326590 -0.226523090 -0.226491576 0.946819370 0.030363410
1642661178.586529970 0.540357894 1.327984728 1.420303808 -0.227316293 -0.225769467 0.946840600 0.029126098
1642661178.594863892 0.540317160 1.328857752 1.419760020 -0.225383432 -0.225328600 0.947373927 0.030198894
1642661178.603197098 0.540174641 1.329730695 1.419338138 -0.224389884 -0.224461998 0.947797159 0.030765845
1642661178.611530066 0.540005349 1.330685495 1.418996774 -0.223972498 -0.223390779 0.948156178 0.030540825
1642661178.619863987 0.540211815 1.331113773 1.418111631 -0.220953332 -0.222202365 0.949059530 0.033041532
1642661178.628196955 0.540326716 1.331837680 1.417465729 -0.218609998 -0.221375564 0.949740858 0.034566325
1642661178.636529922 0.540417521 1.333430720 1.417409731 -0.219001315 -0.225099370 0.949019166 0.027042935
1642661178.644864082 0.540371174 1.334404742 1.417041354 -0.217881838 -0.224267597 0.949460820 0.027490002
1642661178.653197050 0.539996891 1.335655230 1.416908452 -0.217976239 -0.224103358 0.949530186 0.025621686
1642661178.661530018 0.540434306 1.335913820 1.416109925 -0.215379565 -0.223310939 0.950238949 0.028103530
1642661178.669862986 0.540455621 1.336793198 1.415728374 -0.214191761 -0.222759327 0.950625658 0.028478589
1642661178.678196907 0.540482537 1.337473003 1.415292755 -0.213232143 -0.222315805 0.950938726 0.028692780
1642661178.686530113 0.540503179 1.338184427 1.414891202 -0.212191206 -0.221701832 0.951296114 0.029306888
1642661178.694864035 0.541348017 1.338519200 1.413821118 -0.207560578 -0.223736785 0.951874236 0.028211636
1642661178.703197002 0.540693511 1.340111414 1.414239040 -0.209921506 -0.224522001 0.951274223 0.024498667
1642661178.711529970 0.541088046 1.340368454 1.413634474 -0.207991888 -0.223672154 0.951829990 0.027015025
1642661178.719863892 0.541137252 1.341099740 1.413335526 -0.207136384 -0.223277048 0.952093829 0.027553915
1642661178.728197098 0.541233554 1.341590738 1.412945081 -0.206227087 -0.222908473 0.952362339 0.028074473
1642661178.736530066 0.541362257 1.341489468 1.412084449 -0.203375851 -0.219004699 0.953638148 0.035348107
1642661178.744863987 0.541423538 1.342728180 1.412273848 -0.204460867 -0.222279886 0.952860097 0.029069610
1642661178.753196955 0.541900785 1.342726393 1.411350773 -0.200940840 -0.221491138 0.953691912 0.032189943
1642661178.761529922 0.541224017 1.344182282 1.411949866 -0.204190157 -0.222109440 0.952995020 0.027825664
1642661178.769864082 0.541295831 1.344792060 1.411715321 -0.203470817 -0.221906439 0.953187419 0.028122999
1642661178.778197050 0.541430201 1.345081074 1.411350957 -0.202704081 -0.221687670 0.953382756 0.028756782
1642661178.786530018 0.541853239 1.345211534 1.410843490 -0.200885262 -0.221127676 0.953823575 0.031116735
1642661178.794862986 0.542002912 1.345480208 1.410473974 -0.200050655 -0.220886246 0.954035787 0.031697294
1642661178.803196907 0.542119019 1.345848810 1.410173210 -0.199334035 -0.220706677 0.954213313 0.032116314
1642661178.811530113 0.542638411 1.345662411 1.409256421 -0.195833120 -0.219958706 0.955000577 0.035234287
1642661178.819864035 0.542762918 1.346000043 1.408949025 -0.195052110 -0.219782118 0.955185403 0.035655866
1642661178.828197002 0.542881633 1.346325260 1.408637983 -0.194270464 -0.219680741 0.955354523 0.036015201
1642661178.836529970 0.542614648 1.347181504 1.408944416 -0.196271858 -0.220174545 0.954921380 0.033551227
1642661178.844863892 0.542741447 1.347498372 1.408629978 -0.195441587 -0.220022624 0.955118299 0.033788553
1642661178.853197098 0.542516327 1.348217063 1.408578715 -0.195746320 -0.220199436 0.955073756 0.032089053
1642661178.861530066 0.542654367 1.348483654 1.408227273 -0.194859356 -0.220041830 0.955281252 0.032390655
1642661178.869863987 0.542766023 1.348774641 1.407897670 -0.194093018 -0.219949324 0.955455319 0.032485809
1642661178.878196955 0.542897561 1.349034374 1.407516809 -0.193123440 -0.219789347 0.955677889 0.032798655
1642661178.886529922 0.543365526 1.348862822 1.406893133 -0.191238801 -0.219199777 0.956110554 0.035096839
1642661178.894864082 0.543487312 1.349119743 1.406535662 -0.190472927 -0.218962853 0.956309441 0.035321191
1642661178.903197050 0.543580771 1.349383198 1.406187360 -0.189736964 -0.218758482 0.956497947 0.035444162
1642661178.911530018 0.543704153 1.349625747 1.405808908 -0.188888173 -0.218564004 0.956702936 0.035644434
1642661178.919862986 0.543545975 1.350213857 1.405750134 -0.189432126 -0.218628051 0.956632904 0.034215954
1642661178.928196907 0.543560048 1.350555076 1.405353349 -0.188493073 -0.218390001 0.956878193 0.034063073
1642661178.936530113 0.544012218 1.350376255 1.404660532 -0.186366693 -0.217815861 0.957345407 0.036241940
1642661178.944864035 0.544482881 1.350069706 1.403642580 -0.182757103 -0.216911104 0.958128520 0.039232050
1642661178.953197002 0.544560955 1.350322953 1.403257645 -0.181950376 -0.216613155 0.958342225 0.039407878
1642661178.961529970 0.544238554 1.351114029 1.403531246 -0.184121017 -0.216943998 0.957956377 0.036801258
1642661178.969863892 0.544311014 1.351350801 1.403136783 -0.183352593 -0.216627458 0.958164568 0.037081432
