# ground truth for mountain_normal1.synced
# timestamp tx ty tz qx qy qz qw
1642668753.104252 -0.211369 1.601994 0.141058 -0.087981 0.133796 -0.208104 -0.964910
1642668753.112585 -0.211459 1.602096 0.140987 -0.087967 0.133815 -0.208131 -0.964903
1642668753.120918 -0.211554 1.602205 0.140918 -0.087915 0.133897 -0.208225 -0.964876
1642668753.129252 -0.211649 1.602311 0.140829 -0.087830 0.133754 -0.208159 -0.964918
1642668753.137585 -0.211752 1.602425 0.140756 -0.087712 0.133894 -0.208265 -0.964886
1642668753.145918 -0.211848 1.602533 0.140675 -0.087672 0.133865 -0.208326 -0.964880
1642668753.154252 -0.211949 1.602643 0.140588 -0.087565 0.133796 -0.208374 -0.964889
1642668753.162585 -0.212052 1.602754 0.140510 -0.087515 0.133663 -0.208386 -0.964910
1642668753.170918 -0.212150 1.602874 0.140424 -0.087373 0.133630 -0.208489 -0.964905
1642668753.179252 -0.212229 1.602943 0.140319 -0.087223 0.133680 -0.208628 -0.964881
1642668753.187585 -0.212331 1.603090 0.140243 -0.087126 0.133528 -0.208647 -0.964907
1642668753.195918 -0.212414 1.603191 0.140152 -0.087059 0.133393 -0.208686 -0.964923
1642668753.204252 -0.212491 1.603294 0.140057 -0.086979 0.133375 -0.208744 -0.964921
1642668753.212585 -0.212560 1.603392 0.139963 -0.086866 0.133262 -0.208734 -0.964949
1642668753.220918 -0.212618 1.603481 0.139866 -0.086795 0.133156 -0.208720 -0.964973
1642668753.229252 -0.212679 1.603578 0.139774 -0.086713 0.133141 -0.208703 -0.964986
1642668753.237585 -0.212721 1.603662 0.139660 -0.086624 0.132767 -0.208486 -0.965092
1642668753.245918 -0.212767 1.603735 0.139558 -0.086534 0.132836 -0.208514 -0.965085
1642668753.254252 -0.212805 1.603808 0.139457 -0.086494 0.132826 -0.208467 -0.965100
1642668753.262585 -0.212842 1.603876 0.139354 -0.086407 0.132919 -0.208429 -0.965103
1642668753.270918 -0.212877 1.603942 0.139252 -0.086291 0.133052 -0.208464 -0.965088
1642668753.279252 -0.212906 1.603998 0.139147 -0.086261 0.133128 -0.208377 -0.965098
1642668753.287585 -0.212934 1.604055 0.139048 -0.086154 0.133382 -0.208400 -0.965068
1642668753.295918 -0.212959 1.604110 0.138947 -0.086089 0.133491 -0.208323 -0.965075
1642668753.304252 -0.212981 1.604167 0.138851 -0.086037 0.133679 -0.208316 -0.965055
1642668753.312585 -0.213006 1.604220 0.138759 -0.085985 0.133819 -0.208279 -0.965049
1642668753.320918 -0.213020 1.604229 0.138649 -0.085905 0.134005 -0.208247 -0.965037
1642668753.329252 -0.213073 1.604328 0.138572 -0.085962 0.134154 -0.208227 -0.965015
1642668753.337585 -0.213105 1.604385 0.138485 -0.085869 0.134301 -0.208177 -0.965014
1642668753.345918 -0.213125 1.604411 0.138384 -0.085860 0.134507 -0.208246 -0.964971
1642668753.354252 -0.213183 1.604519 0.138314 -0.085841 0.134631 -0.208158 -0.964975
1642668753.362585 -0.213227 1.604590 0.138235 -0.085795 0.134839 -0.208172 -0.964947
1642668753.370918 -0.213247 1.604614 0.138146 -0.085785 0.134997 -0.208193 -0.964921
1642668753.379252 -0.213279 1.604689 0.138077 -0.085756 0.135073 -0.208126 -0.964927
1642668753.387585 -0.213319 1.604759 0.138009 -0.085685 0.135228 -0.208141 -0.964909
1642668753.395918 -0.213363 1.604829 0.137940 -0.085697 0.135303 -0.208091 -0.964908
1642668753.404252 -0.213418 1.604936 0.137896 -0.085704 0.135358 -0.208039 -0.964911
1642668753.412585 -0.213453 1.605000 0.137838 -0.085698 0.135474 -0.208029 -0.964897
1642668753.420918 -0.213494 1.605061 0.137789 -0.085674 0.135617 -0.208038 -0.964877
1642668753.429252 -0.213535 1.605116 0.137737 -0.085683 0.135758 -0.208056 -0.964853
1642668753.437585 -0.213559 1.605141 0.137671 -0.085695 0.135886 -0.208081 -0.964828
1642668753.445918 -0.213624 1.605240 0.137637 -0.085679 0.135874 -0.208017 -0.964845
1642668753.454252 -0.213650 1.605254 0.137575 -0.085660 0.136124 -0.208079 -0.964798
1642668753.462585 -0.213719 1.605341 0.137532 -0.085704 0.136132 -0.208032 -0.964803
1642668753.470918 -0.213775 1.605392 0.137479 -0.085736 0.136179 -0.208015 -0.964798
1642668753.479252 -0.213830 1.605433 0.137430 -0.085685 0.136424 -0.208082 -0.964753
1642668753.487585 -0.213884 1.605479 0.137380 -0.085731 0.136557 -0.208109 -0.964724
1642668753.495918 -0.213942 1.605518 0.137328 -0.085694 0.136769 -0.208140 -0.964691
1642668753.504252 -0.213974 1.605513 0.137261 -0.085684 0.136973 -0.208195 -0.964651
1642668753.512585 -0.214064 1.605572 0.137258 -0.084921 0.137080 -0.207865 -0.964774
1642668753.520918 -0.214134 1.605644 0.137219 -0.084946 0.137147 -0.207810 -0.964775
1642668753.529252 -0.214188 1.605667 0.137166 -0.084931 0.137308 -0.207836 -0.964747
1642668753.537585 -0.214237 1.605682 0.137108 -0.084946 0.137479 -0.207810 -0.964727
1642668753.545918 -0.214285 1.605699 0.137052 -0.084905 0.137592 -0.207799 -0.964717
1642668753.554252 -0.214322 1.605677 0.136983 -0.084847 0.137916 -0.207916 -0.964651
1642668753.562585 -0.214386 1.605737 0.136945 -0.084893 0.137910 -0.207841 -0.964664
1642668753.570918 -0.214420 1.605708 0.136866 -0.084797 0.138173 -0.207883 -0.964626
1642668753.579252 -0.214473 1.605717 0.136811 -0.084835 0.138247 -0.207858 -0.964617
1642668753.587585 -0.214523 1.605721 0.136756 -0.084816 0.138383 -0.207857 -0.964599
1642668753.595918 -0.214584 1.605765 0.136719 -0.084799 0.138258 -0.207718 -0.964649
1642668753.604252 -0.214620 1.605718 0.136650 -0.084721 0.138542 -0.207859 -0.964584
1642668753.612585 -0.214665 1.605712 0.136596 -0.084730 0.138636 -0.207854 -0.964571
1642668753.620918 -0.214712 1.605712 0.136549 -0.084668 0.138699 -0.207894 -0.964559
1642668753.629252 -0.214776 1.605754 0.136535 -0.084735 0.138525 -0.207758 -0.964607
1642668753.637585 -0.214822 1.605743 0.136493 -0.084703 0.138581 -0.207746 -0.964605
1642668753.645918 -0.214852 1.605690 0.136436 -0.084620 0.138769 -0.207862 -0.964560
1642668753.654252 -0.214901 1.605677 0.136403 -0.084641 0.138853 -0.207863 -0.964546
1642668753.662585 -0.214941 1.605669 0.136374 -0.084627 0.138826 -0.207830 -0.964558
1642668753.670918 -0.214977 1.605658 0.136345 -0.084591 0.138953 -0.207853 -0.964538
1642668753.679252 -0.215022 1.605653 0.136325 -0.084638 0.138950 -0.207790 -0.964548
1642668753.687585 -0.215060 1.605647 0.136302 -0.084648 0.139031 -0.207742 -0.964546
1642668753.695918 -0.215094 1.605640 0.136280 -0.084635 0.139153 -0.207708 -0.964537
1642668753.704252 -0.215132 1.605634 0.136257 -0.084644 0.139187 -0.207653 -0.964543
1642668753.712585 -0.215160 1.605626 0.136243 -0.084612 0.139344 -0.207609 -0.964532
1642668753.720918 -0.215191 1.605621 0.136225 -0.084658 0.139403 -0.207526 -0.964538
1642668753.729252 -0.215210 1.605613 0.136218 -0.084707 0.139527 -0.207495 -0.964522
1642668753.737585 -0.215232 1.605612 0.136206 -0.084743 0.139653 -0.207466 -0.964507
1642668753.745918 -0.215254 1.605613 0.136195 -0.084770 0.139777 -0.207348 -0.964512
1642668753.754252 -0.215267 1.605616 0.136186 -0.084739 0.139979 -0.207263 -0.964504
1642668753.762585 -0.215277 1.605616 0.136173 -0.084777 0.140131 -0.207206 -0.964491
1642668753.770918 -0.215282 1.605622 0.136151 -0.084780 0.140340 -0.207114 -0.964480
1642668753.779252 -0.215282 1.605635 0.136128 -0.084768 0.140514 -0.207010 -0.964478
1642668753.787585 -0.215274 1.605644 0.136118 -0.084768 0.140683 -0.206893 -0.964478
1642668753.795918 -0.215265 1.605660 0.136094 -0.084728 0.140962 -0.206862 -0.964448
1642668753.804252 -0.215252 1.605682 0.136073 -0.084714 0.141093 -0.206749 -0.964454
1642668753.812585 -0.215228 1.605703 0.136054 -0.084686 0.141231 -0.206618 -0.964464
1642668753.820918 -0.215198 1.605726 0.136031 -0.084690 0.141327 -0.206470 -0.964481
1642668753.829252 -0.215165 1.605748 0.136012 -0.084647 0.141488 -0.206345 -0.964488
1642668753.837585 -0.215124 1.605774 0.135986 -0.084571 0.141594 -0.206242 -0.964502
1642668753.845918 -0.215079 1.605806 0.135967 -0.084528 0.141665 -0.206027 -0.964541
1642668753.854252 -0.215032 1.605840 0.135942 -0.084496 0.141708 -0.205888 -0.964567
1642668753.862585 -0.214972 1.605878 0.135921 -0.084470 0.141740 -0.205757 -0.964592
1642668753.870918 -0.214917 1.605916 0.135890 -0.084450 0.141672 -0.205565 -0.964645
1642668753.879252 -0.214854 1.605960 0.135875 -0.084373 0.141671 -0.205367 -0.964694
1642668753.887585 -0.214789 1.605995 0.135853 -0.084306 0.141621 -0.205174 -0.964748
1642668753.895918 -0.214721 1.606035 0.135828 -0.084284 0.141619 -0.205068 -0.964773
1642668753.904252 -0.214643 1.606062 0.135805 -0.084229 0.141553 -0.204877 -0.964828
1642668753.912585 -0.214568 1.606095 0.135784 -0.084152 0.141581 -0.204763 -0.964855
1642668753.920918 -0.214494 1.606135 0.135758 -0.084088 0.141496 -0.204589 -0.964910
1642668753.929252 -0.214419 1.606175 0.135739 -0.084053 0.141368 -0.204379 -0.964976
1642668753.937585 -0.214336 1.606214 0.135705 -0.084021 0.141209 -0.204201 -0.965040
1642668753.945918 -0.214258 1.606249 0.135692 -0.084006 0.141158 -0.204040 -0.965083
1642668753.954252 -0.214182 1.606290 0.135679 -0.083980 0.141066 -0.203895 -0.965129
1642668753.962585 -0.214104 1.606331 0.135672 -0.083944 0.141000 -0.203686 -0.965186
1642668753.970918 -0.214028 1.606370 0.135659 -0.083932 0.140985 -0.203537 -0.965221
1642668753.979252 -0.213949 1.606406 0.135656 -0.083956 0.140884 -0.203320 -0.965279
1642668753.987585 -0.213873 1.606447 0.135657 -0.083947 0.140844 -0.203185 -0.965314
1642668753.995918 -0.213797 1.606487 0.135662 -0.083966 0.140782 -0.203016 -0.965357
1642668754.004252 -0.213726 1.606527 0.135671 -0.084030 0.140641 -0.202783 -0.965421
1642668754.012585 -0.213661 1.606566 0.135687 -0.084052 0.140548 -0.202611 -0.965469
1642668754.020918 -0.213595 1.606612 0.135713 -0.084141 0.140405 -0.202397 -0.965527
1642668754.029252 -0.213528 1.606651 0.135734 -0.084197 0.140413 -0.202287 -0.965544
1642668754.037585 -0.213469 1.606694 0.135760 -0.084314 0.140281 -0.202082 -0.965596
1642668754.045918 -0.213409 1.606730 0.135793 -0.084377 0.140208 -0.201921 -0.965634
1642668754.054252 -0.213352 1.606772 0.135828 -0.084423 0.140107 -0.201746 -0.965682
1642668754.062585 -0.213301 1.606818 0.135863 -0.084523 0.140042 -0.201608 -0.965711
1642668754.070918 -0.213247 1.606851 0.135901 -0.084615 0.139991 -0.201470 -0.965740
1642668754.079252 -0.213203 1.606884 0.135949 -0.084705 0.139940 -0.201375 -0.965759
1642668754.087585 -0.213158 1.606912 0.135998 -0.084819 0.139872 -0.201275 -0.965779
1642668754.095918 -0.213113 1.606938 0.136050 -0.084942 0.139828 -0.201150 -0.965801
1642668754.104252 -0.213068 1.606959 0.136102 -0.085055 0.139800 -0.201012 -0.965824
1642668754.112585 -0.213023 1.606986 0.136161 -0.085203 0.139694 -0.200831 -0.965864
1642668754.120918 -0.212976 1.607003 0.136222 -0.085339 0.139660 -0.200688 -0.965887
1642668754.129252 -0.212920 1.607013 0.136276 -0.085500 0.139667 -0.200552 -0.965899
1642668754.137585 -0.212866 1.607023 0.136334 -0.085707 0.139632 -0.200370 -0.965924
1642668754.145918 -0.212811 1.607024 0.136388 -0.085858 0.139696 -0.200178 -0.965941
1642668754.154252 -0.212753 1.607016 0.136441 -0.086058 0.139769 -0.200002 -0.965949
1642668754.162585 -0.212697 1.607012 0.136494 -0.086229 0.139841 -0.199787 -0.965968
1642668754.170918 -0.212638 1.607009 0.136547 -0.086439 0.139942 -0.199594 -0.965974
1642668754.179252 -0.212579 1.607009 0.136595 -0.086561 0.140041 -0.199389 -0.965992
1642668754.187585 -0.212521 1.607006 0.136643 -0.086745 0.140166 -0.199173 -0.966001
1642668754.195918 -0.212454 1.607006 0.136689 -0.086859 0.140320 -0.198944 -0.966016
1642668754.204252 -0.212390 1.607009 0.136730 -0.087048 0.140524 -0.198710 -0.966018
1642668754.212585 -0.212316 1.607015 0.136770 -0.087178 0.140735 -0.198520 -0.966014
1642668754.220918 -0.212240 1.607026 0.136808 -0.087358 0.140943 -0.198292 -0.966014
1642668754.229252 -0.212157 1.607043 0.136840 -0.087533 0.141119 -0.198029 -0.966027
1642668754.237585 -0.212083 1.607066 0.136877 -0.087715 0.141282 -0.197755 -0.966043
1642668754.245918 -0.211997 1.607097 0.136914 -0.087904 0.141522 -0.197499 -0.966043
1642668754.254252 -0.211908 1.607128 0.136948 -0.088059 0.141793 -0.197325 -0.966024
1642668754.262585 -0.211819 1.607176 0.136987 -0.088253 0.141958 -0.197035 -0.966042
1642668754.270918 -0.211722 1.607226 0.137026 -0.088369 0.142180 -0.196827 -0.966041
1642668754.279252 -0.211619 1.607282 0.137058 -0.088497 0.142395 -0.196590 -0.966046
1642668754.287585 -0.211512 1.607351 0.137098 -0.088644 0.142494 -0.196343 -0.966068
1642668754.295918 -0.211395 1.607425 0.137134 -0.088747 0.142614 -0.196096 -0.966091
1642668754.304252 -0.211273 1.607503 0.137174 -0.088870 0.142685 -0.195834 -0.966122
1642668754.312585 -0.211136 1.607581 0.137221 -0.088986 0.142629 -0.195545 -0.966178
1642668754.320918 -0.210990 1.607659 0.137268 -0.089059 0.142749 -0.195337 -0.966196
1642668754.329252 -0.210835 1.607737 0.137315 -0.089123 0.142727 -0.195105 -0.966240
1642668754.337585 -0.210668 1.607810 0.137367 -0.089223 0.142570 -0.194863 -0.966303
1642668754.345918 -0.210496 1.607879 0.137434 -0.089347 0.142280 -0.194549 -0.966398
1642668754.354252 -0.210315 1.607949 0.137505 -0.089452 0.142097 -0.194307 -0.966463
1642668754.362585 -0.210127 1.608012 0.137589 -0.089552 0.141776 -0.194090 -0.966545
1642668754.370918 -0.209941 1.608076 0.137678 -0.089691 0.141342 -0.193840 -0.966646
1642668754.379252 -0.209745 1.608140 0.137769 -0.089788 0.140984 -0.193643 -0.966728
1642668754.387585 -0.209542 1.608207 0.137874 -0.089903 0.140578 -0.193434 -0.966819
1642668754.395918 -0.209352 1.608313 0.138004 -0.090081 0.140056 -0.193121 -0.966941
1642668754.404252 -0.209134 1.608345 0.138095 -0.090181 0.139739 -0.192936 -0.967014
1642668754.412585 -0.208950 1.608462 0.138251 -0.089662 0.139429 -0.192410 -0.967212
1642668754.420918 -0.208738 1.608529 0.138368 -0.089792 0.138900 -0.192080 -0.967341
1642668754.429252 -0.208522 1.608593 0.138501 -0.089946 0.138485 -0.191820 -0.967438
1642668754.437585 -0.208308 1.608659 0.138638 -0.090111 0.138045 -0.191488 -0.967551
1642668754.445918 -0.208068 1.608672 0.138750 -0.090874 0.137706 -0.191544 -0.967517
1642668754.454252 -0.207912 1.608833 0.138943 -0.090616 0.137204 -0.190851 -0.967750
1642668754.462585 -0.207672 1.608842 0.139054 -0.091245 0.136977 -0.190952 -0.967703
1642668754.470918 -0.207492 1.608923 0.139215 -0.090801 0.136851 -0.190458 -0.967860
1642668754.479252 -0.207292 1.609004 0.139368 -0.090930 0.136584 -0.190135 -0.967949
1642668754.487585 -0.207052 1.609020 0.139490 -0.091709 0.136462 -0.190192 -0.967882
1642668754.495918 -0.206895 1.609151 0.139685 -0.091314 0.136365 -0.189592 -0.968050
1642668754.504252 -0.206700 1.609228 0.139843 -0.091516 0.136233 -0.189245 -0.968118
1642668754.512585 -0.206493 1.609302 0.140010 -0.091733 0.136236 -0.188989 -0.968147
1642668754.520918 -0.206305 1.609421 0.140199 -0.092001 0.136099 -0.188579 -0.968221
1642668754.529252 -0.206099 1.609503 0.140386 -0.092276 0.136009 -0.188191 -0.968282
1642668754.537585 -0.205845 1.609528 0.140546 -0.093124 0.135956 -0.188148 -0.968217
1642668754.545918 -0.205658 1.609666 0.140771 -0.092865 0.135809 -0.187352 -0.968417
1642668754.554252 -0.205421 1.609703 0.140946 -0.093060 0.135940 -0.187056 -0.968437
1642668754.562585 -0.205193 1.609783 0.141151 -0.093364 0.135904 -0.186692 -0.968483
1642668754.570918 -0.204959 1.609861 0.141361 -0.093646 0.135872 -0.186309 -0.968534
1642668754.579252 -0.204715 1.609932 0.141571 -0.093938 0.135883 -0.185963 -0.968571
1642668754.587585 -0.204477 1.610004 0.141792 -0.094254 0.135761 -0.185532 -0.968640
1642668754.595918 -0.204223 1.610071 0.142023 -0.094552 0.135711 -0.185156 -0.968690
1642668754.604252 -0.203961 1.610138 0.142259 -0.094879 0.135638 -0.184745 -0.968747
1642668754.612585 -0.203668 1.610151 0.142473 -0.095822 0.135547 -0.184647 -0.968685
1642668754.620918 -0.203406 1.610250 0.142732 -0.096195 0.135332 -0.184161 -0.968771
1642668754.629252 -0.203111 1.610272 0.142967 -0.096512 0.135165 -0.183805 -0.968830
1642668754.637585 -0.202822 1.610327 0.143219 -0.096817 0.134998 -0.183346 -0.968910
1642668754.645918 -0.202533 1.610384 0.143489 -0.097156 0.134787 -0.182956 -0.968979
1642668754.654252 -0.202245 1.610440 0.143758 -0.097465 0.134664 -0.182583 -0.969035
1642668754.662585 -0.201950 1.610493 0.144035 -0.097861 0.134461 -0.182167 -0.969102
1642668754.670918 -0.201653 1.610548 0.144316 -0.098220 0.134200 -0.181713 -0.969187
1642668754.679252 -0.201358 1.610612 0.144602 -0.098589 0.133837 -0.181202 -0.969295
1642668754.687585 -0.201082 1.610715 0.144907 -0.099004 0.133506 -0.180746 -0.969384
1642668754.695918 -0.200767 1.610729 0.145177 -0.099260 0.133402 -0.180455 -0.969426
1642668754.704252 -0.200479 1.610832 0.145495 -0.099721 0.133033 -0.179987 -0.969517
1642668754.712585 -0.200173 1.610897 0.145801 -0.100028 0.132771 -0.179540 -0.969604
1642668754.720918 -0.199852 1.610914 0.146090 -0.100314 0.132585 -0.179192 -0.969664
1642668754.729252 -0.199542 1.610972 0.146404 -0.100698 0.132350 -0.178806 -0.969728
1642668754.737585 -0.199254 1.611065 0.146734 -0.101071 0.132022 -0.178318 -0.969824
1642668754.745918 -0.198940 1.611119 0.147055 -0.101410 0.131816 -0.177923 -0.969889
1642668754.754252 -0.198632 1.611169 0.147379 -0.101780 0.131513 -0.177473 -0.969974
1642668754.762585 -0.198322 1.611228 0.147712 -0.102156 0.131298 -0.177066 -0.970038
1642668754.770918 -0.198046 1.611341 0.148071 -0.101937 0.130988 -0.176298 -0.970242
1642668754.779252 -0.197736 1.611390 0.148403 -0.102271 0.130758 -0.175881 -0.970314
1642668754.787585 -0.197419 1.611439 0.148744 -0.102675 0.130477 -0.175506 -0.970377
1642668754.795918 -0.197097 1.611482 0.149091 -0.103059 0.130115 -0.175037 -0.970470
1642668754.804252 -0.196783 1.611522 0.149434 -0.103469 0.129827 -0.174590 -0.970545
1642668754.812585 -0.196464 1.611555 0.149782 -0.103869 0.129468 -0.174136 -0.970632
1642668754.820918 -0.196139 1.611584 0.150145 -0.104219 0.129209 -0.173722 -0.970703
1642668754.829252 -0.195812 1.611606 0.150504 -0.104652 0.128827 -0.173256 -0.970790
1642668754.837585 -0.195493 1.611624 0.150866 -0.105056 0.128544 -0.172863 -0.970854
1642668754.845918 -0.195173 1.611641 0.151237 -0.105492 0.128161 -0.172426 -0.970935
1642668754.854252 -0.194810 1.611602 0.151585 -0.106500 0.127893 -0.172361 -0.970872
1642668754.862585 -0.194434 1.611582 0.151989 -0.106609 0.128558 -0.172223 -0.970797
1642668754.870918 -0.194184 1.611678 0.152397 -0.106794 0.127371 -0.171126 -0.971127
1642668754.879252 -0.193822 1.611632 0.152762 -0.107805 0.127085 -0.170992 -0.971076
1642668754.887585 -0.193489 1.611631 0.153148 -0.108339 0.126776 -0.170568 -0.971132
1642668754.895918 -0.193159 1.611636 0.153554 -0.108756 0.126589 -0.170155 -0.971182
1642668754.904252 -0.192860 1.611697 0.154001 -0.108615 0.126300 -0.169357 -0.971375
1642668754.912585 -0.192541 1.611703 0.154415 -0.109093 0.126021 -0.168845 -0.971447
1642668754.920918 -0.192215 1.611699 0.154835 -0.109554 0.125834 -0.168387 -0.971499
1642668754.929252 -0.191891 1.611701 0.155249 -0.109995 0.125646 -0.167969 -0.971545
1642668754.937585 -0.191567 1.611703 0.155676 -0.110472 0.125449 -0.167498 -0.971598
1642668754.945918 -0.191235 1.611692 0.156104 -0.110890 0.125308 -0.167081 -0.971641
1642668754.954252 -0.190907 1.611676 0.156524 -0.111371 0.125115 -0.166607 -0.971692
1642668754.962585 -0.190575 1.611670 0.156960 -0.111858 0.124907 -0.166094 -0.971750
1642668754.970918 -0.190237 1.611652 0.157393 -0.112270 0.124853 -0.165680 -0.971781
1642668754.979252 -0.189896 1.611637 0.157826 -0.112805 0.124537 -0.165196 -0.971841
1642668754.987585 -0.189570 1.611620 0.158259 -0.113237 0.124256 -0.164735 -0.971906
1642668754.995918 -0.189232 1.611601 0.158699 -0.113713 0.124068 -0.164362 -0.971937
1642668755.004252 -0.188889 1.611587 0.159139 -0.114146 0.123750 -0.163866 -0.972011
1642668755.012585 -0.188545 1.611580 0.159581 -0.114577 0.123591 -0.163493 -0.972043
1642668755.020918 -0.188199 1.611580 0.160021 -0.115053 0.123293 -0.163069 -0.972096
1642668755.029252 -0.187848 1.611579 0.160461 -0.115479 0.122938 -0.162631 -0.972164
1642668755.037585 -0.187499 1.611581 0.160903 -0.115852 0.122689 -0.162269 -0.972211
1642668755.045918 -0.187143 1.611582 0.161326 -0.116263 0.122316 -0.161795 -0.972288
1642668755.054252 -0.186785 1.611588 0.161756 -0.116708 0.121934 -0.161348 -0.972357
1642668755.062585 -0.186430 1.611605 0.162179 -0.117113 0.121486 -0.160891 -0.972440
1642668755.070918 -0.186060 1.611631 0.162599 -0.117410 0.121181 -0.160571 -0.972495
1642668755.079252 -0.185709 1.611658 0.163013 -0.117791 0.120671 -0.160156 -0.972581
1642668755.087585 -0.185353 1.611691 0.163416 -0.118126 0.120208 -0.159787 -0.972658
1642668755.095918 -0.185004 1.611734 0.163810 -0.118392 0.119790 -0.159434 -0.972736
1642668755.104252 -0.184598 1.611746 0.164216 -0.118402 0.120122 -0.159372 -0.972704
1642668755.112585 -0.184240 1.611789 0.164593 -0.118680 0.119695 -0.159057 -0.972774
1642668755.120918 -0.183933 1.611876 0.164948 -0.119254 0.118232 -0.158427 -0.972985
1642668755.129252 -0.183582 1.611935 0.165308 -0.119462 0.117727 -0.158122 -0.973071
1642668755.137585 -0.183199 1.611958 0.165662 -0.119669 0.116997 -0.157722 -0.973198
1642668755.145918 -0.182859 1.612056 0.166009 -0.119830 0.116553 -0.157463 -0.973274
1642668755.154252 -0.182498 1.612116 0.166350 -0.120012 0.115985 -0.157173 -0.973366
1642668755.162585 -0.182137 1.612170 0.166682 -0.120226 0.115379 -0.156879 -0.973459
1642668755.170918 -0.181769 1.612220 0.167013 -0.120445 0.114737 -0.156526 -0.973565
1642668755.179252 -0.181400 1.612274 0.167337 -0.120604 0.114146 -0.156202 -0.973666
1642668755.187585 -0.181020 1.612321 0.167658 -0.120802 0.113554 -0.155879 -0.973763
1642668755.195918 -0.180614 1.612341 0.167980 -0.121007 0.112869 -0.155444 -0.973887
1642668755.204252 -0.180219 1.612394 0.168297 -0.121179 0.112387 -0.155125 -0.973972
1642668755.212585 -0.179851 1.612484 0.168626 -0.121245 0.111919 -0.154873 -0.974058
1642668755.220918 -0.179438 1.612525 0.168947 -0.121428 0.111266 -0.154540 -0.974163
1642668755.229252 -0.179021 1.612565 0.169272 -0.121598 0.110634 -0.154198 -0.974267
1642668755.237585 -0.178597 1.612594 0.169611 -0.121782 0.110068 -0.153792 -0.974373
1642668755.245918 -0.178158 1.612623 0.169961 -0.122025 0.109340 -0.153376 -0.974490
1642668755.254252 -0.177720 1.612642 0.170306 -0.122149 0.108761 -0.153072 -0.974587
1642668755.262585 -0.177266 1.612672 0.170667 -0.122369 0.108035 -0.152767 -0.974688
1642668755.270918 -0.176757 1.612658 0.171046 -0.122285 0.108220 -0.152584 -0.974707
1642668755.279252 -0.176275 1.612681 0.171422 -0.122579 0.107433 -0.152166 -0.974822
1642668755.287585 -0.175841 1.612742 0.171795 -0.123116 0.105761 -0.151467 -0.975046
1642668755.295918 -0.175352 1.612774 0.172181 -0.123362 0.105095 -0.151101 -0.975144
1642668755.304252 -0.174852 1.612801 0.172579 -0.123588 0.104318 -0.150756 -0.975252
1642668755.312585 -0.174350 1.612838 0.172986 -0.123908 0.103507 -0.150312 -0.975366
1642668755.320918 -0.173832 1.612870 0.173404 -0.124157 0.102625 -0.149840 -0.975500
1642668755.329252 -0.173255 1.612876 0.173852 -0.124124 0.102716 -0.149708 -0.975515
1642668755.337585 -0.172776 1.612956 0.174272 -0.124647 0.101020 -0.149020 -0.975731
1642668755.345918 -0.172282 1.613038 0.174740 -0.125498 0.099192 -0.148152 -0.975942
1642668755.354252 -0.171736 1.613080 0.175185 -0.125788 0.098448 -0.147776 -0.976037
1642668755.362585 -0.171182 1.613124 0.175641 -0.126031 0.097703 -0.147305 -0.976151
1642668755.370918 -0.170615 1.613168 0.176099 -0.126322 0.097067 -0.146937 -0.976233
1642668755.379252 -0.170050 1.613214 0.176559 -0.126648 0.096395 -0.146444 -0.976331
1642668755.387585 -0.169461 1.613259 0.177019 -0.126885 0.095714 -0.145994 -0.976435
1642668755.395918 -0.168866 1.613305 0.177494 -0.127172 0.095118 -0.145543 -0.976523
1642668755.404252 -0.168267 1.613351 0.177960 -0.127522 0.094441 -0.144985 -0.976626
1642668755.412585 -0.167665 1.613407 0.178444 -0.127748 0.093844 -0.144495 -0.976727
1642668755.420918 -0.167009 1.613427 0.178941 -0.128158 0.092807 -0.143833 -0.976870
1642668755.429252 -0.166384 1.613485 0.179425 -0.128385 0.092014 -0.143303 -0.976993
1642668755.437585 -0.165792 1.613582 0.179902 -0.128613 0.091612 -0.142963 -0.977050
1642668755.445918 -0.165145 1.613640 0.180396 -0.128960 0.090912 -0.142568 -0.977128
1642668755.454252 -0.164501 1.613704 0.180897 -0.129166 0.090172 -0.142099 -0.977238
1642668755.462585 -0.163819 1.613718 0.181401 -0.129597 0.089273 -0.141448 -0.977357
1642668755.470918 -0.163154 1.613765 0.181895 -0.129967 0.088547 -0.140930 -0.977449
1642668755.479252 -0.162512 1.613852 0.182391 -0.130167 0.088064 -0.140627 -0.977510
1642668755.487585 -0.161833 1.613904 0.182890 -0.130513 0.087437 -0.140168 -0.977586
1642668755.495918 -0.161120 1.613920 0.183395 -0.131013 0.086585 -0.139455 -0.977697
1642668755.504252 -0.160420 1.613962 0.183891 -0.131325 0.085898 -0.138973 -0.977784
1642668755.512585 -0.159719 1.614009 0.184386 -0.131667 0.085224 -0.138490 -0.977866
1642668755.520918 -0.159038 1.614086 0.184872 -0.131913 0.084921 -0.138166 -0.977905
1642668755.529252 -0.158293 1.614091 0.185369 -0.132394 0.084034 -0.137449 -0.978017
1642668755.537585 -0.157566 1.614119 0.185856 -0.132782 0.083419 -0.136969 -0.978085
1642668755.545918 -0.156798 1.614114 0.186354 -0.133001 0.083410 -0.136594 -0.978108
1642668755.554252 -0.156128 1.614194 0.186812 -0.133559 0.082467 -0.136007 -0.978194
1642668755.562585 -0.155383 1.614210 0.187280 -0.133896 0.082032 -0.135494 -0.978256
1642668755.570918 -0.154597 1.614192 0.187768 -0.134137 0.082024 -0.134998 -0.978292
1642668755.579252 -0.153852 1.614197 0.188231 -0.134732 0.081274 -0.134283 -0.978371
1642668755.587585 -0.153115 1.614204 0.188658 -0.135231 0.080427 -0.133559 -0.978471
1642668755.595918 -0.152351 1.614206 0.189106 -0.135460 0.080166 -0.133023 -0.978534
1642668755.604252 -0.151597 1.614209 0.189554 -0.135942 0.079754 -0.132373 -0.978589
1642668755.612585 -0.150777 1.614151 0.190020 -0.136522 0.079176 -0.131529 -0.978669
1642668755.620918 -0.150000 1.614139 0.190453 -0.136712 0.078999 -0.131014 -0.978726
1642668755.629252 -0.149242 1.614143 0.190873 -0.137075 0.078629 -0.130412 -0.978785
1642668755.637585 -0.148483 1.614148 0.191294 -0.137470 0.078312 -0.129821 -0.978834
1642668755.645918 -0.147724 1.614159 0.191716 -0.137818 0.077777 -0.129175 -0.978913
1642668755.654252 -0.146973 1.614185 0.192127 -0.138102 0.077418 -0.128669 -0.978968
1642668755.662585 -0.146216 1.614218 0.192543 -0.138380 0.076923 -0.128097 -0.979043
1642668755.670918 -0.145453 1.614264 0.192957 -0.138626 0.076578 -0.127684 -0.979089
1642668755.679252 -0.144703 1.614318 0.193371 -0.138857 0.075954 -0.127189 -0.979169
1642668755.687585 -0.143966 1.614403 0.193778 -0.139371 0.074698 -0.126485 -0.979284
1642668755.695918 -0.143145 1.614402 0.194177 -0.139000 0.075410 -0.126512 -0.979279
1642668755.704252 -0.142386 1.614482 0.194639 -0.139597 0.074011 -0.125763 -0.979397
1642668755.712585 -0.141634 1.614565 0.195051 -0.140022 0.072601 -0.125033 -0.979536
1642668755.720918 -0.140813 1.614591 0.195508 -0.140104 0.072188 -0.124657 -0.979602
1642668755.729252 -0.140062 1.614676 0.195932 -0.140545 0.070667 -0.123964 -0.979738
1642668755.737585 -0.139297 1.614769 0.196378 -0.140619 0.069860 -0.123641 -0.979826
1642668755.745918 -0.138430 1.614752 0.196850 -0.140731 0.068910 -0.123135 -0.979941
1642668755.754252 -0.137590 1.614772 0.197263 -0.140340 0.068921 -0.123232 -0.979984
1642668755.762585 -0.136851 1.614888 0.197757 -0.141262 0.066147 -0.122224 -0.980169
1642668755.770918 -0.136077 1.614961 0.198238 -0.141399 0.065090 -0.121970 -0.980251
1642668755.779252 -0.135179 1.614927 0.198754 -0.141351 0.064208 -0.121692 -0.980351
1642668755.787585 -0.134372 1.614960 0.199258 -0.141661 0.062523 -0.121214 -0.980475
1642668755.795918 -0.133515 1.614973 0.199697 -0.142775 0.060606 -0.121338 -0.980418
1642668755.804252 -0.132633 1.614943 0.200212 -0.142818 0.059780 -0.121286 -0.980469
1642668755.812585 -0.131796 1.614964 0.200742 -0.143258 0.057952 -0.120860 -0.980567
1642668755.820918 -0.130952 1.614968 0.201295 -0.143706 0.056107 -0.120442 -0.980660
1642668755.829252 -0.130161 1.615005 0.201789 -0.143975 0.054136 -0.120412 -0.980735
1642668755.837585 -0.129312 1.615004 0.202345 -0.144396 0.052382 -0.119915 -0.980830
1642668755.845918 -0.128427 1.614954 0.202925 -0.144724 0.050940 -0.119480 -0.980910
1642668755.854252 -0.127595 1.614955 0.203457 -0.144990 0.049429 -0.119410 -0.980957
1642668755.862585 -0.126737 1.614929 0.204025 -0.145327 0.047824 -0.119090 -0.981025
1642668755.870918 -0.125837 1.614872 0.204612 -0.145759 0.046449 -0.118604 -0.981086
1642668755.879252 -0.124985 1.614840 0.205178 -0.146072 0.045079 -0.118203 -0.981152
1642668755.887585 -0.124140 1.614828 0.205750 -0.146340 0.043702 -0.118089 -0.981188
1642668755.895918 -0.123241 1.614748 0.206322 -0.146661 0.042866 -0.117625 -0.981233
1642668755.904252 -0.122416 1.614728 0.206894 -0.147116 0.041286 -0.117370 -0.981263
1642668755.912585 -0.121515 1.614640 0.207497 -0.147642 0.040247 -0.116764 -0.981299
1642668755.920918 -0.120660 1.614590 0.208067 -0.148049 0.039160 -0.116309 -0.981336
1642668755.929252 -0.119797 1.614541 0.208640 -0.148456 0.038102 -0.115844 -0.981371
1642668755.937585 -0.118973 1.614525 0.209202 -0.148753 0.037129 -0.115584 -0.981394
1642668755.945918 -0.118127 1.614485 0.209757 -0.148955 0.036615 -0.115360 -0.981409
1642668755.954252 -0.117170 1.614357 0.210324 -0.148928 0.037127 -0.115280 -0.981403
1642668755.962585 -0.116328 1.614307 0.210889 -0.149360 0.036378 -0.114936 -0.981406
1642668755.970918 -0.115510 1.614281 0.211490 -0.150174 0.034707 -0.114269 -0.981420
1642668755.979252 -0.114686 1.614251 0.212024 -0.150714 0.033475 -0.113790 -0.981436
1642668755.987585 -0.113806 1.614185 0.212585 -0.151002 0.033007 -0.113458 -0.981446
1642668755.995918 -0.112979 1.614166 0.213111 -0.151333 0.032126 -0.113314 -0.981441
1642668756.004252 -0.112108 1.614119 0.213657 -0.151879 0.031016 -0.112665 -0.981467
1642668756.012585 -0.111204 1.614028 0.214172 -0.151811 0.031336 -0.112752 -0.981457
1642668756.020918 -0.110328 1.613972 0.214715 -0.152148 0.030509 -0.112404 -0.981471
1642668756.029252 -0.109450 1.613913 0.215236 -0.152551 0.029554 -0.111952 -0.981489
1642668756.037585 -0.108567 1.613860 0.215761 -0.152937 0.028656 -0.111580 -0.981498
1642668756.045918 -0.107693 1.613822 0.216329 -0.153768 0.026803 -0.110772 -0.981512
1642668756.054252 -0.106776 1.613741 0.216806 -0.153693 0.026723 -0.110746 -0.981529
1642668756.062585 -0.105882 1.613685 0.217315 -0.154051 0.025729 -0.110416 -0.981537
1642668756.070918 -0.104985 1.613639 0.217819 -0.154420 0.024614 -0.109996 -0.981555
1642668756.079252 -0.104022 1.613547 0.218324 -0.154927 0.023083 -0.109279 -0.981592
1642668756.087585 -0.103143 1.613522 0.218808 -0.155137 0.021891 -0.109203 -0.981595
1642668756.095918 -0.102202 1.613432 0.219318 -0.155558 0.020750 -0.108539 -0.981626
1642668756.104252 -0.101281 1.613362 0.219810 -0.155835 0.019579 -0.108209 -0.981643
1642668756.112585 -0.100366 1.613288 0.220293 -0.156118 0.018411 -0.107942 -0.981650
1642668756.120918 -0.099453 1.613227 0.220784 -0.156501 0.017107 -0.107576 -0.981653
1642668756.129252 -0.098535 1.613158 0.221261 -0.156815 0.015921 -0.107376 -0.981645
1642668756.137585 -0.097622 1.613086 0.221737 -0.157115 0.014750 -0.107157 -0.981639
1642668756.145918 -0.096698 1.613004 0.222202 -0.157450 0.013384 -0.106783 -0.981646
1642668756.154252 -0.095780 1.612929 0.222677 -0.157688 0.012054 -0.106469 -0.981659
1642668756.162585 -0.094857 1.612844 0.223128 -0.158007 0.010889 -0.106222 -0.981648
1642668756.170918 -0.093930 1.612758 0.223578 -0.158305 0.009611 -0.105948 -0.981643
1642668756.179252 -0.093111 1.612719 0.224047 -0.159184 0.006353 -0.104972 -0.981632
1642668756.187585 -0.092203 1.612630 0.224491 -0.159507 0.005007 -0.104656 -0.981621
1642668756.195918 -0.091291 1.612541 0.224929 -0.159724 0.003728 -0.104309 -0.981628
1642668756.204252 -0.090347 1.612392 0.225321 -0.159946 0.002522 -0.104047 -0.981624
1642668756.212585 -0.089437 1.612297 0.225760 -0.160229 0.001242 -0.103708 -0.981616
1642668756.220918 -0.088534 1.612212 0.226191 -0.160497 -0.000055 -0.103379 -0.981608
1642668756.229252 -0.087630 1.612113 0.226622 -0.160728 -0.001104 -0.103130 -0.981595
1642668756.237585 -0.086708 1.612026 0.227080 -0.160575 -0.001185 -0.103363 -0.981596
1642668756.245918 -0.085810 1.611931 0.227515 -0.160803 -0.002306 -0.103165 -0.981577
1642668756.254252 -0.084925 1.611837 0.227941 -0.161100 -0.003454 -0.102872 -0.981556
1642668756.262585 -0.084055 1.611741 0.228365 -0.161834 -0.005823 -0.102190 -0.981495
1642668756.270918 -0.083151 1.611607 0.228728 -0.161597 -0.006794 -0.102075 -0.981540
1642668756.279252 -0.082268 1.611522 0.229158 -0.161872 -0.007930 -0.101903 -0.981504
1642668756.287585 -0.081395 1.611446 0.229595 -0.162135 -0.009139 -0.101663 -0.981475
1642668756.295918 -0.080533 1.611379 0.230042 -0.162368 -0.010332 -0.101493 -0.981442
1642668756.304252 -0.079673 1.611305 0.230500 -0.162687 -0.011558 -0.101261 -0.981400
1642668756.312585 -0.078810 1.611228 0.230945 -0.162966 -0.012740 -0.101067 -0.981359
1642668756.320918 -0.078018 1.611203 0.231398 -0.163821 -0.015099 -0.100419 -0.981250
1642668756.329252 -0.077162 1.611130 0.231850 -0.164067 -0.016367 -0.100165 -0.981214
1642668756.337585 -0.076311 1.611055 0.232292 -0.164320 -0.017417 -0.099965 -0.981174
1642668756.345918 -0.075473 1.610997 0.232736 -0.164642 -0.018551 -0.099812 -0.981115
1642668756.354252 -0.074574 1.610875 0.233155 -0.164502 -0.018573 -0.100026 -0.981116
1642668756.362585 -0.073776 1.610840 0.233611 -0.165200 -0.020685 -0.099454 -0.981015
1642668756.370918 -0.072901 1.610705 0.234017 -0.165026 -0.020596 -0.099715 -0.981020
1642668756.379252 -0.072069 1.610601 0.234441 -0.165386 -0.021697 -0.099534 -0.980954
1642668756.387585 -0.071293 1.610536 0.234887 -0.166124 -0.023869 -0.098928 -0.980840
1642668756.395918 -0.070430 1.610383 0.235286 -0.166017 -0.023763 -0.099202 -0.980833
1642668756.404252 -0.069605 1.610277 0.235697 -0.166287 -0.024780 -0.099037 -0.980778
1642668756.412585 -0.068791 1.610161 0.236117 -0.166602 -0.025753 -0.098832 -0.980721
1642668756.420918 -0.068026 1.610084 0.236533 -0.167405 -0.027940 -0.098127 -0.980595
1642668756.429252 -0.067225 1.609949 0.236935 -0.167710 -0.028984 -0.097953 -0.980530
1642668756.437585 -0.066419 1.609803 0.237334 -0.167995 -0.030059 -0.097638 -0.980480
1642668756.445918 -0.065617 1.609648 0.237723 -0.168289 -0.030981 -0.097414 -0.980423
1642668756.454252 -0.064828 1.609500 0.238106 -0.168581 -0.031832 -0.097307 -0.980356
1642668756.462585 -0.064035 1.609339 0.238493 -0.168871 -0.032927 -0.097064 -0.980294
1642668756.470918 -0.063224 1.609155 0.238863 -0.168804 -0.033054 -0.097228 -0.980285
1642668756.479252 -0.062478 1.609030 0.239275 -0.169425 -0.034716 -0.096732 -0.980170
1642668756.487585 -0.061715 1.608873 0.239665 -0.169705 -0.035763 -0.096527 -0.980104
1642668756.495918 -0.060952 1.608713 0.240049 -0.169998 -0.036734 -0.096421 -0.980028
1642668756.504252 -0.060200 1.608552 0.240427 -0.170365 -0.037658 -0.096317 -0.979939
1642668756.512585 -0.059400 1.608356 0.240800 -0.170180 -0.037368 -0.096723 -0.979942
1642668756.520918 -0.058699 1.608243 0.241205 -0.170871 -0.039397 -0.096153 -0.979799
1642668756.529252 -0.057959 1.608097 0.241575 -0.171192 -0.040420 -0.096046 -0.979712
1642668756.537585 -0.057217 1.607953 0.241970 -0.171595 -0.041018 -0.096075 -0.979613
1642668756.545918 -0.056485 1.607796 0.242364 -0.171912 -0.041948 -0.095846 -0.979541
1642668756.554252 -0.055758 1.607652 0.242755 -0.172212 -0.042914 -0.095740 -0.979457
1642668756.562585 -0.054990 1.607449 0.243106 -0.172223 -0.042658 -0.095987 -0.979442
1642668756.570918 -0.054274 1.607300 0.243477 -0.172534 -0.043548 -0.095827 -0.979364
1642668756.579252 -0.053569 1.607166 0.243851 -0.172863 -0.044534 -0.095635 -0.979280
1642668756.587585 -0.052913 1.607073 0.244240 -0.173646 -0.046427 -0.095026 -0.979113
1642668756.595918 -0.052167 1.606883 0.244589 -0.173568 -0.046189 -0.095384 -0.979103
1642668756.604252 -0.051467 1.606736 0.244953 -0.173851 -0.047024 -0.095244 -0.979027
1642668756.612585 -0.050772 1.606593 0.245311 -0.174167 -0.047853 -0.095126 -0.978942
1642668756.620918 -0.050139 1.606503 0.245677 -0.174981 -0.049907 -0.094520 -0.978753
1642668756.629252 -0.049454 1.606371 0.246024 -0.175375 -0.050952 -0.094286 -0.978651
1642668756.637585 -0.048766 1.606238 0.246368 -0.175647 -0.051770 -0.094219 -0.978566
1642668756.645918 -0.048083 1.606109 0.246695 -0.175972 -0.052534 -0.094119 -0.978476
1642668756.654252 -0.047339 1.605930 0.247004 -0.175891 -0.052272 -0.094349 -0.978483
1642668756.662585 -0.046699 1.605861 0.247346 -0.176505 -0.054198 -0.093689 -0.978331
1642668756.670918 -0.046020 1.605744 0.247657 -0.176783 -0.055123 -0.093518 -0.978245
1642668756.679252 -0.045342 1.605635 0.247959 -0.177052 -0.055866 -0.093363 -0.978169
1642668756.687585 -0.044661 1.605526 0.248255 -0.177331 -0.056815 -0.093199 -0.978080
1642668756.695918 -0.043988 1.605420 0.248548 -0.177568 -0.057723 -0.093015 -0.978001
1642668756.704252 -0.043317 1.605322 0.248837 -0.177800 -0.058647 -0.092831 -0.977921
1642668756.712585 -0.042644 1.605214 0.249119 -0.178030 -0.059569 -0.092657 -0.977840
1642668756.720918 -0.041978 1.605108 0.249394 -0.178258 -0.060641 -0.092524 -0.977745
1642668756.729252 -0.041262 1.604961 0.249643 -0.177990 -0.060390 -0.092930 -0.977771
1642668756.737585 -0.040597 1.604841 0.249906 -0.178149 -0.061353 -0.092752 -0.977699
1642668756.745918 -0.039934 1.604723 0.250156 -0.178289 -0.062405 -0.092637 -0.977618
1642668756.754252 -0.039322 1.604649 0.250425 -0.178917 -0.064530 -0.092061 -0.977420
1642668756.762585 -0.038665 1.604530 0.250679 -0.179115 -0.065677 -0.091945 -0.977318
1642668756.770918 -0.038006 1.604409 0.250931 -0.179359 -0.066731 -0.091893 -0.977207
1642668756.779252 -0.037363 1.604286 0.251187 -0.179541 -0.067833 -0.091699 -0.977116
1642668756.787585 -0.036714 1.604157 0.251443 -0.179776 -0.068896 -0.091624 -0.977005
1642668756.795918 -0.036020 1.603974 0.251684 -0.179649 -0.069011 -0.091932 -0.976991
1642668756.804252 -0.035431 1.603891 0.251959 -0.180287 -0.071124 -0.091444 -0.976768
1642668756.812585 -0.034755 1.603716 0.252207 -0.180155 -0.071202 -0.091775 -0.976756
1642668756.820918 -0.034181 1.603627 0.252485 -0.180787 -0.073441 -0.091251 -0.976522
1642668756.829252 -0.033523 1.603447 0.252735 -0.180685 -0.073529 -0.091615 -0.976500
1642668756.837585 -0.032906 1.603310 0.252998 -0.180970 -0.074581 -0.091595 -0.976370
1642668756.845918 -0.032307 1.603177 0.253265 -0.181196 -0.075691 -0.091411 -0.976260
1642668756.854252 -0.031766 1.603091 0.253556 -0.181833 -0.077850 -0.090802 -0.976028
1642668756.862585 -0.031167 1.602929 0.253810 -0.181815 -0.078210 -0.090954 -0.975989
1642668756.870918 -0.030563 1.602759 0.254093 -0.182015 -0.078812 -0.090954 -0.975903
1642668756.879252 -0.029999 1.602611 0.254368 -0.182318 -0.079779 -0.090749 -0.975787
1642668756.887585 -0.029441 1.602460 0.254649 -0.182638 -0.080636 -0.090583 -0.975672
1642668756.895918 -0.028896 1.602311 0.254932 -0.182913 -0.081469 -0.090399 -0.975568
1642668756.904252 -0.028375 1.602151 0.255222 -0.183177 -0.082432 -0.090179 -0.975458
1642668756.912585 -0.027905 1.602025 0.255522 -0.183896 -0.084367 -0.089572 -0.975213
1642668756.920918 -0.027343 1.601805 0.255801 -0.183902 -0.084179 -0.089770 -0.975210
1642668756.929252 -0.026832 1.601612 0.256096 -0.184315 -0.084905 -0.089602 -0.975085
1642668756.937585 -0.026340 1.601430 0.256401 -0.184704 -0.085706 -0.089394 -0.974960
1642668756.945918 -0.025857 1.601245 0.256706 -0.185118 -0.086530 -0.089135 -0.974833
1642668756.954252 -0.025384 1.601072 0.257019 -0.185528 -0.087244 -0.088948 -0.974708
1642668756.962585 -0.024921 1.600908 0.257328 -0.185963 -0.087954 -0.088746 -0.974580
1642668756.970918 -0.024461 1.600711 0.257592 -0.186363 -0.088573 -0.088520 -0.974468
1642668756.979252 -0.024020 1.600558 0.257907 -0.186768 -0.089273 -0.088170 -0.974358
1642668756.987585 -0.023598 1.600411 0.258218 -0.187133 -0.089726 -0.087916 -0.974270
1642668756.995918 -0.023179 1.600251 0.258514 -0.187554 -0.090236 -0.087695 -0.974162
1642668757.004252 -0.022774 1.600096 0.258805 -0.187891 -0.090725 -0.087367 -0.974081
1642668757.012585 -0.022380 1.599936 0.259092 -0.188288 -0.091128 -0.087136 -0.973987
1642668757.020918 -0.022030 1.599799 0.259361 -0.188765 -0.091887 -0.086783 -0.973855
1642668757.029252 -0.021664 1.599636 0.259627 -0.189144 -0.092212 -0.086610 -0.973766
1642668757.037585 -0.021274 1.599445 0.259892 -0.189422 -0.092084 -0.086616 -0.973724
1642668757.045918 -0.020928 1.599267 0.260133 -0.189778 -0.092329 -0.086439 -0.973647
1642668757.054252 -0.020587 1.599100 0.260364 -0.190125 -0.092494 -0.086276 -0.973578
1642668757.062585 -0.020240 1.598926 0.260585 -0.190381 -0.092715 -0.086027 -0.973529
1642668757.070918 -0.019901 1.598748 0.260784 -0.190734 -0.092898 -0.085806 -0.973462
1642668757.079252 -0.019570 1.598578 0.260972 -0.191068 -0.093077 -0.085507 -0.973405
1642668757.087585 -0.019248 1.598413 0.261137 -0.191394 -0.093193 -0.085235 -0.973354
1642668757.095918 -0.018931 1.598252 0.261288 -0.191742 -0.093337 -0.084972 -0.973295
1642668757.104252 -0.018624 1.598097 0.261421 -0.192058 -0.093473 -0.084665 -0.973246
1642668757.112585 -0.018320 1.597941 0.261542 -0.192370 -0.093478 -0.084400 -0.973207
1642668757.120918 -0.018023 1.597790 0.261653 -0.192700 -0.093613 -0.084061 -0.973158
1642668757.129252 -0.017744 1.597638 0.261751 -0.192980 -0.093677 -0.083780 -0.973121
1642668757.137585 -0.017475 1.597508 0.261829 -0.193279 -0.093716 -0.083471 -0.973084
1642668757.145918 -0.017224 1.597384 0.261900 -0.193576 -0.093886 -0.083180 -0.973034
1642668757.154252 -0.016977 1.597270 0.261958 -0.193826 -0.093837 -0.082994 -0.973005
1642668757.162585 -0.016744 1.597169 0.261999 -0.194117 -0.093910 -0.082761 -0.972960
1642668757.170918 -0.016525 1.597075 0.262028 -0.194438 -0.093901 -0.082550 -0.972914
1642668757.179252 -0.016313 1.596993 0.262045 -0.194677 -0.093942 -0.082323 -0.972882
1642668757.187585 -0.016147 1.596951 0.262041 -0.195012 -0.094169 -0.082019 -0.972818
1642668757.195918 -0.015931 1.596881 0.262046 -0.195209 -0.093839 -0.081851 -0.972825
1642668757.204252 -0.015754 1.596843 0.262027 -0.195470 -0.093713 -0.081592 -0.972806
1642668757.212585 -0.015594 1.596820 0.261989 -0.195714 -0.093682 -0.081302 -0.972785
1642668757.220918 -0.015451 1.596810 0.261949 -0.195853 -0.093489 -0.081052 -0.972796
1642668757.229252 -0.015320 1.596804 0.261886 -0.196055 -0.093385 -0.080773 -0.972788
1642668757.237585 -0.015203 1.596811 0.261811 -0.196232 -0.093219 -0.080462 -0.972795
1642668757.245918 -0.015126 1.596847 0.261710 -0.196475 -0.093448 -0.080067 -0.972756
1642668757.254252 -0.015036 1.596872 0.261598 -0.196587 -0.093245 -0.079801 -0.972775
1642668757.262585 -0.014961 1.596915 0.261474 -0.196676 -0.093149 -0.079463 -0.972794
1642668757.270918 -0.014899 1.596973 0.261342 -0.196712 -0.093088 -0.079101 -0.972822
1642668757.279252 -0.014852 1.597029 0.261179 -0.196725 -0.092856 -0.078936 -0.972854
1642668757.287585 -0.014826 1.597098 0.261002 -0.196708 -0.092728 -0.078771 -0.972884
1642668757.295918 -0.014789 1.597152 0.260821 -0.196605 -0.092313 -0.078621 -0.972956
1642668757.304252 -0.014800 1.597224 0.260616 -0.196501 -0.092181 -0.078512 -0.972998
1642668757.312585 -0.014826 1.597302 0.260391 -0.196440 -0.092151 -0.078431 -0.973020
1642668757.320918 -0.014868 1.597387 0.260156 -0.196342 -0.092114 -0.078358 -0.973049
1642668757.329252 -0.014933 1.597482 0.259913 -0.196184 -0.092155 -0.078309 -0.973081
1642668757.337585 -0.015013 1.597586 0.259648 -0.196019 -0.092110 -0.078278 -0.973121
1642668757.345918 -0.015114 1.597691 0.259383 -0.195849 -0.092187 -0.078246 -0.973151
1642668757.354252 -0.015232 1.597796 0.259106 -0.195661 -0.092313 -0.078224 -0.973179
1642668757.362585 -0.015369 1.597904 0.258825 -0.195477 -0.092404 -0.078237 -0.973206
1642668757.370918 -0.015524 1.598012 0.258540 -0.195331 -0.092499 -0.078262 -0.973224
1642668757.379252 -0.015692 1.598130 0.258256 -0.195115 -0.092668 -0.078261 -0.973251
1642668757.387585 -0.015883 1.598250 0.257958 -0.194909 -0.092783 -0.078305 -0.973278
1642668757.395918 -0.016091 1.598375 0.257659 -0.194685 -0.092947 -0.078308 -0.973307
1642668757.404252 -0.016314 1.598497 0.257368 -0.194479 -0.093050 -0.078345 -0.973335
1642668757.412585 -0.016559 1.598618 0.257064 -0.194308 -0.093121 -0.078370 -0.973361
1642668757.420918 -0.016821 1.598738 0.256759 -0.194059 -0.093184 -0.078416 -0.973401
1642668757.429252 -0.017098 1.598867 0.256454 -0.193782 -0.093230 -0.078453 -0.973449
1642668757.437585 -0.017389 1.598986 0.256148 -0.193555 -0.093122 -0.078483 -0.973502
1642668757.445918 -0.017694 1.599105 0.255843 -0.193360 -0.093103 -0.078561 -0.973536
1642668757.454252 -0.018026 1.599221 0.255540 -0.193171 -0.092989 -0.078608 -0.973580
1642668757.462585 -0.018368 1.599343 0.255235 -0.192971 -0.092817 -0.078691 -0.973630
1642668757.470918 -0.018733 1.599458 0.254929 -0.192763 -0.092616 -0.078720 -0.973688
1642668757.479252 -0.019110 1.599578 0.254618 -0.192577 -0.092336 -0.078817 -0.973743
1642668757.487585 -0.019500 1.599693 0.254312 -0.192375 -0.092126 -0.078899 -0.973796
1642668757.495918 -0.019912 1.599798 0.254000 -0.192200 -0.091756 -0.079000 -0.973858
1642668757.504252 -0.020338 1.599906 0.253686 -0.191950 -0.091393 -0.079095 -0.973934
1642668757.512585 -0.020803 1.600032 0.253363 -0.191743 -0.091303 -0.079080 -0.973984
1642668757.520918 -0.021230 1.600125 0.253053 -0.191441 -0.090737 -0.079163 -0.974090
1642668757.529252 -0.021698 1.600221 0.252732 -0.191188 -0.090263 -0.079223 -0.974178
1642668757.537585 -0.022182 1.600325 0.252410 -0.190994 -0.089742 -0.079280 -0.974260
1642668757.545918 -0.022678 1.600414 0.252083 -0.190776 -0.089237 -0.079367 -0.974342
1642668757.554252 -0.023193 1.600512 0.251760 -0.190563 -0.088718 -0.079463 -0.974423
1642668757.562585 -0.023719 1.600601 0.251428 -0.190333 -0.088234 -0.079564 -0.974504
1642668757.570918 -0.024261 1.600694 0.251087 -0.190150 -0.087785 -0.079637 -0.974574
1642668757.579252 -0.024817 1.600778 0.250760 -0.189933 -0.087180 -0.079772 -0.974660
1642668757.587585 -0.025390 1.600864 0.250425 -0.189700 -0.086720 -0.079848 -0.974740
1642668757.595918 -0.025963 1.600955 0.250095 -0.189431 -0.086235 -0.080008 -0.974822
1642668757.604252 -0.026550 1.601044 0.249772 -0.189223 -0.085658 -0.080187 -0.974899
1642668757.612585 -0.027146 1.601136 0.249436 -0.188987 -0.085016 -0.080407 -0.974982
1642668757.620918 -0.027786 1.601273 0.249120 -0.189187 -0.085586 -0.080144 -0.974916
1642668757.629252 -0.028346 1.601331 0.248781 -0.188562 -0.084259 -0.080615 -0.975113
1642668757.637585 -0.028948 1.601427 0.248455 -0.188296 -0.083637 -0.080780 -0.975205
1642668757.645918 -0.029566 1.601529 0.248117 -0.188064 -0.083111 -0.080848 -0.975289
1642668757.654252 -0.030221 1.601686 0.247816 -0.187933 -0.082995 -0.080819 -0.975326
1642668757.662585 -0.030829 1.601775 0.247498 -0.187689 -0.082342 -0.080962 -0.975417
1642668757.670918 -0.031458 1.601869 0.247158 -0.187456 -0.081899 -0.081051 -0.975492
1642668757.679252 -0.032101 1.601973 0.246815 -0.187275 -0.081424 -0.081123 -0.975560
1642668757.687585 -0.032761 1.602084 0.246479 -0.187021 -0.080919 -0.081248 -0.975640
1642668757.695918 -0.033431 1.602199 0.246140 -0.186785 -0.080519 -0.081357 -0.975710
1642668757.704252 -0.034104 1.602327 0.245801 -0.186561 -0.080061 -0.081540 -0.975775
1642668757.712585 -0.034777 1.602416 0.245412 -0.186296 -0.079587 -0.081806 -0.975842
1642668757.720918 -0.035476 1.602550 0.245072 -0.186040 -0.079142 -0.081992 -0.975911
1642668757.729252 -0.036164 1.602686 0.244724 -0.185777 -0.078697 -0.082171 -0.975982
1642668757.737585 -0.036922 1.602875 0.244384 -0.185853 -0.079320 -0.081990 -0.975933
1642668757.745918 -0.037641 1.603073 0.244067 -0.185653 -0.078883 -0.082154 -0.975992
1642668757.754252 -0.038352 1.603237 0.243691 -0.185452 -0.078459 -0.082266 -0.976055
1642668757.762585 -0.039018 1.603360 0.243291 -0.184683 -0.076966 -0.082742 -0.976280
1642668757.770918 -0.039757 1.603547 0.242886 -0.184394 -0.076595 -0.082821 -0.976357
1642668757.779252 -0.040488 1.603699 0.242463 -0.184308 -0.076766 -0.082525 -0.976385
1642668757.787585 -0.041221 1.603886 0.242074 -0.183999 -0.076318 -0.082567 -0.976475
1642668757.795918 -0.041948 1.604045 0.241644 -0.183640 -0.075714 -0.082661 -0.976581
1642668757.804252 -0.042634 1.604162 0.241190 -0.182894 -0.074050 -0.083129 -0.976809
1642668757.812585 -0.043372 1.604318 0.240737 -0.182455 -0.073292 -0.083256 -0.976938
1642668757.820918 -0.044119 1.604475 0.240287 -0.182036 -0.072607 -0.083405 -0.977054
1642668757.829252 -0.044859 1.604641 0.239843 -0.181692 -0.072042 -0.083524 -0.977150
1642668757.837585 -0.045610 1.604808 0.239391 -0.181390 -0.071357 -0.083700 -0.977241
1642668757.845918 -0.046424 1.605026 0.238964 -0.181383 -0.071717 -0.083450 -0.977237
1642668757.854252 -0.047177 1.605217 0.238529 -0.181047 -0.071111 -0.083598 -0.977331
1642668757.862585 -0.047881 1.605368 0.238075 -0.180346 -0.069368 -0.084188 -0.977536
1642668757.870918 -0.048683 1.605614 0.237658 -0.180355 -0.069661 -0.083995 -0.977530
1642668757.879252 -0.049435 1.605834 0.237232 -0.180006 -0.069134 -0.084087 -0.977623
1642668757.887585 -0.050138 1.606018 0.236798 -0.179253 -0.067381 -0.084500 -0.977849
1642668757.895918 -0.050884 1.606251 0.236380 -0.178890 -0.066705 -0.084601 -0.977953
1642668757.904252 -0.051636 1.606491 0.235969 -0.178548 -0.065992 -0.084705 -0.978055
1642668757.912585 -0.052386 1.606741 0.235561 -0.178195 -0.065310 -0.084669 -0.978168
1642668757.920918 -0.053188 1.607036 0.235158 -0.178285 -0.065662 -0.084252 -0.978164
1642668757.929252 -0.053945 1.607284 0.234730 -0.177976 -0.065172 -0.084187 -0.978258
1642668757.937585 -0.054659 1.607473 0.234285 -0.177199 -0.063331 -0.084692 -0.978477
1642668757.945918 -0.055414 1.607691 0.233848 -0.176868 -0.062577 -0.084702 -0.978584
1642668757.954252 -0.056228 1.607954 0.233424 -0.176891 -0.063034 -0.084307 -0.978585
1642668757.962585 -0.056948 1.608110 0.232960 -0.176197 -0.061272 -0.084777 -0.978781
1642668757.970918 -0.057704 1.608294 0.232494 -0.175889 -0.060441 -0.084936 -0.978875
1642668757.979252 -0.058478 1.608476 0.232021 -0.175540 -0.059760 -0.084983 -0.978975
1642668757.987585 -0.059249 1.608646 0.231557 -0.175209 -0.058979 -0.085038 -0.979077
1642668757.995918 -0.060029 1.608805 0.231077 -0.174880 -0.058182 -0.085118 -0.979177
1642668758.004252 -0.060810 1.608962 0.230593 -0.174552 -0.057465 -0.085154 -0.979274
1642668758.012585 -0.061593 1.609115 0.230107 -0.174256 -0.056803 -0.085209 -0.979361
1642668758.020918 -0.062432 1.609316 0.229633 -0.174340 -0.057041 -0.084740 -0.979373
1642668758.029252 -0.063236 1.609481 0.229157 -0.174001 -0.056304 -0.084746 -0.979475
1642668758.037585 -0.063997 1.609587 0.228653 -0.173244 -0.054415 -0.085171 -0.979679
1642668758.045918 -0.064798 1.609740 0.228168 -0.172892 -0.053474 -0.085237 -0.979788
1642668758.054252 -0.065675 1.609954 0.227702 -0.172938 -0.053652 -0.084871 -0.979802
1642668758.062585 -0.066481 1.610092 0.227204 -0.172218 -0.051847 -0.085286 -0.979990
1642668758.070918 -0.067376 1.610307 0.226735 -0.172322 -0.051942 -0.085010 -0.979990
1642668758.079252 -0.068187 1.610442 0.226241 -0.171582 -0.050186 -0.085492 -0.980170
1642668758.087585 -0.069047 1.610615 0.225753 -0.171237 -0.049264 -0.085653 -0.980262
1642668758.095918 -0.069924 1.610798 0.225273 -0.170888 -0.048471 -0.085777 -0.980352
1642668758.104252 -0.070815 1.610989 0.224788 -0.170521 -0.047703 -0.085962 -0.980437
1642668758.112585 -0.071706 1.611183 0.224298 -0.170192 -0.046989 -0.086154 -0.980512
1642668758.120918 -0.072658 1.611428 0.223829 -0.170247 -0.047334 -0.085805 -0.980517
1642668758.129252 -0.073558 1.611626 0.223327 -0.169897 -0.046769 -0.085984 -0.980589
1642668758.137585 -0.074418 1.611781 0.222807 -0.169097 -0.044900 -0.086663 -0.980755
1642668758.145918 -0.075317 1.611979 0.222278 -0.168665 -0.044156 -0.086879 -0.980844
1642668758.154252 -0.076238 1.612171 0.221754 -0.168182 -0.043456 -0.087112 -0.980937
1642668758.162585 -0.077149 1.612355 0.221227 -0.167803 -0.042838 -0.087306 -0.981012
1642668758.170918 -0.078067 1.612538 0.220693 -0.167356 -0.042242 -0.087536 -0.981094
1642668758.179252 -0.078979 1.612708 0.220153 -0.166878 -0.041553 -0.087803 -0.981181
1642668758.187585 -0.079947 1.612926 0.219627 -0.166884 -0.041972 -0.087597 -0.981180
1642668758.195918 -0.080824 1.613046 0.219065 -0.165953 -0.040308 -0.088260 -0.981349
1642668758.204252 -0.081788 1.613245 0.218537 -0.165950 -0.040719 -0.088081 -0.981348
1642668758.212585 -0.082713 1.613412 0.218007 -0.165580 -0.040269 -0.088285 -0.981411
1642668758.220918 -0.083598 1.613532 0.217453 -0.164614 -0.038597 -0.088897 -0.981585
1642668758.229252 -0.084560 1.613752 0.216925 -0.164554 -0.038938 -0.088807 -0.981590
1642668758.237585 -0.085501 1.613935 0.216386 -0.164166 -0.038441 -0.089034 -0.981654
1642668758.245918 -0.086428 1.614119 0.215857 -0.163698 -0.037860 -0.089316 -0.981729
1642668758.254252 -0.087322 1.614264 0.215304 -0.162759 -0.036073 -0.090075 -0.981883
1642668758.262585 -0.088262 1.614452 0.214787 -0.162200 -0.035358 -0.090374 -0.981974
1642668758.270918 -0.089226 1.614663 0.214256 -0.161860 -0.035068 -0.090530 -0.982027
1642668758.279252 -0.090159 1.614846 0.213726 -0.161279 -0.034359 -0.090811 -0.982121
1642668758.287585 -0.091105 1.615049 0.213217 -0.160798 -0.033739 -0.091084 -0.982196
1642668758.295918 -0.092108 1.615307 0.212722 -0.160770 -0.034186 -0.090890 -0.982203
1642668758.304252 -0.093013 1.615475 0.212198 -0.159987 -0.032663 -0.091484 -0.982328
1642668758.312585 -0.093952 1.615675 0.211700 -0.159475 -0.031960 -0.091798 -0.982405
1642668758.320918 -0.094922 1.615887 0.211203 -0.159036 -0.031206 -0.092092 -0.982473
1642668758.329252 -0.095879 1.616082 0.210704 -0.158601 -0.030598 -0.092366 -0.982537
1642668758.337585 -0.096843 1.616277 0.210202 -0.158224 -0.029958 -0.092659 -0.982589
1642668758.345918 -0.097802 1.616455 0.209702 -0.157893 -0.029354 -0.092877 -0.982640
1642668758.354252 -0.098816 1.616688 0.209232 -0.157940 -0.029841 -0.092675 -0.982637
1642668758.362585 -0.099793 1.616862 0.208741 -0.157607 -0.029293 -0.092981 -0.982678
1642668758.370918 -0.100725 1.616983 0.208230 -0.156844 -0.027516 -0.093690 -0.982784
1642668758.379252 -0.101744 1.617185 0.207752 -0.156842 -0.027856 -0.093615 -0.982782
1642668758.387585 -0.102698 1.617302 0.207246 -0.156074 -0.026218 -0.094238 -0.982890
1642668758.395918 -0.103731 1.617505 0.206767 -0.156150 -0.026560 -0.094126 -0.982880
1642668758.404252 -0.104682 1.617614 0.206256 -0.155430 -0.024826 -0.094867 -0.982968
1642668758.412585 -0.105681 1.617762 0.205759 -0.155026 -0.023975 -0.095243 -0.983016
1642668758.420918 -0.106743 1.617952 0.205278 -0.155125 -0.024287 -0.095099 -0.983007
1642668758.429252 -0.107714 1.618054 0.204759 -0.154352 -0.022563 -0.095766 -0.983105
1642668758.437585 -0.108736 1.618206 0.204257 -0.153935 -0.021675 -0.096079 -0.983160
1642668758.445918 -0.109821 1.618408 0.203762 -0.154055 -0.022039 -0.095916 -0.983149
1642668758.454252 -0.110873 1.618558 0.203246 -0.153733 -0.021406 -0.096141 -0.983191
1642668758.462585 -0.111928 1.618709 0.202728 -0.153394 -0.020574 -0.096437 -0.983233
1642668758.470918 -0.112999 1.618855 0.202198 -0.153070 -0.019755 -0.096806 -0.983264
1642668758.479252 -0.114080 1.619004 0.201672 -0.152722 -0.018851 -0.097123 -0.983305
1642668758.487585 -0.115173 1.619146 0.201143 -0.152279 -0.018059 -0.097524 -0.983348
1642668758.495918 -0.116274 1.619282 0.200589 -0.152000 -0.017090 -0.097964 -0.983365
1642668758.504252 -0.117344 1.619372 0.200015 -0.151088 -0.015056 -0.098839 -0.983451
1642668758.512585 -0.118512 1.619556 0.199479 -0.151095 -0.015185 -0.098871 -0.983445
1642668758.520918 -0.119636 1.619680 0.198901 -0.150808 -0.014425 -0.099164 -0.983471
1642668758.529252 -0.120775 1.619791 0.198305 -0.150383 -0.013551 -0.099606 -0.983504
1642668758.537585 -0.121917 1.619907 0.197711 -0.149943 -0.012564 -0.099948 -0.983550
1642668758.545918 -0.123061 1.620031 0.197104 -0.149505 -0.011620 -0.100373 -0.983585
1642668758.554252 -0.124169 1.620101 0.196460 -0.148622 -0.009550 -0.101198 -0.983656
1642668758.562585 -0.125401 1.620305 0.195870 -0.148626 -0.009619 -0.101222 -0.983652
1642668758.570918 -0.126526 1.620376 0.195206 -0.148044 -0.008297 -0.101605 -0.983713
1642668758.579252 -0.127679 1.620472 0.194519 -0.147204 -0.006576 -0.102358 -0.983774
1642668758.587585 -0.128915 1.620646 0.193854 -0.147190 -0.006567 -0.102295 -0.983782
1642668758.595918 -0.130123 1.620793 0.193191 -0.146646 -0.005544 -0.102779 -0.983819
1642668758.604252 -0.131355 1.620982 0.192538 -0.146242 -0.004467 -0.103237 -0.983837
1642668758.612585 -0.132548 1.621107 0.191834 -0.145862 -0.003930 -0.103371 -0.983882
1642668758.620918 -0.133724 1.621250 0.191128 -0.145160 -0.002132 -0.104086 -0.983916
1642668758.629252 -0.134984 1.621441 0.190400 -0.144657 -0.001279 -0.104464 -0.983951
1642668758.637585 -0.136246 1.621678 0.189715 -0.144218 -0.000160 -0.104973 -0.983962
1642668758.645918 -0.137436 1.621821 0.188973 -0.143597 0.000989 -0.105386 -0.984009
1642668758.654252 -0.138658 1.622017 0.188223 -0.143132 0.002110 -0.105767 -0.984034
1642668758.662585 -0.139932 1.622246 0.187430 -0.142500 0.003278 -0.106293 -0.984065
1642668758.670918 -0.141171 1.622466 0.186729 -0.142117 0.005070 -0.107052 -0.984031
1642668758.679252 -0.142424 1.622692 0.185958 -0.141592 0.006233 -0.107520 -0.984049
1642668758.687585 -0.143686 1.622952 0.185189 -0.140977 0.007511 -0.107883 -0.984089
1642668758.695918 -0.144926 1.623167 0.184372 -0.140369 0.008999 -0.108425 -0.984104
1642668758.704252 -0.146169 1.623378 0.183565 -0.139702 0.010397 -0.108886 -0.984134
1642668758.712585 -0.147414 1.623598 0.182745 -0.139332 0.011197 -0.109134 -0.984150
1642668758.720918 -0.148663 1.623821 0.181922 -0.138705 0.012685 -0.109641 -0.984164
1642668758.729252 -0.149878 1.623991 0.181047 -0.138104 0.013822 -0.109919 -0.984202
1642668758.737585 -0.151115 1.624225 0.180227 -0.137426 0.015596 -0.110522 -0.984203
1642668758.745918 -0.152366 1.624428 0.179383 -0.136960 0.016618 -0.110783 -0.984222
1642668758.754252 -0.153598 1.624615 0.178516 -0.136323 0.018037 -0.111306 -0.984227
1642668758.762585 -0.154829 1.624787 0.177655 -0.135726 0.019357 -0.111709 -0.984238
1642668758.770918 -0.156049 1.624946 0.176785 -0.135146 0.020711 -0.112100 -0.984246
1642668758.779252 -0.157264 1.625097 0.175913 -0.134394 0.022453 -0.112679 -0.984245
1642668758.787585 -0.158495 1.625232 0.175069 -0.133970 0.023566 -0.113087 -0.984230
1642668758.795918 -0.159712 1.625360 0.174225 -0.133390 0.024972 -0.113528 -0.984223
1642668758.804252 -0.160920 1.625449 0.173381 -0.132907 0.026293 -0.113988 -0.984201
1642668758.812585 -0.162129 1.625527 0.172551 -0.132419 0.027867 -0.114567 -0.984156
1642668758.820918 -0.163374 1.625624 0.171740 -0.131838 0.029614 -0.115375 -0.984089
1642668758.829252 -0.164576 1.625665 0.170928 -0.131336 0.031079 -0.115829 -0.984057
1642668758.837585 -0.165716 1.625705 0.170121 -0.130649 0.033283 -0.116606 -0.983985
1642668758.845918 -0.166886 1.625705 0.169315 -0.130312 0.034378 -0.116751 -0.983975
1642668758.854252 -0.168071 1.625714 0.168529 -0.129778 0.036140 -0.117610 -0.983880
1642668758.862585 -0.169198 1.625675 0.167764 -0.129399 0.037482 -0.117750 -0.983863
1642668758.870918 -0.170356 1.625654 0.166986 -0.128999 0.038886 -0.118165 -0.983811
1642668758.879252 -0.171540 1.625657 0.166193 -0.128617 0.039872 -0.118456 -0.983787
1642668758.887585 -0.172688 1.625633 0.165427 -0.128264 0.041132 -0.118893 -0.983728
1642668758.895918 -0.173839 1.625603 0.164665 -0.127854 0.042440 -0.119352 -0.983670
1642668758.904252 -0.174970 1.625573 0.163909 -0.127352 0.043927 -0.119878 -0.983606
1642668758.912585 -0.176132 1.625566 0.163173 -0.127025 0.045097 -0.120338 -0.983539
1642668758.920918 -0.177248 1.625538 0.162461 -0.126585 0.046515 -0.120864 -0.983466
1642668758.929252 -0.178416 1.625558 0.161698 -0.126184 0.047454 -0.121331 -0.983415
1642668758.937585 -0.179540 1.625542 0.160989 -0.125676 0.048912 -0.121895 -0.983339
1642668758.945918 -0.180702 1.625565 0.160232 -0.125393 0.049759 -0.122368 -0.983274
1642668758.954252 -0.181848 1.625578 0.159496 -0.124935 0.050725 -0.122805 -0.983228
1642668758.962585 -0.182989 1.625599 0.158772 -0.124456 0.051936 -0.123444 -0.983145
1642668758.970918 -0.184095 1.625598 0.158063 -0.123903 0.053321 -0.124067 -0.983063
1642668758.979252 -0.185257 1.625634 0.157314 -0.123561 0.054109 -0.124573 -0.982999
1642668758.987585 -0.186358 1.625629 0.156606 -0.123138 0.055405 -0.125182 -0.982902
1642668758.995918 -0.187508 1.625653 0.155857 -0.122787 0.056173 -0.125720 -0.982834
1642668759.004252 -0.188634 1.625657 0.155136 -0.122370 0.057188 -0.126325 -0.982750
1642668759.012585 -0.189760 1.625657 0.154401 -0.121983 0.058151 -0.126846 -0.982674
1642668759.020918 -0.190869 1.625644 0.153675 -0.121532 0.059257 -0.127504 -0.982579
1642668759.029252 -0.191995 1.625629 0.152941 -0.121190 0.060254 -0.128006 -0.982495
1642668759.037585 -0.193102 1.625603 0.152206 -0.120821 0.061277 -0.128599 -0.982400
1642668759.045918 -0.194223 1.625583 0.151485 -0.120335 0.062422 -0.129221 -0.982306
1642668759.054252 -0.195338 1.625551 0.150753 -0.119981 0.063390 -0.129665 -0.982229
1642668759.062585 -0.196454 1.625517 0.150042 -0.119566 0.064537 -0.130289 -0.982122
1642668759.070918 -0.197573 1.625484 0.149315 -0.119249 0.065650 -0.130787 -0.982021
1642668759.079252 -0.198688 1.625448 0.148585 -0.118887 0.066759 -0.131400 -0.981908
1642668759.087585 -0.199798 1.625402 0.147864 -0.118539 0.068031 -0.131968 -0.981787
1642668759.095918 -0.200918 1.625365 0.147134 -0.118195 0.069270 -0.132598 -0.981657
1642668759.104252 -0.202042 1.625301 0.146405 -0.117579 0.070668 -0.133318 -0.981533
1642668759.112585 -0.203167 1.625264 0.145680 -0.117191 0.071995 -0.133917 -0.981402
1642668759.120918 -0.204280 1.625238 0.144962 -0.116892 0.073252 -0.134496 -0.981265
1642668759.129252 -0.205367 1.625170 0.144248 -0.116340 0.075195 -0.135313 -0.981072
1642668759.137585 -0.206511 1.625155 0.143505 -0.116166 0.076062 -0.135746 -0.980965
1642668759.145918 -0.207623 1.625120 0.142769 -0.115830 0.077278 -0.136262 -0.980839
1642668759.154252 -0.208740 1.625096 0.142034 -0.115546 0.078567 -0.136796 -0.980695
1642668759.162585 -0.209844 1.625072 0.141290 -0.115115 0.079917 -0.137382 -0.980555
1642668759.170918 -0.210950 1.625054 0.140534 -0.114777 0.081305 -0.138036 -0.980389
1642668759.179252 -0.212035 1.625050 0.139788 -0.114377 0.082668 -0.138699 -0.980228
1642668759.187585 -0.213154 1.625079 0.139024 -0.113787 0.084298 -0.139436 -0.980053
1642668759.195918 -0.214194 1.625054 0.138251 -0.113504 0.085341 -0.139927 -0.979926
1642668759.204252 -0.215250 1.625027 0.137420 -0.113648 0.086782 -0.140979 -0.979631
1642668759.212585 -0.216300 1.625062 0.136674 -0.112662 0.087963 -0.141137 -0.979617
1642668759.220918 -0.217339 1.625071 0.135875 -0.112033 0.089199 -0.141719 -0.979494
1642668759.229252 -0.218365 1.625065 0.135067 -0.111600 0.090496 -0.142305 -0.979339
1642668759.237585 -0.219389 1.625067 0.134251 -0.111064 0.091927 -0.143030 -0.979161
1642668759.245918 -0.220353 1.624978 0.133379 -0.111203 0.093158 -0.144056 -0.978879
1642668759.254252 -0.221343 1.624933 0.132524 -0.110629 0.094500 -0.144812 -0.978704
1642668759.262585 -0.222355 1.624967 0.131725 -0.109526 0.095462 -0.144992 -0.978708
1642668759.270918 -0.223337 1.624907 0.130861 -0.108744 0.096906 -0.145741 -0.978542
1642668759.279252 -0.224296 1.624858 0.130004 -0.108271 0.097761 -0.146312 -0.978424
1642668759.287585 -0.225295 1.624812 0.129198 -0.107096 0.098961 -0.146511 -0.978403
1642668759.295918 -0.226242 1.624744 0.128337 -0.106487 0.100179 -0.147263 -0.978232
1642668759.304252 -0.227122 1.624627 0.127463 -0.105637 0.102218 -0.148191 -0.977973
1642668759.312585 -0.228074 1.624569 0.126570 -0.105341 0.102694 -0.148684 -0.977881
1642668759.320918 -0.228993 1.624508 0.125683 -0.105021 0.103671 -0.149174 -0.977737
1642668759.329252 -0.229842 1.624381 0.124811 -0.104176 0.105674 -0.150086 -0.977474
1642668759.337585 -0.230795 1.624361 0.123892 -0.103959 0.106354 -0.150569 -0.977349
1642668759.345918 -0.231643 1.624239 0.122996 -0.103457 0.107469 -0.151152 -0.977190
1642668759.354252 -0.232505 1.624143 0.122077 -0.103013 0.108732 -0.151715 -0.977010
1642668759.362585 -0.233391 1.624087 0.121165 -0.102419 0.110074 -0.152460 -0.976806
1642668759.370918 -0.234239 1.623987 0.120257 -0.101929 0.111331 -0.153054 -0.976622
1642668759.379252 -0.235038 1.623863 0.119349 -0.101542 0.112227 -0.153426 -0.976501
1642668759.387585 -0.235881 1.623774 0.118418 -0.100807 0.113774 -0.154233 -0.976271
1642668759.395918 -0.236693 1.623679 0.117498 -0.100190 0.114806 -0.154769 -0.976129
1642668759.404252 -0.237499 1.623587 0.116590 -0.099776 0.115722 -0.155186 -0.975997
1642668759.412585 -0.238300 1.623481 0.115665 -0.099026 0.117017 -0.155944 -0.975798
1642668759.420918 -0.239094 1.623384 0.114761 -0.098439 0.118049 -0.156549 -0.975636
1642668759.429252 -0.239880 1.623286 0.113852 -0.097744 0.119091 -0.157186 -0.975477
1642668759.437585 -0.240664 1.623190 0.112960 -0.097097 0.120127 -0.157878 -0.975303
1642668759.445918 -0.241455 1.623103 0.112069 -0.096479 0.120981 -0.158463 -0.975164
1642668759.454252 -0.242238 1.623015 0.111183 -0.095763 0.121884 -0.159182 -0.975005
1642668759.462585 -0.243019 1.622931 0.110306 -0.095062 0.122779 -0.159964 -0.974833
1642668759.470918 -0.243796 1.622856 0.109451 -0.094342 0.123730 -0.160799 -0.974646
1642668759.479252 -0.244525 1.622742 0.108612 -0.093413 0.125258 -0.161764 -0.974380
1642668759.487585 -0.245322 1.622684 0.107752 -0.093044 0.125282 -0.162265 -0.974329
1642668759.495918 -0.246077 1.622589 0.106924 -0.092365 0.125774 -0.162935 -0.974218
1642668759.504252 -0.246827 1.622485 0.106092 -0.091727 0.126369 -0.163617 -0.974087
1642668759.512585 -0.247564 1.622368 0.105277 -0.091163 0.126915 -0.164251 -0.973963
1642668759.520918 -0.248300 1.622239 0.104483 -0.090519 0.127628 -0.165106 -0.973785
1642668759.529252 -0.248980 1.622066 0.103702 -0.089632 0.128871 -0.165950 -0.973560
1642668759.537585 -0.249739 1.621936 0.102911 -0.089271 0.128773 -0.166483 -0.973515
1642668759.545918 -0.250424 1.621744 0.102156 -0.088430 0.130033 -0.167464 -0.973256
1642668759.554252 -0.251147 1.621555 0.101401 -0.087893 0.130778 -0.168239 -0.973071
1642668759.562585 -0.251866 1.621366 0.100665 -0.087382 0.131316 -0.168997 -0.972913
1642668759.570918 -0.252635 1.621197 0.099918 -0.087192 0.131165 -0.169511 -0.972861
1642668759.579252 -0.253347 1.620994 0.099210 -0.086764 0.131698 -0.170201 -0.972707
1642668759.587585 -0.254004 1.620744 0.098527 -0.086001 0.133289 -0.171291 -0.972367
1642668759.595918 -0.254682 1.620517 0.097839 -0.085589 0.134028 -0.171986 -0.972179
1642668759.604252 -0.255367 1.620290 0.097172 -0.085164 0.134855 -0.172675 -0.971980
1642668759.612585 -0.256046 1.620051 0.096500 -0.084792 0.135624 -0.173318 -0.971791
1642668759.620918 -0.256758 1.619843 0.095823 -0.084775 0.135690 -0.173591 -0.971734
1642668759.629252 -0.257426 1.619604 0.095172 -0.084489 0.136499 -0.174159 -0.971544
1642668759.637585 -0.258084 1.619359 0.094523 -0.084084 0.137448 -0.174866 -0.971319
1642668759.645918 -0.258743 1.619107 0.093888 -0.083795 0.138403 -0.175441 -0.971104
1642668759.654252 -0.259391 1.618856 0.093264 -0.083464 0.139449 -0.176121 -0.970860
1642668759.662585 -0.260039 1.618601 0.092652 -0.083202 0.140313 -0.176757 -0.970643
1642668759.670918 -0.260678 1.618335 0.092057 -0.082991 0.141390 -0.177412 -0.970385
1642668759.679252 -0.261304 1.618067 0.091469 -0.082740 0.142471 -0.178040 -0.970133
1642668759.687585 -0.261923 1.617801 0.090900 -0.082550 0.143569 -0.178739 -0.969859
1642668759.695918 -0.262533 1.617540 0.090347 -0.082402 0.144609 -0.179312 -0.969611
1642668759.704252 -0.263130 1.617278 0.089809 -0.082303 0.145787 -0.179832 -0.969347
1642668759.712585 -0.263703 1.616986 0.089258 -0.082060 0.146940 -0.180406 -0.969086
1642668759.720918 -0.264250 1.616681 0.088702 -0.082459 0.148094 -0.181137 -0.968741
1642668759.729252 -0.264858 1.616482 0.088210 -0.081872 0.149386 -0.181317 -0.968558
1642668759.737585 -0.265421 1.616247 0.087710 -0.081687 0.150684 -0.181787 -0.968285
1642668759.745918 -0.265992 1.616009 0.087208 -0.081552 0.151949 -0.182256 -0.968010
1642668759.754252 -0.266555 1.615773 0.086715 -0.081432 0.153228 -0.182788 -0.967718
1642668759.762585 -0.267084 1.615492 0.086200 -0.081842 0.154480 -0.183560 -0.967338
1642668759.770918 -0.267635 1.615266 0.085717 -0.081795 0.155661 -0.184085 -0.967053
1642668759.779252 -0.268180 1.615046 0.085238 -0.081720 0.156896 -0.184586 -0.966765
1642668759.787585 -0.268722 1.614821 0.084762 -0.081629 0.158260 -0.185212 -0.966430
1642668759.795918 -0.269206 1.614583 0.084315 -0.081162 0.160238 -0.186018 -0.965989
1642668759.804252 -0.269777 1.614390 0.083830 -0.081294 0.160864 -0.186334 -0.965813
1642668759.812585 -0.270283 1.614187 0.083373 -0.081224 0.161890 -0.186725 -0.965571
1642668759.820918 -0.270737 1.613955 0.082935 -0.080732 0.163810 -0.187486 -0.965141
1642668759.829252 -0.271257 1.613780 0.082464 -0.080849 0.164240 -0.187720 -0.965013
1642668759.837585 -0.271741 1.613588 0.082010 -0.080695 0.165218 -0.188137 -0.964778
1642668759.845918 -0.272216 1.613396 0.081553 -0.080421 0.166267 -0.188606 -0.964529
1642668759.854252 -0.272681 1.613206 0.081088 -0.080209 0.167235 -0.189072 -0.964288
1642668759.862585 -0.273122 1.613024 0.080640 -0.079914 0.168107 -0.189493 -0.964078
1642668759.870918 -0.273557 1.612848 0.080178 -0.079609 0.168890 -0.189922 -0.963882
1642668759.879252 -0.273966 1.612644 0.079705 -0.079212 0.169840 -0.190418 -0.963650
1642668759.887585 -0.274362 1.612468 0.079230 -0.078687 0.170830 -0.190944 -0.963414
1642668759.895918 -0.274784 1.612309 0.078775 -0.078281 0.171526 -0.191441 -0.963224
1642668759.904252 -0.275195 1.612141 0.078316 -0.077886 0.172089 -0.191900 -0.963065
1642668759.912585 -0.275606 1.611970 0.077851 -0.077463 0.172688 -0.192511 -0.962870
1642668759.920918 -0.276000 1.611783 0.077380 -0.077043 0.173016 -0.193109 -0.962725
1642668759.929252 -0.276411 1.611619 0.076927 -0.076530 0.173483 -0.193986 -0.962505
1642668759.937585 -0.276800 1.611452 0.076501 -0.075791 0.174532 -0.195089 -0.962151
1642668759.945918 -0.277241 1.611315 0.076052 -0.075558 0.174113 -0.195716 -0.962118
1642668759.954252 -0.277659 1.611157 0.075640 -0.075315 0.173744 -0.196353 -0.962074
1642668759.962585 -0.278043 1.610968 0.075221 -0.074882 0.173721 -0.197144 -0.961950
1642668759.970918 -0.278436 1.610887 0.074889 -0.073119 0.174545 -0.198024 -0.961756
1642668759.979252 -0.278792 1.610712 0.074507 -0.072604 0.174399 -0.198758 -0.961670
1642668759.987585 -0.279151 1.610530 0.074126 -0.072353 0.174140 -0.199464 -0.961590
1642668759.995918 -0.279523 1.610333 0.073724 -0.072748 0.173225 -0.200251 -0.961561
1642668760.004252 -0.279873 1.610119 0.073353 -0.072501 0.173087 -0.200962 -0.961457
1642668760.012585 -0.280232 1.609922 0.072993 -0.072193 0.173048 -0.201731 -0.961326
1642668760.020918 -0.280611 1.609750 0.072646 -0.071933 0.173108 -0.202657 -0.961140
1642668760.029252 -0.281028 1.609524 0.072300 -0.071744 0.173182 -0.202918 -0.961085
1642668760.037585 -0.281414 1.609302 0.071967 -0.071424 0.173273 -0.203623 -0.960944
1642668760.045918 -0.281790 1.609082 0.071642 -0.071088 0.173381 -0.204349 -0.960795
1642668760.054252 -0.282165 1.608829 0.071319 -0.070737 0.173587 -0.205165 -0.960610
1642668760.062585 -0.282560 1.608584 0.071008 -0.070449 0.173815 -0.205955 -0.960421
1642668760.070918 -0.282975 1.608340 0.070708 -0.070192 0.174245 -0.206720 -0.960197
1642668760.079252 -0.283364 1.608069 0.070422 -0.069978 0.174637 -0.207414 -0.959992
1642668760.087585 -0.283746 1.607775 0.070147 -0.069819 0.174990 -0.208032 -0.959805
1642668760.095918 -0.284123 1.607441 0.069871 -0.069667 0.175494 -0.208668 -0.959587
1642668760.104252 -0.284517 1.607117 0.069623 -0.069498 0.176046 -0.209262 -0.959368
1642668760.112585 -0.284928 1.606803 0.069384 -0.069339 0.176616 -0.209882 -0.959139
1642668760.120918 -0.285329 1.606456 0.069152 -0.069206 0.177221 -0.210567 -0.958887
1642668760.129252 -0.285713 1.606092 0.068911 -0.068916 0.178146 -0.211283 -0.958579
1642668760.137585 -0.286117 1.605720 0.068691 -0.068802 0.178782 -0.211934 -0.958325
1642668760.145918 -0.286532 1.605321 0.068485 -0.068870 0.178984 -0.212427 -0.958174
1642668760.154252 -0.286950 1.604927 0.068294 -0.068783 0.179554 -0.213131 -0.957917
1642668760.162585 -0.287354 1.604516 0.068110 -0.068674 0.180206 -0.213864 -0.957639
1642668760.170918 -0.287777 1.604134 0.067958 -0.068568 0.180765 -0.214510 -0.957397
1642668760.179252 -0.288177 1.603701 0.067804 -0.068203 0.181894 -0.215433 -0.957002
1642668760.187585 -0.288630 1.603306 0.067687 -0.068587 0.181507 -0.215771 -0.956971
1642668760.195918 -0.289038 1.602882 0.067575 -0.068595 0.181899 -0.216368 -0.956761
1642668760.204252 -0.289409 1.602428 0.067461 -0.068514 0.182390 -0.216965 -0.956538
1642668760.212585 -0.289803 1.601987 0.067376 -0.068539 0.182857 -0.217614 -0.956300
1642668760.220918 -0.290162 1.601523 0.067283 -0.068173 0.184062 -0.218582 -0.955874
1642668760.229252 -0.290534 1.601065 0.067233 -0.068161 0.184478 -0.219325 -0.955625
1642668760.237585 -0.290907 1.600608 0.067200 -0.068221 0.184763 -0.219999 -0.955410
1642668760.245918 -0.291300 1.600169 0.067187 -0.068250 0.185011 -0.220762 -0.955184
1642668760.254252 -0.291664 1.599722 0.067188 -0.068269 0.185325 -0.221586 -0.954931
1642668760.262585 -0.292033 1.599290 0.067217 -0.068336 0.185428 -0.222376 -0.954723
1642668760.270918 -0.292374 1.598832 0.067259 -0.068367 0.185590 -0.223238 -0.954488
1642668760.279252 -0.292758 1.598420 0.067324 -0.068732 0.184970 -0.223759 -0.954460
1642668760.287585 -0.293112 1.598008 0.067394 -0.068857 0.184890 -0.224471 -0.954299
1642668760.295918 -0.293454 1.597605 0.067473 -0.068907 0.184785 -0.225176 -0.954150
1642668760.304252 -0.293748 1.597203 0.067552 -0.068716 0.185375 -0.226221 -0.953802
1642668760.312585 -0.294058 1.596823 0.067675 -0.068735 0.185413 -0.227069 -0.953592
1642668760.320918 -0.294350 1.596449 0.067804 -0.068814 0.185251 -0.227741 -0.953457
1642668760.329252 -0.294646 1.596100 0.067960 -0.068897 0.185190 -0.228483 -0.953285
1642668760.337585 -0.294914 1.595751 0.068123 -0.069015 0.184961 -0.229075 -0.953180
1642668760.345918 -0.295157 1.595413 0.068304 -0.069093 0.184789 -0.229703 -0.953056
1642668760.354252 -0.295379 1.595082 0.068497 -0.069149 0.184656 -0.230301 -0.952933
1642668760.362585 -0.295620 1.594768 0.068720 -0.069524 0.183829 -0.230718 -0.952965
1642668760.370918 -0.295800 1.594451 0.068941 -0.069688 0.183591 -0.231326 -0.952852
1642668760.379252 -0.295952 1.594146 0.069165 -0.069786 0.183436 -0.231918 -0.952731
1642668760.387585 -0.296084 1.593855 0.069397 -0.069917 0.183312 -0.232465 -0.952611
1642668760.395918 -0.296193 1.593575 0.069631 -0.070121 0.183023 -0.232948 -0.952534
1642668760.404252 -0.296241 1.593300 0.069858 -0.069978 0.183559 -0.233705 -0.952256
1642668760.412585 -0.296277 1.593048 0.070115 -0.070085 0.183564 -0.234240 -0.952116
1642668760.420918 -0.296291 1.592820 0.070377 -0.070226 0.183426 -0.234609 -0.952041
1642668760.429252 -0.296275 1.592606 0.070647 -0.070322 0.183268 -0.234878 -0.951998
1642668760.437585 -0.296223 1.592425 0.070921 -0.070426 0.183044 -0.235126 -0.951972
1642668760.445918 -0.296138 1.592258 0.071194 -0.070562 0.182951 -0.235304 -0.951936
1642668760.454252 -0.295996 1.592090 0.071466 -0.070692 0.182840 -0.235414 -0.951921
1642668760.462585 -0.295832 1.591958 0.071742 -0.070786 0.182840 -0.235495 -0.951893
1642668760.470918 -0.295641 1.591850 0.072016 -0.070888 0.182720 -0.235533 -0.951900
1642668760.479252 -0.295409 1.591759 0.072293 -0.071006 0.182656 -0.235574 -0.951893
1642668760.487585 -0.295187 1.591706 0.072603 -0.071431 0.181885 -0.235295 -0.952078
1642668760.495918 -0.294902 1.591645 0.072876 -0.071515 0.181744 -0.235226 -0.952115
1642668760.504252 -0.294578 1.591600 0.073147 -0.071595 0.181770 -0.235226 -0.952104
1642668760.512585 -0.294224 1.591573 0.073411 -0.071625 0.181813 -0.235220 -0.952095
1642668760.520918 -0.293812 1.591552 0.073679 -0.071660 0.181814 -0.235097 -0.952123
1642668760.529252 -0.293378 1.591580 0.073947 -0.071690 0.181790 -0.234978 -0.952155
1642668760.537585 -0.292899 1.591637 0.074200 -0.071407 0.182330 -0.234990 -0.952070
1642668760.545918 -0.292403 1.591707 0.074456 -0.071389 0.182235 -0.234725 -0.952155
1642668760.554252 -0.291876 1.591792 0.074726 -0.071341 0.182261 -0.234427 -0.952227
1642668760.562585 -0.291287 1.591884 0.074996 -0.071340 0.182051 -0.234013 -0.952369
1642668760.570918 -0.290687 1.592017 0.075274 -0.071289 0.181976 -0.233731 -0.952456
1642668760.579252 -0.290073 1.592192 0.075554 -0.071268 0.181681 -0.233318 -0.952615
1642668760.587585 -0.289412 1.592360 0.075837 -0.071289 0.181511 -0.232903 -0.952748
1642668760.595918 -0.288702 1.592516 0.076112 -0.071193 0.181364 -0.232491 -0.952883
1642668760.604252 -0.287994 1.592739 0.076411 -0.071194 0.181095 -0.232008 -0.953052
1642668760.612585 -0.287258 1.592966 0.076700 -0.071218 0.180816 -0.231548 -0.953215
1642668760.620918 -0.286479 1.593175 0.076994 -0.071233 0.180686 -0.230958 -0.953382
1642668760.629252 -0.285689 1.593417 0.077302 -0.071249 0.180558 -0.230406 -0.953538
1642668760.637585 -0.284902 1.593708 0.077626 -0.071282 0.180342 -0.229892 -0.953701
1642668760.645918 -0.284064 1.593969 0.077939 -0.071254 0.180109 -0.229268 -0.953897
1642668760.654252 -0.283216 1.594255 0.078269 -0.071325 0.179851 -0.228465 -0.954133
1642668760.662585 -0.282381 1.594578 0.078604 -0.071396 0.179593 -0.227828 -0.954329
1642668760.670918 -0.281515 1.594892 0.078944 -0.071368 0.179478 -0.227168 -0.954510
1642668760.679252 -0.280600 1.595179 0.079283 -0.071189 0.179630 -0.226617 -0.954626
1642668760.687585 -0.279759 1.595554 0.079625 -0.071072 0.179725 -0.226404 -0.954667
1642668760.695918 -0.278841 1.595869 0.080023 -0.071196 0.179465 -0.225448 -0.954933
1642668760.704252 -0.277926 1.596197 0.080408 -0.071436 0.178863 -0.224531 -0.955244
1642668760.712585 -0.277017 1.596550 0.080810 -0.071470 0.178984 -0.223990 -0.955346
1642668760.720918 -0.276083 1.596874 0.081225 -0.071552 0.178847 -0.223258 -0.955536
1642668760.729252 -0.275160 1.597217 0.081664 -0.071884 0.178220 -0.222335 -0.955844
1642668760.737585 -0.274219 1.597527 0.082105 -0.072111 0.177978 -0.221513 -0.956063
1642668760.745918 -0.273233 1.597806 0.082539 -0.072151 0.178126 -0.220889 -0.956177
1642668760.754252 -0.272283 1.598131 0.083010 -0.072314 0.177944 -0.220132 -0.956373
1642668760.762585 -0.271309 1.598413 0.083472 -0.072518 0.177733 -0.219342 -0.956578
1642668760.770918 -0.270333 1.598693 0.083944 -0.072705 0.177540 -0.218573 -0.956776
1642668760.779252 -0.269378 1.598987 0.084448 -0.072953 0.177237 -0.217772 -0.956995
1642668760.787585 -0.268402 1.599241 0.084948 -0.073196 0.176987 -0.216977 -0.957204
1642668760.795918 -0.267449 1.599527 0.085463 -0.073395 0.176627 -0.216191 -0.957433
1642668760.804252 -0.266497 1.599802 0.085985 -0.073662 0.176335 -0.215537 -0.957613
1642668760.812585 -0.265523 1.600050 0.086523 -0.073938 0.176028 -0.214687 -0.957840
1642668760.820918 -0.264591 1.600338 0.087073 -0.074174 0.175710 -0.214051 -0.958022
1642668760.829252 -0.263637 1.600600 0.087633 -0.074425 0.175361 -0.213320 -0.958230
1642668760.837585 -0.262718 1.600890 0.088212 -0.074796 0.174871 -0.212492 -0.958474
1642668760.845918 -0.261794 1.601172 0.088794 -0.075023 0.174543 -0.211834 -0.958662
1642668760.854252 -0.260849 1.601424 0.089378 -0.075364 0.174011 -0.210949 -0.958927
1642668760.862585 -0.259956 1.601719 0.089974 -0.075650 0.173646 -0.210312 -0.959110
1642668760.870918 -0.259053 1.601982 0.090584 -0.076112 0.172801 -0.209529 -0.959398
1642668760.879252 -0.258155 1.602263 0.091199 -0.076489 0.172197 -0.208712 -0.959655
1642668760.887585 -0.257269 1.602529 0.091813 -0.076795 0.171662 -0.208019 -0.959876
1642668760.895918 -0.256375 1.602772 0.092418 -0.077046 0.171334 -0.207582 -0.960010
1642668760.904252 -0.255507 1.603036 0.093050 -0.077425 0.170712 -0.206794 -0.960260
1642668760.912585 -0.254634 1.603268 0.093660 -0.077700 0.170303 -0.206321 -0.960412
1642668760.920918 -0.253748 1.603484 0.094294 -0.078012 0.169791 -0.205781 -0.960593
1642668760.929252 -0.252875 1.603712 0.094936 -0.078459 0.169158 -0.205121 -0.960810
1642668760.937585 -0.251990 1.603890 0.095567 -0.078800 0.168641 -0.204526 -0.960999
1642668760.945918 -0.251130 1.604092 0.096217 -0.079180 0.168185 -0.203962 -0.961168
1642668760.954252 -0.250274 1.604273 0.096863 -0.079571 0.167672 -0.203336 -0.961358
1642668760.962585 -0.249374 1.604405 0.097514 -0.080024 0.166959 -0.202551 -0.961610
1642668760.970918 -0.248535 1.604574 0.098167 -0.080438 0.166497 -0.201935 -0.961785
1642668760.979252 -0.247697 1.604718 0.098822 -0.080824 0.166093 -0.201416 -0.961932
1642668760.987585 -0.246855 1.604855 0.099496 -0.081294 0.165385 -0.200792 -0.962144
1642668760.995918 -0.246031 1.604995 0.100176 -0.081705 0.164650 -0.200161 -0.962367
1642668761.004252 -0.245229 1.605134 0.100845 -0.082090 0.164130 -0.199762 -0.962506
1642668761.012585 -0.244432 1.605274 0.101527 -0.082525 0.163472 -0.199235 -0.962690
1642668761.020918 -0.243649 1.605416 0.102215 -0.082911 0.162874 -0.198881 -0.962832
1642668761.029252 -0.242847 1.605523 0.102913 -0.083319 0.162147 -0.198459 -0.963006
1642668761.037585 -0.242082 1.605665 0.103612 -0.083634 0.161768 -0.198158 -0.963104
1642668761.045918 -0.241321 1.605781 0.104319 -0.084002 0.161135 -0.197743 -0.963264
1642668761.054252 -0.240551 1.605891 0.105047 -0.084533 0.160178 -0.197193 -0.963490
1642668761.062585 -0.239813 1.605993 0.105780 -0.085184 0.159149 -0.196659 -0.963712
1642668761.070918 -0.239064 1.606077 0.106517 -0.085650 0.158370 -0.196236 -0.963885
1642668761.079252 -0.238319 1.606148 0.107254 -0.086240 0.157509 -0.195636 -0.964096
1642668761.087585 -0.237589 1.606209 0.107987 -0.086726 0.156787 -0.195240 -0.964250
1642668761.095918 -0.236855 1.606252 0.108721 -0.087195 0.156193 -0.194906 -0.964372
1642668761.104252 -0.236121 1.606288 0.109455 -0.087711 0.155429 -0.194438 -0.964543
1642668761.112585 -0.235401 1.606314 0.110201 -0.088188 0.154727 -0.194074 -0.964685
1642668761.120918 -0.234705 1.606327 0.110941 -0.088703 0.154184 -0.193757 -0.964789
1642668761.129252 -0.233988 1.606339 0.111687 -0.089228 0.153464 -0.193353 -0.964936
1642668761.137585 -0.233277 1.606333 0.112441 -0.089788 0.152686 -0.192921 -0.965094
1642668761.145918 -0.232586 1.606324 0.113183 -0.090354 0.152107 -0.192587 -0.965199
1642668761.154252 -0.231889 1.606301 0.113938 -0.090893 0.151468 -0.192292 -0.965308
1642668761.162585 -0.231203 1.606268 0.114686 -0.091525 0.150817 -0.191901 -0.965428
1642668761.170918 -0.230514 1.606234 0.115441 -0.092177 0.150040 -0.191463 -0.965574
1642668761.179252 -0.229868 1.606248 0.116219 -0.092242 0.149365 -0.190850 -0.965794
1642668761.187585 -0.229170 1.606178 0.116946 -0.093233 0.148698 -0.190677 -0.965836
1642668761.195918 -0.228494 1.606133 0.117689 -0.093877 0.148109 -0.190399 -0.965919
1642668761.204252 -0.227831 1.606099 0.118447 -0.094445 0.147480 -0.190078 -0.966023
1642668761.212585 -0.227174 1.606054 0.119188 -0.095092 0.146865 -0.189706 -0.966126
1642668761.220918 -0.226523 1.606011 0.119937 -0.095670 0.146169 -0.189356 -0.966243
1642668761.229252 -0.225865 1.605962 0.120691 -0.096289 0.145549 -0.189051 -0.966335
1642668761.237585 -0.225206 1.605911 0.121444 -0.096855 0.144927 -0.188725 -0.966436
1642668761.245918 -0.224546 1.605861 0.122200 -0.097335 0.144342 -0.188469 -0.966525
1642668761.254252 -0.223890 1.605815 0.122953 -0.097837 0.143697 -0.188160 -0.966631
1642668761.262585 -0.223233 1.605766 0.123707 -0.098373 0.142978 -0.187798 -0.966753
1642668761.270918 -0.222589 1.605762 0.124487 -0.098927 0.142069 -0.187490 -0.966890
1642668761.279252 -0.221932 1.605716 0.125256 -0.099446 0.141300 -0.187199 -0.967006
1642668761.287585 -0.221263 1.605677 0.126032 -0.100017 0.140466 -0.186944 -0.967118
1642668761.295918 -0.220592 1.605632 0.126805 -0.100476 0.139643 -0.186767 -0.967224
1642668761.304252 -0.219919 1.605581 0.127569 -0.101014 0.138690 -0.186456 -0.967365
1642668761.312585 -0.219225 1.605537 0.128366 -0.101476 0.137728 -0.186194 -0.967505
1642668761.320918 -0.218536 1.605469 0.129147 -0.101997 0.136711 -0.185847 -0.967661
1642668761.329252 -0.217840 1.605391 0.129938 -0.102504 0.135651 -0.185598 -0.967804
1642668761.337585 -0.217154 1.605357 0.130764 -0.102500 0.134543 -0.184989 -0.968076
1642668761.345918 -0.216439 1.605272 0.131570 -0.102976 0.133448 -0.184660 -0.968240
1642668761.354252 -0.215668 1.605123 0.132343 -0.103982 0.132394 -0.184675 -0.968274
1642668761.362585 -0.214926 1.605005 0.133145 -0.104589 0.131321 -0.184309 -0.968425
1642668761.370918 -0.214212 1.604946 0.133995 -0.104569 0.130213 -0.183694 -0.968693
1642668761.379252 -0.213467 1.604842 0.134810 -0.105050 0.129067 -0.183279 -0.968873
1642668761.387585 -0.212714 1.604730 0.135625 -0.105583 0.127865 -0.182889 -0.969048
1642668761.395918 -0.211960 1.604618 0.136455 -0.106078 0.126749 -0.182594 -0.969196
1642668761.404252 -0.211124 1.604422 0.137193 -0.107867 0.125800 -0.182918 -0.969062
1642668761.412585 -0.210338 1.604309 0.138006 -0.108617 0.124618 -0.182653 -0.969180
1642668761.420918 -0.209565 1.604211 0.138843 -0.109190 0.123692 -0.182347 -0.969292
1642668761.429252 -0.208785 1.604115 0.139678 -0.109709 0.122552 -0.181996 -0.969445
1642668761.437585 -0.207996 1.604004 0.140515 -0.110348 0.121428 -0.181584 -0.969590
1642668761.445918 -0.207194 1.603904 0.141347 -0.110914 0.120197 -0.181083 -0.969773
1642668761.454252 -0.206390 1.603804 0.142188 -0.111463 0.119168 -0.180708 -0.969907
1642668761.462585 -0.205590 1.603705 0.143025 -0.112017 0.118052 -0.180330 -0.970050
1642668761.470918 -0.204779 1.603612 0.143881 -0.112623 0.116940 -0.179940 -0.970187
1642668761.479252 -0.203976 1.603535 0.144733 -0.113196 0.115994 -0.179592 -0.970298
1642668761.487585 -0.203169 1.603473 0.145592 -0.113776 0.114872 -0.179251 -0.970427
1642668761.495918 -0.202354 1.603393 0.146434 -0.114260 0.113717 -0.178800 -0.970589
1642668761.504252 -0.201554 1.603332 0.147295 -0.114792 0.112539 -0.178382 -0.970741
1642668761.512585 -0.200744 1.603278 0.148150 -0.115352 0.111512 -0.178028 -0.970858
1642668761.520918 -0.199929 1.603225 0.149007 -0.115833 0.110587 -0.177736 -0.970960
1642668761.529252 -0.199116 1.603181 0.149880 -0.116320 0.109601 -0.177394 -0.971076
1642668761.537585 -0.198300 1.603121 0.150735 -0.116804 0.108563 -0.176951 -0.971215
1642668761.545918 -0.197481 1.603059 0.151602 -0.117346 0.107378 -0.176580 -0.971349
1642668761.554252 -0.196649 1.602998 0.152479 -0.117989 0.106192 -0.176117 -0.971486
1642668761.562585 -0.195819 1.602921 0.153352 -0.118396 0.105169 -0.175885 -0.971590
1642668761.570918 -0.194959 1.602813 0.154231 -0.119111 0.103742 -0.175312 -0.971759
1642668761.579252 -0.194134 1.602751 0.155103 -0.119481 0.102568 -0.175006 -0.971894
1642668761.587585 -0.193300 1.602664 0.155988 -0.119989 0.101532 -0.174695 -0.971996
1642668761.595918 -0.192416 1.602536 0.156874 -0.120617 0.100118 -0.174275 -0.972140
1642668761.604252 -0.191566 1.602453 0.157755 -0.121113 0.098943 -0.173933 -0.972260
1642668761.612585 -0.190685 1.602305 0.158658 -0.121647 0.097500 -0.173415 -0.972432
1642668761.620918 -0.189815 1.602188 0.159564 -0.122300 0.096192 -0.173017 -0.972551
1642668761.629252 -0.188974 1.602074 0.160452 -0.122739 0.094981 -0.172797 -0.972654
1642668761.637585 -0.188137 1.601974 0.161338 -0.123265 0.093600 -0.172710 -0.972736
1642668761.645918 -0.187214 1.601753 0.162263 -0.123917 0.091973 -0.172033 -0.972929
1642668761.654252 -0.186363 1.601628 0.163179 -0.124477 0.090576 -0.171725 -0.973043
1642668761.662585 -0.185511 1.601476 0.164072 -0.125027 0.089024 -0.171611 -0.973135
1642668761.670918 -0.184635 1.601308 0.165023 -0.125936 0.087190 -0.170877 -0.973314
1642668761.679252 -0.183796 1.601178 0.165942 -0.126474 0.085733 -0.170643 -0.973414
1642668761.687585 -0.182924 1.600983 0.166869 -0.127092 0.084158 -0.170333 -0.973525
1642668761.695918 -0.182059 1.600794 0.167788 -0.127650 0.082621 -0.170106 -0.973624
1642668761.704252 -0.181215 1.600620 0.168712 -0.128189 0.081101 -0.169801 -0.973734
1642668761.712585 -0.180368 1.600433 0.169638 -0.128720 0.079690 -0.169614 -0.973813
1642668761.720918 -0.179531 1.600255 0.170564 -0.129310 0.078198 -0.169350 -0.973902
1642668761.729252 -0.178731 1.600115 0.171490 -0.129759 0.076904 -0.169201 -0.973971
1642668761.737585 -0.177911 1.599931 0.172411 -0.130345 0.075321 -0.169116 -0.974031
1642668761.745918 -0.177071 1.599713 0.173371 -0.131028 0.073987 -0.168721 -0.974110
1642668761.754252 -0.176292 1.599553 0.174303 -0.131684 0.072732 -0.168584 -0.974140
1642668761.762585 -0.175509 1.599371 0.175226 -0.132278 0.071196 -0.168566 -0.974176
1642668761.770918 -0.174734 1.599188 0.176154 -0.132926 0.069851 -0.168402 -0.974214
1642668761.779252 -0.173955 1.599033 0.177157 -0.132947 0.068526 -0.167590 -0.974445
1642668761.787585 -0.173161 1.598794 0.178044 -0.134206 0.067259 -0.167610 -0.974357
1642668761.795918 -0.172429 1.598629 0.178946 -0.134856 0.066029 -0.167779 -0.974322
1642668761.804252 -0.171656 1.598414 0.179888 -0.135622 0.064789 -0.167304 -0.974381
1642668761.812585 -0.170913 1.598209 0.180811 -0.136301 0.063696 -0.167097 -0.974394
1642668761.820918 -0.170205 1.598047 0.181701 -0.136929 0.062568 -0.167109 -0.974377
1642668761.829252 -0.169457 1.597815 0.182637 -0.137633 0.061528 -0.166689 -0.974416
1642668761.837585 -0.168730 1.597600 0.183535 -0.138254 0.060511 -0.166475 -0.974428
1642668761.845918 -0.168009 1.597384 0.184422 -0.138964 0.059456 -0.166231 -0.974434
1642668761.854252 -0.167296 1.597168 0.185309 -0.139568 0.058425 -0.165999 -0.974449
1642668761.862585 -0.166590 1.596951 0.186184 -0.140221 0.057500 -0.165769 -0.974450
1642668761.870918 -0.165919 1.596763 0.187035 -0.140744 0.056548 -0.165888 -0.974410
1642668761.879252 -0.165226 1.596551 0.187916 -0.141387 0.055815 -0.165622 -0.974404
1642668761.887585 -0.164501 1.596301 0.188783 -0.142086 0.054584 -0.165272 -0.974432
1642668761.895918 -0.163801 1.596085 0.189651 -0.142720 0.053651 -0.165108 -0.974419
1642668761.904252 -0.163150 1.595909 0.190481 -0.143272 0.052708 -0.165232 -0.974368
1642668761.912585 -0.162431 1.595676 0.191356 -0.143935 0.051699 -0.164811 -0.974396
1642668761.920918 -0.161790 1.595552 0.192219 -0.143818 0.050640 -0.164485 -0.974524
1642668761.929252 -0.161101 1.595349 0.193054 -0.144327 0.049669 -0.164327 -0.974525
1642668761.937585 -0.160382 1.595110 0.193911 -0.144945 0.048580 -0.163827 -0.974573
1642668761.945918 -0.159714 1.594917 0.194710 -0.145461 0.047643 -0.163867 -0.974535
1642668761.954252 -0.158995 1.594679 0.195547 -0.146059 0.046557 -0.163464 -0.974566
1642668761.962585 -0.158304 1.594467 0.196349 -0.146644 0.045537 -0.163259 -0.974560
1642668761.970918 -0.157619 1.594256 0.197146 -0.147212 0.044490 -0.163112 -0.974548
1642668761.979252 -0.156968 1.594076 0.197904 -0.147651 0.043460 -0.163356 -0.974487
1642668761.987585 -0.156295 1.593863 0.198676 -0.148283 0.042396 -0.163285 -0.974450
1642668761.995918 -0.155521 1.593590 0.199477 -0.149023 0.040868 -0.162612 -0.974515
1642668762.004252 -0.154859 1.593385 0.200212 -0.149530 0.039688 -0.162715 -0.974469
1642668762.012585 -0.154179 1.593162 0.200957 -0.149963 0.038595 -0.162704 -0.974448
1642668762.020918 -0.153492 1.592937 0.201705 -0.150498 0.037473 -0.162533 -0.974438
1642668762.029252 -0.152773 1.592688 0.202460 -0.151013 0.036630 -0.162475 -0.974400
1642668762.037585 -0.152048 1.592420 0.203212 -0.151590 0.035742 -0.162237 -0.974383
1642668762.045918 -0.151376 1.592202 0.203918 -0.152100 0.034653 -0.162182 -0.974352
1642668762.054252 -0.150717 1.591941 0.204621 -0.152966 0.032585 -0.161595 -0.974385
1642668762.062585 -0.150055 1.591711 0.205298 -0.153482 0.031402 -0.161595 -0.974343
1642668762.070918 -0.149363 1.591460 0.205976 -0.153928 0.030451 -0.161362 -0.974341
1642668762.079252 -0.148662 1.591187 0.206652 -0.154503 0.029577 -0.161183 -0.974307
1642668762.087585 -0.147928 1.590886 0.207335 -0.155095 0.028801 -0.160844 -0.974292
1642668762.095918 -0.147262 1.590647 0.207976 -0.155531 0.027866 -0.160812 -0.974255
1642668762.104252 -0.146576 1.590375 0.208632 -0.156031 0.027084 -0.160741 -0.974209
1642668762.112585 -0.145863 1.590066 0.209307 -0.156652 0.026279 -0.160358 -0.974195
1642668762.120918 -0.145182 1.589789 0.209969 -0.157167 0.025425 -0.160104 -0.974176
1642668762.129252 -0.144495 1.589508 0.210615 -0.157688 0.024665 -0.160068 -0.974117
1642668762.137585 -0.143819 1.589229 0.211258 -0.158310 0.023767 -0.159951 -0.974058
1642668762.145918 -0.143179 1.588977 0.211875 -0.158741 0.022836 -0.160021 -0.973999
1642668762.154252 -0.142470 1.588675 0.212537 -0.159254 0.022046 -0.159675 -0.973990
1642668762.162585 -0.141824 1.588423 0.213156 -0.159724 0.021182 -0.159768 -0.973917
1642668762.170918 -0.141157 1.588141 0.213783 -0.160274 0.020257 -0.159633 -0.973868
1642668762.179252 -0.140454 1.587824 0.214438 -0.160836 0.019445 -0.159248 -0.973855
1642668762.187585 -0.139783 1.587520 0.215069 -0.161382 0.018585 -0.159084 -0.973808
1642668762.195918 -0.139155 1.587254 0.215681 -0.161879 0.017711 -0.159170 -0.973728
1642668762.204252 -0.138498 1.586951 0.216304 -0.162423 0.016766 -0.159068 -0.973671
1642668762.212585 -0.137845 1.586636 0.216925 -0.162974 0.015975 -0.159012 -0.973601
1642668762.220918 -0.137204 1.586331 0.217553 -0.163553 0.015098 -0.158888 -0.973539
1642668762.229252 -0.136563 1.586015 0.218176 -0.164107 0.014273 -0.158816 -0.973469
1642668762.237585 -0.135926 1.585696 0.218806 -0.164701 0.013413 -0.158707 -0.973399
1642668762.245918 -0.135301 1.585381 0.219431 -0.165247 0.012553 -0.158609 -0.973334
1642668762.254252 -0.134676 1.585054 0.220048 -0.165823 0.011697 -0.158577 -0.973252
1642668762.262585 -0.134024 1.584697 0.220696 -0.166494 0.011114 -0.158344 -0.973182
1642668762.270918 -0.133425 1.584394 0.221301 -0.167056 0.010224 -0.158448 -0.973079
1642668762.279252 -0.132818 1.584076 0.221927 -0.167623 0.009390 -0.158423 -0.972994
1642668762.287585 -0.132182 1.583721 0.222569 -0.168340 0.008728 -0.158100 -0.972929
1642668762.295918 -0.131565 1.583378 0.223190 -0.168943 0.008088 -0.158011 -0.972844
1642668762.304252 -0.130998 1.583075 0.223780 -0.169495 0.007299 -0.158142 -0.972733
1642668762.312585 -0.130409 1.582742 0.224392 -0.170164 0.006556 -0.158044 -0.972637
1642668762.320918 -0.129788 1.582368 0.225012 -0.170846 0.005924 -0.157718 -0.972575
1642668762.329252 -0.129201 1.582030 0.225615 -0.171442 0.005393 -0.157574 -0.972496
1642668762.337585 -0.128620 1.581693 0.226198 -0.171905 0.005148 -0.157672 -0.972400
1642668762.345918 -0.128084 1.581390 0.226781 -0.172594 0.004136 -0.157698 -0.972278
1642668762.354252 -0.127518 1.581052 0.227367 -0.173250 0.003464 -0.157650 -0.972172
1642668762.362585 -0.126938 1.580691 0.227977 -0.173907 0.002914 -0.157322 -0.972110
1642668762.370918 -0.126374 1.580353 0.228558 -0.174469 0.002172 -0.157149 -0.972039
1642668762.379252 -0.125864 1.580061 0.229132 -0.175022 0.001616 -0.157397 -0.971901
1642668762.387585 -0.125296 1.579703 0.229724 -0.175690 0.001114 -0.157179 -0.971816
1642668762.395918 -0.124744 1.579363 0.230301 -0.176276 0.000537 -0.157177 -0.971711
1642668762.404252 -0.124216 1.579030 0.230869 -0.176844 -0.000102 -0.157083 -0.971623
1642668762.412585 -0.123686 1.578703 0.231436 -0.177359 -0.000760 -0.157031 -0.971537
1642668762.420918 -0.123172 1.578373 0.232008 -0.177885 -0.001428 -0.157008 -0.971444
1642668762.429252 -0.122665 1.578036 0.232568 -0.178474 -0.002113 -0.156976 -0.971340
1642668762.437585 -0.122136 1.577661 0.233105 -0.178987 -0.002836 -0.156965 -0.971245
1642668762.445918 -0.121663 1.577356 0.233696 -0.179600 -0.003485 -0.157066 -0.971114
1642668762.454252 -0.121186 1.577013 0.234266 -0.180139 -0.004142 -0.157087 -0.971008
1642668762.462585 -0.120721 1.576671 0.234824 -0.180723 -0.004802 -0.157107 -0.970893
1642668762.470918 -0.120261 1.576314 0.235376 -0.181347 -0.005361 -0.157199 -0.970759
1642668762.479252 -0.119783 1.575911 0.235882 -0.181788 -0.005548 -0.157461 -0.970633
1642668762.487585 -0.119372 1.575588 0.236466 -0.182461 -0.006411 -0.157396 -0.970512
1642668762.495918 -0.118960 1.575227 0.237019 -0.183020 -0.006940 -0.157487 -0.970388
1642668762.504252 -0.118548 1.574856 0.237547 -0.183651 -0.007495 -0.157623 -0.970243
1642668762.512585 -0.118177 1.574505 0.238055 -0.184229 -0.008187 -0.157959 -0.970073
1642668762.520918 -0.117722 1.574048 0.238562 -0.184745 -0.008304 -0.157974 -0.969971
1642668762.529252 -0.117351 1.573687 0.239123 -0.185368 -0.008842 -0.158021 -0.969840
1642668762.537585 -0.116984 1.573303 0.239661 -0.186136 -0.009658 -0.158027 -0.969684
1642668762.545918 -0.116595 1.572858 0.240129 -0.186729 -0.010256 -0.158131 -0.969547
1642668762.554252 -0.116221 1.572434 0.240642 -0.187322 -0.010746 -0.158226 -0.969412
1642668762.562585 -0.115847 1.572018 0.241153 -0.187962 -0.011201 -0.158277 -0.969275
1642668762.570918 -0.115502 1.571639 0.241688 -0.188652 -0.011776 -0.158312 -0.969128
1642668762.579252 -0.115125 1.571217 0.242172 -0.189170 -0.012032 -0.158490 -0.968995
1642668762.587585 -0.114745 1.570750 0.242637 -0.189774 -0.012711 -0.158507 -0.968865
1642668762.595918 -0.114366 1.570316 0.243114 -0.190230 -0.012998 -0.158668 -0.968746
1642668762.604252 -0.113993 1.569889 0.243597 -0.190791 -0.013505 -0.158690 -0.968625
1642668762.612585 -0.113699 1.569519 0.244101 -0.191259 -0.013552 -0.159081 -0.968468
1642668762.620918 -0.113331 1.569084 0.244590 -0.191854 -0.014090 -0.159172 -0.968327
1642668762.629252 -0.112953 1.568637 0.245067 -0.192434 -0.014669 -0.159159 -0.968206
1642668762.637585 -0.112567 1.568152 0.245530 -0.193088 -0.015649 -0.158932 -0.968098
1642668762.645918 -0.112216 1.567738 0.246025 -0.193653 -0.016233 -0.158926 -0.967976
1642668762.654252 -0.111839 1.567309 0.246504 -0.194101 -0.016656 -0.158955 -0.967874
1642668762.662585 -0.111452 1.566843 0.246959 -0.194675 -0.017277 -0.158964 -0.967747
1642668762.670918 -0.111111 1.566459 0.247478 -0.195231 -0.017981 -0.158925 -0.967628
1642668762.679252 -0.110800 1.566095 0.247960 -0.195664 -0.018837 -0.159116 -0.967493
1642668762.687585 -0.110456 1.565700 0.248458 -0.196196 -0.019599 -0.159180 -0.967360
1642668762.695918 -0.110072 1.565281 0.249001 -0.196777 -0.020305 -0.158989 -0.967259
1642668762.704252 -0.109704 1.564860 0.249488 -0.197257 -0.021033 -0.159090 -0.967129
1642668762.712585 -0.109361 1.564476 0.249998 -0.197767 -0.021853 -0.159182 -0.966991
1642668762.720918 -0.109039 1.564065 0.250489 -0.198200 -0.022352 -0.159530 -0.966834
1642668762.729252 -0.108715 1.563678 0.250997 -0.198655 -0.023063 -0.159818 -0.966676
1642668762.737585 -0.108387 1.563298 0.251542 -0.199171 -0.024002 -0.160034 -0.966511
1642668762.745918 -0.108062 1.562924 0.252079 -0.199659 -0.024924 -0.160260 -0.966350
1642668762.754252 -0.107734 1.562549 0.252615 -0.200177 -0.025645 -0.160542 -0.966177
1642668762.762585 -0.107405 1.562171 0.253147 -0.200640 -0.026569 -0.160831 -0.966008
1642668762.770918 -0.107075 1.561795 0.253659 -0.201180 -0.027541 -0.161081 -0.965827
1642668762.779252 -0.106734 1.561417 0.254201 -0.201725 -0.028610 -0.161287 -0.965648
1642668762.787585 -0.106386 1.561041 0.254737 -0.202242 -0.029485 -0.161518 -0.965474
1642668762.795918 -0.106033 1.560667 0.255257 -0.202686 -0.030362 -0.161709 -0.965322
1642668762.804252 -0.105658 1.560259 0.255746 -0.202975 -0.030581 -0.162171 -0.965177
1642668762.812585 -0.105321 1.559896 0.256275 -0.203736 -0.031961 -0.162109 -0.964982
1642668762.820918 -0.104963 1.559497 0.256759 -0.204293 -0.032710 -0.162286 -0.964810
1642668762.829252 -0.104607 1.559158 0.257289 -0.204859 -0.033843 -0.162192 -0.964666
1642668762.837585 -0.104251 1.558803 0.257798 -0.205376 -0.034550 -0.162321 -0.964510
1642668762.845918 -0.103876 1.558424 0.258272 -0.205637 -0.034476 -0.162751 -0.964384
1642668762.854252 -0.103532 1.558094 0.258775 -0.206367 -0.035528 -0.162690 -0.964200
1642668762.862585 -0.103186 1.557753 0.259262 -0.207036 -0.036353 -0.162701 -0.964024
1642668762.870918 -0.102839 1.557424 0.259736 -0.207624 -0.037009 -0.162709 -0.963872
1642668762.879252 -0.102488 1.557099 0.260196 -0.208206 -0.037470 -0.162758 -0.963720
1642668762.887585 -0.102134 1.556781 0.260649 -0.208758 -0.037967 -0.162742 -0.963584
1642668762.895918 -0.101780 1.556426 0.261043 -0.209300 -0.038264 -0.162835 -0.963439
1642668762.904252 -0.101437 1.556105 0.261458 -0.209840 -0.038589 -0.162802 -0.963314
1642668762.912585 -0.101094 1.555806 0.261861 -0.210370 -0.038906 -0.162784 -0.963189
1642668762.920918 -0.100759 1.555521 0.262247 -0.210907 -0.039231 -0.162709 -0.963071
1642668762.929252 -0.100435 1.555276 0.262648 -0.211459 -0.039553 -0.162625 -0.962951
1642668762.937585 -0.100103 1.555022 0.263015 -0.211938 -0.039754 -0.162505 -0.962857
1642668762.945918 -0.099768 1.554760 0.263372 -0.212378 -0.039692 -0.162490 -0.962765
1642668762.954252 -0.099414 1.554467 0.263678 -0.212831 -0.039889 -0.162299 -0.962689
1642668762.962585 -0.099080 1.554218 0.263996 -0.213271 -0.039969 -0.162166 -0.962611
1642668762.970918 -0.098762 1.554017 0.264340 -0.213808 -0.040203 -0.161929 -0.962522
1642668762.979252 -0.098431 1.553761 0.264602 -0.214252 -0.040074 -0.161846 -0.962443
1642668762.987585 -0.098096 1.553524 0.264856 -0.214686 -0.040248 -0.161492 -0.962398
1642668762.995918 -0.097798 1.553354 0.265160 -0.215153 -0.040375 -0.161240 -0.962331
1642668763.004252 -0.097491 1.553160 0.265427 -0.215584 -0.040461 -0.160985 -0.962273
1642668763.012585 -0.097179 1.552962 0.265686 -0.216054 -0.040604 -0.160665 -0.962216
1642668763.020918 -0.096880 1.552750 0.265883 -0.216443 -0.040501 -0.160565 -0.962149
1642668763.029252 -0.096605 1.552593 0.266120 -0.216838 -0.040245 -0.160554 -0.962073
1642668763.037585 -0.096334 1.552454 0.266352 -0.217239 -0.040201 -0.160449 -0.962002
1642668763.045918 -0.096069 1.552330 0.266566 -0.217598 -0.040217 -0.160302 -0.961944
1642668763.054252 -0.095815 1.552224 0.266765 -0.218007 -0.040318 -0.160187 -0.961867
1642668763.062585 -0.095574 1.552135 0.266953 -0.218362 -0.040227 -0.160127 -0.961800
1642668763.070918 -0.095340 1.552068 0.267140 -0.218696 -0.040247 -0.159983 -0.961747
1642668763.079252 -0.095111 1.552008 0.267292 -0.219039 -0.040521 -0.159678 -0.961708
1642668763.087585 -0.094923 1.552015 0.267481 -0.219396 -0.040666 -0.159491 -0.961652
1642668763.095918 -0.094726 1.552002 0.267618 -0.219654 -0.040676 -0.159327 -0.961620
1642668763.104252 -0.094535 1.551991 0.267727 -0.219925 -0.040674 -0.159188 -0.961581
1642668763.112585 -0.094359 1.551997 0.267813 -0.220149 -0.040744 -0.159010 -0.961556
1642668763.120918 -0.094174 1.551961 0.267850 -0.220300 -0.040728 -0.158870 -0.961545
1642668763.129252 -0.094015 1.551964 0.267885 -0.220452 -0.040696 -0.158774 -0.961528
1642668763.137585 -0.093881 1.551979 0.267898 -0.220561 -0.040679 -0.158663 -0.961522
1642668763.145918 -0.093755 1.552000 0.267882 -0.220627 -0.040625 -0.158578 -0.961523
1642668763.154252 -0.093638 1.552021 0.267842 -0.220680 -0.040576 -0.158514 -0.961523
1642668763.162585 -0.093534 1.552045 0.267781 -0.220752 -0.040532 -0.158474 -0.961515
1642668763.170918 -0.093441 1.552076 0.267694 -0.220755 -0.040428 -0.158393 -0.961532
1642668763.179252 -0.093363 1.552108 0.267578 -0.220739 -0.040418 -0.158323 -0.961548
1642668763.187585 -0.093297 1.552143 0.267442 -0.220690 -0.040367 -0.158239 -0.961575
1642668763.195918 -0.093250 1.552185 0.267288 -0.220621 -0.040274 -0.158171 -0.961606
1642668763.204252 -0.093225 1.552261 0.267141 -0.220618 -0.040436 -0.157966 -0.961634
1642668763.212585 -0.093207 1.552316 0.266943 -0.220516 -0.040385 -0.157874 -0.961674
1642668763.220918 -0.093206 1.552373 0.266712 -0.220400 -0.040309 -0.157809 -0.961715
1642668763.229252 -0.093221 1.552444 0.266468 -0.220225 -0.040189 -0.157767 -0.961767
1642668763.237585 -0.093275 1.552566 0.266240 -0.220053 -0.040089 -0.157736 -0.961816
1642668763.245918 -0.093329 1.552670 0.265973 -0.219801 -0.040015 -0.157762 -0.961872
1642668763.254252 -0.093391 1.552771 0.265689 -0.219565 -0.039921 -0.157785 -0.961926
1642668763.262585 -0.093474 1.552854 0.265362 -0.219335 -0.039501 -0.158059 -0.961951
1642668763.270918 -0.093553 1.552930 0.265008 -0.219078 -0.039407 -0.158130 -0.962002
1642668763.279252 -0.093660 1.553055 0.264683 -0.218841 -0.039431 -0.158149 -0.962051
1642668763.287585 -0.093781 1.553191 0.264353 -0.218619 -0.039306 -0.158268 -0.962088
1642668763.295918 -0.093954 1.553372 0.263992 -0.218306 -0.039380 -0.158520 -0.962114
1642668763.304252 -0.094080 1.553499 0.263645 -0.218075 -0.039135 -0.158498 -0.962180
1642668763.312585 -0.094241 1.553679 0.263312 -0.217836 -0.039407 -0.158301 -0.962255
1642668763.320918 -0.094419 1.553852 0.262942 -0.217538 -0.039384 -0.158335 -0.962318
1642668763.329252 -0.094599 1.554022 0.262554 -0.217251 -0.039264 -0.158377 -0.962381
1642668763.337585 -0.094795 1.554190 0.262143 -0.216900 -0.039038 -0.158485 -0.962451
1642668763.345918 -0.095005 1.554361 0.261728 -0.216554 -0.039003 -0.158498 -0.962529
1642668763.354252 -0.095224 1.554545 0.261328 -0.216234 -0.038726 -0.158620 -0.962592
1642668763.362585 -0.095484 1.554767 0.260937 -0.215892 -0.038392 -0.158773 -0.962657
1642668763.370918 -0.095699 1.554885 0.260449 -0.215530 -0.038140 -0.158922 -0.962723
1642668763.379252 -0.095945 1.555062 0.260005 -0.215172 -0.037957 -0.159015 -0.962795
1642668763.387585 -0.096209 1.555259 0.259563 -0.214856 -0.037843 -0.159117 -0.962853
1642668763.395918 -0.096491 1.555456 0.259117 -0.214509 -0.037678 -0.159263 -0.962913
1642668763.404252 -0.096775 1.555655 0.258672 -0.214176 -0.037693 -0.159269 -0.962985
1642668763.412585 -0.097105 1.555936 0.258295 -0.213897 -0.037566 -0.159317 -0.963045
1642668763.420918 -0.097409 1.556173 0.257861 -0.213532 -0.037379 -0.159375 -0.963123
1642668763.429252 -0.097706 1.556376 0.257400 -0.213167 -0.037089 -0.159552 -0.963186
1642668763.437585 -0.098032 1.556617 0.256947 -0.212759 -0.036785 -0.159683 -0.963266
1642668763.445918 -0.098366 1.556862 0.256499 -0.212346 -0.036501 -0.159800 -0.963349
1642668763.454252 -0.098709 1.557122 0.256047 -0.211972 -0.036261 -0.159937 -0.963417
1642668763.462585 -0.099085 1.557435 0.255621 -0.211632 -0.036017 -0.160014 -0.963489
1642668763.470918 -0.099443 1.557724 0.255168 -0.211204 -0.035924 -0.159997 -0.963589
1642668763.479252 -0.099790 1.557970 0.254679 -0.210796 -0.035605 -0.160062 -0.963679
1642668763.487585 -0.100166 1.558260 0.254224 -0.210378 -0.035075 -0.160331 -0.963745
1642668763.495918 -0.100546 1.558556 0.253749 -0.209920 -0.034657 -0.160459 -0.963839
1642668763.504252 -0.100908 1.558827 0.253246 -0.209140 -0.033582 -0.160868 -0.963978
1642668763.512585 -0.101308 1.559149 0.252784 -0.208563 -0.033038 -0.161054 -0.964091
1642668763.520918 -0.101706 1.559465 0.252310 -0.208328 -0.033387 -0.160760 -0.964179
1642668763.529252 -0.102049 1.559712 0.251775 -0.207851 -0.033046 -0.160787 -0.964289
1642668763.537585 -0.102422 1.559986 0.251260 -0.207275 -0.032471 -0.160951 -0.964405
1642668763.545918 -0.102793 1.560251 0.250740 -0.206735 -0.032011 -0.161001 -0.964528
1642668763.554252 -0.103156 1.560529 0.250223 -0.205910 -0.030969 -0.161191 -0.964707
1642668763.562585 -0.103534 1.560810 0.249712 -0.205580 -0.030916 -0.161046 -0.964803
1642668763.570918 -0.103884 1.561024 0.249157 -0.205109 -0.030751 -0.160918 -0.964930
1642668763.579252 -0.104246 1.561265 0.248622 -0.204527 -0.030342 -0.160957 -0.965060
1642668763.587585 -0.104608 1.561509 0.248095 -0.203979 -0.029949 -0.160947 -0.965190
1642668763.595918 -0.104962 1.561753 0.247569 -0.203417 -0.029739 -0.160831 -0.965334
1642668763.604252 -0.105359 1.562041 0.247083 -0.202930 -0.029224 -0.161051 -0.965416
1642668763.612585 -0.105725 1.562258 0.246529 -0.202364 -0.028847 -0.161168 -0.965527
1642668763.620918 -0.106120 1.562525 0.246000 -0.201777 -0.028734 -0.161421 -0.965611
1642668763.629252 -0.106470 1.562747 0.245512 -0.201281 -0.028263 -0.161345 -0.965741
1642668763.637585 -0.106841 1.562987 0.245013 -0.200765 -0.027963 -0.161335 -0.965859
1642668763.645918 -0.107226 1.563239 0.244510 -0.200246 -0.027702 -0.161322 -0.965976
1642668763.654252 -0.107627 1.563497 0.244017 -0.199799 -0.027596 -0.161309 -0.966074
1642668763.662585 -0.108013 1.563750 0.243521 -0.199233 -0.027032 -0.161431 -0.966186
1642668763.670918 -0.108408 1.564009 0.243040 -0.198743 -0.026611 -0.161502 -0.966287
1642668763.679252 -0.108817 1.564285 0.242572 -0.198264 -0.026275 -0.161488 -0.966397
1642668763.687585 -0.109231 1.564567 0.242112 -0.197850 -0.025866 -0.161514 -0.966488
1642668763.695918 -0.109660 1.564860 0.241652 -0.197383 -0.025345 -0.161554 -0.966591
1642668763.704252 -0.110090 1.565155 0.241176 -0.196855 -0.025085 -0.161430 -0.966726
1642668763.712585 -0.110540 1.565459 0.240742 -0.196515 -0.024731 -0.161466 -0.966798
1642668763.720918 -0.110963 1.565764 0.240289 -0.196010 -0.023934 -0.161640 -0.966892
1642668763.729252 -0.111410 1.566078 0.239842 -0.195492 -0.023290 -0.161628 -0.967014
1642668763.737585 -0.111858 1.566390 0.239393 -0.195073 -0.022810 -0.161590 -0.967117
1642668763.745918 -0.112344 1.566752 0.238981 -0.194726 -0.022466 -0.161465 -0.967216
1642668763.754252 -0.112787 1.567041 0.238494 -0.194182 -0.021852 -0.161427 -0.967345
1642668763.762585 -0.113237 1.567354 0.238054 -0.193711 -0.021253 -0.161280 -0.967478
1642668763.770918 -0.113690 1.567672 0.237600 -0.193175 -0.020250 -0.161335 -0.967597
1642668763.779252 -0.114191 1.568030 0.237130 -0.192640 -0.019533 -0.161527 -0.967687
1642668763.787585 -0.114664 1.568410 0.236746 -0.192310 -0.018927 -0.161187 -0.967821
1642668763.795918 -0.115142 1.568723 0.236284 -0.191897 -0.018393 -0.160928 -0.967956
1642668763.804252 -0.115620 1.569042 0.235817 -0.191388 -0.017525 -0.160918 -0.968075
1642668763.812585 -0.116110 1.569374 0.235349 -0.190859 -0.016705 -0.160915 -0.968194
1642668763.820918 -0.116616 1.569727 0.234894 -0.190210 -0.015549 -0.161025 -0.968323
1642668763.829252 -0.117125 1.570047 0.234416 -0.189595 -0.014494 -0.161094 -0.968448
1642668763.837585 -0.117553 1.570286 0.233898 -0.189080 -0.013861 -0.160889 -0.968593
1642668763.845918 -0.118041 1.570574 0.233427 -0.188628 -0.013528 -0.160638 -0.968727
1642668763.854252 -0.118538 1.570868 0.232954 -0.188081 -0.013146 -0.160353 -0.968886
1642668763.862585 -0.119058 1.571194 0.232519 -0.187564 -0.012187 -0.160511 -0.968973
1642668763.870918 -0.119561 1.571473 0.232054 -0.187049 -0.011389 -0.160524 -0.969079
1642668763.879252 -0.120070 1.571742 0.231590 -0.186523 -0.010688 -0.160409 -0.969208
1642668763.887585 -0.120583 1.571993 0.231130 -0.185964 -0.009967 -0.160394 -0.969326
1642668763.895918 -0.121089 1.572193 0.230644 -0.185437 -0.009229 -0.160442 -0.969426
1642668763.904252 -0.121608 1.572409 0.230189 -0.184996 -0.008770 -0.160324 -0.969534
1642668763.912585 -0.122173 1.572683 0.229781 -0.184537 -0.008069 -0.160425 -0.969611
1642668763.920918 -0.122722 1.572914 0.229358 -0.184038 -0.007505 -0.160458 -0.969705
1642668763.929252 -0.123310 1.573149 0.228912 -0.183582 -0.006978 -0.160761 -0.969745
1642668763.937585 -0.123840 1.573334 0.228498 -0.183122 -0.006028 -0.160839 -0.969825
1642668763.945918 -0.124395 1.573491 0.228061 -0.182753 -0.005627 -0.160860 -0.969894
1642668763.954252 -0.124994 1.573734 0.227678 -0.182359 -0.005202 -0.160935 -0.969958
1642668763.962585 -0.125622 1.573987 0.227270 -0.181906 -0.004756 -0.161225 -0.969997
1642668763.970918 -0.126221 1.574180 0.226852 -0.181457 -0.004131 -0.161409 -0.970053
1642668763.979252 -0.126826 1.574398 0.226505 -0.181138 -0.003474 -0.161289 -0.970136
1642668763.987585 -0.127458 1.574632 0.226138 -0.180858 -0.002923 -0.161403 -0.970171
1642668763.995918 -0.128097 1.574873 0.225757 -0.180359 -0.002056 -0.161657 -0.970223
1642668764.004252 -0.128762 1.575125 0.225399 -0.180064 -0.001570 -0.161779 -0.970259
1642668764.012585 -0.129471 1.575413 0.225017 -0.179643 -0.001083 -0.162097 -0.970284
1642668764.020918 -0.130157 1.575679 0.224649 -0.179182 -0.000305 -0.162393 -0.970321
1642668764.029252 -0.130787 1.575872 0.224252 -0.178801 0.000509 -0.162352 -0.970398
1642668764.037585 -0.131515 1.576186 0.223881 -0.178390 0.001102 -0.162667 -0.970420
1642668764.045918 -0.132232 1.576469 0.223508 -0.178016 0.001824 -0.162851 -0.970457
1642668764.054252 -0.132930 1.576725 0.223124 -0.177566 0.002551 -0.162914 -0.970527
1642668764.062585 -0.133636 1.576989 0.222727 -0.177156 0.003545 -0.163161 -0.970557
1642668764.070918 -0.134315 1.577220 0.222342 -0.176816 0.004427 -0.163019 -0.970640
1642668764.079252 -0.135024 1.577469 0.221927 -0.176387 0.005323 -0.163102 -0.970699
1642668764.087585 -0.135767 1.577752 0.221487 -0.175944 0.006172 -0.163444 -0.970717
1642668764.095918 -0.136488 1.578003 0.221051 -0.175483 0.007053 -0.163511 -0.970783
1642668764.104252 -0.137201 1.578241 0.220599 -0.175000 0.008112 -0.163646 -0.970839
1642668764.112585 -0.137925 1.578470 0.220140 -0.174511 0.008978 -0.163716 -0.970908
1642668764.120918 -0.138638 1.578701 0.219677 -0.173990 0.010055 -0.163835 -0.970971
1642668764.129252 -0.139318 1.578889 0.219226 -0.173632 0.011089 -0.163685 -0.971049
1642668764.137585 -0.140061 1.579134 0.218736 -0.173045 0.012065 -0.164012 -0.971087
1642668764.145918 -0.140759 1.579336 0.218261 -0.172574 0.013054 -0.163919 -0.971174
1642668764.154252 -0.141465 1.579537 0.217777 -0.172037 0.013942 -0.163869 -0.971265
1642668764.162585 -0.142210 1.579776 0.217258 -0.171437 0.014786 -0.164198 -0.971303
1642668764.170918 -0.142932 1.579982 0.216743 -0.170904 0.015694 -0.164376 -0.971353
1642668764.179252 -0.143644 1.580187 0.216228 -0.170412 0.016482 -0.164435 -0.971416
1642668764.187585 -0.144361 1.580397 0.215709 -0.169728 0.017297 -0.164503 -0.971510
1642668764.195918 -0.145079 1.580593 0.215180 -0.169134 0.018234 -0.164687 -0.971565
1642668764.204252 -0.145760 1.580755 0.214670 -0.168634 0.019120 -0.164630 -0.971645
1642668764.212585 -0.146503 1.580970 0.214122 -0.168023 0.019850 -0.164932 -0.971685
1642668764.220918 -0.147196 1.581134 0.213616 -0.167495 0.020658 -0.164946 -0.971757
1642668764.229252 -0.147912 1.581320 0.213092 -0.166958 0.021487 -0.165009 -0.971821
1642668764.237585 -0.148665 1.581538 0.212542 -0.166351 0.022189 -0.165336 -0.971853
1642668764.245918 -0.149399 1.581738 0.212016 -0.165811 0.022976 -0.165595 -0.971883
1642668764.254252 -0.150137 1.581925 0.211493 -0.165246 0.023672 -0.165691 -0.971946
1642668764.262585 -0.150868 1.582117 0.210982 -0.164638 0.024447 -0.165831 -0.972007
1642668764.270918 -0.151616 1.582311 0.210460 -0.164080 0.025337 -0.166033 -0.972044
1642668764.279252 -0.152364 1.582517 0.209941 -0.163573 0.026155 -0.166144 -0.972089
1642668764.287585 -0.153106 1.582716 0.209427 -0.163015 0.027045 -0.166258 -0.972138
1642668764.295918 -0.153823 1.582858 0.208865 -0.163094 0.028042 -0.166808 -0.972003
1642668764.304252 -0.154574 1.583069 0.208412 -0.162086 0.028974 -0.166436 -0.972208
1642668764.312585 -0.155361 1.583302 0.207904 -0.161356 0.029997 -0.166699 -0.972253
1642668764.320918 -0.156087 1.583458 0.207412 -0.160888 0.031103 -0.166787 -0.972281
1642668764.329252 -0.156877 1.583665 0.206894 -0.160285 0.032051 -0.167143 -0.972288
1642668764.337585 -0.157604 1.583819 0.206411 -0.159634 0.033446 -0.167490 -0.972289
1642668764.345918 -0.158299 1.583973 0.205915 -0.158928 0.035378 -0.167924 -0.972261
1642668764.354252 -0.159085 1.584110 0.205438 -0.158684 0.035480 -0.167697 -0.972337
1642668764.362585 -0.159826 1.584283 0.204936 -0.158015 0.037034 -0.168234 -0.972295
1642668764.370918 -0.160521 1.584367 0.204414 -0.158115 0.038313 -0.168899 -0.972114
1642668764.379252 -0.161216 1.584445 0.203953 -0.157860 0.039301 -0.168918 -0.972112
1642668764.387585 -0.161967 1.584574 0.203470 -0.157469 0.040299 -0.169279 -0.972072
1642668764.395918 -0.162691 1.584681 0.203011 -0.157060 0.041275 -0.169516 -0.972056
1642668764.404252 -0.163499 1.584854 0.202596 -0.155880 0.042765 -0.169637 -0.972160
1642668764.412585 -0.164240 1.584958 0.202153 -0.155335 0.043822 -0.169771 -0.972177
1642668764.420918 -0.164941 1.585030 0.201743 -0.154926 0.045089 -0.169944 -0.972154
1642668764.429252 -0.165631 1.585043 0.201273 -0.155376 0.045934 -0.170073 -0.972020
1642668764.437585 -0.166392 1.585132 0.200814 -0.155191 0.046863 -0.170511 -0.971929
1642668764.445918 -0.167140 1.585211 0.200388 -0.154840 0.047951 -0.170812 -0.971879
1642668764.454252 -0.167899 1.585277 0.199967 -0.154560 0.049151 -0.171051 -0.971821
1642668764.462585 -0.168668 1.585335 0.199543 -0.154320 0.050284 -0.171248 -0.971767
1642668764.470918 -0.169411 1.585375 0.199149 -0.154070 0.051472 -0.171255 -0.971743
1642668764.479252 -0.170222 1.585457 0.198712 -0.153759 0.052667 -0.171646 -0.971660
1642668764.487585 -0.171012 1.585513 0.198280 -0.153501 0.053929 -0.171985 -0.971571
1642668764.495918 -0.171805 1.585583 0.197910 -0.152635 0.055266 -0.171708 -0.971681
1642668764.504252 -0.172574 1.585579 0.197454 -0.152890 0.056620 -0.172098 -0.971494
1642668764.512585 -0.173364 1.585604 0.197016 -0.152733 0.057992 -0.172321 -0.971399
1642668764.520918 -0.174203 1.585669 0.196568 -0.152279 0.059346 -0.172726 -0.971316
1642668764.529252 -0.174993 1.585671 0.196143 -0.152038 0.060795 -0.172724 -0.971264
1642668764.537585 -0.175797 1.585680 0.195710 -0.151742 0.062369 -0.172864 -0.971186
1642668764.545918 -0.176613 1.585693 0.195277 -0.151427 0.063755 -0.173054 -0.971112
1642668764.554252 -0.177462 1.585732 0.194825 -0.151060 0.065101 -0.173378 -0.971022
1642668764.562585 -0.178269 1.585724 0.194401 -0.150720 0.066634 -0.173453 -0.970957
1642668764.570918 -0.179121 1.585751 0.193943 -0.150328 0.068003 -0.173876 -0.970847
1642668764.579252 -0.179931 1.585733 0.193523 -0.150011 0.069389 -0.173942 -0.970786
1642668764.587585 -0.180749 1.585727 0.193089 -0.149586 0.070766 -0.174227 -0.970702
1642668764.595918 -0.181595 1.585707 0.192653 -0.149316 0.071670 -0.174462 -0.970635
1642668764.604252 -0.182427 1.585690 0.192223 -0.148986 0.072704 -0.174681 -0.970569
1642668764.612585 -0.183231 1.585662 0.191790 -0.148486 0.074184 -0.175108 -0.970457
1642668764.620918 -0.184038 1.585621 0.191359 -0.147990 0.075312 -0.175440 -0.970385
1642668764.629252 -0.184866 1.585588 0.190943 -0.147688 0.076324 -0.175865 -0.970275
1642668764.637585 -0.185688 1.585551 0.190530 -0.147325 0.077230 -0.176228 -0.970193
1642668764.645918 -0.186508 1.585504 0.190119 -0.146933 0.078072 -0.176646 -0.970109
1642668764.654252 -0.187327 1.585461 0.189715 -0.146512 0.078930 -0.177021 -0.970035
1642668764.662585 -0.188146 1.585413 0.189316 -0.146055 0.079801 -0.177431 -0.969958
1642668764.670918 -0.188953 1.585367 0.188919 -0.145500 0.080701 -0.177925 -0.969876
1642668764.679252 -0.189775 1.585327 0.188522 -0.145114 0.081382 -0.178229 -0.969821
1642668764.687585 -0.190581 1.585274 0.188133 -0.144703 0.082226 -0.178661 -0.969732
1642668764.695918 -0.191392 1.585217 0.187751 -0.144191 0.082966 -0.178988 -0.969685
1642668764.704252 -0.192216 1.585145 0.187367 -0.143746 0.083807 -0.179395 -0.969604
1642668764.712585 -0.193041 1.585084 0.187000 -0.143449 0.084581 -0.179795 -0.969506
1642668764.720918 -0.193869 1.584998 0.186626 -0.143021 0.085476 -0.180312 -0.969395
1642668764.729252 -0.194699 1.584914 0.186267 -0.142680 0.086354 -0.180784 -0.969279
1642668764.737585 -0.195537 1.584829 0.185908 -0.142423 0.087134 -0.181225 -0.969165
1642668764.745918 -0.196368 1.584736 0.185550 -0.142158 0.087801 -0.181598 -0.969074
1642668764.754252 -0.197205 1.584629 0.185195 -0.141783 0.088686 -0.182108 -0.968953
1642668764.762585 -0.198049 1.584529 0.184849 -0.141564 0.089580 -0.182552 -0.968819
1642668764.770918 -0.198886 1.584416 0.184505 -0.141295 0.090513 -0.183027 -0.968682
1642668764.779252 -0.199721 1.584288 0.184150 -0.140903 0.091541 -0.183571 -0.968539
1642668764.787585 -0.200553 1.584148 0.183799 -0.140639 0.092594 -0.183982 -0.968400
1642668764.795918 -0.201387 1.584004 0.183462 -0.140351 0.093642 -0.184426 -0.968256
1642668764.804252 -0.202221 1.583843 0.183122 -0.140130 0.094801 -0.184859 -0.968093
1642668764.812585 -0.203051 1.583672 0.182779 -0.139894 0.095956 -0.185203 -0.967947
1642668764.820918 -0.203887 1.583497 0.182434 -0.139680 0.097055 -0.185474 -0.967817
1642668764.829252 -0.204716 1.583310 0.182089 -0.139425 0.098138 -0.185809 -0.967680
1642668764.837585 -0.205550 1.583121 0.181755 -0.139283 0.099234 -0.186030 -0.967546
1642668764.845918 -0.206389 1.582920 0.181413 -0.139077 0.100446 -0.186384 -0.967383
1642668764.854252 -0.207231 1.582710 0.181079 -0.138846 0.101707 -0.186812 -0.967202
1642668764.862585 -0.208074 1.582500 0.180739 -0.138631 0.102941 -0.187213 -0.967024
1642668764.870918 -0.208906 1.582288 0.180411 -0.138428 0.104047 -0.187622 -0.966856
1642668764.879252 -0.209739 1.582069 0.180081 -0.138259 0.105188 -0.188091 -0.966665
1642668764.887585 -0.210574 1.581846 0.179751 -0.138052 0.106198 -0.188593 -0.966487
1642668764.895918 -0.211400 1.581621 0.179429 -0.137858 0.107243 -0.189122 -0.966296
1642668764.904252 -0.212219 1.581396 0.179113 -0.137666 0.108160 -0.189634 -0.966120
1642668764.912585 -0.213039 1.581165 0.178800 -0.137478 0.109038 -0.190166 -0.965944
1642668764.920918 -0.213845 1.580940 0.178487 -0.137332 0.109819 -0.190660 -0.965779
1642668764.929252 -0.214642 1.580718 0.178178 -0.137175 0.110634 -0.191157 -0.965610
1642668764.937585 -0.215436 1.580502 0.177874 -0.136980 0.111394 -0.191715 -0.965439
1642668764.945918 -0.216227 1.580295 0.177562 -0.136828 0.112174 -0.192271 -0.965260
1642668764.954252 -0.217009 1.580105 0.177261 -0.136662 0.112821 -0.192681 -0.965126
1642668764.962585 -0.217802 1.579932 0.176947 -0.136458 0.113528 -0.193176 -0.964974
1642668764.970918 -0.218596 1.579766 0.176632 -0.136214 0.114288 -0.193725 -0.964808
1642668764.979252 -0.219389 1.579621 0.176322 -0.136002 0.115138 -0.194293 -0.964623
1642668764.987585 -0.220182 1.579494 0.176000 -0.135829 0.115839 -0.194766 -0.964468
1642668764.995918 -0.220972 1.579376 0.175667 -0.135629 0.116724 -0.195383 -0.964265
1642668765.004252 -0.221758 1.579272 0.175326 -0.135403 0.117480 -0.195798 -0.964120
1642668765.012585 -0.222545 1.579178 0.174969 -0.135226 0.118318 -0.196206 -0.963960
1642668765.020918 -0.223324 1.579102 0.174611 -0.135033 0.119237 -0.196638 -0.963785
1642668765.029252 -0.224100 1.579026 0.174240 -0.134859 0.120293 -0.197020 -0.963601
1642668765.037585 -0.224834 1.578933 0.173832 -0.134242 0.122264 -0.197679 -0.963304
1642668765.045918 -0.225591 1.578870 0.173422 -0.133860 0.123649 -0.198095 -0.963094
1642668765.054252 -0.226358 1.578815 0.172993 -0.133602 0.124941 -0.198439 -0.962893
1642668765.062585 -0.227103 1.578774 0.172550 -0.133322 0.126310 -0.198751 -0.962689
1642668765.070918 -0.227845 1.578737 0.172094 -0.132993 0.127681 -0.199122 -0.962477
1642668765.079252 -0.228582 1.578703 0.171614 -0.132622 0.129082 -0.199440 -0.962275
1642668765.087585 -0.229301 1.578658 0.171112 -0.132274 0.130575 -0.199827 -0.962041
1642668765.095918 -0.230002 1.578616 0.170601 -0.131909 0.131957 -0.200157 -0.961834
1642668765.104252 -0.230679 1.578563 0.170074 -0.131438 0.133469 -0.200605 -0.961597
1642668765.112585 -0.231349 1.578506 0.169529 -0.131014 0.134826 -0.200959 -0.961391
1642668765.120918 -0.231986 1.578441 0.168978 -0.130578 0.136057 -0.201296 -0.961207
1642668765.129252 -0.232608 1.578352 0.168408 -0.130128 0.137312 -0.201630 -0.961019
1642668765.137585 -0.233210 1.578257 0.167834 -0.129650 0.138505 -0.201987 -0.960838
1642668765.145918 -0.233788 1.578150 0.167254 -0.129207 0.139488 -0.202321 -0.960685
1642668765.154252 -0.234364 1.578036 0.166658 -0.128696 0.140433 -0.202623 -0.960552
1642668765.162585 -0.234921 1.577914 0.166065 -0.128223 0.141355 -0.202967 -0.960407
1642668765.170918 -0.235463 1.577782 0.165465 -0.127661 0.142244 -0.203371 -0.960265
1642668765.179252 -0.235995 1.577649 0.164861 -0.127060 0.143086 -0.203785 -0.960132
1642668765.187585 -0.236526 1.577516 0.164254 -0.126573 0.143634 -0.204111 -0.960045
1642668765.195918 -0.237050 1.577378 0.163630 -0.126057 0.144273 -0.204532 -0.959928
1642668765.204252 -0.237560 1.577245 0.163009 -0.125525 0.144769 -0.204930 -0.959838
1642668765.212585 -0.238064 1.577103 0.162388 -0.124972 0.145208 -0.205267 -0.959772
1642668765.220918 -0.238569 1.576961 0.161761 -0.124368 0.145694 -0.205719 -0.959680
1642668765.229252 -0.239071 1.576810 0.161119 -0.123765 0.146148 -0.206142 -0.959598
1642668765.237585 -0.239566 1.576657 0.160491 -0.123137 0.146548 -0.206568 -0.959526
1642668765.245918 -0.240057 1.576499 0.159855 -0.122603 0.146957 -0.207041 -0.959430
1642668765.254252 -0.240559 1.576339 0.159215 -0.122075 0.147358 -0.207555 -0.959325
1642668765.262585 -0.241058 1.576174 0.158573 -0.121501 0.147805 -0.208119 -0.959207
1642668765.270918 -0.241556 1.576017 0.157939 -0.120966 0.148113 -0.208624 -0.959117
1642668765.279252 -0.242052 1.575858 0.157303 -0.120436 0.148520 -0.209085 -0.959020
1642668765.287585 -0.242559 1.575697 0.156658 -0.119907 0.148919 -0.209568 -0.958920
1642668765.295918 -0.243060 1.575539 0.156023 -0.119338 0.149440 -0.210153 -0.958782
1642668765.304252 -0.243564 1.575380 0.155388 -0.118850 0.149921 -0.210676 -0.958652
1642668765.312585 -0.244061 1.575220 0.154752 -0.118342 0.150437 -0.211184 -0.958522
1642668765.320918 -0.244554 1.575056 0.154111 -0.117826 0.151034 -0.211650 -0.958389
1642668765.329252 -0.245048 1.574897 0.153480 -0.117314 0.151565 -0.212092 -0.958271
1642668765.337585 -0.245545 1.574733 0.152850 -0.116878 0.152109 -0.212485 -0.958151
1642668765.345918 -0.246035 1.574566 0.152224 -0.116452 0.152771 -0.212934 -0.957998
1642668765.354252 -0.246539 1.574410 0.151598 -0.115993 0.153571 -0.213459 -0.957808
1642668765.362585 -0.247026 1.574260 0.150980 -0.115562 0.154195 -0.213867 -0.957669
1642668765.370918 -0.247516 1.574115 0.150368 -0.115176 0.154902 -0.214263 -0.957513
1642668765.379252 -0.248009 1.573972 0.149759 -0.114766 0.155688 -0.214778 -0.957320
1642668765.387585 -0.248519 1.573833 0.149147 -0.114363 0.156470 -0.215293 -0.957124
1642668765.395918 -0.249008 1.573687 0.148540 -0.114021 0.157136 -0.215657 -0.956974
1642668765.404252 -0.249497 1.573543 0.147944 -0.113682 0.157808 -0.216027 -0.956820
1642668765.412585 -0.249985 1.573398 0.147348 -0.113296 0.158509 -0.216424 -0.956661
1642668765.420918 -0.250488 1.573244 0.146787 -0.112305 0.159408 -0.216678 -0.956571
1642668765.429252 -0.250991 1.573103 0.146209 -0.111812 0.160256 -0.217047 -0.956403
1642668765.437585 -0.251460 1.572934 0.145626 -0.111562 0.160846 -0.217327 -0.956270
1642668765.445918 -0.251916 1.572753 0.145046 -0.111228 0.161592 -0.217724 -0.956092
1642668765.454252 -0.252380 1.572559 0.144469 -0.110932 0.162380 -0.218093 -0.955909
1642668765.462585 -0.252850 1.572354 0.143882 -0.110616 0.163146 -0.218526 -0.955716
1642668765.470918 -0.253307 1.572147 0.143315 -0.110312 0.163851 -0.218954 -0.955533
1642668765.479252 -0.253763 1.571929 0.142749 -0.110051 0.164501 -0.219321 -0.955367
1642668765.487585 -0.254217 1.571703 0.142188 -0.109798 0.165098 -0.219723 -0.955201
1642668765.495918 -0.254690 1.571473 0.141614 -0.109505 0.165779 -0.220269 -0.954991
1642668765.504252 -0.255147 1.571240 0.141057 -0.109184 0.166215 -0.220732 -0.954845
1642668765.512585 -0.255600 1.571012 0.140504 -0.108887 0.166504 -0.221143 -0.954733
1642668765.520918 -0.256057 1.570780 0.139954 -0.108575 0.166709 -0.221556 -0.954638
1642668765.529252 -0.256504 1.570527 0.139394 -0.108168 0.166957 -0.222049 -0.954526
1642668765.537585 -0.256981 1.570305 0.138827 -0.107709 0.167262 -0.222667 -0.954380
1642668765.545918 -0.257438 1.570083 0.138276 -0.107299 0.167303 -0.223161 -0.954304
1642668765.554252 -0.257902 1.569853 0.137722 -0.106890 0.167258 -0.223620 -0.954250
1642668765.562585 -0.258374 1.569625 0.137155 -0.106300 0.167377 -0.224237 -0.954150
1642668765.570918 -0.258820 1.569399 0.136603 -0.105883 0.167097 -0.224639 -0.954151
1642668765.579252 -0.259273 1.569169 0.136042 -0.105358 0.166912 -0.225169 -0.954117
1642668765.587585 -0.259730 1.568933 0.135474 -0.104868 0.166688 -0.225630 -0.954101
1642668765.595918 -0.260197 1.568696 0.134911 -0.104412 0.166453 -0.226119 -0.954077
1642668765.604252 -0.260667 1.568447 0.134314 -0.103708 0.166746 -0.226884 -0.953920
1642668765.612585 -0.261132 1.568206 0.133729 -0.103263 0.166550 -0.227416 -0.953876
1642668765.620918 -0.261613 1.567964 0.133157 -0.102833 0.166425 -0.227997 -0.953806
1642668765.629252 -0.262104 1.567722 0.132572 -0.102404 0.166396 -0.228634 -0.953705
1642668765.637585 -0.262623 1.567479 0.131974 -0.101891 0.166622 -0.229416 -0.953532
1642668765.645918 -0.263128 1.567243 0.131389 -0.101426 0.166662 -0.230002 -0.953434
1642668765.654252 -0.263650 1.567012 0.130811 -0.101143 0.166364 -0.230521 -0.953390
1642668765.662585 -0.264183 1.566780 0.130222 -0.100716 0.166457 -0.231194 -0.953256
1642668765.670918 -0.264729 1.566548 0.129621 -0.100244 0.166819 -0.231929 -0.953064
1642668765.679252 -0.265271 1.566323 0.129029 -0.099772 0.167089 -0.232528 -0.952921
1642668765.687585 -0.265831 1.566118 0.128444 -0.099303 0.167434 -0.233285 -0.952724
1642668765.695918 -0.266380 1.565893 0.127854 -0.098696 0.168220 -0.234132 -0.952441
1642668765.704252 -0.266944 1.565657 0.127271 -0.098215 0.168936 -0.234902 -0.952174
1642668765.712585 -0.267508 1.565415 0.126710 -0.097820 0.169401 -0.235521 -0.951979
1642668765.720918 -0.268063 1.565170 0.126162 -0.097446 0.169862 -0.236087 -0.951795
1642668765.729252 -0.268634 1.564911 0.125624 -0.097061 0.170477 -0.236723 -0.951567
1642668765.737585 -0.269214 1.564640 0.125112 -0.096843 0.170944 -0.237266 -0.951370
1642668765.745918 -0.269797 1.564354 0.124616 -0.096599 0.171365 -0.237860 -0.951170
1642668765.754252 -0.270378 1.564056 0.124155 -0.096421 0.171628 -0.238465 -0.950990
1642668765.762585 -0.270960 1.563713 0.123695 -0.096228 0.171930 -0.239111 -0.950793
1642668765.770918 -0.271573 1.563380 0.123252 -0.096082 0.172267 -0.239883 -0.950552
1642668765.779252 -0.272171 1.563024 0.122833 -0.096007 0.172538 -0.240611 -0.950326
1642668765.787585 -0.272787 1.562645 0.122451 -0.096093 0.172401 -0.241234 -0.950184
1642668765.795918 -0.273383 1.562218 0.122063 -0.096096 0.172551 -0.241942 -0.949977
1642668765.804252 -0.274020 1.561809 0.121686 -0.096044 0.172922 -0.242718 -0.949717
1642668765.812585 -0.274653 1.561398 0.121326 -0.096068 0.173309 -0.243508 -0.949441
1642668765.820918 -0.275300 1.560989 0.120931 -0.095971 0.173424 -0.244443 -0.949190
1642668765.829252 -0.275920 1.560536 0.120616 -0.096064 0.174230 -0.245180 -0.948843
1642668765.837585 -0.276554 1.560073 0.120284 -0.096122 0.174764 -0.245887 -0.948556
1642668765.845918 -0.277170 1.559597 0.119933 -0.096132 0.175378 -0.246505 -0.948281
1642668765.854252 -0.277842 1.559149 0.119555 -0.096087 0.175805 -0.247385 -0.947977
1642668765.862585 -0.278455 1.558640 0.119255 -0.096254 0.176571 -0.248026 -0.947650
1642668765.870918 -0.279126 1.558164 0.118953 -0.096442 0.177370 -0.248748 -0.947293
1642668765.879252 -0.279797 1.557676 0.118628 -0.096542 0.178152 -0.249566 -0.946921
1642668765.887585 -0.280503 1.557200 0.118261 -0.096569 0.178815 -0.250555 -0.946531
1642668765.895918 -0.281167 1.556686 0.117925 -0.096679 0.179676 -0.251377 -0.946139
1642668765.904252 -0.281814 1.556175 0.117655 -0.096941 0.180779 -0.251946 -0.945751
1642668765.912585 -0.282491 1.555682 0.117367 -0.097305 0.181481 -0.252483 -0.945436
1642668765.920918 -0.283194 1.555209 0.117044 -0.097409 0.182850 -0.253673 -0.944842
1642668765.929252 -0.283842 1.554680 0.116703 -0.097513 0.183537 -0.254245 -0.944545
1642668765.937585 -0.284486 1.554163 0.116386 -0.097689 0.184529 -0.254851 -0.944170
1642668765.945918 -0.285143 1.553663 0.116084 -0.097927 0.185530 -0.255540 -0.943763
1642668765.954252 -0.285766 1.553145 0.115801 -0.097990 0.187264 -0.256415 -0.943176
1642668765.962585 -0.286377 1.552594 0.115482 -0.098123 0.188080 -0.256985 -0.942845
1642668765.970918 -0.287012 1.552069 0.115184 -0.098418 0.188559 -0.257486 -0.942582
1642668765.979252 -0.287632 1.551532 0.114906 -0.098639 0.189159 -0.258001 -0.942297
1642668765.987585 -0.288265 1.551011 0.114638 -0.098806 0.189856 -0.258611 -0.941973
1642668765.995918 -0.288858 1.550459 0.114364 -0.098981 0.190379 -0.259240 -0.941676
1642668766.004252 -0.289471 1.549904 0.114097 -0.099095 0.191000 -0.259917 -0.941351
1642668766.012585 -0.290056 1.549337 0.113831 -0.099060 0.191799 -0.260688 -0.940979
1642668766.020918 -0.290699 1.548794 0.113587 -0.099553 0.191340 -0.261037 -0.940924
1642668766.029252 -0.291312 1.548232 0.113321 -0.099702 0.191552 -0.261723 -0.940675
1642668766.037585 -0.291881 1.547640 0.113044 -0.099546 0.192466 -0.262660 -0.940243
1642668766.045918 -0.292465 1.547045 0.112780 -0.099592 0.192996 -0.263353 -0.939936
1642668766.054252 -0.293062 1.546449 0.112513 -0.099683 0.193351 -0.264059 -0.939655
1642668766.062585 -0.293672 1.545858 0.112250 -0.099770 0.193664 -0.264835 -0.939363
1642668766.070918 -0.294245 1.545238 0.111991 -0.099886 0.193897 -0.265546 -0.939102
1642668766.079252 -0.294814 1.544624 0.111746 -0.099951 0.194128 -0.266230 -0.938853
1642668766.087585 -0.295394 1.544019 0.111489 -0.099963 0.194422 -0.266945 -0.938588
1642668766.095918 -0.295967 1.543433 0.111231 -0.100025 0.194841 -0.267734 -0.938270
1642668766.104252 -0.296542 1.542860 0.110977 -0.100107 0.195112 -0.268435 -0.938005
1642668766.112585 -0.297085 1.542271 0.110713 -0.100187 0.195285 -0.269166 -0.937750
1642668766.120918 -0.297627 1.541694 0.110470 -0.100183 0.195641 -0.269943 -0.937453
1642668766.129252 -0.298157 1.541126 0.110234 -0.100242 0.195938 -0.270663 -0.937177
1642668766.137585 -0.298686 1.540568 0.110003 -0.100262 0.196282 -0.271427 -0.936882
1642668766.145918 -0.299193 1.540024 0.109774 -0.100293 0.196560 -0.272171 -0.936605
1642668766.154252 -0.299693 1.539487 0.109549 -0.100310 0.196866 -0.272901 -0.936326
1642668766.162585 -0.300214 1.538985 0.109354 -0.100600 0.196579 -0.273439 -0.936198
1642668766.170918 -0.300691 1.538474 0.109155 -0.100677 0.196823 -0.274137 -0.935935
1642668766.179252 -0.301138 1.537957 0.108963 -0.100718 0.197081 -0.274669 -0.935720
1642668766.187585 -0.301528 1.537449 0.108761 -0.100528 0.197995 -0.275439 -0.935321
1642668766.195918 -0.301924 1.536972 0.108576 -0.100475 0.198539 -0.276121 -0.935010
1642668766.204252 -0.302314 1.536515 0.108398 -0.100415 0.198896 -0.276735 -0.934759
1642668766.212585 -0.302674 1.536073 0.108237 -0.100410 0.199150 -0.277228 -0.934560
1642668766.220918 -0.303000 1.535636 0.108098 -0.100401 0.199265 -0.277653 -0.934410
1642668766.229252 -0.303302 1.535214 0.107975 -0.100394 0.199278 -0.278062 -0.934286
1642668766.237585 -0.303585 1.534807 0.107871 -0.100415 0.199274 -0.278479 -0.934161
1642668766.245918 -0.303844 1.534428 0.107784 -0.100446 0.199149 -0.278895 -0.934060
1642668766.254252 -0.304092 1.534088 0.107705 -0.100460 0.199063 -0.279370 -0.933935
1642668766.262585 -0.304316 1.533766 0.107637 -0.100423 0.198889 -0.279804 -0.933846
1642668766.270918 -0.304523 1.533466 0.107585 -0.100431 0.198696 -0.280231 -0.933758
1642668766.279252 -0.304716 1.533196 0.107543 -0.100435 0.198458 -0.280573 -0.933706
1642668766.287585 -0.304893 1.532939 0.107497 -0.100477 0.198226 -0.280982 -0.933627
1642668766.295918 -0.305038 1.532691 0.107464 -0.100478 0.197997 -0.281267 -0.933590
1642668766.304252 -0.305168 1.532472 0.107434 -0.100481 0.197795 -0.281573 -0.933540
1642668766.312585 -0.305291 1.532290 0.107407 -0.100518 0.197665 -0.281899 -0.933465
1642668766.320918 -0.305365 1.532095 0.107379 -0.100541 0.197526 -0.282146 -0.933418
1642668766.329252 -0.305424 1.531929 0.107359 -0.100580 0.197561 -0.282412 -0.933326
1642668766.337585 -0.305470 1.531785 0.107337 -0.100667 0.197591 -0.282640 -0.933241
1642668766.345918 -0.305482 1.531658 0.107308 -0.100769 0.197790 -0.282830 -0.933130
1642668766.354252 -0.305474 1.531556 0.107283 -0.100868 0.198004 -0.282930 -0.933044
1642668766.362585 -0.305444 1.531470 0.107258 -0.101005 0.198341 -0.283039 -0.932924
1642668766.370918 -0.305397 1.531417 0.107232 -0.101147 0.198734 -0.283095 -0.932808
1642668766.379252 -0.305329 1.531380 0.107220 -0.101325 0.199125 -0.283026 -0.932727
1642668766.387585 -0.305234 1.531363 0.107217 -0.101533 0.199611 -0.282913 -0.932634
1642668766.395918 -0.305112 1.531362 0.107221 -0.101664 0.200230 -0.282793 -0.932524
1642668766.404252 -0.304976 1.531388 0.107235 -0.101848 0.200753 -0.282562 -0.932461
1642668766.412585 -0.304812 1.531424 0.107257 -0.102005 0.201316 -0.282342 -0.932389
1642668766.420918 -0.304624 1.531475 0.107287 -0.102142 0.201910 -0.282085 -0.932324
1642668766.429252 -0.304416 1.531535 0.107328 -0.102272 0.202545 -0.281785 -0.932262
1642668766.437585 -0.304199 1.531614 0.107386 -0.102452 0.202971 -0.281422 -0.932260
1642668766.445918 -0.303956 1.531697 0.107454 -0.102613 0.203355 -0.281043 -0.932273
1642668766.454252 -0.303698 1.531791 0.107542 -0.102795 0.203666 -0.280688 -0.932292
1642668766.462585 -0.303422 1.531893 0.107654 -0.103009 0.203952 -0.280378 -0.932299
1642668766.470918 -0.303123 1.531995 0.107789 -0.103202 0.204093 -0.280039 -0.932348
1642668766.479252 -0.302810 1.532101 0.107944 -0.103478 0.204180 -0.279736 -0.932390
1642668766.487585 -0.302495 1.532194 0.108131 -0.103811 0.204216 -0.279415 -0.932441
1642668766.495918 -0.302173 1.532295 0.108333 -0.104136 0.204185 -0.279094 -0.932508
1642668766.504252 -0.301828 1.532391 0.108553 -0.104447 0.204120 -0.278775 -0.932582
1642668766.512585 -0.301484 1.532489 0.108790 -0.104759 0.204017 -0.278442 -0.932670
1642668766.520918 -0.301131 1.532587 0.109034 -0.105068 0.203818 -0.278101 -0.932780
1642668766.529252 -0.300767 1.532682 0.109286 -0.105350 0.203821 -0.277822 -0.932831
1642668766.537585 -0.300400 1.532789 0.109565 -0.105661 0.203821 -0.277530 -0.932882
1642668766.545918 -0.300029 1.532894 0.109840 -0.105957 0.203855 -0.277168 -0.932949
1642668766.554252 -0.299655 1.532998 0.110125 -0.106314 0.203764 -0.276727 -0.933059
1642668766.562585 -0.299285 1.533099 0.110422 -0.106696 0.203693 -0.276299 -0.933158
1642668766.570918 -0.298909 1.533207 0.110724 -0.107018 0.203714 -0.275882 -0.933240
1642668766.579252 -0.298517 1.533314 0.111036 -0.107361 0.203863 -0.275500 -0.933281
1642668766.587585 -0.298126 1.533426 0.111359 -0.107750 0.203917 -0.275023 -0.933365
1642668766.595918 -0.297734 1.533528 0.111690 -0.108140 0.204001 -0.274564 -0.933437
1642668766.604252 -0.297335 1.533628 0.112027 -0.108560 0.204094 -0.274073 -0.933512
1642668766.612585 -0.296933 1.533736 0.112368 -0.108933 0.204187 -0.273628 -0.933579
1642668766.620918 -0.296522 1.533840 0.112712 -0.109279 0.204284 -0.273233 -0.933633
1642668766.629252 -0.296114 1.533949 0.113070 -0.109674 0.204249 -0.272792 -0.933723
1642668766.637585 -0.295689 1.534055 0.113426 -0.109919 0.204552 -0.272473 -0.933721
1642668766.645918 -0.295283 1.534182 0.113794 -0.110374 0.204354 -0.271992 -0.933851
1642668766.654252 -0.294871 1.534307 0.114174 -0.110774 0.204142 -0.271502 -0.933993
1642668766.662585 -0.294440 1.534438 0.114551 -0.111120 0.204042 -0.271112 -0.934086
1642668766.670918 -0.294009 1.534576 0.114928 -0.111474 0.203801 -0.270644 -0.934233
1642668766.679252 -0.293550 1.534702 0.115311 -0.111645 0.203877 -0.270304 -0.934294
1642668766.687585 -0.293102 1.534849 0.115695 -0.111837 0.203697 -0.269970 -0.934407
1642668766.695918 -0.292667 1.535009 0.116091 -0.112265 0.203015 -0.269438 -0.934658
1642668766.704252 -0.292205 1.535166 0.116487 -0.112503 0.202542 -0.269048 -0.934844
1642668766.712585 -0.291725 1.535321 0.116878 -0.112760 0.201959 -0.268571 -0.935076
1642668766.720918 -0.291242 1.535481 0.117277 -0.112973 0.201506 -0.268252 -0.935240
1642668766.729252 -0.290753 1.535636 0.117674 -0.113182 0.200983 -0.267884 -0.935432
1642668766.737585 -0.290234 1.535783 0.118068 -0.113256 0.200816 -0.267597 -0.935541
1642668766.745918 -0.289719 1.535942 0.118468 -0.113427 0.200364 -0.267290 -0.935705
1642668766.754252 -0.289210 1.536115 0.118871 -0.113782 0.199372 -0.266746 -0.936029
1642668766.762585 -0.288684 1.536286 0.119269 -0.114015 0.198702 -0.266364 -0.936252
1642668766.770918 -0.288139 1.536443 0.119665 -0.114043 0.198478 -0.266111 -0.936368
1642668766.779252 -0.287590 1.536602 0.120065 -0.114161 0.197940 -0.265730 -0.936576
1642668766.787585 -0.287033 1.536765 0.120460 -0.114375 0.197247 -0.265316 -0.936813
1642668766.795918 -0.286467 1.536928 0.120857 -0.114535 0.196674 -0.264950 -0.937018
1642668766.804252 -0.285901 1.537091 0.121256 -0.114664 0.196089 -0.264541 -0.937240
1642668766.812585 -0.285325 1.537246 0.121651 -0.114800 0.195482 -0.264112 -0.937472
1642668766.820918 -0.284735 1.537397 0.122057 -0.115011 0.194816 -0.263666 -0.937710
1642668766.829252 -0.284135 1.537552 0.122464 -0.115186 0.194203 -0.263260 -0.937930
1642668766.837585 -0.283540 1.537692 0.122873 -0.115394 0.193641 -0.262821 -0.938143
1642668766.845918 -0.282903 1.537816 0.123242 -0.116072 0.193051 -0.262648 -0.938230
1642668766.854252 -0.282274 1.537937 0.123642 -0.116514 0.192333 -0.262205 -0.938446
1642668766.862585 -0.281645 1.538048 0.124067 -0.116832 0.191582 -0.261526 -0.938749
1642668766.870918 -0.281051 1.538199 0.124458 -0.116970 0.191161 -0.261381 -0.938859
1642668766.879252 -0.280443 1.538339 0.124858 -0.117146 0.190584 -0.261014 -0.939056
1642668766.887585 -0.279798 1.538451 0.125280 -0.117395 0.189940 -0.260382 -0.939331
1642668766.895918 -0.279169 1.538575 0.125687 -0.117604 0.189303 -0.259832 -0.939586
1642668766.904252 -0.278582 1.538734 0.126070 -0.117644 0.188988 -0.259760 -0.939664
1642668766.912585 -0.277978 1.538881 0.126480 -0.117945 0.188193 -0.259290 -0.939916
1642668766.920918 -0.277304 1.538960 0.126901 -0.118124 0.187601 -0.258489 -0.940232
1642668766.929252 -0.276697 1.539105 0.127295 -0.118122 0.187450 -0.258362 -0.940297
1642668766.937585 -0.276047 1.539206 0.127713 -0.118409 0.186840 -0.257644 -0.940579
1642668766.945918 -0.275429 1.539349 0.128104 -0.118492 0.186390 -0.257376 -0.940732
1642668766.954252 -0.274774 1.539456 0.128527 -0.118802 0.185750 -0.256588 -0.941034
1642668766.962585 -0.274131 1.539577 0.128925 -0.118968 0.185390 -0.256225 -0.941183
1642668766.970918 -0.273469 1.539691 0.129320 -0.119105 0.185005 -0.255801 -0.941357
1642668766.979252 -0.272780 1.539781 0.129736 -0.119328 0.184467 -0.255009 -0.941649
1642668766.987585 -0.272102 1.539885 0.130126 -0.119480 0.184028 -0.254615 -0.941822
1642668766.995918 -0.271392 1.539963 0.130532 -0.119761 0.183427 -0.253846 -0.942111
1642668767.004252 -0.270669 1.540047 0.130946 -0.119916 0.182943 -0.253091 -0.942389
1642668767.012585 -0.269947 1.540138 0.131348 -0.120059 0.182423 -0.252415 -0.942653
1642668767.020918 -0.269210 1.540229 0.131740 -0.120218 0.181985 -0.251779 -0.942887
1642668767.029252 -0.268466 1.540308 0.132132 -0.120444 0.181628 -0.251104 -0.943107
1642668767.037585 -0.267695 1.540372 0.132523 -0.120593 0.181312 -0.250430 -0.943328
1642668767.045918 -0.266921 1.540430 0.132904 -0.120769 0.180971 -0.249762 -0.943548
1642668767.054252 -0.266132 1.540484 0.133282 -0.121012 0.180545 -0.249020 -0.943795
1642668767.062585 -0.265353 1.540553 0.133667 -0.121166 0.180244 -0.248361 -0.944006
1642668767.070918 -0.264567 1.540602 0.134040 -0.121316 0.180089 -0.247812 -0.944161
1642668767.079252 -0.263734 1.540639 0.134418 -0.121548 0.179663 -0.247030 -0.944417
1642668767.087585 -0.262926 1.540701 0.134789 -0.121748 0.179314 -0.246249 -0.944662
1642668767.095918 -0.262085 1.540742 0.135164 -0.121930 0.179078 -0.245525 -0.944871
1642668767.104252 -0.261238 1.540785 0.135539 -0.122087 0.178899 -0.244781 -0.945078
1642668767.112585 -0.260412 1.540851 0.135913 -0.122282 0.178700 -0.243960 -0.945303
1642668767.120918 -0.259550 1.540892 0.136285 -0.122414 0.178482 -0.243105 -0.945547
1642668767.129252 -0.258683 1.540929 0.136653 -0.122607 0.178277 -0.242328 -0.945760
1642668767.137585 -0.257852 1.540988 0.137044 -0.122927 0.177843 -0.241551 -0.945999
1642668767.145918 -0.256986 1.541021 0.137423 -0.123209 0.177497 -0.240781 -0.946224
1642668767.154252 -0.256118 1.541056 0.137802 -0.123416 0.177129 -0.240013 -0.946461
1642668767.162585 -0.255247 1.541093 0.138182 -0.123507 0.177120 -0.239431 -0.946598
1642668767.170918 -0.254392 1.541140 0.138578 -0.123704 0.176840 -0.238796 -0.946785
1642668767.179252 -0.253538 1.541183 0.138981 -0.123910 0.176460 -0.238102 -0.947004
1642668767.187585 -0.252693 1.541235 0.139396 -0.124195 0.175937 -0.237447 -0.947228
1642668767.195918 -0.251833 1.541288 0.139846 -0.124488 0.175751 -0.236882 -0.947365
1642668767.204252 -0.250997 1.541347 0.140256 -0.124673 0.174996 -0.236201 -0.947651
1642668767.212585 -0.250179 1.541424 0.140691 -0.124906 0.174295 -0.235657 -0.947885
1642668767.220918 -0.249327 1.541474 0.141154 -0.125184 0.173908 -0.235123 -0.948052
1642668767.229252 -0.248489 1.541552 0.141617 -0.125437 0.173289 -0.234586 -0.948265
1642668767.237585 -0.247688 1.541625 0.142053 -0.125719 0.172246 -0.234030 -0.948555
1642668767.245918 -0.246834 1.541673 0.142506 -0.126033 0.171240 -0.233410 -0.948848
1642668767.254252 -0.245988 1.541737 0.142998 -0.126337 0.170741 -0.232862 -0.949032
1642668767.262585 -0.245128 1.541775 0.143472 -0.126596 0.170259 -0.232362 -0.949207
1642668767.270918 -0.244286 1.541822 0.143924 -0.126850 0.169265 -0.231792 -0.949490
1642668767.279252 -0.243451 1.541881 0.144410 -0.127121 0.168411 -0.231176 -0.949756
1642668767.287585 -0.242581 1.541896 0.144907 -0.127323 0.168291 -0.230815 -0.949838
1642668767.295918 -0.241726 1.541920 0.145379 -0.127534 0.167356 -0.230221 -0.950119
1642668767.304252 -0.240890 1.541959 0.145875 -0.127878 0.166541 -0.229690 -0.950344
1642668767.312585 -0.240015 1.541963 0.146406 -0.128178 0.166167 -0.229216 -0.950484
1642668767.320918 -0.239161 1.541985 0.146933 -0.128520 0.165531 -0.228618 -0.950692
1642668767.329252 -0.238310 1.541985 0.147427 -0.128842 0.164727 -0.228043 -0.950927
1642668767.337585 -0.237452 1.541976 0.147981 -0.129335 0.164189 -0.227449 -0.951095
1642668767.345918 -0.236572 1.541964 0.148543 -0.129788 0.163496 -0.226755 -0.951318
1642668767.354252 -0.235701 1.541940 0.149094 -0.130203 0.162949 -0.226091 -0.951513
1642668767.362585 -0.234813 1.541881 0.149647 -0.130605 0.162470 -0.225489 -0.951683
1642668767.370918 -0.233930 1.541844 0.150213 -0.130936 0.162216 -0.224962 -0.951806
1642668767.379252 -0.233052 1.541788 0.150784 -0.131381 0.161875 -0.224439 -0.951926
1642668767.387585 -0.232161 1.541713 0.151370 -0.131878 0.161295 -0.223758 -0.952116
1642668767.395918 -0.231272 1.541626 0.151961 -0.132365 0.160771 -0.223174 -0.952274
1642668767.404252 -0.230388 1.541516 0.152566 -0.132967 0.160132 -0.222513 -0.952452
1642668767.412585 -0.229515 1.541433 0.153190 -0.133514 0.159552 -0.221827 -0.952633
1642668767.420918 -0.228630 1.541330 0.153820 -0.133996 0.159104 -0.221260 -0.952772
1642668767.429252 -0.227738 1.541209 0.154460 -0.134617 0.158521 -0.220600 -0.952935
1642668767.437585 -0.226838 1.541073 0.155105 -0.135117 0.158210 -0.220046 -0.953044
1642668767.445918 -0.225952 1.540917 0.155757 -0.135673 0.157701 -0.219508 -0.953173
1642668767.454252 -0.225084 1.540783 0.156437 -0.136289 0.157074 -0.218917 -0.953325
1642668767.462585 -0.224226 1.540650 0.157145 -0.136965 0.156222 -0.218310 -0.953507
1642668767.470918 -0.223354 1.540494 0.157846 -0.137566 0.155465 -0.217759 -0.953671
1642668767.479252 -0.222493 1.540350 0.158564 -0.138240 0.154734 -0.217142 -0.953833
1642668767.487585 -0.221616 1.540181 0.159289 -0.138881 0.154165 -0.216670 -0.953939
1642668767.495918 -0.220743 1.540024 0.160014 -0.139403 0.153898 -0.216147 -0.954025
1642668767.504252 -0.219869 1.539848 0.160754 -0.140024 0.153306 -0.215516 -0.954172
1642668767.512585 -0.219011 1.539691 0.161518 -0.140744 0.152640 -0.214903 -0.954311
1642668767.520918 -0.218149 1.539524 0.162288 -0.141441 0.152058 -0.214303 -0.954436
1642668767.529252 -0.217294 1.539350 0.163070 -0.142314 0.151256 -0.213679 -0.954573
1642668767.537585 -0.216422 1.539183 0.163851 -0.143072 0.150573 -0.212990 -0.954722
1642668767.545918 -0.215550 1.539024 0.164634 -0.143759 0.150112 -0.212360 -0.954831
1642668767.554252 -0.214653 1.538863 0.165405 -0.144336 0.149950 -0.211824 -0.954889
1642668767.562585 -0.213751 1.538699 0.166192 -0.145020 0.149629 -0.211175 -0.954979
1642668767.570918 -0.212872 1.538544 0.166956 -0.145649 0.149315 -0.210726 -0.955032
1642668767.579252 -0.211962 1.538385 0.167777 -0.146572 0.148690 -0.209696 -0.955215
1642668767.587585 -0.211033 1.538211 0.168578 -0.147322 0.148350 -0.208963 -0.955313
1642668767.595918 -0.210121 1.538073 0.169398 -0.148064 0.147988 -0.208187 -0.955424
1642668767.604252 -0.209186 1.537916 0.170210 -0.148750 0.147959 -0.207491 -0.955473
1642668767.612585 -0.208248 1.537767 0.171036 -0.149557 0.147592 -0.206783 -0.955558
1642668767.620918 -0.207313 1.537628 0.171867 -0.150361 0.147222 -0.206067 -0.955643
1642668767.629252 -0.206369 1.537497 0.172706 -0.151173 0.146782 -0.205334 -0.955740
1642668767.637585 -0.205424 1.537376 0.173561 -0.152058 0.146051 -0.204525 -0.955885
1642668767.645918 -0.204450 1.537232 0.174400 -0.152853 0.145561 -0.203762 -0.955996
1642668767.654252 -0.203461 1.537118 0.175246 -0.153525 0.145379 -0.203105 -0.956056
1642668767.662585 -0.202458 1.536986 0.176085 -0.154276 0.145070 -0.202443 -0.956123
1642668767.670918 -0.201444 1.536878 0.176950 -0.155092 0.144520 -0.201696 -0.956232
1642668767.679252 -0.200405 1.536736 0.177806 -0.155818 0.144093 -0.200945 -0.956336
1642668767.687585 -0.199357 1.536621 0.178685 -0.156656 0.143479 -0.200083 -0.956473
1642668767.695918 -0.198291 1.536493 0.179553 -0.157434 0.142930 -0.199247 -0.956601
1642668767.704252 -0.197211 1.536361 0.180426 -0.158386 0.142057 -0.198338 -0.956763
1642668767.712585 -0.196097 1.536227 0.181286 -0.159147 0.141590 -0.197571 -0.956865
1642668767.720918 -0.194985 1.536100 0.182149 -0.159924 0.140959 -0.196757 -0.956996
1642668767.729252 -0.193866 1.535980 0.183025 -0.160685 0.140183 -0.195980 -0.957142
1642668767.737585 -0.192812 1.535870 0.183920 -0.161964 0.138124 -0.194832 -0.957460
1642668767.745918 -0.191707 1.535752 0.184800 -0.162880 0.136845 -0.194058 -0.957646
1642668767.754252 -0.190567 1.535631 0.185664 -0.163450 0.136466 -0.193517 -0.957712
1642668767.762585 -0.189443 1.535511 0.186549 -0.164085 0.135593 -0.192867 -0.957859
1642668767.770918 -0.188314 1.535390 0.187439 -0.164782 0.134608 -0.192189 -0.958014
1642668767.779252 -0.187191 1.535268 0.188314 -0.165489 0.133542 -0.191615 -0.958156
1642668767.787585 -0.186065 1.535154 0.189204 -0.166159 0.132511 -0.191016 -0.958303
1642668767.795918 -0.184947 1.535042 0.190102 -0.166746 0.131412 -0.190365 -0.958482
1642668767.804252 -0.183825 1.534935 0.191006 -0.167376 0.130206 -0.189678 -0.958673
1642668767.812585 -0.182712 1.534831 0.191906 -0.168005 0.128990 -0.189098 -0.958842
1642668767.820918 -0.181597 1.534733 0.192817 -0.168695 0.127796 -0.188475 -0.959004
1642668767.829252 -0.180495 1.534629 0.193736 -0.169335 0.126534 -0.187884 -0.959174
1642668767.837585 -0.179398 1.534519 0.194659 -0.170013 0.125318 -0.187280 -0.959332
1642668767.845918 -0.178307 1.534409 0.195600 -0.170749 0.123870 -0.186590 -0.959523
1642668767.854252 -0.177223 1.534297 0.196536 -0.171479 0.122544 -0.186028 -0.959673
1642668767.862585 -0.176133 1.534182 0.197460 -0.172140 0.121425 -0.185483 -0.959802
1642668767.870918 -0.175058 1.534070 0.198404 -0.172884 0.120242 -0.184900 -0.959930
1642668767.879252 -0.173995 1.533955 0.199356 -0.173609 0.119066 -0.184301 -0.960061
1642668767.887585 -0.172928 1.533846 0.200323 -0.174531 0.117718 -0.183607 -0.960193
1642668767.895918 -0.171867 1.533726 0.201273 -0.175207 0.116723 -0.183057 -0.960296
1642668767.904252 -0.170813 1.533596 0.202235 -0.176045 0.115425 -0.182317 -0.960441
1642668767.912585 -0.169756 1.533457 0.203193 -0.176832 0.114297 -0.181636 -0.960560
1642668767.920918 -0.168684 1.533307 0.204146 -0.177550 0.113441 -0.180943 -0.960660
1642668767.929252 -0.167624 1.533139 0.205104 -0.178320 0.112465 -0.180235 -0.960765
1642668767.937585 -0.166569 1.532948 0.206075 -0.179187 0.111443 -0.179507 -0.960859
1642668767.945918 -0.165500 1.532738 0.207033 -0.180004 0.110650 -0.178826 -0.960925
1642668767.954252 -0.164425 1.532503 0.207999 -0.180810 0.109869 -0.178074 -0.961003
1642668767.962585 -0.163354 1.532254 0.208970 -0.181680 0.109054 -0.177315 -0.961072
1642668767.970918 -0.162270 1.531981 0.209947 -0.182632 0.108280 -0.176529 -0.961124
1642668767.979252 -0.161186 1.531679 0.210928 -0.183612 0.107414 -0.175728 -0.961181
1642668767.987585 -0.160090 1.531362 0.211911 -0.184629 0.106744 -0.174854 -0.961220
1642668767.995918 -0.158992 1.531013 0.212901 -0.185537 0.106165 -0.174107 -0.961245
1642668768.004252 -0.157885 1.530643 0.213896 -0.186585 0.105478 -0.173272 -0.961268
1642668768.012585 -0.156782 1.530259 0.214910 -0.187657 0.104751 -0.172402 -0.961296
1642668768.020918 -0.155679 1.529863 0.215931 -0.188746 0.104001 -0.171499 -0.961326
1642668768.029252 -0.154605 1.529505 0.217004 -0.189355 0.103132 -0.170307 -0.961511
1642668768.037585 -0.153514 1.529101 0.218057 -0.190319 0.102350 -0.169380 -0.961568
1642668768.045918 -0.152415 1.528687 0.219115 -0.191443 0.101487 -0.168531 -0.961586
1642668768.054252 -0.151324 1.528270 0.220173 -0.192593 0.100670 -0.167747 -0.961579
1642668768.062585 -0.150231 1.527849 0.221245 -0.193733 0.099743 -0.166941 -0.961587
1642668768.070918 -0.149151 1.527439 0.222322 -0.194890 0.098903 -0.166209 -0.961567
1642668768.079252 -0.148071 1.527036 0.223414 -0.196105 0.097924 -0.165431 -0.961554
1642668768.087585 -0.147000 1.526628 0.224504 -0.197267 0.097029 -0.164729 -0.961528
1642668768.095918 -0.145879 1.526215 0.225582 -0.198676 0.096052 -0.164473 -0.961380
1642668768.104252 -0.144808 1.525819 0.226679 -0.199884 0.095047 -0.163854 -0.961335
1642668768.112585 -0.143749 1.525427 0.227794 -0.200967 0.094056 -0.163079 -0.961338
1642668768.120918 -0.142685 1.525014 0.228875 -0.201700 0.093686 -0.162516 -0.961316
1642668768.129252 -0.141642 1.524642 0.230002 -0.202902 0.092378 -0.161621 -0.961341
1642668768.137585 -0.140601 1.524261 0.231112 -0.203968 0.091253 -0.160787 -0.961362
1642668768.145918 -0.139555 1.523888 0.232210 -0.205036 0.090308 -0.160028 -0.961351
1642668768.154252 -0.138473 1.523470 0.233289 -0.205563 0.090393 -0.159567 -0.961307
1642668768.162585 -0.137456 1.523121 0.234398 -0.206870 0.088792 -0.158564 -0.961342
1642668768.170918 -0.136440 1.522699 0.235450 -0.208460 0.087646 -0.157573 -0.961267
1642668768.179252 -0.135384 1.522274 0.236481 -0.209337 0.087311 -0.157033 -0.961195
1642668768.187585 -0.134336 1.521858 0.237517 -0.210259 0.086180 -0.156196 -0.961232
1642668768.195918 -0.133313 1.521469 0.238587 -0.211474 0.085095 -0.155540 -0.961169
1642668768.204252 -0.132281 1.521057 0.239623 -0.212516 0.084135 -0.154987 -0.961113
1642668768.212585 -0.131243 1.520624 0.240636 -0.213428 0.083159 -0.154447 -0.961082
1642668768.220918 -0.130210 1.520173 0.241628 -0.214335 0.082196 -0.153951 -0.961043
1642668768.229252 -0.129157 1.519689 0.242595 -0.214997 0.081652 -0.153633 -0.960992
1642668768.237585 -0.128133 1.519219 0.243577 -0.216055 0.080348 -0.153066 -0.960955
1642668768.245918 -0.127081 1.518700 0.244531 -0.216837 0.079535 -0.152755 -0.960896
1642668768.254252 -0.126033 1.518162 0.245484 -0.217587 0.078911 -0.152518 -0.960816
1642668768.262585 -0.124997 1.517627 0.246441 -0.218498 0.077788 -0.152127 -0.960763
1642668768.270918 -0.123982 1.517081 0.247370 -0.219425 0.076131 -0.151605 -0.960767
1642668768.279252 -0.122975 1.516543 0.248310 -0.220319 0.075132 -0.151459 -0.960664
1642668768.287585 -0.121976 1.515996 0.249242 -0.221191 0.073850 -0.151164 -0.960609
1642668768.295918 -0.120979 1.515439 0.250157 -0.222101 0.072466 -0.150821 -0.960559
1642668768.304252 -0.120003 1.514877 0.251059 -0.222960 0.071245 -0.150553 -0.960493
1642668768.312585 -0.119026 1.514300 0.251960 -0.223808 0.069990 -0.150172 -0.960448
1642668768.320918 -0.118072 1.513722 0.252852 -0.224620 0.068861 -0.149863 -0.960388
1642668768.329252 -0.117125 1.513141 0.253739 -0.225478 0.067697 -0.149454 -0.960334
1642668768.337585 -0.116192 1.512548 0.254633 -0.226317 0.066657 -0.149143 -0.960257
1642668768.345918 -0.115272 1.511965 0.255514 -0.227162 0.065659 -0.148829 -0.960175
1642668768.354252 -0.114368 1.511379 0.256401 -0.228039 0.064656 -0.148533 -0.960081
1642668768.362585 -0.113483 1.510782 0.257289 -0.228892 0.063709 -0.148239 -0.959987
1642668768.370918 -0.112614 1.510178 0.258174 -0.229791 0.062813 -0.148008 -0.959867
1642668768.379252 -0.111761 1.509574 0.259060 -0.230676 0.061980 -0.147738 -0.959750
1642668768.387585 -0.110919 1.508961 0.259955 -0.231621 0.061098 -0.147406 -0.959630
1642668768.395918 -0.110069 1.508323 0.260816 -0.232334 0.060367 -0.147024 -0.959563
1642668768.404252 -0.109251 1.507701 0.261712 -0.233234 0.059827 -0.146704 -0.959427
1642668768.412585 -0.108435 1.507085 0.262628 -0.234301 0.059188 -0.146316 -0.959266
1642668768.420918 -0.107631 1.506473 0.263549 -0.235268 0.058826 -0.146011 -0.959098
1642668768.429252 -0.106844 1.505860 0.264476 -0.236244 0.058431 -0.145603 -0.958945
1642668768.437585 -0.106054 1.505242 0.265408 -0.237351 0.057983 -0.145175 -0.958763
1642668768.445918 -0.105281 1.504611 0.266331 -0.238388 0.057587 -0.144758 -0.958593
1642668768.454252 -0.104512 1.503976 0.267265 -0.239385 0.057211 -0.144216 -0.958449
1642668768.462585 -0.103753 1.503331 0.268193 -0.240367 0.056862 -0.143750 -0.958294
1642668768.470918 -0.102997 1.502682 0.269120 -0.241408 0.056673 -0.143301 -0.958110
1642668768.479252 -0.102252 1.502034 0.270053 -0.242419 0.056534 -0.142854 -0.957930
1642668768.487585 -0.101544 1.501418 0.271039 -0.243995 0.055234 -0.142060 -0.957724
1642668768.495918 -0.100837 1.500787 0.272023 -0.245625 0.053938 -0.141258 -0.957500
1642668768.504252 -0.100080 1.500059 0.272934 -0.246537 0.054017 -0.140917 -0.957311
1642668768.512585 -0.099346 1.499362 0.273866 -0.247574 0.053822 -0.140593 -0.957102
1642668768.520918 -0.098618 1.498675 0.274801 -0.248555 0.053875 -0.140341 -0.956882
1642668768.529252 -0.097924 1.497998 0.275753 -0.249551 0.053649 -0.140058 -0.956677
1642668768.537585 -0.097240 1.497322 0.276708 -0.250736 0.053131 -0.139725 -0.956444
1642668768.545918 -0.096556 1.496641 0.277651 -0.251942 0.052583 -0.139413 -0.956203
1642668768.554252 -0.095891 1.495969 0.278594 -0.253035 0.051915 -0.139104 -0.955996
1642668768.562585 -0.095236 1.495298 0.279530 -0.254168 0.051293 -0.138855 -0.955765
1642668768.570918 -0.094587 1.494621 0.280467 -0.255302 0.050763 -0.138700 -0.955514
1642668768.579252 -0.093962 1.493953 0.281399 -0.256366 0.050171 -0.138572 -0.955279
1642668768.587585 -0.093340 1.493280 0.282318 -0.257460 0.049565 -0.138446 -0.955034
1642668768.595918 -0.092721 1.492606 0.283221 -0.258578 0.048796 -0.138257 -0.954799
1642668768.604252 -0.092109 1.491924 0.284122 -0.259689 0.047996 -0.138041 -0.954570
1642668768.612585 -0.091508 1.491227 0.285010 -0.260807 0.047198 -0.137879 -0.954328
1642668768.620918 -0.090918 1.490521 0.285887 -0.261909 0.046551 -0.137794 -0.954070
1642668768.629252 -0.090337 1.489821 0.286756 -0.263035 0.045853 -0.137670 -0.953812
1642668768.637585 -0.089764 1.489116 0.287613 -0.264100 0.045230 -0.137611 -0.953556
1642668768.645918 -0.089189 1.488408 0.288462 -0.265212 0.044535 -0.137514 -0.953294
1642668768.654252 -0.088631 1.487710 0.289299 -0.266227 0.043903 -0.137398 -0.953057
1642668768.662585 -0.088077 1.487011 0.290134 -0.267266 0.043299 -0.137277 -0.952811
1642668768.670918 -0.087527 1.486314 0.290947 -0.268315 0.042744 -0.137157 -0.952558
1642668768.679252 -0.086990 1.485621 0.291750 -0.269324 0.042355 -0.137044 -0.952308
1642668768.687585 -0.086462 1.484925 0.292522 -0.270352 0.042083 -0.136878 -0.952052
1642668768.695918 -0.085925 1.484218 0.293281 -0.271369 0.041830 -0.136557 -0.951820
1642668768.704252 -0.085393 1.483515 0.294009 -0.272343 0.041754 -0.136174 -0.951600
1642668768.712585 -0.084866 1.482806 0.294719 -0.273328 0.041747 -0.135796 -0.951372
1642668768.720918 -0.084350 1.482088 0.295411 -0.274341 0.041794 -0.135354 -0.951141
1642668768.729252 -0.083833 1.481368 0.296085 -0.275311 0.041938 -0.134932 -0.950915
1642668768.737585 -0.083316 1.480642 0.296749 -0.276280 0.041967 -0.134497 -0.950694
1642668768.745918 -0.082805 1.479914 0.297405 -0.277203 0.042025 -0.134103 -0.950478
1642668768.754252 -0.082297 1.479197 0.298051 -0.278179 0.041890 -0.133698 -0.950256
1642668768.762585 -0.081798 1.478477 0.298689 -0.279191 0.041787 -0.133334 -0.950015
1642668768.770918 -0.081296 1.477756 0.299312 -0.280211 0.041484 -0.132947 -0.949782
1642668768.779252 -0.080811 1.477054 0.299926 -0.281254 0.041207 -0.132617 -0.949532
1642668768.787585 -0.080329 1.476371 0.300548 -0.282239 0.040960 -0.132297 -0.949295
1642668768.795918 -0.079849 1.475709 0.301166 -0.283234 0.040659 -0.131966 -0.949058
1642668768.804252 -0.079394 1.475068 0.301772 -0.284237 0.040388 -0.131703 -0.948806
1642668768.812585 -0.078944 1.474453 0.302377 -0.285252 0.039912 -0.131389 -0.948565
1642668768.820918 -0.078502 1.473863 0.302986 -0.286326 0.039304 -0.131048 -0.948314
1642668768.829252 -0.078078 1.473300 0.303587 -0.287268 0.038693 -0.130784 -0.948090
1642668768.837585 -0.077676 1.472767 0.304173 -0.288221 0.038084 -0.130587 -0.947853
1642668768.845918 -0.077284 1.472252 0.304761 -0.289209 0.037500 -0.130400 -0.947601
1642668768.854252 -0.076901 1.471763 0.305336 -0.290186 0.036886 -0.130211 -0.947353
1642668768.862585 -0.076533 1.471297 0.305891 -0.291130 0.036389 -0.130040 -0.947106
1642668768.870918 -0.076173 1.470846 0.306432 -0.292038 0.036004 -0.129896 -0.946860
1642668768.879252 -0.075816 1.470411 0.306950 -0.292876 0.035581 -0.129654 -0.946651
1642668768.887585 -0.075469 1.469994 0.307447 -0.293734 0.035238 -0.129311 -0.946445
1642668768.895918 -0.075131 1.469590 0.307937 -0.294610 0.034939 -0.128942 -0.946234
1642668768.904252 -0.074795 1.469202 0.308403 -0.295402 0.034720 -0.128564 -0.946046
1642668768.912585 -0.074458 1.468824 0.308850 -0.296156 0.034599 -0.128160 -0.945870
1642668768.920918 -0.074135 1.468462 0.309275 -0.296964 0.034414 -0.127715 -0.945683
1642668768.929252 -0.073818 1.468114 0.309679 -0.297692 0.034409 -0.127213 -0.945522
1642668768.937585 -0.073503 1.467789 0.310057 -0.298376 0.034406 -0.126674 -0.945379
1642668768.945918 -0.073198 1.467486 0.310403 -0.299027 0.034589 -0.126186 -0.945232
1642668768.954252 -0.072898 1.467187 0.310722 -0.299637 0.034856 -0.125632 -0.945103
1642668768.962585 -0.072593 1.466889 0.311010 -0.300218 0.035239 -0.125070 -0.944979
1642668768.970918 -0.072289 1.466597 0.311270 -0.300791 0.035746 -0.124552 -0.944846
1642668768.979252 -0.071978 1.466304 0.311511 -0.301320 0.036203 -0.123981 -0.944735
1642668768.987585 -0.071670 1.466027 0.311729 -0.301849 0.036624 -0.123368 -0.944630
1642668768.995918 -0.071358 1.465765 0.311931 -0.302388 0.037119 -0.122824 -0.944509
1642668769.004252 -0.071012 1.465490 0.312100 -0.302944 0.037100 -0.121874 -0.944455
1642668769.012585 -0.070677 1.465254 0.312259 -0.303480 0.037270 -0.121140 -0.944371
1642668769.020918 -0.070356 1.465057 0.312407 -0.303958 0.037569 -0.120532 -0.944283
1642668769.029252 -0.070038 1.464884 0.312539 -0.304360 0.037781 -0.119949 -0.944219
1642668769.037585 -0.069727 1.464741 0.312662 -0.304704 0.037784 -0.119348 -0.944184
1642668769.045918 -0.069392 1.464581 0.312719 -0.305542 0.037843 -0.119112 -0.943941
1642668769.054252 -0.069083 1.464480 0.312809 -0.305953 0.037849 -0.118716 -0.943857
1642668769.062585 -0.068786 1.464418 0.312902 -0.306141 0.037788 -0.118241 -0.943859
1642668769.070918 -0.068494 1.464382 0.312984 -0.306371 0.037579 -0.117778 -0.943850
1642668769.079252 -0.068209 1.464364 0.313060 -0.306522 0.037335 -0.117335 -0.943866
1642668769.087585 -0.067931 1.464370 0.313119 -0.306662 0.037117 -0.116999 -0.943871
1642668769.095918 -0.067658 1.464401 0.313168 -0.306742 0.036890 -0.116738 -0.943886
1642668769.104252 -0.067403 1.464448 0.313203 -0.306828 0.036606 -0.116467 -0.943903
1642668769.112585 -0.067158 1.464516 0.313222 -0.306926 0.036246 -0.116200 -0.943917
1642668769.120918 -0.066917 1.464601 0.313231 -0.306914 0.035978 -0.116023 -0.943953
1642668769.129252 -0.066692 1.464701 0.313221 -0.306888 0.035713 -0.115825 -0.943996
1642668769.137585 -0.066480 1.464819 0.313196 -0.306867 0.035384 -0.115662 -0.944036
1642668769.145918 -0.066280 1.464951 0.313154 -0.306755 0.035052 -0.115512 -0.944103
1642668769.154252 -0.066083 1.465094 0.313099 -0.306685 0.034682 -0.115389 -0.944154
1642668769.162585 -0.065898 1.465235 0.313026 -0.306543 0.034313 -0.115258 -0.944229
1642668769.170918 -0.065727 1.465377 0.312946 -0.306417 0.033882 -0.115113 -0.944304
1642668769.179252 -0.065558 1.465521 0.312849 -0.306277 0.033535 -0.114985 -0.944377
1642668769.187585 -0.065401 1.465662 0.312744 -0.306102 0.033152 -0.114819 -0.944468
1642668769.195918 -0.065258 1.465806 0.312627 -0.305930 0.032793 -0.114692 -0.944551
1642668769.204252 -0.065125 1.465945 0.312502 -0.305791 0.032402 -0.114522 -0.944631
1642668769.212585 -0.065003 1.466071 0.312370 -0.305679 0.032084 -0.114422 -0.944690
1642668769.220918 -0.064896 1.466191 0.312238 -0.305533 0.031852 -0.114347 -0.944754
1642668769.229252 -0.064800 1.466311 0.312099 -0.305374 0.031559 -0.114245 -0.944827
1642668769.237585 -0.064727 1.466424 0.311945 -0.305233 0.031418 -0.114185 -0.944885
1642668769.245918 -0.064663 1.466532 0.311789 -0.305081 0.031219 -0.114117 -0.944949
1642668769.254252 -0.064613 1.466639 0.311634 -0.304936 0.031051 -0.114014 -0.945014
1642668769.262585 -0.064582 1.466737 0.311471 -0.304783 0.030926 -0.113928 -0.945077
1642668769.270918 -0.064567 1.466831 0.311308 -0.304623 0.030789 -0.113808 -0.945148
1642668769.279252 -0.064570 1.466924 0.311147 -0.304507 0.030677 -0.113770 -0.945193
1642668769.287585 -0.064595 1.467012 0.310987 -0.304382 0.030593 -0.113755 -0.945238
1642668769.295918 -0.064637 1.467102 0.310825 -0.304262 0.030483 -0.113695 -0.945288
1642668769.304252 -0.064697 1.467190 0.310662 -0.304107 0.030412 -0.113653 -0.945345
1642668769.312585 -0.064779 1.467280 0.310492 -0.303973 0.030480 -0.113661 -0.945385
1642668769.320918 -0.064880 1.467369 0.310322 -0.303841 0.030618 -0.113662 -0.945423
1642668769.329252 -0.065005 1.467456 0.310148 -0.303677 0.030745 -0.113706 -0.945466
1642668769.337585 -0.065145 1.467537 0.309961 -0.303562 0.030874 -0.113754 -0.945493
1642668769.345918 -0.065309 1.467621 0.309772 -0.303429 0.030945 -0.113812 -0.945526
1642668769.354252 -0.065494 1.467705 0.309588 -0.303276 0.031036 -0.113950 -0.945556
1642668769.362585 -0.065693 1.467793 0.309395 -0.303124 0.031193 -0.114143 -0.945576
1642668769.370918 -0.065912 1.467885 0.309199 -0.302925 0.031284 -0.114330 -0.945614
1642668769.379252 -0.066142 1.467980 0.309003 -0.302749 0.031393 -0.114540 -0.945642
1642668769.387585 -0.066382 1.468076 0.308806 -0.302523 0.031491 -0.114772 -0.945683
1642668769.395918 -0.066641 1.468175 0.308600 -0.302301 0.031621 -0.115038 -0.945717
1642668769.404252 -0.066918 1.468276 0.308386 -0.302055 0.031719 -0.115284 -0.945762
1642668769.412585 -0.067207 1.468374 0.308166 -0.301829 0.031749 -0.115553 -0.945801
1642668769.420918 -0.067500 1.468466 0.307938 -0.301608 0.031860 -0.115896 -0.945826
1642668769.429252 -0.067835 1.468598 0.307751 -0.300848 0.031817 -0.115943 -0.946063
1642668769.437585 -0.068166 1.468701 0.307517 -0.300442 0.031845 -0.116158 -0.946165
1642668769.445918 -0.068495 1.468785 0.307260 -0.300216 0.031939 -0.116533 -0.946187
1642668769.454252 -0.068827 1.468864 0.306986 -0.299951 0.032057 -0.116937 -0.946218
1642668769.462585 -0.069167 1.468941 0.306698 -0.299678 0.032177 -0.117294 -0.946256
1642668769.470918 -0.069514 1.469022 0.306399 -0.299361 0.032304 -0.117623 -0.946311
1642668769.479252 -0.069865 1.469101 0.306094 -0.299067 0.032383 -0.117917 -0.946365
1642668769.487585 -0.070221 1.469179 0.305779 -0.298831 0.032492 -0.118224 -0.946397
1642668769.495918 -0.070595 1.469265 0.305464 -0.298484 0.032798 -0.118566 -0.946453
1642668769.504252 -0.070980 1.469356 0.305138 -0.298169 0.032966 -0.118886 -0.946506
1642668769.512585 -0.071372 1.469452 0.304800 -0.297820 0.033233 -0.119280 -0.946558
1642668769.520918 -0.071766 1.469558 0.304462 -0.297494 0.033470 -0.119684 -0.946601
1642668769.529252 -0.072169 1.469665 0.304120 -0.297200 0.033560 -0.120084 -0.946639
1642668769.537585 -0.072576 1.469776 0.303774 -0.296922 0.033744 -0.120541 -0.946662
1642668769.545918 -0.072989 1.469892 0.303419 -0.296581 0.033950 -0.121027 -0.946699
1642668769.554252 -0.073406 1.470009 0.303069 -0.296259 0.034159 -0.121471 -0.946736
1642668769.562585 -0.073831 1.470139 0.302714 -0.295916 0.034313 -0.121878 -0.946785
1642668769.570918 -0.074257 1.470269 0.302354 -0.295557 0.034503 -0.122292 -0.946837
1642668769.579252 -0.074690 1.470408 0.301989 -0.295216 0.034627 -0.122722 -0.946883
1642668769.587585 -0.075118 1.470553 0.301621 -0.294883 0.034758 -0.123188 -0.946922
1642668769.595918 -0.075552 1.470701 0.301247 -0.294540 0.034890 -0.123650 -0.946963
1642668769.604252 -0.075983 1.470846 0.300862 -0.294214 0.035009 -0.124034 -0.947010
1642668769.612585 -0.076414 1.470996 0.300470 -0.293872 0.035216 -0.124406 -0.947060
1642668769.620918 -0.076848 1.471147 0.300065 -0.293546 0.035458 -0.124775 -0.947103
1642668769.629252 -0.077287 1.471302 0.299649 -0.293138 0.035774 -0.125158 -0.947167
1642668769.637585 -0.077724 1.471470 0.299223 -0.292768 0.036081 -0.125508 -0.947224
1642668769.645918 -0.078163 1.471639 0.298781 -0.292378 0.036416 -0.125831 -0.947288
1642668769.654252 -0.078605 1.471805 0.298323 -0.291976 0.036756 -0.126127 -0.947360
1642668769.662585 -0.079079 1.472005 0.297872 -0.291460 0.037706 -0.126817 -0.947389
1642668769.670918 -0.079529 1.472177 0.297403 -0.290962 0.038281 -0.127224 -0.947465
1642668769.679252 -0.079968 1.472332 0.296918 -0.290487 0.038668 -0.127442 -0.947566
1642668769.687585 -0.080417 1.472480 0.296421 -0.290035 0.039072 -0.127705 -0.947652
1642668769.695918 -0.080859 1.472620 0.295926 -0.289588 0.039536 -0.128014 -0.947728
1642668769.704252 -0.081304 1.472759 0.295438 -0.289153 0.039896 -0.128358 -0.947799
1642668769.712585 -0.081757 1.472894 0.294942 -0.288656 0.040252 -0.128739 -0.947884
1642668769.720918 -0.082213 1.473017 0.294432 -0.288227 0.040583 -0.129127 -0.947948
1642668769.729252 -0.082676 1.473140 0.293926 -0.287831 0.040945 -0.129563 -0.947993
1642668769.737585 -0.083141 1.473262 0.293421 -0.287382 0.041233 -0.129983 -0.948059
1642668769.745918 -0.083606 1.473387 0.292914 -0.286900 0.041653 -0.130493 -0.948116
1642668769.754252 -0.084070 1.473516 0.292407 -0.286425 0.041978 -0.130984 -0.948178
1642668769.762585 -0.084541 1.473649 0.291905 -0.285976 0.042282 -0.131443 -0.948237
1642668769.770918 -0.085016 1.473774 0.291403 -0.285468 0.042634 -0.131950 -0.948304
1642668769.779252 -0.085494 1.473905 0.290911 -0.284975 0.042930 -0.132422 -0.948373
1642668769.787585 -0.085977 1.474043 0.290429 -0.284511 0.043216 -0.132871 -0.948436
1642668769.795918 -0.086461 1.474188 0.289955 -0.283999 0.043446 -0.133304 -0.948518
1642668769.804252 -0.086953 1.474325 0.289469 -0.283513 0.043764 -0.133819 -0.948577
1642668769.812585 -0.087447 1.474464 0.288988 -0.283118 0.043956 -0.134269 -0.948622
1642668769.820918 -0.087944 1.474601 0.288504 -0.282669 0.044259 -0.134732 -0.948676
1642668769.829252 -0.088444 1.474740 0.288020 -0.282239 0.044600 -0.135184 -0.948724
1642668769.837585 -0.088950 1.474880 0.287536 -0.281758 0.044924 -0.135631 -0.948788
1642668769.845918 -0.089459 1.475027 0.287050 -0.281278 0.045375 -0.136066 -0.948846
1642668769.854252 -0.089969 1.475180 0.286559 -0.280829 0.045916 -0.136447 -0.948899
1642668769.862585 -0.090486 1.475333 0.286071 -0.280442 0.046340 -0.136758 -0.948948
1642668769.870918 -0.091016 1.475497 0.285584 -0.279964 0.046884 -0.137099 -0.949013
1642668769.879252 -0.091550 1.475670 0.285099 -0.279489 0.047503 -0.137432 -0.949074
1642668769.887585 -0.092089 1.475841 0.284602 -0.279045 0.048089 -0.137700 -0.949136
1642668769.895918 -0.092635 1.476015 0.284095 -0.278569 0.048677 -0.138042 -0.949197
1642668769.904252 -0.093191 1.476196 0.283589 -0.278088 0.049393 -0.138450 -0.949241
1642668769.912585 -0.093753 1.476380 0.283071 -0.277599 0.050176 -0.138809 -0.949291
1642668769.920918 -0.094317 1.476572 0.282547 -0.277099 0.050848 -0.139097 -0.949359
1642668769.929252 -0.094888 1.476767 0.282014 -0.276525 0.051657 -0.139456 -0.949430
1642668769.937585 -0.095458 1.476963 0.281470 -0.276018 0.052498 -0.139811 -0.949479
1642668769.945918 -0.096031 1.477161 0.280918 -0.275491 0.053355 -0.140115 -0.949540
1642668769.954252 -0.096596 1.477360 0.280360 -0.274893 0.054221 -0.140397 -0.949622
1642668769.962585 -0.097165 1.477569 0.279786 -0.274312 0.055064 -0.140656 -0.949704
1642668769.970918 -0.097739 1.477776 0.279198 -0.273759 0.055942 -0.140961 -0.949767
1642668769.979252 -0.098309 1.477994 0.278597 -0.273168 0.056904 -0.141283 -0.949832
1642668769.987585 -0.098873 1.478229 0.277990 -0.272544 0.057718 -0.141607 -0.949914
1642668769.995918 -0.099440 1.478471 0.277371 -0.271953 0.058508 -0.141942 -0.949985
1642668770.004252 -0.100009 1.478718 0.276729 -0.271322 0.059341 -0.142324 -0.950056
1642668770.012585 -0.100569 1.478974 0.276080 -0.270699 0.060081 -0.142651 -0.950138
1642668770.020918 -0.101126 1.479242 0.275421 -0.270009 0.060718 -0.142976 -0.950245
1642668770.029252 -0.101676 1.479514 0.274754 -0.269265 0.061358 -0.143327 -0.950363
1642668770.037585 -0.102224 1.479796 0.274064 -0.268507 0.061974 -0.143715 -0.950478
1642668770.045918 -0.102757 1.480091 0.273369 -0.267783 0.062545 -0.144091 -0.950588
1642668770.054252 -0.103291 1.480390 0.272670 -0.267067 0.063014 -0.144486 -0.950699
1642668770.062585 -0.103825 1.480709 0.271964 -0.266307 0.063492 -0.144928 -0.950813
1642668770.070918 -0.104353 1.481044 0.271250 -0.265514 0.063920 -0.145284 -0.950952
1642668770.079252 -0.104873 1.481383 0.270522 -0.264675 0.064276 -0.145706 -0.951097
1642668770.087585 -0.105393 1.481736 0.269786 -0.263832 0.064525 -0.146111 -0.951252
1642668770.095918 -0.105904 1.482085 0.269033 -0.263016 0.064764 -0.146561 -0.951393
1642668770.104252 -0.106413 1.482449 0.268262 -0.262233 0.064956 -0.147021 -0.951525
1642668770.112585 -0.106929 1.482825 0.267487 -0.261352 0.065088 -0.147516 -0.951682
1642668770.120918 -0.107439 1.483205 0.266710 -0.260475 0.065224 -0.148037 -0.951832
1642668770.129252 -0.107944 1.483583 0.265914 -0.259633 0.065443 -0.148620 -0.951956
1642668770.137585 -0.108454 1.483963 0.265102 -0.258786 0.065585 -0.149159 -0.952092
1642668770.145918 -0.108961 1.484346 0.264285 -0.257827 0.065712 -0.149689 -0.952261
1642668770.154252 -0.109468 1.484727 0.263448 -0.256872 0.065855 -0.150121 -0.952441
1642668770.162585 -0.109977 1.485106 0.262594 -0.255933 0.066106 -0.150482 -0.952619
1642668770.170918 -0.110495 1.485482 0.261727 -0.254962 0.066356 -0.150904 -0.952796
1642668770.179252 -0.111018 1.485859 0.260853 -0.253936 0.066755 -0.151408 -0.952962
1642668770.187585 -0.111581 1.486264 0.260005 -0.253448 0.066181 -0.151476 -0.953121
1642668770.195918 -0.112138 1.486652 0.259128 -0.252621 0.066111 -0.151720 -0.953306
1642668770.204252 -0.112696 1.487021 0.258221 -0.251630 0.066369 -0.152177 -0.953478
1642668770.212585 -0.113249 1.487368 0.257279 -0.250315 0.067350 -0.152897 -0.953640
1642668770.220918 -0.113844 1.487745 0.256373 -0.249505 0.067347 -0.153265 -0.953793
1642668770.229252 -0.114448 1.488123 0.255456 -0.248586 0.067460 -0.153777 -0.953943
1642668770.237585 -0.115053 1.488494 0.254521 -0.247557 0.067829 -0.154361 -0.954090
1642668770.245918 -0.115672 1.488853 0.253571 -0.246514 0.068211 -0.154979 -0.954233
1642668770.254252 -0.116291 1.489204 0.252616 -0.245496 0.068598 -0.155588 -0.954368
1642668770.262585 -0.116922 1.489555 0.251655 -0.244541 0.069042 -0.156156 -0.954489
1642668770.270918 -0.117575 1.489916 0.250716 -0.243535 0.069761 -0.156951 -0.954563
1642668770.279252 -0.118246 1.490313 0.249784 -0.242590 0.070344 -0.157636 -0.954648
1642668770.287585 -0.118890 1.490631 0.248788 -0.241129 0.071746 -0.158594 -0.954755
1642668770.295918 -0.119559 1.490966 0.247804 -0.239932 0.072561 -0.159361 -0.954867
1642668770.304252 -0.120246 1.491328 0.246837 -0.238926 0.073061 -0.159979 -0.954978
1642668770.312585 -0.120945 1.491687 0.245859 -0.237997 0.073466 -0.160536 -0.955086
1642668770.320918 -0.121662 1.492040 0.244883 -0.237000 0.073990 -0.161132 -0.955193
1642668770.329252 -0.122371 1.492377 0.243886 -0.236039 0.074239 -0.161547 -0.955341
1642668770.337585 -0.123100 1.492735 0.242911 -0.235007 0.075041 -0.162227 -0.955418
1642668770.345918 -0.123836 1.493093 0.241927 -0.233979 0.075777 -0.162837 -0.955508
1642668770.354252 -0.124580 1.493436 0.240929 -0.233014 0.076311 -0.163359 -0.955612
1642668770.362585 -0.125340 1.493780 0.239931 -0.232013 0.076950 -0.163939 -0.955706
1642668770.370918 -0.126094 1.494104 0.238917 -0.231021 0.077308 -0.164340 -0.955848
1642668770.379252 -0.126874 1.494427 0.237900 -0.229962 0.077841 -0.164817 -0.955978
1642668770.387585 -0.127670 1.494741 0.236900 -0.228972 0.078898 -0.165639 -0.955987
1642668770.395918 -0.128474 1.495039 0.235890 -0.227977 0.079754 -0.166335 -0.956033
1642668770.404252 -0.129288 1.495322 0.234864 -0.226986 0.080432 -0.166936 -0.956107
1642668770.412585 -0.130116 1.495600 0.233837 -0.226009 0.081190 -0.167558 -0.956166
1642668770.420918 -0.130964 1.495860 0.232803 -0.224982 0.082019 -0.168225 -0.956220
1642668770.429252 -0.131820 1.496113 0.231771 -0.223990 0.082881 -0.168869 -0.956265
1642668770.437585 -0.132697 1.496363 0.230736 -0.223044 0.083806 -0.169526 -0.956289
1642668770.445918 -0.133585 1.496616 0.229700 -0.222001 0.084872 -0.170229 -0.956313
1642668770.454252 -0.134517 1.496943 0.228722 -0.220734 0.085414 -0.170577 -0.956496
1642668770.462585 -0.135422 1.497194 0.227663 -0.219210 0.086964 -0.171387 -0.956562
1642668770.470918 -0.136340 1.497439 0.226591 -0.218158 0.088211 -0.172133 -0.956554
1642668770.479252 -0.137257 1.497666 0.225516 -0.217088 0.089414 -0.172841 -0.956558
1642668770.487585 -0.138186 1.497912 0.224441 -0.216190 0.090474 -0.173445 -0.956553
1642668770.495918 -0.139122 1.498150 0.223365 -0.215269 0.091572 -0.174083 -0.956540
1642668770.504252 -0.140068 1.498384 0.222302 -0.214568 0.092223 -0.174528 -0.956554
1642668770.512585 -0.140994 1.498563 0.221190 -0.213984 0.093221 -0.175349 -0.956438
1642668770.520918 -0.141917 1.498728 0.220056 -0.212848 0.094882 -0.176314 -0.956351
1642668770.529252 -0.142854 1.498907 0.218932 -0.211613 0.096384 -0.177215 -0.956308
1642668770.537585 -0.143798 1.499095 0.217815 -0.210592 0.097458 -0.177996 -0.956279
1642668770.545918 -0.144753 1.499282 0.216693 -0.209602 0.098462 -0.178825 -0.956239
1642668770.554252 -0.145701 1.499465 0.215577 -0.208586 0.099381 -0.179626 -0.956216
1642668770.562585 -0.146648 1.499641 0.214445 -0.207586 0.100248 -0.180537 -0.956172
1642668770.570918 -0.147677 1.499869 0.213356 -0.206603 0.100258 -0.180689 -0.956355
1642668770.579252 -0.148664 1.500062 0.212246 -0.205559 0.100665 -0.181210 -0.956439
1642668770.587585 -0.149609 1.500227 0.211123 -0.204503 0.101277 -0.182076 -0.956436
1642668770.595918 -0.150552 1.500384 0.209993 -0.203361 0.101880 -0.183025 -0.956434
1642668770.604252 -0.151498 1.500538 0.208865 -0.202206 0.102408 -0.183964 -0.956443
1642668770.612585 -0.152453 1.500694 0.207747 -0.201007 0.102908 -0.184997 -0.956443
1642668770.620918 -0.153400 1.500842 0.206632 -0.199865 0.103149 -0.185976 -0.956466
1642668770.629252 -0.154351 1.500975 0.205533 -0.198793 0.103188 -0.186985 -0.956489
1642668770.637585 -0.155307 1.501103 0.204443 -0.197606 0.103406 -0.188064 -0.956499
1642668770.645918 -0.156286 1.501224 0.203360 -0.196489 0.103221 -0.189126 -0.956540
1642668770.654252 -0.157255 1.501327 0.202292 -0.195404 0.103132 -0.190268 -0.956546
1642668770.662585 -0.158228 1.501410 0.201236 -0.194336 0.102913 -0.191346 -0.956572
1642668770.670918 -0.159188 1.501474 0.200195 -0.193173 0.103018 -0.192544 -0.956556
1642668770.679252 -0.160184 1.501522 0.199183 -0.192202 0.102526 -0.193666 -0.956577
1642668770.687585 -0.161181 1.501551 0.198171 -0.191185 0.102185 -0.194791 -0.956589
1642668770.695918 -0.162173 1.501565 0.197168 -0.190057 0.102385 -0.196029 -0.956540
1642668770.704252 -0.163167 1.501556 0.196191 -0.189105 0.102354 -0.197235 -0.956484
1642668770.712585 -0.164179 1.501529 0.195233 -0.188174 0.102262 -0.198401 -0.956436
1642668770.720918 -0.165215 1.501486 0.194295 -0.187384 0.102000 -0.199512 -0.956388
1642668770.729252 -0.166249 1.501419 0.193363 -0.186578 0.101884 -0.200643 -0.956322
1642668770.737585 -0.167308 1.501336 0.192441 -0.185760 0.101925 -0.201810 -0.956231
1642668770.745918 -0.168367 1.501226 0.191526 -0.184914 0.102059 -0.202980 -0.956133
1642668770.754252 -0.169440 1.501106 0.190624 -0.184106 0.102302 -0.204150 -0.956014
1642668770.762585 -0.170532 1.500973 0.189734 -0.183360 0.102547 -0.205313 -0.955882
1642668770.770918 -0.171626 1.500832 0.188845 -0.182627 0.102904 -0.206484 -0.955732
1642668770.779252 -0.172729 1.500678 0.187970 -0.181977 0.103230 -0.207512 -0.955597
1642668770.787585 -0.173828 1.500501 0.187090 -0.181195 0.103981 -0.208662 -0.955414
1642668770.795918 -0.174961 1.500322 0.186228 -0.180702 0.104341 -0.209629 -0.955257
1642668770.804252 -0.176097 1.500133 0.185368 -0.180188 0.104721 -0.210540 -0.955112
1642668770.812585 -0.177246 1.499936 0.184502 -0.179646 0.105310 -0.211492 -0.954939
1642668770.820918 -0.178397 1.499737 0.183646 -0.179043 0.106092 -0.212499 -0.954742
1642668770.829252 -0.179567 1.499533 0.182794 -0.178431 0.106720 -0.213481 -0.954567
1642668770.837585 -0.180752 1.499325 0.181958 -0.177807 0.107480 -0.214541 -0.954361
1642668770.845918 -0.181942 1.499119 0.181121 -0.177182 0.108280 -0.215721 -0.954121
1642668770.854252 -0.183141 1.498910 0.180293 -0.176584 0.109041 -0.216846 -0.953890
1642668770.862585 -0.184344 1.498689 0.179486 -0.175946 0.109729 -0.218023 -0.953660
1642668770.870918 -0.185549 1.498466 0.178690 -0.175347 0.110413 -0.219177 -0.953427
1642668770.879252 -0.186749 1.498229 0.177898 -0.174786 0.110964 -0.220304 -0.953207
1642668770.887585 -0.187947 1.497984 0.177114 -0.174175 0.111606 -0.221490 -0.952969
1642668770.895918 -0.189141 1.497730 0.176347 -0.173611 0.112205 -0.222665 -0.952727
1642668770.904252 -0.190339 1.497462 0.175583 -0.173068 0.112736 -0.223853 -0.952485
1642668770.912585 -0.191529 1.497177 0.174841 -0.172561 0.113097 -0.225008 -0.952262
1642668770.920918 -0.192722 1.496870 0.174098 -0.172004 0.113379 -0.226182 -0.952051
1642668770.929252 -0.193885 1.496527 0.173358 -0.171249 0.114256 -0.227561 -0.951754
1642668770.937585 -0.195070 1.496182 0.172632 -0.170564 0.114674 -0.228950 -0.951494
1642668770.945918 -0.196277 1.495826 0.171917 -0.169948 0.114885 -0.230338 -0.951243
1642668770.954252 -0.197486 1.495458 0.171212 -0.169348 0.115031 -0.231726 -0.950995
1642668770.962585 -0.198688 1.495076 0.170504 -0.168702 0.115047 -0.233144 -0.950762
1642668770.970918 -0.199892 1.494681 0.169806 -0.168050 0.114952 -0.234544 -0.950544
1642668770.979252 -0.201078 1.494241 0.169121 -0.167234 0.115319 -0.236077 -0.950264
1642668770.987585 -0.202272 1.493798 0.168435 -0.166516 0.115348 -0.237562 -0.950017
1642668770.995918 -0.203462 1.493351 0.167745 -0.165831 0.115156 -0.238958 -0.949810
1642668771.004252 -0.204653 1.492879 0.167058 -0.165157 0.115034 -0.240402 -0.949578
1642668771.012585 -0.205839 1.492388 0.166386 -0.164523 0.114802 -0.241816 -0.949357
1642668771.020918 -0.207019 1.491882 0.165722 -0.163925 0.114562 -0.243278 -0.949115
1642668771.029252 -0.208192 1.491359 0.165065 -0.163230 0.114265 -0.244757 -0.948891
1642668771.037585 -0.209380 1.490817 0.164391 -0.162524 0.113343 -0.246021 -0.948795
1642668771.045918 -0.210569 1.490275 0.163760 -0.161917 0.112768 -0.247437 -0.948600
1642668771.054252 -0.211755 1.489724 0.163143 -0.161245 0.112499 -0.249046 -0.948325
1642668771.062585 -0.212945 1.489171 0.162535 -0.160544 0.112118 -0.250668 -0.948061
1642668771.070918 -0.214136 1.488609 0.161929 -0.159908 0.111510 -0.252184 -0.947839
1642668771.079252 -0.215352 1.488057 0.161328 -0.159232 0.111185 -0.254056 -0.947491
1642668771.087585 -0.216533 1.487463 0.160763 -0.158672 0.110542 -0.255531 -0.947263
1642668771.095918 -0.217718 1.486854 0.160197 -0.158085 0.110036 -0.257085 -0.947000
1642668771.104252 -0.218907 1.486245 0.159648 -0.157489 0.109467 -0.258647 -0.946740
1642668771.112585 -0.220117 1.485651 0.159091 -0.156873 0.109065 -0.260431 -0.946399
1642668771.120918 -0.221286 1.485010 0.158568 -0.156323 0.108430 -0.261796 -0.946187
1642668771.129252 -0.222488 1.484395 0.158052 -0.155752 0.108068 -0.263493 -0.945851
1642668771.137585 -0.223686 1.483783 0.157552 -0.155230 0.107614 -0.265109 -0.945537
1642668771.145918 -0.224870 1.483145 0.157056 -0.154677 0.107319 -0.266717 -0.945209
1642668771.154252 -0.226049 1.482504 0.156575 -0.154171 0.107037 -0.268280 -0.944881
1642668771.162585 -0.227240 1.481867 0.156099 -0.153740 0.106788 -0.269834 -0.944537
1642668771.170918 -0.228420 1.481209 0.155633 -0.153271 0.106589 -0.271376 -0.944194
1642668771.179252 -0.229562 1.480478 0.155185 -0.152862 0.106024 -0.272396 -0.944030
1642668771.187585 -0.230727 1.479768 0.154729 -0.152429 0.105343 -0.273556 -0.943841
1642668771.195918 -0.231941 1.479101 0.154288 -0.152050 0.105128 -0.275313 -0.943415
1642668771.204252 -0.233116 1.478367 0.153886 -0.151751 0.105034 -0.276816 -0.943034
1642668771.212585 -0.234287 1.477612 0.153479 -0.151480 0.104809 -0.278271 -0.942674
1642668771.220918 -0.235481 1.476862 0.153084 -0.151242 0.104518 -0.279809 -0.942289
1642668771.229252 -0.236677 1.476108 0.152704 -0.151029 0.104255 -0.281307 -0.941906
1642668771.237585 -0.237884 1.475335 0.152334 -0.150801 0.103993 -0.282811 -0.941521
1642668771.245918 -0.239100 1.474535 0.151953 -0.150473 0.103689 -0.284418 -0.941123
1642668771.254252 -0.240334 1.473759 0.151588 -0.150290 0.103499 -0.286057 -0.940676
1642668771.262585 -0.241570 1.472993 0.151239 -0.150149 0.103391 -0.287629 -0.940231
1642668771.270918 -0.242804 1.472231 0.150891 -0.150018 0.103287 -0.289206 -0.939780
1642668771.279252 -0.244035 1.471476 0.150552 -0.149938 0.103345 -0.290785 -0.939299
1642668771.287585 -0.245259 1.470729 0.150219 -0.149887 0.103548 -0.292341 -0.938802
1642668771.295918 -0.246467 1.469980 0.149889 -0.149914 0.103732 -0.293720 -0.938347
1642668771.304252 -0.247650 1.469235 0.149566 -0.149952 0.103997 -0.294992 -0.937912
1642668771.312585 -0.248807 1.468484 0.149252 -0.149973 0.104318 -0.296144 -0.937510
1642668771.320918 -0.249938 1.467728 0.148929 -0.150029 0.104730 -0.297196 -0.937122
1642668771.329252 -0.251041 1.466985 0.148587 -0.150072 0.105024 -0.298044 -0.936813
1642668771.337585 -0.252114 1.466241 0.148250 -0.150102 0.105479 -0.298910 -0.936481
1642668771.345918 -0.253171 1.465503 0.147913 -0.150202 0.106030 -0.299754 -0.936133
1642668771.354252 -0.254225 1.464775 0.147590 -0.150264 0.107346 -0.301001 -0.935572
1642668771.362585 -0.255231 1.464057 0.147244 -0.150336 0.108180 -0.301847 -0.935192
1642668771.370918 -0.256208 1.463355 0.146886 -0.150423 0.109006 -0.302720 -0.934800
1642668771.379252 -0.257152 1.462668 0.146514 -0.150513 0.109891 -0.303539 -0.934416
1642668771.387585 -0.258057 1.461987 0.146116 -0.150599 0.110642 -0.304181 -0.934105
1642668771.395918 -0.258925 1.461329 0.145715 -0.150707 0.111566 -0.304885 -0.933748
1642668771.404252 -0.259753 1.460680 0.145309 -0.150785 0.112559 -0.305486 -0.933420
1642668771.412585 -0.260543 1.460071 0.144911 -0.151034 0.113613 -0.305957 -0.933097
1642668771.420918 -0.261304 1.459456 0.144490 -0.151152 0.114664 -0.306440 -0.932791
1642668771.429252 -0.262042 1.458827 0.144036 -0.150993 0.115585 -0.307016 -0.932514
1642668771.437585 -0.262742 1.458271 0.143607 -0.151120 0.116284 -0.307344 -0.932298
1642668771.445918 -0.263432 1.457738 0.143136 -0.150981 0.117145 -0.308021 -0.931990
1642668771.454252 -0.264048 1.457144 0.142666 -0.150616 0.117887 -0.308425 -0.931822
1642668771.462585 -0.264648 1.456600 0.142190 -0.150390 0.118429 -0.308790 -0.931669
1642668771.470918 -0.265242 1.456111 0.141706 -0.150135 0.118790 -0.309239 -0.931515
1642668771.479252 -0.265820 1.455670 0.141191 -0.149674 0.119378 -0.310054 -0.931243
1642668771.487585 -0.266331 1.455210 0.140695 -0.149316 0.119749 -0.310470 -0.931114
1642668771.495918 -0.266842 1.454800 0.140177 -0.148826 0.119940 -0.311069 -0.930968
1642668771.504252 -0.267305 1.454388 0.139681 -0.148412 0.119935 -0.311310 -0.930954
1642668771.512585 -0.267767 1.454007 0.139178 -0.147987 0.119882 -0.311594 -0.930934
1642668771.520918 -0.268228 1.453651 0.138663 -0.147529 0.119861 -0.312093 -0.930842
1642668771.529252 -0.268682 1.453318 0.138151 -0.147057 0.119659 -0.312506 -0.930804
1642668771.537585 -0.269137 1.453009 0.137632 -0.146517 0.119400 -0.312994 -0.930759
1642668771.545918 -0.269590 1.452719 0.137106 -0.145977 0.119083 -0.313629 -0.930670
1642668771.554252 -0.270066 1.452473 0.136556 -0.145308 0.118810 -0.314488 -0.930520
1642668771.562585 -0.270499 1.452201 0.136006 -0.144553 0.118526 -0.315133 -0.930456
1642668771.570918 -0.270915 1.451950 0.135471 -0.143830 0.118106 -0.315681 -0.930435
1642668771.579252 -0.271332 1.451718 0.134942 -0.143151 0.117787 -0.316275 -0.930379
1642668771.587585 -0.271748 1.451505 0.134430 -0.142527 0.117673 -0.316989 -0.930246
1642668771.595918 -0.272181 1.451340 0.133905 -0.141868 0.117538 -0.317870 -0.930063
1642668771.604252 -0.272563 1.451131 0.133409 -0.141354 0.117338 -0.318212 -0.930050
1642668771.612585 -0.272930 1.450935 0.132916 -0.140852 0.117124 -0.318456 -0.930069
1642668771.620918 -0.273293 1.450763 0.132401 -0.140317 0.116602 -0.318560 -0.930180
1642668771.629252 -0.273689 1.450625 0.131884 -0.139781 0.116491 -0.319038 -0.930111
1642668771.637585 -0.274071 1.450480 0.131389 -0.139291 0.116592 -0.319471 -0.930023
1642668771.645918 -0.274440 1.450328 0.130913 -0.138833 0.116705 -0.319801 -0.929964
1642668771.654252 -0.274821 1.450204 0.130444 -0.138489 0.116489 -0.320028 -0.929964
1642668771.662585 -0.275193 1.450072 0.129986 -0.138082 0.116518 -0.320360 -0.929907
1642668771.670918 -0.275532 1.449930 0.129537 -0.137555 0.116973 -0.320845 -0.929760
1642668771.679252 -0.275860 1.449796 0.129109 -0.137089 0.117263 -0.321206 -0.929668
1642668771.687585 -0.276187 1.449668 0.128689 -0.136706 0.117455 -0.321518 -0.929592
1642668771.695918 -0.276480 1.449523 0.128304 -0.136452 0.117664 -0.321620 -0.929568
1642668771.704252 -0.276826 1.449436 0.127903 -0.136225 0.117627 -0.321854 -0.929525
1642668771.712585 -0.277132 1.449328 0.127548 -0.136054 0.117761 -0.321934 -0.929505
1642668771.720918 -0.277457 1.449249 0.127173 -0.135701 0.118025 -0.322291 -0.929400
1642668771.729252 -0.277756 1.449154 0.126803 -0.135295 0.118520 -0.322674 -0.929263
1642668771.737585 -0.278049 1.449050 0.126453 -0.134947 0.118857 -0.322941 -0.929178
1642668771.745918 -0.278345 1.448946 0.126111 -0.134601 0.118954 -0.323100 -0.929160
1642668771.754252 -0.278639 1.448847 0.125786 -0.134270 0.119006 -0.323263 -0.929145
1642668771.762585 -0.278916 1.448746 0.125473 -0.133940 0.119036 -0.323532 -0.929095
1642668771.770918 -0.279197 1.448658 0.125183 -0.133718 0.118791 -0.323731 -0.929089
1642668771.779252 -0.279462 1.448568 0.124916 -0.133443 0.118630 -0.324004 -0.929054
1642668771.787585 -0.279705 1.448482 0.124667 -0.133196 0.118535 -0.324287 -0.929003
1642668771.795918 -0.279934 1.448397 0.124433 -0.132945 0.118418 -0.324505 -0.928978
1642668771.804252 -0.280150 1.448320 0.124218 -0.132696 0.118235 -0.324705 -0.928967
1642668771.812585 -0.280362 1.448239 0.124008 -0.132475 0.118046 -0.324880 -0.928961
1642668771.820918 -0.280536 1.448136 0.123838 -0.132378 0.117891 -0.324807 -0.929020
1642668771.829252 -0.280751 1.448083 0.123639 -0.132161 0.117775 -0.325113 -0.928959
1642668771.837585 -0.280929 1.447997 0.123476 -0.132034 0.117603 -0.325120 -0.928996
1642668771.845918 -0.281136 1.447951 0.123303 -0.131747 0.117446 -0.325384 -0.928964
1642668771.854252 -0.281313 1.447893 0.123137 -0.131474 0.117054 -0.325482 -0.929018
1642668771.862585 -0.281456 1.447799 0.123031 -0.131380 0.117099 -0.325511 -0.929016
1642668771.870918 -0.281601 1.447733 0.122930 -0.131234 0.117238 -0.325687 -0.928957
1642668771.879252 -0.281738 1.447685 0.122818 -0.131058 0.116832 -0.325639 -0.929050
1642668771.887585 -0.281902 1.447667 0.122718 -0.130893 0.117007 -0.326059 -0.928904
1642668771.895918 -0.281999 1.447601 0.122649 -0.130853 0.116832 -0.325826 -0.929013
1642668771.904252 -0.282116 1.447567 0.122577 -0.130781 0.116798 -0.325842 -0.929022
1642668771.912585 -0.282242 1.447535 0.122526 -0.130768 0.117238 -0.326069 -0.928889
1642668771.920918 -0.282343 1.447474 0.122482 -0.130760 0.117530 -0.326047 -0.928861
1642668771.929252 -0.282437 1.447403 0.122439 -0.130783 0.117758 -0.325913 -0.928876
1642668771.937585 -0.282521 1.447319 0.122391 -0.130759 0.117817 -0.325642 -0.928966
1642668771.945918 -0.282626 1.447248 0.122368 -0.130800 0.118305 -0.325700 -0.928878
1642668771.954252 -0.282730 1.447169 0.122351 -0.130879 0.118789 -0.325728 -0.928795
1642668771.962585 -0.282827 1.447090 0.122344 -0.130954 0.119225 -0.325700 -0.928739
1642668771.970918 -0.282915 1.447015 0.122350 -0.131040 0.119591 -0.325686 -0.928684
1642668771.979252 -0.283002 1.446950 0.122370 -0.131116 0.119860 -0.325642 -0.928655
1642668771.987585 -0.283046 1.446858 0.122427 -0.131274 0.120092 -0.325372 -0.928697
1642668771.995918 -0.283120 1.446821 0.122467 -0.131325 0.120337 -0.325469 -0.928624
1642668772.004252 -0.283175 1.446790 0.122527 -0.131381 0.120503 -0.325542 -0.928569
1642668772.012585 -0.283210 1.446759 0.122610 -0.131506 0.120547 -0.325450 -0.928578
1642668772.020918 -0.283235 1.446736 0.122715 -0.131586 0.120548 -0.325346 -0.928603
1642668772.029252 -0.283248 1.446719 0.122842 -0.131618 0.120460 -0.325229 -0.928651
1642668772.037585 -0.283236 1.446699 0.122978 -0.131645 0.120191 -0.325011 -0.928758
1642668772.045918 -0.283215 1.446697 0.123135 -0.131668 0.119950 -0.324826 -0.928851
1642668772.054252 -0.283156 1.446687 0.123327 -0.131774 0.119598 -0.324479 -0.929002
1642668772.062585 -0.283116 1.446726 0.123509 -0.131757 0.119226 -0.324469 -0.929056
1642668772.070918 -0.283054 1.446776 0.123709 -0.131758 0.118815 -0.324389 -0.929136
1642668772.079252 -0.282930 1.446801 0.123941 -0.131855 0.118347 -0.324035 -0.929306
1642668772.087585 -0.282793 1.446844 0.124179 -0.131955 0.117874 -0.323751 -0.929451
1642668772.095918 -0.282673 1.446924 0.124392 -0.131954 0.117404 -0.323730 -0.929518
1642668772.104252 -0.282491 1.446974 0.124641 -0.132063 0.116907 -0.323279 -0.929722
1642668772.112585 -0.282289 1.447026 0.124893 -0.132170 0.116442 -0.322838 -0.929918
1642668772.120918 -0.282109 1.447114 0.125118 -0.132162 0.116052 -0.322684 -0.930022
1642668772.129252 -0.281904 1.447194 0.125359 -0.132274 0.115676 -0.322390 -0.930155
1642668772.137585 -0.281669 1.447268 0.125616 -0.132434 0.115397 -0.321945 -0.930320
1642668772.145918 -0.281432 1.447358 0.125883 -0.132585 0.115427 -0.321651 -0.930397
1642668772.154252 -0.281154 1.447440 0.126144 -0.132655 0.115709 -0.321378 -0.930446
1642668772.162585 -0.280861 1.447526 0.126409 -0.132765 0.115786 -0.320917 -0.930580
1642668772.170918 -0.280576 1.447633 0.126676 -0.133087 0.115470 -0.320253 -0.930802
1642668772.179252 -0.280256 1.447726 0.126941 -0.133382 0.115090 -0.319414 -0.931095
1642668772.187585 -0.279912 1.447829 0.127208 -0.133596 0.115127 -0.318713 -0.931300
1642668772.195918 -0.279551 1.447938 0.127481 -0.133878 0.115343 -0.318046 -0.931461
1642668772.204252 -0.279166 1.448040 0.127753 -0.134072 0.115896 -0.317446 -0.931569
1642668772.212585 -0.278782 1.448158 0.128026 -0.134313 0.116350 -0.316741 -0.931718
1642668772.220918 -0.278391 1.448288 0.128309 -0.134656 0.116649 -0.315930 -0.931906
1642668772.229252 -0.277991 1.448420 0.128589 -0.135006 0.116971 -0.315072 -0.932106
1642668772.237585 -0.277609 1.448582 0.128874 -0.135456 0.116957 -0.314125 -0.932362
1642668772.245918 -0.277185 1.448732 0.129203 -0.135855 0.117442 -0.313332 -0.932509
1642668772.254252 -0.276738 1.448865 0.129528 -0.136281 0.117772 -0.312294 -0.932754
1642668772.262585 -0.276319 1.449026 0.129825 -0.136613 0.118100 -0.311406 -0.932961
1642668772.270918 -0.275903 1.449203 0.130122 -0.136939 0.118413 -0.310580 -0.933149
1642668772.279252 -0.275505 1.449410 0.130403 -0.137201 0.118701 -0.309941 -0.933286
1642668772.287585 -0.275098 1.449602 0.130690 -0.137463 0.118950 -0.309261 -0.933441
1642668772.295918 -0.274681 1.449780 0.130987 -0.137764 0.119177 -0.308498 -0.933620
1642668772.304252 -0.274254 1.449962 0.131291 -0.138072 0.119291 -0.307708 -0.933821
1642668772.312585 -0.273830 1.450142 0.131594 -0.138337 0.119328 -0.306960 -0.934023
1642668772.320918 -0.273412 1.450323 0.131895 -0.138574 0.119359 -0.306248 -0.934218
1642668772.329252 -0.272995 1.450496 0.132194 -0.138789 0.119481 -0.305600 -0.934382
1642668772.337585 -0.272582 1.450659 0.132500 -0.139057 0.119511 -0.304871 -0.934577
1642668772.345918 -0.272143 1.450789 0.132831 -0.139411 0.119389 -0.303939 -0.934843
1642668772.354252 -0.271720 1.450921 0.133152 -0.139667 0.119274 -0.303215 -0.935055
1642668772.362585 -0.271333 1.451078 0.133451 -0.139873 0.119199 -0.302826 -0.935160
1642668772.370918 -0.270932 1.451215 0.133765 -0.140125 0.119053 -0.302330 -0.935301
1642668772.379252 -0.270503 1.451310 0.134107 -0.140484 0.118939 -0.301650 -0.935481
1642668772.387585 -0.270083 1.451405 0.134453 -0.140838 0.118853 -0.301050 -0.935632
1642668772.395918 -0.269675 1.451499 0.134796 -0.141206 0.118689 -0.300461 -0.935787
1642668772.404252 -0.269266 1.451572 0.135148 -0.141580 0.118508 -0.299858 -0.935947
1642668772.412585 -0.268866 1.451620 0.135518 -0.141939 0.118426 -0.299304 -0.936080
1642668772.420918 -0.268475 1.451653 0.135905 -0.142338 0.118399 -0.298763 -0.936196
1642668772.429252 -0.268096 1.451667 0.136306 -0.142793 0.118358 -0.298258 -0.936293
1642668772.437585 -0.267727 1.451651 0.136726 -0.143276 0.118281 -0.297723 -0.936399
1642668772.445918 -0.267379 1.451623 0.137159 -0.143821 0.118225 -0.297271 -0.936466
1642668772.454252 -0.267038 1.451567 0.137622 -0.144406 0.118153 -0.296734 -0.936555
1642668772.462585 -0.266706 1.451501 0.138102 -0.145054 0.118126 -0.296244 -0.936614
1642668772.470918 -0.266387 1.451428 0.138595 -0.145772 0.117981 -0.295702 -0.936692
1642668772.479252 -0.266066 1.451330 0.139091 -0.146538 0.118120 -0.295194 -0.936715
1642668772.487585 -0.265782 1.451246 0.139583 -0.147255 0.118487 -0.294995 -0.936619
1642668772.495918 -0.265469 1.451092 0.140129 -0.148164 0.119044 -0.294409 -0.936589
1642668772.504252 -0.265155 1.450953 0.140690 -0.149284 0.119507 -0.293616 -0.936602
1642668772.512585 -0.264864 1.450798 0.141233 -0.150314 0.119916 -0.292958 -0.936590
1642668772.520918 -0.264566 1.450599 0.141767 -0.151138 0.120668 -0.292443 -0.936522
1642668772.529252 -0.264274 1.450377 0.142313 -0.152007 0.121450 -0.291959 -0.936432
1642668772.537585 -0.263990 1.450142 0.142867 -0.152954 0.122127 -0.291403 -0.936362
1642668772.545918 -0.263714 1.449900 0.143428 -0.153942 0.122696 -0.290814 -0.936309
1642668772.554252 -0.263431 1.449634 0.144000 -0.154820 0.123614 -0.290413 -0.936168
1642668772.562585 -0.263148 1.449347 0.144576 -0.155768 0.124476 -0.289958 -0.936038
1642668772.570918 -0.262870 1.449058 0.145165 -0.156766 0.125183 -0.289432 -0.935940
1642668772.579252 -0.262580 1.448750 0.145761 -0.157734 0.125874 -0.288998 -0.935818
1642668772.587585 -0.262279 1.448426 0.146370 -0.158681 0.126550 -0.288518 -0.935715
1642668772.595918 -0.261973 1.448098 0.146994 -0.159606 0.127110 -0.288028 -0.935633
1642668772.604252 -0.261667 1.447773 0.147631 -0.160548 0.127527 -0.287603 -0.935546
1642668772.612585 -0.261365 1.447439 0.148275 -0.161441 0.127995 -0.287254 -0.935435
1642668772.620918 -0.261063 1.447102 0.148932 -0.162310 0.128342 -0.286906 -0.935344
1642668772.629252 -0.260762 1.446765 0.149606 -0.163204 0.128530 -0.286566 -0.935267
1642668772.637585 -0.260465 1.446426 0.150282 -0.164074 0.128658 -0.286275 -0.935186
1642668772.645918 -0.260166 1.446090 0.150968 -0.164906 0.128726 -0.286065 -0.935095
1642668772.654252 -0.259859 1.445759 0.151666 -0.165680 0.128656 -0.285851 -0.935033
1642668772.662585 -0.259551 1.445426 0.152371 -0.166431 0.128546 -0.285687 -0.934965
1642668772.670918 -0.259232 1.445097 0.153081 -0.167206 0.128328 -0.285523 -0.934907
1642668772.679252 -0.258899 1.444767 0.153808 -0.167975 0.128008 -0.285323 -0.934874
1642668772.687585 -0.258556 1.444435 0.154540 -0.168751 0.127682 -0.285075 -0.934854
1642668772.695918 -0.258202 1.444105 0.155281 -0.169480 0.127300 -0.284766 -0.934869
1642668772.704252 -0.257838 1.443768 0.156022 -0.170217 0.126854 -0.284409 -0.934904
1642668772.712585 -0.257466 1.443423 0.156765 -0.170971 0.126513 -0.284056 -0.934920
1642668772.720918 -0.257088 1.443078 0.157513 -0.171737 0.126202 -0.283686 -0.934934
1642668772.729252 -0.256731 1.442737 0.158264 -0.172703 0.125388 -0.283150 -0.935028
1642668772.737585 -0.256354 1.442384 0.159012 -0.173562 0.124931 -0.282736 -0.935056
1642668772.745918 -0.255958 1.442028 0.159752 -0.174333 0.124752 -0.282378 -0.935044
1642668772.754252 -0.255555 1.441670 0.160490 -0.175098 0.124654 -0.281939 -0.935047
1642668772.762585 -0.255145 1.441310 0.161212 -0.175849 0.124727 -0.281546 -0.935015
1642668772.770918 -0.254735 1.440942 0.161938 -0.176687 0.124895 -0.281083 -0.934974
1642668772.779252 -0.254301 1.440569 0.162671 -0.177545 0.125087 -0.280510 -0.934957
1642668772.787585 -0.253850 1.440195 0.163402 -0.178415 0.125327 -0.279842 -0.934960
1642668772.795918 -0.253393 1.439817 0.164116 -0.179256 0.125740 -0.279179 -0.934942
1642668772.804252 -0.252921 1.439428 0.164834 -0.180103 0.126234 -0.278452 -0.934929
1642668772.812585 -0.252439 1.439032 0.165555 -0.181026 0.126756 -0.277628 -0.934925
1642668772.820918 -0.251947 1.438634 0.166281 -0.181975 0.127398 -0.276919 -0.934864
1642668772.829252 -0.251435 1.438227 0.166988 -0.182730 0.128360 -0.276318 -0.934763
1642668772.837585 -0.250934 1.437833 0.167723 -0.183731 0.128688 -0.275425 -0.934785
1642668772.845918 -0.250415 1.437441 0.168465 -0.184805 0.128990 -0.274508 -0.934802
1642668772.854252 -0.249876 1.437052 0.169208 -0.185750 0.129520 -0.273683 -0.934783
1642668772.862585 -0.249308 1.436664 0.169964 -0.186628 0.130038 -0.272813 -0.934790
1642668772.870918 -0.248691 1.436263 0.170708 -0.187379 0.130929 -0.271999 -0.934753
1642668772.879252 -0.248071 1.435880 0.171476 -0.188352 0.131275 -0.270947 -0.934814
1642668772.887585 -0.247443 1.435499 0.172251 -0.189295 0.131401 -0.269781 -0.934944
1642668772.895918 -0.246765 1.435106 0.173024 -0.189939 0.132030 -0.268862 -0.934989
1642668772.904252 -0.246068 1.434717 0.173809 -0.190643 0.132549 -0.267914 -0.935044
1642668772.912585 -0.245368 1.434321 0.174594 -0.191495 0.132728 -0.266863 -0.935146
1642668772.920918 -0.244664 1.433926 0.175408 -0.192388 0.132592 -0.265695 -0.935314
1642668772.929252 -0.243928 1.433525 0.176220 -0.193275 0.132529 -0.264556 -0.935463
1642668772.937585 -0.243167 1.433105 0.177010 -0.194000 0.132819 -0.263576 -0.935548
1642668772.945918 -0.242398 1.432685 0.177816 -0.194752 0.133044 -0.262593 -0.935637
1642668772.954252 -0.241624 1.432268 0.178633 -0.195546 0.132886 -0.261561 -0.935783
1642668772.962585 -0.240860 1.431859 0.179462 -0.196528 0.132393 -0.260481 -0.935948
1642668772.970918 -0.240068 1.431427 0.180283 -0.197298 0.132446 -0.259570 -0.936032
1642668772.979252 -0.239272 1.430994 0.181108 -0.198101 0.132407 -0.258714 -0.936104
1642668772.987585 -0.238477 1.430567 0.181951 -0.198932 0.132372 -0.257807 -0.936183
1642668772.995918 -0.237703 1.430149 0.182808 -0.199948 0.131871 -0.256675 -0.936349
1642668773.004252 -0.236924 1.429724 0.183667 -0.200902 0.131639 -0.255630 -0.936463
1642668773.012585 -0.236129 1.429291 0.184511 -0.201622 0.132032 -0.254727 -0.936499
1642668773.020918 -0.235349 1.428858 0.185362 -0.202432 0.132295 -0.253673 -0.936573
1642668773.029252 -0.234587 1.428420 0.186232 -0.203303 0.132399 -0.252611 -0.936657
1642668773.037585 -0.233834 1.427982 0.187106 -0.204246 0.132495 -0.251585 -0.936715
1642668773.045918 -0.233095 1.427546 0.187980 -0.205149 0.132634 -0.250595 -0.936763
1642668773.054252 -0.232378 1.427110 0.188873 -0.206091 0.132765 -0.249688 -0.936780
1642668773.062585 -0.231649 1.426652 0.189759 -0.206933 0.133078 -0.248850 -0.936772
1642668773.070918 -0.230935 1.426193 0.190659 -0.207992 0.133098 -0.247978 -0.936766
1642668773.079252 -0.230237 1.425721 0.191563 -0.208887 0.133318 -0.247222 -0.936736
1642668773.087585 -0.229545 1.425248 0.192484 -0.209826 0.133492 -0.246412 -0.936715
1642668773.095918 -0.228865 1.424761 0.193411 -0.210881 0.133561 -0.245579 -0.936686
1642668773.104252 -0.228197 1.424266 0.194349 -0.211945 0.133636 -0.244762 -0.936650
1642668773.112585 -0.227537 1.423770 0.195308 -0.212974 0.133762 -0.243989 -0.936600
1642668773.120918 -0.226897 1.423258 0.196260 -0.214025 0.133681 -0.243169 -0.936585
1642668773.129252 -0.226265 1.422727 0.197221 -0.215112 0.133530 -0.242332 -0.936575
1642668773.137585 -0.225635 1.422191 0.198183 -0.216258 0.133413 -0.241516 -0.936538
1642668773.145918 -0.225016 1.421642 0.199133 -0.217352 0.133431 -0.240824 -0.936460
1642668773.154252 -0.224390 1.421084 0.200084 -0.218395 0.133514 -0.240145 -0.936380
1642668773.162585 -0.223774 1.420524 0.201058 -0.219458 0.134095 -0.239705 -0.936162
1642668773.170918 -0.223136 1.419922 0.201992 -0.220554 0.134085 -0.238900 -0.936111
1642668773.179252 -0.222496 1.419286 0.202913 -0.221626 0.133957 -0.238020 -0.936100
1642668773.187585 -0.221856 1.418626 0.203829 -0.222692 0.133852 -0.237147 -0.936084
1642668773.195918 -0.221218 1.417947 0.204732 -0.223777 0.133664 -0.236239 -0.936082
1642668773.204252 -0.220570 1.417211 0.205607 -0.224825 0.133709 -0.235532 -0.936002
1642668773.212585 -0.219930 1.416492 0.206490 -0.225903 0.133582 -0.234807 -0.935943
1642668773.220918 -0.219296 1.415768 0.207363 -0.227001 0.133303 -0.234018 -0.935915
1642668773.229252 -0.218667 1.415034 0.208224 -0.228033 0.133128 -0.233366 -0.935852
1642668773.237585 -0.218044 1.414289 0.209074 -0.229010 0.132900 -0.232691 -0.935813
1642668773.245918 -0.217429 1.413537 0.209908 -0.229960 0.132660 -0.232061 -0.935771
1642668773.254252 -0.216838 1.412812 0.210743 -0.231093 0.132086 -0.231407 -0.935735
1642668773.262585 -0.216209 1.412047 0.211590 -0.231994 0.132065 -0.230947 -0.935629
1642668773.270918 -0.215598 1.411280 0.212418 -0.232757 0.131973 -0.230575 -0.935544
1642668773.279252 -0.215013 1.410525 0.213228 -0.233604 0.131490 -0.230103 -0.935517
1642668773.287585 -0.214418 1.409757 0.214029 -0.234374 0.130921 -0.229659 -0.935513
1642668773.295918 -0.213822 1.408985 0.214826 -0.235216 0.130239 -0.229253 -0.935497
1642668773.304252 -0.213237 1.408214 0.215612 -0.236039 0.129796 -0.228891 -0.935440
1642668773.312585 -0.212653 1.407449 0.216397 -0.236816 0.129226 -0.228478 -0.935423
1642668773.320918 -0.212069 1.406680 0.217185 -0.237619 0.128613 -0.228152 -0.935384
1642668773.329252 -0.211490 1.405920 0.217959 -0.238375 0.128109 -0.227818 -0.935342
1642668773.337585 -0.210923 1.405169 0.218733 -0.239212 0.127430 -0.227354 -0.935334
1642668773.345918 -0.210350 1.404406 0.219504 -0.239997 0.126868 -0.227028 -0.935288
1642668773.354252 -0.209786 1.403664 0.220265 -0.240758 0.126407 -0.226760 -0.935220
1642668773.362585 -0.209232 1.402933 0.221008 -0.241530 0.125855 -0.226363 -0.935192
1642668773.370918 -0.208668 1.402188 0.221755 -0.242325 0.125257 -0.225924 -0.935173
1642668773.379252 -0.208107 1.401454 0.222492 -0.243096 0.124824 -0.225506 -0.935131
1642668773.387585 -0.207547 1.400728 0.223211 -0.243865 0.124465 -0.225083 -0.935081
1642668773.395918 -0.206976 1.399993 0.223921 -0.244710 0.124179 -0.224604 -0.935013
1642668773.404252 -0.206391 1.399254 0.224643 -0.245500 0.124125 -0.224147 -0.934923
1642668773.412585 -0.205837 1.398535 0.225343 -0.246259 0.123681 -0.223610 -0.934911
1642668773.420918 -0.205278 1.397800 0.226026 -0.247116 0.123277 -0.223096 -0.934861
1642668773.429252 -0.204675 1.397065 0.226696 -0.248059 0.123101 -0.223100 -0.934633
1642668773.437585 -0.204100 1.396339 0.227387 -0.248933 0.123010 -0.222941 -0.934451
1642668773.445918 -0.203565 1.395613 0.228061 -0.249657 0.122537 -0.222557 -0.934411
1642668773.454252 -0.203033 1.394875 0.228724 -0.250380 0.121996 -0.222148 -0.934386
1642668773.462585 -0.202508 1.394154 0.229400 -0.251062 0.121491 -0.221859 -0.934338
1642668773.470918 -0.201983 1.393418 0.230105 -0.251743 0.121168 -0.221669 -0.934241
1642668773.479252 -0.201468 1.392661 0.230777 -0.252356 0.120316 -0.221415 -0.934247
1642668773.487585 -0.200960 1.391902 0.231458 -0.253034 0.119263 -0.221180 -0.934254
1642668773.495918 -0.200457 1.391136 0.232160 -0.253730 0.118279 -0.221078 -0.934214
1642668773.504252 -0.199947 1.390355 0.232889 -0.254453 0.117461 -0.221074 -0.934121
1642668773.512585 -0.199445 1.389562 0.233607 -0.255147 0.116162 -0.221019 -0.934108
1642668773.520918 -0.198947 1.388739 0.234326 -0.255858 0.114980 -0.221070 -0.934047
1642668773.529252 -0.198446 1.387896 0.235060 -0.256662 0.113789 -0.220982 -0.933994
1642668773.537585 -0.197941 1.387040 0.235832 -0.257599 0.112987 -0.220985 -0.933832
1642668773.545918 -0.197436 1.386152 0.236585 -0.258534 0.111968 -0.220915 -0.933713
1642668773.554252 -0.196979 1.385288 0.237317 -0.259257 0.110608 -0.220613 -0.933746
1642668773.562585 -0.196506 1.384375 0.238061 -0.260147 0.109606 -0.220489 -0.933646
1642668773.570918 -0.195980 1.383349 0.238763 -0.261860 0.109096 -0.220847 -0.933142
1642668773.579252 -0.195496 1.382357 0.239483 -0.263273 0.108690 -0.221112 -0.932729
1642668773.587585 -0.195046 1.381391 0.240189 -0.264374 0.108028 -0.221103 -0.932497
1642668773.595918 -0.194595 1.380425 0.240894 -0.265535 0.107463 -0.220913 -0.932277
1642668773.604252 -0.194148 1.379463 0.241630 -0.266714 0.107637 -0.220795 -0.931948
1642668773.612585 -0.193720 1.378514 0.242352 -0.267834 0.107901 -0.220599 -0.931643
1642668773.620918 -0.193311 1.377568 0.243040 -0.268941 0.107966 -0.220263 -0.931396
1642668773.629252 -0.192901 1.376629 0.243741 -0.270120 0.108233 -0.219852 -0.931121
1642668773.637585 -0.192499 1.375702 0.244438 -0.271301 0.108543 -0.219358 -0.930858
1642668773.645918 -0.192098 1.374792 0.245157 -0.272498 0.109277 -0.218959 -0.930516
1642668773.654252 -0.191697 1.373894 0.245850 -0.273675 0.109726 -0.218574 -0.930208
1642668773.662585 -0.191290 1.373015 0.246541 -0.274804 0.110166 -0.218253 -0.929899
1642668773.670918 -0.190890 1.372161 0.247246 -0.275932 0.110633 -0.217941 -0.929582
1642668773.679252 -0.190474 1.371314 0.247975 -0.277149 0.111293 -0.217605 -0.929220
1642668773.687585 -0.190073 1.370487 0.248678 -0.278332 0.111618 -0.217201 -0.928922
1642668773.695918 -0.189666 1.369680 0.249377 -0.279525 0.111621 -0.216687 -0.928684
1642668773.704252 -0.189250 1.368888 0.250080 -0.280628 0.111856 -0.216333 -0.928406
1642668773.712585 -0.188830 1.368117 0.250778 -0.281688 0.112062 -0.216005 -0.928136
1642668773.720918 -0.188408 1.367376 0.251478 -0.282731 0.112163 -0.215677 -0.927883
1642668773.729252 -0.187983 1.366656 0.252174 -0.283698 0.112207 -0.215334 -0.927662
1642668773.737585 -0.187568 1.365968 0.252862 -0.284622 0.112148 -0.215069 -0.927447
1642668773.745918 -0.187143 1.365297 0.253556 -0.285597 0.112119 -0.214843 -0.927203
1642668773.754252 -0.186705 1.364636 0.254241 -0.286543 0.111977 -0.214541 -0.926999
1642668773.762585 -0.186284 1.363998 0.254917 -0.287466 0.111684 -0.214217 -0.926823
1642668773.770918 -0.185873 1.363379 0.255589 -0.288338 0.111438 -0.214016 -0.926628
1642668773.779252 -0.185453 1.362760 0.256259 -0.289256 0.111055 -0.213811 -0.926435
1642668773.787585 -0.185045 1.362165 0.256924 -0.290159 0.110585 -0.213740 -0.926226
1642668773.795918 -0.184656 1.361589 0.257574 -0.291030 0.110064 -0.213780 -0.926005
1642668773.804252 -0.184270 1.361020 0.258206 -0.291836 0.109523 -0.213829 -0.925804
1642668773.812585 -0.183879 1.360453 0.258808 -0.292632 0.108572 -0.213640 -0.925709
1642668773.820918 -0.183498 1.359927 0.259415 -0.293382 0.108231 -0.213755 -0.925485
1642668773.829252 -0.183121 1.359412 0.259993 -0.294064 0.108064 -0.213969 -0.925238
1642668773.837585 -0.182742 1.358917 0.260575 -0.294901 0.107696 -0.213996 -0.925009
1642668773.845918 -0.182363 1.358433 0.261128 -0.295644 0.107264 -0.214039 -0.924811
1642668773.854252 -0.181975 1.357939 0.261642 -0.296254 0.106927 -0.214056 -0.924652
1642668773.862585 -0.181583 1.357472 0.262158 -0.296799 0.106823 -0.214169 -0.924462
1642668773.870918 -0.181193 1.357010 0.262676 -0.297367 0.106779 -0.214225 -0.924272
1642668773.879252 -0.180798 1.356557 0.263190 -0.297904 0.106681 -0.214178 -0.924121
1642668773.887585 -0.180390 1.356119 0.263699 -0.298422 0.106581 -0.214071 -0.923991
1642668773.895918 -0.179964 1.355687 0.264209 -0.298962 0.106569 -0.213883 -0.923861
1642668773.904252 -0.179526 1.355270 0.264722 -0.299490 0.106535 -0.213623 -0.923754
1642668773.912585 -0.179082 1.354872 0.265232 -0.300020 0.106496 -0.213335 -0.923653
1642668773.920918 -0.178631 1.354483 0.265735 -0.300521 0.106506 -0.213073 -0.923550
1642668773.929252 -0.178158 1.354092 0.266246 -0.301021 0.106365 -0.212671 -0.923495
1642668773.937585 -0.177618 1.353716 0.266749 -0.301776 0.106267 -0.212907 -0.923206
1642668773.945918 -0.177092 1.353357 0.267259 -0.302468 0.106083 -0.212903 -0.923002
1642668773.954252 -0.176581 1.353010 0.267806 -0.303015 0.105780 -0.212597 -0.922927
1642668773.962585 -0.176042 1.352667 0.268374 -0.303587 0.105300 -0.212199 -0.922886
1642668773.970918 -0.175474 1.352337 0.268959 -0.304154 0.104890 -0.211892 -0.922817
1642668773.979252 -0.174892 1.352020 0.269556 -0.304780 0.104517 -0.211576 -0.922725
1642668773.987585 -0.174291 1.351701 0.270157 -0.305459 0.103976 -0.211145 -0.922660
1642668773.995918 -0.173659 1.351388 0.270759 -0.306108 0.103444 -0.210690 -0.922609
1642668774.004252 -0.173002 1.351075 0.271371 -0.306715 0.102786 -0.210113 -0.922612
1642668774.012585 -0.172346 1.350768 0.271988 -0.307297 0.102208 -0.209529 -0.922616
1642668774.020918 -0.171673 1.350453 0.272601 -0.307945 0.101735 -0.208941 -0.922585
1642668774.029252 -0.170981 1.350137 0.273219 -0.308627 0.101227 -0.208306 -0.922557
1642668774.037585 -0.170287 1.349818 0.273844 -0.309302 0.100827 -0.207664 -0.922520
1642668774.045918 -0.169590 1.349481 0.274457 -0.310012 0.100193 -0.206844 -0.922534
1642668774.054252 -0.168878 1.349143 0.275093 -0.310777 0.099670 -0.206052 -0.922511
1642668774.062585 -0.168385 1.349045 0.275874 -0.310092 0.099384 -0.203375 -0.923366
1642668774.070918 -0.167795 1.348841 0.276618 -0.310081 0.099523 -0.201676 -0.923727
1642668774.079252 -0.167083 1.348507 0.277295 -0.310907 0.099572 -0.201057 -0.923579
1642668774.087585 -0.166373 1.348169 0.277978 -0.311684 0.099368 -0.200313 -0.923501
1642668774.095918 -0.165666 1.347819 0.278676 -0.312466 0.099269 -0.199552 -0.923412
1642668774.104252 -0.164955 1.347456 0.279388 -0.313296 0.099083 -0.198724 -0.923330
1642668774.112585 -0.164241 1.347067 0.280091 -0.314098 0.098392 -0.197679 -0.923355
1642668774.120918 -0.163531 1.346677 0.280831 -0.314931 0.098018 -0.196762 -0.923307
1642668774.129252 -0.162836 1.346284 0.281588 -0.315825 0.097773 -0.195862 -0.923219
1642668774.137585 -0.162151 1.345877 0.282340 -0.316624 0.097578 -0.195042 -0.923139
1642668774.145918 -0.161466 1.345470 0.283111 -0.317408 0.097475 -0.194317 -0.923034
1642668774.154252 -0.160812 1.345066 0.283884 -0.318340 0.097159 -0.193530 -0.922912
1642668774.162585 -0.160193 1.344670 0.284638 -0.319219 0.096680 -0.192735 -0.922825
1642668774.170918 -0.159591 1.344287 0.285389 -0.320074 0.096398 -0.192151 -0.922680
1642668774.179252 -0.159019 1.343908 0.286124 -0.320888 0.096072 -0.191612 -0.922543
1642668774.187585 -0.158438 1.343493 0.286822 -0.321775 0.095217 -0.190726 -0.922507
1642668774.195918 -0.157895 1.343112 0.287508 -0.322632 0.094613 -0.190105 -0.922397
1642668774.204252 -0.157402 1.342777 0.288179 -0.323279 0.094370 -0.189814 -0.922256
1642668774.212585 -0.156943 1.342439 0.288827 -0.323856 0.094002 -0.189431 -0.922170
1642668774.220918 -0.156502 1.342102 0.289457 -0.324481 0.093671 -0.189130 -0.922045
1642668774.229252 -0.156089 1.341770 0.290060 -0.325047 0.093332 -0.188831 -0.921942
1642668774.237585 -0.155695 1.341435 0.290634 -0.325590 0.093085 -0.188444 -0.921854
1642668774.245918 -0.155340 1.341118 0.291166 -0.326044 0.092854 -0.188287 -0.921749
1642668774.254252 -0.155018 1.340803 0.291667 -0.326450 0.092557 -0.188156 -0.921662
1642668774.262585 -0.154729 1.340493 0.292144 -0.326804 0.092269 -0.188014 -0.921594
1642668774.270918 -0.154472 1.340200 0.292601 -0.327166 0.091954 -0.187950 -0.921511
1642668774.279252 -0.154238 1.339923 0.293028 -0.327542 0.091604 -0.188114 -0.921378
1642668774.287585 -0.154035 1.339653 0.293458 -0.327794 0.091390 -0.188318 -0.921268
1642668774.295918 -0.153848 1.339387 0.293878 -0.328004 0.091086 -0.188504 -0.921186
1642668774.304252 -0.153687 1.339147 0.294270 -0.328200 0.090628 -0.188744 -0.921112
1642668774.312585 -0.153562 1.338929 0.294618 -0.328358 0.089934 -0.189040 -0.921063
1642668774.320918 -0.153444 1.338715 0.294944 -0.328537 0.089303 -0.189414 -0.920984
1642668774.329252 -0.153346 1.338517 0.295257 -0.328635 0.088706 -0.189729 -0.920941
1642668774.337585 -0.153267 1.338335 0.295553 -0.328661 0.088049 -0.189982 -0.920943
1642668774.345918 -0.153192 1.338164 0.295820 -0.328704 0.087286 -0.190252 -0.920945
1642668774.354252 -0.153147 1.338022 0.296079 -0.328801 0.086370 -0.190446 -0.920956
1642668774.362585 -0.153123 1.337889 0.296313 -0.328763 0.085679 -0.190711 -0.920979
1642668774.370918 -0.153113 1.337779 0.296526 -0.328659 0.085084 -0.191080 -0.920995
1642668774.379252 -0.153124 1.337694 0.296729 -0.328568 0.084394 -0.191531 -0.920998
1642668774.387585 -0.153142 1.337627 0.296934 -0.328494 0.083845 -0.192042 -0.920968
1642668774.395918 -0.153180 1.337598 0.297120 -0.328441 0.083258 -0.192666 -0.920910
1642668774.404252 -0.153238 1.337620 0.297284 -0.328275 0.082650 -0.193237 -0.920904
1642668774.412585 -0.153287 1.337685 0.297420 -0.328075 0.081997 -0.193759 -0.920924
1642668774.420918 -0.153291 1.337726 0.297483 -0.327455 0.082117 -0.194402 -0.920998
1642668774.429252 -0.153292 1.337817 0.297522 -0.326968 0.082035 -0.194848 -0.921084
1642668774.437585 -0.153300 1.337958 0.297506 -0.326641 0.081123 -0.194916 -0.921267
1642668774.445918 -0.153267 1.338113 0.297492 -0.326375 0.080999 -0.195058 -0.921342
1642668774.454252 -0.153007 1.338088 0.297258 -0.327550 0.080509 -0.197232 -0.920505
1642668774.462585 -0.152829 1.338170 0.297091 -0.328060 0.080514 -0.198435 -0.920064
1642668774.470918 -0.152780 1.338383 0.296981 -0.327689 0.080709 -0.198495 -0.920166
1642668774.479252 -0.152764 1.338664 0.296856 -0.327685 0.079850 -0.198209 -0.920304
1642668774.487585 -0.152741 1.338951 0.296693 -0.327443 0.079327 -0.198069 -0.920466
1642668774.495918 -0.152940 1.339367 0.296547 -0.324692 0.079811 -0.196109 -0.921817
1642668774.504252 -0.152817 1.339612 0.296254 -0.325027 0.079661 -0.197178 -0.921484
1642668774.512585 -0.152675 1.339863 0.295954 -0.325693 0.079297 -0.198278 -0.921044
1642668774.520918 -0.152650 1.340180 0.295680 -0.325165 0.079210 -0.198196 -0.921255
1642668774.529252 -0.152616 1.340500 0.295380 -0.324560 0.079141 -0.198158 -0.921483
1642668774.537585 -0.152585 1.340832 0.295065 -0.323920 0.079097 -0.198129 -0.921718
1642668774.545918 -0.152558 1.341172 0.294747 -0.323264 0.078997 -0.198177 -0.921947
1642668774.554252 -0.152532 1.341521 0.294426 -0.322628 0.078926 -0.198314 -0.922146
1642668774.562585 -0.152504 1.341873 0.294104 -0.321992 0.078672 -0.198381 -0.922376
1642668774.570918 -0.152541 1.342250 0.293814 -0.320907 0.078355 -0.197951 -0.922873
1642668774.579252 -0.152540 1.342624 0.293516 -0.319930 0.078449 -0.198275 -0.923135
1642668774.587585 -0.152501 1.343015 0.293181 -0.319210 0.078084 -0.198683 -0.923327
1642668774.595918 -0.152462 1.343427 0.292826 -0.318490 0.077372 -0.198825 -0.923605
1642668774.604252 -0.152425 1.343845 0.292465 -0.317769 0.076676 -0.198953 -0.923884
1642668774.612585 -0.152411 1.344292 0.292105 -0.317033 0.076248 -0.199366 -0.924083
1642668774.620918 -0.152369 1.344684 0.291707 -0.316366 0.075068 -0.199153 -0.924454
1642668774.629252 -0.152352 1.345116 0.291334 -0.315612 0.074419 -0.199252 -0.924743
1642668774.637585 -0.152339 1.345573 0.290979 -0.314855 0.074312 -0.199666 -0.924920
1642668774.645918 -0.152318 1.346015 0.290601 -0.314167 0.073924 -0.199827 -0.925151
1642668774.654252 -0.152299 1.346448 0.290208 -0.313501 0.073464 -0.199851 -0.925408
1642668774.662585 -0.152281 1.346878 0.289812 -0.312858 0.073090 -0.199874 -0.925650
1642668774.670918 -0.152269 1.347321 0.289412 -0.312215 0.072827 -0.199853 -0.925893
1642668774.679252 -0.152268 1.347773 0.289001 -0.311603 0.072661 -0.199757 -0.926133
1642668774.687585 -0.152276 1.348213 0.288558 -0.311019 0.072307 -0.199490 -0.926414
1642668774.695918 -0.152314 1.348677 0.288118 -0.310443 0.072496 -0.199383 -0.926615
1642668774.704252 -0.152372 1.349148 0.287659 -0.309873 0.072964 -0.199250 -0.926798
1642668774.712585 -0.152452 1.349615 0.287174 -0.309316 0.073474 -0.199048 -0.926987
1642668774.720918 -0.152563 1.350090 0.286675 -0.308727 0.074084 -0.198809 -0.927186
1642668774.729252 -0.152703 1.350570 0.286166 -0.308109 0.074779 -0.198611 -0.927378
1642668774.737585 -0.152872 1.351061 0.285646 -0.307501 0.075513 -0.198372 -0.927572
1642668774.745918 -0.153063 1.351545 0.285086 -0.306885 0.075969 -0.197947 -0.927830
1642668774.754252 -0.153286 1.352036 0.284519 -0.306296 0.076600 -0.197668 -0.928032
1642668774.762585 -0.153544 1.352538 0.283940 -0.305726 0.077513 -0.197580 -0.928162
1642668774.770918 -0.153834 1.353047 0.283356 -0.305111 0.078802 -0.197673 -0.928236
1642668774.779252 -0.154149 1.353542 0.282747 -0.304474 0.080100 -0.197683 -0.928333
1642668774.787585 -0.154493 1.354026 0.282114 -0.303802 0.081292 -0.197687 -0.928448
1642668774.795918 -0.154867 1.354511 0.281460 -0.303124 0.082304 -0.197789 -0.928559
1642668774.804252 -0.155272 1.354995 0.280785 -0.302446 0.083191 -0.198024 -0.928651
1642668774.812585 -0.155709 1.355484 0.280084 -0.301727 0.084053 -0.198325 -0.928743
1642668774.820918 -0.156163 1.355971 0.279364 -0.300944 0.084777 -0.198670 -0.928857
1642668774.829252 -0.156651 1.356459 0.278615 -0.300067 0.085408 -0.199159 -0.928978
1642668774.837585 -0.157171 1.356941 0.277839 -0.299131 0.085995 -0.199764 -0.929096
1642668774.845918 -0.157735 1.357416 0.277047 -0.298141 0.086484 -0.200353 -0.929242
1642668774.854252 -0.158342 1.357888 0.276238 -0.297099 0.086947 -0.201035 -0.929386
1642668774.862585 -0.158992 1.358360 0.275430 -0.296051 0.087413 -0.201966 -0.929474
1642668774.870918 -0.159673 1.358819 0.274606 -0.294983 0.087663 -0.202939 -0.929578
1642668774.879252 -0.160390 1.359277 0.273795 -0.293878 0.087767 -0.203937 -0.929700
1642668774.887585 -0.161156 1.359745 0.272990 -0.292706 0.087739 -0.205072 -0.929823
1642668774.895918 -0.161948 1.360209 0.272185 -0.291561 0.087609 -0.206347 -0.929913
1642668774.904252 -0.162771 1.360667 0.271383 -0.290439 0.087295 -0.207687 -0.929995
1642668774.912585 -0.163613 1.361128 0.270588 -0.289363 0.086955 -0.209033 -0.930061
1642668774.920918 -0.164471 1.361591 0.269800 -0.288310 0.086534 -0.210385 -0.930122
1642668774.929252 -0.165344 1.362035 0.269011 -0.287255 0.086141 -0.211683 -0.930191
1642668774.937585 -0.166241 1.362448 0.268174 -0.285970 0.085928 -0.213111 -0.930280
1642668774.945918 -0.167141 1.362849 0.267334 -0.284673 0.085832 -0.214481 -0.930372
1642668774.954252 -0.168040 1.363225 0.266507 -0.283521 0.085650 -0.215671 -0.930466
1642668774.962585 -0.168946 1.363572 0.265668 -0.282383 0.085549 -0.216804 -0.930557
1642668774.970918 -0.169846 1.363908 0.264820 -0.281298 0.085601 -0.217914 -0.930622
1642668774.979252 -0.170750 1.364235 0.263964 -0.280163 0.085666 -0.219023 -0.930698
1642668774.987585 -0.171651 1.364544 0.263110 -0.279052 0.085826 -0.220054 -0.930774
1642668774.995918 -0.172554 1.364844 0.262252 -0.277966 0.086113 -0.221064 -0.930833
1642668775.004252 -0.173446 1.365131 0.261397 -0.276926 0.086486 -0.222102 -0.930861
1642668775.012585 -0.174334 1.365409 0.260541 -0.275883 0.086982 -0.223059 -0.930896
1642668775.020918 -0.175210 1.365675 0.259685 -0.274936 0.087580 -0.223896 -0.930919
1642668775.029252 -0.176068 1.365927 0.258802 -0.274012 0.088029 -0.224644 -0.930969
1642668775.037585 -0.176905 1.366164 0.257953 -0.273153 0.088863 -0.225362 -0.930969
1642668775.045918 -0.177731 1.366389 0.257097 -0.272307 0.089885 -0.225946 -0.930977
1642668775.054252 -0.178541 1.366607 0.256219 -0.271505 0.090761 -0.226441 -0.931006
1642668775.062585 -0.179341 1.366814 0.255337 -0.270745 0.091694 -0.226916 -0.931020
1642668775.070918 -0.180138 1.367016 0.254435 -0.269944 0.092378 -0.227237 -0.931107
1642668775.079252 -0.180922 1.367217 0.253552 -0.269148 0.093550 -0.227655 -0.931118
1642668775.087585 -0.181696 1.367417 0.252670 -0.268368 0.094823 -0.228123 -0.931100
1642668775.095918 -0.182467 1.367617 0.251769 -0.267581 0.095620 -0.228483 -0.931157
1642668775.104252 -0.183225 1.367821 0.250893 -0.266821 0.096750 -0.228927 -0.931149
1642668775.112585 -0.183961 1.368021 0.250007 -0.266026 0.097610 -0.229317 -0.931191
1642668775.120918 -0.184673 1.368218 0.249132 -0.265262 0.098641 -0.229697 -0.931206
1642668775.129252 -0.185372 1.368420 0.248252 -0.264440 0.099821 -0.230165 -0.931199
1642668775.137585 -0.186048 1.368609 0.247341 -0.263533 0.100329 -0.230428 -0.931337
1642668775.145918 -0.186709 1.368792 0.246441 -0.262676 0.101067 -0.230709 -0.931429
1642668775.154252 -0.187357 1.368978 0.245547 -0.261786 0.101813 -0.231044 -0.931515
1642668775.162585 -0.188009 1.369164 0.244622 -0.260804 0.102035 -0.231284 -0.931707
1642668775.170918 -0.188687 1.369362 0.243734 -0.259583 0.102582 -0.231254 -0.931996
1642668775.179252 -0.189345 1.369561 0.242811 -0.258406 0.102912 -0.231537 -0.932216
1642668775.187585 -0.189953 1.369752 0.241887 -0.257380 0.103218 -0.232021 -0.932346
1642668775.195918 -0.190543 1.369937 0.240951 -0.256354 0.103477 -0.232550 -0.932468
1642668775.204252 -0.191134 1.370123 0.239981 -0.255303 0.103290 -0.232986 -0.932668
1642668775.212585 -0.191704 1.370305 0.239033 -0.254223 0.103334 -0.233460 -0.932839
1642668775.220918 -0.192263 1.370461 0.238054 -0.252870 0.103606 -0.234060 -0.933027
1642668775.229252 -0.192807 1.370635 0.237086 -0.251657 0.103921 -0.234665 -0.933167
1642668775.237585 -0.193337 1.370815 0.236120 -0.250596 0.103893 -0.235074 -0.933353
1642668775.245918 -0.193871 1.370993 0.235118 -0.249528 0.103508 -0.235350 -0.933613
1642668775.254252 -0.194392 1.371165 0.234133 -0.248434 0.103542 -0.235693 -0.933814
1642668775.262585 -0.194880 1.371362 0.233165 -0.247211 0.103532 -0.236369 -0.933969
1642668775.270918 -0.195383 1.371556 0.232172 -0.245980 0.103564 -0.236920 -0.934150
1642668775.279252 -0.195895 1.371724 0.231135 -0.244773 0.103329 -0.237103 -0.934447
1642668775.287585 -0.196382 1.371886 0.230108 -0.243581 0.103300 -0.237332 -0.934704
1642668775.295918 -0.196869 1.372046 0.229062 -0.242404 0.103285 -0.237533 -0.934960
1642668775.304252 -0.197357 1.372198 0.228004 -0.241200 0.103384 -0.237709 -0.935216
1642668775.312585 -0.197837 1.372347 0.226940 -0.240032 0.103624 -0.237866 -0.935450
1642668775.320918 -0.198309 1.372489 0.225859 -0.238859 0.103880 -0.237991 -0.935690
1642668775.329252 -0.198776 1.372626 0.224774 -0.237647 0.104166 -0.238101 -0.935939
1642668775.337585 -0.199234 1.372747 0.223680 -0.236469 0.104476 -0.238186 -0.936181
1642668775.345918 -0.199686 1.372852 0.222577 -0.235294 0.104860 -0.238293 -0.936407
1642668775.354252 -0.200128 1.372947 0.221462 -0.234181 0.105183 -0.238351 -0.936635
1642668775.362585 -0.200581 1.373036 0.220345 -0.233072 0.105589 -0.238440 -0.936843
1642668775.370918 -0.201045 1.373106 0.219215 -0.231925 0.106321 -0.238639 -0.936994
1642668775.379252 -0.201538 1.373191 0.218059 -0.230854 0.106819 -0.238868 -0.937143
1642668775.387585 -0.202034 1.373273 0.216911 -0.229757 0.107432 -0.239170 -0.937266
1642668775.395918 -0.202539 1.373339 0.215771 -0.228751 0.108065 -0.239450 -0.937368
1642668775.404252 -0.203057 1.373389 0.214587 -0.227596 0.108387 -0.239645 -0.937562
1642668775.412585 -0.203578 1.373430 0.213396 -0.226466 0.108773 -0.239927 -0.937719
1642668775.420918 -0.204127 1.373507 0.212238 -0.225379 0.109273 -0.240246 -0.937841
1642668775.429252 -0.204684 1.373571 0.211075 -0.224322 0.109774 -0.240695 -0.937921
1642668775.437585 -0.205243 1.373612 0.209914 -0.223307 0.110417 -0.241186 -0.937961
1642668775.445918 -0.205814 1.373647 0.208749 -0.222247 0.111039 -0.241686 -0.938011
1642668775.454252 -0.206413 1.373683 0.207590 -0.221315 0.111194 -0.242089 -0.938109
1642668775.462585 -0.207039 1.373719 0.206440 -0.220537 0.111153 -0.242419 -0.938212
1642668775.470918 -0.207659 1.373746 0.205288 -0.219626 0.111529 -0.242900 -0.938256
1642668775.479252 -0.208253 1.373757 0.204120 -0.218442 0.112520 -0.243634 -0.938224
1642668775.487585 -0.208874 1.373777 0.202963 -0.217472 0.113129 -0.244238 -0.938219
1642668775.495918 -0.209503 1.373799 0.201809 -0.216389 0.113747 -0.244889 -0.938226
1642668775.504252 -0.210129 1.373817 0.200653 -0.215275 0.114423 -0.245538 -0.938230
1642668775.512585 -0.210757 1.373822 0.199506 -0.214232 0.114932 -0.246098 -0.938260
1642668775.520918 -0.211378 1.373809 0.198354 -0.213241 0.115452 -0.246581 -0.938295
1642668775.529252 -0.211991 1.373772 0.197205 -0.212199 0.116111 -0.247126 -0.938306
1642668775.537585 -0.212616 1.373720 0.196051 -0.211235 0.116692 -0.247659 -0.938311
1642668775.545918 -0.213247 1.373656 0.194905 -0.210271 0.117118 -0.248206 -0.938330
1642668775.554252 -0.213882 1.373577 0.193763 -0.209244 0.117550 -0.248813 -0.938345
1642668775.562585 -0.214520 1.373492 0.192624 -0.208211 0.117957 -0.249435 -0.938358
1642668775.570918 -0.215192 1.373417 0.191506 -0.207322 0.117878 -0.250063 -0.938398
1642668775.579252 -0.215864 1.373336 0.190384 -0.206352 0.117878 -0.250770 -0.938423
1642668775.587585 -0.216523 1.373235 0.189269 -0.205292 0.118077 -0.251562 -0.938419
1642668775.595918 -0.217180 1.373119 0.188160 -0.204249 0.118239 -0.252369 -0.938409
1642668775.604252 -0.217824 1.372979 0.187044 -0.203228 0.118543 -0.253180 -0.938374
1642668775.612585 -0.218484 1.372826 0.185943 -0.202318 0.118653 -0.253971 -0.938343
1642668775.620918 -0.219146 1.372641 0.184845 -0.201359 0.118731 -0.254659 -0.938353
1642668775.629252 -0.219807 1.372433 0.183750 -0.200467 0.118944 -0.255271 -0.938351
1642668775.637585 -0.220476 1.372197 0.182664 -0.199501 0.119300 -0.255984 -0.938317
1642668775.645918 -0.221147 1.371934 0.181571 -0.198429 0.119891 -0.256840 -0.938235
1642668775.654252 -0.221838 1.371663 0.180485 -0.197504 0.120321 -0.257679 -0.938145
1642668775.662585 -0.222554 1.371391 0.179418 -0.196601 0.120598 -0.258530 -0.938065
1642668775.670918 -0.223288 1.371104 0.178360 -0.195682 0.120867 -0.259479 -0.937961
1642668775.679252 -0.224036 1.370811 0.177311 -0.194771 0.121135 -0.260454 -0.937846
1642668775.687585 -0.224798 1.370503 0.176282 -0.193875 0.121317 -0.261423 -0.937738
1642668775.695918 -0.225576 1.370160 0.175276 -0.193018 0.121654 -0.262403 -0.937598
1642668775.704252 -0.226377 1.369785 0.174272 -0.192120 0.121895 -0.263376 -0.937478
1642668775.712585 -0.227195 1.369383 0.173279 -0.191287 0.122237 -0.264346 -0.937331
1642668775.720918 -0.228039 1.368963 0.172299 -0.190533 0.122740 -0.265359 -0.937132
1642668775.729252 -0.228928 1.368521 0.171324 -0.189975 0.122815 -0.266228 -0.936989
1642668775.737585 -0.229842 1.368058 0.170345 -0.189325 0.123167 -0.267194 -0.936800
1642668775.745918 -0.230769 1.367578 0.169354 -0.188499 0.124118 -0.268331 -0.936516
1642668775.754252 -0.231740 1.367095 0.168367 -0.187795 0.124835 -0.269434 -0.936245
1642668775.762585 -0.232748 1.366606 0.167378 -0.187121 0.125520 -0.270580 -0.935958
1642668775.770918 -0.233758 1.366098 0.166391 -0.186333 0.126586 -0.271892 -0.935591
1642668775.779252 -0.234801 1.365599 0.165416 -0.185629 0.127372 -0.273199 -0.935244
1642668775.787585 -0.235863 1.365083 0.164446 -0.184943 0.128059 -0.274504 -0.934904
1642668775.795918 -0.236910 1.364541 0.163481 -0.184160 0.129238 -0.275931 -0.934476
1642668775.804252 -0.237980 1.363986 0.162539 -0.183435 0.130210 -0.277329 -0.934069
1642668775.812585 -0.239060 1.363426 0.161615 -0.182795 0.130842 -0.278662 -0.933710
1642668775.820918 -0.240137 1.362857 0.160699 -0.182162 0.131541 -0.280068 -0.933315
1642668775.829252 -0.241212 1.362282 0.159788 -0.181576 0.132122 -0.281464 -0.932927
1642668775.837585 -0.242280 1.361719 0.158888 -0.180973 0.132506 -0.282819 -0.932579
1642668775.845918 -0.243333 1.361170 0.157990 -0.180311 0.132894 -0.284208 -0.932230
1642668775.854252 -0.244363 1.360627 0.157089 -0.179627 0.133237 -0.285615 -0.931883
1642668775.862585 -0.245375 1.360099 0.156180 -0.178924 0.133409 -0.286976 -0.931576
1642668775.870918 -0.246349 1.359579 0.155274 -0.178207 0.133638 -0.288310 -0.931269
1642668775.879252 -0.247301 1.359075 0.154361 -0.177473 0.133889 -0.289641 -0.930959
1642668775.887585 -0.248218 1.358580 0.153439 -0.176664 0.133891 -0.290841 -0.930739
1642668775.895918 -0.249098 1.358105 0.152517 -0.175832 0.133928 -0.292051 -0.930512
1642668775.904252 -0.249945 1.357645 0.151591 -0.175048 0.133932 -0.293287 -0.930270
1642668775.912585 -0.250755 1.357209 0.150664 -0.174211 0.133862 -0.294514 -0.930050
1642668775.920918 -0.251529 1.356796 0.149737 -0.173362 0.133692 -0.295683 -0.929862
1642668775.929252 -0.252263 1.356410 0.148807 -0.172483 0.133594 -0.296814 -0.929679
1642668775.937585 -0.252954 1.356049 0.147885 -0.171616 0.133293 -0.297886 -0.929540
1642668775.945918 -0.253604 1.355699 0.146950 -0.170770 0.133002 -0.298926 -0.929404
1642668775.954252 -0.254207 1.355353 0.146016 -0.169837 0.132959 -0.299918 -0.929261
1642668775.962585 -0.254780 1.355039 0.145083 -0.168949 0.132694 -0.300772 -0.929185
1642668775.970918 -0.255304 1.354740 0.144142 -0.168074 0.132394 -0.301557 -0.929132
1642668775.979252 -0.255789 1.354448 0.143207 -0.167173 0.132161 -0.302240 -0.929106
1642668775.987585 -0.256228 1.354165 0.142265 -0.166167 0.132211 -0.303019 -0.929025
1642668775.995918 -0.256633 1.353911 0.141321 -0.165281 0.132047 -0.303659 -0.928998
1642668776.004252 -0.257000 1.353675 0.140387 -0.164426 0.131869 -0.304177 -0.929006
1642668776.012585 -0.257336 1.353450 0.139464 -0.163545 0.131778 -0.304685 -0.929008
1642668776.020918 -0.257636 1.353230 0.138542 -0.162624 0.131813 -0.305172 -0.929004
1642668776.029252 -0.257914 1.353008 0.137627 -0.161561 0.131926 -0.305731 -0.928990
1642668776.037585 -0.258177 1.352813 0.136744 -0.160612 0.131963 -0.306179 -0.929001
1642668776.045918 -0.258419 1.352643 0.135898 -0.159780 0.131984 -0.306486 -0.929041
1642668776.054252 -0.258643 1.352484 0.135074 -0.158995 0.132148 -0.306809 -0.929046
1642668776.062585 -0.258868 1.352329 0.134262 -0.158342 0.132189 -0.307133 -0.929044
1642668776.070918 -0.259102 1.352189 0.133473 -0.157823 0.132070 -0.307412 -0.929057
1642668776.079252 -0.259329 1.352062 0.132708 -0.157279 0.132012 -0.307677 -0.929070
1642668776.087585 -0.259539 1.351939 0.131962 -0.156621 0.132219 -0.307999 -0.929045
1642668776.095918 -0.259763 1.351838 0.131214 -0.156096 0.132245 -0.308250 -0.929047
1642668776.104252 -0.259977 1.351758 0.130481 -0.155528 0.132536 -0.308564 -0.928996
1642668776.112585 -0.260191 1.351702 0.129776 -0.154968 0.132772 -0.308822 -0.928970
1642668776.120918 -0.260412 1.351660 0.129078 -0.154495 0.132942 -0.309007 -0.928963
1642668776.129252 -0.260633 1.351628 0.128391 -0.154066 0.133201 -0.309142 -0.928952
1642668776.137585 -0.260844 1.351601 0.127727 -0.153642 0.133651 -0.309307 -0.928903
1642668776.145918 -0.261055 1.351569 0.127071 -0.153281 0.134142 -0.309511 -0.928824
1642668776.154252 -0.261277 1.351549 0.126428 -0.153006 0.134509 -0.309658 -0.928767
1642668776.162585 -0.261502 1.351535 0.125794 -0.152716 0.134881 -0.309775 -0.928722
1642668776.170918 -0.261727 1.351522 0.125162 -0.152430 0.135292 -0.309905 -0.928666
1642668776.179252 -0.261942 1.351513 0.124541 -0.152087 0.135902 -0.310090 -0.928571
1642668776.187585 -0.262157 1.351511 0.123928 -0.151728 0.136549 -0.310323 -0.928457
1642668776.195918 -0.262387 1.351524 0.123321 -0.151394 0.137002 -0.310510 -0.928382
1642668776.204252 -0.262611 1.351535 0.122720 -0.151015 0.137585 -0.310731 -0.928284
1642668776.212585 -0.262824 1.351538 0.122127 -0.150655 0.138165 -0.310915 -0.928195
1642668776.220918 -0.263045 1.351540 0.121539 -0.150414 0.138509 -0.311048 -0.928138
1642668776.229252 -0.263251 1.351532 0.120966 -0.150139 0.138885 -0.311207 -0.928073
1642668776.237585 -0.263442 1.351505 0.120407 -0.149911 0.139244 -0.311380 -0.927998
1642668776.245918 -0.263632 1.351466 0.119859 -0.149707 0.139592 -0.311539 -0.927925
1642668776.254252 -0.263815 1.351417 0.119315 -0.149460 0.139948 -0.311708 -0.927855
1642668776.262585 -0.263995 1.351363 0.118779 -0.149199 0.140283 -0.311913 -0.927777
1642668776.270918 -0.264163 1.351309 0.118249 -0.148923 0.140606 -0.312130 -0.927700
1642668776.279252 -0.264311 1.351253 0.117728 -0.148635 0.141030 -0.312418 -0.927585
1642668776.287585 -0.264465 1.351202 0.117217 -0.148413 0.141201 -0.312653 -0.927515
1642668776.295918 -0.264625 1.351148 0.116714 -0.148205 0.141336 -0.312874 -0.927453
1642668776.304252 -0.264776 1.351079 0.116224 -0.147994 0.141566 -0.313140 -0.927362
1642668776.312585 -0.264922 1.351009 0.115739 -0.147787 0.141756 -0.313403 -0.927277
1642668776.320918 -0.265063 1.350929 0.115264 -0.147587 0.141980 -0.313632 -0.927197
1642668776.329252 -0.265195 1.350837 0.114804 -0.147459 0.142154 -0.313823 -0.927126
1642668776.337585 -0.265309 1.350735 0.114337 -0.147233 0.142659 -0.314145 -0.926976
1642668776.345918 -0.265432 1.350635 0.113875 -0.147058 0.143045 -0.314513 -0.926819
1642668776.354252 -0.265575 1.350538 0.113443 -0.147129 0.142871 -0.314597 -0.926806
1642668776.362585 -0.265710 1.350445 0.113000 -0.147149 0.142885 -0.314792 -0.926735
1642668776.370918 -0.265829 1.350360 0.112542 -0.147004 0.143127 -0.315115 -0.926611
1642668776.379252 -0.265937 1.350281 0.112086 -0.146831 0.143284 -0.315333 -0.926539
1642668776.387585 -0.266040 1.350209 0.111627 -0.146707 0.143528 -0.315590 -0.926434
1642668776.395918 -0.266137 1.350149 0.111166 -0.146627 0.143819 -0.315898 -0.926297
1642668776.404252 -0.266226 1.350104 0.110704 -0.146537 0.144080 -0.316232 -0.926156
1642668776.412585 -0.266284 1.350065 0.110232 -0.146291 0.144711 -0.316683 -0.925943
1642668776.420918 -0.266339 1.350042 0.109766 -0.146114 0.145154 -0.317061 -0.925772
1642668776.429252 -0.266397 1.350034 0.109321 -0.146031 0.145319 -0.317396 -0.925644
1642668776.437585 -0.266455 1.350037 0.108895 -0.146062 0.145077 -0.317620 -0.925600
1642668776.445918 -0.266485 1.350048 0.108453 -0.146034 0.144962 -0.317899 -0.925527
1642668776.454252 -0.266474 1.350074 0.107999 -0.145906 0.145123 -0.318309 -0.925381
1642668776.462585 -0.266451 1.350117 0.107533 -0.145840 0.145105 -0.318731 -0.925249
1642668776.470918 -0.266427 1.350205 0.107035 -0.145636 0.145122 -0.319376 -0.925056
1642668776.479252 -0.266329 1.350291 0.106554 -0.144880 0.145514 -0.319740 -0.924988
1642668776.487585 -0.266176 1.350372 0.106054 -0.144316 0.145676 -0.320016 -0.924955
1642668776.495918 -0.266002 1.350474 0.105547 -0.144200 0.145192 -0.320273 -0.924960
1642668776.504252 -0.265774 1.350591 0.105012 -0.144014 0.144785 -0.320516 -0.924968
1642668776.512585 -0.265481 1.350714 0.104444 -0.143700 0.144651 -0.320875 -0.924914
1642668776.520918 -0.265126 1.350846 0.103851 -0.143268 0.144788 -0.321359 -0.924792
1642668776.529252 -0.264735 1.350980 0.103257 -0.142890 0.144664 -0.321729 -0.924741
1642668776.537585 -0.264311 1.351115 0.102681 -0.142688 0.144094 -0.321895 -0.924803
1642668776.545918 -0.263852 1.351284 0.102059 -0.142359 0.143754 -0.322328 -0.924756
1642668776.554252 -0.263320 1.351447 0.101382 -0.141919 0.143758 -0.322747 -0.924677
1642668776.562585 -0.262743 1.351598 0.100727 -0.141737 0.143245 -0.322845 -0.924750
1642668776.570918 -0.262109 1.351734 0.100051 -0.141446 0.143035 -0.322986 -0.924778
1642668776.579252 -0.261409 1.351859 0.099312 -0.141044 0.143486 -0.323299 -0.924660
1642668776.587585 -0.260691 1.351980 0.098573 -0.140882 0.143182 -0.323279 -0.924739
1642668776.595918 -0.259928 1.352088 0.097815 -0.140748 0.142875 -0.323176 -0.924843
1642668776.604252 -0.259095 1.352181 0.096994 -0.140482 0.143417 -0.323337 -0.924743
1642668776.612585 -0.258221 1.352232 0.096191 -0.140462 0.143448 -0.323078 -0.924832
1642668776.620918 -0.257332 1.352278 0.095367 -0.140492 0.143571 -0.322882 -0.924877
1642668776.629252 -0.256402 1.352334 0.094477 -0.140267 0.144392 -0.323106 -0.924705
1642668776.637585 -0.255456 1.352386 0.093596 -0.140240 0.144643 -0.323153 -0.924653
1642668776.645918 -0.254465 1.352434 0.092691 -0.140122 0.145266 -0.323409 -0.924484
1642668776.654252 -0.253490 1.352509 0.091767 -0.140042 0.145583 -0.323768 -0.924320
1642668776.662585 -0.252496 1.352589 0.090860 -0.139935 0.145777 -0.324054 -0.924206
1642668776.670918 -0.251433 1.352656 0.089945 -0.139825 0.146205 -0.324350 -0.924051
1642668776.679252 -0.250373 1.352747 0.089037 -0.139892 0.146076 -0.324479 -0.924016
1642668776.687585 -0.249262 1.352832 0.088113 -0.139634 0.146584 -0.324792 -0.923864
1642668776.695918 -0.248139 1.352931 0.087224 -0.139524 0.146630 -0.324902 -0.923835
1642668776.704252 -0.246997 1.353043 0.086378 -0.139026 0.146670 -0.324735 -0.923963
1642668776.712585 -0.245842 1.353161 0.085535 -0.138737 0.146442 -0.324568 -0.924101
1642668776.720918 -0.244670 1.353296 0.084662 -0.138474 0.146468 -0.324635 -0.924113
1642668776.729252 -0.243487 1.353447 0.083807 -0.138352 0.146007 -0.324560 -0.924230
1642668776.737585 -0.242316 1.353631 0.082947 -0.138132 0.145637 -0.324847 -0.924221
1642668776.745918 -0.241112 1.353825 0.082084 -0.137765 0.145501 -0.325147 -0.924191
1642668776.754252 -0.239866 1.354032 0.081233 -0.137454 0.145103 -0.325263 -0.924259
1642668776.762585 -0.238631 1.354280 0.080405 -0.137370 0.144130 -0.325225 -0.924437
1642668776.770918 -0.237308 1.354505 0.079577 -0.136952 0.144167 -0.325512 -0.924393
1642668776.779252 -0.235938 1.354731 0.078778 -0.136559 0.144088 -0.325474 -0.924477
1642668776.787585 -0.234624 1.355044 0.077986 -0.136570 0.143084 -0.325313 -0.924687
1642668776.795918 -0.233205 1.355317 0.077201 -0.136348 0.142946 -0.325208 -0.924779
1642668776.804252 -0.231738 1.355599 0.076426 -0.136119 0.143092 -0.325052 -0.924845
1642668776.812585 -0.230279 1.355929 0.075662 -0.136000 0.142989 -0.324789 -0.924971
1642668776.820918 -0.228783 1.356275 0.074897 -0.135892 0.143092 -0.324489 -0.925076
1642668776.829252 -0.227273 1.356639 0.074132 -0.135911 0.143119 -0.324026 -0.925231
1642668776.837585 -0.225739 1.357016 0.073376 -0.135901 0.143210 -0.323477 -0.925411
1642668776.845918 -0.224179 1.357403 0.072614 -0.135949 0.143424 -0.322940 -0.925558
1642668776.854252 -0.222599 1.357799 0.071841 -0.136004 0.143818 -0.322385 -0.925682
1642668776.862585 -0.221000 1.358213 0.071066 -0.136039 0.144352 -0.321808 -0.925795
1642668776.870918 -0.219398 1.358660 0.070251 -0.136069 0.145053 -0.321378 -0.925830
1642668776.879252 -0.217748 1.359079 0.069446 -0.136185 0.145750 -0.320578 -0.925981
1642668776.887585 -0.216084 1.359523 0.068617 -0.136247 0.146663 -0.319925 -0.926053
1642668776.895918 -0.214382 1.359941 0.067774 -0.136406 0.147656 -0.319058 -0.926171
1642668776.904252 -0.212664 1.360354 0.066916 -0.136507 0.148634 -0.318143 -0.926315
1642668776.912585 -0.210947 1.360777 0.066034 -0.136615 0.149728 -0.317353 -0.926394
1642668776.920918 -0.209205 1.361198 0.065133 -0.136540 0.151104 -0.316659 -0.926419
1642668776.929252 -0.207477 1.361620 0.064236 -0.136650 0.151982 -0.315871 -0.926528
1642668776.937585 -0.205759 1.362054 0.063340 -0.136737 0.152762 -0.315157 -0.926630
1642668776.945918 -0.204032 1.362495 0.062427 -0.136634 0.153620 -0.314493 -0.926729
1642668776.954252 -0.202327 1.362968 0.061490 -0.136473 0.154480 -0.314056 -0.926758
1642668776.962585 -0.200613 1.363446 0.060548 -0.136145 0.155699 -0.313752 -0.926705
1642668776.970918 -0.198882 1.363906 0.059655 -0.136133 0.156053 -0.312936 -0.926923
1642668776.979252 -0.197182 1.364401 0.058756 -0.136068 0.156216 -0.312133 -0.927176
1642668776.987585 -0.195511 1.364934 0.057840 -0.135851 0.156618 -0.311672 -0.927295
1642668776.995918 -0.193862 1.365507 0.056933 -0.135517 0.156838 -0.311283 -0.927437
1642668777.004252 -0.192207 1.366088 0.056010 -0.135020 0.157286 -0.310985 -0.927534
1642668777.012585 -0.190597 1.366705 0.055124 -0.134636 0.157241 -0.310634 -0.927715
1642668777.020918 -0.188980 1.367332 0.054229 -0.134078 0.157412 -0.310422 -0.927838
1642668777.029252 -0.187384 1.367970 0.053347 -0.133641 0.157273 -0.310084 -0.928037
1642668777.037585 -0.185798 1.368621 0.052489 -0.133190 0.156966 -0.309706 -0.928280
1642668777.045918 -0.184228 1.369314 0.051612 -0.132456 0.156932 -0.309623 -0.928419
1642668777.054252 -0.182620 1.369997 0.050770 -0.131854 0.156776 -0.309207 -0.928669
1642668777.062585 -0.180987 1.370679 0.049920 -0.131082 0.156958 -0.308807 -0.928881
1642668777.070918 -0.179396 1.371410 0.049104 -0.130397 0.156635 -0.308444 -0.929153
1642668777.079252 -0.177820 1.372174 0.048281 -0.129611 0.156654 -0.308323 -0.929299
1642668777.087585 -0.176220 1.372917 0.047496 -0.129121 0.156132 -0.307714 -0.929657
1642668777.095918 -0.174616 1.373668 0.046753 -0.128670 0.155616 -0.307041 -0.930029
1642668777.104252 -0.173037 1.374465 0.045996 -0.128061 0.155579 -0.306829 -0.930189
1642668777.112585 -0.171420 1.375234 0.045271 -0.127541 0.155346 -0.306247 -0.930491
1642668777.120918 -0.169800 1.376003 0.044570 -0.127054 0.155229 -0.305644 -0.930775
1642668777.129252 -0.168190 1.376788 0.043879 -0.126656 0.155154 -0.305028 -0.931044
1642668777.137585 -0.166595 1.377601 0.043190 -0.126162 0.155218 -0.304515 -0.931269
1642668777.145918 -0.164952 1.378381 0.042541 -0.125743 0.155301 -0.303732 -0.931567
1642668777.154252 -0.163327 1.379169 0.041890 -0.125304 0.155544 -0.303099 -0.931792
1642668777.162585 -0.161693 1.379936 0.041265 -0.124978 0.155658 -0.302157 -0.932123
1642668777.170918 -0.160062 1.380704 0.040657 -0.124600 0.155843 -0.301263 -0.932432
1642668777.179252 -0.158466 1.381507 0.040062 -0.124143 0.156157 -0.300545 -0.932672
1642668777.187585 -0.156879 1.382328 0.039475 -0.123704 0.156506 -0.299838 -0.932899
1642668777.195918 -0.155302 1.383157 0.038906 -0.123266 0.156908 -0.299206 -0.933092
1642668777.204252 -0.153756 1.384022 0.038344 -0.122751 0.157370 -0.298930 -0.933171
1642668777.212585 -0.152181 1.384855 0.037823 -0.122301 0.157551 -0.298223 -0.933425
1642668777.220918 -0.150595 1.385672 0.037326 -0.121815 0.157789 -0.297482 -0.933685
1642668777.229252 -0.149026 1.386502 0.036825 -0.121258 0.158205 -0.297032 -0.933831
1642668777.237585 -0.147460 1.387321 0.036365 -0.120731 0.158462 -0.296465 -0.934036
1642668777.245918 -0.145898 1.388108 0.035926 -0.120218 0.158642 -0.295766 -0.934293
1642668777.254252 -0.144352 1.388878 0.035494 -0.119725 0.158823 -0.295135 -0.934525
1642668777.262585 -0.142825 1.389642 0.035072 -0.119145 0.159077 -0.294557 -0.934738
1642668777.270918 -0.141304 1.390380 0.034674 -0.118558 0.159487 -0.293975 -0.934926
1642668777.279252 -0.139789 1.391110 0.034310 -0.117926 0.159913 -0.293508 -0.935080
1642668777.287585 -0.138289 1.391840 0.033972 -0.117186 0.160355 -0.293101 -0.935225
1642668777.295918 -0.136794 1.392550 0.033661 -0.116515 0.160696 -0.292574 -0.935415
1642668777.304252 -0.135284 1.393248 0.033385 -0.115822 0.161022 -0.292045 -0.935611
1642668777.312585 -0.133748 1.393949 0.033150 -0.115014 0.161330 -0.291572 -0.935805
1642668777.320918 -0.132188 1.394635 0.032961 -0.114241 0.161522 -0.290948 -0.936060
1642668777.329252 -0.130614 1.395311 0.032815 -0.113436 0.161713 -0.290279 -0.936333
1642668777.337585 -0.129048 1.396005 0.032704 -0.112449 0.161942 -0.289873 -0.936538
1642668777.345918 -0.127445 1.396644 0.032664 -0.111571 0.161922 -0.289024 -0.936909
1642668777.354252 -0.125848 1.397291 0.032709 -0.110221 0.161809 -0.288104 -0.937371
1642668777.362585 -0.124257 1.397929 0.032757 -0.108844 0.162217 -0.287642 -0.937604
1642668777.370918 -0.122692 1.398543 0.032868 -0.108024 0.162005 -0.287046 -0.937918
1642668777.379252 -0.121136 1.399152 0.033041 -0.107183 0.161581 -0.286590 -0.938227
1642668777.387585 -0.119595 1.399761 0.033241 -0.106130 0.161538 -0.286611 -0.938347
1642668777.395918 -0.118026 1.400335 0.033500 -0.105171 0.161523 -0.286654 -0.938445
1642668777.404252 -0.116382 1.400836 0.033834 -0.104320 0.161267 -0.286198 -0.938723
1642668777.412585 -0.114711 1.401315 0.034224 -0.103382 0.160897 -0.285688 -0.939046
1642668777.420918 -0.113033 1.401781 0.034665 -0.102476 0.160635 -0.285192 -0.939340
1642668777.429252 -0.111326 1.402222 0.035166 -0.101604 0.160437 -0.284648 -0.939634
1642668777.437585 -0.109607 1.402639 0.035711 -0.100761 0.160357 -0.284028 -0.939926
1642668777.445918 -0.107900 1.403047 0.036300 -0.099975 0.160266 -0.283455 -0.940198
1642668777.454252 -0.106202 1.403442 0.036946 -0.099140 0.160174 -0.282985 -0.940444
1642668777.462585 -0.104516 1.403828 0.037642 -0.098339 0.160110 -0.282600 -0.940655
1642668777.470918 -0.102827 1.404207 0.038390 -0.097553 0.160049 -0.282374 -0.940815
1642668777.479252 -0.101163 1.404610 0.039165 -0.096790 0.160116 -0.282434 -0.940864
1642668777.487585 -0.099474 1.405007 0.039985 -0.096046 0.160200 -0.282417 -0.940931
1642668777.495918 -0.097729 1.405360 0.040866 -0.095407 0.160082 -0.281819 -0.941196
1642668777.504252 -0.095988 1.405714 0.041762 -0.094838 0.160052 -0.281083 -0.941478
1642668777.512585 -0.094258 1.406079 0.042653 -0.094242 0.160299 -0.280459 -0.941682
1642668777.520918 -0.092565 1.406473 0.043528 -0.093568 0.160827 -0.280145 -0.941753
1642668777.529252 -0.090864 1.406839 0.044410 -0.092994 0.161272 -0.279477 -0.941932
1642668777.537585 -0.089165 1.407195 0.045282 -0.092361 0.161796 -0.278857 -0.942088
1642668777.545918 -0.087524 1.407602 0.046134 -0.091563 0.162452 -0.278569 -0.942138
1642668777.554252 -0.085928 1.408062 0.046993 -0.090707 0.162907 -0.278281 -0.942228
1642668777.562585 -0.084346 1.408531 0.047835 -0.089660 0.163416 -0.278202 -0.942263
1642668777.570918 -0.082803 1.409055 0.048688 -0.088582 0.163838 -0.278225 -0.942285
1642668777.579252 -0.081288 1.409625 0.049558 -0.087429 0.164021 -0.278220 -0.942362
1642668777.587585 -0.079789 1.410221 0.050434 -0.086191 0.164135 -0.278263 -0.942444
1642668777.595918 -0.078336 1.410867 0.051306 -0.084865 0.164234 -0.278482 -0.942482
1642668777.604252 -0.076859 1.411511 0.052211 -0.083516 0.164097 -0.278382 -0.942656
1642668777.612585 -0.075434 1.412217 0.053133 -0.082110 0.163796 -0.278419 -0.942821
1642668777.620918 -0.074039 1.412949 0.054063 -0.080641 0.163379 -0.278522 -0.942990
1642668777.629252 -0.072643 1.413701 0.055052 -0.079223 0.162694 -0.278300 -0.943294
1642668777.637585 -0.071293 1.414503 0.056057 -0.077851 0.161775 -0.278173 -0.943604
1642668777.645918 -0.069987 1.415330 0.057033 -0.076140 0.161205 -0.278537 -0.943733
1642668777.654252 -0.068736 1.416227 0.058030 -0.074444 0.160656 -0.279276 -0.943744
1642668777.662585 -0.067510 1.417162 0.059076 -0.073009 0.159805 -0.279848 -0.943831
1642668777.670918 -0.066307 1.418127 0.060148 -0.071770 0.158465 -0.280099 -0.944078
1642668777.679252 -0.065110 1.419110 0.061233 -0.070510 0.157289 -0.280487 -0.944254
1642668777.687585 -0.063896 1.420093 0.062335 -0.068992 0.156904 -0.281170 -0.944227
1642668777.695918 -0.062699 1.421079 0.063445 -0.067639 0.156481 -0.281611 -0.944264
1642668777.704252 -0.061507 1.422056 0.064568 -0.066516 0.155741 -0.281767 -0.944419
1642668777.712585 -0.060330 1.423041 0.065699 -0.065650 0.154772 -0.281712 -0.944656
1642668777.720918 -0.059126 1.423996 0.066832 -0.064671 0.154518 -0.281706 -0.944767
1642668777.729252 -0.057927 1.424930 0.067966 -0.063801 0.154622 -0.281712 -0.944807
1642668777.737585 -0.056731 1.425861 0.069091 -0.063101 0.154599 -0.281534 -0.944911
1642668777.745918 -0.055548 1.426798 0.070212 -0.062566 0.154383 -0.281190 -0.945084
1642668777.754252 -0.054372 1.427710 0.071306 -0.062073 0.154505 -0.280943 -0.945170
1642668777.762585 -0.053160 1.428588 0.072377 -0.061315 0.155422 -0.280938 -0.945071
1642668777.770918 -0.051969 1.429466 0.073441 -0.060732 0.156062 -0.280821 -0.945038
1642668777.779252 -0.050778 1.430313 0.074492 -0.060281 0.156618 -0.280616 -0.945035
1642668777.787585 -0.049547 1.431122 0.075521 -0.059541 0.157953 -0.280628 -0.944856
1642668777.795918 -0.048319 1.431919 0.076532 -0.059045 0.158778 -0.280409 -0.944814
1642668777.804252 -0.047067 1.432673 0.077532 -0.058506 0.159980 -0.280299 -0.944678
1642668777.812585 -0.045815 1.433413 0.078530 -0.058083 0.160969 -0.279988 -0.944628
1642668777.820918 -0.044546 1.434125 0.079519 -0.057717 0.161923 -0.279637 -0.944592
1642668777.829252 -0.043235 1.434771 0.080490 -0.057321 0.162785 -0.279102 -0.944625
1642668777.837585 -0.041916 1.435388 0.081448 -0.056919 0.163614 -0.278560 -0.944666
1642668777.845918 -0.040580 1.435977 0.082394 -0.056424 0.164590 -0.278184 -0.944638
1642668777.854252 -0.039230 1.436534 0.083323 -0.055896 0.165553 -0.277858 -0.944597
1642668777.862585 -0.037863 1.437053 0.084232 -0.055294 0.166542 -0.277603 -0.944533
1642668777.870918 -0.036494 1.437555 0.085141 -0.054650 0.167415 -0.277376 -0.944483
1642668777.879252 -0.035110 1.438044 0.086067 -0.054171 0.167787 -0.276744 -0.944630
1642668777.887585 -0.033746 1.438523 0.086946 -0.053596 0.168398 -0.276590 -0.944599
1642668777.895918 -0.032388 1.439002 0.087818 -0.053002 0.168939 -0.276557 -0.944546
1642668777.904252 -0.031016 1.439453 0.088697 -0.052492 0.169309 -0.276314 -0.944579
1642668777.912585 -0.029619 1.439860 0.089552 -0.051848 0.170093 -0.276235 -0.944497
1642668777.920918 -0.028201 1.440240 0.090404 -0.051415 0.170553 -0.275814 -0.944561
1642668777.929252 -0.026831 1.440623 0.091240 -0.050983 0.170898 -0.275647 -0.944570
1642668777.937585 -0.025458 1.440991 0.092066 -0.050616 0.171158 -0.275294 -0.944646
1642668777.945918 -0.024115 1.441369 0.092886 -0.050225 0.171663 -0.275152 -0.944617
1642668777.954252 -0.022761 1.441717 0.093711 -0.049936 0.172085 -0.274884 -0.944633
1642668777.962585 -0.021459 1.442049 0.094531 -0.049713 0.172135 -0.274678 -0.944696
1642668777.970918 -0.020210 1.442420 0.095341 -0.049712 0.171750 -0.274362 -0.944858
1642668777.979252 -0.018905 1.442748 0.096123 -0.049496 0.172302 -0.274288 -0.944790
1642668777.987585 -0.017579 1.443070 0.096920 -0.049427 0.172837 -0.273914 -0.944804
1642668777.995918 -0.016334 1.443399 0.097687 -0.049508 0.172966 -0.273647 -0.944854
1642668778.004252 -0.015073 1.443705 0.098456 -0.049547 0.173092 -0.273158 -0.944971
1642668778.012585 -0.013783 1.443976 0.099211 -0.049578 0.173617 -0.272657 -0.945017
1642668778.020918 -0.012510 1.444258 0.099926 -0.049436 0.174881 -0.272714 -0.944775
1642668778.029252 -0.011291 1.444551 0.100629 -0.049364 0.175785 -0.272642 -0.944632
1642668778.037585 -0.010076 1.444825 0.101359 -0.049448 0.176263 -0.272097 -0.944695
1642668778.045918 -0.008817 1.445060 0.102085 -0.049317 0.177397 -0.271777 -0.944582
1642668778.054252 -0.007607 1.445307 0.102802 -0.049403 0.178039 -0.271278 -0.944600
1642668778.062585 -0.006413 1.445569 0.103506 -0.049339 0.178870 -0.270931 -0.944546
1642668778.070918 -0.005236 1.445850 0.104200 -0.049250 0.179921 -0.270751 -0.944403
1642668778.079252 -0.004071 1.446111 0.104875 -0.048816 0.181137 -0.270833 -0.944169
1642668778.087585 -0.002944 1.446398 0.105549 -0.048494 0.181934 -0.270873 -0.944021
1642668778.095918 -0.001840 1.446709 0.106246 -0.048444 0.182289 -0.270743 -0.943993
1642668778.104252 -0.000751 1.447016 0.106937 -0.048340 0.182561 -0.270680 -0.943964
1642668778.112585 0.000309 1.447311 0.107622 -0.048233 0.182641 -0.270618 -0.943971
1642668778.120918 0.001364 1.447599 0.108316 -0.048098 0.182559 -0.270580 -0.944005
1642668778.129252 0.002371 1.447911 0.109009 -0.048299 0.181730 -0.270175 -0.944271
1642668778.137585 0.003416 1.448188 0.109700 -0.048195 0.181891 -0.270091 -0.944269
1642668778.145918 0.004459 1.448439 0.110384 -0.048000 0.182128 -0.270034 -0.944249
1642668778.154252 0.005468 1.448663 0.111064 -0.047925 0.181993 -0.269840 -0.944335
1642668778.162585 0.006505 1.448851 0.111760 -0.047873 0.181946 -0.269428 -0.944464
1642668778.170918 0.007523 1.449032 0.112438 -0.047852 0.181901 -0.268992 -0.944598
1642668778.179252 0.008494 1.449238 0.113083 -0.047855 0.182259 -0.269046 -0.944514
1642668778.187585 0.009499 1.449386 0.113735 -0.047922 0.182720 -0.268780 -0.944497
1642668778.195918 0.010487 1.449505 0.114375 -0.048080 0.182900 -0.268331 -0.944581
1642668778.204252 0.011462 1.449607 0.114985 -0.048099 0.183652 -0.268242 -0.944460
1642668778.212585 0.012399 1.449684 0.115586 -0.048242 0.184177 -0.268016 -0.944415
1642668778.220918 0.013308 1.449735 0.116199 -0.048554 0.184392 -0.267685 -0.944450
1642668778.229252 0.014194 1.449785 0.116756 -0.048663 0.185178 -0.267872 -0.944238
1642668778.237585 0.015095 1.449785 0.117344 -0.049038 0.185838 -0.267634 -0.944157
1642668778.245918 0.015967 1.449787 0.117890 -0.049377 0.186687 -0.267640 -0.943970
1642668778.254252 0.016813 1.449795 0.118394 -0.049579 0.187843 -0.267891 -0.943659
1642668778.262585 0.017676 1.449779 0.118959 -0.050046 0.188706 -0.267616 -0.943540
1642668778.270918 0.018487 1.449793 0.119476 -0.050333 0.189498 -0.267692 -0.943344
1642668778.279252 0.019267 1.449821 0.119969 -0.050598 0.190275 -0.267881 -0.943120
1642668778.287585 0.020050 1.449839 0.120482 -0.050942 0.190779 -0.267884 -0.942999
1642668778.295918 0.020822 1.449876 0.121011 -0.051418 0.190916 -0.267758 -0.942981
1642668778.304252 0.021609 1.449923 0.121536 -0.051860 0.191356 -0.267703 -0.942883
1642668778.312585 0.022398 1.449972 0.122050 -0.052179 0.191783 -0.267658 -0.942791
1642668778.320918 0.023179 1.450025 0.122571 -0.052457 0.191981 -0.267544 -0.942768
1642668778.329252 0.023959 1.450076 0.123086 -0.052691 0.192073 -0.267412 -0.942774
1642668778.337585 0.024719 1.450127 0.123597 -0.052922 0.192147 -0.267266 -0.942787
1642668778.345918 0.025481 1.450173 0.124096 -0.053016 0.192225 -0.267220 -0.942779
1642668778.354252 0.026245 1.450219 0.124592 -0.053163 0.192198 -0.267110 -0.942808
1642668778.362585 0.027004 1.450267 0.125090 -0.053401 0.192279 -0.266977 -0.942815
1642668778.370918 0.027759 1.450303 0.125576 -0.053569 0.192311 -0.266879 -0.942827
1642668778.379252 0.028496 1.450324 0.126042 -0.053718 0.192037 -0.266679 -0.942931
1642668778.387585 0.029212 1.450340 0.126508 -0.054007 0.191443 -0.266356 -0.943126
1642668778.395918 0.029944 1.450352 0.126965 -0.054153 0.191370 -0.266191 -0.943179
1642668778.404252 0.030680 1.450350 0.127405 -0.054192 0.191471 -0.266119 -0.943177
1642668778.412585 0.031410 1.450328 0.127838 -0.054238 0.191405 -0.266013 -0.943218
1642668778.420918 0.032137 1.450283 0.128247 -0.054170 0.191667 -0.265998 -0.943173
1642668778.429252 0.032853 1.450219 0.128649 -0.054223 0.191854 -0.265891 -0.943162
1642668778.437585 0.033559 1.450137 0.129051 -0.054383 0.191878 -0.265761 -0.943184
1642668778.445918 0.034259 1.450039 0.129439 -0.054569 0.191967 -0.265612 -0.943197
1642668778.454252 0.034943 1.449931 0.129828 -0.054907 0.191781 -0.265295 -0.943305
1642668778.462585 0.035620 1.449811 0.130211 -0.055220 0.191693 -0.265043 -0.943375
1642668778.470918 0.036286 1.449685 0.130583 -0.055456 0.191808 -0.264907 -0.943376
1642668778.479252 0.036929 1.449555 0.130948 -0.055700 0.191884 -0.264765 -0.943386
1642668778.487585 0.037560 1.449419 0.131305 -0.055958 0.192012 -0.264657 -0.943375
1642668778.495918 0.038184 1.449277 0.131662 -0.056223 0.192089 -0.264593 -0.943362
1642668778.504252 0.038802 1.449122 0.132014 -0.056484 0.192009 -0.264531 -0.943380
1642668778.512585 0.039411 1.448965 0.132357 -0.056696 0.191896 -0.264501 -0.943398
1642668778.520918 0.040013 1.448815 0.132695 -0.056833 0.191822 -0.264485 -0.943410
1642668778.529252 0.040606 1.448662 0.133026 -0.056953 0.191652 -0.264420 -0.943455
1642668778.537585 0.041189 1.448504 0.133349 -0.057069 0.191440 -0.264378 -0.943503
1642668778.545918 0.041767 1.448344 0.133660 -0.057150 0.191232 -0.264411 -0.943531
1642668778.554252 0.042359 1.448167 0.133959 -0.057170 0.191099 -0.264408 -0.943558
1642668778.562585 0.042935 1.447994 0.134255 -0.057166 0.190931 -0.264461 -0.943577
1642668778.570918 0.043490 1.447820 0.134550 -0.057156 0.190586 -0.264493 -0.943639
1642668778.579252 0.044065 1.447626 0.134902 -0.057344 0.190156 -0.264185 -0.943800
1642668778.587585 0.044587 1.447460 0.135224 -0.057408 0.189880 -0.264238 -0.943837
1642668778.595918 0.045087 1.447302 0.135514 -0.057373 0.189553 -0.264430 -0.943851
1642668778.604252 0.045627 1.447111 0.135836 -0.057484 0.188880 -0.264130 -0.944063
1642668778.612585 0.046128 1.446943 0.136142 -0.057518 0.188478 -0.264211 -0.944119
1642668778.620918 0.046648 1.446754 0.136452 -0.057525 0.188225 -0.264147 -0.944187
1642668778.629252 0.047166 1.446536 0.136781 -0.057567 0.187953 -0.263959 -0.944291
1642668778.637585 0.047630 1.446348 0.137082 -0.057532 0.187877 -0.264219 -0.944236
1642668778.645918 0.048120 1.446124 0.137400 -0.057668 0.187482 -0.264011 -0.944364
1642668778.654252 0.048621 1.445875 0.137717 -0.057853 0.187140 -0.263667 -0.944517
1642668778.662585 0.049112 1.445626 0.138022 -0.057994 0.187041 -0.263547 -0.944561
1642668778.670918 0.049601 1.445350 0.138333 -0.058137 0.187029 -0.263452 -0.944581
1642668778.679252 0.050053 1.445076 0.138621 -0.058115 0.187275 -0.263725 -0.944458
1642668778.687585 0.050534 1.444778 0.138950 -0.058255 0.187342 -0.263559 -0.944482
1642668778.695918 0.050995 1.444477 0.139317 -0.058866 0.186705 -0.262911 -0.944751
1642668778.704252 0.051427 1.444160 0.139668 -0.059432 0.186100 -0.262586 -0.944925
1642668778.712585 0.051869 1.443829 0.140015 -0.059761 0.186016 -0.262529 -0.944937
1642668778.720918 0.052304 1.443501 0.140367 -0.060057 0.186133 -0.262540 -0.944892
1642668778.729252 0.052737 1.443169 0.140729 -0.060330 0.186269 -0.262498 -0.944859
1642668778.737585 0.053168 1.442845 0.141088 -0.060552 0.186649 -0.262537 -0.944759
1642668778.745918 0.053591 1.442516 0.141455 -0.060797 0.186923 -0.262611 -0.944669
1642668778.754252 0.053999 1.442178 0.141840 -0.061154 0.186769 -0.262616 -0.944675
1642668778.762585 0.054408 1.441839 0.142231 -0.061498 0.186695 -0.262644 -0.944659
1642668778.770918 0.054833 1.441496 0.142632 -0.061815 0.186735 -0.262581 -0.944648
1642668778.779252 0.055284 1.441161 0.143029 -0.061930 0.187150 -0.262625 -0.944546
1642668778.787585 0.055725 1.440835 0.143424 -0.062040 0.187499 -0.262700 -0.944449
1642668778.795918 0.056144 1.440510 0.143840 -0.062377 0.187326 -0.262606 -0.944487
1642668778.804252 0.056575 1.440179 0.144259 -0.062728 0.187187 -0.262468 -0.944530
1642668778.812585 0.057012 1.439848 0.144664 -0.063004 0.187197 -0.262317 -0.944552
1642668778.820918 0.057440 1.439530 0.145059 -0.063194 0.187263 -0.262197 -0.944559
1642668778.829252 0.057885 1.439206 0.145445 -0.063202 0.187628 -0.262159 -0.944497
1642668778.837585 0.058334 1.438876 0.145835 -0.063204 0.187904 -0.262025 -0.944479
1642668778.845918 0.058760 1.438554 0.146240 -0.063394 0.187776 -0.261764 -0.944564
1642668778.854252 0.059169 1.438229 0.146636 -0.063619 0.187423 -0.261516 -0.944688
1642668778.862585 0.059593 1.437914 0.147019 -0.063635 0.187560 -0.261499 -0.944664
1642668778.870918 0.060019 1.437610 0.147410 -0.063538 0.187774 -0.261567 -0.944609
1642668778.879252 0.060438 1.437289 0.147796 -0.063349 0.187779 -0.261613 -0.944608
1642668778.887585 0.060856 1.436970 0.148187 -0.063207 0.187662 -0.261719 -0.944612
1642668778.895918 0.061257 1.436676 0.148604 -0.063259 0.187161 -0.261750 -0.944699
1642668778.904252 0.061652 1.436393 0.149025 -0.063223 0.186755 -0.261910 -0.944737
1642668778.912585 0.062063 1.436104 0.149456 -0.063067 0.186422 -0.262095 -0.944762
1642668778.920918 0.062473 1.435821 0.149907 -0.062902 0.186022 -0.262259 -0.944807
1642668778.929252 0.062876 1.435543 0.150369 -0.062742 0.185610 -0.262498 -0.944832
1642668778.937585 0.063284 1.435268 0.150837 -0.062567 0.185224 -0.262855 -0.944820
1642668778.945918 0.063695 1.435000 0.151320 -0.062404 0.184795 -0.263214 -0.944815
1642668778.954252 0.064127 1.434738 0.151827 -0.062176 0.184635 -0.263596 -0.944754
1642668778.962585 0.064566 1.434472 0.152350 -0.062007 0.184357 -0.263839 -0.944752
1642668778.970918 0.065008 1.434196 0.152881 -0.061959 0.183840 -0.263963 -0.944822
1642668778.979252 0.065468 1.433914 0.153404 -0.061813 0.183707 -0.264271 -0.944771
1642668778.987585 0.065947 1.433619 0.153944 -0.061741 0.183583 -0.264485 -0.944740
1642668778.995918 0.066429 1.433324 0.154520 -0.061933 0.183117 -0.264450 -0.944827
1642668779.004252 0.066929 1.433030 0.155099 -0.062101 0.182803 -0.264445 -0.944879
1642668779.012585 0.067462 1.432733 0.155677 -0.062173 0.182808 -0.264530 -0.944849
1642668779.020918 0.068037 1.432426 0.156260 -0.062243 0.182995 -0.264574 -0.944796
1642668779.029252 0.068630 1.432115 0.156862 -0.062379 0.183132 -0.264515 -0.944777
1642668779.037585 0.069224 1.431818 0.157496 -0.062650 0.183000 -0.264424 -0.944810
1642668779.045918 0.069867 1.431532 0.158167 -0.063028 0.182618 -0.264124 -0.944943
1642668779.054252 0.070535 1.431258 0.158842 -0.063342 0.182365 -0.263828 -0.945053
1642668779.062585 0.071202 1.431003 0.159507 -0.063558 0.182397 -0.263826 -0.945033
1642668779.070918 0.071877 1.430764 0.160184 -0.063877 0.182248 -0.263806 -0.945046
1642668779.079252 0.072583 1.430541 0.160865 -0.064036 0.182451 -0.263822 -0.944992
1642668779.087585 0.073280 1.430352 0.161573 -0.064264 0.182414 -0.263808 -0.944987
1642668779.095918 0.073982 1.430184 0.162304 -0.064576 0.182288 -0.263757 -0.945004
1642668779.104252 0.074713 1.430034 0.163034 -0.064748 0.182565 -0.263799 -0.944928
1642668779.112585 0.075486 1.429893 0.163771 -0.064816 0.183114 -0.263896 -0.944790
1642668779.120918 0.076269 1.429777 0.164537 -0.064920 0.183658 -0.263946 -0.944663
1642668779.129252 0.077061 1.429672 0.165330 -0.065150 0.184041 -0.263856 -0.944597
1642668779.137585 0.077834 1.429608 0.166144 -0.065488 0.184248 -0.263835 -0.944540
1642668779.145918 0.078643 1.429567 0.166975 -0.065748 0.184742 -0.263767 -0.944444
1642668779.154252 0.079531 1.429500 0.167848 -0.066109 0.185119 -0.263174 -0.944510
1642668779.162585 0.080410 1.429444 0.168735 -0.066558 0.185058 -0.262529 -0.944670
1642668779.170918 0.081292 1.429420 0.169616 -0.066844 0.185498 -0.262239 -0.944645
1642668779.179252 0.082172 1.429432 0.170532 -0.067225 0.185746 -0.261873 -0.944670
1642668779.187585 0.083062 1.429471 0.171473 -0.067611 0.186082 -0.261465 -0.944690
1642668779.195918 0.083963 1.429511 0.172427 -0.068031 0.186257 -0.261023 -0.944747
1642668779.204252 0.084879 1.429557 0.173397 -0.068420 0.186550 -0.260657 -0.944762
1642668779.212585 0.085805 1.429609 0.174372 -0.068712 0.187024 -0.260333 -0.944737
1642668779.220918 0.086724 1.429677 0.175382 -0.069298 0.186910 -0.259789 -0.944866
1642668779.229252 0.087673 1.429757 0.176408 -0.069914 0.187076 -0.259267 -0.944932
1642668779.237585 0.088653 1.429821 0.177429 -0.070274 0.187791 -0.258895 -0.944865
1642668779.245918 0.089624 1.429873 0.178453 -0.070688 0.188205 -0.258393 -0.944889
1642668779.254252 0.090590 1.429931 0.179493 -0.071375 0.188160 -0.257694 -0.945037
1642668779.262585 0.091545 1.429996 0.180503 -0.071904 0.188640 -0.257303 -0.945008
1642668779.270918 0.092518 1.430058 0.181508 -0.072291 0.189301 -0.256935 -0.944946
1642668779.279252 0.093534 1.430122 0.182511 -0.072512 0.190218 -0.256598 -0.944837
1642668779.287585 0.094527 1.430194 0.183503 -0.072715 0.190902 -0.256269 -0.944773
1642668779.295918 0.095499 1.430274 0.184498 -0.073003 0.191273 -0.255883 -0.944780
1642668779.304252 0.096484 1.430361 0.185482 -0.073252 0.191982 -0.255617 -0.944689
1642668779.312585 0.097468 1.430456 0.186446 -0.073435 0.192737 -0.255537 -0.944543
1642668779.320918 0.098437 1.430562 0.187399 -0.073588 0.193319 -0.255448 -0.944436
1642668779.329252 0.099392 1.430671 0.188348 -0.073743 0.193632 -0.255315 -0.944396
1642668779.337585 0.100347 1.430781 0.189284 -0.073878 0.193979 -0.255275 -0.944325
1642668779.345918 0.101299 1.430917 0.190237 -0.074071 0.194257 -0.255236 -0.944263
1642668779.354252 0.102247 1.431058 0.191188 -0.074200 0.194496 -0.255300 -0.944186
1642668779.362585 0.103207 1.431180 0.192113 -0.074145 0.195055 -0.255567 -0.944003
1642668779.370918 0.104172 1.431299 0.193040 -0.074083 0.195465 -0.255851 -0.943846
1642668779.379252 0.105122 1.431419 0.193975 -0.074090 0.195448 -0.256035 -0.943799
1642668779.387585 0.106092 1.431551 0.194918 -0.074092 0.195536 -0.256252 -0.943722
1642668779.395918 0.107074 1.431678 0.195865 -0.074078 0.195682 -0.256489 -0.943628
1642668779.404252 0.108059 1.431793 0.196820 -0.074060 0.195637 -0.256671 -0.943590
1642668779.412585 0.109046 1.431890 0.197776 -0.074074 0.195364 -0.256798 -0.943610
1642668779.420918 0.110061 1.431982 0.198736 -0.074112 0.195333 -0.256956 -0.943571
1642668779.429252 0.111092 1.432053 0.199705 -0.074129 0.195272 -0.257050 -0.943557
1642668779.437585 0.112144 1.432108 0.200673 -0.074198 0.195347 -0.257185 -0.943499
1642668779.445918 0.113208 1.432158 0.201637 -0.074271 0.195620 -0.257351 -0.943391
1642668779.454252 0.114273 1.432186 0.202600 -0.074341 0.195789 -0.257435 -0.943328
1642668779.462585 0.115346 1.432187 0.203568 -0.074432 0.195890 -0.257552 -0.943268
1642668779.470918 0.116432 1.432169 0.204532 -0.074595 0.196143 -0.257657 -0.943174
1642668779.479252 0.117541 1.432144 0.205500 -0.074789 0.196588 -0.257733 -0.943045
1642668779.487585 0.118662 1.432094 0.206472 -0.074984 0.197158 -0.257774 -0.942899
1642668779.495918 0.119805 1.432030 0.207445 -0.075251 0.197959 -0.257826 -0.942696
1642668779.504252 0.120965 1.431950 0.208419 -0.075600 0.198737 -0.257850 -0.942498
1642668779.512585 0.122107 1.431882 0.209389 -0.075822 0.199579 -0.257620 -0.942365
1642668779.520918 0.123286 1.431763 0.210358 -0.076272 0.200254 -0.257587 -0.942194
1642668779.529252 0.124495 1.431629 0.211325 -0.076860 0.201132 -0.257680 -0.941934
1642668779.537585 0.125669 1.431546 0.212279 -0.077181 0.202134 -0.257469 -0.941751
1642668779.545918 0.126858 1.431476 0.213232 -0.077550 0.203110 -0.257284 -0.941561
1642668779.554252 0.128075 1.431419 0.214187 -0.077953 0.204200 -0.257298 -0.941288
1642668779.562585 0.129277 1.431401 0.215126 -0.078263 0.205410 -0.257563 -0.940927
1642668779.570918 0.130509 1.431388 0.216079 -0.078638 0.206405 -0.257596 -0.940668
1642668779.579252 0.131745 1.431396 0.217040 -0.079028 0.207134 -0.257480 -0.940507
1642668779.587585 0.132976 1.431465 0.218005 -0.079300 0.208087 -0.257581 -0.940247
1642668779.595918 0.134219 1.431568 0.218976 -0.079585 0.209019 -0.257693 -0.939985
1642668779.604252 0.135462 1.431704 0.219954 -0.079858 0.209812 -0.257771 -0.939764
1642668779.612585 0.136692 1.431882 0.220932 -0.080069 0.210724 -0.258120 -0.939446
1642668779.620918 0.137942 1.432076 0.221929 -0.080351 0.211433 -0.258317 -0.939208
1642668779.629252 0.139222 1.432272 0.222944 -0.080723 0.211960 -0.258073 -0.939125
1642668779.637585 0.140506 1.432498 0.223966 -0.081050 0.212575 -0.257935 -0.938995
1642668779.645918 0.141772 1.432755 0.224951 -0.081238 0.213080 -0.258075 -0.938826
1642668779.654252 0.143047 1.433019 0.225949 -0.081483 0.213461 -0.258115 -0.938708
1642668779.662585 0.144372 1.433293 0.226987 -0.081768 0.214125 -0.257993 -0.938565
1642668779.670918 0.145730 1.433573 0.228040 -0.082036 0.214892 -0.257904 -0.938391
1642668779.679252 0.147098 1.433850 0.229101 -0.082330 0.215529 -0.257724 -0.938268
1642668779.687585 0.148486 1.434123 0.230163 -0.082632 0.216135 -0.257407 -0.938190
1642668779.695918 0.149903 1.434389 0.231237 -0.082938 0.216804 -0.257087 -0.938096
1642668779.704252 0.151344 1.434644 0.232320 -0.083276 0.217491 -0.256720 -0.938007
1642668779.712585 0.152841 1.434849 0.233408 -0.083493 0.218296 -0.256258 -0.937927
1642668779.720918 0.154330 1.435062 0.234494 -0.083672 0.219148 -0.255978 -0.937789
1642668779.729252 0.155816 1.435292 0.235589 -0.083950 0.219720 -0.255694 -0.937708
1642668779.737585 0.157329 1.435518 0.236699 -0.084182 0.220211 -0.255310 -0.937677
1642668779.745918 0.158862 1.435736 0.237818 -0.084457 0.220455 -0.254742 -0.937749
1642668779.754252 0.160396 1.435966 0.238945 -0.084681 0.220634 -0.254333 -0.937798
1642668779.762585 0.161908 1.436217 0.240073 -0.084810 0.220883 -0.254130 -0.937783
1642668779.770918 0.163391 1.436501 0.241203 -0.084862 0.221185 -0.254186 -0.937692
1642668779.779252 0.164887 1.436783 0.242356 -0.084946 0.221210 -0.254108 -0.937699
1642668779.787585 0.166359 1.437084 0.243514 -0.085006 0.221224 -0.254169 -0.937674
1642668779.795918 0.167815 1.437410 0.244670 -0.085084 0.221298 -0.254402 -0.937586
1642668779.804252 0.169273 1.437720 0.245843 -0.085231 0.221190 -0.254449 -0.937585
1642668779.812585 0.170727 1.438024 0.247023 -0.085388 0.221068 -0.254407 -0.937611
1642668779.820918 0.172170 1.438324 0.248206 -0.085549 0.220900 -0.254268 -0.937674
1642668779.829252 0.173590 1.438621 0.249387 -0.085766 0.220688 -0.254089 -0.937752
1642668779.837585 0.175001 1.438908 0.250563 -0.085977 0.220674 -0.253957 -0.937772
1642668779.845918 0.176398 1.439186 0.251736 -0.086189 0.220813 -0.253839 -0.937752
1642668779.854252 0.177772 1.439460 0.252898 -0.086413 0.220999 -0.253646 -0.937740
1642668779.862585 0.179121 1.439731 0.254053 -0.086632 0.221266 -0.253447 -0.937710
1642668779.870918 0.180454 1.440007 0.255198 -0.086810 0.221658 -0.253320 -0.937636
1642668779.879252 0.181774 1.440282 0.256330 -0.086978 0.222114 -0.253207 -0.937543
1642668779.887585 0.183089 1.440546 0.257450 -0.087121 0.222604 -0.253105 -0.937441
1642668779.895918 0.184400 1.440804 0.258562 -0.087230 0.223190 -0.253062 -0.937303
1642668779.904252 0.185713 1.441044 0.259666 -0.087374 0.223611 -0.252930 -0.937225
1642668779.912585 0.187022 1.441269 0.260760 -0.087461 0.224099 -0.252790 -0.937138
1642668779.920918 0.188320 1.441491 0.261853 -0.087513 0.224625 -0.252693 -0.937034
1642668779.929252 0.189616 1.441708 0.262940 -0.087540 0.225151 -0.252605 -0.936928
1642668779.937585 0.190911 1.441913 0.264024 -0.087554 0.225653 -0.252547 -0.936822
1642668779.945918 0.192204 1.442114 0.265111 -0.087536 0.226008 -0.252553 -0.936736
1642668779.954252 0.193492 1.442310 0.266196 -0.087499 0.226292 -0.252544 -0.936674
1642668779.962585 0.194770 1.442509 0.267280 -0.087375 0.226501 -0.252554 -0.936632
1642668779.970918 0.196058 1.442703 0.268374 -0.087264 0.226433 -0.252437 -0.936690
1642668779.979252 0.197298 1.442935 0.269451 -0.086981 0.226534 -0.252684 -0.936625
1642668779.987585 0.198571 1.443147 0.270535 -0.086743 0.226272 -0.252709 -0.936704
1642668779.995918 0.199840 1.443360 0.271617 -0.086451 0.225954 -0.252790 -0.936786
1642668780.004252 0.201065 1.443595 0.272685 -0.086042 0.225742 -0.252993 -0.936820
1642668780.012585 0.202321 1.443805 0.273765 -0.085654 0.225276 -0.252992 -0.936968
1642668780.020918 0.203537 1.444043 0.274830 -0.085189 0.224931 -0.253208 -0.937035
1642668780.029252 0.204740 1.444283 0.275888 -0.084677 0.224553 -0.253550 -0.937080
1642668780.037585 0.205970 1.444500 0.276955 -0.084302 0.223800 -0.253560 -0.937291
1642668780.045918 0.207178 1.444741 0.278019 -0.083891 0.223132 -0.253575 -0.937483
1642668780.054252 0.208319 1.445028 0.279064 -0.083262 0.222929 -0.254062 -0.937455
1642668780.062585 0.209479 1.445302 0.280109 -0.082727 0.222557 -0.254362 -0.937510
1642668780.070918 0.210650 1.445573 0.281164 -0.082283 0.221949 -0.254370 -0.937691
1642668780.079252 0.211777 1.445880 0.282211 -0.081801 0.221592 -0.254522 -0.937776
1642668780.087585 0.212887 1.446207 0.283256 -0.081296 0.221208 -0.254640 -0.937879
1642668780.095918 0.213975 1.446545 0.284300 -0.080814 0.220752 -0.254683 -0.938016
1642668780.104252 0.215046 1.446902 0.285340 -0.080374 0.220382 -0.254698 -0.938137
1642668780.112585 0.216103 1.447276 0.286382 -0.079990 0.220043 -0.254700 -0.938249
1642668780.120918 0.217145 1.447650 0.287421 -0.079706 0.219700 -0.254625 -0.938374
1642668780.129252 0.218173 1.448033 0.288456 -0.079443 0.219517 -0.254495 -0.938474
1642668780.137585 0.219177 1.448427 0.289490 -0.079279 0.219476 -0.254358 -0.938535
1642668780.145918 0.220162 1.448830 0.290526 -0.079131 0.219613 -0.254244 -0.938546
1642668780.154252 0.221128 1.449240 0.291560 -0.079046 0.219855 -0.254083 -0.938540
1642668780.162585 0.222074 1.449651 0.292588 -0.079061 0.220185 -0.253855 -0.938523
1642668780.170918 0.223004 1.450067 0.293610 -0.079127 0.220601 -0.253593 -0.938491
1642668780.179252 0.223916 1.450486 0.294625 -0.079247 0.221145 -0.253346 -0.938419
1642668780.187585 0.224815 1.450906 0.295636 -0.079440 0.221794 -0.253028 -0.938336
1642668780.195918 0.225695 1.451328 0.296635 -0.079715 0.222537 -0.252670 -0.938233
1642668780.204252 0.226545 1.451758 0.297625 -0.079946 0.223477 -0.252380 -0.938068
1642668780.212585 0.227421 1.452159 0.298614 -0.080268 0.224340 -0.251952 -0.937949
1642668780.220918 0.228277 1.452554 0.299584 -0.080694 0.225085 -0.251330 -0.937901
1642668780.229252 0.229109 1.452949 0.300541 -0.081079 0.225978 -0.250742 -0.937811
1642668780.237585 0.229941 1.453337 0.301495 -0.081482 0.226922 -0.250176 -0.937699
1642668780.245918 0.230760 1.453719 0.302447 -0.081877 0.227798 -0.249534 -0.937623
1642668780.254252 0.231565 1.454086 0.303386 -0.082278 0.228698 -0.248910 -0.937535
1642668780.262585 0.232353 1.454449 0.304317 -0.082675 0.229622 -0.248337 -0.937426
1642668780.270918 0.233149 1.454803 0.305250 -0.083047 0.230264 -0.247492 -0.937459
1642668780.279252 0.233901 1.455168 0.306158 -0.083260 0.231125 -0.247005 -0.937357
1642668780.287585 0.234631 1.455536 0.307048 -0.083434 0.232006 -0.246632 -0.937222
1642668780.295918 0.235368 1.455894 0.307942 -0.083612 0.232631 -0.246045 -0.937205
1642668780.304252 0.236102 1.456251 0.308834 -0.083731 0.233123 -0.245439 -0.937231
1642668780.312585 0.236832 1.456599 0.309716 -0.083821 0.233454 -0.244753 -0.937320
1642668780.320918 0.237534 1.456929 0.310589 -0.083833 0.233681 -0.244113 -0.937429
1642668780.329252 0.238223 1.457258 0.311455 -0.083829 0.233787 -0.243507 -0.937561
1642668780.337585 0.238909 1.457596 0.312321 -0.083740 0.233779 -0.242892 -0.937730
1642668780.345918 0.239577 1.457928 0.313192 -0.083516 0.233586 -0.242320 -0.937947
1642668780.354252 0.240216 1.458242 0.314059 -0.083232 0.233297 -0.241784 -0.938182
1642668780.362585 0.240830 1.458556 0.314925 -0.082859 0.232955 -0.241324 -0.938419
1642668780.370918 0.241433 1.458864 0.315789 -0.082479 0.232528 -0.240886 -0.938670
1642668780.379252 0.242028 1.459167 0.316653 -0.082070 0.231933 -0.240341 -0.938993
1642668780.387585 0.242597 1.459459 0.317520 -0.081626 0.231209 -0.239759 -0.939359
1642668780.395918 0.243134 1.459732 0.318392 -0.081151 0.230515 -0.239255 -0.939699
1642668780.404252 0.243650 1.460005 0.319270 -0.080643 0.229821 -0.238764 -0.940038
1642668780.412585 0.244131 1.460270 0.320150 -0.080089 0.229215 -0.238292 -0.940353
1642668780.420918 0.244580 1.460530 0.321037 -0.079530 0.228572 -0.237833 -0.940673
1642668780.429252 0.245001 1.460783 0.321943 -0.079020 0.227720 -0.237276 -0.941063
1642668780.437585 0.245405 1.461034 0.322860 -0.078535 0.226836 -0.236644 -0.941476
1642668780.445918 0.245767 1.461301 0.323787 -0.078022 0.226178 -0.236177 -0.941795
1642668780.454252 0.246085 1.461569 0.324728 -0.077584 0.225586 -0.235781 -0.942072
1642668780.462585 0.246382 1.461830 0.325690 -0.077212 0.224971 -0.235323 -0.942364
1642668780.470918 0.246643 1.462073 0.326665 -0.076838 0.224375 -0.234819 -0.942662
1642668780.479252 0.246875 1.462322 0.327650 -0.076544 0.223747 -0.234223 -0.942984
1642668780.487585 0.247062 1.462578 0.328642 -0.076342 0.223368 -0.233831 -0.943187
1642668780.495918 0.247207 1.462823 0.329651 -0.076141 0.223125 -0.233505 -0.943342
1642668780.504252 0.247330 1.463061 0.330670 -0.075976 0.222831 -0.233006 -0.943548
1642668780.512585 0.247436 1.463292 0.331692 -0.075926 0.222414 -0.232299 -0.943824
1642668780.520918 0.247500 1.463524 0.332720 -0.075853 0.222289 -0.231788 -0.943985
1642668780.529252 0.247524 1.463753 0.333756 -0.075740 0.222453 -0.231353 -0.944063
1642668780.537585 0.247526 1.463967 0.334803 -0.075755 0.222438 -0.230661 -0.944234
1642668780.545918 0.247505 1.464181 0.335855 -0.075848 0.222461 -0.229905 -0.944406
1642668780.554252 0.247448 1.464387 0.336893 -0.075623 0.223146 -0.229486 -0.944364
1642668780.562585 0.247367 1.464578 0.337940 -0.075428 0.223863 -0.229048 -0.944316
1642668780.570918 0.247277 1.464745 0.339017 -0.075583 0.224004 -0.228042 -0.944514
1642668780.579252 0.247124 1.464932 0.340092 -0.075609 0.224556 -0.227433 -0.944528
1642668780.587585 0.246914 1.465127 0.341166 -0.075543 0.225391 -0.227137 -0.944405
1642668780.595918 0.246685 1.465305 0.342251 -0.075514 0.225984 -0.226546 -0.944408
1642668780.604252 0.246423 1.465492 0.343343 -0.075479 0.226560 -0.225881 -0.944432
1642668780.612585 0.246123 1.465680 0.344430 -0.075456 0.227162 -0.225274 -0.944434
1642668780.620918 0.245797 1.465870 0.345523 -0.075369 0.227641 -0.224617 -0.944482
1642668780.629252 0.245437 1.466067 0.346626 -0.075234 0.228128 -0.223997 -0.944523
1642668780.637585 0.245037 1.466273 0.347738 -0.075062 0.228556 -0.223437 -0.944565
1642668780.645918 0.244628 1.466455 0.348866 -0.074968 0.228704 -0.222642 -0.944725
1642668780.654252 0.244185 1.466646 0.350002 -0.074844 0.228806 -0.221909 -0.944882
1642668780.662585 0.243692 1.466862 0.351147 -0.074621 0.228945 -0.221381 -0.944990
1642668780.670918 0.243164 1.467086 0.352294 -0.074363 0.229142 -0.221054 -0.945039
1642668780.679252 0.242603 1.467312 0.353445 -0.074084 0.229329 -0.220813 -0.945072
1642668780.687585 0.242035 1.467495 0.354613 -0.073898 0.229238 -0.220188 -0.945255
1642668780.695918 0.241418 1.467688 0.355771 -0.073607 0.229309 -0.219870 -0.945334
1642668780.704252 0.240766 1.467902 0.356920 -0.073242 0.229407 -0.219696 -0.945379
1642668780.712585 0.240089 1.468102 0.358081 -0.072904 0.229339 -0.219337 -0.945505
1642668780.720918 0.239373 1.468303 0.359245 -0.072501 0.229383 -0.219116 -0.945577
1642668780.729252 0.238617 1.468517 0.360400 -0.072107 0.229422 -0.218941 -0.945638
1642668780.737585 0.237819 1.468726 0.361554 -0.071705 0.229393 -0.218752 -0.945719
1642668780.745918 0.236993 1.468955 0.362714 -0.071275 0.229439 -0.218704 -0.945752
1642668780.754252 0.236174 1.469170 0.363887 -0.070707 0.229640 -0.218555 -0.945780
1642668780.762585 0.235271 1.469414 0.365033 -0.070239 0.229710 -0.218661 -0.945773
1642668780.770918 0.234331 1.469672 0.366179 -0.069901 0.229532 -0.218691 -0.945835
1642668780.779252 0.233390 1.469937 0.367317 -0.069424 0.229621 -0.218811 -0.945820
1642668780.787585 0.232408 1.470207 0.368443 -0.068828 0.229958 -0.219142 -0.945706
1642668780.795918 0.231435 1.470461 0.369581 -0.068314 0.230006 -0.219081 -0.945745
1642668780.804252 0.230416 1.470741 0.370696 -0.067704 0.230412 -0.219419 -0.945612
1642668780.812585 0.229373 1.471022 0.371795 -0.067059 0.230976 -0.219911 -0.945406
1642668780.820918 0.228347 1.471285 0.372886 -0.066529 0.231297 -0.220104 -0.945320
1642668780.829252 0.227328 1.471522 0.373982 -0.065996 0.231486 -0.220007 -0.945334
1642668780.837585 0.226322 1.471758 0.375067 -0.065455 0.231759 -0.219908 -0.945328
1642668780.845918 0.225286 1.472017 0.376132 -0.064802 0.232540 -0.220352 -0.945077
1642668780.854252 0.224251 1.472242 0.377193 -0.064135 0.233331 -0.220799 -0.944824
1642668780.862585 0.223257 1.472435 0.378250 -0.063603 0.233737 -0.220848 -0.944747
1642668780.870918 0.222275 1.472604 0.379304 -0.063095 0.234052 -0.220837 -0.944706
1642668780.879252 0.221333 1.472724 0.380363 -0.062658 0.234135 -0.220564 -0.944778
1642668780.887585 0.220375 1.472851 0.381410 -0.062095 0.234515 -0.220697 -0.944690
1642668780.895918 0.219415 1.472957 0.382439 -0.061517 0.234919 -0.221023 -0.944551
1642668780.904252 0.218494 1.473030 0.383470 -0.060999 0.235056 -0.221130 -0.944526
1642668780.912585 0.217581 1.473082 0.384498 -0.060457 0.235217 -0.221347 -0.944470
1642668780.920918 0.216693 1.473115 0.385521 -0.059925 0.235271 -0.221553 -0.944442
1642668780.929252 0.215826 1.473132 0.386547 -0.059452 0.235134 -0.221703 -0.944471
1642668780.937585 0.214970 1.473132 0.387571 -0.059033 0.234950 -0.221845 -0.944510
1642668780.945918 0.214137 1.473118 0.388591 -0.058592 0.234724 -0.222001 -0.944557
1642668780.954252 0.213333 1.473078 0.389622 -0.058195 0.234175 -0.221903 -0.944741
1642668780.962585 0.212499 1.473061 0.390644 -0.057712 0.233937 -0.222292 -0.944737
1642668780.970918 0.211685 1.473035 0.391666 -0.057017 0.234084 -0.222960 -0.944586
1642668780.979252 0.210904 1.473002 0.392695 -0.056431 0.233928 -0.223379 -0.944561
1642668780.987585 0.210115 1.472976 0.393726 -0.056011 0.233399 -0.223700 -0.944641
1642668780.995918 0.209314 1.472961 0.394749 -0.055750 0.232471 -0.223915 -0.944834
1642668781.004252 0.208529 1.472942 0.395778 -0.055484 0.231583 -0.224119 -0.945019
1642668781.012585 0.207761 1.472911 0.396809 -0.055119 0.231087 -0.224479 -0.945077
1642668781.020918 0.207006 1.472885 0.397837 -0.054749 0.230576 -0.224829 -0.945140
1642668781.029252 0.206264 1.472849 0.398866 -0.054379 0.230105 -0.225094 -0.945213
1642668781.037585 0.205552 1.472793 0.399904 -0.054125 0.229487 -0.225015 -0.945396
1642668781.045918 0.204848 1.472742 0.400942 -0.053873 0.228884 -0.224924 -0.945579
1642668781.054252 0.204121 1.472698 0.401968 -0.053580 0.228549 -0.225095 -0.945636
1642668781.062585 0.203382 1.472643 0.402991 -0.053269 0.228422 -0.225381 -0.945616
1642668781.070918 0.202650 1.472584 0.404017 -0.052973 0.228309 -0.225639 -0.945598
1642668781.079252 0.201931 1.472534 0.405046 -0.052774 0.228130 -0.225781 -0.945619
1642668781.087585 0.201210 1.472488 0.406073 -0.052605 0.228169 -0.226068 -0.945550
1642668781.095918 0.200493 1.472445 0.407104 -0.052476 0.228150 -0.226233 -0.945522
1642668781.104252 0.199769 1.472418 0.408122 -0.052321 0.228437 -0.226660 -0.945359
1642668781.112585 0.199053 1.472377 0.409149 -0.052189 0.228776 -0.227048 -0.945192
1642668781.120918 0.198351 1.472321 0.410180 -0.052095 0.229038 -0.227287 -0.945076
1642668781.129252 0.197685 1.472250 0.411215 -0.052133 0.229056 -0.227194 -0.945092
1642668781.137585 0.197002 1.472201 0.412239 -0.052085 0.229406 -0.227399 -0.944960
1642668781.145918 0.196329 1.472152 0.413264 -0.052023 0.229780 -0.227531 -0.944841
1642668781.154252 0.195667 1.472114 0.414298 -0.051972 0.230112 -0.227679 -0.944727
1642668781.162585 0.195022 1.472091 0.415329 -0.051706 0.230972 -0.228135 -0.944422
1642668781.170918 0.194405 1.472052 0.416377 -0.051724 0.231041 -0.227892 -0.944463
1642668781.179252 0.193784 1.472018 0.417427 -0.051895 0.230898 -0.227618 -0.944555
1642668781.187585 0.193165 1.471994 0.418475 -0.051836 0.231238 -0.227688 -0.944458
1642668781.195918 0.192546 1.471975 0.419527 -0.051804 0.231525 -0.227750 -0.944374
1642668781.204252 0.191931 1.471956 0.420585 -0.051780 0.231831 -0.227856 -0.944275
1642668781.212585 0.191334 1.471944 0.421651 -0.051788 0.232065 -0.227903 -0.944205
1642668781.220918 0.190752 1.471932 0.422728 -0.051804 0.232207 -0.227921 -0.944165
1642668781.229252 0.190175 1.471909 0.423805 -0.051829 0.232348 -0.228000 -0.944110
1642668781.237585 0.189607 1.471872 0.424885 -0.051896 0.232470 -0.228088 -0.944055
1642668781.245918 0.189057 1.471829 0.425974 -0.051925 0.232507 -0.228100 -0.944042
1642668781.254252 0.188557 1.471768 0.427069 -0.051831 0.232832 -0.228226 -0.943936
1642668781.262585 0.188053 1.471710 0.428168 -0.051873 0.232789 -0.228252 -0.943938
1642668781.270918 0.187519 1.471678 0.429254 -0.051934 0.232822 -0.228583 -0.943847
1642668781.279252 0.187040 1.471592 0.430358 -0.051965 0.232748 -0.228538 -0.943874
1642668781.287585 0.186607 1.471470 0.431482 -0.051872 0.232892 -0.228474 -0.943859
1642668781.295918 0.186171 1.471340 0.432599 -0.051752 0.233072 -0.228594 -0.943792
1642668781.304252 0.185717 1.471199 0.433719 -0.051784 0.232833 -0.228508 -0.943870
1642668781.312585 0.185232 1.471085 0.434842 -0.051949 0.232509 -0.228615 -0.943916
1642668781.320918 0.184767 1.470948 0.435969 -0.052136 0.231982 -0.228540 -0.944053
1642668781.329252 0.184320 1.470811 0.437109 -0.052217 0.231827 -0.228660 -0.944057
1642668781.337585 0.183870 1.470672 0.438249 -0.052292 0.231565 -0.228691 -0.944110
1642668781.345918 0.183413 1.470515 0.439390 -0.052369 0.231222 -0.228671 -0.944195
1642668781.354252 0.182928 1.470404 0.440537 -0.052310 0.231487 -0.229297 -0.943981
1642668781.362585 0.182445 1.470295 0.441686 -0.052255 0.231673 -0.229802 -0.943816
1642668781.370918 0.181997 1.470134 0.442847 -0.052359 0.231302 -0.229634 -0.943942
1642668781.379252 0.181536 1.469978 0.444014 -0.052437 0.230999 -0.229582 -0.944025
1642668781.387585 0.181060 1.469843 0.445185 -0.052478 0.230881 -0.229742 -0.944012
1642668781.395918 0.180580 1.469712 0.446360 -0.052513 0.230740 -0.229868 -0.944014
1642668781.404252 0.180101 1.469578 0.447550 -0.052582 0.230531 -0.229893 -0.944055
1642668781.412585 0.179599 1.469450 0.448742 -0.052619 0.230564 -0.230195 -0.943971
1642668781.420918 0.179097 1.469289 0.449951 -0.052758 0.230455 -0.230292 -0.943966
1642668781.429252 0.178609 1.469121 0.451172 -0.052695 0.230742 -0.230538 -0.943840
1642668781.437585 0.178104 1.468962 0.452393 -0.052571 0.231144 -0.230982 -0.943640
1642668781.445918 0.177559 1.468800 0.453618 -0.052849 0.230658 -0.231021 -0.943734
1642668781.454252 0.177030 1.468620 0.454859 -0.053201 0.229905 -0.230750 -0.943964
1642668781.462585 0.176491 1.468458 0.456108 -0.053304 0.229687 -0.230909 -0.943972
1642668781.470918 0.175958 1.468280 0.457374 -0.053291 0.229814 -0.231208 -0.943869
1642668781.479252 0.175368 1.468115 0.458648 -0.053418 0.229646 -0.231551 -0.943818
1642668781.487585 0.174763 1.467950 0.459936 -0.053742 0.228929 -0.231587 -0.943965
1642668781.495918 0.174163 1.467778 0.461242 -0.053939 0.228520 -0.231788 -0.944004
1642668781.504252 0.173522 1.467604 0.462561 -0.054044 0.228472 -0.232368 -0.943867
1642668781.512585 0.172905 1.467383 0.463914 -0.054355 0.227874 -0.232357 -0.943996
1642668781.520918 0.172273 1.467162 0.465281 -0.054702 0.227314 -0.232363 -0.944110
1642668781.529252 0.171620 1.466949 0.466661 -0.055028 0.226945 -0.232548 -0.944134
1642668781.537585 0.170944 1.466720 0.468062 -0.055420 0.226531 -0.232760 -0.944158
1642668781.545918 0.170254 1.466476 0.469476 -0.055806 0.226183 -0.233004 -0.944159
1642668781.554252 0.169522 1.466246 0.470893 -0.056139 0.226101 -0.233524 -0.944030
1642668781.562585 0.168768 1.466003 0.472327 -0.056496 0.226001 -0.234077 -0.943896
1642668781.570918 0.168030 1.465718 0.473798 -0.057009 0.225504 -0.234118 -0.943974
1642668781.579252 0.167294 1.465418 0.475285 -0.057605 0.224963 -0.234114 -0.944068
1642668781.587585 0.166518 1.465138 0.476779 -0.058139 0.224666 -0.234364 -0.944044
1642668781.595918 0.165680 1.464891 0.478283 -0.058677 0.224590 -0.234796 -0.943921
1642668781.604252 0.164845 1.464625 0.479804 -0.059064 0.224907 -0.235356 -0.943682
1642668781.612585 0.164019 1.464341 0.481334 -0.059554 0.225084 -0.235792 -0.943500
1642668781.620918 0.163119 1.464087 0.482852 -0.060287 0.224893 -0.236318 -0.943368
1642668781.629252 0.162213 1.463826 0.484382 -0.061015 0.224787 -0.236815 -0.943222
1642668781.637585 0.161336 1.463535 0.485926 -0.061736 0.224842 -0.237139 -0.943080
1642668781.645918 0.160470 1.463220 0.487491 -0.062556 0.224608 -0.237127 -0.943085
1642668781.654252 0.159602 1.462911 0.489063 -0.063368 0.224444 -0.237172 -0.943058
1642668781.662585 0.158704 1.462616 0.490629 -0.064078 0.224630 -0.237532 -0.942875
1642668781.670918 0.157804 1.462319 0.492199 -0.064808 0.224761 -0.237810 -0.942724
1642668781.679252 0.156902 1.462021 0.493773 -0.065349 0.225532 -0.238486 -0.942332
1642668781.687585 0.155992 1.461716 0.495350 -0.065928 0.226296 -0.239118 -0.941948
1642668781.695918 0.155111 1.461395 0.496936 -0.066818 0.226258 -0.239094 -0.941901
1642668781.704252 0.154211 1.461085 0.498519 -0.067864 0.225946 -0.238986 -0.941928
1642668781.712585 0.153277 1.460796 0.500096 -0.068735 0.226120 -0.239393 -0.941720
1642668781.720918 0.152391 1.460469 0.501678 -0.069572 0.226342 -0.239625 -0.941546
1642668781.729252 0.151518 1.460123 0.503265 -0.070477 0.226398 -0.239662 -0.941456
1642668781.737585 0.150632 1.459789 0.504851 -0.071273 0.226661 -0.239940 -0.941262
1642668781.745918 0.149732 1.459469 0.506421 -0.072060 0.227082 -0.240442 -0.940972
1642668781.754252 0.148830 1.459148 0.507989 -0.072830 0.227502 -0.240897 -0.940695
1642668781.762585 0.147954 1.458806 0.509560 -0.073673 0.227803 -0.241172 -0.940486
1642668781.770918 0.147099 1.458439 0.511132 -0.074612 0.227880 -0.241160 -0.940396
1642668781.779252 0.146233 1.458087 0.512683 -0.075449 0.228199 -0.241394 -0.940192
1642668781.787585 0.145380 1.457723 0.514221 -0.076080 0.229077 -0.241950 -0.939785
1642668781.795918 0.144548 1.457341 0.515757 -0.076789 0.229713 -0.242270 -0.939490
1642668781.804252 0.143740 1.456949 0.517281 -0.077640 0.229987 -0.242446 -0.939307
1642668781.812585 0.142924 1.456562 0.518790 -0.078411 0.230342 -0.242652 -0.939103
1642668781.820918 0.142083 1.456199 0.520279 -0.079342 0.230366 -0.242800 -0.938980
1642668781.829252 0.141282 1.455818 0.521766 -0.080226 0.230253 -0.242860 -0.938918
1642668781.837585 0.140511 1.455424 0.523242 -0.080923 0.230409 -0.243041 -0.938773
1642668781.845918 0.139761 1.455013 0.524721 -0.081689 0.230316 -0.243020 -0.938735
1642668781.854252 0.139035 1.454591 0.526200 -0.082254 0.230511 -0.243131 -0.938609
1642668781.862585 0.138305 1.454190 0.527664 -0.082762 0.230781 -0.243448 -0.938416
1642668781.870918 0.137551 1.453824 0.529117 -0.083534 0.230388 -0.243586 -0.938408
1642668781.879252 0.136797 1.453475 0.530547 -0.084190 0.230186 -0.243968 -0.938300
1642668781.887585 0.136092 1.453092 0.531996 -0.084812 0.229896 -0.244152 -0.938267
1642668781.895918 0.135392 1.452712 0.533450 -0.085483 0.229582 -0.244427 -0.938211
1642668781.904252 0.134698 1.452348 0.534885 -0.086039 0.229401 -0.244878 -0.938087
1642668781.912585 0.134026 1.451969 0.536331 -0.086678 0.228844 -0.245065 -0.938115
1642668781.920918 0.133379 1.451574 0.537795 -0.087359 0.228155 -0.245064 -0.938220
1642668781.929252 0.132754 1.451183 0.539255 -0.087986 0.227514 -0.245064 -0.938317
1642668781.937585 0.132117 1.450838 0.540727 -0.088417 0.226723 -0.245291 -0.938409
1642668781.945918 0.131466 1.450504 0.542192 -0.088759 0.226336 -0.245829 -0.938329
1642668781.954252 0.130823 1.450145 0.543649 -0.089283 0.226085 -0.246275 -0.938223
1642668781.962585 0.130193 1.449759 0.545119 -0.089978 0.225306 -0.246406 -0.938310
1642668781.970918 0.129570 1.449374 0.546588 -0.090735 0.224661 -0.246579 -0.938346
1642668781.979252 0.128954 1.448997 0.548061 -0.091458 0.224332 -0.246833 -0.938288
1642668781.987585 0.128326 1.448609 0.549531 -0.092255 0.223760 -0.246998 -0.938303
1642668781.995918 0.127709 1.448223 0.551002 -0.093116 0.223281 -0.247149 -0.938292
1642668782.004252 0.127121 1.447812 0.552482 -0.094043 0.222915 -0.247156 -0.938285
1642668782.012585 0.126504 1.447408 0.553955 -0.094962 0.222599 -0.247357 -0.938214
1642668782.020918 0.125862 1.447013 0.555417 -0.095933 0.222544 -0.247574 -0.938071
1642668782.029252 0.125253 1.446621 0.556899 -0.096862 0.222524 -0.247710 -0.937945
1642668782.037585 0.124676 1.446220 0.558385 -0.097797 0.222410 -0.247763 -0.937861
1642668782.045918 0.124056 1.445790 0.559860 -0.098864 0.222182 -0.247440 -0.937888
1642668782.054252 0.123433 1.445398 0.561337 -0.099906 0.222103 -0.247510 -0.937778
1642668782.062585 0.122822 1.445042 0.562802 -0.100841 0.222527 -0.248019 -0.937443
1642668782.070918 0.122185 1.444626 0.564265 -0.101938 0.222801 -0.247842 -0.937306
1642668782.079252 0.121539 1.444210 0.565724 -0.103030 0.223024 -0.247720 -0.937166
1642668782.087585 0.120908 1.443832 0.567183 -0.104035 0.223555 -0.248027 -0.936847
1642668782.095918 0.120303 1.443406 0.568653 -0.105193 0.223602 -0.247853 -0.936753
1642668782.104252 0.119698 1.442979 0.570109 -0.106308 0.223586 -0.247687 -0.936675
1642668782.112585 0.119083 1.442560 0.571562 -0.107407 0.223812 -0.247812 -0.936462
1642668782.120918 0.118463 1.442136 0.573030 -0.108573 0.223866 -0.247943 -0.936280
1642668782.129252 0.117839 1.441729 0.574474 -0.109564 0.224089 -0.248290 -0.936019
1642668782.137585 0.117224 1.441304 0.575909 -0.110558 0.224317 -0.248671 -0.935747
1642668782.145918 0.116639 1.440837 0.577360 -0.111641 0.224187 -0.248651 -0.935654
1642668782.154252 0.116062 1.440356 0.578807 -0.112737 0.223930 -0.248603 -0.935597
1642668782.162585 0.115467 1.439874 0.580254 -0.113802 0.223664 -0.248767 -0.935489
1642668782.170918 0.114864 1.439398 0.581674 -0.114741 0.223669 -0.249248 -0.935245
1642668782.179252 0.114270 1.438895 0.583082 -0.115711 0.223603 -0.249717 -0.935016
1642668782.187585 0.113710 1.438337 0.584507 -0.116792 0.223093 -0.249915 -0.934950
1642668782.195918 0.113177 1.437750 0.585906 -0.117874 0.222429 -0.249955 -0.934962
1642668782.204252 0.112627 1.437158 0.587282 -0.118885 0.221869 -0.250108 -0.934926
1642668782.212585 0.112062 1.436566 0.588640 -0.119822 0.221543 -0.250550 -0.934765
1642668782.220918 0.111498 1.435963 0.589981 -0.120781 0.221159 -0.250985 -0.934616
1642668782.229252 0.110934 1.435344 0.591297 -0.121772 0.220635 -0.251360 -0.934511
1642668782.237585 0.110375 1.434711 0.592593 -0.122655 0.220274 -0.251811 -0.934359
1642668782.245918 0.109808 1.434055 0.593884 -0.123656 0.219809 -0.252260 -0.934215
1642668782.254252 0.109246 1.433387 0.595133 -0.124585 0.219452 -0.252698 -0.934057
1642668782.262585 0.108678 1.432709 0.596362 -0.125482 0.219109 -0.253141 -0.933898
1642668782.270918 0.108111 1.432024 0.597571 -0.126388 0.218729 -0.253610 -0.933737
1642668782.279252 0.107538 1.431336 0.598757 -0.127213 0.218488 -0.254105 -0.933547
1642668782.287585 0.106961 1.430650 0.599919 -0.128031 0.218273 -0.254625 -0.933344
1642668782.295918 0.106388 1.429971 0.601061 -0.128800 0.218064 -0.255170 -0.933138
1642668782.304252 0.105812 1.429296 0.602194 -0.129575 0.217932 -0.255720 -0.932911
1642668782.312585 0.105230 1.428628 0.603310 -0.130325 0.217810 -0.256321 -0.932670
1642668782.320918 0.104651 1.427963 0.604414 -0.131026 0.217623 -0.256894 -0.932458
1642668782.329252 0.104084 1.427304 0.605502 -0.131735 0.217411 -0.257452 -0.932254
1642668782.337585 0.103510 1.426656 0.606595 -0.132458 0.217098 -0.258038 -0.932062
1642668782.345918 0.102947 1.426020 0.607674 -0.133099 0.216867 -0.258670 -0.931849
1642668782.354252 0.102406 1.425400 0.608733 -0.133723 0.216614 -0.259345 -0.931631
1642668782.362585 0.101863 1.424793 0.609808 -0.134389 0.216211 -0.259968 -0.931455
1642668782.370918 0.101338 1.424193 0.610874 -0.134977 0.215898 -0.260588 -0.931270
1642668782.379252 0.100824 1.423600 0.611936 -0.135573 0.215538 -0.261212 -0.931092
1642668782.387585 0.100319 1.423015 0.613001 -0.136214 0.215051 -0.261784 -0.930950
1642668782.395918 0.099833 1.422435 0.614067 -0.136855 0.214520 -0.262309 -0.930830
1642668782.404252 0.099347 1.421875 0.615124 -0.137407 0.214152 -0.263019 -0.930634
1642668782.412585 0.098892 1.421298 0.616191 -0.138078 0.213583 -0.263536 -0.930519
1642668782.420918 0.098459 1.420724 0.617254 -0.138725 0.213018 -0.264065 -0.930402
1642668782.429252 0.098030 1.420163 0.618315 -0.139273 0.212585 -0.264762 -0.930221
1642668782.437585 0.097648 1.419564 0.619388 -0.139958 0.211886 -0.265085 -0.930186
1642668782.445918 0.097268 1.418980 0.620447 -0.140562 0.211247 -0.265581 -0.930099
1642668782.454252 0.096890 1.418412 0.621493 -0.141105 0.210727 -0.266244 -0.929945
1642668782.462585 0.096539 1.417831 0.622548 -0.141729 0.210105 -0.266697 -0.929861
1642668782.470918 0.096199 1.417259 0.623609 -0.142360 0.209472 -0.267143 -0.929779
1642668782.479252 0.095892 1.416692 0.624652 -0.142876 0.209006 -0.267673 -0.929653
1642668782.487585 0.095591 1.416129 0.625703 -0.143474 0.208438 -0.268178 -0.929543
1642668782.495918 0.095308 1.415561 0.626754 -0.144067 0.207847 -0.268621 -0.929455
1642668782.504252 0.095044 1.415001 0.627813 -0.144634 0.207238 -0.268998 -0.929394
1642668782.512585 0.094808 1.414438 0.628868 -0.145299 0.206574 -0.269337 -0.929340
1642668782.520918 0.094598 1.413866 0.629912 -0.145906 0.205980 -0.269670 -0.929280
1642668782.529252 0.094408 1.413284 0.630985 -0.146586 0.205348 -0.269811 -0.929272
1642668782.537585 0.094232 1.412714 0.632036 -0.147243 0.205002 -0.270206 -0.929130
1642668782.545918 0.094096 1.412111 0.633021 -0.148193 0.204876 -0.271048 -0.928761
1642668782.554252 0.093981 1.411508 0.634030 -0.149196 0.204552 -0.271632 -0.928502
1642668782.562585 0.093854 1.410960 0.635085 -0.149898 0.204072 -0.271933 -0.928406
1642668782.570918 0.093743 1.410412 0.636139 -0.150624 0.203584 -0.272203 -0.928317
1642668782.579252 0.093644 1.409874 0.637194 -0.151286 0.203189 -0.272447 -0.928224
1642668782.587585 0.093563 1.409348 0.638244 -0.151931 0.202859 -0.272711 -0.928113
1642668782.595918 0.093507 1.408810 0.639312 -0.152697 0.202329 -0.272778 -0.928083
1642668782.604252 0.093446 1.408304 0.640368 -0.153404 0.201910 -0.272979 -0.927999
1642668782.612585 0.093373 1.407819 0.641415 -0.154023 0.201632 -0.273319 -0.927857
1642668782.620918 0.093328 1.407331 0.642470 -0.154700 0.201261 -0.273510 -0.927768
1642668782.629252 0.093300 1.406849 0.643516 -0.155389 0.200930 -0.273700 -0.927669
1642668782.637585 0.093273 1.406373 0.644574 -0.156064 0.200555 -0.273848 -0.927593
1642668782.645918 0.093254 1.405908 0.645626 -0.156681 0.200202 -0.274027 -0.927513
1642668782.654252 0.093240 1.405451 0.646665 -0.157371 0.199825 -0.274203 -0.927425
1642668782.662585 0.093224 1.405002 0.647720 -0.158083 0.199327 -0.274329 -0.927374
1642668782.670918 0.093218 1.404566 0.648769 -0.158712 0.198902 -0.274536 -0.927296
1642668782.679252 0.093223 1.404135 0.649816 -0.159362 0.198502 -0.274777 -0.927199
1642668782.687585 0.093229 1.403713 0.650862 -0.160008 0.198014 -0.274939 -0.927144
1642668782.695918 0.093250 1.403289 0.651910 -0.160681 0.197394 -0.274902 -0.927171
1642668782.704252 0.093268 1.402878 0.652957 -0.161333 0.196895 -0.275117 -0.927100
1642668782.712585 0.093289 1.402484 0.653980 -0.161945 0.196531 -0.275537 -0.926946
1642668782.720918 0.093330 1.402083 0.655004 -0.162543 0.196058 -0.275751 -0.926878
1642668782.729252 0.093388 1.401664 0.656053 -0.163199 0.195356 -0.275730 -0.926917
1642668782.737585 0.093439 1.401262 0.657085 -0.163821 0.194834 -0.275911 -0.926863
1642668782.745918 0.093490 1.400877 0.658096 -0.164359 0.194429 -0.276296 -0.926738
1642668782.754252 0.093565 1.400470 0.659120 -0.164969 0.193765 -0.276464 -0.926719
1642668782.762585 0.093645 1.400063 0.660137 -0.165525 0.193196 -0.276646 -0.926684
1642668782.770918 0.093734 1.399663 0.661144 -0.166074 0.192645 -0.276873 -0.926633
1642668782.779252 0.093834 1.399267 0.662159 -0.166660 0.192030 -0.277121 -0.926581
1642668782.787585 0.093941 1.398882 0.663168 -0.167183 0.191468 -0.277401 -0.926520
1642668782.795918 0.094063 1.398507 0.664177 -0.167657 0.190895 -0.277655 -0.926476
1642668782.804252 0.094194 1.398132 0.665195 -0.168182 0.190207 -0.277867 -0.926459
1642668782.812585 0.094381 1.397717 0.666235 -0.168868 0.189553 -0.277781 -0.926494
1642668782.820918 0.094583 1.397309 0.667270 -0.169478 0.188959 -0.277673 -0.926536
1642668782.829252 0.094752 1.396937 0.668284 -0.169955 0.188189 -0.277791 -0.926570
1642668782.837585 0.094941 1.396561 0.669286 -0.170438 0.187402 -0.277931 -0.926599
1642668782.845918 0.095124 1.396210 0.670265 -0.170838 0.186832 -0.278319 -0.926524
1642668782.854252 0.095338 1.395847 0.671261 -0.171287 0.186078 -0.278443 -0.926556
1642668782.862585 0.095589 1.395474 0.672272 -0.171761 0.185124 -0.278299 -0.926702
1642668782.870918 0.095815 1.395146 0.673254 -0.172104 0.184432 -0.278600 -0.926686
1642668782.879252 0.096059 1.394822 0.674223 -0.172470 0.183760 -0.278926 -0.926653
1642668782.887585 0.096336 1.394486 0.675203 -0.172878 0.182934 -0.279030 -0.926710
1642668782.895918 0.096618 1.394168 0.676181 -0.173208 0.182153 -0.279113 -0.926777
1642668782.904252 0.096937 1.393846 0.677172 -0.173596 0.181171 -0.278913 -0.926957
1642668782.912585 0.097270 1.393532 0.678156 -0.174016 0.180119 -0.278729 -0.927138
1642668782.920918 0.097585 1.393253 0.679130 -0.174351 0.179126 -0.278743 -0.927264
1642668782.929252 0.097885 1.393016 0.680097 -0.174553 0.178264 -0.278960 -0.927327
1642668782.937585 0.098218 1.392765 0.681077 -0.174782 0.177410 -0.279051 -0.927420
1642668782.945918 0.098578 1.392508 0.682074 -0.175118 0.176429 -0.278952 -0.927574
1642668782.954252 0.098893 1.392305 0.683050 -0.175370 0.175483 -0.279176 -0.927638
1642668782.962585 0.099234 1.392089 0.684045 -0.175676 0.174383 -0.279190 -0.927783
1642668782.970918 0.099603 1.391880 0.685060 -0.176001 0.173226 -0.279011 -0.927992
1642668782.979252 0.099941 1.391726 0.686063 -0.176222 0.172253 -0.279215 -0.928070
1642668782.987585 0.100290 1.391576 0.687073 -0.176508 0.171254 -0.279413 -0.928141
1642668782.995918 0.100660 1.391412 0.688101 -0.176829 0.170070 -0.279355 -0.928315
1642668783.004252 0.101036 1.391254 0.689132 -0.177120 0.168936 -0.279255 -0.928497
1642668783.012585 0.101427 1.391101 0.690169 -0.177447 0.167896 -0.279163 -0.928650
1642668783.020918 0.101828 1.390953 0.691216 -0.177842 0.166818 -0.279070 -0.928797
1642668783.029252 0.102227 1.390818 0.692264 -0.178195 0.165723 -0.278962 -0.928958
1642668783.037585 0.102626 1.390688 0.693320 -0.178511 0.164659 -0.278818 -0.929129
1642668783.045918 0.103040 1.390560 0.694382 -0.178912 0.163619 -0.278655 -0.929285
1642668783.054252 0.103489 1.390409 0.695452 -0.179407 0.162533 -0.278325 -0.929479
1642668783.062585 0.103942 1.390266 0.696527 -0.179879 0.161447 -0.277961 -0.929686
1642668783.070918 0.104384 1.390146 0.697601 -0.180285 0.160244 -0.277636 -0.929913
1642668783.079252 0.104821 1.390033 0.698680 -0.180706 0.159182 -0.277401 -0.930083
1642668783.087585 0.105257 1.389923 0.699764 -0.181168 0.158368 -0.277292 -0.930165
1642668783.095918 0.105703 1.389806 0.700850 -0.181651 0.157426 -0.277114 -0.930284
1642668783.104252 0.106149 1.389691 0.701943 -0.182137 0.156454 -0.276912 -0.930413
1642668783.112585 0.106576 1.389593 0.703034 -0.182574 0.155678 -0.276890 -0.930464
1642668783.120918 0.107036 1.389477 0.704135 -0.183114 0.154772 -0.276658 -0.930578
1642668783.129252 0.107523 1.389339 0.705249 -0.183767 0.153676 -0.276178 -0.930774
1642668783.137585 0.107981 1.389231 0.706342 -0.184282 0.152833 -0.276079 -0.930840
1642668783.145918 0.108464 1.389104 0.707449 -0.184871 0.151872 -0.275787 -0.930967
1642668783.154252 0.108946 1.388982 0.708560 -0.185490 0.150825 -0.275483 -0.931104
1642668783.162585 0.109442 1.388849 0.709666 -0.186136 0.149697 -0.275042 -0.931287
1642668783.170918 0.109958 1.388700 0.710791 -0.186820 0.148785 -0.274541 -0.931444
1642668783.179252 0.110426 1.388598 0.711898 -0.187398 0.148085 -0.274487 -0.931456
1642668783.187585 0.110904 1.388485 0.712996 -0.187995 0.147152 -0.274251 -0.931553
1642668783.195918 0.111453 1.388308 0.714113 -0.188658 0.146187 -0.273632 -0.931753
1642668783.204252 0.111975 1.388154 0.715209 -0.189224 0.145533 -0.273356 -0.931821
1642668783.212585 0.112454 1.388037 0.716286 -0.189711 0.144995 -0.273316 -0.931818
1642668783.220918 0.112958 1.387904 0.717369 -0.190285 0.144231 -0.272980 -0.931918
1642668783.229252 0.113506 1.387727 0.718447 -0.190827 0.143665 -0.272501 -0.932035
1642668783.237585 0.114006 1.387592 0.719535 -0.191743 0.142521 -0.271863 -0.932209
1642668783.245918 0.114436 1.387520 0.720605 -0.192652 0.141258 -0.271543 -0.932307
1642668783.254252 0.114925 1.387384 0.721663 -0.193252 0.140459 -0.271196 -0.932404
1642668783.262585 0.115436 1.387226 0.722713 -0.193928 0.139365 -0.270566 -0.932611
1642668783.270918 0.115916 1.387100 0.723750 -0.194547 0.138476 -0.270211 -0.932718
1642668783.279252 0.116380 1.386992 0.724781 -0.195176 0.137801 -0.269988 -0.932750
1642668783.287585 0.116853 1.386879 0.725788 -0.195774 0.136840 -0.269617 -0.932874
1642668783.295918 0.117321 1.386779 0.726788 -0.196303 0.135831 -0.269240 -0.933019
1642668783.304252 0.117771 1.386715 0.727787 -0.196777 0.135210 -0.269099 -0.933050
1642668783.312585 0.118198 1.386679 0.728753 -0.197151 0.134662 -0.269187 -0.933025
1642668783.320918 0.118629 1.386643 0.729696 -0.197523 0.133829 -0.269149 -0.933077
1642668783.329252 0.119114 1.386574 0.730640 -0.197990 0.132628 -0.268610 -0.933305
1642668783.337585 0.119600 1.386526 0.731571 -0.198368 0.131377 -0.268052 -0.933562
1642668783.345918 0.120043 1.386534 0.732486 -0.198610 0.130551 -0.267929 -0.933662
1642668783.354252 0.120495 1.386552 0.733378 -0.198845 0.129543 -0.267742 -0.933806
1642668783.362585 0.120956 1.386576 0.734260 -0.199108 0.128446 -0.267547 -0.933957
1642668783.370918 0.121420 1.386597 0.735130 -0.199360 0.127306 -0.267326 -0.934123
1642668783.379252 0.121890 1.386615 0.735988 -0.199562 0.125978 -0.266994 -0.934355
1642668783.387585 0.122332 1.386632 0.736834 -0.199762 0.124409 -0.266742 -0.934594
1642668783.395918 0.122753 1.386681 0.737659 -0.199897 0.123028 -0.266780 -0.934737
1642668783.404252 0.123224 1.386719 0.738481 -0.200043 0.121873 -0.266601 -0.934908
1642668783.412585 0.123713 1.386742 0.739293 -0.200271 0.120584 -0.266172 -0.935149
1642668783.420918 0.124172 1.386798 0.740093 -0.200431 0.119490 -0.266053 -0.935289
1642668783.429252 0.124628 1.386858 0.740882 -0.200531 0.118406 -0.265954 -0.935434
1642668783.437585 0.125080 1.386921 0.741658 -0.200678 0.117274 -0.265790 -0.935591
1642668783.445918 0.125515 1.387003 0.742427 -0.200772 0.116215 -0.265633 -0.935748
1642668783.454252 0.125919 1.387109 0.743167 -0.200775 0.115532 -0.265853 -0.935769
1642668783.462585 0.126398 1.387143 0.743886 -0.200968 0.114472 -0.265690 -0.935904
1642668783.470918 0.126914 1.387161 0.744602 -0.201236 0.113209 -0.265186 -0.936143
1642668783.479252 0.127376 1.387233 0.745302 -0.201394 0.112348 -0.265015 -0.936261
1642668783.487585 0.127823 1.387326 0.746000 -0.201522 0.111510 -0.264793 -0.936397
1642668783.495918 0.128262 1.387419 0.746681 -0.201610 0.110811 -0.264575 -0.936523
1642668783.504252 0.128734 1.387471 0.747324 -0.201738 0.110148 -0.264318 -0.936646
1642668783.512585 0.129213 1.387527 0.747951 -0.201910 0.109471 -0.264004 -0.936777
1642668783.520918 0.129669 1.387610 0.748574 -0.202080 0.108869 -0.263682 -0.936901
1642668783.529252 0.130098 1.387722 0.749188 -0.202247 0.108293 -0.263339 -0.937028
1642668783.537585 0.130512 1.387839 0.749785 -0.202429 0.107839 -0.263073 -0.937116
1642668783.545918 0.130923 1.387951 0.750361 -0.202597 0.107527 -0.262914 -0.937160
1642668783.554252 0.131355 1.388067 0.750941 -0.202901 0.107077 -0.262576 -0.937240
1642668783.562585 0.131783 1.388197 0.751510 -0.203238 0.106548 -0.262155 -0.937346
1642668783.570918 0.132164 1.388371 0.752050 -0.203392 0.106180 -0.261865 -0.937435
1642668783.579252 0.132538 1.388559 0.752569 -0.203517 0.105941 -0.261617 -0.937504
1642668783.587585 0.132904 1.388740 0.753062 -0.203636 0.105798 -0.261412 -0.937552
1642668783.595918 0.133247 1.388939 0.753538 -0.203743 0.105661 -0.261207 -0.937601
1642668783.604252 0.133612 1.389129 0.753990 -0.203879 0.105416 -0.260929 -0.937676
1642668783.612585 0.133991 1.389326 0.754425 -0.203973 0.105188 -0.260670 -0.937753
1642668783.620918 0.134345 1.389557 0.754853 -0.204032 0.105003 -0.260484 -0.937813
1642668783.629252 0.134683 1.389827 0.755278 -0.204075 0.104696 -0.260248 -0.937904
1642668783.637585 0.135013 1.390114 0.755689 -0.204095 0.104339 -0.259952 -0.938021
1642668783.645918 0.135352 1.390388 0.756073 -0.204084 0.103969 -0.259693 -0.938136
1642668783.654252 0.135693 1.390673 0.756442 -0.204020 0.103558 -0.259498 -0.938250
1642668783.662585 0.136032 1.390974 0.756806 -0.203904 0.103182 -0.259355 -0.938356
1642668783.670918 0.136408 1.391270 0.757162 -0.203777 0.102603 -0.259147 -0.938504
1642668783.679252 0.136797 1.391586 0.757507 -0.203628 0.101859 -0.258893 -0.938688
1642668783.687585 0.137159 1.391975 0.757861 -0.203384 0.101044 -0.258698 -0.938883
1642668783.695918 0.137534 1.392380 0.758208 -0.203118 0.100197 -0.258538 -0.939075
1642668783.704252 0.137920 1.392793 0.758532 -0.202805 0.099482 -0.258575 -0.939209
1642668783.712585 0.138338 1.393220 0.758852 -0.202529 0.098608 -0.258505 -0.939379
1642668783.720918 0.138817 1.393623 0.759179 -0.202340 0.097627 -0.258095 -0.939635
1642668783.729252 0.139295 1.394044 0.759487 -0.202101 0.096746 -0.257809 -0.939857
1642668783.737585 0.139838 1.394430 0.759804 -0.201945 0.095570 -0.257470 -0.940103
1642668783.745918 0.140404 1.394816 0.760113 -0.201827 0.094433 -0.257051 -0.940358
1642668783.754252 0.140919 1.395248 0.760387 -0.201635 0.093755 -0.256639 -0.940579
1642668783.762585 0.141478 1.395643 0.760665 -0.201527 0.093086 -0.255826 -0.940890
1642668783.770918 0.142051 1.396042 0.760933 -0.201450 0.092348 -0.254915 -0.941227
1642668783.779252 0.142603 1.396463 0.761180 -0.201352 0.091718 -0.254136 -0.941520
1642668783.787585 0.143142 1.396887 0.761413 -0.201248 0.091313 -0.253385 -0.941784
1642668783.795918 0.143676 1.397317 0.761636 -0.201104 0.091158 -0.252660 -0.942025
1642668783.804252 0.144195 1.397758 0.761852 -0.200935 0.091217 -0.251980 -0.942237
1642668783.812585 0.144708 1.398205 0.762059 -0.200828 0.091251 -0.251245 -0.942453
1642668783.820918 0.145238 1.398652 0.762263 -0.200803 0.091158 -0.250379 -0.942698
1642668783.829252 0.145766 1.399100 0.762462 -0.200764 0.091177 -0.249529 -0.942930
1642668783.837585 0.146272 1.399549 0.762653 -0.200711 0.091294 -0.248709 -0.943146
1642668783.845918 0.146766 1.400021 0.762836 -0.200632 0.091472 -0.248047 -0.943320
1642668783.854252 0.147273 1.400483 0.763026 -0.200561 0.091721 -0.247298 -0.943507
1642668783.862585 0.147759 1.400965 0.763212 -0.200486 0.091966 -0.246177 -0.943793
1642668783.870918 0.148227 1.401477 0.763392 -0.200344 0.092254 -0.245231 -0.944041
1642668783.879252 0.148752 1.401974 0.763585 -0.200217 0.092170 -0.244330 -0.944310
1642668783.887585 0.149276 1.402488 0.763777 -0.200096 0.091990 -0.243414 -0.944590
1642668783.895918 0.149767 1.403018 0.763964 -0.199927 0.091957 -0.242661 -0.944822
1642668783.904252 0.150251 1.403565 0.764157 -0.199717 0.091825 -0.241905 -0.945073
1642668783.912585 0.150736 1.404121 0.764354 -0.199498 0.091658 -0.241195 -0.945317
1642668783.920918 0.151251 1.404683 0.764558 -0.199325 0.091159 -0.240393 -0.945606
1642668783.929252 0.151774 1.405265 0.764764 -0.199134 0.090661 -0.239623 -0.945889
1642668783.937585 0.152277 1.405868 0.764958 -0.198864 0.090287 -0.238951 -0.946152
1642668783.945918 0.152774 1.406491 0.765154 -0.198603 0.089784 -0.238247 -0.946432
1642668783.954252 0.153266 1.407116 0.765349 -0.198362 0.089265 -0.237559 -0.946705
1642668783.962585 0.153783 1.407739 0.765550 -0.198168 0.088590 -0.236786 -0.947002
1642668783.970918 0.154304 1.408378 0.765749 -0.197975 0.087894 -0.235990 -0.947307
1642668783.979252 0.154806 1.409029 0.765934 -0.197721 0.087301 -0.235270 -0.947593
1642668783.987585 0.155307 1.409693 0.766108 -0.197458 0.086754 -0.234578 -0.947870
1642668783.995918 0.155801 1.410375 0.766276 -0.197181 0.086289 -0.233871 -0.948145
1642668784.004252 0.156281 1.411072 0.766438 -0.196896 0.085903 -0.233157 -0.948415
1642668784.012585 0.156781 1.411762 0.766603 -0.196647 0.085601 -0.232687 -0.948609
1642668784.020918 0.157309 1.412448 0.766765 -0.196445 0.085135 -0.232094 -0.948838
1642668784.029252 0.157787 1.413182 0.766897 -0.196231 0.084661 -0.231023 -0.949186
1642668784.037585 0.158237 1.413944 0.767016 -0.195959 0.084433 -0.230005 -0.949510
1642668784.045918 0.158699 1.414699 0.767131 -0.195693 0.084250 -0.229195 -0.949777
1642668784.054252 0.159167 1.415447 0.767240 -0.195434 0.084219 -0.228654 -0.949963
1642668784.062585 0.159608 1.416252 0.767339 -0.195152 0.084386 -0.227914 -0.950184
1642668784.070918 0.160024 1.417092 0.767416 -0.194870 0.084573 -0.226926 -0.950462
1642668784.079252 0.160490 1.417903 0.767491 -0.194667 0.084362 -0.225937 -0.950758
1642668784.087585 0.160955 1.418738 0.767559 -0.194417 0.084163 -0.224893 -0.951074
1642668784.095918 0.161386 1.419595 0.767605 -0.194104 0.084382 -0.224068 -0.951313
1642668784.104252 0.161822 1.420459 0.767640 -0.193833 0.084630 -0.223258 -0.951537
1642668784.112585 0.162258 1.421337 0.767655 -0.193495 0.084869 -0.222407 -0.951784
1642668784.120918 0.162694 1.422235 0.767650 -0.193112 0.085098 -0.221534 -0.952044
1642668784.129252 0.163138 1.423146 0.767633 -0.192718 0.085288 -0.220610 -0.952322
1642668784.137585 0.163618 1.424052 0.767607 -0.192385 0.085203 -0.219492 -0.952655
1642668784.145918 0.164108 1.424953 0.767568 -0.192088 0.085035 -0.218301 -0.953004
1642668784.154252 0.164567 1.425851 0.767504 -0.191705 0.085146 -0.217195 -0.953323
1642668784.162585 0.165027 1.426749 0.767422 -0.191288 0.085383 -0.216117 -0.953631
1642668784.170918 0.165486 1.427652 0.767314 -0.190874 0.085659 -0.215065 -0.953927
1642668784.179252 0.165935 1.428562 0.767189 -0.190423 0.085909 -0.214052 -0.954223
1642668784.187585 0.166427 1.429459 0.767050 -0.190014 0.085897 -0.212892 -0.954565
1642668784.195918 0.166924 1.430381 0.766905 -0.189638 0.085796 -0.211709 -0.954911
1642668784.204252 0.167376 1.431341 0.766745 -0.189146 0.085956 -0.210744 -0.955208
1642668784.212585 0.167832 1.432286 0.766564 -0.188641 0.086088 -0.209840 -0.955495
1642668784.220918 0.168293 1.433239 0.766375 -0.188154 0.086153 -0.208943 -0.955782
1642668784.229252 0.168766 1.434182 0.766166 -0.187672 0.085947 -0.207799 -0.956144
1642668784.237585 0.169226 1.435157 0.765959 -0.187172 0.086058 -0.206956 -0.956415
1642668784.245918 0.169708 1.436152 0.765750 -0.186727 0.086208 -0.206226 -0.956646
1642668784.254252 0.170217 1.437129 0.765516 -0.186320 0.085911 -0.205119 -0.956990
1642668784.262585 0.170698 1.438126 0.765270 -0.185863 0.085585 -0.203903 -0.957368
1642668784.270918 0.171170 1.439130 0.765017 -0.185423 0.085365 -0.202709 -0.957727
1642668784.279252 0.171630 1.440146 0.764742 -0.184916 0.085527 -0.201793 -0.958004
1642668784.287585 0.172096 1.441170 0.764454 -0.184371 0.085745 -0.200872 -0.958283
1642668784.295918 0.172568 1.442213 0.764153 -0.183841 0.085931 -0.199897 -0.958572
1642668784.304252 0.173071 1.443261 0.763834 -0.183328 0.085915 -0.198785 -0.958902
1642668784.312585 0.173571 1.444339 0.763511 -0.182747 0.086195 -0.197909 -0.959170
1642668784.320918 0.174068 1.445425 0.763167 -0.182186 0.086344 -0.196861 -0.959478
1642668784.329252 0.174571 1.446505 0.762802 -0.181641 0.086342 -0.195515 -0.959857
1642668784.337585 0.175054 1.447610 0.762430 -0.181066 0.086685 -0.194434 -0.960154
1642668784.345918 0.175551 1.448704 0.762048 -0.180553 0.087027 -0.193336 -0.960442
1642668784.354252 0.176054 1.449815 0.761661 -0.180025 0.087430 -0.192235 -0.960725
1642668784.362585 0.176587 1.450930 0.761264 -0.179529 0.087602 -0.190994 -0.961050
1642668784.370918 0.177127 1.452063 0.760859 -0.179077 0.087697 -0.189677 -0.961386
1642668784.379252 0.177640 1.453232 0.760448 -0.178584 0.088027 -0.188479 -0.961683
1642668784.387585 0.178152 1.454401 0.760023 -0.178090 0.088474 -0.187295 -0.961965
1642668784.395918 0.178666 1.455567 0.759589 -0.177617 0.088890 -0.186099 -0.962246
1642668784.404252 0.179177 1.456746 0.759150 -0.177134 0.089298 -0.184895 -0.962530
1642668784.412585 0.179684 1.457947 0.758711 -0.176615 0.089810 -0.183683 -0.962809
1642668784.420918 0.180199 1.459155 0.758262 -0.176129 0.090348 -0.182450 -0.963083
1642668784.429252 0.180716 1.460366 0.757806 -0.175704 0.090781 -0.181122 -0.963370
1642668784.437585 0.181224 1.461583 0.757344 -0.175239 0.091330 -0.179816 -0.963647
1642668784.445918 0.181727 1.462799 0.756867 -0.174780 0.092028 -0.178563 -0.963897
1642668784.454252 0.182261 1.464011 0.756383 -0.174253 0.093118 -0.177204 -0.964139
1642668784.462585 0.182800 1.465219 0.755882 -0.173674 0.094319 -0.175791 -0.964385
1642668784.470918 0.183356 1.466358 0.755322 -0.172382 0.096704 -0.174994 -0.964526
1642668784.479252 0.183864 1.467568 0.754781 -0.171726 0.097728 -0.173653 -0.964782
1642668784.487585 0.184311 1.468867 0.754273 -0.171902 0.097057 -0.171655 -0.965176
1642668784.495918 0.184813 1.470116 0.753714 -0.171263 0.098046 -0.170390 -0.965413
1642668784.504252 0.185309 1.471385 0.753143 -0.170585 0.098981 -0.169157 -0.965655
1642668784.512585 0.185804 1.472665 0.752570 -0.169908 0.099721 -0.167854 -0.965925
1642668784.520918 0.186293 1.473949 0.751988 -0.169278 0.100520 -0.166678 -0.966157
1642668784.529252 0.186784 1.475245 0.751398 -0.168640 0.101291 -0.165519 -0.966387
1642668784.537585 0.187281 1.476556 0.750797 -0.167976 0.102050 -0.164326 -0.966627
1642668784.545918 0.187761 1.477880 0.750165 -0.167264 0.102694 -0.163179 -0.966876
1642668784.554252 0.188249 1.479214 0.749518 -0.166534 0.103202 -0.162005 -0.967145
1642668784.562585 0.188736 1.480583 0.748909 -0.165424 0.103882 -0.160601 -0.967497
1642668784.570918 0.189229 1.481964 0.748289 -0.164261 0.104551 -0.159202 -0.967854
1642668784.579252 0.189753 1.483302 0.747614 -0.163525 0.104888 -0.157913 -0.968154
1642668784.587585 0.190264 1.484660 0.746942 -0.162720 0.105491 -0.156880 -0.968392
1642668784.595918 0.190778 1.486064 0.746285 -0.162000 0.105783 -0.155727 -0.968667
1642668784.604252 0.191285 1.487459 0.745604 -0.161258 0.106098 -0.154708 -0.968919
1642668784.612585 0.191779 1.488840 0.744896 -0.160430 0.106753 -0.153982 -0.969100
1642668784.620918 0.192299 1.490250 0.744203 -0.159319 0.107722 -0.153257 -0.969291
1642668784.629252 0.192775 1.491695 0.743523 -0.158591 0.107940 -0.152248 -0.969546
1642668784.637585 0.193221 1.493116 0.742813 -0.158271 0.107513 -0.151100 -0.969825
1642668784.645918 0.193690 1.494535 0.742101 -0.157519 0.108283 -0.150446 -0.969963
1642668784.654252 0.194144 1.495955 0.741368 -0.156846 0.108318 -0.149221 -0.970258
1642668784.662585 0.194620 1.497319 0.740603 -0.156088 0.108832 -0.148250 -0.970471
1642668784.670918 0.195135 1.498640 0.739802 -0.154706 0.110699 -0.147770 -0.970554
1642668784.679252 0.195585 1.500037 0.739022 -0.153922 0.111315 -0.146690 -0.970773
1642668784.687585 0.195956 1.501522 0.738258 -0.153830 0.110719 -0.144836 -0.971133
1642668784.695918 0.196366 1.502951 0.737450 -0.153055 0.111560 -0.143479 -0.971361
1642668784.704252 0.196819 1.504292 0.736612 -0.151638 0.113646 -0.142871 -0.971431
1642668784.712585 0.197219 1.505670 0.735784 -0.150785 0.114681 -0.141851 -0.971592
1642668784.720918 0.197560 1.507117 0.734985 -0.150704 0.114384 -0.140325 -0.971861
1642668784.729252 0.197941 1.508515 0.734145 -0.149910 0.115332 -0.139299 -0.972019
1642668784.737585 0.198316 1.509912 0.733297 -0.149145 0.116340 -0.138326 -0.972156
1642668784.745918 0.198686 1.511280 0.732429 -0.148443 0.117103 -0.137149 -0.972338
1642668784.754252 0.199082 1.512607 0.731552 -0.147266 0.118934 -0.136388 -0.972402
1642668784.762585 0.199438 1.513966 0.730685 -0.146512 0.120211 -0.135488 -0.972485
1642668784.770918 0.199740 1.515340 0.729821 -0.146277 0.120451 -0.134261 -0.972661
1642668784.779252 0.200067 1.516648 0.728927 -0.145618 0.121322 -0.133181 -0.972800
1642668784.787585 0.200374 1.517952 0.728040 -0.144966 0.122393 -0.132204 -0.972896
1642668784.795918 0.200704 1.519212 0.727135 -0.143874 0.124275 -0.131527 -0.972911
1642668784.804252 0.200984 1.520489 0.726246 -0.143195 0.125382 -0.130619 -0.972992
1642668784.812585 0.201225 1.521758 0.725361 -0.142612 0.126381 -0.129756 -0.973064
1642668784.820918 0.201481 1.522972 0.724462 -0.141496 0.128361 -0.129261 -0.973033
1642668784.829252 0.201631 1.524252 0.723603 -0.141249 0.128577 -0.128249 -0.973175
1642668784.837585 0.201743 1.525550 0.722753 -0.141038 0.128653 -0.127326 -0.973317
1642668784.845918 0.201887 1.526781 0.721879 -0.139985 0.130409 -0.127155 -0.973257
1642668784.854252 0.201961 1.528053 0.721025 -0.139383 0.131391 -0.126871 -0.973249
1642668784.862585 0.201962 1.529376 0.720204 -0.139292 0.131363 -0.126309 -0.973338
1642668784.870918 0.201955 1.530674 0.719351 -0.138860 0.132186 -0.126398 -0.973277
1642668784.879252 0.201911 1.531971 0.718514 -0.138388 0.133247 -0.126635 -0.973169
1642668784.887585 0.201864 1.533226 0.717704 -0.137862 0.134198 -0.126512 -0.973129
1642668784.895918 0.201785 1.534473 0.716891 -0.137335 0.134767 -0.126140 -0.973173
1642668784.904252 0.201688 1.535702 0.716092 -0.136095 0.136526 -0.126164 -0.973099
1642668784.912585 0.201544 1.536944 0.715302 -0.135461 0.137541 -0.126134 -0.973048
1642668784.920918 0.201333 1.538212 0.714534 -0.135549 0.137428 -0.125819 -0.973093
1642668784.929252 0.201147 1.539413 0.713758 -0.134553 0.139095 -0.126081 -0.972960
1642668784.937585 0.200856 1.540663 0.712980 -0.133859 0.140263 -0.126616 -0.972819
1642668784.945918 0.200536 1.541892 0.712225 -0.133980 0.140163 -0.126510 -0.972830
1642668784.954252 0.200274 1.543034 0.711484 -0.133748 0.140719 -0.126259 -0.972815
1642668784.962585 0.199938 1.544208 0.710721 -0.133347 0.141558 -0.126545 -0.972711
1642668784.970918 0.199552 1.545381 0.709925 -0.132892 0.142371 -0.127023 -0.972592
1642668784.979252 0.199141 1.546536 0.709118 -0.132430 0.143223 -0.127526 -0.972464
1642668784.987585 0.198764 1.547629 0.708351 -0.132148 0.144026 -0.127604 -0.972374
1642668784.995918 0.198365 1.548695 0.707590 -0.131862 0.144996 -0.127813 -0.972241
1642668785.004252 0.197898 1.549746 0.706767 -0.131536 0.145659 -0.128124 -0.972145
1642668785.012585 0.197407 1.550774 0.705920 -0.131171 0.146108 -0.128287 -0.972106
1642668785.020918 0.196918 1.551794 0.705107 -0.130736 0.147119 -0.128765 -0.971949
1642668785.029252 0.196377 1.552819 0.704269 -0.130278 0.148168 -0.129492 -0.971754
1642668785.037585 0.195813 1.553777 0.703388 -0.130090 0.148843 -0.129978 -0.971611
1642668785.045918 0.195264 1.554691 0.702512 -0.129959 0.149489 -0.130235 -0.971495
1642668785.054252 0.194682 1.555661 0.701654 -0.129462 0.150746 -0.130860 -0.971283
1642668785.062585 0.194063 1.556617 0.700751 -0.128894 0.151799 -0.131532 -0.971104
1642668785.070918 0.193419 1.557539 0.699804 -0.128352 0.152443 -0.132031 -0.971007
1642668785.079252 0.192787 1.558428 0.698879 -0.127861 0.153373 -0.132488 -0.970863
1642668785.087585 0.192142 1.559296 0.697933 -0.127347 0.154243 -0.132922 -0.970734
1642668785.095918 0.191486 1.560125 0.696978 -0.126874 0.155031 -0.133186 -0.970634
1642668785.104252 0.190833 1.560905 0.696020 -0.126459 0.155840 -0.133198 -0.970557
1642668785.112585 0.190167 1.561678 0.695049 -0.126014 0.156820 -0.133326 -0.970439
1642668785.120918 0.189455 1.562465 0.694034 -0.125431 0.157972 -0.133872 -0.970253
1642668785.129252 0.188739 1.563223 0.692978 -0.124778 0.159016 -0.134284 -0.970109
1642668785.137585 0.188061 1.563923 0.691934 -0.124176 0.160264 -0.134349 -0.969972
1642668785.145918 0.187372 1.564620 0.690854 -0.123477 0.161665 -0.134588 -0.969796
1642668785.154252 0.186660 1.565320 0.689717 -0.122687 0.162964 -0.134954 -0.969628
1642668785.162585 0.185964 1.565983 0.688544 -0.121953 0.163870 -0.135007 -0.969560
1642668785.170918 0.185270 1.566624 0.687362 -0.121116 0.164989 -0.135138 -0.969457
1642668785.179252 0.184571 1.567249 0.686164 -0.120224 0.166210 -0.135370 -0.969327
1642668785.187585 0.183871 1.567863 0.684941 -0.119345 0.167280 -0.135560 -0.969225
1642668785.195918 0.183182 1.568460 0.683710 -0.118481 0.168554 -0.135843 -0.969071
1642668785.204252 0.182512 1.569037 0.682451 -0.117644 0.169493 -0.135873 -0.969005
1642668785.212585 0.181833 1.569615 0.681161 -0.116662 0.170519 -0.136037 -0.968921
1642668785.220918 0.181148 1.570206 0.679806 -0.115551 0.171523 -0.136374 -0.968829
1642668785.229252 0.180514 1.570743 0.678473 -0.114612 0.172552 -0.136299 -0.968769
1642668785.237585 0.179896 1.571264 0.677149 -0.113659 0.173808 -0.136285 -0.968658
1642668785.245918 0.179269 1.571809 0.675754 -0.112592 0.174868 -0.136457 -0.968568
1642668785.254252 0.178648 1.572354 0.674336 -0.111552 0.175889 -0.136623 -0.968480
1642668785.262585 0.178038 1.572903 0.672898 -0.110479 0.176882 -0.136756 -0.968403
1642668785.270918 0.177467 1.573416 0.671422 -0.108877 0.178702 -0.137184 -0.968190
1642668785.279252 0.176880 1.573952 0.669937 -0.107660 0.179806 -0.137350 -0.968098
1642668785.287585 0.176270 1.574531 0.668443 -0.107036 0.179828 -0.137076 -0.968202
1642668785.295918 0.175709 1.575070 0.666911 -0.105838 0.180767 -0.137136 -0.968150
1642668785.304252 0.175162 1.575606 0.665353 -0.104572 0.181796 -0.137218 -0.968084
1642668785.312585 0.174630 1.576142 0.663781 -0.103308 0.182787 -0.137282 -0.968024
1642668785.320918 0.174117 1.576681 0.662197 -0.102008 0.183783 -0.137313 -0.967969
1642668785.329252 0.173619 1.577226 0.660601 -0.100724 0.184725 -0.137248 -0.967933
1642668785.337585 0.173130 1.577774 0.658998 -0.099500 0.185618 -0.137165 -0.967901
1642668785.345918 0.172658 1.578320 0.657385 -0.098335 0.186525 -0.137126 -0.967851
1642668785.354252 0.172204 1.578866 0.655770 -0.097143 0.187607 -0.137139 -0.967760
1642668785.362585 0.171756 1.579405 0.654152 -0.095939 0.188720 -0.137133 -0.967665
1642668785.370918 0.171312 1.579940 0.652524 -0.094783 0.189722 -0.137055 -0.967594
1642668785.379252 0.170883 1.580478 0.650886 -0.093646 0.190764 -0.137005 -0.967507
1642668785.387585 0.170455 1.581023 0.649240 -0.092535 0.191816 -0.136963 -0.967412
1642668785.395918 0.170034 1.581570 0.647583 -0.091405 0.192865 -0.136928 -0.967315
1642668785.404252 0.169621 1.582122 0.645927 -0.090236 0.193922 -0.136922 -0.967215
1642668785.412585 0.169209 1.582671 0.644267 -0.089125 0.194978 -0.136900 -0.967108
1642668785.420918 0.168807 1.583216 0.642607 -0.088038 0.196098 -0.136898 -0.966982
1642668785.429252 0.168406 1.583770 0.640947 -0.086967 0.197160 -0.136869 -0.966867
1642668785.437585 0.168004 1.584323 0.639288 -0.085882 0.198277 -0.136809 -0.966744
1642668785.445918 0.167587 1.584896 0.637629 -0.084812 0.199557 -0.136816 -0.966574
1642668785.454252 0.167181 1.585461 0.635979 -0.083641 0.201254 -0.136956 -0.966304
1642668785.462585 0.166785 1.586017 0.634337 -0.082639 0.202581 -0.136842 -0.966130
1642668785.470918 0.166384 1.586582 0.632704 -0.081742 0.203741 -0.136614 -0.965994
1642668785.479252 0.165999 1.587131 0.631083 -0.080688 0.205420 -0.136570 -0.965733
1642668785.487585 0.165578 1.587704 0.629464 -0.080024 0.206438 -0.136339 -0.965604
1642668785.495918 0.165149 1.588279 0.627860 -0.079417 0.207388 -0.136129 -0.965480
1642668785.504252 0.164730 1.588850 0.626270 -0.078664 0.208700 -0.136070 -0.965268
1642668785.512585 0.164307 1.589431 0.624693 -0.077937 0.210035 -0.136127 -0.965029
1642668785.520918 0.163883 1.590008 0.623138 -0.077237 0.211327 -0.136149 -0.964800
1642668785.529252 0.163468 1.590573 0.621600 -0.076393 0.212977 -0.136280 -0.964486
1642668785.537585 0.163052 1.591136 0.620072 -0.075529 0.214755 -0.136501 -0.964128
1642668785.545918 0.162593 1.591723 0.618545 -0.074865 0.216300 -0.136777 -0.963795
1642668785.554252 0.162143 1.592296 0.617041 -0.074317 0.217707 -0.136849 -0.963511
1642668785.562585 0.161707 1.592849 0.615553 -0.074071 0.218484 -0.136360 -0.963423
1642668785.570918 0.161234 1.593426 0.614065 -0.073776 0.219541 -0.136235 -0.963223
1642668785.579252 0.160816 1.593948 0.612605 -0.073172 0.221271 -0.136236 -0.962873
1642668785.587585 0.160369 1.594486 0.611155 -0.072514 0.223278 -0.136517 -0.962420
1642668785.595918 0.159873 1.595050 0.609723 -0.072099 0.224990 -0.136713 -0.962024
1642668785.604252 0.159413 1.595550 0.608328 -0.071854 0.226282 -0.136458 -0.961776
1642668785.612585 0.158922 1.596052 0.606940 -0.071627 0.227741 -0.136499 -0.961443
1642668785.620918 0.158395 1.596567 0.605567 -0.071609 0.229001 -0.136536 -0.961139
1642668785.629252 0.157929 1.596971 0.604183 -0.072332 0.230495 -0.137140 -0.960642
1642668785.637585 0.157456 1.597337 0.602821 -0.073000 0.232545 -0.138089 -0.959961
1642668785.645918 0.156836 1.597870 0.601555 -0.072131 0.234218 -0.137793 -0.959663
1642668785.654252 0.156258 1.598311 0.600283 -0.072007 0.235817 -0.137806 -0.959278
1642668785.662585 0.155726 1.598637 0.598969 -0.073003 0.237456 -0.138605 -0.958684
1642668785.670918 0.155141 1.599018 0.597702 -0.073084 0.239134 -0.138770 -0.958236
1642668785.679252 0.154530 1.599388 0.596461 -0.073133 0.240859 -0.138858 -0.957788
1642668785.687585 0.153898 1.599751 0.595242 -0.073264 0.242546 -0.138954 -0.957338
1642668785.695918 0.153219 1.600167 0.594060 -0.072641 0.244203 -0.138507 -0.957029
1642668785.704252 0.152581 1.600502 0.592855 -0.072654 0.245875 -0.138430 -0.956611
1642668785.712585 0.151940 1.600776 0.591643 -0.073243 0.247775 -0.139104 -0.955977
1642668785.720918 0.151235 1.601084 0.590474 -0.073426 0.249623 -0.139250 -0.955462
1642668785.729252 0.150581 1.601300 0.589267 -0.074263 0.251447 -0.139460 -0.954887
1642668785.737585 0.149851 1.601572 0.588079 -0.074306 0.253662 -0.139800 -0.954248
1642668785.745918 0.149119 1.601840 0.586891 -0.074357 0.255859 -0.140105 -0.953613
1642668785.754252 0.148411 1.602078 0.585713 -0.074510 0.257862 -0.140260 -0.953039
1642668785.762585 0.147688 1.602309 0.584529 -0.074553 0.260030 -0.140544 -0.952404
1642668785.770918 0.146987 1.602515 0.583347 -0.074682 0.262002 -0.140639 -0.951840
1642668785.779252 0.146303 1.602697 0.582165 -0.074884 0.263788 -0.140646 -0.951329
1642668785.787585 0.145590 1.602873 0.580972 -0.074962 0.265774 -0.140833 -0.950742
1642668785.795918 0.144883 1.603034 0.579778 -0.075053 0.267728 -0.141010 -0.950161
1642668785.804252 0.144188 1.603186 0.578583 -0.075092 0.269667 -0.141258 -0.949572
1642668785.812585 0.143490 1.603322 0.577390 -0.075072 0.271583 -0.141536 -0.948986
1642668785.820918 0.142802 1.603435 0.576187 -0.075097 0.273357 -0.141759 -0.948441
1642668785.829252 0.142128 1.603524 0.574978 -0.075083 0.275089 -0.142046 -0.947898
1642668785.837585 0.141456 1.603596 0.573771 -0.075101 0.276706 -0.142321 -0.947385
1642668785.845918 0.140795 1.603648 0.572564 -0.075081 0.278150 -0.142520 -0.946934
1642668785.854252 0.140141 1.603681 0.571354 -0.074998 0.279594 -0.142767 -0.946478
1642668785.862585 0.139478 1.603727 0.570173 -0.074475 0.280933 -0.142949 -0.946095
1642668785.870918 0.138826 1.603769 0.568995 -0.073824 0.282113 -0.143106 -0.945771
1642668785.879252 0.138194 1.603767 0.567782 -0.073639 0.283297 -0.143480 -0.945375
1642668785.887585 0.137560 1.603742 0.566562 -0.073407 0.284487 -0.143960 -0.944963
1642668785.895918 0.136938 1.603722 0.565343 -0.073194 0.285534 -0.144388 -0.944598
1642668785.904252 0.136318 1.603707 0.564133 -0.072998 0.286468 -0.144730 -0.944278
1642668785.912585 0.135695 1.603676 0.562912 -0.072677 0.287522 -0.145146 -0.943918
1642668785.920918 0.135081 1.603641 0.561677 -0.072346 0.288539 -0.145578 -0.943567
1642668785.929252 0.134465 1.603599 0.560441 -0.072018 0.289506 -0.145993 -0.943232
1642668785.937585 0.133841 1.603558 0.559196 -0.071639 0.290533 -0.146477 -0.942870
1642668785.945918 0.133225 1.603505 0.557944 -0.071247 0.291584 -0.146976 -0.942497
1642668785.954252 0.132605 1.603444 0.556690 -0.070847 0.292546 -0.147417 -0.942160
1642668785.962585 0.131982 1.603379 0.555436 -0.070458 0.293475 -0.147872 -0.941829
1642668785.970918 0.131358 1.603301 0.554180 -0.070076 0.294440 -0.148316 -0.941486
1642668785.979252 0.130731 1.603214 0.552919 -0.069655 0.295484 -0.148794 -0.941115
1642668785.987585 0.130111 1.603119 0.551659 -0.069259 0.296532 -0.149249 -0.940743
1642668785.995918 0.129494 1.603026 0.550400 -0.068890 0.297515 -0.149658 -0.940394
1642668786.004252 0.128879 1.602929 0.549138 -0.068510 0.298496 -0.150090 -0.940042
1642668786.012585 0.128256 1.602821 0.547877 -0.068080 0.299539 -0.150525 -0.939672
1642668786.020918 0.127630 1.602715 0.546623 -0.067590 0.300666 -0.151025 -0.939267
1642668786.029252 0.126999 1.602610 0.545369 -0.067162 0.301710 -0.151458 -0.938894
1642668786.037585 0.126366 1.602495 0.544120 -0.066765 0.302719 -0.151880 -0.938529
1642668786.045918 0.125731 1.602363 0.542883 -0.066366 0.303819 -0.152332 -0.938128
1642668786.054252 0.125088 1.602220 0.541658 -0.065964 0.304981 -0.152780 -0.937706
1642668786.062585 0.124454 1.602061 0.540419 -0.065384 0.306357 -0.153352 -0.937205
1642668786.070918 0.123809 1.601910 0.539195 -0.065053 0.307454 -0.153775 -0.936800
1642668786.079252 0.123143 1.601776 0.538004 -0.065005 0.308329 -0.154056 -0.936469
1642668786.087585 0.122483 1.601613 0.536796 -0.064677 0.309559 -0.154510 -0.936011
1642668786.095918 0.121823 1.601429 0.535591 -0.064338 0.310864 -0.154973 -0.935525
1642668786.104252 0.121159 1.601237 0.534389 -0.064023 0.312176 -0.155387 -0.935041
1642668786.112585 0.120486 1.601045 0.533193 -0.063748 0.313421 -0.155788 -0.934577
1642668786.120918 0.119809 1.600841 0.532002 -0.063483 0.314710 -0.156178 -0.934096
1642668786.129252 0.119119 1.600625 0.530812 -0.063246 0.316011 -0.156607 -0.933601
1642668786.137585 0.118416 1.600408 0.529629 -0.063012 0.317371 -0.157180 -0.933059
1642668786.145918 0.117699 1.600183 0.528452 -0.062838 0.318659 -0.157696 -0.932545
1642668786.154252 0.116970 1.599946 0.527279 -0.062697 0.319891 -0.158193 -0.932048
1642668786.162585 0.116238 1.599697 0.526108 -0.062552 0.321239 -0.158784 -0.931494
1642668786.170918 0.115500 1.599444 0.524940 -0.062379 0.322560 -0.159356 -0.930951
1642668786.179252 0.114749 1.599193 0.523781 -0.062173 0.323830 -0.159917 -0.930427
1642668786.187585 0.113993 1.598936 0.522631 -0.062024 0.325042 -0.160471 -0.929919
1642668786.195918 0.113228 1.598675 0.521485 -0.061887 0.326211 -0.161034 -0.929422
1642668786.204252 0.112454 1.598409 0.520343 -0.061700 0.327403 -0.161642 -0.928909
1642668786.212585 0.111680 1.598133 0.519213 -0.061562 0.328470 -0.162221 -0.928440
1642668786.220918 0.110898 1.597829 0.518078 -0.061230 0.329666 -0.162863 -0.927926
1642668786.229252 0.110098 1.597523 0.516956 -0.061019 0.330759 -0.163524 -0.927435
1642668786.237585 0.109280 1.597229 0.515860 -0.061119 0.331505 -0.164059 -0.927067
1642668786.245918 0.108464 1.596917 0.514752 -0.060940 0.332472 -0.164736 -0.926613
1642668786.254252 0.107640 1.596598 0.513647 -0.060752 0.333401 -0.165458 -0.926162
1642668786.262585 0.106806 1.596264 0.512544 -0.060551 0.334312 -0.166192 -0.925716
1642668786.270918 0.105983 1.595907 0.511433 -0.060116 0.335408 -0.167018 -0.925198
1642668786.279252 0.105147 1.595555 0.510338 -0.059860 0.336316 -0.167775 -0.924749
1642668786.287585 0.104294 1.595210 0.509266 -0.059903 0.336980 -0.168411 -0.924388
1642668786.295918 0.103461 1.594827 0.508179 -0.059703 0.337794 -0.169121 -0.923974
1642668786.304252 0.102627 1.594421 0.507092 -0.059527 0.338543 -0.169838 -0.923580
1642668786.312585 0.101788 1.594004 0.506010 -0.059283 0.339391 -0.170631 -0.923138
1642668786.320918 0.100958 1.593568 0.504941 -0.059058 0.340209 -0.171416 -0.922706
1642668786.329252 0.100128 1.593107 0.503876 -0.058850 0.340955 -0.172186 -0.922301
1642668786.337585 0.099297 1.592628 0.502818 -0.058633 0.341653 -0.172946 -0.921914
1642668786.345918 0.098469 1.592128 0.501771 -0.058396 0.342394 -0.173762 -0.921501
1642668786.354252 0.097648 1.591606 0.500731 -0.058077 0.343229 -0.174617 -0.921048
1642668786.362585 0.096843 1.591066 0.499699 -0.057857 0.343888 -0.175337 -0.920679
1642668786.370918 0.096048 1.590504 0.498675 -0.057645 0.344590 -0.176053 -0.920294
1642668786.379252 0.095268 1.589921 0.497650 -0.057412 0.345411 -0.176784 -0.919860
1642668786.387585 0.094501 1.589319 0.496635 -0.057229 0.346183 -0.177453 -0.919452
1642668786.395918 0.093742 1.588699 0.495625 -0.056989 0.347014 -0.178114 -0.919026
1642668786.404252 0.092990 1.588069 0.494623 -0.056706 0.347868 -0.178766 -0.918594
1642668786.412585 0.092250 1.587429 0.493629 -0.056460 0.348711 -0.179450 -0.918156
1642668786.420918 0.091518 1.586774 0.492635 -0.056196 0.349627 -0.180161 -0.917685
1642668786.429252 0.090794 1.586105 0.491649 -0.055922 0.350531 -0.180844 -0.917222
1642668786.437585 0.090077 1.585425 0.490673 -0.055631 0.351500 -0.181588 -0.916722
1642668786.445918 0.089367 1.584734 0.489708 -0.055329 0.352473 -0.182303 -0.916225
1642668786.454252 0.088671 1.584029 0.488753 -0.055051 0.353404 -0.182957 -0.915752
1642668786.462585 0.087981 1.583311 0.487803 -0.054827 0.354321 -0.183590 -0.915285
1642668786.470918 0.087300 1.582585 0.486867 -0.054612 0.355205 -0.184237 -0.914824
1642668786.479252 0.086631 1.581845 0.485948 -0.054374 0.356103 -0.184900 -0.914356
1642668786.487585 0.085971 1.581085 0.485041 -0.054135 0.356967 -0.185561 -0.913899
1642668786.495918 0.085318 1.580318 0.484145 -0.053903 0.357788 -0.186207 -0.913460
1642668786.504252 0.084674 1.579543 0.483269 -0.053665 0.358454 -0.186802 -0.913091
1642668786.512585 0.084040 1.578757 0.482412 -0.053390 0.359001 -0.187405 -0.912769
1642668786.520918 0.083416 1.577967 0.481578 -0.053082 0.359616 -0.188093 -0.912403
1642668786.529252 0.082802 1.577170 0.480760 -0.052767 0.360124 -0.188807 -0.912074
1642668786.537585 0.082201 1.576369 0.479959 -0.052525 0.360478 -0.189469 -0.911810
1642668786.545918 0.081604 1.575581 0.479171 -0.052220 0.360790 -0.190192 -0.911554
1642668786.554252 0.081018 1.574793 0.478392 -0.051849 0.361097 -0.190945 -0.911296
1642668786.562585 0.080450 1.574009 0.477624 -0.051507 0.361350 -0.191639 -0.911070
1642668786.570918 0.079894 1.573239 0.476871 -0.051113 0.361547 -0.192364 -0.910861
1642668786.579252 0.079353 1.572471 0.476131 -0.050677 0.361760 -0.193093 -0.910646
1642668786.587585 0.078824 1.571704 0.475400 -0.050247 0.361999 -0.193774 -0.910430
1642668786.595918 0.078312 1.570937 0.474685 -0.049791 0.362204 -0.194450 -0.910230
1642668786.604252 0.077814 1.570178 0.473978 -0.049335 0.362396 -0.195076 -0.910044
1642668786.612585 0.077334 1.569421 0.473276 -0.048889 0.362700 -0.195712 -0.909811
1642668786.620918 0.076880 1.568659 0.472587 -0.048423 0.363015 -0.196344 -0.909574
1642668786.629252 0.076451 1.567890 0.471907 -0.047976 0.363287 -0.196949 -0.909358
1642668786.637585 0.076053 1.567110 0.471234 -0.047478 0.363583 -0.197530 -0.909140
1642668786.645918 0.075684 1.566329 0.470566 -0.046979 0.363858 -0.198053 -0.908942
1642668786.654252 0.075349 1.565540 0.469910 -0.046458 0.364276 -0.198606 -0.908681
1642668786.662585 0.075060 1.564737 0.469267 -0.045922 0.364724 -0.199169 -0.908405
1642668786.670918 0.074814 1.563928 0.468640 -0.045377 0.365055 -0.199622 -0.908200
1642668786.679252 0.074601 1.563112 0.468024 -0.044863 0.365391 -0.199943 -0.908020
1642668786.687585 0.074419 1.562283 0.467424 -0.044393 0.365789 -0.200248 -0.907815
1642668786.695918 0.074271 1.561451 0.466847 -0.043935 0.366171 -0.200570 -0.907612
1642668786.704252 0.074148 1.560624 0.466291 -0.043501 0.366505 -0.200841 -0.907439
1642668786.712585 0.074041 1.559802 0.465748 -0.043076 0.366858 -0.201091 -0.907261
1642668786.720918 0.073962 1.558981 0.465222 -0.042670 0.367182 -0.201337 -0.907095
1642668786.729252 0.073894 1.558174 0.464718 -0.042280 0.367452 -0.201625 -0.906940
1642668786.737585 0.073836 1.557389 0.464234 -0.041919 0.367730 -0.201922 -0.906777
1642668786.745918 0.073804 1.556607 0.463759 -0.041570 0.367961 -0.202194 -0.906639
1642668786.754252 0.073784 1.555839 0.463300 -0.041195 0.368225 -0.202520 -0.906476
1642668786.762585 0.073765 1.555086 0.462860 -0.040784 0.368535 -0.202857 -0.906293
1642668786.770918 0.073762 1.554344 0.462429 -0.040432 0.368755 -0.203136 -0.906157
1642668786.779252 0.073775 1.553617 0.462009 -0.040141 0.368956 -0.203402 -0.906029
1642668786.787585 0.073797 1.552909 0.461606 -0.039824 0.369255 -0.203691 -0.905856
1642668786.795918 0.073841 1.552216 0.461224 -0.039529 0.369661 -0.203926 -0.905650
1642668786.804252 0.073882 1.551534 0.460844 -0.039232 0.369939 -0.204072 -0.905517
1642668786.812585 0.073921 1.550868 0.460457 -0.038940 0.370059 -0.204188 -0.905454
1642668786.820918 0.073983 1.550224 0.460095 -0.038646 0.370361 -0.204321 -0.905314
1642668786.829252 0.074045 1.549598 0.459744 -0.038403 0.370601 -0.204419 -0.905203
1642668786.837585 0.074102 1.548996 0.459410 -0.038165 0.370810 -0.204497 -0.905110
1642668786.845918 0.074166 1.548419 0.459094 -0.037873 0.371077 -0.204619 -0.904985
1642668786.854252 0.074235 1.547861 0.458792 -0.037624 0.371409 -0.204784 -0.904822
1642668786.862585 0.074307 1.547312 0.458501 -0.037405 0.371694 -0.204902 -0.904688
1642668786.870918 0.074376 1.546782 0.458226 -0.037175 0.371918 -0.204971 -0.904589
1642668786.879252 0.074438 1.546271 0.457968 -0.037010 0.372166 -0.205069 -0.904472
1642668786.887585 0.074499 1.545780 0.457726 -0.036853 0.372393 -0.205182 -0.904359
1642668786.895918 0.074562 1.545305 0.457498 -0.036612 0.372642 -0.205337 -0.904231
1642668786.904252 0.074624 1.544835 0.457289 -0.036368 0.372915 -0.205518 -0.904088
1642668786.912585 0.074690 1.544370 0.457096 -0.036173 0.373105 -0.205676 -0.903981
1642668786.920918 0.074759 1.543906 0.456916 -0.036025 0.373247 -0.205849 -0.903889
1642668786.929252 0.074830 1.543442 0.456753 -0.035878 0.373479 -0.206055 -0.903752
1642668786.937585 0.074903 1.542979 0.456603 -0.035752 0.373676 -0.206220 -0.903638
1642668786.945918 0.074977 1.542521 0.456472 -0.035647 0.373810 -0.206345 -0.903558
1642668786.954252 0.075047 1.542064 0.456358 -0.035549 0.373998 -0.206494 -0.903450
1642668786.962585 0.075116 1.541605 0.456261 -0.035511 0.374165 -0.206652 -0.903346
1642668786.970918 0.075181 1.541138 0.456182 -0.035528 0.374333 -0.206797 -0.903243
1642668786.979252 0.075246 1.540666 0.456117 -0.035518 0.374565 -0.206936 -0.903115
1642668786.987585 0.075314 1.540190 0.456066 -0.035488 0.374765 -0.207041 -0.903009
1642668786.995918 0.075389 1.539706 0.456026 -0.035521 0.374956 -0.207127 -0.902909
1642668787.004252 0.075460 1.539217 0.455996 -0.035562 0.375235 -0.207225 -0.902769
1642668787.012585 0.075534 1.538715 0.455968 -0.035640 0.375524 -0.207313 -0.902626
1642668787.020918 0.075623 1.538201 0.455947 -0.035755 0.375820 -0.207383 -0.902482
1642668787.029252 0.075715 1.537681 0.455930 -0.035847 0.376202 -0.207437 -0.902307
1642668787.037585 0.075805 1.537152 0.455914 -0.035910 0.376621 -0.207482 -0.902119
1642668787.045918 0.075910 1.536625 0.455907 -0.035964 0.377222 -0.207571 -0.901845
1642668787.054252 0.076008 1.536093 0.455887 -0.036054 0.377728 -0.207664 -0.901609
1642668787.062585 0.076094 1.535545 0.455848 -0.036127 0.378011 -0.207769 -0.901462
1642668787.070918 0.076190 1.534997 0.455829 -0.036179 0.378508 -0.207936 -0.901213
1642668787.079252 0.076286 1.534447 0.455808 -0.036254 0.378916 -0.208104 -0.901000
1642668787.087585 0.076387 1.533894 0.455800 -0.036334 0.379438 -0.208275 -0.900737
1642668787.095918 0.076481 1.533340 0.455791 -0.036400 0.379890 -0.208502 -0.900492
1642668787.104252 0.076565 1.532775 0.455763 -0.036495 0.380057 -0.208730 -0.900365
1642668787.112585 0.076656 1.532205 0.455750 -0.036538 0.380395 -0.209019 -0.900153
1642668787.120918 0.076750 1.531634 0.455736 -0.036553 0.380722 -0.209289 -0.899952
1642668787.129252 0.076846 1.531061 0.455728 -0.036575 0.380998 -0.209528 -0.899778
1642668787.137585 0.076943 1.530484 0.455718 -0.036575 0.381243 -0.209799 -0.899611
1642668787.145918 0.077042 1.529901 0.455700 -0.036556 0.381508 -0.210100 -0.899429
1642668787.154252 0.077143 1.529317 0.455684 -0.036532 0.381700 -0.210433 -0.899271
1642668787.162585 0.077240 1.528733 0.455667 -0.036513 0.381748 -0.210766 -0.899174
1642668787.170918 0.077332 1.528148 0.455651 -0.036476 0.381713 -0.211096 -0.899113
1642668787.179252 0.077418 1.527554 0.455640 -0.036417 0.381668 -0.211478 -0.899044
1642668787.187585 0.077497 1.526954 0.455630 -0.036366 0.381553 -0.211927 -0.898989
1642668787.195918 0.077572 1.526348 0.455626 -0.036266 0.381371 -0.212427 -0.898952
1642668787.204252 0.077641 1.525738 0.455621 -0.036140 0.381087 -0.212931 -0.898959
1642668787.212585 0.077702 1.525126 0.455616 -0.036059 0.380622 -0.213456 -0.899035
1642668787.220918 0.077760 1.524503 0.455617 -0.035943 0.380156 -0.214066 -0.899092
1642668787.229252 0.077815 1.523868 0.455625 -0.035788 0.379691 -0.214683 -0.899147
1642668787.237585 0.077856 1.523242 0.455636 -0.035672 0.379137 -0.215320 -0.899233
1642668787.245918 0.077889 1.522615 0.455650 -0.035565 0.378518 -0.215994 -0.899337
1642668787.254252 0.077917 1.521970 0.455662 -0.035411 0.377892 -0.216676 -0.899442
1642668787.262585 0.077941 1.521313 0.455669 -0.035282 0.377280 -0.217389 -0.899531
1642668787.270918 0.077960 1.520651 0.455682 -0.035189 0.376667 -0.218101 -0.899620
1642668787.279252 0.077975 1.519980 0.455699 -0.035091 0.376046 -0.218787 -0.899717
1642668787.287585 0.078000 1.519290 0.455709 -0.034933 0.375518 -0.219542 -0.899759
1642668787.295918 0.078038 1.518583 0.455715 -0.034764 0.375091 -0.220321 -0.899754
1642668787.304252 0.078079 1.517861 0.455727 -0.034640 0.374688 -0.220999 -0.899760
1642668787.312585 0.078125 1.517125 0.455733 -0.034534 0.374347 -0.221625 -0.899752
1642668787.320918 0.078183 1.516376 0.455731 -0.034380 0.374118 -0.222220 -0.899706
1642668787.329252 0.078250 1.515609 0.455727 -0.034231 0.373995 -0.222776 -0.899626
1642668787.337585 0.078324 1.514825 0.455727 -0.034116 0.373998 -0.223306 -0.899498
1642668787.345918 0.078404 1.514030 0.455727 -0.034046 0.374107 -0.223837 -0.899323
1642668787.354252 0.078490 1.513228 0.455725 -0.034004 0.374283 -0.224316 -0.899132
1642668787.362585 0.078585 1.512416 0.455732 -0.033975 0.374453 -0.224767 -0.898950
1642668787.370918 0.078676 1.511595 0.455752 -0.033996 0.374604 -0.225253 -0.898764
1642668787.379252 0.078760 1.510767 0.455781 -0.034022 0.374801 -0.225742 -0.898559
1642668787.387585 0.078841 1.509934 0.455821 -0.034066 0.374933 -0.226231 -0.898379
1642668787.395918 0.078915 1.509096 0.455867 -0.034149 0.375049 -0.226796 -0.898185
1642668787.404252 0.078990 1.508253 0.455923 -0.034213 0.375230 -0.227402 -0.897953
1642668787.412585 0.079061 1.507411 0.455983 -0.034255 0.375407 -0.228000 -0.897726
1642668787.420918 0.079129 1.506572 0.456046 -0.034309 0.375517 -0.228567 -0.897534
1642668787.429252 0.079196 1.505732 0.456121 -0.034397 0.375641 -0.229143 -0.897332
1642668787.437585 0.079255 1.504892 0.456198 -0.034471 0.375746 -0.229705 -0.897141
1642668787.445918 0.079306 1.504056 0.456283 -0.034574 0.375785 -0.230249 -0.896981
1642668787.454252 0.079358 1.503226 0.456383 -0.034674 0.375887 -0.230855 -0.896779
1642668787.462585 0.079407 1.502395 0.456484 -0.034755 0.375942 -0.231423 -0.896606
1642668787.470918 0.079450 1.501567 0.456587 -0.034866 0.375899 -0.231971 -0.896479
1642668787.479252 0.079490 1.500740 0.456695 -0.034999 0.375800 -0.232537 -0.896368
1642668787.487585 0.079526 1.499912 0.456814 -0.035110 0.375728 -0.233077 -0.896254
1642668787.495918 0.079555 1.499081 0.456944 -0.035202 0.375676 -0.233647 -0.896124
1642668787.504252 0.079579 1.498247 0.457082 -0.035293 0.375535 -0.234289 -0.896011
1642668787.512585 0.079591 1.497416 0.457229 -0.035415 0.375293 -0.234869 -0.895956
1642668787.520918 0.079585 1.496592 0.457390 -0.035565 0.375017 -0.235443 -0.895915
1642668787.529252 0.079577 1.495765 0.457560 -0.035705 0.374750 -0.236055 -0.895860
1642668787.537585 0.079567 1.494934 0.457735 -0.035815 0.374534 -0.236699 -0.895776
1642668787.545918 0.079542 1.494102 0.457929 -0.035909 0.374297 -0.237313 -0.895709
1642668787.554252 0.079506 1.493272 0.458132 -0.036060 0.374053 -0.237928 -0.895642
1642668787.562585 0.079461 1.492439 0.458340 -0.036237 0.373765 -0.238589 -0.895579
1642668787.570918 0.079406 1.491606 0.458559 -0.036418 0.373488 -0.239236 -0.895514
1642668787.579252 0.079343 1.490769 0.458792 -0.036596 0.373275 -0.239907 -0.895417
1642668787.587585 0.079268 1.489938 0.459040 -0.036776 0.373087 -0.240599 -0.895302
1642668787.595918 0.079182 1.489113 0.459295 -0.037007 0.372871 -0.241279 -0.895200
1642668787.604252 0.079085 1.488283 0.459557 -0.037279 0.372634 -0.241953 -0.895105
1642668787.612585 0.078990 1.487445 0.459824 -0.037538 0.372453 -0.242643 -0.894983
1642668787.620918 0.078895 1.486607 0.460105 -0.037739 0.372349 -0.243315 -0.894835
1642668787.629252 0.078798 1.485763 0.460398 -0.037972 0.372228 -0.243938 -0.894706
1642668787.637585 0.078706 1.484909 0.460694 -0.038249 0.372127 -0.244575 -0.894562
1642668787.645918 0.078619 1.484042 0.461000 -0.038540 0.372084 -0.245196 -0.894397
1642668787.654252 0.078527 1.483174 0.461315 -0.038813 0.372073 -0.245780 -0.894230
1642668787.662585 0.078421 1.482308 0.461637 -0.039097 0.372110 -0.246387 -0.894035
1642668787.670918 0.078311 1.481438 0.461968 -0.039421 0.372117 -0.246996 -0.893850
1642668787.679252 0.078197 1.480558 0.462306 -0.039758 0.372070 -0.247561 -0.893698
1642668787.687585 0.078069 1.479675 0.462658 -0.040104 0.372056 -0.248146 -0.893526
1642668787.695918 0.077927 1.478800 0.463024 -0.040416 0.372099 -0.248841 -0.893301
1642668787.704252 0.077776 1.477931 0.463398 -0.040708 0.372072 -0.249527 -0.893108
1642668787.712585 0.077616 1.477062 0.463785 -0.041014 0.371985 -0.250220 -0.892936
1642668787.720918 0.077456 1.476192 0.464185 -0.041359 0.371885 -0.250916 -0.892767
1642668787.729252 0.077290 1.475322 0.464604 -0.041678 0.371701 -0.251570 -0.892644
1642668787.737585 0.077107 1.474443 0.465037 -0.042040 0.371484 -0.252223 -0.892534
1642668787.745918 0.076916 1.473564 0.465488 -0.042432 0.371186 -0.252887 -0.892451
1642668787.754252 0.076709 1.472686 0.465958 -0.042779 0.370814 -0.253517 -0.892410
1642668787.762585 0.076491 1.471804 0.466446 -0.043133 0.370455 -0.254186 -0.892352
1642668787.770918 0.076271 1.470921 0.466942 -0.043499 0.370081 -0.254897 -0.892287
1642668787.779252 0.076044 1.470038 0.467449 -0.043865 0.369587 -0.255572 -0.892281
1642668787.787585 0.075807 1.469157 0.467972 -0.044191 0.369134 -0.256208 -0.892269
1642668787.795918 0.075561 1.468278 0.468513 -0.044452 0.368692 -0.256904 -0.892239
1642668787.804252 0.075296 1.467402 0.469069 -0.044807 0.368137 -0.257597 -0.892251
1642668787.812585 0.075015 1.466529 0.469635 -0.045175 0.367569 -0.258306 -0.892261
1642668787.820918 0.074730 1.465649 0.470215 -0.045513 0.367019 -0.259054 -0.892254
1642668787.829252 0.074437 1.464764 0.470814 -0.045823 0.366482 -0.259846 -0.892228
1642668787.837585 0.074131 1.463889 0.471430 -0.046143 0.365978 -0.260712 -0.892166
1642668787.845918 0.073812 1.463012 0.472058 -0.046550 0.365389 -0.261556 -0.892139
1642668787.854252 0.073483 1.462132 0.472704 -0.046948 0.364797 -0.262368 -0.892122
1642668787.862585 0.073158 1.461250 0.473366 -0.047341 0.364233 -0.263181 -0.892093
1642668787.870918 0.072837 1.460371 0.474048 -0.047710 0.363706 -0.263998 -0.892046
1642668787.879252 0.072508 1.459501 0.474746 -0.048089 0.363166 -0.264806 -0.892007
1642668787.887585 0.072173 1.458637 0.475465 -0.048484 0.362577 -0.265596 -0.891990
1642668787.895918 0.071841 1.457769 0.476202 -0.048888 0.362002 -0.266392 -0.891964
1642668787.904252 0.071500 1.456896 0.476961 -0.049319 0.361470 -0.267203 -0.891914
1642668787.912585 0.071151 1.456027 0.477743 -0.049770 0.360828 -0.267961 -0.891921
1642668787.920918 0.070802 1.455155 0.478549 -0.050235 0.360155 -0.268708 -0.891943
1642668787.929252 0.070451 1.454278 0.479372 -0.050702 0.359552 -0.269483 -0.891925
1642668787.937585 0.070098 1.453395 0.480222 -0.051203 0.358976 -0.270258 -0.891894
1642668787.945918 0.069752 1.452507 0.481087 -0.051800 0.358364 -0.270971 -0.891889
1642668787.954252 0.069400 1.451620 0.481968 -0.052439 0.357674 -0.271650 -0.891923
1642668787.962585 0.069042 1.450750 0.482871 -0.053044 0.357064 -0.272284 -0.891938
1642668787.970918 0.068685 1.449880 0.483791 -0.053673 0.356552 -0.272897 -0.891918
1642668787.979252 0.068327 1.449015 0.484726 -0.054319 0.356092 -0.273507 -0.891876
1642668787.987585 0.067969 1.448181 0.485664 -0.055075 0.355689 -0.274074 -0.891816
1642668787.995918 0.067609 1.447362 0.486607 -0.055892 0.355323 -0.274630 -0.891740
1642668788.004252 0.067241 1.446520 0.487589 -0.056559 0.354897 -0.275149 -0.891707
1642668788.012585 0.066873 1.445683 0.488585 -0.057247 0.354376 -0.275618 -0.891726
1642668788.020918 0.066498 1.444852 0.489592 -0.057920 0.353892 -0.276192 -0.891697
1642668788.029252 0.066124 1.444019 0.490608 -0.058587 0.353491 -0.276787 -0.891628
1642668788.037585 0.065759 1.443194 0.491633 -0.059267 0.353066 -0.277342 -0.891579
1642668788.045918 0.065398 1.442378 0.492667 -0.059939 0.352637 -0.277882 -0.891536
1642668788.054252 0.065038 1.441568 0.493710 -0.060593 0.352223 -0.278431 -0.891484
1642668788.062585 0.064681 1.440761 0.494763 -0.061251 0.351849 -0.278980 -0.891415
1642668788.070918 0.064333 1.439963 0.495824 -0.061898 0.351437 -0.279477 -0.891377
1642668788.079252 0.063999 1.439168 0.496899 -0.062511 0.350951 -0.279966 -0.891373
1642668788.087585 0.063678 1.438376 0.497988 -0.063107 0.350398 -0.280407 -0.891410
1642668788.095918 0.063358 1.437577 0.499095 -0.063680 0.349851 -0.280862 -0.891440
1642668788.104252 0.063039 1.436779 0.500227 -0.064251 0.349243 -0.281286 -0.891504
1642668788.112585 0.062728 1.435981 0.501377 -0.064849 0.348610 -0.281676 -0.891585
1642668788.120918 0.062423 1.435179 0.502546 -0.065473 0.347989 -0.282032 -0.891670
1642668788.129252 0.062114 1.434381 0.503735 -0.066046 0.347371 -0.282397 -0.891753
1642668788.137585 0.061804 1.433573 0.504938 -0.066648 0.346721 -0.282810 -0.891831
1642668788.145918 0.061485 1.432770 0.506162 -0.067289 0.346016 -0.283243 -0.891918
1642668788.154252 0.061194 1.431965 0.507404 -0.068082 0.345151 -0.284028 -0.891944
1642668788.162585 0.060907 1.431146 0.508657 -0.068860 0.344334 -0.284958 -0.891903
1642668788.170918 0.060555 1.430333 0.509924 -0.069397 0.343613 -0.285352 -0.892014
1642668788.179252 0.060196 1.429518 0.511200 -0.069976 0.342854 -0.285672 -0.892158
1642668788.187585 0.059824 1.428691 0.512493 -0.070585 0.342155 -0.285982 -0.892279
1642668788.195918 0.059442 1.427867 0.513798 -0.071206 0.341515 -0.286291 -0.892376
1642668788.204252 0.059053 1.427056 0.515099 -0.071824 0.340936 -0.286572 -0.892457
1642668788.212585 0.058654 1.426258 0.516410 -0.072450 0.340377 -0.286844 -0.892533
1642668788.220918 0.058244 1.425463 0.517729 -0.073082 0.339962 -0.287075 -0.892565
1642668788.229252 0.057833 1.424675 0.519076 -0.073831 0.339368 -0.287162 -0.892702
1642668788.237585 0.057411 1.423863 0.520401 -0.074852 0.338881 -0.287370 -0.892735
1642668788.245918 0.056966 1.423046 0.521687 -0.075815 0.338888 -0.287888 -0.892484
1642668788.254252 0.056518 1.422264 0.523021 -0.076618 0.338651 -0.288150 -0.892421
1642668788.262585 0.056065 1.421477 0.524360 -0.077389 0.338503 -0.288487 -0.892302
1642668788.270918 0.055604 1.420710 0.525713 -0.078179 0.338317 -0.288787 -0.892206
1642668788.279252 0.055144 1.419970 0.527090 -0.079147 0.337857 -0.288897 -0.892259
1642668788.287585 0.054661 1.419252 0.528458 -0.079969 0.337623 -0.289135 -0.892198
1642668788.295918 0.054158 1.418544 0.529794 -0.080592 0.337818 -0.289647 -0.891902
1642668788.304252 0.053676 1.417851 0.531172 -0.081368 0.337633 -0.289950 -0.891803
1642668788.312585 0.053194 1.417163 0.532563 -0.082116 0.337469 -0.290213 -0.891711
1642668788.320918 0.052716 1.416474 0.533972 -0.082917 0.337325 -0.290439 -0.891618
1642668788.329252 0.052242 1.415791 0.535388 -0.083813 0.337081 -0.290598 -0.891574
1642668788.337585 0.051761 1.415122 0.536820 -0.084641 0.336899 -0.290716 -0.891526
1642668788.345918 0.051291 1.414448 0.538267 -0.085484 0.336797 -0.290777 -0.891465
1642668788.354252 0.050827 1.413774 0.539716 -0.086331 0.336656 -0.290840 -0.891416
1642668788.362585 0.050369 1.413113 0.541168 -0.087154 0.336453 -0.290926 -0.891384
1642668788.370918 0.049906 1.412465 0.542636 -0.087987 0.336219 -0.290982 -0.891372
1642668788.379252 0.049420 1.411831 0.544111 -0.088797 0.336001 -0.290991 -0.891371
1642668788.387585 0.048946 1.411194 0.545591 -0.089586 0.335834 -0.291104 -0.891318
1642668788.395918 0.048488 1.410543 0.547080 -0.090403 0.335579 -0.291266 -0.891279
1642668788.404252 0.048028 1.409902 0.548569 -0.091184 0.335227 -0.291362 -0.891300
1642668788.412585 0.047562 1.409281 0.550059 -0.091918 0.334844 -0.291423 -0.891349
1642668788.420918 0.047086 1.408666 0.551554 -0.092624 0.334437 -0.291552 -0.891387
1642668788.429252 0.046605 1.408042 0.553057 -0.093376 0.334029 -0.291834 -0.891369
1642668788.437585 0.046116 1.407435 0.554570 -0.094150 0.333568 -0.292170 -0.891350
1642668788.445918 0.045618 1.406853 0.556086 -0.094828 0.333022 -0.292485 -0.891379
1642668788.454252 0.045097 1.406296 0.557597 -0.095641 0.332057 -0.292739 -0.891569
1642668788.462585 0.044576 1.405745 0.559099 -0.096442 0.331043 -0.293090 -0.891744
1642668788.470918 0.044095 1.405214 0.560622 -0.097113 0.330139 -0.293396 -0.891906
1642668788.479252 0.043615 1.404718 0.562175 -0.097905 0.328866 -0.293501 -0.892255
1642668788.487585 0.043111 1.404228 0.563678 -0.098382 0.328273 -0.294169 -0.892201
1642668788.495918 0.042621 1.403756 0.565180 -0.098839 0.327609 -0.294705 -0.892218
1642668788.504252 0.042173 1.403283 0.566694 -0.099407 0.326578 -0.294846 -0.892486
1642668788.512585 0.041732 1.402849 0.568188 -0.099876 0.325718 -0.295202 -0.892630
1642668788.520918 0.041306 1.402422 0.569683 -0.100334 0.324824 -0.295466 -0.892817
1642668788.529252 0.040892 1.401992 0.571187 -0.100821 0.324006 -0.295723 -0.892974
1642668788.537585 0.040479 1.401578 0.572685 -0.101283 0.323377 -0.296129 -0.893016
1642668788.545918 0.040096 1.401148 0.574175 -0.101805 0.322468 -0.296345 -0.893213
1642668788.554252 0.039757 1.400686 0.575658 -0.102373 0.321413 -0.296262 -0.893556
1642668788.562585 0.039411 1.400283 0.577137 -0.102900 0.320637 -0.296460 -0.893708
1642668788.570918 0.039057 1.399932 0.578614 -0.103389 0.319821 -0.296643 -0.893884
1642668788.579252 0.038716 1.399553 0.580063 -0.103880 0.319053 -0.296793 -0.894051
1642668788.587585 0.038402 1.399159 0.581507 -0.104408 0.318244 -0.296939 -0.894230
1642668788.595918 0.038089 1.398773 0.582928 -0.104849 0.317713 -0.297275 -0.894255
1642668788.604252 0.037800 1.398378 0.584333 -0.105319 0.317070 -0.297402 -0.894386
1642668788.612585 0.037504 1.398042 0.585726 -0.105735 0.316566 -0.297704 -0.894415
1642668788.620918 0.037245 1.397695 0.587127 -0.106271 0.315820 -0.297731 -0.894606
1642668788.629252 0.036996 1.397340 0.588515 -0.106819 0.315209 -0.297831 -0.894723
1642668788.637585 0.036750 1.396987 0.589891 -0.107420 0.314597 -0.297940 -0.894830
1642668788.645918 0.036525 1.396610 0.591249 -0.108023 0.313891 -0.297900 -0.895019
1642668788.654252 0.036323 1.396227 0.592599 -0.108616 0.313151 -0.297771 -0.895249
1642668788.662585 0.036118 1.395877 0.593935 -0.109198 0.312516 -0.297853 -0.895373
1642668788.670918 0.035912 1.395546 0.595261 -0.109832 0.311663 -0.297927 -0.895568
1642668788.679252 0.035710 1.395229 0.596573 -0.110407 0.310750 -0.297987 -0.895795
1642668788.687585 0.035501 1.394912 0.597861 -0.110899 0.310250 -0.298411 -0.895766
1642668788.695918 0.035280 1.394607 0.599132 -0.111398 0.309727 -0.298972 -0.895698
1642668788.704252 0.035087 1.394258 0.600393 -0.111963 0.308794 -0.299174 -0.895882
1642668788.712585 0.034896 1.393914 0.601646 -0.112537 0.307749 -0.299301 -0.896128
1642668788.720918 0.034694 1.393636 0.602894 -0.113137 0.306746 -0.299630 -0.896286
1642668788.729252 0.034495 1.393393 0.604137 -0.113793 0.305708 -0.299891 -0.896471
1642668788.737585 0.034303 1.393161 0.605370 -0.114435 0.304674 -0.300120 -0.896664
1642668788.745918 0.034108 1.392921 0.606573 -0.114948 0.303920 -0.300587 -0.896698
1642668788.754252 0.033920 1.392690 0.607763 -0.115404 0.303305 -0.301125 -0.896667
1642668788.762585 0.033771 1.392438 0.608949 -0.116014 0.302227 -0.301194 -0.896929
1642668788.770918 0.033621 1.392212 0.610113 -0.116566 0.301145 -0.301242 -0.897205
1642668788.779252 0.033470 1.392014 0.611253 -0.117019 0.300220 -0.301383 -0.897409
1642668788.787585 0.033371 1.391786 0.612383 -0.117561 0.299182 -0.301303 -0.897712
1642668788.795918 0.033266 1.391577 0.613487 -0.118000 0.298382 -0.301415 -0.897883
1642668788.804252 0.033170 1.391383 0.614583 -0.118470 0.297516 -0.301423 -0.898105
1642668788.812585 0.033082 1.391196 0.615665 -0.118882 0.296718 -0.301413 -0.898318
1642668788.820918 0.032993 1.391049 0.616730 -0.119254 0.295942 -0.301502 -0.898495
1642668788.829252 0.032919 1.390912 0.617783 -0.119631 0.295012 -0.301438 -0.898772
1642668788.837585 0.032863 1.390765 0.618824 -0.119953 0.294018 -0.301305 -0.899100
1642668788.845918 0.032803 1.390653 0.619852 -0.120215 0.293135 -0.301305 -0.899353
1642668788.854252 0.032764 1.390555 0.620876 -0.120461 0.292108 -0.301192 -0.899692
1642668788.862585 0.032712 1.390490 0.621885 -0.120618 0.291189 -0.301247 -0.899950
1642668788.870918 0.032682 1.390416 0.622891 -0.120863 0.289912 -0.300953 -0.900428
1642668788.879252 0.032645 1.390361 0.623867 -0.120935 0.288953 -0.301006 -0.900709
1642668788.887585 0.032607 1.390319 0.624830 -0.120964 0.287944 -0.301076 -0.901005
1642668788.895918 0.032553 1.390325 0.625795 -0.120962 0.286874 -0.301168 -0.901315
1642668788.904252 0.032510 1.390369 0.626758 -0.120893 0.285882 -0.301394 -0.901564
1642668788.912585 0.032492 1.390404 0.627722 -0.120914 0.284459 -0.301229 -0.902067
1642668788.920918 0.032472 1.390457 0.628687 -0.120973 0.282921 -0.300958 -0.902633
1642668788.929252 0.032428 1.390564 0.629632 -0.120837 0.281735 -0.301085 -0.902979
1642668788.937585 0.032387 1.390697 0.630568 -0.120660 0.280582 -0.301215 -0.903319
1642668788.945918 0.032362 1.390828 0.631507 -0.120540 0.279172 -0.301033 -0.903832
1642668788.954252 0.032339 1.390997 0.632449 -0.120266 0.277791 -0.300875 -0.904346
1642668788.962585 0.032319 1.391193 0.633389 -0.120012 0.276405 -0.300685 -0.904868
1642668788.970918 0.032296 1.391367 0.634313 -0.119976 0.274977 -0.300188 -0.905473
1642668788.979252 0.032271 1.391554 0.635225 -0.119913 0.273499 -0.299561 -0.906136
1642668788.987585 0.032202 1.391787 0.636114 -0.119748 0.272380 -0.299268 -0.906591
1642668788.995918 0.032106 1.392056 0.636980 -0.119473 0.271682 -0.299180 -0.906866
1642668789.004252 0.032023 1.392307 0.637841 -0.119359 0.270644 -0.298715 -0.907345
1642668789.012585 0.031968 1.392562 0.638731 -0.119504 0.269216 -0.298030 -0.907976
1642668789.020918 0.031883 1.392862 0.639621 -0.119633 0.267978 -0.297553 -0.908481
1642668789.029252 0.031781 1.393192 0.640527 -0.119679 0.266797 -0.297170 -0.908948
1642668789.037585 0.031660 1.393533 0.641408 -0.119669 0.265856 -0.296898 -0.909314
1642668789.045918 0.031552 1.393882 0.642246 -0.119908 0.264849 -0.296379 -0.909745
1642668789.054252 0.031437 1.394253 0.643079 -0.120089 0.263903 -0.295850 -0.910169
1642668789.062585 0.031316 1.394608 0.643868 -0.120177 0.263152 -0.295428 -0.910511
1642668789.070918 0.031189 1.394966 0.644632 -0.120219 0.262575 -0.294986 -0.910816
1642668789.079252 0.031039 1.395388 0.645403 -0.120403 0.261855 -0.294489 -0.911159
1642668789.087585 0.030873 1.395824 0.646146 -0.120505 0.261181 -0.293959 -0.911510
1642668789.095918 0.030688 1.396277 0.646860 -0.120534 0.260627 -0.293538 -0.911801
1642668789.104252 0.030491 1.396771 0.647568 -0.120553 0.260184 -0.293181 -0.912040
1642668789.112585 0.030307 1.397264 0.648275 -0.120590 0.259610 -0.292659 -0.912366
1642668789.120918 0.030136 1.397752 0.648963 -0.120658 0.258953 -0.292048 -0.912740
1642668789.129252 0.029955 1.398257 0.649644 -0.120701 0.258169 -0.291293 -0.913197
1642668789.137585 0.029743 1.398807 0.650302 -0.120594 0.257563 -0.290683 -0.913577
1642668789.145918 0.029517 1.399388 0.650933 -0.120510 0.257071 -0.290246 -0.913865
1642668789.154252 0.029265 1.400000 0.651546 -0.120512 0.256415 -0.289857 -0.914173
1642668789.162585 0.029017 1.400620 0.652161 -0.120510 0.255390 -0.289172 -0.914677
1642668789.170918 0.028804 1.401230 0.652785 -0.120116 0.254816 -0.288442 -0.915119
1642668789.179252 0.028598 1.401844 0.653410 -0.119645 0.254295 -0.287685 -0.915564
1642668789.187585 0.028338 1.402507 0.654001 -0.119231 0.253649 -0.287265 -0.915929
1642668789.195918 0.028072 1.403180 0.654582 -0.118826 0.253038 -0.286902 -0.916264
1642668789.204252 0.027819 1.403859 0.655178 -0.118371 0.252078 -0.286389 -0.916748
1642668789.212585 0.027556 1.404539 0.655778 -0.117904 0.251043 -0.285848 -0.917261
1642668789.220918 0.027308 1.405161 0.656367 -0.117791 0.249855 -0.285061 -0.917844
1642668789.229252 0.027052 1.405820 0.656972 -0.117382 0.248584 -0.284368 -0.918457
1642668789.237585 0.026757 1.406544 0.657583 -0.116791 0.247249 -0.283919 -0.919031
1642668789.245918 0.026487 1.407251 0.658248 -0.116240 0.245689 -0.283156 -0.919754
1642668789.254252 0.026235 1.407891 0.658904 -0.115860 0.244239 -0.282346 -0.920437
1642668789.262585 0.025962 1.408545 0.659516 -0.115435 0.242151 -0.281435 -0.921321
1642668789.270918 0.025717 1.409205 0.660142 -0.114969 0.240488 -0.280519 -0.922094
1642668789.279252 0.025478 1.409847 0.660778 -0.114388 0.239267 -0.279724 -0.922725
1642668789.287585 0.025234 1.410474 0.661417 -0.113827 0.238362 -0.279018 -0.923242
1642668789.295918 0.024955 1.411119 0.662062 -0.113528 0.237142 -0.278212 -0.923836
1642668789.304252 0.024646 1.411780 0.662706 -0.113468 0.235684 -0.277299 -0.924491
1642668789.312585 0.024287 1.412475 0.663348 -0.113522 0.234651 -0.276759 -0.924909
1642668789.320918 0.023923 1.413159 0.663982 -0.113363 0.234420 -0.276514 -0.925060
1642668789.329252 0.023561 1.413800 0.664599 -0.113345 0.233733 -0.275758 -0.925462
1642668789.337585 0.023171 1.414448 0.665200 -0.113330 0.233328 -0.275092 -0.925764
1642668789.345918 0.022761 1.415091 0.665778 -0.113381 0.233084 -0.274438 -0.926013
1642668789.354252 0.022333 1.415732 0.666335 -0.113452 0.232895 -0.273691 -0.926273
1642668789.362585 0.021885 1.416373 0.666861 -0.113518 0.232943 -0.272886 -0.926490
1642668789.370918 0.021418 1.417004 0.667349 -0.113584 0.233327 -0.272093 -0.926619
1642668789.379252 0.020941 1.417629 0.667815 -0.113714 0.233757 -0.271245 -0.926743
1642668789.387585 0.020481 1.418207 0.668262 -0.113704 0.234506 -0.270276 -0.926838
1642668789.395918 0.020014 1.418762 0.668683 -0.113570 0.235752 -0.269463 -0.926776
1642668789.404252 0.019491 1.419346 0.669066 -0.113616 0.236863 -0.268843 -0.926666
1642668789.412585 0.018975 1.419888 0.669433 -0.113735 0.237779 -0.267949 -0.926676
1642668789.420918 0.018450 1.420417 0.669783 -0.113798 0.238702 -0.267051 -0.926690
1642668789.429252 0.017917 1.420947 0.670119 -0.113798 0.239618 -0.266244 -0.926686
1642668789.437585 0.017388 1.421466 0.670449 -0.113865 0.240210 -0.265258 -0.926808
1642668789.445918 0.016844 1.421987 0.670759 -0.113818 0.240834 -0.264412 -0.926893
1642668789.454252 0.016298 1.422531 0.671057 -0.113474 0.242129 -0.264073 -0.926695
1642668789.462585 0.015764 1.423063 0.671370 -0.113187 0.243064 -0.263454 -0.926661
1642668789.470918 0.015198 1.423577 0.671653 -0.112783 0.243422 -0.262814 -0.926798
1642668789.479252 0.014635 1.424082 0.671935 -0.112365 0.243497 -0.262075 -0.927038
1642668789.487585 0.014058 1.424586 0.672222 -0.111939 0.243292 -0.261329 -0.927354
1642668789.495918 0.013433 1.425135 0.672504 -0.111222 0.243279 -0.261119 -0.927503
1642668789.504252 0.012779 1.425711 0.672788 -0.110421 0.243184 -0.261118 -0.927624
1642668789.512585 0.012105 1.426278 0.673070 -0.109669 0.242471 -0.260867 -0.927970
1642668789.520918 0.011401 1.426852 0.673352 -0.109005 0.241111 -0.260425 -0.928527
1642668789.529252 0.010691 1.427443 0.673651 -0.108439 0.239732 -0.259923 -0.929091
1642668789.537585 0.009966 1.428034 0.673940 -0.107356 0.239444 -0.260129 -0.929233
1642668789.545918 0.009205 1.428637 0.674229 -0.106311 0.239067 -0.260389 -0.929377
1642668789.554252 0.008413 1.429240 0.674526 -0.105657 0.237825 -0.260168 -0.929833
1642668789.562585 0.007629 1.429825 0.674819 -0.104828 0.237052 -0.260079 -0.930149
1642668789.570918 0.006841 1.430395 0.675110 -0.103892 0.236674 -0.260076 -0.930351
1642668789.579252 0.006038 1.430945 0.675394 -0.102797 0.236533 -0.260110 -0.930498
1642668789.587585 0.005212 1.431500 0.675688 -0.102072 0.235881 -0.259780 -0.930836
1642668789.595918 0.004376 1.432043 0.675984 -0.101395 0.235375 -0.259410 -0.931141
1642668789.604252 0.003500 1.432603 0.676269 -0.100630 0.235116 -0.259258 -0.931332
1642668789.612585 0.002583 1.433188 0.676544 -0.099993 0.234711 -0.259131 -0.931538
1642668789.620918 0.001651 1.433781 0.676818 -0.099251 0.234643 -0.259145 -0.931631
1642668789.629252 0.000743 1.434346 0.677105 -0.098475 0.234770 -0.259020 -0.931716
1642668789.637585 -0.000202 1.434926 0.677405 -0.098084 0.234152 -0.258512 -0.932054
1642668789.645918 -0.001124 1.435488 0.677718 -0.097364 0.234358 -0.258344 -0.932124
1642668789.654252 -0.002031 1.436027 0.678014 -0.096812 0.234856 -0.258444 -0.932028
1642668789.662585 -0.002954 1.436559 0.678331 -0.096528 0.234475 -0.257937 -0.932294
1642668789.670918 -0.003926 1.437149 0.678689 -0.095625 0.234511 -0.257483 -0.932503
1642668789.679252 -0.004824 1.437666 0.679023 -0.095102 0.235263 -0.257640 -0.932325
1642668789.687585 -0.005739 1.438187 0.679358 -0.094917 0.235515 -0.257746 -0.932250
1642668789.695918 -0.006683 1.438724 0.679738 -0.094081 0.235717 -0.257378 -0.932386
1642668789.704252 -0.007626 1.439274 0.680138 -0.093708 0.235433 -0.256715 -0.932678
1642668789.712585 -0.008526 1.439789 0.680517 -0.093955 0.234778 -0.256153 -0.932973
1642668789.720918 -0.009465 1.440367 0.680910 -0.093203 0.235023 -0.255924 -0.933049
1642668789.729252 -0.010386 1.440926 0.681293 -0.092373 0.235688 -0.255925 -0.932964
1642668789.737585 -0.011237 1.441416 0.681675 -0.092248 0.235979 -0.255628 -0.932984
1642668789.745918 -0.012116 1.441944 0.682081 -0.092097 0.235570 -0.254843 -0.933317
1642668789.754252 -0.012990 1.442445 0.682478 -0.091586 0.235826 -0.254432 -0.933414
1642668789.762585 -0.013834 1.442933 0.682872 -0.091012 0.236509 -0.254312 -0.933331
1642668789.770918 -0.014656 1.443408 0.683276 -0.090485 0.237367 -0.254156 -0.933206
1642668789.779252 -0.015500 1.443891 0.683700 -0.090327 0.237393 -0.253290 -0.933451
1642668789.787585 -0.016359 1.444368 0.684103 -0.090269 0.237389 -0.252727 -0.933609
1642668789.795918 -0.017172 1.444814 0.684511 -0.090043 0.238032 -0.252374 -0.933563
1642668789.804252 -0.017977 1.445256 0.684920 -0.089694 0.238942 -0.252083 -0.933443
1642668789.812585 -0.018818 1.445716 0.685302 -0.089372 0.239573 -0.251988 -0.933338
1642668789.820918 -0.019650 1.446166 0.685678 -0.089141 0.240093 -0.251912 -0.933247
1642668789.829252 -0.020448 1.446617 0.686078 -0.089084 0.240347 -0.251355 -0.933337
1642668789.837585 -0.021254 1.447087 0.686451 -0.088933 0.240694 -0.251054 -0.933343
1642668789.845918 -0.022063 1.447551 0.686794 -0.088627 0.241381 -0.251056 -0.933194
1642668789.854252 -0.022875 1.448047 0.687137 -0.088391 0.242134 -0.251018 -0.933032
1642668789.862585 -0.023644 1.448534 0.687495 -0.088389 0.242452 -0.250469 -0.933097
1642668789.870918 -0.024395 1.449019 0.687845 -0.088452 0.242765 -0.249832 -0.933180
1642668789.879252 -0.025166 1.449508 0.688171 -0.088223 0.243357 -0.249487 -0.933140
1642668789.887585 -0.025954 1.450025 0.688484 -0.088033 0.243853 -0.249236 -0.933096
1642668789.895918 -0.026744 1.450599 0.688796 -0.087899 0.244492 -0.249032 -0.932995
1642668789.904252 -0.027525 1.451192 0.689106 -0.087939 0.244753 -0.248470 -0.933073
1642668789.912585 -0.028325 1.451765 0.689393 -0.088096 0.244703 -0.247590 -0.933305
1642668789.920918 -0.029100 1.452306 0.689670 -0.088008 0.245110 -0.246709 -0.933440
1642668789.929252 -0.029864 1.452910 0.689944 -0.087717 0.245894 -0.246401 -0.933343
1642668789.937585 -0.030662 1.453562 0.690215 -0.087720 0.246214 -0.245984 -0.933368
1642668789.945918 -0.031486 1.454221 0.690460 -0.087561 0.246545 -0.245664 -0.933380
1642668789.954252 -0.032323 1.454895 0.690692 -0.087469 0.246761 -0.245412 -0.933398
1642668789.962585 -0.033172 1.455601 0.690922 -0.087508 0.247001 -0.245185 -0.933390
1642668789.970918 -0.034038 1.456331 0.691149 -0.087644 0.247196 -0.244979 -0.933380
1642668789.979252 -0.034918 1.457072 0.691362 -0.087744 0.247473 -0.244848 -0.933331
1642668789.987585 -0.035817 1.457827 0.691560 -0.087818 0.247660 -0.244680 -0.933319
1642668789.995918 -0.036711 1.458606 0.691741 -0.088005 0.247964 -0.244467 -0.933276
1642668790.004252 -0.037616 1.459377 0.691892 -0.088055 0.248385 -0.244341 -0.933193
1642668790.012585 -0.038532 1.460164 0.692024 -0.088079 0.248731 -0.244132 -0.933153
1642668790.020918 -0.039442 1.460972 0.692140 -0.088134 0.249176 -0.243887 -0.933093
1642668790.029252 -0.040352 1.461807 0.692246 -0.088215 0.249646 -0.243655 -0.933021
1642668790.037585 -0.041264 1.462652 0.692335 -0.088278 0.250082 -0.243406 -0.932963
1642668790.045918 -0.042180 1.463495 0.692400 -0.088299 0.250448 -0.243130 -0.932935
1642668790.054252 -0.043077 1.464376 0.692464 -0.088470 0.250813 -0.242783 -0.932911
1642668790.062585 -0.043959 1.465291 0.692539 -0.088606 0.251299 -0.242428 -0.932859
1642668790.070918 -0.044843 1.466189 0.692596 -0.088648 0.251720 -0.242112 -0.932824
1642668790.079252 -0.045718 1.467057 0.692622 -0.088586 0.251865 -0.241809 -0.932869
1642668790.087585 -0.046556 1.467989 0.692671 -0.088730 0.252238 -0.241301 -0.932886
1642668790.095918 -0.047377 1.468938 0.692709 -0.088959 0.252814 -0.240812 -0.932835
1642668790.104252 -0.048207 1.469872 0.692707 -0.088989 0.253333 -0.240501 -0.932772
1642668790.112585 -0.049026 1.470814 0.692687 -0.088985 0.253876 -0.240206 -0.932700
1642668790.120918 -0.049787 1.471737 0.692675 -0.089147 0.254161 -0.239458 -0.932800
1642668790.129252 -0.050525 1.472661 0.692662 -0.089385 0.254418 -0.238565 -0.932936
1642668790.137585 -0.051278 1.473610 0.692624 -0.089476 0.255031 -0.237991 -0.932906
1642668790.145918 -0.052015 1.474549 0.692571 -0.089551 0.255544 -0.237373 -0.932916
1642668790.154252 -0.052706 1.475460 0.692523 -0.089728 0.255792 -0.236450 -0.933065
1642668790.162585 -0.053417 1.476422 0.692458 -0.089779 0.256429 -0.235946 -0.933013
1642668790.170918 -0.054110 1.477396 0.692395 -0.089895 0.256941 -0.235308 -0.933022
1642668790.179252 -0.054772 1.478355 0.692327 -0.090078 0.257076 -0.234342 -0.933210
1642668790.187585 -0.055459 1.479355 0.692226 -0.090038 0.257576 -0.233883 -0.933192
1642668790.195918 -0.056137 1.480344 0.692133 -0.089910 0.258160 -0.233553 -0.933125
1642668790.204252 -0.056786 1.481315 0.692058 -0.089919 0.258324 -0.232808 -0.933265
1642668790.212585 -0.057426 1.482313 0.691993 -0.090026 0.258452 -0.231994 -0.933422
1642668790.220918 -0.058114 1.483375 0.691919 -0.090053 0.258657 -0.231498 -0.933486
1642668790.229252 -0.058804 1.484447 0.691854 -0.090186 0.258692 -0.231032 -0.933579
1642668790.237585 -0.059443 1.485478 0.691795 -0.090482 0.258253 -0.230430 -0.933820
1642668790.245918 -0.060112 1.486543 0.691722 -0.090597 0.257926 -0.229960 -0.934016
1642668790.254252 -0.060780 1.487624 0.691647 -0.090675 0.257818 -0.229588 -0.934129
1642668790.262585 -0.061441 1.488718 0.691573 -0.090789 0.257656 -0.229196 -0.934259
1642668790.270918 -0.062095 1.489811 0.691496 -0.090930 0.257440 -0.228759 -0.934412
1642668790.279252 -0.062747 1.490899 0.691421 -0.091049 0.257207 -0.228319 -0.934572
1642668790.287585 -0.063404 1.491993 0.691336 -0.091182 0.256872 -0.227833 -0.934770
1642668790.295918 -0.064069 1.493108 0.691231 -0.091252 0.256917 -0.227542 -0.934821
1642668790.304252 -0.064746 1.494233 0.691118 -0.091334 0.257027 -0.227248 -0.934855
1642668790.312585 -0.065417 1.495342 0.691016 -0.091570 0.256699 -0.226611 -0.935077
1642668790.320918 -0.066118 1.496486 0.690888 -0.091609 0.256767 -0.226505 -0.935080
1642668790.329252 -0.066813 1.497637 0.690753 -0.091696 0.256708 -0.226343 -0.935127
1642668790.337585 -0.067471 1.498783 0.690628 -0.091911 0.256454 -0.225757 -0.935317
1642668790.345918 -0.068146 1.499948 0.690481 -0.091981 0.256671 -0.225512 -0.935310
1642668790.354252 -0.068812 1.501092 0.690320 -0.092078 0.256777 -0.225149 -0.935358
1642668790.362585 -0.069464 1.502220 0.690148 -0.092203 0.256913 -0.224771 -0.935399
1642668790.370918 -0.070113 1.503337 0.689985 -0.092331 0.257065 -0.224333 -0.935450
1642668790.379252 -0.070746 1.504443 0.689827 -0.092436 0.257337 -0.223844 -0.935482
1642668790.387585 -0.071365 1.505538 0.689670 -0.092602 0.257684 -0.223307 -0.935499
1642668790.395918 -0.072021 1.506663 0.689509 -0.092670 0.258195 -0.222936 -0.935440
1642668790.404252 -0.072665 1.507764 0.689356 -0.092788 0.258587 -0.222465 -0.935432
1642668790.412585 -0.073228 1.508770 0.689238 -0.093082 0.258516 -0.221539 -0.935642
1642668790.420918 -0.073870 1.509863 0.689113 -0.093278 0.258663 -0.220923 -0.935727
1642668790.429252 -0.074493 1.510942 0.689001 -0.093503 0.258776 -0.220199 -0.935844
1642668790.437585 -0.075053 1.511958 0.688900 -0.093735 0.258839 -0.219374 -0.935997
1642668790.445918 -0.075655 1.513010 0.688801 -0.093894 0.258885 -0.218613 -0.936147
1642668790.454252 -0.076252 1.514043 0.688707 -0.094035 0.258834 -0.217796 -0.936337
1642668790.462585 -0.076860 1.515064 0.688633 -0.094189 0.258741 -0.217039 -0.936523
1642668790.470918 -0.077477 1.516077 0.688575 -0.094332 0.258545 -0.216264 -0.936742
1642668790.479252 -0.078092 1.517087 0.688536 -0.094447 0.258326 -0.215543 -0.936957
1642668790.487585 -0.078709 1.518096 0.688514 -0.094535 0.258014 -0.214937 -0.937173
1642668790.495918 -0.079375 1.519127 0.688509 -0.094569 0.257546 -0.214431 -0.937415
1642668790.504252 -0.080062 1.520151 0.688513 -0.094482 0.257074 -0.214212 -0.937603
1642668790.512585 -0.080705 1.521104 0.688538 -0.094515 0.256177 -0.213929 -0.937910
1642668790.520918 -0.081366 1.522075 0.688599 -0.094607 0.255187 -0.213433 -0.938283
1642668790.529252 -0.082062 1.523078 0.688646 -0.094537 0.254613 -0.213486 -0.938434
1642668790.537585 -0.082777 1.524076 0.688686 -0.094617 0.253653 -0.213470 -0.938690
1642668790.545918 -0.083485 1.525067 0.688733 -0.094742 0.252550 -0.213153 -0.939047
1642668790.554252 -0.084200 1.526085 0.688765 -0.094499 0.252561 -0.213428 -0.939005
1642668790.562585 -0.084857 1.527040 0.688793 -0.094562 0.252155 -0.213407 -0.939113
1642668790.570918 -0.085473 1.527935 0.688825 -0.094741 0.251504 -0.212885 -0.939388
1642668790.579252 -0.086138 1.528877 0.688842 -0.094836 0.251179 -0.212525 -0.939547
1642668790.587585 -0.086793 1.529815 0.688851 -0.094975 0.251256 -0.212175 -0.939592
1642668790.595918 -0.087433 1.530752 0.688833 -0.095168 0.251459 -0.211667 -0.939632
1642668790.604252 -0.088059 1.531693 0.688794 -0.095341 0.251953 -0.211072 -0.939616
1642668790.612585 -0.088675 1.532650 0.688741 -0.095501 0.252600 -0.210447 -0.939566
1642668790.620918 -0.089273 1.533608 0.688669 -0.095642 0.253394 -0.209781 -0.939487
1642668790.629252 -0.089864 1.534566 0.688576 -0.095780 0.254226 -0.209020 -0.939418
1642668790.637585 -0.090437 1.535529 0.688470 -0.095832 0.255147 -0.208261 -0.939331
1642668790.645918 -0.090981 1.536510 0.688364 -0.095856 0.256263 -0.207486 -0.939197
1642668790.654252 -0.091501 1.537497 0.688261 -0.095860 0.257495 -0.206689 -0.939035
1642668790.662585 -0.091990 1.538491 0.688166 -0.095850 0.258663 -0.205864 -0.938896
1642668790.670918 -0.092457 1.539487 0.688082 -0.095873 0.259755 -0.204997 -0.938782
1642668790.679252 -0.092903 1.540469 0.688005 -0.095902 0.260713 -0.204043 -0.938721
1642668790.687585 -0.093331 1.541445 0.687927 -0.095832 0.261655 -0.203147 -0.938661
1642668790.695918 -0.093744 1.542427 0.687870 -0.095802 0.262480 -0.202264 -0.938624
1642668790.704252 -0.094151 1.543424 0.687835 -0.095755 0.263051 -0.201360 -0.938664
1642668790.712585 -0.094548 1.544417 0.687813 -0.095579 0.263555 -0.200610 -0.938701
1642668790.720918 -0.094947 1.545415 0.687819 -0.095344 0.263860 -0.199965 -0.938777
1642668790.729252 -0.095339 1.546431 0.687854 -0.095189 0.263929 -0.199342 -0.938905
1642668790.737585 -0.095730 1.547465 0.687914 -0.095099 0.263749 -0.198682 -0.939105
1642668790.745918 -0.096135 1.548530 0.687991 -0.095041 0.263586 -0.198269 -0.939244
1642668790.754252 -0.096523 1.549581 0.688074 -0.094962 0.263338 -0.197847 -0.939411
1642668790.762585 -0.096890 1.550630 0.688179 -0.095018 0.262726 -0.197141 -0.939725
1642668790.770918 -0.097276 1.551708 0.688288 -0.094996 0.262280 -0.196713 -0.939941
1642668790.779252 -0.097630 1.552767 0.688421 -0.095201 0.261440 -0.195860 -0.940333
1642668790.787585 -0.098006 1.553859 0.688554 -0.095260 0.260920 -0.195401 -0.940566
1642668790.795918 -0.098399 1.554951 0.688693 -0.095330 0.260362 -0.195006 -0.940796
1642668790.804252 -0.098800 1.556055 0.688832 -0.095506 0.259658 -0.194641 -0.941048
1642668790.812585 -0.099195 1.557179 0.688990 -0.095674 0.259101 -0.194305 -0.941254
1642668790.820918 -0.099611 1.558308 0.689153 -0.095913 0.258464 -0.193943 -0.941479
1642668790.829252 -0.100030 1.559449 0.689314 -0.096232 0.257862 -0.193609 -0.941680
1642668790.837585 -0.100448 1.560597 0.689470 -0.096556 0.257338 -0.193269 -0.941861
1642668790.845918 -0.100877 1.561752 0.689623 -0.096905 0.256915 -0.192866 -0.942023
1642668790.854252 -0.101315 1.562904 0.689779 -0.097291 0.256519 -0.192370 -0.942192
1642668790.862585 -0.101751 1.564046 0.689931 -0.097694 0.256146 -0.191861 -0.942356
1642668790.870918 -0.102198 1.565178 0.690090 -0.098135 0.255898 -0.191316 -0.942488
1642668790.879252 -0.102635 1.566287 0.690253 -0.098620 0.255858 -0.190811 -0.942551
1642668790.887585 -0.103073 1.567374 0.690419 -0.099189 0.255859 -0.190315 -0.942591
1642668790.895918 -0.103517 1.568427 0.690585 -0.099786 0.255866 -0.189806 -0.942629
1642668790.904252 -0.103949 1.569444 0.690751 -0.100419 0.255869 -0.189279 -0.942667
1642668790.912585 -0.104374 1.570431 0.690917 -0.101027 0.256040 -0.188856 -0.942640
1642668790.920918 -0.104794 1.571382 0.691077 -0.101691 0.256154 -0.188430 -0.942623
1642668790.929252 -0.105201 1.572297 0.691223 -0.102365 0.256192 -0.187978 -0.942630
1642668790.937585 -0.105585 1.573184 0.691360 -0.102996 0.256445 -0.187603 -0.942567
1642668790.945918 -0.105946 1.574025 0.691491 -0.103634 0.256759 -0.187279 -0.942476
1642668790.954252 -0.106290 1.574818 0.691616 -0.104237 0.257181 -0.186985 -0.942353
1642668790.962585 -0.106609 1.575553 0.691732 -0.104802 0.257493 -0.186606 -0.942280
1642668790.970918 -0.106897 1.576235 0.691839 -0.105453 0.257758 -0.186187 -0.942218
1642668790.979252 -0.107158 1.576857 0.691939 -0.106121 0.258023 -0.185781 -0.942151
1642668790.987585 -0.107388 1.577420 0.692026 -0.106737 0.258301 -0.185341 -0.942092
1642668790.995918 -0.107583 1.577921 0.692101 -0.107419 0.258567 -0.184929 -0.942022
1642668791.004252 -0.107747 1.578365 0.692180 -0.108174 0.258813 -0.184487 -0.941955
1642668791.012585 -0.107886 1.578757 0.692254 -0.108922 0.259021 -0.183998 -0.941907
1642668791.020918 -0.108006 1.579099 0.692324 -0.109662 0.259282 -0.183502 -0.941846
1642668791.029252 -0.108101 1.579398 0.692386 -0.110386 0.259561 -0.182962 -0.941790
1642668791.037585 -0.108176 1.579659 0.692446 -0.111136 0.259828 -0.182431 -0.941731
1642668791.045918 -0.108232 1.579880 0.692496 -0.111896 0.260124 -0.181918 -0.941658
1642668791.054252 -0.108263 1.580065 0.692541 -0.112665 0.260404 -0.181418 -0.941586
1642668791.062585 -0.108276 1.580219 0.692586 -0.113411 0.260693 -0.180982 -0.941500
1642668791.070918 -0.108271 1.580331 0.692632 -0.114136 0.260930 -0.180570 -0.941426
1642668791.079252 -0.108243 1.580395 0.692671 -0.114841 0.261190 -0.180205 -0.941338
1642668791.087585 -0.108195 1.580411 0.692717 -0.115557 0.261378 -0.179894 -0.941258
1642668791.095918 -0.108134 1.580381 0.692774 -0.116264 0.261472 -0.179603 -0.941200
1642668791.104252 -0.108057 1.580307 0.692851 -0.117071 0.261522 -0.179334 -0.941138
1642668791.112585 -0.107967 1.580192 0.692946 -0.117949 0.261505 -0.179098 -0.941078
1642668791.120918 -0.107870 1.580042 0.693060 -0.118881 0.261513 -0.178898 -0.940996
1642668791.129252 -0.107767 1.579857 0.693192 -0.119863 0.261504 -0.178671 -0.940917
1642668791.137585 -0.107664 1.579631 0.693339 -0.120851 0.261539 -0.178487 -0.940816
1642668791.145918 -0.107565 1.579379 0.693509 -0.121851 0.261631 -0.178346 -0.940688
1642668791.154252 -0.107477 1.579115 0.693703 -0.122857 0.261719 -0.178209 -0.940559
1642668791.162585 -0.107394 1.578837 0.693925 -0.123883 0.261854 -0.178108 -0.940406
1642668791.170918 -0.107321 1.578544 0.694179 -0.124905 0.262050 -0.178055 -0.940226
1642668791.179252 -0.107264 1.578235 0.694465 -0.125978 0.262189 -0.178008 -0.940053
1642668791.187585 -0.107220 1.577906 0.694794 -0.127108 0.262382 -0.177974 -0.939854
1642668791.195918 -0.107185 1.577551 0.695164 -0.128323 0.262490 -0.177957 -0.939662
1642668791.204252 -0.107163 1.577172 0.695571 -0.129573 0.262622 -0.177982 -0.939448
1642668791.212585 -0.107173 1.576809 0.696036 -0.130913 0.262680 -0.177942 -0.939254
1642668791.220918 -0.107205 1.576451 0.696539 -0.132308 0.262743 -0.177911 -0.939047
1642668791.229252 -0.107217 1.576014 0.697044 -0.133605 0.263042 -0.178049 -0.938753
1642668791.237585 -0.107249 1.575580 0.697583 -0.134921 0.263339 -0.178199 -0.938453
1642668791.245918 -0.107268 1.575122 0.698157 -0.136342 0.263516 -0.178290 -0.938181
1642668791.254252 -0.107281 1.574638 0.698770 -0.137806 0.263607 -0.178351 -0.937930
1642668791.262585 -0.107347 1.574171 0.699403 -0.139183 0.264003 -0.178617 -0.937564
1642668791.270918 -0.107432 1.573688 0.700068 -0.140539 0.264527 -0.178937 -0.937153
1642668791.279252 -0.107515 1.573187 0.700749 -0.142069 0.265254 -0.179234 -0.936660
1642668791.287585 -0.107601 1.572670 0.701465 -0.143823 0.266026 -0.179429 -0.936136
1642668791.295918 -0.107694 1.572105 0.702241 -0.145362 0.266809 -0.179644 -0.935634
1642668791.304252 -0.107787 1.571514 0.703055 -0.146934 0.267650 -0.179776 -0.935123
1642668791.312585 -0.107874 1.570900 0.703931 -0.148743 0.268244 -0.179627 -0.934695
1642668791.320918 -0.107940 1.570272 0.704854 -0.150755 0.268525 -0.179261 -0.934362
1642668791.329252 -0.108047 1.569667 0.705768 -0.152484 0.269270 -0.179161 -0.933886
1642668791.337585 -0.108157 1.569057 0.706711 -0.154102 0.270126 -0.179106 -0.933384
1642668791.345918 -0.108259 1.568446 0.707670 -0.155567 0.271105 -0.179156 -0.932847
1642668791.354252 -0.108369 1.567848 0.708682 -0.157259 0.271685 -0.179071 -0.932411
1642668791.362585 -0.108473 1.567243 0.709733 -0.158914 0.272236 -0.178956 -0.931992
1642668791.370918 -0.108569 1.566631 0.710806 -0.160574 0.272807 -0.178896 -0.931552
1642668791.379252 -0.108646 1.566012 0.711903 -0.162278 0.273273 -0.178859 -0.931127
1642668791.387585 -0.108713 1.565387 0.713028 -0.163929 0.273667 -0.178789 -0.930735
1642668791.395918 -0.108757 1.564744 0.714172 -0.165574 0.273919 -0.178682 -0.930390
1642668791.404252 -0.108777 1.564099 0.715327 -0.167218 0.273994 -0.178521 -0.930105
1642668791.412585 -0.108771 1.563446 0.716500 -0.168794 0.274123 -0.178403 -0.929805
1642668791.420918 -0.108752 1.562793 0.717687 -0.170261 0.274160 -0.178207 -0.929564
1642668791.429252 -0.108721 1.562144 0.718884 -0.171607 0.274130 -0.178022 -0.929361
1642668791.437585 -0.108678 1.561487 0.720092 -0.172943 0.273992 -0.177856 -0.929186
1642668791.445918 -0.108618 1.560828 0.721319 -0.174240 0.273707 -0.177638 -0.929069
1642668791.454252 -0.108540 1.560158 0.722554 -0.175472 0.273337 -0.177485 -0.928976
1642668791.462585 -0.108446 1.559477 0.723795 -0.176644 0.272937 -0.177356 -0.928896
1642668791.470918 -0.108334 1.558799 0.725040 -0.177819 0.272419 -0.177196 -0.928854
1642668791.479252 -0.108222 1.558144 0.726294 -0.178962 0.271898 -0.177196 -0.928787
1642668791.487585 -0.108102 1.557486 0.727549 -0.180055 0.271161 -0.177211 -0.928789
1642668791.495918 -0.107941 1.556794 0.728806 -0.181122 0.270205 -0.176896 -0.928920
1642668791.504252 -0.107793 1.556146 0.730061 -0.182042 0.269465 -0.176825 -0.928968
1642668791.512585 -0.107646 1.555497 0.731318 -0.182858 0.268665 -0.176904 -0.929025
1642668791.520918 -0.107506 1.554850 0.732573 -0.183571 0.267794 -0.176991 -0.929119
1642668791.529252 -0.107370 1.554202 0.733821 -0.184111 0.267055 -0.177149 -0.929195
1642668791.537585 -0.107237 1.553555 0.735068 -0.184639 0.266240 -0.177407 -0.929275
1642668791.545918 -0.107112 1.552922 0.736308 -0.185349 0.265186 -0.177559 -0.929406
1642668791.554252 -0.106973 1.552281 0.737540 -0.185920 0.264292 -0.177725 -0.929515
1642668791.562585 -0.106848 1.551663 0.738779 -0.186722 0.263022 -0.177875 -0.929685
1642668791.570918 -0.106705 1.551031 0.739997 -0.187208 0.262272 -0.178178 -0.929742
1642668791.579252 -0.106556 1.550401 0.741204 -0.187550 0.261637 -0.178390 -0.929811
1642668791.587585 -0.106436 1.549802 0.742403 -0.188095 0.260515 -0.178611 -0.929973
1642668791.595918 -0.106339 1.549226 0.743558 -0.188301 0.259986 -0.179115 -0.929983
1642668791.604252 -0.106229 1.548626 0.744706 -0.188156 0.260055 -0.179595 -0.929901
1642668791.612585 -0.106102 1.548029 0.745900 -0.188521 0.259008 -0.179560 -0.930125
1642668791.620918 -0.105978 1.547421 0.747089 -0.188919 0.257943 -0.179472 -0.930357
1642668791.629252 -0.105888 1.546836 0.748260 -0.189176 0.257008 -0.179573 -0.930544
1642668791.637585 -0.105804 1.546245 0.749425 -0.189490 0.256054 -0.179760 -0.930707
1642668791.645918 -0.105732 1.545657 0.750574 -0.189773 0.255208 -0.180108 -0.930815
1642668791.654252 -0.105684 1.545080 0.751709 -0.190031 0.254364 -0.180479 -0.930921
1642668791.662585 -0.105615 1.544487 0.752852 -0.190414 0.253381 -0.180546 -0.931098
1642668791.670918 -0.105548 1.543902 0.753991 -0.190704 0.252531 -0.180603 -0.931259
1642668791.679252 -0.105540 1.543355 0.755122 -0.191257 0.250968 -0.180657 -0.931557
1642668791.687585 -0.105574 1.542848 0.756227 -0.191964 0.249146 -0.180690 -0.931894
1642668791.695918 -0.105587 1.542308 0.757289 -0.191733 0.248824 -0.181300 -0.931910
1642668791.704252 -0.105584 1.541780 0.758373 -0.191432 0.248517 -0.181930 -0.931931
1642668791.712585 -0.105555 1.541238 0.759454 -0.191009 0.248347 -0.182378 -0.931975
1642668791.720918 -0.105539 1.540724 0.760549 -0.190967 0.247316 -0.182473 -0.932239
1642668791.729252 -0.105549 1.540231 0.761634 -0.191308 0.245711 -0.182482 -0.932592
1642668791.737585 -0.105608 1.539811 0.762714 -0.191609 0.244187 -0.182846 -0.932859
1642668791.745918 -0.105606 1.539320 0.763767 -0.191389 0.243319 -0.183132 -0.933075
1642668791.754252 -0.105581 1.538801 0.764797 -0.190846 0.242819 -0.183597 -0.933225
1642668791.762585 -0.105556 1.538277 0.765825 -0.190367 0.242007 -0.183924 -0.933469
1642668791.770918 -0.105581 1.537812 0.766886 -0.190681 0.239859 -0.183769 -0.933990
1642668791.779252 -0.105581 1.537316 0.767911 -0.190331 0.238719 -0.184164 -0.934276
1642668791.787585 -0.105572 1.536796 0.768921 -0.189667 0.238011 -0.184635 -0.934498
1642668791.795918 -0.105576 1.536284 0.769921 -0.189113 0.237131 -0.185090 -0.934744
1642668791.804252 -0.105654 1.535841 0.770937 -0.189312 0.234977 -0.185237 -0.935219
1642668791.812585 -0.105700 1.535350 0.771923 -0.188885 0.233878 -0.185820 -0.935465
1642668791.820918 -0.105721 1.534829 0.772917 -0.188580 0.232588 -0.186070 -0.935798
1642668791.829252 -0.105758 1.534309 0.773885 -0.188196 0.231377 -0.186339 -0.936122
1642668791.837585 -0.105815 1.533801 0.774830 -0.187741 0.230268 -0.186783 -0.936399
1642668791.845918 -0.105855 1.533254 0.775780 -0.187397 0.229001 -0.186928 -0.936749
1642668791.854252 -0.105913 1.532691 0.776697 -0.186618 0.228353 -0.187448 -0.936959
1642668791.862585 -0.105992 1.532128 0.777608 -0.186003 0.227603 -0.187965 -0.937160
1642668791.870918 -0.106135 1.531632 0.778542 -0.186168 0.225540 -0.188138 -0.937591
1642668791.879252 -0.106247 1.531081 0.779437 -0.185710 0.224473 -0.188638 -0.937838
1642668791.887585 -0.106382 1.530531 0.780306 -0.185238 0.223496 -0.189239 -0.938043
1642668791.895918 -0.106540 1.529984 0.781159 -0.184729 0.222471 -0.189909 -0.938252
1642668791.904252 -0.106693 1.529407 0.782009 -0.184338 0.221376 -0.190352 -0.938498
1642668791.912585 -0.106842 1.528806 0.782850 -0.183986 0.220322 -0.190750 -0.938734
1642668791.920918 -0.107009 1.528198 0.783679 -0.183544 0.219289 -0.191175 -0.938976
1642668791.929252 -0.107206 1.527595 0.784481 -0.183089 0.218405 -0.191693 -0.939165
1642668791.937585 -0.107389 1.526949 0.785284 -0.182710 0.217407 -0.191895 -0.939429
1642668791.945918 -0.107607 1.526317 0.786071 -0.182204 0.216558 -0.192322 -0.939637
1642668791.954252 -0.107840 1.525668 0.786846 -0.181839 0.215770 -0.192719 -0.939807
1642668791.962585 -0.108082 1.524998 0.787615 -0.181470 0.214945 -0.193092 -0.939991
1642668791.970918 -0.108339 1.524317 0.788385 -0.181128 0.214091 -0.193431 -0.940182
1642668791.979252 -0.108596 1.523606 0.789132 -0.180450 0.213805 -0.194061 -0.940248
1642668791.987585 -0.108875 1.522885 0.789868 -0.179790 0.213432 -0.194630 -0.940341
1642668791.995918 -0.109200 1.522196 0.790638 -0.179992 0.211488 -0.194522 -0.940764
1642668792.004252 -0.109526 1.521465 0.791371 -0.179655 0.210581 -0.195015 -0.940930
1642668792.012585 -0.109882 1.520726 0.792109 -0.179248 0.209642 -0.195493 -0.941118
1642668792.020918 -0.110262 1.519986 0.792846 -0.178816 0.208659 -0.196001 -0.941313
1642668792.029252 -0.110650 1.519233 0.793594 -0.178544 0.207454 -0.196423 -0.941543
1642668792.037585 -0.111066 1.518506 0.794351 -0.178203 0.206094 -0.196929 -0.941800
1642668792.045918 -0.111516 1.517739 0.795055 -0.177616 0.205181 -0.197731 -0.941942
1642668792.054252 -0.111979 1.516892 0.795752 -0.177326 0.204021 -0.198030 -0.942186
1642668792.062585 -0.112483 1.516045 0.796435 -0.176863 0.203129 -0.198622 -0.942342
1642668792.070918 -0.113009 1.515165 0.797109 -0.176420 0.202233 -0.199254 -0.942484
1642668792.079252 -0.113558 1.514268 0.797764 -0.176013 0.201178 -0.199884 -0.942652
1642668792.087585 -0.114138 1.513350 0.798414 -0.175564 0.200236 -0.200540 -0.942797
1642668792.095918 -0.114736 1.512410 0.799046 -0.175243 0.199249 -0.201304 -0.942903
1642668792.104252 -0.115356 1.511457 0.799666 -0.174964 0.198241 -0.202119 -0.942993
1642668792.112585 -0.115964 1.510508 0.800278 -0.174719 0.197318 -0.203246 -0.942990
1642668792.120918 -0.116564 1.509527 0.800869 -0.174670 0.196458 -0.204673 -0.942870
1642668792.129252 -0.117239 1.508545 0.801457 -0.174503 0.195779 -0.205626 -0.942835
1642668792.137585 -0.117939 1.507558 0.802038 -0.174268 0.195291 -0.206444 -0.942801
1642668792.145918 -0.118652 1.506567 0.802601 -0.174094 0.194783 -0.207196 -0.942773
1642668792.154252 -0.119380 1.505562 0.803149 -0.173940 0.194445 -0.207959 -0.942703
1642668792.162585 -0.120118 1.504545 0.803695 -0.173744 0.194271 -0.208756 -0.942599
1642668792.170918 -0.120868 1.503519 0.804235 -0.173607 0.194128 -0.209529 -0.942482
1642668792.179252 -0.121634 1.502492 0.804770 -0.173494 0.194110 -0.210269 -0.942342
1642668792.187585 -0.122412 1.501468 0.805307 -0.173333 0.194087 -0.210943 -0.942226
1642668792.195918 -0.123202 1.500445 0.805848 -0.173251 0.194103 -0.211619 -0.942086
1642668792.204252 -0.123992 1.499432 0.806380 -0.173207 0.194331 -0.212391 -0.941873
1642668792.212585 -0.124794 1.498421 0.806901 -0.173159 0.194663 -0.213136 -0.941645
1642668792.220918 -0.125611 1.497412 0.807425 -0.173123 0.195017 -0.213884 -0.941409
1642668792.229252 -0.126432 1.496403 0.807938 -0.173148 0.195440 -0.214674 -0.941137
1642668792.237585 -0.127248 1.495400 0.808449 -0.173132 0.195930 -0.215510 -0.940846
1642668792.245918 -0.128055 1.494374 0.808976 -0.172942 0.196367 -0.216473 -0.940569
1642668792.254252 -0.128845 1.493333 0.809477 -0.172762 0.197072 -0.217664 -0.940180
1642668792.262585 -0.129642 1.492312 0.809921 -0.172774 0.198052 -0.218705 -0.939730
1642668792.270918 -0.130390 1.491271 0.810441 -0.172816 0.198408 -0.219381 -0.939490
1642668792.279252 -0.131108 1.490224 0.810964 -0.172851 0.198700 -0.219968 -0.939284
1642668792.287585 -0.131828 1.489206 0.811472 -0.172835 0.199199 -0.220916 -0.938959
1642668792.295918 -0.132506 1.488191 0.811976 -0.172815 0.199538 -0.221769 -0.938690
1642668792.304252 -0.133142 1.487164 0.812481 -0.172830 0.199646 -0.222374 -0.938521
1642668792.312585 -0.133774 1.486157 0.812964 -0.172793 0.199869 -0.223109 -0.938305
1642668792.320918 -0.134348 1.485115 0.813451 -0.172819 0.199859 -0.223530 -0.938203
1642668792.329252 -0.134922 1.484096 0.813925 -0.172688 0.199853 -0.224127 -0.938086
1642668792.337585 -0.135478 1.483074 0.814408 -0.172560 0.199599 -0.224691 -0.938029
1642668792.345918 -0.135991 1.482038 0.814885 -0.172341 0.199562 -0.225421 -0.937901
1642668792.354252 -0.136487 1.481004 0.815350 -0.172138 0.199386 -0.226176 -0.937794
1642668792.362585 -0.137010 1.480011 0.815810 -0.172261 0.198296 -0.226690 -0.937879
1642668792.370918 -0.137490 1.478997 0.816282 -0.171948 0.197641 -0.227391 -0.937905
1642668792.379252 -0.137971 1.477993 0.816758 -0.171443 0.197177 -0.228341 -0.937864
1642668792.387585 -0.138403 1.477049 0.817155 -0.171646 0.196606 -0.229768 -0.937598
1642668792.395918 -0.138749 1.476089 0.817534 -0.172256 0.195738 -0.231145 -0.937330
1642668792.404252 -0.139137 1.475107 0.817968 -0.172080 0.194834 -0.231754 -0.937400
1642668792.412585 -0.139542 1.474158 0.818383 -0.171732 0.194107 -0.232505 -0.937428
1642668792.420918 -0.139942 1.473216 0.818806 -0.171352 0.193336 -0.233127 -0.937503
1642668792.429252 -0.140347 1.472277 0.819234 -0.170841 0.192572 -0.233651 -0.937623
1642668792.437585 -0.140725 1.471380 0.819624 -0.170572 0.191956 -0.234533 -0.937578
1642668792.445918 -0.141091 1.470488 0.820010 -0.170301 0.191300 -0.235351 -0.937556
1642668792.454252 -0.141416 1.469574 0.820409 -0.170138 0.190465 -0.235760 -0.937653
1642668792.462585 -0.141753 1.468702 0.820788 -0.169968 0.189870 -0.236405 -0.937642
1642668792.470918 -0.142091 1.467837 0.821147 -0.169874 0.189411 -0.237066 -0.937585
1642668792.479252 -0.142428 1.466989 0.821496 -0.169716 0.189144 -0.237881 -0.937461
1642668792.487585 -0.142761 1.466165 0.821838 -0.169497 0.189110 -0.238727 -0.937293
1642668792.495918 -0.143071 1.465329 0.822189 -0.169338 0.189151 -0.239333 -0.937158
1642668792.504252 -0.143370 1.464503 0.822530 -0.169153 0.189353 -0.239922 -0.937001
1642668792.512585 -0.143648 1.463679 0.822860 -0.169037 0.189552 -0.240435 -0.936850
1642668792.520918 -0.143878 1.462827 0.823200 -0.169092 0.189724 -0.240585 -0.936766
1642668792.529252 -0.144046 1.461963 0.823531 -0.169456 0.189924 -0.240611 -0.936654
1642668792.537585 -0.144222 1.461166 0.823811 -0.169887 0.190298 -0.241195 -0.936349
1642668792.545918 -0.144420 1.460377 0.824114 -0.169872 0.190818 -0.241388 -0.936196
1642668792.554252 -0.144588 1.459600 0.824405 -0.169866 0.191402 -0.241494 -0.936051
1642668792.562585 -0.144728 1.458846 0.824682 -0.169846 0.192094 -0.241530 -0.935904
1642668792.570918 -0.144846 1.458103 0.824946 -0.169827 0.192802 -0.241547 -0.935757
1642668792.579252 -0.144923 1.457369 0.825205 -0.169848 0.193548 -0.241534 -0.935602
1642668792.587585 -0.144966 1.456649 0.825461 -0.169896 0.194367 -0.241493 -0.935435
1642668792.595918 -0.144977 1.455939 0.825717 -0.169956 0.195062 -0.241318 -0.935324
1642668792.604252 -0.144956 1.455241 0.825979 -0.170020 0.195714 -0.241095 -0.935234
1642668792.612585 -0.144909 1.454567 0.826239 -0.170107 0.196400 -0.240912 -0.935121
1642668792.620918 -0.144838 1.453927 0.826506 -0.170172 0.197162 -0.240701 -0.935004
1642668792.629252 -0.144746 1.453319 0.826775 -0.170211 0.197800 -0.240431 -0.934931
1642668792.637585 -0.144622 1.452730 0.827054 -0.170265 0.198393 -0.240151 -0.934868
1642668792.645918 -0.144477 1.452161 0.827335 -0.170331 0.198914 -0.239864 -0.934819
1642668792.654252 -0.144305 1.451614 0.827616 -0.170375 0.199324 -0.239569 -0.934799
1642668792.662585 -0.144118 1.451102 0.827898 -0.170476 0.199706 -0.239294 -0.934770
1642668792.670918 -0.143913 1.450620 0.828176 -0.170512 0.200093 -0.238986 -0.934759
1642668792.679252 -0.143676 1.450158 0.828450 -0.170593 0.200384 -0.238686 -0.934759
1642668792.687585 -0.143416 1.449718 0.828718 -0.170657 0.200692 -0.238363 -0.934763
1642668792.695918 -0.143138 1.449303 0.828972 -0.170699 0.200874 -0.237978 -0.934814
1642668792.704252 -0.142837 1.448905 0.829210 -0.170719 0.201011 -0.237675 -0.934858
1642668792.712585 -0.142530 1.448526 0.829444 -0.170734 0.201239 -0.237367 -0.934885
1642668792.720918 -0.142214 1.448170 0.829673 -0.170766 0.201356 -0.237057 -0.934932
1642668792.729252 -0.141884 1.447828 0.829897 -0.170792 0.201402 -0.236750 -0.934996
1642668792.737585 -0.141526 1.447467 0.830110 -0.170551 0.202021 -0.236647 -0.934932
1642668792.745918 -0.141151 1.447105 0.830314 -0.170217 0.202874 -0.236597 -0.934821
1642668792.754252 -0.140839 1.446834 0.830538 -0.170687 0.202263 -0.236067 -0.935002
1642668792.762585 -0.140516 1.446557 0.830729 -0.170994 0.201842 -0.235677 -0.935135
1642668792.770918 -0.140150 1.446249 0.830912 -0.171064 0.201957 -0.235404 -0.935166
1642668792.779252 -0.139776 1.445933 0.831087 -0.171198 0.202130 -0.235134 -0.935172
1642668792.787585 -0.139391 1.445617 0.831241 -0.171309 0.202430 -0.234824 -0.935165
1642668792.795918 -0.138998 1.445310 0.831377 -0.171440 0.202758 -0.234472 -0.935158
1642668792.804252 -0.138595 1.445010 0.831494 -0.171523 0.203098 -0.234045 -0.935176
1642668792.812585 -0.138181 1.444719 0.831594 -0.171576 0.203502 -0.233612 -0.935187
1642668792.820918 -0.137756 1.444425 0.831680 -0.171577 0.203957 -0.233207 -0.935189
1642668792.829252 -0.137316 1.444139 0.831759 -0.171573 0.204336 -0.232773 -0.935214
1642668792.837585 -0.136881 1.443859 0.831832 -0.171556 0.204690 -0.232330 -0.935250
1642668792.845918 -0.136440 1.443588 0.831897 -0.171512 0.205159 -0.231952 -0.935250
1642668792.854252 -0.135986 1.443323 0.831953 -0.171494 0.205591 -0.231524 -0.935264
1642668792.862585 -0.135518 1.443061 0.832003 -0.171475 0.205998 -0.231152 -0.935270
1642668792.870918 -0.135037 1.442800 0.832049 -0.171502 0.206252 -0.230738 -0.935311
1642668792.879252 -0.134550 1.442545 0.832091 -0.171488 0.206426 -0.230288 -0.935387
1642668792.887585 -0.134049 1.442299 0.832124 -0.171467 0.206516 -0.229912 -0.935463
1642668792.895918 -0.133576 1.442086 0.832165 -0.171127 0.206577 -0.229264 -0.935671
1642668792.904252 -0.133129 1.441891 0.832213 -0.170440 0.206617 -0.228382 -0.936003
1642668792.912585 -0.132604 1.441688 0.832219 -0.170242 0.206455 -0.228148 -0.936132
1642668792.920918 -0.132047 1.441491 0.832209 -0.170282 0.206171 -0.228198 -0.936175
1642668792.929252 -0.131460 1.441297 0.832189 -0.170511 0.205838 -0.228559 -0.936118
1642668792.937585 -0.130944 1.441139 0.832197 -0.170207 0.205443 -0.228292 -0.936326
1642668792.945918 -0.130439 1.440991 0.832201 -0.169898 0.204974 -0.228096 -0.936532
1642668792.954252 -0.129937 1.440850 0.832204 -0.169562 0.204390 -0.227931 -0.936761
1642668792.962585 -0.129436 1.440715 0.832208 -0.169220 0.203699 -0.227740 -0.937020
1642668792.970918 -0.128929 1.440588 0.832206 -0.168884 0.202988 -0.227508 -0.937291
1642668792.979252 -0.128401 1.440433 0.832182 -0.168276 0.202687 -0.227403 -0.937491
1642668792.987585 -0.127860 1.440256 0.832141 -0.167441 0.202847 -0.227531 -0.937575
1642668792.995918 -0.127360 1.440125 0.832110 -0.167112 0.202202 -0.227306 -0.937827
1642668793.004252 -0.126867 1.439987 0.832056 -0.166805 0.201539 -0.227012 -0.938096
1642668793.012585 -0.126403 1.439862 0.832001 -0.166629 0.200589 -0.226629 -0.938423
1642668793.020918 -0.125973 1.439753 0.831954 -0.166585 0.199355 -0.226212 -0.938795
1642668793.029252 -0.125537 1.439630 0.831915 -0.166408 0.198580 -0.225958 -0.939051
1642668793.037585 -0.125130 1.439515 0.831883 -0.166323 0.197708 -0.225674 -0.939319
1642668793.045918 -0.124754 1.439408 0.831856 -0.166204 0.196986 -0.225435 -0.939549
1642668793.054252 -0.124390 1.439297 0.831807 -0.165943 0.196668 -0.225354 -0.939681
1642668793.062585 -0.124039 1.439176 0.831742 -0.165537 0.196690 -0.225357 -0.939747
1642668793.070918 -0.123723 1.439086 0.831700 -0.165401 0.196412 -0.225181 -0.939871
1642668793.079252 -0.123423 1.439001 0.831652 -0.165252 0.196297 -0.225009 -0.939963
1642668793.087585 -0.123139 1.438923 0.831602 -0.165100 0.196289 -0.224785 -0.940045
1642668793.095918 -0.122867 1.438850 0.831547 -0.164900 0.196402 -0.224596 -0.940102
1642668793.104252 -0.122608 1.438787 0.831486 -0.164648 0.196557 -0.224371 -0.940167
1642668793.112585 -0.122358 1.438738 0.831424 -0.164418 0.196655 -0.224133 -0.940244
1642668793.120918 -0.122141 1.438727 0.831352 -0.164114 0.196963 -0.223988 -0.940267
1642668793.129252 -0.121946 1.438755 0.831276 -0.163772 0.197297 -0.223859 -0.940287
1642668793.137585 -0.121707 1.438750 0.831226 -0.163571 0.197283 -0.223514 -0.940407
1642668793.145918 -0.121480 1.438760 0.831175 -0.163302 0.197318 -0.223178 -0.940526
1642668793.154252 -0.121262 1.438775 0.831114 -0.163017 0.197276 -0.222870 -0.940658
1642668793.162585 -0.121051 1.438804 0.831052 -0.162696 0.197202 -0.222656 -0.940779
1642668793.170918 -0.120846 1.438850 0.830983 -0.162325 0.197097 -0.222496 -0.940903
1642668793.179252 -0.120642 1.438911 0.830909 -0.161902 0.197075 -0.222406 -0.941002
1642668793.187585 -0.120445 1.438988 0.830837 -0.161448 0.196870 -0.222255 -0.941159
1642668793.195918 -0.120254 1.439062 0.830774 -0.160848 0.196546 -0.222187 -0.941345
1642668793.204252 -0.120065 1.439132 0.830729 -0.160142 0.196130 -0.222180 -0.941554
1642668793.212585 -0.119885 1.439234 0.830656 -0.159635 0.195681 -0.222098 -0.941753
1642668793.220918 -0.119711 1.439340 0.830585 -0.159120 0.195109 -0.222057 -0.941968
1642668793.229252 -0.119545 1.439450 0.830518 -0.158577 0.194422 -0.222106 -0.942190
1642668793.237585 -0.119395 1.439569 0.830451 -0.158047 0.193653 -0.222168 -0.942423
1642668793.245918 -0.119251 1.439697 0.830387 -0.157538 0.192860 -0.222239 -0.942654
1642668793.254252 -0.119119 1.439819 0.830319 -0.156986 0.192164 -0.222373 -0.942857
1642668793.262585 -0.118994 1.439930 0.830237 -0.156469 0.191332 -0.222411 -0.943103
1642668793.270918 -0.118876 1.440040 0.830148 -0.155898 0.190630 -0.222503 -0.943318
1642668793.279252 -0.118761 1.440150 0.830048 -0.155352 0.190060 -0.222599 -0.943500
1642668793.287585 -0.118637 1.440252 0.829932 -0.154800 0.189540 -0.222666 -0.943680
1642668793.295918 -0.118517 1.440347 0.829806 -0.154255 0.189106 -0.222679 -0.943853
1642668793.304252 -0.118396 1.440438 0.829672 -0.153710 0.188791 -0.222683 -0.944004
1642668793.312585 -0.118273 1.440527 0.829529 -0.153182 0.188643 -0.222644 -0.944129
1642668793.320918 -0.118143 1.440607 0.829379 -0.152706 0.188549 -0.222544 -0.944248
1642668793.329252 -0.118010 1.440685 0.829221 -0.152277 0.188515 -0.222343 -0.944371
1642668793.337585 -0.117871 1.440757 0.829045 -0.151845 0.188578 -0.222081 -0.944490
1642668793.345918 -0.117726 1.440825 0.828862 -0.151382 0.188735 -0.221779 -0.944604
1642668793.354252 -0.117598 1.440912 0.828640 -0.150870 0.188889 -0.221604 -0.944696
1642668793.362585 -0.117487 1.441028 0.828390 -0.150274 0.189129 -0.221590 -0.944746
1642668793.370918 -0.117310 1.441101 0.828187 -0.149905 0.189269 -0.220945 -0.944928
1642668793.379252 -0.117114 1.441159 0.827973 -0.149597 0.188914 -0.219957 -0.945279
1642668793.387585 -0.116960 1.441292 0.827776 -0.149153 0.189335 -0.219607 -0.945346
1642668793.395918 -0.116815 1.441453 0.827591 -0.148704 0.189778 -0.219275 -0.945405
1642668793.404252 -0.116680 1.441645 0.827418 -0.148296 0.190088 -0.218909 -0.945491
1642668793.412585 -0.116557 1.441867 0.827261 -0.147957 0.190376 -0.218544 -0.945571
1642668793.420918 -0.116449 1.442143 0.827134 -0.147628 0.190907 -0.218382 -0.945553
1642668793.429252 -0.116353 1.442468 0.827032 -0.147276 0.191760 -0.218412 -0.945428
1642668793.437585 -0.116246 1.442810 0.826917 -0.146970 0.191928 -0.218036 -0.945528
1642668793.445918 -0.116141 1.443190 0.826813 -0.146657 0.192176 -0.217686 -0.945607
1642668793.454252 -0.116036 1.443605 0.826717 -0.146348 0.192414 -0.217259 -0.945705
1642668793.462585 -0.115930 1.444051 0.826628 -0.146044 0.192694 -0.216838 -0.945791
1642668793.470918 -0.115829 1.444526 0.826542 -0.145722 0.193064 -0.216522 -0.945838
1642668793.479252 -0.115734 1.445031 0.826449 -0.145376 0.193530 -0.216290 -0.945849
1642668793.487585 -0.115602 1.445514 0.826380 -0.145134 0.193799 -0.215634 -0.945981
1642668793.495918 -0.115461 1.446000 0.826319 -0.144924 0.193956 -0.214788 -0.946174
1642668793.504252 -0.115337 1.446517 0.826253 -0.144661 0.194322 -0.214163 -0.946280
1642668793.512585 -0.115214 1.447046 0.826191 -0.144379 0.194770 -0.213608 -0.946357
1642668793.520918 -0.115082 1.447582 0.826126 -0.144055 0.195235 -0.213060 -0.946434
1642668793.529252 -0.114952 1.448130 0.826068 -0.143757 0.195685 -0.212512 -0.946509
1642668793.537585 -0.114838 1.448706 0.826026 -0.143214 0.196092 -0.211769 -0.946674
1642668793.545918 -0.114749 1.449319 0.825997 -0.142318 0.196651 -0.211003 -0.946864
1642668793.554252 -0.114619 1.449918 0.825934 -0.141918 0.197189 -0.210564 -0.946910
1642668793.562585 -0.114437 1.450476 0.825889 -0.141658 0.197502 -0.209698 -0.947076
1642668793.570918 -0.114275 1.451048 0.825826 -0.141236 0.198105 -0.209148 -0.947135
1642668793.579252 -0.114113 1.451616 0.825761 -0.140757 0.198668 -0.208555 -0.947219
1642668793.587585 -0.113931 1.452170 0.825691 -0.140169 0.199361 -0.208009 -0.947281
1642668793.595918 -0.113748 1.452716 0.825617 -0.139555 0.200044 -0.207420 -0.947356
1642668793.604252 -0.113599 1.453288 0.825542 -0.139273 0.200033 -0.206685 -0.947561
1642668793.612585 -0.113418 1.453832 0.825467 -0.138701 0.200443 -0.206026 -0.947701
1642668793.620918 -0.113235 1.454372 0.825391 -0.138110 0.200762 -0.205332 -0.947871
1642668793.629252 -0.113044 1.454906 0.825314 -0.137455 0.200996 -0.204645 -0.948065
1642668793.637585 -0.112847 1.455424 0.825219 -0.136857 0.200833 -0.203815 -0.948365
1642668793.645918 -0.112647 1.455936 0.825109 -0.136277 0.200318 -0.202865 -0.948761
1642668793.654252 -0.112460 1.456472 0.825042 -0.135608 0.200479 -0.202335 -0.948936
1642668793.662585 -0.112267 1.457004 0.824982 -0.134787 0.200876 -0.201933 -0.949054
1642668793.670918 -0.112052 1.457518 0.824910 -0.133920 0.201218 -0.201507 -0.949195
1642668793.679252 -0.111862 1.458049 0.824829 -0.133324 0.201022 -0.200923 -0.949445
1642668793.687585 -0.111637 1.458539 0.824739 -0.132431 0.201541 -0.200566 -0.949535
1642668793.695918 -0.111456 1.459056 0.824646 -0.131994 0.201176 -0.199913 -0.949811
1642668793.704252 -0.111249 1.459544 0.824546 -0.131218 0.201425 -0.199354 -0.949983
1642668793.712585 -0.111028 1.460018 0.824435 -0.130442 0.201757 -0.198668 -0.950163
1642668793.720918 -0.110817 1.460481 0.824300 -0.129707 0.202117 -0.197997 -0.950327
1642668793.729252 -0.110637 1.460947 0.824138 -0.129025 0.202136 -0.197114 -0.950600
1642668793.737585 -0.110442 1.461398 0.823961 -0.128526 0.201622 -0.195622 -0.951085
1642668793.745918 -0.110328 1.461922 0.823790 -0.127834 0.202002 -0.194771 -0.951272
1642668793.754252 -0.110254 1.462480 0.823611 -0.127114 0.202497 -0.194003 -0.951420
1642668793.762585 -0.110219 1.463075 0.823419 -0.126407 0.203100 -0.193287 -0.951532
1642668793.770918 -0.110221 1.463707 0.823202 -0.125665 0.203809 -0.192614 -0.951615
1642668793.779252 -0.110262 1.464371 0.822973 -0.124867 0.204652 -0.191946 -0.951674
1642668793.787585 -0.110348 1.465068 0.822736 -0.124013 0.205758 -0.191356 -0.951666
1642668793.795918 -0.110480 1.465782 0.822490 -0.123205 0.206916 -0.190792 -0.951633
1642668793.804252 -0.110613 1.466504 0.822223 -0.122302 0.208091 -0.190171 -0.951617
1642668793.812585 -0.110774 1.467242 0.821949 -0.121376 0.209321 -0.189624 -0.951575
1642668793.820918 -0.110951 1.467979 0.821659 -0.120516 0.210457 -0.189011 -0.951556
1642668793.829252 -0.111138 1.468739 0.821362 -0.119621 0.211536 -0.188358 -0.951559
1642668793.837585 -0.111390 1.469527 0.821083 -0.118739 0.212543 -0.187784 -0.951559
1642668793.845918 -0.111683 1.470331 0.820817 -0.117886 0.213333 -0.187251 -0.951593
1642668793.854252 -0.112009 1.471172 0.820568 -0.117122 0.213854 -0.186706 -0.951677
1642668793.862585 -0.112355 1.472036 0.820320 -0.116308 0.214271 -0.186235 -0.951776
1642668793.870918 -0.112611 1.472849 0.820039 -0.115392 0.214458 -0.185665 -0.951956
1642668793.879252 -0.113054 1.473769 0.819860 -0.114701 0.214292 -0.185285 -0.952151
1642668793.887585 -0.113424 1.474658 0.819574 -0.113400 0.214873 -0.185328 -0.952168
1642668793.895918 -0.113732 1.475511 0.819279 -0.111962 0.215479 -0.185391 -0.952189
1642668793.904252 -0.114197 1.476462 0.819055 -0.111033 0.215280 -0.185476 -0.952326
1642668793.912585 -0.114577 1.477335 0.818836 -0.110294 0.214366 -0.185190 -0.952674
1642668793.920918 -0.115080 1.478288 0.818636 -0.109625 0.213367 -0.185165 -0.952980
1642668793.929252 -0.115625 1.479261 0.818443 -0.109133 0.212046 -0.185173 -0.953330
1642668793.937585 -0.116176 1.480208 0.818262 -0.108304 0.211090 -0.185301 -0.953612
1642668793.945918 -0.116756 1.481149 0.818094 -0.107522 0.210073 -0.185470 -0.953892
1642668793.954252 -0.117351 1.482091 0.817943 -0.106644 0.209366 -0.185818 -0.954078
1642668793.962585 -0.117953 1.483022 0.817788 -0.105654 0.209035 -0.186299 -0.954167
1642668793.970918 -0.118625 1.483988 0.817629 -0.105146 0.207748 -0.186363 -0.954491
1642668793.979252 -0.119324 1.484961 0.817467 -0.104733 0.206517 -0.186407 -0.954795
1642668793.987585 -0.120021 1.485909 0.817296 -0.103986 0.206093 -0.186741 -0.954903
1642668793.995918 -0.120791 1.486899 0.817122 -0.103690 0.204943 -0.186719 -0.955187
1642668794.004252 -0.121559 1.487868 0.816939 -0.103097 0.204609 -0.186954 -0.955277
1642668794.012585 -0.122345 1.488827 0.816745 -0.102422 0.204654 -0.187214 -0.955289
1642668794.020918 -0.123141 1.489777 0.816554 -0.101603 0.205191 -0.187580 -0.955190
1642668794.029252 -0.124002 1.490771 0.816351 -0.101277 0.205045 -0.187604 -0.955251
1642668794.037585 -0.124879 1.491763 0.816146 -0.101043 0.204966 -0.187532 -0.955307
1642668794.045918 -0.125733 1.492721 0.815932 -0.100470 0.205744 -0.187630 -0.955181
1642668794.054252 -0.126623 1.493708 0.815705 -0.100375 0.205776 -0.187384 -0.955232
1642668794.062585 -0.127486 1.494648 0.815469 -0.100008 0.206536 -0.187277 -0.955127
1642668794.070918 -0.128350 1.495575 0.815213 -0.099700 0.207345 -0.187068 -0.955025
1642668794.079252 -0.129207 1.496484 0.814943 -0.099372 0.208245 -0.186823 -0.954912
1642668794.087585 -0.130041 1.497371 0.814661 -0.098848 0.209615 -0.186666 -0.954697
1642668794.095918 -0.130849 1.498234 0.814372 -0.098193 0.211376 -0.186595 -0.954390
1642668794.104252 -0.131689 1.499119 0.814074 -0.097955 0.212225 -0.186199 -0.954303
1642668794.112585 -0.132534 1.500010 0.813769 -0.097900 0.212749 -0.185696 -0.954291
1642668794.120918 -0.133338 1.500855 0.813455 -0.097559 0.213904 -0.185430 -0.954119
1642668794.129252 -0.134111 1.501681 0.813144 -0.097040 0.215336 -0.185268 -0.953881
1642668794.137585 -0.134853 1.502488 0.812823 -0.096413 0.216928 -0.185209 -0.953595
1642668794.145918 -0.135598 1.503303 0.812493 -0.096104 0.217773 -0.184893 -0.953496
1642668794.154252 -0.136323 1.504113 0.812162 -0.095863 0.218519 -0.184604 -0.953405
1642668794.162585 -0.137045 1.504929 0.811823 -0.095781 0.218867 -0.184237 -0.953405
1642668794.170918 -0.137745 1.505739 0.811479 -0.095652 0.219169 -0.183942 -0.953405
1642668794.179252 -0.138413 1.506529 0.811125 -0.095224 0.219847 -0.183824 -0.953314
1642668794.187585 -0.139106 1.507353 0.810776 -0.095308 0.219490 -0.183428 -0.953465
1642668794.195918 -0.139753 1.508146 0.810430 -0.094874 0.220004 -0.183411 -0.953393
1642668794.204252 -0.140376 1.508934 0.810092 -0.094313 0.220695 -0.183495 -0.953272
1642668794.212585 -0.141023 1.509748 0.809754 -0.094060 0.220729 -0.183443 -0.953300
1642668794.220918 -0.141672 1.510581 0.809414 -0.093968 0.220422 -0.183246 -0.953418
1642668794.229252 -0.142321 1.511413 0.809075 -0.093962 0.220079 -0.183035 -0.953538
1642668794.237585 -0.142926 1.512201 0.808724 -0.093505 0.220525 -0.183112 -0.953465
1642668794.245918 -0.143564 1.513011 0.808356 -0.093339 0.220506 -0.183077 -0.953492
1642668794.254252 -0.144174 1.513802 0.808004 -0.093174 0.220735 -0.183000 -0.953470
1642668794.262585 -0.144779 1.514582 0.807644 -0.093036 0.220917 -0.182878 -0.953465
1642668794.270918 -0.145384 1.515350 0.807285 -0.093010 0.221096 -0.182758 -0.953449
1642668794.279252 -0.145990 1.516110 0.806928 -0.093014 0.221305 -0.182594 -0.953432
1642668794.287585 -0.146615 1.516881 0.806585 -0.093372 0.221039 -0.182259 -0.953523
1642668794.295918 -0.147238 1.517638 0.806238 -0.093842 0.220736 -0.181911 -0.953613
1642668794.304252 -0.147784 1.518306 0.805849 -0.093391 0.222065 -0.182156 -0.953302
1642668794.312585 -0.148363 1.519017 0.805478 -0.093689 0.222440 -0.181952 -0.953224
1642668794.320918 -0.148930 1.519720 0.805093 -0.093965 0.223063 -0.181697 -0.953100
1642668794.329252 -0.149490 1.520424 0.804709 -0.094453 0.223579 -0.181222 -0.953021
1642668794.337585 -0.150032 1.521114 0.804313 -0.095001 0.224209 -0.180681 -0.952922
1642668794.345918 -0.150534 1.521756 0.803860 -0.095003 0.225681 -0.180395 -0.952628
1642668794.354252 -0.151054 1.522417 0.803393 -0.095630 0.226640 -0.179815 -0.952447
1642668794.362585 -0.151574 1.523065 0.802890 -0.096464 0.227397 -0.179135 -0.952311
1642668794.370918 -0.152016 1.523670 0.802378 -0.096432 0.229431 -0.178736 -0.951901
1642668794.379252 -0.152430 1.524243 0.801830 -0.096028 0.232081 -0.178510 -0.951342
1642668794.387585 -0.152865 1.524858 0.801276 -0.096340 0.233796 -0.177922 -0.951001
1642668794.395918 -0.153273 1.525467 0.800699 -0.096581 0.235675 -0.177358 -0.950618
1642668794.404252 -0.153647 1.526080 0.800090 -0.096795 0.237621 -0.176793 -0.950216
1642668794.412585 -0.153988 1.526716 0.799475 -0.097202 0.239498 -0.176068 -0.949838
1642668794.420918 -0.154292 1.527372 0.798848 -0.097752 0.241313 -0.175221 -0.949479
1642668794.429252 -0.154572 1.527974 0.798154 -0.097875 0.243198 -0.174506 -0.949117
1642668794.437585 -0.154807 1.528561 0.797430 -0.097979 0.245064 -0.173768 -0.948761
1642668794.445918 -0.155012 1.529135 0.796672 -0.098072 0.246917 -0.173078 -0.948397
1642668794.454252 -0.155196 1.529704 0.795883 -0.098125 0.248721 -0.172427 -0.948039
1642668794.462585 -0.155356 1.530267 0.795072 -0.098080 0.250467 -0.171806 -0.947697
1642668794.470918 -0.155507 1.530830 0.794237 -0.098058 0.252030 -0.171243 -0.947386
1642668794.479252 -0.155644 1.531409 0.793383 -0.097984 0.253428 -0.170755 -0.947110
1642668794.487585 -0.155763 1.531991 0.792511 -0.097877 0.254646 -0.170378 -0.946862
1642668794.495918 -0.155863 1.532580 0.791624 -0.097656 0.255759 -0.170105 -0.946634
1642668794.504252 -0.155944 1.533177 0.790728 -0.097385 0.256748 -0.169929 -0.946425
1642668794.512585 -0.156019 1.533768 0.789826 -0.097147 0.257278 -0.169797 -0.946330
1642668794.520918 -0.156080 1.534359 0.788902 -0.096900 0.257577 -0.169663 -0.946297
1642668794.529252 -0.156136 1.534940 0.787969 -0.096650 0.257658 -0.169541 -0.946323
1642668794.537585 -0.156176 1.535499 0.787029 -0.096412 0.257631 -0.169452 -0.946371
1642668794.545918 -0.156208 1.536038 0.786066 -0.096174 0.257443 -0.169402 -0.946455
1642668794.554252 -0.156243 1.536574 0.785088 -0.095923 0.257210 -0.169412 -0.946542
1642668794.562585 -0.156283 1.537105 0.784095 -0.095737 0.256906 -0.169419 -0.946642
1642668794.570918 -0.156322 1.537625 0.783071 -0.095433 0.256658 -0.169396 -0.946744
1642668794.579252 -0.156354 1.538145 0.782031 -0.095121 0.256468 -0.169359 -0.946833
1642668794.587585 -0.156370 1.538658 0.780965 -0.094804 0.256297 -0.169247 -0.946932
1642668794.595918 -0.156385 1.539155 0.779871 -0.094473 0.256286 -0.169135 -0.946988
1642668794.604252 -0.156400 1.539645 0.778762 -0.094074 0.256439 -0.168983 -0.947013
1642668794.612585 -0.156394 1.540115 0.777617 -0.093665 0.256840 -0.168720 -0.946992
1642668794.620918 -0.156387 1.540564 0.776449 -0.093322 0.257348 -0.168408 -0.946943
1642668794.629252 -0.156375 1.540994 0.775262 -0.092968 0.258026 -0.168127 -0.946844
1642668794.637585 -0.156354 1.541399 0.774053 -0.092640 0.258959 -0.167811 -0.946677
1642668794.645918 -0.156312 1.541779 0.772829 -0.092390 0.260015 -0.167341 -0.946495
1642668794.654252 -0.156256 1.542102 0.771556 -0.091957 0.261487 -0.166949 -0.946201
1642668794.662585 -0.156182 1.542373 0.770245 -0.091327 0.263314 -0.166632 -0.945811
1642668794.670918 -0.156100 1.542678 0.768948 -0.091195 0.265066 -0.166039 -0.945439
1642668794.679252 -0.156011 1.542945 0.767611 -0.090967 0.267012 -0.165442 -0.945018
1642668794.687585 -0.155912 1.543175 0.766244 -0.090693 0.269137 -0.164781 -0.944557
1642668794.695918 -0.155800 1.543382 0.764860 -0.090465 0.271442 -0.164141 -0.944030
1642668794.704252 -0.155691 1.543566 0.763452 -0.090132 0.273885 -0.163513 -0.943465
1642668794.712585 -0.155563 1.543734 0.762025 -0.089836 0.276370 -0.162899 -0.942875
1642668794.720918 -0.155443 1.543884 0.760583 -0.089571 0.278811 -0.162197 -0.942302
1642668794.729252 -0.155313 1.543979 0.759111 -0.089282 0.281380 -0.161660 -0.941658
1642668794.737585 -0.155174 1.544037 0.757620 -0.088938 0.284034 -0.161150 -0.940981
1642668794.745918 -0.155012 1.544097 0.756124 -0.088838 0.286562 -0.160798 -0.940284
1642668794.754252 -0.154809 1.544146 0.754606 -0.088925 0.289030 -0.160720 -0.939534
1642668794.762585 -0.154634 1.544163 0.753113 -0.088706 0.291282 -0.160330 -0.938925
1642668794.770918 -0.154467 1.544219 0.751655 -0.088769 0.292955 -0.159701 -0.938506
1642668794.779252 -0.154278 1.544229 0.750173 -0.088294 0.295045 -0.159332 -0.937958
1642668794.787585 -0.154067 1.544190 0.748683 -0.087806 0.296970 -0.159065 -0.937442
1642668794.795918 -0.153860 1.544171 0.747227 -0.087283 0.298511 -0.158667 -0.937069
1642668794.804252 -0.153649 1.544114 0.745775 -0.086678 0.299963 -0.158408 -0.936705
1642668794.812585 -0.153433 1.544036 0.744344 -0.086026 0.301167 -0.158256 -0.936404
1642668794.820918 -0.153211 1.543928 0.742930 -0.085319 0.302163 -0.158200 -0.936158
1642668794.829252 -0.152981 1.543786 0.741542 -0.084567 0.302923 -0.158218 -0.935977
1642668794.837585 -0.152738 1.543639 0.740189 -0.083809 0.303434 -0.158288 -0.935868
1642668794.845918 -0.152486 1.543474 0.738870 -0.083033 0.303609 -0.158356 -0.935869
1642668794.854252 -0.152227 1.543289 0.737577 -0.082266 0.303651 -0.158467 -0.935904
1642668794.862585 -0.151961 1.543045 0.736297 -0.081408 0.303627 -0.158717 -0.935944
1642668794.870918 -0.151693 1.542803 0.735054 -0.080632 0.303281 -0.158879 -0.936097
1642668794.879252 -0.151416 1.542516 0.733813 -0.079893 0.302956 -0.159101 -0.936227
1642668794.887585 -0.151143 1.542197 0.732593 -0.079077 0.302633 -0.159352 -0.936358
1642668794.895918 -0.150861 1.541845 0.731378 -0.078167 0.302341 -0.159704 -0.936469
1642668794.904252 -0.150575 1.541494 0.730184 -0.077481 0.301831 -0.159950 -0.936648
1642668794.912585 -0.150286 1.541105 0.728991 -0.076621 0.301618 -0.160217 -0.936743
1642668794.920918 -0.149995 1.540717 0.727809 -0.075830 0.301311 -0.160416 -0.936872
1642668794.929252 -0.149710 1.540292 0.726625 -0.074992 0.301214 -0.160639 -0.936932
1642668794.937585 -0.149443 1.539891 0.725470 -0.074070 0.301133 -0.160614 -0.937036
1642668794.945918 -0.149188 1.539435 0.724310 -0.072577 0.301715 -0.160682 -0.936954
1642668794.954252 -0.148887 1.538940 0.723105 -0.071246 0.302740 -0.161275 -0.936623
1642668794.962585 -0.148620 1.538516 0.721948 -0.070680 0.303053 -0.161386 -0.936546
1642668794.970918 -0.148353 1.538051 0.720773 -0.069940 0.303865 -0.161694 -0.936285
1642668794.979252 -0.148085 1.537580 0.719600 -0.069559 0.304603 -0.162048 -0.936012
1642668794.987585 -0.147802 1.537133 0.718430 -0.069733 0.305155 -0.162415 -0.935756
1642668794.995918 -0.147558 1.536641 0.717264 -0.069087 0.306196 -0.162580 -0.935435
1642668795.004252 -0.147332 1.536151 0.716090 -0.068344 0.307493 -0.162861 -0.935015
1642668795.012585 -0.147132 1.535656 0.714900 -0.067511 0.309022 -0.163224 -0.934508
1642668795.020918 -0.146887 1.535114 0.713760 -0.066803 0.310249 -0.163349 -0.934131
1642668795.029252 -0.146636 1.534546 0.712638 -0.066005 0.311753 -0.163615 -0.933640
1642668795.037585 -0.146379 1.533938 0.711533 -0.064924 0.313615 -0.164004 -0.933024
1642668795.045918 -0.146139 1.533334 0.710425 -0.064068 0.315050 -0.164199 -0.932565
1642668795.054252 -0.145907 1.532716 0.709335 -0.063273 0.316395 -0.164437 -0.932122
1642668795.062585 -0.145671 1.532071 0.708261 -0.062391 0.317631 -0.164687 -0.931717
1642668795.070918 -0.145443 1.531397 0.707195 -0.061515 0.318710 -0.164935 -0.931363
1642668795.079252 -0.145219 1.530710 0.706145 -0.060627 0.319757 -0.165324 -0.930993
1642668795.087585 -0.144992 1.529998 0.705113 -0.059674 0.320593 -0.165685 -0.930703
1642668795.095918 -0.144768 1.529257 0.704101 -0.058672 0.321256 -0.166130 -0.930458
1642668795.104252 -0.144544 1.528491 0.703116 -0.057646 0.321790 -0.166623 -0.930250
1642668795.112585 -0.144311 1.527695 0.702160 -0.056554 0.322190 -0.167144 -0.930085
1642668795.120918 -0.144078 1.526865 0.701235 -0.055532 0.322390 -0.167665 -0.929983
1642668795.129252 -0.143845 1.526002 0.700333 -0.054610 0.322306 -0.168171 -0.929976
1642668795.137585 -0.143607 1.525101 0.699469 -0.053663 0.322134 -0.168683 -0.929998
1642668795.145918 -0.143368 1.524163 0.698632 -0.052708 0.321830 -0.169262 -0.930053
1642668795.154252 -0.143135 1.523205 0.697821 -0.051887 0.321293 -0.169839 -0.930179
1642668795.162585 -0.142899 1.522225 0.697043 -0.051042 0.320664 -0.170432 -0.930335
1642668795.170918 -0.142672 1.521214 0.696293 -0.050186 0.319986 -0.171087 -0.930494
1642668795.179252 -0.142441 1.520162 0.695574 -0.049368 0.319144 -0.171828 -0.930691
1642668795.187585 -0.142201 1.519073 0.694895 -0.048548 0.318215 -0.172546 -0.930919
1642668795.195918 -0.141984 1.517950 0.694261 -0.047595 0.317192 -0.173174 -0.931201
1642668795.204252 -0.141789 1.516802 0.693680 -0.046464 0.316170 -0.173645 -0.931518
1642668795.212585 -0.141559 1.515616 0.693095 -0.045809 0.315148 -0.174443 -0.931747
1642668795.220918 -0.141329 1.514409 0.692541 -0.045191 0.314182 -0.175163 -0.931969
1642668795.229252 -0.141115 1.513178 0.692016 -0.044603 0.313258 -0.175879 -0.932173
1642668795.237585 -0.140920 1.511930 0.691518 -0.044011 0.312488 -0.176623 -0.932319
1642668795.245918 -0.140731 1.510650 0.691042 -0.043600 0.311709 -0.177260 -0.932478
1642668795.254252 -0.140574 1.509356 0.690578 -0.043199 0.311108 -0.177928 -0.932570
1642668795.262585 -0.140433 1.508059 0.690133 -0.042858 0.310665 -0.178603 -0.932605
1642668795.270918 -0.140322 1.506747 0.689703 -0.042581 0.310468 -0.179413 -0.932528
1642668795.279252 -0.140229 1.505434 0.689290 -0.042332 0.310280 -0.180092 -0.932471
1642668795.287585 -0.140161 1.504107 0.688894 -0.042109 0.310282 -0.180821 -0.932339
1642668795.295918 -0.140112 1.502784 0.688513 -0.041862 0.310488 -0.181516 -0.932146
1642668795.304252 -0.140077 1.501454 0.688150 -0.041649 0.310848 -0.182228 -0.931897
1642668795.312585 -0.140063 1.500129 0.687797 -0.041551 0.311232 -0.182836 -0.931654
1642668795.320918 -0.140065 1.498803 0.687464 -0.041465 0.311770 -0.183467 -0.931354
1642668795.329252 -0.140092 1.497475 0.687147 -0.041342 0.312466 -0.184126 -0.930996
1642668795.337585 -0.140147 1.496142 0.686844 -0.041253 0.313253 -0.184725 -0.930617
1642668795.345918 -0.140214 1.494815 0.686552 -0.041232 0.314040 -0.185282 -0.930241
1642668795.354252 -0.140308 1.493482 0.686279 -0.041129 0.315061 -0.185930 -0.929772
1642668795.362585 -0.140393 1.492147 0.686014 -0.041246 0.316058 -0.186674 -0.929279
1642668795.370918 -0.140478 1.490822 0.685750 -0.041567 0.317015 -0.187500 -0.928772
1642668795.379252 -0.140615 1.489493 0.685544 -0.041614 0.317888 -0.188113 -0.928348
1642668795.387585 -0.140759 1.488167 0.685365 -0.041618 0.318725 -0.188708 -0.927939
1642668795.395918 -0.140922 1.486851 0.685212 -0.041641 0.319510 -0.189325 -0.927543
1642668795.404252 -0.141103 1.485545 0.685087 -0.041681 0.320265 -0.189920 -0.927159
1642668795.412585 -0.141290 1.484247 0.684997 -0.041776 0.320871 -0.190511 -0.926823
1642668795.420918 -0.141491 1.482971 0.684937 -0.041865 0.321391 -0.191080 -0.926522
1642668795.429252 -0.141704 1.481712 0.684897 -0.041916 0.321901 -0.191610 -0.926234
1642668795.437585 -0.141925 1.480466 0.684884 -0.041989 0.322282 -0.192141 -0.925988
1642668795.445918 -0.142167 1.479241 0.684901 -0.042112 0.322511 -0.192609 -0.925805
1642668795.454252 -0.142415 1.478035 0.684941 -0.042246 0.322740 -0.193158 -0.925605
1642668795.462585 -0.142682 1.476847 0.685012 -0.042327 0.322937 -0.193681 -0.925423
1642668795.470918 -0.142980 1.475688 0.685115 -0.042408 0.323110 -0.194236 -0.925243
1642668795.479252 -0.143310 1.474543 0.685254 -0.042495 0.323207 -0.194892 -0.925067
1642668795.487585 -0.143670 1.473423 0.685425 -0.042591 0.323216 -0.195605 -0.924909
1642668795.495918 -0.144065 1.472333 0.685629 -0.042732 0.323191 -0.196349 -0.924753
1642668795.504252 -0.144499 1.471271 0.685868 -0.042894 0.323020 -0.197211 -0.924622
1642668795.512585 -0.144958 1.470226 0.686138 -0.043048 0.322852 -0.198169 -0.924469
1642668795.520918 -0.145439 1.469214 0.686440 -0.043277 0.322586 -0.199112 -0.924348
1642668795.529252 -0.145940 1.468209 0.686781 -0.043472 0.322313 -0.200145 -0.924211
1642668795.537585 -0.146445 1.467209 0.687142 -0.043683 0.321933 -0.201116 -0.924123
1642668795.545918 -0.146957 1.466207 0.687529 -0.043896 0.321530 -0.202050 -0.924050
1642668795.554252 -0.147473 1.465199 0.687952 -0.044112 0.321173 -0.203089 -0.923936
1642668795.562585 -0.147989 1.464192 0.688407 -0.044406 0.320756 -0.204110 -0.923842
1642668795.570918 -0.148507 1.463160 0.688891 -0.044688 0.320295 -0.205076 -0.923774
1642668795.579252 -0.149023 1.462118 0.689404 -0.045001 0.319824 -0.206031 -0.923709
1642668795.587585 -0.149544 1.461059 0.689962 -0.045445 0.319176 -0.206876 -0.923723
1642668795.595918 -0.150058 1.459979 0.690563 -0.046046 0.318331 -0.207611 -0.923820
1642668795.604252 -0.150620 1.458912 0.691147 -0.046532 0.317776 -0.208587 -0.923767
1642668795.612585 -0.151201 1.457845 0.691755 -0.046999 0.317267 -0.209547 -0.923701
1642668795.620918 -0.151814 1.456777 0.692375 -0.047536 0.316769 -0.210569 -0.923612
1642668795.629252 -0.152442 1.455704 0.693009 -0.048129 0.316358 -0.211680 -0.923468
1642668795.637585 -0.153089 1.454646 0.693653 -0.048689 0.315979 -0.212732 -0.923327
1642668795.645918 -0.153743 1.453586 0.694313 -0.049357 0.315637 -0.213815 -0.923158
1642668795.654252 -0.154417 1.452516 0.694984 -0.050015 0.315395 -0.214939 -0.922944
1642668795.662585 -0.155101 1.451452 0.695661 -0.050660 0.315164 -0.215996 -0.922741
1642668795.670918 -0.155781 1.450376 0.696363 -0.051313 0.314922 -0.217037 -0.922543
1642668795.679252 -0.156458 1.449290 0.697080 -0.052069 0.314541 -0.218046 -0.922393
1642668795.687585 -0.157141 1.448204 0.697760 -0.052518 0.314656 -0.219297 -0.922032
1642668795.695918 -0.157820 1.447111 0.698459 -0.053043 0.314776 -0.220532 -0.921666
1642668795.704252 -0.158502 1.446027 0.699173 -0.053590 0.314717 -0.221642 -0.921388
1642668795.712585 -0.159184 1.444945 0.699900 -0.054189 0.314644 -0.222692 -0.921125
1642668795.720918 -0.159842 1.443851 0.700619 -0.054818 0.314633 -0.223732 -0.920839
1642668795.729252 -0.160496 1.442763 0.701370 -0.055572 0.314465 -0.224660 -0.920625
1642668795.737585 -0.161155 1.441687 0.702163 -0.056617 0.313757 -0.225240 -0.920662
1642668795.745918 -0.161760 1.440578 0.702859 -0.057186 0.313776 -0.226240 -0.920375
1642668795.754252 -0.162340 1.439449 0.703563 -0.057603 0.313826 -0.227276 -0.920077
1642668795.762585 -0.162896 1.438283 0.704286 -0.058061 0.313627 -0.228240 -0.919877
1642668795.770918 -0.163467 1.437145 0.705016 -0.058548 0.313188 -0.229198 -0.919758
1642668795.779252 -0.164017 1.435990 0.705747 -0.058972 0.312604 -0.230170 -0.919686
1642668795.787585 -0.164558 1.434818 0.706477 -0.059287 0.312008 -0.231228 -0.919603
1642668795.795918 -0.165079 1.433631 0.707205 -0.059535 0.311318 -0.232305 -0.919550
1642668795.804252 -0.165582 1.432466 0.707948 -0.059914 0.310262 -0.233169 -0.919663
1642668795.812585 -0.166059 1.431279 0.708681 -0.060156 0.309277 -0.234135 -0.919734
1642668795.820918 -0.166518 1.430080 0.709422 -0.060340 0.308180 -0.235136 -0.919834
1642668795.829252 -0.166960 1.428878 0.710183 -0.060567 0.306867 -0.236087 -0.920015
1642668795.837585 -0.167390 1.427665 0.710954 -0.060763 0.305438 -0.237001 -0.920242
1642668795.845918 -0.167806 1.426458 0.711736 -0.060867 0.303935 -0.237951 -0.920488
1642668795.854252 -0.168215 1.425248 0.712533 -0.060936 0.302428 -0.238965 -0.920717
1642668795.862585 -0.168618 1.424072 0.713356 -0.061130 0.300500 -0.239758 -0.921129
1642668795.870918 -0.169027 1.422882 0.714188 -0.061299 0.298573 -0.240636 -0.921516
1642668795.879252 -0.169433 1.421704 0.715043 -0.061435 0.296675 -0.241554 -0.921879
1642668795.887585 -0.169848 1.420520 0.715903 -0.061501 0.294904 -0.242486 -0.922199
1642668795.895918 -0.170265 1.419344 0.716780 -0.061632 0.293113 -0.243388 -0.922523
1642668795.904252 -0.170684 1.418205 0.717684 -0.061939 0.291211 -0.244154 -0.922902
1642668795.912585 -0.171110 1.417048 0.718582 -0.062254 0.289550 -0.245005 -0.923178
1642668795.920918 -0.171546 1.415881 0.719490 -0.062567 0.288134 -0.245925 -0.923355
1642668795.929252 -0.172031 1.414791 0.720430 -0.063026 0.286701 -0.246763 -0.923547
1642668795.937585 -0.172586 1.413769 0.721384 -0.063492 0.285429 -0.247609 -0.923682
1642668795.945918 -0.173064 1.412669 0.722365 -0.064077 0.284198 -0.248284 -0.923840
1642668795.954252 -0.173549 1.411587 0.723364 -0.064758 0.282945 -0.248903 -0.924011
1642668795.962585 -0.174049 1.410515 0.724376 -0.065536 0.281890 -0.249523 -0.924111
1642668795.970918 -0.174560 1.409457 0.725403 -0.066311 0.281120 -0.250159 -0.924119
1642668795.979252 -0.175067 1.408387 0.726440 -0.067162 0.280514 -0.250673 -0.924102
1642668795.987585 -0.175558 1.407278 0.727481 -0.068114 0.280115 -0.251139 -0.924027
1642668795.995918 -0.176006 1.406121 0.728528 -0.069112 0.279924 -0.251589 -0.923888
1642668796.004252 -0.176519 1.405057 0.729606 -0.070242 0.279782 -0.251851 -0.923774
1642668796.012585 -0.177031 1.403985 0.730689 -0.071429 0.279833 -0.252017 -0.923623
1642668796.020918 -0.177536 1.402913 0.731774 -0.072613 0.279984 -0.252053 -0.923475
1642668796.029252 -0.178049 1.401852 0.732870 -0.073823 0.280226 -0.252048 -0.923307
1642668796.037585 -0.178595 1.400826 0.733979 -0.074972 0.280636 -0.252049 -0.923090
1642668796.045918 -0.179131 1.399776 0.735098 -0.076197 0.281131 -0.252033 -0.922843
1642668796.054252 -0.179640 1.398686 0.736237 -0.077574 0.281488 -0.251934 -0.922646
1642668796.062585 -0.180156 1.397537 0.737366 -0.078694 0.281938 -0.252011 -0.922393
1642668796.070918 -0.180678 1.396377 0.738516 -0.079800 0.282281 -0.252107 -0.922167
1642668796.079252 -0.181208 1.395199 0.739681 -0.080996 0.282449 -0.252264 -0.921968
1642668796.087585 -0.181768 1.394007 0.740865 -0.082200 0.282378 -0.252393 -0.921848
1642668796.095918 -0.182346 1.392797 0.742060 -0.083369 0.282151 -0.252617 -0.921751
1642668796.104252 -0.182918 1.391584 0.743271 -0.084391 0.282001 -0.253060 -0.921582
1642668796.112585 -0.183516 1.390348 0.744496 -0.085425 0.281246 -0.253446 -0.921612
1642668796.120918 -0.184117 1.389088 0.745743 -0.086389 0.280173 -0.253838 -0.921741
1642668796.129252 -0.184750 1.387888 0.747019 -0.087232 0.279130 -0.254413 -0.921819
1642668796.137585 -0.185408 1.386680 0.748306 -0.088155 0.277607 -0.254876 -0.922063
1642668796.145918 -0.186080 1.385496 0.749600 -0.088943 0.275813 -0.255391 -0.922384
1642668796.154252 -0.186756 1.384368 0.750901 -0.089569 0.273904 -0.255946 -0.922738
1642668796.162585 -0.187474 1.383174 0.752182 -0.090205 0.272413 -0.256515 -0.922960
1642668796.170918 -0.188168 1.381865 0.753434 -0.090732 0.271082 -0.257337 -0.923071
1642668796.179252 -0.188912 1.380662 0.754701 -0.091323 0.269545 -0.257989 -0.923281
1642668796.187585 -0.189699 1.379457 0.755957 -0.091948 0.267950 -0.258552 -0.923525
1642668796.195918 -0.190536 1.378233 0.757211 -0.092478 0.266044 -0.259065 -0.923880
1642668796.204252 -0.191356 1.377039 0.758478 -0.093392 0.264450 -0.259779 -0.924045
1642668796.212585 -0.192212 1.375882 0.759745 -0.094133 0.262988 -0.260369 -0.924221
1642668796.220918 -0.193137 1.374805 0.761032 -0.094299 0.261759 -0.260615 -0.924483
1642668796.229252 -0.194047 1.373708 0.762281 -0.095021 0.260625 -0.260977 -0.924628
1642668796.237585 -0.194974 1.372614 0.763512 -0.095666 0.259728 -0.261289 -0.924726
1642668796.245918 -0.195916 1.371535 0.764732 -0.096313 0.259122 -0.261608 -0.924738
1642668796.254252 -0.196885 1.370496 0.765943 -0.096972 0.258646 -0.261724 -0.924770
1642668796.262585 -0.197865 1.369503 0.767143 -0.097625 0.258388 -0.261713 -0.924776
1642668796.270918 -0.198822 1.368499 0.768341 -0.098329 0.258400 -0.261791 -0.924676
1642668796.279252 -0.199776 1.367506 0.769539 -0.099001 0.258575 -0.261773 -0.924561
1642668796.287585 -0.200748 1.366550 0.770723 -0.099659 0.258901 -0.261555 -0.924461
1642668796.295918 -0.201688 1.365621 0.771908 -0.100355 0.259383 -0.261285 -0.924326
1642668796.304252 -0.202591 1.364670 0.773093 -0.101013 0.260066 -0.260998 -0.924144
1642668796.312585 -0.203480 1.363733 0.774283 -0.101724 0.260825 -0.260649 -0.923950
1642668796.320918 -0.204380 1.362833 0.775481 -0.102430 0.261512 -0.260089 -0.923836
1642668796.329252 -0.205257 1.361949 0.776685 -0.103159 0.262307 -0.259449 -0.923710
1642668796.337585 -0.206089 1.361075 0.777921 -0.103937 0.263544 -0.259033 -0.923387
1642668796.345918 -0.206928 1.360194 0.779154 -0.104588 0.264232 -0.258569 -0.923247
1642668796.354252 -0.207766 1.359343 0.780388 -0.105241 0.264716 -0.257942 -0.923210
1642668796.362585 -0.208596 1.358492 0.781620 -0.105843 0.265126 -0.257390 -0.923177
1642668796.370918 -0.209405 1.357628 0.782867 -0.106409 0.265427 -0.256950 -0.923148
1642668796.379252 -0.210203 1.356776 0.784112 -0.106932 0.265703 -0.256639 -0.923095
1642668796.387585 -0.211014 1.355964 0.785352 -0.107461 0.265734 -0.256257 -0.923130
1642668796.395918 -0.211809 1.355162 0.786578 -0.107969 0.265620 -0.255996 -0.923176
1642668796.404252 -0.212596 1.354373 0.787796 -0.108345 0.265523 -0.255874 -0.923194
1642668796.412585 -0.213399 1.353608 0.789003 -0.108640 0.265313 -0.255747 -0.923255
1642668796.420918 -0.214220 1.352872 0.790199 -0.108905 0.265001 -0.255684 -0.923331
1642668796.429252 -0.215060 1.352160 0.791388 -0.109132 0.264569 -0.255716 -0.923419
1642668796.437585 -0.215900 1.351437 0.792569 -0.109247 0.264083 -0.255908 -0.923491
1642668796.445918 -0.216748 1.350730 0.793750 -0.109332 0.263521 -0.256057 -0.923601
1642668796.454252 -0.217620 1.350039 0.794916 -0.109287 0.262849 -0.256153 -0.923771
1642668796.462585 -0.218497 1.349332 0.796083 -0.109240 0.261922 -0.256182 -0.924031
1642668796.470918 -0.219364 1.348591 0.797251 -0.109203 0.260918 -0.256271 -0.924295
1642668796.479252 -0.220225 1.347849 0.798388 -0.109056 0.260111 -0.256366 -0.924514
1642668796.487585 -0.221109 1.347107 0.799522 -0.108864 0.259188 -0.256343 -0.924802
1642668796.495918 -0.221993 1.346352 0.800632 -0.108633 0.258242 -0.256292 -0.925108
1642668796.504252 -0.222869 1.345589 0.801744 -0.108284 0.257414 -0.256294 -0.925379
1642668796.512585 -0.223762 1.344829 0.802846 -0.107821 0.256616 -0.256403 -0.925625
1642668796.520918 -0.224686 1.344073 0.803939 -0.107404 0.255494 -0.256298 -0.926012
1642668796.529252 -0.225633 1.343315 0.805022 -0.106979 0.254312 -0.256269 -0.926395
1642668796.537585 -0.226596 1.342544 0.806106 -0.106461 0.253272 -0.256502 -0.926675
1642668796.545918 -0.227537 1.341744 0.807157 -0.106236 0.252141 -0.257153 -0.926829
1642668796.554252 -0.228431 1.340901 0.808161 -0.106699 0.250857 -0.258405 -0.926775
1642668796.562585 -0.229442 1.340094 0.809195 -0.106161 0.249701 -0.258806 -0.927038
1642668796.570918 -0.230466 1.339260 0.810227 -0.105600 0.248593 -0.259182 -0.927294
1642668796.579252 -0.231514 1.338433 0.811236 -0.105091 0.247308 -0.259489 -0.927610
1642668796.587585 -0.232589 1.337627 0.812231 -0.104827 0.245586 -0.259717 -0.928034
1642668796.595918 -0.233656 1.336777 0.813210 -0.104216 0.244460 -0.260043 -0.928308
1642668796.604252 -0.234737 1.335932 0.814204 -0.103243 0.243632 -0.260328 -0.928555
1642668796.612585 -0.235831 1.335076 0.815197 -0.101927 0.243198 -0.260373 -0.928801
1642668796.620918 -0.236911 1.334254 0.816181 -0.101186 0.241961 -0.260622 -0.929135
1642668796.629252 -0.237996 1.333438 0.817148 -0.100444 0.240853 -0.260907 -0.929424
1642668796.637585 -0.239070 1.332616 0.818110 -0.099638 0.239806 -0.261285 -0.929675
1642668796.645918 -0.240135 1.331790 0.819066 -0.098927 0.238638 -0.261581 -0.929968
1642668796.654252 -0.241199 1.330971 0.820008 -0.098180 0.237525 -0.261794 -0.930272
1642668796.662585 -0.242239 1.330159 0.820940 -0.097363 0.236568 -0.261903 -0.930571
1642668796.670918 -0.243261 1.329351 0.821862 -0.096655 0.235634 -0.262031 -0.930846
1642668796.679252 -0.244281 1.328561 0.822767 -0.096014 0.234688 -0.262138 -0.931121
1642668796.687585 -0.245302 1.327799 0.823665 -0.095656 0.233339 -0.262012 -0.931532
1642668796.695918 -0.246290 1.327022 0.824562 -0.094814 0.232915 -0.262161 -0.931683
1642668796.704252 -0.247249 1.326237 0.825460 -0.093886 0.232759 -0.262432 -0.931739
1642668796.712585 -0.248222 1.325521 0.826369 -0.093312 0.231862 -0.262306 -0.932056
1642668796.720918 -0.249184 1.324843 0.827303 -0.092784 0.230930 -0.262102 -0.932397
1642668796.729252 -0.250139 1.324114 0.828171 -0.091945 0.230811 -0.262371 -0.932435
1642668796.737585 -0.251122 1.323471 0.829046 -0.091204 0.230734 -0.262725 -0.932426
1642668796.745918 -0.252069 1.322834 0.829963 -0.090566 0.230409 -0.262780 -0.932553
1642668796.754252 -0.253003 1.322212 0.830867 -0.090012 0.230188 -0.262811 -0.932653
1642668796.762585 -0.253924 1.321604 0.831779 -0.089425 0.230042 -0.262775 -0.932756
1642668796.770918 -0.254815 1.320997 0.832679 -0.088844 0.229968 -0.262715 -0.932846
1642668796.779252 -0.255695 1.320420 0.833589 -0.088430 0.229749 -0.262478 -0.933006
1642668796.787585 -0.256561 1.319873 0.834497 -0.088235 0.229256 -0.262080 -0.933258
1642668796.795918 -0.257374 1.319304 0.835401 -0.087642 0.229612 -0.261826 -0.933298
1642668796.804252 -0.258164 1.318735 0.836320 -0.086896 0.230445 -0.261621 -0.933219
1642668796.812585 -0.258978 1.318211 0.837250 -0.086458 0.230790 -0.261215 -0.933289
1642668796.820918 -0.259777 1.317703 0.838189 -0.086129 0.230978 -0.260658 -0.933428
1642668796.829252 -0.260572 1.317200 0.839144 -0.085752 0.231259 -0.260096 -0.933550
1642668796.837585 -0.261367 1.316707 0.840105 -0.085418 0.231608 -0.259563 -0.933643
1642668796.845918 -0.262166 1.316213 0.841076 -0.085146 0.232008 -0.259048 -0.933711
1642668796.854252 -0.262941 1.315686 0.842034 -0.084615 0.232512 -0.258571 -0.933766
1642668796.862585 -0.263704 1.315164 0.843012 -0.084137 0.233117 -0.258109 -0.933787
1642668796.870918 -0.264507 1.314763 0.844077 -0.084706 0.232960 -0.257181 -0.934030
1642668796.879252 -0.265303 1.314286 0.845081 -0.084580 0.233076 -0.256580 -0.934178
1642668796.887585 -0.266103 1.313820 0.846093 -0.084472 0.233156 -0.256065 -0.934309
1642668796.895918 -0.266913 1.313373 0.847117 -0.084472 0.232996 -0.255532 -0.934495
1642668796.904252 -0.267742 1.312924 0.848147 -0.084367 0.233012 -0.255169 -0.934600
1642668796.912585 -0.268586 1.312490 0.849189 -0.084426 0.232904 -0.254809 -0.934720
1642668796.920918 -0.269441 1.312057 0.850240 -0.084463 0.232836 -0.254547 -0.934804
1642668796.929252 -0.270309 1.311619 0.851293 -0.084471 0.232679 -0.254215 -0.934933
1642668796.937585 -0.271184 1.311170 0.852358 -0.084587 0.232581 -0.253966 -0.935015
1642668796.945918 -0.272054 1.310696 0.853425 -0.084687 0.232544 -0.253686 -0.935091
1642668796.954252 -0.272925 1.310191 0.854493 -0.084899 0.232416 -0.253337 -0.935198
1642668796.962585 -0.273795 1.309659 0.855556 -0.085116 0.232452 -0.252968 -0.935269
1642668796.970918 -0.274665 1.309094 0.856627 -0.085250 0.232627 -0.252621 -0.935307
1642668796.979252 -0.275518 1.308487 0.857676 -0.085093 0.233218 -0.252420 -0.935229
1642668796.987585 -0.276403 1.307879 0.858670 -0.084755 0.233746 -0.252240 -0.935176
1642668796.995918 -0.277319 1.307338 0.859710 -0.084870 0.234014 -0.251853 -0.935203
1642668797.004252 -0.278269 1.306855 0.860779 -0.085250 0.233930 -0.251250 -0.935352
1642668797.012585 -0.279245 1.306418 0.861861 -0.085922 0.233588 -0.250592 -0.935552
1642668797.020918 -0.280202 1.305852 0.862843 -0.085121 0.234770 -0.250814 -0.935270
1642668797.029252 -0.281211 1.305396 0.863885 -0.085211 0.235112 -0.250623 -0.935227
1642668797.037585 -0.282246 1.304957 0.864927 -0.085342 0.235280 -0.250451 -0.935219
1642668797.045918 -0.283317 1.304534 0.865978 -0.085511 0.235457 -0.250377 -0.935179
1642668797.054252 -0.284401 1.304122 0.867030 -0.085687 0.235654 -0.250337 -0.935124
1642668797.062585 -0.285495 1.303709 0.868078 -0.085874 0.235808 -0.250311 -0.935075
1642668797.070918 -0.286608 1.303297 0.869134 -0.086105 0.235803 -0.250404 -0.935030
1642668797.079252 -0.287729 1.302902 0.870188 -0.086267 0.235734 -0.250530 -0.934998
1642668797.087585 -0.288870 1.302520 0.871233 -0.086455 0.235543 -0.250678 -0.934990
1642668797.095918 -0.290019 1.302153 0.872284 -0.086553 0.235231 -0.250949 -0.934986
1642668797.104252 -0.291184 1.301795 0.873329 -0.086637 0.234850 -0.251338 -0.934970
1642668797.112585 -0.292363 1.301452 0.874371 -0.086728 0.234320 -0.251736 -0.934987
1642668797.120918 -0.293545 1.301122 0.875404 -0.086711 0.233784 -0.252297 -0.934972
1642668797.129252 -0.294738 1.300794 0.876427 -0.086710 0.233093 -0.252870 -0.934990
1642668797.137585 -0.295946 1.300470 0.877443 -0.086694 0.232464 -0.253551 -0.934964
1642668797.145918 -0.297190 1.300197 0.878474 -0.087061 0.231165 -0.253911 -0.935154
1642668797.154252 -0.298473 1.299982 0.879545 -0.088141 0.229006 -0.253864 -0.935596
1642668797.162585 -0.299662 1.299618 0.880553 -0.087670 0.229070 -0.254758 -0.935382
1642668797.170918 -0.300912 1.299297 0.881552 -0.087744 0.228077 -0.255362 -0.935453
1642668797.179252 -0.302196 1.299001 0.882551 -0.088051 0.226564 -0.255752 -0.935685
1642668797.187585 -0.303405 1.298629 0.883512 -0.087552 0.226272 -0.256618 -0.935566
1642668797.195918 -0.304571 1.298194 0.884428 -0.086190 0.227107 -0.258046 -0.935097
1642668797.204252 -0.305836 1.297958 0.885415 -0.086492 0.225763 -0.258396 -0.935298
1642668797.212585 -0.307145 1.297818 0.886437 -0.087489 0.223366 -0.258216 -0.935830
1642668797.220918 -0.308359 1.297573 0.887383 -0.087287 0.222556 -0.258746 -0.935896
1642668797.229252 -0.309575 1.297344 0.888317 -0.087009 0.221850 -0.259243 -0.935952
1642668797.237585 -0.310753 1.297076 0.889212 -0.086303 0.221816 -0.259976 -0.935822
1642668797.245918 -0.311882 1.296733 0.890057 -0.084799 0.222735 -0.261116 -0.935423
1642668797.254252 -0.313083 1.296530 0.890958 -0.084532 0.222156 -0.261486 -0.935482
1642668797.262585 -0.314281 1.296330 0.891852 -0.084297 0.221412 -0.261716 -0.935615
1642668797.270918 -0.315458 1.296152 0.892738 -0.084003 0.220799 -0.261988 -0.935710
1642668797.279252 -0.316626 1.295989 0.893631 -0.083727 0.220043 -0.262160 -0.935865
1642668797.287585 -0.317787 1.295885 0.894551 -0.083739 0.218988 -0.262013 -0.936153
1642668797.295918 -0.318950 1.295862 0.895503 -0.084302 0.217433 -0.261543 -0.936596
1642668797.304252 -0.320069 1.295765 0.896387 -0.083972 0.216665 -0.261515 -0.936811
1642668797.312585 -0.321191 1.295684 0.897286 -0.083664 0.215999 -0.261441 -0.937013
1642668797.320918 -0.322335 1.295624 0.898182 -0.083517 0.215152 -0.261327 -0.937253
1642668797.329252 -0.323515 1.295593 0.899077 -0.083637 0.213842 -0.260976 -0.937640
1642668797.337585 -0.324656 1.295514 0.899984 -0.083347 0.213567 -0.261048 -0.937708
1642668797.345918 -0.325783 1.295397 0.900890 -0.082906 0.213818 -0.261305 -0.937619
1642668797.354252 -0.326955 1.295304 0.901797 -0.082849 0.213405 -0.261236 -0.937737
1642668797.362585 -0.328121 1.295186 0.902707 -0.082844 0.213139 -0.261212 -0.937804
1642668797.370918 -0.329269 1.295000 0.903594 -0.082544 0.213270 -0.261324 -0.937770
1642668797.379252 -0.330413 1.294760 0.904476 -0.082073 0.213723 -0.261551 -0.937645
1642668797.387585 -0.331627 1.294643 0.905486 -0.083091 0.212778 -0.260950 -0.937937
1642668797.395918 -0.332824 1.294415 0.906447 -0.083344 0.212756 -0.260865 -0.937943
1642668797.404252 -0.334044 1.294162 0.907413 -0.083694 0.212782 -0.260774 -0.937932
1642668797.412585 -0.335289 1.293902 0.908408 -0.084061 0.212977 -0.260765 -0.937857
1642668797.420918 -0.336552 1.293624 0.909400 -0.084652 0.212883 -0.260724 -0.937837
1642668797.429252 -0.337863 1.293354 0.910407 -0.085421 0.212260 -0.260484 -0.937975
1642668797.437585 -0.339115 1.293027 0.911438 -0.085821 0.212692 -0.260679 -0.937787
1642668797.445918 -0.340363 1.292660 0.912485 -0.086049 0.213448 -0.261047 -0.937491
1642668797.454252 -0.341656 1.292323 0.913531 -0.086883 0.213017 -0.261092 -0.937500
1642668797.462585 -0.342907 1.291925 0.914607 -0.087214 0.213619 -0.261477 -0.937225
1642668797.470918 -0.344205 1.291545 0.915699 -0.088038 0.213380 -0.261603 -0.937167
1642668797.479252 -0.345450 1.291087 0.916816 -0.088363 0.214266 -0.262092 -0.936798
1642668797.487585 -0.346727 1.290644 0.917948 -0.089085 0.214472 -0.262327 -0.936617
1642668797.495918 -0.347994 1.290174 0.919090 -0.089911 0.214595 -0.262525 -0.936454
1642668797.504252 -0.349253 1.289691 0.920248 -0.090771 0.214798 -0.262775 -0.936254
1642668797.512585 -0.350491 1.289165 0.921389 -0.091320 0.215354 -0.263219 -0.935948
1642668797.520918 -0.351713 1.288611 0.922521 -0.091636 0.216039 -0.263796 -0.935597
1642668797.529252 -0.352971 1.288172 0.923766 -0.093411 0.215355 -0.263669 -0.935615
1642668797.537585 -0.354169 1.287637 0.924951 -0.094333 0.215562 -0.264054 -0.935366
1642668797.545918 -0.355352 1.287090 0.926145 -0.095291 0.215683 -0.264447 -0.935130
1642668797.554252 -0.356502 1.286518 0.927339 -0.096267 0.215742 -0.264828 -0.934909
1642668797.562585 -0.357634 1.285931 0.928540 -0.097233 0.215804 -0.265199 -0.934689
1642668797.570918 -0.358723 1.285308 0.929768 -0.098367 0.216196 -0.265784 -0.934314
1642668797.579252 -0.359795 1.284662 0.931030 -0.099500 0.216867 -0.266420 -0.933857
1642668797.587585 -0.360806 1.283983 0.932202 -0.100622 0.216164 -0.266392 -0.933908
1642668797.595918 -0.361779 1.283269 0.933428 -0.101886 0.216267 -0.266695 -0.933660
1642668797.604252 -0.362684 1.282489 0.934645 -0.102927 0.217060 -0.267278 -0.933195
1642668797.612585 -0.363517 1.281620 0.935843 -0.103393 0.218691 -0.268216 -0.932494
1642668797.620918 -0.364291 1.280803 0.936999 -0.104724 0.218049 -0.268053 -0.932542
1642668797.629252 -0.365001 1.279959 0.938200 -0.106181 0.218094 -0.268064 -0.932364
1642668797.637585 -0.365686 1.279063 0.939400 -0.107612 0.218606 -0.268315 -0.932008
1642668797.645918 -0.366333 1.278185 0.940650 -0.109350 0.219494 -0.268716 -0.931481
1642668797.654252 -0.366922 1.277296 0.941861 -0.111248 0.219152 -0.268593 -0.931372
1642668797.662585 -0.367390 1.276227 0.942952 -0.111892 0.220304 -0.269254 -0.930832
1642668797.670918 -0.367831 1.275266 0.944125 -0.113687 0.220189 -0.269159 -0.930669
1642668797.679252 -0.368246 1.274305 0.945301 -0.115657 0.219876 -0.268959 -0.930559
1642668797.687585 -0.368553 1.273183 0.946375 -0.116624 0.220740 -0.269345 -0.930122
1642668797.695918 -0.368846 1.272156 0.947505 -0.118683 0.220558 -0.269044 -0.929992
1642668797.704252 -0.369021 1.270985 0.948523 -0.119364 0.221769 -0.269502 -0.929483
1642668797.712585 -0.369165 1.269878 0.949581 -0.120758 0.222309 -0.269540 -0.929163
1642668797.720918 -0.369258 1.268767 0.950624 -0.122119 0.222696 -0.269403 -0.928933
1642668797.729252 -0.369297 1.267639 0.951657 -0.123573 0.223136 -0.269279 -0.928671
1642668797.737585 -0.369286 1.266486 0.952680 -0.125013 0.223614 -0.269217 -0.928381
1642668797.745918 -0.369223 1.265323 0.953701 -0.126468 0.224027 -0.269012 -0.928143
1642668797.754252 -0.369112 1.264132 0.954710 -0.127974 0.224344 -0.268722 -0.927945
1642668797.762585 -0.368957 1.262919 0.955713 -0.129471 0.224811 -0.268471 -0.927696
1642668797.770918 -0.368754 1.261698 0.956705 -0.131080 0.225146 -0.268180 -0.927473
1642668797.779252 -0.368523 1.260475 0.957683 -0.132522 0.225531 -0.267873 -0.927264
1642668797.787585 -0.368248 1.259245 0.958640 -0.134025 0.225861 -0.267610 -0.927043
1642668797.795918 -0.367946 1.258052 0.959605 -0.135747 0.225686 -0.267138 -0.926971
1642668797.804252 -0.367634 1.256886 0.960574 -0.137574 0.225361 -0.266645 -0.926923
1642668797.812585 -0.367242 1.255578 0.961419 -0.138135 0.226256 -0.266911 -0.926545
1642668797.820918 -0.366856 1.254355 0.962323 -0.139425 0.226226 -0.266750 -0.926405
1642668797.829252 -0.366434 1.253117 0.963204 -0.140721 0.226040 -0.266530 -0.926318
1642668797.837585 -0.365983 1.251874 0.964076 -0.142059 0.225893 -0.266410 -0.926184
1642668797.845918 -0.365515 1.250625 0.964936 -0.143409 0.225717 -0.266278 -0.926057
1642668797.854252 -0.365027 1.249378 0.965782 -0.145054 0.225062 -0.265973 -0.926048
1642668797.862585 -0.364537 1.248137 0.966616 -0.146892 0.224169 -0.265702 -0.926053
1642668797.870918 -0.363945 1.246778 0.967322 -0.147279 0.224388 -0.265989 -0.925856
1642668797.879252 -0.363368 1.245550 0.968075 -0.148683 0.223371 -0.265860 -0.925914
1642668797.887585 -0.362772 1.244390 0.968841 -0.150590 0.221537 -0.265529 -0.926142
1642668797.895918 -0.362090 1.243140 0.969488 -0.151337 0.220732 -0.265766 -0.926144
1642668797.904252 -0.361352 1.241880 0.970087 -0.151657 0.220241 -0.266288 -0.926059
1642668797.912585 -0.360613 1.240747 0.970742 -0.152979 0.218361 -0.266174 -0.926319
1642668797.920918 -0.359792 1.239510 0.971288 -0.153207 0.217591 -0.266561 -0.926351
1642668797.929252 -0.358986 1.238451 0.971927 -0.154759 0.215602 -0.266374 -0.926612
1642668797.937585 -0.358133 1.237314 0.972477 -0.155453 0.214297 -0.266481 -0.926768
1642668797.945918 -0.357252 1.236144 0.972985 -0.155923 0.213218 -0.266721 -0.926869
1642668797.954252 -0.356346 1.234900 0.973420 -0.155884 0.212478 -0.267163 -0.926918
1642668797.962585 -0.355448 1.233780 0.973933 -0.156934 0.211244 -0.267189 -0.927016
1642668797.970918 -0.354525 1.232728 0.974493 -0.158636 0.209705 -0.266746 -0.927203
1642668797.979252 -0.353578 1.231551 0.974962 -0.159585 0.208802 -0.266721 -0.927251
1642668797.987585 -0.352633 1.230362 0.975410 -0.160563 0.208178 -0.266661 -0.927240
1642668797.995918 -0.351676 1.229146 0.975820 -0.161225 0.207818 -0.266701 -0.927194
1642668798.004252 -0.350699 1.227888 0.976190 -0.161692 0.207704 -0.266890 -0.927084
1642668798.012585 -0.349741 1.226791 0.976647 -0.163239 0.207142 -0.266679 -0.926999
1642668798.020918 -0.348767 1.225570 0.976982 -0.163731 0.207477 -0.266961 -0.926757
1642668798.029252 -0.347837 1.224532 0.977438 -0.165656 0.206949 -0.266460 -0.926677
1642668798.037585 -0.346890 1.223381 0.977809 -0.166775 0.207190 -0.266481 -0.926416
1642668798.045918 -0.345941 1.222204 0.978141 -0.167668 0.207838 -0.266685 -0.926051
1642668798.054252 -0.344988 1.221001 0.978439 -0.168335 0.208730 -0.266903 -0.925666
1642668798.062585 -0.344028 1.219938 0.978797 -0.170202 0.208831 -0.266589 -0.925393
1642668798.070918 -0.343034 1.218763 0.979021 -0.170880 0.209885 -0.266868 -0.924949
1642668798.079252 -0.342071 1.217800 0.979363 -0.172852 0.210057 -0.266296 -0.924708
1642668798.087585 -0.341083 1.216729 0.979596 -0.173977 0.210684 -0.266220 -0.924376
1642668798.095918 -0.340048 1.215615 0.979802 -0.174835 0.211654 -0.266430 -0.923932
1642668798.104252 -0.339006 1.214464 0.979958 -0.175144 0.212982 -0.266848 -0.923448
1642668798.112585 -0.337972 1.213499 0.980192 -0.176519 0.213245 -0.266598 -0.923197
1642668798.120918 -0.336941 1.212672 0.980450 -0.178373 0.213078 -0.266075 -0.923030
1642668798.129252 -0.335895 1.211758 0.980608 -0.179414 0.213403 -0.266041 -0.922763
1642668798.137585 -0.334830 1.210811 0.980735 -0.180119 0.213821 -0.266242 -0.922471
1642668798.145918 -0.333726 1.209805 0.980808 -0.180272 0.214758 -0.266873 -0.922041
1642668798.154252 -0.332639 1.208958 0.980962 -0.181292 0.214897 -0.266911 -0.921798
1642668798.162585 -0.331535 1.208201 0.981111 -0.182458 0.214551 -0.266699 -0.921710
1642668798.170918 -0.330421 1.207559 0.981280 -0.184056 0.213682 -0.266315 -0.921705
1642668798.179252 -0.329290 1.206875 0.981355 -0.184793 0.213138 -0.266209 -0.921714
1642668798.187585 -0.328156 1.206225 0.981428 -0.185559 0.212725 -0.266260 -0.921641
1642668798.195918 -0.326995 1.205537 0.981486 -0.186080 0.212490 -0.266548 -0.921507
1642668798.204252 -0.325817 1.204818 0.981492 -0.185984 0.212600 -0.267074 -0.921348
1642668798.212585 -0.324667 1.204319 0.981579 -0.186995 0.211792 -0.266916 -0.921375
1642668798.220918 -0.323533 1.203948 0.981675 -0.188571 0.210472 -0.266450 -0.921492
1642668798.229252 -0.322375 1.203496 0.981650 -0.189330 0.209343 -0.266285 -0.921641
1642668798.237585 -0.321189 1.203053 0.981614 -0.190126 0.208125 -0.266155 -0.921791
1642668798.245918 -0.320030 1.202626 0.981645 -0.190900 0.208629 -0.266672 -0.921367
1642668798.254252 -0.318856 1.202229 0.981598 -0.191623 0.208265 -0.266771 -0.921271
1642668798.262585 -0.317639 1.201836 0.981496 -0.192102 0.208049 -0.266918 -0.921177
1642668798.270918 -0.316379 1.201440 0.981337 -0.192356 0.207916 -0.267198 -0.921073
1642668798.279252 -0.315146 1.201237 0.981269 -0.194003 0.206578 -0.266694 -0.921175
1642668798.287585 -0.313902 1.200925 0.981096 -0.194843 0.205336 -0.266368 -0.921369
1642668798.295918 -0.312688 1.200630 0.981014 -0.195747 0.206028 -0.266876 -0.920876
1642668798.304252 -0.311464 1.200321 0.980838 -0.196436 0.206082 -0.267243 -0.920611
1642668798.312585 -0.310226 1.200024 0.980601 -0.196865 0.206360 -0.267680 -0.920330
1642668798.320918 -0.309021 1.199969 0.980464 -0.198620 0.205736 -0.267494 -0.920147
1642668798.329252 -0.307785 1.199830 0.980233 -0.199569 0.205754 -0.267913 -0.919815
1642668798.337585 -0.306516 1.199663 0.979996 -0.200628 0.205516 -0.267977 -0.919620
1642668798.345918 -0.305259 1.199542 0.979751 -0.201717 0.205488 -0.268029 -0.919372
1642668798.354252 -0.303971 1.199460 0.979489 -0.202789 0.205436 -0.267979 -0.919163
1642668798.362585 -0.302629 1.199414 0.979197 -0.203883 0.205494 -0.267817 -0.918955
1642668798.370918 -0.301256 1.199399 0.978892 -0.204984 0.205735 -0.267606 -0.918717
1642668798.379252 -0.299843 1.199419 0.978560 -0.206113 0.205758 -0.267049 -0.918622
1642668798.387585 -0.298414 1.199436 0.978179 -0.207337 0.205114 -0.266190 -0.918740
1642668798.395918 -0.296996 1.199480 0.977806 -0.208517 0.205522 -0.265699 -0.918524
1642668798.404252 -0.295544 1.199568 0.977395 -0.209577 0.206162 -0.265253 -0.918268
1642668798.412585 -0.294058 1.199690 0.976973 -0.210572 0.207083 -0.264729 -0.917984
1642668798.420918 -0.292563 1.199854 0.976574 -0.211596 0.208749 -0.264282 -0.917500
1642668798.429252 -0.291048 1.200098 0.976069 -0.212444 0.209353 -0.263584 -0.917367
1642668798.437585 -0.289536 1.200387 0.975549 -0.213214 0.210012 -0.262932 -0.917225
1642668798.445918 -0.288016 1.200688 0.974995 -0.213922 0.210708 -0.262268 -0.917090
1642668798.454252 -0.286489 1.201031 0.974443 -0.214565 0.211417 -0.261533 -0.916987
1642668798.462585 -0.284930 1.201390 0.973881 -0.215193 0.212038 -0.260716 -0.916929
1642668798.470918 -0.283372 1.201793 0.973311 -0.215769 0.212572 -0.259788 -0.916934
1642668798.479252 -0.281807 1.202228 0.972693 -0.216323 0.212527 -0.258626 -0.917142
1642668798.487585 -0.280232 1.202701 0.972037 -0.216813 0.211770 -0.257332 -0.917565
1642668798.495918 -0.278679 1.203217 0.971445 -0.217144 0.211992 -0.256405 -0.917695
1642668798.504252 -0.277148 1.203788 0.970867 -0.217367 0.212180 -0.255429 -0.917871
1642668798.512585 -0.275582 1.204378 0.970257 -0.217998 0.212070 -0.254883 -0.917899
1642668798.520918 -0.274098 1.205049 0.969656 -0.218259 0.211868 -0.253974 -0.918135
1642668798.529252 -0.272606 1.205768 0.969064 -0.218543 0.211542 -0.253189 -0.918359
1642668798.537585 -0.271110 1.206529 0.968485 -0.218813 0.211277 -0.252420 -0.918568
1642668798.545918 -0.269668 1.207307 0.967894 -0.218959 0.211058 -0.251903 -0.918726
1642668798.554252 -0.268240 1.208101 0.967302 -0.219080 0.210731 -0.251404 -0.918908
1642668798.562585 -0.266859 1.208932 0.966715 -0.219098 0.210422 -0.250766 -0.919149
1642668798.570918 -0.265518 1.209768 0.966114 -0.219227 0.210113 -0.250191 -0.919346
1642668798.579252 -0.264183 1.210623 0.965492 -0.219284 0.209989 -0.249819 -0.919462
1642668798.587585 -0.262864 1.211498 0.964863 -0.219291 0.209872 -0.249474 -0.919580
1642668798.595918 -0.261591 1.212387 0.964228 -0.219335 0.209691 -0.249093 -0.919714
1642668798.604252 -0.260360 1.213301 0.963577 -0.219236 0.209636 -0.248705 -0.919856
1642668798.612585 -0.259168 1.214234 0.962926 -0.219089 0.210032 -0.248483 -0.919860
1642668798.620918 -0.258012 1.215195 0.962273 -0.218906 0.210961 -0.248389 -0.919717
1642668798.629252 -0.256860 1.216167 0.961516 -0.218718 0.210251 -0.247679 -0.920115
1642668798.637585 -0.255757 1.217191 0.960795 -0.218462 0.210540 -0.247356 -0.920197
1642668798.645918 -0.254708 1.218242 0.960087 -0.218117 0.210817 -0.246929 -0.920330
1642668798.654252 -0.253687 1.219301 0.959374 -0.217757 0.211013 -0.246399 -0.920512
1642668798.662585 -0.252667 1.220359 0.958671 -0.217366 0.211502 -0.245952 -0.920612
1642668798.670918 -0.251662 1.221438 0.957970 -0.216982 0.211921 -0.245407 -0.920752
1642668798.679252 -0.250667 1.222524 0.957286 -0.216629 0.212896 -0.245108 -0.920690
1642668798.687585 -0.249695 1.223643 0.956611 -0.216211 0.214011 -0.244831 -0.920603
1642668798.695918 -0.248732 1.224777 0.955838 -0.215683 0.213437 -0.243739 -0.921150
1642668798.704252 -0.247781 1.225949 0.955131 -0.215095 0.213892 -0.243071 -0.921358
1642668798.712585 -0.246833 1.227150 0.954435 -0.214548 0.214267 -0.242451 -0.921562
1642668798.720918 -0.245901 1.228380 0.953764 -0.213980 0.214763 -0.241787 -0.921753
1642668798.729252 -0.244987 1.229656 0.953122 -0.213437 0.214975 -0.240960 -0.922046
1642668798.737585 -0.244122 1.230921 0.952462 -0.212837 0.215398 -0.240166 -0.922293
1642668798.745918 -0.243300 1.232225 0.951796 -0.212222 0.215764 -0.239525 -0.922516
1642668798.754252 -0.242537 1.233543 0.951109 -0.211333 0.216421 -0.239293 -0.922627
1642668798.762585 -0.241700 1.234788 0.950505 -0.210831 0.216923 -0.238403 -0.922854
1642668798.770918 -0.240897 1.236052 0.949916 -0.210460 0.217278 -0.237399 -0.923114
1642668798.779252 -0.240123 1.237330 0.949347 -0.209935 0.218063 -0.236594 -0.923255
1642668798.787585 -0.239352 1.238640 0.948785 -0.209396 0.218720 -0.235714 -0.923447
1642668798.795918 -0.238611 1.239976 0.948212 -0.208933 0.219379 -0.234790 -0.923631
1642668798.804252 -0.237893 1.241341 0.947644 -0.208363 0.220182 -0.233869 -0.923802
1642668798.812585 -0.237200 1.242709 0.947119 -0.207801 0.220975 -0.232893 -0.923986
1642668798.820918 -0.236533 1.244077 0.946628 -0.207336 0.221688 -0.231722 -0.924214
1642668798.829252 -0.235897 1.245435 0.946166 -0.206835 0.222632 -0.230328 -0.924448
1642668798.837585 -0.235232 1.246850 0.945725 -0.206311 0.223529 -0.229375 -0.924585
1642668798.845918 -0.234574 1.248283 0.945287 -0.205838 0.224384 -0.228340 -0.924740
1642668798.854252 -0.233933 1.249712 0.944857 -0.205306 0.225304 -0.227161 -0.924925
1642668798.862585 -0.233288 1.251127 0.944449 -0.204851 0.226244 -0.225966 -0.925089
1642668798.870918 -0.232629 1.252512 0.944072 -0.204433 0.227239 -0.224831 -0.925214
1642668798.879252 -0.231978 1.253885 0.943717 -0.203959 0.228438 -0.223735 -0.925289
1642668798.887585 -0.231344 1.255272 0.943370 -0.203616 0.229459 -0.222557 -0.925396
1642668798.895918 -0.230742 1.256660 0.943028 -0.203244 0.230385 -0.221081 -0.925601
1642668798.904252 -0.230183 1.258068 0.942708 -0.202683 0.231509 -0.219405 -0.925843
1642668798.912585 -0.229583 1.259467 0.942407 -0.202436 0.232548 -0.218243 -0.925911
1642668798.920918 -0.228988 1.260850 0.942143 -0.202096 0.233651 -0.217142 -0.925966
1642668798.929252 -0.228378 1.262215 0.941901 -0.201887 0.234684 -0.216171 -0.925978
1642668798.937585 -0.227788 1.263561 0.941672 -0.201798 0.235655 -0.215100 -0.926000
1642668798.945918 -0.227215 1.264910 0.941455 -0.201630 0.236700 -0.213859 -0.926058
1642668798.954252 -0.226634 1.266242 0.941228 -0.201646 0.237536 -0.212654 -0.926118
1642668798.962585 -0.226053 1.267557 0.941015 -0.201636 0.238541 -0.211611 -0.926100
1642668798.970918 -0.225478 1.268852 0.940824 -0.201574 0.239668 -0.210494 -0.926078
1642668798.979252 -0.224927 1.270107 0.940656 -0.201630 0.240673 -0.209130 -0.926114
1642668798.987585 -0.224379 1.271406 0.940505 -0.201540 0.241550 -0.207865 -0.926190
1642668798.995918 -0.223855 1.272702 0.940363 -0.201493 0.242470 -0.206698 -0.926221
1642668799.004252 -0.223348 1.273996 0.940213 -0.201354 0.243437 -0.205689 -0.926222
1642668799.012585 -0.222819 1.275305 0.940088 -0.201219 0.244245 -0.204580 -0.926284
1642668799.020918 -0.222269 1.276629 0.939990 -0.201094 0.244979 -0.203461 -0.926364
1642668799.029252 -0.221723 1.277934 0.939911 -0.200990 0.245723 -0.202447 -0.926412
1642668799.037585 -0.221177 1.279235 0.939840 -0.200898 0.246235 -0.201241 -0.926558
1642668799.045918 -0.220622 1.280519 0.939769 -0.200826 0.246761 -0.200092 -0.926683
1642668799.054252 -0.220066 1.281800 0.939696 -0.200774 0.247153 -0.198901 -0.926846
1642668799.062585 -0.219482 1.283070 0.939621 -0.200488 0.247792 -0.197857 -0.926961
1642668799.070918 -0.218872 1.284299 0.939528 -0.200177 0.248694 -0.197093 -0.926949
1642668799.079252 -0.218257 1.285529 0.939448 -0.201164 0.248558 -0.196116 -0.926979
1642668799.087585 -0.217723 1.286814 0.939407 -0.200547 0.248947 -0.194527 -0.927343
1642668799.095918 -0.217297 1.288201 0.939423 -0.198944 0.249272 -0.191906 -0.928147
1642668799.104252 -0.216713 1.289365 0.939342 -0.198556 0.249893 -0.190831 -0.928285
1642668799.112585 -0.216118 1.290505 0.939255 -0.197972 0.250790 -0.189814 -0.928376
1642668799.120918 -0.215563 1.291701 0.939222 -0.198187 0.250833 -0.188426 -0.928601
1642668799.129252 -0.214993 1.292832 0.939131 -0.197830 0.251582 -0.187321 -0.928698
1642668799.137585 -0.214424 1.293949 0.939030 -0.197240 0.252495 -0.186252 -0.928791
1642668799.145918 -0.213885 1.295123 0.938971 -0.197404 0.252534 -0.184899 -0.929016
1642668799.154252 -0.213322 1.296260 0.938871 -0.196902 0.253271 -0.183940 -0.929112
1642668799.162585 -0.212760 1.297399 0.938747 -0.196012 0.254456 -0.183165 -0.929130
1642668799.170918 -0.212224 1.298582 0.938663 -0.195604 0.255328 -0.182298 -0.929147
1642668799.179252 -0.211673 1.299769 0.938603 -0.194958 0.257069 -0.181613 -0.928937
1642668799.187585 -0.211074 1.300952 0.938488 -0.194117 0.258424 -0.180658 -0.928923
1642668799.195918 -0.210521 1.302164 0.938353 -0.193603 0.258949 -0.179573 -0.929095
1642668799.204252 -0.209973 1.303393 0.938206 -0.192999 0.259521 -0.178439 -0.929279
1642668799.212585 -0.209428 1.304632 0.938040 -0.192380 0.260086 -0.177363 -0.929456
1642668799.220918 -0.208884 1.305879 0.937838 -0.191793 0.260545 -0.176161 -0.929677
1642668799.229252 -0.208337 1.307094 0.937564 -0.191219 0.260204 -0.174546 -0.930195
1642668799.237585 -0.207795 1.308347 0.937269 -0.190595 0.259972 -0.173025 -0.930672
1642668799.245918 -0.207294 1.309610 0.937049 -0.189860 0.261289 -0.172111 -0.930623
1642668799.254252 -0.206780 1.310836 0.936711 -0.189058 0.261329 -0.170744 -0.931027
1642668799.262585 -0.206272 1.312073 0.936334 -0.188381 0.260693 -0.169064 -0.931649
1642668799.270918 -0.205808 1.313385 0.936056 -0.187385 0.262265 -0.168368 -0.931534
1642668799.279252 -0.205349 1.314715 0.935680 -0.186597 0.262356 -0.167141 -0.931888
1642668799.287585 -0.204890 1.316081 0.935258 -0.185641 0.262218 -0.165915 -0.932337
1642668799.295918 -0.204439 1.317437 0.934789 -0.184546 0.262080 -0.164659 -0.932815
1642668799.304252 -0.204033 1.318818 0.934412 -0.183542 0.263184 -0.163907 -0.932835
1642668799.312585 -0.203627 1.320208 0.933960 -0.182595 0.263307 -0.162775 -0.933184
1642668799.320918 -0.203253 1.321632 0.933492 -0.181771 0.263282 -0.161514 -0.933571
1642668799.329252 -0.202907 1.323068 0.932987 -0.180934 0.263199 -0.160399 -0.933949
1642668799.337585 -0.202584 1.324497 0.932441 -0.179994 0.263106 -0.159216 -0.934359
1642668799.345918 -0.202265 1.325930 0.931854 -0.178990 0.262920 -0.157976 -0.934815
1642668799.354252 -0.202017 1.327393 0.931359 -0.178058 0.263996 -0.157254 -0.934812
1642668799.362585 -0.201782 1.328854 0.930786 -0.177215 0.264189 -0.156115 -0.935108
1642668799.370918 -0.201555 1.330358 0.930190 -0.176322 0.264391 -0.155060 -0.935395
1642668799.379252 -0.201375 1.331854 0.929547 -0.175430 0.264539 -0.153983 -0.935699
1642668799.387585 -0.201202 1.333402 0.928873 -0.174483 0.264729 -0.152984 -0.935986
1642668799.395918 -0.201056 1.334921 0.928177 -0.173467 0.265224 -0.152051 -0.936187
1642668799.404252 -0.200915 1.336473 0.927456 -0.172467 0.265543 -0.151066 -0.936441
1642668799.412585 -0.200807 1.338019 0.926716 -0.171413 0.266117 -0.150025 -0.936639
1642668799.420918 -0.200720 1.339552 0.925938 -0.170376 0.266667 -0.149059 -0.936826
1642668799.429252 -0.200659 1.341114 0.925137 -0.169109 0.267602 -0.148139 -0.936934
1642668799.437585 -0.200635 1.342709 0.924328 -0.168054 0.268206 -0.147188 -0.937102
1642668799.445918 -0.200629 1.344300 0.923500 -0.166973 0.268749 -0.146420 -0.937259
1642668799.454252 -0.200647 1.345903 0.922646 -0.165916 0.269490 -0.145563 -0.937368
1642668799.462585 -0.200680 1.347526 0.921773 -0.164898 0.270160 -0.144735 -0.937483
1642668799.470918 -0.200729 1.349156 0.920881 -0.163817 0.270810 -0.143860 -0.937620
1642668799.479252 -0.200785 1.350807 0.919968 -0.162901 0.271354 -0.143028 -0.937749
1642668799.487585 -0.200862 1.352487 0.919033 -0.162039 0.271559 -0.142043 -0.937989
1642668799.495918 -0.200932 1.354127 0.917986 -0.160580 0.271798 -0.141007 -0.938327
1642668799.504252 -0.201037 1.355807 0.917032 -0.159271 0.273101 -0.140425 -0.938259
1642668799.512585 -0.201176 1.357501 0.916111 -0.158166 0.274811 -0.139969 -0.938014
1642668799.520918 -0.201290 1.359213 0.915107 -0.156999 0.275557 -0.139174 -0.938110
1642668799.529252 -0.201423 1.360923 0.914098 -0.155923 0.276300 -0.138530 -0.938166
1642668799.537585 -0.201565 1.362651 0.913067 -0.154957 0.276590 -0.137710 -0.938362
1642668799.545918 -0.201687 1.364327 0.911936 -0.153498 0.276969 -0.136904 -0.938607
1642668799.554252 -0.201839 1.366048 0.910886 -0.152483 0.277669 -0.136152 -0.938676
1642668799.562585 -0.201998 1.367776 0.909828 -0.151337 0.278438 -0.135468 -0.938732
1642668799.570918 -0.202154 1.369491 0.908782 -0.150171 0.279492 -0.134998 -0.938674
1642668799.579252 -0.202321 1.371204 0.907754 -0.148861 0.281226 -0.134814 -0.938391
1642668799.587585 -0.202489 1.372886 0.906638 -0.147749 0.281609 -0.134123 -0.938551
1642668799.595918 -0.202649 1.374570 0.905496 -0.146815 0.281561 -0.133171 -0.938847
1642668799.604252 -0.202841 1.376216 0.904428 -0.145636 0.282848 -0.132945 -0.938676
1642668799.612585 -0.203025 1.377844 0.903276 -0.144687 0.282782 -0.132224 -0.938945
1642668799.620918 -0.203233 1.379466 0.902191 -0.143699 0.283798 -0.131950 -0.938828
1642668799.629252 -0.203443 1.381076 0.901026 -0.143242 0.282844 -0.131055 -0.939311
1642668799.637585 -0.203677 1.382655 0.899875 -0.142527 0.282634 -0.130647 -0.939540
1642668799.645918 -0.203884 1.384162 0.898726 -0.141442 0.283139 -0.130341 -0.939594
1642668799.654252 -0.204063 1.385610 0.897580 -0.140004 0.284231 -0.130214 -0.939498
1642668799.662585 -0.204285 1.387081 0.896461 -0.139231 0.284596 -0.129796 -0.939560
1642668799.670918 -0.204535 1.388483 0.895258 -0.138090 0.284750 -0.129565 -0.939714
1642668799.679252 -0.204792 1.389890 0.894113 -0.137223 0.284918 -0.129132 -0.939849
1642668799.687585 -0.205066 1.391284 0.892990 -0.136724 0.284849 -0.128618 -0.940013
1642668799.695918 -0.205352 1.392603 0.891840 -0.135976 0.284999 -0.128223 -0.940130
1642668799.704252 -0.205638 1.393893 0.890687 -0.135067 0.285341 -0.127918 -0.940199
1642668799.712585 -0.205928 1.395141 0.889518 -0.133943 0.285946 -0.127736 -0.940201
1642668799.720918 -0.206240 1.396390 0.888385 -0.133235 0.286231 -0.127501 -0.940247
1642668799.729252 -0.206568 1.397615 0.887261 -0.132505 0.286486 -0.127137 -0.940321
1642668799.737585 -0.206906 1.398814 0.886143 -0.132048 0.286800 -0.126555 -0.940369
1642668799.745918 -0.207239 1.399978 0.885045 -0.131633 0.287020 -0.126006 -0.940433
1642668799.754252 -0.207551 1.401057 0.883899 -0.130684 0.288026 -0.125743 -0.940293
1642668799.762585 -0.207877 1.402125 0.882774 -0.130003 0.288922 -0.125306 -0.940171
1642668799.770918 -0.208194 1.403187 0.881657 -0.129319 0.289816 -0.124745 -0.940065
1642668799.779252 -0.208506 1.404225 0.880536 -0.128707 0.290818 -0.124158 -0.939917
1642668799.787585 -0.208811 1.405250 0.879434 -0.128139 0.291951 -0.123495 -0.939731
1642668799.795918 -0.209104 1.406244 0.878343 -0.127765 0.293217 -0.122670 -0.939495
1642668799.804252 -0.209402 1.407223 0.877264 -0.127596 0.294339 -0.121771 -0.939285
1642668799.812585 -0.209683 1.408131 0.876146 -0.127000 0.295969 -0.120970 -0.938957
1642668799.820918 -0.209947 1.409004 0.875010 -0.126377 0.297725 -0.120176 -0.938587
1642668799.829252 -0.210221 1.409894 0.873924 -0.126264 0.299125 -0.118951 -0.938314
1642668799.837585 -0.210466 1.410692 0.872783 -0.125547 0.301275 -0.118022 -0.937839
1642668799.845918 -0.210720 1.411472 0.871659 -0.125169 0.303301 -0.116859 -0.937382
1642668799.854252 -0.210976 1.412228 0.870540 -0.124835 0.305337 -0.115594 -0.936922
1642668799.862585 -0.211221 1.412966 0.869414 -0.124476 0.307520 -0.114343 -0.936410
1642668799.870918 -0.211456 1.413675 0.868273 -0.124153 0.309378 -0.112863 -0.936020
1642668799.879252 -0.211669 1.414361 0.867122 -0.123989 0.310900 -0.111116 -0.935746
1642668799.887585 -0.211908 1.415102 0.866033 -0.123511 0.313632 -0.110016 -0.935028
1642668799.895918 -0.212123 1.415802 0.864913 -0.123172 0.315541 -0.108543 -0.934602
1642668799.904252 -0.212328 1.416494 0.863794 -0.122760 0.317529 -0.107045 -0.934156
1642668799.912585 -0.212507 1.417174 0.862680 -0.122199 0.319651 -0.105617 -0.933668
1642668799.920918 -0.212641 1.417835 0.861570 -0.121200 0.322356 -0.104290 -0.933017
1642668799.929252 -0.212795 1.418515 0.860460 -0.120748 0.323752 -0.102600 -0.932779
1642668799.937585 -0.212935 1.419184 0.859343 -0.120418 0.324774 -0.100833 -0.932660
1642668799.945918 -0.213107 1.419909 0.858306 -0.119719 0.326960 -0.099739 -0.932103
1642668799.954252 -0.213257 1.420596 0.857251 -0.119244 0.328243 -0.098237 -0.931873
1642668799.962585 -0.213416 1.421278 0.856212 -0.118835 0.329255 -0.096717 -0.931727
1642668799.970918 -0.213574 1.421955 0.855186 -0.118567 0.329988 -0.095274 -0.931650
1642668799.979252 -0.213725 1.422627 0.854180 -0.118316 0.330587 -0.093880 -0.931612
1642668799.987585 -0.213894 1.423299 0.853180 -0.118064 0.331073 -0.092546 -0.931604
1642668799.995918 -0.214075 1.423972 0.852204 -0.117877 0.331356 -0.091234 -0.931657
1642668800.004252 -0.214250 1.424632 0.851222 -0.117741 0.331316 -0.089813 -0.931826
1642668800.012585 -0.214413 1.425238 0.850211 -0.117844 0.330299 -0.087870 -0.932359
1642668800.020918 -0.214569 1.425813 0.849223 -0.118087 0.329129 -0.085823 -0.932933
1642668800.029252 -0.214789 1.426492 0.848288 -0.117590 0.329782 -0.085073 -0.932834
1642668800.037585 -0.215043 1.427221 0.847394 -0.116758 0.331268 -0.085032 -0.932416
1642668800.045918 -0.215211 1.427759 0.846402 -0.117309 0.329149 -0.082499 -0.933324
1642668800.054252 -0.215446 1.428393 0.845494 -0.117126 0.329064 -0.081444 -0.933470
1642668800.062585 -0.215699 1.429006 0.844583 -0.116970 0.329005 -0.080416 -0.933599
1642668800.070918 -0.215987 1.429631 0.843710 -0.116674 0.329552 -0.079755 -0.933500
1642668800.079252 -0.216335 1.430303 0.842896 -0.115876 0.331494 -0.080132 -0.932879
1642668800.087585 -0.216657 1.430842 0.842019 -0.115946 0.331414 -0.079096 -0.932987
1642668800.095918 -0.217009 1.431354 0.841150 -0.115981 0.331459 -0.078149 -0.933047
1642668800.104252 -0.217386 1.431864 0.840285 -0.116084 0.331434 -0.077132 -0.933127
1642668800.112585 -0.217798 1.432366 0.839419 -0.116261 0.331491 -0.076162 -0.933165
1642668800.120918 -0.218225 1.432860 0.838557 -0.116361 0.331685 -0.075238 -0.933158
1642668800.129252 -0.218677 1.433363 0.837700 -0.116478 0.331861 -0.074265 -0.933159
1642668800.137585 -0.219146 1.433859 0.836847 -0.116570 0.332119 -0.073416 -0.933123
1642668800.145918 -0.219646 1.434361 0.835988 -0.116632 0.332429 -0.072570 -0.933071
1642668800.154252 -0.220154 1.434840 0.835118 -0.116900 0.332107 -0.071314 -0.933249
1642668800.162585 -0.220661 1.435256 0.834205 -0.117569 0.330783 -0.069387 -0.933780
1642668800.170918 -0.221266 1.435785 0.833368 -0.117400 0.331812 -0.069134 -0.933455
1642668800.179252 -0.221856 1.436220 0.832498 -0.117841 0.331315 -0.067750 -0.933678
1642668800.187585 -0.222499 1.436686 0.831636 -0.117969 0.331846 -0.067125 -0.933518
1642668800.195918 -0.223191 1.437152 0.830771 -0.118099 0.332137 -0.066411 -0.933449
1642668800.204252 -0.223925 1.437606 0.829876 -0.118498 0.332150 -0.065733 -0.933442
1642668800.212585 -0.224635 1.438058 0.829011 -0.118312 0.333268 -0.065502 -0.933083
1642668800.220918 -0.225407 1.438545 0.828146 -0.117867 0.335055 -0.065778 -0.932480
1642668800.229252 -0.226157 1.438968 0.827249 -0.117862 0.335638 -0.065090 -0.932319
1642668800.237585 -0.226904 1.439366 0.826338 -0.118118 0.335776 -0.064241 -0.932296
1642668800.245918 -0.227725 1.439823 0.825439 -0.117839 0.337263 -0.064376 -0.931785
1642668800.254252 -0.228517 1.440189 0.824505 -0.118087 0.337281 -0.063377 -0.931816
1642668800.262585 -0.229360 1.440602 0.823585 -0.117898 0.338475 -0.063272 -0.931414
1642668800.270918 -0.230254 1.441026 0.822663 -0.117422 0.340322 -0.063654 -0.930774
1642668800.279252 -0.231145 1.441381 0.821702 -0.117386 0.341390 -0.063399 -0.930405
1642668800.287585 -0.232053 1.441713 0.820727 -0.117241 0.342461 -0.063139 -0.930048
1642668800.295918 -0.232993 1.442030 0.819753 -0.117023 0.343848 -0.063134 -0.929564
1642668800.304252 -0.233949 1.442333 0.818772 -0.116769 0.345378 -0.063143 -0.929027
1642668800.312585 -0.234865 1.442534 0.817693 -0.117150 0.344896 -0.061857 -0.929245
1642668800.320918 -0.235851 1.442837 0.816680 -0.116336 0.346994 -0.062254 -0.928540
1642668800.329252 -0.236817 1.443045 0.815604 -0.116564 0.347125 -0.061544 -0.928509
1642668800.337585 -0.237845 1.443311 0.814541 -0.116150 0.348412 -0.061763 -0.928065
1642668800.345918 -0.238911 1.443578 0.813464 -0.115586 0.349984 -0.062322 -0.927506
1642668800.354252 -0.239963 1.443741 0.812323 -0.115399 0.350475 -0.062018 -0.927364
1642668800.362585 -0.241123 1.444029 0.811224 -0.114609 0.352281 -0.062914 -0.926717
1642668800.370918 -0.242208 1.444143 0.810096 -0.114787 0.352180 -0.062451 -0.926765
1642668800.379252 -0.243359 1.444281 0.808970 -0.114661 0.352798 -0.062640 -0.926533
1642668800.387585 -0.244546 1.444406 0.807827 -0.114333 0.353880 -0.063182 -0.926124
1642668800.395918 -0.245786 1.444539 0.806672 -0.113691 0.355430 -0.064183 -0.925540
1642668800.404252 -0.246983 1.444549 0.805483 -0.113921 0.355241 -0.063848 -0.925608
1642668800.412585 -0.248234 1.444593 0.804281 -0.113469 0.356359 -0.064509 -0.925187
1642668800.420918 -0.249558 1.444703 0.803109 -0.112832 0.357955 -0.065690 -0.924566
1642668800.429252 -0.250858 1.444711 0.801886 -0.112557 0.358752 -0.066354 -0.924243
1642668800.437585 -0.252195 1.444689 0.800644 -0.112150 0.359527 -0.066995 -0.923945
1642668800.445918 -0.253540 1.444625 0.799372 -0.111775 0.360413 -0.067763 -0.923589
1642668800.454252 -0.254945 1.444588 0.798123 -0.111405 0.361226 -0.068573 -0.923256
1642668800.462585 -0.256369 1.444484 0.796833 -0.111172 0.361905 -0.069331 -0.922962
1642668800.470918 -0.257797 1.444320 0.795518 -0.111186 0.361977 -0.069610 -0.922911
1642668800.479252 -0.259284 1.444166 0.794212 -0.110856 0.362783 -0.070542 -0.922563
1642668800.487585 -0.260798 1.443991 0.792887 -0.110436 0.363701 -0.071537 -0.922176
1642668800.495918 -0.262341 1.443773 0.791551 -0.109945 0.364925 -0.072783 -0.921653
1642668800.504252 -0.263915 1.443529 0.790194 -0.109141 0.366591 -0.074401 -0.920958
1642668800.512585 -0.265490 1.443235 0.788848 -0.109144 0.366780 -0.074993 -0.920834
1642668800.520918 -0.267126 1.442971 0.787495 -0.108349 0.368674 -0.076880 -0.920016
1642668800.529252 -0.268730 1.442599 0.786116 -0.107972 0.369455 -0.077909 -0.919660
1642668800.537585 -0.270332 1.442171 0.784718 -0.107633 0.369869 -0.078666 -0.919469
1642668800.545918 -0.272037 1.441841 0.783372 -0.106878 0.371636 -0.080629 -0.918675
1642668800.554252 -0.273712 1.441390 0.781972 -0.106250 0.372741 -0.082031 -0.918175
1642668800.562585 -0.275370 1.440890 0.780600 -0.105826 0.373664 -0.083290 -0.917736
1642668800.570918 -0.277063 1.440369 0.779239 -0.105742 0.374130 -0.084292 -0.917464
1642668800.579252 -0.278755 1.439759 0.777795 -0.105361 0.374783 -0.085346 -0.917144
1642668800.587585 -0.280527 1.439216 0.776394 -0.104247 0.377133 -0.087695 -0.916085
1642668800.595918 -0.282234 1.438576 0.775007 -0.103565 0.378660 -0.089210 -0.915386
1642668800.604252 -0.283921 1.437907 0.773614 -0.103623 0.378610 -0.089703 -0.915353
1642668800.612585 -0.285628 1.437236 0.772176 -0.102982 0.379836 -0.091071 -0.914782
1642668800.620918 -0.287323 1.436527 0.770744 -0.102330 0.380987 -0.092300 -0.914253
1642668800.629252 -0.289032 1.435834 0.769336 -0.101799 0.382090 -0.093458 -0.913734
1642668800.637585 -0.290705 1.435083 0.767903 -0.101307 0.383088 -0.094534 -0.913260
1642668800.645918 -0.292428 1.434352 0.766475 -0.100864 0.384092 -0.095651 -0.912771
1642668800.654252 -0.294145 1.433551 0.764974 -0.100147 0.385582 -0.097019 -0.912077
1642668800.662585 -0.295852 1.432714 0.763478 -0.099428 0.386991 -0.098258 -0.911426
1642668800.670918 -0.297574 1.431888 0.762021 -0.099102 0.387989 -0.099269 -0.910928
1642668800.679252 -0.299293 1.431006 0.760490 -0.098395 0.389545 -0.100664 -0.910187
1642668800.687585 -0.301038 1.430157 0.759003 -0.097866 0.390964 -0.101996 -0.909487
1642668800.695918 -0.302777 1.429305 0.757521 -0.097397 0.392282 -0.103221 -0.908831
1642668800.704252 -0.304479 1.428385 0.755993 -0.096410 0.394302 -0.104777 -0.907884
1642668800.712585 -0.306162 1.427447 0.754503 -0.095138 0.396755 -0.106378 -0.906762
1642668800.720918 -0.307850 1.426538 0.753027 -0.094432 0.398552 -0.107745 -0.905886
1642668800.729252 -0.309521 1.425626 0.751588 -0.093636 0.400963 -0.109239 -0.904725
1642668800.737585 -0.311234 1.424688 0.750134 -0.093177 0.402415 -0.110609 -0.903961
1642668800.745918 -0.312904 1.423671 0.748637 -0.092517 0.404167 -0.112212 -0.903049
1642668800.754252 -0.314590 1.422670 0.747188 -0.091994 0.405651 -0.113630 -0.902260
1642668800.762585 -0.316268 1.421657 0.745753 -0.091475 0.407132 -0.115062 -0.901464
1642668800.770918 -0.317962 1.420681 0.744311 -0.090657 0.408912 -0.117112 -0.900476
1642668800.779252 -0.319692 1.419794 0.742846 -0.089269 0.411156 -0.119991 -0.899213
1642668800.787585 -0.321263 1.418518 0.741585 -0.090164 0.410819 -0.119472 -0.899347
1642668800.795918 -0.322910 1.417433 0.740223 -0.089728 0.411967 -0.121018 -0.898658
1642668800.804252 -0.324552 1.416329 0.738879 -0.089322 0.413199 -0.122597 -0.897919
1642668800.812585 -0.326199 1.415197 0.737541 -0.088924 0.414217 -0.124135 -0.897278
1642668800.820918 -0.327850 1.414058 0.736232 -0.088541 0.415438 -0.125756 -0.896525
1642668800.829252 -0.329533 1.412932 0.734935 -0.087865 0.417184 -0.127803 -0.895491
1642668800.837585 -0.331206 1.411804 0.733598 -0.087415 0.418073 -0.129553 -0.894868
1642668800.845918 -0.332864 1.410656 0.732269 -0.086983 0.418875 -0.131176 -0.894299
1642668800.854252 -0.334564 1.409474 0.730984 -0.086682 0.419772 -0.132668 -0.893687
1642668800.862585 -0.336245 1.408282 0.729709 -0.086544 0.420610 -0.134185 -0.893080
1642668800.870918 -0.337960 1.407079 0.728440 -0.086295 0.421541 -0.135693 -0.892437
1642668800.879252 -0.339700 1.405869 0.727200 -0.086055 0.422410 -0.136884 -0.891867
1642668800.887585 -0.341492 1.404623 0.725979 -0.085797 0.423483 -0.137458 -0.891295
1642668800.895918 -0.343243 1.403369 0.724725 -0.085855 0.424125 -0.138894 -0.890761
1642668800.904252 -0.344987 1.402062 0.723460 -0.085658 0.425074 -0.140287 -0.890109
1642668800.912585 -0.346755 1.400772 0.722195 -0.085834 0.425380 -0.141317 -0.889783
1642668800.920918 -0.348561 1.399520 0.720947 -0.085757 0.426354 -0.142863 -0.889077
1642668800.929252 -0.350405 1.398250 0.719701 -0.085736 0.427168 -0.144351 -0.888448
1642668800.937585 -0.352266 1.396980 0.718465 -0.085679 0.428051 -0.146017 -0.887756
1642668800.945918 -0.354165 1.395710 0.717229 -0.085584 0.428948 -0.147654 -0.887061
1642668800.954252 -0.356072 1.394451 0.715991 -0.085558 0.429933 -0.149482 -0.886280
1642668800.962585 -0.358019 1.393182 0.714738 -0.085431 0.430917 -0.151285 -0.885508
1642668800.970918 -0.360003 1.391891 0.713484 -0.085360 0.431983 -0.153158 -0.884673
1642668800.979252 -0.362014 1.390583 0.712223 -0.085253 0.433206 -0.155132 -0.883741
1642668800.987585 -0.364056 1.389289 0.710933 -0.085125 0.434085 -0.156987 -0.882994
1642668800.995918 -0.366144 1.387993 0.709585 -0.084977 0.434684 -0.159049 -0.882345
1642668801.004252 -0.368217 1.386584 0.708368 -0.085477 0.435140 -0.160293 -0.881846
1642668801.012585 -0.370355 1.385308 0.707076 -0.085230 0.436108 -0.162564 -0.880976
1642668801.020918 -0.372545 1.384101 0.705747 -0.084701 0.437077 -0.165283 -0.880040
1642668801.029252 -0.374673 1.382792 0.704484 -0.084780 0.437401 -0.167427 -0.879466
1642668801.037585 -0.376799 1.381525 0.703214 -0.084621 0.438387 -0.170806 -0.878340
1642668801.045918 -0.378976 1.380212 0.701943 -0.084549 0.438919 -0.173062 -0.877639
1642668801.054252 -0.381150 1.378897 0.700671 -0.084440 0.439440 -0.175331 -0.876939
1642668801.062585 -0.383331 1.377574 0.699398 -0.084297 0.440005 -0.177633 -0.876206
1642668801.070918 -0.385471 1.376256 0.698135 -0.084024 0.440809 -0.179983 -0.875347
1642668801.079252 -0.387602 1.374930 0.696887 -0.083989 0.441276 -0.182111 -0.874675
1642668801.087585 -0.389697 1.373569 0.695649 -0.084150 0.441523 -0.183917 -0.874157
1642668801.095918 -0.391798 1.372239 0.694409 -0.083973 0.442334 -0.186112 -0.873299
1642668801.104252 -0.393885 1.370891 0.693196 -0.083828 0.443334 -0.188324 -0.872331
1642668801.112585 -0.395964 1.369497 0.692038 -0.083512 0.445342 -0.190874 -0.870783
1642668801.120918 -0.397995 1.368168 0.690740 -0.082898 0.446571 -0.193631 -0.869603
1642668801.129252 -0.399983 1.366735 0.689498 -0.082710 0.447583 -0.195716 -0.868633
1642668801.137585 -0.401939 1.365262 0.688255 -0.082558 0.448666 -0.197726 -0.867633
1642668801.145918 -0.403882 1.363779 0.687003 -0.082395 0.449853 -0.199743 -0.866571
1642668801.154252 -0.405783 1.362270 0.685749 -0.082264 0.451058 -0.201680 -0.865508
1642668801.162585 -0.407644 1.360721 0.684516 -0.082173 0.452406 -0.203390 -0.864412
1642668801.170918 -0.409442 1.359098 0.683336 -0.082507 0.453402 -0.204541 -0.863587
1642668801.179252 -0.411232 1.357534 0.682086 -0.082352 0.454748 -0.206410 -0.862449
1642668801.187585 -0.412994 1.355944 0.680843 -0.082086 0.456244 -0.208044 -0.861290
1642668801.195918 -0.414783 1.354356 0.679577 -0.081486 0.457776 -0.209233 -0.860246
1642668801.204252 -0.416476 1.352746 0.678296 -0.080988 0.459296 -0.211420 -0.858947
1642668801.212585 -0.418095 1.350958 0.677136 -0.081301 0.460403 -0.212593 -0.858034
1642668801.220918 -0.419716 1.349241 0.675896 -0.080999 0.461741 -0.214545 -0.856857
1642668801.229252 -0.421330 1.347588 0.674615 -0.080307 0.463215 -0.216968 -0.855516
1642668801.237585 -0.422906 1.345838 0.673433 -0.080211 0.464179 -0.218659 -0.854572
1642668801.245918 -0.424435 1.344011 0.672325 -0.080331 0.465080 -0.220019 -0.853720
1642668801.254252 -0.425956 1.342264 0.671175 -0.079982 0.466063 -0.221989 -0.852707
1642668801.262585 -0.427433 1.340516 0.670051 -0.079845 0.466802 -0.223893 -0.851818
1642668801.270918 -0.428877 1.338738 0.668951 -0.079691 0.467532 -0.225832 -0.850919
1642668801.279252 -0.430281 1.336927 0.667879 -0.079447 0.468305 -0.227685 -0.850023
1642668801.287585 -0.431676 1.335100 0.666824 -0.079254 0.469075 -0.229552 -0.849113
1642668801.295918 -0.433029 1.333241 0.665776 -0.079100 0.469645 -0.231285 -0.848342
1642668801.304252 -0.434348 1.331359 0.664736 -0.078887 0.470306 -0.233054 -0.847511
1642668801.312585 -0.435645 1.329456 0.663709 -0.078811 0.470742 -0.234808 -0.846792
1642668801.320918 -0.436925 1.327551 0.662688 -0.078514 0.471308 -0.236636 -0.845995
1642668801.329252 -0.438171 1.325697 0.661672 -0.078096 0.471719 -0.238631 -0.845244
1642668801.337585 -0.439378 1.323931 0.660667 -0.077077 0.472233 -0.241045 -0.844365
1642668801.345918 -0.440514 1.321978 0.659772 -0.077124 0.472286 -0.242173 -0.844008
1642668801.354252 -0.441606 1.320094 0.658832 -0.076648 0.472696 -0.243857 -0.843337
1642668801.362585 -0.442654 1.318221 0.657919 -0.076308 0.472884 -0.245382 -0.842820
1642668801.370918 -0.443664 1.316373 0.657038 -0.075957 0.473120 -0.246895 -0.842278
1642668801.379252 -0.444617 1.314524 0.656184 -0.075578 0.473399 -0.248310 -0.841738
1642668801.387585 -0.445544 1.312696 0.655347 -0.075226 0.473651 -0.249719 -0.841211
1642668801.395918 -0.446445 1.310889 0.654534 -0.074899 0.474007 -0.251080 -0.840634
1642668801.404252 -0.447318 1.309094 0.653731 -0.074606 0.474300 -0.252401 -0.840099
1642668801.412585 -0.448166 1.307318 0.652951 -0.074379 0.474561 -0.253788 -0.839554
1642668801.420918 -0.448970 1.305574 0.652201 -0.074084 0.474882 -0.255111 -0.838998
1642668801.429252 -0.449731 1.303859 0.651471 -0.073746 0.475039 -0.256361 -0.838558
1642668801.437585 -0.450440 1.302155 0.650774 -0.073445 0.475292 -0.257712 -0.838026
1642668801.445918 -0.451119 1.300487 0.650111 -0.073154 0.475497 -0.259010 -0.837535
1642668801.454252 -0.451764 1.298864 0.649446 -0.072738 0.475652 -0.260322 -0.837077
1642668801.462585 -0.452380 1.297285 0.648773 -0.072179 0.475945 -0.261848 -0.836482
1642668801.470918 -0.452927 1.295601 0.648248 -0.072417 0.475970 -0.262468 -0.836253
1642668801.479252 -0.453475 1.293992 0.647663 -0.072226 0.476076 -0.263616 -0.835848
1642668801.487585 -0.453998 1.292398 0.647103 -0.072048 0.476156 -0.264686 -0.835479
1642668801.495918 -0.454481 1.290834 0.646573 -0.071874 0.476372 -0.265785 -0.835022
1642668801.504252 -0.454931 1.289283 0.646074 -0.071667 0.476501 -0.266831 -0.834633
1642668801.512585 -0.455352 1.287771 0.645606 -0.071560 0.476581 -0.267731 -0.834308
1642668801.520918 -0.455729 1.286269 0.645173 -0.071457 0.476582 -0.268571 -0.834046
1642668801.529252 -0.456070 1.284789 0.644782 -0.071267 0.476707 -0.269338 -0.833744
1642668801.537585 -0.456390 1.283337 0.644435 -0.071205 0.476728 -0.270035 -0.833512
1642668801.545918 -0.456683 1.281897 0.644129 -0.071148 0.476828 -0.270649 -0.833260
1642668801.554252 -0.456968 1.280474 0.643858 -0.071233 0.476791 -0.271242 -0.833081
1642668801.562585 -0.457255 1.279062 0.643619 -0.071371 0.476717 -0.271761 -0.832943
1642668801.570918 -0.457517 1.277658 0.643411 -0.071572 0.476667 -0.272337 -0.832766
1642668801.579252 -0.457778 1.276263 0.643235 -0.071841 0.476596 -0.272881 -0.832605
1642668801.587585 -0.458015 1.274877 0.643087 -0.072047 0.476606 -0.273484 -0.832384
1642668801.595918 -0.458245 1.273506 0.642964 -0.072273 0.476567 -0.274025 -0.832209
1642668801.604252 -0.458456 1.272139 0.642873 -0.072450 0.476539 -0.274538 -0.832040
1642668801.612585 -0.458657 1.270794 0.642810 -0.072695 0.476435 -0.275137 -0.831880
1642668801.620918 -0.458840 1.269444 0.642786 -0.072961 0.476442 -0.275701 -0.831666
1642668801.629252 -0.459020 1.268113 0.642797 -0.073474 0.476339 -0.276221 -0.831507
1642668801.637585 -0.459186 1.266779 0.642842 -0.073892 0.476372 -0.276704 -0.831291
1642668801.645918 -0.459337 1.265459 0.642912 -0.074347 0.476490 -0.277163 -0.831030
1642668801.654252 -0.459480 1.264138 0.643027 -0.074917 0.476614 -0.277583 -0.830767
1642668801.662585 -0.459603 1.262812 0.643149 -0.075468 0.476832 -0.277991 -0.830456
1642668801.670918 -0.459722 1.261495 0.643309 -0.076164 0.477037 -0.278335 -0.830159
1642668801.679252 -0.459839 1.260177 0.643498 -0.076810 0.477345 -0.278703 -0.829799
1642668801.687585 -0.459937 1.258873 0.643719 -0.077478 0.477638 -0.279042 -0.829455
1642668801.695918 -0.460020 1.257577 0.643986 -0.078289 0.477940 -0.279323 -0.829110
1642668801.704252 -0.460086 1.256282 0.644283 -0.078997 0.478253 -0.279643 -0.828754
1642668801.712585 -0.460140 1.255009 0.644620 -0.079801 0.478457 -0.279855 -0.828488
1642668801.720918 -0.460180 1.253748 0.644997 -0.080586 0.478576 -0.280013 -0.828290
1642668801.729252 -0.460200 1.252491 0.645391 -0.081373 0.478833 -0.280239 -0.827988
1642668801.737585 -0.460210 1.251259 0.645798 -0.082191 0.479031 -0.280315 -0.827767
1642668801.745918 -0.460215 1.250101 0.646197 -0.083282 0.479226 -0.280110 -0.827614
1642668801.754252 -0.460200 1.248880 0.646667 -0.084065 0.479465 -0.280274 -0.827341
1642668801.762585 -0.460174 1.247665 0.647168 -0.084915 0.479502 -0.280419 -0.827183
1642668801.770918 -0.460123 1.246476 0.647684 -0.085655 0.479546 -0.280679 -0.826993
1642668801.779252 -0.460058 1.245339 0.648180 -0.086011 0.479801 -0.281432 -0.826553
1642668801.787585 -0.459961 1.244154 0.648786 -0.086783 0.479756 -0.281493 -0.826477
1642668801.795918 -0.459846 1.242982 0.649443 -0.087692 0.479553 -0.281474 -0.826506
1642668801.804252 -0.459677 1.241754 0.650197 -0.088941 0.479137 -0.281051 -0.826758
1642668801.812585 -0.459512 1.240635 0.650910 -0.089647 0.478942 -0.281049 -0.826794
1642668801.820918 -0.459318 1.239521 0.651665 -0.090407 0.478598 -0.281135 -0.826882
1642668801.829252 -0.459109 1.238425 0.652451 -0.091158 0.478172 -0.281116 -0.827052
1642668801.837585 -0.458885 1.237326 0.653274 -0.091978 0.477689 -0.281091 -0.827249
1642668801.845918 -0.458638 1.236250 0.654109 -0.092523 0.477269 -0.281147 -0.827412
1642668801.854252 -0.458378 1.235226 0.654935 -0.092922 0.476919 -0.281421 -0.827475
1642668801.862585 -0.458071 1.234065 0.655912 -0.094072 0.476263 -0.280840 -0.827921
1642668801.870918 -0.457778 1.232988 0.656864 -0.094746 0.475714 -0.280761 -0.828187
1642668801.879252 -0.457476 1.231896 0.657840 -0.095467 0.475109 -0.280644 -0.828490
1642668801.887585 -0.457149 1.230780 0.658846 -0.096266 0.474437 -0.280475 -0.828840
1642668801.895918 -0.456829 1.229675 0.659890 -0.097094 0.473742 -0.280297 -0.829201
1642668801.904252 -0.456509 1.228565 0.660956 -0.097977 0.473116 -0.280062 -0.829534
1642668801.912585 -0.456194 1.227443 0.662037 -0.098879 0.472321 -0.279858 -0.829949
1642668801.920918 -0.455887 1.226318 0.663115 -0.099623 0.471556 -0.279724 -0.830340
1642668801.929252 -0.455604 1.225231 0.664172 -0.100103 0.470973 -0.280016 -0.830515
1642668801.937585 -0.455308 1.224041 0.665340 -0.101200 0.470154 -0.279640 -0.830973
1642668801.945918 -0.455051 1.222968 0.666422 -0.101588 0.469456 -0.279924 -0.831224
1642668801.954252 -0.454771 1.221767 0.667640 -0.102678 0.468521 -0.279573 -0.831736
1642668801.962585 -0.454524 1.220639 0.668792 -0.103424 0.467700 -0.279699 -0.832063
1642668801.970918 -0.454289 1.219526 0.669949 -0.104131 0.466912 -0.279967 -0.832327
1642668801.979252 -0.454064 1.218453 0.671099 -0.104662 0.466204 -0.280374 -0.832521
1642668801.987585 -0.453803 1.217245 0.672378 -0.105804 0.465483 -0.280037 -0.832893
1642668801.995918 -0.453575 1.216116 0.673586 -0.106514 0.464835 -0.280168 -0.833120
1642668802.004252 -0.453358 1.215030 0.674764 -0.107093 0.464225 -0.280555 -0.833255
1642668802.012585 -0.453130 1.213820 0.676035 -0.108169 0.463572 -0.280222 -0.833592
1642668802.020918 -0.452950 1.212754 0.677185 -0.108468 0.463211 -0.280836 -0.833548
1642668802.029252 -0.452748 1.211624 0.678413 -0.109230 0.462641 -0.281006 -0.833707
1642668802.037585 -0.452567 1.210498 0.679645 -0.109923 0.462146 -0.281130 -0.833849
1642668802.045918 -0.452385 1.209368 0.680887 -0.110678 0.461628 -0.281459 -0.833925
1642668802.054252 -0.452200 1.208224 0.682144 -0.111430 0.461053 -0.281684 -0.834067
1642668802.062585 -0.451991 1.207059 0.683434 -0.112316 0.460470 -0.281791 -0.834234
1642668802.070918 -0.451784 1.205859 0.684761 -0.113338 0.459851 -0.281661 -0.834481
1642668802.079252 -0.451589 1.204803 0.685987 -0.113685 0.459293 -0.282366 -0.834503
1642668802.087585 -0.451361 1.203648 0.687312 -0.114498 0.458519 -0.282492 -0.834775
1642668802.095918 -0.451109 1.202485 0.688638 -0.115164 0.457862 -0.282680 -0.834980
1642668802.104252 -0.450861 1.201321 0.689966 -0.115862 0.457064 -0.282893 -0.835248
1642668802.112585 -0.450588 1.200153 0.691319 -0.116552 0.456313 -0.283247 -0.835443
1642668802.120918 -0.450305 1.198989 0.692683 -0.117186 0.455445 -0.283491 -0.835746
1642668802.129252 -0.450013 1.197837 0.694068 -0.117791 0.454447 -0.283755 -0.836114
1642668802.137585 -0.449717 1.196693 0.695478 -0.118377 0.453517 -0.284084 -0.836424
1642668802.145918 -0.449422 1.195542 0.696890 -0.118849 0.452694 -0.284396 -0.836697
1642668802.154252 -0.449106 1.194384 0.698315 -0.119454 0.451594 -0.284693 -0.837104
1642668802.162585 -0.448796 1.193236 0.699754 -0.119975 0.450595 -0.285070 -0.837440
1642668802.170918 -0.448491 1.192099 0.701187 -0.120446 0.449534 -0.285499 -0.837796
1642668802.179252 -0.448175 1.190941 0.702664 -0.121057 0.448374 -0.285763 -0.838239
1642668802.187585 -0.447841 1.189756 0.704184 -0.121777 0.447239 -0.285893 -0.838697
1642668802.195918 -0.447543 1.188718 0.705594 -0.121786 0.445978 -0.286793 -0.839060
1642668802.204252 -0.447225 1.187584 0.707099 -0.122223 0.444755 -0.287243 -0.839492
1642668802.212585 -0.446907 1.186415 0.708662 -0.122875 0.443439 -0.287279 -0.840080
1642668802.220918 -0.446599 1.185381 0.710132 -0.122880 0.442131 -0.288211 -0.840449
1642668802.229252 -0.446277 1.184286 0.711672 -0.123414 0.440730 -0.288744 -0.840924
1642668802.237585 -0.445963 1.183180 0.713225 -0.123862 0.439307 -0.289176 -0.841454
1642668802.245918 -0.445671 1.182098 0.714762 -0.124564 0.437177 -0.289509 -0.842344
1642668802.254252 -0.445350 1.180990 0.716334 -0.124981 0.435734 -0.289881 -0.842902
1642668802.262585 -0.445025 1.179872 0.717919 -0.125456 0.434268 -0.290115 -0.843508
1642668802.270918 -0.444671 1.178665 0.719594 -0.126320 0.432674 -0.289891 -0.844275
1642668802.279252 -0.444352 1.177594 0.721159 -0.126558 0.431044 -0.290285 -0.844937
1642668802.287585 -0.444057 1.176559 0.722740 -0.126628 0.429634 -0.290920 -0.845426
1642668802.295918 -0.443792 1.175621 0.724314 -0.126438 0.428383 -0.291992 -0.845720
1642668802.304252 -0.443497 1.174564 0.725951 -0.126774 0.426955 -0.292615 -0.846176
1642668802.312585 -0.443225 1.173514 0.727624 -0.127221 0.425391 -0.293001 -0.846763
1642668802.320918 -0.442949 1.172449 0.729317 -0.127641 0.423881 -0.293457 -0.847299
1642668802.329252 -0.442667 1.171380 0.731021 -0.128211 0.422238 -0.293726 -0.847940
1642668802.337585 -0.442406 1.170311 0.732723 -0.128794 0.420600 -0.294098 -0.848536
1642668802.345918 -0.442174 1.169266 0.734418 -0.129373 0.418871 -0.294637 -0.849117
1642668802.354252 -0.441955 1.168234 0.736139 -0.129807 0.417421 -0.295037 -0.849625
1642668802.362585 -0.441746 1.167205 0.737866 -0.130299 0.416071 -0.295614 -0.850012
1642668802.370918 -0.441558 1.166190 0.739587 -0.130770 0.414788 -0.296262 -0.850341
1642668802.379252 -0.441372 1.165175 0.741325 -0.131335 0.413124 -0.296828 -0.850866
1642668802.387585 -0.441175 1.164177 0.743049 -0.132025 0.410634 -0.297221 -0.851827
1642668802.395918 -0.441020 1.163157 0.744782 -0.132722 0.409583 -0.297821 -0.852015
1642668802.404252 -0.440887 1.162099 0.746590 -0.133584 0.408962 -0.298377 -0.851984
1642668802.412585 -0.440719 1.161076 0.748358 -0.134249 0.407869 -0.298892 -0.852223
1642668802.420918 -0.440529 1.160026 0.750175 -0.134809 0.407342 -0.299380 -0.852215
1642668802.429252 -0.440381 1.159008 0.751959 -0.135549 0.406189 -0.299818 -0.852494
1642668802.437585 -0.440244 1.158008 0.753758 -0.136297 0.405103 -0.300314 -0.852717
1642668802.445918 -0.440113 1.157031 0.755551 -0.136948 0.403767 -0.300639 -0.853132
1642668802.454252 -0.439971 1.156097 0.757294 -0.137568 0.402074 -0.301213 -0.853629
1642668802.462585 -0.439843 1.155100 0.759116 -0.138374 0.400923 -0.301633 -0.853891
1642668802.470918 -0.439716 1.154038 0.761039 -0.139482 0.400255 -0.301675 -0.854010
1642668802.479252 -0.439587 1.153045 0.762877 -0.140310 0.399002 -0.302038 -0.854332
1642668802.487585 -0.439439 1.152043 0.764729 -0.141205 0.397722 -0.302370 -0.854664
1642668802.495918 -0.439288 1.151052 0.766578 -0.142116 0.396443 -0.302699 -0.854991
1642668802.504252 -0.439127 1.150080 0.768431 -0.142977 0.395115 -0.302929 -0.855381
1642668802.512585 -0.438954 1.149084 0.770306 -0.143931 0.393662 -0.303190 -0.855798
1642668802.520918 -0.438775 1.148125 0.772169 -0.144833 0.392385 -0.303519 -0.856116
1642668802.529252 -0.438602 1.147163 0.774033 -0.145610 0.391092 -0.303745 -0.856495
1642668802.537585 -0.438415 1.146212 0.775897 -0.146474 0.389610 -0.304093 -0.856900
1642668802.545918 -0.438220 1.145265 0.777757 -0.147271 0.388190 -0.304462 -0.857276
1642668802.554252 -0.438027 1.144329 0.779620 -0.147952 0.386776 -0.304816 -0.857672
1642668802.562585 -0.437822 1.143400 0.781479 -0.148617 0.385429 -0.305156 -0.858043
1642668802.570918 -0.437586 1.142444 0.783350 -0.149116 0.384295 -0.305708 -0.858268
1642668802.579252 -0.437365 1.141533 0.785187 -0.149687 0.382500 -0.306028 -0.858856
1642668802.587585 -0.437149 1.140640 0.787025 -0.150329 0.380809 -0.306434 -0.859351
1642668802.595918 -0.436916 1.139756 0.788883 -0.151207 0.378705 -0.306745 -0.860016
1642668802.604252 -0.436633 1.138767 0.790670 -0.151140 0.376699 -0.307370 -0.860685
1642668802.612585 -0.436368 1.137911 0.792549 -0.151720 0.375110 -0.307831 -0.861112
1642668802.620918 -0.436098 1.137056 0.794411 -0.152268 0.373390 -0.308293 -0.861598
1642668802.629252 -0.435796 1.136231 0.796306 -0.152844 0.371630 -0.308678 -0.862118
1642668802.637585 -0.435475 1.135437 0.798208 -0.153506 0.369773 -0.309055 -0.862664
1642668802.645918 -0.435154 1.134696 0.800162 -0.154645 0.367661 -0.309384 -0.863245
1642668802.654252 -0.434776 1.133897 0.802056 -0.155074 0.365842 -0.309797 -0.863793
1642668802.662585 -0.434338 1.133053 0.803938 -0.155069 0.364306 -0.310505 -0.864188
1642668802.670918 -0.433857 1.132244 0.805982 -0.155865 0.361962 -0.311582 -0.864642
1642668802.679252 -0.433376 1.131472 0.807913 -0.156493 0.360201 -0.311697 -0.865223
1642668802.687585 -0.432891 1.130687 0.809901 -0.157048 0.358782 -0.311429 -0.865808
1642668802.695918 -0.432526 1.130070 0.811754 -0.155932 0.357162 -0.311355 -0.866706
1642668802.704252 -0.431882 1.129238 0.813771 -0.157061 0.354191 -0.311246 -0.867759
1642668802.712585 -0.431285 1.128533 0.815725 -0.157564 0.352514 -0.311221 -0.868360
1642668802.720918 -0.430629 1.127756 0.817753 -0.158359 0.351171 -0.310957 -0.868854
1642668802.729252 -0.429969 1.127105 0.819698 -0.158822 0.349280 -0.310956 -0.869532
1642668802.737585 -0.429299 1.126473 0.821650 -0.159239 0.347487 -0.310956 -0.870174
1642668802.745918 -0.428603 1.125863 0.823621 -0.159635 0.345559 -0.310955 -0.870869
1642668802.754252 -0.427889 1.125294 0.825577 -0.159988 0.343438 -0.310970 -0.871638
1642668802.762585 -0.427164 1.124786 0.827482 -0.160162 0.341020 -0.311172 -0.872482
1642668802.770918 -0.426327 1.124132 0.829544 -0.161144 0.339445 -0.310869 -0.873024
1642668802.779252 -0.425447 1.123689 0.831483 -0.162953 0.337199 -0.311766 -0.873238
1642668802.787585 -0.424601 1.123175 0.833454 -0.163270 0.335052 -0.311955 -0.873938
1642668802.795918 -0.423730 1.122715 0.835383 -0.163238 0.332863 -0.312472 -0.874595
1642668802.804252 -0.422763 1.122069 0.837496 -0.163990 0.330938 -0.312210 -0.875279
1642668802.812585 -0.421945 1.121765 0.839453 -0.164014 0.328527 -0.312608 -0.876040
1642668802.820918 -0.420983 1.121218 0.841595 -0.164783 0.326252 -0.312248 -0.876874
1642668802.829252 -0.420001 1.120843 0.843539 -0.164872 0.322235 -0.312491 -0.878255
1642668802.837585 -0.419049 1.120450 0.845647 -0.165303 0.319861 -0.312435 -0.879061
1642668802.845918 -0.418088 1.120119 0.847731 -0.165563 0.317826 -0.312421 -0.879755
1642668802.854252 -0.417042 1.119675 0.849933 -0.166330 0.314730 -0.312052 -0.880854
1642668802.862585 -0.415998 1.119315 0.852099 -0.166902 0.312372 -0.311915 -0.881633
1642668802.870918 -0.414949 1.118999 0.854273 -0.167430 0.309809 -0.311625 -0.882539
1642668802.879252 -0.413867 1.118704 0.856466 -0.168058 0.307448 -0.311452 -0.883306
1642668802.887585 -0.412761 1.118470 0.858677 -0.168609 0.305023 -0.311584 -0.883995
1642668802.895918 -0.411703 1.118259 0.860917 -0.168931 0.302618 -0.311022 -0.884957
1642668802.904252 -0.410625 1.118067 0.863167 -0.169431 0.300159 -0.310389 -0.885921
1642668802.912585 -0.409555 1.117818 0.865373 -0.170605 0.297571 -0.309789 -0.886778
1642668802.920918 -0.408536 1.117671 0.867630 -0.171992 0.293848 -0.309057 -0.888007
1642668802.929252 -0.407381 1.117354 0.870040 -0.172933 0.293189 -0.308512 -0.888231
1642668802.937585 -0.406365 1.117431 0.872204 -0.173843 0.288842 -0.307963 -0.889667
1642668802.945918 -0.405228 1.117254 0.874474 -0.174325 0.287125 -0.307654 -0.890236
1642668802.954252 -0.404057 1.117038 0.876784 -0.174655 0.286158 -0.307313 -0.890600
1642668802.962585 -0.402871 1.116774 0.879155 -0.175326 0.285363 -0.306695 -0.890936
1642668802.970918 -0.401804 1.116883 0.881303 -0.175826 0.281892 -0.306415 -0.892038
1642668802.979252 -0.400748 1.116992 0.883690 -0.177987 0.278496 -0.305249 -0.893075
1642668802.987585 -0.399589 1.116928 0.886007 -0.178548 0.277233 -0.304852 -0.893492
1642668802.995918 -0.398492 1.116978 0.888346 -0.179900 0.274627 -0.304011 -0.894312
1642668803.004252 -0.397356 1.116974 0.890729 -0.180965 0.273451 -0.303495 -0.894633
1642668803.012585 -0.396211 1.116837 0.893325 -0.182437 0.274587 -0.303051 -0.894136
1642668803.020918 -0.395024 1.116860 0.895643 -0.183469 0.272877 -0.302412 -0.894664
1642668803.029252 -0.393872 1.116903 0.897988 -0.184485 0.271063 -0.301761 -0.895226
1642668803.037585 -0.392713 1.116938 0.900354 -0.185605 0.269362 -0.301096 -0.895732
1642668803.045918 -0.391556 1.116959 0.902695 -0.186560 0.267801 -0.300480 -0.896209
1642668803.054252 -0.390360 1.116988 0.905050 -0.187764 0.266029 -0.299777 -0.896720
1642668803.062585 -0.389155 1.117019 0.907426 -0.188906 0.264230 -0.298980 -0.897278
1642668803.070918 -0.387927 1.117035 0.909785 -0.190218 0.262363 -0.298243 -0.897794
1642668803.079252 -0.386694 1.117070 0.912153 -0.191398 0.260727 -0.297446 -0.898284
1642668803.087585 -0.385463 1.117080 0.914511 -0.192599 0.258964 -0.296748 -0.898768
1642668803.095918 -0.384238 1.117085 0.916874 -0.193783 0.257017 -0.295920 -0.899345
1642668803.104252 -0.382975 1.117095 0.919231 -0.195136 0.254893 -0.294910 -0.899989
1642668803.112585 -0.381728 1.117066 0.921544 -0.196278 0.252786 -0.294001 -0.900632
1642668803.120918 -0.380456 1.117005 0.923798 -0.197482 0.249782 -0.292738 -0.901618
1642668803.129252 -0.379273 1.116941 0.926176 -0.198551 0.249618 -0.292666 -0.901452
1642668803.137585 -0.378044 1.116844 0.928456 -0.199717 0.247780 -0.291928 -0.901940
1642668803.145918 -0.376874 1.116751 0.930734 -0.200776 0.245540 -0.291165 -0.902564
1642668803.154252 -0.375690 1.116630 0.932922 -0.201851 0.242198 -0.290049 -0.903586
1642668803.162585 -0.374579 1.116531 0.935224 -0.202811 0.241004 -0.289826 -0.903762
1642668803.170918 -0.373477 1.116434 0.937413 -0.203812 0.237942 -0.289180 -0.904555
1642668803.179252 -0.372405 1.116314 0.939672 -0.204641 0.236846 -0.289290 -0.904620
1642668803.187585 -0.371321 1.116202 0.941829 -0.205261 0.234179 -0.288884 -0.905303
1642668803.195918 -0.370364 1.116187 0.944023 -0.206421 0.231476 -0.288710 -0.905790
1642668803.204252 -0.369413 1.116152 0.946252 -0.207267 0.230462 -0.289116 -0.905726
1642668803.212585 -0.368464 1.116104 0.948403 -0.207861 0.228527 -0.289198 -0.906054
1642668803.220918 -0.367503 1.116061 0.950517 -0.208301 0.226831 -0.289344 -0.906332
1642668803.229252 -0.366626 1.116108 0.952564 -0.209216 0.223391 -0.289002 -0.907085
1642668803.237585 -0.365709 1.116090 0.954693 -0.209548 0.223359 -0.289711 -0.906790
1642668803.245918 -0.364835 1.116160 0.956721 -0.210104 0.221233 -0.289652 -0.907201
1642668803.254252 -0.363968 1.116264 0.958676 -0.210977 0.218161 -0.289292 -0.907857
1642668803.262585 -0.363064 1.116290 0.960733 -0.211245 0.218242 -0.289854 -0.907596
1642668803.270918 -0.362175 1.116403 0.962690 -0.211858 0.216590 -0.289736 -0.907886
1642668803.279252 -0.361298 1.116567 0.964618 -0.212697 0.214618 -0.289490 -0.908237
1642668803.287585 -0.360362 1.116674 0.966515 -0.212993 0.213820 -0.289575 -0.908329
1642668803.295918 -0.359463 1.116865 0.968377 -0.213727 0.211998 -0.289232 -0.908693
1642668803.304252 -0.358490 1.116990 0.970199 -0.213860 0.211377 -0.289216 -0.908811
1642668803.312585 -0.357547 1.117181 0.971986 -0.214465 0.210016 -0.289047 -0.909038
1642668803.320918 -0.356632 1.117427 0.973741 -0.215164 0.208207 -0.288645 -0.909416
1642668803.329252 -0.355666 1.117636 0.975452 -0.215618 0.207026 -0.288405 -0.909655
1642668803.337585 -0.354696 1.117847 0.977129 -0.215941 0.205730 -0.288097 -0.909970
1642668803.345918 -0.353706 1.118063 0.978769 -0.216128 0.204767 -0.287908 -0.910202
1642668803.354252 -0.352689 1.118249 0.980383 -0.216280 0.204555 -0.287945 -0.910202
1642668803.362585 -0.351688 1.118511 0.981975 -0.216551 0.203231 -0.287633 -0.910533
1642668803.370918 -0.350681 1.118775 0.983534 -0.216896 0.201693 -0.287274 -0.910906
1642668803.379252 -0.349674 1.119058 0.985064 -0.217227 0.200225 -0.286994 -0.911239
1642668803.387585 -0.348669 1.119362 0.986555 -0.217452 0.198658 -0.286720 -0.911614
1642668803.395918 -0.347665 1.119665 0.988015 -0.217753 0.196943 -0.286482 -0.911990
1642668803.404252 -0.346670 1.120014 0.989440 -0.218011 0.195239 -0.286331 -0.912342
1642668803.412585 -0.345678 1.120367 0.990836 -0.218175 0.193606 -0.286241 -0.912679
1642668803.420918 -0.344691 1.120735 0.992197 -0.218392 0.192113 -0.286137 -0.912975
1642668803.429252 -0.343707 1.121119 0.993522 -0.218657 0.190452 -0.286000 -0.913302
1642668803.437585 -0.342713 1.121522 0.994819 -0.218909 0.188769 -0.285773 -0.913662
1642668803.445918 -0.341716 1.121933 0.996095 -0.219223 0.187199 -0.285549 -0.913980
1642668803.454252 -0.340705 1.122327 0.997299 -0.219336 0.185781 -0.285412 -0.914285
1642668803.462585 -0.339686 1.122621 0.998382 -0.218778 0.184549 -0.285515 -0.914636
1642668803.470918 -0.338665 1.123086 0.999530 -0.219029 0.183490 -0.285183 -0.914892
1642668803.479252 -0.337641 1.123551 1.000629 -0.219276 0.182408 -0.284701 -0.915200
1642668803.487585 -0.336609 1.124032 1.001687 -0.219507 0.181431 -0.284187 -0.915498
1642668803.495918 -0.335578 1.124515 1.002689 -0.219812 0.180574 -0.283773 -0.915723
1642668803.504252 -0.334550 1.125028 1.003656 -0.219990 0.179783 -0.283356 -0.915965
1642668803.512585 -0.333507 1.125552 1.004583 -0.220201 0.179100 -0.282925 -0.916181
1642668803.520918 -0.332465 1.126092 1.005470 -0.220433 0.178402 -0.282464 -0.916404
1642668803.529252 -0.331419 1.126635 1.006321 -0.220656 0.177637 -0.281906 -0.916671
1642668803.537585 -0.330366 1.127203 1.007136 -0.220814 0.177017 -0.281495 -0.916879
1642668803.545918 -0.329305 1.127784 1.007914 -0.220957 0.176419 -0.281008 -0.917109
1642668803.554252 -0.328252 1.128392 1.008670 -0.221127 0.175868 -0.280568 -0.917308
1642668803.562585 -0.327183 1.128994 1.009379 -0.221228 0.175208 -0.280084 -0.917559
1642668803.570918 -0.326107 1.129612 1.010055 -0.221312 0.174665 -0.279691 -0.917762
1642668803.579252 -0.325025 1.130236 1.010704 -0.221385 0.174108 -0.279308 -0.917966
1642668803.587585 -0.323934 1.130859 1.011322 -0.221415 0.173454 -0.278896 -0.918208
1642668803.595918 -0.322822 1.131479 1.011909 -0.221375 0.172867 -0.278522 -0.918442
1642668803.604252 -0.321707 1.132100 1.012476 -0.221328 0.172314 -0.278197 -0.918656
1642668803.612585 -0.320572 1.132727 1.013023 -0.221248 0.171604 -0.277813 -0.918924
1642668803.620918 -0.319421 1.133347 1.013549 -0.221220 0.170786 -0.277356 -0.919221
1642668803.629252 -0.318264 1.133956 1.014063 -0.221053 0.170176 -0.277033 -0.919472
1642668803.637585 -0.317090 1.134565 1.014559 -0.220938 0.169309 -0.276662 -0.919771
1642668803.645918 -0.315899 1.135181 1.015052 -0.220802 0.168509 -0.276273 -0.920068
1642668803.654252 -0.314689 1.135781 1.015534 -0.220675 0.167595 -0.275975 -0.920354
1642668803.662585 -0.313461 1.136386 1.016000 -0.220489 0.166381 -0.275575 -0.920739
1642668803.670918 -0.312219 1.136994 1.016461 -0.220240 0.165340 -0.275285 -0.921073
1642668803.679252 -0.310962 1.137586 1.016914 -0.220047 0.164190 -0.275051 -0.921394
1642668803.687585 -0.309690 1.138183 1.017370 -0.219871 0.163155 -0.274788 -0.921699
1642668803.695918 -0.308393 1.138758 1.017814 -0.219687 0.161762 -0.274435 -0.922093
1642668803.704252 -0.307075 1.139298 1.018213 -0.219508 0.159187 -0.273554 -0.922846
1642668803.712585 -0.305739 1.139832 1.018669 -0.219496 0.157811 -0.273107 -0.923217
1642668803.720918 -0.304354 1.140358 1.019181 -0.219553 0.156758 -0.272636 -0.923522
1642668803.729252 -0.302995 1.140889 1.019726 -0.219646 0.156548 -0.272590 -0.923549
1642668803.737585 -0.301589 1.141402 1.020210 -0.219631 0.155005 -0.272019 -0.923981
1642668803.745918 -0.300168 1.141892 1.020641 -0.219648 0.152376 -0.270977 -0.924720
1642668803.754252 -0.298752 1.142397 1.021146 -0.219706 0.150933 -0.270349 -0.925127
1642668803.762585 -0.297323 1.142921 1.021651 -0.219813 0.149555 -0.269860 -0.925468
1642668803.770918 -0.295894 1.143464 1.022176 -0.219909 0.148170 -0.269315 -0.925827
1642668803.779252 -0.294458 1.144026 1.022705 -0.220008 0.146877 -0.268724 -0.926181
1642668803.787585 -0.293022 1.144614 1.023249 -0.220253 0.145453 -0.268102 -0.926528
1642668803.795918 -0.291579 1.145214 1.023816 -0.220692 0.143874 -0.267194 -0.926932
1642668803.804252 -0.290116 1.145756 1.024345 -0.220646 0.142996 -0.266611 -0.927247
1642668803.812585 -0.288673 1.146352 1.024933 -0.221238 0.141718 -0.265710 -0.927560
1642668803.820918 -0.287209 1.146852 1.025472 -0.221263 0.141146 -0.265047 -0.927831
1642668803.829252 -0.285751 1.147375 1.026053 -0.221743 0.140148 -0.264075 -0.928145
1642668803.837585 -0.284303 1.147900 1.026642 -0.222170 0.139403 -0.263151 -0.928418
1642668803.845918 -0.282862 1.148426 1.027226 -0.222690 0.138608 -0.262060 -0.928720
1642668803.854252 -0.281426 1.148971 1.027817 -0.223162 0.138099 -0.261095 -0.928955
1642668803.862585 -0.279998 1.149521 1.028394 -0.223664 0.137473 -0.260066 -0.929216
1642668803.870918 -0.278577 1.150087 1.028981 -0.224089 0.136924 -0.259068 -0.929473
1642668803.879252 -0.277165 1.150676 1.029565 -0.224590 0.136258 -0.257958 -0.929758
1642668803.887585 -0.275761 1.151275 1.030153 -0.224998 0.135772 -0.256961 -0.930007
1642668803.895918 -0.274345 1.151875 1.030735 -0.225487 0.135258 -0.255946 -0.930243
1642668803.904252 -0.272924 1.152484 1.031317 -0.225980 0.134640 -0.254925 -0.930494
1642668803.912585 -0.271506 1.153084 1.031901 -0.226452 0.134160 -0.253794 -0.930758
1642668803.920918 -0.270088 1.153678 1.032477 -0.226914 0.133453 -0.252672 -0.931052
1642668803.929252 -0.268668 1.154249 1.033055 -0.227394 0.133033 -0.251561 -0.931296
1642668803.937585 -0.267246 1.154826 1.033637 -0.227915 0.132536 -0.250422 -0.931546
1642668803.945918 -0.265830 1.155387 1.034209 -0.228407 0.131914 -0.249242 -0.931830
1642668803.954252 -0.264420 1.155947 1.034770 -0.228922 0.131334 -0.248032 -0.932108
1642668803.962585 -0.263021 1.156510 1.035330 -0.229327 0.130733 -0.246950 -0.932381
1642668803.970918 -0.261624 1.157100 1.035889 -0.229756 0.130192 -0.245878 -0.932634
1642668803.979252 -0.260228 1.157696 1.036441 -0.230199 0.129494 -0.244925 -0.932873
1642668803.987585 -0.258831 1.158271 1.036985 -0.230505 0.128911 -0.243925 -0.933140
1642668803.995918 -0.257440 1.158850 1.037529 -0.230894 0.128118 -0.242892 -0.933423
1642668804.004252 -0.256051 1.159432 1.038075 -0.231235 0.127356 -0.241949 -0.933687
1642668804.012585 -0.254668 1.160019 1.038635 -0.231581 0.126659 -0.241063 -0.933925
1642668804.020918 -0.253285 1.160592 1.039176 -0.231948 0.125810 -0.240209 -0.934169
1642668804.029252 -0.251900 1.161154 1.039716 -0.232247 0.124993 -0.239303 -0.934437
1642668804.037585 -0.250508 1.161722 1.040261 -0.232578 0.124068 -0.238359 -0.934719
1642668804.045918 -0.249100 1.162265 1.040789 -0.232870 0.123244 -0.237441 -0.934989
1642668804.054252 -0.247689 1.162790 1.041313 -0.233152 0.122439 -0.236562 -0.935247
1642668804.062585 -0.246260 1.163290 1.041818 -0.233391 0.121691 -0.235692 -0.935505
1642668804.070918 -0.244832 1.163786 1.042321 -0.233560 0.120951 -0.234786 -0.935786
1642668804.079252 -0.243395 1.164280 1.042817 -0.233788 0.120077 -0.233789 -0.936092
1642668804.087585 -0.241932 1.164788 1.043302 -0.233903 0.119510 -0.232876 -0.936363
1642668804.095918 -0.240465 1.165280 1.043773 -0.234094 0.118772 -0.231897 -0.936652
1642668804.104252 -0.238969 1.165768 1.044244 -0.234193 0.118133 -0.230999 -0.936930
1642668804.112585 -0.237466 1.166258 1.044712 -0.234337 0.117314 -0.229910 -0.937265
1642668804.120918 -0.235948 1.166744 1.045183 -0.234569 0.116539 -0.228816 -0.937571
1642668804.129252 -0.234441 1.167263 1.045678 -0.235164 0.115152 -0.227402 -0.937937
1642668804.137585 -0.232882 1.167660 1.046098 -0.234848 0.115122 -0.226607 -0.938212
1642668804.145918 -0.231366 1.168150 1.046577 -0.235448 0.113640 -0.225287 -0.938561
1642668804.154252 -0.229789 1.168554 1.046998 -0.235292 0.113495 -0.224473 -0.938812
1642668804.162585 -0.228174 1.169019 1.047478 -0.235567 0.113270 -0.223291 -0.939052
1642668804.170918 -0.226557 1.169421 1.047872 -0.235279 0.113280 -0.222357 -0.939345
1642668804.179252 -0.224932 1.169836 1.048312 -0.235453 0.112777 -0.221155 -0.939646
1642668804.187585 -0.223278 1.170245 1.048751 -0.235647 0.112329 -0.219941 -0.939936
1642668804.195918 -0.221606 1.170649 1.049205 -0.235896 0.111667 -0.218595 -0.940266
1642668804.204252 -0.219908 1.171069 1.049643 -0.236103 0.111307 -0.217321 -0.940552
1642668804.212585 -0.218211 1.171494 1.050085 -0.236346 0.110790 -0.215946 -0.940869
1642668804.220918 -0.216502 1.171892 1.050523 -0.236570 0.110452 -0.214529 -0.941176
1642668804.229252 -0.214775 1.172283 1.050941 -0.236716 0.110179 -0.213282 -0.941455
1642668804.237585 -0.213041 1.172637 1.051397 -0.236987 0.109847 -0.211947 -0.941727
1642668804.245918 -0.211292 1.172983 1.051860 -0.237375 0.109324 -0.210598 -0.941992
1642668804.254252 -0.209545 1.173308 1.052334 -0.237780 0.108897 -0.209320 -0.942225
1642668804.262585 -0.207797 1.173640 1.052804 -0.238133 0.108392 -0.208086 -0.942467
1642668804.270918 -0.206061 1.173991 1.053287 -0.238366 0.108387 -0.207319 -0.942578
1642668804.279252 -0.204290 1.174272 1.053764 -0.238628 0.107856 -0.206077 -0.942845
1642668804.287585 -0.202541 1.174559 1.054254 -0.239090 0.107065 -0.204788 -0.943099
1642668804.295918 -0.200800 1.174899 1.054795 -0.240054 0.105653 -0.203116 -0.943374
1642668804.304252 -0.199034 1.175036 1.055210 -0.239546 0.105861 -0.202591 -0.943593
1642668804.312585 -0.197297 1.175261 1.055732 -0.239871 0.105094 -0.201404 -0.943851
1642668804.320918 -0.195582 1.175464 1.056254 -0.240208 0.104224 -0.200287 -0.944099
1642668804.329252 -0.193860 1.175640 1.056785 -0.240654 0.103269 -0.199308 -0.944297
1642668804.337585 -0.192171 1.175836 1.057325 -0.241276 0.102016 -0.198217 -0.944504
1642668804.345918 -0.190538 1.176134 1.057957 -0.242460 0.099753 -0.196240 -0.944856
1642668804.354252 -0.189022 1.176291 1.058540 -0.240316 0.100174 -0.194244 -0.945771
1642668804.362585 -0.187409 1.176535 1.059157 -0.241623 0.097823 -0.192650 -0.946010
1642668804.370918 -0.185732 1.176524 1.059573 -0.240632 0.098694 -0.192655 -0.946171
1642668804.379252 -0.184111 1.176618 1.060113 -0.240968 0.097756 -0.191855 -0.946346
1642668804.387585 -0.182508 1.176697 1.060653 -0.241387 0.096585 -0.190977 -0.946537
1642668804.395918 -0.180899 1.176762 1.061162 -0.241689 0.095635 -0.190173 -0.946718
1642668804.404252 -0.179305 1.176790 1.061635 -0.242027 0.094164 -0.189047 -0.947005
1642668804.412585 -0.177758 1.176844 1.062164 -0.242355 0.093981 -0.188739 -0.947000
1642668804.420918 -0.176191 1.176805 1.062626 -0.242794 0.092252 -0.187509 -0.947302
1642668804.429252 -0.174682 1.176822 1.063128 -0.243320 0.091330 -0.186772 -0.947402
1642668804.437585 -0.173208 1.176909 1.063680 -0.244686 0.089084 -0.185372 -0.947539
1642668804.445918 -0.171689 1.176773 1.064087 -0.244259 0.089441 -0.185181 -0.947653
1642668804.454252 -0.170238 1.176753 1.064557 -0.244778 0.088348 -0.184439 -0.947766
1642668804.462585 -0.168778 1.176634 1.064981 -0.244668 0.088301 -0.184212 -0.947843
1642668804.470918 -0.167346 1.176556 1.065401 -0.244989 0.087683 -0.183735 -0.947910
1642668804.479252 -0.165946 1.176479 1.065815 -0.245216 0.087051 -0.183277 -0.947998
1642668804.487585 -0.164568 1.176401 1.066237 -0.245479 0.086563 -0.182928 -0.948042
1642668804.495918 -0.163211 1.176292 1.066644 -0.245786 0.085846 -0.182654 -0.948081
1642668804.504252 -0.161887 1.176191 1.067049 -0.246064 0.085228 -0.182341 -0.948125
1642668804.512585 -0.160597 1.176072 1.067445 -0.246351 0.084644 -0.182081 -0.948153
1642668804.520918 -0.159325 1.175942 1.067826 -0.246694 0.083960 -0.181870 -0.948165
1642668804.529252 -0.158076 1.175786 1.068189 -0.246928 0.083619 -0.181833 -0.948141
1642668804.537585 -0.156846 1.175558 1.068486 -0.246871 0.083669 -0.181997 -0.948120
1642668804.545918 -0.155675 1.175494 1.068883 -0.247569 0.082334 -0.181446 -0.948160
1642668804.554252 -0.154501 1.175319 1.069210 -0.247816 0.081931 -0.181447 -0.948131
1642668804.562585 -0.153355 1.175121 1.069510 -0.248134 0.081528 -0.181470 -0.948078
1642668804.570918 -0.152221 1.174865 1.069762 -0.248425 0.081219 -0.181619 -0.948000
1642668804.579252 -0.151123 1.174663 1.070039 -0.248685 0.080884 -0.181643 -0.947955
1642668804.587585 -0.150046 1.174486 1.070310 -0.249018 0.080378 -0.181567 -0.947925
1642668804.595918 -0.148994 1.174229 1.070527 -0.249356 0.080233 -0.181823 -0.947800
1642668804.604252 -0.147986 1.173959 1.070719 -0.249548 0.080990 -0.182638 -0.947528
1642668804.612585 -0.146956 1.173690 1.070906 -0.249908 0.080179 -0.182423 -0.947544
1642668804.620918 -0.145879 1.173202 1.070952 -0.250339 0.077977 -0.181087 -0.947870
1642668804.629252 -0.144913 1.172956 1.071096 -0.250609 0.077659 -0.181174 -0.947808
1642668804.637585 -0.143943 1.172639 1.071169 -0.250865 0.077558 -0.181454 -0.947695
1642668804.645918 -0.142985 1.172266 1.071198 -0.250995 0.077738 -0.181854 -0.947569
1642668804.654252 -0.142049 1.171946 1.071242 -0.251188 0.077586 -0.182073 -0.947489
1642668804.662585 -0.141134 1.171646 1.071290 -0.251375 0.077415 -0.182292 -0.947411
1642668804.670918 -0.140223 1.171210 1.071237 -0.251480 0.077530 -0.182710 -0.947293
1642668804.679252 -0.139322 1.170806 1.071188 -0.251363 0.077802 -0.183220 -0.947203
1642668804.687585 -0.138492 1.170561 1.071207 -0.252110 0.076519 -0.182989 -0.947154
1642668804.695918 -0.137677 1.170267 1.071161 -0.252990 0.075169 -0.182941 -0.947036
1642668804.704252 -0.136800 1.169770 1.070956 -0.252270 0.076567 -0.183948 -0.946922
1642668804.712585 -0.135997 1.169420 1.070821 -0.252391 0.076389 -0.184351 -0.946825
1642668804.720918 -0.135226 1.169106 1.070681 -0.252473 0.076041 -0.184644 -0.946774
1642668804.729252 -0.134452 1.168669 1.070445 -0.252609 0.076060 -0.185188 -0.946630
1642668804.737585 -0.133706 1.168294 1.070230 -0.252710 0.075885 -0.185601 -0.946537
1642668804.745918 -0.132908 1.167900 1.069951 -0.253591 0.075579 -0.186694 -0.946110
1642668804.754252 -0.131652 1.167074 1.069250 -0.258654 0.075357 -0.192056 -0.943681
1642668804.762585 -0.130951 1.166584 1.068921 -0.258913 0.075445 -0.192647 -0.943483
1642668804.770918 -0.130292 1.166213 1.068626 -0.258990 0.075152 -0.192782 -0.943457
1642668804.779252 -0.129633 1.165754 1.068262 -0.259183 0.075132 -0.193159 -0.943329
1642668804.787585 -0.128988 1.165231 1.067836 -0.259386 0.075319 -0.193725 -0.943142
1642668804.795918 -0.128385 1.164807 1.067425 -0.259471 0.075158 -0.193900 -0.943095
1642668804.804252 -0.127815 1.164447 1.067020 -0.259392 0.075012 -0.193992 -0.943110
1642668804.812585 -0.127253 1.163977 1.066526 -0.259552 0.075255 -0.194632 -0.942914
1642668804.820918 -0.126731 1.163593 1.066061 -0.259566 0.075186 -0.194928 -0.942855
1642668804.829252 -0.126237 1.163215 1.065573 -0.259686 0.075187 -0.195280 -0.942749
1642668804.837585 -0.125764 1.162842 1.065065 -0.259827 0.075195 -0.195650 -0.942633
1642668804.845918 -0.125349 1.162475 1.064565 -0.259839 0.075354 -0.195927 -0.942559
1642668804.854252 -0.124976 1.162109 1.064061 -0.259879 0.075460 -0.196115 -0.942501
1642668804.862585 -0.124635 1.161770 1.063549 -0.259998 0.075489 -0.196272 -0.942433
1642668804.870918 -0.124319 1.161296 1.062960 -0.260359 0.075932 -0.196935 -0.942159
1642668804.879252 -0.124076 1.160954 1.062443 -0.260333 0.076074 -0.197075 -0.942126
1642668804.887585 -0.123849 1.160519 1.061853 -0.260511 0.076494 -0.197552 -0.941943
1642668804.895918 -0.123645 1.159995 1.061209 -0.260882 0.077072 -0.198400 -0.941615
1642668804.904252 -0.123506 1.159557 1.060603 -0.261044 0.077576 -0.198972 -0.941408
1642668804.912585 -0.123420 1.159123 1.060002 -0.261209 0.077969 -0.199483 -0.941221
1642668804.920918 -0.123371 1.158758 1.059408 -0.261292 0.078383 -0.199863 -0.941083
1642668804.929252 -0.123379 1.158365 1.058779 -0.262056 0.078315 -0.200158 -0.940813
1642668804.937585 -0.123403 1.157916 1.058120 -0.262753 0.078436 -0.200594 -0.940516
1642668804.945918 -0.123447 1.157535 1.057481 -0.262750 0.079000 -0.201086 -0.940365
1642668804.954252 -0.123508 1.157099 1.056784 -0.262901 0.079901 -0.201828 -0.940088
1642668804.962585 -0.123597 1.156641 1.056062 -0.262928 0.080849 -0.202600 -0.939833
1642668804.970918 -0.123694 1.156126 1.055321 -0.263015 0.081943 -0.203490 -0.939521
1642668804.979252 -0.123845 1.155732 1.054628 -0.263119 0.082625 -0.203879 -0.939348
1642668804.987585 -0.124003 1.155265 1.053894 -0.263103 0.083629 -0.204507 -0.939127
1642668804.995918 -0.124161 1.154773 1.053163 -0.263171 0.084650 -0.205215 -0.938862
1642668805.004252 -0.124412 1.154309 1.052478 -0.262564 0.086246 -0.205676 -0.938786
1642668805.012585 -0.125087 1.154311 1.052210 -0.258279 0.089476 -0.203791 -0.940083
1642668805.020918 -0.125289 1.153891 1.051500 -0.258390 0.090336 -0.204323 -0.939854
1642668805.029252 -0.125472 1.153425 1.050735 -0.258593 0.091410 -0.205013 -0.939544
1642668805.037585 -0.125675 1.152948 1.049995 -0.258776 0.092438 -0.205688 -0.939246
1642668805.045918 -0.125884 1.152445 1.049225 -0.259051 0.093611 -0.206475 -0.938881
1642668805.054252 -0.126127 1.152072 1.048536 -0.259216 0.094466 -0.206954 -0.938644
1642668805.062585 -0.126361 1.151650 1.047818 -0.259461 0.095320 -0.207524 -0.938365
1642668805.070918 -0.126607 1.151242 1.047085 -0.259595 0.096166 -0.208028 -0.938130
1642668805.079252 -0.126855 1.150837 1.046359 -0.259739 0.097194 -0.208631 -0.937850
1642668805.087585 -0.127115 1.150451 1.045626 -0.259888 0.098312 -0.209292 -0.937545
1642668805.095918 -0.127396 1.150067 1.044940 -0.260052 0.099232 -0.209734 -0.937303
1642668805.104252 -0.127663 1.149665 1.044274 -0.260418 0.099955 -0.210224 -0.937015
1642668805.112585 -0.127956 1.149273 1.043594 -0.260669 0.100803 -0.210641 -0.936761
1642668805.120918 -0.128250 1.148883 1.042907 -0.261000 0.101566 -0.211056 -0.936493
1642668805.129252 -0.128555 1.148524 1.042217 -0.261215 0.102512 -0.211473 -0.936236
1642668805.137585 -0.128872 1.148181 1.041552 -0.261493 0.103332 -0.211824 -0.935988
1642668805.145918 -0.129206 1.147860 1.040904 -0.261810 0.104123 -0.212183 -0.935731
1642668805.154252 -0.129558 1.147551 1.040252 -0.261973 0.104953 -0.212564 -0.935506
1642668805.162585 -0.129914 1.147238 1.039588 -0.262227 0.105842 -0.213027 -0.935229
1642668805.170918 -0.130293 1.146925 1.038935 -0.262542 0.106668 -0.213374 -0.934968
1642668805.179252 -0.130710 1.146649 1.038296 -0.262673 0.107567 -0.213453 -0.934810
1642668805.187585 -0.131303 1.146482 1.037703 -0.262007 0.108764 -0.212184 -0.935148
1642668805.195918 -0.131724 1.146150 1.037095 -0.262463 0.109516 -0.212652 -0.934825
1642668805.204252 -0.132190 1.145842 1.036483 -0.262693 0.110468 -0.212817 -0.934611
1642668805.212585 -0.132670 1.145514 1.035860 -0.262904 0.111352 -0.212895 -0.934429
1642668805.220918 -0.133164 1.145174 1.035253 -0.263124 0.112389 -0.213086 -0.934200
1642668805.229252 -0.133614 1.144791 1.034617 -0.263703 0.113380 -0.213808 -0.933752
1642668805.237585 -0.134119 1.144424 1.034001 -0.263935 0.114584 -0.214136 -0.933464
1642668805.245918 -0.134643 1.144071 1.033395 -0.264181 0.115655 -0.214468 -0.933186
1642668805.254252 -0.135206 1.143756 1.032811 -0.264316 0.116685 -0.214620 -0.932984
1642668805.262585 -0.135741 1.143412 1.032211 -0.264653 0.117696 -0.215142 -0.932642
1642668805.270918 -0.136295 1.143052 1.031623 -0.265082 0.118641 -0.215685 -0.932274
1642668805.279252 -0.136879 1.142684 1.031043 -0.265556 0.119615 -0.216067 -0.931927
1642668805.287585 -0.137496 1.142327 1.030472 -0.265911 0.120755 -0.216524 -0.931572
1642668805.295918 -0.138117 1.141958 1.029900 -0.266342 0.121871 -0.217044 -0.931183
1642668805.304252 -0.138750 1.141603 1.029353 -0.266702 0.122910 -0.217388 -0.930863
1642668805.312585 -0.139409 1.141233 1.028812 -0.267080 0.123854 -0.217709 -0.930554
1642668805.320918 -0.140053 1.140808 1.028253 -0.267695 0.124919 -0.218246 -0.930109
1642668805.329252 -0.140544 1.140198 1.027607 -0.269858 0.125812 -0.220196 -0.928903
1642668805.337585 -0.141250 1.139815 1.027104 -0.270294 0.126735 -0.220404 -0.928602
1642668805.345918 -0.141965 1.139422 1.026598 -0.270687 0.127540 -0.220542 -0.928344
1642668805.354252 -0.142664 1.138985 1.026067 -0.271190 0.127619 -0.220244 -0.928258
1642668805.362585 -0.143441 1.138659 1.025613 -0.271561 0.129575 -0.221050 -0.927686
1642668805.370918 -0.144188 1.138266 1.025133 -0.272024 0.130179 -0.221049 -0.927466
1642668805.379252 -0.144940 1.137839 1.024623 -0.272562 0.130160 -0.220684 -0.927398
1642668805.387585 -0.145746 1.137513 1.024190 -0.272949 0.132071 -0.221513 -0.926816
1642668805.395918 -0.146551 1.137141 1.023728 -0.273351 0.132888 -0.221728 -0.926529
1642668805.404252 -0.147360 1.136763 1.023264 -0.273804 0.133614 -0.221858 -0.926260
1642668805.412585 -0.148152 1.136340 1.022761 -0.274265 0.133699 -0.221660 -0.926159
1642668805.420918 -0.149005 1.136027 1.022332 -0.274574 0.135582 -0.222509 -0.925590
1642668805.429252 -0.149844 1.135649 1.021860 -0.274972 0.136330 -0.222650 -0.925328
1642668805.437585 -0.150662 1.135235 1.021341 -0.275381 0.136365 -0.222407 -0.925259
1642668805.445918 -0.151544 1.134931 1.020899 -0.275698 0.138333 -0.223292 -0.924660
1642668805.454252 -0.152420 1.134586 1.020420 -0.275995 0.139286 -0.223552 -0.924365
1642668805.462585 -0.153307 1.134243 1.019916 -0.276330 0.140372 -0.223938 -0.924007
1642668805.470918 -0.154227 1.133915 1.019392 -0.276569 0.141566 -0.224609 -0.923591
1642668805.479252 -0.155109 1.133590 1.018894 -0.276862 0.142771 -0.224970 -0.923229
1642668805.487585 -0.156000 1.133263 1.018367 -0.277169 0.143781 -0.225323 -0.922894
1642668805.495918 -0.156885 1.132933 1.017830 -0.277394 0.144862 -0.225704 -0.922565
1642668805.504252 -0.157793 1.132602 1.017278 -0.277604 0.145969 -0.226079 -0.922235
1642668805.512585 -0.158694 1.132274 1.016711 -0.277753 0.146949 -0.226478 -0.921936
1642668805.520918 -0.159581 1.131928 1.016105 -0.277944 0.147582 -0.226653 -0.921735
1642668805.529252 -0.160517 1.131651 1.015546 -0.278063 0.149324 -0.227450 -0.921222
1642668805.537585 -0.161432 1.131357 1.014948 -0.278081 0.150409 -0.227787 -0.920957
1642668805.545918 -0.162339 1.131046 1.014309 -0.278234 0.150958 -0.227979 -0.920773
1642668805.554252 -0.163280 1.130813 1.013722 -0.278272 0.152716 -0.228841 -0.920258
1642668805.562585 -0.164202 1.130566 1.013084 -0.278300 0.153706 -0.229157 -0.920006
1642668805.570918 -0.165117 1.130297 1.012405 -0.278339 0.154272 -0.229347 -0.919852
1642668805.579252 -0.166051 1.130086 1.011780 -0.278359 0.156038 -0.230190 -0.919338
1642668805.587585 -0.166973 1.129838 1.011121 -0.278279 0.157191 -0.230643 -0.919052
1642668805.595918 -0.167904 1.129579 1.010450 -0.278274 0.158220 -0.231120 -0.918757
1642668805.604252 -0.168827 1.129307 1.009742 -0.278372 0.158696 -0.231352 -0.918586
1642668805.612585 -0.169773 1.129097 1.009082 -0.278306 0.160478 -0.232154 -0.918094
1642668805.620918 -0.170713 1.128847 1.008377 -0.278277 0.161489 -0.232554 -0.917825
1642668805.629252 -0.171651 1.128583 1.007646 -0.278337 0.162018 -0.232764 -0.917660
1642668805.637585 -0.172607 1.128374 1.006963 -0.278301 0.163793 -0.233660 -0.917128
1642668805.645918 -0.173566 1.128137 1.006235 -0.278278 0.164771 -0.234138 -0.916838
1642668805.654252 -0.174518 1.127887 1.005478 -0.278340 0.165370 -0.234479 -0.916624
1642668805.662585 -0.175500 1.127717 1.004770 -0.278326 0.166869 -0.235319 -0.916141
1642668805.670918 -0.176520 1.127542 1.003998 -0.278391 0.167211 -0.235799 -0.915935
1642668805.679252 -0.177489 1.127370 1.003253 -0.278425 0.168200 -0.236282 -0.915620
1642668805.687585 -0.178446 1.127201 1.002487 -0.278400 0.168683 -0.236430 -0.915500
1642668805.695918 -0.179438 1.127083 1.001756 -0.278241 0.170590 -0.237371 -0.914951
1642668805.704252 -0.180395 1.126927 1.000988 -0.278152 0.171593 -0.237835 -0.914671
1642668805.712585 -0.181334 1.126749 1.000187 -0.278026 0.172098 -0.237974 -0.914578
1642668805.720918 -0.182298 1.126606 0.999404 -0.277860 0.173314 -0.238576 -0.914242
1642668805.729252 -0.183282 1.126500 0.998647 -0.277606 0.175091 -0.239463 -0.913748
1642668805.737585 -0.184255 1.126369 0.997854 -0.277323 0.176139 -0.239876 -0.913524
1642668805.745918 -0.185207 1.126222 0.997020 -0.277112 0.176612 -0.240103 -0.913437
1642668805.754252 -0.186191 1.126148 0.996253 -0.276735 0.178394 -0.241008 -0.912967
1642668805.762585 -0.187158 1.126043 0.995451 -0.276416 0.179299 -0.241492 -0.912758
1642668805.770918 -0.188117 1.125923 0.994617 -0.276121 0.179659 -0.241723 -0.912715
1642668805.779252 -0.189089 1.125834 0.993820 -0.275689 0.180932 -0.242403 -0.912414
1642668805.787585 -0.190078 1.125788 0.993048 -0.275335 0.182523 -0.243269 -0.911974
1642668805.795918 -0.191060 1.125704 0.992237 -0.275020 0.183476 -0.243760 -0.911747
1642668805.804252 -0.192034 1.125590 0.991403 -0.274689 0.183850 -0.244014 -0.911703
1642668805.812585 -0.193041 1.125548 0.990634 -0.274347 0.185460 -0.244916 -0.911238
1642668805.820918 -0.194034 1.125478 0.989841 -0.274043 0.186481 -0.245522 -0.910958
1642668805.829252 -0.195029 1.125392 0.989040 -0.273733 0.187215 -0.246033 -0.910762
1642668805.837585 -0.196028 1.125304 0.988220 -0.273396 0.187636 -0.246394 -0.910680
1642668805.845918 -0.197058 1.125276 0.987462 -0.273082 0.189225 -0.247336 -0.910190
1642668805.854252 -0.198085 1.125211 0.986683 -0.272710 0.190351 -0.248083 -0.909863
1642668805.862585 -0.199087 1.125130 0.985950 -0.272130 0.192807 -0.249138 -0.909231
1642668805.870918 -0.200131 1.125087 0.985072 -0.272101 0.191391 -0.249084 -0.909554
1642668805.879252 -0.201139 1.125012 0.984315 -0.271458 0.193857 -0.250299 -0.908890
1642668805.887585 -0.202190 1.124955 0.983570 -0.271082 0.195751 -0.251395 -0.908293
1642668805.895918 -0.203224 1.124900 0.982696 -0.270794 0.195046 -0.251406 -0.908528
1642668805.904252 -0.204307 1.124886 0.981942 -0.270541 0.196760 -0.252486 -0.907934
1642668805.912585 -0.205399 1.124858 0.981203 -0.270301 0.198741 -0.253606 -0.907261
1642668805.920918 -0.206475 1.124850 0.980357 -0.270124 0.198520 -0.253941 -0.907269
1642668805.929252 -0.207606 1.124874 0.979567 -0.270259 0.198823 -0.254530 -0.906997
1642668805.937585 -0.208701 1.124839 0.978791 -0.270092 0.200170 -0.255284 -0.906539
1642668805.945918 -0.209797 1.124817 0.978059 -0.269928 0.202385 -0.256271 -0.905817
1642668805.954252 -0.210866 1.124779 0.977200 -0.269833 0.202488 -0.256592 -0.905731
1642668805.962585 -0.211943 1.124738 0.976410 -0.269671 0.203921 -0.257234 -0.905276
1642668805.970918 -0.213020 1.124697 0.975661 -0.269508 0.206207 -0.258084 -0.904565
1642668805.979252 -0.214071 1.124648 0.974783 -0.269375 0.206285 -0.258224 -0.904546
1642668805.987585 -0.215128 1.124586 0.973953 -0.269239 0.207160 -0.258438 -0.904326
1642668805.995918 -0.216210 1.124573 0.973170 -0.268990 0.209208 -0.259169 -0.903719
1642668806.004252 -0.217273 1.124527 0.972336 -0.268847 0.210478 -0.259647 -0.903329
1642668806.012585 -0.218329 1.124478 0.971488 -0.268661 0.211305 -0.259893 -0.903121
1642668806.020918 -0.219395 1.124483 0.970692 -0.268388 0.213292 -0.260646 -0.902517
1642668806.029252 -0.220437 1.124466 0.969865 -0.268110 0.214731 -0.261166 -0.902108
1642668806.037585 -0.221423 1.124402 0.969030 -0.267591 0.216729 -0.261769 -0.901610
1642668806.045918 -0.222453 1.124397 0.968194 -0.267378 0.218009 -0.262206 -0.901238
1642668806.054252 -0.223463 1.124380 0.967370 -0.267186 0.219364 -0.262667 -0.900831
1642668806.062585 -0.224480 1.124361 0.966582 -0.266961 0.221628 -0.263380 -0.900136
1642668806.070918 -0.225439 1.124348 0.965699 -0.266721 0.222301 -0.263393 -0.900037
1642668806.079252 -0.226443 1.124314 0.964897 -0.266551 0.224366 -0.264065 -0.899378
1642668806.087585 -0.227448 1.124279 0.963977 -0.266346 0.224020 -0.264145 -0.899501
1642668806.095918 -0.228432 1.124243 0.963116 -0.266264 0.224899 -0.264423 -0.899224
1642668806.104252 -0.229435 1.124250 0.962246 -0.266346 0.225147 -0.264607 -0.899084
1642668806.112585 -0.230408 1.124216 0.961369 -0.266131 0.226218 -0.265002 -0.898762
1642668806.120918 -0.231362 1.124179 0.960476 -0.265851 0.227320 -0.265493 -0.898422
1642668806.129252 -0.232284 1.124112 0.959589 -0.265285 0.228955 -0.265962 -0.898036
1642668806.137585 -0.233275 1.124125 0.958683 -0.265279 0.229335 -0.266317 -0.897835
1642668806.145918 -0.234194 1.124089 0.957777 -0.264875 0.230876 -0.266861 -0.897398
1642668806.154252 -0.235139 1.124075 0.956870 -0.264586 0.231848 -0.267244 -0.897119
1642668806.162585 -0.236091 1.124056 0.955934 -0.264345 0.232715 -0.267716 -0.896824
1642668806.170918 -0.237063 1.124027 0.954991 -0.264128 0.233055 -0.268196 -0.896657
1642668806.179252 -0.237952 1.123940 0.954040 -0.263493 0.234674 -0.268873 -0.896218
1642668806.187585 -0.238855 1.123915 0.953100 -0.263101 0.235942 -0.269408 -0.895840
1642668806.195918 -0.239822 1.123914 0.952123 -0.263147 0.235496 -0.269767 -0.895835
1642668806.204252 -0.240672 1.123829 0.951149 -0.262390 0.237229 -0.270433 -0.895399
1642668806.212585 -0.241534 1.123799 0.950185 -0.261919 0.238653 -0.271045 -0.894974
1642668806.220918 -0.242404 1.123759 0.949198 -0.261532 0.239458 -0.271501 -0.894733
1642668806.229252 -0.243258 1.123719 0.948202 -0.261108 0.240333 -0.272027 -0.894463
1642668806.237585 -0.244113 1.123680 0.947201 -0.260740 0.240952 -0.272488 -0.894264
1642668806.245918 -0.244955 1.123610 0.946157 -0.260467 0.240966 -0.272634 -0.894295
1642668806.254252 -0.245812 1.123599 0.945197 -0.259941 0.242651 -0.273604 -0.893696
1642668806.262585 -0.246644 1.123561 0.944180 -0.259551 0.243309 -0.274045 -0.893495
1642668806.270918 -0.247485 1.123511 0.943119 -0.259319 0.242772 -0.274242 -0.893648
1642668806.279252 -0.248302 1.123518 0.942126 -0.258840 0.244546 -0.275144 -0.893026
1642668806.287585 -0.249050 1.123467 0.941092 -0.258333 0.245456 -0.275384 -0.892849
1642668806.295918 -0.249864 1.123465 0.940095 -0.257914 0.246866 -0.276158 -0.892342
1642668806.304252 -0.250643 1.123421 0.939054 -0.257518 0.247629 -0.276621 -0.892102
1642668806.312585 -0.251413 1.123361 0.937978 -0.257127 0.247731 -0.276808 -0.892128
1642668806.320918 -0.252216 1.123352 0.936947 -0.256705 0.248662 -0.277373 -0.891815
1642668806.329252 -0.252964 1.123289 0.935902 -0.256388 0.249339 -0.277725 -0.891608
1642668806.337585 -0.253777 1.123276 0.934894 -0.256077 0.250398 -0.278505 -0.891157
1642668806.345918 -0.254493 1.123223 0.933884 -0.255599 0.251872 -0.278930 -0.890746
1642668806.354252 -0.255262 1.123151 0.932840 -0.255337 0.252324 -0.279253 -0.890592
1642668806.362585 -0.256041 1.123089 0.931919 -0.254988 0.255207 -0.280438 -0.889497
1642668806.370918 -0.256697 1.122944 0.930768 -0.254800 0.253680 -0.279871 -0.890166
1642668806.379252 -0.257437 1.122830 0.929762 -0.254609 0.254572 -0.280245 -0.889848
1642668806.387585 -0.258255 1.122786 0.928851 -0.254278 0.257297 -0.281526 -0.888754
1642668806.395918 -0.258958 1.122647 0.927729 -0.254089 0.256120 -0.281236 -0.889240
1642668806.404252 -0.259770 1.122570 0.926813 -0.253900 0.258321 -0.282474 -0.888265
1642668806.412585 -0.260423 1.122435 0.925733 -0.253627 0.258125 -0.282359 -0.888436
1642668806.420918 -0.261189 1.122324 0.924717 -0.253342 0.258576 -0.282805 -0.888244
1642668806.429252 -0.261983 1.122230 0.923825 -0.253093 0.261183 -0.283990 -0.887174
1642668806.437585 -0.262689 1.122084 0.922717 -0.252909 0.259709 -0.283742 -0.887738
1642668806.445918 -0.263449 1.121943 0.921743 -0.252745 0.260643 -0.284363 -0.887312
1642668806.454252 -0.264233 1.121830 0.920864 -0.252437 0.263338 -0.285650 -0.886190
1642668806.462585 -0.264990 1.121689 0.919801 -0.252302 0.262120 -0.285495 -0.886640
1642668806.470918 -0.265827 1.121600 0.918953 -0.251999 0.264980 -0.286935 -0.885410
1642668806.479252 -0.266621 1.121467 0.917985 -0.251743 0.265521 -0.287509 -0.885134
1642668806.487585 -0.267388 1.121291 0.916903 -0.251652 0.263592 -0.287394 -0.885774
1642668806.495918 -0.268166 1.121168 0.915974 -0.251401 0.264838 -0.287932 -0.885299
1642668806.504252 -0.268984 1.121029 0.915038 -0.251145 0.265569 -0.288471 -0.884977
1642668806.512585 -0.269868 1.120881 0.914123 -0.250698 0.266586 -0.288684 -0.884728
1642668806.520918 -0.270683 1.120792 0.913277 -0.250732 0.268690 -0.290782 -0.883394
1642668806.529252 -0.271418 1.120633 0.912256 -0.250516 0.267704 -0.290596 -0.883816
1642668806.537585 -0.272246 1.120503 0.911344 -0.250324 0.268354 -0.291320 -0.883435
1642668806.545918 -0.273099 1.120369 0.910422 -0.250165 0.268676 -0.292046 -0.883142
1642668806.554252 -0.273905 1.120261 0.909548 -0.249828 0.269828 -0.292611 -0.882699
1642668806.562585 -0.274786 1.120118 0.908670 -0.249508 0.270918 -0.292966 -0.882338
1642668806.570918 -0.275637 1.120062 0.907874 -0.249375 0.273028 -0.294905 -0.881078
1642668806.579252 -0.276468 1.119911 0.906896 -0.249025 0.271868 -0.294211 -0.881768
1642668806.587585 -0.277320 1.119837 0.906132 -0.248799 0.274368 -0.295570 -0.880602
1642668806.595918 -0.278082 1.119710 0.905147 -0.248478 0.272789 -0.295475 -0.881215
1642668806.604252 -0.278857 1.119621 0.904304 -0.248223 0.273915 -0.296168 -0.880705
1642668806.612585 -0.279596 1.119534 0.903441 -0.248344 0.274206 -0.297271 -0.880208
1642668806.620918 -0.280491 1.119463 0.902594 -0.248217 0.274048 -0.297154 -0.880332
1642668806.629252 -0.281215 1.119329 0.901755 -0.247585 0.275814 -0.297938 -0.879694
1642668806.637585 -0.282054 1.119301 0.900913 -0.247781 0.275252 -0.298346 -0.879677
1642668806.645918 -0.282812 1.119222 0.900074 -0.247535 0.276038 -0.298987 -0.879282
1642668806.654252 -0.283538 1.119111 0.899248 -0.246914 0.277298 -0.299728 -0.878808
1642668806.662585 -0.284315 1.119070 0.898419 -0.247115 0.277260 -0.300189 -0.878606
1642668806.670918 -0.285064 1.118984 0.897604 -0.246842 0.278153 -0.300779 -0.878198
1642668806.679252 -0.285735 1.118834 0.896774 -0.246332 0.279852 -0.301558 -0.877534
1642668806.687585 -0.286533 1.118798 0.895955 -0.246879 0.279318 -0.301897 -0.877434
1642668806.695918 -0.287252 1.118713 0.895140 -0.246896 0.280022 -0.302398 -0.877032
1642668806.704252 -0.287960 1.118639 0.894336 -0.246713 0.280889 -0.303055 -0.876580
1642668806.712585 -0.288616 1.118525 0.893525 -0.246266 0.282300 -0.303792 -0.875997
1642668806.720918 -0.289311 1.118479 0.892736 -0.246273 0.282967 -0.304279 -0.875610
1642668806.729252 -0.290036 1.118469 0.891932 -0.246576 0.283023 -0.304656 -0.875376
1642668806.737585 -0.290700 1.118391 0.891120 -0.246348 0.284105 -0.305070 -0.874945
1642668806.745918 -0.291256 1.118204 0.890240 -0.245124 0.286731 -0.305929 -0.874132
1642668806.754252 -0.292017 1.118319 0.889507 -0.246464 0.285400 -0.305780 -0.874243
1642668806.762585 -0.292665 1.118313 0.888689 -0.246410 0.286471 -0.306315 -0.873721
1642668806.770918 -0.293308 1.118288 0.887876 -0.246222 0.287432 -0.306691 -0.873326
1642668806.779252 -0.293934 1.118301 0.887058 -0.246093 0.288317 -0.307077 -0.872935
1642668806.787585 -0.294572 1.118336 0.886241 -0.245888 0.289198 -0.307357 -0.872603
1642668806.795918 -0.295198 1.118384 0.885415 -0.245772 0.290209 -0.307729 -0.872168
1642668806.804252 -0.295812 1.118448 0.884591 -0.245604 0.291246 -0.308104 -0.871738
1642668806.812585 -0.296424 1.118545 0.883777 -0.245260 0.292326 -0.308456 -0.871348
1642668806.820918 -0.297026 1.118647 0.882947 -0.244997 0.293134 -0.308739 -0.871051
1642668806.829252 -0.297615 1.118771 0.882124 -0.244723 0.294035 -0.309050 -0.870713
1642668806.837585 -0.298198 1.118906 0.881312 -0.244421 0.295096 -0.309370 -0.870326
1642668806.845918 -0.298779 1.119055 0.880492 -0.244068 0.296137 -0.309607 -0.869987
1642668806.854252 -0.299349 1.119114 0.879655 -0.243421 0.297823 -0.309646 -0.869579
1642668806.862585 -0.299937 1.119313 0.878848 -0.243008 0.298625 -0.309832 -0.869353
1642668806.870918 -0.300515 1.119532 0.878047 -0.242501 0.299585 -0.310095 -0.869070
1642668806.879252 -0.301084 1.119762 0.877250 -0.242015 0.300318 -0.310290 -0.868883
1642668806.887585 -0.301658 1.120014 0.876452 -0.241543 0.300969 -0.310508 -0.868711
1642668806.895918 -0.302261 1.120327 0.875656 -0.241397 0.301076 -0.310635 -0.868669
1642668806.904252 -0.302810 1.120609 0.874866 -0.240809 0.301814 -0.310834 -0.868506
1642668806.912585 -0.303347 1.120917 0.874079 -0.240110 0.302604 -0.311062 -0.868342
1642668806.920918 -0.303852 1.121212 0.873307 -0.239103 0.303950 -0.311423 -0.868021
1642668806.929252 -0.304450 1.121626 0.872540 -0.238927 0.303718 -0.311470 -0.868134
1642668806.937585 -0.305017 1.122014 0.871776 -0.238267 0.304300 -0.311735 -0.868016
1642668806.945918 -0.305581 1.122413 0.871028 -0.237514 0.304842 -0.311918 -0.867967
1642668806.954252 -0.306147 1.122816 0.870280 -0.236818 0.305486 -0.312119 -0.867858
1642668806.962585 -0.306720 1.123217 0.869545 -0.236146 0.306070 -0.312353 -0.867751
1642668806.970918 -0.307268 1.123575 0.868800 -0.235003 0.307282 -0.312787 -0.867476
1642668806.979252 -0.307845 1.123974 0.868069 -0.234296 0.307995 -0.313002 -0.867338
1642668806.987585 -0.308447 1.124367 0.867328 -0.233761 0.308205 -0.313260 -0.867314
1642668806.995918 -0.309087 1.124812 0.866594 -0.233450 0.308186 -0.313441 -0.867339
1642668807.004252 -0.309678 1.125205 0.865834 -0.232799 0.308308 -0.313679 -0.867385
1642668807.012585 -0.310278 1.125566 0.865102 -0.232061 0.308859 -0.313945 -0.867290
1642668807.020918 -0.310869 1.125920 0.864367 -0.231180 0.309877 -0.314309 -0.867031
1642668807.029252 -0.311525 1.126324 0.863674 -0.230430 0.311229 -0.315042 -0.866480
1642668807.037585 -0.312165 1.126678 0.862949 -0.229895 0.311379 -0.315271 -0.866485
1642668807.045918 -0.312732 1.126924 0.862181 -0.228919 0.311768 -0.315318 -0.866586
1642668807.054252 -0.313371 1.127259 0.861454 -0.228272 0.312305 -0.315709 -0.866421
1642668807.062585 -0.314049 1.127622 0.860762 -0.227515 0.313710 -0.316435 -0.865848
1642668807.070918 -0.314667 1.127904 0.860004 -0.227041 0.313481 -0.316413 -0.866063
1642668807.079252 -0.315350 1.128250 0.859287 -0.226826 0.313343 -0.316578 -0.866109
1642668807.087585 -0.316031 1.128558 0.858576 -0.226443 0.313505 -0.316906 -0.866031
1642668807.095918 -0.316706 1.128881 0.857895 -0.225839 0.314788 -0.317615 -0.865463
1642668807.104252 -0.317323 1.129124 0.857142 -0.225401 0.314542 -0.317537 -0.865695
1642668807.112585 -0.317960 1.129407 0.856437 -0.224785 0.315445 -0.317928 -0.865383
1642668807.120918 -0.318659 1.129757 0.855780 -0.224240 0.316555 -0.318574 -0.864882
1642668807.129252 -0.319282 1.130025 0.855068 -0.223401 0.317657 -0.318902 -0.864574
1642668807.137585 -0.319973 1.130383 0.854381 -0.223303 0.317455 -0.318987 -0.864642
1642668807.145918 -0.320612 1.130661 0.853624 -0.222794 0.317338 -0.318899 -0.864849
1642668807.154252 -0.321230 1.130934 0.852919 -0.221929 0.318548 -0.319303 -0.864477
1642668807.162585 -0.321903 1.131274 0.852224 -0.221493 0.318995 -0.319570 -0.864325
1642668807.170918 -0.322608 1.131665 0.851522 -0.221439 0.318907 -0.319658 -0.864339
1642668807.179252 -0.323267 1.132001 0.850832 -0.220988 0.319584 -0.319937 -0.864101
1642668807.187585 -0.323941 1.132329 0.850162 -0.220579 0.320542 -0.320298 -0.863717
1642668807.195918 -0.324618 1.132709 0.849507 -0.220136 0.321854 -0.320853 -0.863136
1642668807.204252 -0.325233 1.133000 0.848772 -0.219781 0.321685 -0.320690 -0.863350
1642668807.212585 -0.325834 1.133314 0.848087 -0.218940 0.323273 -0.321016 -0.862850
1642668807.220918 -0.326531 1.133709 0.847404 -0.218992 0.323014 -0.320982 -0.862946
1642668807.229252 -0.327164 1.134052 0.846714 -0.218509 0.323624 -0.321155 -0.862775
1642668807.237585 -0.327770 1.134353 0.846023 -0.217760 0.324839 -0.321407 -0.862414
1642668807.245918 -0.328434 1.134752 0.845338 -0.217702 0.324906 -0.321433 -0.862393
1642668807.254252 -0.329034 1.135101 0.844658 -0.217136 0.326045 -0.321600 -0.862044
1642668807.262585 -0.329656 1.135442 0.843980 -0.216720 0.326700 -0.321688 -0.861868
1642668807.270918 -0.330273 1.135777 0.843300 -0.216320 0.327410 -0.321783 -0.861663
1642668807.279252 -0.330953 1.136091 0.842633 -0.215471 0.328178 -0.321284 -0.861770
1642668807.287585 -0.331454 1.136500 0.841930 -0.215649 0.328614 -0.322269 -0.861192
1642668807.295918 -0.331930 1.136906 0.841254 -0.215709 0.329151 -0.323485 -0.860515
1642668807.304252 -0.332506 1.137290 0.840600 -0.215232 0.329941 -0.323701 -0.860251
1642668807.312585 -0.333053 1.137648 0.839937 -0.214433 0.331185 -0.323940 -0.859882
1642668807.320918 -0.333633 1.138053 0.839286 -0.213985 0.331893 -0.324081 -0.859668
1642668807.329252 -0.334238 1.138509 0.838635 -0.213904 0.331841 -0.324052 -0.859719
1642668807.337585 -0.334838 1.138903 0.837996 -0.213250 0.332540 -0.323735 -0.859731
1642668807.345918 -0.335803 1.139186 0.837423 -0.210835 0.333912 -0.319941 -0.861214
1642668807.354252 -0.336345 1.139633 0.836796 -0.210351 0.334780 -0.320062 -0.860950
1642668807.362585 -0.336894 1.140116 0.836225 -0.209783 0.336239 -0.320659 -0.860298
1642668807.370918 -0.337385 1.140526 0.835607 -0.209026 0.337383 -0.320713 -0.860014
1642668807.379252 -0.337906 1.140979 0.834980 -0.208604 0.337793 -0.320782 -0.859930
1642668807.387585 -0.338402 1.141453 0.834367 -0.208108 0.338268 -0.320790 -0.859861
1642668807.395918 -0.338902 1.141936 0.833716 -0.207990 0.337864 -0.320257 -0.860246
1642668807.404252 -0.339396 1.142422 0.833114 -0.207478 0.338474 -0.320287 -0.860119
1642668807.412585 -0.339883 1.142921 0.832518 -0.206884 0.339151 -0.320332 -0.859979
1642668807.420918 -0.340366 1.143427 0.831937 -0.206337 0.339752 -0.320370 -0.859859
1642668807.429252 -0.340868 1.143975 0.831400 -0.205687 0.341075 -0.320738 -0.859353
1642668807.437585 -0.341305 1.144449 0.830790 -0.205263 0.340777 -0.320338 -0.859722
1642668807.445918 -0.341762 1.144980 0.830241 -0.204656 0.341253 -0.320276 -0.859701
1642668807.454252 -0.342206 1.145533 0.829702 -0.204170 0.341808 -0.320517 -0.859506
1642668807.462585 -0.342511 1.146228 0.829226 -0.203951 0.342732 -0.322697 -0.858374
1642668807.470918 -0.342919 1.146759 0.828661 -0.203484 0.342443 -0.322288 -0.858754
1642668807.479252 -0.343384 1.147395 0.828188 -0.202892 0.343641 -0.322507 -0.858333
1642668807.487585 -0.343772 1.147978 0.827645 -0.202502 0.343119 -0.322070 -0.858798
1642668807.495918 -0.344133 1.148643 0.827118 -0.202697 0.343420 -0.322289 -0.858549
1642668807.504252 -0.344550 1.149297 0.826644 -0.202157 0.343722 -0.322040 -0.858649
1642668807.512585 -0.344953 1.149951 0.826177 -0.201628 0.344042 -0.321824 -0.858726
1642668807.520918 -0.345367 1.150634 0.825735 -0.201069 0.344612 -0.321692 -0.858679
1642668807.529252 -0.345790 1.151355 0.825333 -0.200433 0.345841 -0.321870 -0.858266
1642668807.537585 -0.346154 1.152016 0.824862 -0.199988 0.345418 -0.321246 -0.858774
1642668807.545918 -0.346556 1.152747 0.824481 -0.199443 0.346566 -0.321451 -0.858361
1642668807.554252 -0.346878 1.153376 0.824025 -0.198763 0.346643 -0.320866 -0.858707
1642668807.562585 -0.347257 1.154097 0.823624 -0.198301 0.346846 -0.320502 -0.858867
1642668807.570918 -0.347655 1.154869 0.823232 -0.198089 0.346718 -0.320204 -0.859079
1642668807.579252 -0.348040 1.155637 0.822893 -0.197525 0.348000 -0.320332 -0.858643
1642668807.587585 -0.348389 1.156380 0.822514 -0.196995 0.348375 -0.320015 -0.858731
1642668807.595918 -0.348716 1.157138 0.822159 -0.196525 0.348725 -0.319696 -0.858815
1642668807.604252 -0.349042 1.157919 0.821793 -0.195975 0.348944 -0.319404 -0.858960
1642668807.612585 -0.349374 1.158780 0.821350 -0.195074 0.348650 -0.319308 -0.859321
1642668807.620918 -0.349618 1.159427 0.821072 -0.194869 0.348784 -0.318305 -0.859685
1642668807.629252 -0.349972 1.160367 0.820690 -0.193840 0.349509 -0.318803 -0.859438
1642668807.637585 -0.350240 1.161155 0.820369 -0.193275 0.349875 -0.318494 -0.859531
1642668807.645918 -0.350460 1.161898 0.820078 -0.192437 0.350880 -0.318199 -0.859419
1642668807.654252 -0.350674 1.162609 0.819866 -0.192309 0.351532 -0.317493 -0.859442
1642668807.662585 -0.350975 1.163555 0.819477 -0.191633 0.350847 -0.317362 -0.859921
1642668807.670918 -0.351189 1.164318 0.819280 -0.191255 0.351896 -0.316862 -0.859761
1642668807.679252 -0.351332 1.165086 0.819035 -0.190871 0.351719 -0.316033 -0.860224
1642668807.687585 -0.351536 1.166029 0.818677 -0.189818 0.351565 -0.315958 -0.860547
1642668807.695918 -0.351662 1.166839 0.818440 -0.188935 0.352328 -0.315473 -0.860607
1642668807.704252 -0.351818 1.167706 0.818202 -0.188697 0.352082 -0.314968 -0.860945
1642668807.712585 -0.351941 1.168502 0.818037 -0.188179 0.353067 -0.314473 -0.860836
1642668807.720918 -0.352112 1.169405 0.817747 -0.186925 0.352677 -0.313330 -0.861686
1642668807.729252 -0.352180 1.170248 0.817538 -0.186322 0.352912 -0.312696 -0.861950
1642668807.737585 -0.352147 1.170917 0.817392 -0.185768 0.353165 -0.311364 -0.862448
1642668807.745918 -0.352226 1.171761 0.817253 -0.184382 0.352397 -0.310676 -0.863307
1642668807.754252 -0.352340 1.172835 0.816990 -0.183054 0.353704 -0.311478 -0.862767
1642668807.762585 -0.352311 1.173594 0.816873 -0.182718 0.354347 -0.310568 -0.862902
1642668807.770918 -0.352330 1.174587 0.816557 -0.181549 0.354131 -0.310593 -0.863228
1642668807.779252 -0.352322 1.175501 0.816341 -0.180725 0.354471 -0.310121 -0.863431
1642668807.787585 -0.352435 1.176592 0.816050 -0.179345 0.355747 -0.309760 -0.863324
1642668807.795918 -0.352352 1.177439 0.815856 -0.178493 0.356070 -0.309359 -0.863511
1642668807.804252 -0.352248 1.178205 0.815745 -0.178004 0.356621 -0.308352 -0.863745
1642668807.812585 -0.352188 1.179193 0.815422 -0.176747 0.356409 -0.308349 -0.864092
1642668807.820918 -0.352043 1.180046 0.815146 -0.176666 0.356625 -0.307859 -0.864194
1642668807.829252 -0.351863 1.180796 0.814997 -0.175619 0.357000 -0.307389 -0.864420
1642668807.837585 -0.351750 1.181654 0.814792 -0.174734 0.357161 -0.306883 -0.864712
1642668807.845918 -0.351628 1.182513 0.814594 -0.173776 0.357318 -0.306436 -0.864999
1642668807.854252 -0.351493 1.183367 0.814408 -0.172931 0.357419 -0.305910 -0.865313
1642668807.862585 -0.351361 1.184230 0.814219 -0.172060 0.357574 -0.305382 -0.865609
1642668807.870918 -0.351221 1.185097 0.814037 -0.171193 0.357740 -0.304914 -0.865877
1642668807.879252 -0.351073 1.185983 0.813866 -0.170336 0.357921 -0.304420 -0.866145
1642668807.887585 -0.350937 1.186878 0.813693 -0.169481 0.358070 -0.303919 -0.866427
1642668807.895918 -0.350783 1.187775 0.813532 -0.168647 0.358193 -0.303345 -0.866740
1642668807.904252 -0.350583 1.188580 0.813452 -0.168154 0.358729 -0.302477 -0.866917
1642668807.912585 -0.350446 1.189579 0.813181 -0.166945 0.358283 -0.302198 -0.867433
1642668807.920918 -0.350170 1.190313 0.813074 -0.166709 0.357458 -0.300272 -0.868487
1642668807.929252 -0.349995 1.191249 0.813016 -0.165126 0.357929 -0.299789 -0.868762
1642668807.937585 -0.349795 1.192165 0.812761 -0.165212 0.357736 -0.299132 -0.869051
1642668807.945918 -0.349644 1.193159 0.812660 -0.164149 0.359240 -0.299170 -0.868619
1642668807.954252 -0.349355 1.194008 0.812501 -0.163439 0.358764 -0.297695 -0.869456
1642668807.962585 -0.349140 1.194944 0.812378 -0.162775 0.358753 -0.296841 -0.869877
1642668807.970918 -0.348998 1.195836 0.812295 -0.161420 0.358204 -0.296278 -0.870547
1642668807.979252 -0.348786 1.196745 0.812171 -0.160793 0.358374 -0.295528 -0.870848
1642668807.987585 -0.348567 1.197672 0.812048 -0.160264 0.358488 -0.294754 -0.871162
1642668807.995918 -0.348324 1.198607 0.811857 -0.160524 0.358665 -0.293976 -0.871303
1642668808.004252 -0.348093 1.199529 0.811754 -0.159942 0.358805 -0.293192 -0.871617
1642668808.012585 -0.347857 1.200461 0.811679 -0.159546 0.358630 -0.292227 -0.872085
1642668808.020918 -0.347613 1.201400 0.811557 -0.158913 0.359028 -0.291556 -0.872262
1642668808.029252 -0.347377 1.202359 0.811465 -0.158354 0.359225 -0.290752 -0.872551
1642668808.037585 -0.347127 1.203313 0.811375 -0.157843 0.359370 -0.289904 -0.872865
1642668808.045918 -0.346886 1.204302 0.811340 -0.157442 0.359130 -0.288799 -0.873403
1642668808.054252 -0.346636 1.205241 0.811320 -0.156058 0.359642 -0.288236 -0.873627
1642668808.062585 -0.346360 1.206192 0.811166 -0.156299 0.360088 -0.287364 -0.873687
1642668808.070918 -0.346111 1.207137 0.811182 -0.155054 0.360176 -0.286473 -0.874165
1642668808.079252 -0.345858 1.208134 0.811158 -0.154792 0.360089 -0.285337 -0.874619
1642668808.087585 -0.345556 1.209074 0.811083 -0.154151 0.360638 -0.284539 -0.874766
1642668808.095918 -0.345299 1.210078 0.811055 -0.153935 0.360647 -0.283324 -0.875194
1642668808.104252 -0.344975 1.211039 0.810993 -0.153423 0.361072 -0.282386 -0.875412
1642668808.112585 -0.344689 1.212013 0.810955 -0.152949 0.361459 -0.281310 -0.875682
1642668808.120918 -0.344400 1.212994 0.810919 -0.152629 0.361666 -0.280174 -0.876017
1642668808.129252 -0.344127 1.214022 0.810923 -0.152445 0.361661 -0.279104 -0.876392
1642668808.137585 -0.343827 1.214979 0.810901 -0.152057 0.362112 -0.278137 -0.876581
1642668808.145918 -0.343545 1.215979 0.810885 -0.151691 0.362519 -0.277168 -0.876783
1642668808.154252 -0.343211 1.216908 0.810855 -0.151303 0.363180 -0.276320 -0.876844
1642668808.162585 -0.342971 1.218014 0.810921 -0.151447 0.362968 -0.275036 -0.877310
1642668808.170918 -0.342701 1.219037 0.810962 -0.151229 0.363340 -0.274079 -0.877493
1642668808.179252 -0.342425 1.220060 0.810995 -0.151230 0.363575 -0.273124 -0.877694
1642668808.187585 -0.342151 1.221084 0.811044 -0.151107 0.363888 -0.272169 -0.877882
1642668808.195918 -0.341876 1.222115 0.811106 -0.150984 0.364269 -0.271252 -0.878029
1642668808.204252 -0.341597 1.223141 0.811168 -0.150876 0.364782 -0.270372 -0.878106
1642668808.212585 -0.341274 1.224051 0.811200 -0.150679 0.365684 -0.269767 -0.877951
1642668808.220918 -0.341051 1.225171 0.811327 -0.150815 0.365553 -0.268566 -0.878350
1642668808.229252 -0.340748 1.226189 0.811411 -0.150645 0.366084 -0.267695 -0.878424
1642668808.237585 -0.340486 1.227225 0.811524 -0.150675 0.366515 -0.266805 -0.878510
1642668808.245918 -0.340209 1.228270 0.811656 -0.150672 0.366861 -0.265849 -0.878656
1642668808.254252 -0.339936 1.229343 0.811798 -0.150689 0.367252 -0.264871 -0.878784
1642668808.262585 -0.339674 1.230461 0.811959 -0.151007 0.367340 -0.263664 -0.879056
1642668808.270918 -0.339366 1.231587 0.811895 -0.152498 0.368132 -0.261545 -0.879101
1642668808.279252 -0.339084 1.232701 0.812104 -0.152577 0.368208 -0.260403 -0.879394
1642668808.287585 -0.338745 1.233768 0.812293 -0.152483 0.368622 -0.259339 -0.879551
1642668808.295918 -0.338359 1.234818 0.812465 -0.152316 0.369209 -0.258452 -0.879595
1642668808.304252 -0.338021 1.235971 0.812705 -0.152351 0.369219 -0.257323 -0.879915
1642668808.312585 -0.337553 1.237021 0.812912 -0.152195 0.369704 -0.256639 -0.879939
1642668808.320918 -0.337131 1.238140 0.813149 -0.152165 0.369905 -0.255452 -0.880205
1642668808.329252 -0.336716 1.239306 0.813440 -0.152152 0.369884 -0.254263 -0.880560
1642668808.337585 -0.336222 1.240430 0.813713 -0.152051 0.370062 -0.253073 -0.880845
1642668808.345918 -0.335726 1.241559 0.814005 -0.151918 0.370168 -0.251921 -0.881154
1642668808.354252 -0.335185 1.242676 0.814314 -0.151841 0.370282 -0.250714 -0.881464
1642668808.362585 -0.334625 1.243799 0.814639 -0.151747 0.370339 -0.249470 -0.881809
1642668808.370918 -0.334033 1.244919 0.814980 -0.151638 0.370408 -0.248319 -0.882123
1642668808.379252 -0.333411 1.246013 0.815340 -0.151600 0.370275 -0.247101 -0.882527
1642668808.387585 -0.332747 1.247068 0.815687 -0.151290 0.370548 -0.245970 -0.882782
1642668808.395918 -0.332138 1.248252 0.816145 -0.151168 0.370786 -0.244901 -0.883000
1642668808.404252 -0.331424 1.249296 0.816525 -0.151208 0.369853 -0.243175 -0.883861
1642668808.412585 -0.330722 1.250389 0.816944 -0.151078 0.369700 -0.241990 -0.884273
1642668808.420918 -0.329987 1.251472 0.817394 -0.150989 0.369374 -0.240702 -0.884775
1642668808.429252 -0.329224 1.252540 0.817862 -0.150897 0.369139 -0.239318 -0.885265
1642668808.437585 -0.328463 1.253606 0.818335 -0.150835 0.368935 -0.237830 -0.885761
1642668808.445918 -0.327682 1.254718 0.818884 -0.150704 0.369095 -0.236813 -0.885989
1642668808.454252 -0.326842 1.255730 0.819376 -0.150728 0.367802 -0.235039 -0.886995
1642668808.462585 -0.325993 1.256798 0.819928 -0.150642 0.367560 -0.233714 -0.887460
1642668808.470918 -0.325136 1.257842 0.820500 -0.150774 0.366939 -0.232342 -0.888054
1642668808.479252 -0.324263 1.258874 0.821080 -0.150890 0.366355 -0.230974 -0.888632
1642668808.487585 -0.323380 1.259908 0.821695 -0.150887 0.365933 -0.229580 -0.889168
1642668808.495918 -0.322491 1.260929 0.822322 -0.151022 0.365316 -0.228111 -0.889776
1642668808.504252 -0.321558 1.261931 0.822980 -0.151199 0.364645 -0.226523 -0.890427
1642668808.512585 -0.320662 1.262940 0.823648 -0.151360 0.364075 -0.225141 -0.890983
1642668808.520918 -0.319728 1.263953 0.824348 -0.151536 0.363785 -0.223704 -0.891434
1642668808.529252 -0.318812 1.264976 0.825090 -0.151781 0.363361 -0.222312 -0.891913
1642668808.537585 -0.317910 1.265998 0.825809 -0.152633 0.361777 -0.220581 -0.892841
1642668808.545918 -0.316970 1.266994 0.826574 -0.152909 0.361165 -0.219032 -0.893422
1642668808.554252 -0.315975 1.267957 0.827368 -0.152621 0.361732 -0.217731 -0.893560
1642668808.562585 -0.315028 1.268918 0.828172 -0.152996 0.361112 -0.216253 -0.894106
1642668808.570918 -0.314039 1.269916 0.829018 -0.153425 0.360816 -0.214785 -0.894505
1642668808.579252 -0.313067 1.270882 0.829871 -0.153807 0.360404 -0.213324 -0.894955
1642668808.587585 -0.312111 1.271870 0.830790 -0.154081 0.360578 -0.212134 -0.895121
1642668808.595918 -0.311077 1.272781 0.831652 -0.154640 0.359587 -0.210181 -0.895884
1642668808.604252 -0.310085 1.273746 0.832615 -0.154966 0.359989 -0.208975 -0.895948
1642668808.612585 -0.309048 1.274620 0.833506 -0.155654 0.358753 -0.206928 -0.896799
1642668808.620918 -0.307994 1.275531 0.834480 -0.156157 0.358650 -0.205276 -0.897133
1642668808.629252 -0.306976 1.276457 0.835510 -0.156564 0.359070 -0.204035 -0.897177
1642668808.637585 -0.305909 1.277369 0.836538 -0.157000 0.359202 -0.202578 -0.897378
1642668808.645918 -0.304828 1.278232 0.837545 -0.157523 0.358796 -0.200817 -0.897844
1642668808.654252 -0.303715 1.279054 0.838523 -0.157573 0.358667 -0.199221 -0.898242
1642668808.662585 -0.302587 1.279929 0.839562 -0.158799 0.357333 -0.197009 -0.899046
1642668808.670918 -0.301450 1.280738 0.840596 -0.158931 0.357253 -0.195544 -0.899374
1642668808.679252 -0.300325 1.281629 0.841710 -0.159963 0.356509 -0.193748 -0.899875
1642668808.687585 -0.299143 1.282438 0.842784 -0.159983 0.356478 -0.192324 -0.900189
1642668808.695918 -0.297974 1.283288 0.843910 -0.160482 0.356206 -0.190750 -0.900543
1642668808.704252 -0.296776 1.284141 0.845057 -0.161043 0.355690 -0.189233 -0.900967
1642668808.712585 -0.295579 1.284981 0.846209 -0.161574 0.355255 -0.187799 -0.901343
1642668808.720918 -0.294361 1.285788 0.847375 -0.162037 0.354791 -0.186483 -0.901716
1642668808.729252 -0.293146 1.286597 0.848557 -0.162491 0.354103 -0.185008 -0.902208
1642668808.737585 -0.291917 1.287403 0.849751 -0.162991 0.353518 -0.183679 -0.902619
1642668808.745918 -0.290703 1.288227 0.850993 -0.163843 0.352428 -0.182192 -0.903192
1642668808.754252 -0.289431 1.288940 0.852169 -0.163682 0.352277 -0.181131 -0.903493
1642668808.762585 -0.288154 1.289683 0.853401 -0.164197 0.351385 -0.179802 -0.904013
1642668808.770918 -0.286865 1.290434 0.854663 -0.164538 0.350539 -0.178533 -0.904531
1642668808.779252 -0.285559 1.291179 0.855927 -0.164927 0.349494 -0.177235 -0.905119
1642668808.787585 -0.284249 1.291924 0.857219 -0.165190 0.348593 -0.176005 -0.905659
1642668808.795918 -0.282910 1.292683 0.858519 -0.165515 0.347363 -0.174747 -0.906315
1642668808.804252 -0.281573 1.293439 0.859845 -0.165765 0.346228 -0.173516 -0.906940
1642668808.812585 -0.280206 1.294235 0.861212 -0.166355 0.344386 -0.172079 -0.907807
1642668808.820918 -0.278841 1.294968 0.862534 -0.166420 0.343306 -0.170982 -0.908411
1642668808.829252 -0.277473 1.295695 0.863861 -0.166520 0.342178 -0.169975 -0.909007
1642668808.837585 -0.276091 1.296413 0.865218 -0.166719 0.340753 -0.168865 -0.909713
1642668808.845918 -0.274711 1.297108 0.866578 -0.166962 0.339257 -0.167720 -0.910439
1642668808.854252 -0.273305 1.297784 0.867977 -0.167167 0.337518 -0.166631 -0.911247
1642668808.862585 -0.271906 1.298373 0.869551 -0.165760 0.335619 -0.166445 -0.912239
1642668808.870918 -0.270522 1.299096 0.870739 -0.167716 0.334360 -0.164403 -0.912714
1642668808.879252 -0.269130 1.299721 0.872143 -0.168080 0.332625 -0.163313 -0.913476
1642668808.887585 -0.267773 1.300397 0.873604 -0.169402 0.330156 -0.162029 -0.914356
1642668808.895918 -0.266397 1.300965 0.874967 -0.169516 0.328424 -0.161139 -0.915116
1642668808.904252 -0.265007 1.301483 0.876310 -0.168952 0.327546 -0.160511 -0.915645
1642668808.912585 -0.263658 1.302094 0.877736 -0.169212 0.326290 -0.159872 -0.916157
1642668808.920918 -0.262317 1.302611 0.879076 -0.169487 0.324140 -0.158913 -0.917036
1642668808.929252 -0.260980 1.303219 0.880483 -0.169695 0.322981 -0.158406 -0.917493
1642668808.937585 -0.259646 1.303783 0.881865 -0.170071 0.321338 -0.157631 -0.918134
1642668808.945918 -0.258364 1.304272 0.883189 -0.170181 0.319363 -0.157010 -0.918909
1642668808.954252 -0.257015 1.304758 0.884533 -0.169990 0.318341 -0.156399 -0.919403
1642668808.962585 -0.255731 1.305323 0.885950 -0.170967 0.316318 -0.155426 -0.920085
1642668808.970918 -0.254434 1.305797 0.887314 -0.171315 0.314571 -0.154588 -0.920760
1642668808.979252 -0.253139 1.306264 0.888675 -0.171656 0.313591 -0.153987 -0.921131
1642668808.987585 -0.251881 1.306694 0.890004 -0.172094 0.311682 -0.153113 -0.921843
1642668808.995918 -0.250547 1.307109 0.891281 -0.172836 0.308743 -0.151485 -0.922961
1642668809.004252 -0.249313 1.307595 0.892627 -0.173039 0.308361 -0.151204 -0.923097
1642668809.012585 -0.248058 1.308007 0.893895 -0.173424 0.306262 -0.150080 -0.923907
1642668809.020918 -0.246829 1.308505 0.895211 -0.173655 0.305648 -0.149782 -0.924115
1642668809.029252 -0.245563 1.308980 0.896465 -0.174136 0.303760 -0.148662 -0.924828
1642668809.037585 -0.244341 1.309496 0.897761 -0.174298 0.303280 -0.148323 -0.925009
1642668809.045918 -0.243151 1.309922 0.898947 -0.174802 0.301410 -0.147220 -0.925701
1642668809.054252 -0.241973 1.310405 0.900190 -0.174858 0.300861 -0.147075 -0.925892
1642668809.062585 -0.240766 1.310860 0.901375 -0.175342 0.299102 -0.146149 -0.926517
1642668809.070918 -0.239609 1.311347 0.902574 -0.175467 0.298751 -0.146150 -0.926607
1642668809.079252 -0.238447 1.311734 0.903689 -0.175870 0.296911 -0.145441 -0.927233
1642668809.087585 -0.237322 1.312199 0.904855 -0.175978 0.296458 -0.145392 -0.927365
1642668809.095918 -0.236162 1.312606 0.905948 -0.176507 0.294696 -0.144604 -0.927949
1642668809.104252 -0.235009 1.313015 0.907103 -0.177051 0.293366 -0.144194 -0.928331
1642668809.112585 -0.233892 1.313442 0.908172 -0.177079 0.292524 -0.144171 -0.928594
1642668809.120918 -0.232776 1.313877 0.909213 -0.177265 0.291543 -0.143945 -0.928903
1642668809.129252 -0.231672 1.314305 0.910235 -0.177372 0.290293 -0.143750 -0.929304
1642668809.137585 -0.230580 1.314727 0.911210 -0.177474 0.289013 -0.143657 -0.929697
1642668809.145918 -0.229486 1.315174 0.912184 -0.177508 0.287800 -0.143539 -0.930085
1642668809.154252 -0.228400 1.315629 0.913129 -0.177527 0.286729 -0.143415 -0.930431
1642668809.162585 -0.227327 1.316049 0.914049 -0.177476 0.285471 -0.143455 -0.930822
1642668809.170918 -0.226242 1.316507 0.914958 -0.177517 0.284386 -0.143406 -0.931154
1642668809.179252 -0.225189 1.316941 0.915835 -0.177535 0.283128 -0.143407 -0.931533
1642668809.187585 -0.224141 1.317375 0.916680 -0.177462 0.281790 -0.143514 -0.931936
1642668809.195918 -0.223108 1.317828 0.917518 -0.177488 0.280703 -0.143595 -0.932247
1642668809.204252 -0.222086 1.318287 0.918319 -0.177430 0.279494 -0.143768 -0.932594
1642668809.212585 -0.221080 1.318742 0.919098 -0.177408 0.278144 -0.143908 -0.932981
1642668809.220918 -0.220089 1.319186 0.919848 -0.177405 0.276785 -0.144069 -0.933360
1642668809.229252 -0.219098 1.319653 0.920571 -0.177168 0.275844 -0.144357 -0.933640
1642668809.237585 -0.218132 1.320125 0.921285 -0.177071 0.274679 -0.144623 -0.933960
1642668809.245918 -0.217140 1.320602 0.921965 -0.176967 0.273436 -0.144886 -0.934304
1642668809.254252 -0.216173 1.321094 0.922623 -0.176739 0.272378 -0.145131 -0.934618
1642668809.262585 -0.215215 1.321556 0.923242 -0.176644 0.270719 -0.145200 -0.935107
1642668809.270918 -0.214251 1.322064 0.923869 -0.176410 0.269802 -0.145547 -0.935362
1642668809.279252 -0.213306 1.322582 0.924479 -0.176098 0.269018 -0.145970 -0.935581
1642668809.287585 -0.212352 1.323084 0.925045 -0.175897 0.267832 -0.146080 -0.935942
1642668809.295918 -0.211411 1.323582 0.925591 -0.175654 0.266773 -0.146337 -0.936250
1642668809.304252 -0.210488 1.324103 0.926126 -0.175247 0.265927 -0.146797 -0.936494
1642668809.312585 -0.209565 1.324590 0.926615 -0.174916 0.264790 -0.146900 -0.936862
1642668809.320918 -0.208647 1.325131 0.927124 -0.174622 0.264151 -0.147220 -0.937047
1642668809.329252 -0.207735 1.325616 0.927580 -0.174371 0.262882 -0.147276 -0.937442
1642668809.337585 -0.206837 1.326102 0.928033 -0.174161 0.261863 -0.147537 -0.937725
1642668809.345918 -0.205932 1.326630 0.928478 -0.173668 0.261520 -0.148008 -0.937838
1642668809.354252 -0.205027 1.327147 0.928906 -0.173408 0.260716 -0.148180 -0.938083
1642668809.362585 -0.204140 1.327631 0.929294 -0.173279 0.259494 -0.148221 -0.938439
1642668809.370918 -0.203251 1.328157 0.929682 -0.172800 0.259158 -0.148644 -0.938553
1642668809.379252 -0.202368 1.328670 0.930044 -0.172534 0.258294 -0.148817 -0.938813
1642668809.387585 -0.201487 1.329204 0.930404 -0.172388 0.257462 -0.149085 -0.939026
1642668809.395918 -0.200615 1.329722 0.930728 -0.171917 0.256798 -0.149376 -0.939248
1642668809.404252 -0.199756 1.330243 0.931038 -0.171637 0.256182 -0.149672 -0.939420
1642668809.412585 -0.198895 1.330761 0.931345 -0.171419 0.255383 -0.149934 -0.939635
1642668809.420918 -0.198062 1.331266 0.931622 -0.171318 0.254211 -0.149779 -0.939996
1642668809.429252 -0.197222 1.331783 0.931907 -0.171226 0.253320 -0.150016 -0.940216
1642668809.437585 -0.196361 1.332326 0.932197 -0.170752 0.253468 -0.150541 -0.940178
1642668809.445918 -0.195506 1.332822 0.932457 -0.170604 0.252596 -0.150377 -0.940466
1642668809.454252 -0.194666 1.333364 0.932740 -0.170571 0.252025 -0.150640 -0.940583
1642668809.462585 -0.193817 1.333870 0.932986 -0.170262 0.251661 -0.150825 -0.940707
1642668809.470918 -0.192967 1.334379 0.933231 -0.170149 0.251148 -0.150955 -0.940844
1642668809.479252 -0.192115 1.334906 0.933467 -0.170050 0.250543 -0.151083 -0.941002
1642668809.487585 -0.191265 1.335426 0.933701 -0.169988 0.250017 -0.151218 -0.941131
1642668809.495918 -0.190410 1.335948 0.933918 -0.169892 0.249516 -0.151347 -0.941261
1642668809.504252 -0.189559 1.336481 0.934127 -0.169796 0.249070 -0.151479 -0.941375
1642668809.512585 -0.188688 1.336970 0.934311 -0.169809 0.248267 -0.151346 -0.941607
1642668809.520918 -0.187805 1.337489 0.934502 -0.169760 0.247862 -0.151419 -0.941710
1642668809.529252 -0.186937 1.338025 0.934708 -0.169646 0.247899 -0.151717 -0.941673
1642668809.537585 -0.186058 1.338517 0.934884 -0.169633 0.247524 -0.151749 -0.941769
1642668809.545918 -0.185171 1.339000 0.935044 -0.169720 0.246882 -0.151471 -0.941967
1642668809.554252 -0.184286 1.339518 0.935230 -0.169602 0.246892 -0.151670 -0.941953
1642668809.562585 -0.183447 1.340079 0.935390 -0.169559 0.246798 -0.151774 -0.941969
1642668809.570918 -0.182561 1.340576 0.935544 -0.169553 0.246445 -0.151719 -0.942071
1642668809.579252 -0.181644 1.341062 0.935692 -0.169571 0.246074 -0.151583 -0.942187
1642668809.587585 -0.180717 1.341524 0.935818 -0.169690 0.245347 -0.151305 -0.942400
1642668809.595918 -0.179787 1.342032 0.935944 -0.169661 0.245035 -0.151292 -0.942488
1642668809.604252 -0.178849 1.342553 0.936070 -0.169534 0.245053 -0.151419 -0.942486
1642668809.612585 -0.177892 1.343057 0.936182 -0.169548 0.244586 -0.151231 -0.942635
1642668809.620918 -0.176920 1.343554 0.936278 -0.169480 0.244175 -0.151071 -0.942779
1642668809.629252 -0.175949 1.344052 0.936366 -0.169414 0.243767 -0.150858 -0.942931
1642668809.637585 -0.174973 1.344519 0.936441 -0.169491 0.242987 -0.150380 -0.943195
1642668809.645918 -0.173973 1.345033 0.936536 -0.169409 0.242973 -0.150346 -0.943218
1642668809.654252 -0.172961 1.345510 0.936612 -0.169457 0.242486 -0.150081 -0.943377
1642668809.662585 -0.171942 1.345963 0.936646 -0.169499 0.241924 -0.149739 -0.943569
1642668809.670918 -0.170884 1.346382 0.936673 -0.169257 0.242063 -0.149731 -0.943577
1642668809.679252 -0.169838 1.346826 0.936697 -0.169327 0.241202 -0.149059 -0.943892
1642668809.687585 -0.168803 1.347300 0.936740 -0.169298 0.240860 -0.148740 -0.944034
1642668809.695918 -0.167747 1.347786 0.936783 -0.169160 0.240804 -0.148548 -0.944104
1642668809.704252 -0.166737 1.348253 0.936797 -0.169490 0.239311 -0.147997 -0.944511
1642668809.712585 -0.165665 1.348708 0.936811 -0.169516 0.238849 -0.147690 -0.944671
1642668809.720918 -0.164589 1.349139 0.936815 -0.169543 0.238160 -0.147127 -0.944928
1642668809.729252 -0.163522 1.349594 0.936831 -0.169535 0.237665 -0.146723 -0.945117
1642668809.737585 -0.162457 1.350087 0.936867 -0.169450 0.237508 -0.146517 -0.945203
1642668809.745918 -0.161394 1.350541 0.936867 -0.169462 0.236906 -0.146149 -0.945409
1642668809.754252 -0.160321 1.350985 0.936864 -0.169473 0.236128 -0.145502 -0.945702
1642668809.762585 -0.159270 1.351482 0.936888 -0.169420 0.235973 -0.145416 -0.945763
1642668809.770918 -0.158211 1.351928 0.936879 -0.169536 0.235145 -0.144892 -0.946029
1642668809.779252 -0.157173 1.352401 0.936886 -0.169551 0.234558 -0.144599 -0.946217
1642668809.787585 -0.156137 1.352896 0.936902 -0.169561 0.233976 -0.144135 -0.946430
1642668809.795918 -0.155109 1.353370 0.936901 -0.169589 0.233481 -0.143885 -0.946585
1642668809.804252 -0.154102 1.353892 0.936926 -0.169612 0.233279 -0.143838 -0.946638
1642668809.812585 -0.153107 1.354380 0.936929 -0.169650 0.232461 -0.143337 -0.946908
1642668809.820918 -0.152132 1.354897 0.936942 -0.169714 0.231899 -0.143029 -0.947081
1642668809.829252 -0.151182 1.355431 0.936972 -0.169748 0.231538 -0.142884 -0.947185
1642668809.837585 -0.150244 1.355978 0.937004 -0.169749 0.231090 -0.142614 -0.947335
1642668809.845918 -0.149316 1.356527 0.937048 -0.169700 0.230698 -0.142364 -0.947477
1642668809.854252 -0.148402 1.357090 0.937086 -0.169786 0.230205 -0.141975 -0.947640
1642668809.862585 -0.147518 1.357655 0.937127 -0.169785 0.229849 -0.141795 -0.947754
1642668809.870918 -0.146639 1.358239 0.937179 -0.169793 0.229378 -0.141408 -0.947924
1642668809.879252 -0.145784 1.358836 0.937240 -0.169743 0.228982 -0.141053 -0.948082
1642668809.887585 -0.144945 1.359420 0.937303 -0.169756 0.228688 -0.140780 -0.948191
1642668809.895918 -0.144120 1.360013 0.937376 -0.169771 0.228476 -0.140543 -0.948274
1642668809.904252 -0.143318 1.360594 0.937460 -0.169806 0.228141 -0.140184 -0.948402
1642668809.912585 -0.142525 1.361159 0.937550 -0.169897 0.227855 -0.139871 -0.948500
1642668809.920918 -0.141761 1.361744 0.937655 -0.169918 0.227525 -0.139340 -0.948654
1642668809.929252 -0.141001 1.362330 0.937768 -0.170038 0.227319 -0.139108 -0.948716
1642668809.937585 -0.140283 1.362930 0.937887 -0.170142 0.227131 -0.138823 -0.948784
1642668809.945918 -0.139566 1.363534 0.938032 -0.170254 0.226938 -0.138536 -0.948852
1642668809.954252 -0.138863 1.364132 0.938187 -0.170417 0.226620 -0.138171 -0.948952
1642668809.962585 -0.138165 1.364727 0.938348 -0.170671 0.226373 -0.137941 -0.948999
1642668809.970918 -0.137486 1.365339 0.938528 -0.170825 0.226124 -0.137554 -0.949087
1642668809.979252 -0.136830 1.365930 0.938710 -0.171009 0.225946 -0.137364 -0.949124
1642668809.987585 -0.136155 1.366486 0.938888 -0.170763 0.226390 -0.137330 -0.949067
1642668809.995918 -0.135531 1.367108 0.939132 -0.171502 0.225460 -0.136681 -0.949249
1642668810.004252 -0.134894 1.367696 0.939346 -0.171749 0.225301 -0.136380 -0.949285
1642668810.012585 -0.134263 1.368290 0.939576 -0.172008 0.225177 -0.136003 -0.949322
1642668810.020918 -0.133655 1.368912 0.939818 -0.172310 0.225167 -0.135735 -0.949308
1642668810.029252 -0.133038 1.369535 0.940062 -0.172557 0.225044 -0.135362 -0.949345
1642668810.037585 -0.132407 1.370128 0.940269 -0.172470 0.225578 -0.135331 -0.949239
1642668810.045918 -0.131833 1.370802 0.940550 -0.173298 0.224733 -0.134684 -0.949380
1642668810.054252 -0.131247 1.371439 0.940799 -0.173517 0.224895 -0.134465 -0.949333
1642668810.062585 -0.130657 1.372067 0.941038 -0.173428 0.225608 -0.134406 -0.949188
1642668810.070918 -0.130108 1.372767 0.941330 -0.174390 0.224751 -0.133883 -0.949289
1642668810.079252 -0.129567 1.373486 0.941623 -0.175126 0.224369 -0.133464 -0.949304
1642668810.087585 -0.128960 1.374127 0.941811 -0.174517 0.225491 -0.133599 -0.949131
1642668810.095918 -0.128450 1.374896 0.942133 -0.175897 0.224177 -0.132819 -0.949297
1642668810.104252 -0.127900 1.375611 0.942383 -0.176081 0.224362 -0.132603 -0.949249
1642668810.112585 -0.127330 1.376234 0.942558 -0.175132 0.225595 -0.132955 -0.949083
1642668810.120918 -0.126790 1.376955 0.942789 -0.175353 0.225634 -0.132699 -0.949069
1642668810.129252 -0.126252 1.377677 0.943018 -0.175604 0.225625 -0.132507 -0.949051
1642668810.137585 -0.125717 1.378398 0.943234 -0.175797 0.225502 -0.132246 -0.949081
1642668810.145918 -0.125177 1.379130 0.943453 -0.175992 0.225498 -0.132002 -0.949080
1642668810.154252 -0.124643 1.379861 0.943668 -0.176132 0.225410 -0.131831 -0.949099
1642668810.162585 -0.124103 1.380599 0.943861 -0.176296 0.225271 -0.131609 -0.949132
1642668810.170918 -0.123573 1.381339 0.944048 -0.176324 0.225159 -0.131471 -0.949172
1642668810.179252 -0.123028 1.382089 0.944216 -0.176432 0.224729 -0.131200 -0.949292
1642668810.187585 -0.122502 1.382856 0.944379 -0.176426 0.224375 -0.130934 -0.949414
1642668810.195918 -0.121964 1.383626 0.944543 -0.176351 0.224256 -0.130857 -0.949466
1642668810.204252 -0.121437 1.384410 0.944687 -0.176358 0.223875 -0.130633 -0.949586
1642668810.212585 -0.120922 1.385205 0.944838 -0.176255 0.223624 -0.130419 -0.949694
1642668810.220918 -0.120390 1.385987 0.944985 -0.176235 0.223127 -0.130031 -0.949867
1642668810.229252 -0.119867 1.386778 0.945148 -0.176119 0.222859 -0.129650 -0.950003
1642668810.237585 -0.119352 1.387559 0.945325 -0.176153 0.222431 -0.129264 -0.950150
1642668810.245918 -0.118837 1.388324 0.945501 -0.176235 0.222072 -0.128872 -0.950272
1642668810.254252 -0.118333 1.389112 0.945690 -0.176299 0.221619 -0.128321 -0.950441
1642668810.262585 -0.117834 1.389876 0.945898 -0.176621 0.221071 -0.127834 -0.950574
1642668810.270918 -0.117328 1.390665 0.946112 -0.176689 0.220869 -0.127378 -0.950670
1642668810.279252 -0.116796 1.391429 0.946303 -0.176306 0.221411 -0.127210 -0.950637
1642668810.287585 -0.116289 1.392228 0.946532 -0.176443 0.221159 -0.126647 -0.950746
1642668810.295918 -0.115771 1.393040 0.946770 -0.176737 0.220744 -0.126045 -0.950867
1642668810.304252 -0.115262 1.393855 0.947017 -0.177003 0.220532 -0.125628 -0.950922
1642668810.312585 -0.114739 1.394680 0.947282 -0.177353 0.220115 -0.125137 -0.951019
1642668810.320918 -0.114241 1.395508 0.947556 -0.177697 0.219859 -0.124678 -0.951074
1642668810.329252 -0.113747 1.396329 0.947839 -0.178085 0.219646 -0.124218 -0.951110
1642668810.337585 -0.113258 1.397133 0.948149 -0.178696 0.219447 -0.123906 -0.951083
1642668810.345918 -0.112780 1.397952 0.948468 -0.179217 0.219293 -0.123412 -0.951084
1642668810.354252 -0.112315 1.398762 0.948797 -0.179830 0.219017 -0.123034 -0.951081
1642668810.362585 -0.111857 1.399567 0.949132 -0.180384 0.219057 -0.122750 -0.951004
1642668810.370918 -0.111406 1.400379 0.949470 -0.180968 0.218944 -0.122393 -0.950965
1642668810.379252 -0.110969 1.401197 0.949825 -0.181527 0.218987 -0.122067 -0.950890
1642668810.387585 -0.110525 1.402007 0.950181 -0.182187 0.218985 -0.121809 -0.950798
1642668810.395918 -0.110109 1.402822 0.950551 -0.182751 0.219024 -0.121410 -0.950731
1642668810.404252 -0.109668 1.403618 0.950916 -0.183424 0.218988 -0.121230 -0.950633
1642668810.412585 -0.109261 1.404422 0.951286 -0.184065 0.219074 -0.120909 -0.950530
1642668810.420918 -0.108850 1.405227 0.951667 -0.184755 0.219151 -0.120745 -0.950400
1642668810.429252 -0.108435 1.406023 0.952048 -0.185490 0.219156 -0.120478 -0.950289
1642668810.437585 -0.108035 1.406817 0.952441 -0.186064 0.219383 -0.120217 -0.950157
1642668810.445918 -0.107622 1.407602 0.952830 -0.186705 0.219582 -0.120067 -0.950005
1642668810.454252 -0.107218 1.408371 0.953215 -0.187363 0.219744 -0.119786 -0.949873
1642668810.462585 -0.106817 1.409114 0.953596 -0.188075 0.219797 -0.119514 -0.949754
1642668810.470918 -0.106407 1.409855 0.953980 -0.188788 0.219870 -0.119286 -0.949625
1642668810.479252 -0.106022 1.410587 0.954370 -0.189424 0.220142 -0.119186 -0.949448
1642668810.487585 -0.105656 1.411331 0.954756 -0.189982 0.220320 -0.118996 -0.949319
1642668810.495918 -0.105274 1.412056 0.955133 -0.190679 0.220352 -0.118867 -0.949188
1642668810.504252 -0.104904 1.412794 0.955517 -0.191310 0.220405 -0.118838 -0.949052
1642668810.512585 -0.104534 1.413523 0.955891 -0.191925 0.220514 -0.118775 -0.948911
1642668810.520918 -0.104167 1.414249 0.956254 -0.192398 0.220481 -0.118669 -0.948835
1642668810.529252 -0.103785 1.414955 0.956611 -0.192995 0.220294 -0.118596 -0.948767
1642668810.537585 -0.103408 1.415669 0.956963 -0.193450 0.220319 -0.118562 -0.948673
1642668810.545918 -0.103037 1.416381 0.957317 -0.193837 0.220178 -0.118529 -0.948630
1642668810.554252 -0.102663 1.417082 0.957663 -0.194274 0.219994 -0.118556 -0.948580
1642668810.562585 -0.102293 1.417778 0.958020 -0.194712 0.219734 -0.118551 -0.948551
1642668810.570918 -0.101923 1.418461 0.958385 -0.195159 0.219322 -0.118689 -0.948538
1642668810.579252 -0.101566 1.419135 0.958747 -0.195585 0.219066 -0.118763 -0.948500
1642668810.587585 -0.101212 1.419780 0.959100 -0.196043 0.218552 -0.118880 -0.948509
1642668810.595918 -0.100850 1.420416 0.959462 -0.196518 0.217979 -0.118983 -0.948530
1642668810.604252 -0.100484 1.421045 0.959813 -0.196983 0.217537 -0.119212 -0.948506
1642668810.612585 -0.100137 1.421669 0.960158 -0.197287 0.217020 -0.119302 -0.948550
1642668810.620918 -0.099778 1.422278 0.960500 -0.197759 0.216324 -0.119440 -0.948593
1642668810.629252 -0.099424 1.422892 0.960833 -0.198183 0.215740 -0.119745 -0.948599
1642668810.637585 -0.099069 1.423506 0.961172 -0.198512 0.215243 -0.120134 -0.948594
1642668810.645918 -0.098719 1.424119 0.961501 -0.198922 0.214682 -0.120470 -0.948593
1642668810.654252 -0.098376 1.424734 0.961818 -0.199182 0.214127 -0.120758 -0.948627
1642668810.662585 -0.098007 1.425346 0.962137 -0.199582 0.213439 -0.121031 -0.948664
1642668810.670918 -0.097638 1.425961 0.962441 -0.199822 0.212976 -0.121340 -0.948678
1642668810.679252 -0.097258 1.426567 0.962737 -0.200057 0.212577 -0.121582 -0.948686
1642668810.687585 -0.096861 1.427171 0.963016 -0.200355 0.212135 -0.121746 -0.948702
1642668810.695918 -0.096461 1.427776 0.963286 -0.200520 0.211716 -0.121811 -0.948752
1642668810.704252 -0.096048 1.428370 0.963543 -0.200715 0.211427 -0.121956 -0.948756
1642668810.712585 -0.095636 1.428987 0.963788 -0.200759 0.211159 -0.122008 -0.948800
1642668810.720918 -0.095208 1.429600 0.964009 -0.200896 0.210918 -0.122099 -0.948813
1642668810.729252 -0.094775 1.430204 0.964214 -0.201061 0.210678 -0.122111 -0.948830
1642668810.737585 -0.094330 1.430834 0.964409 -0.201206 0.210342 -0.122023 -0.948885
1642668810.745918 -0.093874 1.431474 0.964595 -0.201244 0.210161 -0.122044 -0.948914
1642668810.754252 -0.093406 1.432123 0.964759 -0.201204 0.210031 -0.121991 -0.948959
1642668810.762585 -0.092916 1.432773 0.964893 -0.201304 0.209869 -0.122021 -0.948969
1642668810.770918 -0.092404 1.433421 0.965005 -0.201264 0.209612 -0.121823 -0.949060
1642668810.779252 -0.091874 1.434082 0.965100 -0.201234 0.209467 -0.121690 -0.949115
1642668810.787585 -0.091325 1.434734 0.965177 -0.201060 0.209345 -0.121484 -0.949206
1642668810.795918 -0.090760 1.435387 0.965226 -0.200918 0.209194 -0.121273 -0.949296
1642668810.804252 -0.090190 1.436041 0.965244 -0.200747 0.209060 -0.120981 -0.949399
1642668810.812585 -0.089611 1.436678 0.965240 -0.200594 0.208954 -0.120726 -0.949487
1642668810.820918 -0.089020 1.437327 0.965208 -0.200389 0.208803 -0.120322 -0.949615
1642668810.829252 -0.088418 1.437967 0.965152 -0.200248 0.208528 -0.119967 -0.949750
1642668810.837585 -0.087803 1.438601 0.965061 -0.199979 0.208460 -0.119802 -0.949842
1642668810.845918 -0.087183 1.439258 0.964947 -0.199701 0.208209 -0.119445 -0.950001
1642668810.854252 -0.086553 1.439900 0.964798 -0.199300 0.207957 -0.119096 -0.950184
1642668810.862585 -0.085903 1.440537 0.964624 -0.198942 0.207518 -0.118765 -0.950396
1642668810.870918 -0.085272 1.441170 0.964416 -0.198523 0.207141 -0.118444 -0.950606
1642668810.879252 -0.084633 1.441789 0.964196 -0.198081 0.206676 -0.118229 -0.950826
1642668810.887585 -0.084001 1.442401 0.963957 -0.197628 0.206150 -0.118015 -0.951061
1642668810.895918 -0.083402 1.443019 0.963701 -0.197211 0.205592 -0.117709 -0.951307
1642668810.904252 -0.082794 1.443654 0.963437 -0.196830 0.204905 -0.117372 -0.951575
1642668810.912585 -0.082207 1.444311 0.963159 -0.196263 0.204403 -0.117095 -0.951835
1642668810.920918 -0.081627 1.444988 0.962863 -0.195739 0.203941 -0.116957 -0.952059
1642668810.929252 -0.081032 1.445684 0.962559 -0.195287 0.203186 -0.116734 -0.952340
1642668810.937585 -0.080459 1.446392 0.962238 -0.194684 0.202602 -0.116455 -0.952622
1642668810.945918 -0.079888 1.447096 0.961891 -0.194125 0.201898 -0.116214 -0.952915
1642668810.954252 -0.079327 1.447807 0.961530 -0.193480 0.201269 -0.116029 -0.953202
1642668810.962585 -0.078794 1.448529 0.961161 -0.192852 0.200742 -0.115908 -0.953455
1642668810.970918 -0.078289 1.449258 0.960767 -0.192214 0.200191 -0.115638 -0.953732
1642668810.979252 -0.077796 1.449997 0.960354 -0.191716 0.199569 -0.115572 -0.953971
1642668810.987585 -0.077353 1.450747 0.959932 -0.191144 0.198910 -0.115339 -0.954251
1642668810.995918 -0.076930 1.451495 0.959498 -0.190610 0.198582 -0.115259 -0.954436
1642668811.004252 -0.076537 1.452248 0.959046 -0.190062 0.198121 -0.115147 -0.954655
1642668811.012585 -0.076172 1.453018 0.958578 -0.189577 0.197679 -0.115063 -0.954853
1642668811.020918 -0.075836 1.453800 0.958109 -0.189047 0.197315 -0.115006 -0.955040
1642668811.029252 -0.075515 1.454578 0.957606 -0.188552 0.196996 -0.115042 -0.955200
1642668811.037585 -0.075233 1.455354 0.957104 -0.187981 0.196782 -0.115008 -0.955360
1642668811.045918 -0.074976 1.456120 0.956577 -0.187432 0.196560 -0.114967 -0.955519
1642668811.054252 -0.074746 1.456892 0.956041 -0.186939 0.196343 -0.114951 -0.955662
1642668811.062585 -0.074559 1.457658 0.955503 -0.186333 0.196361 -0.115040 -0.955766
1642668811.070918 -0.074398 1.458421 0.954938 -0.185819 0.196421 -0.115108 -0.955845
1642668811.079252 -0.074266 1.459183 0.954366 -0.185355 0.196556 -0.115285 -0.955886
1642668811.087585 -0.074182 1.459966 0.953778 -0.184843 0.196621 -0.115239 -0.955978
1642668811.095918 -0.074106 1.460739 0.953178 -0.184467 0.196708 -0.115394 -0.956014
1642668811.104252 -0.074082 1.461514 0.952567 -0.183953 0.196944 -0.115508 -0.956050
1642668811.112585 -0.074065 1.462291 0.951947 -0.183600 0.197033 -0.115703 -0.956076
1642668811.120918 -0.074086 1.463075 0.951312 -0.183060 0.197320 -0.115873 -0.956100
1642668811.129252 -0.074135 1.463850 0.950668 -0.182544 0.197549 -0.116137 -0.956120
1642668811.137585 -0.074202 1.464620 0.950007 -0.182040 0.197848 -0.116414 -0.956120
1642668811.145918 -0.074294 1.465377 0.949324 -0.181676 0.198026 -0.116598 -0.956130
1642668811.154252 -0.074408 1.466136 0.948638 -0.181231 0.198217 -0.116866 -0.956142
1642668811.162585 -0.074561 1.466894 0.947943 -0.180744 0.198595 -0.117099 -0.956127
1642668811.170918 -0.074722 1.467639 0.947231 -0.180351 0.199048 -0.117499 -0.956058
1642668811.179252 -0.074917 1.468377 0.946497 -0.179953 0.199380 -0.117782 -0.956029
1642668811.187585 -0.075136 1.469110 0.945761 -0.179533 0.199731 -0.117996 -0.956008
1642668811.195918 -0.075368 1.469841 0.944999 -0.179176 0.200025 -0.118261 -0.955981
1642668811.204252 -0.075608 1.470556 0.944219 -0.178727 0.200436 -0.118609 -0.955936
1642668811.212585 -0.075888 1.471268 0.943424 -0.178351 0.200876 -0.118956 -0.955871
1642668811.220918 -0.076186 1.471976 0.942609 -0.177851 0.201258 -0.119267 -0.955845
1642668811.229252 -0.076488 1.472677 0.941769 -0.177354 0.201741 -0.119700 -0.955782
1642668811.237585 -0.076815 1.473357 0.940906 -0.176868 0.202092 -0.119980 -0.955762
1642668811.245918 -0.077151 1.474024 0.940025 -0.176384 0.202492 -0.120285 -0.955729
1642668811.254252 -0.077500 1.474669 0.939126 -0.175880 0.202913 -0.120682 -0.955682
1642668811.262585 -0.077878 1.475302 0.938206 -0.175351 0.203305 -0.121004 -0.955656
1642668811.270918 -0.078264 1.475921 0.937271 -0.174867 0.203598 -0.121421 -0.955629
1642668811.279252 -0.078673 1.476535 0.936316 -0.174336 0.204054 -0.121837 -0.955576
1642668811.287585 -0.079103 1.477138 0.935347 -0.173844 0.204571 -0.122337 -0.955491
1642668811.295918 -0.079546 1.477732 0.934364 -0.173302 0.205024 -0.122878 -0.955423
1642668811.304252 -0.080003 1.478311 0.933364 -0.172699 0.205600 -0.123541 -0.955323
1642668811.312585 -0.080476 1.478901 0.932347 -0.172103 0.206012 -0.124068 -0.955273
1642668811.320918 -0.080997 1.479519 0.931318 -0.171974 0.205451 -0.124376 -0.955377
1642668811.329252 -0.081477 1.480072 0.930268 -0.171276 0.206126 -0.125101 -0.955263
1642668811.337585 -0.081980 1.480625 0.929207 -0.170523 0.206666 -0.125772 -0.955193
1642668811.345918 -0.082480 1.481155 0.928117 -0.169896 0.207073 -0.126445 -0.955127
1642668811.354252 -0.083010 1.481688 0.927031 -0.169139 0.207572 -0.127036 -0.955075
1642668811.362585 -0.083552 1.482203 0.925921 -0.168291 0.208166 -0.127754 -0.954999
1642668811.370918 -0.084098 1.482721 0.924798 -0.167646 0.208550 -0.128303 -0.954956
1642668811.379252 -0.084645 1.483214 0.923660 -0.166904 0.208952 -0.128978 -0.954907
1642668811.387585 -0.085200 1.483701 0.922503 -0.166108 0.209461 -0.129526 -0.954860
1642668811.395918 -0.085753 1.484181 0.921339 -0.165293 0.210102 -0.130294 -0.954756
1642668811.404252 -0.086308 1.484646 0.920160 -0.164554 0.210786 -0.130984 -0.954638
1642668811.412585 -0.086846 1.485083 0.918966 -0.163770 0.211318 -0.131633 -0.954566
1642668811.420918 -0.087403 1.485521 0.917768 -0.162947 0.212055 -0.132246 -0.954459
1642668811.429252 -0.087969 1.485974 0.916590 -0.162628 0.211947 -0.132657 -0.954480
1642668811.437585 -0.088585 1.486437 0.915451 -0.161357 0.214489 -0.134446 -0.953878
1642668811.445918 -0.089063 1.486755 0.914250 -0.160925 0.214167 -0.133978 -0.954089
1642668811.454252 -0.089689 1.487237 0.913005 -0.159685 0.215714 -0.135785 -0.953693
1642668811.462585 -0.090309 1.487635 0.911804 -0.158484 0.217784 -0.137348 -0.953199
1642668811.470918 -0.090677 1.487873 0.910534 -0.158512 0.215440 -0.135716 -0.953960
1642668811.479252 -0.091206 1.488219 0.909282 -0.157772 0.215863 -0.136311 -0.953903
1642668811.487585 -0.091723 1.488559 0.908029 -0.156913 0.216171 -0.136800 -0.953905
1642668811.495918 -0.092233 1.488878 0.906772 -0.156119 0.216649 -0.137320 -0.953852
1642668811.504252 -0.092734 1.489186 0.905505 -0.155294 0.216948 -0.137859 -0.953841
1642668811.512585 -0.093234 1.489485 0.904234 -0.154509 0.217342 -0.138344 -0.953808
1642668811.520918 -0.093721 1.489783 0.902981 -0.153689 0.217782 -0.138977 -0.953748
1642668811.529252 -0.094207 1.490077 0.901704 -0.152995 0.218063 -0.139467 -0.953724
1642668811.537585 -0.094699 1.490366 0.900433 -0.152138 0.218411 -0.139969 -0.953708
1642668811.545918 -0.095181 1.490639 0.899161 -0.151384 0.218696 -0.140361 -0.953705
1642668811.554252 -0.095653 1.490916 0.897881 -0.150585 0.219065 -0.140787 -0.953684
1642668811.562585 -0.096134 1.491173 0.896596 -0.149819 0.219499 -0.141086 -0.953661
1642668811.570918 -0.096587 1.491430 0.895303 -0.149042 0.219712 -0.141349 -0.953695
1642668811.579252 -0.097035 1.491623 0.893909 -0.148444 0.218483 -0.140746 -0.954159
1642668811.587585 -0.097501 1.491843 0.892692 -0.147603 0.220715 -0.141766 -0.953625
1642668811.595918 -0.097909 1.492032 0.891290 -0.146957 0.220006 -0.141395 -0.953944
1642668811.604252 -0.098350 1.492202 0.890046 -0.146128 0.221817 -0.141849 -0.953584
1642668811.612585 -0.098766 1.492324 0.888698 -0.145347 0.222463 -0.141747 -0.953568
1642668811.620918 -0.099185 1.492419 0.887331 -0.144677 0.223211 -0.141733 -0.953497
1642668811.629252 -0.099577 1.492454 0.885866 -0.144229 0.222321 -0.140845 -0.953905
1642668811.637585 -0.100002 1.492542 0.884498 -0.143402 0.223843 -0.141083 -0.953638
1642668811.645918 -0.100448 1.492600 0.883196 -0.142616 0.226109 -0.141506 -0.953158
1642668811.654252 -0.100800 1.492663 0.881731 -0.141795 0.226770 -0.141031 -0.953195
1642668811.662585 -0.101251 1.492718 0.880319 -0.141153 0.227808 -0.141153 -0.953024
1642668811.670918 -0.101688 1.492785 0.878925 -0.140653 0.228710 -0.141166 -0.952880
1642668811.679252 -0.102155 1.492867 0.877532 -0.139957 0.229765 -0.141276 -0.952713
1642668811.687585 -0.102628 1.492957 0.876145 -0.139382 0.230683 -0.141408 -0.952556
1642668811.695918 -0.103105 1.493057 0.874750 -0.138729 0.231571 -0.141684 -0.952394
1642668811.704252 -0.103684 1.493376 0.873152 -0.137569 0.231536 -0.143227 -0.952340
1642668811.712585 -0.104248 1.493555 0.871804 -0.136889 0.232707 -0.143629 -0.952092
1642668811.720918 -0.104572 1.493385 0.870669 -0.137043 0.234082 -0.142658 -0.951879
1642668811.729252 -0.105075 1.493513 0.869319 -0.136517 0.234820 -0.143093 -0.951708
1642668811.737585 -0.105644 1.493754 0.867871 -0.135521 0.235488 -0.144374 -0.951491
1642668811.745918 -0.106153 1.493885 0.866535 -0.135018 0.236029 -0.144652 -0.951387
1642668811.754252 -0.106663 1.494024 0.865216 -0.134451 0.236599 -0.144910 -0.951286
1642668811.762585 -0.107143 1.494081 0.863964 -0.134148 0.237345 -0.144913 -0.951142
1642668811.770918 -0.107667 1.494217 0.862652 -0.133745 0.237560 -0.145213 -0.951100
1642668811.779252 -0.108214 1.494364 0.861352 -0.133496 0.237533 -0.145610 -0.951081
1642668811.787585 -0.108739 1.494495 0.860066 -0.132756 0.238356 -0.146184 -0.950891
1642668811.795918 -0.109183 1.494521 0.858799 -0.132834 0.238366 -0.147906 -0.950611
1642668811.804252 -0.109828 1.494787 0.857532 -0.132011 0.238657 -0.147021 -0.950790
1642668811.812585 -0.110284 1.494804 0.856296 -0.132162 0.238637 -0.148882 -0.950484
1642668811.820918 -0.110851 1.494951 0.855081 -0.131802 0.238888 -0.149336 -0.950400
1642668811.829252 -0.111454 1.495104 0.853881 -0.131769 0.238335 -0.149643 -0.950495
1642668811.837585 -0.112013 1.495241 0.852695 -0.131448 0.238646 -0.150119 -0.950386
1642668811.845918 -0.112577 1.495367 0.851516 -0.131109 0.238913 -0.150697 -0.950274
1642668811.854252 -0.113151 1.495472 0.850353 -0.130728 0.239249 -0.151213 -0.950160
1642668811.862585 -0.113731 1.495577 0.849190 -0.130499 0.239316 -0.151620 -0.950110
1642668811.870918 -0.114303 1.495662 0.848041 -0.130305 0.239578 -0.152008 -0.950009
1642668811.879252 -0.114868 1.495738 0.846889 -0.130103 0.239832 -0.152375 -0.949913
1642668811.887585 -0.115425 1.495804 0.845739 -0.129936 0.240116 -0.152694 -0.949813
1642668811.895918 -0.115974 1.495855 0.844603 -0.129871 0.240272 -0.152966 -0.949739
1642668811.904252 -0.116503 1.495894 0.843464 -0.129607 0.240865 -0.153242 -0.949581
1642668811.912585 -0.117021 1.495902 0.842335 -0.129306 0.241478 -0.153540 -0.949417
1642668811.920918 -0.117523 1.495908 0.841211 -0.129119 0.242020 -0.153779 -0.949266
1642668811.929252 -0.118030 1.495903 0.840107 -0.128850 0.242817 -0.153927 -0.949076
1642668811.937585 -0.118522 1.495875 0.839000 -0.128751 0.243543 -0.154183 -0.948861
1642668811.945918 -0.119016 1.495870 0.837943 -0.129009 0.243725 -0.154019 -0.948806
1642668811.954252 -0.119487 1.495821 0.836847 -0.128888 0.244450 -0.154117 -0.948620
1642668811.962585 -0.119938 1.495758 0.835761 -0.128629 0.245532 -0.154267 -0.948351
1642668811.970918 -0.120377 1.495676 0.834675 -0.128422 0.246588 -0.154452 -0.948075
1642668811.979252 -0.120797 1.495557 0.833585 -0.127897 0.247898 -0.154646 -0.947773
1642668811.987585 -0.121282 1.495498 0.832502 -0.127506 0.249198 -0.154990 -0.947428
1642668811.995918 -0.121607 1.495282 0.831450 -0.127581 0.249756 -0.154757 -0.947309
1642668812.004252 -0.121997 1.495132 0.830408 -0.127422 0.250637 -0.154740 -0.947101
1642668812.012585 -0.122480 1.495108 0.829414 -0.127159 0.251297 -0.153175 -0.947216
1642668812.020918 -0.122812 1.494866 0.828371 -0.126584 0.252662 -0.153373 -0.946898
1642668812.029252 -0.123176 1.494664 0.827417 -0.126882 0.252877 -0.152947 -0.946869
1642668812.037585 -0.123494 1.494352 0.826413 -0.126325 0.254112 -0.153033 -0.946599
1642668812.045918 -0.123830 1.494023 0.825440 -0.126050 0.254848 -0.152978 -0.946447
1642668812.054252 -0.124147 1.493704 0.824517 -0.126079 0.255472 -0.152792 -0.946305
1642668812.062585 -0.124468 1.493346 0.823599 -0.126014 0.255975 -0.152612 -0.946207
1642668812.070918 -0.124772 1.492963 0.822691 -0.125886 0.256402 -0.152403 -0.946142
1642668812.079252 -0.125073 1.492564 0.821804 -0.125744 0.256940 -0.152418 -0.946012
1642668812.087585 -0.125375 1.492150 0.820926 -0.125648 0.257281 -0.152432 -0.945930
1642668812.095918 -0.125687 1.491717 0.820080 -0.125620 0.257430 -0.152388 -0.945901
1642668812.104252 -0.126005 1.491277 0.819251 -0.125488 0.257679 -0.152410 -0.945847
1642668812.112585 -0.126341 1.490805 0.818443 -0.125309 0.257592 -0.152519 -0.945876
1642668812.120918 -0.126690 1.490349 0.817672 -0.125222 0.257746 -0.152711 -0.945815
1642668812.129252 -0.127040 1.489901 0.816927 -0.125396 0.257600 -0.152865 -0.945807
1642668812.137585 -0.127407 1.489401 0.816185 -0.125285 0.257587 -0.153164 -0.945777
1642668812.145918 -0.127781 1.488928 0.815479 -0.125385 0.257658 -0.153449 -0.945698
1642668812.154252 -0.128162 1.488426 0.814786 -0.125448 0.257597 -0.153745 -0.945658
1642668812.162585 -0.128538 1.487894 0.814097 -0.125574 0.257553 -0.154084 -0.945598
1642668812.170918 -0.128929 1.487328 0.813415 -0.125576 0.257458 -0.154466 -0.945562
1642668812.179252 -0.129296 1.486765 0.812749 -0.125734 0.257402 -0.154787 -0.945503
1642668812.187585 -0.129695 1.486187 0.812099 -0.125784 0.257480 -0.155099 -0.945424
1642668812.195918 -0.130068 1.485611 0.811469 -0.126006 0.257514 -0.155387 -0.945338
1642668812.204252 -0.130457 1.484964 0.810825 -0.126017 0.257632 -0.155796 -0.945237
1642668812.212585 -0.130832 1.484341 0.810211 -0.126272 0.257922 -0.156134 -0.945068
1642668812.220918 -0.131211 1.483678 0.809600 -0.126471 0.258197 -0.156487 -0.944908
1642668812.229252 -0.131577 1.483006 0.808997 -0.126633 0.258465 -0.156662 -0.944784
1642668812.237585 -0.131943 1.482292 0.808379 -0.126716 0.258793 -0.156810 -0.944659
1642668812.245918 -0.132299 1.481588 0.807788 -0.126869 0.259337 -0.157046 -0.944450
1642668812.254252 -0.132657 1.480886 0.807208 -0.126967 0.259958 -0.157082 -0.944260
1642668812.262585 -0.133125 1.480306 0.806626 -0.126948 0.261162 -0.157648 -0.943836
1642668812.270918 -0.133468 1.479597 0.806082 -0.127139 0.261899 -0.157673 -0.943601
1642668812.279252 -0.133691 1.478727 0.805540 -0.127497 0.262297 -0.157423 -0.943484
1642668812.287585 -0.134032 1.477994 0.805010 -0.127665 0.263130 -0.157621 -0.943197
1642668812.295918 -0.134593 1.477517 0.804334 -0.126719 0.266213 -0.159009 -0.942226
1642668812.304252 -0.134923 1.476748 0.803830 -0.126913 0.267160 -0.159154 -0.941907
1642668812.312585 -0.135029 1.475672 0.803495 -0.128383 0.265741 -0.157801 -0.942337
1642668812.320918 -0.135354 1.474865 0.803012 -0.128588 0.266678 -0.157881 -0.942030
1642668812.329252 -0.135675 1.474075 0.802552 -0.128770 0.267634 -0.157824 -0.941744
1642668812.337585 -0.135982 1.473284 0.802114 -0.129145 0.268677 -0.157744 -0.941409
1642668812.345918 -0.136288 1.472474 0.801682 -0.129366 0.269680 -0.157728 -0.941095
1642668812.354252 -0.136604 1.471658 0.801269 -0.129594 0.270595 -0.157588 -0.940824
1642668812.362585 -0.136917 1.470840 0.800875 -0.129882 0.271550 -0.157656 -0.940498
1642668812.370918 -0.137219 1.470023 0.800504 -0.130118 0.272338 -0.157622 -0.940243
1642668812.379252 -0.137538 1.469189 0.800134 -0.130361 0.273169 -0.157720 -0.939952
1642668812.387585 -0.137835 1.468364 0.799795 -0.130698 0.273870 -0.157851 -0.939679
1642668812.395918 -0.138141 1.467537 0.799485 -0.130843 0.274554 -0.157986 -0.939436
1642668812.404252 -0.138426 1.466691 0.799180 -0.131080 0.275100 -0.158037 -0.939235
1642668812.412585 -0.138694 1.465828 0.798897 -0.131306 0.275654 -0.158145 -0.939023
1642668812.420918 -0.138954 1.464961 0.798636 -0.131542 0.276080 -0.158231 -0.938850
1642668812.429252 -0.139197 1.464072 0.798393 -0.131907 0.276357 -0.158260 -0.938712
1642668812.437585 -0.139450 1.463221 0.798214 -0.132775 0.275958 -0.158005 -0.938751
1642668812.445918 -0.139690 1.462331 0.798025 -0.133122 0.276138 -0.158197 -0.938616
1642668812.454252 -0.139942 1.461441 0.797853 -0.133407 0.276212 -0.158285 -0.938539
1642668812.462585 -0.140180 1.460544 0.797675 -0.133333 0.276612 -0.158692 -0.938363
1642668812.470918 -0.140455 1.459702 0.797583 -0.134015 0.276160 -0.158859 -0.938371
1642668812.479252 -0.140715 1.458852 0.797476 -0.134297 0.276070 -0.159301 -0.938282
1642668812.487585 -0.140966 1.457976 0.797355 -0.134243 0.276408 -0.160049 -0.938063
1642668812.495918 -0.141259 1.457169 0.797310 -0.134759 0.275804 -0.160296 -0.938124
1642668812.504252 -0.141530 1.456323 0.797259 -0.135019 0.275463 -0.160725 -0.938114
1642668812.512585 -0.141795 1.455477 0.797216 -0.135270 0.275077 -0.161216 -0.938107
1642668812.520918 -0.142050 1.454582 0.797160 -0.135086 0.275114 -0.161840 -0.938015
1642668812.529252 -0.142334 1.453739 0.797171 -0.135631 0.274287 -0.162076 -0.938138
1642668812.537585 -0.142613 1.452860 0.797163 -0.135807 0.274023 -0.162573 -0.938103
1642668812.545918 -0.142907 1.451974 0.797169 -0.136009 0.273633 -0.162940 -0.938124
1642668812.554252 -0.143214 1.451099 0.797185 -0.136107 0.273303 -0.163365 -0.938132
1642668812.562585 -0.143521 1.450228 0.797209 -0.136308 0.272942 -0.163838 -0.938126
1642668812.570918 -0.143845 1.449340 0.797241 -0.136417 0.272701 -0.164336 -0.938093
1642668812.579252 -0.144165 1.448473 0.797277 -0.136545 0.272456 -0.164853 -0.938055
1642668812.587585 -0.144495 1.447597 0.797331 -0.136582 0.272307 -0.165298 -0.938014
1642668812.595918 -0.144829 1.446711 0.797386 -0.136668 0.272174 -0.165791 -0.937953
1642668812.604252 -0.145171 1.445830 0.797446 -0.136804 0.272081 -0.166301 -0.937870
1642668812.612585 -0.145525 1.444954 0.797519 -0.136867 0.272162 -0.166756 -0.937757
1642668812.620918 -0.145898 1.444076 0.797602 -0.137081 0.272069 -0.167335 -0.937650
1642668812.629252 -0.146280 1.443207 0.797700 -0.137161 0.272059 -0.167863 -0.937546
1642668812.637585 -0.146673 1.442334 0.797814 -0.137275 0.271999 -0.168348 -0.937460
1642668812.645918 -0.147071 1.441471 0.797929 -0.137495 0.272032 -0.168972 -0.937306
1642668812.654252 -0.147491 1.440596 0.798069 -0.137611 0.272093 -0.169479 -0.937179
1642668812.662585 -0.147912 1.439720 0.798214 -0.137775 0.272109 -0.170093 -0.937039
1642668812.670918 -0.148307 1.438854 0.798363 -0.138008 0.272184 -0.170647 -0.936883
1642668812.679252 -0.148701 1.437975 0.798513 -0.138148 0.272347 -0.171192 -0.936715
1642668812.687585 -0.149088 1.437098 0.798675 -0.138225 0.272490 -0.171609 -0.936586
1642668812.695918 -0.149465 1.436221 0.798837 -0.138316 0.272620 -0.172079 -0.936449
1642668812.704252 -0.149824 1.435340 0.799000 -0.138441 0.272758 -0.172621 -0.936290
1642668812.712585 -0.150183 1.434466 0.799175 -0.138549 0.272847 -0.173148 -0.936151
1642668812.720918 -0.150534 1.433573 0.799337 -0.138235 0.273201 -0.173837 -0.935966
1642668812.729252 -0.150888 1.432758 0.799566 -0.138842 0.272792 -0.174174 -0.935933
1642668812.737585 -0.151000 1.431678 0.799666 -0.141235 0.272602 -0.176849 -0.935129
1642668812.745918 -0.151322 1.430843 0.799892 -0.141357 0.272527 -0.177321 -0.935043
1642668812.754252 -0.151624 1.430002 0.800126 -0.141520 0.272416 -0.177866 -0.934947
1642668812.762585 -0.151901 1.429166 0.800366 -0.141647 0.272252 -0.178255 -0.934901
1642668812.770918 -0.152159 1.428338 0.800600 -0.141686 0.272135 -0.178693 -0.934846
1642668812.779252 -0.152441 1.427539 0.800834 -0.141611 0.272134 -0.179481 -0.934706
1642668812.787585 -0.152639 1.426690 0.801110 -0.141935 0.271496 -0.179417 -0.934855
1642668812.795918 -0.152851 1.425872 0.801374 -0.141985 0.271215 -0.179758 -0.934863
1642668812.804252 -0.153050 1.425063 0.801645 -0.142066 0.271051 -0.180034 -0.934846
1642668812.812585 -0.153225 1.424256 0.801917 -0.142184 0.270835 -0.180342 -0.934831
1642668812.820918 -0.153402 1.423439 0.802192 -0.142343 0.270599 -0.180698 -0.934807
1642668812.829252 -0.153562 1.422627 0.802472 -0.142548 0.270372 -0.180978 -0.934787
1642668812.837585 -0.153784 1.421897 0.802816 -0.141690 0.270107 -0.180536 -0.935079
1642668812.845918 -0.153927 1.421068 0.803104 -0.141880 0.269965 -0.180853 -0.935030
1642668812.854252 -0.153986 1.420154 0.803330 -0.143228 0.269767 -0.181614 -0.934734
1642668812.862585 -0.154135 1.419331 0.803629 -0.143367 0.269552 -0.181784 -0.934742
1642668812.870918 -0.154258 1.418504 0.803925 -0.143604 0.269475 -0.182002 -0.934685
1642668812.879252 -0.154376 1.417685 0.804221 -0.143756 0.269345 -0.182157 -0.934669
1642668812.887585 -0.154491 1.416883 0.804539 -0.144029 0.269236 -0.182311 -0.934628
1642668812.895918 -0.154603 1.416086 0.804847 -0.144149 0.269295 -0.182560 -0.934544
1642668812.904252 -0.154776 1.415366 0.805231 -0.143317 0.269218 -0.182182 -0.934768
1642668812.912585 -0.154861 1.414570 0.805545 -0.143602 0.269291 -0.182456 -0.934650
1642668812.920918 -0.154959 1.413780 0.805865 -0.143842 0.269335 -0.182623 -0.934568
1642668812.929252 -0.155048 1.412987 0.806182 -0.144052 0.269453 -0.182721 -0.934482
1642668812.937585 -0.155125 1.412190 0.806501 -0.144332 0.269525 -0.182876 -0.934388
1642668812.945918 -0.155205 1.411391 0.806822 -0.144602 0.269739 -0.183027 -0.934255
1642668812.954252 -0.155219 1.410525 0.807072 -0.145816 0.269939 -0.183708 -0.933875
1642668812.962585 -0.155363 1.409827 0.807458 -0.145081 0.270173 -0.183169 -0.934027
1642668812.970918 -0.155375 1.408958 0.807727 -0.146434 0.270238 -0.183859 -0.933662
1642668812.979252 -0.155450 1.408191 0.808065 -0.146756 0.270454 -0.183970 -0.933527
1642668812.987585 -0.155595 1.407524 0.808474 -0.146084 0.270494 -0.183434 -0.933726
1642668812.995918 -0.155682 1.406778 0.808831 -0.146446 0.270586 -0.183514 -0.933627
1642668813.004252 -0.155761 1.406033 0.809183 -0.146889 0.270498 -0.183609 -0.933564
1642668813.012585 -0.155781 1.405216 0.809476 -0.148266 0.270341 -0.184366 -0.933243
1642668813.020918 -0.155935 1.404591 0.809911 -0.147654 0.270134 -0.183803 -0.933511
1642668813.029252 -0.156011 1.403902 0.810286 -0.147971 0.270065 -0.184009 -0.933440
1642668813.037585 -0.156082 1.403206 0.810664 -0.148336 0.269936 -0.184165 -0.933389
1642668813.045918 -0.156161 1.402533 0.811041 -0.148682 0.269781 -0.184305 -0.933351
1642668813.054252 -0.156163 1.401799 0.811360 -0.150090 0.269600 -0.185021 -0.933036
1642668813.062585 -0.156224 1.401141 0.811751 -0.150402 0.269325 -0.185220 -0.933026
1642668813.070918 -0.156351 1.400589 0.812208 -0.149654 0.269142 -0.184902 -0.933262
1642668813.079252 -0.156410 1.399953 0.812601 -0.149959 0.268891 -0.185110 -0.933244
1642668813.087585 -0.156474 1.399322 0.812997 -0.150303 0.268626 -0.185384 -0.933211
1642668813.095918 -0.156515 1.398708 0.813400 -0.150731 0.268238 -0.185536 -0.933223
1642668813.104252 -0.156495 1.398005 0.813735 -0.152055 0.267965 -0.186446 -0.932905
1642668813.112585 -0.156534 1.397399 0.814138 -0.152331 0.267736 -0.186711 -0.932873
1642668813.120918 -0.156644 1.396889 0.814606 -0.151619 0.267372 -0.186302 -0.933175
1642668813.129252 -0.156707 1.396366 0.814925 -0.151636 0.266875 -0.187023 -0.933170
1642668813.137585 -0.156723 1.395773 0.815319 -0.151894 0.266509 -0.187271 -0.933183
1642668813.145918 -0.156652 1.395028 0.815825 -0.152631 0.266229 -0.186583 -0.933281
1642668813.154252 -0.156658 1.394426 0.816206 -0.152909 0.265807 -0.186611 -0.933350
1642668813.162585 -0.156643 1.393816 0.816594 -0.153165 0.265475 -0.186829 -0.933359
1642668813.170918 -0.156632 1.393195 0.816967 -0.153436 0.264925 -0.186952 -0.933446
1642668813.179252 -0.156609 1.392580 0.817348 -0.153653 0.264500 -0.187053 -0.933510
1642668813.187585 -0.156581 1.391963 0.817715 -0.153870 0.264219 -0.187150 -0.933535
1642668813.195918 -0.156541 1.391359 0.818080 -0.154119 0.263917 -0.187218 -0.933565
1642668813.204252 -0.156501 1.390751 0.818441 -0.154348 0.263606 -0.187280 -0.933603
1642668813.212585 -0.156465 1.390145 0.818800 -0.154470 0.263507 -0.187395 -0.933588
1642668813.220918 -0.156412 1.389545 0.819142 -0.154731 0.263292 -0.187477 -0.933589
1642668813.229252 -0.156364 1.388957 0.819497 -0.154854 0.263331 -0.187453 -0.933562
1642668813.237585 -0.156313 1.388373 0.819844 -0.155076 0.263244 -0.187540 -0.933532
1642668813.245918 -0.156247 1.387790 0.820183 -0.155292 0.263255 -0.187625 -0.933476
1642668813.254252 -0.156166 1.387186 0.820492 -0.155014 0.263740 -0.187824 -0.933346
1642668813.262585 -0.156112 1.386647 0.820856 -0.155680 0.263260 -0.187529 -0.933430
1642668813.270918 -0.156032 1.386085 0.821183 -0.155829 0.263430 -0.187522 -0.933358
1642668813.279252 -0.155936 1.385534 0.821503 -0.156059 0.263402 -0.187447 -0.933343
1642668813.287585 -0.155833 1.384991 0.821832 -0.156233 0.263515 -0.187458 -0.933279
1642668813.295918 -0.155726 1.384444 0.822153 -0.156448 0.263521 -0.187347 -0.933264
1642668813.304252 -0.155615 1.383919 0.822475 -0.156582 0.263725 -0.187333 -0.933187
1642668813.312585 -0.155489 1.383397 0.822796 -0.156827 0.263741 -0.187284 -0.933151
1642668813.320918 -0.155359 1.382881 0.823122 -0.157073 0.263885 -0.187267 -0.933073
1642668813.329252 -0.155175 1.382285 0.823365 -0.158380 0.263869 -0.187730 -0.932763
1642668813.337585 -0.155117 1.381875 0.823746 -0.157528 0.264005 -0.187161 -0.932983
1642668813.345918 -0.154980 1.381364 0.824011 -0.157440 0.264397 -0.187190 -0.932881
1642668813.354252 -0.154861 1.380916 0.824328 -0.157976 0.264163 -0.186931 -0.932908
1642668813.362585 -0.154643 1.380358 0.824545 -0.159252 0.264210 -0.187532 -0.932558
1642668813.370918 -0.154495 1.379886 0.824824 -0.159470 0.264248 -0.187479 -0.932520
1642668813.379252 -0.154360 1.379435 0.825101 -0.159642 0.264291 -0.187419 -0.932491
1642668813.387585 -0.154206 1.378997 0.825378 -0.159808 0.264165 -0.187279 -0.932526
1642668813.395918 -0.154053 1.378564 0.825658 -0.159944 0.264159 -0.187285 -0.932503
1642668813.404252 -0.153893 1.378136 0.825925 -0.160056 0.263982 -0.187321 -0.932527
1642668813.412585 -0.153708 1.377678 0.826166 -0.159778 0.264215 -0.187605 -0.932451
1642668813.420918 -0.153552 1.377264 0.826435 -0.159944 0.263928 -0.187634 -0.932498
1642668813.429252 -0.153394 1.376870 0.826706 -0.160087 0.263574 -0.187702 -0.932560
1642668813.437585 -0.153246 1.376478 0.826988 -0.160250 0.263166 -0.187765 -0.932635
1642668813.445918 -0.153129 1.376149 0.827298 -0.160898 0.262064 -0.187613 -0.932864
1642668813.454252 -0.152978 1.375753 0.827548 -0.160643 0.261977 -0.187953 -0.932864
1642668813.462585 -0.152874 1.375438 0.827859 -0.161151 0.261023 -0.187915 -0.933052
1642668813.470918 -0.152739 1.375089 0.828118 -0.160847 0.260958 -0.188228 -0.933059
1642668813.479252 -0.152623 1.374772 0.828387 -0.161099 0.260301 -0.188408 -0.933163
1642668813.487585 -0.152522 1.374467 0.828662 -0.161213 0.259728 -0.188527 -0.933279
1642668813.495918 -0.152424 1.374173 0.828930 -0.161292 0.259090 -0.188651 -0.933418
1642668813.504252 -0.152393 1.373925 0.829143 -0.161066 0.259279 -0.189228 -0.933287
1642668813.512585 -0.152285 1.373657 0.829405 -0.161288 0.258588 -0.189350 -0.933416
1642668813.520918 -0.152203 1.373418 0.829667 -0.161363 0.257988 -0.189500 -0.933538
1642668813.529252 -0.152117 1.373176 0.829903 -0.161185 0.257977 -0.189821 -0.933507
1642668813.537585 -0.152112 1.373056 0.830221 -0.160322 0.257270 -0.189206 -0.933976
1642668813.545918 -0.152041 1.372851 0.830446 -0.160427 0.256879 -0.189394 -0.934027
1642668813.554252 -0.151969 1.372658 0.830666 -0.160476 0.256458 -0.189512 -0.934110
1642668813.562585 -0.151905 1.372479 0.830878 -0.160562 0.256060 -0.189553 -0.934196
1642668813.570918 -0.151849 1.372315 0.831075 -0.160713 0.255646 -0.189637 -0.934267
1642668813.579252 -0.151810 1.372165 0.831265 -0.160748 0.255474 -0.189826 -0.934269
1642668813.587585 -0.151760 1.372028 0.831464 -0.160893 0.255195 -0.189911 -0.934303
1642668813.595918 -0.151723 1.371906 0.831638 -0.160919 0.255019 -0.189995 -0.934330
1642668813.604252 -0.151680 1.371799 0.831813 -0.160974 0.254820 -0.190071 -0.934359
1642668813.612585 -0.151636 1.371696 0.831989 -0.161034 0.254763 -0.190109 -0.934357
1642668813.620918 -0.151615 1.371604 0.832149 -0.161049 0.254739 -0.190228 -0.934337
1642668813.629252 -0.151582 1.371521 0.832305 -0.161134 0.254673 -0.190249 -0.934336
1642668813.637585 -0.151551 1.371445 0.832456 -0.161180 0.254702 -0.190372 -0.934294
1642668813.645918 -0.151533 1.371398 0.832614 -0.161235 0.254648 -0.190330 -0.934308
