1642649998.932984114 -0.072385641 1.474762215 0.617155522 -0.489571908 0.645338200 -0.232899079 0.538159804
1642649998.941317081 -0.072371341 1.474754971 0.617116107 -0.489580303 0.645358495 -0.232882035 0.538135204
1642649998.949650049 -0.072346684 1.474749728 0.617085212 -0.489606263 0.645363222 -0.232874276 0.538109274
1642649998.957983971 -0.072318818 1.474736115 0.617070824 -0.489575265 0.645375128 -0.232838317 0.538138757
1642649998.966316938 -0.072287364 1.474719974 0.617054915 -0.489590817 0.645369504 -0.232840588 0.538130371
1642649998.974649906 -0.072250805 1.474704799 0.617036809 -0.489580310 0.645409513 -0.232784347 0.538116277
1642649998.982984066 -0.072202072 1.474676694 0.617016676 -0.489539989 0.645464607 -0.232803396 0.538078636
1642649998.991317034 -0.072153613 1.474664543 0.617023549 -0.489498378 0.645513974 -0.232687383 0.538107451
1642649998.999650002 -0.072085634 1.474625743 0.616984861 -0.489492879 0.645598689 -0.232714768 0.537998970
1642649999.007983923 -0.072024999 1.474600462 0.616993351 -0.489441369 0.645626589 -0.232715657 0.538011967
1642649999.016316891 -0.071967477 1.474566536 0.617006920 -0.489363201 0.645652732 -0.232733615 0.538043931
1642649999.024650097 -0.071902046 1.474549137 0.617011652 -0.489344611 0.645692423 -0.232701015 0.538027308
1642649999.032984018 -0.071825694 1.474527698 0.616998121 -0.489311200 0.645733119 -0.232734193 0.537994501
1642649999.041316986 -0.071738710 1.474485739 0.616980688 -0.489252384 0.645825942 -0.232778926 0.537917214
1642649999.049649954 -0.071670505 1.474478792 0.616973981 -0.489223504 0.645856671 -0.232744497 0.537921483
1642649999.057984114 -0.071582850 1.474454703 0.616955578 -0.489165091 0.645938909 -0.232737778 0.537878766
1642649999.066317081 -0.071501398 1.474437693 0.616949975 -0.489130318 0.645949197 -0.232755274 0.537890462
1642649999.074650049 -0.071412059 1.474422903 0.616895493 -0.489132772 0.646049812 -0.232716890 0.537783991
1642649999.082983971 -0.071318189 1.474407474 0.616851622 -0.489121047 0.646131682 -0.232679153 0.537712620
1642649999.091316938 -0.071234092 1.474403147 0.616831553 -0.489106708 0.646142671 -0.232711597 0.537698419
1642649999.099649906 -0.071030000 1.474259108 0.616574721 -0.489113538 0.646675113 -0.232719883 0.537048137
1642649999.107984066 -0.071035946 1.474381803 0.616703535 -0.489126449 0.646341609 -0.232688486 0.537451309
1642649999.116317034 -0.070937941 1.474381591 0.616644615 -0.489135128 0.646401569 -0.232669887 0.537379347
1642649999.124650002 -0.070839099 1.474388431 0.616563902 -0.489206429 0.646497264 -0.232621999 0.537220032
1642649999.132983923 -0.070747963 1.474399633 0.616536556 -0.489218637 0.646510342 -0.232607849 0.537199303
1642649999.141316891 -0.070637767 1.474378451 0.616459870 -0.489200240 0.646662487 -0.232577758 0.537045938
1642649999.149650097 -0.070530374 1.474389868 0.616412218 -0.489224350 0.646729048 -0.232531506 0.536963847
1642649999.157984018 -0.070435732 1.474402969 0.616368157 -0.489270491 0.646757762 -0.232494448 0.536903264
1642649999.166316986 -0.070330797 1.474401499 0.616317742 -0.489279879 0.646837079 -0.232481900 0.536804582
1642649999.174649954 -0.070227762 1.474407601 0.616250204 -0.489352465 0.646918368 -0.232422907 0.536665987
1642649999.182984114 -0.070128690 1.474408710 0.616214381 -0.489351790 0.646993903 -0.232356300 0.536604384
1642649999.191317081 -0.070002552 1.474401924 0.616204454 -0.489340911 0.647040884 -0.232331999 0.536568178
1642649999.199650049 -0.069904096 1.474402695 0.616169586 -0.489381578 0.647080042 -0.232292465 0.536500979
1642649999.207983971 -0.069787365 1.474392829 0.616115163 -0.489433965 0.647200514 -0.232204054 0.536346126
1642649999.216316938 -0.069679296 1.474387506 0.616077025 -0.489474622 0.647299246 -0.232091966 0.536238380
1642649999.224649906 -0.069588048 1.474391997 0.616063254 -0.489533896 0.647309356 -0.231993989 0.536214463
1642649999.232984066 -0.069482795 1.474379520 0.616004000 -0.489612388 0.647454483 -0.231836468 0.536035683
1642649999.241317034 -0.069387355 1.474356918 0.615984799 -0.489643527 0.647555369 -0.231691581 0.535948012
1642649999.249650002 -0.069301675 1.474342126 0.615974483 -0.489730559 0.647597389 -0.231588134 0.535862425
1642649999.257983923 -0.069204049 1.474305419 0.615941773 -0.489775858 0.647763868 -0.231354844 0.535720558
1642649999.266316891 -0.068975597 1.474170797 0.615707536 -0.489886259 0.648425511 -0.230924610 0.535004332
1642649999.274650097 -0.069037678 1.474242783 0.615927095 -0.489976329 0.647966025 -0.230837330 0.535515970
1642649999.282984018 -0.068810406 1.474100133 0.615715195 -0.490088205 0.648600364 -0.230423690 0.534823375
1642649999.291316986 -0.068735638 1.474074898 0.615709594 -0.490270481 0.648666262 -0.230143095 0.534697196
1642649999.299649954 -0.068647536 1.474019324 0.615703103 -0.490379920 0.648854979 -0.229780788 0.534523657
1642649999.307984114 -0.068571186 1.473973763 0.615692390 -0.490535467 0.648999331 -0.229450850 0.534347389
1642649999.316317081 -0.068491858 1.473932252 0.615746376 -0.490640295 0.649074261 -0.229140930 0.534293121
1642649999.324650049 -0.068410738 1.473877427 0.615737878 -0.490782880 0.649276896 -0.228765463 0.534076810
1642649999.332983971 -0.068351076 1.473839988 0.615769029 -0.490910472 0.649387011 -0.228385946 0.533988089
1642649999.341316938 -0.068286624 1.473795714 0.615764027 -0.491078055 0.649541535 -0.228029893 0.533798189
1642649999.349649906 -0.068247326 1.473788391 0.615822596 -0.491217520 0.649558180 -0.227691280 0.533794155
1642649999.357984066 -0.068176684 1.473747612 0.615525803 -0.491501088 0.650648222 -0.226548018 0.532690875
1642649999.366317034 -0.068169982 1.473898841 0.615478543 -0.492301059 0.650363930 -0.226400188 0.532362077
1642649999.374650002 -0.068091485 1.473702796 0.615583158 -0.491749136 0.650789676 -0.225954156 0.532541364
1642649999.382983923 -0.068027547 1.473650588 0.615642481 -0.491785767 0.650815324 -0.225846934 0.532521676
1642649999.391316891 -0.067953156 1.473588727 0.615705588 -0.491760839 0.650899342 -0.225692843 0.532507337
1642649999.399650097 -0.067676760 1.473263912 0.615346731 -0.491808606 0.651820228 -0.225633876 0.531360556
1642649999.407984018 -0.067591407 1.473196345 0.615423675 -0.491748699 0.651869839 -0.225563114 0.531385182
1642649999.416316986 -0.067502948 1.473139903 0.615483030 -0.491745316 0.651884139 -0.225514268 0.531391503
1642649999.424649954 -0.067392606 1.473074520 0.615531391 -0.491713514 0.651973067 -0.225424486 0.531349924
1642649999.432984114 -0.067301508 1.473033531 0.615703520 -0.491714721 0.651564065 -0.225719043 0.531725320
1642649999.441317081 -0.067152866 1.472972068 0.615633060 -0.491684979 0.652055987 -0.225302375 0.531326369
1642649999.449650049 -0.067008486 1.472924380 0.615651597 -0.491692608 0.652155605 -0.225217605 0.531232978
1642649999.457983971 -0.066861167 1.472892435 0.615669073 -0.491730409 0.652220270 -0.225138227 0.531152241
1642649999.466316938 -0.066886086 1.473124763 0.616081156 -0.491742023 0.651477814 -0.224945647 0.532133345
1642649999.474649906 -0.066692151 1.473090362 0.616065807 -0.491755052 0.651660695 -0.224744768 0.531982233
1642649999.482984066 -0.066528080 1.473242341 0.615996172 -0.492475015 0.651358724 -0.224874179 0.531631240
1642649999.491317034 -0.066315150 1.473210468 0.615995254 -0.492489786 0.651494105 -0.224712881 0.531519861
1642649999.499650002 -0.066070586 1.473173582 0.615949493 -0.492550283 0.651704011 -0.224577912 0.531263459
1642649999.507983923 -0.065816603 1.473135103 0.615923823 -0.492618374 0.651879720 -0.224449207 0.531039096
1642649999.516316891 -0.065539830 1.473085446 0.615885311 -0.492656574 0.652145912 -0.224310120 0.530735509
1642649999.524650097 -0.065073024 1.472772607 0.615519821 -0.492654248 0.653153998 -0.224197927 0.529544084
1642649999.532984018 -0.064763880 1.472715107 0.615544802 -0.492631470 0.653374698 -0.224065250 0.529349131
1642649999.541316986 -0.064434213 1.472628075 0.615590008 -0.492550842 0.653629087 -0.223966092 0.529152033
1642649999.549649954 -0.064094146 1.472528892 0.615674864 -0.492441161 0.653807844 -0.223926605 0.529049981
1642649999.557984114 -0.063728690 1.472414745 0.615790189 -0.492259349 0.654045601 -0.223890206 0.528940697
1642649999.566317081 -0.063618588 1.472580640 0.616487258 -0.492245079 0.652594967 -0.224385076 0.530533627
1642649999.574650049 -0.063152736 1.472417426 0.616503792 -0.491906931 0.653472404 -0.223979729 0.529938176
1642649999.582983971 -0.062831828 1.472297055 0.616814384 -0.491846413 0.652972458 -0.224463555 0.530405682
1642649999.591316938 -0.062410024 1.472127972 0.616994230 -0.491577828 0.653248330 -0.224472830 0.530311047
1642649999.599649906 -0.061720739 1.471669715 0.616715956 -0.491088382 0.654952037 -0.224217162 0.528769038
1642649999.607984066 -0.061287930 1.471496122 0.616933698 -0.490800566 0.655211047 -0.224283378 0.528687294
1642649999.616317034 -0.060799080 1.471135549 0.617214896 -0.489850512 0.655888668 -0.224088376 0.528810865
1642649999.624650002 -0.060585651 1.471389748 0.617819556 -0.490208642 0.654840300 -0.224338917 0.529671331
1642649999.632983923 -0.060229351 1.471253424 0.618221349 -0.490161950 0.654310016 -0.224796247 0.530175738
1642649999.641316891 -0.059789013 1.471070916 0.618473439 -0.489965123 0.654532531 -0.224737027 0.530108114
1642649999.649650097 -0.059338681 1.470862879 0.618685927 -0.489745289 0.654895405 -0.224623509 0.529911162
1642649999.657984018 -0.058691829 1.470398147 0.618581582 -0.489498903 0.656012991 -0.224568845 0.528778417
1642649999.666316986 -0.058226493 1.470172827 0.618840780 -0.489284193 0.656338506 -0.224453240 0.528622254
1642649999.674649954 -0.057946506 1.470205071 0.619577924 -0.488997244 0.655703009 -0.224320245 0.529731713
1642649999.682984114 -0.057442845 1.469812940 0.619964623 -0.488110427 0.656331846 -0.224008721 0.529902643
1642649999.691317081 -0.056974808 1.469562379 0.620290470 -0.487823697 0.656636572 -0.223901166 0.529834617
1642649999.699650049 -0.056498729 1.469312580 0.620622060 -0.487547264 0.656968068 -0.223776678 0.529730706
1642649999.707983971 -0.055834100 1.468821118 0.620610051 -0.487298541 0.658057462 -0.223695356 0.528640612
1642649999.716316938 -0.055378738 1.468736909 0.620970629 -0.487610360 0.657894831 -0.223883762 0.528475723
1642649999.724649906 -0.055045432 1.468700477 0.621726955 -0.487244937 0.657442520 -0.223779591 0.529418925
1642649999.732984066 -0.054532456 1.468287140 0.622234489 -0.486289244 0.657985926 -0.223464687 0.529755439
1642649999.741317034 -0.054026414 1.468001371 0.622645757 -0.485923179 0.658311889 -0.223357488 0.529731586
1642649999.749650002 -0.053557280 1.467892431 0.622981189 -0.486324933 0.658228918 -0.223486438 0.529411525
1642649999.757983923 -0.052828226 1.467182428 0.623170862 -0.485258031 0.659609577 -0.223271940 0.528762225
1642649999.766316891 -0.052517111 1.467278899 0.623938490 -0.485506867 0.658735091 -0.223351262 0.529589819
1642649999.774650097 -0.051983113 1.466810943 0.624493853 -0.484496662 0.659289962 -0.223057779 0.529948070
1642649999.782984018 -0.051465501 1.466483216 0.624948794 -0.484136702 0.659588033 -0.222976568 0.529940308
1642649999.791316986 -0.050980839 1.466327470 0.625329190 -0.484466843 0.659554606 -0.223048549 0.529649832
1642649999.799649954 -0.050456503 1.465998160 0.625818381 -0.484062042 0.659857793 -0.222940967 0.529687604
1642649999.807984114 -0.049925764 1.465670660 0.626445403 -0.483549189 0.659924352 -0.222990147 0.530052286
1642649999.816317081 -0.049376127 1.465190676 0.627014165 -0.482564335 0.660485178 -0.222691250 0.530376847
1642649999.824650049 -0.048865419 1.465025046 0.627411321 -0.482860570 0.660466007 -0.222769713 0.530098084
1642649999.832983971 -0.048290975 1.464525606 0.627954575 -0.481862272 0.661110722 -0.222454668 0.530335068
1642649999.841316938 -0.047765704 1.464212815 0.628457378 -0.481489473 0.661373977 -0.222352121 0.530388428
1642649999.849649906 -0.047239253 1.464065581 0.628977590 -0.481700607 0.661150135 -0.222542661 0.530395879
1642649999.857984066 -0.046660165 1.463606345 0.629522632 -0.480773394 0.661731529 -0.222240428 0.530638784
1642649999.866317034 -0.046123016 1.463295431 0.630022995 -0.480444270 0.661963166 -0.222144202 0.530688255
1642649999.874650002 -0.045578972 1.462984065 0.630517745 -0.480119635 0.662209317 -0.222036045 0.530720219
1642649999.882983923 -0.045001063 1.462659474 0.631045005 -0.479714320 0.662449688 -0.221999270 0.530802135
1642649999.891316891 -0.044456428 1.462362769 0.631531832 -0.479459931 0.662666004 -0.221866718 0.530817390
1642649999.899650097 -0.043882941 1.462029044 0.632003751 -0.479112428 0.663003175 -0.221701948 0.530778973
1642649999.907984018 -0.043145696 1.461469571 0.632149574 -0.478797040 0.664001574 -0.221655906 0.529833902
1642649999.916316986 -0.042599977 1.461291415 0.632573830 -0.479090131 0.663966040 -0.221710056 0.529590780
1642649999.924649954 -0.042209157 1.461226661 0.633487098 -0.478743799 0.663349700 -0.221572828 0.530732544
1642649999.932984114 -0.041602622 1.460723192 0.634070614 -0.477728173 0.663908587 -0.221314810 0.531056434
1642649999.941317081 -0.041038429 1.460406463 0.634583841 -0.477427917 0.664105234 -0.221224286 0.531118290
1642649999.949650049 -0.040251729 1.459798303 0.634680407 -0.477067278 0.665288459 -0.221099876 0.530012191
1642649999.957983971 -0.039845239 1.459709523 0.635617131 -0.476712413 0.664619548 -0.221018670 0.531203237
1642649999.966316938 -0.039248600 1.459383100 0.636123495 -0.476395687 0.664867823 -0.220889426 0.531230449
1642649999.974649906 -0.038669372 1.459238801 0.636583192 -0.476759617 0.664734541 -0.220956748 0.531042722
1642649999.982984066 -0.038036918 1.458767038 0.637154382 -0.475848842 0.665316919 -0.220662137 0.531252763
1642649999.991317034 -0.037234186 1.458191518 0.637344339 -0.475436536 0.666348802 -0.220628644 0.530341754
1642649999.999650002 -0.036781082 1.458159293 0.638254429 -0.475196869 0.665727562 -0.220510070 0.531385037
1642650000.007983923 -0.036146997 1.457862504 0.638783345 -0.474929718 0.665925001 -0.220407045 0.531419222
1642650000.016316891 -0.035497018 1.457545596 0.639273821 -0.474636513 0.666259538 -0.220254976 0.531324905
1642650000.024650097 -0.034658828 1.457013820 0.639432855 -0.474304345 0.667304587 -0.220143531 0.530355355
1642650000.032984018 -0.034153424 1.456978630 0.640297370 -0.474088652 0.666787852 -0.219938238 0.531282489
1642650000.041316986 -0.033486503 1.456727613 0.640836733 -0.473885906 0.666950994 -0.219745152 0.531338487
1642650000.049649954 -0.032808404 1.456607537 0.641209247 -0.474353021 0.666985589 -0.219766986 0.530869012
1642650000.057984114 -0.031914318 1.456092867 0.641345260 -0.474084539 0.668074913 -0.219604013 0.529805472
1642650000.066317081 -0.031354020 1.456058902 0.642212308 -0.473881101 0.667539040 -0.219370629 0.530758759
1642650000.074650049 -0.030594220 1.455775725 0.642664077 -0.473676389 0.667912558 -0.219145019 0.530564751
1642650000.082983971 -0.029825731 1.455490969 0.643105539 -0.473515437 0.668262024 -0.218951216 0.530348341
1642650000.091316938 -0.029041519 1.455240008 0.643651719 -0.473318675 0.668434010 -0.218810910 0.530365149
1642650000.099649906 -0.028125291 1.454644036 0.643928060 -0.472530137 0.669666991 -0.218340131 0.529706502
1642650000.107984066 -0.027303579 1.454519782 0.644323201 -0.472941640 0.669767824 -0.218355191 0.529205326
1642650000.116317034 -0.026348735 1.453987456 0.644735767 -0.472102812 0.670723260 -0.218004323 0.528888796
1642650000.124650002 -0.025562014 1.454013217 0.645337719 -0.472587050 0.670408724 -0.217943497 0.528880190
1642650000.132983923 -0.024676824 1.453780219 0.645913091 -0.472387808 0.670606417 -0.217882946 0.528832502
1642650000.141316891 -0.023709694 1.453342563 0.646445593 -0.471523117 0.671429532 -0.217368195 0.528771597
1642650000.149650097 -0.022852980 1.453379745 0.647084118 -0.472004051 0.671041875 -0.217464833 0.528794880
1642650000.157984018 -0.021872361 1.453160696 0.647626490 -0.471856370 0.671362787 -0.217331673 0.528574042
1642650000.166316986 -0.020746580 1.452654846 0.648098559 -0.470987977 0.672383735 -0.216942756 0.528210450
1642650000.174649954 -0.019705159 1.452406204 0.648675691 -0.470718179 0.672771098 -0.216761412 0.528032135
1642650000.182984114 -0.018648237 1.452361484 0.649124247 -0.471287356 0.672873419 -0.216765653 0.527391924
1642650000.191317081 -0.017577273 1.452099119 0.649899339 -0.470483455 0.673289969 -0.216300258 0.527769016
1642650000.199650049 -0.016391119 1.452071842 0.650154486 -0.471508556 0.673569629 -0.216766449 0.526304040
1642650000.207983971 -0.015199580 1.451632350 0.650837909 -0.470258512 0.674559175 -0.215756485 0.526570023
1642650000.216316938 -0.014075886 1.451567754 0.651560952 -0.470105956 0.674712467 -0.215379943 0.526663989
1642650000.224649906 -0.012901392 1.451726999 0.651931542 -0.471335968 0.674637078 -0.215878422 0.525455732
1642650000.232984066 -0.011589615 1.451521645 0.652320559 -0.471269297 0.675413265 -0.215593445 0.524634766
1642650000.241317034 -0.010324735 1.451464007 0.652830409 -0.471358871 0.675899826 -0.215275325 0.524057987
1642650000.249650002 -0.009105697 1.451531118 0.653486135 -0.471467168 0.676066467 -0.214871573 0.523911299
1642650000.257983923 -0.007792059 1.451504606 0.654011080 -0.471504921 0.676618926 -0.214396271 0.523358555
1642650000.266316891 -0.006335564 1.451346519 0.654198005 -0.471700263 0.677753831 -0.213945241 0.521896580
1642650000.274650097 -0.005019745 1.451475844 0.654861192 -0.471823405 0.678000702 -0.213499405 0.521647128
1642650000.282984018 -0.003573492 1.451474030 0.655143347 -0.472100229 0.678986155 -0.212782231 0.520406472
1642650000.291316986 -0.002228574 1.451705527 0.655810540 -0.472307242 0.679243797 -0.212214614 0.520114113
1642650000.299649954 -0.000810296 1.451883969 0.656209813 -0.472671846 0.679983176 -0.211425866 0.519137082
1642650000.307984114 0.000541723 1.452307553 0.657022768 -0.472946768 0.679930910 -0.210839617 0.519193575
1642650000.316317081 0.002140774 1.452366012 0.657146142 -0.473282244 0.681308916 -0.210025540 0.517408302
1642650000.324650049 0.003420196 1.452974512 0.658011150 -0.473791721 0.681114535 -0.209149680 0.517552710
1642650000.332983971 0.005015134 1.453145264 0.658179656 -0.474148583 0.682459284 -0.208261326 0.515809720
1642650000.341316938 0.006423437 1.453677052 0.658707631 -0.474787222 0.682956646 -0.207360212 0.514926262
1642650000.349649906 0.007627333 1.454527230 0.659633446 -0.475467705 0.682653173 -0.206305923 0.515124230
1642650000.357984066 0.008956762 1.455262439 0.660295105 -0.476183585 0.682895003 -0.205340309 0.514527905
1642650000.366317034 0.010359434 1.455864345 0.660622047 -0.476982176 0.683790940 -0.204311629 0.513005567
1642650000.374650002 0.011511475 1.456876471 0.661265668 -0.478159249 0.683787382 -0.203167613 0.512368490
1642650000.382983923 0.012332292 1.458361364 0.662297762 -0.479632892 0.682873961 -0.201710630 0.512784813
1642650000.391316891 0.013545626 1.459322321 0.662774184 -0.480839302 0.683191328 -0.200879510 0.511557033
1642650000.399650097 0.014218525 1.460983205 0.663937389 -0.482119324 0.682134289 -0.198884306 0.512541513
1642650000.407984018 0.015284288 1.462223564 0.664378918 -0.483651034 0.682323137 -0.197908193 0.511223201
1642650000.416316986 0.016024789 1.463937977 0.665098559 -0.485513020 0.681700429 -0.196663316 0.510769197
1642650000.424649954 0.016496312 1.466109930 0.666064186 -0.487763818 0.680320661 -0.195182348 0.511032393
1642650000.432984114 0.017325688 1.467891482 0.666487676 -0.489577169 0.680402899 -0.193927536 0.509664793
1642650000.441317081 0.017654230 1.470384537 0.667439193 -0.492106124 0.678690096 -0.192567178 0.510028625
1642650000.449650049 0.018145651 1.472790265 0.668051775 -0.494555012 0.677797397 -0.191291640 0.509326552
1642650000.457983971 0.018603384 1.475339483 0.668638660 -0.496982128 0.676876026 -0.190059359 0.508650223
1642650000.466316938 0.019047079 1.478050656 0.669204559 -0.499537603 0.675879065 -0.188945202 0.507887176
1642650000.474649906 0.019564126 1.480746477 0.669499807 -0.502081966 0.675314509 -0.188080553 0.506448141
1642650000.482984066 0.019979781 1.483729387 0.669968891 -0.504708789 0.674247044 -0.187328325 0.505537397
1642650000.491317034 0.020288773 1.486953901 0.670558769 -0.507484623 0.672667015 -0.186991218 0.504987850
1642650000.499650002 0.020792831 1.490115466 0.670583162 -0.510037305 0.672644456 -0.186029917 0.502796432
1642650000.507983923 0.021217549 1.493422903 0.670861955 -0.512652995 0.671568808 -0.186086536 0.501551636
1642650000.516316891 0.021653458 1.496835017 0.671325943 -0.515266827 0.669612925 -0.187154751 0.501090538
1642650000.524650097 0.022089579 1.500306746 0.671482818 -0.517781118 0.668455273 -0.187884672 0.499769559
1642650000.532984018 0.022415284 1.503862329 0.671705294 -0.520280427 0.666877171 -0.189053048 0.498840717
1642650000.541316986 0.022737607 1.507599489 0.671783058 -0.523122350 0.665192075 -0.190722031 0.497481273
1642650000.549649954 0.023058787 1.511247122 0.671908624 -0.525150470 0.663891649 -0.192033602 0.496576236
1642650000.557984114 0.023296451 1.515046725 0.671902003 -0.527591128 0.662299438 -0.193920919 0.495380392
1642650000.566317081 0.023484038 1.518886394 0.671825118 -0.529995249 0.660660747 -0.196028343 0.494171328
1642650000.574650049 0.023561681 1.522812992 0.671668543 -0.532547042 0.658827328 -0.198253076 0.492986732
1642650000.582983971 0.023586775 1.526727486 0.671398912 -0.535002160 0.657122203 -0.200596339 0.491654562
1642650000.591316938 0.023526496 1.530687501 0.671094629 -0.537533847 0.655203203 -0.203182476 0.490390668
1642650000.599649906 0.023273827 1.534816702 0.670907357 -0.540114065 0.652833769 -0.205732890 0.489651758
1642650000.607984066 0.023019840 1.538824398 0.670464302 -0.542711955 0.650819462 -0.208306129 0.488371086
1642650000.616317034 0.022769688 1.542684657 0.669754299 -0.545301779 0.649207339 -0.210936064 0.486499515
1642650000.624650002 0.022229403 1.546831877 0.669319983 -0.548050867 0.646731255 -0.213384259 0.485639876
1642650000.632983923 0.021664878 1.550844283 0.668663000 -0.550775082 0.644603821 -0.215778549 0.484326688
1642650000.641316891 0.021152701 1.554520966 0.667674412 -0.553575843 0.642800991 -0.218563198 0.482276684
1642650000.649650097 0.020392914 1.558386087 0.667057767 -0.555930806 0.640739579 -0.219952446 0.481678992
1642650000.657984018 0.019546000 1.562283324 0.666074305 -0.559196575 0.638360976 -0.223130439 0.479590723
1642650000.666316986 0.018617807 1.566066575 0.665193248 -0.561992163 0.636171982 -0.225363716 0.478185334
1642650000.674649954 0.017559375 1.569816576 0.664303055 -0.564849847 0.633937419 -0.227298694 0.476868224
1642650000.682984114 0.016392086 1.573521509 0.663346582 -0.567818829 0.631656858 -0.229130810 0.475489708
1642650000.691317081 0.015142348 1.577133777 0.662431986 -0.570648410 0.629384123 -0.230839509 0.474288033
1642650000.699650049 0.013816041 1.580650667 0.661480311 -0.573472472 0.627137681 -0.232473991 0.473057604
1642650000.707983971 0.012392591 1.584088822 0.660503196 -0.576371803 0.624800548 -0.234113638 0.471816303
1642650000.716316938 0.010919362 1.587391643 0.659503972 -0.579224562 0.622468417 -0.235799510 0.470564096
1642650000.724649906 0.009397669 1.590562669 0.658484211 -0.581978906 0.620212393 -0.237413447 0.469331435
1642650000.732984066 0.007824607 1.593602647 0.657459553 -0.584669653 0.617962631 -0.239021790 0.468136911
1642650000.741317034 0.006037214 1.596555772 0.656301688 -0.587601300 0.615829330 -0.240293410 0.466624073
1642650000.749650002 0.004323642 1.599314547 0.655042169 -0.590107923 0.614744302 -0.241019129 0.464512498
1642650000.757983923 0.002405532 1.602165184 0.654461541 -0.592762365 0.611001254 -0.243248839 0.464908861
1642650000.766316891 0.000579658 1.604710464 0.653590493 -0.594597268 0.609697412 -0.243256227 0.464273155
1642650000.774650097 -0.001352318 1.607233144 0.652606997 -0.597376087 0.607019541 -0.245680429 0.462936512
1642650000.782984018 -0.003477281 1.609709832 0.652019493 -0.599910528 0.603543814 -0.247584968 0.463188846
1642650000.791316986 -0.005523362 1.611960718 0.651289180 0.602111674 -0.601055603 0.249107045 -0.462751959
1642650000.799649954 -0.007612932 1.614090906 0.650675803 0.604074450 -0.598622930 0.250469545 -0.462611774
1642650000.807984114 -0.009727340 1.616087076 0.650057628 0.606001626 -0.596296989 0.251802664 -0.462371441
1642650000.816317081 -0.011893077 1.617977703 0.649581592 0.607777350 -0.593820923 0.253259057 -0.462431892
1642650000.824650049 -0.014087944 1.619741120 0.649127323 0.609444428 -0.591537197 0.254489332 -0.462489366
1642650000.832983971 -0.016394697 1.621507411 0.648826570 0.610934418 -0.589455072 0.255302985 -0.462733445
1642650000.841316938 -0.018584845 1.622928047 0.648541860 0.612339616 -0.586912863 0.257034881 -0.463148524
1642650000.849649906 -0.020887432 1.624344294 0.648351363 0.613639307 -0.584669000 0.258254452 -0.463587747
1642650000.857984066 -0.023302321 1.625736309 0.648336680 0.614700079 -0.582629708 0.259068827 -0.464294927
1642650000.866317034 -0.025636443 1.626792605 0.648493984 0.615264157 -0.580511212 0.259664522 -0.465865953
1642650000.874650002 -0.028024219 1.627827450 0.648245543 0.616660703 -0.578717622 0.261384190 -0.465288938
1642650000.882983923 -0.030647736 1.628986986 0.648635599 0.617539172 -0.575974264 0.262428563 -0.466937113
1642650000.891316891 -0.033076630 1.629701426 0.648700247 0.618338630 -0.574252993 0.263533494 -0.467376654
1642650000.899650097 -0.035801225 1.630668630 0.649270958 0.619080516 -0.571508912 0.264382644 -0.469274649
1642650000.907984018 -0.038324651 1.631181576 0.649545125 0.619627595 -0.569855392 0.265321885 -0.470032736
1642650000.916316986 -0.041011978 1.631775091 0.650084694 0.620202731 -0.567704961 0.266116230 -0.471425288
1642650000.924649954 -0.044097835 1.632770436 0.651483923 0.620524388 -0.563964337 0.266612892 -0.475196040
1642650000.932984114 -0.046556672 1.632726946 0.651566372 0.620952552 -0.563528612 0.267209827 -0.474818218
1642650000.941317081 -0.049344626 1.633051615 0.652446400 0.621191936 -0.561480956 0.267803307 -0.476593225
1642650000.949650049 -0.052521291 1.633698778 0.654374369 0.620530332 -0.558247343 0.267135321 -0.481602255
1642650000.957983971 -0.055229171 1.633521522 0.654551088 0.621588642 -0.557179860 0.268316429 -0.480816450
1642650000.966316938 -0.058527594 1.634008356 0.656328207 0.621559504 -0.553773065 0.268306497 -0.484779124
1642650000.974649906 -0.061526532 1.633972251 0.657594502 0.621453918 -0.551927870 0.268315799 -0.487008507
1642650000.982984066 -0.064173231 1.633296782 0.658325556 0.621016944 -0.552158878 0.267980973 -0.487488181
1642650000.991317034 -0.067185589 1.633019060 0.659737603 0.620717846 -0.550631921 0.267705508 -0.489742386
1642650000.999650002 -0.070612763 1.633081456 0.662042405 0.619964037 -0.547546261 0.266733449 -0.494662463
1642650001.007983923 -0.073679079 1.632587937 0.663680635 0.619408794 -0.546058704 0.266336760 -0.497209581
1642650001.016316891 -0.076753717 1.631995248 0.665410019 0.618820408 -0.544520066 0.265896518 -0.499858222
1642650001.024650097 -0.079818044 1.631258345 0.667240906 0.618020082 -0.543070687 0.265439599 -0.502660151
1642650001.032984018 -0.082865999 1.630387932 0.669115239 0.617155065 -0.541818174 0.264854069 -0.505376112
1642650001.041316986 -0.085559814 1.629023703 0.670349004 0.616661178 -0.541780125 0.264983878 -0.505951413
1642650001.049649954 -0.088433023 1.627729735 0.672267013 0.615355744 -0.541322696 0.263854242 -0.508613788
1642650001.057984114 -0.091411994 1.626514278 0.674332237 0.614388190 -0.539971001 0.263812514 -0.511235197
1642650001.066317081 -0.094401410 1.625186756 0.676564797 0.613100605 -0.538809595 0.263085297 -0.514371456
1642650001.074650049 -0.098169501 1.624524335 0.679903390 0.611609715 -0.534969495 0.261699207 -0.520821199
1642650001.082983971 -0.100262338 1.622121349 0.681303103 0.610002588 -0.536789513 0.261456343 -0.520955317
1642650001.091316938 -0.103870144 1.621121645 0.684689225 0.608251513 -0.533362746 0.260120879 -0.527154063
1642650001.099649906 -0.105924877 1.618562669 0.686387274 0.606331283 -0.534850256 0.259930381 -0.527952437
1642650001.107984066 -0.109331744 1.617223820 0.690086452 0.603941539 -0.531613214 0.258704121 -0.534522390
1642650001.116317034 -0.112084356 1.615154370 0.692815001 0.601809542 -0.530636366 0.257936582 -0.538255555
1642650001.124650002 -0.114636444 1.612878515 0.695583319 0.599330962 -0.530290854 0.257022652 -0.541787194
1642650001.132983923 -0.117275200 1.610580132 0.698544091 0.596887777 -0.528929478 0.256528298 -0.546032802
1642650001.141316891 -0.119749967 1.608090540 0.701492993 0.594188428 -0.528140383 0.255927875 -0.550007974
1642650001.149650097 -0.122096051 1.605474178 0.704357739 0.591463464 -0.527978835 0.254968351 -0.553534515
1642650001.157984018 -0.124297539 1.602684612 0.707210033 0.588447002 -0.528556001 0.253609954 -0.556812959
1642650001.166316986 -0.126476582 1.599838978 0.710268280 0.585342319 -0.528223485 0.252961634 -0.560682380
1642650001.174649954 -0.128465117 1.596788013 0.713134851 0.582035958 -0.529273339 0.251480267 -0.563792117
1642650001.182984114 -0.130472811 1.593714451 0.716304321 0.578525561 -0.529235890 0.250600728 -0.567817597
1642650001.191317081 -0.132321590 1.590470893 0.719322412 0.574967793 -0.529951794 0.249461411 -0.571254880
1642650001.199650049 -0.134062625 1.587130180 0.722276869 -0.571270053 0.531286970 -0.247839363 0.574421737
1642650001.207983971 -0.135764479 1.583685557 0.725390592 -0.567386989 0.531869543 -0.246922649 0.578114175
1642650001.216316938 -0.137387570 1.580157345 0.728452261 -0.563444811 0.532852205 -0.245675082 0.581585958
1642650001.224649906 -0.138838222 1.576503677 0.731346591 -0.559445337 0.534648908 -0.244047194 0.584476199
1642650001.232984066 -0.140243491 1.572769564 0.734300061 -0.555345118 0.536076087 -0.242745718 0.587612752
1642650001.241317034 -0.141593848 1.568991084 0.737274259 -0.551136753 0.537565706 -0.241434632 0.590745892
1642650001.249650002 -0.142878714 1.565097674 0.740155516 -0.546929652 0.539132280 -0.240067324 0.593777753
1642650001.257983923 -0.144105274 1.561077617 0.742998556 -0.542660397 0.540643435 -0.238895566 0.596785789
1642650001.266316891 -0.145276334 1.557039617 0.745777172 -0.538350655 0.542343677 -0.237621616 0.599648127
1642650001.274650097 -0.146428413 1.552995302 0.748647246 -0.533954926 0.543604525 -0.236801773 0.602752999
1642650001.282984018 -0.147407535 1.548744562 0.751180831 -0.529555675 0.545862857 -0.235548548 0.605079673
1642650001.291316986 -0.148416137 1.544500722 0.753846421 -0.524989043 0.547679964 -0.234619884 0.607771892
1642650001.299649954 -0.149377034 1.540188965 0.756435533 -0.520370703 0.549603335 -0.233799365 0.610318247
1642650001.307984114 -0.150324271 1.535851909 0.759011757 -0.515634213 0.551474620 -0.233086875 0.612917295
1642650001.316317081 -0.151270839 1.531473818 0.761558460 -0.510806543 0.553298869 -0.232509095 0.615529494
1642650001.324650049 -0.152183056 1.527045171 0.764045119 -0.505840989 0.555183579 -0.232115090 0.618076591
1642650001.332983971 -0.153159276 1.522645208 0.766476888 -0.500960088 0.556838403 -0.231843944 0.620659625
1642650001.341316938 -0.153943964 1.518101037 0.768778453 -0.495790886 0.558996294 -0.231918483 0.622838950
1642650001.349649906 -0.154906714 1.513650408 0.771028771 -0.490738509 0.560923750 -0.231745762 0.625167308
1642650001.357984066 -0.155912454 1.509188224 0.773150758 -0.485821039 0.562808402 -0.231590973 0.627367708
1642650001.366317034 -0.156984641 1.504803014 0.775237216 -0.480847797 0.564585661 -0.231628927 0.629584361
1642650001.374650002 -0.158125685 1.500481605 0.777382355 -0.475720413 0.566265167 -0.231703303 0.631939419
1642650001.382983923 -0.159277927 1.496149777 0.779358115 -0.470720105 0.567994853 -0.231901413 0.634055332
1642650001.391316891 -0.160409563 1.491708034 0.781315915 -0.465078113 0.570094211 -0.232140377 0.636243495
1642650001.399650097 -0.161641032 1.487458340 0.783166715 -0.460036506 0.571832709 -0.232382991 0.638256932
1642650001.407984018 -0.162967370 1.483310153 0.784978830 -0.455065425 0.573331968 -0.232721631 0.640348777
1642650001.416316986 -0.164324534 1.479225578 0.786649019 -0.450214199 0.574965957 -0.233085143 0.642178043
1642650001.424649954 -0.165924116 1.475305596 0.788571474 -0.445184756 0.575777610 -0.233595540 0.644766470
1642650001.432984114 -0.167459406 1.471426243 0.790143841 -0.440467064 0.577160598 -0.234054063 0.646601195
1642650001.441317081 -0.169054331 1.467639104 0.791601922 -0.435871363 0.578597259 -0.234395853 0.648305446
1642650001.449650049 -0.170749026 1.463993929 0.792982141 -0.431415170 0.579956163 -0.234699478 0.649959964
1642650001.457983971 -0.172527009 1.460438969 0.794324446 -0.426987832 0.581267104 -0.235055692 0.651581742
1642650001.466316938 -0.174329053 1.457001657 0.795551696 -0.422681599 0.582675561 -0.235335253 0.653028923
1642650001.474649906 -0.176267764 1.453714466 0.796724012 -0.418524437 0.583977005 -0.235576858 0.654455268
1642650001.482984066 -0.178308202 1.450558565 0.797889601 -0.414405551 0.585067470 -0.235961878 0.655961955
1642650001.491317034 -0.180479908 1.447573541 0.798930327 -0.410624079 0.586003529 -0.236427015 0.657335528
1642650001.499650002 -0.182678263 1.444701185 0.799989343 -0.406651149 0.586984603 -0.237012357 0.658717741
1642650001.507983923 -0.185009564 1.442000913 0.800956153 -0.402892885 0.587807509 -0.237764430 0.660021009
1642650001.516316891 -0.187450331 1.439459325 0.801925888 -0.399205357 0.588371876 -0.238786094 0.661388554
1642650001.524650097 -0.189995947 1.437105559 0.802812046 -0.395687760 0.588851895 -0.239915307 0.662665291
1642650001.532984018 -0.192620173 1.434887547 0.803670122 -0.392160185 0.589214774 -0.241262163 0.663949477
1642650001.541316986 -0.195350477 1.432830536 0.804543358 -0.388677663 0.589313782 -0.242861025 0.665325080
1642650001.549649954 -0.198134255 1.430953177 0.805313538 -0.385364740 0.589458867 -0.244614104 0.666480458
1642650001.557984114 -0.201028277 1.429255588 0.806086863 -0.382111933 0.589346648 -0.246582273 0.667726128
1642650001.566317081 -0.204001423 1.427732483 0.806848199 -0.378884224 0.589084613 -0.248745463 0.668993093
1642650001.574650049 -0.206990517 1.426465354 0.807382505 -0.376025734 0.589224111 -0.250716062 0.669747005
1642650001.582983971 -0.210076720 1.425338028 0.808011237 -0.373035396 0.588864986 -0.253177339 0.670808361
1642650001.591316938 -0.213177126 1.424379255 0.808528136 -0.370182922 0.588621467 -0.255740401 0.671629526
1642650001.599649906 -0.216387482 1.423629165 0.809072304 -0.367369561 0.588004652 -0.258676506 0.672589473
1642650001.607984066 -0.219594719 1.422948996 0.809578140 -0.364047980 0.587675309 -0.260945617 0.673805747
1642650001.616317034 -0.222848169 1.422535517 0.810008195 -0.361274650 0.587021365 -0.263929003 0.674705881
1642650001.624650002 -0.226095230 1.422291624 0.810366007 -0.358578036 0.586358208 -0.267086961 0.675477904
1642650001.632983923 -0.229356732 1.422260191 0.810670486 -0.356049882 0.585656895 -0.270227036 0.676174410
1642650001.641316891 -0.232638066 1.422323835 0.810931538 -0.353359833 0.584960045 -0.273073277 0.677044725
1642650001.649650097 -0.235927503 1.422697417 0.811155608 -0.350986215 0.584001553 -0.276280451 0.677805264
1642650001.657984018 -0.239182768 1.423237751 0.811284779 -0.348739735 0.583048067 -0.279608470 0.678420704
1642650001.666316986 -0.242395331 1.423927054 0.811384161 -0.346241475 0.582310294 -0.281997985 0.679344315
1642650001.674649954 -0.245647282 1.424807515 0.811431720 -0.344145492 0.581123746 -0.285534786 0.679947761
1642650001.682984114 -0.248807172 1.425801162 0.811372694 -0.342070374 0.580056276 -0.289418843 0.680264147
1642650001.691317081 -0.251949488 1.426947904 0.811277323 -0.340022637 0.578810296 -0.293561324 0.680576959
1642650001.699650049 -0.255096500 1.428244457 0.811207546 -0.337926012 0.577217195 -0.298208120 0.680953917
1642650001.707983971 -0.258073482 1.429635510 0.810950224 -0.335880121 0.576138525 -0.302666747 0.680912465
1642650001.716316938 -0.261081337 1.431160625 0.810736988 -0.333860602 0.574400207 -0.307786105 0.681079448
1642650001.724649906 -0.263985750 1.432771091 0.810470057 -0.331711109 0.572816860 -0.312961335 0.681104828
1642650001.732984066 -0.266800606 1.434532959 0.810096278 -0.329794809 0.571223586 -0.318211118 0.680941028
1642650001.741317034 -0.269185894 1.436384227 0.809261259 -0.329436573 0.570233672 -0.327271179 0.677641999
1642650001.749650002 -0.271794496 1.438231050 0.808906967 -0.326783554 0.568716335 -0.332638234 0.677588403
1642650001.757983923 -0.274172429 1.440193360 0.808231710 -0.324988727 0.567603941 -0.337828556 0.676816046
1642650001.766316891 -0.276584108 1.442347878 0.807755037 -0.323117029 0.565743601 -0.343421382 0.676454964
1642650001.774650097 -0.278896380 1.444645326 0.807209308 -0.321496738 0.563875357 -0.348859187 0.676004214
1642650001.782984018 -0.281138329 1.446945420 0.806696713 -0.319473376 0.562024333 -0.353730945 0.675973246
1642650001.791316986 -0.283160370 1.449397749 0.806010160 -0.318149112 0.560340323 -0.359177209 0.675123394
1642650001.799649954 -0.285054008 1.451943008 0.805301221 -0.317005796 0.558576759 -0.364737920 0.674140623
1642650001.807984114 -0.286831786 1.454590040 0.804547963 -0.316055825 0.556839796 -0.370139197 0.673078845
1642650001.816317081 -0.288429999 1.457272067 0.803695746 -0.315319075 0.555346783 -0.375452212 0.671713829
1642650001.824650049 -0.289891790 1.460026411 0.802814636 -0.314788714 0.553834431 -0.380668377 0.670273881
1642650001.832983971 -0.291184023 1.462795055 0.801862424 -0.314436829 0.552489942 -0.385738334 0.668648101
1642650001.841316938 -0.292296941 1.465597960 0.800807617 -0.314350011 0.551398843 -0.390586339 0.666772598
1642650001.849649906 -0.293259722 1.468428324 0.799710175 -0.314464468 0.550435145 -0.395164521 0.664814448
1642650001.857984066 -0.294237809 1.471440828 0.798553607 -0.315041918 0.549296327 -0.399574405 0.662844197
1642650001.866317034 -0.294918805 1.474315652 0.797328910 -0.315691398 0.548548432 -0.403620027 0.660699957
1642650001.874650002 -0.295482897 1.477264320 0.796053334 -0.316646162 0.547828606 -0.407471647 0.658472387
1642650001.882983923 -0.295899560 1.480208116 0.794747005 -0.317763226 0.547256775 -0.411124696 0.656134924
1642650001.891316891 -0.296224070 1.483238420 0.793464668 -0.319147170 0.546576040 -0.414610483 0.653833208
1642650001.899650097 -0.296311524 1.486108099 0.792016329 -0.320751921 0.546299205 -0.417785585 0.651253091
1642650001.907984018 -0.296305891 1.488987068 0.790585453 -0.322487843 0.546039632 -0.420813701 0.648658725
1642650001.916316986 -0.296164934 1.491828115 0.789135051 -0.324361269 0.545896591 -0.423563910 0.646049761
1642650001.924649954 -0.295892323 1.494604229 0.787664954 -0.326350075 0.545819040 -0.426183509 0.643385437
1642650001.932984114 -0.295462175 1.497288810 0.786150999 -0.328431423 0.545921326 -0.428660550 0.640587886
1642650001.941317081 -0.294948895 1.499907883 0.784683441 -0.330584690 0.545944978 -0.431011372 0.637876979
1642650001.949650049 -0.294280377 1.502430168 0.783177490 -0.332843914 0.546195929 -0.433072883 0.635084888
1642650001.957983971 -0.293490322 1.504843496 0.781694283 -0.335138756 0.546591620 -0.434855034 0.632313779
1642650001.966316938 -0.292590512 1.507182605 0.780235405 -0.337532523 0.546998455 -0.436551435 0.629513568
1642650001.974649906 -0.291649612 1.509453079 0.778813530 -0.340110886 0.547054035 -0.438310222 0.626849756
1642650001.982984066 -0.290521752 1.511575710 0.777397024 -0.342586840 0.547668976 -0.439504889 0.624122106
1642650001.991317034 -0.289239991 1.513560786 0.775955295 -0.345121262 0.548545447 -0.440473736 0.621266525
1642650001.999650002 -0.287849909 1.515422044 0.774545307 -0.347686971 0.549492229 -0.441229984 0.618456274
1642650002.007983923 -0.286345244 1.517180418 0.773090648 -0.350419241 0.550674868 -0.441636377 0.615565476
1642650002.016316891 -0.284755280 1.518816434 0.771667533 -0.353188885 0.551925912 -0.441829185 0.612717203
1642650002.024650097 -0.283003845 1.520274568 0.770130725 -0.356099296 0.553766542 -0.441484658 0.609612340
1642650002.032984018 -0.281430217 1.521844587 0.769182463 -0.358644465 0.553823790 -0.441893555 0.607769236
1642650002.041316986 -0.279610959 1.523182925 0.767819360 -0.361957469 0.554997339 -0.441529985 0.604992576
1642650002.049649954 -0.277678560 1.524298811 0.766485045 -0.364881833 0.556622983 -0.440709695 0.602334681
1642650002.057984114 -0.275636175 1.525256858 0.765160952 -0.367815540 0.558442893 -0.439646530 0.599636717
1642650002.066317081 -0.273523350 1.526086513 0.763856739 -0.370771584 0.560371822 -0.438350439 0.596959585
1642650002.074650049 -0.271338837 1.526785358 0.762604578 -0.373714183 0.562333116 -0.436844155 0.594378970
1642650002.082983971 -0.269098014 1.527369731 0.761325700 -0.376835286 0.564403706 -0.435055159 0.591752171
1642650002.091316938 -0.266784198 1.527809264 0.760060943 -0.379987081 0.566631075 -0.433019656 0.589095087
1642650002.099649906 -0.264436321 1.528141593 0.758771476 -0.383279963 0.568963285 -0.430633951 0.586456862
1642650002.107984066 -0.262281057 1.528626068 0.757881540 -0.386512112 0.570309917 -0.427525323 0.585300849
1642650002.116317034 -0.259856232 1.528751569 0.756673074 -0.389898445 0.572784709 -0.424305724 0.582976443
1642650002.124650002 -0.257417185 1.528752304 0.755540171 -0.393251482 0.575194213 -0.420943417 0.580785269
1642650002.132983923 -0.254920853 1.528590372 0.754385059 -0.396592797 0.577871376 -0.417222704 0.578536119
1642650002.141316891 -0.252356339 1.528290240 0.753240423 -0.399856103 0.580973790 -0.412869894 0.576301139
1642650002.149650097 -0.249789130 1.527839491 0.752150395 -0.403124089 0.583799872 -0.408545798 0.574246470
1642650002.157984018 -0.247203142 1.527290221 0.751065738 -0.406472791 0.586614540 -0.403910721 0.572293090
1642650002.166316986 -0.244613142 1.526643276 0.750038646 -0.409773174 0.589556373 -0.398937918 0.570401408
1642650002.174649954 -0.242041254 1.525924035 0.749034381 -0.413182870 0.592415818 -0.393709121 0.568609306
1642650002.182984114 -0.239469027 1.525086436 0.748071096 -0.416514788 0.595303728 -0.388182568 0.566959608
1642650002.191317081 -0.236970863 1.524178124 0.747222065 -0.419905110 0.597775355 -0.382622273 0.565636384
1642650002.199650049 -0.234427412 1.523112672 0.746347008 -0.423155825 0.600690517 -0.376557240 0.564193846
1642650002.207983971 -0.231886664 1.521928178 0.745519642 -0.426302860 0.603632963 -0.370273177 0.562841800
1642650002.216316938 -0.229400982 1.520649875 0.744853584 -0.429240484 0.606323321 -0.363958776 0.561835071
1642650002.224649906 -0.226886047 1.519223286 0.744260579 -0.431921835 0.609141996 -0.357422945 0.560926373
1642650002.232984066 -0.224374320 1.517665863 0.743730429 -0.434446704 0.611932162 -0.350836395 0.560097237
1642650002.241317034 -0.221873397 1.516001018 0.743296736 -0.436743145 0.614685044 -0.344097739 0.559476959
1642650002.249650002 -0.219382726 1.514312790 0.743000529 -0.438779732 0.617366646 -0.337218841 0.559119150
1642650002.257983923 -0.216926982 1.512483807 0.742621430 -0.440927497 0.620057067 -0.330304936 0.558579292
1642650002.266316891 -0.214446767 1.510560777 0.742346235 -0.442851785 0.622671715 -0.323542213 0.558106323
1642650002.274650097 -0.212035141 1.508509644 0.742175731 -0.444586089 0.624974134 -0.316981796 0.557918527
1642650002.282984018 -0.209694155 1.506476081 0.742086634 -0.446315517 0.626940432 -0.310266404 0.558106542
1642650002.291316986 -0.207369334 1.504340601 0.742024840 -0.447942634 0.628849386 -0.303589687 0.558327098
1642650002.299649954 -0.205084401 1.502171458 0.742030032 -0.449466419 0.630593219 -0.296915679 0.558724628
1642650002.307984114 -0.202839455 1.499920274 0.742137827 -0.450739973 0.632178222 -0.290297542 0.559384938
1642650002.316317081 -0.200606082 1.497597149 0.742341835 -0.451857088 0.633527057 -0.283942490 0.560218977
1642650002.324650049 -0.198378101 1.495173876 0.742572677 -0.452805021 0.634769305 -0.277528624 0.561260550
1642650002.332983971 -0.196203414 1.492873451 0.742881372 -0.453915426 0.635719155 -0.270979556 0.562487352
1642650002.341316938 -0.193961700 1.490383963 0.743181733 -0.454504276 0.636918594 -0.264692355 0.563647518
1642650002.349649906 -0.191753751 1.487829248 0.743511077 -0.455019085 0.637838213 -0.258488960 0.565069468
1642650002.357984066 -0.189540929 1.485298441 0.743839932 -0.455464926 0.638717650 -0.252314874 0.566505665
1642650002.366317034 -0.187307049 1.482736262 0.744141126 -0.455844567 0.639604956 -0.246196914 0.567889347
1642650002.374650002 -0.185083333 1.480240502 0.744451633 -0.456219447 0.640358507 -0.240073565 0.569358834
1642650002.382983923 -0.182849392 1.477632931 0.744684668 -0.456540596 0.641015764 -0.234010717 0.570883928
1642650002.391316891 -0.180606083 1.475093078 0.744765077 -0.457084706 0.641880084 -0.227768308 0.572000985
1642650002.399650097 -0.178234040 1.472479121 0.744825211 -0.457331242 0.642708603 -0.221918087 0.573172007
1642650002.407984018 -0.176001743 1.470056200 0.745143272 -0.457518977 0.642800010 -0.216228338 0.575091157
1642650002.416316986 -0.173693284 1.467621786 0.745331942 -0.457711191 0.643028035 -0.210608125 0.576766529
1642650002.424649954 -0.171232106 1.465140640 0.745256796 -0.457971320 0.643713576 -0.205009187 0.577811678
1642650002.432984114 -0.169014333 1.463012904 0.745478972 -0.458316039 0.643453104 -0.199325534 0.579813628
1642650002.441317081 -0.166665100 1.460960005 0.745491979 -0.459122060 0.643185020 -0.194039387 0.581264725
1642650002.449650049 -0.164224127 1.458815203 0.745443882 -0.459416038 0.643254763 -0.188744241 0.582697027
1642650002.457983971 -0.161746832 1.456753938 0.745350418 -0.459688640 0.643287088 -0.183533048 0.584109320
1642650002.466316938 -0.159203799 1.454780817 0.745133904 -0.459960963 0.643440135 -0.178487063 0.585288880
1642650002.474649906 -0.156597003 1.452886901 0.744847684 -0.460376032 0.643507226 -0.174204720 0.586178364
1642650002.482984066 -0.153999608 1.451159632 0.744628788 -0.460404254 0.643470205 -0.169089763 0.587692667
1642650002.491317034 -0.151153757 1.449382389 0.744105030 -0.460476571 0.643945153 -0.164671790 0.588369925
1642650002.499650002 -0.148541461 1.448066275 0.743770425 -0.460797393 0.643670311 -0.160247769 0.589639675
1642650002.507983923 -0.145885306 1.446768613 0.743495904 -0.460890359 0.643252560 -0.156224427 0.591100794
1642650002.516316891 -0.143104215 1.445590028 0.743027554 -0.460982737 0.643106073 -0.152468751 0.592167860
1642650002.524650097 -0.140303124 1.444612840 0.742528898 -0.461205728 0.642765454 -0.148989033 0.593248781
1642650002.532984018 -0.137490488 1.443805126 0.741994400 -0.461412769 0.642360169 -0.145711704 0.594339776
1642650002.541316986 -0.134686679 1.443203030 0.741510490 -0.461543441 0.641752847 -0.142638116 0.595638567
1642650002.549649954 -0.131890361 1.442800494 0.740918113 -0.461929848 0.641128312 -0.139656821 0.596717082
1642650002.557984114 -0.128989015 1.442550223 0.740089132 -0.462420604 0.640840626 -0.136737726 0.597321749
1642650002.566317081 -0.126110107 1.442559808 0.739274319 -0.462942478 0.640445680 -0.133734687 0.598020590
1642650002.574650049 -0.123248208 1.442829259 0.738386352 -0.463721071 0.639931370 -0.130848184 0.598606184
1642650002.582983971 -0.120396175 1.443338737 0.737450530 -0.464576429 0.639365439 -0.127915682 0.599181238
1642650002.591316938 -0.117556996 1.444039290 0.736386517 -0.465560425 0.638882652 -0.124671030 0.599616196
1642650002.599649906 -0.114755537 1.445164922 0.735195598 -0.467107432 0.638253447 -0.121989268 0.599634724
1642650002.607984066 -0.111942228 1.446472715 0.733904822 -0.468644304 0.637755737 -0.119042472 0.599557359
1642650002.616317034 -0.109191535 1.448091568 0.732410346 -0.470522327 0.637609291 -0.115586769 0.598918050
1642650002.624650002 -0.106432824 1.449830607 0.730952115 -0.472199258 0.637260272 -0.112251603 0.598604030
1642650002.632983923 -0.103724349 1.451904925 0.729361904 -0.474271493 0.636829190 -0.109208509 0.597987153
1642650002.641316891 -0.101127072 1.454244606 0.727744796 -0.476667658 0.635971584 -0.106453998 0.597491117
1642650002.649650097 -0.098524758 1.456809919 0.725973233 -0.479082103 0.635480486 -0.103595118 0.596584397
1642650002.657984018 -0.095993636 1.459613051 0.724097476 -0.481720411 0.634892064 -0.100985530 0.595532900
1642650002.666316986 -0.093568876 1.462603522 0.722164482 -0.484343217 0.634223777 -0.098064757 0.594605039
1642650002.674649954 -0.091154091 1.465900509 0.719958147 -0.487455206 0.633874115 -0.096070743 0.592757489
1642650002.682984114 -0.088911288 1.469268493 0.717847630 -0.490320250 0.633100737 -0.093744340 0.591592349
1642650002.691317081 -0.086806360 1.472935544 0.715523048 -0.493848497 0.632189388 -0.092502106 0.589825059
1642650002.699650049 -0.084834126 1.476625532 0.713254506 -0.496931647 0.631210250 -0.090732869 0.588557648
1642650002.707983971 -0.083017092 1.480588999 0.710755413 -0.500708000 0.630129620 -0.090080842 0.586611969
1642650002.716316938 -0.081342014 1.484585923 0.708244693 -0.504253259 0.629020497 -0.089360721 0.584873087
1642650002.724649906 -0.079834691 1.488673721 0.705696738 -0.507812785 0.627773629 -0.088972621 0.583189779
1642650002.732984066 -0.078529685 1.492851099 0.703129995 -0.511421202 0.626354612 -0.088854032 0.581578211
1642650002.741317034 -0.077366536 1.497052766 0.700520493 -0.514875780 0.625001085 -0.088947570 0.579969745
1642650002.749650002 -0.076383005 1.501250118 0.697819962 -0.518118230 0.623996041 -0.088587228 0.578216865
1642650002.757983923 -0.075657437 1.505569088 0.695234072 -0.521812035 0.621976105 -0.090001666 0.576851475
1642650002.766316891 -0.075122613 1.509850807 0.692633543 -0.525185335 0.620230115 -0.091058476 0.575502670
1642650002.774650097 -0.074793336 1.514139568 0.690037159 -0.528501079 0.618411752 -0.092258018 0.574231636
1642650002.782984018 -0.074654883 1.518422749 0.687362159 -0.531770627 0.616941408 -0.093359994 0.572614365
1642650002.791316986 -0.074741918 1.522679020 0.684736582 -0.535032899 0.615139186 -0.094882825 0.571262487
1642650002.799649954 -0.075132401 1.526936275 0.682274816 -0.538077885 0.613018311 -0.096062736 0.570484611
1642650002.807984114 -0.075696953 1.531088463 0.679714308 -0.541259923 0.610925076 -0.097755215 0.569431440
1642650002.816317081 -0.076525082 1.535250614 0.677252055 -0.544425970 0.608620944 -0.099623160 0.568556185
1642650002.824650049 -0.077587385 1.539353787 0.674818450 -0.547551917 0.606169607 -0.101642985 0.567815119
1642650002.832983971 -0.078880493 1.543397691 0.672403523 -0.550692512 0.603620163 -0.103768057 0.567109025
1642650002.841316938 -0.080404374 1.547370393 0.670037638 -0.553771935 0.601027866 -0.105890060 0.566471043
1642650002.849649906 -0.082144910 1.551258694 0.667698682 -0.556781772 0.598337432 -0.108118062 0.565947754
1642650002.857984066 -0.084141512 1.555146774 0.665316674 -0.560082331 0.595443338 -0.110851183 0.565214144
1642650002.866317034 -0.086300869 1.558834679 0.662929325 -0.563116130 0.592767693 -0.113203373 0.564545554
1642650002.874650002 -0.088696863 1.562407144 0.660711155 -0.565743323 0.590015487 -0.114919796 0.564455187
1642650002.882983923 -0.091360754 1.566022768 0.658439571 -0.568934933 0.586825581 -0.117604162 0.564019539
1642650002.891316891 -0.094246686 1.569508707 0.656308380 -0.571768466 0.583567572 -0.119838340 0.564064254
1642650002.899650097 -0.097193412 1.572786441 0.653989506 -0.574654893 0.580697112 -0.122055248 0.563617897
1642650002.907984018 -0.100532687 1.576013406 0.651774928 -0.577464484 0.577625202 -0.123452371 0.563598623
1642650002.916316986 -0.104031804 1.579144540 0.649607301 0.580299126 -0.574336807 0.125420218 -0.563613276
1642650002.924649954 -0.107722430 1.582199102 0.647363767 0.583486935 -0.570794436 0.128029749 -0.563333908
1642650002.932984114 -0.111597063 1.585074856 0.645200755 0.586407626 -0.567287063 0.130080158 -0.563374332
1642650002.941317081 -0.115628563 1.587718247 0.643153959 0.588839567 -0.563967650 0.131603467 -0.563816443
1642650002.949650049 -0.119861318 1.590276148 0.641099950 0.591538899 -0.560303474 0.133629259 -0.564167501
1642650002.957983971 -0.124273410 1.592726530 0.638944605 0.594587936 -0.556499130 0.136240748 -0.564103150
1642650002.966316938 -0.128841799 1.594945611 0.636984465 0.597128539 -0.552680141 0.138390040 -0.564650659
1642650002.974649906 -0.133589619 1.596932050 0.635191983 0.599260393 -0.548853691 0.140016040 -0.565722650
1642650002.982984066 -0.138452208 1.598775410 0.633328090 0.601590027 -0.544976339 0.142160254 -0.566463319
1642650002.991317034 -0.143489906 1.600508932 0.631439417 0.604168571 -0.540794570 0.144901689 -0.567031808
1642650002.999650002 -0.148611561 1.601986807 0.629752451 0.606222490 -0.536624209 0.147271286 -0.568190037
1642650003.007983923 -0.153813286 1.603223597 0.628089182 0.608082990 -0.532702308 0.149601026 -0.569282760
1642650003.016316891 -0.159080110 1.604163533 0.626591057 0.609381325 -0.529033427 0.151398508 -0.570838440
1642650003.024650097 -0.164466309 1.605009536 0.625058455 0.611071667 -0.524919146 0.154287304 -0.572054837
1642650003.032984018 -0.169903020 1.605566596 0.623754662 0.612129231 -0.520878057 0.156962362 -0.573887333
1642650003.041316986 -0.175396651 1.605896639 0.622548547 0.612922838 -0.516880124 0.159693516 -0.575898006
1642650003.049649954 -0.180905710 1.605962640 0.621385863 0.613423398 -0.513371922 0.162293307 -0.577773214
1642650003.057984114 -0.186489353 1.605820079 0.620389220 0.613618667 -0.509759808 0.165025410 -0.579985934
1642650003.066317081 -0.192261811 1.605524222 0.619756936 0.613300910 -0.505740661 0.167812338 -0.583032929
1642650003.074650049 -0.197803299 1.604808677 0.618904486 0.612827659 -0.502713557 0.170764469 -0.585286970
1642650003.082983971 -0.203494426 1.603922586 0.618371754 0.611868635 -0.499464634 0.173716204 -0.588195998
1642650003.091316938 -0.209427084 1.602928171 0.618254817 0.610413009 -0.495583421 0.176692470 -0.592091887
1642650003.099649906 -0.215275078 1.601622671 0.618084365 0.608733536 -0.492271147 0.179797683 -0.595638642
1642650003.107984066 -0.221153034 1.600079384 0.618010832 0.606796127 -0.489106474 0.182909933 -0.599263943
1642650003.116317034 -0.227108932 1.598327550 0.618131744 0.604399788 -0.486002466 0.186073207 -0.603224055
1642650003.124650002 -0.233138144 1.596370352 0.618364598 -0.601770768 0.482920310 -0.189302260 0.607309289
1642650003.132983923 -0.239003438 1.594105963 0.618394281 -0.599093356 0.480743683 -0.192607834 0.610634820
1642650003.141316891 -0.245295441 1.591767953 0.619049869 -0.595709660 0.476916585 -0.196295759 0.615750393
1642650003.149650097 -0.251659391 1.589246900 0.619664886 -0.592313913 0.473506624 -0.199705280 0.620542913
1642650003.157984018 -0.258048430 1.586564045 0.620291239 -0.588746776 0.470638628 -0.202818248 0.625093012
1642650003.166316986 -0.264500863 1.583703687 0.620971160 -0.584921883 0.467991313 -0.205870772 0.629656849
1642650003.174649954 -0.271537406 1.580937040 0.622213044 -0.580585566 0.463926530 -0.208609121 0.635747442
1642650003.182984114 -0.278314449 1.577853571 0.623091918 -0.576384613 0.460986335 -0.211444615 0.640752332
1642650003.191317081 -0.285136795 1.574616943 0.623924492 -0.572091173 0.458343235 -0.214136792 0.645583924
1642650003.199650049 -0.291100698 1.570877796 0.623647880 -0.568656141 0.458804813 -0.217009600 0.647329259
1642650003.207983971 -0.298765997 1.567681522 0.625211712 -0.563610749 0.454203652 -0.219320005 0.654171768
1642650003.216316938 -0.305954634 1.564190451 0.626057899 -0.559125564 0.451641814 -0.221535548 0.659029800
1642650003.224649906 -0.313201593 1.560602936 0.626826156 -0.554652027 0.449137867 -0.223725774 0.663764328
1642650003.232984066 -0.320461105 1.556918644 0.627497414 -0.550154280 0.447045891 -0.225615438 0.668264853
1642650003.241317034 -0.327665011 1.552786444 0.628333249 -0.544407158 0.445908132 -0.226743231 0.673330744
1642650003.249650002 -0.335016059 1.548880823 0.628894034 -0.539732739 0.444127233 -0.228410057 0.677693453
1642650003.257983923 -0.342440620 1.544962068 0.629390378 -0.535046716 0.442471830 -0.230032472 0.681930167
1642650003.266316891 -0.349822719 1.540873696 0.629673334 -0.530498286 0.441296923 -0.231370906 0.685781377
1642650003.274650097 -0.357348858 1.536812535 0.630110994 -0.525537867 0.439564236 -0.233202287 0.690079652
1642650003.282984018 -0.364739723 1.532596642 0.630375266 -0.520444342 0.438775324 -0.234586089 0.693962008
1642650003.291316986 -0.372499871 1.528320685 0.630704810 -0.515255176 0.436270288 -0.236776974 0.698653708
1642650003.299649954 -0.380147464 1.523997992 0.630882720 -0.509963779 0.434637884 -0.238651311 0.702902843
1642650003.307984114 -0.387609358 1.519611396 0.630900544 -0.504536680 0.434266636 -0.239975322 0.706588333
1642650003.316317081 -0.395316851 1.515324840 0.630890867 -0.499330831 0.432548794 -0.242351321 0.710518191
1642650003.324650049 -0.402911499 1.510910815 0.630798886 -0.493657618 0.431807339 -0.243958871 0.714372904
1642650003.332983971 -0.410811396 1.506488751 0.630762533 -0.487731539 0.429537983 -0.246372222 0.718968564
1642650003.341316938 -0.418494091 1.502072614 0.630544154 -0.481771900 0.428630446 -0.248123899 0.722915146
1642650003.349649906 -0.426302447 1.497640089 0.630320882 -0.475540938 0.426963166 -0.250409943 0.727226328
1642650003.357984066 -0.434086794 1.493250596 0.629951093 -0.469366109 0.425526761 -0.252657621 0.731291021
1642650003.366317034 -0.441857316 1.488881236 0.629450055 -0.463145984 0.424079730 -0.255099596 0.735238992
1642650003.374650002 -0.449606622 1.484515670 0.628901820 -0.456701194 0.422639960 -0.257671555 0.739192027
1642650003.382983923 -0.457429765 1.480260950 0.628189289 -0.450378629 0.421023355 -0.260365170 0.743039974
1642650003.391316891 -0.465267493 1.476057162 0.627414525 -0.443883309 0.419300791 -0.263232011 0.746902513
1642650003.399650097 -0.473114812 1.471951088 0.626518806 -0.437315806 0.417502560 -0.266307198 0.750684337
1642650003.407984018 -0.480947676 1.467969893 0.625431581 -0.430981729 0.415798472 -0.269315975 0.754211698
1642650003.416316986 -0.488904189 1.464087240 0.624291737 -0.424483343 0.413666989 -0.272586121 0.757885427
1642650003.424649954 -0.496628469 1.460351595 0.622975879 -0.418096124 0.412015636 -0.275987500 0.761097659
1642650003.432984114 -0.504511781 1.456731948 0.621600143 -0.411655881 0.409844515 -0.279507279 0.764488450
1642650003.441317081 -0.512305308 1.453229798 0.620029104 -0.405415858 0.407914544 -0.282987498 0.767568748
1642650003.449650049 -0.520143331 1.449903584 0.618364427 -0.399342061 0.405727310 -0.286528051 0.770592593
1642650003.457983971 -0.527896575 1.446720407 0.616563682 -0.393434360 0.403671518 -0.289996140 0.773408656
1642650003.466316938 -0.535618922 1.443722647 0.614678576 -0.387362770 0.401709434 -0.293187235 0.776286584
1642650003.474649906 -0.543360917 1.440870476 0.612750790 -0.381413909 0.399325927 -0.296555027 0.779177355
1642650003.482984066 -0.550963569 1.438215967 0.610623252 -0.375909114 0.397306140 -0.299619180 0.781708716
1642650003.491317034 -0.558521900 1.435709361 0.608429264 -0.370450754 0.395178077 -0.302741036 0.784186452
1642650003.499650002 -0.566013863 1.433405664 0.606115050 -0.365190692 0.393059058 -0.305835130 0.786514595
1642650003.507983923 -0.573340587 1.431359872 0.603651613 -0.360229075 0.391091928 -0.309678541 0.788277438
1642650003.516316891 -0.580707501 1.429426778 0.601190722 -0.355227778 0.388901158 -0.312488605 0.790518809
1642650003.524650097 -0.588054220 1.427649953 0.598689304 -0.350251521 0.386524530 -0.315271201 0.792796777
1642650003.532984018 -0.595272272 1.425791715 0.596167746 -0.344879366 0.384540567 -0.317793908 0.795106161
1642650003.541316986 -0.602472746 1.424246531 0.593629222 -0.339687578 0.382171705 -0.320769137 0.797285581
1642650003.549649954 -0.609576524 1.422893795 0.591010910 -0.334606363 0.379856820 -0.323817761 0.799305596
1642650003.557984114 -0.616679597 1.421742814 0.588377554 -0.329589901 0.377255051 -0.327023230 0.801314502
1642650003.566317081 -0.623593157 1.420761684 0.585660236 -0.324674604 0.375106719 -0.330011720 0.803102493
1642650003.574650049 -0.630621975 1.419887479 0.583112851 -0.319315517 0.372017811 -0.333461448 0.805260089
1642650003.582983971 -0.637472456 1.419277633 0.580312717 -0.314689754 0.369271032 -0.336722104 0.806986672
1642650003.591316938 -0.644253829 1.418826569 0.577653367 -0.309696898 0.366337797 -0.340163452 0.808809789
1642650003.599649906 -0.650852677 1.418578802 0.574936828 -0.304881429 0.363737601 -0.343457184 0.810419295
1642650003.607984066 -0.657108325 1.418492958 0.572087987 -0.300429403 0.361690656 -0.346717775 0.811608790
1642650003.616317034 -0.663667648 1.418649326 0.569458160 -0.295627340 0.358294691 -0.350258030 0.813356443
1642650003.624650002 -0.669846122 1.419010696 0.566687054 -0.291276799 0.355567406 -0.353729766 0.814619481
1642650003.632983923 -0.675563022 1.419615306 0.563749948 -0.287602177 0.353651891 -0.357838632 0.814964319
1642650003.641316891 -0.681383334 1.420432841 0.560942355 -0.283821280 0.350958414 -0.361236681 0.815954492
1642650003.649650097 -0.687185853 1.421447786 0.558281633 -0.279891084 0.347862436 -0.364593911 0.817143798
1642650003.657984018 -0.692618318 1.422623708 0.555561034 -0.276274962 0.345291940 -0.367996986 0.817938775
1642650003.666316986 -0.697626277 1.423997366 0.552740720 -0.273228740 0.343474388 -0.371337721 0.818217390
1642650003.674649954 -0.702774829 1.425619522 0.550140563 -0.269941260 0.340692841 -0.374899929 0.818846840
1642650003.682984114 -0.707555877 1.427461177 0.547502565 -0.267186108 0.338350546 -0.378406899 0.819108485
1642650003.691317081 -0.711863551 1.429441637 0.544816068 -0.264832666 0.336864648 -0.381706425 0.818954256
1642650003.699650049 -0.716401076 1.431721251 0.542394244 -0.262209621 0.333872254 -0.385572693 0.819212507
1642650003.707983971 -0.720626142 1.434102425 0.540133463 -0.259695337 0.331559045 -0.388991907 0.819336456
1642650003.716316938 -0.724480298 1.436752000 0.537796736 -0.257729990 0.329323316 -0.392744194 0.819068620
1642650003.724649906 -0.727859539 1.439524819 0.535543800 -0.256119316 0.328164993 -0.395975262 0.818482880
1642650003.732984066 -0.731143832 1.442484371 0.533416338 -0.254448095 0.326179150 -0.399827931 0.817924786
1642650003.741317034 -0.734160804 1.445595673 0.531424196 -0.253003754 0.324665362 -0.403306943 0.817266794
1642650003.749650002 -0.737243204 1.448840708 0.529681318 -0.250943698 0.321204746 -0.408388596 0.816745693
1642650003.757983923 -0.739104845 1.452120466 0.527835604 -0.250291483 0.322285726 -0.410832837 0.815292870
1642650003.766316891 -0.741514744 1.455612193 0.526253603 -0.248784262 0.319484461 -0.415793165 0.814341522
1642650003.774650097 -0.742947119 1.459033371 0.524792338 -0.247978457 0.320262840 -0.418653477 0.812814656
1642650003.782984018 -0.744400847 1.462608179 0.523482798 -0.247073347 0.319534222 -0.422583726 0.811341874
1642650003.791316986 -0.745537997 1.466219516 0.522321698 -0.246244926 0.319123284 -0.426387472 0.809763848
1642650003.799649954 -0.746401160 1.469899329 0.521352401 -0.245482251 0.318727100 -0.430343048 0.808057152
1642650003.807984114 -0.747234380 1.473643739 0.520505543 -0.244761270 0.317620181 -0.434392295 0.806543660
1642650003.816317081 -0.747291818 1.477195445 0.519815677 -0.244366924 0.318261086 -0.437848566 0.804539198
1642650003.824650049 -0.747212142 1.480826212 0.519286051 -0.244088262 0.318485058 -0.441448715 0.802565399
1642650003.832983971 -0.746740240 1.484413288 0.518898294 -0.243628078 0.319169487 -0.445758314 0.800047326
1642650003.841316938 -0.745992687 1.487920957 0.518670889 -0.243621524 0.320088010 -0.449231061 0.797736594
1642650003.849649906 -0.744843119 1.491298060 0.518640189 -0.243669663 0.321401681 -0.452624334 0.795271819
1642650003.857984066 -0.743494809 1.494606578 0.518744086 -0.243885278 0.322656332 -0.455918385 0.792812266
1642650003.866317034 -0.741772362 1.497788747 0.518847310 -0.244423808 0.324347212 -0.459115847 0.790106656
1642650003.874650002 -0.739732823 1.500788037 0.519213204 -0.244986193 0.326496602 -0.461993779 0.787364897
1642650003.882983923 -0.737426470 1.503635713 0.519725304 -0.245707045 0.328898289 -0.464637060 0.784580376
1642650003.891316891 -0.734753340 1.506268436 0.520384500 -0.246524694 0.331902003 -0.467060022 0.781614721
1642650003.899650097 -0.731863565 1.508765763 0.521159537 -0.247525812 0.335006012 -0.469273687 0.778642505
1642650003.907984018 -0.728738853 1.511032832 0.522030868 -0.248565296 0.338320673 -0.471320050 0.775636401
1642650003.916316986 -0.725697627 1.513180035 0.523024466 -0.249520823 0.340763920 -0.473527237 0.772910904
1642650003.924649954 -0.722258333 1.515090782 0.524146467 -0.250660728 0.344020258 -0.475317515 0.769995144
1642650003.932984114 -0.718541765 1.516761097 0.525357762 -0.251927702 0.347657963 -0.476891689 0.766968507
1642650003.941317081 -0.714648166 1.518208479 0.526690638 -0.253245516 0.351399675 -0.478312522 0.763938550
1642650003.949650049 -0.710433269 1.519343151 0.528082598 -0.254637225 0.355843576 -0.479353894 0.760759540
1642650003.957983971 -0.706142512 1.520339374 0.529598634 -0.256182130 0.360097696 -0.480154549 0.757728167
1642650003.966316938 -0.701999749 1.521277683 0.531132842 -0.257927460 0.362838128 -0.481729388 0.754823631
1642650003.974649906 -0.697293315 1.521618782 0.533057863 -0.258862775 0.368235270 -0.481549532 0.751999267
1642650003.982984066 -0.692710669 1.522070882 0.534685740 -0.260961981 0.372086245 -0.482112710 0.749011352
1642650003.991317034 -0.687703454 1.522067055 0.536482847 -0.262759759 0.377483014 -0.481815525 0.745867068
1642650003.999650002 -0.682830469 1.521873692 0.538439352 -0.264311709 0.382251862 -0.481413886 0.743144336
1642650004.007983923 -0.678041886 1.521503115 0.540481894 -0.265766961 0.386390561 -0.481103895 0.740681645
1642650004.016316891 -0.673024795 1.520820246 0.542701365 -0.266992955 0.391098601 -0.480494381 0.738161091
1642650004.024650097 -0.667734662 1.519868339 0.544749364 -0.268781829 0.397314371 -0.478510346 0.735476354
1642650004.032984018 -0.663019091 1.518832584 0.547290520 -0.269654106 0.400800013 -0.477744390 0.733761754
1642650004.041316986 -0.657975055 1.517501284 0.549734755 -0.270777874 0.405440021 -0.476293015 0.731739500
1642650004.049649954 -0.652981563 1.515968160 0.552350239 -0.271681672 0.409901211 -0.474554885 0.730046387
1642650004.057984114 -0.647716764 1.514129768 0.554783867 -0.272862943 0.415287512 -0.472352206 0.727987287
1642650004.066317081 -0.642565838 1.512113962 0.557409173 -0.273814695 0.420177001 -0.470083264 0.726290937
1642650004.074650049 -0.637373881 1.509833919 0.560137183 -0.274479283 0.425154624 -0.467548203 0.724778137
1642650004.082983971 -0.632144551 1.507369006 0.562839250 -0.275273485 0.430261702 -0.464749497 0.723261558
1642650004.091316938 -0.626992017 1.504776394 0.565631300 -0.276004175 0.434981908 -0.461885556 0.721993191
1642650004.099649906 -0.621764161 1.501992616 0.568405779 -0.276783554 0.439989316 -0.458670985 0.720708813
1642650004.107984066 -0.616571740 1.499080600 0.571204071 -0.277637468 0.444781930 -0.455253062 0.719604836
1642650004.116317034 -0.611342214 1.496014359 0.574003488 -0.278506130 0.449610023 -0.451649589 0.718538664
1642650004.124650002 -0.606136814 1.492869046 0.576788729 -0.279568890 0.454287491 -0.447803676 0.717590398
1642650004.132983923 -0.600957121 1.489620975 0.579557370 -0.280650559 0.458796154 -0.443921858 0.716711055
1642650004.141316891 -0.595749057 1.486261369 0.582296321 -0.281888489 0.463302429 -0.439717940 0.715917504
1642650004.149650097 -0.590335836 1.482771072 0.584819182 -0.283460207 0.468528085 -0.435064623 0.714738077
1642650004.157984018 -0.585227593 1.479289669 0.587567578 -0.284771579 0.472646551 -0.430639190 0.714185041
1642650004.166316986 -0.579929049 1.475458492 0.590262208 -0.285914205 0.477311470 -0.425881540 0.713478621
1642650004.174649954 -0.574813335 1.471793181 0.592935402 -0.287332820 0.481412214 -0.420924219 0.713095318
1642650004.182984114 -0.569661344 1.467978229 0.595615423 -0.288574854 0.485578471 -0.415897858 0.712718088
1642650004.191317081 -0.564504697 1.464053704 0.598244878 -0.289873748 0.489651947 -0.410756380 0.712385695
1642650004.199650049 -0.559441398 1.460205514 0.600871404 -0.291223931 0.493297025 -0.405626335 0.712259744
1642650004.207983971 -0.554541350 1.456395792 0.603580693 -0.292474094 0.496246515 -0.400572025 0.712559017
1642650004.216316938 -0.549373126 1.452484269 0.605945895 -0.294058068 0.500087232 -0.395056273 0.712301309
1642650004.224649906 -0.544372431 1.448641909 0.608347157 -0.295676149 0.503290317 -0.389549757 0.712408211
1642650004.232984066 -0.539397824 1.444831222 0.610681169 -0.297422319 0.506280868 -0.384013447 0.712568116
1642650004.241317034 -0.534470667 1.441043160 0.612976148 -0.299167637 0.509019200 -0.378497043 0.712838107
1642650004.249650002 -0.529687430 1.437325818 0.615321962 -0.300840341 0.511184791 -0.373093536 0.713432837
1642650004.257983923 -0.524833019 1.433663059 0.617535346 -0.302732375 0.513381647 -0.367477164 0.713969837
1642650004.266316891 -0.519836394 1.429944929 0.619565870 -0.304699304 0.515904971 -0.361857230 0.714184668
1642650004.274650097 -0.514836412 1.426263848 0.621508960 -0.306743219 0.518341347 -0.356168174 0.714405402
1642650004.282984018 -0.509913705 1.422662790 0.623452048 -0.308861716 0.520290358 -0.350495625 0.714881249
1642650004.291316986 -0.504786052 1.419102348 0.625124441 -0.311359035 0.522736776 -0.344522239 0.714916947
1642650004.299649954 -0.499624340 1.415596185 0.626728218 -0.313929181 0.525063758 -0.338516317 0.714956798
1642650004.307984114 -0.494437497 1.412135489 0.628324066 -0.316377065 0.527184962 -0.332590153 0.715098146
1642650004.316317081 -0.489193917 1.408792231 0.629794455 -0.319167678 0.529281652 -0.326460678 0.715133800
1642650004.324650049 -0.484085510 1.405590277 0.631391244 -0.321892057 0.530657917 -0.318682341 0.716400198
1642650004.332983971 -0.478851140 1.402462010 0.632875504 -0.324760167 0.532207472 -0.311922601 0.716931190
1642650004.341316938 -0.473498755 1.399343278 0.634293566 -0.327562596 0.533901361 -0.305188253 0.717295067
1642650004.349649906 -0.468175822 1.396314334 0.635819267 -0.330218600 0.535157367 -0.298685826 0.717878155
1642650004.357984066 -0.462395530 1.393210617 0.636961500 -0.333017898 0.538014614 -0.291327133 0.717473244
1642650004.366317034 -0.457007893 1.390479014 0.638321824 -0.336049944 0.538943784 -0.285417279 0.717737424
1642650004.374650002 -0.451360310 1.387704614 0.639599051 -0.338967545 0.540469159 -0.279808251 0.717426955
1642650004.382983923 -0.446150943 1.384741344 0.641411481 -0.340340695 0.540408446 -0.269363082 0.720812356
1642650004.391316891 -0.440449233 1.382143516 0.642795150 -0.342733438 0.541554311 -0.262675564 0.721286536
1642650004.399650097 -0.434582184 1.379649791 0.644129227 -0.345094160 0.542911450 -0.256635912 0.721314901
1642650004.407984018 -0.428612991 1.377301312 0.645438549 -0.347397158 0.544331681 -0.250580547 0.721268067
1642650004.416316986 -0.422569047 1.375141790 0.646764959 -0.349642852 0.545632139 -0.244595387 0.721254838
1642650004.424649954 -0.416418894 1.373150106 0.648051542 -0.351855334 0.547036776 -0.238636504 0.721111093
1642650004.432984114 -0.410205310 1.371347884 0.649378871 -0.353960774 0.548259042 -0.232777318 0.721067620
1642650004.441317081 -0.403880480 1.369771687 0.650665550 -0.356079109 0.549585026 -0.226931183 0.720878774
1642650004.449650049 -0.397454802 1.368408710 0.651916442 -0.358195692 0.550986076 -0.221132627 0.720562663
1642650004.457983971 -0.390947782 1.367323358 0.653129674 -0.360420681 0.552309661 -0.215459277 0.720158504
1642650004.466316938 -0.384338107 1.366448536 0.654306860 -0.362588688 0.553647615 -0.209903017 0.719683600
1642650004.474649906 -0.377618183 1.365874384 0.655378605 -0.364943939 0.555114870 -0.204317629 0.718969894
1642650004.482984066 -0.370632535 1.365605785 0.656069438 -0.367979626 0.557277563 -0.199529722 0.717091767
1642650004.491317034 -0.363764535 1.365608210 0.656977975 -0.370555973 0.558799560 -0.194133752 0.716061037
1642650004.499650002 -0.356674162 1.365836032 0.657789378 -0.372985133 0.560591119 -0.188751819 0.714837351
1642650004.507983923 -0.349511363 1.366350873 0.658579189 -0.375396245 0.562190170 -0.183816908 0.713604383
1642650004.516316891 -0.342267896 1.367216108 0.659116027 -0.378138505 0.564151956 -0.178672708 0.711912850
1642650004.524650097 -0.334852184 1.368380617 0.659464532 -0.380967745 0.566484396 -0.173521703 0.709823376
1642650004.532984018 -0.327432995 1.369833681 0.659725398 -0.383874058 0.568437690 -0.168947501 0.707796611
1642650004.541316986 -0.320040342 1.371627560 0.659862986 -0.387106556 0.569812810 -0.164972477 0.705865396
1642650004.549649954 -0.312428821 1.373750476 0.659650043 -0.390534639 0.572110038 -0.160678473 0.703103996
1642650004.557984114 -0.304824719 1.376442621 0.659154795 -0.395388656 0.573569403 -0.158433179 0.699703422
1642650004.566317081 -0.297134836 1.379257049 0.658501447 -0.399469765 0.575533004 -0.155013645 0.696531721
1642650004.574650049 -0.289307646 1.382230029 0.657563347 -0.403280588 0.578168192 -0.150757302 0.693079032
1642650004.582983971 -0.281578275 1.385610789 0.656499527 -0.407698507 0.579921367 -0.147810378 0.689655876
1642650004.591316938 -0.273742604 1.389277088 0.655113902 -0.412407524 0.582087095 -0.144972568 0.685622055
1642650004.599649906 -0.265869429 1.393300008 0.653393947 -0.417667369 0.584392993 -0.142723072 0.680932393
1642650004.607984066 -0.258120236 1.397579341 0.651634131 -0.422825342 0.586325478 -0.140216333 0.676594816
1642650004.616317034 -0.250228252 1.401918592 0.649483620 -0.428034597 0.588766545 -0.137632744 0.671712415
1642650004.624650002 -0.242346329 1.406503262 0.647107096 -0.433423301 0.591279856 -0.135247040 0.666513775
1642650004.632983923 -0.234543749 1.411269997 0.644489633 -0.439019574 0.593793260 -0.132872835 0.661071999
1642650004.641316891 -0.226750500 1.416350164 0.641670847 -0.445010672 0.596165322 -0.130864362 0.655306745
1642650004.649650097 -0.218916940 1.421359991 0.638685310 -0.450453880 0.598886966 -0.128974461 0.649454612
1642650004.657984018 -0.211120396 1.426476026 0.635508861 -0.455877743 0.601731425 -0.127133460 0.643375364
1642650004.666316986 -0.203351594 1.431683105 0.632090065 -0.461352927 0.604749652 -0.125276501 0.636974987
1642650004.674649954 -0.195643874 1.436956817 0.628467853 -0.466852249 0.607870525 -0.123370861 0.630334857
1642650004.682984114 -0.187976830 1.442207362 0.624652473 -0.472228984 0.611219974 -0.121205773 0.623473408
1642650004.691317081 -0.180432472 1.447671168 0.620632215 -0.478068070 0.614394114 -0.119443777 0.616201247
1642650004.699650049 -0.172956715 1.452956613 0.616551790 -0.483391460 0.617740405 -0.117218067 0.609089002
1642650004.707983971 -0.165615345 1.458278925 0.612324182 -0.488831250 0.621081920 -0.115161141 0.601696909
1642650004.716316938 -0.158398923 1.463557523 0.608014014 -0.494140972 0.624457505 -0.113054905 0.594218909
1642650004.724649906 -0.151325119 1.468769958 0.603465158 -0.499465297 0.628410514 -0.110305536 0.586060860
1642650004.732984066 -0.144375959 1.473823578 0.598980233 -0.504341421 0.632217269 -0.107802389 0.578203858
1642650004.741317034 -0.137420556 1.478555563 0.594151206 -0.509045013 0.636661785 -0.105445438 0.569575462
1642650004.749650002 -0.130766372 1.483237599 0.589637751 -0.513326166 0.640534518 -0.103093511 0.561768196
1642650004.757983923 -0.124311648 1.487787845 0.585095113 -0.517433458 0.644423626 -0.100616934 0.553946783
1642650004.766316891 -0.118122102 1.492088528 0.580756748 -0.520980239 0.648151886 -0.097744093 0.546740171
1642650004.774650097 -0.112067570 1.496233026 0.576336832 -0.524607948 0.651890322 -0.095818075 0.539114465
1642650004.782984018 -0.106132876 1.500096765 0.572365021 -0.527232446 0.655266162 -0.093425982 0.532844997
1642650004.791316986 -0.100455028 1.503804433 0.568178121 -0.530119579 0.658846013 -0.091086025 0.525926325
1642650004.799649954 -0.094995396 1.507314895 0.563983990 -0.532868565 0.662476344 -0.088625480 0.518962147
1642650004.807984114 -0.089674113 1.510568541 0.559981977 -0.535210053 0.665913299 -0.086347807 0.512497545
1642650004.816317081 -0.084691195 1.513710481 0.556100546 -0.537486402 0.669190616 -0.083753712 0.506238681
1642650004.824650049 -0.079797663 1.516467074 0.552107437 -0.539495238 0.672813813 -0.081348777 0.499648714
1642650004.832983971 -0.075058035 1.518918715 0.548268561 -0.541145094 0.676364929 -0.079173129 0.493380265
1642650004.841316938 -0.070486994 1.521053223 0.544575672 -0.542477453 0.679792853 -0.077228456 0.487478878
1642650004.849649906 -0.066011971 1.522762360 0.540896493 -0.543400939 0.683510917 -0.075509439 0.481483717
1642650004.857984066 -0.061818464 1.524318850 0.537716400 -0.543970706 0.686555578 -0.073937632 0.476728996
1642650004.866317034 -0.057828147 1.525521333 0.534708714 -0.544260857 0.689442518 -0.072702813 0.472401773
1642650004.874650002 -0.053919910 1.526400292 0.531623021 -0.544297408 0.692751528 -0.071454875 0.467685635
1642650004.882983923 -0.050222054 1.526960542 0.528706528 -0.544110056 0.695916047 -0.070329267 0.463356124
1642650004.891316891 -0.046719805 1.527160948 0.525980331 -0.543671023 0.698864061 -0.069326341 0.459570127
1642650004.899650097 -0.043434998 1.527194261 0.523405618 -0.543151692 0.701716848 -0.068412490 0.455959906
1642650004.907984018 -0.040332381 1.526923793 0.520863179 -0.542510145 0.704688603 -0.067346984 0.452284312
1642650004.916316986 -0.037267575 1.526181774 0.518039710 -0.541711540 0.708240377 -0.066402264 0.447811250
1642650004.924649954 -0.034531993 1.525310890 0.515487135 -0.540859388 0.711537666 -0.065038782 0.443796382
1642650004.932984114 -0.031886060 1.524202314 0.513434894 -0.539506393 0.714434866 -0.063852829 0.440951800
1642650004.941317081 -0.029455096 1.522785812 0.511360735 -0.538114512 0.717507530 -0.062534440 0.437841477
1642650004.949650049 -0.027221385 1.521261057 0.509836770 -0.536472533 0.720057868 -0.061344117 0.435833441
1642650004.957983971 -0.025103186 1.519329951 0.508197458 -0.534627368 0.722956670 -0.060224269 0.433451575
1642650004.966316938 -0.023122806 1.517070698 0.506689417 -0.532466737 0.725871318 -0.059120885 0.431386977
1642650004.974649906 -0.021328860 1.514645757 0.505488615 -0.530200161 0.728493263 -0.058381914 0.429856845
1642650004.982984066 -0.019713062 1.512040493 0.504607017 -0.527698903 0.730899561 -0.057783599 0.428929779
1642650004.991317034 -0.018297096 1.509274970 0.503972582 -0.525107044 0.733125637 -0.057487145 0.428351048
1642650004.999650002 -0.017048089 1.506235166 0.503439298 -0.522354388 0.735341611 -0.057300610 0.427943043
1642650005.007983923 -0.015977365 1.502907379 0.503000608 -0.519438298 0.737570675 -0.057147462 0.427676890
1642650005.016316891 -0.015120761 1.499476183 0.502960485 -0.516342102 0.739502216 -0.057203939 0.428082954
1642650005.024650097 -0.014469243 1.495907533 0.503209913 -0.513087439 0.741239233 -0.057418609 0.428962449
1642650005.032984018 -0.014027573 1.492272940 0.503882525 -0.509594950 0.742694766 -0.057834243 0.430549267
1642650005.041316986 -0.013920003 1.488475226 0.504377518 -0.505970634 0.744879273 -0.057365365 0.431112283
1642650005.049649954 -0.013837697 1.484467012 0.505363748 -0.501972231 0.746407596 -0.057971525 0.433057596
1642650005.057984114 -0.013974297 1.480365027 0.506859201 -0.498148509 0.746847532 -0.059487890 0.436495152
1642650005.066317081 -0.014381970 1.476188048 0.508287443 -0.494090704 0.747885958 -0.060422625 0.439192527
1642650005.074650049 -0.015050360 1.471932368 0.509859548 -0.489959904 0.748861886 -0.061437696 0.442007441
1642650005.082983971 -0.015930171 1.467663155 0.511663007 -0.485698895 0.749698499 -0.062645734 0.445111510
1642650005.091316938 -0.016983852 1.463362938 0.513973302 -0.481133290 0.749915761 -0.064436175 0.449427511
1642650005.099649906 -0.018365876 1.458869818 0.515918200 -0.476721655 0.750463059 -0.066064514 0.452964833
1642650005.107984066 -0.020066642 1.454524778 0.518167610 -0.472362495 0.750685051 -0.067946475 0.456868585
1642650005.116317034 -0.022055666 1.450247779 0.520623558 -0.467940198 0.750678479 -0.070001906 0.461100342
1642650005.124650002 -0.024384927 1.446128325 0.523378469 -0.463548528 0.750187162 -0.072290276 0.465957187
1642650005.132983923 -0.027013986 1.442037311 0.526325197 -0.459080970 0.749423895 -0.074821034 0.471179691
1642650005.141316891 -0.029840209 1.437916491 0.529164926 -0.454507710 0.748809439 -0.077798065 0.476082584
1642650005.149650097 -0.032969400 1.433923174 0.532102560 -0.450026323 0.747913475 -0.081089820 0.481171678
1642650005.157984018 -0.036411763 1.430043595 0.535052342 -0.445558901 0.746951565 -0.084502790 0.486209732
1642650005.166316986 -0.040118689 1.426284251 0.538235439 -0.441041411 0.745472237 -0.088518701 0.491851662
1642650005.174649954 -0.044175281 1.422686362 0.541335664 -0.436719060 0.744012821 -0.092426107 0.497170796
1642650005.182984114 -0.048493535 1.419252858 0.544623579 -0.432434055 0.742019413 -0.097033725 0.502983533
1642650005.191317081 -0.053164543 1.416042950 0.547884026 -0.428372086 0.739917669 -0.101991034 0.508544028
1642650005.199650049 -0.058185113 1.413082980 0.551228869 -0.424459683 0.737436963 -0.106632602 0.514441630
1642650005.207983971 -0.063484362 1.410401388 0.554491867 -0.420754896 0.734888815 -0.111117875 0.520150522
1642650005.216316938 -0.069092311 1.407939280 0.557746514 -0.417134625 0.732163481 -0.115422488 0.525940102
1642650005.224649906 -0.075006493 1.405740286 0.560981937 -0.413643082 0.729237702 -0.119611759 0.531793947
1642650005.232984066 -0.081197594 1.403834842 0.564154368 -0.410345574 0.726137303 -0.124043130 0.537544816
1642650005.241317034 -0.087693985 1.402275814 0.567236803 -0.407359682 0.722813099 -0.128019486 0.543332610
1642650005.249650002 -0.094486708 1.401022160 0.570207933 -0.404703124 0.719227228 -0.131862326 0.549126491
1642650005.257983923 -0.101518188 1.400039300 0.572911385 -0.402245677 0.715841812 -0.135468649 0.554452127
1642650005.266316891 -0.108811770 1.399399782 0.575215328 -0.400371742 0.712561140 -0.138796821 0.559190962
1642650005.274650097 -0.116394938 1.399094879 0.577611514 -0.398655155 0.708627831 -0.142389231 0.564487352
1642650005.282984018 -0.124164665 1.398971036 0.580083467 -0.396836061 0.704190822 -0.146546581 0.570228486
1642650005.291316986 -0.132233619 1.399185800 0.582139048 -0.395490668 0.699930973 -0.150241883 0.575422577
1642650005.299649954 -0.140527261 1.399723146 0.583994032 -0.394573926 0.695380163 -0.154156590 0.580511491
1642650005.307984114 -0.149058025 1.400544776 0.585736004 -0.393846299 0.690516274 -0.158142540 0.585716062
1642650005.316317081 -0.157777131 1.401606569 0.587233203 -0.393347552 0.685564146 -0.162162466 0.590747695
1642650005.324650049 -0.166480932 1.402683388 0.588283880 -0.392947345 0.681048123 -0.166409748 0.595040867
1642650005.332983971 -0.175763709 1.404491834 0.589652581 -0.393080542 0.675048019 -0.170413511 0.600630581
1642650005.341316938 -0.184943150 1.406212760 0.590510068 -0.393069417 0.669790863 -0.174611447 0.605299492
1642650005.349649906 -0.194322010 1.408142769 0.591276675 -0.393132936 0.664176518 -0.178974516 0.610150941
1642650005.357984066 -0.203819011 1.410095377 0.591884304 -0.392722712 0.658644920 -0.183519829 0.615041635
1642650005.366317034 -0.213470721 1.412331629 0.592342753 -0.392734693 0.652633228 -0.188422216 0.619940642
1642650005.374650002 -0.223241518 1.414702503 0.592655244 -0.392777783 0.646370657 -0.193749115 0.624813466
1642650005.382983923 -0.233189538 1.417267060 0.592919929 -0.392802575 0.639616540 -0.199447085 0.629934662
1642650005.391316891 -0.243234301 1.419867407 0.593010604 -0.392769456 0.632616477 -0.205496246 0.635058927
1642650005.399650097 -0.253330517 1.422534878 0.592869023 -0.392703687 0.625531346 -0.211669740 0.640070520
1642650005.407984018 -0.263431925 1.425163340 0.592528003 -0.392178358 0.618606274 -0.218100613 0.644945374
1642650005.416316986 -0.273584639 1.427938604 0.591987322 -0.392020495 0.611350053 -0.224536280 0.649734179
1642650005.424649954 -0.283701157 1.430769216 0.591200217 -0.391951593 0.604156056 -0.230891886 0.654261680
1642650005.432984114 -0.293946019 1.433685454 0.590564544 -0.391632420 0.596126108 -0.237563950 0.659409646
1642650005.441317081 -0.304075877 1.436590581 0.589593569 -0.391373395 0.588465442 -0.244116615 0.664034915
1642650005.449650049 -0.314184960 1.439524530 0.588423854 -0.391317621 0.580658988 -0.250642931 0.668493665
1642650005.457983971 -0.324215383 1.442427133 0.587090834 -0.391143638 0.573053811 -0.257029042 0.672719893
1642650005.466316938 -0.334200466 1.445280528 0.585598541 -0.390938883 0.565553785 -0.263307388 0.676745835
1642650005.474649906 -0.344098707 1.448038592 0.584093399 -0.390530730 0.557792243 -0.270420947 0.680607137
1642650005.482984066 -0.354074983 1.450689758 0.582590138 -0.389692092 0.549849563 -0.276743487 0.684995310
1642650005.491317034 -0.364016728 1.453149887 0.581142029 -0.388259044 0.541757204 -0.283273375 0.689572506
1642650005.499650002 -0.373689231 1.455390334 0.579559814 -0.386362965 0.534676064 -0.289535013 0.693552191
1642650005.507983923 -0.383481173 1.457468704 0.578102832 -0.384050265 0.526545166 -0.296718263 0.698007059
1642650005.516316891 -0.393284915 1.459328232 0.576731656 -0.380866834 0.518248977 -0.303814728 0.702890506
1642650005.524650097 -0.403044590 1.461057075 0.575385717 -0.377464071 0.509735454 -0.311246150 0.707683882
1642650005.532984018 -0.412757730 1.462575095 0.574019552 -0.373633240 0.501079921 -0.318882694 0.712482240
1642650005.541316986 -0.422480417 1.463963104 0.572667723 -0.369535142 0.492144451 -0.326743637 0.717269973
1642650005.549649954 -0.431962812 1.465011708 0.571249298 -0.364881469 0.483667196 -0.334857563 0.721663335
1642650005.557984114 -0.441193606 1.465832667 0.569604130 -0.359794699 0.476091205 -0.342086126 0.725852617
1642650005.566317081 -0.451020508 1.466856721 0.568293968 -0.354667617 0.465756819 -0.352313333 0.730175857
1642650005.574650049 -0.460423185 1.467269606 0.566759666 -0.348958166 0.457405916 -0.357754388 0.735540497
1642650005.582983971 -0.470816101 1.468708376 0.565736427 -0.345641311 0.444816730 -0.359455057 0.743950417
1642650005.591316938 -0.480048190 1.468423104 0.564422532 -0.336550033 0.437261739 -0.370657137 0.747094060
1642650005.599649906 -0.489307659 1.468479939 0.562787222 -0.329855125 0.428175634 -0.378681610 0.751306503
1642650005.607984066 -0.498165747 1.468542245 0.560977752 -0.323781592 0.420383787 -0.385919846 0.754658084
1642650005.616317034 -0.508241157 1.468947948 0.559712391 -0.317118939 0.408214209 -0.392271415 0.760867843
1642650005.624650002 -0.516999974 1.468910822 0.557875457 -0.311108576 0.400391319 -0.396825788 0.765132367
1642650005.632983923 -0.525626258 1.468815036 0.555902270 -0.305408404 0.392225388 -0.401790936 0.769057212
1642650005.641316891 -0.534211724 1.468710545 0.553856366 -0.299920627 0.383793958 -0.406632165 0.772916618
1642650005.649650097 -0.542581575 1.468591555 0.551661550 -0.294894171 0.375914144 -0.410701940 0.776562876
1642650005.657984018 -0.550823562 1.468407275 0.549499975 -0.289902336 0.367638103 -0.414937192 0.780144850
1642650005.666316986 -0.558784218 1.468190467 0.547188023 -0.285383895 0.359937007 -0.418586637 0.783445347
1642650005.674649954 -0.566807714 1.468085482 0.544777719 -0.281199926 0.351798751 -0.421777213 0.786935971
1642650005.682984114 -0.574392098 1.467901834 0.542283034 -0.277475011 0.344370855 -0.424698645 0.789966704
1642650005.691317081 -0.581765423 1.467718893 0.539793384 -0.274037475 0.336781305 -0.427621597 0.792856597
1642650005.699650049 -0.588725388 1.467549122 0.537179424 -0.271329230 0.330176656 -0.429741885 0.795415449
1642650005.707983971 -0.595549972 1.467298287 0.534589384 -0.268986612 0.323628760 -0.430661071 0.798399442
1642650005.716316938 -0.601905325 1.467141244 0.531898911 -0.267227554 0.317829481 -0.432179267 0.800496681
1642650005.724649906 -0.608271382 1.467000375 0.529375193 -0.265344985 0.311632429 -0.433585785 0.802795513
1642650005.732984066 -0.614152812 1.466855222 0.526673660 -0.264309330 0.306114496 -0.434809342 0.804596377
1642650005.741317034 -0.619661662 1.466665694 0.523981471 -0.263682485 0.301361556 -0.435540122 0.806199456
1642650005.749650002 -0.625031483 1.466517969 0.521372470 -0.263110620 0.296358734 -0.436317383 0.807818942
1642650005.757983923 -0.630100870 1.466378859 0.518816908 -0.262911175 0.291709069 -0.436888049 0.809266560
1642650005.766316891 -0.634815940 1.466260096 0.516291691 -0.263217848 0.287741801 -0.437014495 0.810517953
1642650005.774650097 -0.639303800 1.466204709 0.513886975 -0.263728703 0.283735561 -0.437097914 0.811718372
1642650005.782984018 -0.643420433 1.466206315 0.511568720 -0.264758369 0.280280981 -0.436934517 0.812670786
1642650005.791316986 -0.647205500 1.466257709 0.509393895 -0.266258378 0.277291756 -0.436385014 0.813501000
1642650005.799649954 -0.650581782 1.466433631 0.507326092 -0.268286599 0.274680777 -0.435776994 0.814046180
1642650005.807984114 -0.653564152 1.466732655 0.505399422 -0.270955584 0.272780116 -0.434724755 0.814363842
1642650005.816317081 -0.656051915 1.467094954 0.503601868 -0.274185357 0.271587900 -0.433426358 0.814373375
1642650005.824650049 -0.658008551 1.467586045 0.501904227 -0.278243350 0.271243020 -0.431777577 0.813987706
1642650005.832983971 -0.659613888 1.468217270 0.500407018 -0.282730637 0.271277943 -0.429993321 0.813374089
1642650005.841316938 -0.660902165 1.469037712 0.499120087 -0.287651026 0.271684970 -0.427995564 0.812566282
1642650005.849649906 -0.661513185 1.469905298 0.497867227 -0.293430146 0.273454450 -0.425502319 0.811214639
1642650005.857984066 -0.661899363 1.470863276 0.496876213 -0.299186550 0.275051121 -0.423266357 0.809740625
1642650005.866317034 -0.661986143 1.471903083 0.496137393 -0.304966522 0.277030823 -0.420811982 0.808187243
1642650005.874650002 -0.661711105 1.473038613 0.495611736 -0.310868491 0.279492571 -0.418407359 0.806337377
1642650005.882983923 -0.661159442 1.474206108 0.495346538 -0.316574310 0.282196469 -0.415946722 0.804446508
1642650005.891316891 -0.660311302 1.475458606 0.495291234 -0.322209671 0.285109068 -0.413749809 0.802312185
1642650005.899650097 -0.659135161 1.476857477 0.495409596 -0.327942783 0.288331782 -0.411643787 0.799917312
1642650005.907984018 -0.657690354 1.478143346 0.495782228 -0.333090657 0.291838331 -0.410119656 0.797297229
1642650005.916316986 -0.656149415 1.479434315 0.496425160 -0.337936363 0.295345609 -0.407000844 0.795562882
1642650005.924649954 -0.654289768 1.480853376 0.497211976 -0.342804276 0.298973238 -0.404814201 0.793237476
1642650005.932984114 -0.652164204 1.482393151 0.498124474 -0.347644860 0.302691197 -0.403114129 0.790582121
1642650005.941317081 -0.649801937 1.483957298 0.499222919 -0.352328689 0.306592587 -0.401325648 0.787910658
1642650005.949650049 -0.647219137 1.485578332 0.500475348 -0.356912313 0.310526429 -0.399737845 0.785109287
1642650005.957983971 -0.644470182 1.487317407 0.501958669 -0.361239681 0.314411660 -0.398391932 0.782262788
1642650005.966316938 -0.641204926 1.489071861 0.503328140 -0.366176786 0.319450661 -0.396542518 0.778858054
1642650005.974649906 -0.637913393 1.490874262 0.504923296 -0.370838722 0.323933800 -0.394945359 0.775605376
1642650005.982984066 -0.634356214 1.492711173 0.506545101 -0.375749978 0.328856491 -0.393109843 0.772094563
1642650005.991317034 -0.630659381 1.494526229 0.508340444 -0.380310700 0.333333589 -0.391532780 0.768735697
1642650005.999650002 -0.626834545 1.496381378 0.510309826 -0.384662504 0.337736339 -0.389976909 0.765432515
1642650006.007983923 -0.622811954 1.498282666 0.512297070 -0.389278544 0.342144966 -0.388617477 0.761823795
1642650006.016316891 -0.618676111 1.500195449 0.514371101 -0.393580039 0.346545899 -0.386927458 0.758477313
1642650006.024650097 -0.614332499 1.501978906 0.516728364 -0.397323462 0.351065682 -0.385193933 0.755322836
1642650006.032984018 -0.609777214 1.503753093 0.519090974 -0.401060675 0.355646985 -0.383630807 0.751992660
1642650006.041316986 -0.605056433 1.505476960 0.521558951 -0.404567332 0.360218415 -0.382116992 0.748701924
1642650006.049649954 -0.600136380 1.507143780 0.524063077 -0.407946565 0.364747509 -0.380845150 0.745315924
1642650006.057984114 -0.595152431 1.508712296 0.526843010 -0.410759531 0.368775000 -0.379828651 0.742301693
1642650006.066317081 -0.589939649 1.510225866 0.529584031 -0.413640107 0.373126986 -0.378563849 0.739166778
1642650006.074650049 -0.584555067 1.511653739 0.532395890 -0.416476207 0.377422059 -0.377160910 0.736104481
1642650006.082983971 -0.578956639 1.513010901 0.535234273 -0.419170085 0.381860188 -0.375890832 0.732929273
1642650006.091316938 -0.573293565 1.514318347 0.538228246 -0.421545145 0.385818535 -0.374848171 0.730022327
1642650006.099649906 -0.567382616 1.515519687 0.541250182 -0.423869020 0.390052020 -0.373743831 0.726986950
1642650006.107984066 -0.561223872 1.516617027 0.544234152 -0.426239088 0.394535515 -0.372606096 0.723758706
1642650006.116317034 -0.554974745 1.517663550 0.547281078 -0.428477890 0.398788377 -0.371390789 0.720724227
1642650006.124650002 -0.548482257 1.518598533 0.550310090 -0.430706357 0.403254931 -0.370190083 0.717521287
1642650006.132983923 -0.541854201 1.519469579 0.553394000 -0.432905770 0.407643008 -0.368858728 0.714396956
1642650006.141316891 -0.534895579 1.520213953 0.556297597 -0.435422208 0.413047351 -0.366959296 0.710732201
1642650006.149650097 -0.527865469 1.520876754 0.559341338 -0.437725917 0.417950632 -0.365205480 0.707345918
1642650006.157984018 -0.520672424 1.521460429 0.562376353 -0.440117583 0.422958441 -0.363228203 0.703894838
1642650006.166316986 -0.513362533 1.521965416 0.565405888 -0.442497123 0.427846656 -0.361238122 0.700464527
1642650006.174649954 -0.505858776 1.522367739 0.568432991 -0.444941439 0.433081606 -0.358913851 0.696884701
1642650006.182984114 -0.498223355 1.522659194 0.571469302 -0.447359951 0.438361680 -0.356457291 0.693286601
1642650006.191317081 -0.490441959 1.522855120 0.574476120 -0.449765564 0.443737431 -0.353896219 0.689612570
1642650006.199650049 -0.482547763 1.522963201 0.577487688 -0.452149853 0.449174830 -0.351133065 0.685935895
1642650006.207983971 -0.474567216 1.522970528 0.580520487 -0.454453443 0.454499352 -0.348329137 0.682326329
1642650006.216316938 -0.466430690 1.522873127 0.583509484 -0.456698964 0.460118022 -0.345284811 0.678598454
1642650006.224649906 -0.458163221 1.522665241 0.586440753 -0.458914272 0.465819187 -0.342197683 0.674767310
1642650006.232984066 -0.449815853 1.522384448 0.589409141 -0.461038949 0.471351220 -0.339076725 0.671042540
1642650006.241317034 -0.441371761 1.522051152 0.592141263 -0.463397259 0.477412859 -0.335471557 0.666932363
1642650006.249650002 -0.432914495 1.521603089 0.594964732 -0.465617024 0.482800490 -0.332097855 0.663185862
1642650006.257983923 -0.424358241 1.521117925 0.597700562 -0.467922967 0.488469148 -0.328458969 0.659212177
1642650006.266316891 -0.415717077 1.520546954 0.600385633 -0.470174133 0.494334721 -0.324605185 0.655134293
1642650006.274650097 -0.407279737 1.520061332 0.603168031 -0.472657416 0.498311849 -0.322103728 0.651559251
1642650006.282984018 -0.398281639 1.519242568 0.605556494 -0.474815689 0.505778195 -0.317274422 0.646587520
1642650006.291316986 -0.389665953 1.518485482 0.608263169 -0.476827124 0.510679628 -0.313618110 0.643028687
1642650006.299649954 -0.380791703 1.517553156 0.610547269 -0.479017553 0.516963847 -0.309325637 0.638442021
1642650006.307984114 -0.371881259 1.516553194 0.613065664 -0.480683412 0.522850252 -0.305135458 0.634400050
1642650006.316317081 -0.363005200 1.515522897 0.615533912 -0.482341243 0.528491082 -0.301068242 0.630398299
1642650006.324650049 -0.354138744 1.514485625 0.617979218 -0.484023231 0.534086366 -0.296922218 0.626346918
1642650006.332983971 -0.345250000 1.513280678 0.620372269 -0.485195764 0.540063016 -0.291840662 0.622692570
1642650006.341316938 -0.336327204 1.512082341 0.622534063 -0.486832217 0.545905721 -0.286805697 0.618646772
1642650006.349649906 -0.327438265 1.511009552 0.624508546 -0.489116355 0.551507693 -0.281570893 0.614265650
1642650006.357984066 -0.318536128 1.509835803 0.626385739 -0.491080350 0.557526007 -0.275935913 0.609806701
1642650006.366317034 -0.309602951 1.508556584 0.628171438 -0.492883931 0.563609868 -0.270166083 0.605326056
1642650006.374650002 -0.300903386 1.507382926 0.630101726 -0.494617498 0.569024405 -0.264234670 0.601452239
1642650006.382983923 -0.291865981 1.505886071 0.631489105 -0.496284243 0.575770498 -0.258140545 0.596283274
1642650006.391316891 -0.283011279 1.504413249 0.632921981 -0.497823043 0.581883754 -0.252137928 0.591616413
1642650006.399650097 -0.274415923 1.503127814 0.634813555 -0.498922641 0.586809867 -0.246147862 0.588338006
1642650006.407984018 -0.265984448 1.501944808 0.636594945 -0.500165717 0.591447678 -0.240063439 0.585143952
1642650006.416316986 -0.257411899 1.500584883 0.638160774 -0.501200145 0.596416942 -0.234274957 0.581550076
1642650006.424649954 -0.248770680 1.499125084 0.639453275 -0.502068815 0.602074446 -0.228193779 0.577374112
1642650006.432984114 -0.240238208 1.497693498 0.640828369 -0.502795939 0.606935004 -0.222723820 0.573777174
1642650006.441317081 -0.231875955 1.496329559 0.642135779 -0.503613663 0.611313565 -0.217401911 0.570443173
1642650006.449650049 -0.223524168 1.495099194 0.643401281 -0.504501447 0.615319573 -0.212653340 0.567131969
1642650006.457983971 -0.215238669 1.493849101 0.644596081 -0.504972710 0.619449671 -0.207794260 0.564009054
1642650006.466316938 -0.206853178 1.492419801 0.645336084 -0.505266350 0.624404316 -0.203073837 0.559987663
1642650006.474649906 -0.198948439 1.491521629 0.646562235 -0.505601739 0.627594897 -0.198581464 0.557724780
1642650006.482984066 -0.191044200 1.490597590 0.647272370 -0.506031648 0.631633408 -0.193931837 0.554402066
1642650006.491317034 -0.183288951 1.489857595 0.648059152 -0.506363436 0.635071749 -0.189666987 0.551639718
1642650006.499650002 -0.175489309 1.489073507 0.648438930 -0.506776533 0.638904319 -0.185708462 0.548170761
1642650006.507983923 -0.167907171 1.488573183 0.648850933 -0.507175630 0.642325478 -0.181718459 0.545132335
1642650006.516316891 -0.160451797 1.488237491 0.648807546 -0.508039284 0.645944700 -0.177703737 0.541362090
1642650006.524650097 -0.153370483 1.488326245 0.649521466 -0.508431953 0.647809004 -0.173813792 0.540027045
1642650006.532984018 -0.146385139 1.488619193 0.649612925 -0.509449379 0.650164665 -0.170343005 0.537336486
1642650006.541316986 -0.139562923 1.489049918 0.649501534 -0.510502419 0.652512578 -0.166479491 0.534695423
1642650006.549649954 -0.132944558 1.489681474 0.649305032 -0.511502430 0.654658424 -0.162428307 0.532357640
1642650006.557984114 -0.126508810 1.490519399 0.648880420 -0.512734025 0.656710242 -0.159002996 0.529673036
1642650006.566317081 -0.120343158 1.491595264 0.648183868 -0.514254052 0.658948882 -0.155376454 0.526485800
1642650006.574650049 -0.114338527 1.492818729 0.647464347 -0.515597249 0.660885829 -0.152186659 0.523668424
1642650006.582983971 -0.108549019 1.494221783 0.646708679 -0.516930947 0.662466233 -0.149474761 0.521131636
1642650006.591316938 -0.103002065 1.495809978 0.645851954 -0.518312457 0.663817955 -0.147048270 0.518724133
1642650006.599649906 -0.097673494 1.497563831 0.644865056 -0.519763405 0.665020064 -0.144973315 0.516311005
1642650006.607984066 -0.092566559 1.499451644 0.643776012 -0.521204280 0.666053162 -0.143259462 0.514000010
1642650006.616317034 -0.087628683 1.501356181 0.642278868 -0.522777256 0.667402877 -0.141960026 0.511003612
1642650006.624650002 -0.083093996 1.503607771 0.641313874 -0.524143561 0.667473144 -0.141171034 0.509729212
1642650006.632983923 -0.078768932 1.505897852 0.640099985 -0.525578814 0.667635977 -0.140818722 0.508133054
1642650006.641316891 -0.074667346 1.508228643 0.638751152 -0.527022140 0.667691251 -0.141024858 0.506505723
1642650006.649650097 -0.070732392 1.510504191 0.637132801 -0.528391008 0.668032160 -0.141757918 0.504421122
1642650006.657984018 -0.067146472 1.513019066 0.636083607 -0.529345687 0.667273873 -0.143085916 0.504048750
1642650006.666316986 -0.063762917 1.515487002 0.634962690 -0.530147507 0.666429976 -0.145151923 0.503731701
1642650006.674649954 -0.060565734 1.517923487 0.633775377 -0.530676321 0.665666808 -0.147717189 0.503438154
1642650006.682984114 -0.057581090 1.520352135 0.632658211 -0.530977701 0.664601202 -0.150956539 0.503567321
1642650006.691317081 -0.054820693 1.522796605 0.631561255 -0.531088324 0.663381114 -0.154734740 0.503912542
1642650006.699650049 -0.052197735 1.525113704 0.630165704 -0.531087789 0.662540821 -0.158923696 0.503714879
1642650006.707983971 -0.049900983 1.527646991 0.629455603 -0.530592547 0.660350581 -0.164000977 0.505482283
1642650006.716316938 -0.047796631 1.530118851 0.628596174 -0.530022637 0.658410275 -0.169184395 0.506900932
1642650006.724649906 -0.045988059 1.532505435 0.627167406 -0.529856209 0.657172609 -0.174121540 0.507009120
1642650006.732984066 -0.044638693 1.535142478 0.626325782 -0.529494447 0.654678538 -0.179363674 0.508783171
1642650006.741317034 -0.043549343 1.537794773 0.625251703 -0.529430803 0.652143588 -0.185466301 0.509915695
1642650006.749650002 -0.042770760 1.540465200 0.624199339 -0.529312359 0.649381964 -0.191071843 0.511490999
1642650006.757983923 -0.042339038 1.543187109 0.623082347 -0.529361509 0.646323496 -0.196582188 0.513222928
1642650006.766316891 -0.042351263 1.546131265 0.621967504 -0.529743846 0.642881448 -0.201678226 0.515170647
1642650006.774650097 -0.042593249 1.549070894 0.620500247 -0.530365084 0.639907090 -0.206354375 0.516381319
1642650006.782984018 -0.043152770 1.552066156 0.618887983 -0.531344782 0.636723034 -0.210904282 0.517470660
1642650006.791316986 -0.044072680 1.555201962 0.617117384 -0.532779530 0.633388964 -0.214995553 0.518402648
1642650006.799649954 -0.045271132 1.558375536 0.615025043 -0.534527659 0.630575193 -0.218398367 0.518610896
1642650006.807984114 -0.046801036 1.561635333 0.612857377 -0.536678679 0.627388451 -0.221613540 0.518890321
1642650006.816317081 -0.048746696 1.565025103 0.610870580 -0.539224601 0.622865981 -0.225201427 0.520152975
1642650006.824650049 -0.050772975 1.568226790 0.608500203 -0.541852496 0.619369334 -0.228250908 0.520268223
1642650006.832983971 -0.053128151 1.571380982 0.605599596 -0.545023569 0.616694207 -0.230384573 0.519192174
1642650006.841316938 -0.056342438 1.575276684 0.603711946 -0.548403108 0.611380121 -0.232115309 0.521143802
1642650006.849649906 -0.059115321 1.578322829 0.600658395 -0.551878126 0.608639481 -0.234005794 0.519836324
1642650006.857984066 -0.062418519 1.581652701 0.597969089 -0.555525616 0.604855774 -0.235555355 0.519667642
1642650006.866317034 -0.066452663 1.585506360 0.596030575 -0.559324471 0.599074901 -0.236699147 0.521765189
1642650006.874650002 -0.070030946 1.588503627 0.592912369 -0.563241760 0.596012023 -0.237951189 0.520487867
1642650006.882983923 -0.074476630 1.592171336 0.590770005 -0.567292289 0.590383558 -0.238742436 0.522138643
1642650006.891316891 -0.078939012 1.595541326 0.588317732 -0.571373260 0.585419386 -0.239492803 0.522933971
1642650006.899650097 -0.083541364 1.598746081 0.585800917 -0.575406988 0.580666040 -0.240193964 0.523488881
1642650006.907984018 -0.088340879 1.601867274 0.583303978 0.579471918 -0.575808997 0.240819475 -0.524082318
1642650006.916316986 -0.093311532 1.604857041 0.580848051 0.583411571 -0.570972646 0.241404620 -0.524733252
1642650006.924649954 -0.098469004 1.607751287 0.578532073 0.587224934 -0.565889610 0.242020192 -0.525701487
1642650006.932984114 -0.103680536 1.610381720 0.576276102 0.590413266 -0.561693262 0.242073409 -0.526605469
1642650006.941317081 -0.109137345 1.613003288 0.574180537 0.593803208 -0.556599600 0.242640684 -0.527939518
1642650006.949650049 -0.114741299 1.615504137 0.572190874 0.597084007 -0.551304472 0.243342293 -0.529470108
1642650006.957983971 -0.120462421 1.617882855 0.570310145 0.600169323 -0.545942406 0.244044741 -0.531211668
1642650006.966316938 -0.126334899 1.620167957 0.568642113 0.603006785 -0.540328452 0.244803858 -0.533384526
1642650006.974649906 -0.131664132 1.621725214 0.566209747 0.605778194 -0.536969208 0.246003318 -0.533084625
1642650006.982984066 -0.138265899 1.624317066 0.565130333 0.609049717 -0.529121890 0.246973894 -0.536742363
1642650006.991317034 -0.144436866 1.626108314 0.563954686 0.610780246 -0.523569309 0.247601811 -0.539922229
1642650006.999650002 -0.150510651 1.627653016 0.562926702 0.612161355 -0.518076786 0.248683864 -0.543149386
1642650007.007983923 -0.156762012 1.629121207 0.561867095 0.613731637 -0.512423989 0.249731100 -0.546250411
1642650007.016316891 -0.163105439 1.630465909 0.560979421 0.615069443 -0.506457817 0.250956441 -0.549737141
1642650007.024650097 -0.169618247 1.631727216 0.560214214 0.616214053 -0.500669673 0.251800962 -0.553359192
1642650007.032984018 -0.176107912 1.632763014 0.559415844 0.617273119 -0.495017514 0.252778662 -0.556807422
1642650007.041316986 -0.182612107 1.633628775 0.558668976 0.618143882 -0.489467404 0.253837375 -0.560255646
1642650007.049649954 -0.189187120 1.634353763 0.558039579 0.618827605 -0.483856682 0.254789744 -0.563930219
1642650007.057984114 -0.195790568 1.634941974 0.557422370 0.619455068 -0.478372502 0.255734758 -0.567481191
1642650007.066317081 -0.202408925 1.635398631 0.556779456 0.620093424 -0.473088859 0.256413324 -0.570896912
1642650007.074650049 -0.209043817 1.635696771 0.556167455 0.620635111 -0.467920050 0.257045665 -0.574273813
1642650007.082983971 -0.214931087 1.635368403 0.554550351 0.621752328 -0.465744372 0.257748044 -0.574519076
1642650007.091316938 -0.222232852 1.635759244 0.554753119 0.621743230 -0.458576275 0.257958355 -0.580172943
1642650007.099649906 -0.229095474 1.635735836 0.554365466 0.622047495 -0.453349338 0.258165818 -0.583850753
1642650007.107984066 -0.235836508 1.635442618 0.553795925 0.622398807 -0.448703739 0.258380798 -0.586961705
1642650007.116317034 -0.242631617 1.635023110 0.553284009 0.622666921 -0.444026009 0.258557664 -0.590148070
1642650007.124650002 -0.249459302 1.634461300 0.552790361 0.622891624 -0.439401479 0.258683156 -0.593308849
1642650007.132983923 -0.256306960 1.633773704 0.552325660 0.623023196 -0.434874719 0.258801620 -0.596445971
1642650007.141316891 -0.263187537 1.632960458 0.551894056 0.623098911 -0.430450534 0.258809183 -0.599564752
1642650007.149650097 -0.270323659 1.632102230 0.551812045 0.622798127 -0.425344810 0.258710249 -0.603550573
1642650007.157984018 -0.277223507 1.631017486 0.551420046 0.622708113 -0.421214392 0.258649799 -0.606558591
1642650007.166316986 -0.284067023 1.629769379 0.551004213 0.622523014 -0.417493538 0.258487899 -0.609383499
1642650007.174649954 -0.290969281 1.628415141 0.550620885 0.622295996 -0.413733243 0.258304518 -0.612250988
1642650007.182984114 -0.297941271 1.626961032 0.550364587 0.621837468 -0.409901744 0.258166254 -0.615344544
1642650007.191317081 -0.305002722 1.625389263 0.550239835 0.621102741 -0.406017419 0.257976359 -0.618732122
1642650007.199650049 -0.312105070 1.623700103 0.550161697 -0.620228698 0.402145828 -0.257814205 0.622195252
1642650007.207983971 -0.318952801 1.621761994 0.549861193 -0.619376735 0.399136077 -0.257921371 0.624931531
1642650007.216316938 -0.325947875 1.619770240 0.549789817 -0.618123144 0.395724448 -0.258125580 0.628249254
1642650007.224649906 -0.332980941 1.617661722 0.549625830 -0.616911044 0.392566839 -0.258265016 0.631356652
1642650007.232984066 -0.340262141 1.615556920 0.549772701 -0.615245207 0.388657916 -0.258405272 0.635330682
1642650007.241317034 -0.347457304 1.613294215 0.549884007 -0.613402358 0.385084714 -0.258682710 0.639163959
1642650007.249650002 -0.354630601 1.610946493 0.549868862 -0.611569381 0.382157784 -0.258758754 0.642636934
1642650007.257983923 -0.361904383 1.608505004 0.550138865 -0.609246713 0.378225892 -0.259389200 0.646900966
1642650007.266316891 -0.369143052 1.605954269 0.550353768 -0.606759173 0.374661786 -0.260069269 0.651026749
1642650007.274650097 -0.376319733 1.603296814 0.550447065 -0.604272164 0.371477213 -0.260809186 0.654857542
1642650007.282984018 -0.383651009 1.600593317 0.550670647 -0.601470915 0.367897277 -0.261599418 0.659128270
1642650007.291316986 -0.390612799 1.597505141 0.550806253 -0.598007519 0.365946728 -0.262123511 0.663144980
1642650007.299649954 -0.398084574 1.594591763 0.551184515 -0.594555363 0.362166985 -0.263019704 0.667951817
1642650007.307984114 -0.405749280 1.591724654 0.551564159 -0.591079111 0.358037796 -0.263903690 0.672896176
1642650007.316317081 -0.413008571 1.588701767 0.551664544 -0.587751894 0.354903934 -0.265106677 0.676985494
1642650007.324650049 -0.420255292 1.585600913 0.551696654 -0.584341672 0.351894014 -0.266411623 0.680984772
1642650007.332983971 -0.427469888 1.582511006 0.551652774 -0.580871738 0.349818138 -0.267250634 0.684684155
1642650007.341316938 -0.434772550 1.579296860 0.551622553 -0.577365127 0.346905781 -0.268523441 0.688622575
1642650007.349649906 -0.442077306 1.576054697 0.551579795 -0.573608164 0.344047489 -0.269911487 0.692641891
1642650007.357984066 -0.449378839 1.572787264 0.551478124 -0.569727574 0.341339898 -0.271370313 0.696602985
1642650007.366317034 -0.456703491 1.569538977 0.551282475 -0.565903999 0.338703754 -0.272864670 0.700412238
1642650007.374650002 -0.463982985 1.566221235 0.550955868 -0.562046409 0.336502207 -0.274163589 0.704062799
1642650007.382983923 -0.471362760 1.562909835 0.550692031 -0.557977945 0.333568836 -0.275905334 0.708003313
1642650007.391316891 -0.478835577 1.559561557 0.550414276 -0.553603482 0.330235930 -0.277859654 0.712222878
1642650007.399650097 -0.486096269 1.556286966 0.549880309 -0.549628382 0.328448279 -0.279241998 0.715579678
1642650007.407984018 -0.493425994 1.552979318 0.549336415 -0.545526743 0.326212709 -0.280791864 0.719125699
1642650007.416316986 -0.500895369 1.549675522 0.548751305 -0.541341992 0.323638143 -0.282363282 0.722826520
1642650007.424649954 -0.508200005 1.546358827 0.548093868 -0.537005297 0.321439963 -0.284119987 0.726345299
1642650007.432984114 -0.515653018 1.543041642 0.547470700 -0.532461925 0.318462660 -0.286184555 0.730180959
1642650007.441317081 -0.522995606 1.539768361 0.546707313 -0.528084314 0.316347377 -0.287831491 0.733624105
1642650007.449650049 -0.530407043 1.536580371 0.545879383 -0.523315746 0.314093992 -0.289615390 0.737298121
1642650007.457983971 -0.537616578 1.533359340 0.544838128 -0.519269625 0.312845914 -0.290867476 0.740190923
1642650007.466316938 -0.545137355 1.530213532 0.543911091 -0.514478375 0.309944185 -0.292859755 0.743962208
1642650007.474649906 -0.552254818 1.527018434 0.542679949 -0.510363650 0.308571034 -0.294457121 0.746731455
1642650007.482984066 -0.559517908 1.523924161 0.541497478 -0.506021533 0.306760083 -0.296051531 0.749795939
1642650007.491317034 -0.566772822 1.520889285 0.540282214 -0.501668403 0.304880059 -0.297683117 0.752835789
1642650007.499650002 -0.574068596 1.517901955 0.539042688 -0.497130486 0.302626143 -0.299505489 0.756025898
1642650007.507983923 -0.581417829 1.515033457 0.537722021 -0.492749763 0.300504942 -0.300987760 0.759144794
1642650007.516316891 -0.588553950 1.512188074 0.536331321 -0.488376894 0.298829675 -0.302556822 0.762002758
1642650007.524650097 -0.595548894 1.509374211 0.534906596 -0.483962372 0.297185481 -0.304353855 0.764741750
1642650007.532984018 -0.602481448 1.506638121 0.533444199 -0.479578320 0.295808887 -0.306000236 0.767375783
1642650007.541316986 -0.609337913 1.503969446 0.531954117 -0.475190175 0.294561857 -0.307635196 0.769927397
1642650007.549649954 -0.616198996 1.501364796 0.530571140 -0.470354361 0.292898090 -0.309541551 0.772762261
1642650007.557984114 -0.622927141 1.498846375 0.529004557 -0.465844003 0.291578813 -0.311387366 0.775247747
1642650007.566317081 -0.629524188 1.496416685 0.527373225 -0.461452363 0.290539859 -0.313156324 0.777548342
1642650007.574650049 -0.636097059 1.494090048 0.525745401 -0.456988415 0.289335815 -0.315002532 0.779884466
1642650007.582983971 -0.642535859 1.491841191 0.524045229 -0.452598650 0.288242042 -0.316976258 0.782046699
1642650007.591316938 -0.648749352 1.489684904 0.522345483 -0.448131124 0.287545684 -0.319015629 0.784044006
1642650007.599649906 -0.654853696 1.487628181 0.520710359 -0.443410749 0.286816581 -0.321225591 0.786089865
1642650007.607984066 -0.660887643 1.485683658 0.519067312 -0.438670185 0.285993796 -0.323522276 0.788104913
1642650007.616317034 -0.666723519 1.483879848 0.517431154 -0.433806843 0.285440993 -0.326062491 0.789948298
1642650007.624650002 -0.672461705 1.482159057 0.515776452 -0.428975441 0.284707228 -0.328618064 0.791790397
1642650007.632983923 -0.677994117 1.480588338 0.514152035 -0.424181455 0.284284596 -0.331181674 0.793455141
1642650007.641316891 -0.683339809 1.479185445 0.512595159 -0.419242002 0.284123501 -0.333832651 0.795025623
1642650007.649650097 -0.688456338 1.477876373 0.511019217 -0.414422778 0.284177559 -0.336435552 0.796434552
1642650007.657984018 -0.693395272 1.476713288 0.509489173 -0.409536502 0.284277932 -0.339178358 0.797761839
1642650007.666316986 -0.698118775 1.475736938 0.507969578 -0.404523601 0.284538943 -0.342416792 0.798842279
1642650007.674649954 -0.702766645 1.474862820 0.506535923 -0.399327718 0.284557904 -0.345587576 0.800083370
1642650007.682984114 -0.707123067 1.474035847 0.505138345 -0.394136790 0.284893971 -0.348656961 0.801205304
1642650007.691317081 -0.711233045 1.473341839 0.503775177 -0.388940296 0.285627196 -0.351704913 0.802150986
1642650007.699650049 -0.715161787 1.472836817 0.502442704 -0.383796836 0.286368532 -0.354964033 0.802928134
1642650007.707983971 -0.718862077 1.472433617 0.501178666 -0.378539516 0.287284151 -0.358280272 0.803623605
1642650007.716316938 -0.722437795 1.472138431 0.500093755 -0.372818729 0.287822847 -0.362013117 0.804431916
1642650007.724649906 -0.725835314 1.472007402 0.499015325 -0.367304624 0.288451821 -0.365620665 0.805111414
1642650007.732984066 -0.728852868 1.471915300 0.497968770 -0.361884186 0.289616312 -0.369271659 0.805481638
1642650007.741317034 -0.731610153 1.471951931 0.496854254 -0.356775016 0.291089006 -0.372803221 0.805603213
1642650007.749650002 -0.734167738 1.472116365 0.495824897 -0.351636533 0.292577416 -0.376482574 0.805612237
1642650007.757983923 -0.736524304 1.472389918 0.494852130 -0.346537805 0.294066210 -0.380198486 0.805534435
1642650007.766316891 -0.738650260 1.472765336 0.493937618 -0.341529849 0.295654433 -0.383962481 0.805306545
1642650007.774650097 -0.740564095 1.473206116 0.493091302 -0.336483028 0.297275437 -0.387787004 0.805001693
1642650007.782984018 -0.742291774 1.473741635 0.492305506 -0.331522878 0.298786255 -0.391758298 0.804577399
1642650007.791316986 -0.743674593 1.474362359 0.491570844 -0.326726016 0.301021363 -0.395351019 0.803948892
1642650007.799649954 -0.744779726 1.475032438 0.490834861 -0.322072656 0.303416814 -0.399594043 0.802827529
1642650007.807984114 -0.745778753 1.475872563 0.490153978 -0.317736189 0.305560208 -0.403045450 0.802016857
1642650007.816317081 -0.746610551 1.476822816 0.489527715 -0.313623416 0.307618900 -0.406212617 0.801250445
1642650007.824650049 -0.747114725 1.477691318 0.488916621 -0.309483370 0.310261945 -0.410000515 0.799910712
1642650007.832983971 -0.747486899 1.478701130 0.488388567 -0.305506621 0.312671807 -0.413474935 0.798711790
1642650007.841316938 -0.747676153 1.479787214 0.487915165 -0.301690105 0.315067319 -0.416829604 0.797476487
1642650007.849649906 -0.747617778 1.480910869 0.487492839 -0.298039995 0.317755470 -0.420100147 0.796065003
1642650007.857984066 -0.747326545 1.482049929 0.487139771 -0.294471664 0.320603965 -0.423392935 0.794504852
1642650007.866317034 -0.746884152 1.483232253 0.486876879 -0.290931588 0.323393839 -0.426688263 0.792913843
1642650007.874650002 -0.746224947 1.484426404 0.486682220 -0.287518816 0.326360412 -0.429823695 0.791248004
1642650007.882983923 -0.745372002 1.485628525 0.486566032 -0.284210554 0.329482726 -0.432733162 0.789561590
1642650007.891316891 -0.744349828 1.486844875 0.486518655 -0.281042801 0.332607135 -0.435568636 0.787824473
1642650007.899650097 -0.743007346 1.488190696 0.486471534 -0.278171220 0.336051981 -0.439254062 0.785331591
1642650007.907984018 -0.741527172 1.489473436 0.486528766 -0.275387408 0.339630848 -0.442269475 0.783077502
1642650007.916316986 -0.739907530 1.490749416 0.486668730 -0.272745263 0.343234350 -0.445029207 0.780864397
1642650007.924649954 -0.737984367 1.491958714 0.486825991 -0.270302371 0.347363758 -0.447620510 0.778402805
1642650007.932984114 -0.736221097 1.493299138 0.487083092 -0.267879027 0.350031949 -0.450944893 0.776123163
1642650007.941317081 -0.734159476 1.494535179 0.487463914 -0.265447757 0.353608693 -0.453696453 0.773729869
1642650007.949650049 -0.731709784 1.495628782 0.487954837 -0.263025316 0.358490318 -0.455659568 0.771152860
1642650007.957983971 -0.729172471 1.496717107 0.488483361 -0.260759455 0.363214692 -0.457651857 0.768527405
1642650007.966316938 -0.726880426 1.497911650 0.489114799 -0.258382177 0.365948103 -0.460807855 0.766144084
1642650007.974649906 -0.724070852 1.498900437 0.489833433 -0.256023622 0.370722810 -0.462748341 0.763466093
1642650007.982984066 -0.721216499 1.499886858 0.490613584 -0.253787178 0.375073287 -0.464876580 0.760790289
1642650007.991317034 -0.718044785 1.500783228 0.491453867 -0.251766564 0.380102745 -0.466712505 0.757835693
1642650007.999650002 -0.715288287 1.501771207 0.492356149 -0.249697274 0.383062532 -0.469447060 0.755336896
1642650008.007983923 -0.712193765 1.502653248 0.493426626 -0.247839534 0.387089755 -0.471419276 0.752662576
1642650008.016316891 -0.708706461 1.503444900 0.494450299 -0.246162076 0.391932286 -0.473036751 0.749686299
1642650008.024650097 -0.705221386 1.504205802 0.495553524 -0.244541284 0.396434929 -0.474692638 0.746797032
1642650008.032984018 -0.701800455 1.504927576 0.496749547 -0.242908988 0.400338541 -0.476432364 0.744134718
1642650008.041316986 -0.698008784 1.505464785 0.497994450 -0.241340086 0.405228878 -0.477761119 0.741140224
1642650008.049649954 -0.694126669 1.505931024 0.499254310 -0.239876499 0.410011149 -0.479099659 0.738114923
1642650008.057984114 -0.690124848 1.506314261 0.500558659 -0.238454367 0.414740037 -0.480432934 0.735060822
1642650008.066317081 -0.686023725 1.506630940 0.501913451 -0.237061896 0.419447952 -0.481726357 0.731986879
1642650008.074650049 -0.681645326 1.506812973 0.503195496 -0.235862061 0.424613369 -0.482879096 0.728629092
1642650008.082983971 -0.677264742 1.506932109 0.504595275 -0.234639482 0.429403719 -0.484078312 0.725413639
1642650008.091316938 -0.672812016 1.506981263 0.506056545 -0.233428818 0.433968127 -0.485388523 0.722205395
1642650008.099649906 -0.667900678 1.506643220 0.507656814 -0.231647675 0.440479439 -0.485432602 0.718799282
1642650008.107984066 -0.663269697 1.506662282 0.509149951 -0.230951944 0.444591393 -0.486875574 0.715508119
1642650008.116317034 -0.658447115 1.506490189 0.510670248 -0.230222948 0.449158426 -0.488037430 0.712090984
1642650008.124650002 -0.653441130 1.506140011 0.512235567 -0.229515470 0.454049831 -0.488876056 0.708633616
1642650008.132983923 -0.648360902 1.505720476 0.513858565 -0.228842012 0.458930322 -0.489532818 0.705245995
1642650008.141316891 -0.643070318 1.505153720 0.515411706 -0.228469727 0.464487491 -0.489611366 0.701664923
1642650008.149650097 -0.637791262 1.504461109 0.517173693 -0.227819570 0.469174234 -0.490251591 0.698303057
1642650008.157984018 -0.632435943 1.503715190 0.518955614 -0.227404285 0.473964755 -0.490538478 0.694994031
1642650008.166316986 -0.626882455 1.502795520 0.520684025 -0.227206071 0.479233059 -0.490415148 0.691524446
1642650008.174649954 -0.621415259 1.501878507 0.522574942 -0.227065670 0.483874831 -0.490308239 0.688406973
1642650008.182984114 -0.615850102 1.500866148 0.524523165 -0.227030453 0.488585968 -0.489834781 0.685421631
1642650008.191317081 -0.609766443 1.499428164 0.526124239 -0.227309194 0.495046938 -0.488557604 0.681594107
1642650008.199650049 -0.603545769 1.497852644 0.527760465 -0.227576567 0.502367193 -0.486128911 0.677875203
1642650008.207983971 -0.597705722 1.496481291 0.529687072 -0.228057063 0.507148215 -0.485220798 0.674797333
1642650008.216316938 -0.591891199 1.495035475 0.531763098 -0.228520231 0.511392175 -0.484398291 0.672022948
1642650008.224649906 -0.585803117 1.493337090 0.533736595 -0.229053058 0.516729911 -0.482764806 0.668926781
1642650008.232984066 -0.579531374 1.491489093 0.535540053 -0.229752906 0.522727656 -0.481320503 0.665056369
1642650008.241317034 -0.573336312 1.489651866 0.537488297 -0.230612011 0.528194597 -0.478601440 0.662396580
1642650008.249650002 -0.567103207 1.487854069 0.539477887 -0.232134365 0.533287265 -0.475672470 0.659889408
1642650008.257983923 -0.560821030 1.485751454 0.541473222 -0.232870647 0.538847095 -0.473285365 0.656822680
1642650008.266316891 -0.554389046 1.483575714 0.543410131 -0.234031496 0.544710692 -0.470720681 0.653407653
1642650008.274650097 -0.548041539 1.481405442 0.545482953 -0.235179925 0.549894305 -0.467842047 0.650715356
1642650008.282984018 -0.541723509 1.479127281 0.547701090 -0.236125184 0.554662562 -0.465051326 0.648322145
1642650008.291316986 -0.535438293 1.476920415 0.549949606 -0.237366168 0.559142258 -0.462181325 0.646069392
1642650008.299649954 -0.529091511 1.474530743 0.552254616 -0.238435907 0.563690188 -0.459338808 0.643746496
1642650008.307984114 -0.522619912 1.472027295 0.554402267 -0.239749175 0.569036982 -0.455672633 0.641154971
1642650008.316317081 -0.516197858 1.469562055 0.556643952 -0.241130147 0.573888494 -0.452191262 0.638773287
1642650008.324650049 -0.509754891 1.466955601 0.559014260 -0.242292662 0.578470286 -0.448965493 0.636471822
1642650008.332983971 -0.503283412 1.464343471 0.561394399 -0.243550391 0.582902920 -0.445698850 0.634239646
1642650008.341316938 -0.496799842 1.461721780 0.563809377 -0.244916598 0.587233171 -0.442227884 0.632145206
1642650008.349649906 -0.490287827 1.459032135 0.566230456 -0.246266798 0.591526526 -0.438707406 0.630067334
1642650008.357984066 -0.483750833 1.456331818 0.568705410 -0.247668880 0.595620575 -0.435099207 0.628159961
1642650008.366317034 -0.477158575 1.453621267 0.571165686 -0.249186894 0.599714263 -0.431325423 0.626264380
1642650008.374650002 -0.470476227 1.450817471 0.573560763 -0.250783473 0.603916861 -0.427350882 0.624310258
1642650008.382983923 -0.463751663 1.448043165 0.576006837 -0.252418413 0.607943098 -0.423325845 0.622483224
1642650008.391316891 -0.457077973 1.445374159 0.578581183 -0.254180812 0.611491329 -0.419406248 0.620941920
1642650008.399650097 -0.450176294 1.442545287 0.580924533 -0.256017587 0.615702164 -0.415038118 0.618958158
1642650008.407984018 -0.443211070 1.439736006 0.583253488 -0.257964597 0.619850177 -0.410533957 0.617010450
1642650008.416316986 -0.436159283 1.436911520 0.585519053 -0.260043656 0.623940743 -0.405988252 0.615019338
1642650008.424649954 -0.429049207 1.434145031 0.587782994 -0.262248221 0.627933876 -0.401324872 0.613076883
1642650008.432984114 -0.421849161 1.431407952 0.590002109 -0.264542977 0.631925150 -0.396542101 0.611098994
1642650008.441317081 -0.414639815 1.428792290 0.592320959 -0.266889347 0.635440674 -0.390874350 0.610083985
1642650008.449650049 -0.407299711 1.426173390 0.594541407 -0.269382666 0.639064135 -0.385616978 0.608547087
1642650008.457983971 -0.399926608 1.423671006 0.596898094 -0.271875825 0.642243247 -0.380576670 0.607263161
1642650008.466316938 -0.392383895 1.421167357 0.598932721 -0.274626796 0.646162784 -0.374831800 0.605437777
1642650008.474649906 -0.384771903 1.418727658 0.600996345 -0.277430993 0.649758722 -0.369263747 0.603730016
1642650008.482984066 -0.376924786 1.416243267 0.602848998 -0.280311070 0.653620646 -0.363568401 0.601684114
1642650008.491317034 -0.369020485 1.413759159 0.604693633 -0.283113150 0.657476079 -0.357732893 0.599666013
1642650008.499650002 -0.361157132 1.411392981 0.606713951 -0.285935177 0.660617479 -0.352191662 0.598152702
1642650008.507983923 -0.353139712 1.409053920 0.608564036 -0.288819236 0.663944031 -0.346500505 0.596405208
1642650008.516316891 -0.344983826 1.406731156 0.610248903 -0.291738552 0.667447680 -0.340675708 0.594426003
1642650008.524650097 -0.336735856 1.404475811 0.611845018 -0.294711437 0.670926384 -0.334833453 0.592359279
1642650008.532984018 -0.328432759 1.402298603 0.613419187 -0.297686638 0.674185018 -0.329014815 0.590429063
1642650008.541316986 -0.320031506 1.400149245 0.614903580 -0.300609129 0.677434925 -0.323260466 0.588403556
1642650008.549649954 -0.311590178 1.398121682 0.616306939 -0.303632746 0.680567244 -0.317388177 0.586429985
1642650008.557984114 -0.302998749 1.396042531 0.617599117 -0.306405378 0.683748138 -0.311728489 0.584319756
1642650008.566317081 -0.294382368 1.394054545 0.619012203 -0.308964924 0.686529390 -0.306420571 0.582515671
1642650008.574650049 -0.285715556 1.392224040 0.620094952 -0.311863172 0.689653225 -0.300557336 0.580331869
1642650008.582983971 -0.277025687 1.390465957 0.621204139 -0.314697702 0.692301841 -0.295279910 0.578353951
1642650008.591316938 -0.268284540 1.388823347 0.622297060 -0.317470131 0.694726139 -0.290215550 0.576492187
1642650008.599649906 -0.259483644 1.387267798 0.623191588 -0.320498960 0.697234619 -0.285628334 0.574073826
1642650008.607984066 -0.250699927 1.385863531 0.624123916 -0.323307104 0.699416112 -0.280827617 0.572211034
1642650008.616317034 -0.241901016 1.384626798 0.624957002 -0.326157884 0.701497406 -0.275889866 0.570444743
1642650008.624650002 -0.233173312 1.383660460 0.625753923 -0.329232667 0.703261813 -0.270924665 0.568883556
1642650008.632983923 -0.224400205 1.382741594 0.626452292 -0.332274367 0.704977968 -0.266245306 0.567197714
1642650008.641316891 -0.215595259 1.381912641 0.626954045 -0.335394690 0.706834269 -0.261552755 0.565230815
1642650008.649650097 -0.206793536 1.381258863 0.627376662 -0.338583378 0.708584774 -0.256883169 0.563276088
1642650008.657984018 -0.198022067 1.380851397 0.627739314 -0.341777867 0.710143551 -0.251707822 0.561718078
1642650008.666316986 -0.189244356 1.380616830 0.627944523 -0.345147895 0.711690060 -0.246658761 0.559937180
1642650008.674649954 -0.180505813 1.380584531 0.627999179 -0.348717418 0.713168508 -0.241679742 0.558012315
1642650008.682984114 -0.171803548 1.380726228 0.627924424 -0.352366789 0.714552217 -0.236816033 0.556031422
1642650008.691317081 -0.163111127 1.381040748 0.627663948 -0.356067396 0.715932875 -0.232050869 0.553902990
1642650008.699650049 -0.154524383 1.381528754 0.627390589 -0.359788279 0.717116280 -0.227352887 0.551912403
1642650008.707983971 -0.145963759 1.382172043 0.626947784 -0.363497643 0.718298215 -0.222846549 0.549778641
1642650008.716316938 -0.137504920 1.382993818 0.626559129 -0.367119632 0.719031848 -0.218773262 0.548046200
1642650008.724649906 -0.129138232 1.383996596 0.626044975 -0.370788411 0.719753685 -0.214749217 0.546217321
1642650008.732984066 -0.120870735 1.385171266 0.625455077 -0.374397800 0.720384145 -0.210811983 0.544455029
1642650008.741317034 -0.112713445 1.386532109 0.624768354 -0.378022469 0.720914088 -0.206991406 0.542712123
1642650008.749650002 -0.104671243 1.388181761 0.623997232 -0.382102030 0.721065430 -0.203386378 0.541014477
1642650008.757983923 -0.096727637 1.389900666 0.623073840 -0.385800019 0.721438947 -0.199934390 0.539175695
1642650008.766316891 -0.088924408 1.391759941 0.622020208 -0.389345660 0.721865299 -0.196438577 0.537338192
1642650008.774650097 -0.081263133 1.393829417 0.620549851 -0.393173819 0.722691424 -0.192756299 0.534767672
1642650008.782984018 -0.073847906 1.396136654 0.619168375 -0.397006919 0.723037674 -0.189303990 0.532696937
1642650008.791316986 -0.066622493 1.398624205 0.617764234 -0.400817011 0.723186135 -0.186061557 0.530781155
1642650008.799649954 -0.059628553 1.401306429 0.616247652 -0.404726967 0.723251882 -0.182844497 0.528838999
1642650008.807984114 -0.052861163 1.404125293 0.614600629 -0.408687496 0.723284784 -0.179783783 0.526793549
1642650008.816317081 -0.046434299 1.407267947 0.612753648 -0.413045675 0.723239893 -0.176453336 0.524577494
1642650008.824650049 -0.040280689 1.410571959 0.610992538 -0.417288194 0.722826367 -0.173407682 0.522802431
1642650008.832983971 -0.034350492 1.413957514 0.609085956 -0.421520330 0.722469717 -0.170517138 0.520847411
1642650008.841316938 -0.028736411 1.417554013 0.607095068 -0.425932400 0.721944765 -0.167684242 0.518902055
1642650008.849649906 -0.023416088 1.421294733 0.605034672 -0.430339686 0.721372943 -0.164937678 0.516937515
1642650008.857984066 -0.018409608 1.425164531 0.602900928 -0.434764350 0.720711663 -0.162284217 0.514993681
1642650008.866317034 -0.013751668 1.429104680 0.600876735 -0.438774419 0.719871342 -0.159020501 0.513784721
1642650008.874650002 -0.009436196 1.433280743 0.598745142 -0.443238713 0.718832334 -0.156461133 0.512190816
1642650008.882983923 -0.005393104 1.437504886 0.596444842 -0.447761699 0.717941419 -0.154616595 0.510062043
1642650008.891316891 -0.001790082 1.441921263 0.594338104 -0.452386671 0.716492997 -0.152096579 0.508773737
1642650008.899650097 0.001440375 1.446459576 0.592286968 -0.456857881 0.714941585 -0.149847742 0.507626891
1642650008.907984018 0.004296809 1.451116079 0.590270144 -0.461351817 0.713201076 -0.147891702 0.506583429
1642650008.916316986 0.006720274 1.456004059 0.588458807 -0.465945541 0.710989387 -0.146709760 0.505831089
1642650008.924649954 0.008788640 1.460885414 0.586619981 -0.470458688 0.708691890 -0.144510827 0.505510681
1642650008.932984114 0.010524544 1.465815997 0.584679427 -0.475117280 0.706408093 -0.142762055 0.504846681
1642650008.941317081 0.011889600 1.470815863 0.582731580 -0.479821568 0.704014131 -0.141318417 0.504147271
1642650008.949650049 0.012874242 1.475891337 0.580830007 -0.484659191 0.701328025 -0.140109404 0.503600859
1642650008.957983971 0.013489205 1.481049282 0.578963163 -0.489574473 0.698422659 -0.139014317 0.503187484
1642650008.966316938 0.013739930 1.486239087 0.577091399 -0.494543680 0.695428103 -0.138000799 0.502754494
1642650008.974649906 0.013613078 1.491453687 0.575307578 -0.499552033 0.692139010 -0.137174052 0.502568041
1642650008.982984066 0.013101157 1.496715715 0.573608168 -0.504650217 0.688578605 -0.136409296 0.502573545
1642650008.991317034 0.012202063 1.502012889 0.571984279 -0.509827778 0.684748016 -0.135656468 0.502785356
1642650008.999650002 0.010932299 1.507294660 0.570416645 -0.515056120 0.680702753 -0.135003750 0.503125176
1642650009.007983923 0.009296965 1.512579088 0.568909160 -0.520357456 0.676436747 -0.134340011 0.503601237
1642650009.016316891 0.007323848 1.517830260 0.567439832 -0.525713205 0.671990931 -0.133668892 0.504169062
1642650009.024650097 0.005052017 1.523014456 0.566054586 -0.531012208 0.667362063 -0.133028923 0.504932884
1642650009.032984018 0.002446889 1.528155151 0.564750466 -0.536339690 0.662503846 -0.132359892 0.505874738
1642650009.041316986 -0.000370360 1.533104065 0.563327362 -0.541625705 0.657861353 -0.131779681 0.506452517
1642650009.049649954 -0.003498692 1.538013036 0.562090885 -0.546832731 0.652876514 -0.131215475 0.507453171
1642650009.057984114 -0.006983345 1.542914896 0.561073748 -0.551966813 0.647469110 -0.130538258 0.508995239
1642650009.066317081 -0.010668593 1.547622643 0.560029926 -0.557059555 0.642094921 -0.129916014 0.510412181
1642650009.074650049 -0.014489989 1.552061266 0.558880238 -0.562038377 0.637006947 -0.129374540 0.511465776
1642650009.082983971 -0.018660564 1.556483666 0.558120850 -0.566819765 0.631232055 -0.128815279 0.513486194
1642650009.091316938 -0.022967064 1.560666936 0.557292125 -0.571397832 0.625942266 -0.128062897 0.515073481
1642650009.099649906 -0.027406285 1.564614653 0.556528887 -0.575829573 0.620522823 -0.127538554 0.516822646
1642650009.107984066 -0.031936267 1.568290182 0.555830929 -0.580039999 0.615072910 -0.127261691 0.518693914
1642650009.116317034 -0.036651833 1.571817147 0.555273498 -0.584046491 0.609479339 -0.126959855 0.520870259
1642650009.124650002 -0.041431616 1.575108127 0.554764299 -0.587808805 0.604039335 -0.126777280 0.523015116
1642650009.132983923 -0.046234130 1.578129937 0.554386776 -0.591212696 0.598593512 -0.126902514 0.525403757
1642650009.141316891 -0.051224003 1.580970073 0.554035616 0.594589324 -0.593183281 0.126890560 -0.527727124
1642650009.149650097 -0.056241750 1.583541107 0.553829435 0.597607064 -0.587819041 0.127130218 -0.530256995
1642650009.157984018 -0.061304789 1.585852209 0.553760387 0.600283627 -0.582464719 0.127568678 -0.533029690
1642650009.166316986 -0.066467257 1.587932057 0.553883828 0.602659168 -0.576962615 0.128238644 -0.536163145
1642650009.174649954 -0.071685504 1.589755562 0.554101734 0.604739591 -0.571565581 0.129094863 -0.539386067
1642650009.182984114 -0.077006418 1.591366863 0.554484027 0.606556179 -0.566003109 0.130154404 -0.542945590
1642650009.191317081 -0.082312163 1.592646751 0.554915427 0.608036372 -0.560687787 0.131467836 -0.546477065
1642650009.199650049 -0.087801040 1.593813802 0.555438631 0.609574922 -0.555049656 0.133315936 -0.550059228
1642650009.207983971 -0.093377122 1.594704776 0.556189061 0.610440447 -0.549629934 0.134387026 -0.554264850
1642650009.216316938 -0.099051511 1.595385725 0.557020083 0.611164522 -0.544093131 0.135794583 -0.558569980
1642650009.224649906 -0.104836807 1.595875046 0.557906234 0.611812204 -0.538506498 0.137359099 -0.562875703
1642650009.232984066 -0.110748547 1.596210299 0.558761736 0.612609118 -0.532759394 0.139386988 -0.566964518
1642650009.241317034 -0.116717395 1.596238452 0.559771709 0.612783715 -0.527387718 0.140567430 -0.571488506
1642650009.249650002 -0.122826304 1.596148586 0.560721920 0.613247195 -0.521740488 0.142388566 -0.575708466
1642650009.257983923 -0.129029574 1.595821191 0.561736930 0.613500910 -0.516177680 0.143948354 -0.580048367
1642650009.266316891 -0.135462145 1.595372249 0.563013465 0.613459552 -0.510199515 0.145222899 -0.585042001
1642650009.274650097 -0.141805566 1.594595826 0.564015407 0.613513272 -0.504909601 0.146582239 -0.589221017
1642650009.282984018 -0.148306970 1.593656661 0.565117185 0.613447243 -0.499536953 0.147739478 -0.593564115
1642650009.291316986 -0.155049372 1.592607049 0.566427659 0.613175802 -0.493799483 0.148673333 -0.598392636
1642650009.299649954 -0.161821743 1.591332801 0.567690891 0.612847418 -0.488344469 0.149611210 -0.602954566
1642650009.307984114 -0.168647710 1.589851510 0.568915656 0.612483053 -0.483070005 0.150505468 -0.607335149
1642650009.316317081 -0.175585239 1.588190654 0.570190406 0.611982697 -0.477813988 0.151340194 -0.611773747
1642650009.324650049 -0.182661115 1.586355727 0.571567883 -0.611333042 0.472285121 -0.152221904 0.616479658
1642650009.332983971 -0.189744594 1.584327360 0.572884141 -0.610577451 0.467363613 -0.152813363 0.620817611
1642650009.341316938 -0.196934666 1.582139397 0.574272330 -0.609661672 0.462441832 -0.153299683 0.625267467
1642650009.349649906 -0.204239115 1.579788832 0.575631425 -0.608783535 0.457369060 -0.153883392 0.629695205
1642650009.357984066 -0.211635430 1.577288577 0.577069129 -0.607691287 0.452377370 -0.154378634 0.634218616
1642650009.366317034 -0.219085501 1.574617280 0.578575271 -0.606358813 0.447536564 -0.154868969 0.638792311
1642650009.374650002 -0.226597527 1.571780825 0.580082876 -0.604877837 0.442816701 -0.155404185 0.643339499
1642650009.382983923 -0.234166553 1.568789147 0.581624001 -0.603225360 0.438234482 -0.155900808 0.647892462
1642650009.391316891 -0.242190056 1.565660964 0.583666073 -0.600853895 0.431913828 -0.156911473 0.654067146
1642650009.399650097 -0.249973024 1.562371597 0.585297722 -0.598784446 0.427022631 -0.157683493 0.658972516
1642650009.407984018 -0.257688654 1.558961868 0.586749823 -0.596784812 0.422883999 -0.158307863 0.663291513
1642650009.416316986 -0.265531878 1.555423400 0.588385710 -0.594366287 0.418555630 -0.158980920 0.668030665
1642650009.424649954 -0.273499266 1.551754590 0.590152095 -0.591572285 0.413910328 -0.159885574 0.673169425
1642650009.432984114 -0.281517572 1.548011083 0.591742411 -0.588889250 0.409796202 -0.160592896 0.677854296
1642650009.441317081 -0.289612308 1.544164363 0.593418317 -0.585862031 0.405605048 -0.161526595 0.682758658
1642650009.449650049 -0.297495960 1.540178580 0.594791410 -0.583008525 0.402259387 -0.162641291 0.686903382
1642650009.457983971 -0.305704831 1.536148885 0.596414900 -0.579595110 0.398238290 -0.163709970 0.691863294
1642650009.466316938 -0.314113496 1.532100003 0.598092644 -0.575971100 0.393932203 -0.164793707 0.697078005
1642650009.474649906 -0.322361541 1.527964928 0.599448288 -0.572575154 0.390634812 -0.165804897 0.701477635
1642650009.482984066 -0.330623173 1.523470941 0.601142117 -0.567602200 0.387590538 -0.166639800 0.706988327
1642650009.491317034 -0.339408186 1.519139113 0.602976692 -0.562722700 0.383117555 -0.167737152 0.713041618
1642650009.499650002 -0.348124404 1.514853399 0.604419952 -0.558380216 0.378995527 -0.169228293 0.718286649
1642650009.507983923 -0.356654062 1.510567632 0.605646248 -0.554009806 0.376111973 -0.170542195 0.722861175
1642650009.516316891 -0.365365398 1.506244451 0.606808489 -0.549413527 0.372715024 -0.172254563 0.727706433
1642650009.524650097 -0.373846786 1.501885021 0.607702226 -0.544865250 0.370273317 -0.174057554 0.731931347
1642650009.532984018 -0.382727627 1.497543627 0.608625911 -0.540067812 0.366567345 -0.176186208 0.736826683
1642650009.541316986 -0.391738089 1.493228511 0.609438500 -0.535117958 0.362833621 -0.178334096 0.741752981
1642650009.549649954 -0.400769799 1.488877680 0.610121905 -0.529998219 0.359252879 -0.180484277 0.746635576
1642650009.557984114 -0.409795145 1.484605020 0.610614012 -0.524840938 0.356005466 -0.182763904 0.751265235
1642650009.566317081 -0.418901992 1.480400405 0.610928707 -0.519675906 0.352665980 -0.185219271 0.755815772
1642650009.574650049 -0.428652365 1.476201414 0.611022571 -0.514641631 0.346685011 -0.188770601 0.761130182
1642650009.582983971 -0.437636679 1.472112305 0.610969827 -0.509321343 0.344443928 -0.191146211 0.765123046
1642650009.591316938 -0.446562454 1.468051142 0.610664756 -0.503997135 0.342086982 -0.194138959 0.768943073
1642650009.599649906 -0.456082244 1.464073557 0.610150695 -0.498794267 0.337409832 -0.197980999 0.773409600
1642650009.607984066 -0.465004479 1.460238929 0.609556842 -0.493418133 0.335891297 -0.200580895 0.776841610
1642650009.616317034 -0.474314734 1.456485090 0.608840188 -0.487797549 0.333006638 -0.203624236 0.780831160
1642650009.624650002 -0.483871622 1.452837679 0.607961982 -0.481956307 0.328907351 -0.207456066 0.785175174
1642650009.632983923 -0.493322717 1.449292014 0.606888640 -0.476150699 0.325200054 -0.211359452 0.789210123
1642650009.641316891 -0.502763991 1.445857559 0.605664798 -0.470327455 0.321680039 -0.215124488 0.793117578
1642650009.649650097 -0.512148321 1.442583254 0.604266382 -0.464571205 0.318346709 -0.219002228 0.796785412
1642650009.657984018 -0.521650344 1.439448429 0.602833397 -0.458502271 0.314655919 -0.222945387 0.800663896
1642650009.666316986 -0.530854404 1.436515779 0.601054213 -0.452935481 0.311642201 -0.227484017 0.803728568
1642650009.674649954 -0.540263459 1.433744799 0.599293440 -0.446998077 0.308041666 -0.231682027 0.807233851
1642650009.682984114 -0.549430386 1.431115410 0.597319115 -0.441202586 0.304996390 -0.235837767 0.810369069
1642650009.691317081 -0.558571783 1.428687854 0.595261273 -0.435384532 0.301856663 -0.240091006 0.813436643
1642650009.699650049 -0.567646277 1.426458683 0.593064087 -0.429661822 0.298817655 -0.244282364 0.816348488
1642650009.707983971 -0.576630757 1.424354893 0.590837963 -0.423682399 0.295438661 -0.249009176 0.819270195
1642650009.716316938 -0.585503796 1.422453441 0.588546470 -0.417824171 0.292267935 -0.253609688 0.822000330
1642650009.724649906 -0.594230874 1.420759532 0.586165061 -0.412058712 0.289319723 -0.258172037 0.824529511
1642650009.732984066 -0.602675489 1.419341084 0.583698109 -0.406179267 0.287133924 -0.263288600 0.826590362
1642650009.741317034 -0.611044932 1.418073113 0.581200671 -0.400441961 0.284610862 -0.268287471 0.828652355
1642650009.749650002 -0.619248700 1.416974913 0.578677073 -0.394807914 0.282080294 -0.273198727 0.830614155
1642650009.757983923 -0.627152007 1.416121246 0.576054185 -0.389511980 0.280372780 -0.277696862 0.832199480
1642650009.766316891 -0.635091806 1.415389515 0.573587876 -0.383632189 0.277496545 -0.282975138 0.834114550
1642650009.774650097 -0.642788002 1.414866356 0.571086161 -0.377963327 0.274948307 -0.288057170 0.835805132
1642650009.782984018 -0.650155801 1.414584209 0.568545602 -0.372564086 0.272931285 -0.293085184 0.837141321
1642650009.791316986 -0.657305440 1.414500101 0.566041634 -0.367155307 0.270975633 -0.298233555 0.838347144
1642650009.799649954 -0.664234647 1.414621204 0.563570877 -0.361853698 0.269054835 -0.303340362 0.839437920
1642650009.807984114 -0.670875222 1.414954673 0.561164781 -0.356572545 0.267417284 -0.308425865 0.840367480
1642650009.816317081 -0.677226540 1.415459277 0.558847276 -0.351276781 0.266003399 -0.313567712 0.841143332
1642650009.824650049 -0.683526315 1.416176719 0.556694613 -0.345804694 0.264155314 -0.318674959 0.842073248
1642650009.832983971 -0.689346405 1.417058129 0.554578590 -0.340616071 0.263098292 -0.323680798 0.842609472
1642650009.841316938 -0.694820357 1.418133454 0.552532561 -0.335625654 0.262456026 -0.328655292 0.842886679
1642650009.849649906 -0.699946937 1.419339169 0.550570381 -0.330700003 0.262029550 -0.333658029 0.843000796
1642650009.857984066 -0.704784225 1.420727835 0.548732622 -0.325849783 0.261880725 -0.338535392 0.842991218
1642650009.866317034 -0.709281183 1.422273633 0.546979647 -0.321103914 0.261969497 -0.343500223 0.842776279
1642650009.874650002 -0.713497430 1.423945965 0.545324589 -0.316413331 0.262145674 -0.348413769 0.842478543
1642650009.882983923 -0.717341868 1.425760813 0.543756163 -0.311768538 0.262696697 -0.353706256 0.841832946
1642650009.891316891 -0.720991964 1.427808110 0.542290624 -0.307446358 0.263015489 -0.358434007 0.841323156
1642650009.899650097 -0.724342763 1.429947113 0.540932663 -0.303185681 0.263514017 -0.362994014 0.840758081
1642650009.907984018 -0.727260864 1.432039869 0.539684059 -0.298736392 0.264694695 -0.368016952 0.839795695
1642650009.916316986 -0.729904217 1.434298324 0.538529459 -0.294543504 0.265892621 -0.372870200 0.838756849
1642650009.924649954 -0.732238276 1.436713606 0.537459955 -0.290607526 0.267218915 -0.377987466 0.837416738
1642650009.932984114 -0.734308046 1.439228317 0.536479621 -0.286925108 0.268594594 -0.382550022 0.836173671
1642650009.941317081 -0.736083334 1.441824681 0.535595493 -0.283390674 0.270082822 -0.386971328 0.834864172
1642650009.949650049 -0.737537009 1.444473386 0.534804556 -0.280040430 0.271774620 -0.391451636 0.833355584
1642650009.957983971 -0.738676846 1.447160524 0.534096905 -0.276830203 0.273654391 -0.395942186 0.831689905
1642650009.966316938 -0.739558212 1.449813914 0.533552162 -0.273543448 0.275561672 -0.400447988 0.829988648
1642650009.974649906 -0.740097373 1.452590271 0.533025185 -0.270702558 0.277724392 -0.404818910 0.828076649
1642650009.982984066 -0.740329207 1.455428694 0.532555955 -0.268197712 0.280044152 -0.409049143 0.826029091
1642650009.991317034 -0.740191728 1.458282746 0.532116866 -0.266042971 0.282579324 -0.413186674 0.823800240
1642650009.999650002 -0.739716125 1.461143417 0.531768146 -0.264173739 0.285667280 -0.417077293 0.821372615
1642650010.007983923 -0.739122842 1.464102335 0.531459347 -0.262667051 0.288316399 -0.420810049 0.819022941
1642650010.016316891 -0.738090570 1.466963132 0.531251309 -0.261336935 0.291454008 -0.424572392 0.816391972
1642650010.024650097 -0.736814265 1.469852800 0.531122242 -0.260371800 0.294861075 -0.428034491 0.813664517
1642650010.032984018 -0.735239536 1.472723239 0.531002100 -0.259790760 0.298431892 -0.431295721 0.810821292
1642650010.041316986 -0.733429312 1.475579835 0.530959171 -0.259436158 0.302099835 -0.434427289 0.807899437
1642650010.049649954 -0.731474944 1.478471989 0.530972717 -0.259301748 0.305550807 -0.437554891 0.804951567
1642650010.057984114 -0.729143548 1.481232952 0.531065851 -0.259382261 0.309597528 -0.440316333 0.801867657
1642650010.066317081 -0.726446712 1.483874193 0.531237374 -0.259642707 0.314214304 -0.442781962 0.798623296
1642650010.074650049 -0.723451165 1.486393133 0.531332348 -0.260154075 0.319039685 -0.445245196 0.795166808
1642650010.082983971 -0.720287099 1.488972082 0.531523884 -0.260730116 0.323740377 -0.448361841 0.791317658
1642650010.091316938 -0.717051960 1.491459305 0.531839476 -0.261377374 0.328245105 -0.450981456 0.787751703
1642650010.099649906 -0.713680096 1.493824358 0.532237873 -0.262097697 0.332707727 -0.453325323 0.784287267
1642650010.107984066 -0.710112135 1.496072775 0.532700738 -0.262919049 0.337282310 -0.455538508 0.780768137
1642650010.116317034 -0.706255650 1.498176397 0.533169801 -0.263970247 0.342278155 -0.457486923 0.777091429
1642650010.124650002 -0.702297198 1.500192530 0.533721428 -0.265117995 0.347169962 -0.459305676 0.773449263
1642650010.132983923 -0.698351597 1.502154320 0.534437406 -0.266125533 0.351511690 -0.461155756 0.770033831
1642650010.141316891 -0.694229795 1.504004229 0.535105116 -0.267347985 0.355463734 -0.463483497 0.766390003
1642650010.149650097 -0.689702844 1.505581068 0.535930508 -0.268444635 0.361013886 -0.464726688 0.762650351
1642650010.157984018 -0.685115683 1.507063574 0.536815257 -0.269565505 0.366225506 -0.466029331 0.758966389
1642650010.166316986 -0.680269927 1.508369312 0.537772529 -0.270708920 0.371729983 -0.467311804 0.755084882
1642650010.174649954 -0.675568538 1.509665237 0.538792866 -0.271882836 0.376013165 -0.469079866 0.751437224
1642650010.182984114 -0.670950996 1.510907365 0.539859088 -0.273028608 0.379492461 -0.471117278 0.747990215
1642650010.191317081 -0.666007266 1.511938408 0.540985780 -0.274282443 0.383923792 -0.472514872 0.744379849
1642650010.199650049 -0.660769736 1.512777468 0.542153629 -0.275635385 0.389137967 -0.473482985 0.740547527
1642650010.207983971 -0.655673728 1.513603981 0.543404126 -0.277045252 0.393576002 -0.474471864 0.737034808
1642650010.216316938 -0.650304804 1.514157875 0.544645908 -0.278584003 0.398446221 -0.475247786 0.733328784
1642650010.224649906 -0.644814200 1.514611529 0.545923973 -0.280277926 0.403495371 -0.475732639 0.729598674
1642650010.232984066 -0.639518660 1.515013940 0.547460557 -0.281685626 0.407645483 -0.476344215 0.726343278
1642650010.241317034 -0.633999088 1.515256718 0.548897860 -0.283427578 0.412343640 -0.476535236 0.722880142
1642650010.249650002 -0.628383647 1.515415364 0.550297443 -0.285463429 0.417178603 -0.476460580 0.719345508
1642650010.257983923 -0.622651846 1.515415159 0.551714630 -0.287615568 0.422129388 -0.476209683 0.715757224
1642650010.266316891 -0.616904432 1.515289936 0.553182287 -0.289778997 0.426980288 -0.475800636 0.712270821
1642650010.274650097 -0.610972871 1.514976130 0.554586221 -0.292093891 0.432463192 -0.474924938 0.708592301
1642650010.282984018 -0.605145672 1.514597406 0.556118940 -0.294356858 0.437339209 -0.474092625 0.705212479
1642650010.291316986 -0.599243631 1.514041672 0.557707838 -0.296548891 0.442679301 -0.472689788 0.701896115
1642650010.299649954 -0.593389605 1.513428903 0.559280186 -0.298903857 0.447708938 -0.471147591 0.698736816
1642650010.307984114 -0.587818826 1.512792220 0.561111418 -0.301122369 0.450845470 -0.470583688 0.696142711
1642650010.316317081 -0.582121003 1.511945269 0.562942982 -0.303314162 0.454667114 -0.469355587 0.693529860
1642650010.324650049 -0.576354813 1.511000359 0.564750348 -0.305718052 0.458824091 -0.467577382 0.690932934
1642650010.332983971 -0.570603089 1.509949878 0.566608031 -0.308138027 0.462842146 -0.465610250 0.688502142
1642650010.341316938 -0.564766346 1.508695216 0.568517210 -0.310512695 0.466984128 -0.463470406 0.686077892
1642650010.349649906 -0.558935067 1.507388799 0.570415843 -0.313094151 0.471075222 -0.461006999 0.683763654
1642650010.357984066 -0.553123289 1.506024927 0.572346282 -0.315794008 0.474965132 -0.458424071 0.681564112
1642650010.366317034 -0.547264997 1.504604840 0.574266596 -0.318904021 0.478709625 -0.455851584 0.679217678
1642650010.374650002 -0.541431342 1.503049183 0.576301021 -0.321757849 0.482454722 -0.452837355 0.677235305
1642650010.382983923 -0.535710328 1.501407506 0.578506840 -0.324374739 0.485879234 -0.449586427 0.675702925
1642650010.391316891 -0.529963111 1.499686597 0.580738356 -0.327047586 0.489325595 -0.445486510 0.674642207
1642650010.399650097 -0.524131262 1.497846026 0.582926647 -0.329866929 0.492983134 -0.441405421 0.673287972
1642650010.407984018 -0.518143603 1.495850773 0.585090945 -0.332773585 0.496810025 -0.437391509 0.671662272
1642650010.416316986 -0.512204988 1.493807164 0.587386326 -0.335578435 0.500449231 -0.433251186 0.670247038
1642650010.424649954 -0.506271732 1.491696128 0.589754018 -0.338359482 0.504014711 -0.428895154 0.668977562
1642650010.432984114 -0.500331914 1.489522304 0.592174673 -0.341192031 0.507403608 -0.424464394 0.667802033
1642650010.441317081 -0.494397754 1.487286994 0.594672197 -0.344013990 0.510568378 -0.419992815 0.666768582
1642650010.449650049 -0.488457465 1.484977512 0.597246816 -0.346755231 0.513654541 -0.415304742 0.665914254
1642650010.457983971 -0.482347142 1.482545948 0.599723933 -0.349562320 0.517570501 -0.409855196 0.664789951
1642650010.466316938 -0.476420765 1.480202789 0.602493136 -0.352229525 0.520386240 -0.404621337 0.664390019
1642650010.474649906 -0.470420214 1.477751508 0.605223775 -0.354922940 0.523252659 -0.399345954 0.663896958
1642650010.482984066 -0.464325746 1.475223693 0.607969342 -0.357577547 0.526171326 -0.393983838 0.663369256
1642650010.491317034 -0.458163911 1.472655651 0.610729192 -0.360262461 0.529102115 -0.388432290 0.662859161
1642650010.499650002 -0.451936366 1.470037488 0.613520499 -0.362912885 0.532006700 -0.382737277 0.662401151
1642650010.507983923 -0.445661071 1.467442022 0.616311582 -0.365672647 0.534815707 -0.376866693 0.661987289
1642650010.516316891 -0.439479110 1.464920185 0.619295913 -0.368379148 0.536988778 -0.370912103 0.662090679
1642650010.524650097 -0.433136373 1.462352589 0.622172051 -0.371213786 0.539497865 -0.364685528 0.661926615
1642650010.532984018 -0.426503461 1.459695645 0.624824170 -0.374128044 0.543178891 -0.357602111 0.661139644
1642650010.541316986 -0.419901588 1.457127495 0.627534486 -0.377337909 0.546002623 -0.351311017 0.660361876
1642650010.549649954 -0.413375118 1.454565328 0.630369681 -0.380336973 0.548006347 -0.345041200 0.660287363
1642650010.557984114 -0.406761862 1.452017290 0.633198189 -0.383194121 0.550230576 -0.338248328 0.660300422
1642650010.566317081 -0.400081157 1.449499372 0.636020936 -0.386036468 0.552321169 -0.331475830 0.660333965
1642650010.574650049 -0.393287803 1.446988200 0.638788823 -0.388831746 0.554546518 -0.324576171 0.660256270
1642650010.582983971 -0.386490054 1.444593339 0.641611649 -0.391601752 0.556508075 -0.317670055 0.660327620
1642650010.591316938 -0.379482041 1.442128370 0.644264620 -0.394431892 0.558787494 -0.310586957 0.660087692
1642650010.599649906 -0.372341627 1.439696502 0.646845822 -0.397180419 0.561281243 -0.303497396 0.659621415
1642650010.607984066 -0.365161045 1.437344651 0.649345453 -0.400066699 0.563644384 -0.296605383 0.658996882
1642650010.616317034 -0.357929408 1.435018936 0.651975496 -0.402444744 0.565639665 -0.289530956 0.658985450
1642650010.624650002 -0.350606405 1.432805179 0.654555628 -0.404857650 0.567540372 -0.282613108 0.658876347
1642650010.632983923 -0.343073411 1.430646608 0.656943993 -0.407217836 0.570086237 -0.275509057 0.658232539
1642650010.641316891 -0.335587734 1.428596589 0.659436185 -0.409485784 0.571615973 -0.269173322 0.658120274
1642650010.649650097 -0.328008597 1.426662035 0.661890538 -0.411625193 0.573175367 -0.262822633 0.657996172
1642650010.657984018 -0.320326944 1.424823905 0.664254683 -0.413656955 0.574877086 -0.256477436 0.657741274
1642650010.666316986 -0.312569642 1.423134469 0.666535329 -0.415673914 0.576556367 -0.250227352 0.657407199
1642650010.674649954 -0.304756617 1.421584925 0.668738781 -0.417684587 0.578116972 -0.244121791 0.657057763
1642650010.682984114 -0.296866995 1.420160827 0.670856876 -0.419577941 0.579753861 -0.237990808 0.656658349
1642650010.691317081 -0.288800563 1.418876520 0.672634334 -0.421675048 0.581949063 -0.231741691 0.655607528
1642650010.699650049 -0.280736803 1.417787626 0.674481830 -0.423588206 0.583769568 -0.225707983 0.654860313
1642650010.707983971 -0.272627727 1.416859414 0.676290271 -0.425395886 0.585465159 -0.219726140 0.654208920
1642650010.716316938 -0.264516868 1.416289263 0.677970394 -0.427651799 0.586852530 -0.213894836 0.653427154
1642650010.724649906 -0.256294265 1.415840414 0.679470455 -0.429646079 0.588588089 -0.208198089 0.652397013
1642650010.732984066 -0.247991027 1.415554838 0.680754280 -0.431575977 0.590597490 -0.202526081 0.651091367
1642650010.741317034 -0.239759269 1.415567842 0.682038612 -0.433455151 0.592222928 -0.197012707 0.650057404
1642650010.749650002 -0.231440227 1.415793325 0.683028272 -0.435489298 0.594183549 -0.191596400 0.648525868
1642650010.757983923 -0.223091866 1.416235027 0.683789820 -0.437581080 0.596334070 -0.186298584 0.646684864
1642650010.766316891 -0.214750505 1.416946201 0.684347633 -0.439831573 0.598511115 -0.181184743 0.644596557
1642650010.774650097 -0.206436586 1.417871770 0.684659545 -0.442176291 0.600863632 -0.176065733 0.642217939
1642650010.782984018 -0.198244920 1.419149524 0.684821976 -0.444706492 0.603076949 -0.171260559 0.639690668
1642650010.791316986 -0.190091875 1.420634404 0.684650379 -0.447486633 0.605518818 -0.166439877 0.636710641
1642650010.799649954 -0.182041020 1.422402472 0.684323053 -0.450292812 0.607797217 -0.162071339 0.633681156
1642650010.807984114 -0.174108218 1.424428687 0.683852051 -0.453067214 0.609930971 -0.158204672 0.630623178
1642650010.816317081 -0.166324109 1.426861727 0.683123438 -0.456388526 0.611879824 -0.154731533 0.627192751
1642650010.824650049 -0.158639178 1.429416700 0.682153917 -0.459436188 0.614084155 -0.151449675 0.623604069
1642650010.832983971 -0.151109895 1.432188205 0.680943769 -0.462513830 0.616326863 -0.148472863 0.619820913
1642650010.841316938 -0.143762700 1.435154647 0.679538491 -0.465584725 0.618493476 -0.145833568 0.615978291
1642650010.849649906 -0.136616691 1.438335596 0.677904727 -0.468753707 0.620648404 -0.143508522 0.611940213
1642650010.857984066 -0.129695120 1.441717773 0.676052682 -0.471967289 0.622816293 -0.141311878 0.607764507
1642650010.866317034 -0.123010033 1.445308481 0.673989770 -0.475315196 0.624892068 -0.139388915 0.603453476
1642650010.874650002 -0.116602548 1.449090358 0.671763609 -0.478744289 0.626776038 -0.137707530 0.599159696
1642650010.882983923 -0.110414461 1.453007560 0.669271759 -0.482254277 0.628712415 -0.136323941 0.594615249
1642650010.891316891 -0.104590702 1.457182456 0.666625981 -0.486005567 0.630304326 -0.135122866 0.590132915
1642650010.899650097 -0.098784019 1.461252751 0.663653513 -0.489577258 0.632324567 -0.134473776 0.585146609
1642650010.907984018 -0.093501097 1.465609166 0.660615005 -0.493351613 0.633827324 -0.133416805 0.580574772
1642650010.916316986 -0.088511323 1.470097252 0.657439210 -0.497257432 0.635097840 -0.132798711 0.575977675
1642650010.924649954 -0.083711717 1.474607275 0.653979693 -0.501238025 0.636480314 -0.132628768 0.571019143
1642650010.932984114 -0.079112371 1.479074735 0.650203034 -0.505248518 0.638107166 -0.132623862 0.565644845
1642650010.941317081 -0.074852241 1.483643114 0.646393451 -0.509219905 0.639333403 -0.132944044 0.560601256
1642650010.949650049 -0.071074744 1.488410732 0.642925271 -0.512864128 0.639604464 -0.133014424 0.556941360
1642650010.957983971 -0.067482810 1.493161460 0.638905206 -0.517068336 0.640245489 -0.133941565 0.552074006
1642650010.966316938 -0.064188454 1.497886192 0.634496740 -0.521451781 0.641335833 -0.134428351 0.546539484
1642650010.974649906 -0.061187694 1.502600000 0.630111112 -0.525631665 0.642052330 -0.135100769 0.541505254
1642650010.982984066 -0.058470930 1.507263992 0.625695861 -0.529593289 0.642558172 -0.135635700 0.536891890
1642650010.991317034 -0.056026513 1.511923423 0.621095819 -0.533743668 0.642970111 -0.136557223 0.532033136
1642650010.999650002 -0.053860269 1.516540436 0.616385208 -0.537893798 0.643249393 -0.137760920 0.527183469
1642650011.007983923 -0.051856314 1.520980929 0.611456936 -0.541915429 0.643770839 -0.139191676 0.522027252
1642650011.016316891 -0.050208273 1.525466582 0.606674242 -0.545826699 0.643778138 -0.140677037 0.517525743
1642650011.024650097 -0.048777943 1.529828920 0.601784011 -0.549683695 0.643772911 -0.142382634 0.512963411
1642650011.032984018 -0.047524777 1.534038250 0.596819934 -0.553363386 0.643825652 -0.144256276 0.508397108
1642650011.041316986 -0.046386625 1.538011442 0.591717808 -0.556818027 0.644129764 -0.146439197 0.503593183
1642650011.049649954 -0.045547801 1.541989530 0.586907172 -0.560030483 0.643839957 -0.148762754 0.499705524
1642650011.057984114 -0.044845657 1.545767853 0.582114773 -0.562948527 0.643658723 -0.151220983 0.495907873
1642650011.066317081 -0.044252083 1.549329237 0.577418984 -0.565474133 0.643530321 -0.153931791 0.492354277
1642650011.074650049 -0.043787713 1.552696045 0.572807962 -0.567645631 0.643496682 -0.156743073 0.489001090
1642650011.082983971 -0.043359770 1.555749063 0.568206837 -0.569385792 0.643754288 -0.159889559 0.485608448
1642650011.091316938 -0.043143911 1.558741793 0.564046646 -0.570702762 0.643471647 -0.163208627 0.483327571
1642650011.099649906 -0.042922115 1.561377104 0.559850843 -0.571595169 0.643612455 -0.166883073 0.480824304
1642650011.107984066 -0.042816113 1.563818151 0.555855901 -0.572147253 0.643652466 -0.170734571 0.478757486
1642650011.116317034 -0.042885338 1.566158291 0.552231204 -0.572349813 0.643314797 -0.174722271 0.477528943
1642650011.124650002 -0.042944530 1.568115155 0.548513682 -0.572264935 0.643498932 -0.178901795 0.475832025
1642650011.132983923 -0.043185180 1.569985182 0.545173997 -0.571856629 0.643312355 -0.183094723 0.474979506
1642650011.141316891 -0.043523747 1.571630852 0.541967431 -0.571264848 0.643128293 -0.187372971 0.474271908
1642650011.149650097 -0.043836345 1.572904932 0.538830604 -0.570335240 0.643283000 -0.191864134 0.473384463
1642650011.157984018 -0.044344399 1.574073390 0.535926671 -0.569294646 0.643267338 -0.196232632 0.472867310
1642650011.166316986 -0.045037351 1.575138869 0.533238837 -0.568206696 0.643035219 -0.200502324 0.472700407
1642650011.174649954 -0.045769697 1.575912993 0.530485946 -0.567065613 0.643172045 -0.204852987 0.472018606
1642650011.182984114 -0.046658918 1.576569334 0.528023369 -0.565839095 0.643002767 -0.209241502 0.471796093
1642650011.191317081 -0.047683267 1.577092734 0.525821115 -0.564549206 0.642598628 -0.213634625 0.471923134
1642650011.199650049 -0.048921511 1.577488349 0.523670983 -0.563483458 0.642215070 -0.217792093 0.471818610
1642650011.207983971 -0.050290468 1.577793828 0.521770253 -0.562446451 0.641594512 -0.221891807 0.471989934
1642650011.216316938 -0.051731980 1.577873977 0.519916939 -0.561422011 0.641216383 -0.225931383 0.471807042
1642650011.224649906 -0.053359671 1.577959581 0.518362375 -0.560533975 0.640520135 -0.229724830 0.471976823
1642650011.232984066 -0.055472971 1.578472411 0.517722874 -0.559797609 0.638229062 -0.233092259 0.474297691
1642650011.241317034 -0.057527281 1.578649890 0.516753413 -0.559458837 0.636650368 -0.237049244 0.474857636
1642650011.249650002 -0.059645212 1.578605917 0.515921619 -0.558763228 0.635701010 -0.239600298 0.475667507
1642650011.257983923 -0.061888041 1.578543377 0.515161197 -0.558602256 0.634536965 -0.242796101 0.475790304
1642650011.266316891 -0.063976280 1.577984785 0.513976591 -0.558487033 0.634819749 -0.245562022 0.474125948
1642650011.274650097 -0.066363515 1.577638516 0.513466205 -0.558322351 0.634276390 -0.247795097 0.473885222
1642650011.282984018 -0.069000837 1.577448437 0.513428062 -0.558322708 0.633197181 -0.249658859 0.474349594
1642650011.291316986 -0.071761730 1.577225297 0.513627158 -0.558377574 0.632197054 -0.251124575 0.474845045
1642650011.299649954 -0.074654466 1.576965565 0.514077680 -0.558523797 0.631173554 -0.252312019 0.475404837
1642650011.307984114 -0.077681952 1.576678750 0.514810893 -0.558707402 0.630114306 -0.253191709 0.476125990
1642650011.316317081 -0.080821703 1.576329804 0.515775898 -0.558977041 0.629088132 -0.253819803 0.476831519
1642650011.324650049 -0.084061450 1.575908482 0.517003273 -0.559282076 0.628097038 -0.254194718 0.477580062
1642650011.332983971 -0.087416940 1.575419959 0.518598839 -0.559453266 0.627037260 -0.254364547 0.478680473
1642650011.341316938 -0.090857397 1.574838653 0.520531594 -0.559484601 0.626028046 -0.254323650 0.479984738
1642650011.349649906 -0.094369842 1.574119413 0.522785779 -0.559305677 0.625152294 -0.254090685 0.481455806
1642650011.357984066 -0.097948335 1.573271353 0.525424320 -0.558814902 0.624288017 -0.253824742 0.483283951
1642650011.366317034 -0.101602414 1.572298800 0.528488888 -0.557951754 0.623376641 -0.253514029 0.485615116
1642650011.374650002 -0.105316309 1.571180196 0.531919633 -0.556782868 0.622412571 -0.253275327 0.488310391
1642650011.382983923 -0.109070583 1.569875248 0.535732443 -0.555203117 0.621436873 -0.253147629 0.491408171
1642650011.391316891 -0.112895151 1.568383593 0.539857705 -0.553270445 0.620508708 -0.253073565 0.494787357
1642650011.399650097 -0.116771504 1.566711023 0.544335339 -0.550985350 0.619422733 -0.253211589 0.498612588
1642650011.407984018 -0.120690766 1.564812754 0.549049800 -0.548391581 0.618411682 -0.253487869 0.502570957
1642650011.416316986 -0.124687880 1.562726641 0.554035413 -0.545525446 0.617301346 -0.253886604 0.506835899
1642650011.424649954 -0.128776895 1.560461352 0.559279742 -0.542346182 0.616121271 -0.254392672 0.511409393
1642650011.432984114 -0.132964021 1.558007598 0.564713922 -0.538947466 0.614931452 -0.254865675 0.516176739
1642650011.441317081 -0.137227454 1.555275992 0.570411980 -0.534911748 0.613944951 -0.255216426 0.521349781
1642650011.449650049 -0.141920863 1.552803528 0.576837789 -0.530836005 0.611437527 -0.255519897 0.528267800
1642650011.457983971 -0.146537613 1.549962429 0.582967209 -0.526774040 0.609817342 -0.255682940 0.534095641
1642650011.466316938 -0.150864496 1.546492016 0.588328468 -0.522773226 0.610160217 -0.255540223 0.537691229
1642650011.474649906 -0.155475693 1.543087327 0.594087826 -0.518634680 0.609737837 -0.255273544 0.542285217
1642650011.482984066 -0.160639863 1.540037708 0.600701773 -0.514294871 0.607374420 -0.254866790 0.549217643
1642650011.491317034 -0.165704775 1.536646088 0.606882588 -0.510026630 0.605927432 -0.254347990 0.555006202
1642650011.499650002 -0.170709279 1.532962838 0.612843396 -0.505608897 0.605075666 -0.253723082 0.560238948
1642650011.507983923 -0.175830467 1.529211088 0.618619584 -0.501337048 0.604364492 -0.252877070 0.565206079
1642650011.516316891 -0.181049514 1.525451266 0.624230243 -0.497181648 0.603802150 -0.251786823 0.569944530
1642650011.524650097 -0.186243544 1.521470011 0.629515942 -0.493050712 0.603696348 -0.250458477 0.574214478
1642650011.532984018 -0.191670143 1.517630048 0.634895555 -0.488880958 0.603087377 -0.248965115 0.579048699
1642650011.541316986 -0.197081187 1.513648340 0.639912604 -0.484821359 0.602826836 -0.247350929 0.583408582
1642650011.549649954 -0.202528755 1.509704782 0.644709444 -0.480778848 0.602667527 -0.245624612 0.587632624
1642650011.557984114 -0.208155435 1.505850908 0.649437612 -0.476741223 0.601990823 -0.243859388 0.592332215
1642650011.566317081 -0.213760654 1.501985974 0.653753930 -0.472811738 0.601614061 -0.242100641 0.596570919
1642650011.574650049 -0.219389451 1.498192027 0.657706714 -0.469031673 0.601359593 -0.240343553 0.600508873
1642650011.582983971 -0.225053955 1.494485738 0.661344985 -0.465354782 0.601002019 -0.238747229 0.604351935
1642650011.591316938 -0.230777768 1.490917197 0.664675342 -0.461795871 0.600495265 -0.237398533 0.608105211
1642650011.599649906 -0.236554006 1.487479075 0.667666970 -0.458350485 0.599959267 -0.236117915 0.611728732
1642650011.607984066 -0.242395019 1.484192040 0.670350713 -0.455033788 0.599300355 -0.235026021 0.615261006
1642650011.616317034 -0.248296074 1.481080035 0.672702867 -0.451862983 0.598456092 -0.234242492 0.618708821
1642650011.624650002 -0.254269945 1.478174026 0.674773579 -0.448797900 0.597447956 -0.233592738 0.622150157
1642650011.632983923 -0.260306953 1.475482315 0.676488142 -0.445889419 0.596285121 -0.233160873 0.625509942
1642650011.641316891 -0.266278463 1.472922345 0.677754682 -0.443060607 0.595335189 -0.233038357 0.628463551
1642650011.649650097 -0.272441583 1.470737577 0.678852763 -0.440405569 0.593759568 -0.233229522 0.631740849
1642650011.657984018 -0.278618111 1.468747828 0.679567768 -0.437846382 0.592128142 -0.233634288 0.634893556
1642650011.666316986 -0.284795631 1.466988817 0.679883148 -0.435522851 0.590443635 -0.234329479 0.637797660
1642650011.674649954 -0.290961000 1.465352008 0.679895387 -0.432795236 0.588935790 -0.235229370 0.640710592
1642650011.682984114 -0.297083894 1.464012681 0.679335823 -0.430698481 0.587635352 -0.236263784 0.642933073
1642650011.691317081 -0.303295784 1.463045189 0.678504151 -0.428969504 0.585862197 -0.237513965 0.645242409
1642650011.699650049 -0.309570469 1.462378596 0.677382185 -0.427392166 0.583824335 -0.238983909 0.647589201
1642650011.707983971 -0.315844026 1.462030362 0.675891171 -0.426122152 0.581748343 -0.240559100 0.649707701
1642650011.716316938 -0.322218230 1.462023728 0.674174868 -0.424980942 0.579295896 -0.242278587 0.652003489
1642650011.724649906 -0.328664913 1.462354291 0.672275213 -0.424012019 0.576396404 -0.244223914 0.654473585
1642650011.732984066 -0.335025927 1.462941279 0.669875807 -0.423412241 0.573837573 -0.246162501 0.656381396
1642650011.741317034 -0.341368071 1.463848198 0.667076760 -0.423214413 0.571353167 -0.248120469 0.657937194
1642650011.749650002 -0.347674231 1.465068250 0.663932099 -0.423340270 0.568897857 -0.250070423 0.659244285
1642650011.757983923 -0.353969756 1.466592709 0.660518216 -0.423695983 0.566364164 -0.252041395 0.660445669
1642650011.766316891 -0.360246079 1.468440785 0.656806182 -0.424391769 0.563775582 -0.253971148 0.661473639
1642650011.774650097 -0.366475867 1.470568675 0.652815361 -0.425326203 0.561140536 -0.255983400 0.662337843
1642650011.782984018 -0.372692355 1.472991167 0.648523761 -0.426648214 0.558441086 -0.258044753 0.662968898
1642650011.791316986 -0.378876768 1.475511302 0.644083393 -0.427625506 0.555745244 -0.259721697 0.663949012
1642650011.799649954 -0.384943581 1.478464639 0.639314335 -0.429328291 0.552846776 -0.262390760 0.664220408
1642650011.807984114 -0.390960834 1.481477422 0.634396038 -0.430660539 0.550129510 -0.264494621 0.664779375
1642650011.816317081 -0.396928970 1.484711386 0.629246823 -0.432159270 0.547351744 -0.266792559 0.665181301
1642650011.824650049 -0.402811198 1.488160457 0.623882113 -0.433850063 0.544492525 -0.269461695 0.665351341
1642650011.832983971 -0.408631838 1.491738758 0.618347076 -0.435538226 0.541645046 -0.272146418 0.665479845
1642650011.841316938 -0.414412314 1.495440642 0.612671876 -0.437185971 0.538714152 -0.274920662 0.665638129
1642650011.849649906 -0.420109317 1.499222809 0.606881370 -0.438748385 0.535716600 -0.277857524 0.665809865
1642650011.857984066 -0.425747124 1.503074986 0.600966660 -0.440213581 0.532735591 -0.280803941 0.665998453
1642650011.866317034 -0.431470676 1.507196509 0.594968142 -0.442212887 0.528795913 -0.284998898 0.666031736
1642650011.874650002 -0.437026515 1.511156855 0.588918182 -0.443438451 0.525446542 -0.288387905 0.666408799
1642650011.882983923 -0.442356016 1.514982240 0.582759154 -0.444172510 0.522695960 -0.291347771 0.666795464
1642650011.891316891 -0.447709653 1.518807144 0.576602657 -0.444727520 0.519598380 -0.294611063 0.667412375
1642650011.899650097 -0.453075202 1.522557841 0.570432067 -0.445039514 0.516396455 -0.297594860 0.668365044
1642650011.907984018 -0.458361618 1.526299594 0.564257885 -0.445193807 0.513020311 -0.301037146 0.669320007
1642650011.916316986 -0.463544854 1.530013190 0.558015575 -0.445289437 0.509671937 -0.304729188 0.670143236
1642650011.924649954 -0.468653186 1.533660192 0.551797611 -0.445180646 0.506271375 -0.308472744 0.671079767
1642650011.932984114 -0.473445202 1.537146901 0.545506208 -0.444755377 0.503951172 -0.311733720 0.671601041
1642650011.941317081 -0.478300160 1.540703673 0.539090553 -0.444736319 0.500904338 -0.315780719 0.672002223
1642650011.949650049 -0.483173968 1.544171201 0.532711932 -0.444630993 0.497582618 -0.319626941 0.672720920
1642650011.957983971 -0.488024204 1.547524862 0.526419470 -0.444262969 0.493979366 -0.323506993 0.673764073
1642650011.966316938 -0.492848444 1.550737527 0.520201754 -0.443650367 0.490383768 -0.327001007 0.675106253
1642650011.974649906 -0.497574334 1.553861786 0.513913264 -0.443152322 0.486697938 -0.330821775 0.676238190
1642650011.982984066 -0.502148566 1.556943025 0.507508536 -0.442930059 0.483043011 -0.335203035 0.676846613
1642650011.991317034 -0.506658673 1.559881422 0.501141002 -0.442568914 0.479320049 -0.339457887 0.677608581
1642650011.999650002 -0.511098497 1.562674705 0.494830003 -0.442148020 0.475648177 -0.343451708 0.678457710
1642650012.007983923 -0.515422102 1.565330853 0.488509314 -0.441764506 0.472164801 -0.347327865 0.679167046
1642650012.016316891 -0.519648114 1.567843002 0.482230145 -0.441379207 0.468709378 -0.351139996 0.679850438
1642650012.024650097 -0.523811252 1.570220289 0.476038529 -0.440964416 0.465260569 -0.354898225 0.680536727
1642650012.032984018 -0.527896093 1.572439144 0.469923542 -0.440510658 0.461872299 -0.358605531 0.681194842
1642650012.041316986 -0.531927624 1.574439098 0.463926333 -0.439874674 0.458645768 -0.361853772 0.682067576
1642650012.049649954 -0.535904665 1.576343939 0.458019543 -0.439297708 0.455342480 -0.365299005 0.682815777
1642650012.057984114 -0.539803422 1.578140150 0.452186284 -0.438813639 0.452073414 -0.368841646 0.683394512
1642650012.066317081 -0.543550159 1.579859419 0.446383284 -0.438499078 0.449132508 -0.372582810 0.683506107
1642650012.074650049 -0.547361990 1.581430774 0.440762980 -0.438155744 0.445639469 -0.376402156 0.683919897
1642650012.082983971 -0.551132958 1.582835455 0.435311912 -0.437739041 0.442291514 -0.379935884 0.684405926
1642650012.091316938 -0.554818183 1.584101457 0.430018087 -0.437297487 0.439162378 -0.383353859 0.684797147
1642650012.099649906 -0.558485466 1.585238449 0.424920457 -0.436804571 0.436041761 -0.386694100 0.685227715
1642650012.107984066 -0.562141621 1.586231162 0.420046828 -0.436229724 0.432977040 -0.389898992 0.685720998
1642650012.116317034 -0.565810300 1.587008532 0.415432253 -0.435437330 0.430159811 -0.392566255 0.686475494
1642650012.124650002 -0.569490503 1.587703950 0.411050350 -0.434601492 0.427222270 -0.395427425 0.687197080
1642650012.132983923 -0.573131605 1.588398531 0.406792724 -0.434025082 0.424216158 -0.398821152 0.687462413
1642650012.141316891 -0.576859263 1.588934838 0.402949288 -0.432957641 0.420837829 -0.402259650 0.688208091
1642650012.149650097 -0.580537064 1.589241993 0.399243324 -0.431898435 0.418090443 -0.404943879 0.688973569
1642650012.157984018 -0.584370836 1.589668482 0.395733546 -0.431202190 0.414779402 -0.408180204 0.689501008
1642650012.166316986 -0.588124565 1.589923087 0.392377809 -0.430498069 0.411899150 -0.411262339 0.689836061
1642650012.174649954 -0.592120300 1.590059485 0.389433071 -0.429441013 0.408577725 -0.413886193 0.690900049
1642650012.182984114 -0.596129156 1.590212869 0.386633599 -0.428676745 0.405120733 -0.417128318 0.691460343
1642650012.191317081 -0.600115844 1.590124045 0.384066207 -0.427783411 0.402222836 -0.419682598 0.692159419
1642650012.199650049 -0.604334315 1.590040067 0.381855244 -0.426835045 0.398817673 -0.422237518 0.693160722
1642650012.207983971 -0.608628556 1.589882066 0.379906449 -0.425906071 0.395368590 -0.424764826 0.694163194
1642650012.216316938 -0.612810726 1.589544911 0.378136160 -0.425039089 0.392641100 -0.427074203 0.694825420
1642650012.224649906 -0.617366914 1.589210902 0.376763582 -0.424118683 0.389125859 -0.429102503 0.696114539
1642650012.232984066 -0.621836741 1.588602449 0.375703435 -0.422946250 0.385957513 -0.431126513 0.697340087
1642650012.241317034 -0.626306567 1.587855499 0.374872392 -0.421788572 0.383097419 -0.432921724 0.698505224
1642650012.249650002 -0.630907684 1.587050602 0.374271610 -0.420680771 0.380237745 -0.434551502 0.699722758
1642650012.257983923 -0.635578151 1.586095937 0.373970579 -0.419497780 0.377512015 -0.435884187 0.701078645
1642650012.266316891 -0.640285756 1.585055160 0.373912690 -0.418371129 0.374847357 -0.437303707 0.702296608
1642650012.274650097 -0.645186436 1.583893562 0.374213733 -0.417111528 0.371874762 -0.438381341 0.703952367
1642650012.282984018 -0.650175019 1.582530854 0.374776980 -0.415811243 0.368752002 -0.439392172 0.705731883
1642650012.291316986 -0.655133876 1.580991992 0.375572302 -0.414576838 0.366031143 -0.440113933 0.707422769
1642650012.299649954 -0.659915838 1.579189895 0.376522361 -0.413511489 0.364359635 -0.440333254 0.708771423
1642650012.307984114 -0.664861875 1.577267433 0.377744353 -0.412469129 0.362434759 -0.440300790 0.710384035
1642650012.316317081 -0.669936218 1.575205162 0.379234996 -0.411431380 0.360316670 -0.440064035 0.712207668
1642650012.324650049 -0.675058470 1.572967353 0.380980530 -0.410368623 0.358338951 -0.439536471 0.714141778
1642650012.332983971 -0.680239162 1.570553263 0.382979167 -0.409218990 0.356376889 -0.438820542 0.716220541
1642650012.341316938 -0.685703569 1.568057651 0.385334934 -0.407813659 0.353692647 -0.437906677 0.718906999
1642650012.349649906 -0.690830911 1.565189285 0.387864864 -0.406450490 0.352658071 -0.436304318 0.721157976
1642650012.357984066 -0.696077136 1.562220312 0.390552362 -0.405022220 0.351101652 -0.434835615 0.723603911
1642650012.366317034 -0.701318813 1.559056995 0.393460133 -0.403538579 0.349681253 -0.433091879 0.726161869
1642650012.374650002 -0.706531343 1.555736941 0.396543246 -0.402051325 0.348376404 -0.431116327 0.728784828
1642650012.382983923 -0.711680212 1.552232153 0.399785487 -0.400546677 0.347307660 -0.428876978 0.731439873
1642650012.391316891 -0.716991387 1.548681988 0.403276592 -0.398944242 0.345632977 -0.426603484 0.734432301
1642650012.399650097 -0.722094254 1.544950015 0.406765122 -0.397635969 0.344629364 -0.423896851 0.737175487
1642650012.407984018 -0.726996446 1.541194839 0.410061315 -0.396935489 0.344153417 -0.420854977 0.739514524
1642650012.416316986 -0.731436150 1.537129360 0.413379093 -0.396360975 0.344968045 -0.417490895 0.741347677
1642650012.424649954 -0.736029646 1.533093063 0.416852837 -0.395698037 0.345149028 -0.413949398 0.743600099
1642650012.432984114 -0.740695390 1.528991846 0.420576247 -0.394565043 0.344842742 -0.410382352 0.746316444
1642650012.441317081 -0.745366547 1.524900975 0.424427677 -0.393217275 0.344283031 -0.406662972 0.749316085
1642650012.449650049 -0.749703238 1.520615797 0.428279826 -0.391726261 0.344351984 -0.402806420 0.752143095
1642650012.457983971 -0.753951977 1.516324823 0.432232308 -0.389891717 0.344100818 -0.399121915 0.755169367
1642650012.466316938 -0.757879367 1.511955051 0.436140051 -0.388062241 0.344349949 -0.395268596 0.758019489
1642650012.474649906 -0.761589647 1.507594374 0.440046010 -0.385979989 0.344742228 -0.391220876 0.760998338
1642650012.482984066 -0.765066344 1.503307537 0.443846517 -0.384078611 0.345130216 -0.387218670 0.763826195
1642650012.491317034 -0.768291228 1.499115647 0.447540896 -0.382349906 0.345418093 -0.383355238 0.766507437
1642650012.499650002 -0.771293426 1.495044475 0.451122313 -0.380749930 0.345487281 -0.379660860 0.769107054
1642650012.507983923 -0.773951863 1.491079194 0.454528669 -0.379391455 0.345885799 -0.375825268 0.771479427
1642650012.516316891 -0.776271749 1.487243369 0.457789360 -0.378165649 0.346536311 -0.371887364 0.773694459
1642650012.524650097 -0.778297718 1.483534630 0.460931644 -0.376916731 0.347197982 -0.368038663 0.775844625
1642650012.532984018 -0.779954756 1.479961085 0.463970723 -0.375609263 0.348098654 -0.364204780 0.777881666
1642650012.541316986 -0.781262014 1.476598584 0.466799252 -0.374481546 0.349190256 -0.360282178 0.779760533
1642650012.549649954 -0.782180471 1.473484276 0.469401516 -0.373601415 0.350425326 -0.356431618 0.781396554
1642650012.557984114 -0.782767443 1.470601492 0.471856313 -0.372778855 0.351458556 -0.352948396 0.782905000
1642650012.566317081 -0.782969549 1.468015289 0.474078092 -0.372226444 0.352672726 -0.349400273 0.784212262
1642650012.574650049 -0.782759215 1.465765747 0.476042644 -0.372038706 0.354139753 -0.345823319 0.785225107
1642650012.582983971 -0.782167690 1.463865192 0.477755197 -0.372197355 0.355644788 -0.342390669 0.785973628
1642650012.591316938 -0.781171804 1.462320511 0.479189438 -0.372752300 0.357295007 -0.339043443 0.786413088
1642650012.599649906 -0.779793345 1.461136589 0.480354610 -0.373629314 0.358934119 -0.335983037 0.786563941
1642650012.607984066 -0.778058034 1.460301654 0.481270812 -0.374701594 0.360474766 -0.333213143 0.786527597
1642650012.616317034 -0.775975277 1.459843946 0.481944754 -0.376012582 0.361875475 -0.330835569 0.786262364
1642650012.624650002 -0.773386182 1.459721293 0.482316248 -0.377611835 0.363918625 -0.328503889 0.785530223
1642650012.632983923 -0.770490335 1.459985831 0.482441936 -0.379428332 0.365602813 -0.326743542 0.784606514
1642650012.641316891 -0.767271734 1.460581825 0.482335019 -0.381350036 0.367080279 -0.325464399 0.783515886
1642650012.649650097 -0.763733621 1.461526796 0.481996176 -0.383433779 0.368425755 -0.324643221 0.782206992
1642650012.657984018 -0.759820617 1.462806285 0.481441180 -0.385656284 0.369932773 -0.324228342 0.780573479
1642650012.666316986 -0.755648492 1.464424994 0.480694891 -0.388031488 0.371325698 -0.324039322 0.778811471
1642650012.674649954 -0.751227027 1.466344319 0.479775129 -0.390682051 0.372566439 -0.324113500 0.776860492
1642650012.682984114 -0.746531473 1.468594896 0.478688898 -0.393333402 0.373959465 -0.324327918 0.774760966
1642650012.691317081 -0.741562382 1.471173274 0.477416546 -0.396094568 0.375508166 -0.324696532 0.772447327
1642650012.699650049 -0.736388550 1.474064639 0.476015256 -0.398933832 0.377043879 -0.325235298 0.770007605
1642650012.707983971 -0.731029579 1.477194644 0.474485611 -0.401778710 0.378491791 -0.325948453 0.767512500
1642650012.716316938 -0.725506145 1.480554903 0.472912973 -0.404469253 0.379886347 -0.326896449 0.765003071
1642650012.724649906 -0.719736218 1.484207137 0.471040285 -0.407545308 0.381636790 -0.327770120 0.762120024
1642650012.732984066 -0.713899044 1.487986857 0.469249232 -0.410207154 0.383099049 -0.328766689 0.759524637
1642650012.741317034 -0.707896363 1.491913526 0.467367568 -0.412718923 0.384721766 -0.329778625 0.756900464
1642650012.749650002 -0.701764291 1.495981824 0.465400066 -0.415099643 0.386420647 -0.330810285 0.754278413
1642650012.757983923 -0.695552708 1.500159274 0.463435695 -0.417177529 0.388045155 -0.331897723 0.751816313
1642650012.766316891 -0.689086743 1.504344909 0.461382544 -0.419033341 0.390152650 -0.333029548 0.749188420
1642650012.774650097 -0.682764447 1.508523371 0.459601615 -0.420049523 0.391429702 -0.334478638 0.747305311
1642650012.782984018 -0.676266215 1.512705999 0.457673568 -0.420995871 0.393062944 -0.335901915 0.745274380
1642650012.791316986 -0.669574350 1.516788569 0.455683654 -0.421661442 0.395086510 -0.337359993 0.743166545
1642650012.799649954 -0.662782986 1.520795400 0.453678355 -0.422015154 0.397157352 -0.338928232 0.741145668
1642650012.807984114 -0.655946673 1.524689728 0.451698632 -0.421975159 0.399128012 -0.340627239 0.739328668
1642650012.816317081 -0.649016381 1.528512619 0.449627063 -0.421911641 0.401288405 -0.342257131 0.737440330
1642650012.824650049 -0.641875929 1.532220334 0.447339804 -0.421962748 0.403962473 -0.343848070 0.735207634
1642650012.832983971 -0.634737738 1.535763576 0.445139694 -0.421614482 0.406405779 -0.345651183 0.733212678
1642650012.841316938 -0.627766678 1.539244573 0.442991738 -0.421201525 0.408220800 -0.347449519 0.731589971
1642650012.849649906 -0.620846596 1.542638062 0.440754682 -0.420954517 0.409830868 -0.349261498 0.729967369
1642650012.857984066 -0.613708491 1.545825220 0.438423419 -0.420738884 0.411867959 -0.351163470 0.728030077
1642650012.866317034 -0.606630428 1.548891223 0.436032053 -0.420715601 0.413675415 -0.353081179 0.726088641
1642650012.874650002 -0.599646347 1.551840611 0.433585691 -0.420848834 0.415120589 -0.355060981 0.724218790
1642650012.882983923 -0.592644775 1.554627033 0.431101952 -0.421163859 0.416654447 -0.357024505 0.722186665
1642650012.891316891 -0.585655535 1.557264685 0.428600471 -0.421712402 0.418213215 -0.358952372 0.720006633
1642650012.899650097 -0.578673961 1.559760951 0.426088584 -0.422514672 0.419789804 -0.360798343 0.717692433
1642650012.907984018 -0.571864305 1.562190373 0.423665751 -0.423514704 0.420903823 -0.362667596 0.715505053
1642650012.916316986 -0.565055399 1.564517220 0.421177338 -0.424994799 0.422320091 -0.364277040 0.712970827
1642650012.924649954 -0.558286873 1.566709064 0.418715014 -0.426815450 0.423621836 -0.365892597 0.710278621
1642650012.932984114 -0.551584925 1.568795984 0.416298926 -0.429014375 0.424709513 -0.367565557 0.707434843
1642650012.941317081 -0.544978487 1.570795430 0.413955935 -0.431553322 0.425529059 -0.369240744 0.704519711
1642650012.949650049 -0.538463688 1.572687907 0.411696617 -0.434425760 0.426152282 -0.370909965 0.701494326
1642650012.957983971 -0.531963322 1.574432426 0.409482158 -0.437677133 0.427015497 -0.372321126 0.698193004
1642650012.966316938 -0.525548584 1.576080934 0.407276674 -0.441445195 0.428024292 -0.373398500 0.694618532
1642650012.974649906 -0.519176031 1.577473552 0.405310926 -0.445039748 0.429322604 -0.374288721 0.691035222
1642650012.982984066 -0.512877156 1.578809927 0.403512393 -0.449038307 0.430641130 -0.374877254 0.687298960
1642650012.991317034 -0.506682761 1.580352732 0.401770940 -0.454146657 0.431424016 -0.375598040 0.683044834
1642650012.999650002 -0.500591281 1.581459222 0.400447986 -0.458415399 0.432829879 -0.375348395 0.679431527
1642650013.007983923 -0.494623906 1.582351216 0.399483897 -0.462394247 0.434171754 -0.375068860 0.676024998
1642650013.016316891 -0.488722079 1.583138918 0.398741374 -0.466570948 0.435628631 -0.374666134 0.672431807
1642650013.024650097 -0.482874430 1.583782830 0.398266771 -0.470807633 0.437260599 -0.373987737 0.668787345
1642650013.032984018 -0.477111127 1.584272025 0.398140489 -0.474933056 0.438895562 -0.373202118 0.665228875
1642650013.041316986 -0.471388544 1.584432723 0.398442822 -0.478482749 0.440910261 -0.372419947 0.661782279
1642650013.049649954 -0.465685695 1.584479226 0.399046802 -0.482125880 0.443055997 -0.371343806 0.658300688
1642650013.057984114 -0.460251462 1.584958780 0.399901296 -0.487076053 0.444009126 -0.369611207 0.654981198
1642650013.066317081 -0.454860019 1.585259501 0.401179520 -0.491744683 0.445077848 -0.368076039 0.651623285
1642650013.074650049 -0.449491381 1.585079119 0.403101022 -0.495114913 0.446852337 -0.366125145 0.648950375
1642650013.082983971 -0.444194365 1.584631152 0.405590542 -0.497747879 0.448874094 -0.363764887 0.646864904
1642650013.091316938 -0.438923867 1.583993200 0.408569102 -0.499888630 0.451073174 -0.361181939 0.645129411
1642650013.099649906 -0.433692850 1.583183891 0.412059507 -0.501488329 0.453346004 -0.358360991 0.643866646
1642650013.107984066 -0.428467452 1.582200233 0.415998732 -0.502639290 0.455695891 -0.355445184 0.642925906
1642650013.116317034 -0.423394801 1.581083815 0.420537562 -0.503224201 0.456855735 -0.353191290 0.642887357
1642650013.124650002 -0.418063878 1.579728794 0.425224610 -0.503577971 0.459676416 -0.350093589 0.642293780
1642650013.132983923 -0.412686414 1.578231701 0.430173399 -0.503696380 0.462795926 -0.346839729 0.641725868
1642650013.141316891 -0.407144386 1.576530048 0.435143189 -0.503957403 0.466418357 -0.343590105 0.640645528
1642650013.149650097 -0.401780854 1.574772002 0.440675065 -0.503826601 0.468822757 -0.340762719 0.640503511
1642650013.157984018 -0.396485798 1.572936827 0.446554663 -0.503479947 0.470838585 -0.337913178 0.640807033
1642650013.166316986 -0.390822076 1.570833559 0.452164243 -0.503451238 0.474143462 -0.334891766 0.639978386
1642650013.174649954 -0.385603925 1.568847423 0.458520353 -0.502863924 0.475652937 -0.332060606 0.640794750
1642650013.182984114 -0.380002604 1.566617640 0.464557457 -0.502627012 0.478375540 -0.329103337 0.640479448
1642650013.191317081 -0.374670591 1.564459917 0.471063075 -0.502123132 0.479831486 -0.326341518 0.641198346
1642650013.199650049 -0.369222980 1.562201437 0.477556870 -0.501678150 0.481362243 -0.323748489 0.641713597
1642650013.207983971 -0.363288590 1.559674182 0.483527872 -0.501821698 0.484400376 -0.321017320 0.640686460
1642650013.216316938 -0.357717212 1.557280046 0.490053879 -0.501739301 0.485978861 -0.318275885 0.640923304
1642650013.224649906 -0.352357865 1.554918341 0.496719337 -0.501912106 0.485841959 -0.316403035 0.641818470
1642650013.232984066 -0.346315751 1.552209107 0.502883856 -0.502286708 0.488796546 -0.313269283 0.640818504
1642650013.241317034 -0.340558264 1.549559794 0.509255711 -0.502877857 0.489847641 -0.310976299 0.640669097
1642650013.249650002 -0.334357038 1.546743031 0.515413046 -0.503437427 0.493221246 -0.307562936 0.639287572
1642650013.257983923 -0.328064484 1.543794286 0.521494397 -0.504036563 0.496731737 -0.304051062 0.637775569
1642650013.266316891 -0.321936310 1.540847274 0.527742927 -0.504483999 0.499052726 -0.301192951 0.636965523
1642650013.274650097 -0.315794475 1.537865507 0.534090972 -0.504595506 0.501151087 -0.298603020 0.636448898
1642650013.282984018 -0.309783535 1.534811737 0.540586471 -0.504461049 0.501929539 -0.296789630 0.636790157
1642650013.291316986 -0.303487100 1.531592257 0.546908381 -0.504080418 0.503981328 -0.294494015 0.636536746
1642650013.299649954 -0.297067218 1.528335236 0.553145744 -0.503498015 0.506723415 -0.291902047 0.636014406
1642650013.307984114 -0.290629623 1.525058023 0.559435293 -0.502608998 0.509423874 -0.289394195 0.635706309
1642650013.316317081 -0.284119373 1.521747041 0.565623631 -0.501667764 0.512481820 -0.286680465 0.635221339
1642650013.324650049 -0.277622734 1.518428152 0.571816966 -0.500616759 0.515236768 -0.284158551 0.634954999
1642650013.332983971 -0.271130563 1.515125773 0.577982592 -0.499547247 0.517875976 -0.281685082 0.634752342
1642650013.341316938 -0.264655356 1.511823131 0.584176345 -0.498293319 0.520136585 -0.279406477 0.634896623
1642650013.349649906 -0.258193094 1.508615858 0.590135874 -0.497364323 0.522395383 -0.276983514 0.634832205
1642650013.357984066 -0.251584274 1.505187053 0.595995326 -0.495235726 0.525660911 -0.274303007 0.634964600
1642650013.366317034 -0.244857431 1.501661573 0.601705171 -0.492670394 0.529220672 -0.271449406 0.635229552
1642650013.374650002 -0.238317541 1.498478719 0.607376033 -0.490410642 0.531841533 -0.269177049 0.635756008
1642650013.382983923 -0.231727846 1.495507281 0.612758537 -0.488479692 0.534270701 -0.267732346 0.635815853
1642650013.391316891 -0.225068017 1.492496698 0.617893304 -0.486275012 0.537005919 -0.265949279 0.635949870
1642650013.399650097 -0.218373650 1.489588780 0.622861726 -0.483860915 0.539982531 -0.263767696 0.636179286
1642650013.407984018 -0.211686072 1.486918319 0.627601330 -0.481631513 0.542910434 -0.261449892 0.636335839
1642650013.416316986 -0.204936574 1.484395548 0.632012615 -0.479621005 0.546022047 -0.258951293 0.636213678
1642650013.424649954 -0.198209587 1.482101771 0.636133155 -0.477887288 0.549131626 -0.256237092 0.635940838
1642650013.432984114 -0.191434044 1.479990614 0.639842741 -0.476514411 0.552371869 -0.253276773 0.635350463
1642650013.441317081 -0.184686101 1.478231741 0.643191499 -0.475799730 0.555327617 -0.250190465 0.634531785
1642650013.449650049 -0.177921469 1.476658673 0.646198050 -0.475069389 0.558375721 -0.247198457 0.633576004
1642650013.457983971 -0.171133581 1.475286661 0.648839080 -0.474378282 0.561514275 -0.244251193 0.632462109
1642650013.466316938 -0.164329098 1.474153192 0.651081949 -0.473885480 0.564687202 -0.241395505 0.631101518
1642650013.474649906 -0.157515414 1.473247603 0.652943618 -0.473542438 0.567791192 -0.238777955 0.629567955
1642650013.482984066 -0.150723496 1.472597084 0.654462971 -0.473320845 0.570749222 -0.236363247 0.627969043
1642650013.491317034 -0.143914115 1.472185251 0.655575998 -0.473298419 0.573678594 -0.234240645 0.626109253
1642650013.499650002 -0.137141497 1.472013560 0.656338840 -0.473439960 0.576390586 -0.232443546 0.624178256
1642650013.507983923 -0.130392777 1.472101941 0.656727803 -0.473795751 0.579022075 -0.230805878 0.622076900
1642650013.516316891 -0.123684921 1.472415537 0.656771741 -0.474298180 0.581477677 -0.229535789 0.619869558
1642650013.524650097 -0.117014606 1.472943131 0.656489734 -0.474932593 0.583799998 -0.228610075 0.617538686
1642650013.532984018 -0.110388038 1.473684146 0.655896597 -0.475713917 0.585960213 -0.227965971 0.615124715
1642650013.541316986 -0.103811159 1.474627710 0.655034051 -0.476540631 0.588086961 -0.227464592 0.612635791
1642650013.549649954 -0.097299967 1.475762787 0.653925004 -0.477420687 0.590069067 -0.227243053 0.610121774
1642650013.557984114 -0.090840124 1.477092301 0.652550618 -0.478362214 0.592088232 -0.227180546 0.607445568
1642650013.566317081 -0.084409193 1.478557547 0.650872097 -0.479394940 0.594144323 -0.227363632 0.604548422
1642650013.574650049 -0.078102992 1.480269416 0.649077109 -0.480485219 0.595819445 -0.227704821 0.601900039
1642650013.582983971 -0.071780451 1.482109842 0.646955490 -0.481643209 0.597846910 -0.228122969 0.598797798
1642650013.591316938 -0.065567247 1.484116147 0.644657369 -0.482824778 0.599782611 -0.228651259 0.595700978
1642650013.599649906 -0.059498896 1.486321895 0.642220575 -0.484113947 0.601497998 -0.229213684 0.592701386
1642650013.607984066 -0.053543219 1.488729451 0.639635983 -0.485515829 0.603112101 -0.229873420 0.589651070
1642650013.616317034 -0.047694675 1.491229886 0.636916165 -0.486881675 0.604713782 -0.230467873 0.586644727
1642650013.624650002 -0.041960639 1.493819445 0.634030599 -0.488272799 0.606299474 -0.231018157 0.583627648
1642650013.632983923 -0.036365193 1.496514986 0.631006981 -0.489697738 0.607866587 -0.231460992 0.580620485
1642650013.641316891 -0.030921620 1.499330151 0.628020610 -0.490987704 0.609024822 -0.231940967 0.578120428
1642650013.649650097 -0.025536861 1.502202363 0.624761117 -0.492354004 0.610481018 -0.232357199 0.575248288
1642650013.657984018 -0.020164234 1.505047537 0.621145799 -0.493805913 0.612450063 -0.232659895 0.571777941
1642650013.666316986 -0.014900607 1.507975386 0.617474878 -0.495119284 0.614376785 -0.232975227 0.568436984
1642650013.674649954 -0.009955256 1.511042441 0.613794893 -0.496542950 0.615718898 -0.233065000 0.565699605
1642650013.682984114 -0.005157216 1.514119317 0.609824203 -0.498205309 0.617159007 -0.233098809 0.562646582
1642650013.691317081 -0.000481742 1.517228067 0.605426899 -0.500172691 0.618985458 -0.232937805 0.558949247
1642650013.699650049 0.004027329 1.520345511 0.600933804 -0.502157057 0.620547717 -0.232875477 0.555452819
1642650013.707983971 0.008412303 1.523413134 0.596294002 -0.504117390 0.622024947 -0.232935419 0.551988870
1642650013.716316938 0.012641246 1.526486272 0.591504116 -0.506109032 0.623447956 -0.232980633 0.548531055
1642650013.724649906 0.016718529 1.529547868 0.586559637 -0.508127571 0.624815338 -0.232970104 0.545102830
1642650013.732984066 0.020655953 1.532571577 0.581420218 -0.510198079 0.626216854 -0.232917855 0.541571459
1642650013.741317034 0.024442616 1.535556997 0.576075227 -0.512346863 0.627679485 -0.232818142 0.537879976
1642650013.749650002 0.028098773 1.538475373 0.570641217 -0.514407604 0.629095618 -0.232776380 0.534264613
1642650013.757983923 0.031854711 1.540998223 0.564563383 -0.516397836 0.631800255 -0.232212338 0.529376182
1642650013.766316891 0.035013087 1.544002232 0.559129694 -0.518440913 0.632706291 -0.231594566 0.526560278
1642650013.774650097 0.038070678 1.546865826 0.553686262 -0.520278334 0.633550406 -0.231303476 0.523854025
1642650013.782984018 0.041452830 1.549055440 0.547464508 -0.521877421 0.636090869 -0.231402819 0.519119543
1642650013.791316986 0.044213682 1.551724096 0.542029507 -0.523442806 0.636690059 -0.231397291 0.516806241
1642650013.799649954 0.047160879 1.553837223 0.535961990 -0.524824865 0.638666001 -0.231602490 0.512859519
1642650013.807984114 0.049962544 1.555807884 0.529896528 -0.526034468 0.640632053 -0.231911595 0.509014070
1642650013.816317081 0.052483815 1.557828089 0.524153282 -0.527053512 0.641890989 -0.232398793 0.506143610
1642650013.824650049 0.054870687 1.559690326 0.518470843 -0.527839453 0.643149560 -0.233017109 0.503435381
1642650013.832983971 0.057105709 1.561418789 0.512923877 -0.528394387 0.644257281 -0.233828853 0.501054882
1642650013.841316938 0.059220416 1.562988700 0.507502298 -0.528692978 0.645273227 -0.234890174 0.498931663
1642650013.849649906 0.061200368 1.564402786 0.502242697 -0.528720998 0.646203698 -0.236163428 0.497093273
1642650013.857984066 0.063057301 1.565655186 0.497130549 -0.528551672 0.647006509 -0.237773155 0.495459013
1642650013.866317034 0.064827984 1.566803011 0.491958163 -0.528776601 0.647604519 -0.240811372 0.492964072
1642650013.874650002 0.066390730 1.567810233 0.487035194 -0.528649365 0.648065418 -0.243449993 0.491195647
1642650013.882983923 0.067830208 1.568669489 0.482434611 -0.528011322 0.648520855 -0.245734424 0.490142160
1642650013.891316891 0.069173516 1.569415757 0.478029839 -0.527216289 0.648918242 -0.248242788 0.489207133
1642650013.899650097 0.070406541 1.570070301 0.473764188 -0.526444138 0.649256411 -0.250891194 0.488237946
1642650013.907984018 0.071496679 1.570676678 0.469701616 -0.525744536 0.649407837 -0.253645959 0.487366260
1642650013.916316986 0.072458616 1.571229124 0.465850148 -0.525105004 0.649374444 -0.256553815 0.486577544
1642650013.924649954 0.073298274 1.571742809 0.462182368 -0.524566796 0.649264708 -0.259470791 0.485757063
1642650013.932984114 0.074015882 1.572217051 0.458717859 -0.524068646 0.649137526 -0.262344333 0.484920589
1642650013.941317081 0.074603649 1.572678793 0.455478525 -0.523708746 0.648875573 -0.265270479 0.484067364
1642650013.949650049 0.075065368 1.573121438 0.452465309 -0.523385402 0.648630694 -0.268020262 0.483229845
1642650013.957983971 0.075401387 1.573571060 0.449716698 -0.523130803 0.648290864 -0.270668826 0.482484720
1642650013.966316938 0.075643380 1.573876270 0.447247956 -0.522395828 0.648301483 -0.273093871 0.481899910
1642650013.974649906 0.075646286 1.574401119 0.445354072 -0.521713783 0.647672056 -0.274778046 0.482527368
1642650013.982984066 0.075654114 1.574797167 0.442964432 -0.522397473 0.647402707 -0.277446782 0.480618246
1642650013.991317034 0.075509144 1.575212693 0.440874055 -0.522980389 0.647149498 -0.279713828 0.479008574
1642650013.999650002 0.074959385 1.575997834 0.439773815 -0.523033292 0.645829605 -0.281365444 0.479764301
1642650014.007983923 0.074633555 1.576223873 0.438111803 -0.523218035 0.646180851 -0.282841314 0.478219600
1642650014.016316891 0.074109745 1.576550440 0.436696250 -0.523767934 0.646308458 -0.284013702 0.476748095
1642650014.024650097 0.073068284 1.577499438 0.436366045 -0.524587868 0.644481209 -0.284944566 0.477763681
1642650014.032984018 0.072215264 1.577830428 0.435305805 -0.525527935 0.644733840 -0.285462429 0.476077585
1642650014.041316986 0.070960553 1.578591203 0.435113613 -0.526612888 0.643551336 -0.285774870 0.476291158
1642650014.049649954 0.069774145 1.578936116 0.434564385 -0.527733414 0.643679184 -0.285754794 0.474888143
1642650014.057984114 0.068404972 1.579355688 0.434232143 -0.529332403 0.643481405 -0.285532563 0.473508231
1642650014.066317081 0.066803142 1.579871734 0.434474172 -0.530736451 0.642693256 -0.285309052 0.473141568
1642650014.074650049 0.065070406 1.580284315 0.434977479 -0.531900173 0.642010609 -0.284986111 0.472956130
1642650014.082983971 0.063000457 1.581024709 0.436343460 -0.532989720 0.639946833 -0.284742060 0.474670379
1642650014.091316938 0.061148613 1.581063504 0.437067573 -0.533911832 0.639800082 -0.284443950 0.474010180
1642650014.099649906 0.058971739 1.581391616 0.438644938 -0.534661330 0.638299835 -0.284267745 0.475291944
1642650014.107984066 0.056929309 1.581189688 0.439852241 -0.535188592 0.638145510 -0.284119393 0.474994368
1642650014.116317034 0.054533326 1.581306162 0.441970944 -0.535500593 0.636542906 -0.284100894 0.476800718
1642650014.124650002 0.052255401 1.580915143 0.443790105 -0.535593258 0.636103650 -0.284181658 0.477234527
1642650014.132983923 0.049642924 1.580793554 0.446479526 -0.535407859 0.634329501 -0.284390739 0.479673238
1642650014.141316891 0.047166822 1.580130450 0.448847222 -0.534915211 0.633805413 -0.284717346 0.480720760
1642650014.149650097 0.044385471 1.579629679 0.452079763 -0.533734109 0.632191336 -0.285311662 0.483796725
1642650014.157984018 0.041735799 1.578635744 0.454973780 -0.532437368 0.631640961 -0.286079495 0.485488072
1642650014.166316986 0.038952367 1.577553514 0.458084212 -0.531051448 0.630855614 -0.287091022 0.487426199
1642650014.174649954 0.035683316 1.576921196 0.462328209 -0.529324263 0.627900305 -0.288522707 0.492251643
1642650014.182984114 0.032642781 1.575580473 0.465906600 -0.527364839 0.626770527 -0.290081234 0.494871610
1642650014.191317081 0.029211539 1.574519838 0.470256505 -0.525231197 0.624095605 -0.292026818 0.499356789
1642650014.199650049 0.025633515 1.573365270 0.474816036 -0.522928290 0.621158956 -0.294266118 0.504098212
1642650014.207983971 0.022110113 1.571867165 0.479262939 -0.520329624 0.618990491 -0.296662432 0.508034699
1642650014.216316938 0.018384925 1.570339444 0.483820716 -0.517825075 0.616626846 -0.299142983 0.511998047
1642650014.224649906 0.014477274 1.568717325 0.488503327 -0.515306652 0.614028794 -0.301721449 0.516131632
1642650014.232984066 0.010438968 1.566932409 0.493230684 -0.512711302 0.611485828 -0.304294412 0.520208721
1642650014.241317034 0.006151644 1.565215743 0.498225122 -0.510035874 0.608608448 -0.306931116 0.524645074
1642650014.249650002 0.001854311 1.563215771 0.503011229 -0.507299686 0.606149208 -0.309477514 0.528633932
1642650014.257983923 -0.002716290 1.561303961 0.508119489 -0.504462528 0.602917289 -0.312254462 0.533390525
1642650014.266316891 -0.007467928 1.559375490 0.513156666 -0.501753328 0.599823812 -0.314880295 0.537871166
1642650014.274650097 -0.012470444 1.557545333 0.518188261 -0.499299915 0.596650640 -0.317339381 0.542220735
1642650014.282984018 -0.017524219 1.555555527 0.522939816 -0.497095538 0.593792425 -0.319561861 0.546064831
1642650014.291316986 -0.022755985 1.553564202 0.527595779 -0.495224219 0.590920397 -0.321437296 0.549767335
1642650014.299649954 -0.028230575 1.551671902 0.532251978 -0.493708137 0.587924029 -0.322807748 0.553527569
1642650014.307984114 -0.033968919 1.549867725 0.536787704 -0.492707980 0.584851782 -0.323532702 0.557237678
1642650014.316317081 -0.039849358 1.548061590 0.541192528 -0.491932547 0.582124157 -0.323478828 0.560798790
1642650014.324650049 -0.045854077 1.546309197 0.545565237 -0.491181672 0.579769256 -0.322801823 0.564275782
1642650014.332983971 -0.052009367 1.544590886 0.549858191 -0.490484209 0.577629615 -0.321569600 0.567769549
1642650014.341316938 -0.058326056 1.542919673 0.554055201 -0.489851856 0.575579004 -0.319961085 0.571295784
1642650014.349649906 -0.064768888 1.541264576 0.558153847 -0.489102585 0.573764151 -0.317961768 0.574868397
1642650014.357984066 -0.071333165 1.539644884 0.562139416 -0.488299499 0.572007737 -0.315833169 0.578463618
1642650014.366317034 -0.078116855 1.538092362 0.566095173 -0.487445635 0.569918499 -0.313663185 0.582413139
1642650014.374650002 -0.085026006 1.536583904 0.569949065 -0.486427596 0.567950743 -0.311328049 0.586425608
1642650014.382983923 -0.092080192 1.535135931 0.573695329 -0.485287959 0.565915091 -0.309024034 0.590541999
1642650014.391316891 -0.099301184 1.533755554 0.577348061 -0.483973159 0.563742592 -0.306705554 0.594891564
1642650014.399650097 -0.106672949 1.532429944 0.580896894 -0.482422125 0.561428315 -0.304470920 0.599470265
1642650014.407984018 -0.114174608 1.531159693 0.584298461 -0.480593293 0.559044299 -0.302356926 0.604218377
1642650014.416316986 -0.121778154 1.529950448 0.587525985 -0.478420938 0.556744342 -0.300276599 0.609083826
1642650014.424649954 -0.129538269 1.528863310 0.590672218 -0.475983702 0.553959862 -0.298647959 0.614310494
1642650014.432984114 -0.137383866 1.527814013 0.593506249 -0.473514295 0.551000166 -0.297201632 0.619559698
1642650014.441317081 -0.145367017 1.526912170 0.596017706 -0.471100395 0.547811192 -0.296064138 0.624750623
1642650014.449650049 -0.153395838 1.526112283 0.598182997 -0.468620279 0.544541591 -0.295241068 0.629842997
1642650014.457983971 -0.161586817 1.525474124 0.600203967 -0.465945699 0.540545775 -0.294940635 0.635385624
1642650014.466316938 -0.169798097 1.524980835 0.601723630 -0.463494247 0.536545166 -0.294882564 0.640575243
1642650014.474649906 -0.178005149 1.524638255 0.602711227 -0.461336289 0.532581920 -0.295109667 0.645318225
1642650014.482984066 -0.186231285 1.524470992 0.603236376 -0.459389695 0.528511223 -0.295609110 0.649809395
1642650014.491317034 -0.194454726 1.524498544 0.603294393 -0.457724686 0.524357721 -0.296400128 0.653975578
1642650014.499650002 -0.202687351 1.524772423 0.602869795 -0.456477796 0.520043756 -0.297396292 0.657828214
1642650014.507983923 -0.210770455 1.525246778 0.601862587 -0.455605300 0.516460172 -0.298138638 0.660913046
1642650014.516316891 -0.218889068 1.525992891 0.600415663 -0.455229711 0.512374190 -0.299267759 0.663835377
1642650014.524650097 -0.227196981 1.527004350 0.598619919 -0.455325536 0.507065258 -0.300881939 0.667108341
1642650014.532984018 -0.235240093 1.528255347 0.596163806 -0.456004809 0.502991539 -0.302027045 0.669207584
1642650014.541316986 -0.243214008 1.529828907 0.593180517 -0.457385928 0.498894450 -0.303765213 0.670543910
1642650014.549649954 -0.251170241 1.531500722 0.589809494 -0.458986580 0.494696697 -0.305213408 0.671901238
1642650014.557984114 -0.259172530 1.533456283 0.586065775 -0.461082264 0.490329101 -0.306578748 0.673045311
1642650014.566317081 -0.267236797 1.535664308 0.581989130 -0.463583877 0.485648447 -0.308185638 0.673986044
1642650014.574650049 -0.275309542 1.538042716 0.577595917 -0.466279500 0.480994359 -0.309756958 0.674743271
1642650014.582983971 -0.283402670 1.540611645 0.572915153 -0.469228607 0.476383355 -0.311237657 0.675288482
1642650014.591316938 -0.291509506 1.543303674 0.567952564 -0.472369943 0.471683408 -0.312748306 0.675699561
1642650014.599649906 -0.299831035 1.546170797 0.562830719 -0.475632227 0.466371183 -0.314322255 0.676367818
1642650014.607984066 -0.308131313 1.549111015 0.557495475 -0.478895895 0.461007499 -0.316115575 0.676906013
1642650014.616317034 -0.316365359 1.552091436 0.551907938 -0.482205197 0.455809649 -0.318054044 0.677168617
1642650014.624650002 -0.324667577 1.555124891 0.546183581 -0.485472684 0.450433603 -0.320091029 0.677471457
1642650014.632983923 -0.333086936 1.558199590 0.540374429 -0.488632178 0.444735637 -0.322238106 0.677946466
1642650014.641316891 -0.341622248 1.561305822 0.534497328 -0.491652528 0.438740458 -0.324503995 0.678588063
1642650014.649650097 -0.350208683 1.564394209 0.528517634 -0.494579995 0.432742830 -0.326740908 0.679238287
1642650014.657984018 -0.358890300 1.567471405 0.522529885 -0.497204984 0.426442311 -0.329175291 0.680130713
1642650014.666316986 -0.367689162 1.570536284 0.516587538 -0.499451325 0.419769027 -0.331787739 0.681365713
1642650014.674649954 -0.376573689 1.573590097 0.510630786 -0.501416378 0.412858323 -0.334523629 0.682805655
1642650014.682984114 -0.385560276 1.576641669 0.504680885 -0.503061313 0.405497425 -0.337541539 0.684519440
1642650014.691317081 -0.394600292 1.579667062 0.498705216 -0.504498962 0.398062789 -0.340588668 0.686313465
1642650014.699650049 -0.403670453 1.582646532 0.492710323 -0.505764266 0.390588676 -0.343657084 0.688144463
1642650014.707983971 -0.412771605 1.585597040 0.486675295 -0.506883060 0.382933271 -0.346797564 0.690045740
1642650014.716316938 -0.421945935 1.588525526 0.480621526 -0.507853002 0.374952515 -0.350032664 0.692078807
1642650014.724649906 -0.431157759 1.591422448 0.474514111 -0.508735200 0.366720372 -0.353379961 0.694137788
1642650014.732984066 -0.440466934 1.594319483 0.468400330 -0.509551197 0.358150447 -0.356670974 0.696327259
1642650014.741317034 -0.449684835 1.597136884 0.462197131 -0.510375943 0.349747519 -0.359965539 0.698296413
1642650014.749650002 -0.458878357 1.599871152 0.455988739 -0.511108517 0.341266114 -0.363241117 0.700258105
1642650014.757983923 -0.468073441 1.602538156 0.449764519 -0.511783863 0.332610952 -0.366453671 0.702252760
1642650014.766316891 -0.477154736 1.605138459 0.443465830 -0.512475315 0.324222762 -0.369520731 0.704061845
1642650014.774650097 -0.486140544 1.607636728 0.437122236 -0.513233093 0.315979743 -0.372426805 0.705724358
1642650014.782984018 -0.494992135 1.610067021 0.430742497 -0.514005964 0.307793921 -0.375364573 0.707221470
1642650014.791316986 -0.503950464 1.612429353 0.424350055 -0.514749895 0.298900835 -0.378304555 0.708926301
1642650014.799649954 -0.512935750 1.614753691 0.417931918 -0.515568628 0.289762807 -0.380986196 0.710687009
1642650014.807984114 -0.521458030 1.616758544 0.411489036 -0.516235691 0.281779495 -0.383870794 0.711859706
1642650014.816317081 -0.529863174 1.618689188 0.404989739 -0.517147164 0.273871600 -0.386515180 0.712852841
1642650014.824650049 -0.538172802 1.620568528 0.398398867 -0.518460898 0.266011699 -0.388884701 0.713585848
1642650014.832983971 -0.546409887 1.622319370 0.391820630 -0.519744189 0.257998136 -0.391210242 0.714323097
1642650014.841316938 -0.554623751 1.623973780 0.385248170 -0.521053958 0.249695099 -0.393484000 0.715070257
1642650014.849649906 -0.562847490 1.625495298 0.378762101 -0.522177970 0.240700445 -0.395946321 0.715974842
1642650014.857984066 -0.570544962 1.626836432 0.372036266 -0.524006323 0.233968676 -0.397670877 0.715914733
1642650014.866317034 -0.578356993 1.628078494 0.365435223 -0.525573398 0.226200476 -0.399567174 0.716206689
1642650014.874650002 -0.586258408 1.629184336 0.359001746 -0.526581524 0.217347962 -0.401785891 0.716965731
1642650014.882983923 -0.593818914 1.630058604 0.352484231 -0.528285896 0.209561291 -0.403589351 0.717017234
1642650014.891316891 -0.601383198 1.630789948 0.345925051 -0.530097652 0.201206059 -0.405309972 0.717102802
1642650014.899650097 -0.609009228 1.631446516 0.339320325 -0.531847952 0.191985934 -0.407110143 0.717314776
1642650014.907984018 -0.616573467 1.631981365 0.332803025 -0.533427690 0.182656624 -0.408839438 0.717594434
1642650014.916316986 -0.623960149 1.632332895 0.326280694 -0.535318572 0.173572816 -0.410319168 0.717596464
1642650014.924649954 -0.631294551 1.632526558 0.319824067 -0.537348001 0.164079367 -0.411541747 0.717613042
1642650014.932984114 -0.638517049 1.632536563 0.313395043 -0.539438054 0.154642690 -0.412599658 0.717533098
1642650014.941317081 -0.645565091 1.632354188 0.306911044 -0.541808254 0.145502934 -0.413495209 0.717143238
1642650014.949650049 -0.652281694 1.631949170 0.300488984 -0.544358627 0.136984419 -0.414308504 0.716419861
1642650014.957983971 -0.659336442 1.631459743 0.294273047 -0.546517231 0.126872951 -0.415079186 0.716192320
1642650014.966316938 -0.666309487 1.630786444 0.288099846 -0.548794588 0.116642052 -0.415394178 0.716007548
1642650014.974649906 -0.673045823 1.629892249 0.281953261 -0.551250418 0.106599948 -0.415431240 0.715664944
1642650014.982984066 -0.678974682 1.628806447 0.275558551 -0.554792442 0.098592248 -0.415467563 0.714052953
1642650014.991317034 -0.685231624 1.627634262 0.269562387 -0.557723345 0.089376499 -0.414984097 0.713263423
1642650014.999650002 -0.691161453 1.626253804 0.263759413 -0.560684906 0.080618769 -0.414435621 0.712303423
1642650015.007983923 -0.696829173 1.624727818 0.258113213 -0.563791182 0.072249184 -0.413700325 0.711176209
1642650015.016316891 -0.702478786 1.623130590 0.252723059 -0.566663933 0.063643619 -0.412579107 0.710366073
1642650015.024650097 -0.707733258 1.621416264 0.247519568 -0.569905581 0.055742864 -0.411330368 0.709159848
1642650015.032984018 -0.712749598 1.619542334 0.242613489 -0.573035528 0.047930014 -0.409916193 0.708026632
1642650015.041316986 -0.717560751 1.617608886 0.238041084 -0.575970654 0.040345847 -0.408300855 0.707050515
1642650015.049649954 -0.722067969 1.615639286 0.233797787 -0.578856385 0.033230557 -0.406563659 0.706064449
1642650015.057984114 -0.726290615 1.613656479 0.229935062 -0.581497147 0.026471751 -0.404731131 0.705232604
1642650015.066317081 -0.730125816 1.611659480 0.226464269 -0.584114382 0.020398358 -0.402878005 0.704332030
1642650015.074650049 -0.733562474 1.609695739 0.223377656 -0.586831102 0.015284773 -0.400874385 0.703345833
1642650015.082983971 -0.736721371 1.607758050 0.220746505 -0.589364063 0.010472726 -0.398828189 0.702478753
1642650015.091316938 -0.739594787 1.605843912 0.218538058 -0.591680504 0.005760928 -0.396854119 0.701703500
1642650015.099649906 -0.742023820 1.604018384 0.216837238 -0.593890480 0.002124034 -0.394873140 0.700974172
1642650015.107984066 -0.744080694 1.602282422 0.215673371 -0.595869587 -0.000694288 -0.392860533 0.700428123
1642650015.116317034 -0.745837853 1.600634149 0.215004982 -0.597563043 -0.003050734 -0.390857035 0.700099908
1642650015.124650002 -0.747245498 1.599069509 0.214858805 -0.598954892 -0.004762102 -0.388906927 0.699986973
1642650015.132983923 -0.748302339 1.597597694 0.215224901 -0.600050212 -0.005808687 -0.387043237 0.700073950
1642650015.141316891 -0.749111728 1.596196928 0.216119659 -0.600835621 -0.006281623 -0.384830750 0.700615723
1642650015.149650097 -0.749646773 1.594877798 0.217470569 -0.601316365 -0.006384189 -0.382754810 0.701339167
1642650015.157984018 -0.749914242 1.593627476 0.219259366 -0.601479600 -0.006175853 -0.380881670 0.702220266
1642650015.166316986 -0.749925785 1.592439492 0.221463903 -0.601378790 -0.005616189 -0.379061185 0.703295548
1642650015.174649954 -0.749684350 1.591304038 0.224081237 -0.601016388 -0.004634095 -0.377217040 0.704602818
1642650015.182984114 -0.749248467 1.590194544 0.227086915 -0.600321212 -0.003713141 -0.375459160 0.706138141
1642650015.191317081 -0.748558572 1.589119126 0.230444924 -0.599459131 -0.002351160 -0.373678205 0.707819060
1642650015.199650049 -0.747637242 1.588075531 0.234094360 -0.598509367 -0.000633367 -0.371858461 0.709582569
1642650015.207983971 -0.746513698 1.587050234 0.238017601 -0.597465676 0.001236846 -0.369990486 0.711435364
1642650015.216316938 -0.745162522 1.586032075 0.242200318 -0.596418062 0.003380260 -0.368052001 0.713310448
1642650015.224649906 -0.743568464 1.585035008 0.246583596 -0.595458180 0.005797950 -0.366046379 0.715126554
1642650015.232984066 -0.741779192 1.584035673 0.251170117 -0.594567330 0.008417103 -0.363900180 0.716934796
1642650015.241317034 -0.739775353 1.583037747 0.255920870 -0.593848445 0.011220988 -0.361646509 0.718630584
1642650015.249650002 -0.737561103 1.582049340 0.260814033 -0.593326077 0.014265640 -0.359203011 0.720231807
1642650015.257983923 -0.735108906 1.581062391 0.265829508 -0.593066089 0.017564249 -0.356581231 0.721674398
1642650015.266316891 -0.732261769 1.580085789 0.271022302 -0.593037077 0.021532211 -0.353944843 0.722887569
1642650015.274650097 -0.729168157 1.579124407 0.276299772 -0.593279699 0.025769326 -0.351172360 0.723901315
1642650015.282984018 -0.726006445 1.578180387 0.281619916 -0.593703993 0.029801679 -0.348094488 0.724884581
1642650015.291316986 -0.722641174 1.577233227 0.287092515 -0.594208509 0.034011133 -0.344809502 0.725855287
1642650015.299649954 -0.718959028 1.576303732 0.292735839 -0.594849920 0.038613788 -0.341469572 0.726678113
1642650015.307984114 -0.715100891 1.575327345 0.298577375 -0.595417610 0.043243753 -0.337927527 0.727607610
1642650015.316317081 -0.711200825 1.574342922 0.304563325 -0.595927500 0.047526533 -0.334088399 0.728695125
1642650015.324650049 -0.707014331 1.573354985 0.310568145 -0.596721343 0.052020952 -0.330114081 0.729549281
1642650015.332983971 -0.702331267 1.572330657 0.316539244 -0.598208921 0.057169057 -0.326173239 0.729718304
1642650015.341316938 -0.697187761 1.571327459 0.322538703 -0.599902232 0.063127484 -0.322243826 0.729582860
1642650015.349649906 -0.691855167 1.570366514 0.328699576 -0.601345769 0.069077508 -0.318180090 0.729638948
1642650015.357984066 -0.686398319 1.569354331 0.335023251 -0.602527820 0.074674493 -0.313938689 0.729949619
1642650015.366317034 -0.680591961 1.568304207 0.341412690 -0.603840980 0.080690658 -0.309628736 0.730065158
1642650015.374650002 -0.674715928 1.567231606 0.347942351 -0.604787186 0.086255119 -0.305184211 0.730517016
1642650015.382983923 -0.668526699 1.566154032 0.354653938 -0.605548759 0.092112366 -0.300729994 0.731018114
1642650015.391316891 -0.662118102 1.565054181 0.361374138 -0.606149821 0.097810979 -0.296338096 0.731573058
1642650015.399650097 -0.655591573 1.563950625 0.368190590 -0.606559005 0.103314362 -0.291755992 0.732318754
1642650015.407984018 -0.648775361 1.562826402 0.375079000 -0.606670564 0.108681650 -0.287428426 0.733160300
1642650015.416316986 -0.641554415 1.561692491 0.381979187 -0.606803163 0.114471115 -0.283234276 0.733801493
1642650015.424649954 -0.634169447 1.560562892 0.388932255 -0.606846252 0.120266674 -0.278816618 0.734530359
1642650015.432984114 -0.626320266 1.559392477 0.395929697 -0.606800398 0.126552139 -0.274641018 0.735085127
1642650015.441317081 -0.618188241 1.558227948 0.402971306 -0.606606433 0.133058492 -0.270508331 0.735628518
1642650015.449650049 -0.609918630 1.557060694 0.409989181 -0.606247380 0.139188263 -0.266425654 0.736279914
1642650015.457983971 -0.601394847 1.555883165 0.417020482 -0.605836624 0.145369298 -0.262336925 0.736891505
1642650015.466316938 -0.592598462 1.554700636 0.424033123 -0.605437605 0.151725870 -0.258248811 0.737381935
1642650015.474649906 -0.583357445 1.553512031 0.430949361 -0.605196734 0.158673996 -0.254290005 0.737493098
1642650015.482984066 -0.574003110 1.552314095 0.437882338 -0.604809643 0.165363375 -0.250194575 0.737741773
1642650015.491317034 -0.564447660 1.551154807 0.444823906 -0.604310883 0.172210198 -0.245983825 0.737999974
1642650015.499650002 -0.554754895 1.550028877 0.451727821 -0.603639380 0.178944691 -0.241763040 0.738342014
1642650015.507983923 -0.544951222 1.548876256 0.458583139 -0.602982154 0.185238667 -0.237467799 0.738720652
1642650015.516316891 -0.534777300 1.547735281 0.465303340 -0.602570613 0.191901537 -0.233313513 0.738679404
1642650015.524650097 -0.524239103 1.546565952 0.471932815 -0.602129276 0.199019174 -0.229428780 0.738372628
1642650015.532984018 -0.513372957 1.545441607 0.478362973 -0.601992431 0.206600214 -0.225445856 0.737628382
1642650015.541316986 -0.502363015 1.544355713 0.484723294 -0.601887218 0.214111345 -0.221292701 0.736829458
1642650015.549649954 -0.491142248 1.543242648 0.491029307 -0.601682545 0.221671469 -0.217142209 0.735995337
1642650015.557984114 -0.479882699 1.542186171 0.497293964 -0.601443728 0.228910728 -0.212666513 0.735281085
1642650015.566317081 -0.468627924 1.541035852 0.503559707 -0.601180994 0.235254501 -0.208300463 0.734743253
1642650015.574650049 -0.455296742 1.540236632 0.509131750 -0.603044595 0.250915400 -0.201953203 0.729790094
1642650015.582983971 -0.442667256 1.539280967 0.514710884 -0.603541258 0.262316095 -0.196809356 0.726769766
1642650015.591316938 -0.430835933 1.538172262 0.520553085 -0.602685955 0.268983756 -0.192951775 0.726076436
1642650015.599649906 -0.418740551 1.537114494 0.526225740 -0.601906564 0.276265438 -0.189059068 0.725012114
1642650015.607984066 -0.406604081 1.536059354 0.531917249 -0.600898144 0.282850469 -0.185523536 0.724222376
1642650015.616317034 -0.395223866 1.534890736 0.537715458 -0.598939367 0.285402347 -0.183096699 0.725460360
1642650015.624650002 -0.383143390 1.533821476 0.543268338 -0.597027417 0.291484326 -0.179384592 0.725545532
1642650015.632983923 -0.370383108 1.532866887 0.548227885 -0.596358229 0.300490738 -0.174927749 0.723507057
1642650015.641316891 -0.357170895 1.531870255 0.552670545 -0.596199902 0.310078636 -0.171310414 0.720451010
1642650015.649650097 -0.344737184 1.531068880 0.557303935 -0.595381542 0.317596988 -0.167386211 0.718773142
1642650015.657984018 -0.332435187 1.530306566 0.561808193 -0.594439361 0.324468628 -0.163723304 0.717326031
1642650015.666316986 -0.319392878 1.529497325 0.565635262 -0.594082752 0.333431849 -0.160579295 0.714215077
1642650015.674649954 -0.306259805 1.528756698 0.569135235 -0.593826075 0.342950857 -0.157461154 0.710606281
1642650015.682984114 -0.293712894 1.528288303 0.572551486 -0.593858477 0.350526158 -0.154837624 0.707452353
1642650015.691317081 -0.281192852 1.527717538 0.575998822 -0.593137140 0.358449387 -0.152123933 0.704670618
1642650015.699650049 -0.268893546 1.527121355 0.579507581 -0.591616260 0.366129724 -0.149203222 0.702621964
1642650015.707983971 -0.256504563 1.526569038 0.582715176 -0.590041308 0.374307339 -0.146571518 0.700187162
1642650015.716316938 -0.243964549 1.526076079 0.585533084 -0.588532566 0.383426293 -0.144163841 0.697015411
1642650015.724649906 -0.231529128 1.525581547 0.588187216 -0.586710057 0.392508838 -0.142020400 0.693929627
1642650015.732984066 -0.219229348 1.525130594 0.590566121 -0.584712609 0.401513837 -0.140295218 0.690807538
1642650015.741317034 -0.207045223 1.524770180 0.592548330 -0.582908870 0.410904850 -0.138701537 0.687121778
1642650015.749650002 -0.195055457 1.524457697 0.594458818 -0.580678236 0.419765147 -0.137821675 0.683823949
1642650015.757983923 -0.183207755 1.524260677 0.596154473 -0.578307830 0.429049919 -0.136982419 0.680229401
1642650015.766316891 -0.171463103 1.524137785 0.597412898 -0.576100153 0.438643390 -0.136541336 0.676059949
1642650015.774650097 -0.160091300 1.524007295 0.598584748 -0.573462329 0.447292448 -0.136628721 0.672609110
1642650015.782984018 -0.149006075 1.524107318 0.599440748 -0.571203419 0.455697239 -0.137422095 0.668716567
1642650015.791316986 -0.138105007 1.524313042 0.599967690 -0.569050466 0.464352372 -0.138445102 0.664372935
1642650015.799649954 -0.127437221 1.524572627 0.600268129 -0.566762542 0.472994346 -0.139614549 0.659972990
1642650015.807984114 -0.117095399 1.524957195 0.600435425 -0.564399064 0.481239900 -0.141134474 0.655700325
1642650015.816317081 -0.107008032 1.525477408 0.600269514 -0.562300037 0.489379252 -0.142974296 0.651064487
1642650015.824650049 -0.097184631 1.526109833 0.599837006 -0.560362781 0.497401565 -0.145057145 0.646176184
1642650015.832983971 -0.087577822 1.526867960 0.599100170 -0.558589228 0.505746720 -0.147112497 0.640746629
1642650015.841316938 -0.078296772 1.527741480 0.598198117 -0.556942382 0.513608941 -0.149530276 0.635343793
1642650015.849649906 -0.069367535 1.528703635 0.597214943 -0.555359874 0.520566727 -0.152582301 0.630320819
1642650015.857984066 -0.060530746 1.529693862 0.595813454 -0.554040523 0.528029132 -0.155761140 0.624470017
1642650015.866317034 -0.052203032 1.530957363 0.594438023 -0.552784241 0.534964306 -0.158592012 0.618943735
1642650015.874650002 -0.044063696 1.532303621 0.592777432 -0.551699293 0.542231651 -0.161279692 0.612863433
1642650015.882983923 -0.036099980 1.533656196 0.590847969 -0.550757717 0.549471641 -0.164259110 0.606436969
1642650015.891316891 -0.028380787 1.535072643 0.588680867 -0.550020353 0.556561010 -0.167413144 0.599741856
1642650015.899650097 -0.020960136 1.536553405 0.586437751 -0.549357882 0.563133266 -0.170862223 0.593205650
1642650015.907984018 -0.013823779 1.538174426 0.584043278 -0.549017439 0.569440284 -0.174453202 0.586415975
1642650015.916316986 -0.006951553 1.539832343 0.581440838 -0.548748263 0.575910195 -0.177777135 0.579308278
1642650015.924649954 -0.000247055 1.541412205 0.578687439 -0.548328261 0.582561797 -0.181051493 0.571994955
1642650015.932984114 0.006310347 1.542901622 0.575727081 -0.547939483 0.589356638 -0.184458242 0.564266101
1642650015.941317081 0.012590782 1.544401263 0.572855755 -0.547377269 0.595732092 -0.187951015 0.556916346
1642650015.949650049 0.018796335 1.545728087 0.569664612 -0.546848556 0.602583291 -0.191455320 0.548812258
1642650015.957983971 0.024743357 1.547048865 0.566481139 -0.546269460 0.609147388 -0.194930927 0.540861416
1642650015.966316938 0.030355083 1.548447499 0.563561451 -0.545469552 0.614974772 -0.198475757 0.533738111
1642650015.974649906 0.035820366 1.549744476 0.560608923 -0.544531275 0.620755973 -0.202106139 0.526593601
1642650015.982984066 0.041246433 1.550824073 0.557341037 -0.543376890 0.627527132 -0.205298731 0.518462810
1642650015.991317034 0.046481490 1.551820484 0.554128489 -0.542112338 0.633865707 -0.208739810 0.510642898
1642650015.999650002 0.051518071 1.552731096 0.551017743 -0.540811024 0.639630814 -0.212451768 0.503249545
1642650016.007983923 0.056408517 1.553525992 0.547931483 -0.539423217 0.645224844 -0.216192255 0.495952016
1642650016.016316891 0.061153491 1.554192529 0.544846648 -0.537978965 0.650714582 -0.219900647 0.488664375
1642650016.024650097 0.065970463 1.554395579 0.541394975 -0.536514955 0.656644102 -0.224050982 0.480386702
1642650016.032984018 0.070607607 1.554559441 0.538232003 -0.534585275 0.662444232 -0.227140130 0.473068266
1642650016.041316986 0.075072187 1.554727761 0.535293288 -0.532463785 0.668044577 -0.229969417 0.466168240
1642650016.049649954 0.079520017 1.554704695 0.532099900 -0.530799099 0.673583307 -0.234330442 0.457850509
1642650016.057984114 0.083907207 1.554485312 0.529016605 -0.528772232 0.679150491 -0.238181926 0.449915444
1642650016.066317081 0.088221582 1.554061501 0.526052756 -0.526327871 0.684828032 -0.241276752 0.442464765
1642650016.074650049 0.092477525 1.553434452 0.523204515 -0.523539687 0.690483710 -0.244207409 0.435317336
1642650016.082983971 0.096668313 1.552621184 0.520518327 -0.520266240 0.696139300 -0.246528641 0.428878473
1642650016.091316938 0.100805647 1.551559000 0.517866134 -0.516686266 0.701877659 -0.248848777 0.422465787
1642650016.099649906 0.104875964 1.550344402 0.515096172 -0.513566460 0.707274661 -0.251999679 0.415341072
1642650016.107984066 0.108868573 1.548883872 0.512403815 -0.510143767 0.712606213 -0.255364601 0.408331536
1642650016.116317034 0.112779459 1.547148225 0.509770280 -0.506181478 0.718169737 -0.258451901 0.401516070
1642650016.124650002 0.116586310 1.545203505 0.507246098 -0.501997912 0.723530711 -0.261698883 0.394987469
1642650016.132983923 0.120195745 1.542962110 0.504507739 -0.497666004 0.729345627 -0.264660940 0.387734565
1642650016.141316891 0.123720419 1.540474629 0.501888412 -0.493000323 0.735029030 -0.267723862 0.380797768
1642650016.149650097 0.127078402 1.538029573 0.499733450 -0.488324010 0.739693147 -0.271338378 0.375192210
1642650016.157984018 0.130299258 1.535789183 0.498324721 -0.483772309 0.742780247 -0.275692132 0.371800626
1642650016.166316986 0.133262853 1.533232126 0.496588910 -0.479005544 0.746722174 -0.279367712 0.367305549
1642650016.174649954 0.136028516 1.530219057 0.494485419 -0.474118988 0.751157922 -0.282960321 0.361809920
1642650016.182984114 0.138539026 1.527174776 0.492585444 -0.469306593 0.755111538 -0.286681783 0.356891359
1642650016.191317081 0.140743091 1.524004039 0.490647946 -0.464429285 0.759232998 -0.289952100 0.351850074
1642650016.199650049 0.142667114 1.520755133 0.488703251 -0.459748195 0.763201330 -0.293142055 0.346731976
1642650016.207983971 0.144296363 1.517468160 0.486781016 -0.454944943 0.767358018 -0.295872870 0.341534794
1642650016.216316938 0.145677459 1.514168614 0.485138153 -0.450377068 0.770697770 -0.299054765 0.337270947
1642650016.224649906 0.146693618 1.510829036 0.483449398 -0.446012821 0.774008021 -0.301887577 0.332938489
1642650016.232984066 0.147338493 1.507497439 0.481752119 -0.441706749 0.777443051 -0.304141549 0.328596056
1642650016.241317034 0.147659252 1.504231159 0.480172738 -0.437605359 0.780609176 -0.306181890 0.324659076
1642650016.249650002 0.147652322 1.501035062 0.478677091 -0.433680476 0.783603449 -0.307968500 0.321001997
1642650016.257983923 0.147322011 1.497929173 0.477289007 -0.429964893 0.786390540 -0.309419468 0.317773034
1642650016.266316891 0.146655421 1.494793252 0.475853617 -0.426400639 0.789192912 -0.310529520 0.314528948
1642650016.274650097 0.145639551 1.491571815 0.474286552 -0.422908253 0.792196213 -0.311272308 0.310939414
1642650016.282984018 0.144337009 1.488489221 0.472878206 -0.419675061 0.794894637 -0.311823887 0.307865592
1642650016.291316986 0.142731785 1.485454244 0.471489153 -0.416567290 0.797568209 -0.312021460 0.304957790
1642650016.299649954 0.140795473 1.482294065 0.469882279 -0.413466895 0.800592904 -0.311706714 0.301554393
1642650016.307984114 0.138622977 1.479384198 0.468582008 -0.410646352 0.803096863 -0.311509706 0.298942646
1642650016.316317081 0.136138129 1.476550323 0.467362018 -0.408008962 0.805476440 -0.311082100 0.296587793
1642650016.324650049 0.133332194 1.473735286 0.466064893 -0.405506826 0.807958860 -0.310308703 0.294066665
1642650016.332983971 0.130234467 1.470809379 0.464626702 -0.402911044 0.810752108 -0.309233647 0.291064015
1642650016.341316938 0.126900145 1.468027011 0.463420068 -0.400496281 0.813189971 -0.308220774 0.288660276
1642650016.349649906 0.123382418 1.465604380 0.462767889 -0.398468772 0.814773594 -0.307579333 0.287683129
1642650016.357984066 0.119588272 1.463044043 0.462002766 -0.396312395 0.816629341 -0.306780825 0.286249071
1642650016.366317034 0.115559820 1.460445141 0.461277117 -0.394101707 0.818502449 -0.305970396 0.284815208
1642650016.374650002 0.111378892 1.458032244 0.460987704 -0.392008342 0.819823300 -0.305497769 0.284412254
1642650016.382983923 0.106906817 1.455522252 0.460637387 -0.389791926 0.821346294 -0.304978493 0.283620589
1642650016.391316891 0.102135298 1.452996553 0.460261597 -0.387313567 0.823268629 -0.303942639 0.282552363
1642650016.399650097 0.097253795 1.450664265 0.460544886 -0.384995686 0.824232706 -0.303832030 0.283028032
1642650016.407984018 0.092181308 1.448143131 0.460874213 -0.382677821 0.824934558 -0.304408142 0.283507220
1642650016.416316986 0.086954731 1.445872263 0.461812338 -0.380454766 0.824925120 -0.305433946 0.285416928
1642650016.424649954 0.081455423 1.443686798 0.462871779 -0.378161931 0.824951589 -0.306280288 0.287473156
1642650016.432984114 0.075674949 1.441389276 0.463898020 -0.375697483 0.825140178 -0.307160829 0.289218452
1642650016.441317081 0.069552478 1.439069472 0.464896624 -0.373060700 0.825656860 -0.307642282 0.290641857
1642650016.449650049 0.063213716 1.436855386 0.466164362 -0.370521654 0.825778038 -0.308437290 0.292695700
1642650016.457983971 0.056751577 1.434802378 0.467955700 -0.368303747 0.824861149 -0.310270871 0.296122310
1642650016.466316938 0.049999732 1.432795870 0.469819472 -0.366070668 0.823937755 -0.312009282 0.299614835
1642650016.474649906 0.042938412 1.430873497 0.471683317 -0.363800247 0.823180697 -0.313378935 0.303012481
1642650016.482984066 0.035610869 1.429019275 0.473558618 -0.361537992 0.822471265 -0.314516848 0.306448121
1642650016.491317034 0.028002388 1.427497887 0.475718062 -0.359550452 0.821401691 -0.315495126 0.310621247
1642650016.499650002 0.020125407 1.426105223 0.477980534 -0.357732947 0.820098873 -0.316498319 0.315109173
1642650016.507983923 0.011987917 1.424762781 0.480240415 -0.356048189 0.818675603 -0.317518467 0.319659141
1642650016.516316891 0.003576598 1.423596936 0.482559686 -0.354597161 0.817071782 -0.318383011 0.324479297
1642650016.524650097 -0.005102226 1.422562944 0.484887396 -0.353248525 0.815405768 -0.319100115 0.329399499
1642650016.532984018 -0.014056442 1.421646935 0.487214321 -0.352025441 0.813656584 -0.319655563 0.334456832
1642650016.541316986 -0.023260055 1.420866845 0.489579124 -0.350987128 0.811705531 -0.320185145 0.339740550
1642650016.549649954 -0.032710086 1.420196508 0.491910253 -0.350091149 0.809664307 -0.320651079 0.345054752
1642650016.557984114 -0.042332991 1.419685890 0.494491135 -0.349269210 0.806938964 -0.321519242 0.351405613
1642650016.566317081 -0.052252452 1.419276963 0.496782140 -0.348421822 0.804793782 -0.321382251 0.357243126
1642650016.574650049 -0.062399575 1.418963502 0.498908174 -0.347752317 0.802763480 -0.320944556 0.362813608
1642650016.582983971 -0.072675189 1.418768945 0.501261199 -0.347428296 0.799759689 -0.321546928 0.369168786
1642650016.591316938 -0.083186232 1.418691181 0.503378618 -0.347080548 0.797218229 -0.321386756 0.375084980
1642650016.599649906 -0.093796935 1.418603737 0.505434700 -0.346717148 0.794497469 -0.321446432 0.381094716
1642650016.607984066 -0.104648586 1.418763779 0.507532743 -0.346539241 0.791560510 -0.321492791 0.387278838
1642650016.616317034 -0.115611268 1.418917092 0.509565570 -0.346430773 0.788375150 -0.321929589 0.393461157
1642650016.624650002 -0.126686245 1.419290194 0.511975221 -0.346547854 0.784047485 -0.323381524 0.400747447
1642650016.632983923 -0.137886679 1.419650276 0.514108326 -0.346416282 0.780243109 -0.324276506 0.407506072
1642650016.641316891 -0.149222904 1.420180078 0.516267786 -0.346246154 0.776285454 -0.325206631 0.414409390
1642650016.649650097 -0.160664613 1.420648101 0.518230664 -0.345971451 0.772385440 -0.326248036 0.421054278
1642650016.657984018 -0.172229206 1.421306756 0.520210314 -0.345635704 0.768401711 -0.327208505 0.427819314
1642650016.666316986 -0.183852313 1.421947229 0.522027769 -0.345240725 0.764418765 -0.328202417 0.434460547
1642650016.674649954 -0.195538515 1.422608015 0.523665063 -0.344714550 0.760681117 -0.328968685 0.440812570
1642650016.682984114 -0.207314583 1.423487593 0.525646733 -0.344364909 0.755788929 -0.330674609 0.448163148
1642650016.691317081 -0.219181235 1.424615007 0.527899565 -0.344021204 0.750156640 -0.332856591 0.456202714
1642650016.699650049 -0.231045222 1.425610041 0.529716562 -0.343413554 0.745271450 -0.334465161 0.463433547
1642650016.707983971 -0.242974169 1.426763203 0.531604700 -0.342752247 0.739999967 -0.336380324 0.470923798
1642650016.716316938 -0.254902727 1.427937620 0.533371251 -0.341961102 0.734710207 -0.338375508 0.478294399
1642650016.724649906 -0.266846116 1.429149527 0.535031967 -0.341044010 0.729356385 -0.340464644 0.485604853
1642650016.732984066 -0.278814509 1.430513457 0.536666298 -0.340220319 0.723658969 -0.342825101 0.492989636
1642650016.741317034 -0.290786998 1.431996651 0.538201547 -0.339438198 0.717795167 -0.345248881 0.500354892
1642650016.749650002 -0.302773864 1.433599818 0.539644826 -0.338681366 0.711763042 -0.347771271 0.507684398
1642650016.757983923 -0.314751532 1.435325654 0.540967311 -0.338017527 0.705591198 -0.350293726 0.514955841
1642650016.766316891 -0.326720680 1.437187279 0.542148774 -0.337468637 0.699304575 -0.352769994 0.522150708
1642650016.774650097 -0.338722135 1.439173724 0.543246235 -0.337007743 0.692711697 -0.355402525 0.529400918
1642650016.782984018 -0.350711808 1.441326183 0.544297836 -0.336687043 0.685723862 -0.358214937 0.536755698
1642650016.791316986 -0.362638740 1.443595002 0.545227280 -0.336349946 0.678721419 -0.360964676 0.543976517
1642650016.799649954 -0.374461101 1.445914983 0.545794713 -0.336038056 0.672473291 -0.362943299 0.550572664
1642650016.807984114 -0.386195665 1.448335648 0.546271131 -0.335837824 0.665791986 -0.365385500 0.557160142
1642650016.816317081 -0.397941910 1.450852184 0.547030416 -0.335486396 0.657685864 -0.369118045 0.564490967
1642650016.824650049 -0.409693378 1.453521758 0.547678577 -0.335315422 0.649379632 -0.372841572 0.571715683
1642650016.832983971 -0.421314715 1.456259877 0.548078973 -0.335212377 0.641415037 -0.376115402 0.578581557
1642650016.841316938 -0.432832036 1.459018133 0.548397100 -0.334726135 0.633500115 -0.378853525 0.585752530
1642650016.849649906 -0.444299589 1.461845960 0.548680259 -0.334245131 0.625114608 -0.381970896 0.592967245
1642650016.857984066 -0.455660563 1.464735433 0.548811289 -0.333959606 0.616643063 -0.385252568 0.599835622
1642650016.866317034 -0.466945561 1.467714787 0.548844050 -0.333714876 0.608137617 -0.388303898 0.606649078
1642650016.874650002 -0.478088990 1.470687809 0.548682041 -0.333537274 0.599728748 -0.391178545 0.613235404
1642650016.882983923 -0.489195797 1.473697240 0.548445709 -0.333391753 0.590987714 -0.394018247 0.619946031
1642650016.891316891 -0.500149506 1.476749078 0.548103727 -0.333261443 0.582224003 -0.396757968 0.626526245
1642650016.899650097 -0.510889308 1.479793194 0.547547469 -0.333269404 0.573633866 -0.399882647 0.632431467
1642650016.907984018 -0.521538409 1.482887409 0.546914621 -0.333308948 0.564781157 -0.402617051 0.638613264
1642650016.916316986 -0.532122373 1.486004286 0.546248208 -0.333278919 0.555634778 -0.404799895 0.645238096
1642650016.924649954 -0.542557808 1.489061802 0.545445728 -0.333225551 0.546541218 -0.406701993 0.651802821
1642650016.932984114 -0.552854764 1.492049608 0.544542300 -0.333081854 0.537385429 -0.408447044 0.658364938
1642650016.941317081 -0.562868762 1.495008924 0.543456249 -0.333160046 0.528327393 -0.410798072 0.664168272
1642650016.949650049 -0.572607693 1.497858595 0.542081137 -0.333429812 0.519678119 -0.413054880 0.669436239
1642650016.957983971 -0.582420892 1.500689830 0.540839700 -0.333467639 0.510223136 -0.415280860 0.675287711
1642650016.966316938 -0.592185785 1.503495176 0.539586968 -0.333490454 0.500090042 -0.417863828 0.681237028
1642650016.974649906 -0.601647462 1.506197949 0.538005974 -0.333849791 0.490467107 -0.420128950 0.686642556
1642650016.982984066 -0.610680661 1.508705378 0.536096300 -0.334139348 0.481911823 -0.421574995 0.691654837
1642650016.991317034 -0.619277735 1.511005713 0.533964694 -0.334460512 0.474140891 -0.422615829 0.696220110
1642650016.999650002 -0.628059242 1.513444235 0.532027965 -0.334837380 0.464841979 -0.424003172 0.701446486
1642650017.007983923 -0.636546292 1.515735176 0.529874696 -0.335452872 0.455724593 -0.425291770 0.706338004
1642650017.016316891 -0.644441592 1.517706422 0.527435847 -0.336146923 0.448105710 -0.425901868 0.710502722
1642650017.024650097 -0.653085402 1.520457558 0.525278644 -0.339121221 0.436104144 -0.422363366 0.718623100
1642650017.032984018 -0.661096801 1.522521535 0.522902762 -0.340512406 0.426343948 -0.420320648 0.724991512
1642650017.041316986 -0.667909033 1.523666774 0.520052855 -0.339576705 0.420037341 -0.425794902 0.725916658
1642650017.049649954 -0.674545792 1.524949571 0.517200290 -0.339659320 0.413383266 -0.429046369 0.727780898
1642650017.057984114 -0.681266780 1.526454090 0.514463666 -0.340719087 0.405419857 -0.430224513 0.731062317
1642650017.066317081 -0.687791831 1.527840089 0.511693927 -0.341732554 0.396990097 -0.431232301 0.734613114
1642650017.074650049 -0.694057355 1.528934829 0.508947474 -0.342338355 0.388819186 -0.430894327 0.738887116
1642650017.082983971 -0.699929819 1.529876752 0.506135248 -0.342964482 0.380993799 -0.430907930 0.742655671
1642650017.091316938 -0.705623239 1.530767830 0.503375366 -0.343537201 0.372752780 -0.431546632 0.746193715
1642650017.099649906 -0.710956036 1.531470888 0.500600786 -0.344027776 0.364789785 -0.432288225 0.749466605
1642650017.107984066 -0.715885081 1.532043951 0.497782400 -0.344621633 0.357275031 -0.432672938 0.752585285
1642650017.116317034 -0.720621735 1.532457685 0.495085039 -0.344926592 0.349582478 -0.433106988 0.755801611
1642650017.124650002 -0.725074332 1.532711136 0.492414052 -0.345018273 0.342005039 -0.433761356 0.758845195
1642650017.132983923 -0.729072554 1.532829354 0.489648465 -0.345317070 0.335032731 -0.434269085 0.761524493
1642650017.141316891 -0.732829098 1.532815096 0.486954874 -0.345479040 0.327998683 -0.434769127 0.764223071
1642650017.149650097 -0.736247173 1.532622191 0.484358424 -0.345470654 0.321269519 -0.435162496 0.766856914
1642650017.157984018 -0.739342612 1.532333038 0.481809121 -0.345506624 0.314759598 -0.435491828 0.769349359
1642650017.166316986 -0.742222904 1.531982604 0.479337581 -0.345523408 0.308094738 -0.435789582 0.771866988
1642650017.174649954 -0.744779372 1.531530940 0.476938771 -0.345537574 0.301713811 -0.435932186 0.774296901
1642650017.182984114 -0.746970279 1.531004540 0.474596963 -0.345734303 0.295691838 -0.435876580 0.776560194
1642650017.191317081 -0.748779454 1.530432500 0.472294245 -0.346149665 0.289974299 -0.436177488 0.778360144
1642650017.199650049 -0.750214036 1.529862190 0.470052059 -0.346803180 0.284517190 -0.436570982 0.779861077
1642650017.207983971 -0.751358666 1.529234645 0.467914219 -0.347620717 0.279308599 -0.436223361 0.781572596
1642650017.216316938 -0.752173169 1.528515864 0.465898137 -0.348534799 0.274457015 -0.435376436 0.783354454
1642650017.224649906 -0.752615993 1.527762491 0.463977718 -0.349639440 0.269976082 -0.434396725 0.784961568
1642650017.232984066 -0.752810930 1.526852593 0.462260828 -0.350627368 0.265823042 -0.432284572 0.787101397
1642650017.241317034 -0.752544219 1.525942639 0.460633834 -0.351919347 0.262238255 -0.430316943 0.788803651
1642650017.249650002 -0.751964379 1.525100930 0.459055540 -0.353473984 0.258502901 -0.428949367 0.790085333
1642650017.257983923 -0.750963471 1.524229385 0.457635428 -0.355183994 0.255379263 -0.427326493 0.791212886
1642650017.266316891 -0.749474294 1.523345340 0.456366165 -0.357132557 0.253086478 -0.425536830 0.792036601
1642650017.274650097 -0.747719077 1.522427871 0.455329704 -0.358952530 0.250877312 -0.423761554 0.792868085
1642650017.282984018 -0.745483138 1.521491081 0.454386139 -0.361023855 0.249381586 -0.421890665 0.793397043
1642650017.291316986 -0.742852812 1.520541927 0.453579127 -0.363202329 0.248387892 -0.419933065 0.793752949
1642650017.299649954 -0.739948454 1.519545494 0.453004114 -0.365235635 0.247566232 -0.417900648 0.794149192
1642650017.307984114 -0.736741758 1.518545415 0.452618318 -0.367247917 0.246905673 -0.415890140 0.794482188
1642650017.316317081 -0.733205074 1.517518601 0.452437983 -0.369161164 0.246549494 -0.413896206 0.794747326
1642650017.324650049 -0.729366578 1.516474444 0.452448263 -0.371008189 0.246424741 -0.411884040 0.794971263
1642650017.332983971 -0.725166569 1.515367834 0.452671768 -0.372788468 0.246791287 -0.409729927 0.795137853
1642650017.341316938 -0.720700000 1.514248305 0.453105143 -0.374453989 0.247284589 -0.407600604 0.795296354
1642650017.349649906 -0.716007238 1.513068914 0.453817422 -0.375774945 0.247857827 -0.405458628 0.795589712
1642650017.357984066 -0.710971800 1.511876458 0.454688247 -0.377119854 0.248780178 -0.403303602 0.795760795
1642650017.366317034 -0.705555998 1.510669466 0.455682486 -0.378566187 0.250254642 -0.401040311 0.795755569
1642650017.374650002 -0.699851459 1.509439264 0.456871995 -0.379850673 0.251872756 -0.398827926 0.795744850
1642650017.382983923 -0.693862310 1.508186257 0.458253011 -0.380967282 0.253608534 -0.396669617 0.795738560
1642650017.391316891 -0.687546107 1.506932776 0.459790140 -0.382098815 0.255644055 -0.394493564 0.795626446
1642650017.399650097 -0.680927401 1.505674867 0.461488192 -0.383179769 0.257864407 -0.392321469 0.795464064
1642650017.407984018 -0.674001359 1.504437161 0.463324246 -0.384316483 0.260321057 -0.390109409 0.795203393
1642650017.416316986 -0.666717524 1.503224142 0.465276872 -0.385586814 0.263114674 -0.387908649 0.794745467
1642650017.424649954 -0.659141409 1.502024337 0.467352383 -0.386916906 0.266082514 -0.385652299 0.794208857
1642650017.432984114 -0.651248121 1.500844062 0.469538742 -0.388348492 0.269352006 -0.383296352 0.793548267
1642650017.441317081 -0.643077504 1.499694965 0.471855199 -0.389760034 0.272726759 -0.380928828 0.792843275
1642650017.449650049 -0.634621418 1.498564469 0.474270303 -0.391282850 0.276221909 -0.378507460 0.792042481
1642650017.457983971 -0.625731978 1.497470809 0.476672860 -0.393175531 0.280354964 -0.375943120 0.790873483
1642650017.466316938 -0.616492299 1.496398753 0.479145241 -0.395256884 0.284960198 -0.373267697 0.789456084
1642650017.474649906 -0.606842106 1.495314316 0.481722400 -0.397519220 0.290420524 -0.370221009 0.787763158
1642650017.482984066 -0.597052773 1.494268352 0.484425671 -0.399564372 0.295390075 -0.367459131 0.786172248
1642650017.491317034 -0.587151715 1.493244374 0.487239616 -0.401497466 0.299795515 -0.364930981 0.784696000
1642650017.499650002 -0.577000077 1.492254475 0.490129414 -0.403337989 0.304310449 -0.362439745 0.783167319
1642650017.507983923 -0.566542633 1.491283747 0.493076060 -0.405175052 0.309324876 -0.359745012 0.781495250
1642650017.516316891 -0.555758670 1.490364745 0.495975646 -0.407371986 0.314966134 -0.356752542 0.779469065
1642650017.524650097 -0.544847819 1.489503382 0.498914619 -0.409618901 0.320288007 -0.353871507 0.777433538
1642650017.532984018 -0.533739493 1.488630442 0.501895762 -0.411825813 0.325756699 -0.350810491 0.775379954
1642650017.541316986 -0.522468663 1.487777527 0.504992414 -0.413948664 0.331389499 -0.347628202 0.773293047
1642650017.549649954 -0.510955246 1.486933134 0.508087526 -0.416210427 0.337352387 -0.344180633 0.771039519
1642650017.557984114 -0.499177409 1.486119187 0.511134107 -0.418555568 0.343767652 -0.340646381 0.768501842
1642650017.566317081 -0.487285340 1.485348180 0.514214603 -0.420775855 0.350208367 -0.337193338 0.765899754
1642650017.574650049 -0.474979342 1.484596359 0.517114112 -0.423246925 0.357618269 -0.333618023 0.762673081
1642650017.582983971 -0.462754798 1.483849777 0.520198980 -0.425242080 0.364436837 -0.330240843 0.759799941
1642650017.591316938 -0.450648241 1.483119762 0.523535742 -0.426689597 0.370600806 -0.327018779 0.757396692
1642650017.599649906 -0.438360564 1.482430497 0.526775565 -0.428217852 0.377250360 -0.323425654 0.754789695
1642650017.607984066 -0.425717415 1.481864958 0.529666078 -0.430383115 0.384787775 -0.320112916 0.751156750
1642650017.616317034 -0.412899440 1.481214864 0.532547082 -0.432322197 0.393232373 -0.316162430 0.747333351
1642650017.624650002 -0.400399001 1.480651143 0.535661044 -0.433798569 0.400794333 -0.311975100 0.744213841
1642650017.632983923 -0.387952339 1.480173077 0.538798743 -0.435198453 0.407917322 -0.308062751 0.741149854
1642650017.641316891 -0.375426996 1.479691215 0.541910989 -0.436425551 0.415186400 -0.304201288 0.737980059
1642650017.649650097 -0.362892003 1.479253475 0.544957583 -0.437713592 0.422653439 -0.300139336 0.734634100
1642650017.657984018 -0.350398614 1.478887535 0.547919839 -0.439120656 0.430148026 -0.295918769 0.731148280
1642650017.666316986 -0.337956738 1.478598373 0.550806000 -0.440582634 0.437649123 -0.291591177 0.727547094
1642650017.674649954 -0.325564561 1.478252465 0.553599801 -0.441959949 0.445461924 -0.286952530 0.723804755
1642650017.682984114 -0.313290646 1.478143548 0.556303531 -0.443729599 0.453121201 -0.282049833 0.719884097
1642650017.691317081 -0.301166692 1.478115293 0.558977164 -0.445487988 0.460483928 -0.277116869 0.716031596
1642650017.699650049 -0.289236109 1.478090236 0.561655841 -0.447042958 0.467547455 -0.272206832 0.712359047
1642650017.707983971 -0.277511182 1.478131419 0.564335633 -0.448579184 0.474135528 -0.267422804 0.708842198
1642650017.716316938 -0.265873262 1.478250704 0.566766006 -0.450474237 0.481350344 -0.261985475 0.704796722
1642650017.724649906 -0.254306139 1.478413741 0.569133706 -0.452242281 0.488990507 -0.256171254 0.700529437
1642650017.732984066 -0.243085413 1.478732954 0.571529050 -0.454170394 0.495506077 -0.251241700 0.696477271
1642650017.741317034 -0.232125693 1.478878805 0.573969937 -0.455461779 0.501899589 -0.245794222 0.692991032
1642650017.749650002 -0.221297460 1.479088714 0.576265221 -0.456727399 0.508826576 -0.239665556 0.689243078
1642650017.757983923 -0.210697551 1.479496297 0.578442399 -0.458279622 0.515511366 -0.233726994 0.685273312
1642650017.766316891 -0.200286002 1.479965855 0.580494121 -0.459822484 0.522265108 -0.227690415 0.681145738
1642650017.774650097 -0.190125562 1.480489480 0.582412634 -0.461481638 0.528520347 -0.222094760 0.677033868
1642650017.782984018 -0.180196644 1.481104967 0.584326331 -0.463030814 0.534580272 -0.216486296 0.673023092
1642650017.791316986 -0.170709527 1.482026440 0.586408966 -0.464940212 0.539157138 -0.211794480 0.669539601
1642650017.799649954 -0.161445350 1.482942898 0.588465284 -0.466632732 0.543544138 -0.207156367 0.666258136
1642650017.807984114 -0.152261268 1.483764816 0.590371250 -0.467925220 0.548572427 -0.202013795 0.662800654
1642650017.816317081 -0.143274257 1.484641676 0.592212796 -0.469194459 0.553517126 -0.196939065 0.659310515
1642650017.824650049 -0.134488637 1.485550804 0.593998783 -0.470433364 0.558273904 -0.191920048 0.655888248
1642650017.832983971 -0.125900691 1.486518681 0.595750596 -0.471562985 0.562880199 -0.187026882 0.652545155
1642650017.841316938 -0.117505215 1.487566542 0.597482256 -0.472603878 0.567278496 -0.182403287 0.649284008
1642650017.849649906 -0.109277167 1.488692564 0.599146552 -0.473598219 0.571529691 -0.177988590 0.646048451
1642650017.857984066 -0.101189462 1.489878463 0.600734079 -0.474518932 0.575698385 -0.173829787 0.642795736
1642650017.866317034 -0.093241842 1.491142033 0.602242469 -0.475434306 0.579706233 -0.170029123 0.639525607
1642650017.874650002 -0.085371650 1.492499390 0.603458806 -0.476520831 0.584348098 -0.165871887 0.635571959
1642650017.882983923 -0.077732991 1.493914300 0.604778522 -0.477454785 0.588192180 -0.162448052 0.632200537
1642650017.891316891 -0.070278033 1.495406930 0.606101115 -0.478377531 0.591553376 -0.159591802 0.629086638
1642650017.899650097 -0.062958525 1.496995295 0.607257715 -0.479463449 0.595049715 -0.156783888 0.625659212
1642650017.907984018 -0.055865375 1.498765186 0.608339020 -0.480926102 0.598166637 -0.154317019 0.622167997
1642650017.916316986 -0.048940871 1.500572884 0.609364930 -0.482264934 0.601235872 -0.152013303 0.618730891
1642650017.924649954 -0.042174643 1.502388384 0.610307830 -0.483397166 0.604375680 -0.149844725 0.615307870
1642650017.932984114 -0.035586501 1.504273618 0.611165590 -0.484512211 0.607442416 -0.147898388 0.611872287
1642650017.941317081 -0.029168882 1.506224353 0.611955552 -0.485588584 0.610418007 -0.146239951 0.608446761
1642650017.949650049 -0.022933362 1.508228490 0.612700469 -0.486584111 0.613314152 -0.144840515 0.605064360
1642650017.957983971 -0.016895375 1.510312903 0.613415362 -0.487546704 0.616069594 -0.143668482 0.601760612
1642650017.966316938 -0.011062655 1.512473014 0.614064647 -0.488513669 0.618727913 -0.142698961 0.598470694
1642650017.974649906 -0.005470401 1.514723635 0.614694108 -0.489500308 0.621199878 -0.141864972 0.595293616
1642650017.982984066 -0.000105377 1.517057771 0.615234286 -0.490618936 0.623571994 -0.141104647 0.592064614
1642650017.991317034 0.005008009 1.519465910 0.615730509 -0.491806592 0.625816815 -0.140401298 0.588869311
1642650017.999650002 0.009799112 1.522050224 0.616140322 -0.493296833 0.627860389 -0.139561272 0.585638299
1642650018.007983923 0.014337591 1.524718944 0.616505466 -0.494926632 0.629684570 -0.138833556 0.582469068
1642650018.016316891 0.018667984 1.527394166 0.616859793 -0.496472441 0.631382389 -0.138348168 0.579423143
1642650018.024650097 0.022761871 1.530128468 0.617153948 -0.498067509 0.632995074 -0.137916294 0.576389703
1642650018.032984018 0.026611193 1.532872132 0.617427870 -0.499570231 0.634513114 -0.137354523 0.573547231
1642650018.041316986 0.030234854 1.535665994 0.617755272 -0.501018032 0.635781417 -0.137039834 0.570949214
1642650018.049649954 0.033570368 1.538629292 0.617919689 -0.502856793 0.636942412 -0.137012196 0.568037910
1642650018.057984114 0.036633688 1.541561417 0.618078185 -0.504464682 0.638085112 -0.136361468 0.565480613
1642650018.066317081 0.039455584 1.544535144 0.618241415 -0.506185584 0.638935122 -0.136241281 0.563006552
1642650018.074650049 0.042020344 1.547576519 0.618340946 -0.508107226 0.639590916 -0.136455323 0.560473417
1642650018.082983971 0.044424653 1.550504502 0.618209838 -0.509997423 0.640579111 -0.136472126 0.557616706
1642650018.091316938 0.046551827 1.553471643 0.618235817 -0.511754335 0.641111672 -0.136601306 0.555358810
1642650018.099649906 0.048241165 1.556621982 0.618624855 -0.513418103 0.640721200 -0.136687785 0.554251428
1642650018.107984066 0.049849605 1.559596999 0.618573046 -0.515246308 0.640943602 -0.136819713 0.552261630
1642650018.116317034 0.051300878 1.562472990 0.618350479 -0.517066253 0.641278295 -0.137106268 0.550096819
1642650018.124650002 0.052344903 1.565487789 0.618519964 -0.518631791 0.640690410 -0.137157421 0.549294735
1642650018.132983923 0.053350760 1.568316216 0.618286644 -0.520417239 0.640564915 -0.137896274 0.547564704
1642650018.141316891 0.054223171 1.571017047 0.617933082 -0.522093472 0.640563308 -0.138555337 0.545801680
1642650018.149650097 0.054854121 1.573722216 0.617716489 -0.523623953 0.640184118 -0.139190961 0.544617414
1642650018.157984018 0.055355231 1.576347922 0.617383822 -0.525207078 0.639858337 -0.140142039 0.543230193
1642650018.166316986 0.055789955 1.578809730 0.616820514 -0.526780717 0.639920824 -0.141066817 0.541390403
1642650018.174649954 0.056089671 1.581181244 0.616318371 -0.528188999 0.639895466 -0.142047138 0.539789574
1642650018.182984114 0.056172335 1.583552146 0.616196398 -0.529239552 0.639250405 -0.143174985 0.539226613
1642650018.191317081 0.056257998 1.585697668 0.615769159 -0.530256721 0.639212943 -0.144364961 0.537952955
1642650018.199650049 0.056223978 1.587772462 0.615472870 -0.531074221 0.638957477 -0.145703173 0.537088540
1642650018.207983971 0.056078969 1.589750247 0.615279895 -0.531685745 0.638578847 -0.147149550 0.536539220
1642650018.216316938 0.055902734 1.591548804 0.614901658 -0.532258288 0.638608841 -0.148581495 0.535540290
1642650018.224649906 0.055707568 1.593168992 0.614308107 -0.532835195 0.639067127 -0.150029028 0.534014188
1642650018.232984066 0.055338754 1.594771242 0.614016319 -0.533201713 0.639002064 -0.151652001 0.533267256
1642650018.241317034 0.054860122 1.596296781 0.613786271 -0.533499162 0.638828169 -0.153407622 0.532675620
1642650018.249650002 0.054392587 1.597614712 0.613171183 -0.533979596 0.639330397 -0.155146195 0.531085768
1642650018.257983923 0.053725419 1.598958896 0.612908673 -0.534321050 0.639175577 -0.157002117 0.530382817
1642650018.266316891 0.052943377 1.600226667 0.612746920 -0.534610874 0.638903169 -0.158893390 0.529855494
1642650018.274650097 0.052098472 1.601370413 0.612429392 -0.535038378 0.638912324 -0.160761800 0.528848390
1642650018.282984018 0.051198807 1.602373270 0.611956198 -0.535599386 0.639222176 -0.162589227 0.527345286
1642650018.291316986 0.050098876 1.603412765 0.611839897 -0.536079319 0.638937168 -0.164419440 0.526635080
1642650018.299649954 0.048917901 1.604358537 0.611683565 -0.536736493 0.638670749 -0.166292851 0.525699818
1642650018.307984114 0.047625722 1.605281165 0.611694585 -0.537421906 0.638186576 -0.168158814 0.524993527
1642650018.316317081 0.046286673 1.606108622 0.611625502 -0.538260056 0.637964959 -0.169905601 0.523840539
1642650018.324650049 0.044886068 1.606856236 0.611558440 -0.539254608 0.637832834 -0.171600346 0.522424219
1642650018.332983971 0.043370377 1.607603250 0.611754972 -0.540286752 0.637352154 -0.173351553 0.521365224
1642650018.341316938 0.041790513 1.608302051 0.612104530 -0.541386143 0.636806780 -0.175041318 0.520325577
1642650018.349649906 0.040149342 1.608950111 0.612568517 -0.542595457 0.636308038 -0.176561802 0.519161035
1642650018.357984066 0.038455177 1.609545807 0.613248810 -0.543815462 0.635718072 -0.177984518 0.518120437
1642650018.366317034 0.036742887 1.610061926 0.614091957 -0.545039607 0.635276636 -0.179190905 0.516958453
1642650018.374650002 0.035063987 1.610447826 0.615012372 -0.546248968 0.635251407 -0.180168557 0.515370746
1642650018.382983923 0.033350945 1.610789110 0.616217833 -0.547458215 0.635101990 -0.181032469 0.513967129
1642650018.391316891 0.031554403 1.611157507 0.617870581 -0.548589465 0.634574113 -0.181762790 0.513154540
1642650018.399650097 0.029794040 1.611374136 0.619677330 -0.549654795 0.634361106 -0.182344370 0.512070429
1642650018.407984018 0.028058080 1.611467668 0.621702988 -0.550654855 0.634353351 -0.182772690 0.510851445
1642650018.416316986 0.026282881 1.611579901 0.624149098 -0.551655930 0.634027100 -0.183446008 0.509934244
1642650018.424649954 0.024504308 1.611581971 0.626987120 -0.552338050 0.633773098 -0.183544048 0.509476124
1642650018.432984114 0.022765968 1.611424043 0.630074421 -0.552832517 0.633802469 -0.183340470 0.508976337
1642650018.441317081 0.021042460 1.611186347 0.633439952 -0.553326799 0.633858476 -0.183226362 0.508410254
1642650018.449650049 0.019376661 1.610788145 0.636986979 -0.553758051 0.634224263 -0.182969120 0.507576502
1642650018.457983971 0.017713672 1.610285246 0.640915526 -0.554028327 0.634522563 -0.182653024 0.507022290
1642650018.466316938 0.015999812 1.609772201 0.645351128 -0.554156688 0.634444530 -0.182259446 0.507121285
1642650018.474649906 0.014355902 1.609055924 0.649959873 -0.554197162 0.634645859 -0.181844434 0.506974102
1642650018.482984066 0.012695215 1.608251869 0.654953232 -0.554085077 0.634715582 -0.181344261 0.507188443
1642650018.491317034 0.011052231 1.607347537 0.660245003 -0.553969026 0.634718830 -0.181091818 0.507401299
1642650018.499650002 0.009443789 1.606279382 0.665857641 -0.553556419 0.634876765 -0.180291927 0.507938585
1642650018.507983923 0.007856808 1.605081213 0.671806106 -0.552904316 0.635101923 -0.179152196 0.508769943
1642650018.516316891 0.006293943 1.603777919 0.678013923 -0.552213983 0.635321681 -0.178113812 0.509609211
1642650018.524650097 0.004747486 1.602375536 0.684480627 -0.551433873 0.635576637 -0.176843388 0.510577553
1642650018.532984018 0.003238363 1.600847350 0.691168540 -0.550538261 0.635945960 -0.175354734 0.511596595
1642650018.541316986 0.001753043 1.599201043 0.698085059 -0.549562322 0.636355115 -0.173727290 0.512691185
1642650018.549649954 0.000288245 1.597456128 0.705197083 -0.548553927 0.636796383 -0.171955158 0.513819403
1642650018.557984114 -0.001119779 1.595599807 0.712454849 -0.547511711 0.637300679 -0.170054853 0.514937004
1642650018.566317081 -0.002533455 1.593738750 0.720183028 -0.546230869 0.637289837 -0.168154417 0.516930937
1642650018.574650049 -0.003932970 1.591763703 0.727944987 -0.545061124 0.637385547 -0.166153354 0.518691718
1642650018.582983971 -0.005265214 1.589611794 0.735549235 -0.544106220 0.637873866 -0.164087735 0.519750486
1642650018.591316938 -0.006520814 1.587346040 0.743269235 -0.543131467 0.638331283 -0.162064721 0.520842020
1642650018.599649906 -0.007713922 1.584982705 0.751100361 -0.542148090 0.638733683 -0.160058192 0.521992439
1642650018.607984066 -0.008882485 1.582515373 0.758928310 -0.541283373 0.639297754 -0.157813821 0.522881908
1642650018.616317034 -0.010041209 1.580006980 0.766938754 -0.540379552 0.639662497 -0.155502657 0.524061784
1642650018.624650002 -0.011054838 1.577326451 0.774919956 -0.539417980 0.640206850 -0.153285496 0.525039989
1642650018.632983923 -0.011999009 1.574540029 0.782880189 -0.538538170 0.640812205 -0.150982536 0.525871307
1642650018.641316891 -0.012933510 1.571711726 0.790910853 -0.537741468 0.641274538 -0.148518208 0.526823901
1642650018.649650097 -0.013787135 1.568780051 0.798926427 -0.536976357 0.641807237 -0.145977454 0.527665089
1642650018.657984018 -0.014555417 1.565747345 0.806967068 -0.536187687 0.642348720 -0.143424426 0.528507636
1642650018.666316986 -0.015220829 1.562598233 0.815033193 -0.535326882 0.642875082 -0.140935650 0.529409012
1642650018.674649954 -0.015760913 1.559332082 0.823102228 -0.534339602 0.643421590 -0.138548883 0.530371619
1642650018.682984114 -0.016164935 1.555943253 0.831150171 -0.533209691 0.643973097 -0.136409699 0.531392953
1642650018.691317081 -0.016448644 1.552447242 0.839170353 -0.531950063 0.644462187 -0.134570557 0.532530173
1642650018.699650049 -0.016651399 1.548882659 0.847114704 -0.530687454 0.644823018 -0.132972433 0.533753158
1642650018.707983971 -0.016766511 1.545255830 0.854955655 -0.529439975 0.645043833 -0.131657946 0.535049485
1642650018.716316938 -0.016801894 1.541594250 0.862635572 -0.528290334 0.645197371 -0.130487011 0.536286132
1642650018.724649906 -0.016777882 1.537902314 0.870014850 -0.527374571 0.645520764 -0.129206784 0.537107635
1642650018.732984066 -0.016672790 1.534204099 0.877256769 -0.526490630 0.645863389 -0.127859670 0.537884750
1642650018.741317034 -0.016498624 1.530555724 0.884548241 -0.525516650 0.645896880 -0.126573257 0.539099882
1642650018.749650002 -0.016153274 1.526844307 0.891597286 -0.524467086 0.646246803 -0.125302361 0.539998763
1642650018.757983923 -0.015649386 1.523118849 0.898484106 -0.523327597 0.646725470 -0.124170784 0.540792020
1642650018.766316891 -0.015070523 1.519504155 0.905426995 -0.522041852 0.646866433 -0.123199173 0.542086789
1642650018.774650097 -0.014240280 1.515805209 0.912053349 -0.520645712 0.647416614 -0.122538778 0.542921742
1642650018.782984018 -0.013309196 1.512194862 0.918606747 -0.519177943 0.647774878 -0.122179410 0.543979929
1642650018.791316986 -0.012305169 1.508704606 0.925054869 -0.517686962 0.647982117 -0.121960119 0.545201903
1642650018.799649954 -0.011148118 1.505274053 0.931206197 -0.516266341 0.648399045 -0.121866810 0.546073460
1642650018.807984114 -0.009883978 1.501962682 0.937161895 -0.514897644 0.648847502 -0.121846165 0.546837130
1642650018.816317081 -0.008522702 1.498778773 0.942966757 -0.513514676 0.649278972 -0.121829105 0.547628673
1642650018.824650049 -0.007082446 1.495736715 0.948625895 -0.512116959 0.649678599 -0.121801271 0.548469132
1642650018.832983971 -0.005510526 1.492815063 0.954026409 -0.510756323 0.650287935 -0.121810286 0.549013510
1642650018.841316938 -0.003798684 1.490058674 0.959255313 -0.509380294 0.650953485 -0.122247019 0.549405991
1642650018.849649906 -0.001984204 1.487475836 0.964533749 -0.507705611 0.651289525 -0.122977528 0.550393945
1642650018.857984066 -0.000090819 1.485052992 0.969603116 -0.505972733 0.651751232 -0.123544671 0.551315372
1642650018.866317034 0.001869661 1.482820585 0.974394185 -0.504343046 0.652397795 -0.124103652 0.551918013
1642650018.874650002 0.003880296 1.480813100 0.979041753 -0.502768797 0.652887774 -0.124810531 0.552615076
1642650018.882983923 0.005911502 1.479062138 0.983507190 -0.501355562 0.653296114 -0.125442788 0.553272893
1642650018.891316891 0.007924104 1.477605422 0.987758838 -0.500233192 0.653646650 -0.125813876 0.553790285
1642650018.899650097 0.009897879 1.476465665 0.991807287 -0.499470059 0.653873770 -0.125871496 0.554197726
1642650018.907984018 0.011785174 1.475624757 0.995631155 -0.499098331 0.654081375 -0.125400085 0.554394471
1642650018.916316986 0.013667315 1.475094313 0.999202002 -0.499019810 0.654296268 -0.124694621 0.554370701
1642650018.924649954 0.015476729 1.474908137 1.002525707 -0.499366478 0.654418993 -0.123692226 0.554138191
1642650018.932984114 0.017106602 1.475023073 1.005667951 -0.500093677 0.654427354 -0.122192871 0.553805070
1642650018.941317081 0.018647595 1.475408439 1.008635506 -0.501023441 0.654310088 -0.120594827 0.553453438
1642650018.949650049 0.020102164 1.476058936 1.011517227 -0.502056488 0.653803182 -0.119242827 0.553409279
1642650018.957983971 0.021443689 1.476951170 1.014158676 -0.503330168 0.653371999 -0.117627358 0.553107203
1642650018.966316938 0.022672671 1.478065309 1.016675860 -0.504718453 0.652737484 -0.116086531 0.552916790
1642650018.974649906 0.023811252 1.479343319 1.019091235 -0.506123360 0.651944411 -0.114682721 0.552861198
1642650018.982984066 0.024826828 1.480775668 1.021378982 -0.507505906 0.651050329 -0.113022635 0.552989248
1642650018.991317034 0.025711058 1.482412417 1.023604420 -0.508930947 0.649706117 -0.111806590 0.553507487
1642650018.999650002 0.026479181 1.484211390 1.025660753 -0.510532818 0.648169688 -0.111016749 0.553992400
1642650019.007983923 0.027128513 1.486141018 1.027548034 -0.512239387 0.646517704 -0.110359486 0.554478542
1642650019.016316891 0.027655993 1.488180493 1.029326665 -0.513975401 0.644640316 -0.109979767 0.555132958
1642650019.024650097 0.028001978 1.490348456 1.030889739 -0.515878766 0.642797014 -0.109554031 0.555588887
1642650019.032984018 0.028189539 1.492623944 1.032266892 -0.517954911 0.640933458 -0.109122757 0.555894987
1642650019.041316986 0.028323441 1.494965943 1.033680123 -0.519851945 0.638627093 -0.109309290 0.556741296
1642650019.049649954 0.028313327 1.497374080 1.035074681 -0.521672121 0.636038773 -0.109800683 0.557903833
1642650019.057984114 0.028110772 1.499834497 1.036369639 -0.523554316 0.633322870 -0.110324426 0.559125694
1642650019.066317081 0.027746927 1.502341794 1.037600816 -0.525432520 0.630385770 -0.111040019 0.560539527
1642650019.074650049 0.027231855 1.504881510 1.038795299 -0.527252457 0.627238287 -0.111989850 0.562170127
1642650019.082983971 0.026560059 1.507453019 1.039941558 -0.529038779 0.623908967 -0.113060454 0.563979525
1642650019.091316938 0.025719828 1.510059073 1.041030590 -0.530841043 0.620383977 -0.114200875 0.565941400
1642650019.099649906 0.024731070 1.512681949 1.042043942 -0.532651564 0.616737269 -0.115416962 0.567975683
1642650019.107984066 0.023601117 1.515326585 1.042965277 -0.534495593 0.613010160 -0.116663717 0.570019808
1642650019.116317034 0.022308154 1.518025583 1.043817432 -0.536465948 0.609047333 -0.117993871 0.572139038
1642650019.124650002 0.020879661 1.520748710 1.044545359 -0.538556191 0.605011367 -0.119329712 0.574176711
1642650019.132983923 0.019313785 1.523490644 1.045187631 -0.540736658 0.600858880 -0.120666325 0.576204921
1642650019.141316891 0.017604137 1.526273423 1.045746809 -0.543071062 0.596526247 -0.122012905 0.578224099
1642650019.149650097 0.015771802 1.529066910 1.046209943 -0.545509899 0.592104638 -0.123356900 0.580184559
1642650019.157984018 0.013913939 1.531791015 1.046482300 -0.548012892 0.587882408 -0.124797587 0.581808995
1642650019.166316986 0.011788622 1.534617153 1.046854514 -0.550576103 0.583148770 -0.126116856 0.583864716
1642650019.174649954 0.009501849 1.537464313 1.047232750 -0.553148506 0.578161836 -0.127473388 0.586093983
1642650019.182984114 0.007304382 1.540145541 1.047295147 -0.555796482 0.573681737 -0.129119681 0.587628831
1642650019.191317081 0.004934687 1.542842603 1.047356583 -0.558430473 0.568993722 -0.130810661 0.589313263
1642650019.199650049 0.002327436 1.545579048 1.047548458 -0.560930609 0.563847265 -0.132539988 0.591494941
1642650019.207983971 -0.000492575 1.548309559 1.047872884 -0.563236334 0.558291609 -0.134382033 0.594152153
1642650019.216316938 -0.003342556 1.550908992 1.048069746 -0.565455914 0.552888868 -0.136484758 0.596611616
1642650019.224649906 -0.006368726 1.553450497 1.048358048 -0.567450063 0.547245939 -0.138697471 0.599404137
1642650019.232984066 -0.009478650 1.555884945 1.048605161 -0.569278821 0.541739798 -0.141016330 0.602124580
1642650019.241317034 -0.012680752 1.558207661 1.048846914 -0.570941078 0.536233641 -0.143475648 0.604892145
1642650019.249650002 -0.016110013 1.560470997 1.049267793 -0.572294347 0.530322622 -0.145961517 0.608220628
1642650019.257983923 -0.019692971 1.562633425 1.049753634 -0.573410664 0.524287972 -0.148519535 0.611771428
1642650019.266316891 -0.023545514 1.564755503 1.050432095 -0.574234254 0.517756666 -0.151043426 0.615929330
1642650019.274650097 -0.027546237 1.566767834 1.051102227 -0.574899685 0.511125159 -0.153625291 0.620194077
1642650019.282984018 -0.031612351 1.568631734 1.051652243 -0.575474230 0.504670615 -0.156294163 0.624266862
1642650019.291316986 -0.035832564 1.570399964 1.052175210 -0.575942505 0.498098750 -0.158992237 0.628418121
1642650019.299649954 -0.040220863 1.572069944 1.052647307 -0.576323322 0.491391983 -0.161691337 0.632646235
1642650019.307984114 -0.044779710 1.573642598 1.053062553 -0.576637358 0.484539186 -0.164413033 0.636929737
1642650019.316317081 -0.049425854 1.575098828 1.053309068 -0.576959540 0.478081731 -0.166912932 0.640855383
1642650019.324650049 -0.054345422 1.576400704 1.053639440 -0.577069176 0.470687513 -0.169853048 0.645441224
1642650019.332983971 -0.059542274 1.577563201 1.053950937 -0.577113427 0.462703234 -0.172932609 0.650338467
1642650019.341316938 -0.064866164 1.578491446 1.054211592 -0.576751921 0.455220592 -0.175629020 0.655199116
1642650019.349649906 -0.070303182 1.579277239 1.054313943 -0.576431118 0.447799676 -0.178262182 0.659867570
1642650019.357984066 -0.075844629 1.579982574 1.054153961 -0.576465873 0.440328381 -0.180842524 0.664149077
1642650019.366317034 -0.081526896 1.580559731 1.053815480 -0.576641782 0.432805182 -0.183314894 0.668251135
1642650019.374650002 -0.087297159 1.581042645 1.053268987 -0.576967856 0.425903792 -0.185339710 0.671835727
1642650019.382983923 -0.093215878 1.581356427 1.052523946 -0.577495613 0.418544078 -0.187554559 0.675383565
1642650019.391316891 -0.099453003 1.581537833 1.051778622 -0.578034561 0.410119010 -0.189817726 0.679446595
1642650019.399650097 -0.105765769 1.581587330 1.050816513 -0.578766302 0.402126561 -0.191731470 0.683054054
1642650019.407984018 -0.111955367 1.581482712 1.049526615 -0.579827459 0.394925684 -0.193412814 0.685875575
1642650019.416316986 -0.118287950 1.581199027 1.048177573 -0.580868291 0.387564749 -0.194907474 0.688764598
1642650019.424649954 -0.124775198 1.580765204 1.046781388 -0.581858553 0.380198937 -0.196265294 0.691642485
1642650019.432984114 -0.131262158 1.580122007 1.045202429 -0.582908192 0.373207551 -0.197630620 0.694173106
1642650019.441317081 -0.137720773 1.579314239 1.043535300 -0.583857606 0.367050305 -0.198634542 0.696368213
1642650019.449650049 -0.144737704 1.578362822 1.042034174 -0.584505983 0.359138647 -0.199879406 0.699585885
1642650019.457983971 -0.151683392 1.577239273 1.040399768 -0.585082634 0.351917138 -0.201083264 0.702423064
1642650019.466316938 -0.158553649 1.575948460 1.038616663 -0.585667562 0.345314807 -0.202300075 0.704858759
1642650019.474649906 -0.165742850 1.574491448 1.036889688 -0.585963955 0.337816157 -0.203731276 0.707827701
1642650019.482984066 -0.172874628 1.572908213 1.035104226 -0.586117480 0.330999198 -0.205104143 0.710519614
1642650019.491317034 -0.179291782 1.571202376 1.032740925 -0.587243274 0.328470782 -0.205170787 0.710744139
1642650019.499650002 -0.186746783 1.569219748 1.031042779 -0.586659729 0.320610632 -0.207190459 0.714220763
1642650019.507983923 -0.194623618 1.567125187 1.029547478 -0.585066031 0.311279389 -0.209837191 0.718868023
1642650019.516316891 -0.201960296 1.564950966 1.027698094 -0.584077801 0.305409798 -0.211382951 0.721730716
1642650019.524650097 -0.209438452 1.562546024 1.026046688 -0.582555704 0.298867917 -0.213314455 0.725123275
1642650019.532984018 -0.216948798 1.560030331 1.024367055 -0.580934112 0.292591659 -0.215237377 0.728408230
1642650019.541316986 -0.224649643 1.557385837 1.022631425 -0.579056995 0.285844883 -0.217286242 0.731964745
1642650019.549649954 -0.232458474 1.554683458 1.020867895 -0.576785462 0.279185916 -0.219425822 0.735680680
1642650019.557984114 -0.240291308 1.551982108 1.019039962 -0.574343540 0.273050307 -0.221580579 0.739239525
1642650019.566317081 -0.248181126 1.549256290 1.017092043 -0.571801833 0.267191799 -0.223732456 0.742694415
1642650019.574650049 -0.256132263 1.546453265 1.015143525 -0.568903547 0.261469454 -0.225957389 0.746274572
1642650019.582983971 -0.264155250 1.543569125 1.013211608 -0.565607208 0.255796065 -0.228309237 0.750021167
1642650019.591316938 -0.272289353 1.540675582 1.011142646 -0.562194411 0.250090458 -0.230767957 0.753749532
1642650019.599649906 -0.280453133 1.537768056 1.008994578 -0.558561671 0.244520037 -0.233669871 0.757375206
1642650019.607984066 -0.288627605 1.534885099 1.006808075 -0.554673684 0.239346980 -0.236525836 0.760989918
1642650019.616317034 -0.296907815 1.531995225 1.004547086 -0.550527915 0.234092659 -0.239170309 0.764798800
1642650019.624650002 -0.305304974 1.529087277 1.002074842 -0.546373760 0.228838936 -0.241801066 0.768531522
1642650019.632983923 -0.313816973 1.526218461 0.999434915 -0.542146490 0.223556196 -0.244471088 0.772226455
1642650019.641316891 -0.322420033 1.523359600 0.996677010 -0.537604314 0.217864983 -0.247455766 0.776068357
1642650019.649650097 -0.331186728 1.520551280 0.993738653 -0.532930486 0.211916840 -0.250492528 0.779955027
1642650019.657984018 -0.339997210 1.517827510 0.990569582 -0.528311708 0.206144684 -0.253531561 0.783653530
1642650019.666316986 -0.348955010 1.515116125 0.987093625 -0.523533690 0.199881268 -0.256944731 0.787362279
1642650019.674649954 -0.357920751 1.512461523 0.983431996 -0.518637317 0.193666767 -0.260526261 0.790970659
1642650019.682984114 -0.366908792 1.509921255 0.979542043 -0.513862129 0.187657625 -0.264033757 0.794365472
1642650019.691317081 -0.375729103 1.507529941 0.975252218 -0.509508498 0.182179630 -0.267585504 0.797251322
1642650019.699650049 -0.384475570 1.505261605 0.970744190 -0.505188140 0.176968008 -0.271215517 0.799943380
1642650019.707983971 -0.393291764 1.503085127 0.966145441 -0.500578510 0.171825409 -0.274808253 0.802731343
1642650019.716316938 -0.402142143 1.501019097 0.961281387 -0.496010174 0.166552992 -0.278465122 0.805413672
1642650019.724649906 -0.411044850 1.499069582 0.956100273 -0.491551901 0.160946133 -0.282254725 0.807963701
1642650019.732984066 -0.419905026 1.497237059 0.950688444 -0.487058759 0.155475237 -0.286116756 0.810393989
1642650019.741317034 -0.428711460 1.495536861 0.945025113 -0.482730045 0.150243534 -0.289909168 0.812619996
1642650019.749650002 -0.437478340 1.493924439 0.939143459 -0.478458329 0.144878964 -0.293805770 0.814718284
1642650019.757983923 -0.446419787 1.492410163 0.932972130 -0.474084037 0.138395145 -0.298009010 0.816873148
1642650019.766316891 -0.455336869 1.491043111 0.926553905 -0.469800500 0.131856239 -0.302208621 0.818884224
1642650019.774650097 -0.464052114 1.489811679 0.920000271 -0.465576412 0.125991582 -0.306309844 0.820694221
1642650019.782984018 -0.472688279 1.488709518 0.913289641 -0.461333420 0.120146318 -0.310433447 0.822415596
1642650019.791316986 -0.481261993 1.487740590 0.906402892 -0.457108468 0.114242088 -0.314598461 0.824031796
1642650019.799649954 -0.489659371 1.486925544 0.899361306 -0.453080362 0.108829098 -0.318646209 0.825432618
1642650019.807984114 -0.498040263 1.486206928 0.892171594 -0.448933648 0.102865783 -0.322926246 0.826798555
1642650019.816317081 -0.506608512 1.485610847 0.884917660 -0.444411416 0.096015658 -0.327207907 0.828380632
1642650019.824650049 -0.514944293 1.485155407 0.877556233 -0.440025950 0.089660298 -0.331420469 0.829758198
1642650019.832983971 -0.523065959 1.484801121 0.870133712 -0.435510433 0.083374654 -0.335866191 0.831007360
1642650019.841316938 -0.531019582 1.484601098 0.862617035 -0.431164175 0.077336702 -0.340263848 0.832067907
1642650019.849649906 -0.538694848 1.484558064 0.854994876 -0.427164624 0.071882516 -0.344588663 0.832839685
1642650019.857984066 -0.546180999 1.484653898 0.847321685 -0.423269508 0.066608149 -0.348921516 0.833462689
1642650019.866317034 -0.553507359 1.484894651 0.839603310 -0.419447973 0.061308822 -0.353351963 0.833934659
1642650019.874650002 -0.560762340 1.485533433 0.831585909 -0.416207539 0.055606582 -0.358009397 0.833971501
1642650019.882983923 -0.567864020 1.486196570 0.823753632 -0.412617491 0.050058000 -0.362563713 0.834139411
1642650019.891316891 -0.574725245 1.486783047 0.816199542 -0.408619061 0.044969722 -0.366936366 0.834485404
1642650019.899650097 -0.581268143 1.487476935 0.808712023 -0.404794035 0.040406760 -0.371391310 0.834612232
1642650019.907984018 -0.587616148 1.488316388 0.801238938 -0.401113452 0.035967008 -0.375882628 0.834581706
1642650019.916316986 -0.593825317 1.489352742 0.793770224 -0.397638890 0.031637251 -0.380250455 0.834441124
1642650019.924649954 -0.599869492 1.490507606 0.786372727 -0.394238963 0.027493567 -0.384538890 0.834235929
1642650019.932984114 -0.605714857 1.491790705 0.779032433 -0.391049072 0.023504661 -0.388786772 0.833890281
1642650019.941317081 -0.611214829 1.493140107 0.771863917 -0.387992847 0.020430517 -0.392779998 0.833527455
1642650019.949650049 -0.616689929 1.494582628 0.764768848 -0.384693422 0.016608071 -0.397018307 0.833133607
1642650019.957983971 -0.622085751 1.496174766 0.757818996 -0.381329631 0.012483918 -0.401361190 0.832671039
1642650019.966316938 -0.627161192 1.497873107 0.751107426 -0.378116733 0.009244863 -0.405504798 0.832170732
1642650019.974649906 -0.632043407 1.499679076 0.744445658 -0.375073136 0.005849717 -0.409793769 0.831477594
1642650019.982984066 -0.636754641 1.501583636 0.737931003 -0.372025725 0.002326028 -0.414184220 0.830688198
1642650019.991317034 -0.641240211 1.503568834 0.731642595 -0.368991876 -0.000920362 -0.418567595 0.829846562
1642650019.999650002 -0.645516727 1.505627236 0.725528327 -0.366088527 -0.004019675 -0.422927173 0.828912323
1642650020.007983923 -0.649594623 1.507769920 0.719613949 -0.363352587 -0.006979688 -0.427202396 0.827903554
1642650020.016316891 -0.653486389 1.510001804 0.713876338 -0.360808234 -0.009805744 -0.431347782 0.826837563
1642650020.024650097 -0.657154960 1.512288320 0.708353008 -0.358456628 -0.012417083 -0.435391433 0.825705130
1642650020.032984018 -0.660448212 1.514630466 0.703146171 -0.356488154 -0.014302646 -0.439346683 0.824430787
1642650020.041316986 -0.663480626 1.517056997 0.698179670 -0.354849985 -0.015833794 -0.443171692 0.823061134
1642650020.049649954 -0.666318812 1.519554616 0.693401496 -0.353456613 -0.017266664 -0.446892263 0.821618884
1642650020.057984114 -0.668877025 1.522109626 0.688874300 -0.352383539 -0.018365956 -0.450528176 0.820068836
1642650020.066317081 -0.671155855 1.524711152 0.684619363 -0.351571651 -0.019170413 -0.454097706 0.818428459
1642650020.074650049 -0.673146651 1.527352609 0.680630481 -0.351044936 -0.019595412 -0.457561383 0.816713569
1642650020.082983971 -0.674852886 1.530028946 0.676912793 -0.350763294 -0.019666754 -0.460927605 0.814938079
1642650020.091316938 -0.676289867 1.532733797 0.673464652 -0.350695848 -0.019473471 -0.464228163 0.813096193
1642650020.099649906 -0.677427782 1.535458195 0.670309764 -0.350792509 -0.018958318 -0.467541519 0.811165905
1642650020.107984066 -0.678289252 1.538178406 0.667447435 -0.350990015 -0.018175559 -0.470828868 0.809194560
1642650020.116317034 -0.678920310 1.540874774 0.664889080 -0.351230664 -0.017212343 -0.474030239 0.807239796
1642650020.124650002 -0.679318431 1.543549186 0.662650193 -0.351458928 -0.016057907 -0.477228382 0.805277491
1642650020.132983923 -0.679493815 1.546194787 0.660732477 -0.351730126 -0.014630925 -0.480328756 0.803340613
1642650020.141316891 -0.679496081 1.548827718 0.659105378 -0.351912022 -0.013147889 -0.483384632 0.801451408
1642650020.149650097 -0.679294505 1.551374604 0.657866384 -0.352064898 -0.011305049 -0.486307480 0.799642131
1642650020.157984018 -0.678928833 1.553871761 0.656938348 -0.352142287 -0.009331053 -0.489159200 0.797892235
1642650020.166316986 -0.678349137 1.556296858 0.656351864 -0.352220770 -0.007013632 -0.491901036 0.796193889
1642650020.174649954 -0.677591297 1.558637140 0.656122001 -0.352304153 -0.004409367 -0.494475032 0.794579627
1642650020.182984114 -0.676702670 1.560928726 0.656181111 -0.352296002 -0.001798859 -0.496978564 0.793030011
1642650020.191317081 -0.675622995 1.563152615 0.656537816 -0.352341001 0.001041707 -0.499376476 0.791503549
1642650020.199650049 -0.674487429 1.565316560 0.657134398 -0.352268323 0.003665830 -0.501681407 0.790069209
1642650020.207983971 -0.673082205 1.567353014 0.658165324 -0.352162492 0.006947808 -0.503857488 0.788708399
1642650020.216316938 -0.671418753 1.569274034 0.659576489 -0.352047904 0.010808929 -0.505916418 0.787396989
1642650020.224649906 -0.669688550 1.571114409 0.661247787 -0.351783735 0.014522685 -0.507906625 0.786173108
1642650020.232984066 -0.667843198 1.572854174 0.663227560 -0.351405923 0.018286543 -0.509801182 0.785036454
1642650020.241317034 -0.665842028 1.574476936 0.665515914 -0.350925622 0.022263703 -0.511643615 0.783949199
1642650020.249650002 -0.663721573 1.575963849 0.668085715 -0.350377451 0.026256556 -0.513400134 0.782921795
1642650020.257983923 -0.661506582 1.577356150 0.670910392 -0.349805489 0.030241044 -0.515041893 0.781954888
1642650020.266316891 -0.659133953 1.578653358 0.674021765 -0.349340628 0.034669973 -0.516490556 0.781022806
1642650020.274650097 -0.656539536 1.579807650 0.677517773 -0.348938972 0.039849861 -0.517743082 0.780125428
1642650020.282984018 -0.653940516 1.580830426 0.681220837 -0.348444546 0.044648607 -0.518896150 0.779320015
1642650020.291316986 -0.651212195 1.581714853 0.685197507 -0.348046320 0.049810820 -0.519799175 0.778582981
1642650020.299649954 -0.648502303 1.582455898 0.689463258 -0.347382975 0.054674526 -0.520611001 0.778010251
1642650020.307984114 -0.645707386 1.583058079 0.694022885 -0.346683583 0.059712989 -0.521253982 0.777521150
1642650020.316317081 -0.642795046 1.583511832 0.698795654 -0.346134294 0.065038688 -0.521618288 0.777094190
1642650020.324650049 -0.639883966 1.583831214 0.703758036 -0.345557829 0.070129002 -0.521799810 0.776786115
1642650020.332983971 -0.636822167 1.584014625 0.709012784 -0.345084288 0.075687138 -0.521754028 0.776505651
1642650020.341316938 -0.633594979 1.584039777 0.714589362 -0.344627682 0.081804131 -0.521457738 0.776287107
1642650020.349649906 -0.630308700 1.583913481 0.720404442 -0.344107665 0.087951419 -0.520997947 0.776154367
1642650020.357984066 -0.627036598 1.583646311 0.726376185 -0.343579649 0.093628311 -0.520465322 0.776081576
1642650020.366317034 -0.623650927 1.583207490 0.732650811 -0.343153056 0.099823805 -0.519261854 0.776304267
1642650020.374650002 -0.620012995 1.582669744 0.739156651 -0.342691386 0.106569384 -0.518480111 0.776133980
1642650020.382983923 -0.616290133 1.581873480 0.745917522 -0.341896039 0.113374739 -0.517825885 0.775957229
1642650020.391316891 -0.612366159 1.580762580 0.752872094 -0.341247552 0.120650293 -0.516472608 0.776047460
1642650020.399650097 -0.608469823 1.579569225 0.760119183 -0.340471591 0.127741508 -0.514848958 0.776332244
1642650020.407984018 -0.604662095 1.578248986 0.767651790 -0.339355449 0.134457541 -0.513002585 0.776908873
1642650020.416316986 -0.600640974 1.576852656 0.775228689 -0.338853406 0.141024727 -0.511259294 0.777112816
1642650020.424649954 -0.596449627 1.575235881 0.783029246 -0.338191047 0.147896533 -0.509338513 0.777385175
1642650020.432984114 -0.592147632 1.573233953 0.791156362 -0.336617232 0.155357772 -0.506876093 0.778221966
1642650020.441317081 -0.587675467 1.571051648 0.799464503 -0.334996455 0.162944937 -0.504320904 0.779029363
1642650020.449650049 -0.582984824 1.568737257 0.807916122 -0.333615670 0.170815093 -0.501656685 0.779655923
1642650020.457983971 -0.578187244 1.566245207 0.816522082 -0.332115736 0.178579696 -0.498907209 0.780320464
1642650020.466316938 -0.573316126 1.563571335 0.825318149 -0.330290183 0.185899412 -0.496276134 0.781063252
1642650020.474649906 -0.568246476 1.560736720 0.834184085 -0.328638280 0.193483735 -0.493382484 0.781751015
1642650020.482984066 -0.562929610 1.557722772 0.843110599 -0.327134972 0.201445899 -0.490262359 0.782333100
1642650020.491317034 -0.557441634 1.554545811 0.852158929 -0.325526928 0.209372237 -0.487055615 0.782925484
1642650020.499650002 -0.551697592 1.551178361 0.861261960 -0.323940992 0.217455053 -0.483754850 0.783426307
1642650020.507983923 -0.545690859 1.547652483 0.870430571 -0.322366731 0.225774190 -0.480313000 0.783839989
1642650020.516316891 -0.539514566 1.544037569 0.879664915 -0.320795456 0.234106057 -0.476690281 0.784251876
1642650020.524650097 -0.533093784 1.540305958 0.888938705 -0.319218056 0.242494716 -0.472968691 0.784599747
1642650020.532984018 -0.526394361 1.536471357 0.898200631 -0.317762156 0.251040239 -0.469090717 0.784831135
1642650020.541316986 -0.519413502 1.532540613 0.907435624 -0.316409880 0.259705210 -0.465166752 0.784893550
1642650020.549649954 -0.512101434 1.528495550 0.916656665 -0.315075994 0.268545239 -0.461221965 0.784783328
1642650020.557984114 -0.504468521 1.524368028 0.925826690 -0.313832521 0.277472729 -0.457294018 0.784474483
1642650020.566317081 -0.496559157 1.520178151 0.934921698 -0.312692707 0.286394368 -0.453352116 0.784011094
1642650020.574650049 -0.488341213 1.515937800 0.943906878 -0.311733941 0.295397635 -0.449347854 0.783357322
1642650020.582983971 -0.479911577 1.511695412 0.952769079 -0.310884451 0.303862221 -0.445604804 0.782595021
1642650020.591316938 -0.470810324 1.507358353 0.961373533 -0.310629991 0.313988461 -0.441051170 0.781277236
1642650020.599649906 -0.461320512 1.502964365 0.969822510 -0.310601762 0.324658093 -0.436097285 0.779706885
1642650020.607984066 -0.451814016 1.498547670 0.978236855 -0.310307066 0.334191910 -0.431477597 0.778365194
1642650020.616317034 -0.441855606 1.494086523 0.986441229 -0.310075461 0.344096982 -0.427532163 0.776316124
1642650020.624650002 -0.431740969 1.489668970 0.994391515 -0.310046973 0.353374708 -0.424029360 0.774077704
1642650020.632983923 -0.421523252 1.485197408 1.002216313 -0.309959250 0.362287713 -0.420047268 0.772161362
1642650020.641316891 -0.410827566 1.480534115 1.009898697 -0.309606544 0.371962652 -0.415940136 0.769922968
1642650020.649650097 -0.399890660 1.475797095 1.017417246 -0.309047974 0.381523533 -0.411992257 0.767588121
1642650020.657984018 -0.388867180 1.471055590 1.024782203 -0.308355956 0.390616217 -0.408155192 0.765339738
1642650020.666316986 -0.377649363 1.466264320 1.031958178 -0.307580546 0.399515673 -0.404442888 0.763025154
1642650020.674649954 -0.366218473 1.461431126 1.038925958 -0.306806728 0.408321889 -0.400743171 0.760623282
1642650020.682984114 -0.354461547 1.456558990 1.045629428 -0.306227246 0.417552912 -0.396805187 0.757905062
1642650020.691317081 -0.342555520 1.451672793 1.052096029 -0.305775895 0.426644764 -0.392758854 0.755126367
1642650020.699650049 -0.330647132 1.446830756 1.058345244 -0.305476243 0.435161774 -0.388715001 0.752475344
1642650020.707983971 -0.318615220 1.442010993 1.064338686 -0.305429794 0.443550349 -0.384489385 0.749762390
1642650020.716316938 -0.306427497 1.437221735 1.070120231 -0.305469488 0.451924330 -0.380124515 0.746965960
1642650020.724649906 -0.294108580 1.432460550 1.075685373 -0.305511619 0.460230674 -0.375719794 0.744100137
1642650020.732984066 -0.281712849 1.427729701 1.081025812 -0.305535219 0.468339936 -0.371293732 0.741246855
1642650020.741317034 -0.269223434 1.423036867 1.086093294 -0.305623965 0.476416181 -0.366874591 0.738257847
1642650020.749650002 -0.256734430 1.418396042 1.090955970 -0.305712067 0.483971451 -0.362731093 0.735348843
1642650020.757983923 -0.244335037 1.413891521 1.095724469 -0.305606952 0.490904707 -0.358759651 0.732740385
1642650020.766316891 -0.231954472 1.409538327 1.100248538 -0.305620479 0.497583872 -0.354849385 0.730128980
1642650020.774650097 -0.219537703 1.405300964 1.104487812 -0.305825868 0.504100042 -0.350991571 0.727432886
1642650020.782984018 -0.207163841 1.401246330 1.108530700 -0.306100146 0.510317514 -0.347207564 0.724793518
1642650020.791316986 -0.194874490 1.397452440 1.112337451 -0.306667951 0.516149725 -0.343530541 0.722171030
1642650020.799649954 -0.182706255 1.393946823 1.115952095 -0.307496355 0.521488233 -0.340016798 0.719641988
1642650020.807984114 -0.170612920 1.390679279 1.119317274 -0.308690178 0.526543555 -0.336486835 0.717104503
1642650020.816317081 -0.158590507 1.387712034 1.122349968 -0.310485037 0.531501211 -0.332664532 0.714450708
1642650020.824650049 -0.146701644 1.385043710 1.125181095 -0.312630915 0.536113641 -0.328818778 0.711844285
1642650020.832983971 -0.134838863 1.382648882 1.127726779 -0.315313695 0.540666275 -0.325427696 0.708769403
1642650020.841316938 -0.123117197 1.380491170 1.130110110 -0.318166188 0.544931339 -0.321930019 0.705819506
1642650020.849649906 -0.111568649 1.378537287 1.132358954 -0.321010250 0.548925739 -0.317868841 0.703272602
1642650020.857984066 -0.100362734 1.376974524 1.134619749 -0.324123522 0.551909314 -0.311481905 0.702366766
1642650020.866317034 -0.089279446 1.375696895 1.136693324 -0.327518768 0.554723645 -0.304851876 0.701483049
1642650020.874650002 -0.078193107 1.374630015 1.138475217 -0.331077752 0.557863742 -0.299840432 0.699479294
1642650020.882983923 -0.067234416 1.373810752 1.140068659 -0.334764657 0.560862498 -0.294786122 0.697471881
1642650020.891316891 -0.056310521 1.373178344 1.141391839 -0.338549509 0.564032251 -0.289748873 0.695195973
1642650020.899650097 -0.045582391 1.372761749 1.142605956 -0.342309225 0.566893112 -0.284841214 0.693052723
1642650020.907984018 -0.035011386 1.372559204 1.143647492 -0.346084023 0.569688857 -0.279924916 0.690885299
1642650020.916316986 -0.024502421 1.372532695 1.144438703 -0.349878040 0.572583852 -0.275205934 0.688472790
1642650020.924649954 -0.014226836 1.372658140 1.145158395 -0.353545482 0.575036319 -0.271150666 0.686160434
1642650020.932984114 -0.004144655 1.372947390 1.145802807 -0.357029063 0.577317886 -0.267535096 0.683856183
1642650020.941317081 0.005852868 1.373394398 1.146257176 -0.360414075 0.579721894 -0.264211613 0.681334311
1642650020.949650049 0.015713290 1.374008508 1.146557401 -0.363717175 0.582033656 -0.261278819 0.678734130
1642650020.957983971 0.025326202 1.374885313 1.146798405 -0.366921383 0.583890530 -0.257815166 0.676736203
1642650020.966316938 0.034743919 1.375966268 1.146918074 -0.370101927 0.585415239 -0.254189871 0.675056346
1642650020.974649906 0.044084272 1.377223380 1.146678733 -0.373550445 0.587174339 -0.250943304 0.672840114
1642650020.982984066 0.053265485 1.378680666 1.146280940 -0.377009682 0.588779904 -0.247965354 0.670608013
1642650020.991317034 0.062258634 1.380304323 1.145782143 -0.380347500 0.590195940 -0.245254890 0.668471818
1642650020.999650002 0.071133568 1.382067728 1.145021211 -0.383685145 0.591834265 -0.242560622 0.666094780
1642650021.007983923 0.079882234 1.383971208 1.144061035 -0.386960469 0.593565514 -0.239972473 0.663592336
1642650021.016316891 0.088476656 1.386033399 1.142909103 -0.390200455 0.595318054 -0.237517622 0.661003327
1642650021.024650097 0.096942384 1.388250001 1.141513955 -0.393627835 0.597152771 -0.235464564 0.658044174
1642650021.032984018 0.105241792 1.390609289 1.139927989 -0.396928117 0.599092767 -0.233343744 0.655047039
1642650021.041316986 0.113359678 1.393084143 1.138169767 -0.399935797 0.601140295 -0.230985145 0.652171424
1642650021.049649954 0.121268543 1.395705199 1.136211066 -0.402949947 0.603153282 -0.228746131 0.649240068
1642650021.057984114 0.129024112 1.398464631 1.134022091 -0.405945859 0.605250428 -0.226694538 0.646134247
1642650021.066317081 0.136597884 1.401358165 1.131609775 -0.408920364 0.607412652 -0.224844348 0.642867814
1642650021.074650049 0.143912011 1.404407742 1.128998419 -0.411930971 0.609488538 -0.223102844 0.639579330
1642650021.082983971 0.150989517 1.407607215 1.126169290 -0.414982373 0.611540967 -0.221462617 0.636208759
1642650021.091316938 0.157804969 1.410963091 1.123137912 -0.418089965 0.613499172 -0.219915251 0.632816585
1642650021.099649906 0.164342763 1.414470156 1.119903041 -0.421261794 0.615341340 -0.218527063 0.629396106
1642650021.107984066 0.170592558 1.418113870 1.116451305 -0.424471558 0.617118051 -0.217230183 0.625939498
1642650021.116317034 0.176555975 1.421880471 1.112796174 -0.427700228 0.618816098 -0.215994749 0.622483269
1642650021.124650002 0.182226612 1.425753805 1.108976835 -0.430903735 0.620369017 -0.214884756 0.619103218
1642650021.132983923 0.187599539 1.429718986 1.104984774 -0.434086819 0.621770049 -0.214019930 0.615764654
1642650021.141316891 0.192679737 1.433747698 1.100821535 -0.437206058 0.623121027 -0.213303658 0.612431709
1642650021.149650097 0.197466385 1.437827362 1.096533911 -0.440177282 0.624382424 -0.212724724 0.609211573
1642650021.157984018 0.201993557 1.441960032 1.092090733 -0.443025376 0.625612863 -0.212352391 0.606006208
1642650021.166316986 0.206226334 1.446114061 1.087529914 -0.445706273 0.626777322 -0.212190189 0.602885918
1642650021.174649954 0.210164374 1.450256397 1.082679540 -0.448388123 0.628213799 -0.212008394 0.599456383
1642650021.182984114 0.213842915 1.454322078 1.077978585 -0.450508479 0.629032918 -0.212658727 0.596771283
1642650021.191317081 0.217221498 1.458363114 1.073417663 -0.452156811 0.629351830 -0.213838723 0.594763392
1642650021.199650049 0.220293741 1.462405544 1.068617050 -0.453792001 0.629946344 -0.214809015 0.592534818
1642650021.207983971 0.223076234 1.466381934 1.063783617 -0.455156893 0.630382771 -0.215991581 0.590590723
1642650021.216316938 0.225616381 1.470270154 1.058819083 -0.456317092 0.630854887 -0.217265810 0.588720978
1642650021.224649906 0.227922477 1.474098628 1.053775787 -0.457254461 0.631305008 -0.218772370 0.586950590
1642650021.232984066 0.229970699 1.477838060 1.048697398 -0.457944196 0.631669933 -0.220509886 0.585367918
1642650021.241317034 0.231747723 1.481463790 1.043471534 -0.458467338 0.632199402 -0.222119550 0.583776089
1642650021.249650002 0.233302330 1.484922585 1.038172017 -0.458658102 0.632798448 -0.223854934 0.582312492
1642650021.257983923 0.234635788 1.488210880 1.032898939 -0.458439640 0.633247378 -0.225952851 0.581185137
1642650021.266316891 0.235704403 1.491389567 1.027632021 -0.457981870 0.633554466 -0.228249851 0.580313149
1642650021.274650097 0.236524398 1.494452239 1.022359903 -0.457328229 0.633728998 -0.230726186 0.579658412
1642650021.282984018 0.237100787 1.497411010 1.017047544 -0.456562625 0.633828365 -0.233297983 0.579123669
1642650021.291316986 0.237411446 1.500276441 1.011670517 -0.455795157 0.633814391 -0.235926326 0.578678548
1642650021.299649954 0.237465584 1.503061488 1.006267803 -0.455026563 0.633677110 -0.238603231 0.578336101
1642650021.307984114 0.237258166 1.505786955 1.000853307 -0.454337129 0.633379977 -0.241304026 0.578082991
1642650021.316317081 0.236767835 1.508467153 0.995399613 -0.453806775 0.632904375 -0.243992285 0.577892056
1642650021.324650049 0.235989058 1.511106367 0.989882528 -0.453505898 0.632216605 -0.246723335 0.577721525
1642650021.332983971 0.234925844 1.513713933 0.984340975 -0.453454665 0.631266409 -0.249536534 0.577592508
1642650021.341316938 0.233602544 1.516260232 0.978778010 -0.453593255 0.630193578 -0.252327044 0.577442877
1642650021.349649906 0.231996508 1.518748231 0.973193075 -0.453970148 0.628882201 -0.255166724 0.577328523
1642650021.357984066 0.230140849 1.521168598 0.967609717 -0.454562407 0.627419502 -0.258012539 0.577189151
1642650021.366317034 0.228069438 1.523497378 0.962054949 -0.455293170 0.625953404 -0.260748233 0.576975584
1642650021.374650002 0.225761624 1.525737470 0.956570897 -0.456165719 0.624323495 -0.263438141 0.576830440
1642650021.382983923 0.223270676 1.527878637 0.951181809 -0.457140489 0.622674626 -0.266015842 0.576658006
1642650021.391316891 0.220621156 1.529905838 0.945918975 -0.458166052 0.621104817 -0.268420916 0.576422489
1642650021.399650097 0.217822183 1.531802565 0.940782628 -0.459322678 0.619508581 -0.271097137 0.575967133
1642650021.407984018 0.214880170 1.533557972 0.935846108 -0.460373087 0.617936587 -0.273633920 0.575617471
1642650021.416316986 0.211770570 1.535194054 0.931166348 -0.461212331 0.616364845 -0.275724484 0.575633193
1642650021.424649954 0.208500613 1.536715081 0.926722914 -0.462004248 0.614704690 -0.277861645 0.575745712
1642650021.432984114 0.205084478 1.538106649 0.922532889 -0.462741630 0.612932671 -0.280146936 0.575935255
1642650021.441317081 0.201536368 1.539365561 0.918609762 -0.463392457 0.611096050 -0.282580564 0.576174690
1642650021.449650049 0.197854076 1.540489888 0.914971987 -0.463950772 0.609255543 -0.285109706 0.576428504
1642650021.457983971 0.194020052 1.541484285 0.911669170 -0.464384597 0.607295707 -0.287798757 0.576810841
1642650021.466316938 0.190041709 1.542344029 0.908716903 -0.464639400 0.605305797 -0.290589200 0.577298049
1642650021.474649906 0.185903853 1.543065627 0.906134360 -0.464682838 0.603262874 -0.293487977 0.577934747
1642650021.482984066 0.181573081 1.543634409 0.903971243 -0.464421240 0.600972704 -0.296641682 0.578920058
1642650021.491317034 0.177043964 1.544081316 0.902258335 -0.463854044 0.598558805 -0.299891885 0.580199655
1642650021.499650002 0.172331808 1.544367478 0.901088483 -0.462832349 0.595850893 -0.303395357 0.581978683
1642650021.507983923 0.167436383 1.544449097 0.900280590 -0.461493594 0.593041202 -0.307067095 0.583982530
1642650021.516316891 0.162305987 1.544432020 0.899801502 -0.460001007 0.590284787 -0.310635054 0.586062118
1642650021.524650097 0.156928847 1.544307137 0.899759568 -0.458251013 0.587364070 -0.314175766 0.588475188
1642650021.532984018 0.151337568 1.544014637 0.900106224 -0.456232449 0.584370120 -0.317663939 0.591145614
1642650021.541316986 0.145528404 1.543570237 0.900849124 -0.453956340 0.581327180 -0.321021824 0.594076880
1642650021.549649954 0.139520549 1.542955658 0.901851163 -0.451553389 0.578542466 -0.324042501 0.596979573
1642650021.557984114 0.133366735 1.542120936 0.902945978 -0.449126804 0.576286972 -0.326748544 0.599511325
1642650021.566317081 0.126805596 1.541297208 0.904712005 -0.446341690 0.573023799 -0.329600225 0.603147174
1642650021.574650049 0.119897992 1.540431341 0.906937298 -0.443402163 0.569210344 -0.332363439 0.607394970
1642650021.582983971 0.112933413 1.539322467 0.909121553 -0.440516433 0.566249201 -0.334686402 0.610976372
1642650021.591316938 0.105748593 1.538106717 0.911585002 -0.437519439 0.563087191 -0.336988916 0.614774776
1642650021.599649906 0.098294709 1.536825605 0.914256436 -0.434691786 0.559385390 -0.339498757 0.618766217
1642650021.607984066 0.090665212 1.535470441 0.917036007 -0.432056963 0.555714120 -0.341807935 0.622636277
1642650021.616317034 0.082929250 1.534024202 0.919865936 -0.429567442 0.552520159 -0.343559773 0.626226771
1642650021.624650002 0.075033570 1.532519339 0.922759413 -0.427356206 0.549354055 -0.345056317 0.629692729
1642650021.632983923 0.066931059 1.531006828 0.925758990 -0.425474173 0.545974182 -0.346373060 0.633174244
1642650021.641316891 0.058660646 1.529454448 0.928787566 -0.423981395 0.542473463 -0.347455458 0.636582299
1642650021.649650097 0.050282163 1.527821531 0.931785698 -0.422831098 0.539123532 -0.348176579 0.639791177
1642650021.657984018 0.041897523 1.526036402 0.934721980 -0.421884163 0.536431031 -0.348296250 0.642608141
1642650021.666316986 0.033370856 1.524190045 0.937756290 -0.421129874 0.533604914 -0.348277800 0.645459526
1642650021.674649954 0.024705965 1.522284596 0.940914565 -0.420462383 0.530637374 -0.348152819 0.648401863
1642650021.682984114 0.016086610 1.520207427 0.944039519 -0.419796517 0.528334123 -0.347575424 0.651018635
1642650021.691317081 0.007285228 1.518093348 0.947284828 -0.419219658 0.525608978 -0.346964688 0.653915580
1642650021.699650049 -0.001584260 1.515896121 0.950591560 -0.418650352 0.522696328 -0.346420534 0.656896677
1642650021.707983971 -0.010334156 1.513551897 0.953814126 -0.418069015 0.520465663 -0.345664631 0.659431387
1642650021.716316938 -0.019208481 1.511189737 0.957063678 -0.417641940 0.517825226 -0.345038451 0.662103249
1642650021.724649906 -0.028101962 1.508775302 0.960311259 -0.417143517 0.515234626 -0.344194685 0.664871856
1642650021.732984066 -0.036951034 1.506289076 0.963539459 -0.416606546 0.512900434 -0.343255453 0.667493689
1642650021.741317034 -0.045756874 1.503727781 0.966753197 -0.416096596 0.510653933 -0.342503252 0.669916193
1642650021.749650002 -0.054700380 1.501111784 0.970227728 -0.415221499 0.507584068 -0.342254469 0.672912624
1642650021.757983923 -0.063669861 1.498413415 0.973798001 -0.414076800 0.504248592 -0.342198982 0.676146151
1642650021.766316891 -0.072365782 1.495574569 0.977165134 -0.412802859 0.502186459 -0.341531501 0.678792158
1642650021.774650097 -0.080998951 1.492665222 0.980582723 -0.411195570 0.500152535 -0.340924953 0.681568648
1642650021.782984018 -0.089613187 1.489709946 0.984067725 -0.409224358 0.497800344 -0.340625981 0.684619736
1642650021.791316986 -0.098223651 1.486733885 0.987565892 -0.407028959 0.494894528 -0.340864083 0.687908794
1642650021.799649954 -0.106709062 1.483757968 0.990988775 -0.404634211 0.492061892 -0.341252344 0.691153447
1642650021.807984114 -0.114862216 1.480769627 0.994195075 -0.402182899 0.490203983 -0.341778798 0.693639837
1642650021.816317081 -0.123176887 1.478286336 0.997473320 -0.400525844 0.487307440 -0.338867382 0.698054013
1642650021.824650049 -0.131548437 1.475883774 1.000763798 -0.398485556 0.483615796 -0.335713847 0.703293137
1642650021.832983971 -0.139371347 1.473083605 1.003613015 -0.395454390 0.481539476 -0.335508535 0.706519342
1642650021.841316938 -0.146898160 1.470301696 1.006253975 -0.392182772 0.480232475 -0.334845711 0.709540551
1642650021.849649906 -0.154396480 1.467675110 1.008875165 -0.388631107 0.478408031 -0.334193045 0.713026386
1642650021.857984066 -0.161596939 1.465160650 1.011147345 -0.385145948 0.476989396 -0.333414964 0.716224948
1642650021.866317034 -0.168509354 1.462751001 1.013094366 -0.381679457 0.475818223 -0.332616942 0.719224430
1642650021.874650002 -0.175127971 1.460353694 1.014715248 -0.377912990 0.474982101 -0.332249900 0.721930592
1642650021.882983923 -0.181443901 1.458131050 1.015907060 -0.374348308 0.474387275 -0.332035618 0.724273709
1642650021.891316891 -0.187538800 1.456334117 1.016650801 -0.371583188 0.473560256 -0.331290009 0.726576595
1642650021.899650097 -0.193334010 1.454786857 1.016918044 -0.369198270 0.472903088 -0.330406239 0.728619945
1642650021.907984018 -0.198595284 1.452794205 1.016747897 -0.364868798 0.474080668 -0.330375779 0.730048029
1642650021.916316986 -0.203564046 1.451062442 1.016105291 -0.360830824 0.475344361 -0.330480647 0.731184927
1642650021.924649954 -0.208657869 1.450796792 1.014971391 -0.361364718 0.473301615 -0.329361210 0.732749832
1642650021.932984114 -0.213446055 1.450756204 1.013370138 -0.362206119 0.471237782 -0.328410936 0.734089870
1642650021.941317081 -0.217798333 1.450427455 1.011367340 -0.361229099 0.470611188 -0.328470628 0.734946048
1642650021.949650049 -0.221875965 1.450378275 1.008925833 -0.360629499 0.469871724 -0.328807944 0.735562549
1642650021.957983971 -0.225665070 1.450605053 1.006054247 -0.360416779 0.469122728 -0.329294963 0.735926925
1642650021.966316938 -0.229187344 1.451093018 1.002792084 -0.360567710 0.468355442 -0.329876717 0.736081149
1642650021.974649906 -0.232475556 1.451853095 0.999190335 -0.361036278 0.467446406 -0.330639993 0.736086855
1642650021.982984066 -0.235516333 1.452870929 0.995255794 -0.361754340 0.466525573 -0.331791258 0.735800413
1642650021.991317034 -0.238350850 1.454066578 0.991026714 -0.362694649 0.465469560 -0.332964392 0.735476305
1642650021.999650002 -0.241063066 1.455641293 0.986528896 -0.364395800 0.463844682 -0.333910935 0.735232819
1642650022.007983923 -0.243378388 1.456510503 0.981899385 -0.363201778 0.464119025 -0.335738680 0.734818030
1642650022.016316891 -0.245457149 1.457377100 0.977063154 -0.361626679 0.464653581 -0.338198890 0.734128534
1642650022.024650097 -0.247532170 1.459356511 0.971914013 -0.363281212 0.463227177 -0.340774844 0.733021043
1642650022.032984018 -0.249914736 1.462450729 0.966679770 -0.367930726 0.459079077 -0.342111760 0.732688833
1642650022.041316986 -0.252342452 1.465659883 0.961439066 -0.372408746 0.454452836 -0.342308254 0.733218525
1642650022.049649954 -0.254312202 1.467983308 0.956142914 -0.373778015 0.452171663 -0.343691649 0.733284960
1642650022.057984114 -0.255769545 1.469725783 0.950662363 -0.373081015 0.451908655 -0.348409370 0.731573670
1642650022.066317081 -0.257182253 1.471535940 0.945157991 -0.372322707 0.451425322 -0.353034917 0.730039265
1642650022.074650049 -0.258935292 1.474017497 0.939736513 -0.373453446 0.448717636 -0.354886513 0.730233229
1642650022.082983971 -0.260882366 1.476651524 0.934435932 -0.374865776 0.445019276 -0.354593539 0.731913189
1642650022.091316938 -0.262788561 1.479258151 0.929156727 -0.376056370 0.441142076 -0.354398304 0.733741861
1642650022.099649906 -0.264127859 1.481465955 0.923727207 -0.376147057 0.439216212 -0.356608937 0.733779651
1642650022.107984066 -0.265377358 1.483587443 0.918295592 -0.376170578 0.436950149 -0.359080782 0.733915019
1642650022.116317034 -0.266584636 1.485787492 0.912893288 -0.376516052 0.434307623 -0.360874523 0.734426396
1642650022.124650002 -0.267668505 1.487939193 0.907557257 -0.376742139 0.431985536 -0.362388540 0.734934285
1642650022.132983923 -0.268942753 1.490102685 0.902336258 -0.376993838 0.428157549 -0.364660193 0.735920990
1642650022.141316891 -0.270116275 1.492175879 0.897140943 -0.377312685 0.424286661 -0.366862823 0.736904089
1642650022.149650097 -0.271091073 1.494134294 0.892039107 -0.377569338 0.421266894 -0.368329732 0.737772870
1642650022.157984018 -0.271749845 1.495927581 0.886845942 -0.378125726 0.419094804 -0.369435442 0.738172022
1642650022.166316986 -0.272414508 1.497615621 0.881797092 -0.378764572 0.416153903 -0.370934503 0.738756335
1642650022.174649954 -0.273350777 1.499298691 0.877082283 -0.379284472 0.411790016 -0.372673318 0.740058694
1642650022.182984114 -0.273700010 1.500681082 0.872102442 -0.380382739 0.409091368 -0.373935998 0.740354708
1642650022.191317081 -0.274052911 1.501949798 0.867344536 -0.381429098 0.406087684 -0.375063370 0.740899524
1642650022.199650049 -0.274609907 1.503168295 0.862897027 -0.382337989 0.402148916 -0.376160508 0.742022361
1642650022.207983971 -0.274693966 1.504078375 0.858343962 -0.383650864 0.399457095 -0.376895660 0.742425555
1642650022.216316938 -0.274660821 1.504835410 0.853914355 -0.385095445 0.396842961 -0.377495551 0.742774711
1642650022.224649906 -0.274531835 1.505438468 0.849629550 -0.386646641 0.394245612 -0.377955098 0.743118238
1642650022.232984066 -0.274247230 1.505879913 0.845479736 -0.388389941 0.391907780 -0.378157098 0.743342959
1642650022.241317034 -0.273815097 1.506193124 0.841486207 -0.390334057 0.389774735 -0.378155742 0.743446847
1642650022.249650002 -0.273253086 1.506385324 0.837677407 -0.392481217 0.387777962 -0.377926229 0.743477311
1642650022.257983923 -0.272513729 1.506429920 0.834060253 -0.394828000 0.386137852 -0.377395388 0.743358010
1642650022.266316891 -0.271600717 1.506313987 0.830637619 -0.397455591 0.384914168 -0.376444383 0.743074534
1642650022.274650097 -0.270551184 1.506053499 0.827465875 -0.400317850 0.383886595 -0.375039313 0.742780058
1642650022.282984018 -0.269349385 1.505622930 0.824591146 -0.403092668 0.383079231 -0.373463691 0.742490051
1642650022.291316986 -0.267996284 1.505020587 0.821961998 -0.405803239 0.382601842 -0.371812819 0.742088127
1642650022.299649954 -0.266529177 1.504271959 0.819596017 -0.408549416 0.382335247 -0.369943270 0.741652959
1642650022.307984114 -0.264836837 1.503348884 0.817417974 -0.411415788 0.382566854 -0.367943134 0.740943656
1642650022.316317081 -0.263011732 1.502315598 0.815493393 -0.414363674 0.382989599 -0.365890865 0.740098364
1642650022.324650049 -0.261214142 1.501264290 0.813916284 -0.417366952 0.383182100 -0.363713705 0.739383964
1642650022.332983971 -0.259483463 1.500202951 0.812717208 -0.420379937 0.383018148 -0.361440322 0.738876648
1642650022.341316938 -0.257686007 1.499068976 0.811847261 -0.423407116 0.382929959 -0.359076250 0.738346333
1642650022.349649906 -0.255620984 1.497804966 0.811180071 -0.426656907 0.383623728 -0.356473070 0.737376206
1642650022.357984066 -0.253449708 1.496478648 0.810829750 -0.429975488 0.384565330 -0.353715172 0.736285382
1642650022.366317034 -0.251237960 1.495099194 0.810871677 -0.433201444 0.385503483 -0.350896600 0.735251760
1642650022.374650002 -0.248953666 1.493652490 0.811340090 -0.436273001 0.386501859 -0.347997543 0.734288698
1642650022.382983923 -0.246574764 1.492160139 0.812110224 -0.439414550 0.387838323 -0.344879882 0.733180848
1642650022.391316891 -0.244165147 1.490629318 0.813209953 -0.442687181 0.389214767 -0.341488011 0.732069575
1642650022.399650097 -0.241677433 1.489040155 0.814751782 -0.445755791 0.390639858 -0.338052396 0.731042307
1642650022.407984018 -0.239072642 1.487390585 0.816701366 -0.448549091 0.392437222 -0.334628065 0.729945750
1642650022.416316986 -0.236409381 1.485666706 0.819147550 -0.450978130 0.394264629 -0.331194472 0.729029732
1642650022.424649954 -0.233668438 1.483913533 0.822020351 -0.453202963 0.396333639 -0.327587085 0.728157553
1642650022.432984114 -0.230865651 1.482184377 0.825205816 -0.455448483 0.398762208 -0.323679201 0.727177527
1642650022.441317081 -0.228017673 1.480402536 0.828851446 -0.457340341 0.401285760 -0.319693746 0.726364550
1642650022.449650049 -0.225034776 1.478565557 0.832853715 -0.459034589 0.404397224 -0.315478136 0.725412763
1642650022.457983971 -0.221985506 1.476766762 0.837095932 -0.460773209 0.407853335 -0.311092391 0.724268756
1642650022.466316938 -0.219024265 1.474978038 0.841819797 -0.462128010 0.410794913 -0.306897322 0.723532498
1642650022.474649906 -0.215966955 1.473111431 0.846916928 -0.463128573 0.413822896 -0.302842010 0.722875683
1642650022.482984066 -0.212765442 1.471264282 0.852256912 -0.464044503 0.417355577 -0.298703120 0.721978855
1642650022.491317034 -0.209589442 1.469496060 0.857933133 -0.464841073 0.420858357 -0.294520001 0.721151155
1642650022.499650002 -0.206408898 1.467720721 0.863909458 -0.465435378 0.424250846 -0.290430419 0.720438270
1642650022.507983923 -0.203132098 1.465907772 0.870126806 -0.465845987 0.427773851 -0.286412492 0.719697806
1642650022.516316891 -0.199976709 1.464197459 0.876642146 -0.466161435 0.430910225 -0.282407269 0.719205137
1642650022.524650097 -0.196884732 1.462606302 0.883363908 -0.466527484 0.433901645 -0.278375887 0.718740797
1642650022.532984018 -0.193585768 1.460989391 0.890145345 -0.466937398 0.437347300 -0.274467419 0.717888878
1642650022.541316986 -0.190205966 1.459400718 0.897039230 -0.467371468 0.440966698 -0.270598278 0.716860414
1642650022.549649954 -0.186847392 1.457898460 0.904071441 -0.467832670 0.444361498 -0.266889278 0.715853033
1642650022.557984114 -0.183521192 1.456350223 0.911258668 -0.468023775 0.447375792 -0.263528402 0.715095398
1642650022.566317081 -0.180114530 1.454812258 0.918528251 -0.468167881 0.450612857 -0.260053799 0.714240093
1642650022.574650049 -0.176564391 1.453371418 0.925810242 -0.468485699 0.454425754 -0.256322606 0.712963607
1642650022.582983971 -0.172969361 1.451994694 0.933130029 -0.468889111 0.458289513 -0.252524865 0.711579171
1642650022.591316938 -0.169212465 1.450743166 0.940283851 -0.469754316 0.462794110 -0.248276314 0.709585349
1642650022.599649906 -0.165487240 1.449572774 0.947493686 -0.470688970 0.466872977 -0.244264660 0.707683752
1642650022.607984066 -0.161863334 1.448471854 0.954889726 -0.471450157 0.470181429 -0.240616694 0.706234933
1642650022.616317034 -0.158133169 1.447434273 0.962237003 -0.472193142 0.473795627 -0.236925786 0.704569026
1642650022.624650002 -0.154371790 1.446470215 0.969544390 -0.472958701 0.477275537 -0.233456992 0.702862691
1642650022.632983923 -0.150560073 1.445585032 0.976753671 -0.473811654 0.480807147 -0.230080545 0.700992116
1642650022.641316891 -0.146715167 1.444800667 0.983769411 -0.474936517 0.484513331 -0.226669954 0.698786712
1642650022.649650097 -0.142831175 1.444156264 0.990598748 -0.476257575 0.488447940 -0.223261968 0.696240925
1642650022.657984018 -0.139024142 1.443692350 0.997396089 -0.477657356 0.491855699 -0.220132526 0.693875416
1642650022.666316986 -0.135336369 1.443293771 1.004201188 -0.478993746 0.494527895 -0.217513481 0.691877907
1642650022.674649954 -0.131642129 1.442895247 1.011010454 -0.479974025 0.497072389 -0.215375698 0.690041509
1642650022.682984114 -0.127846881 1.442581489 1.017569479 -0.481106043 0.500174234 -0.213076647 0.687721640
1642650022.691317081 -0.124078354 1.442406348 1.023924454 -0.482431484 0.503452816 -0.210757851 0.685110396
1642650022.699650049 -0.120426286 1.442385858 1.030314487 -0.483583931 0.506326874 -0.208875797 0.682752210
1642650022.707983971 -0.116845530 1.442481185 1.036691705 -0.484577049 0.508923776 -0.207402878 0.680562797
1642650022.716316938 -0.113340941 1.442706741 1.043053334 -0.485415393 0.511163199 -0.206441160 0.678576546
1642650022.724649906 -0.109883678 1.443079034 1.049353930 -0.486128966 0.513308373 -0.205827770 0.676629937
1642650022.732984066 -0.106494667 1.443602536 1.055567999 -0.486793236 0.515317180 -0.205567757 0.674701747
1642650022.741317034 -0.103177166 1.444295284 1.061677583 -0.487437155 0.517258990 -0.205623777 0.672731016
1642650022.749650002 -0.099956235 1.445156298 1.067735351 -0.487987959 0.519105382 -0.205939724 0.670810096
1642650022.757983923 -0.096837027 1.446158534 1.073872802 -0.488209406 0.520622470 -0.206675440 0.669245158
1642650022.766316891 -0.093828809 1.447350865 1.080001043 -0.488298878 0.522054058 -0.207540511 0.667795404
1642650022.774650097 -0.090955567 1.448725141 1.086053993 -0.488404725 0.523529674 -0.208379085 0.666299979
1642650022.782984018 -0.088271716 1.450279507 1.092253449 -0.488199142 0.524633634 -0.209396708 0.665262479
1642650022.791316986 -0.085743743 1.452027608 1.098480324 -0.487861813 0.525566740 -0.210531121 0.664414856
1642650022.799649954 -0.083303245 1.453952355 1.104536198 -0.487610225 0.526738403 -0.211653493 0.663314196
1642650022.807984114 -0.081017454 1.456056389 1.110557417 -0.487296568 0.527791609 -0.212930480 0.662298032
1642650022.816317081 -0.078889659 1.458334697 1.116551843 -0.486925005 0.528648232 -0.214426139 0.661404957
1642650022.824650049 -0.076907994 1.460761432 1.122489006 -0.486512436 0.529399417 -0.216053205 0.660577717
1642650022.832983971 -0.075105153 1.463336288 1.128377075 -0.486099370 0.529992946 -0.217746355 0.659849532
1642650022.841316938 -0.073500355 1.466068075 1.134132028 -0.485843915 0.530609702 -0.219275197 0.659035222
1642650022.849649906 -0.072076243 1.468935209 1.139799321 -0.485638635 0.531219592 -0.220662117 0.658231791
1642650022.857984066 -0.070805516 1.471913586 1.145476753 -0.485306207 0.531695147 -0.222029689 0.657632856
1642650022.866317034 -0.069680531 1.474986902 1.151087619 -0.484933248 0.532181485 -0.223291616 0.657087107
1642650022.874650002 -0.068734103 1.478168765 1.156632262 -0.484553754 0.532614824 -0.224405524 0.656636330
1642650022.882983923 -0.067928456 1.481431009 1.162087574 -0.484146511 0.533070646 -0.225398561 0.656226585
1642650022.891316891 -0.067266702 1.484758537 1.167434353 -0.483724758 0.533484679 -0.226340428 0.655876868
1642650022.899650097 -0.066738865 1.488140565 1.172656279 -0.483293222 0.533896424 -0.227205923 0.655560629
1642650022.907984018 -0.066346806 1.491572661 1.177764437 -0.482860131 0.534260116 -0.228027007 0.655298334
1642650022.916316986 -0.066104972 1.495049285 1.182771462 -0.482445774 0.534479369 -0.228838802 0.655141727
1642650022.924649954 -0.066002016 1.498562699 1.187671075 -0.482052910 0.534587141 -0.229607698 0.655073954
1642650022.932984114 -0.066025437 1.502113533 1.192449430 -0.481688685 0.534643213 -0.230303302 0.655051933
1642650022.941317081 -0.066221914 1.505688727 1.197161180 -0.481323465 0.534479947 -0.231014081 0.655203329
1642650022.949650049 -0.066555072 1.509288622 1.201748475 -0.481001907 0.534183818 -0.231763178 0.655416389
1642650022.957983971 -0.066939339 1.512890111 1.206127696 -0.480741694 0.534006772 -0.232505511 0.655488656
1642650022.966316938 -0.067422949 1.516468713 1.210404143 -0.480391900 0.533760810 -0.233327040 0.655653501
1642650022.974649906 -0.068093230 1.520020933 1.214739239 -0.479785014 0.533084968 -0.234307249 0.656297851
1642650022.982984066 -0.068848712 1.523530344 1.218905347 -0.479199703 0.532559702 -0.235163702 0.656845371
1642650022.991317034 -0.069591180 1.526961686 1.222841085 -0.478573129 0.532431221 -0.235919198 0.657135364
1642650022.999650002 -0.070430221 1.530326970 1.226803174 -0.477621736 0.532068405 -0.236888251 0.657772488
1642650023.007983923 -0.071353457 1.533622960 1.230715135 -0.476477095 0.531711993 -0.237898444 0.658525827
1642650023.016316891 -0.072380662 1.536849458 1.234593611 -0.475110752 0.531305866 -0.238940627 0.659462833
1642650023.024650097 -0.073418760 1.540007720 1.238345560 -0.473548150 0.531341261 -0.239761579 0.660259797
1642650023.032984018 -0.074591046 1.543094641 1.242058969 -0.471798384 0.530991582 -0.240878949 0.661386087
1642650023.041316986 -0.075937887 1.546128822 1.245736571 -0.469937815 0.530026718 -0.242429032 0.662916505
1642650023.049649954 -0.077255139 1.549110780 1.249175236 -0.468012440 0.529618318 -0.243767928 0.664112935
1642650023.057984114 -0.078635856 1.552049865 1.252436479 -0.466043793 0.529167475 -0.245282525 0.665298015
1642650023.066317081 -0.080102884 1.554940689 1.255541975 -0.464019420 0.528577323 -0.246910819 0.666578606
1642650023.074650049 -0.081617097 1.557785191 1.258435980 -0.461974502 0.527986641 -0.248656261 0.667817139
1642650023.082983971 -0.083082982 1.560562594 1.261033165 -0.459930423 0.527826743 -0.250310071 0.668735974
1642650023.091316938 -0.084587642 1.563283419 1.263384386 -0.457944198 0.527514796 -0.252184713 0.669640293
1642650023.099649906 -0.086277773 1.565971146 1.265424807 -0.456328950 0.526331742 -0.254747262 0.670703078
1642650023.107984066 -0.087968802 1.568639487 1.267066400 -0.454918585 0.525476952 -0.256797545 0.671549012
1642650023.116317034 -0.089744960 1.571286676 1.268549371 -0.453508236 0.524193131 -0.258992734 0.672662326
1642650023.124650002 -0.091611735 1.573858672 1.269776579 -0.452349732 0.522315757 -0.261887405 0.673781090
1642650023.132983923 -0.093390534 1.576346615 1.270636261 -0.451403696 0.520936136 -0.264416170 0.674495615
1642650023.141316891 -0.095189360 1.578766034 1.271255165 -0.450645436 0.519401244 -0.266925159 0.675197748
1642650023.149650097 -0.096890383 1.581108274 1.271578421 -0.450081065 0.518305777 -0.269065796 0.675566247
1642650023.157984018 -0.098537179 1.583392463 1.271636558 -0.449799898 0.517327117 -0.271102992 0.675689184
1642650023.166316986 -0.100339241 1.585662440 1.271603770 -0.449808766 0.515306526 -0.273726769 0.676169294
1642650023.174649954 -0.102028036 1.587879904 1.271328998 -0.450083066 0.513679542 -0.276143963 0.676241875
1642650023.182984114 -0.103576921 1.590031818 1.270807778 -0.450644859 0.512638081 -0.278213615 0.675809584
1642650023.191317081 -0.105202844 1.592136966 1.270204947 -0.451549072 0.511031917 -0.280823041 0.675343049
1642650023.199650049 -0.106811101 1.594187893 1.269481231 -0.452765358 0.509497240 -0.283355235 0.674630198
1642650023.207983971 -0.108563384 1.596236467 1.268802122 -0.454198690 0.507376052 -0.285689929 0.674280621
1642650023.216316938 -0.110280067 1.598205763 1.268098813 -0.455807064 0.505622954 -0.287640305 0.673682717
1642650023.224649906 -0.112023172 1.600085545 1.267447269 -0.457576146 0.503945464 -0.289376881 0.672996330
1642650023.232984066 -0.113702020 1.601834325 1.266636148 -0.459791065 0.502845546 -0.290731002 0.671724660
1642650023.241317034 -0.115375790 1.603421154 1.266123488 -0.461703028 0.502086728 -0.291625818 0.670591988
1642650023.249650002 -0.117228773 1.604892491 1.265917004 -0.463582033 0.500687519 -0.292638089 0.669900482
1642650023.257983923 -0.119085423 1.606178942 1.265853854 -0.465528792 0.499553440 -0.293394784 0.669065621
1642650023.266316891 -0.121044638 1.607259580 1.266317769 -0.466931859 0.498328996 -0.293830179 0.668809896
1642650023.274650097 -0.122832548 1.608113090 1.266505063 -0.468929998 0.498552326 -0.293394536 0.667435302
1642650023.282984018 -0.124788327 1.608717257 1.267344364 -0.470306820 0.498047438 -0.293142417 0.666954097
1642650023.291316986 -0.126840293 1.609066800 1.268672666 -0.471222753 0.497399288 -0.292748340 0.666964372
1642650023.299649954 -0.128876913 1.609153623 1.270215176 -0.472061560 0.497200970 -0.291990841 0.666851129
1642650023.307984114 -0.131009383 1.608932589 1.272357472 -0.472205487 0.496793459 -0.291187048 0.667404181
1642650023.316317081 -0.133128375 1.608436578 1.274647352 -0.472317489 0.496936183 -0.290014780 0.667729022
1642650023.324650049 -0.135314105 1.607639376 1.277328361 -0.472075943 0.497026994 -0.288825860 0.668347285
1642650023.332983971 -0.137576727 1.606496631 1.280418025 -0.471430059 0.496918717 -0.287723173 0.669358546
1642650023.341316938 -0.139882301 1.605007281 1.283907436 -0.470295960 0.496836088 -0.286629492 0.670685579
1642650023.349649906 -0.142165144 1.603153635 1.287712631 -0.468705237 0.497206234 -0.285249178 0.672111798
1642650023.357984066 -0.144488261 1.600942632 1.291842860 -0.466753777 0.497652738 -0.283740699 0.673775838
1642650023.366317034 -0.146848813 1.598380809 1.296266291 -0.464462740 0.498191473 -0.282142231 0.675629619
1642650023.374650002 -0.149275076 1.595478537 1.301033850 -0.461636746 0.498759415 -0.280079978 0.678001303
1642650023.382983923 -0.151737699 1.592237116 1.306060169 -0.458417866 0.499349932 -0.277866773 0.680656126
1642650023.391316891 -0.154166758 1.588650263 1.311230202 -0.454997212 0.500104256 -0.275906382 0.683190265
1642650023.399650097 -0.156632582 1.584807690 1.316512564 -0.451462410 0.500847547 -0.273962347 0.685768226
1642650023.407984018 -0.159067304 1.580679079 1.321891235 -0.447749395 0.501614928 -0.272262022 0.688314125
1642650023.416316986 -0.161437929 1.576283267 1.327318286 -0.443886765 0.502492837 -0.270731463 0.690774901
1642650023.424649954 -0.163906683 1.571813060 1.332702691 -0.440329418 0.503117351 -0.269299936 0.693152566
1642650023.432984114 -0.166372982 1.567194568 1.338066514 -0.436931945 0.503634535 -0.268163032 0.695364163
1642650023.441317081 -0.168823519 1.562469079 1.343350447 -0.433815979 0.504196265 -0.267060030 0.697329738
1642650023.449650049 -0.171324321 1.557725237 1.348536341 -0.431137935 0.504759454 -0.265787598 0.699067184
1642650023.457983971 -0.173814074 1.552875749 1.353711639 -0.428638457 0.505385433 -0.264492690 0.700641316
1642650023.466316938 -0.176319101 1.547962399 1.358885046 -0.426335140 0.506097237 -0.262964045 0.702106720
1642650023.474649906 -0.178828834 1.542981658 1.364049592 -0.424255412 0.506926827 -0.261135917 0.703449053
1642650023.482984066 -0.181306400 1.537925547 1.369190150 -0.422377176 0.507976656 -0.259020449 0.704603183
1642650023.491317034 -0.183770479 1.532811080 1.374329037 -0.420623085 0.509195468 -0.256654569 0.705637745
1642650023.499650002 -0.186251600 1.527629296 1.379472306 -0.418947810 0.510441560 -0.254080040 0.706665041
1642650023.507983923 -0.188711880 1.522373115 1.384547751 -0.417419717 0.511850777 -0.251340785 0.707529061
1642650023.516316891 -0.191230175 1.517068804 1.389574712 -0.416062083 0.513211124 -0.248480724 0.708353030
1642650023.524650097 -0.193829341 1.511683556 1.394609814 -0.414709180 0.514444801 -0.245503180 0.709289103
1642650023.532984018 -0.196460912 1.506193503 1.399675173 -0.413263380 0.515729947 -0.242256618 0.710315234
1642650023.541316986 -0.199163941 1.500589294 1.404803839 -0.411654118 0.517068566 -0.238641927 0.711499132
1642650023.549649954 -0.201981386 1.494850551 1.410031787 -0.409820596 0.518360965 -0.234657442 0.712941003
1642650023.557984114 -0.204841552 1.488916716 1.415397452 -0.407591033 0.519713176 -0.230351225 0.714637025
1642650023.566317081 -0.207732519 1.482767591 1.420898437 -0.404880216 0.521149601 -0.225723084 0.716606024
1642650023.574650049 -0.210665180 1.476432646 1.426471549 -0.401783495 0.522623494 -0.220745315 0.718822797
1642650023.582983971 -0.213603932 1.469929803 1.432061736 -0.398316047 0.524156044 -0.215558481 0.721206842
1642650023.591316938 -0.216557552 1.463285257 1.437661649 -0.394456378 0.525607722 -0.210433180 0.723780744
1642650023.599649906 -0.219510752 1.456557977 1.443148503 -0.390374767 0.526961993 -0.205484405 0.726426017
1642650023.607984066 -0.222720004 1.449864010 1.448589792 -0.386306498 0.527288873 -0.200946430 0.729626114
1642650023.616317034 -0.226110264 1.443224730 1.453868335 -0.382329616 0.526996536 -0.196869861 0.733035452
1642650023.624650002 -0.229232239 1.436556055 1.458665833 -0.378488607 0.527496524 -0.192863843 0.735729114
1642650023.632983923 -0.232289503 1.429963177 1.463152890 -0.374788234 0.527944685 -0.188201751 0.738504090
1642650023.641316891 -0.235109406 1.423352594 1.467213844 -0.371111274 0.528990691 -0.183324232 0.740835675
1642650023.649650097 -0.238020151 1.416776866 1.471098442 -0.367339495 0.529842288 -0.179066112 0.743144786
1642650023.657984018 -0.241235845 1.410443752 1.474943832 -0.363664699 0.529795401 -0.174614041 0.746039380
1642650023.666316986 -0.244117307 1.404187993 1.478251174 -0.360201546 0.530657440 -0.169779445 0.748219532
1642650023.674649954 -0.246972645 1.398151226 1.481245117 -0.356758569 0.531483106 -0.165027292 0.750343271
1642650023.682984114 -0.249928541 1.392480088 1.483994699 -0.353278736 0.531873313 -0.160918961 0.752602153
1642650023.691317081 -0.252815495 1.387128711 1.486361327 -0.349902439 0.532219176 -0.157163523 0.754725552
1642650023.699650049 -0.255619847 1.382233957 1.488289152 -0.346844018 0.532520205 -0.153806402 0.756614201
1642650023.707983971 -0.258525904 1.377858723 1.489879988 -0.344284491 0.532197255 -0.151071842 0.758558877
1642650023.716316938 -0.261340465 1.373896903 1.491068796 -0.341716032 0.532038238 -0.148955201 0.760248522
1642650023.724649906 -0.264012390 1.370521448 1.491841061 -0.339296160 0.532361486 -0.147214607 0.761444170
1642650023.732984066 -0.268051600 1.369027810 1.493454654 -0.339242321 0.526152047 -0.138011162 0.767483935
1642650023.741317034 -0.271027558 1.367006547 1.493889051 -0.338313045 0.524281876 -0.135875187 0.769552293
1642650023.749650002 -0.272124994 1.363768766 1.492489807 -0.335347064 0.530613879 -0.144264656 0.764969912
1642650023.757983923 -0.274695492 1.362450218 1.492103107 -0.334206825 0.530056025 -0.144159057 0.765875039
1642650023.766316891 -0.277348290 1.361973688 1.491492477 -0.334193377 0.528719929 -0.144319975 0.766773609
1642650023.774650097 -0.279898728 1.362170923 1.490574889 -0.334473996 0.527588004 -0.144932721 0.767315157
1642650023.782984018 -0.282381545 1.362765709 1.489399437 -0.334702988 0.526365962 -0.145954839 0.767860644
1642650023.791316986 -0.284881039 1.364158639 1.487979293 -0.336178998 0.524495995 -0.146951842 0.768305140
1642650023.799649954 -0.287130771 1.366107749 1.486179817 -0.338037162 0.523360286 -0.147726251 0.768115775
1642650023.807984114 -0.289236891 1.368435733 1.484131873 -0.339800376 0.522471414 -0.148735737 0.767748010
1642650023.816317081 -0.291238356 1.371336054 1.481853180 -0.342243746 0.521326553 -0.149703790 0.767252643
1642650023.824650049 -0.293042939 1.374761608 1.479357082 -0.344946436 0.520303606 -0.150889413 0.766504076
1642650023.832983971 -0.294651261 1.378607642 1.476621765 -0.347876602 0.519480132 -0.152115990 0.765495256
1642650023.841316938 -0.296049434 1.382800382 1.473674629 -0.350857461 0.518844924 -0.153477555 0.764292893
1642650023.849649906 -0.297305771 1.387348969 1.470563856 -0.353887162 0.518171302 -0.155064310 0.763031741
1642650023.857984066 -0.298404020 1.392203772 1.467298516 -0.356860214 0.517502499 -0.156997411 0.761704512
1642650023.866317034 -0.299320831 1.397257829 1.463899153 -0.359591514 0.516924444 -0.159220149 0.760349924
1642650023.874650002 -0.300124821 1.402573821 1.460387693 -0.362208072 0.516287235 -0.161696678 0.759017120
1642650023.882983923 -0.300763780 1.408049222 1.456760887 -0.364595042 0.515718788 -0.164417624 0.757675017
1642650023.891316891 -0.301140731 1.413521622 1.452994173 -0.366667880 0.515407630 -0.167032628 0.756313256
1642650023.899650097 -0.301363864 1.419053668 1.449182995 -0.368322892 0.515081249 -0.169776207 0.755119589
1642650023.907984018 -0.301482186 1.424629065 1.445363780 -0.369507194 0.514720137 -0.172697596 0.754124097
1642650023.916316986 -0.301475953 1.430136190 1.441555136 -0.370193918 0.514407914 -0.175555903 0.753339954
1642650023.924649954 -0.301307367 1.435577812 1.437674559 -0.370515440 0.514234929 -0.178302111 0.752654704
1642650023.932984114 -0.301010547 1.440916311 1.433773074 -0.370330832 0.514077012 -0.180969634 0.752216652
1642650023.941317081 -0.300611599 1.446106990 1.429928621 -0.369438654 0.513784538 -0.183699576 0.752193456
1642650023.949650049 -0.299824548 1.451098439 1.425839413 -0.368217343 0.514237814 -0.186349913 0.751830545
1642650023.957983971 -0.298976259 1.455915967 1.421710276 -0.366765570 0.514461874 -0.189469951 0.751607035
1642650023.966316938 -0.298088346 1.460679431 1.417566663 -0.365102237 0.514325055 -0.192606769 0.751713195
1642650023.974649906 -0.296878851 1.465496705 1.413200908 -0.363350142 0.514732945 -0.194886356 0.751695402
1642650023.982984066 -0.295727522 1.470357103 1.408911619 -0.361311034 0.514659689 -0.197251282 0.752111476
1642650023.991317034 -0.294396919 1.475238960 1.404468345 -0.359343915 0.514747967 -0.199698903 0.752347546
1642650023.999650002 -0.292937592 1.480248616 1.399885646 -0.357773620 0.514820007 -0.202119413 0.752400252
1642650024.007983923 -0.291414326 1.485202925 1.395219247 -0.356195435 0.514730836 -0.204574331 0.752546558
1642650024.016316891 -0.289875666 1.490050756 1.390486931 -0.354571563 0.514403949 -0.206985764 0.752877465
1642650024.024650097 -0.288233195 1.494967696 1.385656000 -0.353061484 0.514276660 -0.209255942 0.753046516
1642650024.032984018 -0.286450482 1.499912025 1.380746783 -0.351559673 0.514334829 -0.211539683 0.753071339
1642650024.041316986 -0.284656730 1.504850165 1.375763251 -0.350114484 0.514269717 -0.213807708 0.753148571
1642650024.049649954 -0.282893159 1.509665882 1.370713802 -0.348445365 0.514065348 -0.216161861 0.753390135
1642650024.057984114 -0.280975211 1.514436325 1.365615430 -0.346591529 0.514059595 -0.218544882 0.753561663
1642650024.066317081 -0.279044291 1.519221092 1.360467939 -0.344983534 0.513792716 -0.220661183 0.753864741
1642650024.074650049 -0.277104407 1.523959962 1.355222934 -0.343503660 0.513407361 -0.222920253 0.754138368
1642650024.082983971 -0.275114610 1.528673605 1.349953827 -0.341992320 0.512973032 -0.225263690 0.754424411
1642650024.091316938 -0.273103224 1.533429832 1.344734230 -0.340466882 0.512346160 -0.227652961 0.754823055
1642650024.099649906 -0.271280096 1.538317721 1.339599540 -0.339088874 0.511138298 -0.230049138 0.755535419
1642650024.107984066 -0.269552846 1.543273023 1.334478994 -0.337849282 0.509583529 -0.232499020 0.756390571
1642650024.116317034 -0.267618720 1.548189297 1.329207620 -0.336729944 0.508421939 -0.235095570 0.756868647
1642650024.124650002 -0.265641424 1.553148476 1.323861121 -0.335784625 0.507193629 -0.237837281 0.757256057
1642650024.132983923 -0.263661769 1.558216229 1.318353300 -0.335330115 0.505887093 -0.240522051 0.757483403
1642650024.141316891 -0.261615858 1.563337048 1.312742951 -0.335184206 0.504563244 -0.243231526 0.757565776
1642650024.149650097 -0.259461443 1.568426176 1.307086455 -0.335180823 0.503113781 -0.246220222 0.757565800
1642650024.157984018 -0.257264062 1.573579002 1.301316300 -0.335671914 0.501542962 -0.249227093 0.757406680
1642650024.166316986 -0.254981305 1.578792654 1.295460696 -0.336547206 0.500002523 -0.252121141 0.757078850
1642650024.174649954 -0.252566369 1.584046300 1.289474752 -0.337931750 0.498615237 -0.254748069 0.756497455
1642650024.182984114 -0.250058388 1.589350482 1.283402628 -0.339871603 0.497268218 -0.257093807 0.755721104
1642650024.191317081 -0.247413288 1.594678049 1.277217643 -0.342386879 0.496133276 -0.259048427 0.754663441
1642650024.199650049 -0.244631982 1.600001066 1.270908798 -0.345469306 0.495249962 -0.260548999 0.753321082
1642650024.207983971 -0.241770380 1.605327013 1.264527595 -0.349051783 0.494502258 -0.261648155 0.751778301
1642650024.216316938 -0.238810745 1.610603639 1.258074612 -0.353066724 0.493951357 -0.262197349 0.750072327
1642650024.224649906 -0.235710448 1.615774479 1.251518339 -0.357494377 0.493857115 -0.262057605 0.748083372
1642650024.232984066 -0.232516441 1.620827561 1.244893131 -0.362274784 0.494092306 -0.261358677 0.745869570
1642650024.241317034 -0.229319331 1.625751338 1.238242520 -0.367397393 0.494349974 -0.260225115 0.743586006
1642650024.249650002 -0.226108808 1.630515000 1.231614886 -0.372759360 0.494679649 -0.258354535 0.741347043
1642650024.257983923 -0.222913173 1.635030990 1.225111658 -0.377917414 0.494998400 -0.256064776 0.739314441
1642650024.266316891 -0.219694628 1.639305839 1.218642430 -0.382958191 0.495600848 -0.253758347 0.737108896
1642650024.274650097 -0.216534568 1.643384057 1.212204555 -0.388137167 0.496218856 -0.251089368 0.734894901
1642650024.282984018 -0.213486114 1.647186761 1.205895389 -0.393141571 0.496629790 -0.248207682 0.732933492
1642650024.291316986 -0.210450580 1.650743837 1.199688465 -0.397962117 0.497150624 -0.245315997 0.730949706
1642650024.299649954 -0.207483617 1.654068409 1.193603564 -0.402602103 0.497587712 -0.242379476 0.729088613
1642650024.307984114 -0.204648633 1.657176665 1.187657117 -0.407160825 0.497768064 -0.239365142 0.727427897
1642650024.316317081 -0.201941662 1.660040506 1.181890570 -0.411529140 0.497694995 -0.236369728 0.725997804
1642650024.324650049 -0.199437950 1.662641882 1.176336910 -0.415675171 0.497059154 -0.233550867 0.724982995
1642650024.332983971 -0.197066901 1.664943446 1.170894971 -0.419718365 0.496285706 -0.230710219 0.724092389
1642650024.341316938 -0.194745382 1.666951407 1.165582047 -0.423612770 0.495769685 -0.227548406 0.723177961
1642650024.349649906 -0.192539389 1.668650580 1.160486309 -0.427234548 0.495115149 -0.224326434 0.722502098
1642650024.357984066 -0.190439812 1.670065244 1.155608667 -0.430626461 0.494347155 -0.221093405 0.722010698
1642650024.366317034 -0.188434816 1.671250193 1.150922966 -0.433932705 0.493512159 -0.217862575 0.721584406
1642650024.374650002 -0.186386842 1.672206474 1.146251106 -0.437350604 0.493007776 -0.214590235 0.720845900
1642650024.382983923 -0.184402851 1.672923986 1.141748025 -0.440674552 0.492529900 -0.211332371 0.720110315
1642650024.391316891 -0.182630226 1.673406290 1.137642851 -0.443709657 0.491543475 -0.208222862 0.719826362
1642650024.399650097 -0.180891085 1.673622464 1.133754404 -0.446524691 0.490576181 -0.205122572 0.719635631
1642650024.407984018 -0.179210987 1.673562919 1.130164930 -0.448981924 0.489785925 -0.201707833 0.719610262
1642650024.416316986 -0.177556978 1.673252604 1.126823949 -0.451296788 0.489167550 -0.198138580 0.719574471
1642650024.424649954 -0.175934287 1.672689286 1.123746942 -0.453442070 0.488667239 -0.194453012 0.719571153
1642650024.432984114 -0.174321159 1.671889782 1.120931503 -0.455429146 0.488482346 -0.190444580 0.719513830
1642650024.441317081 -0.172755707 1.670861734 1.118392582 -0.457296247 0.488451678 -0.186170693 0.719468953
1642650024.449650049 -0.171222921 1.669606790 1.116118106 -0.459050182 0.488589224 -0.181716016 0.719397518
1642650024.457983971 -0.169730597 1.668112059 1.114137181 -0.460587015 0.488871086 -0.177112525 0.719371821
1642650024.466316938 -0.168350096 1.666386424 1.112516837 -0.461849963 0.489093066 -0.172289637 0.719582424
1642650024.474649906 -0.166900428 1.664373672 1.111089413 -0.462963596 0.489809504 -0.167279338 0.719561659
1642650024.482984066 -0.165448836 1.662065776 1.109930093 -0.463820068 0.490798292 -0.162161006 0.719508019
1642650024.491317034 -0.164232063 1.659519625 1.109278703 -0.464217290 0.491326302 -0.156934906 0.720050143
1642650024.499650002 -0.163072487 1.656701404 1.108908975 -0.464386513 0.491932825 -0.151664625 0.720656023
1642650024.507983923 -0.161989861 1.653586517 1.108866272 -0.464223969 0.492489817 -0.146361122 0.721476479
1642650024.516316891 -0.160631346 1.650057567 1.108811479 -0.463959885 0.493954989 -0.141217307 0.721669846
1642650024.524650097 -0.159453342 1.646315511 1.109110474 -0.463375300 0.494995799 -0.136252066 0.722286554
1642650024.532984018 -0.158597237 1.642428716 1.109879108 -0.462426754 0.495190481 -0.131311976 0.723674685
1642650024.541316986 -0.157410696 1.638101740 1.110595684 -0.461307609 0.496288012 -0.126658100 0.724466165
1642650024.549649954 -0.156385932 1.633544497 1.111671309 -0.459781841 0.496946921 -0.122096049 0.725766471
1642650024.557984114 -0.155514220 1.628710200 1.113048923 -0.457960322 0.497019610 -0.117795682 0.727576819
1642650024.566317081 -0.154788448 1.623518247 1.114738807 -0.455687540 0.496306417 -0.114021887 0.730087540
1642650024.574650049 -0.153983952 1.618048618 1.116602604 -0.453018892 0.495917978 -0.110194335 0.732595694
1642650024.582983971 -0.152996905 1.612402011 1.118525810 -0.450222127 0.496388161 -0.106007780 0.734616350
1642650024.591316938 -0.152002769 1.606570061 1.120590538 -0.447321978 0.496811414 -0.101893752 0.736681159
1642650024.599649906 -0.151035266 1.600666932 1.122765910 -0.444484909 0.497121037 -0.097902422 0.738727931
1642650024.607984066 -0.150096048 1.594762514 1.125001177 -0.441857759 0.497394760 -0.094054589 0.740617248
1642650024.616317034 -0.149170308 1.588857914 1.127285754 -0.439538312 0.497691098 -0.090076191 0.742290996
1642650024.624650002 -0.148269339 1.582997731 1.129618878 -0.437572773 0.498035134 -0.086098241 0.743692253
1642650024.632983923 -0.147470704 1.577202156 1.132078775 -0.435829229 0.498256232 -0.082153949 0.745012979
1642650024.641316891 -0.146769976 1.571593203 1.134602719 -0.434607343 0.498344178 -0.078376841 0.746074131
1642650024.649650097 -0.146138943 1.566177033 1.137183201 -0.433814201 0.498392599 -0.074035060 0.746946361
1642650024.657984018 -0.145792723 1.560795062 1.140086430 -0.432656461 0.498021859 -0.069473270 0.748302131
1642650024.666316986 -0.145250262 1.555380989 1.142994962 -0.431459756 0.498381412 -0.065777857 0.749087258
1642650024.674649954 -0.144483827 1.550024727 1.145792289 -0.430497936 0.499450796 -0.062382806 0.749218803
1642650024.682984114 -0.144015225 1.544867310 1.148784452 -0.429643677 0.500015103 -0.059196888 0.749591179
1642650024.691317081 -0.143592468 1.539912588 1.151797994 -0.429130528 0.500665678 -0.056218896 0.749680135
1642650024.699650049 -0.143350715 1.535111272 1.154906130 -0.428772583 0.500976959 -0.053638743 0.749866017
1642650024.707983971 -0.143232434 1.530455847 1.158077835 -0.428600044 0.501217311 -0.051406955 0.749960355
1642650024.716316938 -0.143813968 1.526331043 1.161704240 -0.429282247 0.499230060 -0.047693556 0.751140083
1642650024.724649906 -0.144622921 1.522362770 1.165495140 -0.430101007 0.496848109 -0.043881555 0.752482219
1642650024.732984066 -0.144845235 1.517961281 1.168926253 -0.430036336 0.497129905 -0.042507688 0.752411924
1642650024.741317034 -0.145267358 1.513633075 1.172531530 -0.429920972 0.497122122 -0.041313869 0.752549479
1642650024.749650002 -0.145778506 1.509332991 1.176196213 -0.429699164 0.497289004 -0.040662887 0.752601358
1642650024.757983923 -0.146408051 1.505018580 1.179954244 -0.429273199 0.497480923 -0.040541023 0.752724171
1642650024.766316891 -0.147233868 1.500747301 1.183837565 -0.428776597 0.497426923 -0.040851623 0.753026050
1642650024.774650097 -0.147987221 1.496313591 1.187664431 -0.427780236 0.498204694 -0.042535076 0.752985338
1642650024.782984018 -0.149135308 1.492032465 1.191709719 -0.426990905 0.498034124 -0.044148305 0.753453187
1642650024.791316986 -0.150925594 1.488144533 1.196075484 -0.426961233 0.496023598 -0.044773862 0.754758237
1642650024.799649954 -0.152270700 1.483652966 1.200158069 -0.425635619 0.496408915 -0.048009283 0.755054711
1642650024.807984114 -0.153797340 1.479105489 1.204340765 -0.424077853 0.496788439 -0.051686327 0.755438777
1642650024.816317081 -0.155828335 1.474873602 1.208812295 -0.423031659 0.495981698 -0.054323041 0.756369869
1642650024.824650049 -0.158723340 1.470948061 1.213844114 -0.422236154 0.492571104 -0.053250501 0.759114432
1642650024.832983971 -0.162074666 1.467044734 1.219160136 -0.421309669 0.488135544 -0.051428518 0.762611933
1642650024.841316938 -0.163646899 1.461988883 1.223133177 -0.419103599 0.491352982 -0.060056231 0.761129207
1642650024.849649906 -0.166197175 1.457503252 1.227626619 -0.417949326 0.491411702 -0.064850945 0.761332552
1642650024.857984066 -0.169682785 1.453391336 1.232709404 -0.417197946 0.488788568 -0.067019335 0.763243093
1642650024.866317034 -0.171647018 1.448136415 1.236758657 -0.414746010 0.492898711 -0.077415768 0.760949017
1642650024.874650002 -0.175215187 1.443952377 1.241682958 -0.413875563 0.491699199 -0.080911889 0.761834747
1642650024.882983923 -0.178973538 1.439757548 1.246464353 -0.413374372 0.490619751 -0.084355522 0.762429035
1642650024.891316891 -0.182990214 1.435554125 1.251277703 -0.412807220 0.489382155 -0.087904253 0.763130492
1642650024.899650097 -0.187376260 1.431353496 1.256239444 -0.411969537 0.487632168 -0.091540624 0.764275005
1642650024.907984018 -0.191935671 1.427211294 1.261165208 -0.411115145 0.486279658 -0.094766853 0.765203029
1642650024.916316986 -0.196969877 1.423098130 1.266158974 -0.410265019 0.483921155 -0.098322521 0.766704383
1642650024.924649954 -0.202200746 1.419045747 1.271213147 -0.409098143 0.481720893 -0.101804145 0.768257513
1642650024.932984114 -0.208605221 1.415887160 1.276953454 -0.408754647 0.475910219 -0.099577818 0.772342774
1642650024.941317081 -0.216048183 1.413188401 1.282930639 -0.409246959 0.467193486 -0.095447267 0.777905516
1642650024.949650049 -0.222578720 1.409766665 1.288148475 -0.408368466 0.462969257 -0.097970130 0.780574479
1642650024.957983971 -0.229158966 1.406420451 1.293097499 -0.407570777 0.459311851 -0.100769910 0.782792508
1642650024.966316938 -0.235858095 1.403151602 1.297820229 -0.406795199 0.455976217 -0.103513559 0.784785511
1642650024.974649906 -0.242868546 1.400061017 1.302513578 -0.405957806 0.452277462 -0.106504711 0.786956227
1642650024.982984066 -0.248741353 1.396208078 1.306451745 -0.403339646 0.453694409 -0.117387402 0.785938109
1642650024.991317034 -0.254171214 1.392046667 1.309886785 -0.400006063 0.457297664 -0.130811208 0.783429910
1642650024.999650002 -0.261716995 1.389372258 1.314295503 -0.398508595 0.453431473 -0.134597250 0.785795380
1642650025.007983923 -0.270247942 1.386984322 1.319207549 -0.396091109 0.447229114 -0.138465373 0.789889419
1642650025.016316891 -0.279216624 1.384783843 1.324035543 -0.393454083 0.440084820 -0.142556634 0.794478975
1642650025.024650097 -0.286842279 1.382611740 1.327677962 -0.391641435 0.436867249 -0.146638898 0.796405065
1642650025.032984018 -0.294379737 1.380642276 1.331127298 -0.389510608 0.434244049 -0.150432035 0.798175291
1642650025.041316986 -0.302473567 1.378866063 1.334572251 -0.387194608 0.430156955 -0.154186232 0.800794565
1642650025.049649954 -0.310594133 1.377275572 1.337772670 -0.384864961 0.426066043 -0.157662553 0.803423430
1642650025.057984114 -0.318727396 1.375877839 1.340720575 -0.382470500 0.422025752 -0.160994054 0.806034426
1642650025.066317081 -0.326924438 1.374783663 1.343447402 -0.380008814 0.417917280 -0.164228979 0.808682442
1642650025.074650049 -0.335054549 1.373830801 1.345920990 -0.376932407 0.414221216 -0.167694395 0.811308409
1642650025.082983971 -0.343205288 1.373035620 1.348172488 -0.373364290 0.410515276 -0.171260821 0.814092161
1642650025.091316938 -0.351403826 1.372479121 1.350171369 -0.369835470 0.406344959 -0.174569086 0.817086981
1642650025.099649906 -0.359494422 1.372109133 1.351856570 -0.366003257 0.402300822 -0.177999176 0.820068264
1642650025.107984066 -0.367511014 1.371941707 1.353239582 -0.361846145 0.398244389 -0.181602086 0.823097477
1642650025.116317034 -0.375362432 1.372095363 1.354267543 -0.357680958 0.394435829 -0.185310715 0.825920485
1642650025.124650002 -0.383380522 1.373023816 1.354984416 -0.354659745 0.389560485 -0.188934878 0.828711473
1642650025.132983923 -0.391461336 1.374251507 1.355348811 -0.351868531 0.383995068 -0.192620127 0.831645244
1642650025.141316891 -0.398759116 1.374646187 1.355199401 -0.346448332 0.381260858 -0.197328046 0.834071552
1642650025.149650097 -0.405963438 1.375214066 1.354657426 -0.340885660 0.378580402 -0.201779113 0.836516010
1642650025.157984018 -0.413513192 1.376689666 1.353802447 -0.337294795 0.373735485 -0.204887542 0.839389721
1642650025.166316986 -0.420568585 1.378538446 1.352253562 -0.334698090 0.369935764 -0.207782605 0.841398305
1642650025.174649954 -0.427602869 1.380519010 1.350373096 -0.331794374 0.365943109 -0.211264163 0.843424916
1642650025.182984114 -0.434540210 1.382624973 1.348235532 -0.328565532 0.361679146 -0.215123014 0.845550102
1642650025.191317081 -0.441406032 1.385503175 1.345548050 -0.326966011 0.356675703 -0.218608020 0.847399672
1642650025.199650049 -0.448714361 1.388727778 1.342791515 -0.325330693 0.349725914 -0.221355948 0.850207780
1642650025.207983971 -0.455430006 1.392799659 1.339230781 -0.326375028 0.343462848 -0.222381017 0.852091132
1642650025.216316938 -0.461180614 1.396972338 1.335027023 -0.327340167 0.340039165 -0.226810254 0.851926575
1642650025.224649906 -0.467002151 1.401024836 1.330677360 -0.327650392 0.335971524 -0.230438660 0.852447288
1642650025.232984066 -0.473734933 1.406331467 1.326150278 -0.330552612 0.327669896 -0.230540781 0.854528149
1642650025.241317034 -0.479757119 1.411064442 1.321310641 -0.331424832 0.321571873 -0.233513702 0.855698815
1642650025.249650002 -0.485735433 1.415972022 1.316215176 -0.332168257 0.315127040 -0.236767254 0.856913336
1642650025.257983923 -0.490575190 1.420713030 1.310442439 -0.332574760 0.311987116 -0.243462315 0.856028136
1642650025.266316891 -0.494850540 1.425228347 1.304287530 -0.332122328 0.310148306 -0.250933441 0.854713516
1642650025.274650097 -0.499761137 1.430475544 1.297986928 -0.333058727 0.305008273 -0.254890735 0.855027807
1642650025.282984018 -0.504549956 1.436161497 1.291313106 -0.334760198 0.299281237 -0.260144721 0.854804700
1642650025.291316986 -0.508524158 1.441420639 1.284245112 -0.335430706 0.295730643 -0.266558760 0.853800946
1642650025.299649954 -0.512776738 1.446936141 1.276971384 -0.336548431 0.290601047 -0.271113460 0.853688279
1642650025.307984114 -0.518022756 1.452969991 1.269726252 -0.338174598 0.281861541 -0.272193983 0.855629855
1642650025.316317081 -0.522368261 1.458855282 1.262094956 -0.339527949 0.275325285 -0.276927490 0.855703175
1642650025.324650049 -0.526493210 1.464615435 1.254305773 -0.340573978 0.269072362 -0.281136417 0.855904051
1642650025.332983971 -0.530578709 1.470224868 1.246455163 -0.340791038 0.262767118 -0.284638410 0.856618868
1642650025.341316938 -0.534587065 1.475873769 1.238462096 -0.340754817 0.256185343 -0.288736344 0.857255241
1642650025.349649906 -0.538316824 1.481449488 1.230296103 -0.340502309 0.250016093 -0.292933465 0.857752946
1642650025.357984066 -0.541927256 1.487012937 1.221934624 -0.340152475 0.243577315 -0.296907258 0.858377810
1642650025.366317034 -0.545482735 1.492607868 1.213344335 -0.339891061 0.236751392 -0.300626676 0.859096297
1642650025.374650002 -0.548745276 1.498150204 1.204588856 -0.339545119 0.230384033 -0.304762219 0.859507009
1642650025.382983923 -0.551752654 1.503645400 1.195729216 -0.339184224 0.224308606 -0.308727748 0.859841200
1642650025.391316891 -0.554256233 1.508884503 1.186665057 -0.338296314 0.219343965 -0.314761441 0.859284042
1642650025.399650097 -0.556830962 1.514188035 1.177263094 -0.337679201 0.213485355 -0.321154152 0.858636577
1642650025.407984018 -0.559991017 1.519861881 1.167636049 -0.338307768 0.205236922 -0.323492296 0.859522190
1642650025.416316986 -0.563128254 1.525423220 1.157594881 -0.338820884 0.196568873 -0.326336411 0.860270675
1642650025.424649954 -0.566325263 1.531188011 1.147150320 -0.340229155 0.186560804 -0.330160128 0.860484444
1642650025.432984114 -0.569333548 1.536964056 1.136612939 -0.342411070 0.176683505 -0.332959438 0.860625128
1642650025.441317081 -0.571556742 1.541643892 1.126220938 -0.341584091 0.169928015 -0.337278949 0.860632145
1642650025.449650049 -0.573253647 1.545944356 1.115730826 -0.339771673 0.164564863 -0.343588757 0.859895565
1642650025.457983971 -0.575365995 1.551144174 1.104660239 -0.340841878 0.156284037 -0.349061598 0.858812037
1642650025.466316938 -0.577285948 1.556252821 1.093362585 -0.342151264 0.148016122 -0.354786383 0.857409099
1642650025.474649906 -0.579050768 1.561264299 1.081850948 -0.343710719 0.139647848 -0.360716561 0.855713143
1642650025.482984066 -0.580631685 1.566345155 1.070044338 -0.345939124 0.130990788 -0.367466454 0.853308819
1642650025.491317034 -0.582117949 1.571353105 1.058031526 -0.348486939 0.122102207 -0.374150405 0.850681714
1642650025.499650002 -0.583555149 1.576145583 1.045876380 -0.351173120 0.113040012 -0.380415839 0.848046688
1642650025.507983923 -0.584894219 1.580795376 1.033544238 -0.354050126 0.103784149 -0.386865571 0.845110873
1642650025.516316891 -0.586004644 1.585042384 1.021181891 -0.356684391 0.095648983 -0.392273417 0.842466073
1642650025.524650097 -0.587023635 1.589276849 1.008634589 -0.360109691 0.087390315 -0.398056562 0.839187057
1642650025.532984018 -0.588183986 1.593242114 0.996109631 -0.362936944 0.078322942 -0.404038637 0.835999445
1642650025.541316986 -0.589411012 1.596960548 0.983547218 -0.365436173 0.068537772 -0.410214295 0.832756392
1642650025.549649954 -0.590666007 1.600427234 0.970990025 -0.367722914 0.058370869 -0.416400756 0.829447473
1642650025.557984114 -0.591799535 1.603665417 0.958442422 -0.370147811 0.048697065 -0.422368111 0.825968748
1642650025.566317081 -0.592928041 1.606572038 0.946008366 -0.372161776 0.039061700 -0.428251423 0.822539065
1642650025.574650049 -0.594013443 1.609198894 0.933692265 -0.374090033 0.029407340 -0.433953724 0.819070217
1642650025.582983971 -0.595087052 1.611656235 0.921463219 -0.376056600 0.019629825 -0.439510531 0.815491629
1642650025.591316938 -0.596165869 1.613745022 0.909465166 -0.377447207 0.010071658 -0.444943916 0.812069627
1642650025.599649906 -0.597380530 1.615573876 0.897546835 -0.378476517 0.000076488 -0.450287010 0.808700890
1642650025.607984066 -0.598651683 1.617102719 0.885795441 -0.379101933 -0.010057974 -0.455495937 0.805421637
1642650025.616317034 -0.599909913 1.618323902 0.874283235 -0.379384874 -0.019971795 -0.460524581 0.802237717
1642650025.624650002 -0.601240512 1.619254288 0.862954609 -0.379338072 -0.029947633 -0.465376176 0.799143780
1642650025.632983923 -0.602654156 1.619893420 0.851776631 -0.378953462 -0.040156877 -0.470110313 0.796101747
1642650025.641316891 -0.604164386 1.620265372 0.840735551 -0.378336772 -0.050573982 -0.474636505 0.793110174
1642650025.649650097 -0.605691080 1.620380042 0.829998838 -0.377616244 -0.060316757 -0.478708147 0.790320423
1642650025.657984018 -0.607275569 1.620247872 0.819505861 -0.376772719 -0.069838646 -0.482468945 0.787647509
1642650025.666316986 -0.609035583 1.619865621 0.809000673 -0.375626081 -0.080643056 -0.486360422 0.784764477
1642650025.674649954 -0.610888341 1.619238589 0.798665344 -0.374420751 -0.091618354 -0.489960165 0.781891435
1642650025.682984114 -0.612744180 1.618386851 0.788681296 -0.373299091 -0.101781887 -0.493107284 0.779187681
1642650025.691317081 -0.614593192 1.617362707 0.778916328 -0.372399939 -0.111555616 -0.495965294 0.776461240
1642650025.699650049 -0.616492440 1.616148353 0.769365065 -0.371722275 -0.121193114 -0.498537484 0.773689315
1642650025.707983971 -0.618435798 1.614690622 0.760237576 -0.370961034 -0.130309241 -0.500898162 0.771043737
1642650025.716316938 -0.620448792 1.613048736 0.751441824 -0.370223688 -0.139127829 -0.503023718 0.768469262
1642650025.724649906 -0.622624095 1.611189850 0.742952272 -0.369367629 -0.147973674 -0.504836769 0.766036019
1642650025.732984066 -0.624868909 1.609162374 0.734850966 -0.368550836 -0.156416816 -0.506394354 0.763720380
1642650025.741317034 -0.627147338 1.607013198 0.727239372 -0.367925993 -0.163899050 -0.507596113 0.761651988
1642650025.749650002 -0.629497304 1.604749686 0.720000279 -0.367427472 -0.171058418 -0.508627866 0.759627385
1642650025.757983923 -0.631857286 1.602364002 0.713115904 -0.366973094 -0.178106507 -0.509760339 0.757464994
1642650025.766316891 -0.634147919 1.599943434 0.706860129 -0.367007507 -0.183353169 -0.510547676 0.755664063
1642650025.774650097 -0.636561648 1.597509818 0.700952770 -0.367364147 -0.188208286 -0.511038752 0.753963274
1642650025.782984018 -0.639171963 1.594962662 0.695247230 -0.367657233 -0.193933209 -0.511627737 0.751967505
1642650025.791316986 -0.641971048 1.592355568 0.689847723 -0.368048581 -0.199758194 -0.512041196 0.749967146
1642650025.799649954 -0.644673348 1.589751296 0.685194107 -0.368894314 -0.203393104 -0.512196228 0.748467270
1642650025.807984114 -0.647282876 1.587108553 0.681212484 -0.370054256 -0.205582849 -0.512393521 0.747160237
1642650025.816317081 -0.650217207 1.584425894 0.677454467 -0.371051377 -0.208548963 -0.512447673 0.745805329
1642650025.824650049 -0.653390165 1.581688531 0.674034664 -0.372057435 -0.211456214 -0.512246606 0.744622689
1642650025.832983971 -0.656642015 1.578903192 0.671137268 -0.373152699 -0.213780519 -0.511925651 0.743631011
1642650025.841316938 -0.659982051 1.576135114 0.668774159 -0.374315374 -0.215333704 -0.511575117 0.742839348
1642650025.849649906 -0.663543321 1.573318277 0.666925356 -0.375296419 -0.216543745 -0.510988017 0.742396559
1642650025.857984066 -0.667318596 1.570469141 0.665531043 -0.376167238 -0.217489973 -0.510135429 0.742265562
1642650025.866317034 -0.671275587 1.567596932 0.664528278 -0.377013428 -0.218234112 -0.509021198 0.742382763
1642650025.874650002 -0.675382302 1.564652551 0.664113392 -0.377554202 -0.218430008 -0.507787652 0.742894916
1642650025.882983923 -0.679606675 1.561667214 0.664243006 -0.377960873 -0.218002818 -0.506356693 0.743789788
1642650025.891316891 -0.683998795 1.558626106 0.664780300 -0.378065628 -0.217676390 -0.504832657 0.744867343
1642650025.899650097 -0.688493581 1.555594063 0.665824619 -0.378114141 -0.216663894 -0.503057118 0.746337718
1642650025.907984018 -0.693062914 1.552605652 0.667475104 -0.378226408 -0.214388675 -0.500877053 0.748401268
1642650025.916316986 -0.697739698 1.549613670 0.669434765 -0.378050011 -0.212533057 -0.498712283 0.750462489
1642650025.924649954 -0.702432002 1.546679406 0.671773592 -0.377859558 -0.210425671 -0.496429330 0.752662681
1642650025.932984114 -0.707199816 1.543714084 0.674586412 -0.377448448 -0.208110727 -0.494018772 0.755094727
1642650025.941317081 -0.711914070 1.540782812 0.677853091 -0.377022880 -0.205378990 -0.491581952 0.757641342
1642650025.949650049 -0.716542980 1.537912725 0.681432679 -0.376731798 -0.202674316 -0.489214414 0.760043112
1642650025.957983971 -0.721083684 1.535080702 0.685378385 -0.376567992 -0.199817685 -0.486831110 0.762407313
1642650025.966316938 -0.725370688 1.532355861 0.689864888 -0.376967215 -0.195482860 -0.484232247 0.764984510
1642650025.974649906 -0.729426447 1.529721604 0.694769198 -0.377909775 -0.190299476 -0.481518881 0.767534937
1642650025.982984066 -0.733338545 1.527169526 0.700018150 -0.379057893 -0.184877335 -0.478628584 0.770097503
1642650025.991317034 -0.737025447 1.524714771 0.705626330 -0.380394616 -0.179047302 -0.475642939 0.772661501
1642650025.999650002 -0.740535562 1.522348866 0.711618146 -0.381849958 -0.172939022 -0.472537491 0.775236108
1642650026.007983923 -0.743804910 1.520047884 0.717983358 -0.383348377 -0.166583454 -0.469364674 0.777811531
1642650026.016316891 -0.746681524 1.517818727 0.724721403 -0.385073533 -0.159647449 -0.466305785 0.780249948
1642650026.024650097 -0.749297787 1.515690852 0.731871571 -0.386837151 -0.152181647 -0.463174184 0.782730758
1642650026.032984018 -0.751655120 1.513651367 0.739447314 -0.388501825 -0.144067067 -0.459816624 0.785416886
1642650026.041316986 -0.753889695 1.511649078 0.747278656 -0.389930822 -0.136382088 -0.456346665 0.788099995
1642650026.049649954 -0.755975950 1.509641622 0.755273636 -0.391099766 -0.129557233 -0.453017161 0.790589241
1642650026.057984114 -0.757690086 1.507662550 0.763787363 -0.392087865 -0.121691510 -0.449565884 0.793315069
1642650026.066317081 -0.759238823 1.505688070 0.772762014 -0.392569992 -0.113489057 -0.445829887 0.796394844
1642650026.074650049 -0.760568086 1.503710321 0.782131312 -0.392525714 -0.105117440 -0.441957420 0.799717154
1642650026.082983971 -0.761691474 1.501721022 0.791869625 -0.391845571 -0.096747304 -0.437985340 0.803284414
1642650026.091316938 -0.762583765 1.499707912 0.802006853 -0.390480318 -0.088250938 -0.433880989 0.807145700
1642650026.099649906 -0.763153994 1.497677918 0.812531334 -0.388532973 -0.079453348 -0.429742553 0.811203200
1642650026.107984066 -0.763325560 1.495627701 0.823408710 -0.386068213 -0.070342446 -0.425706204 0.815338888
1642650026.116317034 -0.763119070 1.493608467 0.834558092 -0.383281246 -0.061057483 -0.421712425 0.819466962
1642650026.124650002 -0.762568816 1.491651677 0.845902888 -0.380322129 -0.051807067 -0.417735601 0.823509608
1642650026.132983923 -0.761490715 1.489710454 0.857508981 -0.377308212 -0.042031214 -0.413909692 0.827375766
1642650026.141316891 -0.759971916 1.487816965 0.869287286 -0.374283041 -0.031951196 -0.409998450 0.831139337
1642650026.149650097 -0.757968536 1.485986328 0.881227106 -0.371326762 -0.021581410 -0.406110935 0.834700298
1642650026.157984018 -0.755439539 1.484228699 0.893395583 -0.368519144 -0.010533486 -0.402267946 0.838011447
1642650026.166316986 -0.752396664 1.482515103 0.905685261 -0.365762922 0.000812325 -0.398529736 0.841065321
1642650026.174649954 -0.748970756 1.480850467 0.917859566 -0.363055818 0.011388591 -0.395234477 0.843712322
1642650026.182984114 -0.744912173 1.479323081 0.930124343 -0.360895786 0.023012964 -0.391733228 0.846031745
1642650026.191317081 -0.740354522 1.477865637 0.942461002 -0.358797502 0.034956235 -0.388277652 0.848105465
1642650026.199650049 -0.735407041 1.476337049 0.954869069 -0.356217819 0.046672247 -0.385132002 0.850061120
1642650026.207983971 -0.729909996 1.474885434 0.967243434 -0.354130890 0.058937528 -0.381584330 0.851769382
1642650026.216316938 -0.723841496 1.473486622 0.979535813 -0.352532466 0.071762404 -0.377609323 0.853218739
1642650026.224649906 -0.717295096 1.472206330 0.991785126 -0.351107986 0.084936594 -0.373745657 0.854296869
1642650026.232984066 -0.710284876 1.471163863 1.003980652 -0.350011000 0.098489926 -0.369963873 0.854937873
1642650026.241317034 -0.702931617 1.470432977 1.015795388 -0.349712375 0.111239129 -0.366978042 0.854783146
1642650026.249650002 -0.695217656 1.469706608 1.027518847 -0.349161966 0.124032609 -0.363815360 0.854599448
1642650026.257983923 -0.686932543 1.468802709 1.039132455 -0.348161374 0.137923030 -0.359619397 0.854654775
1642650026.266316891 -0.678246153 1.468284294 1.050385973 -0.347973566 0.151372233 -0.356279714 0.853853389
1642650026.274650097 -0.669238041 1.467822660 1.061451221 -0.347748438 0.164689710 -0.352723993 0.852956100
1642650026.282984018 -0.659675235 1.467636904 1.072181317 -0.347928521 0.178342281 -0.350071808 0.851228233
1642650026.291316986 -0.649659180 1.467665219 1.082592752 -0.348344777 0.192157656 -0.348149172 0.848836560
1642650026.299649954 -0.639457380 1.467612877 1.092762082 -0.348739362 0.205791690 -0.344926991 0.846791597
1642650026.307984114 -0.628695164 1.467719994 1.102469606 -0.349868960 0.220109257 -0.341568911 0.844081930
1642650026.316317081 -0.617400397 1.467857416 1.111863272 -0.351208086 0.234859932 -0.338312773 0.840855612
1642650026.324650049 -0.605649542 1.468094103 1.120852956 -0.352946968 0.249953607 -0.335271392 0.836985499
1642650026.332983971 -0.593800631 1.468398090 1.129600570 -0.354746628 0.264873200 -0.331771827 0.833021292
1642650026.341316938 -0.581579820 1.468898723 1.137839943 -0.357157188 0.280202787 -0.327557640 0.828632086
1642650026.349649906 -0.569341743 1.469316879 1.145872089 -0.358860592 0.294635021 -0.323968469 0.824289822
1642650026.357984066 -0.557465104 1.469402717 1.154146015 -0.358807776 0.307302163 -0.320846326 0.820901940
1642650026.366317034 -0.545273339 1.469633343 1.162013467 -0.359033927 0.320265506 -0.317561809 0.817116358
1642650026.374650002 -0.532142435 1.469827329 1.169151074 -0.360115889 0.335334806 -0.313937952 0.811979111
1642650026.382983923 -0.518670167 1.469918664 1.175917757 -0.361070914 0.350768007 -0.310355138 0.806392763
1642650026.391316891 -0.505278388 1.470009895 1.182385992 -0.361706916 0.365297347 -0.307324486 0.800798112
1642650026.399650097 -0.491880678 1.470171911 1.188533113 -0.362241009 0.379289078 -0.304538241 0.795096036
1642650026.407984018 -0.478340866 1.470208307 1.194286000 -0.362529416 0.393233978 -0.301810509 0.789208387
1642650026.416316986 -0.464796689 1.469950453 1.199756244 -0.362186594 0.406799253 -0.299017382 0.783532925
1642650026.424649954 -0.451134151 1.469667190 1.204767251 -0.362026126 0.420471547 -0.295600228 0.777663981
1642650026.432984114 -0.437397488 1.469559360 1.209117141 -0.362707021 0.434032956 -0.292725337 0.770954530
1642650026.441317081 -0.423749961 1.469411599 1.213224115 -0.363014193 0.446869143 -0.290186228 0.764408672
1642650026.449650049 -0.410052849 1.469126039 1.217086824 -0.362787466 0.459742002 -0.287478639 0.757877680
1642650026.457983971 -0.396456567 1.468816072 1.220439767 -0.362974613 0.472375305 -0.284279918 0.751196333
1642650026.466316938 -0.382938756 1.468610547 1.223420064 -0.363378273 0.484876443 -0.280723657 0.744342189
1642650026.474649906 -0.369590315 1.468409557 1.226081153 -0.363935850 0.496896313 -0.276726661 0.737609047
1642650026.482984066 -0.356225615 1.468241864 1.228302888 -0.364990126 0.508908762 -0.273210451 0.730171301
1642650026.491317034 -0.342845065 1.468110830 1.230041367 -0.366403631 0.521093824 -0.270369622 0.721879403
1642650026.499650002 -0.329679085 1.467793882 1.231645816 -0.367024146 0.532947519 -0.266689889 0.714238560
1642650026.507983923 -0.316650753 1.467458143 1.232999212 -0.367596774 0.544484297 -0.262928330 0.706596176
1642650026.516316891 -0.303739569 1.467194884 1.233964099 -0.368426351 0.555924825 -0.258880745 0.698706214
1642650026.524650097 -0.290984894 1.466942083 1.234659012 -0.369327689 0.567051291 -0.254757299 0.690759445
1642650026.532984018 -0.278390953 1.466675538 1.235103409 -0.370312110 0.577720439 -0.250696720 0.682831744
1642650026.541316986 -0.265951249 1.466398897 1.235357186 -0.371237840 0.587985212 -0.246337985 0.675109957
1642650026.549649954 -0.253635211 1.466122873 1.235395152 -0.372004576 0.598272389 -0.241089618 0.667501716
1642650026.557984114 -0.241242787 1.465778552 1.234959429 -0.372970770 0.609033935 -0.237614364 0.658414675
1642650026.566317081 -0.228760531 1.465289020 1.234053418 -0.374056790 0.620297581 -0.235513644 0.647955055
1642650026.574650049 -0.216741839 1.464928061 1.233405075 -0.374822209 0.630066987 -0.230975450 0.639667292
1642650026.582983971 -0.204917979 1.464614971 1.232685107 -0.375679498 0.639228533 -0.226443824 0.631644672
1642650026.591316938 -0.193271264 1.464312888 1.231908972 -0.376397682 0.647883114 -0.221769921 0.624011505
1642650026.599649906 -0.181680534 1.463911407 1.230907184 -0.376741646 0.656626964 -0.216856765 0.616343983
1642650026.607984066 -0.170209687 1.463504008 1.229805162 -0.377185556 0.664917290 -0.212198478 0.608759279
1642650026.616317034 -0.158796724 1.463022277 1.228380260 -0.377767480 0.673326038 -0.207904640 0.600582583
1642650026.624650002 -0.147452447 1.462525200 1.226747819 -0.378506559 0.681614897 -0.203800901 0.592114103
1642650026.632983923 -0.136245521 1.462005908 1.225263230 -0.378952736 0.689239522 -0.200016203 0.584240724
1642650026.641316891 -0.125183516 1.461361337 1.223648479 -0.379014696 0.696836118 -0.196127777 0.576455705
1642650026.649650097 -0.114205495 1.460645983 1.221909104 -0.378947813 0.704251064 -0.192358002 0.568706772
1642650026.657984018 -0.103271223 1.459925362 1.220100957 -0.378839536 0.711355585 -0.188764313 0.561089896
1642650026.666316986 -0.092497856 1.459217561 1.218149084 -0.378755725 0.718297585 -0.185002384 0.553504109
1642650026.674649954 -0.081775548 1.458367571 1.216033882 -0.378307152 0.725313485 -0.181354045 0.545815681
1642650026.682984114 -0.071183129 1.457641860 1.213747459 -0.378328320 0.731977498 -0.177802564 0.538017540
1642650026.691317081 -0.060820374 1.456945578 1.211328624 -0.378356346 0.738444293 -0.174207030 0.530281446
1642650026.699650049 -0.050537528 1.456219755 1.208844821 -0.378296430 0.744643833 -0.170912695 0.522672196
1642650026.707983971 -0.040388920 1.455506324 1.206313313 -0.378227214 0.750546612 -0.167816834 0.515229530
1642650026.716316938 -0.030312603 1.454650882 1.203397409 -0.378167269 0.756759704 -0.164710197 0.507124066
1642650026.724649906 -0.020365013 1.453733161 1.200255354 -0.378050321 0.763045993 -0.161701988 0.498689518
1642650026.732984066 -0.010695673 1.453111509 1.197519443 -0.378014311 0.768297494 -0.158901431 0.491502266
1642650026.741317034 -0.001241384 1.452531205 1.194483609 -0.378134170 0.773718423 -0.155771763 0.483848643
1642650026.749650002 0.008005226 1.452036581 1.191278654 -0.378379014 0.779081862 -0.152476857 0.476037375
1642650026.757983923 0.017121005 1.451695765 1.188566470 -0.378438590 0.783394899 -0.149683387 0.469756904
1642650026.766316891 0.026028051 1.451460350 1.185724505 -0.378757842 0.787603378 -0.147165930 0.463212267
1642650026.774650097 0.034723558 1.451392088 1.182772793 -0.379405335 0.791669175 -0.144808382 0.456445003
1642650026.782984018 0.043201553 1.451366134 1.179897140 -0.379866728 0.795439303 -0.142001400 0.450347851
1642650026.791316986 0.051470664 1.451422376 1.176975574 -0.380236941 0.799137269 -0.139587320 0.444201389
1642650026.799649954 0.059501668 1.451598995 1.174042834 -0.380631905 0.802658075 -0.137246111 0.438204144
1642650026.807984114 0.067286831 1.451914080 1.171154868 -0.381071031 0.805916332 -0.135124605 0.432463960
1642650026.816317081 0.074810017 1.452447240 1.168339297 -0.381545532 0.808890477 -0.133008556 0.427115823
1642650026.824650049 0.082059700 1.453255192 1.165721413 -0.382048084 0.811436150 -0.130981913 0.422438605
1642650026.832983971 0.088966608 1.454322624 1.163320686 -0.382802236 0.813490962 -0.129291654 0.418304399
1642650026.841316938 0.095515534 1.455533235 1.160960491 -0.383689909 0.815359388 -0.127787327 0.414296418
1642650026.849649906 0.101817666 1.456755862 1.158664074 -0.384487157 0.817042366 -0.126842552 0.410514755
1642650026.857984066 0.107764940 1.458200719 1.156447039 -0.385445394 0.818452762 -0.125999008 0.407051808
1642650026.866317034 0.113370504 1.459850496 1.154282655 -0.386578180 0.819615642 -0.125276206 0.403848217
1642650026.874650002 0.118643549 1.461720050 1.152176816 -0.387887888 0.820537102 -0.124614232 0.400915381
1642650026.882983923 0.123569923 1.463801337 1.150107391 -0.389384667 0.821243980 -0.123956509 0.398211866
1642650026.891316891 0.128127863 1.466105841 1.148048931 -0.391148514 0.821726165 -0.123273619 0.395692514
1642650026.899650097 0.132328363 1.468553766 1.145880304 -0.393116805 0.822160417 -0.122596284 0.393041445
1642650026.907984018 0.136181964 1.471144486 1.143660434 -0.395211423 0.822503824 -0.122029753 0.390389716
1642650026.916316986 0.139621918 1.474089672 1.141615896 -0.397647731 0.822413247 -0.121309019 0.388325706
1642650026.924649954 0.142685241 1.477215550 1.139568545 -0.400270564 0.822164098 -0.120537646 0.386394031
1642650026.932984114 0.145385744 1.480494086 1.137555097 -0.403052655 0.821703524 -0.119875787 0.384683859
1642650026.941317081 0.147743511 1.483872256 1.135584786 -0.405870457 0.821118201 -0.119317340 0.383141546
1642650026.949650049 0.149679500 1.487264499 1.133364678 -0.408803295 0.820788589 -0.118621903 0.380939369
1642650026.957983971 0.151248808 1.490687519 1.131126953 -0.411709248 0.820444158 -0.117998448 0.378739020
1642650026.966316938 0.152645108 1.494190870 1.129467796 -0.414308031 0.819394548 -0.118190905 0.378116835
1642650026.974649906 0.153718774 1.497661353 1.127919745 -0.416757786 0.818203962 -0.118773298 0.377820232
1642650026.982984066 0.154477366 1.501032354 1.126491579 -0.419043440 0.816863694 -0.119962817 0.377816388
1642650026.991317034 0.154931760 1.504314771 1.125216528 -0.421097362 0.815359284 -0.121750591 0.378210317
1642650026.999650002 0.155062349 1.507630929 1.124123464 -0.422933942 0.813641304 -0.123765538 0.379205486
1642650027.007983923 0.154864074 1.510914421 1.123177158 -0.424642988 0.811733412 -0.126194127 0.380581454
1642650027.016316891 0.154345554 1.514154370 1.122433673 -0.426247422 0.809528560 -0.129185163 0.382475933
1642650027.024650097 0.153508327 1.517329555 1.121856763 -0.427671413 0.807141197 -0.132654603 0.384737583
1642650027.032984018 0.152396251 1.520487937 1.121632357 -0.428857384 0.804301763 -0.136785458 0.387904314
1642650027.041316986 0.150936016 1.523553833 1.121526074 -0.429851011 0.801313864 -0.141347486 0.391337563
1642650027.049649954 0.149097318 1.526526566 1.121381600 -0.430681080 0.798384587 -0.146086945 0.394657399
1642650027.057984114 0.146977893 1.529474831 1.121606375 -0.431207364 0.794957660 -0.151414167 0.398969020
1642650027.066317081 0.144405124 1.532223365 1.121663490 -0.431700020 0.791672470 -0.156917232 0.402823503
1642650027.074650049 0.141473902 1.535070268 1.122038877 -0.432153195 0.787784897 -0.162772776 0.407607159
1642650027.082983971 0.138153871 1.537866302 1.122375791 -0.432452748 0.783915522 -0.168850588 0.412250596
1642650027.091316938 0.134442310 1.540677238 1.122735157 -0.432768096 0.779858233 -0.175096626 0.416982114
1642650027.099649906 0.130344934 1.543577137 1.123173326 -0.433405728 0.775297734 -0.181191750 0.422187693
1642650027.107984066 0.125866085 1.546495151 1.123631120 -0.434062913 0.770546796 -0.187248032 0.427533854
1642650027.116317034 0.121030569 1.549392548 1.124130558 -0.434597895 0.765632221 -0.193364918 0.433061174
1642650027.124650002 0.115824930 1.552286767 1.124611976 -0.435109913 0.760598234 -0.199370794 0.438658153
1642650027.132983923 0.110283578 1.555255535 1.125063216 -0.435593258 0.755565523 -0.204963757 0.444262436
1642650027.141316891 0.104394551 1.558274927 1.125504337 -0.436205148 0.750219557 -0.210644678 0.450027227
1642650027.149650097 0.098096826 1.561339852 1.125912162 -0.436985911 0.744613005 -0.216154694 0.455929748
1642650027.157984018 0.091429780 1.564433978 1.126210137 -0.437885955 0.738908094 -0.221415801 0.461785406
1642650027.166316986 0.084420669 1.567597659 1.126401894 -0.439047474 0.733014903 -0.226484347 0.467580270
1642650027.174649954 0.077100134 1.570788795 1.126476940 -0.440313858 0.727026021 -0.231378617 0.473308363
1642650027.182984114 0.069491321 1.573922364 1.126617568 -0.441181850 0.720903233 -0.236350871 0.479369764
1642650027.191317081 0.061608078 1.577016404 1.126740211 -0.441853312 0.714697342 -0.241357052 0.485510179
1642650027.199650049 0.053374929 1.580279538 1.126831863 -0.443011758 0.708020991 -0.246167457 0.491780888
1642650027.207983971 0.044860583 1.583561581 1.127032239 -0.444028358 0.701009013 -0.251034225 0.498404452
1642650027.216316938 0.036272360 1.586492458 1.126959512 -0.444624580 0.694565882 -0.256027690 0.504318392
1642650027.224649906 0.027531817 1.589201283 1.126931215 -0.444776938 0.688082961 -0.261326723 0.510317213
1642650027.232984066 0.018679526 1.591640710 1.126815517 -0.444517756 0.681849382 -0.266860777 0.516014255
1642650027.241317034 0.009395057 1.594310483 1.127215944 -0.444041394 0.674448635 -0.272527249 0.523139732
1642650027.249650002 -0.000257818 1.597042552 1.128051551 -0.443153243 0.666054703 -0.278577454 0.531395274
1642650027.257983923 -0.009959325 1.599341376 1.128598666 -0.441782945 0.658202276 -0.285029720 0.538846594
1642650027.266316891 -0.019937821 1.601529714 1.129292001 -0.440062438 0.649672663 -0.292081044 0.546771566
1642650027.274650097 -0.030185713 1.603612373 1.130088079 -0.437971776 0.640694398 -0.299586558 0.554922793
1642650027.282984018 -0.040663454 1.605566303 1.130948630 -0.435406198 0.631522873 -0.307325248 0.563162051
1642650027.291316986 -0.051395495 1.607370768 1.131921362 -0.432412740 0.621774892 -0.315627683 0.571659315
1642650027.299649954 -0.062419247 1.609144622 1.132869316 -0.429188420 0.611742803 -0.323849417 0.580249600
1642650027.307984114 -0.073736176 1.610897829 1.133891069 -0.425629176 0.601258669 -0.331748619 0.589296760
1642650027.316317081 -0.085286815 1.612496930 1.134880808 -0.421796950 0.590556312 -0.339941272 0.598139203
1642650027.324650049 -0.097052679 1.613961838 1.135857463 -0.417648639 0.579624645 -0.348241240 0.606904379
1642650027.332983971 -0.108984922 1.615286224 1.136758772 -0.413256534 0.568650140 -0.356523798 0.615424111
1642650027.341316938 -0.121106344 1.616481446 1.137624554 -0.408456940 0.557637827 -0.364374751 0.624046491
1642650027.349649906 -0.133517749 1.617586730 1.138546097 -0.403239945 0.545989184 -0.372010017 0.633168150
1642650027.357984066 -0.146043519 1.618514705 1.139317456 -0.397855562 0.534303763 -0.379827744 0.641842134
1642650027.366317034 -0.158406422 1.619097520 1.139648365 -0.392355971 0.523772483 -0.387454319 0.649306036
1642650027.374650002 -0.170884576 1.619603672 1.139840089 -0.386835314 0.513202062 -0.394969883 0.656491337
1642650027.382983923 -0.183932108 1.620272598 1.140277858 -0.381004410 0.501293134 -0.401102992 0.665324901
1642650027.391316891 -0.197184602 1.620833079 1.140567984 -0.374953956 0.489327410 -0.406443395 0.674367840
1642650027.399650097 -0.210165931 1.621003036 1.140478970 -0.368902587 0.478386246 -0.411996595 0.682140958
1642650027.407984018 -0.223090804 1.621007463 1.140145401 -0.362828169 0.467803886 -0.417706725 0.689228798
1642650027.416316986 -0.236154926 1.621060322 1.139632660 -0.357013375 0.456882372 -0.423020620 0.696314228
1642650027.424649954 -0.249223722 1.621041252 1.138918596 -0.351430280 0.446042078 -0.427368225 0.703491025
1642650027.432984114 -0.262313046 1.620949475 1.137982867 -0.346055208 0.435332474 -0.431084165 0.710561660
1642650027.441317081 -0.275260946 1.620662606 1.136784237 -0.340871165 0.425108955 -0.434307113 0.717263241
1642650027.449650049 -0.288239847 1.620311570 1.135337141 -0.335950571 0.414740147 -0.437280231 0.723818916
1642650027.457983971 -0.301242301 1.619912337 1.133635306 -0.331317500 0.404164023 -0.440029404 0.730242617
1642650027.466316938 -0.314058745 1.619421958 1.131681290 -0.327024601 0.394022321 -0.442336561 0.736301356
1642650027.474649906 -0.326729769 1.618819042 1.129455168 -0.322960142 0.384202848 -0.444367385 0.742039450
1642650027.482984066 -0.339189142 1.618113487 1.126965666 -0.319196829 0.374802481 -0.446068121 0.747435426
1642650027.491317034 -0.351559111 1.617342314 1.124238479 -0.315668133 0.365284110 -0.447688012 0.752659679
1642650027.499650002 -0.363937928 1.616516779 1.121267741 -0.312273858 0.355261821 -0.449343168 0.757868586
1642650027.507983923 -0.376083260 1.615492545 1.118111890 -0.309059011 0.345685302 -0.450055665 0.763173701
1642650027.516316891 -0.388563288 1.614507815 1.114989398 -0.305523570 0.334501173 -0.451086638 0.768950686
1642650027.524650097 -0.400435061 1.613574115 1.111449604 -0.302434501 0.324409690 -0.453547924 0.773036873
1642650027.532984018 -0.411136734 1.612205538 1.107281733 -0.300274081 0.317524271 -0.454772850 0.776012544
1642650027.541316986 -0.422372278 1.610941892 1.103264256 -0.297421408 0.308274595 -0.456567825 0.779777597
1642650027.549649954 -0.433059571 1.609445912 1.099010655 -0.294757437 0.300525534 -0.457871123 0.783043097
1642650027.557984114 -0.443581138 1.607675138 1.094712257 -0.291307145 0.292601476 -0.459177594 0.786562433
1642650027.566317081 -0.453827822 1.605758604 1.090266443 -0.287620961 0.284873620 -0.460730746 0.789840733
1642650027.574650049 -0.464151136 1.603917324 1.085616813 -0.284156769 0.275932495 -0.462669620 0.793128622
1642650027.582983971 -0.474392521 1.601766235 1.080985740 -0.279656485 0.267129462 -0.464215186 0.796830196
1642650027.591316938 -0.484348516 1.599580977 1.076222417 -0.275179390 0.258316051 -0.466306424 0.800067147
1642650027.599649906 -0.493920277 1.597245004 1.071254694 -0.270828744 0.249764959 -0.467894291 0.803333175
1642650027.607984066 -0.503261225 1.594818996 1.066204518 -0.266214835 0.241372594 -0.469562332 0.806461499
1642650027.616317034 -0.512286499 1.592362961 1.061111626 -0.261447027 0.233624653 -0.471222020 0.809329835
1642650027.624650002 -0.521711029 1.589769763 1.056063837 -0.255467178 0.223673252 -0.473377629 0.812785591
1642650027.632983923 -0.531522426 1.587214422 1.051065386 -0.248596556 0.212155389 -0.475744432 0.816613176
1642650027.641316891 -0.540239191 1.584507578 1.045628562 -0.242817144 0.203230894 -0.477874886 0.819373316
1642650027.649650097 -0.548434872 1.581658916 1.040164882 -0.236940245 0.195203661 -0.480114250 0.821733021
1642650027.657984018 -0.556325778 1.578759643 1.034662773 -0.231079882 0.187597080 -0.482337057 0.823869157
1642650027.666316986 -0.564153061 1.575930133 1.029010634 -0.225170835 0.179411407 -0.484624889 0.825983268
1642650027.674649954 -0.572085435 1.573245801 1.023111322 -0.219136066 0.169838173 -0.487105869 0.828168010
1642650027.682984114 -0.579495138 1.570377472 1.017295353 -0.213299282 0.161498217 -0.489081283 0.830193496
1642650027.691317081 -0.586441058 1.567419627 1.011403808 -0.207638536 0.154033058 -0.490790697 0.832036386
1642650027.699650049 -0.592922493 1.564380587 1.005468015 -0.202241018 0.147465314 -0.492260700 0.833685765
1642650027.707983971 -0.599564397 1.561432828 0.999557311 -0.196777523 0.139713992 -0.493718078 0.835464581
1642650027.716316938 -0.605965014 1.558497580 0.993619854 -0.191553943 0.132133196 -0.494949137 0.837181735
1642650027.724649906 -0.612087379 1.555569207 0.987662035 -0.186613137 0.124792304 -0.496073523 0.838757103
1642650027.732984066 -0.617931257 1.552653487 0.981695042 -0.181981266 0.117671875 -0.497022277 0.840241040
1642650027.741317034 -0.623394575 1.549720952 0.975832073 -0.177779077 0.111356799 -0.497630821 0.841639964
1642650027.749650002 -0.628645276 1.546806308 0.969971839 -0.173867690 0.105012467 -0.498134572 0.842973520
1642650027.757983923 -0.633905218 1.544013716 0.963941583 -0.170143173 0.097617884 -0.498745984 0.844259731
1642650027.766316891 -0.638450592 1.541061450 0.958177125 -0.167154111 0.092285546 -0.498790666 0.845429331
1642650027.774650097 -0.642575742 1.538017835 0.952552107 -0.164396045 0.087805932 -0.498854057 0.846409292
1642650027.782984018 -0.646859414 1.535099326 0.946997648 -0.161521020 0.082307432 -0.498908794 0.847482426
1642650027.791316986 -0.651013083 1.532282096 0.941533573 -0.159294776 0.076590693 -0.498304878 0.848794020
1642650027.799649954 -0.654944863 1.529415311 0.936164449 -0.157322372 0.071012747 -0.497544652 0.850091866
1642650027.807984114 -0.658360906 1.526474886 0.930935718 -0.156064388 0.066502163 -0.496533657 0.851278859
1642650027.816317081 -0.661875061 1.523606236 0.925823550 -0.154778707 0.061243148 -0.495319274 0.852614594
1642650027.824650049 -0.665112839 1.520701682 0.920867782 -0.153824428 0.056402214 -0.493985587 0.853894066
1642650027.832983971 -0.668000212 1.517756387 0.916083880 -0.153382577 0.052221051 -0.492443445 0.855129347
1642650027.841316938 -0.670882281 1.514862400 0.911427152 -0.153041554 0.047576324 -0.490727534 0.856446883
1642650027.849649906 -0.673332568 1.511887704 0.906945638 -0.153275209 0.043798107 -0.488847594 0.857680865
1642650027.857984066 -0.675860101 1.508967447 0.902625210 -0.153448256 0.039317490 -0.486866244 0.858993032
1642650027.866317034 -0.678174646 1.506094393 0.898567673 -0.153995021 0.035219101 -0.484620271 0.860341991
1642650027.874650002 -0.680177430 1.503282837 0.894742638 -0.155213795 0.031812475 -0.481991581 0.861731258
1642650027.882983923 -0.681874079 1.500438090 0.891175424 -0.156749499 0.028775819 -0.479316301 0.863051233
1642650027.891316891 -0.683344468 1.497649105 0.887848569 -0.158660663 0.025925337 -0.476563910 0.864315631
1642650027.899650097 -0.684576175 1.494943322 0.884785687 -0.160981884 0.023347961 -0.473709099 0.865528391
1642650027.907984018 -0.685367232 1.492240493 0.882069907 -0.163865065 0.021818300 -0.470669554 0.866684702
1642650027.916316986 -0.685954918 1.489629730 0.879639275 -0.167043725 0.020473323 -0.467573161 0.867786020
1642650027.924649954 -0.686649929 1.487227294 0.877401498 -0.170208132 0.018210118 -0.464449717 0.868898178
1642650027.932984114 -0.686895713 1.484853191 0.875535324 -0.173834458 0.016856453 -0.461328765 0.869869652
1642650027.941317081 -0.686573405 1.482508425 0.874126144 -0.178015801 0.016929872 -0.458130852 0.870712281
1642650027.949650049 -0.686065583 1.480356671 0.872937402 -0.182426699 0.016909201 -0.455041409 0.871419471
1642650027.957983971 -0.685305038 1.478372742 0.872070777 -0.187328149 0.017077996 -0.451677847 0.872125925
1642650027.966316938 -0.684213275 1.476593776 0.871576363 -0.192720769 0.017735302 -0.448103111 0.872781625
1642650027.974649906 -0.682771636 1.474932998 0.871471170 -0.198047834 0.019131100 -0.444908580 0.873193800
1642650027.982984066 -0.680979041 1.473418579 0.871763731 -0.203549957 0.021108280 -0.441727548 0.873497928
1642650027.991317034 -0.678920753 1.472039659 0.872426130 -0.208997574 0.023372244 -0.438612901 0.873723340
1642650027.999650002 -0.676562947 1.470818589 0.873431481 -0.214468621 0.025966341 -0.435692621 0.873785385
1642650028.007983923 -0.673759369 1.469747576 0.874842535 -0.219980121 0.029408144 -0.433088153 0.873600915
1642650028.016316891 -0.670573124 1.468844313 0.876635240 -0.225493485 0.033441481 -0.430723956 0.873218890
1642650028.024650097 -0.667386014 1.468163166 0.878728367 -0.230848325 0.036900783 -0.428164510 0.872939021
1642650028.032984018 -0.663934486 1.467683689 0.881181103 -0.236322500 0.040615892 -0.425259565 0.872729241
1642650028.041316986 -0.660210035 1.467325444 0.883991800 -0.241429276 0.044676729 -0.422737469 0.872358256
1642650028.049649954 -0.656212538 1.467145335 0.887139139 -0.246438495 0.049023254 -0.420269886 0.871916287
1642650028.057984114 -0.651801108 1.467154412 0.890659348 -0.251499173 0.054069991 -0.417879224 0.871321729
1642650028.066317081 -0.647094386 1.467362264 0.894512795 -0.256490503 0.059470377 -0.415542928 0.870631938
1642650028.074650049 -0.642021135 1.467767673 0.898684956 -0.261535392 0.065404841 -0.413286855 0.869778950
1642650028.082983971 -0.636655852 1.468365604 0.903165253 -0.266537588 0.071674999 -0.411058538 0.868821781
1642650028.091316938 -0.630974809 1.469160358 0.907937735 -0.271578124 0.078299193 -0.408822597 0.867743420
1642650028.099649906 -0.624880522 1.470137081 0.912979043 -0.276726544 0.085507874 -0.406594025 0.866482615
1642650028.107984066 -0.618488232 1.471301109 0.918249919 -0.281901665 0.093007807 -0.404349937 0.865090821
1642650028.116317034 -0.611898178 1.472641717 0.923735874 -0.286965637 0.100515621 -0.402096003 0.863635419
1642650028.124650002 -0.605153632 1.474118422 0.929476784 -0.291775243 0.107988186 -0.399812381 0.862180851
1642650028.132983923 -0.598018220 1.475822996 0.935321583 -0.296916528 0.115977000 -0.397467580 0.860470472
1642650028.141316891 -0.590196685 1.477802027 0.941128428 -0.302949721 0.125278477 -0.395059759 0.858169305
1642650028.149650097 -0.582537872 1.479781103 0.947240436 -0.308029099 0.133647694 -0.392740720 0.856160671
1642650028.157984018 -0.574754204 1.481883430 0.953481755 -0.312931442 0.141808766 -0.390403128 0.854136748
1642650028.166316986 -0.566426199 1.484201444 0.959662844 -0.318521953 0.150989109 -0.387907428 0.851630132
1642650028.174649954 -0.557851751 1.486739659 0.965810862 -0.324639016 0.160002615 -0.385743580 0.848652204
1642650028.182984114 -0.549072072 1.489396817 0.971942489 -0.331001606 0.169042291 -0.383504732 0.845450626
1642650028.191317081 -0.539994828 1.491904462 0.978190517 -0.336452695 0.179117125 -0.380435151 0.842606513
1642650028.199650049 -0.530679214 1.494519185 0.984391834 -0.342046577 0.189273252 -0.377418767 0.839484871
1642650028.207983971 -0.521228874 1.497245734 0.990385128 -0.347818387 0.199057276 -0.374190383 0.836289500
1642650028.216316938 -0.511334406 1.500163239 0.996102181 -0.354153304 0.209712790 -0.371219516 0.832341309
1642650028.224649906 -0.501091199 1.502938243 1.002048090 -0.359916235 0.221872479 -0.367433724 0.828387208
1642650028.232984066 -0.491166906 1.505757942 1.007859127 -0.365120649 0.232127810 -0.364139328 0.824746108
1642650028.241317034 -0.481224751 1.508605772 1.013572206 -0.370131071 0.242170740 -0.360636943 0.821156087
1642650028.249650002 -0.471172126 1.511487514 1.019154867 -0.375134017 0.252293218 -0.356932980 0.817448132
1642650028.257983923 -0.460757841 1.514340575 1.024457877 -0.380392117 0.263081087 -0.353103939 0.813269812
1642650028.266316891 -0.450387988 1.517230821 1.029578366 -0.385631275 0.273626214 -0.348977343 0.809093338
1642650028.274650097 -0.439918871 1.520108472 1.034475381 -0.390860963 0.284257185 -0.344679049 0.804749597
1642650028.282984018 -0.429297384 1.522943439 1.039163272 -0.395987488 0.295121046 -0.340194035 0.800228403
1642650028.291316986 -0.418755608 1.525763081 1.043620206 -0.400974111 0.305589286 -0.335582916 0.795750625
1642650028.299649954 -0.408161091 1.528502628 1.047838363 -0.405769463 0.316025681 -0.330865744 0.791205897
1642650028.307984114 -0.397534518 1.531150243 1.051824418 -0.410293352 0.326356902 -0.326102501 0.786643309
1642650028.316317081 -0.387030727 1.533757361 1.055487762 -0.414725329 0.335848904 -0.321602846 0.782163681
1642650028.324650049 -0.376445564 1.536266360 1.058878997 -0.418909356 0.345517328 -0.317028164 0.777576923
1642650028.332983971 -0.365598477 1.538625479 1.062084260 -0.422554537 0.356270773 -0.311978827 0.772779407
1642650028.341316938 -0.355014924 1.540894900 1.064980947 -0.426034965 0.365519382 -0.307597823 0.768292502
1642650028.349649906 -0.344283973 1.542987291 1.067666727 -0.428987768 0.375357610 -0.303135975 0.763665333
1642650028.357984066 -0.333630479 1.544933223 1.069979672 -0.431824908 0.384795657 -0.298977820 0.758993949
1642650028.366317034 -0.322908363 1.546703561 1.071894726 -0.434708155 0.394311703 -0.295232019 0.753913228
1642650028.374650002 -0.312405374 1.548389127 1.073708240 -0.437040046 0.402783173 -0.292007625 0.749328540
1642650028.382983923 -0.302102822 1.550037438 1.075223756 -0.438915711 0.411017075 -0.287661497 0.745431972
1642650028.391316891 -0.291824687 1.551494464 1.076458134 -0.440544377 0.419054809 -0.284388536 0.741240096
1642650028.399650097 -0.281610784 1.552886324 1.077344509 -0.442111940 0.426921920 -0.281476878 0.736916192
1642650028.407984018 -0.271491580 1.554130355 1.077928024 -0.443451790 0.434602612 -0.279062443 0.732526608
1642650028.416316986 -0.261628725 1.555332582 1.078278649 -0.444751875 0.441343727 -0.276880616 0.728524954
1642650028.424649954 -0.251971317 1.556444173 1.078381039 -0.445974544 0.447436562 -0.275044374 0.724746729
1642650028.432984114 -0.242252976 1.557321122 1.078159549 -0.446912797 0.454245870 -0.273228118 0.720608103
1642650028.441317081 -0.232660446 1.558046258 1.077693564 -0.447662252 0.460892049 -0.271589987 0.716530464
1642650028.449650049 -0.223204288 1.558649156 1.076977883 -0.448178415 0.467413291 -0.270043526 0.712556958
1642650028.457983971 -0.213886297 1.559111194 1.076014725 -0.448521506 0.473798501 -0.268629288 0.708647828
1642650028.466316938 -0.204714733 1.559444097 1.074804879 -0.448738338 0.480022436 -0.267389266 0.704780352
1642650028.474649906 -0.195722299 1.559704711 1.073315740 -0.448974160 0.486103935 -0.266184360 0.700907308
1642650028.482984066 -0.186913367 1.559865634 1.071575647 -0.449199707 0.492014755 -0.265103501 0.697037473
1642650028.491317034 -0.178309540 1.559925988 1.069635728 -0.449392417 0.497717351 -0.264137101 0.693221094
1642650028.499650002 -0.169914673 1.559887597 1.067491758 -0.449583605 0.503241889 -0.263252070 0.689434936
1642650028.507983923 -0.161672708 1.559746536 1.065114542 -0.449821920 0.508797497 -0.262405924 0.685513296
1642650028.516316891 -0.153723729 1.559565182 1.062617719 -0.450101611 0.513991419 -0.261553132 0.681770724
1642650028.524650097 -0.146023669 1.559308839 1.059977241 -0.450399483 0.518934101 -0.260715929 0.678140773
1642650028.532984018 -0.138555273 1.558969433 1.057179098 -0.450719842 0.523750032 -0.259890557 0.674532747
1642650028.541316986 -0.131341601 1.558567450 1.054269707 -0.451073875 0.528316765 -0.259090324 0.671033501
1642650028.549649954 -0.124412887 1.558102405 1.051324038 -0.451399844 0.532472695 -0.258471029 0.667760240
1642650028.557984114 -0.117718724 1.557567806 1.048283220 -0.451762381 0.536509928 -0.257912714 0.664491445
1642650028.566317081 -0.111315576 1.557014951 1.045119795 -0.452312998 0.540469870 -0.257183263 0.661182305
1642650028.574650049 -0.105210117 1.556417566 1.041985978 -0.452866314 0.544026484 -0.256620737 0.658098081
1642650028.582983971 -0.099374369 1.555782184 1.038880325 -0.453448513 0.547318525 -0.256088313 0.655168417
1642650028.591316938 -0.093808551 1.555099533 1.035838834 -0.454050836 0.550275035 -0.255704257 0.652419004
1642650028.599649906 -0.088535216 1.554390484 1.032934053 -0.454672272 0.552690054 -0.255570392 0.649992773
1642650028.607984066 -0.083546254 1.553659178 1.030155147 -0.455337917 0.554650920 -0.255586772 0.647846541
1642650028.616317034 -0.078745641 1.552933067 1.027408073 -0.456053468 0.556724351 -0.255503226 0.645593783
1642650028.624650002 -0.074187498 1.552239297 1.024790011 -0.456763654 0.558682669 -0.255436724 0.643422660
1642650028.632983923 -0.069879726 1.551605173 1.022317090 -0.457516107 0.560493532 -0.255376642 0.641333598
1642650028.641316891 -0.065856184 1.551042078 1.020064781 -0.458361596 0.561836661 -0.255525235 0.639492821
1642650028.649650097 -0.062093856 1.550569911 1.018026367 -0.459255604 0.562991548 -0.255600325 0.637803481
1642650028.657984018 -0.058571540 1.550188524 1.016207364 -0.460224047 0.563995867 -0.255626261 0.636205709
1642650028.666316986 -0.055276398 1.549907267 1.014648618 -0.461284742 0.564832643 -0.255540588 0.634727879
1642650028.674649954 -0.052197452 1.549710655 1.013361985 -0.462402520 0.565609664 -0.255227049 0.633347275
1642650028.682984114 -0.049308716 1.549578143 1.012383952 -0.463522463 0.566332832 -0.254688316 0.632098024
1642650028.691317081 -0.046588485 1.549500755 1.011711873 -0.464693602 0.566972434 -0.254003858 0.630939106
1642650028.699650049 -0.043978071 1.549444688 1.011310943 -0.465893305 0.567702160 -0.253138531 0.629744845
1642650028.707983971 -0.041462844 1.549375068 1.011219706 -0.467018295 0.568496273 -0.252171932 0.628581909
1642650028.716316938 -0.039042707 1.549296559 1.011452111 -0.468125193 0.569251868 -0.251156930 0.627480128
1642650028.724649906 -0.036676116 1.549164366 1.011966183 -0.469208130 0.570123545 -0.250064579 0.626315081
1642650028.732984066 -0.034400963 1.548971407 1.012817451 -0.470268368 0.570908927 -0.248922961 0.625258361
1642650028.741317034 -0.032207150 1.548705851 1.014006406 -0.471325639 0.571606627 -0.247727421 0.624298912
1642650028.749650002 -0.030060806 1.548341821 1.015470337 -0.472403141 0.572378393 -0.246364451 0.623315975
1642650028.757983923 -0.027958836 1.547858668 1.017259333 -0.473432414 0.573103512 -0.244927057 0.622434615
1642650028.766316891 -0.025896317 1.547238440 1.019375927 -0.474391827 0.573773936 -0.243409160 0.621681466
1642650028.774650097 -0.023849144 1.546461325 1.021782039 -0.475300557 0.574525355 -0.241718550 0.620952606
1642650028.782984018 -0.021813465 1.545483089 1.024578410 -0.475988846 0.575040461 -0.240091110 0.620579847
1642650028.791316986 -0.019742624 1.544287007 1.027715580 -0.476493669 0.575480000 -0.238492076 0.620401550
1642650028.799649954 -0.017631633 1.542883624 1.031114152 -0.476818739 0.576127601 -0.236664264 0.620250678
1642650028.807984114 -0.015438996 1.541262400 1.034823839 -0.476847437 0.576919824 -0.234770967 0.620211764
1642650028.816317081 -0.013166958 1.539423230 1.038836372 -0.476669717 0.577701916 -0.232916882 0.620319436
1642650028.824650049 -0.010794727 1.537372046 1.043088991 -0.476389422 0.578577909 -0.231034200 0.620422372
1642650028.832983971 -0.008297985 1.535112305 1.047604858 -0.475903889 0.579529875 -0.229177755 0.620595012
1642650028.841316938 -0.005682800 1.532630480 1.052361036 -0.475324796 0.580451151 -0.227469303 0.620806343
1642650028.849649906 -0.002927911 1.529932965 1.057313261 -0.474676605 0.581470484 -0.225783935 0.620963615
1642650028.857984066 -0.000076621 1.527074927 1.062536895 -0.473967737 0.582386452 -0.224092010 0.621259508
1642650028.866317034 0.002877635 1.524049867 1.067969253 -0.473289520 0.583338682 -0.222260133 0.621541186
1642650028.874650002 0.005951687 1.520817209 1.073428469 -0.472835480 0.584558520 -0.220193994 0.621476107
1642650028.882983923 0.009146627 1.517383290 1.079091863 -0.472331738 0.585799573 -0.217993084 0.621466495
1642650028.891316891 0.012468422 1.513746618 1.084927283 -0.471702807 0.587292711 -0.215399922 0.621439142
1642650028.899650097 0.015857717 1.509917371 1.090952124 -0.471003486 0.588782245 -0.212536193 0.621546097
1642650028.907984018 0.019376952 1.505873049 1.097000120 -0.470267036 0.590665963 -0.209210490 0.621444772
1642650028.916316986 0.023026124 1.501592707 1.103156075 -0.469267304 0.592812467 -0.205538047 0.621382079
1642650028.924649954 0.026747498 1.497107937 1.109566275 -0.467808362 0.594813176 -0.201788053 0.621799167
1642650028.932984114 0.030702101 1.492362159 1.115710982 -0.466356635 0.597587258 -0.197745042 0.621528645
1642650028.941317081 0.034754692 1.487439212 1.122010736 -0.464518229 0.600277181 -0.193727117 0.621578575
1642650028.949650049 0.038943542 1.482328140 1.128246045 -0.462533645 0.603147730 -0.189740151 0.621509548
1642650028.957983971 0.043202177 1.477144793 1.134386360 -0.460703406 0.605907224 -0.185838710 0.621363646
1642650028.966316938 0.047524464 1.471906669 1.140375726 -0.459062114 0.608630460 -0.182050697 0.621038230
1642650028.974649906 0.051915621 1.466471457 1.146283834 -0.456974049 0.611534675 -0.178285714 0.620817416
1642650028.982984066 0.056355092 1.460938520 1.152103644 -0.454710368 0.614378357 -0.174619068 0.620714022
1642650028.991317034 0.060932045 1.455280749 1.157511300 -0.452469694 0.617774881 -0.170941738 0.620003464
1642650028.999650002 0.065539917 1.449587382 1.162569637 -0.450248451 0.621468732 -0.167385739 0.618898184
1642650029.007983923 0.070184889 1.443854145 1.167690025 -0.447486729 0.624686916 -0.164610548 0.618405411
1642650029.016316891 0.074883199 1.438006506 1.172635991 -0.444051649 0.627999151 -0.161944764 0.618230614
1642650029.024650097 0.079676034 1.432077238 1.177168962 -0.440314406 0.631720095 -0.159599931 0.617722274
1642650029.032984018 0.084400097 1.426219556 1.181576432 -0.436249954 0.635105787 -0.157649402 0.617635234
1642650029.041316986 0.089091301 1.420416617 1.185744280 -0.431974219 0.638269163 -0.156126666 0.617766310
1642650029.049649954 0.093816113 1.414653170 1.189498785 -0.427585756 0.641591736 -0.154824020 0.617705422
1642650029.057984114 0.098394773 1.409112875 1.192998448 -0.423267475 0.644725901 -0.153325476 0.617789976
1642650029.066317081 0.102882699 1.403779965 1.196162278 -0.419018929 0.647833490 -0.151617378 0.617856842
1642650029.074650049 0.107308464 1.398648348 1.198830577 -0.414949636 0.651190704 -0.149545781 0.617578761
1642650029.082983971 0.111662853 1.393746620 1.201037992 -0.411015709 0.654663675 -0.147295528 0.617078266
1642650029.091316938 0.115954766 1.389071303 1.202749375 -0.407157408 0.658324764 -0.144896287 0.616308702
1642650029.099649906 0.120127825 1.384656185 1.204179048 -0.403220418 0.661711700 -0.142693957 0.615783530
1642650029.107984066 0.124217198 1.380508611 1.205172465 -0.399346962 0.665062523 -0.140661981 0.615165060
1642650029.116317034 0.128221911 1.376682499 1.205634116 -0.395668382 0.668534990 -0.138597287 0.614246116
1642650029.124650002 0.132095561 1.373226476 1.205624410 -0.392267428 0.671866735 -0.136635681 0.613230826
1642650029.132983923 0.135801112 1.370200492 1.205074807 -0.389392552 0.675009766 -0.134773267 0.612022404
1642650029.141316891 0.139302414 1.367632946 1.204047217 -0.386999145 0.677905905 -0.132898826 0.610748023
1642650029.149650097 0.142596556 1.365551612 1.202521676 -0.385170191 0.680571332 -0.131023825 0.609343371
1642650029.157984018 0.145761286 1.363912488 1.200319807 -0.383955643 0.683362499 -0.129087148 0.607396302
1642650029.166316986 0.148690698 1.362816782 1.197656059 -0.383397711 0.685836878 -0.127081663 0.605379404
1642650029.174649954 0.151328438 1.362320460 1.194670101 -0.383422130 0.687746025 -0.124993187 0.603630333
1642650029.182984114 0.153864600 1.362221247 1.190914493 -0.384163247 0.690069389 -0.122800499 0.600951642
1642650029.191317081 0.156205059 1.362583421 1.186681915 -0.385463213 0.692211804 -0.120777076 0.598058382
1642650029.199650049 0.158356070 1.363281859 1.182030847 -0.387003796 0.694153119 -0.118892258 0.595184122
1642650029.207983971 0.160319401 1.364377983 1.176856197 -0.389002431 0.696332734 -0.116696401 0.591759902
1642650029.216316938 0.162065609 1.365807427 1.171437637 -0.391274882 0.698037940 -0.115039971 0.588568437
1642650029.224649906 0.163602791 1.367570138 1.165700304 -0.393837126 0.699624801 -0.113498571 0.585265350
1642650029.232984066 0.164932107 1.369623779 1.159700984 -0.396575572 0.701089206 -0.112126420 0.581918728
1642650029.241317034 0.166039229 1.371962462 1.153464303 -0.399506908 0.702415888 -0.110876455 0.578543484
1642650029.249650002 0.166932648 1.374519711 1.146975947 -0.402552216 0.703716862 -0.109810377 0.575044322
1642650029.257983923 0.167651951 1.377259375 1.140311249 -0.405583352 0.704974913 -0.109010755 0.571514804
1642650029.266316891 0.168153097 1.380196006 1.133620624 -0.408526346 0.705958395 -0.108630745 0.568267833
1642650029.274650097 0.168450599 1.383266348 1.126854713 -0.411378762 0.706745825 -0.108576698 0.565233539
1642650029.282984018 0.168521656 1.386459577 1.120002192 -0.413999365 0.707565852 -0.108755884 0.562251944
1642650029.291316986 0.168380330 1.389749125 1.113102661 -0.416426602 0.708283292 -0.109216261 0.559459983
1642650029.299649954 0.167994871 1.393119608 1.106132737 -0.418727989 0.708908617 -0.109880847 0.556813832
1642650029.307984114 0.167379245 1.396536765 1.099121768 -0.420734668 0.709499910 -0.110802017 0.554360108
1642650029.316317081 0.166531785 1.399986593 1.092056372 -0.422493548 0.710111787 -0.111981214 0.551996975
1642650029.324650049 0.165417962 1.403445406 1.085000623 -0.424093934 0.710473680 -0.113457455 0.549998992
1642650029.332983971 0.164038619 1.406910499 1.077909175 -0.425518580 0.710753178 -0.115192558 0.548173816
1642650029.341316938 0.162384945 1.410345733 1.070858532 -0.426695092 0.710852907 -0.117251849 0.546691364
1642650029.349649906 0.160421420 1.413795728 1.063835540 -0.427720317 0.710797755 -0.119471299 0.545480055
1642650029.357984066 0.158169376 1.417211905 1.056842966 -0.428559688 0.710619512 -0.121906350 0.544513861
1642650029.366317034 0.155668237 1.420517524 1.050011482 -0.429014448 0.710160949 -0.124862595 0.544083966
1642650029.374650002 0.152813644 1.423884642 1.043166354 -0.429506504 0.709532406 -0.127901272 0.543809886
1642650029.382983923 0.149718310 1.427120222 1.036518315 -0.429651295 0.708445525 -0.131719210 0.544201022
1642650029.391316891 0.146358655 1.430312412 1.029989342 -0.429531177 0.707011310 -0.136184917 0.545061138
1642650029.399650097 0.142605629 1.433625098 1.023301138 -0.429741123 0.705532413 -0.140522243 0.545710619
1642650029.407984018 0.138525308 1.436959289 1.016579530 -0.430042634 0.703822602 -0.145121155 0.546476833
1642650029.416316986 0.134103263 1.440340099 1.009802114 -0.430536921 0.701856196 -0.149915900 0.547321717
1642650029.424649954 0.129377850 1.443727167 1.002944473 -0.431271981 0.699609761 -0.155023497 0.548195564
1642650029.432984114 0.124345754 1.447113666 0.996010633 -0.432186979 0.697205248 -0.160187835 0.549052926
1642650029.441317081 0.118884975 1.450713315 0.989146001 -0.433518640 0.694243537 -0.165220491 0.550263291
1642650029.449650049 0.113078482 1.454383798 0.982292369 -0.435128166 0.690913974 -0.170205175 0.551662541
1642650029.457983971 0.107044311 1.458006689 0.975307358 -0.436925365 0.687621419 -0.175152384 0.552806162
1642650029.466316938 0.100858256 1.461529445 0.968087975 -0.438969117 0.684567441 -0.180084694 0.553392298
1642650029.474649906 0.094372814 1.465050118 0.960941076 -0.441044758 0.681291905 -0.184843410 0.554214557
1642650029.482984066 0.087413866 1.468787979 0.954291982 -0.443137655 0.676976986 -0.189400999 0.556289889
1642650029.491317034 0.080415025 1.472370900 0.947322419 -0.445642356 0.673056254 -0.194042487 0.557445676
1642650029.499650002 0.073157948 1.475961717 0.940522254 -0.448212414 0.668780954 -0.198630092 0.558913011
1642650029.507983923 0.065748838 1.479407952 0.933754198 -0.450769267 0.664495519 -0.203321817 0.560279406
1642650029.516316891 0.058062894 1.482879848 0.927248194 -0.453313000 0.659757402 -0.207959949 0.562121121
1642650029.524650097 0.050250425 1.486167208 0.920844743 -0.455712496 0.655025859 -0.212640156 0.563960468
1642650029.532984018 0.042252714 1.489315120 0.914652159 -0.457934560 0.650135773 -0.217341189 0.566023165
1642650029.541316986 0.034068304 1.492317203 0.908750088 -0.459898729 0.644966603 -0.222164583 0.568466479
1642650029.549649954 0.025687754 1.495177271 0.903143572 -0.461581637 0.639554641 -0.226970920 0.571311171
1642650029.557984114 0.017108447 1.497891834 0.897815410 -0.463007824 0.633978803 -0.231745006 0.574446589
1642650029.566317081 0.008342231 1.500458765 0.892795682 -0.464148737 0.628180530 -0.236503635 0.577945674
1642650029.574650049 -0.000614726 1.502827408 0.888127746 -0.464746683 0.622254845 -0.241269210 0.581892255
1642650029.582983971 -0.009745648 1.504980229 0.883796012 -0.464854827 0.616186200 -0.246160058 0.586199440
1642650029.591316938 -0.019141420 1.507039796 0.879802279 -0.464961323 0.609452822 -0.251153216 0.591016318
1642650029.599649906 -0.028759288 1.508937514 0.876124993 -0.464727859 0.602414579 -0.256157026 0.596245142
1642650029.607984066 -0.038562089 1.510678986 0.872693633 -0.464165799 0.595343008 -0.261090591 0.601621574
1642650029.616317034 -0.048530555 1.512212301 0.869478348 -0.463285477 0.588165789 -0.266045608 0.607163326
1642650029.624650002 -0.058734658 1.513588340 0.866637812 -0.461949758 0.580537223 -0.271125620 0.613245344
1642650029.632983923 -0.069187403 1.514799038 0.864208213 -0.460049900 0.572421656 -0.276320885 0.619947018
1642650029.641316891 -0.079823414 1.515868202 0.861841791 -0.458055328 0.564358473 -0.281373005 0.626509427
1642650029.649650097 -0.090702486 1.516797874 0.859704536 -0.455741995 0.555993881 -0.286420366 0.633350939
1642650029.657984018 -0.101809830 1.517586668 0.857756672 -0.453119598 0.547392152 -0.291420748 0.640404880
1642650029.666316986 -0.113110805 1.518251174 0.855921005 -0.450321985 0.538623801 -0.296408197 0.647484897
1642650029.674649954 -0.124630624 1.518808194 0.854215595 -0.447306582 0.529627216 -0.301240893 0.654725713
1642650029.682984114 -0.136262485 1.519188356 0.852574716 -0.443841750 0.521034597 -0.305317433 0.662048876
1642650029.691317081 -0.147947293 1.519372637 0.850913208 -0.440184185 0.512890640 -0.309185908 0.669018048
1642650029.699650049 -0.159915467 1.519450371 0.849343955 -0.436496021 0.503824369 -0.313530521 0.676262405
1642650029.707983971 -0.172152818 1.519455190 0.847904936 -0.432599040 0.494334089 -0.317512190 0.683869789
1642650029.716316938 -0.184420029 1.519257835 0.846485395 -0.428300510 0.485238293 -0.320948610 0.691443752
1642650029.724649906 -0.196842117 1.519059059 0.844945389 -0.424243776 0.475939858 -0.324579148 0.698675065
1642650029.732984066 -0.209415984 1.518753553 0.843335134 -0.420123032 0.466394199 -0.327992240 0.705970381
1642650029.741317034 -0.221928304 1.518277691 0.841505736 -0.416005338 0.456969885 -0.331559662 0.712871849
1642650029.749650002 -0.234474857 1.517756449 0.839471956 -0.411989473 0.447550530 -0.335252489 0.719422661
1642650029.757983923 -0.247383548 1.517427107 0.837533264 -0.407886623 0.437653306 -0.338400686 0.726342248
1642650029.766316891 -0.260093812 1.516840703 0.835302004 -0.403842963 0.427710278 -0.341950718 0.732833191
1642650029.774650097 -0.272708786 1.516195167 0.832781690 -0.399866506 0.418423768 -0.344853386 0.738988816
1642650029.782984018 -0.285145714 1.515419459 0.830143481 -0.395780160 0.409841982 -0.347396657 0.744783980
1642650029.791316986 -0.297957385 1.514693240 0.827486856 -0.391582749 0.399760076 -0.350281881 0.751104144
1642650029.799649954 -0.310569930 1.513869245 0.824524269 -0.387453861 0.390149009 -0.353068320 0.756971609
1642650029.807984114 -0.323154380 1.513033997 0.821369203 -0.383316845 0.380419374 -0.355796675 0.762730635
1642650029.816317081 -0.335622406 1.512178652 0.817987837 -0.379239304 0.370801218 -0.358417254 0.768258471
1642650029.824650049 -0.348013988 1.511370095 0.814334374 -0.375271322 0.360999754 -0.361127938 0.773587245
1642650029.832983971 -0.360280095 1.510609430 0.810427042 -0.371441730 0.351130180 -0.363873033 0.778675191
1642650029.841316938 -0.372377089 1.509905284 0.806235542 -0.367841997 0.341366524 -0.366567721 0.783447042
1642650029.849649906 -0.384292312 1.509222792 0.801825280 -0.364259005 0.331620645 -0.369296703 0.788012100
1642650029.857984066 -0.396080655 1.508575614 0.797210609 -0.360585853 0.321554264 -0.372191054 0.792498907
1642650029.866317034 -0.407643041 1.508000607 0.792255218 -0.357265696 0.311615956 -0.375054169 0.796612258
1642650029.874650002 -0.419007147 1.507487498 0.787059138 -0.354006535 0.301570280 -0.378073270 0.800496934
1642650029.882983923 -0.430132189 1.507078642 0.781592284 -0.350881379 0.291447895 -0.381573147 0.803954175
1642650029.891316891 -0.440980002 1.506758447 0.775869597 -0.347901949 0.281298329 -0.385472293 0.806998510
1642650029.899650097 -0.451706211 1.506425781 0.769996468 -0.344778318 0.270876187 -0.388436627 0.810475780
1642650029.907984018 -0.462142425 1.506219837 0.763894933 -0.341769353 0.260521025 -0.391700622 0.813568145
1642650029.916316986 -0.472415409 1.506114775 0.757609464 -0.338798326 0.249882368 -0.395028953 0.816533296
1642650029.924649954 -0.482363733 1.506035466 0.751132849 -0.335797494 0.238979848 -0.398741630 0.819227556
1642650029.932984114 -0.491940581 1.505962248 0.744492187 -0.332819087 0.228208094 -0.402615713 0.821616157
1642650029.941317081 -0.501053445 1.505935830 0.737725484 -0.330197238 0.218444499 -0.406001584 0.823659212
1642650029.949650049 -0.509843004 1.505900826 0.730897109 -0.327517235 0.208644203 -0.409432649 0.825569478
1642650029.957983971 -0.518337020 1.505932286 0.723948923 -0.324986844 0.198752689 -0.412831150 0.827315757
1642650029.966316938 -0.526424049 1.505958301 0.716963186 -0.322568619 0.189224856 -0.416104287 0.828855031
1642650029.974649906 -0.534125343 1.505996995 0.709963570 -0.320224922 0.179969805 -0.419346956 0.830189737
1642650029.982984066 -0.541428678 1.506039178 0.702953085 -0.318006386 0.171038846 -0.422525666 0.831318058
1642650029.991317034 -0.548434378 1.506084801 0.695963453 -0.315746783 0.162188849 -0.425599038 0.832384650
1642650029.999650002 -0.555162432 1.506119208 0.688987338 -0.313449550 0.153336726 -0.428632727 0.833373394
1642650030.007983923 -0.561218805 1.506004911 0.682118640 -0.311344100 0.145688526 -0.431558696 0.834024458
1642650030.016316891 -0.566829067 1.505742198 0.675385926 -0.309039937 0.138716986 -0.434414727 0.834587179
1642650030.024650097 -0.572441088 1.505421626 0.668757758 -0.306459989 0.131209330 -0.436938280 0.835434813
1642650030.032984018 -0.577974795 1.505047626 0.662266882 -0.303822480 0.123194499 -0.439350897 0.836352680
1642650030.041316986 -0.583540147 1.504561566 0.655941170 -0.300751352 0.114513107 -0.441546175 0.837539461
1642650030.049649954 -0.588346711 1.503845210 0.649730079 -0.298094602 0.107485821 -0.443523991 0.838375140
1642650030.057984114 -0.592927822 1.502965790 0.643683691 -0.295199751 0.100534997 -0.445401823 0.839265773
1642650030.066317081 -0.597303633 1.501931304 0.637800898 -0.292125460 0.093607485 -0.447096190 0.840241246
1642650030.074650049 -0.601476808 1.500656685 0.632102042 -0.288895769 0.086814186 -0.448256170 0.841468323
1642650030.082983971 -0.605497078 1.499164675 0.626547210 -0.285543126 0.079912700 -0.448963805 0.842917900
1642650030.091316938 -0.609178974 1.497633917 0.621157485 -0.282158427 0.073349385 -0.450210471 0.843988757
1642650030.099649906 -0.612561851 1.495868627 0.616111575 -0.278610417 0.067524083 -0.450944789 0.845260629
1642650030.107984066 -0.615806462 1.493934886 0.611186634 -0.274927300 0.061342141 -0.451470071 0.846656304
1642650030.116317034 -0.618819875 1.491801024 0.606491613 -0.271103080 0.055295620 -0.451670791 0.848197507
1642650030.124650002 -0.621343578 1.489600538 0.601892024 -0.268003029 0.049771450 -0.451786263 0.849462390
1642650030.132983923 -0.623636078 1.487300324 0.597412447 -0.265078783 0.043981096 -0.451712357 0.850737826
1642650030.141316891 -0.625473470 1.484943154 0.593149411 -0.262380292 0.038891328 -0.451674370 0.851841717
1642650030.149650097 -0.626980952 1.482500484 0.589112629 -0.259510716 0.033854472 -0.451907124 0.852811828
1642650030.157984018 -0.628330563 1.479988679 0.585263578 -0.256927363 0.028221984 -0.451628656 0.853945787
1642650030.166316986 -0.629086727 1.477416930 0.581803470 -0.255114236 0.024052347 -0.450832173 0.855037171
1642650030.174649954 -0.629493800 1.474827038 0.578608321 -0.253579550 0.019927017 -0.450063887 0.856003986
1642650030.182984114 -0.629486608 1.472256299 0.575666075 -0.252552061 0.016200004 -0.449109842 0.856887021
1642650030.191317081 -0.629045927 1.469675991 0.573053035 -0.251932664 0.013061612 -0.447964593 0.857722012
1642650030.199650049 -0.628178557 1.467112970 0.570779453 -0.251735819 0.010433529 -0.446708047 0.858470814
1642650030.207983971 -0.626961101 1.464576495 0.568841138 -0.251842043 0.008151135 -0.445338067 0.859175856
1642650030.216316938 -0.625301575 1.462086147 0.567269028 -0.252402206 0.006502741 -0.443864087 0.859788063
1642650030.224649906 -0.623291264 1.459643724 0.566075127 -0.253271172 0.005259580 -0.442262645 0.860366087
1642650030.232984066 -0.620944382 1.457253138 0.565227009 -0.254363679 0.004269422 -0.440643663 0.860879813
1642650030.241317034 -0.618235962 1.454928138 0.564744410 -0.255671327 0.003667110 -0.439037567 0.861315703
1642650030.249650002 -0.615214922 1.452661326 0.564624849 -0.257105656 0.003324043 -0.437413182 0.861716508
1642650030.257983923 -0.611914984 1.450456749 0.564846896 -0.258650055 0.003135970 -0.435754257 0.862095437
1642650030.266316891 -0.608369347 1.448314723 0.565418473 -0.260168314 0.003008039 -0.434170274 0.862438156
1642650030.274650097 -0.604441990 1.446192059 0.566388376 -0.261689927 0.003274848 -0.432688420 0.862721501
1642650030.282984018 -0.600197237 1.444110835 0.567750655 -0.263197190 0.003889782 -0.431277713 0.862966768
1642650030.291316986 -0.595546210 1.442113204 0.569525841 -0.265033363 0.005404208 -0.429638583 0.863214225
1642650030.299649954 -0.590693174 1.440154999 0.571669551 -0.266655464 0.006778893 -0.428111897 0.863463441
1642650030.307984114 -0.585588087 1.438272296 0.574176110 -0.268530384 0.008305692 -0.426403795 0.863714219
1642650030.316317081 -0.580227793 1.436461931 0.577037054 -0.270702351 0.010004474 -0.424432325 0.863989207
1642650030.324650049 -0.574395985 1.434696708 0.580392423 -0.272696009 0.012778828 -0.422777869 0.864136831
1642650030.332983971 -0.568296709 1.432949268 0.584195918 -0.274632959 0.015926900 -0.421048679 0.864315383
1642650030.341316938 -0.561813921 1.431218385 0.588480995 -0.276720306 0.019851307 -0.419173636 0.864479763
1642650030.349649906 -0.554930811 1.429523231 0.593232891 -0.278949231 0.024515459 -0.417246486 0.864576017
1642650030.357984066 -0.547899598 1.427857629 0.598272989 -0.280974028 0.028886202 -0.415384714 0.864681862
1642650030.366317034 -0.540517174 1.426171609 0.603740902 -0.283011066 0.033830600 -0.413414469 0.864782460
1642650030.374650002 -0.532998826 1.424692533 0.609546704 -0.284619183 0.038989020 -0.411686356 0.864861909
1642650030.382983923 -0.525602080 1.423336409 0.615615639 -0.285846265 0.043875934 -0.410072328 0.864989885
1642650030.391316891 -0.517486949 1.421224690 0.622409017 -0.287703579 0.050164597 -0.406861749 0.865548197
1642650030.399650097 -0.508125943 1.419115643 0.629683313 -0.289665079 0.057993353 -0.404034167 0.865729349
1642650030.407984018 -0.499391123 1.417262543 0.636945399 -0.291045911 0.064454691 -0.401453946 0.866009584
1642650030.416316986 -0.490251981 1.415338239 0.644617127 -0.292510542 0.071767763 -0.398439566 0.866333009
1642650030.424649954 -0.480748182 1.413361255 0.652609386 -0.293947893 0.079613149 -0.395211816 0.866639488
1642650030.432984114 -0.470970070 1.411320592 0.660857994 -0.295293809 0.087587401 -0.391781911 0.866969981
1642650030.441317081 -0.460782063 1.409344170 0.669306246 -0.296516253 0.095991433 -0.389010374 0.866911002
1642650030.449650049 -0.450077590 1.407451527 0.677966201 -0.297603423 0.105425630 -0.386995508 0.866344110
1642650030.457983971 -0.439197906 1.405354227 0.686799139 -0.298984684 0.114751354 -0.383444146 0.866262589
1642650030.466316938 -0.427913189 1.403239520 0.695768258 -0.300490730 0.124739546 -0.379656171 0.866029190
1642650030.474649906 -0.416304773 1.401111823 0.704826774 -0.302307590 0.134973938 -0.375501107 0.865673770
1642650030.482984066 -0.404492551 1.398911037 0.713931841 -0.304211341 0.144722110 -0.371517367 0.865150748
1642650030.491317034 -0.392202680 1.396674771 0.723118723 -0.306000258 0.155654033 -0.367485767 0.864343610
1642650030.499650002 -0.379894438 1.394551685 0.732306678 -0.307767501 0.166212757 -0.362795696 0.863731305
1642650030.507983923 -0.366985922 1.392321653 0.741456149 -0.309885869 0.177923722 -0.357954065 0.862660295
1642650030.516316891 -0.353966892 1.390078970 0.750555315 -0.311920581 0.189091708 -0.353271334 0.861480842
1642650030.524650097 -0.340795063 1.387844489 0.759659943 -0.313902225 0.200392642 -0.348288349 0.860234508
1642650030.532984018 -0.326881648 1.385562146 0.768559461 -0.316515691 0.213221083 -0.343198275 0.858236291
1642650030.541316986 -0.313008771 1.383261164 0.777419732 -0.318827497 0.225475550 -0.337711373 0.856423278
1642650030.549649954 -0.298952658 1.380926712 0.786194618 -0.321020644 0.237705056 -0.331733628 0.854631413
1642650030.557984114 -0.284579420 1.378639882 0.794800021 -0.323311894 0.250210848 -0.326050938 0.852381802
1642650030.566317081 -0.270098597 1.376396938 0.803259320 -0.325509570 0.262509890 -0.320385962 0.849991125
1642650030.574650049 -0.255532177 1.374196905 0.811561228 -0.327515153 0.274705230 -0.314868472 0.847424750
1642650030.582983971 -0.240590211 1.371940833 0.819538988 -0.329698334 0.287474703 -0.308969481 0.844508830
1642650030.591316938 -0.225610905 1.369823500 0.827352606 -0.331788564 0.299930878 -0.302724017 0.841615106
1642650030.599649906 -0.210487266 1.367725974 0.834927072 -0.333636753 0.312394921 -0.296939916 0.838404805
1642650030.607984066 -0.195244766 1.365670428 0.842208778 -0.335449021 0.324839417 -0.291102308 0.834992667
1642650030.616317034 -0.179871838 1.363693693 0.849210197 -0.337159973 0.337348290 -0.285345440 0.831322599
1642650030.624650002 -0.164394565 1.361771148 0.855893971 -0.338755748 0.349858275 -0.279629426 0.827436472
1642650030.632983923 -0.148760285 1.359902278 0.862188675 -0.340328835 0.362611049 -0.274006061 0.823170815
1642650030.641316891 -0.133137183 1.358159310 0.868129240 -0.341847951 0.375154690 -0.268538905 0.818709835
1642650030.649650097 -0.117683197 1.356525973 0.873803995 -0.343132710 0.387052452 -0.263316793 0.814318493
1642650030.657984018 -0.102131432 1.354952501 0.879025512 -0.344442905 0.399140003 -0.258254487 0.809537500
1642650030.666316986 -0.086865011 1.353497084 0.883979843 -0.345544931 0.410388269 -0.253425671 0.804956892
1642650030.674649954 -0.071428796 1.352119678 0.888362739 -0.346923342 0.422310722 -0.248581982 0.799690470
1642650030.682984114 -0.056234577 1.350914940 0.892543971 -0.347914057 0.433601466 -0.244891645 0.794338505
1642650030.691317081 -0.041035215 1.349671879 0.896240396 -0.348590699 0.445219236 -0.240626936 0.788899889
1642650030.699650049 -0.026260710 1.348121246 0.899749192 -0.348283810 0.455713688 -0.233260227 0.785247151
1642650030.707983971 -0.011257628 1.347282188 0.902494874 -0.349463509 0.466916102 -0.230664052 0.778882985
1642650030.716316938 0.003697065 1.346613980 0.904822468 -0.350436097 0.478757650 -0.228731692 0.771794965
1642650030.724649906 0.018200369 1.345965026 0.906789378 -0.351263817 0.489309440 -0.224836835 0.765923234
1642650030.732984066 0.031918941 1.345425824 0.908814723 -0.351585353 0.497587723 -0.219002889 0.762123305
1642650030.741317034 0.045786121 1.344994413 0.910058437 -0.352050002 0.506950607 -0.216228224 0.756509903
1642650030.749650002 0.059492896 1.344694417 0.910804736 -0.352504654 0.516554123 -0.213425670 0.750574307
1642650030.757983923 0.072926647 1.344639516 0.911133780 -0.353041181 0.525986083 -0.210830866 0.744480296
1642650030.766316891 0.086057750 1.344669004 0.911044386 -0.353482251 0.535152392 -0.208344608 0.738413664
1642650030.774650097 0.098822103 1.344896505 0.910577391 -0.354061444 0.543737753 -0.206467872 0.732366553
1642650030.782984018 0.111378542 1.345248038 0.909640970 -0.354611770 0.552465057 -0.204698308 0.726038192
1642650030.791316986 0.123659800 1.345721497 0.908283483 -0.355140755 0.561083658 -0.203046655 0.719605607
1642650030.799649954 0.135583780 1.346388446 0.906668991 -0.355462768 0.569378183 -0.202407101 0.713082093
1642650030.807984114 0.147355186 1.347173463 0.904400699 -0.356007482 0.578364962 -0.203176201 0.705317003
1642650030.816317081 0.158502910 1.348196132 0.901979413 -0.356896404 0.585987062 -0.201415814 0.699053495
1642650030.824650049 0.169338240 1.349286707 0.899276937 -0.357626209 0.593331595 -0.200615408 0.692686488
1642650030.832983971 0.179824407 1.350494740 0.896270589 -0.358430260 0.600420010 -0.200274059 0.686231638
1642650030.841316938 0.189978086 1.351800096 0.892932962 -0.359297164 0.607365130 -0.200077496 0.679692683
1642650030.849649906 0.199750546 1.353176873 0.889313912 -0.360282262 0.613956780 -0.199797319 0.673301415
1642650030.857984066 0.209125960 1.354620008 0.885473526 -0.361304503 0.620197685 -0.199611036 0.667060209
1642650030.866317034 0.218248723 1.356125649 0.881225620 -0.362331774 0.626793826 -0.200525218 0.660026380
1642650030.874650002 0.226906474 1.357677575 0.876840000 -0.363443134 0.632796200 -0.200862645 0.653553560
1642650030.882983923 0.235144017 1.359304472 0.872192887 -0.364766100 0.638570105 -0.201220357 0.647058175
1642650030.891316891 0.242965487 1.360975637 0.867312368 -0.366292198 0.644101543 -0.201668885 0.640541090
1642650030.899650097 0.250367218 1.362606176 0.862476424 -0.367514443 0.648931163 -0.202737472 0.634601448
1642650030.907984018 0.257334125 1.364281490 0.857396463 -0.369056775 0.653662905 -0.203597766 0.628545824
1642650030.916316986 0.263927826 1.365959009 0.852067491 -0.370803510 0.658332517 -0.204465084 0.622331972
1642650030.924649954 0.270043968 1.367579359 0.846830136 -0.372110037 0.662522412 -0.205377035 0.616780713
1642650030.932984114 0.275782920 1.369187273 0.841395802 -0.373550434 0.666700318 -0.206155847 0.611122350
1642650030.941317081 0.281122208 1.370741189 0.835793298 -0.375064411 0.670827268 -0.206884740 0.605405788
1642650030.949650049 0.286098902 1.372222495 0.829907987 -0.376781647 0.675147398 -0.207302091 0.599364183
1642650030.957983971 0.290639036 1.373592290 0.824276068 -0.378231956 0.678753902 -0.208017115 0.594106562
1642650030.966316938 0.294743975 1.374927887 0.818748220 -0.379650612 0.681908254 -0.209006200 0.589222330
1642650030.974649906 0.298478171 1.376144759 0.813189975 -0.380980913 0.684947880 -0.209996803 0.584466670
1642650030.982984066 0.301833280 1.377263023 0.807662759 -0.382250000 0.687803809 -0.210930911 0.579930175
1642650030.991317034 0.304815675 1.378261167 0.802174324 -0.383428148 0.690535934 -0.211849722 0.575554232
1642650030.999650002 0.307438152 1.379119303 0.796723829 -0.384497027 0.693178325 -0.212753784 0.571315739
1642650031.007983923 0.309687197 1.379843062 0.791411103 -0.385364473 0.695586036 -0.213732791 0.567426281
1642650031.016316891 0.311563142 1.380419968 0.786229944 -0.385991770 0.697851182 -0.214641760 0.563864342
1642650031.024650097 0.313073008 1.380859101 0.781190487 -0.386473999 0.699902038 -0.215707054 0.560576000
1642650031.032984018 0.314216423 1.381188825 0.776295139 -0.386835552 0.701743307 -0.216872020 0.557567138
1642650031.041316986 0.315016201 1.381380315 0.771552174 -0.386989335 0.703434956 -0.218135109 0.554829336
1642650031.049649954 0.315469237 1.381436561 0.766969431 -0.386989266 0.704949587 -0.219452463 0.552382118
1642650031.057984114 0.315588140 1.381373053 0.762577855 -0.386809576 0.706244830 -0.220951364 0.550251839
1642650031.066317081 0.315376296 1.381191968 0.758389745 -0.386394815 0.707333804 -0.222516861 0.548510878
1642650031.074650049 0.314833751 1.380892438 0.754415902 -0.385775151 0.708165169 -0.224288585 0.547151037
1642650031.082983971 0.313967214 1.380495802 0.750586833 -0.385080576 0.708842466 -0.226173126 0.545986287
1642650031.091316938 0.312779815 1.380017018 0.746952068 -0.384200910 0.709309928 -0.228214826 0.545148676
1642650031.099649906 0.311266010 1.379421166 0.743476468 -0.383160857 0.709619057 -0.230377481 0.544568423
1642650031.107984066 0.309420338 1.378733716 0.740185166 -0.382017390 0.709681494 -0.232870139 0.544230088
1642650031.116317034 0.307242519 1.378111288 0.737077345 -0.380901796 0.709391364 -0.235255941 0.544364176
1642650031.124650002 0.304742004 1.377447383 0.734102261 -0.379747106 0.708928937 -0.237607938 0.544751655
1642650031.132983923 0.301921994 1.376754213 0.731278464 -0.378515320 0.708272360 -0.240011211 0.545409053
1642650031.141316891 0.298762827 1.376030006 0.728596985 -0.377232901 0.707375657 -0.242519894 0.546350729
1642650031.149650097 0.295255520 1.375299241 0.726094171 -0.375865141 0.706224507 -0.244985434 0.547681000
1642650031.157984018 0.291429350 1.374571059 0.723633728 -0.374588304 0.704991603 -0.247319700 0.549093261
1642650031.166316986 0.287289640 1.373812714 0.721305083 -0.373240806 0.703563551 -0.249740660 0.550744254
1642650031.174649954 0.282851479 1.372995312 0.719027127 -0.371834135 0.702137880 -0.252044914 0.552462791
1642650031.182984114 0.278023246 1.372287187 0.716878558 -0.370580144 0.700365667 -0.254227538 0.554550852
1642650031.191317081 0.272851077 1.371632736 0.714846620 -0.369338955 0.698359217 -0.256232367 0.556981251
1642650031.199650049 0.267334939 1.371007263 0.712910371 -0.368131855 0.696135450 -0.258127942 0.559682355
1642650031.207983971 0.261487028 1.370416092 0.711038880 -0.366970495 0.693740373 -0.259870027 0.562605119
1642650031.216316938 0.255304367 1.369862308 0.709245240 -0.365863423 0.691144575 -0.261421165 0.565793343
1642650031.224649906 0.248790897 1.369344739 0.707507607 -0.364820740 0.688396802 -0.262792952 0.569170918
1642650031.232984066 0.241932577 1.368874376 0.705856505 -0.363845876 0.685359739 -0.264077427 0.572853663
1642650031.241317034 0.234746171 1.368412352 0.704268756 -0.362877461 0.682097817 -0.265289394 0.576787703
1642650031.249650002 0.227239739 1.367962833 0.702741403 -0.361918381 0.678650982 -0.266383348 0.580937038
1642650031.257983923 0.219398167 1.367519297 0.701285841 -0.360918247 0.674981909 -0.267302390 0.585394631
1642650031.266316891 0.211219774 1.367083706 0.699885023 -0.359961896 0.671027260 -0.268165137 0.590116351
1642650031.274650097 0.202736516 1.366624557 0.698483808 -0.359016833 0.666931973 -0.268945835 0.594959490
1642650031.282984018 0.193956471 1.366161302 0.697106984 -0.358041566 0.662736599 -0.269583672 0.599925896
1642650031.291316986 0.184817146 1.365721587 0.695816215 -0.357158498 0.657993074 -0.270386369 0.605288471
1642650031.299649954 0.175348117 1.365289770 0.694546660 -0.356346875 0.652988648 -0.271015321 0.610879224
1642650031.307984114 0.165670347 1.364768912 0.693141221 -0.355470894 0.648105115 -0.271245495 0.616462557
1642650031.316317081 0.155685200 1.364306341 0.691759940 -0.354447192 0.643170043 -0.270988733 0.622305865
1642650031.324650049 0.145377695 1.363776960 0.690420644 -0.353578322 0.637681350 -0.271165510 0.628342369
1642650031.332983971 0.134760679 1.363257943 0.689117528 -0.352724825 0.631802337 -0.271311004 0.634666324
1642650031.341316938 0.123894267 1.362722431 0.687782596 -0.351828660 0.625797505 -0.271290802 0.641089212
1642650031.349649906 0.112752687 1.362188079 0.686384351 -0.351007929 0.619583365 -0.271233533 0.647566412
1642650031.357984066 0.101415019 1.361610405 0.684884925 -0.350104284 0.613408912 -0.270959638 0.654016339
1642650031.366317034 0.089818841 1.361072737 0.683380432 -0.349145220 0.606996729 -0.270678858 0.660594840
1642650031.374650002 0.077992014 1.360517370 0.681762783 -0.348200491 0.600392527 -0.270353409 0.667228796
1642650031.382983923 0.065964832 1.359956676 0.680027384 -0.347254238 0.593671882 -0.270015895 0.673839452
1642650031.391316891 0.053713004 1.359446910 0.678202491 -0.346328194 0.586705910 -0.269736660 0.680496210
1642650031.399650097 0.041294491 1.358996962 0.676297604 -0.345336112 0.579533421 -0.269476635 0.687216361
1642650031.407984018 0.028735668 1.358589770 0.674184732 -0.344427483 0.572328800 -0.269229231 0.693775954
1642650031.416316986 0.016099611 1.358239640 0.671833387 -0.343611072 0.565198057 -0.269066592 0.700061252
1642650031.424649954 0.003325351 1.358002527 0.669384079 -0.342832017 0.557747407 -0.269676499 0.706157648
1642650031.432984114 -0.009420672 1.357856858 0.666645736 -0.342300659 0.550437875 -0.271204445 0.711545187
1642650031.441317081 -0.022230396 1.357768385 0.663768186 -0.341548062 0.542993077 -0.271821993 0.717367579
1642650031.449650049 -0.035278897 1.357736366 0.661003370 -0.339844522 0.534898420 -0.271509728 0.724342356
1642650031.457983971 -0.048174061 1.357950581 0.657736318 -0.339153614 0.527121089 -0.271550646 0.730327619
1642650031.466316938 -0.061061424 1.358291585 0.654253219 -0.338510126 0.519276211 -0.271453335 0.736258242
1642650031.474649906 -0.073941381 1.358819608 0.650547522 -0.338034145 0.511302327 -0.271333233 0.742078921
1642650031.482984066 -0.086827063 1.359658416 0.646726237 -0.338166003 0.502669908 -0.270882449 0.748057094
1642650031.491317034 -0.099667312 1.360792698 0.642705901 -0.338613704 0.493692455 -0.271611715 0.753548668
1642650031.499650002 -0.111914316 1.361341039 0.638181339 -0.336611662 0.487307408 -0.275777683 0.757080411
1642650031.507983923 -0.124177354 1.362414129 0.633614814 -0.336018663 0.480034606 -0.276846142 0.761586796
1642650031.516316891 -0.136396712 1.363661957 0.628850767 -0.335529811 0.472038108 -0.278738460 0.766097018
1642650031.524650097 -0.148391119 1.365067243 0.623840360 -0.335084028 0.464294099 -0.280756614 0.770276189
1642650031.532984018 -0.160445959 1.366836304 0.618753996 -0.335376427 0.455255437 -0.281666817 0.775196068
1642650031.541316986 -0.172610301 1.368966539 0.613581185 -0.336672663 0.444583468 -0.281031790 0.781036613
1642650031.549649954 -0.183678111 1.370406372 0.607843803 -0.335553193 0.438113508 -0.284291390 0.783989168
1642650031.557984114 -0.194684428 1.371781062 0.602096163 -0.333288966 0.431710768 -0.288314581 0.787031753
1642650031.566317081 -0.205761823 1.373804880 0.596246423 -0.332798207 0.423612129 -0.292479981 0.790097195
1642650031.574650049 -0.216448084 1.376004564 0.590155941 -0.332659399 0.415807251 -0.295995816 0.792987094
1642650031.582983971 -0.226907854 1.378324309 0.583931713 -0.332593945 0.407938166 -0.299560820 0.795758151
1642650031.591316938 -0.237111376 1.380749423 0.577521976 -0.332726692 0.399978361 -0.303192963 0.798363505
1642650031.599649906 -0.247082885 1.383301196 0.570995448 -0.333038101 0.391925936 -0.306915731 0.800801110
1642650031.607984066 -0.256882700 1.385933957 0.564471501 -0.333255402 0.383650313 -0.310547591 0.803314053
1642650031.616317034 -0.266328139 1.388642047 0.557735584 -0.333722959 0.375489893 -0.314296505 0.805514763
1642650031.624650002 -0.275408172 1.391402707 0.550820584 -0.334455733 0.367410771 -0.318228588 0.807390397
1642650031.632983923 -0.284244078 1.394160304 0.543913838 -0.335276808 0.359474706 -0.321893190 0.809167579
1642650031.641316891 -0.292844069 1.396922044 0.537013179 -0.336145164 0.351499302 -0.325611944 0.810821516
1642650031.649650097 -0.301098450 1.399714436 0.529931477 -0.337445589 0.343791789 -0.329094972 0.812178663
1642650031.657984018 -0.309124060 1.402479080 0.522844270 -0.338810770 0.335979752 -0.332697052 0.813411052
1642650031.666316986 -0.316895498 1.405158075 0.515776955 -0.340132494 0.328212355 -0.336375005 0.814517276
1642650031.674649954 -0.324390282 1.407710650 0.508700964 -0.341518363 0.320692500 -0.339817007 0.815503482
1642650031.682984114 -0.331611788 1.410241456 0.501648907 -0.343277310 0.313212479 -0.342886984 0.816386641
1642650031.691317081 -0.338514738 1.412635675 0.494640368 -0.345153765 0.306077580 -0.345568462 0.817170626
1642650031.699650049 -0.345264648 1.414722978 0.487883086 -0.346548995 0.298837291 -0.348333541 0.818085455
1642650031.707983971 -0.351677924 1.416569300 0.481258976 -0.347886985 0.291962637 -0.351116322 0.818809986
1642650031.716316938 -0.357947566 1.418247735 0.474835143 -0.349178455 0.284977255 -0.353506074 0.819692519
1642650031.724649906 -0.363987955 1.419606849 0.468621708 -0.350192368 0.278220945 -0.355509203 0.820714090
1642650031.732984066 -0.369837197 1.420798997 0.462580312 -0.351249331 0.271431591 -0.357703902 0.821581839
1642650031.741317034 -0.375498862 1.421871156 0.456705182 -0.352471793 0.264503915 -0.360328886 0.822170547
1642650031.749650002 -0.381134179 1.422421859 0.451171806 -0.352855211 0.257565892 -0.361514486 0.823687009
1642650031.757983923 -0.386565857 1.422425435 0.445954135 -0.352443398 0.251159721 -0.362174230 0.825549679
1642650031.766316891 -0.391798718 1.421929115 0.441057948 -0.351272157 0.245034720 -0.363046074 0.827504324
1642650031.774650097 -0.396873628 1.421552618 0.436271777 -0.350719840 0.238275728 -0.364827452 0.828927742
1642650031.782984018 -0.401875285 1.420747101 0.431841486 -0.349482015 0.231579168 -0.365291726 0.831141002
1642650031.791316986 -0.406659334 1.419637214 0.427678824 -0.347973542 0.225169436 -0.365343796 0.833508878
1642650031.799649954 -0.411230946 1.418289981 0.423811288 -0.346390242 0.218856493 -0.365495124 0.835780444
1642650031.807984114 -0.415565722 1.416668969 0.420255855 -0.344704382 0.212759452 -0.365392079 0.838093630
1642650031.816317081 -0.419707940 1.414876438 0.416948999 -0.343082037 0.206762011 -0.365075285 0.840395278
1642650031.824650049 -0.423651793 1.412787801 0.413994416 -0.341095288 0.200963788 -0.364125555 0.843018470
1642650031.832983971 -0.427292742 1.410480694 0.411335753 -0.339299802 0.195755941 -0.362337438 0.845734496
1642650031.841316938 -0.430432708 1.408026621 0.408933829 -0.337812042 0.191487950 -0.360673208 0.848015463
1642650031.849649906 -0.433286821 1.405428502 0.406860815 -0.336262166 0.187470132 -0.358730240 0.850350117
1642650031.857984066 -0.436097913 1.402769168 0.405151496 -0.334622241 0.183057011 -0.356415150 0.852928090
1642650031.866317034 -0.438273099 1.400058781 0.403677991 -0.333602507 0.179880816 -0.353739624 0.855114342
1642650031.874650002 -0.439812411 1.397314132 0.402485268 -0.333120350 0.177785233 -0.350830157 0.856937246
1642650031.882983923 -0.441166207 1.394608807 0.401673264 -0.332780450 0.175507792 -0.347608395 0.858849574
1642650031.891316891 -0.441969061 1.392124179 0.401101543 -0.333299316 0.174005929 -0.344135684 0.860351168
1642650031.899650097 -0.442286930 1.389884483 0.400802806 -0.334548153 0.172932638 -0.340531286 0.861516268
1642650031.907984018 -0.442021636 1.387686129 0.400849835 -0.336191497 0.172859505 -0.336518582 0.862467456
1642650031.916316986 -0.441197635 1.385500313 0.401244711 -0.338014000 0.173679492 -0.331737130 0.863442208
1642650031.924649954 -0.439827434 1.383251442 0.402029038 -0.339668444 0.175462727 -0.325906681 0.864651962
1642650031.932984114 -0.437912048 1.381585292 0.402924443 -0.342334147 0.177420202 -0.321450152 0.864869472
1642650031.941317081 -0.435481339 1.380149854 0.404059922 -0.345241040 0.179922550 -0.316978485 0.864847467
1642650031.949650049 -0.432531308 1.378949203 0.405416072 -0.348322544 0.182937729 -0.312622246 0.864564933
1642650031.957983971 -0.429064945 1.377989740 0.406981272 -0.351536418 0.186507792 -0.308381627 0.864024168
1642650031.966316938 -0.425235402 1.377267450 0.408758498 -0.354686408 0.190124438 -0.304333477 0.863383683
1642650031.974649906 -0.421003625 1.376795205 0.410729195 -0.357776261 0.194000597 -0.300510500 0.862585274
1642650031.982984066 -0.416254878 1.376628363 0.412842821 -0.361014666 0.198748470 -0.296672453 0.861482973
1642650031.991317034 -0.411155049 1.376749059 0.415129071 -0.364016508 0.203496441 -0.293536373 0.860184619
1642650031.999650002 -0.405647339 1.377165305 0.417515359 -0.367009336 0.208554948 -0.290999867 0.858561622
1642650032.007983923 -0.399885523 1.377692379 0.420093675 -0.369394925 0.213633450 -0.288053991 0.857282355
1642650032.016316891 -0.393795106 1.378505404 0.422748951 -0.371650885 0.218910359 -0.285321892 0.855888598
1642650032.024650097 -0.387464304 1.379521372 0.425523584 -0.373479162 0.224020949 -0.283317171 0.854435083
1642650032.032984018 -0.380800464 1.380837313 0.428309163 -0.375309184 0.229406619 -0.281556226 0.852784681
1642650032.041316986 -0.373858765 1.382414773 0.431120401 -0.376956397 0.234867946 -0.280218852 0.851010175
1642650032.049649954 -0.366594329 1.384231270 0.433938506 -0.378464420 0.240572235 -0.279242979 0.849065982
1642650032.057984114 -0.359106692 1.386269454 0.436750299 -0.379745542 0.246207057 -0.278742076 0.847040887
1642650032.066317081 -0.351418225 1.388565644 0.439546854 -0.380977015 0.251858051 -0.277992417 0.845070560
1642650032.074650049 -0.343525222 1.391162745 0.442291764 -0.382224539 0.257450064 -0.277418754 0.843008126
1642650032.082983971 -0.335372334 1.393962476 0.444981773 -0.383345998 0.263090603 -0.277458348 0.840741367
1642650032.091316938 -0.326929882 1.397030809 0.447500296 -0.384862131 0.269172751 -0.277401609 0.838138126
1642650032.099649906 -0.318256776 1.400360861 0.449869622 -0.386650622 0.275254912 -0.277666073 0.835247019
1642650032.107984066 -0.309291075 1.403876204 0.452151915 -0.388496353 0.281625022 -0.277939095 0.832170529
1642650032.116317034 -0.300324789 1.407663329 0.454323968 -0.390494582 0.287571870 -0.278173796 0.829117447
1642650032.124650002 -0.290999333 1.411644283 0.456246281 -0.392936840 0.293874739 -0.278706755 0.825566970
1642650032.132983923 -0.281458705 1.415793579 0.457997871 -0.395611036 0.300315973 -0.279177516 0.821804198
1642650032.141316891 -0.271734559 1.420133770 0.459561110 -0.398582970 0.306839312 -0.279801464 0.817736139
1642650032.149650097 -0.261849455 1.424597715 0.460917129 -0.401868401 0.313337214 -0.280478682 0.813420732
1642650032.157984018 -0.251835552 1.429155401 0.462097515 -0.405235009 0.319889465 -0.280765644 0.809089594
1642650032.166316986 -0.241612877 1.433825456 0.463149012 -0.408526139 0.326828362 -0.281156559 0.804512651
1642650032.174649954 -0.231300030 1.438554273 0.463999148 -0.411989780 0.333638751 -0.281646695 0.799765431
1642650032.182984114 -0.220964215 1.443322750 0.464718454 -0.415515104 0.340157657 -0.282206753 0.794983846
1642650032.191317081 -0.210507332 1.448095941 0.465343958 -0.418862163 0.346882189 -0.282679060 0.790139092
1642650032.199650049 -0.199953412 1.452901945 0.465774092 -0.422376987 0.353734834 -0.282965648 0.785111323
1642650032.207983971 -0.189321059 1.457686438 0.466080911 -0.425800271 0.360614909 -0.283160082 0.780045758
1642650032.216316938 -0.178654424 1.462451893 0.466256804 -0.429134259 0.367468135 -0.283265783 0.774965453
1642650032.224649906 -0.167957563 1.467182855 0.466324074 -0.432298400 0.374266233 -0.283345301 0.769907995
1642650032.232984066 -0.157207888 1.471861636 0.466244498 -0.435346332 0.381089227 -0.283395530 0.764808176
1642650032.241317034 -0.146518208 1.476466609 0.466117221 -0.438068844 0.387642600 -0.283333838 0.759967656
1642650032.249650002 -0.135882431 1.481004312 0.465933255 -0.440513531 0.393938478 -0.283199338 0.755353189
1642650032.257983923 -0.125216352 1.485552046 0.465520511 -0.443064520 0.400193027 -0.283732120 0.750356886
1642650032.266316891 -0.114546973 1.489946276 0.464987264 -0.445306925 0.406662667 -0.284054593 0.745412776
1642650032.274650097 -0.103744068 1.494105661 0.464297436 -0.447103493 0.414111340 -0.283590343 0.740396368
1642650032.282984018 -0.093170157 1.498299742 0.463562667 -0.448761722 0.420386570 -0.283856013 0.735740316
1642650032.291316986 -0.082661934 1.502386062 0.462734067 -0.450149957 0.426582357 -0.284141235 0.731201933
1642650032.299649954 -0.072243062 1.506379355 0.461792886 -0.451315351 0.432602307 -0.284564125 0.726768846
1642650032.307984114 -0.061937773 1.510269371 0.460771399 -0.452199247 0.438429362 -0.285145008 0.722487273
1642650032.316317081 -0.051728182 1.514049987 0.459625118 -0.452882708 0.444240912 -0.285695181 0.718279562
1642650032.324650049 -0.041646771 1.517716357 0.458328280 -0.453408586 0.449921511 -0.286332712 0.714146250
1642650032.332983971 -0.031628562 1.521253314 0.456883424 -0.453709815 0.455560808 -0.287113723 0.710054550
1642650032.341316938 -0.021808255 1.524694830 0.455304211 -0.453893099 0.461006848 -0.287942263 0.706075771
1642650032.349649906 -0.012159474 1.528041349 0.453600893 -0.453902053 0.466241343 -0.288813256 0.702266929
1642650032.357984066 -0.002701644 1.531261485 0.451768537 -0.453745308 0.471260968 -0.289775790 0.698611686
1642650032.366317034 0.006553226 1.534377524 0.449790998 -0.453479500 0.476103120 -0.290778929 0.695075375
1642650032.374650002 0.015609553 1.537380038 0.447640674 -0.453148440 0.480893485 -0.291716479 0.691591963
1642650032.382983923 0.024448116 1.540291646 0.445327348 -0.452811357 0.485510684 -0.292768749 0.688133497
1642650032.391316891 0.033033256 1.543137974 0.442875881 -0.452509405 0.489758387 -0.294178964 0.684712128
1642650032.399650097 0.041362579 1.545794269 0.440373592 -0.451881430 0.493884713 -0.295105024 0.681758087
1642650032.407984018 0.049457912 1.548343192 0.437747641 -0.451228977 0.497800602 -0.295965165 0.678963616
1642650032.416316986 0.057182701 1.550877140 0.434924815 -0.450859360 0.501448076 -0.296505058 0.676284271
1642650032.424649954 0.064610964 1.553298141 0.431992913 -0.450538363 0.504550390 -0.297209143 0.673877447
1642650032.432984114 0.071751397 1.555632612 0.428938964 -0.450359025 0.507206322 -0.298069504 0.671619734
1642650032.441317081 0.078952600 1.557824725 0.425393639 -0.450539504 0.511756414 -0.297551065 0.668268578
1642650032.449650049 0.085696791 1.559935651 0.422060030 -0.450443867 0.514782264 -0.297647464 0.665962109
1642650032.457983971 0.092161029 1.561971019 0.418496751 -0.450727631 0.517800172 -0.297396560 0.663538146
1642650032.466316938 0.098360925 1.563921250 0.414807027 -0.451208169 0.520592334 -0.297082374 0.661163272
1642650032.474649906 0.104234804 1.565814178 0.411038753 -0.451917970 0.522957007 -0.296684813 0.658987284
1642650032.482984066 0.109764993 1.567618315 0.407258344 -0.452742080 0.524717795 -0.296373624 0.657159433
1642650032.491317034 0.115135992 1.569300746 0.403312831 -0.453701638 0.526970245 -0.295604564 0.655038263
1642650032.499650002 0.120246877 1.570867317 0.399307425 -0.454769224 0.529088963 -0.294685040 0.653001187
1642650032.507983923 0.125127487 1.572328998 0.395228565 -0.455954047 0.531263871 -0.293585063 0.650901234
1642650032.516316891 0.129730865 1.573739781 0.391124845 -0.457213183 0.533516796 -0.292285215 0.648756724
1642650032.524650097 0.133987401 1.575061611 0.387111219 -0.458516354 0.534848865 -0.291390133 0.647140816
1642650032.532984018 0.137941703 1.576421470 0.383253745 -0.459924986 0.535930865 -0.290623192 0.645589091
1642650032.541316986 0.141626975 1.577631869 0.379434685 -0.461406232 0.536323182 -0.290314918 0.644343838
1642650032.549649954 0.145219591 1.578796239 0.375505034 -0.463078588 0.537606085 -0.289418752 0.642475450
1642650032.557984114 0.148688801 1.579889409 0.371486764 -0.464976061 0.539408946 -0.288311942 0.640087084
1642650032.566317081 0.151792339 1.580894107 0.367935829 -0.466536136 0.539844370 -0.287950394 0.638746163
1642650032.574650049 0.154687474 1.581864070 0.364603121 -0.467984981 0.540126940 -0.287699623 0.637559309
1642650032.582983971 0.157360965 1.582826520 0.361547262 -0.469328304 0.540264997 -0.287569020 0.636512949
1642650032.591316938 0.159900677 1.583678861 0.358654658 -0.470599036 0.540184303 -0.287813133 0.635532113
1642650032.599649906 0.162205646 1.584524436 0.356146497 -0.471688885 0.539571779 -0.288515383 0.634925795
1642650032.607984066 0.164453975 1.585292872 0.353818317 -0.472625139 0.539558144 -0.288970599 0.634033501
1642650032.616317034 0.166568963 1.586024681 0.351758032 -0.473463694 0.539478133 -0.289631051 0.633174012
1642650032.624650002 0.168547830 1.586663841 0.349915714 -0.474241093 0.539181083 -0.290638961 0.632382906
1642650032.632983923 0.170366984 1.587303985 0.348396223 -0.474928867 0.538823423 -0.291808404 0.631632603
1642650032.641316891 0.172054171 1.587941068 0.347163683 -0.475600755 0.538370585 -0.293175808 0.630879529
1642650032.649650097 0.173636130 1.588498068 0.346141201 -0.476242830 0.537893461 -0.294710783 0.630086459
1642650032.657984018 0.175083090 1.589036335 0.345416249 -0.476893842 0.537278613 -0.296315655 0.629365543
1642650032.666316986 0.176458834 1.589532277 0.344899004 -0.477623257 0.536891628 -0.297836694 0.628423988
1642650032.674649954 0.177736752 1.589991581 0.344659652 -0.478339718 0.536590386 -0.299266968 0.627456097
1642650032.682984114 0.178830929 1.590429880 0.344821647 -0.479017995 0.535546158 -0.301139660 0.626934589
1642650032.691317081 0.180001645 1.590767088 0.345053388 -0.479776011 0.535715726 -0.302239048 0.625679789
1642650032.699650049 0.180989559 1.591089736 0.345684123 -0.480497805 0.535245037 -0.303560559 0.624888467
1642650032.707983971 0.181874918 1.591382550 0.346598635 -0.481261347 0.534651727 -0.304853226 0.624179107
1642650032.716316938 0.182633969 1.591612705 0.347805381 -0.481983642 0.533814785 -0.306213097 0.623672257
1642650032.724649906 0.183430487 1.591736192 0.349107750 -0.482720410 0.533705606 -0.307180811 0.622719263
1642650032.732984066 0.184201588 1.591769649 0.350572824 -0.483430036 0.533919637 -0.308024562 0.621567447
1642650032.741317034 0.184990912 1.591697794 0.352148898 -0.484141668 0.534629115 -0.308591744 0.620120706
1642650032.749650002 0.185649065 1.591550338 0.353994824 -0.484759504 0.534760122 -0.309620968 0.619011059
1642650032.757983923 0.186239230 1.591314670 0.356048459 -0.485304146 0.534780578 -0.310797018 0.617976402
1642650032.766316891 0.186802057 1.590957098 0.358245018 -0.485802972 0.534779751 -0.312147744 0.616903457
1642650032.774650097 0.187288908 1.590531791 0.360586108 -0.486366004 0.534579150 -0.313698165 0.615846331
1642650032.782984018 0.187724017 1.590021410 0.363017346 -0.487054688 0.534343470 -0.315429999 0.614620780
1642650032.791316986 0.188079653 1.589430085 0.365562062 -0.487869702 0.534047195 -0.317109099 0.613366584
1642650032.799649954 0.188316057 1.588772876 0.368250179 -0.488820672 0.533520039 -0.318742439 0.612220530
1642650032.807984114 0.188421412 1.588040856 0.371143371 -0.489835567 0.532553203 -0.320568140 0.611297203
1642650032.816317081 0.188598867 1.587132357 0.373999637 -0.490843700 0.532720662 -0.321638053 0.609778748
1642650032.824650049 0.188736976 1.586116431 0.376983905 -0.491765961 0.533117359 -0.322496438 0.608233647
1642650032.832983971 0.188734646 1.585005703 0.380228310 -0.492519642 0.532813531 -0.323811802 0.607190300
1642650032.841316938 0.188823115 1.583722586 0.383356789 -0.493243346 0.533805033 -0.324364197 0.605434601
1642650032.849649906 0.188779527 1.582359983 0.386630926 -0.493956027 0.534379565 -0.325213775 0.603889000
1642650032.857984066 0.188638554 1.580933434 0.390182205 -0.494325551 0.534427931 -0.326527537 0.602833977
1642650032.866317034 0.188405612 1.579440331 0.393779940 -0.494677126 0.534475406 -0.327901675 0.601756656
1642650032.874650002 0.188019247 1.577930813 0.397417358 -0.495183689 0.534218648 -0.329494654 0.600696948
1642650032.882983923 0.187417135 1.576441801 0.401159426 -0.495796721 0.533361497 -0.331330208 0.599942846
1642650032.891316891 0.186757148 1.574872780 0.404805310 -0.496472241 0.533191021 -0.332722018 0.598764317
1642650032.899650097 0.186000517 1.573232980 0.408228086 -0.497405221 0.533899449 -0.333386953 0.596986234
1642650032.907984018 0.184985058 1.571600363 0.411899488 -0.498113890 0.533658866 -0.334609917 0.595925307
1642650032.916316986 0.183714716 1.569986519 0.415728843 -0.498667752 0.532875577 -0.335964129 0.595400871
1642650032.924649954 0.182268002 1.568342188 0.419597921 -0.499091410 0.531909827 -0.337397673 0.595098740
1642650032.932984114 0.180826951 1.566578027 0.423293833 -0.499351603 0.532126513 -0.338213439 0.594223039
1642650032.941317081 0.179110899 1.564883313 0.427107938 -0.499529476 0.531548388 -0.339264929 0.593991517
1642650032.949650049 0.177241257 1.563188721 0.430836897 -0.499740020 0.530982329 -0.340264901 0.593748664
1642650032.957983971 0.175177730 1.561541370 0.434516953 -0.500012310 0.530221190 -0.341146328 0.593693829
1642650032.966316938 0.172891158 1.559965105 0.438137601 -0.500418454 0.529187061 -0.341860951 0.593863214
1642650032.974649906 0.170581819 1.558364320 0.441464883 -0.500931293 0.529373879 -0.341571965 0.593430475
1642650032.982984066 0.168028483 1.556845879 0.444748603 -0.501520038 0.529049798 -0.341273709 0.593393814
1642650032.991317034 0.165289688 1.555392060 0.447929725 -0.502168485 0.528699282 -0.340753096 0.593456999
1642650032.999650002 0.162345443 1.554008264 0.451044659 -0.502773015 0.528039048 -0.340165732 0.593869795
1642650033.007983923 0.159204073 1.552668808 0.454138574 -0.503249656 0.526984299 -0.339723338 0.594655688
1642650033.016316891 0.156049626 1.551284763 0.456977457 -0.503569656 0.526932191 -0.338566550 0.595090546
1642650033.024650097 0.152812586 1.549900912 0.459635378 -0.503801316 0.527280439 -0.337203422 0.595359912
1642650033.032984018 0.149340521 1.548609442 0.462290873 -0.503982844 0.526768439 -0.336283823 0.596179080
1642650033.041316986 0.145741810 1.547336231 0.464774248 -0.504151279 0.526332114 -0.335176394 0.597045040
1642650033.049649954 0.141966245 1.546121326 0.467080462 -0.504401622 0.525895724 -0.333907472 0.597928500
1642650033.057984114 0.137984503 1.544983368 0.469421918 -0.504469601 0.525136818 -0.332538332 0.599299593
1642650033.066317081 0.133803491 1.543919783 0.471713398 -0.504481259 0.524125807 -0.331065773 0.600987730
1642650033.074650049 0.129595512 1.542826461 0.473874385 -0.504296119 0.523357462 -0.329485375 0.602678836
1642650033.082983971 0.125236006 1.541763174 0.475945239 -0.503953337 0.522459088 -0.327815382 0.604652472
1642650033.091316938 0.120705632 1.540765652 0.478010010 -0.503330085 0.521107797 -0.326320514 0.607141179
1642650033.099649906 0.116301234 1.539669541 0.479801855 -0.502256678 0.520975760 -0.324365305 0.609187685
1642650033.107984066 0.111783242 1.538623208 0.481564003 -0.500758587 0.520296346 -0.322920155 0.611763944
1642650033.116317034 0.107186213 1.537618213 0.483233833 -0.498831322 0.519419285 -0.321732651 0.614702383
1642650033.124650002 0.102590270 1.536575528 0.484679299 -0.496555967 0.518511003 -0.320862933 0.617758440
1642650033.132983923 0.097905874 1.535630933 0.485978890 -0.493935939 0.517518514 -0.320162884 0.621045573
1642650033.141316891 0.093215924 1.534690693 0.486983948 -0.491096449 0.516469026 -0.319676082 0.624412704
1642650033.149650097 0.088422390 1.533876990 0.487841120 -0.487975155 0.515171209 -0.319422043 0.628051297
1642650033.157984018 0.083535675 1.533137439 0.488557401 -0.484565807 0.513347722 -0.319447577 0.632157686
1642650033.166316986 0.078640139 1.532539346 0.488789848 -0.481316202 0.511832767 -0.319404981 0.635879226
1642650033.174649954 0.073766017 1.532001565 0.488582047 -0.478106257 0.510186700 -0.319663603 0.639483478
1642650033.182984114 0.068918693 1.531566875 0.487919097 -0.474971972 0.508427735 -0.320280471 0.642902235
1642650033.191317081 0.064110829 1.531317010 0.486803761 -0.472014258 0.506715765 -0.321127286 0.646002275
1642650033.199650049 0.059329595 1.531179546 0.485187130 -0.469224115 0.504746258 -0.322397687 0.648937344
1642650033.207983971 0.054608542 1.531224162 0.482992145 -0.466847956 0.502726145 -0.323964915 0.651433914
1642650033.216316938 0.049956183 1.531457271 0.480248374 -0.464897527 0.500616571 -0.325877606 0.653496078
1642650033.224649906 0.045311771 1.531899862 0.477027755 -0.463326229 0.498349540 -0.327922506 0.655319290
1642650033.232984066 0.040711328 1.532562000 0.473289900 -0.462249569 0.496003136 -0.330046340 0.656791930
1642650033.241317034 0.036168464 1.533417761 0.469077622 -0.461590602 0.493708960 -0.332231538 0.657881284
1642650033.249650002 0.031662152 1.534458627 0.464441551 -0.461301615 0.491420145 -0.334397191 0.658699916
1642650033.257983923 0.027152756 1.535697745 0.459439945 -0.461322090 0.488977802 -0.336608130 0.659376679
1642650033.266316891 0.022683194 1.537076705 0.454089662 -0.461563325 0.486592663 -0.338810459 0.659844187
1642650033.274650097 0.018224715 1.538594038 0.448456446 -0.461950554 0.484149660 -0.340992652 0.660246017
1642650033.282984018 0.013837943 1.540191166 0.442523574 -0.462395302 0.481872396 -0.343216007 0.660448599
1642650033.291316986 0.009464698 1.541902116 0.436339937 -0.462906128 0.479583653 -0.345479270 0.660576649
1642650033.299649954 0.005079412 1.543730058 0.429990059 -0.463354030 0.477055452 -0.347969019 0.660786426
1642650033.307984114 0.000671656 1.545619234 0.423561289 -0.463522035 0.474221909 -0.350714900 0.661256352
1642650033.316317081 -0.003710004 1.547578495 0.416870228 -0.463808326 0.471844790 -0.353114930 0.661478780
1642650033.324650049 -0.008099696 1.549596983 0.410054658 -0.463941647 0.469557749 -0.355498891 0.661735753
1642650033.332983971 -0.012526466 1.551660810 0.403186209 -0.463902474 0.467148067 -0.357878034 0.662186146
1642650033.341316938 -0.017045899 1.553762364 0.396322761 -0.463582430 0.464558694 -0.360293296 0.662921784
1642650033.349649906 -0.021629677 1.555875675 0.389424854 -0.463002045 0.461850937 -0.362752766 0.663877436
1642650033.357984066 -0.026246719 1.557987529 0.382478513 -0.462224316 0.459155848 -0.365175784 0.664959575
1642650033.366317034 -0.030999269 1.560061860 0.375698390 -0.460935915 0.455832564 -0.367963365 0.666601618
1642650033.374650002 -0.035781916 1.562128316 0.368780362 -0.459492092 0.452888868 -0.370493690 0.668201404
1642650033.382983923 -0.040653692 1.564143503 0.361955063 -0.457665474 0.449530756 -0.373317144 0.670148285
1642650033.391316891 -0.045622773 1.566106562 0.355195499 -0.455474754 0.445847782 -0.376365879 0.672392169
1642650033.399650097 -0.050609747 1.567988700 0.348464263 -0.453008226 0.442145991 -0.379546172 0.674711178
1642650033.407984018 -0.055642232 1.569777165 0.341831648 -0.450122166 0.438279036 -0.382821244 0.677310429
1642650033.416316986 -0.060699194 1.571476568 0.335244556 -0.446910957 0.434276692 -0.386291311 0.680039245
1642650033.424649954 -0.065746354 1.573047636 0.328676824 -0.443411637 0.430379732 -0.389737707 0.682835211
1642650033.432984114 -0.070793122 1.574536071 0.322107987 -0.439793374 0.426478663 -0.393254781 0.685600769
1642650033.441317081 -0.075879801 1.575938099 0.315565681 -0.436015753 0.422343748 -0.396927917 0.688450616
1642650033.449650049 -0.081010483 1.577271653 0.309046682 -0.432168805 0.417967336 -0.400684577 0.691364810
1642650033.457983971 -0.086246390 1.578573987 0.302581627 -0.428296995 0.412838640 -0.404980732 0.694346130
1642650033.466316938 -0.091330956 1.579795818 0.295983866 -0.424727790 0.408332837 -0.409264815 0.696687096
1642650033.474649906 -0.096458707 1.580968984 0.289426809 -0.421196754 0.403829620 -0.412919729 0.699294094
1642650033.482984066 -0.101595786 1.582084716 0.282921724 -0.417743582 0.399181223 -0.416647741 0.701818574
1642650033.491317034 -0.106746353 1.583138264 0.276500734 -0.414341052 0.394429060 -0.420459508 0.704244994
1642650033.499650002 -0.111913376 1.584135190 0.270168853 -0.411034540 0.389631331 -0.424196800 0.706608171
1642650033.507983923 -0.116903862 1.584958747 0.263816348 -0.407963920 0.385523667 -0.427691129 0.708531749
1642650033.516316891 -0.122052002 1.585723073 0.257759086 -0.404694565 0.380884256 -0.431212448 0.710777966
1642650033.524650097 -0.127042571 1.586376590 0.251621489 -0.401877814 0.376954952 -0.434381963 0.712538769
1642650033.532984018 -0.131996199 1.586946357 0.245545898 -0.399321229 0.373233934 -0.437344028 0.714121270
1642650033.541316986 -0.136982048 1.587463329 0.239584468 -0.397008561 0.369506873 -0.440144889 0.715626543
1642650033.549649954 -0.142022361 1.587940088 0.233755189 -0.394912309 0.365650588 -0.442859374 0.717090992
1642650033.557984114 -0.147075652 1.588321709 0.228150539 -0.392851814 0.361979378 -0.445413544 0.718502023
1642650033.566317081 -0.152049484 1.588709014 0.222440060 -0.391569449 0.359111561 -0.447338540 0.719444566
1642650033.574650049 -0.157262588 1.589074917 0.217130981 -0.390007775 0.355032469 -0.449846153 0.720752607
1642650033.582983971 -0.162379805 1.589414965 0.211788889 -0.389061477 0.351449702 -0.452076051 0.721624222
1642650033.591316938 -0.167630818 1.589715971 0.206716827 -0.388169138 0.347546454 -0.454275629 0.722613199
1642650033.599649906 -0.172937241 1.590008702 0.201799451 -0.387595570 0.343625137 -0.456323031 0.723505861
1642650033.607984066 -0.178095390 1.590248290 0.196789149 -0.387844433 0.340516579 -0.457918389 0.723834169
1642650033.616317034 -0.183410582 1.590476165 0.192089554 -0.388106108 0.336976388 -0.459524230 0.724332828
1642650033.624650002 -0.188805774 1.590684877 0.187576840 -0.388639439 0.333378953 -0.460934831 0.724815108
1642650033.632983923 -0.194123214 1.590780763 0.183187752 -0.389486341 0.330234575 -0.462110210 0.725051494
1642650033.641316891 -0.199569552 1.590893783 0.179031713 -0.390602916 0.326825185 -0.463153838 0.725329706
1642650033.649650097 -0.205110106 1.591003127 0.175002563 -0.392154987 0.323508233 -0.463822548 0.725551882
1642650033.657984018 -0.210678907 1.591014672 0.171246515 -0.393768773 0.320340375 -0.464292143 0.725783027
1642650033.666316986 -0.216284709 1.590955270 0.167733287 -0.395517008 0.317283220 -0.464597786 0.725979719
1642650033.674649954 -0.221906157 1.590791251 0.164449906 -0.397434254 0.314509537 -0.464555664 0.726166510
1642650033.682984114 -0.227681936 1.590601648 0.161446156 -0.399454472 0.311537112 -0.464296839 0.726504782
1642650033.691317081 -0.233686396 1.590379049 0.158776563 -0.401410771 0.308071282 -0.463927344 0.727140219
1642650033.699650049 -0.239497423 1.589884692 0.156336096 -0.403364826 0.305531248 -0.463269127 0.727550129
1642650033.707983971 -0.245401608 1.589224307 0.154254700 -0.405038957 0.302998831 -0.462504301 0.728165451
1642650033.716316938 -0.251339367 1.588479147 0.152333146 -0.406846909 0.300543933 -0.461568392 0.728768521
1642650033.724649906 -0.257353714 1.587526336 0.150843277 -0.408159583 0.297978457 -0.460710728 0.729630193
1642650033.732984066 -0.263423310 1.586452090 0.149679048 -0.409210419 0.295268122 -0.459795445 0.730720000
1642650033.741317034 -0.269484525 1.585331617 0.148647329 -0.410480032 0.292594240 -0.458742129 0.731744773
1642650033.749650002 -0.275589588 1.583848278 0.148102466 -0.410810050 0.289925570 -0.458320561 0.732885073
1642650033.757983923 -0.281740704 1.582254861 0.147864505 -0.411030070 0.287247095 -0.457661983 0.734226735
1642650033.766316891 -0.287948603 1.580520496 0.147916722 -0.411080319 0.284521810 -0.456876900 0.735747109
1642650033.774650097 -0.294148399 1.578677004 0.148205897 -0.411207640 0.281899415 -0.455941364 0.737264179
1642650033.782984018 -0.300339126 1.576725444 0.148754916 -0.411440446 0.279374634 -0.454830758 0.738779774
1642650033.791316986 -0.306447342 1.574660514 0.149445378 -0.411873061 0.277061244 -0.453539283 0.740202518
1642650033.799649954 -0.312329147 1.572453545 0.150249045 -0.412688853 0.275423297 -0.451909248 0.741355482
1642650033.807984114 -0.318478932 1.570269204 0.151369527 -0.413429224 0.272975151 -0.449760880 0.743152740
1642650033.816317081 -0.324637661 1.568045374 0.152728754 -0.414265574 0.270381521 -0.447703691 0.744875340
1642650033.824650049 -0.330562329 1.565651917 0.154215852 -0.415294944 0.268289150 -0.445479904 0.746390445
1642650033.832983971 -0.336205728 1.563130363 0.155846924 -0.416581062 0.267179218 -0.442808419 0.747660477
1642650033.841316938 -0.341827254 1.560564327 0.157740551 -0.417854108 0.266090644 -0.439798563 0.749113434
1642650033.849649906 -0.347453334 1.557912920 0.159896366 -0.419021937 0.264896005 -0.436489698 0.750817865
1642650033.857984066 -0.352717531 1.555124350 0.162203926 -0.420360930 0.264624369 -0.432967154 0.752203481
1642650033.866317034 -0.357836198 1.552255625 0.164643779 -0.421748713 0.264468637 -0.429336336 0.753561327
1642650033.874650002 -0.362781498 1.549323449 0.167193537 -0.423228857 0.264560523 -0.425437025 0.754909532
1642650033.882983923 -0.367535201 1.546331950 0.169828568 -0.424791704 0.264903184 -0.421385657 0.756182808
1642650033.891316891 -0.372152459 1.543301299 0.172539222 -0.426322791 0.265229626 -0.417276581 0.757484243
1642650033.899650097 -0.376603559 1.540242239 0.175366182 -0.427730007 0.265789245 -0.412947557 0.758865886
1642650033.907984018 -0.380852733 1.537120095 0.178315735 -0.428873796 0.266540902 -0.408494030 0.760365597
1642650033.916316986 -0.384880898 1.533977785 0.181355083 -0.429825784 0.267437257 -0.404044495 0.761889201
1642650033.924649954 -0.388687693 1.530779837 0.184517060 -0.430498441 0.268625606 -0.399218266 0.763633519
1642650033.932984114 -0.392338650 1.527480656 0.187856731 -0.430577385 0.269927466 -0.393743476 0.765968899
1642650033.941317081 -0.395654510 1.524332869 0.191135615 -0.430658997 0.271291643 -0.388923684 0.767901062
1642650033.949650049 -0.398670170 1.521230386 0.194423183 -0.430442099 0.272805301 -0.384040864 0.769941220
1642650033.957983971 -0.401383325 1.518204564 0.197673693 -0.429860174 0.274223651 -0.379403214 0.772058819
1642650033.966316938 -0.403751683 1.515323271 0.200878283 -0.428879680 0.275685189 -0.375101598 0.774182594
1642650033.974649906 -0.405733180 1.512548313 0.203971596 -0.427555849 0.277116501 -0.371135896 0.776312172
1642650033.982984066 -0.407240909 1.509908785 0.206937618 -0.425920123 0.278680916 -0.367596689 0.778332622
1642650033.991317034 -0.408357033 1.507443735 0.209762682 -0.423922827 0.280080154 -0.364722329 0.780270573
1642650033.999650002 -0.408998604 1.505205356 0.212384914 -0.421938602 0.281676089 -0.361796052 0.782131711
1642650034.007983923 -0.409182643 1.503248867 0.214781326 -0.419908613 0.283300491 -0.359287941 0.783791913
1642650034.016316891 -0.408952872 1.501600476 0.216885243 -0.417989341 0.284569026 -0.357206066 0.785308351
1642650034.024650097 -0.408159846 1.500291919 0.218694527 -0.416226603 0.286040053 -0.355485355 0.786490093
1642650034.032984018 -0.406874144 1.499199266 0.220206080 -0.414525936 0.287441953 -0.354295992 0.787413311
1642650034.041316986 -0.405001286 1.498429447 0.221389158 -0.413086051 0.289046439 -0.353575968 0.787906152
1642650034.049649954 -0.402501024 1.497949100 0.222234509 -0.411887039 0.290864446 -0.353486174 0.787905112
1642650034.057984114 -0.399669642 1.497831000 0.222793103 -0.410954450 0.292262543 -0.353651141 0.787800683
1642650034.066317081 -0.396360850 1.498070690 0.223066482 -0.410398858 0.293674929 -0.354234617 0.787302769
1642650034.074650049 -0.392491313 1.498636057 0.223051729 -0.410125521 0.295313926 -0.355435207 0.786290376
1642650034.082983971 -0.388236407 1.499561376 0.222670032 -0.410598158 0.296935193 -0.356572461 0.784917017
1642650034.091316938 -0.383563545 1.500772953 0.222046214 -0.411505476 0.298679056 -0.357834479 0.783204029
1642650034.099649906 -0.378444142 1.502200050 0.221241846 -0.412791076 0.300742178 -0.358981066 0.781210768
1642650034.107984066 -0.372869700 1.503864740 0.220262508 -0.414342738 0.303186463 -0.360358209 0.778806796
1642650034.116317034 -0.367100275 1.505858179 0.219142023 -0.416235872 0.305394268 -0.361641575 0.776335888
1642650034.124650002 -0.361003371 1.508114322 0.217857803 -0.418470471 0.307799890 -0.362932872 0.773577031
1642650034.132983923 -0.354697502 1.510577014 0.216494707 -0.420775639 0.310054347 -0.364244675 0.770804761
1642650034.141316891 -0.348170588 1.513234000 0.215060469 -0.423129537 0.312244081 -0.365637123 0.767967788
1642650034.149650097 -0.341439800 1.516098178 0.213464663 -0.425744386 0.314446093 -0.366934907 0.764999443
1642650034.157984018 -0.334326443 1.519017487 0.211890851 -0.428211024 0.317076181 -0.368258077 0.761895008
1642650034.166316986 -0.327111202 1.522130323 0.210291620 -0.430703816 0.319545098 -0.369509502 0.758846415
1642650034.174649954 -0.319622933 1.525313555 0.208684073 -0.433152886 0.322485378 -0.370547317 0.755696000
1642650034.182984114 -0.312003735 1.528612113 0.207136538 -0.435501229 0.325357928 -0.371476707 0.752652612
1642650034.191317081 -0.304144260 1.531990255 0.205595206 -0.437889103 0.328700900 -0.372091704 0.749504247
1642650034.199650049 -0.296185259 1.535430078 0.204155052 -0.440150497 0.331956320 -0.372579445 0.746496550
1642650034.207983971 -0.288181660 1.538912796 0.202906584 -0.442019424 0.334646127 -0.373241519 0.743855878
1642650034.216316938 -0.279873954 1.542401112 0.201596006 -0.444044906 0.338106318 -0.373497379 0.740950705
1642650034.224649906 -0.271374130 1.545886040 0.200327581 -0.446062444 0.341829668 -0.373580365 0.737982714
1642650034.232984066 -0.262822613 1.549412492 0.199118700 -0.448018858 0.345242429 -0.373651355 0.735167623
1642650034.241317034 -0.254028947 1.552859403 0.197918385 -0.449945954 0.349139132 -0.373473888 0.732234771
1642650034.249650002 -0.245105343 1.556291062 0.196724939 -0.451907513 0.353086815 -0.373157355 0.729289304
1642650034.257983923 -0.236032403 1.559673815 0.195538964 -0.453880453 0.357180786 -0.372733601 0.726280995
1642650034.266316891 -0.226826872 1.562984285 0.194363902 -0.455763083 0.361407994 -0.372146893 0.723305581
1642650034.274650097 -0.217450706 1.566216912 0.193131185 -0.457738971 0.365867432 -0.371497734 0.720142688
1642650034.282984018 -0.207918425 1.569348026 0.191877090 -0.459720925 0.370547747 -0.370711942 0.716884714
1642650034.291316986 -0.198339358 1.572410285 0.190637982 -0.461673322 0.375121725 -0.369875717 0.713675969
1642650034.299649954 -0.188651856 1.575370963 0.189352721 -0.463693627 0.379841036 -0.368924704 0.710354539
1642650034.307984114 -0.178863732 1.578218173 0.188038243 -0.465753623 0.384720037 -0.367881408 0.706913945
1642650034.316317081 -0.169018672 1.580950778 0.186710188 -0.467811026 0.389576331 -0.366900733 0.703396743
1642650034.324650049 -0.159119367 1.583570132 0.185362870 -0.469917033 0.394401783 -0.366014195 0.699756261
1642650034.332983971 -0.149239363 1.586169206 0.183958706 -0.472270695 0.398830548 -0.365631198 0.695850854
1642650034.341316938 -0.139398412 1.588536604 0.182673483 -0.474288001 0.403261203 -0.364767934 0.692369590
1642650034.349649906 -0.129483820 1.590808638 0.181194053 -0.476681127 0.408392571 -0.363455960 0.688396961
1642650034.357984066 -0.119638235 1.592920084 0.179758441 -0.479004238 0.413166621 -0.362368236 0.684498024
1642650034.366317034 -0.109917537 1.594904792 0.178423401 -0.481252241 0.417382804 -0.361499899 0.680812528
1642650034.374650002 -0.100249579 1.596752263 0.177172395 -0.483504264 0.421183164 -0.360927232 0.677170512
1642650034.382983923 -0.090575161 1.598442071 0.175856853 -0.485916122 0.425331592 -0.360149529 0.673253947
1642650034.391316891 -0.080950175 1.600005140 0.174547799 -0.488473027 0.429417482 -0.359485708 0.669152265
1642650034.399650097 -0.071364075 1.601387400 0.173315238 -0.491013254 0.433510265 -0.358779751 0.665020244
1642650034.407984018 -0.061775214 1.602595957 0.172074797 -0.493702917 0.437660129 -0.358247428 0.660582941
1642650034.416316986 -0.052419666 1.603718720 0.171023538 -0.496431877 0.441285815 -0.357625023 0.656449970
1642650034.424649954 -0.043117544 1.604647684 0.170052157 -0.499231626 0.445008271 -0.356873550 0.652209086
1642650034.432984114 -0.033856572 1.605380598 0.169096506 -0.502182770 0.448871171 -0.356063423 0.647723688
1642650034.441317081 -0.024599776 1.605967975 0.168118285 -0.505423520 0.453369943 -0.354904783 0.642686047
1642650034.449650049 -0.015655006 1.606433691 0.167642456 -0.508284655 0.456789869 -0.353893535 0.638552341
1642650034.457983971 -0.006776672 1.606730550 0.167335567 -0.511147356 0.460458722 -0.352682868 0.634287743
1642650034.466316938 0.002168728 1.606785812 0.167056031 -0.514134316 0.464783264 -0.351263941 0.629488734
1642650034.474649906 0.010821093 1.606809434 0.167142339 -0.517075317 0.468509185 -0.349675406 0.625187469
1642650034.482984066 0.019381061 1.606662336 0.167465207 -0.519943285 0.472326802 -0.347918741 0.620901701
1642650034.491317034 0.027869643 1.606333167 0.167987862 -0.522785169 0.476281275 -0.346071739 0.616511286
1642650034.499650002 0.036146458 1.605929304 0.168819354 -0.525620602 0.479997438 -0.343952831 0.612390310
1642650034.507983923 0.044295367 1.605383715 0.169970492 -0.528280869 0.483706945 -0.341662456 0.608451872
1642650034.516316891 0.052333673 1.604685019 0.171401284 -0.530835475 0.487490748 -0.339176886 0.604587057
1642650034.524650097 0.060233832 1.603868528 0.173153374 -0.533294311 0.491205724 -0.336533913 0.600881885
1642650034.532984018 0.068008859 1.602926110 0.175222584 -0.535661114 0.494904916 -0.333629387 0.597350590
1642650034.541316986 0.075612060 1.601873423 0.177703574 -0.537882394 0.498394076 -0.330470973 0.594200986
1642650034.549649954 0.083092592 1.600646196 0.180648661 -0.539482254 0.501961362 -0.327306929 0.591492911
1642650034.557984114 0.090478312 1.599419617 0.183898876 -0.541235243 0.505244187 -0.323938209 0.588945465
1642650034.566317081 0.097677015 1.598042418 0.187582036 -0.542601007 0.508507513 -0.320350397 0.586838887
1642650034.574650049 0.104616720 1.596678927 0.191928050 -0.543514989 0.510923651 -0.316826705 0.585806554
1642650034.582983971 0.111742708 1.594985078 0.196213697 -0.544403939 0.514428529 -0.313117091 0.583905239
1642650034.591316938 0.118805867 1.593176745 0.200861312 -0.545043258 0.517801844 -0.309513330 0.582246164
1642650034.599649906 0.125823226 1.591176515 0.205877805 -0.545360520 0.520854884 -0.306118699 0.581019308
1642650034.607984066 0.132790232 1.589107387 0.211199410 -0.545513072 0.523984241 -0.302727079 0.579838183
1642650034.616317034 0.139749043 1.586863002 0.216703537 -0.545608667 0.527013974 -0.299422575 0.578717181
1642650034.624650002 0.146532368 1.584539963 0.222646268 -0.545567734 0.528970075 -0.296682505 0.578382225
1642650034.632983923 0.153359286 1.582101330 0.228753572 -0.545378899 0.531825550 -0.293534892 0.577547148
1642650034.641316891 0.160151064 1.579475664 0.235061735 -0.545090694 0.534563119 -0.290566882 0.576792246
1642650034.649650097 0.166874444 1.576729049 0.241530639 -0.544848841 0.537192420 -0.287615853 0.576056565
1642650034.657984018 0.173553561 1.573821215 0.248168467 -0.544537884 0.539690108 -0.284832036 0.575398810
1642650034.666316986 0.180094827 1.570852800 0.255047064 -0.544123508 0.542041685 -0.281897324 0.575025494
1642650034.674649954 0.186632650 1.567756816 0.262073556 -0.543513105 0.544837750 -0.278746762 0.574495930
1642650034.682984114 0.193178299 1.564570400 0.269072508 -0.542987495 0.548252887 -0.275049422 0.573525211
1642650034.691317081 0.199467943 1.561419847 0.276310000 -0.542639274 0.550388210 -0.271855438 0.573332414
1642650034.699650049 0.205828319 1.558115446 0.283578839 -0.542092886 0.553365782 -0.268204526 0.572702319
1642650034.707983971 0.212176995 1.554729037 0.290825488 -0.541603029 0.556642017 -0.264268703 0.571819793
1642650034.716316938 0.218433638 1.551346474 0.298062815 -0.541235205 0.559962581 -0.260232349 0.570776213
1642650034.724649906 0.224550251 1.548019281 0.305391467 -0.540900669 0.563176920 -0.256051748 0.569820784
1642650034.732984066 0.230675050 1.544562481 0.312553004 -0.540629438 0.566776323 -0.251580963 0.568499278
1642650034.741317034 0.236778671 1.541004377 0.319664784 -0.540210184 0.570594213 -0.247013667 0.567079756
1642650034.749650002 0.242733010 1.537545221 0.326885795 -0.539632812 0.574437568 -0.242389548 0.565743065
1642650034.757983923 0.248561089 1.534107934 0.334205705 -0.538820502 0.578063193 -0.238086417 0.564650574
1642650034.766316891 0.254284868 1.530710165 0.341496889 -0.537708801 0.581793244 -0.233657100 0.563728858
1642650034.774650097 0.259875882 1.527375697 0.348912517 -0.535847977 0.585456253 -0.228927346 0.563648997
1642650034.782984018 0.265324090 1.524205771 0.356290532 -0.533857771 0.588718447 -0.224775176 0.563810776
1642650034.791316986 0.270827047 1.520961598 0.363242438 -0.531851861 0.592093529 -0.221948537 0.563291841
1642650034.799649954 0.276096179 1.517947587 0.370272677 -0.529387012 0.595026571 -0.219337123 0.563545915
1642650034.807984114 0.281357101 1.514850627 0.376942415 -0.526660894 0.597951038 -0.217315503 0.563787930
1642650034.816317081 0.286437668 1.511967385 0.383535189 -0.523769915 0.600461099 -0.215929279 0.564345720
1642650034.824650049 0.291348154 1.509237301 0.390021911 -0.520582249 0.602619574 -0.215089818 0.565314196
1642650034.832983971 0.296058871 1.506708701 0.396439041 -0.517162154 0.604338636 -0.214824098 0.566717501
1642650034.841316938 0.300884298 1.504158169 0.402239817 -0.513760644 0.606633632 -0.214868287 0.567342275
1642650034.849649906 0.305474431 1.501803084 0.407735441 -0.510590346 0.608376677 -0.215445611 0.568118391
1642650034.857984066 0.309967709 1.499586007 0.412922991 -0.507363654 0.609917066 -0.216401199 0.568993688
1642650034.866317034 0.314401106 1.497444161 0.417670543 -0.504112842 0.611462637 -0.217715327 0.569722496
1642650034.874650002 0.318697194 1.495548513 0.422191361 -0.500832484 0.612668058 -0.219572250 0.570607309
1642650034.882983923 0.322827476 1.493912491 0.426149542 -0.497861812 0.613964552 -0.221413601 0.571101709
1642650034.891316891 0.326835226 1.492440882 0.429642044 -0.495047690 0.615226333 -0.223443428 0.571399491
1642650034.899650097 0.330699104 1.491243583 0.432705408 -0.492434821 0.616513251 -0.225512497 0.571457323
1642650034.907984018 0.334408140 1.490256969 0.435381076 -0.489931338 0.617725005 -0.227485437 0.571518572
1642650034.916316986 0.338049144 1.489418374 0.437451690 -0.487751456 0.619170118 -0.229459664 0.571029899
1642650034.924649954 0.341507118 1.488867318 0.439071623 -0.485974652 0.620531410 -0.231671751 0.570173313
1642650034.932984114 0.344761463 1.488634445 0.440278876 -0.484385318 0.621882670 -0.233190295 0.569434013
1642650034.941317081 0.347791795 1.488708376 0.441042759 -0.483193213 0.623100952 -0.234588867 0.568539872
1642650034.949650049 0.350694947 1.488940693 0.441197298 -0.482360537 0.624479104 -0.235875088 0.567201115
1642650034.957983971 0.353395308 1.489392324 0.440869676 -0.481865065 0.625806887 -0.236984893 0.565694228
1642650034.966316938 0.355829505 1.490207433 0.440211698 -0.481701891 0.626976352 -0.238003783 0.564108271
1642650034.974649906 0.358160821 1.491107123 0.438971920 -0.481818759 0.628422417 -0.238781468 0.562067042
1642650034.982984066 0.360420578 1.492094631 0.437131615 -0.482219755 0.630283846 -0.239257195 0.559430403
1642650034.991317034 0.362369139 1.493306341 0.435133630 -0.482763377 0.631669277 -0.239890381 0.557123012
1642650034.999650002 0.364065809 1.494794879 0.432930269 -0.483502453 0.632784806 -0.240548844 0.554927942
1642650035.007983923 0.365598614 1.496379002 0.430336036 -0.484510893 0.633883034 -0.241689515 0.552293104
1642650035.016316891 0.367042134 1.497954172 0.427270449 -0.485709361 0.635250718 -0.242289163 0.549398675
1642650035.024650097 0.368230579 1.499689841 0.424053495 -0.487030466 0.636249971 -0.243035180 0.546736866
1642650035.032984018 0.369229308 1.501560746 0.420518864 -0.488560942 0.637313643 -0.243884185 0.543746292
1642650035.041316986 0.370066347 1.503513544 0.416558289 -0.490340002 0.638617775 -0.244776246 0.540202377
1642650035.049649954 0.370685826 1.505508316 0.412582910 -0.492025633 0.639423312 -0.246034356 0.537136575
1642650035.057984114 0.371036147 1.507682624 0.408557977 -0.493753216 0.639849897 -0.247554577 0.534337535
1642650035.066317081 0.371091570 1.510025347 0.404559180 -0.495457633 0.639854730 -0.249305700 0.531934513
1642650035.074650049 0.371032631 1.512260496 0.400285537 -0.497109087 0.640046711 -0.251087080 0.529318469
1642650035.082983971 0.370730373 1.514538379 0.395943536 -0.498736316 0.640019583 -0.252739308 0.527029280
1642650035.091316938 0.370124926 1.516973573 0.391829605 -0.500009993 0.639473928 -0.255338714 0.525228753
1642650035.099649906 0.369436877 1.519199470 0.387403862 -0.501122874 0.639277795 -0.258429273 0.522890119
1642650035.107984066 0.368345307 1.521666532 0.383310875 -0.502061647 0.638363129 -0.261200346 0.521728854
1642650035.116317034 0.366943844 1.524232966 0.379361514 -0.502829407 0.637057485 -0.263791021 0.521281734
1642650035.124650002 0.365471809 1.526548677 0.375105558 -0.503478347 0.636037514 -0.267294606 0.520114822
1642650035.132983923 0.363683621 1.528997069 0.371071276 -0.504021161 0.634413525 -0.271618681 0.519331724
1642650035.141316891 0.361591667 1.531492451 0.367223350 -0.504326437 0.632390923 -0.275547268 0.519432640
1642650035.149650097 0.359217227 1.534005944 0.363410047 -0.504593279 0.630081938 -0.279672861 0.519774437
1642650035.157984018 0.356493596 1.536559820 0.359643614 -0.504885621 0.627390023 -0.283892500 0.520458757
1642650035.166316986 0.353517803 1.539129643 0.355990837 -0.504969314 0.624536754 -0.288049785 0.521523879
1642650035.174649954 0.350255345 1.541682126 0.352334719 -0.505016064 0.621613360 -0.292135683 0.522697186
1642650035.182984114 0.346691820 1.544274075 0.348752083 -0.505032126 0.618413522 -0.296281792 0.524141553
1642650035.191317081 0.342788162 1.546953259 0.345249023 -0.505091862 0.614912011 -0.300276575 0.525927190
1642650035.199650049 0.338761135 1.549407894 0.341448528 -0.505278915 0.611727999 -0.304163114 0.527225638
1642650035.207983971 0.334340851 1.552035510 0.337878117 -0.505424591 0.608022345 -0.308021216 0.529129229
1642650035.216316938 0.329616582 1.554731056 0.334348578 -0.505651680 0.604185554 -0.311624789 0.531193171
1642650035.224649906 0.324693396 1.557299359 0.330636062 -0.506009201 0.600439559 -0.315032689 0.533086700
1642650035.232984066 0.319409740 1.559984774 0.327048686 -0.506453395 0.596392802 -0.318256599 0.535288074
1642650035.241317034 0.313955141 1.562568318 0.323287564 -0.507008068 0.592622552 -0.321173710 0.537204596
1642650035.249650002 0.308164338 1.565211690 0.319609104 -0.507751844 0.588217867 -0.324091218 0.539585663
1642650035.257983923 0.302158797 1.567821416 0.315841750 -0.508603806 0.583998545 -0.326661474 0.541811913
1642650035.266316891 0.295972388 1.570377845 0.312022458 -0.509499966 0.579863790 -0.329053179 0.543959351
1642650035.274650097 0.289554351 1.572875219 0.308142662 -0.510524873 0.575535430 -0.331401847 0.546164937
1642650035.282984018 0.282921968 1.575284741 0.304020910 -0.511855111 0.571627525 -0.333195006 0.547930110
1642650035.291316986 0.276085773 1.577730359 0.300153435 -0.512830274 0.567587049 -0.334900161 0.550174458
1642650035.299649954 0.269053619 1.580086660 0.296310704 -0.513823862 0.563143500 -0.336750391 0.552678578
1642650035.307984114 0.261949679 1.582294693 0.292262769 -0.514812023 0.559618388 -0.338126502 0.554496447
1642650035.316317081 0.254672981 1.584384415 0.288294014 -0.515759096 0.555463024 -0.339839563 0.556742719
1642650035.324650049 0.247281418 1.586311501 0.284342035 -0.516522237 0.551355147 -0.341618144 0.559025334
1642650035.332983971 0.239611720 1.588264784 0.280600957 -0.517140492 0.546884820 -0.343374406 0.561762158
1642650035.341316938 0.231897873 1.589975676 0.276829156 -0.517524376 0.542605951 -0.345205241 0.564429485
1642650035.349649906 0.224080402 1.591531955 0.273107848 -0.517697523 0.538264043 -0.347184789 0.567207032
1642650035.357984066 0.216066213 1.593001488 0.269566712 -0.517577242 0.533759545 -0.349230635 0.570309135
1642650035.366317034 0.207874807 1.594342312 0.266046867 -0.517322589 0.529264828 -0.351291718 0.573454627
1642650035.374650002 0.199461055 1.595634995 0.262764775 -0.516740763 0.524355241 -0.353493664 0.577124592
1642650035.382983923 0.191073230 1.596648443 0.259379382 -0.515948400 0.519826748 -0.355729658 0.580546132
1642650035.391316891 0.182567375 1.597541518 0.256075916 -0.514945258 0.515402970 -0.357950035 0.584005935
1642650035.399650097 0.173681217 1.598547826 0.253057795 -0.513814802 0.510096699 -0.360105238 0.588319577
1642650035.407984018 0.165194087 1.599051562 0.249441395 -0.512786424 0.506758206 -0.362138397 0.590848530
1642650035.416316986 0.155456757 1.600342706 0.247164601 -0.511266171 0.499184834 -0.364329164 0.597231668
1642650035.424649954 0.146378001 1.600939934 0.244053268 -0.509894931 0.494473338 -0.366301028 0.601104678
1642650035.432984114 0.136905752 1.601681885 0.241191631 -0.508484604 0.488750526 -0.368270173 0.605758542
1642650035.441317081 0.127682083 1.602066920 0.237981092 -0.507125213 0.484302226 -0.370150331 0.609314454
1642650035.449650049 0.118034049 1.602614053 0.235043679 -0.505717223 0.478763654 -0.371952516 0.613748140
1642650035.457983971 0.108115433 1.603236592 0.232178125 -0.504419430 0.472779193 -0.373551564 0.618465927
1642650035.466316938 0.098244543 1.603672806 0.229227326 -0.503031258 0.467234819 -0.375124691 0.622842391
1642650035.474649906 0.088099513 1.604096581 0.226508033 -0.501449219 0.460797330 -0.376802481 0.627880874
1642650035.482984066 0.078142784 1.604413710 0.223452040 -0.500199767 0.455518998 -0.378243420 0.631850102
1642650035.491317034 0.068091085 1.604658731 0.220346598 -0.499020976 0.450205013 -0.379451503 0.635853811
1642650035.499650002 0.057968129 1.604867606 0.217220923 -0.497900672 0.444891704 -0.380538414 0.639809978
1642650035.507983923 0.047730953 1.605053907 0.214062281 -0.496886563 0.439486802 -0.381532625 0.643729719
1642650035.516316891 0.037577761 1.605149972 0.210715206 -0.496060276 0.434710432 -0.382294753 0.647148951
1642650035.524650097 0.027209983 1.605265789 0.207547661 -0.495082546 0.428822103 -0.383529310 0.651083823
1642650035.532984018 0.016784140 1.605368795 0.204208569 -0.494437943 0.422953106 -0.384645174 0.654744134
1642650035.541316986 0.006345837 1.605431662 0.200811569 -0.493886518 0.417254899 -0.385592901 0.658249627
1642650035.549649954 -0.004133606 1.605475063 0.197362407 -0.493464861 0.411460137 -0.386457670 0.661697405
1642650035.557984114 -0.014593865 1.605492316 0.193820470 -0.493237798 0.405791002 -0.387242558 0.664900999
1642650035.566317081 -0.025065719 1.605478866 0.190243327 -0.493068963 0.400066048 -0.388011120 0.668040063
1642650035.574650049 -0.035556173 1.605469351 0.186650184 -0.493020071 0.394218151 -0.388752579 0.671114514
1642650035.582983971 -0.046034510 1.605463850 0.183012456 -0.493117334 0.388288440 -0.389475936 0.674074089
1642650035.591316938 -0.056430145 1.605403816 0.179335400 -0.493316115 0.382570205 -0.390091281 0.676836791
1642650035.599649906 -0.066801070 1.605357748 0.175643454 -0.493683333 0.376824654 -0.390676025 0.679449917
1642650035.607984066 -0.077144039 1.605277473 0.171966908 -0.494127275 0.371163082 -0.390933755 0.682090171
1642650035.616317034 -0.087473599 1.605111855 0.168412915 -0.494409737 0.365599098 -0.390802707 0.684959529
1642650035.624650002 -0.097722308 1.605010826 0.164785513 -0.495020820 0.359902947 -0.391072866 0.687376367
1642650035.632983923 -0.107862179 1.604891198 0.161180802 -0.495756500 0.354440384 -0.391308491 0.689547078
1642650035.641316891 -0.117928339 1.604802966 0.157651759 -0.496519341 0.348840579 -0.391819165 0.691560942
1642650035.649650097 -0.128022818 1.604524502 0.154408448 -0.496658007 0.343490209 -0.391325257 0.694413309
1642650035.657984018 -0.137964307 1.604290683 0.151162576 -0.496945293 0.338124761 -0.391428889 0.696778621
1642650035.666316986 -0.147819518 1.603988712 0.148071325 -0.496915161 0.332755134 -0.391620056 0.699273248
1642650035.674649954 -0.157593045 1.603626798 0.145100678 -0.496652699 0.327429471 -0.391857372 0.701836048
1642650035.682984114 -0.167400763 1.603222577 0.142302500 -0.496098158 0.321692391 -0.392190158 0.704689650
1642650035.691317081 -0.177235724 1.602792281 0.139666120 -0.495222989 0.315579940 -0.392562549 0.707854602
1642650035.699650049 -0.186562320 1.602077396 0.137011841 -0.494187814 0.310522317 -0.393295152 0.710403560
1642650035.707983971 -0.196165850 1.601451106 0.134474651 -0.493067204 0.304449877 -0.393859016 0.713491472
1642650035.716316938 -0.205522577 1.600707341 0.131971145 -0.491891605 0.298821208 -0.394404916 0.716375109
1642650035.724649906 -0.214676804 1.599912275 0.129470479 -0.490904078 0.293650908 -0.394930194 0.718896705
1642650035.732984066 -0.223992957 1.599196206 0.127097172 -0.489724451 0.286462539 -0.396500072 0.721731854
1642650035.741317034 -0.233161384 1.598159698 0.124940625 -0.487980920 0.280060350 -0.396813073 0.725244929
1642650035.749650002 -0.242216256 1.597156690 0.122721116 -0.486459472 0.273303827 -0.397503293 0.728459561
1642650035.757983923 -0.251039808 1.596062092 0.120489889 -0.485128487 0.266849915 -0.398013852 0.731455020
1642650035.766316891 -0.259578262 1.594875686 0.118247165 -0.483968970 0.260820441 -0.398418589 0.734172570
1642650035.774650097 -0.267942743 1.593634267 0.115989618 -0.482927959 0.254788353 -0.398719916 0.736807920
1642650035.782984018 -0.276258997 1.592412502 0.113716127 -0.482125851 0.248369491 -0.398854279 0.739447445
1642650035.791316986 -0.284171044 1.591068769 0.111380315 -0.481614439 0.242532657 -0.398901013 0.741689575
1642650035.799649954 -0.291988026 1.589711592 0.108952073 -0.481427796 0.236287469 -0.398936355 0.743804607
1642650035.807984114 -0.299554637 1.588316074 0.106366994 -0.481775596 0.230224783 -0.398767454 0.745569140
1642650035.816317081 -0.306942987 1.586887479 0.103804354 -0.482294049 0.224043110 -0.398527667 0.747243491
1642650035.824650049 -0.313985166 1.585367956 0.101136488 -0.483244547 0.218246137 -0.398095084 0.748574402
1642650035.832983971 -0.320942116 1.583818694 0.098487666 -0.484314879 0.212043003 -0.397537839 0.749960352
1642650035.841316938 -0.327644435 1.582220511 0.095808830 -0.485603364 0.205944312 -0.396789117 0.751222144
1642650035.849649906 -0.334077998 1.580580100 0.093095297 -0.487129968 0.200020360 -0.395901538 0.752301949
1642650035.857984066 -0.340253095 1.578904426 0.090407215 -0.488770401 0.194282006 -0.394846684 0.753295489
1642650035.866317034 -0.345973241 1.577202423 0.087727256 -0.490502954 0.189338169 -0.393705604 0.754025071
1642650035.874650002 -0.351638748 1.575471122 0.085044990 -0.492455734 0.184029831 -0.392256181 0.754821475
1642650035.882983923 -0.357363977 1.573722698 0.082203624 -0.494656436 0.176961423 -0.391200260 0.755620289
1642650035.891316891 -0.362405219 1.571815809 0.079456504 -0.497313601 0.171532825 -0.389861195 0.755820032
1642650035.899650097 -0.367428005 1.569896137 0.076774310 -0.499633450 0.165031192 -0.388618804 0.756377251
1642650035.907984018 -0.372084966 1.567923523 0.074133706 -0.502213581 0.159175523 -0.387108836 0.756697708
1642650035.916316986 -0.376336766 1.565904736 0.071566734 -0.505026928 0.153882837 -0.385504491 0.756739164
1642650035.924649954 -0.380492717 1.563896224 0.069170597 -0.507767568 0.148231232 -0.383669350 0.756965936
1642650035.932984114 -0.384438422 1.561823939 0.066913507 -0.510439059 0.142487714 -0.381701620 0.757266856
1642650035.941317081 -0.388075447 1.559713729 0.064788702 -0.513157163 0.136941290 -0.379591108 0.757513960
1642650035.949650049 -0.391484319 1.557569125 0.062840980 -0.515828526 0.131372346 -0.377352767 0.757804149
1642650035.957983971 -0.394532697 1.555399854 0.061053494 -0.518587426 0.126233575 -0.374941039 0.757991678
1642650035.966316938 -0.397308374 1.553211212 0.059479761 -0.521287008 0.121182905 -0.372426482 0.758203847
1642650035.974649906 -0.399782168 1.550992913 0.058122804 -0.523985264 0.116364572 -0.369746801 0.758410200
1642650035.982984066 -0.401929879 1.548779200 0.056979269 -0.526717122 0.111753165 -0.366998711 0.758546142
1642650035.991317034 -0.403741819 1.546565714 0.056056566 -0.529502822 0.107462840 -0.364140796 0.758603968
1642650035.999650002 -0.405197163 1.544357974 0.055363094 -0.532361238 0.103536482 -0.361183365 0.758563304
1642650036.007983923 -0.406352259 1.542150081 0.054928765 -0.535202611 0.099829004 -0.358082020 0.758531214
1642650036.016316891 -0.407186713 1.539951375 0.054732859 -0.538029042 0.096285951 -0.354962589 0.758455883
1642650036.024650097 -0.407722230 1.537762162 0.054834559 -0.540737406 0.092907553 -0.351772426 0.758437476
1642650036.032984018 -0.408000043 1.535566241 0.055317986 -0.543129629 0.089578202 -0.348501010 0.758638911
1642650036.041316986 -0.407746767 1.533431833 0.055983491 -0.545738175 0.086994781 -0.345323689 0.758520469
1642650036.049649954 -0.407184511 1.531303667 0.057030266 -0.548036957 0.084715081 -0.341987670 0.758632508
1642650036.057984114 -0.406179505 1.529225842 0.058430322 -0.550261251 0.083246599 -0.338303283 0.758836905
1642650036.066317081 -0.404865385 1.527236767 0.060104739 -0.552366647 0.081673940 -0.335007607 0.758940286
1642650036.074650049 -0.403103739 1.525326354 0.062129263 -0.554294023 0.080776180 -0.331793424 0.759043127
1642650036.082983971 -0.400983044 1.523483739 0.064481282 -0.556048507 0.080175521 -0.328651339 0.759190517
1642650036.091316938 -0.398488029 1.521724930 0.067158456 -0.557663875 0.079949472 -0.325513229 0.759381473
1642650036.099649906 -0.395612070 1.520026279 0.070110359 -0.559182836 0.079943236 -0.322539048 0.759534197
1642650036.107984066 -0.392252161 1.518445648 0.073382453 -0.560623234 0.080842403 -0.319586912 0.759625106
1642650036.116317034 -0.388567215 1.516912471 0.077019704 -0.561746608 0.081978256 -0.316669146 0.759895365
1642650036.124650002 -0.384492880 1.515466757 0.080953423 -0.562751544 0.083491888 -0.313833677 0.760163290
1642650036.132983923 -0.380078935 1.514086856 0.085194207 -0.563590508 0.085378805 -0.310979611 0.760505017
1642650036.141316891 -0.375286093 1.512767600 0.089715117 -0.564293727 0.087704181 -0.308216403 0.760843752
1642650036.149650097 -0.370185226 1.511510647 0.094527458 -0.564781005 0.090230033 -0.305490874 0.761285940
1642650036.157984018 -0.364687846 1.510346203 0.099565806 -0.565232566 0.093238166 -0.302864321 0.761637705
1642650036.166316986 -0.358924625 1.509241816 0.104886401 -0.565452521 0.096377414 -0.300277756 0.762107676
1642650036.174649954 -0.352824911 1.508199627 0.110426022 -0.565559204 0.099802513 -0.297763482 0.762574032
1642650036.182984114 -0.346404072 1.507232644 0.116189823 -0.565531387 0.103503108 -0.295366266 0.763033503
1642650036.191317081 -0.339555172 1.506347241 0.122126026 -0.565554892 0.107857214 -0.293032882 0.763312659
1642650036.199650049 -0.332240882 1.505540598 0.128203037 -0.565712910 0.112904363 -0.290832704 0.763307177
1642650036.207983971 -0.324774723 1.504775185 0.134581162 -0.565489923 0.117875394 -0.288586637 0.763573371
1642650036.216316938 -0.317075566 1.504103410 0.141155827 -0.565206453 0.123094421 -0.286262107 0.763834691
1642650036.224649906 -0.309166077 1.503483551 0.147808046 -0.564927735 0.128227429 -0.283955275 0.764057447
1642650036.232984066 -0.301011504 1.502897315 0.154565570 -0.564506196 0.133336980 -0.281798988 0.764292702
1642650036.241317034 -0.292764578 1.502384029 0.161395227 -0.563786158 0.137696253 -0.279903548 0.764747615
1642650036.249650002 -0.284024427 1.501934324 0.168327950 -0.563593145 0.143309382 -0.277797417 0.764626565
1642650036.257983923 -0.275000181 1.501540416 0.175344003 -0.563507523 0.149260989 -0.275640538 0.764331553
1642650036.266316891 -0.265428313 1.501186599 0.182365785 -0.563764415 0.156347660 -0.273589696 0.763461703
1642650036.274650097 -0.255825579 1.500893867 0.189561881 -0.563540883 0.162877587 -0.271588740 0.762975833
1642650036.282984018 -0.245820764 1.500671951 0.196936959 -0.563315753 0.170401390 -0.269329561 0.762299362
1642650036.291316986 -0.235693648 1.500429385 0.204367986 -0.562761778 0.177408433 -0.267390017 0.761792628
1642650036.299649954 -0.224826597 1.500174886 0.211774831 -0.562388366 0.185803378 -0.265857118 0.760602671
1642650036.307984114 -0.214047210 1.499941580 0.219295386 -0.561666785 0.193639802 -0.264168106 0.759769216
1642650036.316317081 -0.203091191 1.499710685 0.226888296 -0.560727927 0.201569965 -0.262463659 0.758990493
1642650036.324650049 -0.191862410 1.499474042 0.234505322 -0.559693744 0.209929249 -0.260757513 0.758075288
1642650036.332983971 -0.180448859 1.499216185 0.242125377 -0.558527878 0.218390301 -0.259190118 0.757081745
1642650036.341316938 -0.168957617 1.498994075 0.249909593 -0.556796106 0.226455941 -0.257930348 0.756417702
1642650036.349649906 -0.157022372 1.498898873 0.257386992 -0.555496876 0.236736021 -0.255788634 0.754951291
1642650036.357984066 -0.144942509 1.498523567 0.264935081 -0.553778617 0.245958434 -0.254585471 0.753670970
1642650036.366317034 -0.132831115 1.498036674 0.272631850 -0.551465652 0.254664186 -0.253792717 0.752742349
1642650036.374650002 -0.120637415 1.497665226 0.280130769 -0.549368857 0.263673856 -0.252825285 0.751498059
1642650036.382983923 -0.108459147 1.497222580 0.287613218 -0.546974690 0.272297658 -0.251961955 0.750458425
1642650036.391316891 -0.096100988 1.496777113 0.294929254 -0.544692870 0.281305702 -0.251150702 0.749066155
1642650036.399650097 -0.083626349 1.496323368 0.302053145 -0.542651860 0.290709178 -0.250286948 0.747243987
1642650036.407984018 -0.071143468 1.495932484 0.309063295 -0.540430681 0.300073736 -0.249529094 0.745403021
1642650036.416316986 -0.058592666 1.495541303 0.315957105 -0.538082723 0.309715035 -0.248835517 0.743387157
1642650036.424649954 -0.046094044 1.495201760 0.322718237 -0.535685879 0.319268051 -0.248282464 0.741258639
1642650036.432984114 -0.033550991 1.494912618 0.329297095 -0.533299088 0.329230413 -0.247734287 0.738801151
1642650036.441317081 -0.021088568 1.494592914 0.335788489 -0.530665395 0.338991153 -0.247268711 0.736435619
1642650036.449650049 -0.008670546 1.494328019 0.342049437 -0.528146073 0.348912522 -0.246776084 0.733773358
1642650036.457983971 0.003669500 1.494081894 0.348158431 -0.525471842 0.358818617 -0.246492185 0.731006256
1642650036.466316938 0.015916873 1.493879008 0.354054185 -0.522814875 0.368760452 -0.246214753 0.728051256
1642650036.474649906 0.028088433 1.493709535 0.359716241 -0.520183412 0.378787558 -0.246045835 0.724838362
1642650036.482984066 0.040114724 1.493576722 0.365111866 -0.517620141 0.388765907 -0.245979788 0.721404466
1642650036.491317034 0.051959995 1.493491997 0.370334022 -0.514983665 0.398599505 -0.245989106 0.717913378
1642650036.499650002 0.063447726 1.493468294 0.375605179 -0.511940768 0.407566560 -0.246227863 0.714967125
1642650036.507983923 0.074900999 1.493503415 0.380420663 -0.509264934 0.416785108 -0.246624748 0.711418045
1642650036.516316891 0.086254248 1.493621667 0.384818813 -0.506851799 0.426564652 -0.246781133 0.707278533
1642650036.524650097 0.097415700 1.493769272 0.389033072 -0.504322680 0.435868813 -0.247314845 0.703215742
1642650036.532984018 0.108384913 1.493959881 0.393015147 -0.501773380 0.444883005 -0.248113546 0.699101034
1642650036.541316986 0.119226925 1.494170710 0.396773390 -0.499162771 0.453651194 -0.249282234 0.694906821
1642650036.549649954 0.129936240 1.494451367 0.400134159 -0.496788654 0.462591471 -0.250632243 0.690212752
1642650036.557984114 0.140498407 1.494843325 0.403172301 -0.494631385 0.471300661 -0.252642773 0.685118318
1642650036.566317081 0.150866811 1.495165381 0.406026362 -0.492243142 0.479914057 -0.254288632 0.680232665
1642650036.574650049 0.161142758 1.495479399 0.408519772 -0.490010951 0.488704646 -0.255917957 0.674954099
1642650036.582983971 0.171279030 1.495731665 0.410716122 -0.487802307 0.497314637 -0.257779583 0.669534725
1642650036.591316938 0.181239888 1.496077495 0.412722493 -0.485671524 0.506011029 -0.259502603 0.663878308
1642650036.599649906 0.191084085 1.496413947 0.414496699 -0.483588424 0.514765637 -0.261128120 0.658005076
1642650036.607984066 0.200852490 1.496713574 0.415977250 -0.481546634 0.523711569 -0.262695589 0.651789889
1642650036.616317034 0.210451314 1.497018149 0.417024320 -0.479820230 0.532902546 -0.264096356 0.645012045
1642650036.624650002 0.219785109 1.497260171 0.418258939 -0.477516497 0.541103233 -0.266029811 0.639072316
1642650036.632983923 0.229303027 1.497347155 0.419049778 -0.474993494 0.550723455 -0.267416948 0.632117895
1642650036.641316891 0.238448943 1.497394693 0.419919651 -0.472230552 0.558894270 -0.269792105 0.625977413
1642650036.649650097 0.247571022 1.497344813 0.420409417 -0.469407164 0.567823119 -0.271724999 0.619192494
1642650036.657984018 0.256532278 1.497192276 0.420794666 -0.466311241 0.576377499 -0.274121267 0.612535988
1642650036.666316986 0.265326974 1.496915854 0.421042816 -0.462947766 0.584713225 -0.276920269 0.605891885
1642650036.674649954 0.274088491 1.496477497 0.420910897 -0.459422025 0.593760485 -0.279408394 0.598590711
1642650036.682984114 0.282562812 1.495965462 0.420759960 -0.455735879 0.601853779 -0.282744604 0.591719804
1642650036.691317081 0.290930019 1.495292313 0.420367853 -0.451810482 0.610249493 -0.285974615 0.584535169
1642650036.699650049 0.299115311 1.494475526 0.419789582 -0.447667111 0.618584077 -0.289341296 0.577260350
1642650036.707983971 0.307102038 1.493548830 0.419077083 -0.443366890 0.626756002 -0.292910364 0.569917743
1642650036.716316938 0.314820796 1.492497101 0.418313155 -0.438966212 0.634133404 -0.297050263 0.562978359
1642650036.724649906 0.322512115 1.491120976 0.417092088 -0.434349281 0.642340102 -0.301064445 0.555067649
1642650036.732984066 0.329880255 1.489719228 0.415859491 -0.429668713 0.649937696 -0.305244036 0.547532526
1642650036.741317034 0.336985763 1.488204517 0.414492999 -0.424924127 0.657258893 -0.309517151 0.540045708
1642650036.749650002 0.343811362 1.486561337 0.413049738 -0.420081477 0.664221222 -0.314015127 0.532668960
1642650036.757983923 0.350416557 1.484794832 0.411319515 -0.415304816 0.671251884 -0.318313973 0.524994316
1642650036.766316891 0.356752656 1.482911107 0.409401028 -0.410639312 0.678044738 -0.322761849 0.517160979
1642650036.774650097 0.362862751 1.480892560 0.407308265 -0.405710751 0.685084099 -0.326785073 0.509185702
1642650036.782984018 0.368684509 1.478765529 0.405052957 -0.400835625 0.692020064 -0.330667762 0.501096662
1642650036.791316986 0.374171392 1.476568139 0.402483657 -0.396283394 0.699047382 -0.334084570 0.492625344
1642650036.799649954 0.379363932 1.474315304 0.400077537 -0.391681436 0.705099725 -0.338048685 0.484915578
1642650036.807984114 0.384270033 1.471945489 0.397545396 -0.387140272 0.711024759 -0.341967160 0.477100266
1642650036.816317081 0.388855889 1.469535599 0.394865137 -0.382754691 0.716856530 -0.345429170 0.469355143
1642650036.824650049 0.393182649 1.467050571 0.391996415 -0.378443934 0.722739500 -0.348547507 0.461456866
1642650036.832983971 0.397155583 1.464552962 0.389039161 -0.374408474 0.728303937 -0.351305819 0.453845669
1642650036.841316938 0.400841568 1.462110257 0.386084098 -0.370597323 0.733613415 -0.353788314 0.446433434
1642650036.849649906 0.404207713 1.459791125 0.383046489 -0.367058533 0.738834797 -0.355697657 0.439170074
1642650036.857984066 0.407277201 1.457278244 0.379571348 -0.363795761 0.744325782 -0.357059446 0.431439829
1642650036.866317034 0.410079015 1.454715422 0.375945487 -0.360623667 0.749975968 -0.357798604 0.423635193
1642650036.874650002 0.412533058 1.452208492 0.372273498 -0.357775741 0.755249366 -0.358358754 0.416141704
1642650036.882983923 0.414717765 1.449628462 0.368451870 -0.354951365 0.760696935 -0.358336628 0.408588501
1642650036.891316891 0.416605936 1.447004031 0.364604143 -0.352218389 0.765965153 -0.358110448 0.401243690
1642650036.899650097 0.418168222 1.444221084 0.360527063 -0.349486650 0.771418564 -0.357458052 0.393695596
1642650036.907984018 0.419456175 1.441469414 0.356629520 -0.346832573 0.776422015 -0.356721144 0.386815261
1642650036.916316986 0.420459209 1.438690214 0.352787729 -0.344155615 0.781197299 -0.355712444 0.380468593
1642650036.924649954 0.421160799 1.435743310 0.348926680 -0.341280994 0.785975078 -0.354739055 0.374073072
1642650036.932984114 0.421574400 1.432757753 0.345109316 -0.338523381 0.790431333 -0.354004307 0.367833085
1642650036.941317081 0.421704476 1.429714481 0.341403023 -0.335652440 0.794650694 -0.353369893 0.361935674
1642650036.949650049 0.421493460 1.426542840 0.337722504 -0.332757036 0.798777571 -0.352761534 0.356070847
1642650036.957983971 0.421052315 1.423488934 0.334263250 -0.329982380 0.802387690 -0.352308541 0.350947740
1642650036.966316938 0.420274709 1.420345066 0.330891898 -0.327206288 0.805830990 -0.351963178 0.345968758
1642650036.974649906 0.419181969 1.417112551 0.327619013 -0.324342171 0.809166484 -0.351672931 0.341142062
1642650036.982984066 0.417857383 1.414005670 0.324616958 -0.321657911 0.811958278 -0.351634392 0.337065568
1642650036.991317034 0.416276553 1.410870328 0.321776768 -0.318852595 0.814587794 -0.351649266 0.333350481
1642650036.999650002 0.414459779 1.407792901 0.319158360 -0.316093418 0.816888384 -0.351849298 0.330121781
1642650037.007983923 0.412192439 1.404281013 0.316283833 -0.312797985 0.819995314 -0.351505348 0.325897372
1642650037.016316891 0.409866846 1.401212346 0.314032314 -0.309902606 0.821994352 -0.351677122 0.323432931
1642650037.024650097 0.407188034 1.398015195 0.311794547 -0.306858837 0.824198727 -0.351696956 0.320692009
1642650037.032984018 0.404388507 1.395082181 0.309934137 -0.304029335 0.825799450 -0.351942712 0.318994921
1642650037.041316986 0.401272679 1.392039948 0.308259999 -0.301031313 0.827393226 -0.352134178 0.317493494
1642650037.049649954 0.397914640 1.389067023 0.306656561 -0.298020562 0.828973029 -0.352195683 0.316141839
1642650037.057984114 0.394210412 1.386025285 0.305259665 -0.294940520 0.830434683 -0.352243290 0.315139638
1642650037.066317081 0.390332596 1.383163078 0.304045189 -0.291961817 0.831670384 -0.352389916 0.314490090
1642650037.074650049 0.386181340 1.380356420 0.302814911 -0.289006884 0.833003069 -0.352381318 0.313700996
1642650037.082983971 0.381840932 1.377693479 0.302172957 -0.286083711 0.833663777 -0.352751359 0.314209000
1642650037.091316938 0.377213426 1.375132458 0.301662568 -0.283223072 0.834242053 -0.353040449 0.314940201
1642650037.099649906 0.372291434 1.372418477 0.301107132 -0.279933724 0.835339753 -0.352737139 0.315311145
1642650037.107984066 0.367155055 1.369984264 0.300799498 -0.276966862 0.835978722 -0.352603963 0.316384859
1642650037.116317034 0.361794819 1.367696141 0.300729659 -0.274093261 0.836303453 -0.352697098 0.317921651
1642650037.124650002 0.356146844 1.365470528 0.300844141 -0.271255564 0.836496471 -0.352761261 0.319771115
1642650037.132983923 0.350253604 1.363333017 0.301121285 -0.268477753 0.836480484 -0.352967878 0.321921999
1642650037.141316891 0.344057829 1.361188115 0.301498213 -0.265570596 0.836439098 -0.353156117 0.324226235
1642650037.149650097 0.337603856 1.359148904 0.302028479 -0.262689191 0.836103562 -0.353711407 0.326823290
1642650037.157984018 0.330866552 1.357075921 0.302670676 -0.259437679 0.835679614 -0.354559993 0.329573793
1642650037.166316986 0.323924648 1.355184755 0.303371758 -0.256598011 0.835040725 -0.355178315 0.332735350
1642650037.174649954 0.316716407 1.353371734 0.304116875 -0.253776384 0.834295074 -0.355777859 0.336112172
1642650037.182984114 0.309255903 1.351611317 0.304924039 -0.251071476 0.833296561 -0.356640679 0.339687183
1642650037.191317081 0.301495532 1.349825695 0.305729083 -0.248300167 0.832290178 -0.357530720 0.343237339
1642650037.199650049 0.293557349 1.348228121 0.306506131 -0.245700864 0.831187791 -0.358263686 0.346994341
1642650037.207983971 0.285425261 1.346772707 0.307390757 -0.243273230 0.829732864 -0.359234671 0.351158028
1642650037.216316938 0.277038358 1.345364721 0.308207088 -0.240899071 0.828180762 -0.360150487 0.355493868
1642650037.224649906 0.268338165 1.343823242 0.308848876 -0.238361380 0.826833036 -0.361031040 0.359426726
1642650037.232984066 0.259463476 1.342456623 0.309473610 -0.235977911 0.825284499 -0.361827647 0.363731597
1642650037.241317034 0.250363280 1.341166432 0.310019391 -0.233672696 0.823653964 -0.362639694 0.368081066
1642650037.249650002 0.241067878 1.339952560 0.310514925 -0.231462306 0.821825820 -0.363597201 0.372591730
1642650037.257983923 0.231547420 1.338793773 0.310838835 -0.229311968 0.820049440 -0.364302339 0.377119004
1642650037.266316891 0.221876611 1.337756282 0.311133300 -0.227173702 0.818157899 -0.364963509 0.381852586
1642650037.274650097 0.212041046 1.336774351 0.311302507 -0.225117674 0.816231686 -0.365667385 0.386490920
1642650037.282984018 0.202035231 1.335900873 0.311371312 -0.223147068 0.814248839 -0.366188289 0.391293178
1642650037.291316986 0.191873282 1.335121432 0.311391098 -0.221256441 0.812093222 -0.366767792 0.396272094
1642650037.299649954 0.181573169 1.334410076 0.311303753 -0.219308947 0.809941287 -0.367223479 0.401304890
1642650037.307984114 0.171098206 1.333748819 0.311133701 -0.217251818 0.807777870 -0.367640086 0.406370923
1642650037.316317081 0.160495294 1.333153987 0.311018981 -0.215219012 0.805170558 -0.368495457 0.411815793
1642650037.324650049 0.149720347 1.332680634 0.311005002 -0.213497972 0.801832857 -0.370138267 0.417708450
1642650037.332983971 0.138813113 1.332253303 0.310513846 -0.211505023 0.799472444 -0.370444373 0.422942554
1642650037.341316938 0.127760101 1.331569408 0.309353534 -0.209171740 0.798126411 -0.370161603 0.426874459
1642650037.349649906 0.116545403 1.332007585 0.309876152 -0.207841754 0.793329690 -0.371806226 0.434959697
1642650037.357984066 0.105222099 1.332025131 0.309379319 -0.206019727 0.790211676 -0.372366659 0.440981237
1642650037.366317034 0.093775613 1.332200979 0.308850059 -0.204311961 0.786905402 -0.372981604 0.447125524
1642650037.374650002 0.082182924 1.332580319 0.308222963 -0.202863998 0.783464485 -0.373479096 0.453368465
1642650037.382983923 0.070556311 1.333002002 0.307649580 -0.201081854 0.779793240 -0.374215353 0.459838516
1642650037.391316891 0.058824046 1.333498291 0.306808313 -0.199426456 0.776325608 -0.374825183 0.465890245
1642650037.399650097 0.047103781 1.333719652 0.305109322 -0.197535155 0.774326576 -0.374460932 0.470294830
1642650037.407984018 0.035227249 1.334616537 0.304306529 -0.196200169 0.770210520 -0.375381376 0.476833379
1642650037.416316986 0.023293625 1.335656527 0.303540206 -0.194833957 0.765782964 -0.376567284 0.483542410
1642650037.424649954 0.011114683 1.337529609 0.303801907 -0.194183940 0.758875414 -0.379085408 0.492640799
1642650037.432984114 -0.000878256 1.338970086 0.302929550 -0.193207644 0.753883542 -0.380708578 0.499391019
1642650037.441317081 -0.012961465 1.340564817 0.302020020 -0.192328542 0.748642926 -0.382810593 0.505963982
1642650037.449650049 -0.024876473 1.341818519 0.300085117 -0.191318143 0.745376668 -0.383856080 0.510358208
1642650037.457983971 -0.036960180 1.343712905 0.298937720 -0.190822950 0.739976451 -0.386645331 0.516262377
1642650037.466316938 -0.049150310 1.346074684 0.298103639 -0.190592050 0.733586050 -0.389229334 0.523475599
1642650037.474649906 -0.061358501 1.348879946 0.297421095 -0.190836961 0.726336481 -0.392188897 0.531229178
1642650037.482984066 -0.073334139 1.351162173 0.295742349 -0.190878016 0.721034179 -0.394383542 0.536783865
1642650037.491317034 -0.085625372 1.354392677 0.295012841 -0.191515716 0.713109761 -0.397529997 0.544762426
1642650037.499650002 -0.097647274 1.357313211 0.293476741 -0.192127864 0.706740923 -0.400083647 0.550942126
1642650037.507983923 -0.109768316 1.360509043 0.292197638 -0.192974963 0.699290057 -0.403371864 0.557714280
1642650037.516316891 -0.121835241 1.364107382 0.290791345 -0.194453192 0.691746687 -0.405523122 0.565000420
1642650037.524650097 -0.133851908 1.367650087 0.289284619 -0.195754296 0.684262728 -0.407962422 0.571866624
1642650037.532984018 -0.145883511 1.371424421 0.287773150 -0.197305312 0.676410553 -0.410270093 0.578979991
1642650037.541316986 -0.157943621 1.375378474 0.286347488 -0.198928034 0.668079606 -0.412496538 0.586467292
1642650037.549649954 -0.169855575 1.379394426 0.284696185 -0.200953139 0.659851422 -0.414549054 0.593601734
1642650037.557984114 -0.181723185 1.383528636 0.282995221 -0.203181683 0.651360768 -0.416521074 0.600796596
1642650037.566317081 -0.193561569 1.387750691 0.281287528 -0.205496841 0.642524314 -0.418548851 0.608071060
1642650037.574650049 -0.205341836 1.392037607 0.279502128 -0.207995245 0.633488864 -0.420430681 0.615359959
1642650037.582983971 -0.217125374 1.396421739 0.277723876 -0.210664427 0.623850834 -0.422605053 0.622764486
1642650037.591316938 -0.228876413 1.400897736 0.275955535 -0.213247409 0.614113899 -0.424420898 0.630282923
1642650037.599649906 -0.240292552 1.405050702 0.273765893 -0.215744020 0.605289769 -0.425782072 0.637015259
1642650037.607984066 -0.251866550 1.409347632 0.271838573 -0.218250690 0.595170047 -0.427612273 0.644427649
1642650037.616317034 -0.263286236 1.413653682 0.269769491 -0.220937439 0.585155814 -0.429376532 0.651471500
1642650037.624650002 -0.274732133 1.417918277 0.267667001 -0.223599968 0.574253600 -0.431488701 0.658827259
1642650037.632983923 -0.285906028 1.422057927 0.265313777 -0.226399044 0.564025576 -0.433121679 0.665600656
1642650037.641316891 -0.296947438 1.426151139 0.262828961 -0.229347466 0.553744336 -0.434615589 0.672217406
1642650037.649650097 -0.307863043 1.430097769 0.260263675 -0.232218492 0.543259102 -0.436244621 0.678700781
1642650037.657984018 -0.318654471 1.433959710 0.257595244 -0.235144050 0.532638153 -0.437858189 0.685043123
1642650037.666316986 -0.329311707 1.437713934 0.254826912 -0.238059187 0.521911076 -0.439404168 0.691274641
1642650037.674649954 -0.339797002 1.441347363 0.251908028 -0.241122859 0.511186965 -0.441043386 0.697157361
1642650037.682984114 -0.350091911 1.444818556 0.248840928 -0.244203176 0.500563790 -0.442523874 0.702832356
1642650037.691317081 -0.360216907 1.448147922 0.245653209 -0.247191137 0.490085113 -0.443211454 0.708714844
1642650037.699650049 -0.370308815 1.451473954 0.242459911 -0.250545149 0.478953275 -0.444112963 0.714559000
1642650037.707983971 -0.380035411 1.454595959 0.238993340 -0.254188592 0.468496362 -0.444538194 0.719920213
1642650037.716316938 -0.389651978 1.457591661 0.235455343 -0.257948883 0.457825147 -0.444838275 0.725243006
1642650037.724649906 -0.399050022 1.460447070 0.231788820 -0.261877657 0.447234630 -0.444966379 0.730346631
1642650037.732984066 -0.408255499 1.463119669 0.228001326 -0.265855818 0.436616209 -0.445043197 0.735271054
1642650037.741317034 -0.417158971 1.465644731 0.224080555 -0.270088963 0.426390320 -0.444752068 0.739891104
1642650037.749650002 -0.425583213 1.467931925 0.219970027 -0.274583034 0.417505371 -0.443530715 0.744025488
1642650037.757983923 -0.434063895 1.470217748 0.215873305 -0.279163142 0.407208834 -0.443120335 0.748260165
1642650037.766316891 -0.442329997 1.472344548 0.211775377 -0.283744288 0.396966943 -0.442487368 0.752403718
1642650037.774650097 -0.450284288 1.474333673 0.207529172 -0.288593941 0.386881280 -0.441771497 0.756223748
1642650037.782984018 -0.457959969 1.476168606 0.203239435 -0.293516371 0.377013061 -0.440903510 0.759811415
1642650037.791316986 -0.465354077 1.477836809 0.198895342 -0.298518545 0.367330238 -0.439904478 0.763177060
1642650037.799649954 -0.472603759 1.479353625 0.194625722 -0.303395886 0.357382421 -0.438631435 0.766701510
1642650037.807984114 -0.479772952 1.480674407 0.190440303 -0.308004597 0.347318079 -0.436512355 0.770688189
1642650037.816317081 -0.486362348 1.481909407 0.186027650 -0.313115474 0.337899197 -0.435652611 0.773297895
1642650037.824650049 -0.492748901 1.482945571 0.181708977 -0.317953482 0.328507474 -0.434535757 0.775994264
1642650037.832983971 -0.498910282 1.483817331 0.177407071 -0.322748231 0.319094050 -0.433234470 0.778665821
1642650037.841316938 -0.504818543 1.484520050 0.173166293 -0.327433312 0.309698923 -0.431897400 0.781241729
1642650037.849649906 -0.510408149 1.485022154 0.168987895 -0.331998636 0.300660655 -0.430405639 0.783665147
1642650037.857984066 -0.515792301 1.485355953 0.164919927 -0.336359333 0.291522421 -0.428866794 0.786098181
1642650037.866317034 -0.520892467 1.485526246 0.160928857 -0.340626638 0.282536437 -0.427332996 0.788373748
1642650037.874650002 -0.525698138 1.485498780 0.157069673 -0.344690282 0.273706608 -0.425700666 0.790602457
1642650037.882983923 -0.530200986 1.485272069 0.153364134 -0.348539250 0.265145113 -0.423962489 0.792763690
1642650037.891316891 -0.534366535 1.484868567 0.149789143 -0.352173789 0.256840011 -0.422287360 0.794783126
1642650037.899650097 -0.538584202 1.484352478 0.146325517 -0.355316971 0.247566802 -0.420795470 0.797114610
1642650037.907984018 -0.542335806 1.483628751 0.143065401 -0.358310469 0.238985325 -0.418998395 0.799337205
1642650037.916316986 -0.545636503 1.482691201 0.139961524 -0.361004012 0.231068023 -0.417913219 0.801019484
1642650037.924649954 -0.548679307 1.481628342 0.137047225 -0.363583329 0.223134690 -0.416515703 0.802827966
1642650037.932984114 -0.551519273 1.480443434 0.134353694 -0.366178510 0.215217403 -0.414123817 0.805044242
1642650037.941317081 -0.553859082 1.479117895 0.131875160 -0.368412231 0.208105105 -0.412398354 0.806778960
1642650037.949650049 -0.555747606 1.477641722 0.129649986 -0.370649008 0.201739241 -0.410486681 0.808344776
1642650037.957983971 -0.557420324 1.476121070 0.127629482 -0.372689595 0.195380321 -0.408613869 0.809915861
1642650037.966316938 -0.559002600 1.474454472 0.125797114 -0.374411587 0.188458068 -0.406743775 0.811701313
1642650037.974649906 -0.560071681 1.472666741 0.124285539 -0.376104478 0.182528483 -0.404716077 0.813285726
1642650037.982984066 -0.560775312 1.470791466 0.123005307 -0.377797594 0.177034216 -0.402585856 0.814771436
1642650037.991317034 -0.561147663 1.468851460 0.121978161 -0.379386562 0.171812639 -0.400473072 0.816190892
1642650037.999650002 -0.561158368 1.466832893 0.121203959 -0.380979996 0.166987042 -0.398264244 0.817529916
1642650038.007983923 -0.560861508 1.464768392 0.120690867 -0.382495725 0.162426141 -0.396036728 0.818822129
1642650038.016316891 -0.560144074 1.462698606 0.120422242 -0.384153113 0.158518729 -0.393777900 0.819900704
1642650038.024650097 -0.559146090 1.460613282 0.120395319 -0.385789504 0.154763071 -0.391522406 0.820929386
1642650038.032984018 -0.557795796 1.458535441 0.120603715 -0.387499924 0.151489104 -0.389226790 0.821825630
1642650038.041316986 -0.556114515 1.456470623 0.121055702 -0.389288584 0.148650484 -0.386901253 0.822596409
1642650038.049649954 -0.554156218 1.454452703 0.121744550 -0.391201936 0.146121804 -0.384473956 0.823279564
1642650038.057984114 -0.551784588 1.452485258 0.122672621 -0.393346507 0.144352618 -0.381961671 0.823739115
1642650038.066317081 -0.549001477 1.450560359 0.123794889 -0.395767438 0.143244837 -0.379426114 0.823944704
1642650038.074650049 -0.546160407 1.448704258 0.125229946 -0.397983462 0.141945391 -0.376744077 0.824332803
1642650038.082983971 -0.543031600 1.446905201 0.126897353 -0.400324136 0.141059759 -0.373948248 0.824624422
1642650038.091316938 -0.539607129 1.445164947 0.128850532 -0.402695312 0.140637603 -0.371058639 0.824847281
1642650038.099649906 -0.535928979 1.443501320 0.131013484 -0.405185803 0.140587218 -0.368062911 0.824978420
1642650038.107984066 -0.531993138 1.441907728 0.133427228 -0.407757786 0.140911411 -0.364977648 0.825026593
1642650038.116317034 -0.527815501 1.440361213 0.136106312 -0.410320230 0.141589905 -0.361755853 0.825058974
1642650038.124650002 -0.523377060 1.438879744 0.139044339 -0.412844556 0.142672647 -0.358534353 0.825019397
1642650038.132983923 -0.518763431 1.437474817 0.142232866 -0.415314023 0.143905980 -0.355221361 0.824998858
1642650038.141316891 -0.514186686 1.436116188 0.145733326 -0.417403998 0.144766563 -0.351579029 0.825353700
1642650038.149650097 -0.508695897 1.434706721 0.149367624 -0.420080571 0.147988396 -0.347510474 0.825147392
1642650038.157984018 -0.503409669 1.433461055 0.153272237 -0.422304274 0.150127120 -0.343791986 0.825183627
1642650038.166316986 -0.498197381 1.432312876 0.157410886 -0.424187318 0.151558981 -0.340103984 0.825484267
1642650038.174649954 -0.492323301 1.431195519 0.161724941 -0.426286043 0.154678711 -0.336350777 0.825362261
1642650038.182984114 -0.486243525 1.430128813 0.166262734 -0.428101532 0.157901326 -0.332810055 0.825247670
1642650038.191317081 -0.479879905 1.429128161 0.170974643 -0.429849542 0.161529236 -0.329307797 0.825041848
1642650038.199650049 -0.472982623 1.428212304 0.175773029 -0.431840750 0.166231929 -0.325990899 0.824384890
1642650038.207983971 -0.466330391 1.427368431 0.180881604 -0.433129283 0.169933777 -0.322600542 0.824287830
1642650038.216316938 -0.459694036 1.426622728 0.186230132 -0.434039862 0.173237453 -0.319245355 0.824427430
1642650038.224649906 -0.452223425 1.425997538 0.191580594 -0.435588122 0.178609758 -0.316005577 0.823712339
1642650038.232984066 -0.444754401 1.425362241 0.197144154 -0.436652258 0.183438892 -0.312766099 0.823323962
1642650038.241317034 -0.437446396 1.424874706 0.202795589 -0.437515293 0.187337458 -0.309550576 0.823203187
1642650038.249650002 -0.429380425 1.424416800 0.208423440 -0.438847714 0.192978117 -0.306515144 0.822326333
1642650038.257983923 -0.421410955 1.424038321 0.214211699 -0.439785709 0.197928972 -0.303431698 0.821791857
1642650038.266316891 -0.412996227 1.423682336 0.220115757 -0.440724447 0.203695925 -0.300338394 0.821015701
1642650038.274650097 -0.404536835 1.423450824 0.226058575 -0.441460868 0.209117840 -0.297488125 0.820294366
1642650038.282984018 -0.395763488 1.423336346 0.231947931 -0.442437150 0.215011193 -0.294650793 0.819268250
1642650038.291316986 -0.386838062 1.423264050 0.237927684 -0.443248595 0.221014335 -0.291819895 0.818244765
1642650038.299649954 -0.377832574 1.423284799 0.243910043 -0.443972645 0.226581522 -0.289193942 0.817261261
1642650038.307984114 -0.368536221 1.423337931 0.249927993 -0.444681888 0.232723550 -0.286426027 0.816123703
1642650038.316317081 -0.359035131 1.423459552 0.255955484 -0.445502906 0.239294031 -0.283218394 0.814894391
1642650038.324650049 -0.349457679 1.423727641 0.261876536 -0.446379462 0.245025995 -0.281262012 0.813387557
1642650038.332983971 -0.339702505 1.423797801 0.267931789 -0.446626365 0.251158663 -0.278590796 0.812300058
1642650038.341316938 -0.329651683 1.423999511 0.273883942 -0.447225683 0.257486628 -0.276215285 0.810798952
1642650038.349649906 -0.319513674 1.424293567 0.279718119 -0.447934055 0.263959237 -0.273732216 0.809167027
1642650038.357984066 -0.309332399 1.424623235 0.285641747 -0.448317978 0.270163483 -0.271289076 0.807728247
1642650038.366317034 -0.298565680 1.424916952 0.291434307 -0.448886014 0.277780718 -0.268892324 0.805627791
1642650038.374650002 -0.287888365 1.425305971 0.297176279 -0.449375134 0.284755185 -0.266525605 0.803704284
1642650038.382983923 -0.277068256 1.425769081 0.302821121 -0.449983130 0.291916424 -0.264174101 0.801568480
1642650038.391316891 -0.266394752 1.426201793 0.308718720 -0.449673288 0.297909570 -0.262316705 0.800146092
1642650038.399650097 -0.255245120 1.426596735 0.314347997 -0.449664559 0.305232601 -0.260378187 0.798021330
1642650038.407984018 -0.244097092 1.427192842 0.319884499 -0.450018508 0.312139713 -0.258075570 0.795895183
1642650038.416316986 -0.232784594 1.427712869 0.325357105 -0.450088741 0.319254259 -0.256135872 0.793656890
1642650038.424649954 -0.221283492 1.428160756 0.330762355 -0.449845429 0.326504843 -0.254655065 0.791318189
1642650038.432984114 -0.209623509 1.428717716 0.336040105 -0.449797979 0.334192029 -0.252650421 0.788774512
1642650038.441317081 -0.197989875 1.429319920 0.341190237 -0.449790595 0.341193902 -0.251102920 0.786271241
1642650038.449650049 -0.186232078 1.429929849 0.346225473 -0.449780441 0.348221656 -0.249645813 0.783655665
1642650038.457983971 -0.174425177 1.430651112 0.351152189 -0.450014563 0.354995857 -0.248099294 0.780968357
1642650038.466316938 -0.162243270 1.431332799 0.355784738 -0.450341770 0.363308813 -0.246271959 0.777527568
1642650038.474649906 -0.150091815 1.432008351 0.360372468 -0.450343487 0.371229530 -0.244653252 0.774289459
1642650038.482984066 -0.137901549 1.432678615 0.364921474 -0.450219511 0.378793395 -0.243391037 0.771089333
1642650038.491317034 -0.125728183 1.433326353 0.369427638 -0.449933664 0.385954548 -0.242301365 0.768042208
1642650038.499650002 -0.113379535 1.434048080 0.373654699 -0.449980160 0.394110267 -0.240681886 0.764373719
1642650038.507983923 -0.101128295 1.434699153 0.377955382 -0.449627507 0.401429215 -0.239560925 0.761117766
1642650038.516316891 -0.088786641 1.435407078 0.381997840 -0.449584642 0.409465937 -0.237949670 0.757358073
1642650038.524650097 -0.076448601 1.436185052 0.385847618 -0.449709185 0.417683501 -0.236158052 0.753346877
1642650038.532984018 -0.064220710 1.436894774 0.389792246 -0.449412895 0.425177087 -0.234730617 0.749769320
1642650038.541316986 -0.051940107 1.437712463 0.393390677 -0.449508738 0.433396710 -0.232852177 0.745579673
1642650038.549649954 -0.039773116 1.438555747 0.396942870 -0.449466223 0.441360432 -0.231074008 0.741475479
1642650038.557984114 -0.027644278 1.439407565 0.400311397 -0.449411829 0.449517013 -0.229209992 0.737174499
1642650038.566317081 -0.015631098 1.440260588 0.403608697 -0.449178372 0.457400411 -0.227519619 0.732979179
1642650038.574650049 -0.003882467 1.441143824 0.406973231 -0.448649767 0.464604127 -0.225839745 0.729282388
1642650038.582983971 0.007931363 1.442111578 0.409959682 -0.448490039 0.472598624 -0.223938578 0.724816348
1642650038.591316938 0.019529955 1.443129107 0.412882791 -0.448270818 0.480231143 -0.222103104 0.720487011
1642650038.599649906 0.031060827 1.444199051 0.415600276 -0.448119784 0.488048857 -0.220224380 0.715889792
1642650038.607984066 0.042383314 1.445346712 0.418208817 -0.448032830 0.495526844 -0.218384069 0.711356541
1642650038.616317034 0.053311332 1.446594441 0.420778036 -0.448079173 0.501888670 -0.217180150 0.707223869
1642650038.624650002 0.064286443 1.447985909 0.423017815 -0.448461688 0.509286693 -0.215857170 0.702078957
1642650038.632983923 0.074983903 1.449402255 0.425157529 -0.448801062 0.516445572 -0.214096835 0.697154304
1642650038.641316891 0.085458825 1.450822704 0.427152235 -0.448971661 0.523639150 -0.212154163 0.692255083
1642650038.649650097 0.095646442 1.452092283 0.429176948 -0.448206034 0.530820094 -0.208998185 0.688230439
1642650038.657984018 0.105576406 1.453742976 0.430888935 -0.448498579 0.537455613 -0.207255307 0.683400122
1642650038.666316986 0.115259822 1.455630108 0.432389774 -0.449198814 0.543733932 -0.206383401 0.678218054
1642650038.674649954 0.124604788 1.457527926 0.433663909 -0.449841018 0.550130150 -0.204622850 0.673148843
1642650038.682984114 0.133589320 1.459603418 0.434899679 -0.450716209 0.555615161 -0.203293799 0.668444705
1642650038.691317081 0.142378027 1.461582773 0.435896927 -0.451169444 0.561421161 -0.202066932 0.663642500
1642650038.699650049 0.150895589 1.463666934 0.436633720 -0.451724172 0.567222993 -0.201159392 0.658588072
1642650038.707983971 0.158943361 1.465943058 0.437375558 -0.452337068 0.572310659 -0.200415504 0.653976538
1642650038.716316938 0.166588310 1.468348189 0.438096775 -0.452860176 0.576635209 -0.200207185 0.649866586
1642650038.724649906 0.173756668 1.470958709 0.438749024 -0.453556374 0.580334453 -0.200079895 0.646116533
1642650038.732984066 0.180727274 1.473566456 0.439021487 -0.454427921 0.584283677 -0.200247808 0.641879012
1642650038.741317034 0.187576541 1.476162603 0.438790548 -0.455552767 0.588730841 -0.200563664 0.636900220
1642650038.749650002 0.193826120 1.479022244 0.438752464 -0.456610362 0.592032502 -0.201098280 0.632901236
1642650038.757983923 0.199714135 1.482007216 0.438504197 -0.457827159 0.595113248 -0.201679337 0.628935576
1642650038.766316891 0.205256570 1.485113595 0.438078136 -0.459217244 0.597905999 -0.202364016 0.625041394
1642650038.774650097 0.210451947 1.488320687 0.437461968 -0.460683619 0.600546671 -0.203121386 0.621173085
1642650038.782984018 0.215291648 1.491640554 0.436660242 -0.462288420 0.602961513 -0.203896548 0.617375922
1642650038.791316986 0.219730457 1.495111774 0.435711690 -0.464138718 0.604945178 -0.204746275 0.613755281
1642650038.799649954 0.223728543 1.498738859 0.434694189 -0.466133122 0.606407855 -0.205625512 0.610497810
1642650038.807984114 0.227599563 1.502304393 0.433124088 -0.468445688 0.608506399 -0.206542183 0.606315864
1642650038.816317081 0.230981758 1.506037744 0.431537800 -0.470891640 0.609964203 -0.207316272 0.602681257
1642650038.824650049 0.234035488 1.509840181 0.429772061 -0.473463875 0.611261072 -0.208121959 0.599063528
1642650038.832983971 0.236734758 1.513700096 0.427867024 -0.476185627 0.612247196 -0.208963464 0.595596248
1642650038.841316938 0.239099425 1.517606010 0.425804088 -0.478958777 0.613134984 -0.209703967 0.592189351
1642650038.849649906 0.241134673 1.521566118 0.423629599 -0.481770347 0.613855814 -0.210343811 0.588926017
1642650038.857984066 0.242775037 1.525670662 0.421416258 -0.484662277 0.614262117 -0.211051763 0.585868314
1642650038.866317034 0.244015377 1.529815965 0.419031991 -0.487729464 0.614271125 -0.211481657 0.583152178
1642650038.874650002 0.245229999 1.533701798 0.416259971 -0.490661240 0.614853679 -0.212083367 0.579850969
1642650038.882983923 0.246078246 1.537630625 0.413467858 -0.493605217 0.615090612 -0.212885309 0.576799163
1642650038.891316891 0.246632481 1.541545213 0.410555038 -0.496525800 0.615134244 -0.213683645 0.573943631
1642650038.899650097 0.246941218 1.545348254 0.407497194 -0.499362205 0.615128156 -0.214655096 0.571119891
1642650038.907984018 0.246972528 1.549137316 0.404316726 -0.502161649 0.615049443 -0.215686530 0.568354803
1642650038.916316986 0.246733376 1.552867477 0.401135528 -0.504799915 0.614707660 -0.216929557 0.565909097
1642650038.924649954 0.246243514 1.556525114 0.397866192 -0.507391232 0.614213311 -0.218304505 0.563594969
1642650038.932984114 0.245498027 1.560133631 0.394563266 -0.509889828 0.613627770 -0.219785022 0.561398136
1642650038.941317081 0.244549761 1.563562250 0.391195061 -0.512241463 0.612853069 -0.221480570 0.559433782
1642650038.949650049 0.243357621 1.566919718 0.387903289 -0.514290865 0.611847092 -0.223479467 0.557857482
1642650038.957983971 0.241964962 1.570204618 0.384555031 -0.516310208 0.610805608 -0.225490389 0.556322175
1642650038.966316938 0.240291185 1.573307995 0.381180612 -0.518149182 0.609530442 -0.227255790 0.555291699
1642650038.974649906 0.238492755 1.576365493 0.377763383 -0.520018699 0.608185404 -0.230347856 0.553742659
1642650038.982984066 0.236455812 1.579343010 0.374539037 -0.521383963 0.606776661 -0.232929258 0.552923872
1642650038.991317034 0.234339109 1.582019472 0.371170109 -0.522590036 0.605462395 -0.235733667 0.552036756
1642650038.999650002 0.231929354 1.584783951 0.368026267 -0.523805376 0.603647149 -0.239149118 0.551403434
1642650039.007983923 0.229469239 1.587223233 0.364729637 -0.524595320 0.602225747 -0.241969954 0.550975899
1642650039.016316891 0.226773971 1.589631287 0.361635037 -0.525138918 0.600548776 -0.244978484 0.550959006
1642650039.024650097 0.223860218 1.591984036 0.358609786 -0.525580904 0.598691387 -0.248184601 0.551124070
1642650039.032984018 0.220783830 1.594225523 0.355640867 -0.525925279 0.596753729 -0.251503934 0.551392200
1642650039.041316986 0.217536887 1.596396669 0.352679322 -0.526217996 0.594796501 -0.254866092 0.551683803
1642650039.049649954 0.214102334 1.598398770 0.349704028 -0.526518238 0.592675888 -0.258232242 0.552114070
1642650039.057984114 0.210467021 1.600381812 0.346798371 -0.526735729 0.590539299 -0.261467405 0.552673144
1642650039.066317081 0.206655295 1.602287070 0.343893790 -0.526982655 0.588402555 -0.264650553 0.553201409
1642650039.074650049 0.202650481 1.604132984 0.341000640 -0.527290212 0.586150785 -0.267746856 0.553808551
1642650039.082983971 0.198455554 1.605920295 0.338175477 -0.527491234 0.583904127 -0.270669282 0.554569301
1642650039.091316938 0.194016064 1.607783953 0.335466317 -0.527789903 0.581420709 -0.273554784 0.555477774
1642650039.099649906 0.189505604 1.609430432 0.332587278 -0.528207869 0.579089825 -0.276321709 0.556145426
1642650039.107984066 0.184786527 1.611069027 0.329832219 -0.528624005 0.576525364 -0.279037782 0.557057521
1642650039.116317034 0.179898750 1.612714830 0.327337379 -0.528804709 0.573734534 -0.281884853 0.558332512
1642650039.124650002 0.174885544 1.614250318 0.324568286 -0.529374127 0.571266017 -0.284363296 0.559066800
1642650039.132983923 0.169721593 1.615768434 0.321851284 -0.529926532 0.568854651 -0.286694743 0.559811023
1642650039.141316891 0.164421593 1.617234579 0.319182208 -0.530486852 0.566431055 -0.288978519 0.560563088
1642650039.149650097 0.158971288 1.618652529 0.316604774 -0.530989183 0.563956046 -0.291151220 0.561457953
1642650039.157984018 0.153420424 1.619978989 0.314105941 -0.531354078 0.561579814 -0.293336379 0.562356404
1642650039.166316986 0.147744529 1.621253934 0.311683924 -0.531648611 0.559190399 -0.295467395 0.563342588
1642650039.174649954 0.141980892 1.622438983 0.309331090 -0.531783304 0.556917509 -0.297603282 0.564341821
1642650039.182984114 0.136076359 1.623562124 0.307103418 -0.531768642 0.554666835 -0.299697178 0.565463010
1642650039.191317081 0.130000864 1.624648054 0.305036438 -0.531595822 0.552234041 -0.301776967 0.566898675
1642650039.199650049 0.123831569 1.625621759 0.303022506 -0.531274137 0.549921925 -0.303947477 0.568286546
1642650039.207983971 0.117523465 1.626505201 0.301154214 -0.530670449 0.547678266 -0.306038710 0.569892708
1642650039.216316938 0.111050999 1.627321033 0.299400819 -0.529973078 0.545284408 -0.308277449 0.571627909
1642650039.224649906 0.104404497 1.628099639 0.297767943 -0.529129587 0.542738508 -0.310518540 0.573615750
1642650039.232984066 0.097604532 1.628830917 0.296314577 -0.528086476 0.540063923 -0.312943520 0.575779459
1642650039.241317034 0.090684075 1.629443534 0.294880169 -0.526903305 0.537520859 -0.315336522 0.577933484
1642650039.249650002 0.083765712 1.629910103 0.293384454 -0.525534927 0.535952047 -0.317284824 0.579567756
1642650039.257983923 0.076445066 1.630457801 0.292347139 -0.523996923 0.532487338 -0.320161094 0.582564446
1642650039.266316891 0.069061871 1.630841940 0.291235427 -0.522374078 0.529440138 -0.323077616 0.585183149
1642650039.274650097 0.061731500 1.630932398 0.289753894 -0.520751146 0.527510551 -0.326023177 0.586736526
1642650039.282984018 0.053837755 1.631354486 0.288910132 -0.519040773 0.523693135 -0.328843780 0.590088083
1642650039.291316986 0.046502214 1.631144671 0.287202806 -0.517583924 0.522352539 -0.331753117 0.590926879
1642650039.299649954 0.038030643 1.631611279 0.286829656 -0.515565987 0.517265590 -0.334788331 0.595436643
1642650039.307984114 0.030264565 1.631411381 0.285261432 -0.514211713 0.515421778 -0.337643590 0.596593254
1642650039.316317081 0.021918642 1.631445115 0.284230179 -0.512690900 0.512050456 -0.340345371 0.599264049
1642650039.324650049 0.013374635 1.631458180 0.283484794 -0.510875077 0.507942133 -0.343346362 0.602590010
1642650039.332983971 0.004347664 1.631636205 0.283170756 -0.508867266 0.502345103 -0.346559320 0.607124486
1642650039.341316938 -0.004569044 1.631583210 0.282511528 -0.507144584 0.497317715 -0.349893199 0.610781639
1642650039.349649906 -0.013605284 1.631521830 0.281725310 -0.505668584 0.493477019 -0.352014045 0.613893987
1642650039.357984066 -0.022325473 1.631056967 0.280561295 -0.504328245 0.490484645 -0.354693410 0.615849348
1642650039.366317034 -0.031614875 1.630848075 0.279903967 -0.502863915 0.485818696 -0.357287453 0.619236428
1642650039.374650002 -0.040763188 1.630390809 0.279031269 -0.501542225 0.481980378 -0.359767952 0.621866008
1642650039.382983923 -0.050045135 1.629875016 0.278237535 -0.500206231 0.478053084 -0.362135628 0.624593278
1642650039.391316891 -0.059464724 1.629324016 0.277561666 -0.498859856 0.474138826 -0.364314206 0.627380568
1642650039.399650097 -0.068948332 1.628669584 0.276923212 -0.497488728 0.470229607 -0.366352118 0.630218382
1642650039.407984018 -0.078657518 1.628011824 0.276559852 -0.495896684 0.465975684 -0.368134835 0.633584946
1642650039.416316986 -0.088284604 1.627185450 0.276072102 -0.494465136 0.462213485 -0.369814008 0.636475076
1642650039.424649954 -0.098001260 1.626298644 0.275678061 -0.493003780 0.458323233 -0.371394416 0.639494546
1642650039.432984114 -0.107763743 1.625337208 0.275338164 -0.491593698 0.454516207 -0.372772446 0.642488410
1642650039.441317081 -0.117572071 1.624307999 0.275052921 -0.490213118 0.450725942 -0.374044181 0.645467408
1642650039.449650049 -0.127440072 1.623223738 0.274704009 -0.489112720 0.447043129 -0.375081110 0.648255620
1642650039.457983971 -0.137293206 1.622043365 0.274457381 -0.487944258 0.443575741 -0.375888063 0.651044643
1642650039.466316938 -0.147181847 1.620791473 0.274310813 -0.486810088 0.440043866 -0.376692675 0.653819519
1642650039.474649906 -0.157069303 1.619432910 0.274251556 -0.485637266 0.436746756 -0.377187266 0.656611364
1642650039.482984066 -0.166981177 1.617948573 0.274314581 -0.484378453 0.433486133 -0.377532266 0.659497290
1642650039.491317034 -0.176888852 1.616337068 0.274489342 -0.482975641 0.430295297 -0.377878609 0.662410933
1642650039.499650002 -0.186868545 1.614630258 0.274830117 -0.481437644 0.426922154 -0.378176901 0.665535500
1642650039.507983923 -0.196987116 1.612835848 0.275386051 -0.479651316 0.423070853 -0.378520810 0.669079715
1642650039.516316891 -0.206921253 1.610807938 0.275937649 -0.477752677 0.419799782 -0.378837772 0.672311286
1642650039.524650097 -0.216893195 1.608652922 0.276610585 -0.475724200 0.416331813 -0.379155908 0.675718214
1642650039.532984018 -0.226899432 1.606384584 0.277419342 -0.473593141 0.412703847 -0.379448797 0.679267019
1642650039.541316986 -0.236905652 1.603992964 0.278345365 -0.471385527 0.408981382 -0.379581457 0.682969861
1642650039.549649954 -0.246908231 1.601381409 0.279457157 -0.468848039 0.405374424 -0.379106650 0.687118069
1642650039.557984114 -0.256764288 1.598759577 0.280500440 -0.466797860 0.401800077 -0.378980543 0.690673732
1642650039.566317081 -0.266506143 1.595946466 0.281634411 -0.464638224 0.398392014 -0.378824035 0.694181154
1642650039.574650049 -0.276225096 1.593051190 0.282890000 -0.462499723 0.394889230 -0.378435170 0.697813244
1642650039.582983971 -0.285788894 1.590005498 0.284182531 -0.460399553 0.391672790 -0.377831847 0.701332854
1642650039.591316938 -0.295229064 1.586823162 0.285565993 -0.458206250 0.388508335 -0.377135318 0.704895211
1642650039.599649906 -0.304387413 1.583447340 0.287005812 -0.455807395 0.386038491 -0.376280374 0.708256297
1642650039.607984066 -0.313468826 1.579982838 0.288413833 -0.453640193 0.383350811 -0.375371965 0.711581773
1642650039.616317034 -0.322429670 1.576442555 0.289846354 -0.451512540 0.380449036 -0.374492241 0.714947913
1642650039.624650002 -0.331183007 1.572810394 0.291238622 -0.449532444 0.377672524 -0.373648852 0.718102070
1642650039.632983923 -0.339710579 1.569107081 0.292584119 -0.447749077 0.375040417 -0.372803705 0.721029019
1642650039.641316891 -0.348028754 1.565264974 0.293983089 -0.445822025 0.372599701 -0.371975991 0.723910248
1642650039.649650097 -0.356195681 1.561711924 0.295255432 -0.444963673 0.369688291 -0.370801642 0.726528761
1642650039.657984018 -0.363999006 1.558005777 0.296498602 -0.444106507 0.367505034 -0.369642445 0.728748189
1642650039.666316986 -0.371581223 1.554327135 0.297755837 -0.443586655 0.365392079 -0.368268963 0.730819731
1642650039.674649954 -0.378846088 1.550638581 0.299015111 -0.443190296 0.363599538 -0.366825807 0.732677668
1642650039.682984114 -0.385713356 1.546924108 0.300257339 -0.443020204 0.362266262 -0.365365973 0.734168891
1642650039.691317081 -0.392341613 1.543272106 0.301561291 -0.442858121 0.360875255 -0.363920092 0.735668337
1642650039.699650049 -0.398552903 1.539590048 0.302872619 -0.442716083 0.360035030 -0.362548884 0.736841607
1642650039.707983971 -0.404515581 1.535942274 0.304277305 -0.442405478 0.359152781 -0.361342962 0.738050091
1642650039.716316938 -0.410151558 1.532269654 0.305803047 -0.441866703 0.358663544 -0.360081325 0.739226433
1642650039.724649906 -0.415545471 1.528643942 0.307421256 -0.441195917 0.358274649 -0.358880247 0.740398816
1642650039.732984066 -0.420691650 1.525037248 0.309197166 -0.440264884 0.358080085 -0.357647373 0.741642664
1642650039.741317034 -0.425565259 1.521376826 0.311135696 -0.438753596 0.358231926 -0.356652991 0.742942672
1642650039.749650002 -0.430215688 1.517955636 0.313124806 -0.437454993 0.358287684 -0.355562610 0.744203127
1642650039.757983923 -0.434663585 1.514686899 0.315195782 -0.436046814 0.358333748 -0.354449893 0.745536971
1642650039.766316891 -0.438811042 1.511602611 0.317290858 -0.434731122 0.358486680 -0.353500451 0.746681715
1642650039.774650097 -0.442763379 1.508741838 0.319499934 -0.433199676 0.358549499 -0.352560672 0.747984806
1642650039.782984018 -0.446383665 1.506033635 0.321761452 -0.431481797 0.358780228 -0.351932440 0.749162042
1642650039.791316986 -0.449796056 1.503648808 0.324073616 -0.429822787 0.358780637 -0.351361897 0.750382332
1642650039.799649954 -0.452821757 1.501479793 0.326381832 -0.428163740 0.359118843 -0.351015177 0.751330695
1642650039.807984114 -0.455586699 1.499571355 0.328723604 -0.426470206 0.359431679 -0.350697188 0.752292173
1642650039.816317081 -0.458024497 1.497987215 0.331081744 -0.425047176 0.359949451 -0.350263007 0.753051869
1642650039.824650049 -0.460153185 1.496699386 0.333452330 -0.423740350 0.360607188 -0.349784500 0.753695810
1642650039.832983971 -0.461920375 1.495805204 0.335719671 -0.422963171 0.361417043 -0.349049997 0.754084860
1642650039.841316938 -0.463237102 1.495072658 0.337945056 -0.422092990 0.362742982 -0.348475461 0.754201491
1642650039.849649906 -0.464275690 1.494673073 0.340166253 -0.421403093 0.363701555 -0.348203606 0.754251192
1642650039.857984066 -0.464868439 1.494610132 0.342185084 -0.421208943 0.365247985 -0.347714387 0.753837940
1642650039.866317034 -0.465085624 1.494856918 0.344107201 -0.421294401 0.366922982 -0.347225747 0.753201721
1642650039.874650002 -0.464768390 1.495338962 0.345839361 -0.421759148 0.369278936 -0.346612995 0.752071619
1642650039.882983923 -0.464138972 1.496094902 0.347571604 -0.422161380 0.371360146 -0.346218580 0.751002068
1642650039.891316891 -0.463019344 1.496986199 0.349160399 -0.422588974 0.374088340 -0.345954631 0.749527762
1642650039.899650097 -0.461581421 1.498275456 0.350581188 -0.423646869 0.376556476 -0.345453500 0.747924080
1642650039.907984018 -0.459619634 1.499722002 0.351847999 -0.424962723 0.379518107 -0.345023194 0.745876455
1642650039.916316986 -0.457368594 1.501426681 0.352992365 -0.426436474 0.382192898 -0.344703567 0.743814475
1642650039.924649954 -0.454850734 1.503344821 0.354080656 -0.427913009 0.384328106 -0.344841341 0.741799712
1642650039.932984114 -0.451863971 1.505400056 0.355014544 -0.429539338 0.386965260 -0.344921261 0.739447881
1642650039.941317081 -0.448468090 1.507609842 0.355787902 -0.431297055 0.389742010 -0.345177831 0.736842101
1642650039.949650049 -0.444902574 1.509983714 0.356605407 -0.432873291 0.391947687 -0.345677397 0.734509947
1642650039.957983971 -0.440930492 1.512509967 0.357237656 -0.434716082 0.394572912 -0.345994199 0.731862118
1642650039.966316938 -0.436698139 1.515290265 0.357751086 -0.436810939 0.396962728 -0.346311243 0.729167552
1642650039.974649906 -0.432135652 1.518023241 0.358237824 -0.438518566 0.399594928 -0.346796651 0.726469162
1642650039.982984066 -0.427309305 1.520861151 0.358658709 -0.440188931 0.402085350 -0.347419402 0.723782312
1642650039.991317034 -0.422145688 1.523767602 0.358916002 -0.442011226 0.404970585 -0.347898038 0.720827203
1642650039.999650002 -0.416685180 1.526766912 0.358963455 -0.444157135 0.408124921 -0.348220588 0.717565962
1642650040.007983923 -0.411011347 1.529814976 0.359095494 -0.446001782 0.410850032 -0.348900484 0.714529995
1642650040.016316891 -0.405089715 1.532887053 0.359118519 -0.447919330 0.413619225 -0.349591777 0.711388080
1642650040.024650097 -0.398959323 1.536007328 0.359089777 -0.449832890 0.416277291 -0.350355522 0.708247553
1642650040.032984018 -0.392608563 1.539164911 0.358975795 -0.451810898 0.418886872 -0.351200132 0.705024233
1642650040.041316986 -0.386100124 1.542342024 0.358827432 -0.453812685 0.421300598 -0.352075035 0.701856839
1642650040.049649954 -0.379346186 1.545494571 0.358605719 -0.455812196 0.423995486 -0.352844845 0.698543903
1642650040.057984114 -0.372436176 1.548674024 0.358332378 -0.457882527 0.426492579 -0.353716870 0.695220862
1642650040.066317081 -0.365341019 1.551831132 0.358004350 -0.459965272 0.429073150 -0.354514689 0.691843563
1642650040.074650049 -0.358080762 1.554988378 0.357614524 -0.462133419 0.431612296 -0.355212713 0.688452945
1642650040.082983971 -0.350652660 1.558113075 0.357194333 -0.464280621 0.434303888 -0.355380229 0.685221519
1642650040.091316938 -0.343079422 1.561276949 0.356692950 -0.466634518 0.436799625 -0.356075574 0.681665974
1642650040.099649906 -0.335267178 1.564378366 0.356086860 -0.469068035 0.439614430 -0.356630679 0.677885603
1642650040.107984066 -0.327293448 1.567449396 0.355405921 -0.471621518 0.442546929 -0.357030667 0.673984022
1642650040.116317034 -0.319144011 1.570459381 0.354651487 -0.474228061 0.445638145 -0.357297140 0.669965032
1642650040.124650002 -0.310872320 1.573439063 0.353831266 -0.476909173 0.448693551 -0.357542386 0.665879253
1642650040.132983923 -0.302420986 1.576371930 0.352889577 -0.479700202 0.452035802 -0.357875268 0.661420170
1642650040.141316891 -0.293903238 1.579203586 0.351951634 -0.482371540 0.455378336 -0.357708044 0.657261914
1642650040.149650097 -0.285264321 1.581949249 0.350940425 -0.485056909 0.458892056 -0.357343512 0.653026409
1642650040.157984018 -0.276550689 1.584597983 0.349892513 -0.487640135 0.462487972 -0.356756672 0.648873371
1642650040.166316986 -0.267793538 1.587077062 0.348892152 -0.489817643 0.466359894 -0.355233381 0.645287820
1642650040.174649954 -0.258913847 1.589582278 0.347673346 -0.492484518 0.470130695 -0.354222711 0.641063491
1642650040.182984114 -0.249859996 1.591974337 0.346108866 -0.495524676 0.474519791 -0.352829187 0.636237242
1642650040.191317081 -0.240971349 1.594380394 0.344854272 -0.498167468 0.477992568 -0.351482988 0.632306878
1642650040.199650049 -0.232063660 1.596715828 0.343539012 -0.500785100 0.481458320 -0.349982749 0.628429985
1642650040.207983971 -0.223140885 1.599007463 0.342147110 -0.503556287 0.484729667 -0.348386819 0.624575728
1642650040.216316938 -0.214342494 1.601374804 0.340843846 -0.506280758 0.487643059 -0.346602303 0.621088468
1642650040.224649906 -0.205382286 1.603512437 0.339249906 -0.509130746 0.490913522 -0.344751490 0.617200298
1642650040.232984066 -0.196432354 1.605648857 0.337606970 -0.512075238 0.494103869 -0.342801629 0.613292231
1642650040.241317034 -0.187505853 1.607713204 0.335953483 -0.514895930 0.497155782 -0.340794628 0.609571432
1642650040.249650002 -0.178539991 1.609702252 0.334203016 -0.517758832 0.500199577 -0.338712999 0.605804984
1642650040.257983923 -0.169306324 1.611427935 0.332049060 -0.520840464 0.504102021 -0.336482126 0.601154009
1642650040.266316891 -0.160810851 1.613645677 0.330584495 -0.523963805 0.504800811 -0.334502822 0.598954034
1642650040.274650097 -0.151785816 1.615427314 0.328485060 -0.526886697 0.508645280 -0.331376329 0.594861427
1642650040.282984018 -0.143130037 1.617370935 0.326761640 -0.529736945 0.509999038 -0.329213713 0.592366510
1642650040.291316986 -0.133868477 1.618844408 0.324254873 -0.532684567 0.514560627 -0.325969050 0.587553139
1642650040.299649954 -0.124564454 1.620120175 0.321692882 -0.535654318 0.517955931 -0.323838132 0.583030848
1642650040.307984114 -0.115515453 1.621614114 0.319414941 -0.538307549 0.521319138 -0.320737001 0.579291909
1642650040.316317081 -0.106855891 1.623325682 0.317458511 -0.540963936 0.522991340 -0.317752809 0.576949937
1642650040.324650049 -0.097711200 1.624624390 0.314918637 -0.543600914 0.526786635 -0.314352609 0.572866760
1642650040.332983971 -0.088901257 1.626041866 0.312732366 -0.546305895 0.528165381 -0.311932368 0.570341474
1642650040.341316938 -0.079731797 1.627206372 0.310075741 -0.548849202 0.531937534 -0.308347521 0.566329250
1642650040.349649906 -0.070542322 1.628279186 0.307047370 -0.551672494 0.536280983 -0.304405736 0.561602453
1642650040.357984066 -0.061523914 1.629356922 0.304401882 -0.554190280 0.539063295 -0.301171103 0.558193393
1642650040.366317034 -0.052515537 1.630306064 0.301636813 0.556879781 -0.541238918 0.298360530 -0.554911108
1642650040.374650002 -0.043392317 1.631158077 0.298695292 0.559316298 -0.544927287 0.294517928 -0.550889028
1642650040.382983923 -0.034334954 1.631866242 0.295698417 0.561755194 -0.548298123 0.290725569 -0.547063902
1642650040.391316891 -0.025243999 1.632495299 0.292609521 0.564082742 -0.552143145 0.286664524 -0.542929147
1642650040.399650097 -0.016181389 1.633011911 0.289317805 0.566407849 -0.556683016 0.282038956 -0.538275205
1642650040.407984018 -0.007510009 1.633694111 0.286437443 0.568904117 -0.558529384 0.278599746 -0.535513973
1642650040.416316986 0.001582337 1.633906396 0.283115938 0.570750537 -0.563468451 0.273992114 -0.530731053
1642650040.424649954 0.010087460 1.634454477 0.280041433 0.573206156 -0.566155221 0.269691735 -0.527417611
1642650040.432984114 0.018854709 1.634590689 0.276697672 0.575643588 -0.569154757 0.266343098 -0.523219530
1642650040.441317081 0.027100096 1.635036482 0.273785406 0.577553896 -0.572136109 0.261529500 -0.520282702
1642650040.449650049 0.035436976 1.635162689 0.270813692 0.579290975 -0.574888340 0.257631244 -0.517253812
1642650040.457983971 0.043642695 1.635196500 0.267986092 0.580857006 -0.577060524 0.254150123 -0.514795110
1642650040.466316938 0.051853202 1.635024580 0.264848071 0.582266738 -0.580602331 0.250122693 -0.511180025
1642650040.474649906 0.059858144 1.634797709 0.261944900 0.583564022 -0.583154120 0.246769998 -0.508418010
1642650040.482984066 0.067703410 1.634469964 0.259115685 -0.584715166 0.585476319 -0.243727049 0.505888110
1642650040.491317034 0.075316573 1.634094702 0.256556452 -0.585673576 0.586942291 -0.241120136 0.504327562
1642650040.499650002 0.082814655 1.633574472 0.253815914 -0.586277687 0.589690783 -0.237300916 0.502226571
1642650040.507983923 0.090046878 1.633038394 0.251388486 -0.587085801 0.590714087 -0.234913544 0.501201313
1642650040.516316891 0.097117722 1.632381686 0.248859257 -0.587818557 0.592345785 -0.232105105 0.499722959
1642650040.524650097 0.104044900 1.631592803 0.246301922 -0.588510019 0.593987788 -0.229388618 0.498212131
1642650040.532984018 0.110921669 1.630561098 0.243546544 -0.589158301 0.596137956 -0.226796386 0.496059908
1642650040.541316986 0.117533118 1.629574521 0.240901130 -0.589765466 0.598341524 -0.223787650 0.494047774
1642650040.549649954 0.123949107 1.628537854 0.238471772 -0.590287592 0.599828208 -0.221314267 0.492733878
1642650040.557984114 0.130186345 1.627438531 0.236074039 -0.590798628 0.601279357 -0.218844415 0.491454208
1642650040.566317081 0.136200608 1.626311600 0.233875706 -0.591254158 0.602141885 -0.216642113 0.490825698
1642650040.574650049 0.142059983 1.625058197 0.231503540 -0.591418021 0.604375478 -0.212920688 0.489509742
1642650040.582983971 0.147579673 1.623970678 0.229451727 -0.592194238 0.604663075 -0.211641226 0.488770438
1642650040.591316938 0.153116423 1.622502986 0.226789197 -0.592728272 0.607266503 -0.208528935 0.486226566
1642650040.599649906 0.158234054 1.621253812 0.224926950 -0.593031265 0.607994845 -0.205250844 0.486341730
1642650040.607984066 0.163163739 1.619949546 0.222820977 -0.593620546 0.609325834 -0.202375027 0.485160823
1642650040.616317034 0.167681160 1.618842589 0.220831298 -0.594449662 0.610389537 -0.199039221 0.484187567
1642650040.624650002 0.172277778 1.617446071 0.218510383 -0.595227455 0.612424282 -0.196454641 0.481711896
1642650040.632983923 0.176532343 1.616153909 0.216833468 -0.595743823 0.613105796 -0.193073325 0.481573745
1642650040.641316891 0.180634376 1.614827240 0.214885640 -0.596484739 0.614476475 -0.190058024 0.480106827
1642650040.649650097 0.184546676 1.613468269 0.212874682 -0.597212153 0.616330899 -0.186834260 0.478086631
1642650040.657984018 0.188210522 1.612169624 0.211260284 -0.598019363 0.616883482 -0.184519111 0.477263354
1642650040.666316986 0.191664846 1.610857542 0.209607068 -0.598820283 0.617917738 -0.181902471 0.475923764
1642650040.674649954 0.195036706 1.609423794 0.207802981 -0.599636591 0.619466079 -0.179379333 0.473836249
1642650040.682984114 0.197988037 1.608305898 0.206467636 -0.600409159 0.620478249 -0.176454843 0.472630165
1642650040.691317081 0.200951630 1.606971794 0.205125968 -0.601261971 0.621103603 -0.174658521 0.471390240
1642650040.699650049 0.203571592 1.605922470 0.204225921 -0.601972660 0.621449911 -0.172461750 0.470835290
1642650040.707983971 0.206231264 1.604611526 0.202869369 -0.602669546 0.623170445 -0.170267541 0.468462357
1642650040.716316938 0.208569020 1.603575566 0.202232080 -0.603312055 0.623491471 -0.168422180 0.467874897
1642650040.724649906 0.211114759 1.602077692 0.200967807 -0.604047603 0.625020370 -0.167288782 0.465285389
1642650040.732984066 0.213100367 1.601253828 0.201006590 -0.604316090 0.625030619 -0.165591995 0.465529892
1642650040.741317034 0.215382151 1.599815948 0.200160397 -0.604862999 0.626332655 -0.165045145 0.463258306
1642650040.749650002 0.217281824 1.598785774 0.200222401 -0.605027355 0.626675296 -0.164312514 0.462840547
1642650040.757983923 0.218916649 1.598040338 0.201152003 -0.604839921 0.625847276 -0.163770493 0.464395394
1642650040.766316891 0.220697403 1.596880842 0.201428753 -0.604690855 0.626666934 -0.163359119 0.463628431
1642650040.774650097 0.222341354 1.595784089 0.201871822 -0.604382445 0.627818832 -0.162924448 0.462624036
1642650040.782984018 0.223916238 1.594659335 0.202721240 -0.603928587 0.628257263 -0.163247751 0.462507563
1642650040.791316986 0.225440029 1.593510337 0.203902847 -0.603258961 0.628438348 -0.163965675 0.462881330
1642650040.799649954 0.226873681 1.592320727 0.205060511 -0.602362605 0.629608226 -0.164252139 0.462357014
1642650040.807984114 0.228273718 1.591085718 0.206537627 -0.601410310 0.630098862 -0.165473253 0.462492881
1642650040.816317081 0.229425313 1.590035573 0.208471372 -0.600101300 0.630858195 -0.165878348 0.463012679
1642650040.824650049 0.230545907 1.588912731 0.210761028 -0.598686845 0.630860329 -0.167301481 0.464326956
1642650040.832983971 0.231560031 1.587756868 0.213108004 -0.597158676 0.631398394 -0.168581805 0.465099730
1642650040.841316938 0.232751119 1.586142296 0.214973779 -0.595430678 0.633472824 -0.169919244 0.464006401
1642650040.849649906 0.233549757 1.584974795 0.217884479 -0.593492131 0.633914656 -0.171466506 0.465315524
1642650040.857984066 0.234032291 1.584132679 0.221711328 -0.591228257 0.633105842 -0.173051339 0.468699665
1642650040.866317034 0.234630505 1.582861604 0.224793958 -0.589020376 0.634218039 -0.174519546 0.469430935
1642650040.874650002 0.235081505 1.581618061 0.228388996 -0.586715693 0.634136346 -0.176952559 0.471512017
1642650040.882983923 0.235620826 1.579992066 0.231342581 -0.584449618 0.635862043 -0.179127430 0.471180931
1642650040.891316891 0.235762447 1.578723710 0.235231256 -0.581908440 0.636108070 -0.181449305 0.473101723
1642650040.899650097 0.235736406 1.577442707 0.239240540 -0.579343322 0.636334196 -0.183852588 0.475014034
1642650040.907984018 0.235597673 1.576156138 0.243730170 -0.576416064 0.635979718 -0.186755256 0.477908771
1642650040.916316986 0.235163267 1.574874575 0.248056513 -0.573802030 0.635928866 -0.189313512 0.480110510
1642650040.924649954 0.234457284 1.573728998 0.252827484 -0.571176522 0.635144866 -0.192052934 0.483181177
1642650040.932984114 0.233622439 1.572450673 0.257319024 -0.568698291 0.634931376 -0.194637226 0.485346013
1642650040.941317081 0.232550809 1.571229764 0.261953130 -0.566403002 0.634406038 -0.197319382 0.487628628
1642650040.949650049 0.231319810 1.569994145 0.266514024 -0.564437408 0.633778740 -0.200906311 0.489256144
1642650040.957983971 0.229723708 1.568935446 0.271542436 -0.562336993 0.632530914 -0.203341674 0.492274225
1642650040.966316938 0.228026278 1.567716624 0.276344504 -0.560390693 0.631676088 -0.205956641 0.494499193
1642650040.974649906 0.225969331 1.566569915 0.281185064 -0.558805477 0.630537974 -0.208313205 0.496753371
1642650040.982984066 0.223841597 1.565359321 0.286122994 -0.557001919 0.629555469 -0.210601509 0.499054886
1642650040.991317034 0.221471046 1.564163534 0.291126896 -0.555352144 0.628308252 -0.212952062 0.501462018
1642650040.999650002 0.218928369 1.562949019 0.296164340 -0.553740229 0.627022048 -0.215292498 0.503849433
1642650041.007983923 0.216161540 1.561743947 0.301257240 -0.552254471 0.625478089 -0.217726161 0.506347190
1642650041.016316891 0.213199201 1.560533329 0.306349291 -0.550958079 0.623787126 -0.220251985 0.508747363
1642650041.024650097 0.210050825 1.559317580 0.311535356 -0.549652293 0.621891538 -0.222743328 0.511388973
1642650041.032984018 0.206724343 1.558075268 0.316754321 -0.548448133 0.619846678 -0.225363611 0.514009711
1642650041.041316986 0.203247683 1.556776642 0.321973655 -0.547238189 0.617865762 -0.227947092 0.516538855
1642650041.049649954 0.199501025 1.555564841 0.327499427 -0.545970335 0.615264118 -0.230791978 0.519712921
1642650041.057984114 0.195713688 1.554162546 0.332877128 -0.544549710 0.612993702 -0.233582516 0.522631365
1642650041.066317081 0.191861016 1.552533954 0.338323819 -0.542391869 0.611126948 -0.235769779 0.526067985
1642650041.074650049 0.187802235 1.550993866 0.343671518 -0.540860913 0.608850904 -0.238958472 0.528837308
1642650041.082983971 0.183529070 1.549497683 0.349202838 -0.539261471 0.606024453 -0.242414194 0.532134181
1642650041.091316938 0.179138885 1.547889349 0.354658188 -0.537646055 0.603294080 -0.246098934 0.535171269
1642650041.099649906 0.174632306 1.546302508 0.360311277 -0.536175008 0.599804529 -0.251026086 0.538272042
1642650041.107984066 0.169881187 1.544662085 0.366014906 -0.534170741 0.596768852 -0.254448441 0.542018955
1642650041.116317034 0.164992145 1.542985493 0.371720897 -0.532125967 0.593788840 -0.257777164 0.545717602
1642650041.124650002 0.159953344 1.541313535 0.377516489 -0.529957901 0.590805254 -0.261037653 0.549502610
1642650041.132983923 0.154766020 1.539508062 0.383417206 -0.527532202 0.587718545 -0.263850002 0.553786840
1642650041.141316891 0.149522808 1.537667583 0.389230208 -0.525144029 0.584801509 -0.267625756 0.557321630
1642650041.149650097 0.144076625 1.535806712 0.395165533 -0.522584583 0.581946145 -0.270577208 0.561277126
1642650041.157984018 0.138573652 1.533940809 0.401096148 -0.519887411 0.578946522 -0.273853768 0.565280566
1642650041.166316986 0.132944422 1.531946037 0.407011683 -0.517032947 0.575941789 -0.277166016 0.569339079
1642650041.174649954 0.127202662 1.529890695 0.412840108 -0.514174929 0.573076226 -0.280373019 0.573235337
1642650041.182984114 0.121324285 1.527767311 0.418613709 -0.511262607 0.570248676 -0.283503026 0.577107468
1642650041.191317081 0.115069007 1.525700081 0.424604061 -0.508291326 0.566403534 -0.286870062 0.581835485
1642650041.199650049 0.108798363 1.523540458 0.430541560 -0.505062456 0.563152705 -0.289914646 0.586276764
1642650041.207983971 0.102450439 1.521246573 0.436398149 -0.501490311 0.560306703 -0.292928739 0.590556196
1642650041.216316938 0.095917497 1.518987490 0.442244973 -0.498172999 0.557261430 -0.295424476 0.594985496
1642650041.224649906 0.089263707 1.516684650 0.448091933 -0.494769537 0.554205079 -0.297803753 0.599477072
1642650041.232984066 0.082469935 1.514346463 0.453892593 -0.491349318 0.551148338 -0.300002674 0.603994828
1642650041.241317034 0.075564595 1.511957768 0.459614805 -0.487877480 0.548174947 -0.302102926 0.608451818
1642650041.249650002 0.068520015 1.509520466 0.465322659 -0.484311113 0.545128807 -0.304104961 0.613023248
1642650041.257983923 0.061455708 1.506999400 0.470902855 -0.480624259 0.542563914 -0.305839891 0.617322187
1642650041.266316891 0.054196275 1.504445633 0.476447774 -0.476988482 0.539488778 -0.307750678 0.621870860
1642650041.274650097 0.047001087 1.501760383 0.481704564 -0.473311614 0.537482272 -0.309022945 0.625774514
1642650041.282984018 0.039383164 1.499271938 0.487071412 -0.469823454 0.534404213 -0.310452281 0.630315349
1642650041.291316986 0.031676667 1.496609854 0.492589536 -0.465817101 0.530558830 -0.312251655 0.635626196
1642650041.299649954 0.023918370 1.493948483 0.497829947 -0.461996597 0.527366840 -0.313514470 0.640431134
1642650041.307984114 0.015971219 1.491282368 0.502965151 -0.458229460 0.523770162 -0.314739838 0.645468367
1642650041.316317081 0.008187145 1.488458398 0.507901206 -0.454224726 0.520695727 -0.316065371 0.650121942
1642650041.324650049 0.000272080 1.485630251 0.512709352 -0.450233635 0.517480768 -0.317311977 0.654840773
1642650041.332983971 -0.007674672 1.482752052 0.517365804 -0.446162979 0.514330541 -0.318478367 0.659525754
1642650041.341316938 -0.015714797 1.479864282 0.521905360 -0.442028763 0.511012967 -0.319613759 0.664321734
1642650041.349649906 -0.023823214 1.476936048 0.526307107 -0.437792530 0.507591583 -0.320753814 0.669182693
1642650041.357984066 -0.031913381 1.473995062 0.530422731 -0.433676323 0.504375105 -0.321763167 0.673794528
1642650041.366317034 -0.040055192 1.471051116 0.534368869 -0.429550228 0.501065173 -0.322746053 0.678421166
1642650041.374650002 -0.048272833 1.468113809 0.538150775 -0.425361777 0.497601817 -0.323646562 0.683163738
1642650041.382983923 -0.056492783 1.465190154 0.541699360 -0.421247972 0.494116913 -0.324554941 0.687795546
1642650041.391316891 -0.064691919 1.462247131 0.545024467 -0.417083761 0.490821443 -0.325253029 0.692348116
1642650041.399650097 -0.072943184 1.459335299 0.548153225 -0.412983439 0.487288506 -0.326016442 0.696927450
1642650041.407984018 -0.081172913 1.456407241 0.551074149 -0.408845760 0.483691067 -0.326836626 0.701474103
1642650041.416316986 -0.089641374 1.453519216 0.554005214 -0.404485545 0.478592822 -0.328536851 0.706685143
1642650041.424649954 -0.097859173 1.450618081 0.556467448 -0.400420419 0.474969483 -0.329254003 0.711097237
1642650041.432984114 -0.105990637 1.447698206 0.558648054 -0.396348408 0.471503946 -0.330023399 0.715315682
1642650041.441317081 -0.113966207 1.444723826 0.560478273 -0.392125345 0.468504464 -0.330615113 0.719329499
1642650041.449650049 -0.122052653 1.441763705 0.562255296 -0.387756591 0.464836606 -0.331810153 0.723514878
1642650041.457983971 -0.129632534 1.439175421 0.563514140 -0.384387919 0.462044686 -0.335683468 0.725311826
1642650041.466316938 -0.137690387 1.436352631 0.564781650 -0.380252695 0.457863383 -0.335084144 0.730402374
1642650041.474649906 -0.145394034 1.433447548 0.565740415 -0.375860929 0.454789609 -0.335424746 0.734428494
1642650041.482984066 -0.153268150 1.430191514 0.566789686 -0.370204180 0.451093898 -0.336010403 0.739297078
1642650041.491317034 -0.161541872 1.427739990 0.567838050 -0.365454685 0.445156304 -0.338466302 0.744123175
1642650041.499650002 -0.168826535 1.425081512 0.567879660 -0.361014997 0.442643403 -0.339696389 0.747222425
1642650041.507983923 -0.176738212 1.422335232 0.568481480 -0.355254368 0.437565891 -0.339208506 0.753171969
1642650041.516316891 -0.185045686 1.420630690 0.568771133 -0.352809882 0.429493408 -0.336209283 0.760278842
1642650041.524650097 -0.191788234 1.417397038 0.568343316 -0.344737904 0.428236428 -0.343400401 0.761475872
1642650041.532984018 -0.198959601 1.415186789 0.567827016 -0.339738288 0.424309739 -0.345062094 0.765160958
1642650041.541316986 -0.205741281 1.413224102 0.566839118 -0.335286495 0.420698191 -0.348374768 0.767613848
1642650041.549649954 -0.212696563 1.411465862 0.565825836 -0.330708190 0.416282314 -0.349708272 0.771391764
1642650041.557984114 -0.219616649 1.410109389 0.564640241 -0.326311114 0.411435913 -0.351380896 0.775095486
1642650041.566317081 -0.226516797 1.408921954 0.563345925 -0.321881150 0.405922242 -0.353282196 0.778980968
1642650041.574650049 -0.232946429 1.408001960 0.561658791 -0.317915295 0.401346635 -0.355299356 0.782056975
1642650041.582983971 -0.239117041 1.407387966 0.559715634 -0.314328412 0.396828863 -0.357399147 0.784850529
1642650041.591316938 -0.245049811 1.407027589 0.557612558 -0.310789546 0.392507370 -0.359379271 0.787524198
1642650041.599649906 -0.250879920 1.406908640 0.555368153 -0.307455123 0.387767905 -0.360444016 0.790687998
1642650041.607984066 -0.256440991 1.407261029 0.552912838 -0.304473227 0.383011868 -0.362984627 0.792994403
1642650041.616317034 -0.261626557 1.407967615 0.550222152 -0.301858015 0.378582853 -0.365545931 0.794942095
1642650041.624650002 -0.266210020 1.408772075 0.547323754 -0.298900649 0.375286515 -0.368932386 0.796057365
1642650041.632983923 -0.270760758 1.409939720 0.544362271 -0.296351123 0.371181666 -0.371626166 0.797680497
1642650041.641316891 -0.274936498 1.411337904 0.541242688 -0.293969545 0.367246771 -0.374630828 0.798976507
1642650041.649650097 -0.278814313 1.413118657 0.537976345 -0.291933478 0.363608073 -0.377307327 0.800126986
1642650041.657984018 -0.282386456 1.415130571 0.534574649 -0.290011718 0.359817452 -0.380435337 0.801057775
1642650041.666316986 -0.285585026 1.417393792 0.531056963 -0.288227135 0.356230606 -0.383736835 0.801729952
1642650041.674649954 -0.288511024 1.419924523 0.527465776 -0.286541083 0.352496831 -0.387184649 0.802326766
1642650041.682984114 -0.291026911 1.422666073 0.523753083 -0.284985180 0.349045794 -0.390819319 0.802627399
1642650041.691317081 -0.293243112 1.425644376 0.519964556 -0.283576002 0.345564867 -0.394564604 0.802800316
1642650041.699650049 -0.295085160 1.428837885 0.516103913 -0.282257991 0.342201581 -0.398465919 0.802778560
1642650041.707983971 -0.296648307 1.432238981 0.512178033 -0.280991138 0.338720949 -0.402578469 0.802647292
1642650041.716316938 -0.297898332 1.435865470 0.508202056 -0.279847916 0.335162240 -0.406848354 0.802387583
1642650041.724649906 -0.298724131 1.439635343 0.504152306 -0.278891533 0.332068040 -0.411001575 0.801890288
1642650041.732984066 -0.299218232 1.443601853 0.500065836 -0.278117007 0.329010666 -0.415226197 0.801242858
1642650041.741317034 -0.299386282 1.447729607 0.495946660 -0.277430410 0.326061578 -0.419566268 0.800425113
1642650041.749650002 -0.299241991 1.451999413 0.491810158 -0.276918154 0.323158319 -0.423900605 0.799495662
1642650041.757983923 -0.298797950 1.456409370 0.487671773 -0.276583874 0.320219836 -0.428359090 0.798416625
1642650041.766316891 -0.298234113 1.460991752 0.483520829 -0.276328281 0.316278441 -0.433530164 0.797284281
1642650041.774650097 -0.297000813 1.465558446 0.479426113 -0.276384280 0.314317046 -0.437542290 0.795847516
1642650041.782984018 -0.295519733 1.470235508 0.475346439 -0.276651704 0.312014326 -0.441868597 0.794268870
1642650041.791316986 -0.293831036 1.475123098 0.471218412 -0.277412538 0.309472298 -0.446128022 0.792615272
1642650041.799649954 -0.291723237 1.479977623 0.467135795 -0.278333151 0.307549484 -0.450264540 0.790699574
1642650041.807984114 -0.289362784 1.484942807 0.463073881 -0.279647534 0.305532134 -0.454336717 0.788685945
1642650041.816317081 -0.286674924 1.489922459 0.459066470 -0.281169486 0.303743456 -0.458398760 0.786482174
1642650041.824650049 -0.283714633 1.494939333 0.455107367 -0.283033685 0.302136255 -0.462191619 0.784209490
1642650041.832983971 -0.280461390 1.499984978 0.451202083 -0.285205026 0.300681347 -0.465957319 0.781749702
1642650041.841316938 -0.276847579 1.504977444 0.447353485 -0.287688162 0.299728539 -0.469588230 0.779028382
1642650041.849649906 -0.273070475 1.509966903 0.443579417 -0.290378900 0.298652083 -0.473122862 0.776300061
1642650041.857984066 -0.268986477 1.514892318 0.439892364 -0.293350849 0.297993115 -0.476486413 0.773373183
1642650041.866317034 -0.264705402 1.519771673 0.436292683 -0.296578147 0.297496425 -0.479604635 0.770400334
1642650041.874650002 -0.260216589 1.524582027 0.432787651 -0.300051913 0.297128780 -0.482569259 0.767339721
1642650041.882983923 -0.255496692 1.529275807 0.429385554 -0.303705121 0.297171885 -0.485272225 0.764174678
1642650041.891316891 -0.250640570 1.533902083 0.426116538 -0.307530649 0.297181706 -0.487863554 0.760984288
1642650041.899650097 -0.245608276 1.538380090 0.422969979 -0.311492979 0.297538691 -0.490150305 0.757756907
1642650041.907984018 -0.240481887 1.542802509 0.419940087 -0.315909228 0.297767808 -0.492323630 0.754422385
1642650041.916316986 -0.235230796 1.547020186 0.417076147 -0.320055628 0.298400685 -0.493933153 0.751366400
1642650041.924649954 -0.229915073 1.551060033 0.414384978 -0.324362904 0.299155272 -0.494978206 0.748526155
1642650041.932984114 -0.224464298 1.554924052 0.411880975 -0.328429826 0.300250295 -0.496171761 0.745518070
1642650041.941317081 -0.218959230 1.558628640 0.409528467 -0.332577973 0.301389281 -0.497246467 0.742497370
1642650041.949650049 -0.213358599 1.562132574 0.407370691 -0.336700456 0.302804495 -0.498075922 0.739501600
1642650041.957983971 -0.207760471 1.565501128 0.405404487 -0.340839218 0.304095393 -0.498836745 0.736557209
1642650041.966316938 -0.202109306 1.568656633 0.403673749 -0.344882218 0.305564190 -0.499410038 0.733673221
1642650041.974649906 -0.196292923 1.571663397 0.401840964 -0.349572807 0.307554249 -0.499659683 0.730444685
1642650041.982984066 -0.190478831 1.574444368 0.400340290 -0.353887479 0.309622855 -0.499703804 0.727456836
1642650041.991317034 -0.184640212 1.577021964 0.399047152 -0.358119377 0.311827534 -0.499568963 0.724530849
1642650041.999650002 -0.178778937 1.579417899 0.397903225 -0.362353008 0.314027866 -0.499328137 0.721635787
1642650042.007983923 -0.173021433 1.581606327 0.397072407 -0.366293765 0.316066704 -0.498977638 0.718993764
1642650042.016316891 -0.167144427 1.583560747 0.396394118 -0.370360809 0.318753084 -0.498158068 0.716287569
1642650042.024650097 -0.161211863 1.585333429 0.395837645 -0.374559636 0.321812161 -0.497040156 0.713507601
1642650042.032984018 -0.155374957 1.586843162 0.395625758 -0.378312777 0.324847172 -0.495716166 0.711069083
1642650042.041316986 -0.149643916 1.588170497 0.395660182 -0.381885173 0.327641100 -0.494248349 0.708896038
1642650042.049649954 -0.143910296 1.589293127 0.395936843 -0.385368950 0.330649503 -0.492449381 0.706862989
1642650042.057984114 -0.138164725 1.590212268 0.396330475 -0.388866276 0.333896652 -0.490384250 0.704854121
1642650042.066317081 -0.132456526 1.590906074 0.396981197 -0.392118101 0.337141872 -0.488183567 0.703033113
1642650042.074650049 -0.126732108 1.591395508 0.397805921 -0.395307477 0.340486895 -0.485888743 0.701222363
1642650042.082983971 -0.120980676 1.591670751 0.398818982 -0.398385421 0.344087278 -0.483315792 0.699498996
1642650042.091316938 -0.115265256 1.591746920 0.400006102 -0.401365005 0.347605935 -0.480658627 0.697885042
1642650042.099649906 -0.109369168 1.591507028 0.401308618 -0.404252137 0.351812931 -0.477801668 0.696069995
1642650042.107984066 -0.103640006 1.591173490 0.402811713 -0.407059142 0.355566415 -0.474869377 0.694531824
1642650042.116317034 -0.097949920 1.590619764 0.404509256 -0.409683422 0.359279600 -0.471744674 0.693206048
1642650042.124650002 -0.092185082 1.589835516 0.406285857 -0.412317916 0.363350548 -0.468408947 0.691782750
1642650042.132983923 -0.086413625 1.588865918 0.408174659 -0.414992636 0.367440265 -0.464896845 0.690390967
1642650042.141316891 -0.080640808 1.587673156 0.410216882 -0.417490677 0.371667238 -0.461204272 0.689097684
1642650042.149650097 -0.074880562 1.586271170 0.412392328 -0.419922294 0.375799078 -0.457429819 0.687894091
1642650042.157984018 -0.068794655 1.584558948 0.414423329 -0.422649036 0.381166073 -0.453156452 0.686097257
1642650042.166316986 -0.062925009 1.582740804 0.416724344 -0.425148863 0.385863664 -0.448786061 0.684798327
1642650042.174649954 -0.057045114 1.580703676 0.419135807 -0.427610681 0.390667484 -0.444194975 0.683534086
1642650042.182984114 -0.051132620 1.578460068 0.421614278 -0.430059529 0.395685284 -0.439310908 0.682266725
1642650042.191317081 -0.045342434 1.576113840 0.424213539 -0.432545419 0.400558408 -0.434104950 0.681183026
1642650042.199650049 -0.039285323 1.573331145 0.426833866 -0.434847802 0.406042948 -0.429022489 0.679688324
1642650042.207983971 -0.033393781 1.570463794 0.429575195 -0.437153955 0.411253554 -0.423564619 0.678498303
1642650042.216316938 -0.027554458 1.567427933 0.432401838 -0.439381742 0.416658606 -0.417058754 0.677791477
1642650042.224649906 -0.021688215 1.564216902 0.435270524 -0.441634878 0.421964776 -0.411088006 0.676691225
1642650042.232984066 -0.015658568 1.560742339 0.438059197 -0.443909464 0.428369541 -0.404319921 0.675255008
1642650042.241317034 -0.009833362 1.557176096 0.441044726 -0.445954661 0.433588052 -0.398009629 0.674324979
1642650042.249650002 -0.004029262 1.553444620 0.444059210 -0.447918776 0.438867031 -0.391504370 0.673415791
1642650042.257983923 0.001792367 1.549560043 0.447071056 -0.449827598 0.444320043 -0.384774406 0.672445900
1642650042.266316891 0.007592895 1.545539114 0.450100938 -0.451631286 0.449834248 -0.377872164 0.671484146
1642650042.274650097 0.013480835 1.541375936 0.453061584 -0.453398405 0.455894169 -0.370486943 0.670320683
1642650042.282984018 0.019250615 1.537143313 0.456077786 -0.455087456 0.461212136 -0.363443937 0.669393216
1642650042.291316986 0.025042867 1.532798124 0.459050910 -0.456667260 0.466743826 -0.356198877 0.668376821
1642650042.299649954 0.030840350 1.528360887 0.462017811 -0.458095587 0.472274084 -0.348915402 0.667355725
1642650042.307984114 0.036446266 1.523910620 0.465100367 -0.459298027 0.476877164 -0.341920265 0.666876319
1642650042.316317081 0.042402107 1.519328072 0.467733127 -0.460739315 0.483838911 -0.333564543 0.665096901
1642650042.324650049 0.048150145 1.514751890 0.470567296 -0.461682014 0.489378455 -0.326083793 0.664099244
1642650042.332983971 0.053852497 1.510171817 0.473383039 -0.462360126 0.494712445 -0.318728977 0.663245467
1642650042.341316938 0.059558289 1.505598741 0.476129247 -0.462841116 0.500001482 -0.311444953 0.662403699
1642650042.349649906 0.065227047 1.501071982 0.478819206 -0.463136932 0.505099354 -0.304336846 0.661632759
1642650042.357984066 0.070926940 1.496590324 0.481388120 -0.463239966 0.510170684 -0.297387586 0.660829200
1642650042.366317034 0.076608595 1.492157227 0.483809135 -0.463266865 0.515028152 -0.290700756 0.660017337
1642650042.374650002 0.082320528 1.487863190 0.486119407 -0.463190414 0.519979782 -0.284122626 0.659052351
1642650042.382983923 0.087973794 1.483694211 0.488374341 -0.462909740 0.524686999 -0.277683776 0.658262748
1642650042.391316891 0.093521076 1.479693376 0.490618314 -0.462522029 0.528567403 -0.271927625 0.657833748
1642650042.399650097 0.099224886 1.475829074 0.492558872 -0.462140159 0.533393416 -0.265691399 0.656754153
1642650042.407984018 0.104939125 1.472108099 0.494448782 -0.461515546 0.538031119 -0.259871581 0.655738269
1642650042.416316986 0.110379833 1.468790118 0.496188764 -0.461260276 0.541867672 -0.254108299 0.655017066
1642650042.424649954 0.116054947 1.465533189 0.497561837 -0.460950082 0.546525655 -0.248500012 0.653515474
1642650042.432984114 0.121723728 1.462617505 0.498887116 -0.460579726 0.551009784 -0.243347696 0.651948183
1642650042.441317081 0.127606856 1.459836612 0.499504233 -0.460809396 0.556376846 -0.238287838 0.649090449
1642650042.449650049 0.133198589 1.457510110 0.500364157 -0.460871020 0.560681766 -0.233576736 0.647051597
1642650042.457983971 0.138667577 1.455469804 0.501225567 -0.460446628 0.564977027 -0.228041648 0.645590326
1642650042.466316938 0.144216345 1.453741314 0.501590606 -0.460903620 0.569375671 -0.223186386 0.643091779
1642650042.474649906 0.149588369 1.452592825 0.501824094 -0.462091379 0.573188074 -0.218604882 0.640420873
1642650042.482984066 0.154985699 1.451583343 0.501827323 -0.462867652 0.577442806 -0.214097117 0.637554521
1642650042.491317034 0.160322742 1.450919230 0.501559279 -0.463972225 0.581726563 -0.209695977 0.634311893
1642650042.499650002 0.165763953 1.450427249 0.500851474 -0.465302747 0.586490408 -0.205554067 0.630293488
1642650042.507983923 0.170928776 1.450480901 0.500020966 -0.467021008 0.590941323 -0.201223461 0.626249830
1642650042.516316891 0.175935074 1.450855123 0.499091624 -0.468886740 0.594991151 -0.197262186 0.622268741
1642650042.524650097 0.180550156 1.451763001 0.498169830 -0.471108830 0.598316415 -0.193135153 0.618686310
1642650042.532984018 0.185353470 1.452720779 0.496968966 -0.473109636 0.601966066 -0.189852073 0.614622094
1642650042.541316986 0.189987798 1.453981133 0.495463458 -0.475505925 0.605797699 -0.186469252 0.610026623
1642650042.549649954 0.194461849 1.455542923 0.493772603 -0.478144158 0.609562306 -0.183148070 0.605201408
1642650042.557984114 0.198761460 1.457366087 0.491998829 -0.480860764 0.613132985 -0.179981096 0.600372945
1642650042.566317081 0.202877738 1.459466903 0.490095813 -0.483714495 0.616614360 -0.176877896 0.595416852
1642650042.574650049 0.206784548 1.461809769 0.488099962 -0.486750995 0.619858371 -0.174034031 0.590390739
1642650042.582983971 0.210475053 1.464510529 0.485944596 -0.490376220 0.622758743 -0.171514725 0.585051631
1642650042.591316938 0.214004519 1.467274720 0.483721025 -0.493540994 0.626006012 -0.168903749 0.579659627
1642650042.599649906 0.217345148 1.470271491 0.481179425 -0.496875866 0.630146609 -0.165335155 0.573318334
1642650042.607984066 0.220382688 1.473475548 0.478779841 -0.500301874 0.633092374 -0.162973261 0.567742721
1642650042.616317034 0.223238963 1.476774206 0.476905682 -0.503212113 0.634844564 -0.161747374 0.563549231
1642650042.624650002 0.225832255 1.480350797 0.474432561 -0.506816071 0.637594695 -0.159557827 0.557809802
1642650042.632983923 0.228495474 1.483753724 0.471518399 -0.510294774 0.641299063 -0.157717811 0.550871898
1642650042.641316891 0.230381784 1.487805488 0.470199036 -0.513130740 0.641721653 -0.156470662 0.548094058
1642650042.649650097 0.232541372 1.491518510 0.467312081 -0.516649724 0.645180356 -0.154796694 0.541159269
1642650042.657984018 0.234205758 1.495623304 0.465154243 -0.519885769 0.647122285 -0.153269351 0.536153002
1642650042.666316986 0.235608356 1.499849094 0.463063066 -0.523136168 0.648827205 -0.152050041 0.531255675
1642650042.674649954 0.236811312 1.504174119 0.460967165 -0.526324557 0.650533249 -0.150791485 0.526356230
1642650042.682984114 0.237735845 1.508573974 0.459117460 -0.529222430 0.651882976 -0.148769827 0.522340639
1642650042.691317081 0.238494011 1.513075230 0.457083973 -0.532466719 0.653282619 -0.147876986 0.517526241
1642650042.699650049 0.239002150 1.517654274 0.455127478 -0.535693822 0.654498086 -0.146967892 0.512898453
1642650042.707983971 0.239318971 1.522284000 0.453191723 -0.538912839 0.655662598 -0.146148303 0.508252086
1642650042.716316938 0.239430652 1.526924941 0.451302382 -0.542083257 0.656790151 -0.145334642 0.503637055
1642650042.724649906 0.239393312 1.531546744 0.449380929 -0.545101665 0.658148561 -0.144553072 0.498807634
1642650042.732984066 0.239149372 1.536174778 0.447605242 -0.548090368 0.659145562 -0.144018083 0.494350956
1642650042.741317034 0.238706477 1.540791693 0.445938791 -0.550961273 0.660004164 -0.143618960 0.490112000
1642650042.749650002 0.238048768 1.545548047 0.444903064 -0.553443334 0.659941022 -0.143524503 0.487420804
1642650042.757983923 0.237074801 1.550247932 0.443479933 -0.556367123 0.660367741 -0.143035547 0.483643364
1642650042.766316891 0.236052176 1.554753339 0.442019373 -0.559070040 0.661040385 -0.142850680 0.479645684
1642650042.774650097 0.234861894 1.559128652 0.440634689 -0.561773595 0.661570444 -0.142952249 0.475709607
1642650042.782984018 0.233553451 1.563437459 0.439416320 -0.564230444 0.662044687 -0.143309969 0.472020223
1642650042.791316986 0.232092565 1.567638901 0.438319365 -0.566596773 0.662394542 -0.143782247 0.468538401
1642650042.799649954 0.230503857 1.571683842 0.437320350 -0.568841801 0.662724223 -0.144584469 0.465092402
1642650042.807984114 0.228730642 1.575646648 0.436551523 -0.570966168 0.662745698 -0.145568584 0.462142361
1642650042.816317081 0.226865143 1.579409670 0.435874174 -0.572923226 0.662841523 -0.146809487 0.459180866
1642650042.824650049 0.224842651 1.583039988 0.435368273 -0.574817724 0.662753545 -0.148223185 0.456478051
1642650042.832983971 0.222872293 1.586193488 0.434507637 -0.576573228 0.663558701 -0.149963605 0.452508652
1642650042.841316938 0.220599404 1.589481413 0.434351928 -0.578158426 0.663314291 -0.151668641 0.450270595
1642650042.849649906 0.218207301 1.592605115 0.434421258 -0.579608049 0.662956206 -0.153541163 0.448295314
1642650042.857984066 0.215793695 1.595522654 0.434590693 -0.580797483 0.662888852 -0.155434366 0.446198175
1642650042.866317034 0.213081777 1.598316254 0.435175958 -0.582041968 0.661964822 -0.157608527 0.445184541
1642650042.874650002 0.210350759 1.600894907 0.435816272 -0.583051299 0.661475344 -0.159707575 0.443841236
1642650042.882983923 0.207573179 1.603281139 0.436647856 -0.583853792 0.661102491 -0.161802488 0.442581292
1642650042.891316891 0.204548824 1.605514738 0.437849939 -0.584742950 0.659905278 -0.164244431 0.442294554
1642650042.899650097 0.201489078 1.607507390 0.439096442 -0.585377210 0.659192830 -0.166432378 0.441699670
1642650042.907984018 0.198304549 1.609328845 0.440533278 -0.586023166 0.658306783 -0.168613871 0.441337049
1642650042.916316986 0.195011597 1.610950292 0.442172264 -0.586569813 0.657356371 -0.170727553 0.441214868
1642650042.924649954 0.191622735 1.612373366 0.443996911 -0.587098876 0.656309831 -0.172860597 0.441238631
1642650042.932984114 0.188140086 1.613615028 0.446007842 -0.587549605 0.655218141 -0.174771519 0.441508285
1642650042.941317081 0.184575944 1.614613723 0.448178205 -0.587898664 0.654177078 -0.176700737 0.441819376
1642650042.949650049 0.180908737 1.615462890 0.450586330 -0.588231355 0.652944424 -0.178403789 0.442515017
1642650042.957983971 0.177176834 1.616067712 0.453194754 -0.588429940 0.651730498 -0.180047638 0.443373896
1642650042.966316938 0.173370508 1.616477064 0.455941739 -0.588594111 0.650539748 -0.181450777 0.444331660
1642650042.974649906 0.169503202 1.616654217 0.458899814 -0.588667961 0.649239262 -0.182944981 0.445521655
1642650042.982984066 0.165557252 1.616624193 0.462063998 -0.588633831 0.647929259 -0.184194016 0.446956880
1642650042.991317034 0.161568659 1.616361571 0.465452358 -0.588430388 0.646537218 -0.185432279 0.448725054
1642650042.999650002 0.157522727 1.615851784 0.468993156 -0.588144067 0.645150542 -0.186664271 0.450581608
1642650043.007983923 0.153424437 1.615125283 0.472777584 -0.587681578 0.643653754 -0.187819372 0.452840028
1642650043.016316891 0.149313676 1.614128527 0.476778919 -0.586969779 0.642192855 -0.188928334 0.455368972
1642650043.024650097 0.145163208 1.612910963 0.480944084 -0.586111084 0.640789200 -0.189886142 0.458046124
1642650043.032984018 0.140966945 1.611452516 0.485378655 -0.585061698 0.639218685 -0.190834426 0.461177302
1642650043.041316986 0.136810207 1.609758064 0.490242706 -0.583577231 0.637380418 -0.191986765 0.465107407
1642650043.049649954 0.132560909 1.607822259 0.495101375 -0.582043712 0.635853626 -0.192761835 0.468783701
1642650043.057984114 0.128278341 1.605638865 0.500120453 -0.580286012 0.634414461 -0.193381775 0.472641434
1642650043.066317081 0.123976202 1.603223565 0.505345400 -0.578326074 0.632958615 -0.193931077 0.476752642
1642650043.074650049 0.119642639 1.600594576 0.510772429 -0.576155569 0.631405004 -0.194470686 0.481200201
1642650043.082983971 0.115298669 1.597721118 0.516351414 -0.573773200 0.629930876 -0.194922967 0.485774067
1642650043.091316938 0.110853851 1.594777092 0.522393885 -0.571100403 0.627902166 -0.195381579 0.491334141
1642650043.099649906 0.106523897 1.591480010 0.528169067 -0.568568325 0.626355057 -0.196701332 0.495699494
1642650043.107984066 0.102306372 1.587804910 0.533836840 -0.565662433 0.625595106 -0.197001399 0.499847201
1642650043.116317034 0.097784174 1.584113554 0.539912787 -0.562716320 0.624185704 -0.196908933 0.504944969
1642650043.124650002 0.093309715 1.580238140 0.546243878 -0.559429966 0.622518435 -0.197054047 0.510566953
1642650043.132983923 0.088685028 1.576266754 0.552985241 -0.555829048 0.620291936 -0.197067952 0.517161682
1642650043.141316891 0.084240286 1.571854573 0.559134308 -0.552397731 0.619231043 -0.197030748 0.522100131
1642650043.149650097 0.079398033 1.567622756 0.566263132 -0.548397715 0.616394480 -0.196943767 0.529651719
1642650043.157984018 0.074742408 1.562938736 0.572844022 -0.544502709 0.614623191 -0.196925183 0.535701042
1642650043.166316986 0.070031735 1.558083489 0.579524640 -0.540304830 0.612787918 -0.196799126 0.542062507
1642650043.174649954 0.065440735 1.552939188 0.585828212 -0.535939297 0.612406880 -0.195921545 0.547121222
1642650043.182984114 0.060729459 1.547611783 0.592564341 -0.531277822 0.610519489 -0.196114716 0.553668535
1642650043.191317081 0.055894922 1.542166935 0.599166127 -0.526610266 0.608730429 -0.195957976 0.560115491
1642650043.199650049 0.050934717 1.536425232 0.606073346 -0.521229783 0.605976835 -0.196535968 0.567877806
1642650043.207983971 0.046014527 1.530637183 0.612545817 -0.516180409 0.604238011 -0.196502891 0.574317704
1642650043.216316938 0.041007713 1.524709446 0.618896083 -0.511035138 0.602477300 -0.196477691 0.580741516
1642650043.224649906 0.035924361 1.518702612 0.625144605 -0.505818613 0.600587049 -0.196585597 0.587194032
1642650043.232984066 0.030769196 1.512590693 0.631254226 -0.500503918 0.598618667 -0.196853297 0.593633134
1642650043.241317034 0.025519422 1.506402010 0.637219204 -0.495127630 0.596529770 -0.197328240 0.600052022
1642650043.249650002 0.020175879 1.500159958 0.643051821 -0.489656001 0.594281646 -0.197902207 0.606548467
1642650043.257983923 0.014736858 1.493887288 0.648717635 -0.484161602 0.591899370 -0.198585305 0.613030632
1642650043.266316891 0.009218859 1.487577676 0.654141126 -0.478653327 0.589491714 -0.199566042 0.619325365
1642650043.274650097 0.003564461 1.481253759 0.659451862 -0.472997615 0.586777459 -0.200750118 0.625831335
1642650043.282984018 -0.002213664 1.474966525 0.664595619 -0.467307117 0.583776564 -0.202247463 0.632396193
1642650043.291316986 -0.008144968 1.468785852 0.669589335 -0.461566778 0.580625294 -0.203888954 0.638952010
1642650043.299649954 -0.013990412 1.462495370 0.674101650 -0.455841655 0.578050675 -0.205509397 0.644850130
1642650043.307984114 -0.020099016 1.456358761 0.678677861 -0.449870354 0.574712726 -0.207415312 0.651383785
1642650043.316317081 -0.026376452 1.450146314 0.683417863 -0.442757739 0.571004362 -0.209668756 0.658755354
1642650043.324650049 -0.032701292 1.444162332 0.687648708 -0.436363058 0.567303185 -0.212000714 0.665439760
1642650043.332983971 -0.039076617 1.438151067 0.691774781 -0.429246295 0.563844245 -0.213772974 0.672404938
1642650043.341316938 -0.045531139 1.432469382 0.695595644 -0.422586094 0.560110150 -0.216468982 0.678851083
1642650043.349649906 -0.052116455 1.426971744 0.699282843 -0.415749795 0.556146795 -0.219305757 0.685388821
1642650043.357984066 -0.058712620 1.421634995 0.702699490 -0.408788446 0.552298598 -0.222139774 0.691745752
1642650043.366317034 -0.065373073 1.416649355 0.705815816 -0.402130035 0.548312394 -0.225807061 0.697607429
1642650043.374650002 -0.072188487 1.411827071 0.708822908 -0.395206515 0.543953088 -0.229283158 0.703815375
1642650043.382983923 -0.078962079 1.407254583 0.711461037 -0.388575239 0.539748473 -0.233253104 0.709417972
1642650043.391316891 -0.085746878 1.402551686 0.713901779 -0.381011370 0.535990964 -0.237279121 0.715012336
1642650043.399650097 -0.092304267 1.398159262 0.715901306 -0.373103458 0.533811668 -0.241602522 0.719351884
1642650043.407984018 -0.099795258 1.395293472 0.718329853 -0.367647986 0.526601426 -0.242071289 0.727273942
1642650043.416316986 -0.106686346 1.392110214 0.719972447 -0.361656170 0.522017829 -0.247108195 0.731874129
1642650043.424649954 -0.114052445 1.389208744 0.721702551 -0.355140846 0.515710426 -0.251221147 0.738109525
1642650043.432984114 -0.121151421 1.386758238 0.723021741 -0.349010512 0.510624003 -0.255101421 0.743221403
1642650043.441317081 -0.127612155 1.384464153 0.723505976 -0.343003815 0.507782146 -0.261503442 0.745735627
1642650043.449650049 -0.134837833 1.382886125 0.724411308 -0.337463034 0.501900913 -0.264969940 0.751002733
1642650043.457983971 -0.141903730 1.381629639 0.725016986 -0.332209881 0.496164476 -0.268579640 0.755858706
1642650043.466316938 -0.148824697 1.380785138 0.725308275 -0.327363960 0.490561945 -0.272160796 0.760335661
1642650043.474649906 -0.155628295 1.380335148 0.725363868 -0.322840566 0.484935529 -0.275975817 0.764492544
1642650043.482984066 -0.162228455 1.380314130 0.725090394 -0.318887552 0.479496137 -0.279774109 0.768193095
1642650043.491317034 -0.168614695 1.380642248 0.724602055 -0.315156272 0.474181405 -0.283875745 0.771519981
1642650043.499650002 -0.174494581 1.381254431 0.723679385 -0.311846905 0.469876436 -0.288311413 0.773850226
1642650043.507983923 -0.180045685 1.382572468 0.722542567 -0.309188583 0.466251061 -0.293633689 0.775107492
1642650043.516316891 -0.186032267 1.384144530 0.721638682 -0.306199818 0.460259181 -0.298230256 0.778114305
1642650043.524650097 -0.191381043 1.385997537 0.720267803 -0.303860797 0.455504212 -0.302539921 0.780162884
1642650043.532984018 -0.196520578 1.388222565 0.718688622 -0.301953124 0.450510441 -0.307275390 0.781950439
1642650043.541316986 -0.201178519 1.390693598 0.716839494 -0.300292806 0.446249756 -0.312877328 0.782811065
1642650043.549649954 -0.205659458 1.393551506 0.714917442 -0.298858854 0.441563721 -0.317670548 0.784085638
1642650043.557984114 -0.209830453 1.396664275 0.712821102 -0.297667621 0.436925117 -0.322496053 0.785166686
1642650043.566317081 -0.213601336 1.399996648 0.710528817 -0.296671472 0.432633698 -0.327492083 0.785851803
1642650043.574650049 -0.217083587 1.403596191 0.708107086 -0.295902639 0.428242484 -0.332825388 0.786306088
1642650043.582983971 -0.220188442 1.407337206 0.705537417 -0.295221423 0.424113716 -0.338366499 0.786434981
1642650043.591316938 -0.222932062 1.411284434 0.702839557 -0.294759905 0.420061897 -0.344218894 0.786242936
1642650043.599649906 -0.225500286 1.415403143 0.700026407 -0.294404820 0.415293604 -0.350814729 0.785993670
1642650043.607984066 -0.227497545 1.419636311 0.697096937 -0.294248881 0.411655322 -0.356923249 0.785215439
1642650043.616317034 -0.229152100 1.423998824 0.694070552 -0.294234043 0.408099607 -0.363179787 0.784207550
1642650043.624650002 -0.230463019 1.428437910 0.690989409 -0.294304119 0.404672621 -0.369602993 0.782955161
1642650043.632983923 -0.231552508 1.433054996 0.687952405 -0.294431892 0.401190326 -0.375960257 0.781671331
1642650043.641316891 -0.231861496 1.437375685 0.684728688 -0.294549906 0.398905012 -0.382619261 0.779562471
1642650043.649650097 -0.232353806 1.441991543 0.681667927 -0.294689555 0.395178260 -0.389517094 0.777990130
1642650043.657984018 -0.231979608 1.446515952 0.678400123 -0.295281862 0.394154698 -0.394953550 0.775540063
1642650043.666316986 -0.231581323 1.451082803 0.675239919 -0.295755734 0.391795663 -0.401421216 0.773230698
1642650043.674649954 -0.231366732 1.455801138 0.672145284 -0.296263911 0.387688316 -0.408695348 0.771293444
1642650043.682984114 -0.229967289 1.460193190 0.669050368 -0.296941936 0.387547588 -0.413905084 0.768319553
1642650043.691317081 -0.228639757 1.464657132 0.666047271 -0.297613819 0.386298013 -0.419605121 0.765592190
1642650043.699650049 -0.227529364 1.469223992 0.663160652 -0.298131556 0.383180398 -0.426260191 0.763277543
1642650043.707983971 -0.226044398 1.473710501 0.660320124 -0.298940362 0.380526404 -0.432663897 0.760681450
1642650043.716316938 -0.223749109 1.477887973 0.657553971 -0.299704595 0.381148575 -0.437114860 0.757517999
1642650043.724649906 -0.221556515 1.482109257 0.654882361 -0.300508509 0.380207109 -0.442492572 0.754544574
1642650043.732984066 -0.219157961 1.486254172 0.652323139 -0.301382367 0.379420924 -0.447652652 0.751542104
1642650043.741317034 -0.216573854 1.490313386 0.649850784 -0.302359525 0.378848396 -0.452590618 0.748474678
1642650043.749650002 -0.213815431 1.494259970 0.647475406 -0.303367311 0.378423386 -0.457368543 0.745371069
1642650043.757983923 -0.210878338 1.498092148 0.645225175 -0.304371168 0.378232879 -0.461922644 0.742243593
1642650043.766316891 -0.207579317 1.501744276 0.643057092 -0.305507442 0.378942841 -0.465997241 0.738859998
1642650043.774650097 -0.204442610 1.505418941 0.641049516 -0.306647472 0.378717278 -0.470026792 0.735945219
1642650043.782984018 -0.200891369 1.508831840 0.638958709 -0.308052951 0.379524551 -0.473862829 0.732474241
1642650043.791316986 -0.197328417 1.512166969 0.637059781 -0.309351595 0.380078660 -0.477564444 0.729228363
1642650043.799649954 -0.193630194 1.515390766 0.635230010 -0.310879951 0.380809308 -0.480925557 0.725981085
1642650043.807984114 -0.189847167 1.518508263 0.633489654 -0.312497822 0.381525163 -0.484103975 0.722791120
1642650043.816317081 -0.185800009 1.521449368 0.631766179 -0.314324248 0.382852293 -0.486996937 0.719345795
1642650043.824650049 -0.181653861 1.524281795 0.630098237 -0.316327096 0.384278846 -0.489669387 0.715884648
1642650043.832983971 -0.177438085 1.527027182 0.628492996 -0.318507872 0.385711005 -0.491995209 0.712545065
1642650043.841316938 -0.173057797 1.529673775 0.626890453 -0.321277963 0.387427689 -0.494135843 0.708879415
1642650043.849649906 -0.168754402 1.532188124 0.625537145 -0.323458914 0.388678907 -0.495961989 0.705921202
1642650043.857984066 -0.164091597 1.534517670 0.623948051 -0.326420680 0.391744826 -0.496591771 0.702411662
1642650043.866317034 -0.159416907 1.536751158 0.622414525 -0.329550310 0.394573254 -0.497319277 0.698843385
1642650043.874650002 -0.154771905 1.538821890 0.621171330 -0.332246931 0.396900184 -0.498271136 0.695563150
1642650043.882983923 -0.150055465 1.540819464 0.619833664 -0.335399074 0.399721488 -0.498657150 0.692149724
1642650043.891316891 -0.145217290 1.542614163 0.618604247 -0.338510052 0.402861173 -0.498836629 0.688676875
1642650043.899650097 -0.140430337 1.544405348 0.617276634 -0.342052255 0.406068311 -0.498598299 0.685206916
1642650043.907984018 -0.135657569 1.546073143 0.616144604 -0.345495336 0.408989382 -0.498329001 0.681930249
1642650043.916316986 -0.130711625 1.547458882 0.614990868 -0.348861354 0.412661273 -0.497744419 0.678422378
1642650043.924649954 -0.125994539 1.548954943 0.613859257 -0.352557977 0.415812324 -0.496848059 0.675236988
1642650043.932984114 -0.120897042 1.549948719 0.612720640 -0.356000472 0.420225328 -0.495801626 0.671457434
1642650043.941317081 -0.116055499 1.551016905 0.611747762 -0.359416322 0.423851558 -0.494657619 0.668194286
1642650043.949650049 -0.111525781 1.552106169 0.610982078 -0.362687423 0.425742349 -0.494389896 0.665417099
1642650043.957983971 -0.106728132 1.552944851 0.610028137 -0.366164974 0.429647888 -0.492786826 0.662183546
1642650043.966316938 -0.101986465 1.553626761 0.609236976 -0.369337836 0.433452668 -0.491219410 0.659099263
1642650043.974649906 -0.097311976 1.554205093 0.608488195 -0.372519095 0.437175762 -0.489494434 0.656126570
1642650043.982984066 -0.092699333 1.554689289 0.607814001 -0.375574999 0.440851375 -0.487671773 0.653276149
1642650043.991317034 -0.088116736 1.555007726 0.607224610 -0.378448622 0.444622861 -0.485731185 0.650501629
1642650043.999650002 -0.083637916 1.555267066 0.606663595 -0.381325446 0.448313970 -0.483656416 0.647828650
1642650044.007983923 -0.079177172 1.555429117 0.606118448 -0.384199909 0.452057807 -0.481436666 0.645176647
1642650044.016316891 -0.074768894 1.555478039 0.605585001 -0.387028380 0.455963788 -0.478978578 0.642561732
1642650044.024650097 -0.070490515 1.555474623 0.605133068 -0.389780601 0.459584845 -0.476470159 0.640178913
1642650044.032984018 -0.066225751 1.555353542 0.604636898 -0.392544036 0.463421153 -0.473851142 0.637663790
1642650044.041316986 -0.062099952 1.555201219 0.604208825 -0.395419198 0.466943567 -0.471234841 0.635251988
1642650044.049649954 -0.058047324 1.554929868 0.603814708 -0.397985892 0.470620256 -0.468167837 0.633200348
1642650044.057984114 -0.054063825 1.554574859 0.603429631 -0.400515609 0.474307630 -0.464927922 0.631238106
1642650044.066317081 -0.049865976 1.553949982 0.602754156 -0.403120701 0.480160725 -0.460407954 0.628461529
1642650044.074650049 -0.046148605 1.553525202 0.602415878 -0.405651250 0.483300773 -0.457246241 0.626732240
1642650044.082983971 -0.042208359 1.552802381 0.601825238 -0.408199559 0.487420364 -0.453981227 0.624256000
1642650044.091316938 -0.038828448 1.552358712 0.601565817 -0.410740559 0.489602791 -0.450486251 0.623412735
1642650044.099649906 -0.035288857 1.551720468 0.601060424 -0.413408026 0.493080279 -0.446756476 0.621590133
1642650044.107984066 -0.031700399 1.550971341 0.600360025 -0.416173263 0.497666436 -0.442182061 0.619356891
1642650044.116317034 -0.028644518 1.550459420 0.599885489 -0.419246026 0.499369832 -0.438960229 0.618204220
1642650044.124650002 -0.025468920 1.549764797 0.599237384 -0.422184954 0.502544301 -0.434842257 0.616539781
1642650044.132983923 -0.022390474 1.549036173 0.598477178 -0.425272224 0.505678870 -0.430653434 0.614792678
1642650044.141316891 -0.019451598 1.548313820 0.597697806 -0.428411322 0.508721901 -0.426296775 0.613136874
1642650044.149650097 -0.016606198 1.547567160 0.596853617 -0.431599302 0.511681734 -0.421899735 0.611477275
1642650044.157984018 -0.013866001 1.546810410 0.595998016 -0.434785966 0.514612700 -0.417432857 0.609823534
1642650044.166316986 -0.011269314 1.546064556 0.595111166 -0.438026931 0.517359308 -0.412922517 0.608248921
1642650044.174649954 -0.008757526 1.545303599 0.594224235 -0.441197635 0.520107056 -0.408419835 0.606651907
1642650044.182984114 -0.006621428 1.544746853 0.593658158 -0.444180813 0.522017317 -0.403746706 0.605961982
1642650044.191317081 -0.004223228 1.543909097 0.592453761 -0.447539179 0.525970461 -0.398273215 0.603690486
1642650044.199650049 -0.002139115 1.543201526 0.591536461 -0.450679436 0.528346451 -0.393754817 0.602241826
1642650044.207983971 -0.000184693 1.542502879 0.590634156 -0.453663187 0.530625022 -0.389241378 0.600930901
1642650044.216316938 0.001697476 1.541801062 0.589669802 -0.456677287 0.532921690 -0.384843949 0.599445963
1642650044.224649906 0.003315762 1.541194135 0.588924641 -0.459490368 0.534083332 -0.381100385 0.598653566
1642650044.232984066 0.005117920 1.540412753 0.587882348 -0.462137009 0.537068087 -0.376567221 0.596811849
1642650044.241317034 0.006565816 1.539807857 0.587164510 -0.464697826 0.538044662 -0.373245404 0.596029983
1642650044.249650002 0.008168728 1.539063370 0.586188818 -0.467029287 0.540752735 -0.369065956 0.594357169
1642650044.257983923 0.009470369 1.538389888 0.585460207 -0.469289560 0.541440076 -0.366273952 0.593677813
1642650044.266316891 0.010756315 1.537797377 0.584773556 -0.471265476 0.542954022 -0.363087454 0.592686496
1642650044.274650097 0.011927549 1.537244158 0.584114614 -0.473104228 0.544380555 -0.360061848 0.591758114
1642650044.282984018 0.013050720 1.536623674 0.583421158 -0.474821970 0.545599256 -0.357406279 0.590869106
1642650044.291316986 0.014029309 1.536130157 0.582842740 -0.476412420 0.546712261 -0.354825377 0.590115126
1642650044.299649954 0.015025575 1.535508120 0.582153083 -0.477853784 0.547792277 -0.352567122 0.589301117
1642650044.307984114 0.015771175 1.535187135 0.581687801 -0.479264160 0.548214616 -0.350624201 0.588922125
1642650044.316317081 0.016586981 1.534711358 0.581069551 -0.480538195 0.549296938 -0.348544574 0.588109341
1642650044.324650049 0.017337277 1.534242379 0.580483269 -0.481689830 0.550203143 -0.346756141 0.587376871
1642650044.332983971 0.017981029 1.533867250 0.580126706 -0.482549759 0.550481835 -0.345511633 0.587143246
1642650044.341316938 0.018584045 1.533532470 0.579616302 -0.483553543 0.551282677 -0.343973864 0.586468552
1642650044.349649906 0.019059685 1.533279961 0.579193116 -0.484500957 0.551719010 -0.342696523 0.586023933
1642650044.357984066 0.019597619 1.532964211 0.578710646 -0.485217285 0.552765834 -0.341313407 0.585251465
1642650044.366317034 0.019998934 1.532736681 0.578335922 -0.485905197 0.553250883 -0.340271291 0.584829076
1642650044.374650002 0.020337438 1.532562137 0.578008534 -0.486520826 0.553606278 -0.339387170 0.584494588
1642650044.382983923 0.020644138 1.532419739 0.577705571 -0.487056520 0.553981750 -0.338600611 0.584148776
1642650044.391316891 0.020891216 1.532319503 0.577444794 -0.487518155 0.554237505 -0.337930872 0.583908865
1642650044.399650097 0.021053334 1.532276798 0.577254851 -0.488000759 0.554076785 -0.337621687 0.583837111
1642650044.407984018 0.021265590 1.532229866 0.577019311 -0.488387696 0.554375304 -0.337155576 0.583499441
1642650044.416316986 0.021454803 1.532227593 0.576781457 -0.488763762 0.554728700 -0.336719406 0.583100417
1642650044.424649954 0.021630288 1.532265806 0.576766365 -0.488795833 0.554691241 -0.336647690 0.583150576
1642650044.432984114 0.021718091 1.532369956 0.576623800 -0.489145801 0.554835932 -0.336363927 0.582883163
1642650044.441317081 0.021787326 1.532497646 0.576480354 -0.489471387 0.555046667 -0.336025206 0.582604514
1642650044.449650049 0.021823276 1.532653181 0.576364325 -0.489793455 0.555205599 -0.335790236 0.582317809
1642650044.457983971 0.021816990 1.532848363 0.576265776 -0.490143980 0.555309149 -0.335517619 0.582081227
1642650044.466316938 0.021808922 1.533033578 0.576163049 -0.490418395 0.555530037 -0.335294623 0.581767731
1642650044.474649906 0.021739666 1.533262651 0.576103758 -0.490714685 0.555569208 -0.335113583 0.581584765
1642650044.482984066 0.021759296 1.533426775 0.575956348 -0.490900939 0.556280567 -0.334664696 0.581005801
1642650044.491317034 0.021654899 1.533649910 0.575910132 -0.491139902 0.556339327 -0.334567728 0.580803396
1642650044.499650002 0.021449429 1.533928389 0.575975854 -0.491435467 0.555757432 -0.334853996 0.580945488
1642650044.507983923 0.021476029 1.534055925 0.575745402 -0.491534665 0.557147183 -0.334053943 0.579990217
1642650044.516316891 0.021092352 1.534410885 0.575997712 -0.491868301 0.555564095 -0.334901513 0.580736676
1642650044.524650097 0.020882816 1.534644981 0.576020187 -0.492065496 0.555484191 -0.334874157 0.580661830
1642650044.532984018 0.020646046 1.534870288 0.576068893 -0.492243177 0.555342116 -0.334890958 0.580637438
1642650044.541316986 0.020376218 1.535100976 0.576125127 -0.492452264 0.555095936 -0.334985047 0.580641273
1642650044.549649954 0.020112363 1.535292235 0.576192604 -0.492589688 0.554931824 -0.335086431 0.580623074
1642650044.557984114 0.019821620 1.535467821 0.576292514 -0.492688090 0.554652902 -0.335287043 0.580690282
1642650044.566317081 0.019505200 1.535642038 0.576400567 -0.492813499 0.554362125 -0.335417518 0.580786172
1642650044.574650049 0.019207172 1.535773676 0.576491310 -0.492892222 0.554203187 -0.335510646 0.580817261
1642650044.582983971 0.018985447 1.535830036 0.576506424 -0.492893834 0.554630680 -0.335309076 0.580524161
1642650044.591316938 0.018664132 1.535928847 0.576624541 -0.492944645 0.554466018 -0.335364714 0.580606167
1642650044.599649906 0.018311375 1.536013659 0.576796368 -0.492942848 0.554194027 -0.335418878 0.580836040
1642650044.607984066 0.017855092 1.536150397 0.577042841 -0.493053630 0.553309012 -0.335765811 0.581385049
1642650044.616317034 0.017479572 1.536213725 0.577258050 -0.493034691 0.552942488 -0.335870913 0.581689031
1642650044.624650002 0.017104586 1.536261138 0.577430203 -0.493056148 0.552686935 -0.335888072 0.581903763
1642650044.632983923 0.016747004 1.536283720 0.577498553 -0.493189734 0.552696092 -0.335755798 0.581858197
1642650044.641316891 0.016359650 1.536299263 0.577680685 -0.493227103 0.552458359 -0.335754460 0.582053029
1642650044.649650097 0.015964435 1.536305195 0.577869902 -0.493275424 0.552203365 -0.335714902 0.582276827
1642650044.657984018 0.015585658 1.536284411 0.578054200 -0.493314765 0.552047845 -0.335638419 0.582435036
1642650044.666316986 0.015182370 1.536271934 0.578263746 -0.493363083 0.551785018 -0.335596965 0.582667006
1642650044.674649954 0.014772841 1.536242370 0.578512995 -0.493371629 0.551504371 -0.335548076 0.582953560
1642650044.682984114 0.014368899 1.536186933 0.578770802 -0.493342739 0.551268045 -0.335505725 0.583225851
1642650044.691317081 0.013988249 1.536122473 0.579009053 -0.493326702 0.551148383 -0.335379343 0.583425163
1642650044.699650049 0.013603376 1.536064468 0.579263017 -0.493342219 0.550958780 -0.335255933 0.583662007
1642650044.707983971 0.013228158 1.535993365 0.579513360 -0.493337343 0.550825372 -0.335125801 0.583866743
1642650044.716316938 0.012861748 1.535918831 0.579769399 -0.493342399 0.550697198 -0.334969709 0.584072913
1642650044.724649906 0.012502289 1.535839516 0.580054011 -0.493307324 0.550555611 -0.334868576 0.584293967
1642650044.732984066 0.012154753 1.535746088 0.580337249 -0.493258108 0.550487455 -0.334694614 0.584499371
1642650044.741317034 0.011790517 1.535669093 0.580668229 -0.493207243 0.550281907 -0.334553985 0.584816270
1642650044.749650002 0.011460059 1.535567431 0.580963031 -0.493123026 0.550284326 -0.334321706 0.585017811
1642650044.757983923 0.011155132 1.535459166 0.581256729 -0.493073658 0.550256044 -0.334167607 0.585174046
1642650044.766316891 0.010849731 1.535358352 0.581553273 -0.492995447 0.550265914 -0.333907324 0.585379204
1642650044.774650097 0.010550299 1.535261922 0.581841989 -0.492968800 0.550247427 -0.333723868 0.585523621
1642650044.782984018 0.010322278 1.535137365 0.582091899 -0.492849578 0.550712944 -0.333230618 0.585467251
1642650044.791316986 0.010038586 1.535057144 0.582410971 -0.492792180 0.550657980 -0.333032849 0.585679757
1642650044.799649954 0.009667186 1.535027646 0.582821558 -0.492804998 0.549978406 -0.333173891 0.586227042
1642650044.807984114 0.009406265 1.534954316 0.583143838 -0.492744998 0.549919919 -0.333026808 0.586415889
1642650044.816317081 0.009153273 1.534873536 0.583455771 -0.492685230 0.549875991 -0.332854049 0.586605354
1642650044.824650049 0.008936525 1.534773576 0.583755910 -0.492573664 0.549939980 -0.332704464 0.586723907
1642650044.832983971 0.008710426 1.534687756 0.584078742 -0.492462069 0.549861437 -0.332631084 0.586932767
1642650044.841316938 0.008508977 1.534590105 0.584399085 -0.492307768 0.549843127 -0.332551822 0.587124248
1642650044.849649906 0.008285888 1.534510895 0.584749454 -0.492157962 0.549681857 -0.332486514 0.587437754
1642650044.857984066 0.008100020 1.534416894 0.585078740 -0.491970849 0.549607350 -0.332487911 0.587663367
1642650044.866317034 0.007915520 1.534332228 0.585413382 -0.491791524 0.549524493 -0.332498810 0.587884742
1642650044.874650002 0.007744995 1.534244828 0.585734781 -0.491608241 0.549437587 -0.332516931 0.588108975
1642650044.882983923 0.007600061 1.534158721 0.586038261 -0.491422376 0.549401894 -0.332511957 0.588300438
1642650044.891316891 0.007462322 1.534075502 0.586330009 -0.491252710 0.549355468 -0.332549361 0.588464329
1642650044.899650097 0.007350455 1.533986097 0.586583555 -0.491122219 0.549396841 -0.332568725 0.588523678
1642650044.907984018 0.007225834 1.533897179 0.586884348 -0.490929837 0.549275088 -0.332655434 0.588748788
1642650044.916316986 0.007133553 1.533803343 0.587126865 -0.490799451 0.549295309 -0.332700921 0.588812924
1642650044.924649954 0.007024213 1.533723306 0.587377648 -0.490664265 0.549219772 -0.332767890 0.588958193
1642650044.932984114 0.006943644 1.533623411 0.587608242 -0.490515753 0.549248312 -0.332797761 0.589038401
1642650044.941317081 0.006843951 1.533534879 0.587859149 -0.490358070 0.549140996 -0.332865340 0.589231529
1642650044.949650049 0.006746625 1.533451183 0.588082889 -0.490228292 0.549112551 -0.332858098 0.589370100
1642650044.957983971 0.006643675 1.533375952 0.588308823 -0.490126955 0.549016683 -0.332870565 0.589536629
1642650044.966316938 0.006561578 1.533295792 0.588480931 -0.490076190 0.549005694 -0.332822955 0.589615940
1642650044.974649906 0.006477289 1.533223427 0.588662033 -0.490020747 0.548978088 -0.332787834 0.589707540
1642650044.982984066 0.006393005 1.533169678 0.588822920 -0.490010682 0.548963185 -0.332697656 0.589780656
1642650044.991317034 0.006330013 1.533109745 0.588963376 -0.490009391 0.548985375 -0.332605615 0.589812987
1642650044.999650002 0.006277153 1.533068106 0.589075433 -0.490064221 0.549044390 -0.332462656 0.589793099
1642650045.007983923 0.006226644 1.533028549 0.589187664 -0.490100652 0.549066911 -0.332417574 0.589767271
1642650045.016316891 0.006178921 1.532994171 0.589295439 -0.490135513 0.549105904 -0.332304026 0.589765987
1642650045.024650097 0.006150126 1.532957648 0.589387644 -0.490177285 0.549195591 -0.332215738 0.589697495
1642650045.032984018 0.006103298 1.532933184 0.589470763 -0.490234951 0.549244924 -0.332105127 0.589665915
1642650045.041316986 0.006077130 1.532905556 0.589552386 -0.490277107 0.549326277 -0.332005657 0.589611096
1642650045.049649954 0.006037224 1.532895167 0.589644854 -0.490328816 0.549321311 -0.331958944 0.589599024
1642650045.057984114 0.006020228 1.532884875 0.589722699 -0.490361521 0.549375183 -0.331886305 0.589562521
1642650045.066317081 0.006011321 1.532883050 0.589808164 -0.490402858 0.549363220 -0.331882893 0.589541208
1642650045.074650049 0.005999417 1.532891025 0.589893352 -0.490428401 0.549377851 -0.331849202 0.589525289
1642650045.082983971 0.006029509 1.532872062 0.589933366 -0.490454274 0.549504447 -0.331857137 0.589381293
1642650045.091316938 0.006045973 1.532869710 0.590010522 -0.490444579 0.549549735 -0.331881558 0.589333382
1642650045.099649906 0.006141456 1.532830270 0.590008269 -0.490398629 0.550131572 -0.331607259 0.588983076
1642650045.107984066 0.006166518 1.532829764 0.590089310 -0.490362678 0.550160148 -0.331636144 0.588970053
1642650045.116317034 0.006188820 1.532829891 0.590174724 -0.490327126 0.550150036 -0.331749603 0.588945200
1642650045.124650002 0.006222681 1.532832084 0.590235804 -0.490307169 0.550197477 -0.331812192 0.588882234
