# ground truth for sofa_fast1.synced
# timestamp tx ty tz qx qy qz qw
1642516754.925902 1.059979 1.455361 -0.309252 -0.188166 -0.413703 -0.048036 -0.889458
1642516754.934235 1.059984 1.455401 -0.309258 -0.188056 -0.413681 -0.048045 -0.889491
1642516754.942568 1.059984 1.455445 -0.309262 -0.187981 -0.413715 -0.047995 -0.889494
1642516754.950902 1.059993 1.455486 -0.309272 -0.187902 -0.413663 -0.048030 -0.889533
1642516754.959235 1.059987 1.455523 -0.309285 -0.187869 -0.413546 -0.048072 -0.889592
1642516754.967568 1.059986 1.455568 -0.309289 -0.187846 -0.413520 -0.048103 -0.889607
1642516754.975902 1.059980 1.455612 -0.309289 -0.187743 -0.413467 -0.048094 -0.889654
1642516754.984235 1.059975 1.455660 -0.309302 -0.187699 -0.413414 -0.048170 -0.889684
1642516754.992568 1.059972 1.455703 -0.309307 -0.187584 -0.413274 -0.048303 -0.889766
1642516755.000902 1.059971 1.455713 -0.309298 -0.187509 -0.413163 -0.048334 -0.889832
1642516755.009235 1.059962 1.455765 -0.309320 -0.187429 -0.413304 -0.048359 -0.889782
1642516755.017568 1.059957 1.455792 -0.309323 -0.187347 -0.413237 -0.048442 -0.889826
1642516755.025902 1.059954 1.455817 -0.309332 -0.187251 -0.413218 -0.048513 -0.889851
1642516755.034235 1.059955 1.455844 -0.309334 -0.187155 -0.413317 -0.048514 -0.889825
1642516755.042568 1.059963 1.455868 -0.309337 -0.187095 -0.413345 -0.048574 -0.889821
1642516755.050902 1.059974 1.455894 -0.309335 -0.187052 -0.413300 -0.048694 -0.889845
1642516755.059235 1.059988 1.455906 -0.309340 -0.187058 -0.413421 -0.048681 -0.889788
1642516755.067568 1.060013 1.455929 -0.309334 -0.187024 -0.413440 -0.048692 -0.889786
1642516755.075902 1.060033 1.455943 -0.309331 -0.187004 -0.413543 -0.048725 -0.889740
1642516755.084235 1.060072 1.455957 -0.309325 -0.187041 -0.413617 -0.048715 -0.889699
1642516755.092568 1.060115 1.455970 -0.309327 -0.187107 -0.413722 -0.048717 -0.889636
1642516755.100902 1.060152 1.455972 -0.309324 -0.187188 -0.413804 -0.048677 -0.889583
1642516755.109235 1.060199 1.455982 -0.309318 -0.187231 -0.413913 -0.048649 -0.889524
1642516755.117568 1.060236 1.455995 -0.309324 -0.187170 -0.414069 -0.048587 -0.889468
1642516755.125902 1.060280 1.456006 -0.309319 -0.187176 -0.414130 -0.048541 -0.889441
1642516755.134235 1.060320 1.456018 -0.309324 -0.187154 -0.414169 -0.048492 -0.889430
1642516755.142568 1.060363 1.456025 -0.309329 -0.187147 -0.414279 -0.048498 -0.889380
1642516755.150902 1.060399 1.456031 -0.309334 -0.187138 -0.414283 -0.048536 -0.889378
1642516755.159235 1.060444 1.456033 -0.309343 -0.187167 -0.414317 -0.048528 -0.889356
1642516755.167568 1.060480 1.456036 -0.309345 -0.187220 -0.414320 -0.048540 -0.889343
1642516755.175902 1.060519 1.456037 -0.309352 -0.187194 -0.414285 -0.048517 -0.889366
1642516755.184235 1.060563 1.456040 -0.309359 -0.187249 -0.414333 -0.048424 -0.889337
1642516755.192568 1.060599 1.456035 -0.309367 -0.187305 -0.414324 -0.048414 -0.889330
1642516755.200902 1.060637 1.456039 -0.309385 -0.187230 -0.414321 -0.048376 -0.889350
1642516755.209235 1.060671 1.456036 -0.309405 -0.187197 -0.414296 -0.048404 -0.889367
1642516755.217568 1.060707 1.456031 -0.309418 -0.187157 -0.414311 -0.048400 -0.889368
1642516755.225902 1.060734 1.456025 -0.309440 -0.187096 -0.414312 -0.048400 -0.889381
1642516755.234235 1.060772 1.456017 -0.309458 -0.187134 -0.414252 -0.048430 -0.889399
1642516755.242568 1.060804 1.456002 -0.309469 -0.187058 -0.414261 -0.048452 -0.889410
1642516755.250902 1.060845 1.455998 -0.309481 -0.187100 -0.414260 -0.048450 -0.889401
1642516755.259235 1.060891 1.455992 -0.309488 -0.187099 -0.414158 -0.048420 -0.889451
1642516755.267568 1.060934 1.455982 -0.309490 -0.187147 -0.414108 -0.048408 -0.889464
1642516755.275902 1.060979 1.455971 -0.309489 -0.187106 -0.414151 -0.048329 -0.889457
1642516755.284235 1.061022 1.455967 -0.309482 -0.187095 -0.414184 -0.048272 -0.889447
1642516755.292568 1.061068 1.455952 -0.309474 -0.187095 -0.414245 -0.048235 -0.889421
1642516755.300902 1.061116 1.455946 -0.309460 -0.187075 -0.414297 -0.048284 -0.889398
1642516755.309235 1.061165 1.455933 -0.309440 -0.187150 -0.414314 -0.048285 -0.889375
1642516755.317568 1.061216 1.455932 -0.309415 -0.187131 -0.414391 -0.048297 -0.889342
1642516755.325902 1.061268 1.455922 -0.309386 -0.187194 -0.414421 -0.048321 -0.889314
1642516755.334235 1.061324 1.455921 -0.309357 -0.187259 -0.414486 -0.048280 -0.889272
1642516755.342568 1.061370 1.455923 -0.309322 -0.187333 -0.414475 -0.048350 -0.889257
1642516755.350902 1.061428 1.455931 -0.309283 -0.187381 -0.414566 -0.048248 -0.889211
1642516755.359235 1.061474 1.455932 -0.309250 -0.187477 -0.414567 -0.048247 -0.889190
1642516755.367568 1.061528 1.455932 -0.309218 -0.187516 -0.414491 -0.048272 -0.889216
1642516755.375902 1.061571 1.455942 -0.309184 -0.187554 -0.414561 -0.048191 -0.889180
1642516755.384235 1.061618 1.455945 -0.309164 -0.187568 -0.414580 -0.048191 -0.889168
1642516755.392568 1.061662 1.455949 -0.309136 -0.187544 -0.414597 -0.048144 -0.889167
1642516755.400902 1.061712 1.455953 -0.309125 -0.187595 -0.414573 -0.048131 -0.889169
1642516755.409235 1.061746 1.455962 -0.309105 -0.187562 -0.414576 -0.048156 -0.889173
1642516755.417568 1.061785 1.455970 -0.309095 -0.187553 -0.414576 -0.048130 -0.889176
1642516755.425902 1.061824 1.455981 -0.309083 -0.187613 -0.414534 -0.048143 -0.889183
1642516755.434235 1.061858 1.455996 -0.309069 -0.187582 -0.414588 -0.048136 -0.889164
1642516755.442568 1.061889 1.456011 -0.309060 -0.187612 -0.414557 -0.048101 -0.889174
1642516755.450902 1.061924 1.456024 -0.309058 -0.187559 -0.414571 -0.048080 -0.889180
1642516755.459235 1.061952 1.456035 -0.309059 -0.187520 -0.414673 -0.048024 -0.889144
1642516755.467568 1.061977 1.456047 -0.309062 -0.187491 -0.414598 -0.048058 -0.889183
1642516755.475902 1.061997 1.456056 -0.309067 -0.187414 -0.414651 -0.048045 -0.889175
1642516755.484235 1.062017 1.456071 -0.309067 -0.187430 -0.414616 -0.048101 -0.889185
1642516755.492568 1.062026 1.456076 -0.309076 -0.187437 -0.414630 -0.048092 -0.889178
1642516755.500902 1.062042 1.456084 -0.309081 -0.187409 -0.414637 -0.048096 -0.889180
1642516755.509235 1.062047 1.456094 -0.309091 -0.187420 -0.414677 -0.048152 -0.889156
1642516755.517568 1.062051 1.456099 -0.309095 -0.187415 -0.414669 -0.048157 -0.889160
1642516755.525902 1.062047 1.456103 -0.309102 -0.187372 -0.414762 -0.048175 -0.889125
1642516755.534235 1.062042 1.456102 -0.309104 -0.187333 -0.414705 -0.048254 -0.889156
1642516755.542568 1.062035 1.456098 -0.309118 -0.187313 -0.414701 -0.048328 -0.889158
1642516755.550902 1.062018 1.456089 -0.309132 -0.187251 -0.414708 -0.048386 -0.889164
1642516755.559235 1.062007 1.456087 -0.309136 -0.187255 -0.414706 -0.048427 -0.889162
1642516755.567568 1.061992 1.456081 -0.309131 -0.187229 -0.414673 -0.048508 -0.889179
1642516755.575902 1.061976 1.456077 -0.309130 -0.187154 -0.414648 -0.048531 -0.889205
1642516755.584235 1.061961 1.456070 -0.309130 -0.187176 -0.414622 -0.048649 -0.889206
1642516755.592568 1.061941 1.456068 -0.309121 -0.187111 -0.414654 -0.048674 -0.889203
1642516755.600902 1.061926 1.456059 -0.309109 -0.187089 -0.414666 -0.048752 -0.889198
1642516755.609235 1.061911 1.456049 -0.309100 -0.187139 -0.414667 -0.048770 -0.889186
1642516755.617568 1.061896 1.456045 -0.309082 -0.187077 -0.414651 -0.048840 -0.889203
1642516755.625902 1.061888 1.456041 -0.309066 -0.187113 -0.414631 -0.048873 -0.889202
1642516755.634235 1.061878 1.456030 -0.309037 -0.187073 -0.414666 -0.048902 -0.889193
1642516755.642568 1.061868 1.456025 -0.309011 -0.187011 -0.414679 -0.048902 -0.889200
1642516755.650902 1.061854 1.456014 -0.308986 -0.187098 -0.414627 -0.048994 -0.889201
1642516755.659235 1.061841 1.456010 -0.308951 -0.187047 -0.414690 -0.048966 -0.889184
1642516755.667568 1.061836 1.456005 -0.308916 -0.187078 -0.414655 -0.049018 -0.889191
1642516755.675902 1.061830 1.456006 -0.308879 -0.187075 -0.414711 -0.049008 -0.889166
1642516755.684235 1.061827 1.456001 -0.308839 -0.187083 -0.414661 -0.049034 -0.889186
1642516755.692568 1.061828 1.456002 -0.308815 -0.187090 -0.414639 -0.049030 -0.889195
1642516755.700902 1.061829 1.456003 -0.308779 -0.187079 -0.414596 -0.049045 -0.889217
1642516755.709235 1.061828 1.456008 -0.308746 -0.187073 -0.414554 -0.049068 -0.889236
1642516755.717568 1.061834 1.456008 -0.308720 -0.187147 -0.414513 -0.049062 -0.889240
1642516755.725902 1.061834 1.456008 -0.308689 -0.187069 -0.414491 -0.049030 -0.889269
1642516755.734235 1.061855 1.456014 -0.308661 -0.187050 -0.414527 -0.048957 -0.889260
1642516755.742568 1.061865 1.456024 -0.308628 -0.187038 -0.414397 -0.049032 -0.889319
1642516755.750902 1.061880 1.456031 -0.308601 -0.187040 -0.414375 -0.048957 -0.889333
1642516755.759235 1.061893 1.456036 -0.308576 -0.187033 -0.414277 -0.048970 -0.889379
1642516755.767568 1.061913 1.456041 -0.308559 -0.187024 -0.414251 -0.048899 -0.889397
1642516755.775902 1.061933 1.456055 -0.308535 -0.187016 -0.414121 -0.048912 -0.889459
1642516755.784235 1.061955 1.456058 -0.308516 -0.186983 -0.414172 -0.048822 -0.889447
1642516755.792568 1.061981 1.456071 -0.308502 -0.186982 -0.414104 -0.048793 -0.889480
1642516755.800902 1.062021 1.456089 -0.308487 -0.186937 -0.414092 -0.048720 -0.889499
1642516755.809235 1.062045 1.456103 -0.308481 -0.186859 -0.414111 -0.048650 -0.889510
1642516755.817568 1.062079 1.456123 -0.308473 -0.186846 -0.414045 -0.048668 -0.889543
1642516755.825902 1.062119 1.456130 -0.308476 -0.186759 -0.414098 -0.048585 -0.889541
1642516755.834235 1.062158 1.456140 -0.308473 -0.186735 -0.414103 -0.048570 -0.889545
1642516755.842568 1.062206 1.456152 -0.308464 -0.186745 -0.414143 -0.048510 -0.889527
1642516755.850902 1.062253 1.456168 -0.308455 -0.186695 -0.414113 -0.048479 -0.889554
1642516755.859235 1.062308 1.456183 -0.308447 -0.186595 -0.414207 -0.048399 -0.889535
1642516755.867568 1.062364 1.456206 -0.308436 -0.186542 -0.414238 -0.048370 -0.889533
1642516755.875902 1.062432 1.456227 -0.308426 -0.186523 -0.414273 -0.048333 -0.889523
1642516755.884235 1.062494 1.456240 -0.308415 -0.186489 -0.414308 -0.048325 -0.889514
1642516755.892568 1.062561 1.456254 -0.308408 -0.186408 -0.414412 -0.048251 -0.889487
1642516755.900902 1.062631 1.456265 -0.308388 -0.186391 -0.414409 -0.048234 -0.889493
1642516755.909235 1.062699 1.456270 -0.308375 -0.186395 -0.414458 -0.048223 -0.889469
1642516755.917568 1.062776 1.456277 -0.308345 -0.186336 -0.414548 -0.048095 -0.889447
1642516755.925902 1.062854 1.456279 -0.308316 -0.186325 -0.414481 -0.048092 -0.889481
1642516755.934235 1.062938 1.456281 -0.308288 -0.186322 -0.414455 -0.048033 -0.889497
1642516755.942568 1.063022 1.456281 -0.308250 -0.186307 -0.414424 -0.048007 -0.889516
1642516755.950902 1.063107 1.456279 -0.308207 -0.186315 -0.414407 -0.047948 -0.889525
1642516755.959235 1.063192 1.456275 -0.308166 -0.186329 -0.414368 -0.047933 -0.889541
1642516755.967568 1.063292 1.456275 -0.308119 -0.186294 -0.414320 -0.047905 -0.889572
1642516755.975902 1.063386 1.456272 -0.308081 -0.186370 -0.414309 -0.047883 -0.889563
1642516755.984235 1.063479 1.456274 -0.308024 -0.186360 -0.414273 -0.047893 -0.889581
1642516755.992568 1.063576 1.456269 -0.307976 -0.186370 -0.414326 -0.047821 -0.889558
1642516756.000902 1.063674 1.456270 -0.307920 -0.186417 -0.414245 -0.047831 -0.889585
1642516756.009235 1.063772 1.456259 -0.307867 -0.186471 -0.414201 -0.047837 -0.889594
1642516756.017568 1.063870 1.456251 -0.307811 -0.186481 -0.414182 -0.047854 -0.889600
1642516756.025902 1.063977 1.456246 -0.307756 -0.186523 -0.414133 -0.047855 -0.889614
1642516756.034235 1.064080 1.456230 -0.307709 -0.186557 -0.414134 -0.047842 -0.889607
1642516756.042568 1.064193 1.456219 -0.307658 -0.186615 -0.414192 -0.047826 -0.889569
1642516756.050902 1.064292 1.456196 -0.307611 -0.186610 -0.414231 -0.047809 -0.889553
1642516756.059235 1.064407 1.456175 -0.307569 -0.186616 -0.414214 -0.047826 -0.889558
1642516756.067568 1.064522 1.456147 -0.307518 -0.186646 -0.414314 -0.047817 -0.889506
1642516756.075902 1.064635 1.456108 -0.307472 -0.186651 -0.414376 -0.047793 -0.889477
1642516756.084235 1.064746 1.456069 -0.307425 -0.186707 -0.414440 -0.047767 -0.889437
1642516756.092568 1.064865 1.456025 -0.307372 -0.186796 -0.414454 -0.047788 -0.889411
1642516756.100902 1.064985 1.455981 -0.307314 -0.186832 -0.414521 -0.047740 -0.889375
1642516756.109235 1.065104 1.455943 -0.307254 -0.186962 -0.414568 -0.047780 -0.889323
1642516756.117568 1.065230 1.455906 -0.307189 -0.187031 -0.414600 -0.047745 -0.889295
1642516756.125902 1.065362 1.455865 -0.307120 -0.187144 -0.414654 -0.047746 -0.889247
1642516756.134235 1.065489 1.455812 -0.307053 -0.187210 -0.414675 -0.047739 -0.889223
1642516756.142568 1.065627 1.455765 -0.306981 -0.187292 -0.414640 -0.047757 -0.889221
1642516756.150902 1.065752 1.455717 -0.306907 -0.187381 -0.414777 -0.047674 -0.889144
1642516756.159235 1.065892 1.455655 -0.306842 -0.187441 -0.414728 -0.047666 -0.889154
1642516756.167568 1.066035 1.455593 -0.306774 -0.187559 -0.414754 -0.047590 -0.889121
1642516756.175902 1.066173 1.455523 -0.306705 -0.187555 -0.414728 -0.047550 -0.889136
1642516756.184235 1.066318 1.455450 -0.306637 -0.187539 -0.414771 -0.047443 -0.889125
1642516756.192568 1.066463 1.455370 -0.306569 -0.187646 -0.414796 -0.047308 -0.889098
1642516756.200902 1.066610 1.455284 -0.306501 -0.187731 -0.414782 -0.047242 -0.889090
1642516756.209235 1.066762 1.455203 -0.306429 -0.187731 -0.414867 -0.047073 -0.889060
1642516756.217568 1.066916 1.455117 -0.306358 -0.187813 -0.414827 -0.046959 -0.889067
1642516756.225902 1.067073 1.455037 -0.306289 -0.187953 -0.414833 -0.046832 -0.889041
1642516756.234235 1.067223 1.454951 -0.306207 -0.188057 -0.414934 -0.046670 -0.888980
1642516756.242568 1.067378 1.454865 -0.306124 -0.188145 -0.414914 -0.046523 -0.888979
1642516756.250902 1.067532 1.454783 -0.306037 -0.188263 -0.414884 -0.046398 -0.888975
1642516756.259235 1.067684 1.454695 -0.305937 -0.188358 -0.414757 -0.046383 -0.889014
1642516756.267568 1.067829 1.454623 -0.305828 -0.188501 -0.414774 -0.046175 -0.888987
1642516756.275902 1.067978 1.454547 -0.305718 -0.188636 -0.414602 -0.046170 -0.889039
1642516756.284235 1.068118 1.454477 -0.305593 -0.188686 -0.414469 -0.046028 -0.889098
1642516756.292568 1.068268 1.454422 -0.305476 -0.188848 -0.414384 -0.045881 -0.889110
1642516756.300902 1.068413 1.454363 -0.305353 -0.188905 -0.414240 -0.045788 -0.889170
1642516756.309235 1.068555 1.454320 -0.305220 -0.188944 -0.414006 -0.045760 -0.889272
1642516756.317568 1.068694 1.454280 -0.305095 -0.188932 -0.413869 -0.045701 -0.889342
1642516756.325902 1.068821 1.454250 -0.304970 -0.188933 -0.413690 -0.045624 -0.889429
1642516756.334235 1.068957 1.454242 -0.304835 -0.188839 -0.413581 -0.045521 -0.889505
1642516756.342568 1.069092 1.454244 -0.304705 -0.188782 -0.413417 -0.045485 -0.889595
1642516756.350902 1.069216 1.454261 -0.304579 -0.188664 -0.413258 -0.045424 -0.889697
1642516756.359235 1.069323 1.454281 -0.304455 -0.188598 -0.413037 -0.045475 -0.889811
1642516756.367568 1.069425 1.454318 -0.304329 -0.188448 -0.412852 -0.045461 -0.889929
1642516756.375902 1.069515 1.454352 -0.304203 -0.188302 -0.412565 -0.045523 -0.890090
1642516756.384235 1.069600 1.454408 -0.304084 -0.188147 -0.412243 -0.045560 -0.890270
1642516756.392568 1.069668 1.454471 -0.303957 -0.187973 -0.412012 -0.045565 -0.890414
1642516756.400902 1.069728 1.454558 -0.303835 -0.187779 -0.411647 -0.045667 -0.890618
1642516756.409235 1.069782 1.454659 -0.303709 -0.187545 -0.411351 -0.045747 -0.890800
1642516756.417568 1.069832 1.454771 -0.303577 -0.187319 -0.411062 -0.045859 -0.890975
1642516756.425902 1.069881 1.454892 -0.303463 -0.187033 -0.410791 -0.045964 -0.891155
1642516756.434235 1.069922 1.455031 -0.303351 -0.186741 -0.410522 -0.046075 -0.891334
1642516756.442568 1.069965 1.455180 -0.303236 -0.186385 -0.410290 -0.046170 -0.891510
1642516756.450902 1.069998 1.455343 -0.303134 -0.186035 -0.410046 -0.046342 -0.891687
1642516756.459235 1.070040 1.455527 -0.303035 -0.185683 -0.409909 -0.046472 -0.891817
1642516756.467568 1.070078 1.455736 -0.302923 -0.185207 -0.409854 -0.046548 -0.891937
1642516756.475902 1.070115 1.455968 -0.302818 -0.184753 -0.409639 -0.046759 -0.892119
1642516756.484235 1.070153 1.456222 -0.302717 -0.184282 -0.409536 -0.046966 -0.892252
1642516756.492568 1.070194 1.456499 -0.302618 -0.183828 -0.409362 -0.047242 -0.892412
1642516756.500902 1.070245 1.456808 -0.302508 -0.183335 -0.409272 -0.047403 -0.892546
1642516756.509235 1.070300 1.457162 -0.302378 -0.182689 -0.409165 -0.047680 -0.892713
1642516756.517568 1.070348 1.457560 -0.302229 -0.182037 -0.408906 -0.048047 -0.892945
1642516756.525902 1.070422 1.458007 -0.302058 -0.181457 -0.408893 -0.048254 -0.893057
1642516756.534235 1.070493 1.458513 -0.301872 -0.180791 -0.408682 -0.048566 -0.893272
1642516756.542568 1.070577 1.459080 -0.301667 -0.180186 -0.408645 -0.048832 -0.893397
1642516756.550902 1.070678 1.459711 -0.301452 -0.179534 -0.408508 -0.049125 -0.893574
1642516756.559235 1.070781 1.460400 -0.301201 -0.178798 -0.408453 -0.049410 -0.893731
1642516756.567568 1.070902 1.461154 -0.300935 -0.178052 -0.408322 -0.049738 -0.893922
1642516756.575902 1.071047 1.461964 -0.300669 -0.177301 -0.408181 -0.050124 -0.894114
1642516756.584235 1.071187 1.462848 -0.300398 -0.176514 -0.408094 -0.050400 -0.894294
1642516756.592568 1.071345 1.463824 -0.300088 -0.175526 -0.407947 -0.050728 -0.894537
1642516756.600902 1.071514 1.464857 -0.299782 -0.174688 -0.407856 -0.051127 -0.894720
1642516756.609235 1.071691 1.465966 -0.299449 -0.173711 -0.407650 -0.051567 -0.894979
1642516756.617568 1.071885 1.467163 -0.299105 -0.172609 -0.407341 -0.052072 -0.895303
1642516756.625902 1.072104 1.468412 -0.298755 -0.171421 -0.406998 -0.052599 -0.895657
1642516756.634235 1.072341 1.469740 -0.298386 -0.170275 -0.406653 -0.053016 -0.896007
1642516756.642568 1.072598 1.471154 -0.298005 -0.169057 -0.406154 -0.053547 -0.896433
1642516756.650902 1.072897 1.472641 -0.297625 -0.167773 -0.405562 -0.054050 -0.896912
1642516756.659235 1.073156 1.474235 -0.297232 -0.166603 -0.404946 -0.054031 -0.897409
1642516756.667568 1.073512 1.475874 -0.296851 -0.165320 -0.404567 -0.054393 -0.897795
1642516756.675902 1.073872 1.477617 -0.296444 -0.163983 -0.404792 -0.054515 -0.897932
1642516756.684235 1.074338 1.479361 -0.296103 -0.162504 -0.403617 -0.055277 -0.898683
1642516756.692568 1.074822 1.481199 -0.295749 -0.160930 -0.403173 -0.055715 -0.899138
1642516756.700902 1.075345 1.483096 -0.295422 -0.159499 -0.402940 -0.056028 -0.899478
1642516756.709235 1.075901 1.485029 -0.295105 -0.157941 -0.402770 -0.056333 -0.899810
1642516756.717568 1.076525 1.487003 -0.294809 -0.156349 -0.402554 -0.056547 -0.900171
1642516756.725902 1.077201 1.489010 -0.294548 -0.154803 -0.402394 -0.056815 -0.900493
1642516756.734235 1.077887 1.491091 -0.294282 -0.153265 -0.403136 -0.056535 -0.900442
1642516756.742568 1.078716 1.493128 -0.294091 -0.151566 -0.402184 -0.057060 -0.901122
1642516756.750902 1.079570 1.495219 -0.293901 -0.150000 -0.402331 -0.057069 -0.901317
1642516756.759235 1.080491 1.497305 -0.293735 -0.148459 -0.402317 -0.057113 -0.901576
1642516756.767568 1.081461 1.499398 -0.293590 -0.146811 -0.402594 -0.056929 -0.901734
1642516756.775902 1.082505 1.501498 -0.293463 -0.145185 -0.402839 -0.056778 -0.901897
1642516756.784235 1.083583 1.503588 -0.293359 -0.143654 -0.403005 -0.056693 -0.902073
1642516756.792568 1.084722 1.505643 -0.293279 -0.141996 -0.403261 -0.056546 -0.902231
1642516756.800902 1.085895 1.507693 -0.293205 -0.140175 -0.403608 -0.056330 -0.902374
1642516756.809235 1.087128 1.509683 -0.293186 -0.138500 -0.404040 -0.056150 -0.902451
1642516756.817568 1.088398 1.511633 -0.293182 -0.136743 -0.404558 -0.055846 -0.902505
1642516756.825902 1.089727 1.513541 -0.293207 -0.135004 -0.404990 -0.055759 -0.902579
1642516756.834235 1.091101 1.515403 -0.293257 -0.133311 -0.405662 -0.055392 -0.902551
1642516756.842568 1.092538 1.517213 -0.293341 -0.131745 -0.406246 -0.055225 -0.902528
1642516756.850902 1.094043 1.518967 -0.293374 -0.129438 -0.407286 -0.054815 -0.902419
1642516756.859235 1.095569 1.520650 -0.293512 -0.128043 -0.408054 -0.054521 -0.902288
1642516756.867568 1.097107 1.522241 -0.293676 -0.126795 -0.409105 -0.054406 -0.901996
1642516756.875902 1.098654 1.523789 -0.293819 -0.125780 -0.410904 -0.053813 -0.901355
1642516756.884235 1.100306 1.525187 -0.294054 -0.124674 -0.411377 -0.054050 -0.901279
1642516756.892568 1.101945 1.526536 -0.294284 -0.123702 -0.412616 -0.054103 -0.900843
1642516756.900902 1.103616 1.527767 -0.294538 -0.122853 -0.414019 -0.054117 -0.900315
1642516756.909235 1.105323 1.528901 -0.294816 -0.122144 -0.415697 -0.054119 -0.899638
1642516756.917568 1.107063 1.529899 -0.295125 -0.121523 -0.417459 -0.054168 -0.898903
1642516756.925902 1.108838 1.530777 -0.295452 -0.120974 -0.419343 -0.054231 -0.898096
1642516756.934235 1.110661 1.531532 -0.295798 -0.120555 -0.421376 -0.054202 -0.897202
1642516756.942568 1.112511 1.532138 -0.296176 -0.120218 -0.423496 -0.054078 -0.896256
1642516756.950902 1.114400 1.532610 -0.296552 -0.119953 -0.425614 -0.054032 -0.895290
1642516756.959235 1.116334 1.532920 -0.296966 -0.119740 -0.428015 -0.053777 -0.894189
1642516756.967568 1.118256 1.533104 -0.297355 -0.119816 -0.431087 -0.053088 -0.892743
1642516756.975902 1.120263 1.533054 -0.297823 -0.119750 -0.432823 -0.053137 -0.891909
1642516756.984235 1.122257 1.532905 -0.298255 -0.120022 -0.435854 -0.052514 -0.890431
1642516756.992568 1.124343 1.532521 -0.298758 -0.120342 -0.437682 -0.052416 -0.889497
1642516757.000902 1.126414 1.532008 -0.299254 -0.120712 -0.440252 -0.051889 -0.888209
1642516757.009235 1.128514 1.531315 -0.299766 -0.121322 -0.442901 -0.051287 -0.886843
1642516757.017568 1.130631 1.530463 -0.300296 -0.122154 -0.445611 -0.050600 -0.885409
1642516757.025902 1.132754 1.529430 -0.300818 -0.123081 -0.448149 -0.049918 -0.884037
1642516757.034235 1.134912 1.528040 -0.301524 -0.122933 -0.453662 -0.046039 -0.881453
1642516757.042568 1.136992 1.526817 -0.301900 -0.125286 -0.453510 -0.047885 -0.881101
1642516757.050902 1.139098 1.525262 -0.302428 -0.126797 -0.455780 -0.047031 -0.879759
1642516757.059235 1.141209 1.523549 -0.302943 -0.128373 -0.458337 -0.045634 -0.878274
1642516757.067568 1.143273 1.521400 -0.303633 -0.128957 -0.462943 -0.041909 -0.875955
1642516757.075902 1.145305 1.519495 -0.303959 -0.131898 -0.462510 -0.043098 -0.875688
1642516757.084235 1.147312 1.517026 -0.304611 -0.132835 -0.467115 -0.039023 -0.873290
1642516757.092568 1.149179 1.514678 -0.304903 -0.136101 -0.465758 -0.040641 -0.873438
1642516757.100902 1.151070 1.511857 -0.305513 -0.137324 -0.469977 -0.036499 -0.871167
1642516757.109235 1.152842 1.509186 -0.305746 -0.140774 -0.468724 -0.037759 -0.871237
1642516757.117568 1.154553 1.506187 -0.306114 -0.143353 -0.469767 -0.036509 -0.870308
1642516757.125902 1.156192 1.503008 -0.306477 -0.145917 -0.470788 -0.035087 -0.869388
1642516757.134235 1.157748 1.499644 -0.306799 -0.148554 -0.471766 -0.033519 -0.868473
1642516757.142568 1.159178 1.496169 -0.307043 -0.151465 -0.473573 -0.031415 -0.867064
1642516757.150902 1.160543 1.492468 -0.307317 -0.154304 -0.474220 -0.029956 -0.866261
1642516757.159235 1.161834 1.488618 -0.307540 -0.157296 -0.475132 -0.028285 -0.865279
1642516757.167568 1.163023 1.484610 -0.307760 -0.160446 -0.475641 -0.026738 -0.864470
1642516757.175902 1.164099 1.480463 -0.307938 -0.163611 -0.476298 -0.025164 -0.863561
1642516757.184235 1.165067 1.476171 -0.308091 -0.166819 -0.476614 -0.023736 -0.862814
1642516757.192568 1.165955 1.471713 -0.308246 -0.169952 -0.476383 -0.022707 -0.862357
1642516757.200902 1.166700 1.467184 -0.308324 -0.173398 -0.476845 -0.021155 -0.861455
1642516757.209235 1.167346 1.462532 -0.308351 -0.176986 -0.477430 -0.019578 -0.860438
1642516757.217568 1.167839 1.457781 -0.308330 -0.180623 -0.477765 -0.018201 -0.859526
1642516757.225902 1.168186 1.452888 -0.308256 -0.184248 -0.478117 -0.016971 -0.858585
1642516757.234235 1.168414 1.447967 -0.308100 -0.188115 -0.478157 -0.015954 -0.857744
1642516757.242568 1.168475 1.442912 -0.307907 -0.192149 -0.478163 -0.014877 -0.856865
1642516757.250902 1.168425 1.437879 -0.307596 -0.196193 -0.478402 -0.013695 -0.855834
1642516757.259235 1.168175 1.432727 -0.307227 -0.200356 -0.478630 -0.012543 -0.854759
1642516757.267568 1.167794 1.427587 -0.306779 -0.204517 -0.478621 -0.011581 -0.853792
1642516757.275902 1.167159 1.422367 -0.306259 -0.208569 -0.478079 -0.010330 -0.853131
1642516757.284235 1.166414 1.417113 -0.305669 -0.212692 -0.477577 -0.009526 -0.852404
1642516757.292568 1.165507 1.411891 -0.304995 -0.216810 -0.477084 -0.008658 -0.851651
1642516757.300902 1.164368 1.406578 -0.304276 -0.220885 -0.476256 -0.008041 -0.851073
1642516757.309235 1.163031 1.401333 -0.303488 -0.224933 -0.475199 -0.007473 -0.850609
1642516757.317568 1.161503 1.396164 -0.302614 -0.228842 -0.474224 -0.006744 -0.850117
1642516757.325902 1.159719 1.390959 -0.301719 -0.232573 -0.472756 -0.006256 -0.849925
1642516757.334235 1.157727 1.385889 -0.300740 -0.236261 -0.471284 -0.005632 -0.849730
1642516757.342568 1.155488 1.380795 -0.299738 -0.239847 -0.469427 -0.005065 -0.849757
1642516757.350902 1.153065 1.375878 -0.298657 -0.243238 -0.467442 -0.004474 -0.849890
1642516757.359235 1.150377 1.371021 -0.297556 -0.246594 -0.465252 -0.003835 -0.850128
1642516757.367568 1.147426 1.366269 -0.296424 -0.249777 -0.462695 -0.003377 -0.850596
1642516757.375902 1.144272 1.361746 -0.295197 -0.252628 -0.460116 -0.002747 -0.851155
1642516757.384235 1.140828 1.357291 -0.293962 -0.255364 -0.457092 -0.002473 -0.851968
1642516757.392568 1.137191 1.353092 -0.292663 -0.257921 -0.454245 -0.002008 -0.852722
1642516757.400902 1.133313 1.348927 -0.291385 -0.261061 -0.450885 -0.002450 -0.853548
1642516757.409235 1.129251 1.344947 -0.289985 -0.263101 -0.447826 -0.002297 -0.854531
1642516757.417568 1.124922 1.341378 -0.288433 -0.264637 -0.444655 -0.001535 -0.855714
1642516757.425902 1.120488 1.337838 -0.286864 -0.266604 -0.441483 -0.001255 -0.856746
1642516757.434235 1.115845 1.334377 -0.285391 -0.267868 -0.440595 0.000788 -0.856809
1642516757.442568 1.111006 1.331424 -0.283523 -0.270632 -0.435356 -0.001303 -0.858616
1642516757.450902 1.106062 1.328457 -0.281839 -0.271951 -0.434856 0.000608 -0.858454
1642516757.459235 1.100886 1.325948 -0.279832 -0.274607 -0.429677 -0.002014 -0.860212
1642516757.467568 1.095601 1.323645 -0.277834 -0.276730 -0.427074 -0.002484 -0.860827
1642516757.475902 1.090216 1.321473 -0.275823 -0.278404 -0.424082 -0.003557 -0.861762
1642516757.484235 1.084761 1.319660 -0.273737 -0.280404 -0.421629 -0.003769 -0.862316
1642516757.492568 1.079143 1.317945 -0.271726 -0.281236 -0.421635 -0.002474 -0.862047
1642516757.500902 1.073405 1.316715 -0.269380 -0.283161 -0.416589 -0.005418 -0.863854
1642516757.509235 1.067572 1.315720 -0.267092 -0.284548 -0.414079 -0.006202 -0.864600
1642516757.517568 1.061593 1.314954 -0.264784 -0.285353 -0.411229 -0.007387 -0.865684
1642516757.525902 1.055538 1.314533 -0.262438 -0.286178 -0.408742 -0.008082 -0.866584
1642516757.534235 1.049377 1.314207 -0.260254 -0.285798 -0.408136 -0.007430 -0.867000
1642516757.542568 1.043137 1.314520 -0.257738 -0.286786 -0.403074 -0.010089 -0.869013
1642516757.550902 1.036796 1.314837 -0.255515 -0.285921 -0.402531 -0.009161 -0.869560
1642516757.559235 1.030380 1.315693 -0.253027 -0.286249 -0.397133 -0.011919 -0.871897
1642516757.567568 1.023930 1.316528 -0.250824 -0.284864 -0.396246 -0.010909 -0.872767
1642516757.575902 1.017411 1.317768 -0.248505 -0.283917 -0.393177 -0.011669 -0.874452
1642516757.584235 1.010806 1.319274 -0.246200 -0.282839 -0.390039 -0.012465 -0.876194
1642516757.592568 1.004183 1.321094 -0.243910 -0.281793 -0.386081 -0.013823 -0.878261
1642516757.600902 0.997464 1.323024 -0.241686 -0.280349 -0.382530 -0.015029 -0.880255
1642516757.609235 0.990628 1.325172 -0.239485 -0.278744 -0.380061 -0.015735 -0.881821
1642516757.617568 0.983762 1.327772 -0.237176 -0.277630 -0.374455 -0.019001 -0.884502
1642516757.625902 0.976707 1.330442 -0.235038 -0.276712 -0.370302 -0.020846 -0.886494
1642516757.634235 0.969783 1.333183 -0.233005 -0.274684 -0.368504 -0.021295 -0.887863
1642516757.642568 0.962832 1.336076 -0.231073 -0.272181 -0.367094 -0.021209 -0.889219
1642516757.650902 0.955714 1.339283 -0.229050 -0.269769 -0.364024 -0.022872 -0.891172
1642516757.659235 0.948649 1.342567 -0.227190 -0.267457 -0.362144 -0.023933 -0.892606
1642516757.667568 0.941407 1.346162 -0.225240 -0.265505 -0.357904 -0.027388 -0.894797
1642516757.675902 0.934165 1.349875 -0.223410 -0.262916 -0.354663 -0.029658 -0.896778
1642516757.684235 0.926812 1.353651 -0.221713 -0.260142 -0.352569 -0.031528 -0.898347
1642516757.692568 0.919495 1.357445 -0.220141 -0.257202 -0.351360 -0.032625 -0.899627
1642516757.700902 0.912048 1.361288 -0.218656 -0.253740 -0.351043 -0.032876 -0.900724
1642516757.709235 0.904464 1.365303 -0.217092 -0.250741 -0.348830 -0.034778 -0.902351
1642516757.717568 0.896670 1.369583 -0.215334 -0.248256 -0.343426 -0.039339 -0.904920
1642516757.725902 0.888968 1.373649 -0.213888 -0.245245 -0.341136 -0.041143 -0.906525
1642516757.734235 0.881098 1.377811 -0.212429 -0.242191 -0.337621 -0.043467 -0.908552
1642516757.742568 0.873244 1.382054 -0.210935 -0.238704 -0.332616 -0.046337 -0.911175
1642516757.750902 0.865221 1.386178 -0.209599 -0.235610 -0.328993 -0.048705 -0.913170
1642516757.759235 0.857159 1.390381 -0.208347 -0.232734 -0.324404 -0.051485 -0.915394
1642516757.767568 0.848989 1.394455 -0.207199 -0.229481 -0.321004 -0.053589 -0.917291
1642516757.775902 0.840711 1.398542 -0.206106 -0.226352 -0.317565 -0.055658 -0.919140
1642516757.784235 0.832419 1.402533 -0.205134 -0.222879 -0.312390 -0.058380 -0.921591
1642516757.792568 0.824039 1.406462 -0.204241 -0.219456 -0.307708 -0.060995 -0.923815
1642516757.800902 0.815604 1.410339 -0.203373 -0.216180 -0.303149 -0.063534 -0.925921
1642516757.809235 0.807080 1.414122 -0.202575 -0.212844 -0.298070 -0.066436 -0.928137
1642516757.817568 0.798498 1.417829 -0.201864 -0.209713 -0.294103 -0.068774 -0.929943
1642516757.825902 0.789927 1.421379 -0.201255 -0.206267 -0.288835 -0.071329 -0.932170
1642516757.834235 0.781251 1.424901 -0.200644 -0.203022 -0.282718 -0.074532 -0.934504
1642516757.842568 0.772687 1.428177 -0.200202 -0.199445 -0.276115 -0.077528 -0.937001
1642516757.850902 0.764170 1.431186 -0.199908 -0.195951 -0.273166 -0.077585 -0.938597
1642516757.859235 0.755565 1.434149 -0.199596 -0.192760 -0.267430 -0.079774 -0.940724
1642516757.867568 0.746984 1.436937 -0.199350 -0.189830 -0.261178 -0.082171 -0.942867
1642516757.875902 0.738433 1.439525 -0.199199 -0.186692 -0.254079 -0.085056 -0.945175
1642516757.884235 0.729730 1.442078 -0.199001 -0.184789 -0.245196 -0.089568 -0.947475
1642516757.892568 0.721269 1.444245 -0.199037 -0.182119 -0.242847 -0.089270 -0.948625
1642516757.900902 0.712708 1.446424 -0.198965 -0.179964 -0.234475 -0.093868 -0.950696
1642516757.909235 0.704298 1.448275 -0.199086 -0.177428 -0.228024 -0.096820 -0.952444
1642516757.917568 0.695937 1.449965 -0.199260 -0.175098 -0.222292 -0.099502 -0.953953
1642516757.925902 0.687668 1.451437 -0.199457 -0.173028 -0.216631 -0.101821 -0.955387
1642516757.934235 0.679485 1.452665 -0.199722 -0.171032 -0.210911 -0.104127 -0.956777
1642516757.942568 0.671453 1.453678 -0.199990 -0.169084 -0.203345 -0.107121 -0.958429
1642516757.950902 0.663446 1.454419 -0.200258 -0.167475 -0.195347 -0.110301 -0.960013
1642516757.959235 0.655370 1.454981 -0.200690 -0.166062 -0.192503 -0.110698 -0.960787
1642516757.967568 0.647471 1.455276 -0.201079 -0.164841 -0.186612 -0.112596 -0.961938
1642516757.975902 0.639680 1.455415 -0.201372 -0.163037 -0.179562 -0.114002 -0.963421
1642516757.984235 0.632040 1.455236 -0.201801 -0.163053 -0.173888 -0.116482 -0.964162
1642516757.992568 0.624438 1.454990 -0.202160 -0.161421 -0.166501 -0.118684 -0.965471
1642516758.000902 0.617048 1.454358 -0.202599 -0.160610 -0.160522 -0.120177 -0.966434
1642516758.009235 0.609733 1.453555 -0.203016 -0.159863 -0.154421 -0.121998 -0.967323
1642516758.017568 0.602560 1.452536 -0.203440 -0.159600 -0.148235 -0.124135 -0.968062
1642516758.025902 0.595484 1.451325 -0.203833 -0.159497 -0.142220 -0.126186 -0.968716
1642516758.034235 0.588557 1.449894 -0.204202 -0.159556 -0.136354 -0.128037 -0.969307
1642516758.042568 0.581743 1.448220 -0.204588 -0.159764 -0.130417 -0.130125 -0.969811
1642516758.050902 0.575077 1.446353 -0.204932 -0.160430 -0.124382 -0.132397 -0.970187
1642516758.059235 0.568582 1.444242 -0.205278 -0.161198 -0.118850 -0.134331 -0.970487
1642516758.067568 0.562158 1.442016 -0.205530 -0.162285 -0.112890 -0.136783 -0.970675
1642516758.075902 0.555918 1.439555 -0.205795 -0.163394 -0.107281 -0.138977 -0.970813
1642516758.084235 0.549903 1.436839 -0.206121 -0.164776 -0.102262 -0.141100 -0.970815
1642516758.092568 0.544026 1.434001 -0.206334 -0.166229 -0.096164 -0.143908 -0.970778
1642516758.100902 0.538336 1.430977 -0.206574 -0.167728 -0.091576 -0.146004 -0.970652
1642516758.109235 0.532864 1.427782 -0.206826 -0.169418 -0.087205 -0.148149 -0.970435
1642516758.117568 0.527649 1.424404 -0.207087 -0.171240 -0.083727 -0.149553 -0.970206
1642516758.125902 0.522598 1.420859 -0.207327 -0.173208 -0.080598 -0.151073 -0.969887
1642516758.134235 0.517669 1.417231 -0.207476 -0.175403 -0.075580 -0.154305 -0.969387
1642516758.142568 0.513059 1.413435 -0.207661 -0.177854 -0.071952 -0.156259 -0.968904
1642516758.150902 0.508708 1.409459 -0.207847 -0.180364 -0.068954 -0.157630 -0.968435
1642516758.159235 0.504524 1.405431 -0.207977 -0.183092 -0.065031 -0.160278 -0.967760
1642516758.167568 0.500674 1.401242 -0.208131 -0.185850 -0.062555 -0.161656 -0.967168
1642516758.175902 0.497075 1.396993 -0.208252 -0.188938 -0.059667 -0.163445 -0.966451
1642516758.184235 0.493725 1.392714 -0.208341 -0.192035 -0.056243 -0.165614 -0.965677
1642516758.192568 0.490736 1.388346 -0.208441 -0.195304 -0.053528 -0.166973 -0.964941
1642516758.200902 0.488064 1.383891 -0.208586 -0.198613 -0.051522 -0.167444 -0.964293
1642516758.209235 0.485678 1.379430 -0.208696 -0.201948 -0.048873 -0.168252 -0.963597
1642516758.217568 0.483615 1.374964 -0.208787 -0.205502 -0.045878 -0.168953 -0.962870
1642516758.225902 0.481818 1.370459 -0.208898 -0.208983 -0.043280 -0.169523 -0.962141
1642516758.234235 0.480281 1.365986 -0.208974 -0.212537 -0.040135 -0.170613 -0.961306
1642516758.242568 0.479142 1.361411 -0.209097 -0.215749 -0.037563 -0.170769 -0.960666
1642516758.250902 0.478252 1.356933 -0.209173 -0.219405 -0.035378 -0.171192 -0.959845
1642516758.259235 0.477610 1.352517 -0.209192 -0.223396 -0.034704 -0.171163 -0.958954
1642516758.267568 0.477331 1.348119 -0.209200 -0.227086 -0.033168 -0.171422 -0.958095
1642516758.275902 0.477351 1.343771 -0.209189 -0.230867 -0.031741 -0.171896 -0.957154
1642516758.284235 0.477676 1.339490 -0.209139 -0.234805 -0.030918 -0.172326 -0.956146
1642516758.292568 0.478290 1.335320 -0.209069 -0.238057 -0.029112 -0.173802 -0.955131
1642516758.300902 0.479283 1.331154 -0.208923 -0.242153 -0.030717 -0.173631 -0.954081
1642516758.309235 0.480578 1.327110 -0.208779 -0.245818 -0.031991 -0.174250 -0.952988
1642516758.317568 0.482200 1.323196 -0.208617 -0.249099 -0.032082 -0.176298 -0.951756
1642516758.325902 0.484159 1.319370 -0.208430 -0.252531 -0.034666 -0.177352 -0.950564
1642516758.334235 0.486538 1.315609 -0.208231 -0.256036 -0.038229 -0.177904 -0.949386
1642516758.342568 0.489116 1.312090 -0.207995 -0.259243 -0.041221 -0.179726 -0.948047
1642516758.350902 0.492163 1.308585 -0.207770 -0.262454 -0.045645 -0.180501 -0.946812
1642516758.359235 0.495332 1.305377 -0.207471 -0.266150 -0.051480 -0.181871 -0.945218
1642516758.367568 0.499020 1.302170 -0.207226 -0.269312 -0.056854 -0.182542 -0.943884
1642516758.375902 0.502979 1.299200 -0.206994 -0.272016 -0.060821 -0.184694 -0.942442
1642516758.384235 0.507310 1.296371 -0.206750 -0.274995 -0.066439 -0.186017 -0.940936
1642516758.392568 0.512019 1.293719 -0.206486 -0.278117 -0.073765 -0.186101 -0.939455
1642516758.400902 0.517109 1.291252 -0.206295 -0.280678 -0.079609 -0.187113 -0.938014
1642516758.409235 0.522522 1.289025 -0.206124 -0.283329 -0.086236 -0.187763 -0.936500
1642516758.417568 0.528320 1.286972 -0.205983 -0.285763 -0.093082 -0.188469 -0.934962
1642516758.425902 0.534446 1.285137 -0.205951 -0.288176 -0.099596 -0.188450 -0.933553
1642516758.434235 0.540823 1.283538 -0.205934 -0.290623 -0.105997 -0.188363 -0.932106
1642516758.442568 0.547470 1.282237 -0.205943 -0.292936 -0.111930 -0.188444 -0.930671
1642516758.450902 0.554500 1.281079 -0.205997 -0.295186 -0.118535 -0.187423 -0.929348
1642516758.459235 0.561863 1.280125 -0.206128 -0.297244 -0.125042 -0.185857 -0.928153
1642516758.467568 0.569529 1.279390 -0.206310 -0.299325 -0.131654 -0.183894 -0.926960
1642516758.475902 0.577477 1.278872 -0.206546 -0.301301 -0.138281 -0.181811 -0.925765
1642516758.484235 0.585734 1.278484 -0.206893 -0.303303 -0.144431 -0.179924 -0.924540
1642516758.492568 0.594184 1.278356 -0.207260 -0.305234 -0.151098 -0.177331 -0.923339
1642516758.500902 0.602862 1.278419 -0.207704 -0.306930 -0.158085 -0.174409 -0.922163
1642516758.509235 0.611765 1.278690 -0.208203 -0.308438 -0.165231 -0.171465 -0.920958
1642516758.517568 0.620859 1.279135 -0.208794 -0.309760 -0.172651 -0.168323 -0.919733
1642516758.525902 0.630142 1.279812 -0.209428 -0.310882 -0.180621 -0.164933 -0.918436
1642516758.534235 0.639568 1.280611 -0.210163 -0.311400 -0.188770 -0.160955 -0.917327
1642516758.542568 0.649240 1.281579 -0.211104 -0.313605 -0.197135 -0.158372 -0.915264
1642516758.550902 0.658985 1.282838 -0.211935 -0.314168 -0.205498 -0.155912 -0.913652
1642516758.559235 0.669013 1.284109 -0.212999 -0.315159 -0.214385 -0.152361 -0.911866
1642516758.567568 0.678981 1.285600 -0.214153 -0.316309 -0.224630 -0.148994 -0.909555
1642516758.575902 0.689071 1.287224 -0.215433 -0.317128 -0.234567 -0.145802 -0.907276
1642516758.584235 0.699232 1.288992 -0.216832 -0.317669 -0.244322 -0.142494 -0.905035
1642516758.592568 0.709412 1.290911 -0.218356 -0.318104 -0.254254 -0.139141 -0.902665
1642516758.600902 0.719661 1.292868 -0.220111 -0.318676 -0.264570 -0.135422 -0.900061
1642516758.609235 0.729803 1.295024 -0.221911 -0.319555 -0.273389 -0.132369 -0.897564
1642516758.617568 0.740076 1.297205 -0.223935 -0.320056 -0.283329 -0.128453 -0.894868
1642516758.625902 0.750213 1.299790 -0.225736 -0.318066 -0.292768 -0.123454 -0.893241
1642516758.634235 0.760369 1.302333 -0.227825 -0.317681 -0.301759 -0.119105 -0.890974
1642516758.642568 0.770417 1.304978 -0.229996 -0.317393 -0.311047 -0.114591 -0.888471
1642516758.650902 0.780472 1.307689 -0.232312 -0.316867 -0.318476 -0.110363 -0.886560
1642516758.659235 0.790370 1.310482 -0.234677 -0.316268 -0.326253 -0.105882 -0.884490
1642516758.667568 0.800127 1.313323 -0.237090 -0.315539 -0.333837 -0.101306 -0.882454
1642516758.675902 0.809727 1.316263 -0.239550 -0.314607 -0.341077 -0.096812 -0.880521
1642516758.684235 0.819108 1.319256 -0.241996 -0.313734 -0.349181 -0.092233 -0.878144
1642516758.692568 0.828367 1.322337 -0.244507 -0.312646 -0.355531 -0.087868 -0.876430
1642516758.700902 0.837461 1.325462 -0.247081 -0.311481 -0.361619 -0.083586 -0.874771
1642516758.709235 0.846412 1.328634 -0.249700 -0.310038 -0.367233 -0.079290 -0.873344
1642516758.717568 0.855114 1.331921 -0.252329 -0.308478 -0.372938 -0.074777 -0.871875
1642516758.725902 0.863628 1.335262 -0.254974 -0.306671 -0.378603 -0.069783 -0.870484
1642516758.734235 0.871879 1.338686 -0.257592 -0.304767 -0.384056 -0.065260 -0.869114
1642516758.742568 0.879888 1.342164 -0.260228 -0.302937 -0.389185 -0.060841 -0.867792
1642516758.750902 0.887622 1.345711 -0.262812 -0.300657 -0.394091 -0.056234 -0.866681
1642516758.759235 0.895078 1.349301 -0.265387 -0.298559 -0.398698 -0.051921 -0.865568
1642516758.767568 0.902217 1.352920 -0.267879 -0.296274 -0.402746 -0.047612 -0.864726
1642516758.775902 0.909066 1.356544 -0.270310 -0.294205 -0.406574 -0.043450 -0.863859
1642516758.784235 0.915534 1.360228 -0.272661 -0.292141 -0.409593 -0.039703 -0.863314
1642516758.792568 0.921731 1.363897 -0.275008 -0.290401 -0.412510 -0.036657 -0.862646
1642516758.800902 0.927547 1.367670 -0.277231 -0.288277 -0.414843 -0.033091 -0.862384
1642516758.809235 0.933022 1.371491 -0.279373 -0.286002 -0.416868 -0.029562 -0.862293
1642516758.817568 0.938144 1.375352 -0.281412 -0.283622 -0.418494 -0.026191 -0.862401
1642516758.825902 0.942907 1.379260 -0.283386 -0.281161 -0.420127 -0.023057 -0.862503
1642516758.834235 0.947341 1.383167 -0.285283 -0.278664 -0.421230 -0.020117 -0.862848
1642516758.842568 0.951421 1.387104 -0.287074 -0.275841 -0.422395 -0.017204 -0.863249
1642516758.850902 0.955170 1.391078 -0.288814 -0.273012 -0.423327 -0.014687 -0.863738
1642516758.859235 0.958589 1.395027 -0.290466 -0.269948 -0.424220 -0.012284 -0.864300
1642516758.867568 0.961656 1.398890 -0.292223 -0.266069 -0.427611 -0.007921 -0.863883
1642516758.875902 0.964353 1.403039 -0.293627 -0.263678 -0.426044 -0.007779 -0.865390
1642516758.884235 0.966662 1.407106 -0.295093 -0.260565 -0.426607 -0.006145 -0.866068
1642516758.892568 0.968634 1.411151 -0.296508 -0.257121 -0.427227 -0.004537 -0.866802
1642516758.900902 0.970245 1.415189 -0.297857 -0.253649 -0.427907 -0.002978 -0.867496
1642516758.909235 0.971530 1.419073 -0.299273 -0.249304 -0.430761 0.000441 -0.867348
1642516758.917568 0.972451 1.423231 -0.300303 -0.246400 -0.428960 -0.000241 -0.869068
1642516758.925902 0.973051 1.427134 -0.301451 -0.241076 -0.431247 0.002962 -0.869425
1642516758.934235 0.973288 1.431125 -0.302455 -0.237147 -0.431749 0.004348 -0.870250
1642516758.942568 0.973213 1.435194 -0.303192 -0.234297 -0.429016 0.003108 -0.872376
1642516758.950902 0.972764 1.438959 -0.304153 -0.229776 -0.430696 0.005582 -0.872739
1642516758.959235 0.971940 1.443001 -0.304739 -0.226830 -0.427938 0.004392 -0.874870
1642516758.967568 0.970811 1.446714 -0.305487 -0.222417 -0.429353 0.006959 -0.875293
1642516758.975902 0.969305 1.450476 -0.306013 -0.218721 -0.428464 0.007561 -0.876654
1642516758.984235 0.967425 1.454194 -0.306415 -0.215025 -0.426753 0.007632 -0.878401
1642516758.992568 0.965228 1.457870 -0.306680 -0.211550 -0.425265 0.008003 -0.879962
1642516759.000902 0.962642 1.461463 -0.306808 -0.208125 -0.423608 0.007897 -0.881577
1642516759.009235 0.959734 1.464975 -0.306807 -0.204855 -0.421600 0.007849 -0.883304
1642516759.017568 0.956516 1.468399 -0.306710 -0.201567 -0.419179 0.007543 -0.885213
1642516759.025902 0.953013 1.471703 -0.306614 -0.198172 -0.414612 0.006300 -0.888136
1642516759.034235 0.949178 1.474914 -0.306334 -0.195119 -0.410976 0.005296 -0.890505
1642516759.042568 0.944954 1.478078 -0.305947 -0.192215 -0.407956 0.004557 -0.892527
1642516759.050902 0.940446 1.481097 -0.305480 -0.189493 -0.404692 0.003602 -0.894597
1642516759.059235 0.935637 1.484004 -0.304919 -0.186715 -0.401246 0.002523 -0.896734
1642516759.067568 0.930534 1.486781 -0.304312 -0.184190 -0.397562 0.001233 -0.898898
1642516759.075902 0.925171 1.489504 -0.303544 -0.180774 -0.393066 -0.000316 -0.901565
1642516759.084235 0.919505 1.491920 -0.302833 -0.178232 -0.389562 -0.001371 -0.903589
1642516759.092568 0.913588 1.494260 -0.302064 -0.176219 -0.384635 -0.003335 -0.906086
1642516759.100902 0.907413 1.496397 -0.301254 -0.174132 -0.380231 -0.004798 -0.908339
1642516759.109235 0.900955 1.498372 -0.300397 -0.171958 -0.375687 -0.006287 -0.910632
1642516759.117568 0.894296 1.500135 -0.299508 -0.169929 -0.371003 -0.007731 -0.912919
1642516759.125902 0.887444 1.501696 -0.298579 -0.167961 -0.365999 -0.009194 -0.915287
1642516759.134235 0.880317 1.503133 -0.297633 -0.166300 -0.361711 -0.010409 -0.917279
1642516759.142568 0.873008 1.504295 -0.296689 -0.164418 -0.356572 -0.012276 -0.919605
1642516759.150902 0.865475 1.505299 -0.295735 -0.162738 -0.351722 -0.013962 -0.921744
1642516759.159235 0.857749 1.506108 -0.294791 -0.161257 -0.346953 -0.015782 -0.923781
1642516759.167568 0.849793 1.506730 -0.293839 -0.159715 -0.342293 -0.017650 -0.925751
1642516759.175902 0.841668 1.507255 -0.292752 -0.158852 -0.335659 -0.021322 -0.928248
1642516759.184235 0.833432 1.507451 -0.291798 -0.157622 -0.330819 -0.023378 -0.930144
1642516759.192568 0.825116 1.507386 -0.290855 -0.156307 -0.326004 -0.025250 -0.932015
1642516759.200902 0.816663 1.507119 -0.289904 -0.155100 -0.321364 -0.026862 -0.933782
1642516759.209235 0.808133 1.506641 -0.288964 -0.154141 -0.316792 -0.028406 -0.935455
1642516759.217568 0.799501 1.505938 -0.288034 -0.153249 -0.312443 -0.029682 -0.937024
1642516759.225902 0.790909 1.504923 -0.287188 -0.152279 -0.309264 -0.029628 -0.938237
1642516759.234235 0.782204 1.503796 -0.286153 -0.152010 -0.303675 -0.031842 -0.940032
1642516759.242568 0.773496 1.502388 -0.285197 -0.151872 -0.299095 -0.032912 -0.941485
1642516759.250902 0.764751 1.500762 -0.284255 -0.151909 -0.295015 -0.033667 -0.942739
1642516759.259235 0.756109 1.498796 -0.283392 -0.151923 -0.292134 -0.032905 -0.943660
1642516759.267568 0.747227 1.496846 -0.282303 -0.152689 -0.286106 -0.035590 -0.945285
1642516759.275902 0.738586 1.494442 -0.281426 -0.153471 -0.282492 -0.035503 -0.946248
1642516759.284235 0.729793 1.491936 -0.280473 -0.154673 -0.280796 -0.034309 -0.946601
1642516759.292568 0.721126 1.489155 -0.279575 -0.156016 -0.276627 -0.034724 -0.947592
1642516759.300902 0.712285 1.486334 -0.278519 -0.157725 -0.271691 -0.036419 -0.948673
1642516759.309235 0.703639 1.483147 -0.277659 -0.159393 -0.268210 -0.036206 -0.949393
1642516759.317568 0.694978 1.479796 -0.276761 -0.161370 -0.264580 -0.036288 -0.950074
1642516759.325902 0.686236 1.476348 -0.275782 -0.163664 -0.260156 -0.037119 -0.950871
1642516759.334235 0.677644 1.472625 -0.274873 -0.165992 -0.255542 -0.037582 -0.951700
1642516759.342568 0.668960 1.468753 -0.274026 -0.168733 -0.252844 -0.037107 -0.951957
1642516759.350902 0.660331 1.464698 -0.273153 -0.171779 -0.249863 -0.036548 -0.952221
1642516759.359235 0.651714 1.460520 -0.272293 -0.174807 -0.244857 -0.037502 -0.952933
1642516759.367568 0.642998 1.456215 -0.271454 -0.178310 -0.242266 -0.037180 -0.952959
1642516759.375902 0.634312 1.451738 -0.270649 -0.181886 -0.239069 -0.037169 -0.953091
1642516759.384235 0.625719 1.447004 -0.269957 -0.185640 -0.236865 -0.035990 -0.952962
1642516759.392568 0.616980 1.442352 -0.269109 -0.189220 -0.231409 -0.037511 -0.953540
1642516759.400902 0.608203 1.437591 -0.268301 -0.193797 -0.229241 -0.036744 -0.953174
1642516759.409235 0.599384 1.432679 -0.267551 -0.198385 -0.226601 -0.036551 -0.952869
1642516759.417568 0.590582 1.427665 -0.266871 -0.202733 -0.222843 -0.036857 -0.952829
1642516759.425902 0.581672 1.422647 -0.266221 -0.207147 -0.218861 -0.037654 -0.952771
1642516759.434235 0.572881 1.417454 -0.265707 -0.211220 -0.214100 -0.037985 -0.952945
1642516759.442568 0.563907 1.412316 -0.265284 -0.215068 -0.209273 -0.039124 -0.953111
1642516759.450902 0.554798 1.407198 -0.264899 -0.219205 -0.205598 -0.040027 -0.952931
1642516759.459235 0.545714 1.402066 -0.264582 -0.223238 -0.201289 -0.040767 -0.952883
1642516759.467568 0.536533 1.397022 -0.264343 -0.227159 -0.197027 -0.041816 -0.952801
1642516759.475902 0.527415 1.391940 -0.264227 -0.230721 -0.191361 -0.042923 -0.953051
1642516759.484235 0.518228 1.386991 -0.264166 -0.234799 -0.186984 -0.043566 -0.952895
1642516759.492568 0.509030 1.382101 -0.264237 -0.238449 -0.182002 -0.044354 -0.952917
1642516759.500902 0.499841 1.377309 -0.264435 -0.241547 -0.175677 -0.045601 -0.953264
1642516759.509235 0.490559 1.372730 -0.264652 -0.244315 -0.170753 -0.045411 -0.953463
1642516759.517568 0.481401 1.368153 -0.265122 -0.247857 -0.165062 -0.046938 -0.953477
1642516759.525902 0.472135 1.363846 -0.265630 -0.249788 -0.158667 -0.047299 -0.954041
1642516759.534235 0.462937 1.359666 -0.266208 -0.252270 -0.152612 -0.047988 -0.954341
1642516759.542568 0.453653 1.355672 -0.266867 -0.254602 -0.145790 -0.049213 -0.954726
1642516759.550902 0.444486 1.351914 -0.267556 -0.256930 -0.139063 -0.049758 -0.955077
1642516759.559235 0.435334 1.348363 -0.268273 -0.259139 -0.132204 -0.050282 -0.955427
1642516759.567568 0.426222 1.345029 -0.269008 -0.261354 -0.125021 -0.050685 -0.955769
1642516759.575902 0.417141 1.341926 -0.269795 -0.263586 -0.118190 -0.050676 -0.956026
1642516759.584235 0.408094 1.339080 -0.270557 -0.265695 -0.110800 -0.050700 -0.956326
1642516759.592568 0.399112 1.336497 -0.271305 -0.267778 -0.102915 -0.051107 -0.956604
1642516759.600902 0.390292 1.334107 -0.272103 -0.269903 -0.095989 -0.050523 -0.956758
1642516759.609235 0.381411 1.332043 -0.272858 -0.271796 -0.088966 -0.050474 -0.956904
1642516759.617568 0.372576 1.330342 -0.273504 -0.273578 -0.081213 -0.051154 -0.957049
1642516759.625902 0.363907 1.328839 -0.274181 -0.275470 -0.074077 -0.051329 -0.957076
1642516759.634235 0.355310 1.327658 -0.274827 -0.277090 -0.066891 -0.051925 -0.957105
1642516759.642568 0.346812 1.326758 -0.275458 -0.278766 -0.059712 -0.052660 -0.957053
1642516759.650902 0.338446 1.326145 -0.276119 -0.280065 -0.052849 -0.053220 -0.957047
1642516759.659235 0.330263 1.325809 -0.276831 -0.280666 -0.045171 -0.054154 -0.957211
1642516759.667568 0.322201 1.325774 -0.277546 -0.281344 -0.038698 -0.054817 -0.957258
1642516759.675902 0.314276 1.326030 -0.278253 -0.281415 -0.032594 -0.054939 -0.957458
1642516759.684235 0.306598 1.326551 -0.279048 -0.281596 -0.026794 -0.055572 -0.957548
1642516759.692568 0.299144 1.327337 -0.279901 -0.281465 -0.020923 -0.056153 -0.957699
1642516759.700902 0.291938 1.328391 -0.280769 -0.281322 -0.015334 -0.056360 -0.957834
1642516759.709235 0.284970 1.329677 -0.281703 -0.280525 -0.009424 -0.056493 -0.958137
1642516759.717568 0.278264 1.331191 -0.282685 -0.279451 -0.003400 -0.056568 -0.958486
1642516759.725902 0.271822 1.332938 -0.283717 -0.278069 0.002831 -0.056570 -0.958890
1642516759.734235 0.265666 1.334912 -0.284810 -0.276350 0.008791 -0.056345 -0.959364
1642516759.742568 0.259745 1.337203 -0.285903 -0.274570 0.014532 -0.056440 -0.959799
1642516759.750902 0.254253 1.339571 -0.287087 -0.272242 0.020194 -0.055775 -0.960399
1642516759.759235 0.249030 1.342200 -0.288261 -0.269665 0.025733 -0.055292 -0.961021
1642516759.767568 0.244122 1.345021 -0.289449 -0.266836 0.031059 -0.054812 -0.961681
1642516759.775902 0.239544 1.348027 -0.290655 -0.263848 0.036066 -0.054169 -0.962367
1642516759.784235 0.235305 1.351213 -0.291826 -0.260522 0.041246 -0.053518 -0.963101
1642516759.792568 0.231437 1.354541 -0.292978 -0.257170 0.045801 -0.052646 -0.963843
1642516759.800902 0.227910 1.358028 -0.294072 -0.253390 0.051170 -0.052177 -0.964600
1642516759.809235 0.224766 1.361600 -0.295121 -0.249735 0.055624 -0.051061 -0.965366
1642516759.817568 0.221991 1.365278 -0.296077 -0.246056 0.059683 -0.049696 -0.966139
1642516759.825902 0.219609 1.368997 -0.296966 -0.242561 0.062736 -0.047789 -0.966925
1642516759.834235 0.217547 1.372820 -0.297728 -0.239008 0.066215 -0.046382 -0.967646
1642516759.842568 0.215700 1.376830 -0.298286 -0.235203 0.070723 -0.045905 -0.968282
1642516759.850902 0.214382 1.380676 -0.298866 -0.232062 0.072550 -0.043719 -0.969006
1642516759.859235 0.213330 1.384639 -0.299311 -0.228713 0.075006 -0.042167 -0.969684
1642516759.867568 0.212556 1.388672 -0.299629 -0.225058 0.078064 -0.041437 -0.970329
1642516759.875902 0.212138 1.392703 -0.299878 -0.221559 0.080015 -0.040213 -0.971026
1642516759.884235 0.212069 1.396678 -0.300089 -0.218207 0.080636 -0.038266 -0.971812
1642516759.892568 0.212218 1.400771 -0.300157 -0.214300 0.082782 -0.037843 -0.972517
1642516759.900902 0.212772 1.404750 -0.300201 -0.210676 0.083566 -0.036791 -0.973283
1642516759.909235 0.213777 1.408526 -0.300271 -0.207369 0.082244 -0.034440 -0.974191
1642516759.917568 0.215026 1.412355 -0.300241 -0.203763 0.081797 -0.032989 -0.975039
1642516759.925902 0.216493 1.416216 -0.300123 -0.200052 0.081342 -0.032081 -0.975876
1642516759.934235 0.218410 1.419855 -0.300023 -0.196980 0.079125 -0.030135 -0.976745
1642516759.942568 0.220596 1.423437 -0.299955 -0.192904 0.078109 -0.029066 -0.977672
1642516759.950902 0.223060 1.426940 -0.299856 -0.189226 0.076267 -0.027974 -0.978568
1642516759.959235 0.225723 1.430391 -0.299702 -0.186761 0.071520 -0.026106 -0.979451
1642516759.967568 0.228798 1.433604 -0.299647 -0.182022 0.070765 -0.025708 -0.980408
1642516759.975902 0.232092 1.436747 -0.299534 -0.178145 0.068088 -0.025107 -0.981325
1642516759.984235 0.235601 1.439782 -0.299342 -0.175175 0.063771 -0.023993 -0.982177
1642516759.992568 0.239375 1.442624 -0.299203 -0.171473 0.060526 -0.023639 -0.983044
1642516760.000902 0.243364 1.445320 -0.299015 -0.168161 0.056600 -0.023295 -0.983858
1642516760.009235 0.247570 1.447857 -0.298774 -0.165200 0.052182 -0.022874 -0.984613
1642516760.017568 0.251982 1.450203 -0.298511 -0.162385 0.047678 -0.022585 -0.985316
1642516760.025902 0.256589 1.452369 -0.298201 -0.159722 0.042798 -0.022345 -0.985981
1642516760.034235 0.261383 1.454323 -0.297867 -0.157231 0.037774 -0.022209 -0.986589
1642516760.042568 0.266361 1.456079 -0.297491 -0.154916 0.032594 -0.022151 -0.987141
1642516760.050902 0.271509 1.457595 -0.297082 -0.152798 0.027034 -0.022255 -0.987637
1642516760.059235 0.276826 1.458872 -0.296618 -0.150958 0.021448 -0.022561 -0.988050
1642516760.067568 0.282295 1.459916 -0.296114 -0.149331 0.015720 -0.022887 -0.988397
1642516760.075902 0.287916 1.460716 -0.295539 -0.148112 0.009521 -0.023102 -0.988655
1642516760.084235 0.293682 1.461256 -0.294913 -0.147134 0.003608 -0.023791 -0.988824
1642516760.092568 0.299590 1.461534 -0.294230 -0.146608 -0.002609 -0.024463 -0.988889
1642516760.100902 0.305637 1.461555 -0.293511 -0.146336 -0.008951 -0.025123 -0.988875
1642516760.109235 0.311820 1.461309 -0.292727 -0.146369 -0.015297 -0.025846 -0.988774
1642516760.117568 0.318160 1.460811 -0.291929 -0.146661 -0.021774 -0.027000 -0.988579
1642516760.125902 0.324549 1.460084 -0.291017 -0.147132 -0.028012 -0.027984 -0.988324
1642516760.134235 0.331115 1.458997 -0.290145 -0.147772 -0.034985 -0.028314 -0.987997
1642516760.142568 0.337770 1.457667 -0.289200 -0.148731 -0.041710 -0.028893 -0.987575
1642516760.150902 0.344559 1.456038 -0.288274 -0.150642 -0.048048 -0.030320 -0.986954
1642516760.159235 0.351408 1.454212 -0.287256 -0.152443 -0.054461 -0.031662 -0.986302
1642516760.167568 0.358352 1.452164 -0.286177 -0.154244 -0.059453 -0.034033 -0.985655
1642516760.175902 0.365417 1.449769 -0.285166 -0.156271 -0.066191 -0.035005 -0.984872
1642516760.184235 0.372571 1.447103 -0.284152 -0.158437 -0.072943 -0.035905 -0.984016
1642516760.192568 0.379890 1.444169 -0.283207 -0.161598 -0.079567 -0.037430 -0.982931
1642516760.200902 0.387281 1.440995 -0.282252 -0.164719 -0.086386 -0.038575 -0.981793
1642516760.209235 0.394743 1.437577 -0.281308 -0.167934 -0.092994 -0.039682 -0.980600
1642516760.217568 0.402295 1.433921 -0.280407 -0.171423 -0.099563 -0.040951 -0.979298
1642516760.225902 0.409943 1.430045 -0.279566 -0.175065 -0.106102 -0.042235 -0.977911
1642516760.234235 0.417695 1.425955 -0.278772 -0.178847 -0.112440 -0.043573 -0.976459
1642516760.242568 0.425496 1.421717 -0.277984 -0.182997 -0.117893 -0.045553 -0.974956
1642516760.250902 0.433440 1.417231 -0.277356 -0.187419 -0.125257 -0.045900 -0.973179
1642516760.259235 0.441501 1.412520 -0.276873 -0.191397 -0.130998 -0.047041 -0.971593
1642516760.267568 0.449632 1.407653 -0.276461 -0.195717 -0.136947 -0.048044 -0.969862
1642516760.275902 0.457842 1.402650 -0.276116 -0.200546 -0.143445 -0.048381 -0.967918
1642516760.284235 0.466209 1.397424 -0.275966 -0.205803 -0.149051 -0.049771 -0.965894
1642516760.292568 0.474577 1.392171 -0.275893 -0.209487 -0.153911 -0.049795 -0.964338
1642516760.300902 0.483075 1.386782 -0.275962 -0.213997 -0.158830 -0.050075 -0.962534
1642516760.309235 0.491725 1.381232 -0.276267 -0.219326 -0.163724 -0.051068 -0.960460
1642516760.317568 0.500386 1.375784 -0.276540 -0.223864 -0.169536 -0.049871 -0.958465
1642516760.325902 0.509188 1.370099 -0.277177 -0.228906 -0.174156 -0.050674 -0.956402
1642516760.334235 0.517964 1.364524 -0.277810 -0.233984 -0.180366 -0.050385 -0.954034
1642516760.342568 0.526887 1.358891 -0.278598 -0.238738 -0.185427 -0.050225 -0.951892
1642516760.350902 0.535908 1.353261 -0.279538 -0.243294 -0.189566 -0.050532 -0.949905
1642516760.359235 0.544918 1.347709 -0.280542 -0.248285 -0.195365 -0.050206 -0.947453
1642516760.367568 0.554038 1.342172 -0.281665 -0.253153 -0.200859 -0.050009 -0.945023
1642516760.375902 0.563279 1.336711 -0.282921 -0.258051 -0.205937 -0.049684 -0.942619
1642516760.384235 0.572583 1.331354 -0.284298 -0.263000 -0.211342 -0.049401 -0.940066
1642516760.392568 0.582022 1.326078 -0.285850 -0.267370 -0.215863 -0.049211 -0.937814
1642516760.400902 0.591401 1.321050 -0.287472 -0.272223 -0.222438 -0.048658 -0.934905
1642516760.409235 0.600934 1.316065 -0.289263 -0.276510 -0.228158 -0.047844 -0.932307
1642516760.417568 0.610408 1.311355 -0.291102 -0.280937 -0.233918 -0.047763 -0.929557
1642516760.425902 0.619942 1.306812 -0.293023 -0.285038 -0.239941 -0.047741 -0.926770
1642516760.434235 0.629524 1.302393 -0.295149 -0.289406 -0.246671 -0.046888 -0.923688
1642516760.442568 0.638990 1.298388 -0.297187 -0.293472 -0.251765 -0.046575 -0.921043
1642516760.450902 0.648470 1.294564 -0.299428 -0.297302 -0.257626 -0.045743 -0.918231
1642516760.459235 0.657975 1.291023 -0.301743 -0.300984 -0.262975 -0.045229 -0.915537
1642516760.467568 0.667441 1.287782 -0.304174 -0.304239 -0.268355 -0.044317 -0.912941
1642516760.475902 0.676953 1.284785 -0.306695 -0.307264 -0.273418 -0.043248 -0.910473
1642516760.484235 0.686488 1.281991 -0.309397 -0.310213 -0.279122 -0.041774 -0.907807
1642516760.492568 0.695853 1.279676 -0.312024 -0.312664 -0.283334 -0.041254 -0.905683
1642516760.500902 0.705292 1.277510 -0.314867 -0.315016 -0.288678 -0.040031 -0.903232
1642516760.509235 0.714580 1.275759 -0.317616 -0.316883 -0.292870 -0.039320 -0.901258
1642516760.517568 0.723957 1.274214 -0.320586 -0.318723 -0.298140 -0.038014 -0.898934
1642516760.525902 0.733183 1.273073 -0.323505 -0.319853 -0.303080 -0.036221 -0.896953
1642516760.534235 0.742409 1.272232 -0.326472 -0.321087 -0.307730 -0.035346 -0.894962
1642516760.542568 0.751664 1.271627 -0.329531 -0.322059 -0.312762 -0.034036 -0.892916
1642516760.550902 0.760909 1.271352 -0.332803 -0.324109 -0.317665 -0.034459 -0.890424
1642516760.559235 0.769982 1.271466 -0.335940 -0.324476 -0.322636 -0.033505 -0.888538
1642516760.567568 0.779146 1.271791 -0.339217 -0.325248 -0.328055 -0.033439 -0.886270
1642516760.575902 0.788120 1.272545 -0.342558 -0.325257 -0.334584 -0.033082 -0.883837
1642516760.584235 0.797037 1.273613 -0.345854 -0.324586 -0.340809 -0.031920 -0.881745
1642516760.592568 0.805938 1.274898 -0.349256 -0.323901 -0.347290 -0.031081 -0.879495
1642516760.600902 0.814739 1.276467 -0.352697 -0.323100 -0.353834 -0.030665 -0.877193
1642516760.609235 0.823455 1.278365 -0.356125 -0.322058 -0.360353 -0.030112 -0.874939
1642516760.617568 0.832060 1.280524 -0.359545 -0.321224 -0.365982 -0.030768 -0.872883
1642516760.625902 0.840563 1.282890 -0.363031 -0.320008 -0.372965 -0.029944 -0.870400
1642516760.634235 0.848905 1.285541 -0.366420 -0.318529 -0.379296 -0.029174 -0.868230
1642516760.642568 0.857076 1.288437 -0.369733 -0.316978 -0.385315 -0.028481 -0.866167
1642516760.650902 0.865071 1.291561 -0.372969 -0.315159 -0.391016 -0.027756 -0.864298
1642516760.659235 0.872862 1.294907 -0.376123 -0.313220 -0.396466 -0.026864 -0.862546
1642516760.667568 0.880463 1.298418 -0.379187 -0.311209 -0.401409 -0.026058 -0.861012
1642516760.675902 0.887869 1.302158 -0.382165 -0.308987 -0.405450 -0.025266 -0.859941
1642516760.684235 0.894968 1.306015 -0.385015 -0.306837 -0.410760 -0.024355 -0.858216
1642516760.692568 0.901846 1.310055 -0.387728 -0.304463 -0.415065 -0.023467 -0.857014
1642516760.700902 0.908468 1.314267 -0.390353 -0.302094 -0.419022 -0.022506 -0.855951
1642516760.709235 0.914807 1.318632 -0.392878 -0.299647 -0.423033 -0.021549 -0.854863
1642516760.717568 0.920885 1.323112 -0.395294 -0.296992 -0.426933 -0.020616 -0.853873
1642516760.725902 0.926684 1.327717 -0.397609 -0.294397 -0.430559 -0.019825 -0.852969
1642516760.734235 0.932185 1.332438 -0.399824 -0.291607 -0.434349 -0.019000 -0.852024
1642516760.742568 0.937456 1.337215 -0.401869 -0.288325 -0.437796 -0.018443 -0.851389
1642516760.750902 0.942397 1.342111 -0.403799 -0.284955 -0.441132 -0.017738 -0.850816
1642516760.759235 0.947045 1.347094 -0.405596 -0.281871 -0.444455 -0.016893 -0.850131
1642516760.767568 0.951373 1.352159 -0.407270 -0.278726 -0.447586 -0.016253 -0.849538
1642516760.775902 0.955379 1.357284 -0.408825 -0.275306 -0.450417 -0.015791 -0.849166
1642516760.784235 0.959067 1.362487 -0.410255 -0.272097 -0.453322 -0.014942 -0.848669
1642516760.792568 0.962485 1.367687 -0.411584 -0.268532 -0.455872 -0.014839 -0.848441
1642516760.800902 0.965560 1.372957 -0.412825 -0.264995 -0.458199 -0.014235 -0.848309
1642516760.809235 0.968302 1.378266 -0.413962 -0.261264 -0.460015 -0.013873 -0.848490
1642516760.817568 0.970712 1.383571 -0.414999 -0.257465 -0.461866 -0.013234 -0.848655
1642516760.825902 0.972874 1.388978 -0.415871 -0.253407 -0.463654 -0.012437 -0.848914
1642516760.834235 0.974701 1.394353 -0.416628 -0.249509 -0.464982 -0.011865 -0.849351
1642516760.842568 0.976217 1.399683 -0.417265 -0.245558 -0.466249 -0.011244 -0.849816
1642516760.850902 0.977440 1.405046 -0.417745 -0.241638 -0.467119 -0.010798 -0.850467
1642516760.859235 0.978279 1.410442 -0.418049 -0.237664 -0.467113 -0.010815 -0.851589
1642516760.867568 0.978943 1.415639 -0.418314 -0.233722 -0.468030 -0.010001 -0.852186
1642516760.875902 0.979279 1.420830 -0.418437 -0.229873 -0.468138 -0.009703 -0.853177
1642516760.884235 0.979222 1.426027 -0.418398 -0.225947 -0.466836 -0.010193 -0.854932
1642516760.892568 0.979031 1.431016 -0.418326 -0.222147 -0.466972 -0.009475 -0.855861
1642516760.900902 0.978520 1.435972 -0.418099 -0.218517 -0.466743 -0.008947 -0.856926
1642516760.909235 0.977690 1.440823 -0.417756 -0.214793 -0.466043 -0.008793 -0.858249
1642516760.917568 0.976575 1.445540 -0.417283 -0.210977 -0.464956 -0.008948 -0.859782
1642516760.925902 0.975115 1.450211 -0.416640 -0.207337 -0.463139 -0.009722 -0.861637
1642516760.934235 0.973465 1.454700 -0.415859 -0.203884 -0.461944 -0.009905 -0.863100
1642516760.942568 0.971555 1.458997 -0.414970 -0.200639 -0.460698 -0.010149 -0.864522
1642516760.950902 0.969378 1.463134 -0.413942 -0.197483 -0.459478 -0.010380 -0.865895
1642516760.959235 0.967000 1.466998 -0.412834 -0.194510 -0.458508 -0.010649 -0.867077
1642516760.967568 0.964341 1.470754 -0.411556 -0.191736 -0.457347 -0.011007 -0.868303
1642516760.975902 0.961414 1.474314 -0.410136 -0.189138 -0.455956 -0.011695 -0.869594
1642516760.984235 0.958207 1.477664 -0.408601 -0.186758 -0.454397 -0.012666 -0.870910
1642516760.992568 0.954731 1.480910 -0.406839 -0.184492 -0.452255 -0.014181 -0.872483
1642516761.000902 0.951061 1.483696 -0.405132 -0.182319 -0.450813 -0.015147 -0.873669
1642516761.009235 0.947130 1.486376 -0.403222 -0.180477 -0.449235 -0.016189 -0.874845
1642516761.017568 0.942895 1.488840 -0.401103 -0.178941 -0.448008 -0.017162 -0.875771
1642516761.025902 0.938494 1.491014 -0.398898 -0.177379 -0.446052 -0.018445 -0.877060
1642516761.034235 0.933850 1.492924 -0.396578 -0.176092 -0.443575 -0.020042 -0.878539
1642516761.042568 0.929038 1.494526 -0.394220 -0.174664 -0.439772 -0.022339 -0.880678
1642516761.050902 0.923987 1.495920 -0.391727 -0.173492 -0.436973 -0.023976 -0.882258
1642516761.059235 0.918725 1.497040 -0.389153 -0.172607 -0.433969 -0.025584 -0.883868
1642516761.067568 0.913270 1.497891 -0.386522 -0.171767 -0.430849 -0.027277 -0.885506
1642516761.075902 0.907637 1.498477 -0.383829 -0.171093 -0.427493 -0.029021 -0.887206
1642516761.084235 0.901857 1.498825 -0.381097 -0.170674 -0.423399 -0.031177 -0.889175
1642516761.092568 0.895799 1.498817 -0.378352 -0.169859 -0.420990 -0.032170 -0.890438
1642516761.100902 0.889626 1.498588 -0.375558 -0.169411 -0.417571 -0.033718 -0.892075
1642516761.109235 0.883289 1.498095 -0.372712 -0.169045 -0.413918 -0.035326 -0.893783
1642516761.117568 0.876820 1.497338 -0.369855 -0.168858 -0.410152 -0.036913 -0.895489
1642516761.125902 0.870206 1.496311 -0.366971 -0.168682 -0.406259 -0.038384 -0.897233
1642516761.134235 0.863449 1.494969 -0.364120 -0.169369 -0.402034 -0.039828 -0.898942
1642516761.142568 0.856591 1.493396 -0.361201 -0.169459 -0.397962 -0.041019 -0.900681
1642516761.150902 0.849670 1.491595 -0.358218 -0.168864 -0.393882 -0.042011 -0.902539
1642516761.159235 0.842626 1.489506 -0.355286 -0.169176 -0.389474 -0.043268 -0.904332
1642516761.167568 0.835453 1.487149 -0.352391 -0.170198 -0.385036 -0.044324 -0.905989
1642516761.175902 0.828190 1.484544 -0.349453 -0.171178 -0.380469 -0.045343 -0.907681
1642516761.184235 0.820817 1.481701 -0.346525 -0.172399 -0.376160 -0.046141 -0.909205
1642516761.192568 0.813309 1.478652 -0.343583 -0.173778 -0.371550 -0.046574 -0.910814
1642516761.200902 0.805774 1.475341 -0.340638 -0.175429 -0.367068 -0.047211 -0.912281
1642516761.209235 0.798096 1.471817 -0.337710 -0.177297 -0.362737 -0.047883 -0.913617
1642516761.217568 0.790344 1.468081 -0.334787 -0.179305 -0.358337 -0.048552 -0.914925
1642516761.225902 0.782533 1.464102 -0.331887 -0.181585 -0.353993 -0.049062 -0.916138
1642516761.234235 0.774584 1.459959 -0.329011 -0.184051 -0.349645 -0.049509 -0.917291
1642516761.242568 0.766559 1.455598 -0.326164 -0.186729 -0.345369 -0.049852 -0.918350
1642516761.250902 0.758443 1.451034 -0.323337 -0.189618 -0.341033 -0.050225 -0.919358
1642516761.259235 0.750222 1.446300 -0.320526 -0.192736 -0.336760 -0.050468 -0.920271
1642516761.267568 0.741923 1.441379 -0.317734 -0.195991 -0.332479 -0.050790 -0.921122
1642516761.275902 0.733504 1.436315 -0.314977 -0.199419 -0.328202 -0.051162 -0.921899
1642516761.284235 0.724928 1.431132 -0.312263 -0.202992 -0.323968 -0.051508 -0.922597
1642516761.292568 0.716285 1.425755 -0.309604 -0.207365 -0.319376 -0.051816 -0.923208
1642516761.300902 0.707489 1.420330 -0.306953 -0.211154 -0.314922 -0.052064 -0.923866
1642516761.309235 0.698608 1.414799 -0.304344 -0.215012 -0.310396 -0.052049 -0.924508
1642516761.317568 0.689633 1.409160 -0.301764 -0.218924 -0.305573 -0.051937 -0.925203
1642516761.325902 0.680448 1.403511 -0.299178 -0.223251 -0.299022 -0.052968 -0.926250
1642516761.334235 0.671160 1.397738 -0.296760 -0.227399 -0.293635 -0.052972 -0.926964
1642516761.342568 0.661728 1.391931 -0.294429 -0.231614 -0.288110 -0.052982 -0.927653
1642516761.350902 0.652141 1.386108 -0.292186 -0.235793 -0.281967 -0.052931 -0.928490
1642516761.359235 0.642418 1.380298 -0.290042 -0.239955 -0.275532 -0.052780 -0.929364
1642516761.367568 0.632527 1.374528 -0.288030 -0.244000 -0.268910 -0.052683 -0.930256
1642516761.375902 0.622491 1.368844 -0.286024 -0.247982 -0.261022 -0.052871 -0.931438
1642516761.384235 0.612441 1.363153 -0.284215 -0.251816 -0.252684 -0.052939 -0.932704
1642516761.392568 0.602178 1.357536 -0.282477 -0.255677 -0.245797 -0.052752 -0.933504
1642516761.400902 0.591758 1.352066 -0.280825 -0.259598 -0.238117 -0.053085 -0.934394
1642516761.409235 0.581223 1.346685 -0.279323 -0.263616 -0.230126 -0.052906 -0.935281
1642516761.417568 0.570619 1.341443 -0.277886 -0.267148 -0.222306 -0.053093 -0.936159
1642516761.425902 0.559923 1.336340 -0.276535 -0.270612 -0.214605 -0.053571 -0.936933
1642516761.434235 0.549108 1.331409 -0.275248 -0.274035 -0.207619 -0.054113 -0.937481
1642516761.442568 0.538177 1.326701 -0.274062 -0.277589 -0.200852 -0.054779 -0.937871
1642516761.450902 0.527329 1.322100 -0.272983 -0.280493 -0.191716 -0.056450 -0.938820
1642516761.459235 0.516281 1.317859 -0.271906 -0.283119 -0.184096 -0.057385 -0.939499
1642516761.467568 0.505238 1.313826 -0.270905 -0.286350 -0.177879 -0.058527 -0.939647
1642516761.475902 0.494220 1.310025 -0.270021 -0.289319 -0.170623 -0.060212 -0.939977
1642516761.484235 0.483293 1.306412 -0.269322 -0.291770 -0.162355 -0.062218 -0.940553
1642516761.492568 0.472433 1.303110 -0.268657 -0.294215 -0.153828 -0.064431 -0.941075
1642516761.500902 0.461528 1.300098 -0.268118 -0.296310 -0.145478 -0.066824 -0.941579
1642516761.509235 0.450731 1.297471 -0.267580 -0.298301 -0.137600 -0.068884 -0.941986
1642516761.517568 0.440018 1.295167 -0.267132 -0.300027 -0.129240 -0.071284 -0.942443
1642516761.525902 0.429526 1.293073 -0.266857 -0.301572 -0.121864 -0.073129 -0.942792
1642516761.534235 0.419169 1.291331 -0.266652 -0.302603 -0.114344 -0.075187 -0.943241
1642516761.542568 0.408944 1.289954 -0.266527 -0.303315 -0.106984 -0.077315 -0.943704
1642516761.550902 0.398970 1.288877 -0.266471 -0.303894 -0.098881 -0.079925 -0.944184
1642516761.559235 0.389248 1.288101 -0.266550 -0.303969 -0.092039 -0.081854 -0.944686
1642516761.567568 0.379840 1.287570 -0.266786 -0.303880 -0.085946 -0.083246 -0.945167
1642516761.575902 0.370679 1.287391 -0.267075 -0.303384 -0.079702 -0.084587 -0.945754
1642516761.584235 0.361827 1.287498 -0.267423 -0.302692 -0.073369 -0.085877 -0.946372
1642516761.592568 0.353271 1.287887 -0.267819 -0.301605 -0.067316 -0.086764 -0.947088
1642516761.600902 0.345051 1.288508 -0.268297 -0.300347 -0.061242 -0.087510 -0.947831
1642516761.609235 0.337126 1.289345 -0.268869 -0.299020 -0.056253 -0.087558 -0.948555
1642516761.617568 0.329488 1.290482 -0.269450 -0.297380 -0.050942 -0.088002 -0.949329
1642516761.625902 0.322144 1.291846 -0.270057 -0.295533 -0.045664 -0.088664 -0.950112
1642516761.634235 0.315053 1.293480 -0.270671 -0.293593 -0.040256 -0.089585 -0.950872
1642516761.642568 0.308256 1.295287 -0.271303 -0.291461 -0.035586 -0.090248 -0.951651
1642516761.650902 0.301759 1.297252 -0.271972 -0.288870 -0.030068 -0.091045 -0.952555
1642516761.659235 0.295488 1.299436 -0.272590 -0.286477 -0.025644 -0.091685 -0.953345
1642516761.667568 0.289462 1.301787 -0.273181 -0.284158 -0.021562 -0.092211 -0.954089
1642516761.675902 0.283765 1.304222 -0.273769 -0.281799 -0.017968 -0.092115 -0.954872
1642516761.684235 0.278281 1.306861 -0.274306 -0.279210 -0.013988 -0.092514 -0.955661
1642516761.692568 0.273050 1.309658 -0.274814 -0.276585 -0.010083 -0.092915 -0.956434
1642516761.700902 0.268075 1.312607 -0.275288 -0.273975 -0.006464 -0.093377 -0.957171
1642516761.709235 0.263355 1.315693 -0.275638 -0.270608 -0.002605 -0.093279 -0.958156
1642516761.717568 0.258965 1.318882 -0.275989 -0.267781 0.001048 -0.093494 -0.958932
1642516761.725902 0.254878 1.322171 -0.276268 -0.264939 0.005022 -0.093926 -0.959667
1642516761.734235 0.251042 1.325560 -0.276469 -0.262180 0.008661 -0.094256 -0.960366
1642516761.742568 0.247439 1.329079 -0.276608 -0.259527 0.011485 -0.094438 -0.961039
1642516761.750902 0.244065 1.332736 -0.276711 -0.256655 0.013370 -0.094750 -0.961755
1642516761.759235 0.241072 1.336354 -0.276619 -0.253951 0.016865 -0.094984 -0.962394
1642516761.767568 0.238346 1.340084 -0.276491 -0.251141 0.019307 -0.095283 -0.963056
1642516761.775902 0.235899 1.343938 -0.276275 -0.248032 0.022466 -0.096209 -0.963701
1642516761.784235 0.233780 1.347816 -0.276069 -0.245360 0.022854 -0.095829 -0.964413
1642516761.792568 0.231979 1.351787 -0.275785 -0.242736 0.023179 -0.095724 -0.965080
1642516761.800902 0.230505 1.355811 -0.275481 -0.239829 0.023632 -0.095708 -0.965797
1642516761.809235 0.229343 1.359920 -0.275169 -0.236454 0.024985 -0.096435 -0.966522
1642516761.817568 0.228556 1.363992 -0.274827 -0.233509 0.024294 -0.095946 -0.967304
1642516761.825902 0.228048 1.368136 -0.274482 -0.230330 0.023610 -0.095704 -0.968107
1642516761.834235 0.227840 1.372296 -0.274177 -0.226756 0.023515 -0.095937 -0.968930
1642516761.842568 0.227891 1.376523 -0.273799 -0.223422 0.022423 -0.096373 -0.969687
1642516761.850902 0.228245 1.380724 -0.273478 -0.220623 0.018863 -0.095470 -0.970492
1642516761.859235 0.228988 1.384921 -0.273219 -0.217174 0.016616 -0.095497 -0.971308
1642516761.867568 0.230042 1.389112 -0.272973 -0.213447 0.015273 -0.095693 -0.972137
1642516761.875902 0.231432 1.393216 -0.272829 -0.209654 0.012457 -0.094966 -0.973073
1642516761.884235 0.233137 1.397295 -0.272721 -0.205776 0.009811 -0.094368 -0.973989
1642516761.892568 0.235149 1.401341 -0.272644 -0.201764 0.007856 -0.094089 -0.974873
1642516761.900902 0.237486 1.405319 -0.272638 -0.197711 0.005144 -0.093250 -0.975801
1642516761.909235 0.240087 1.409208 -0.272675 -0.193674 0.002187 -0.092306 -0.976712
1642516761.917568 0.242945 1.413016 -0.272735 -0.189704 -0.001088 -0.091296 -0.977587
1642516761.925902 0.246038 1.416763 -0.272777 -0.185195 -0.004533 -0.089982 -0.978563
1642516761.934235 0.249401 1.420358 -0.272880 -0.181157 -0.008103 -0.088912 -0.979393
1642516761.942568 0.253032 1.423804 -0.272994 -0.177343 -0.011910 -0.087913 -0.980142
1642516761.950902 0.256969 1.427037 -0.273160 -0.172714 -0.013917 -0.087674 -0.980964
1642516761.959235 0.261096 1.430152 -0.273297 -0.168945 -0.017391 -0.086887 -0.981634
1642516761.967568 0.265440 1.433114 -0.273418 -0.165539 -0.021358 -0.085884 -0.982224
1642516761.975902 0.269989 1.435885 -0.273528 -0.162324 -0.025546 -0.084772 -0.982757
1642516761.984235 0.274741 1.438448 -0.273608 -0.159327 -0.029872 -0.083709 -0.983217
1642516761.992568 0.279686 1.440805 -0.273635 -0.156610 -0.034301 -0.082701 -0.983594
1642516762.000902 0.284797 1.442944 -0.273610 -0.154181 -0.038904 -0.081768 -0.983885
1642516762.009235 0.290069 1.444833 -0.273528 -0.152048 -0.043657 -0.080961 -0.984084
1642516762.017568 0.295416 1.446543 -0.273347 -0.150763 -0.049806 -0.079591 -0.984101
1642516762.025902 0.301023 1.447930 -0.273132 -0.148872 -0.053588 -0.079314 -0.984213
1642516762.034235 0.306735 1.449083 -0.272834 -0.147648 -0.058077 -0.078952 -0.984172
1642516762.042568 0.312617 1.449969 -0.272528 -0.147565 -0.063061 -0.079052 -0.983869
1642516762.050902 0.318576 1.450629 -0.272089 -0.147599 -0.068007 -0.079167 -0.983525
1642516762.059235 0.324737 1.450947 -0.271667 -0.147808 -0.073249 -0.079115 -0.983122
1642516762.067568 0.330942 1.451121 -0.271083 -0.148344 -0.077315 -0.080473 -0.982619
1642516762.075902 0.337349 1.450915 -0.270567 -0.149169 -0.082978 -0.080617 -0.982020
1642516762.084235 0.343899 1.450425 -0.270016 -0.150370 -0.088745 -0.080818 -0.981316
1642516762.092568 0.350548 1.449701 -0.269385 -0.151831 -0.094183 -0.081437 -0.980533
1642516762.100902 0.357376 1.448674 -0.268762 -0.153594 -0.099964 -0.081835 -0.979653
1642516762.109235 0.364359 1.447360 -0.268134 -0.155609 -0.105720 -0.082201 -0.978699
1642516762.117568 0.371494 1.445772 -0.267512 -0.157900 -0.111588 -0.082635 -0.977644
1642516762.125902 0.378755 1.443920 -0.266890 -0.160366 -0.117465 -0.082917 -0.976529
1642516762.134235 0.386179 1.441820 -0.266266 -0.163267 -0.123550 -0.083135 -0.975279
1642516762.142568 0.393714 1.439449 -0.265689 -0.166160 -0.129307 -0.083669 -0.973997
1642516762.150902 0.401367 1.436834 -0.265127 -0.169240 -0.134823 -0.084277 -0.972665
1642516762.159235 0.409166 1.433995 -0.264603 -0.172594 -0.140441 -0.084798 -0.971235
1642516762.167568 0.417076 1.430945 -0.264110 -0.176064 -0.145678 -0.085608 -0.969768
1642516762.175902 0.425161 1.427668 -0.263693 -0.179517 -0.151604 -0.085696 -0.968218
1642516762.184235 0.433369 1.424207 -0.263322 -0.183234 -0.157094 -0.086216 -0.966599
1642516762.192568 0.441715 1.420567 -0.263003 -0.186879 -0.162497 -0.086681 -0.964965
1642516762.200902 0.450202 1.416767 -0.262751 -0.190692 -0.167827 -0.087073 -0.963270
1642516762.209235 0.458807 1.412812 -0.262595 -0.194689 -0.173441 -0.087563 -0.961430
1642516762.217568 0.467583 1.408690 -0.262530 -0.198375 -0.178173 -0.088306 -0.959742
1642516762.225902 0.476471 1.404455 -0.262534 -0.203555 -0.185126 -0.088795 -0.957293
1642516762.234235 0.485611 1.400034 -0.262700 -0.207427 -0.189319 -0.089812 -0.955545
1642516762.242568 0.494773 1.395649 -0.262839 -0.212210 -0.196511 -0.089420 -0.953076
1642516762.250902 0.504102 1.391132 -0.263113 -0.216565 -0.202767 -0.089511 -0.950775
1642516762.259235 0.513599 1.386522 -0.263489 -0.220865 -0.208801 -0.089515 -0.948477
1642516762.267568 0.523284 1.381856 -0.263920 -0.224650 -0.214432 -0.090042 -0.946279
1642516762.275902 0.533067 1.377145 -0.264457 -0.229132 -0.220138 -0.090254 -0.943871
1642516762.284235 0.542978 1.372396 -0.265092 -0.233593 -0.225147 -0.090476 -0.941572
1642516762.292568 0.553062 1.367528 -0.265905 -0.238203 -0.231558 -0.089758 -0.938927
1642516762.300902 0.563096 1.362861 -0.266579 -0.243011 -0.237824 -0.089531 -0.936146
1642516762.309235 0.573429 1.358026 -0.267549 -0.247615 -0.243064 -0.089210 -0.933621
1642516762.317568 0.583792 1.353312 -0.268509 -0.252268 -0.248739 -0.088921 -0.930904
1642516762.325902 0.594225 1.348691 -0.269510 -0.257084 -0.254669 -0.088613 -0.928008
1642516762.334235 0.604690 1.344244 -0.270467 -0.261892 -0.259869 -0.088782 -0.925202
1642516762.342568 0.615378 1.339747 -0.271670 -0.266535 -0.266229 -0.087899 -0.922147
1642516762.350902 0.626053 1.335493 -0.272825 -0.270614 -0.272413 -0.086574 -0.919274
1642516762.359235 0.636827 1.331392 -0.274062 -0.274847 -0.278448 -0.085588 -0.916297
1642516762.367568 0.647674 1.327450 -0.275388 -0.279174 -0.285440 -0.084063 -0.912973
1642516762.375902 0.658630 1.323721 -0.276865 -0.283611 -0.291290 -0.083739 -0.909782
1642516762.384235 0.669598 1.320211 -0.278360 -0.287543 -0.298196 -0.082513 -0.906416
1642516762.392568 0.680585 1.316965 -0.279861 -0.291499 -0.304643 -0.081588 -0.903086
1642516762.400902 0.691478 1.314132 -0.281285 -0.295666 -0.309809 -0.082196 -0.899913
1642516762.409235 0.702450 1.311519 -0.282782 -0.299539 -0.315561 -0.081943 -0.896651
1642516762.417568 0.713493 1.309156 -0.284370 -0.303116 -0.321836 -0.080795 -0.893317
1642516762.425902 0.724512 1.307140 -0.285962 -0.306435 -0.327818 -0.079632 -0.890108
1642516762.434235 0.735490 1.305472 -0.287593 -0.309460 -0.333740 -0.078252 -0.886977
1642516762.442568 0.746392 1.304173 -0.289260 -0.312011 -0.339306 -0.076889 -0.884086
1642516762.450902 0.757253 1.303213 -0.290961 -0.314269 -0.344954 -0.075332 -0.881230
1642516762.459235 0.768007 1.302643 -0.292674 -0.315941 -0.350445 -0.073686 -0.878601
1642516762.467568 0.778658 1.302451 -0.294401 -0.317305 -0.355730 -0.072052 -0.876117
1642516762.475902 0.789228 1.302603 -0.296166 -0.318326 -0.360899 -0.070331 -0.873770
1642516762.484235 0.799652 1.303101 -0.297914 -0.319116 -0.366587 -0.068586 -0.871249
1642516762.492568 0.809971 1.303952 -0.299699 -0.319441 -0.372031 -0.066581 -0.868975
1642516762.500902 0.820122 1.305171 -0.301435 -0.319556 -0.377168 -0.064888 -0.866844
1642516762.509235 0.830094 1.306767 -0.303129 -0.319650 -0.382114 -0.063683 -0.864729
1642516762.517568 0.839920 1.308634 -0.304812 -0.319372 -0.387521 -0.062019 -0.862544
1642516762.525902 0.849539 1.310825 -0.306423 -0.318957 -0.392852 -0.060725 -0.860375
1642516762.534235 0.858947 1.313309 -0.307975 -0.318439 -0.398248 -0.059702 -0.858155
1642516762.542568 0.868124 1.316068 -0.309460 -0.317780 -0.403784 -0.059045 -0.855855
1642516762.550902 0.877100 1.319078 -0.310905 -0.316993 -0.409328 -0.058578 -0.853543
1642516762.559235 0.885872 1.322326 -0.312308 -0.316098 -0.415188 -0.058137 -0.851071
1642516762.567568 0.894434 1.325784 -0.313652 -0.315047 -0.421242 -0.057667 -0.848514
1642516762.575902 0.902770 1.329401 -0.314962 -0.313989 -0.427149 -0.057380 -0.845968
1642516762.584235 0.910901 1.333194 -0.316185 -0.312925 -0.433135 -0.057129 -0.843332
1642516762.592568 0.918792 1.337182 -0.317319 -0.311874 -0.439191 -0.057049 -0.840590
1642516762.600902 0.926411 1.341297 -0.318284 -0.310921 -0.445860 -0.056603 -0.837456
1642516762.609235 0.933753 1.345496 -0.319125 -0.309777 -0.451789 -0.056398 -0.834712
1642516762.617568 0.940799 1.349782 -0.319834 -0.308570 -0.457224 -0.056357 -0.832199
1642516762.625902 0.947547 1.354129 -0.320411 -0.307359 -0.461978 -0.056287 -0.830023
1642516762.634235 0.954128 1.358467 -0.320920 -0.305848 -0.466436 -0.057158 -0.828026
1642516762.642568 0.960305 1.362959 -0.321298 -0.304302 -0.469960 -0.056837 -0.826624
1642516762.650902 0.966127 1.367503 -0.321579 -0.302599 -0.472497 -0.056370 -0.825835
1642516762.659235 0.971671 1.372158 -0.321799 -0.300635 -0.474509 -0.055609 -0.825450
1642516762.667568 0.976932 1.376939 -0.321958 -0.298504 -0.475581 -0.054169 -0.825702
1642516762.675902 0.981855 1.381724 -0.322054 -0.295825 -0.476450 -0.053208 -0.826227
1642516762.684235 0.986494 1.386592 -0.322065 -0.292905 -0.478172 -0.051755 -0.826365
1642516762.692568 0.990840 1.391521 -0.322044 -0.289558 -0.478803 -0.050648 -0.827248
1642516762.700902 0.994907 1.396443 -0.321902 -0.286084 -0.479088 -0.049783 -0.828343
1642516762.709235 0.998717 1.401392 -0.321606 -0.282620 -0.479872 -0.048670 -0.829144
1642516762.717568 1.002288 1.406353 -0.321209 -0.279143 -0.480096 -0.047827 -0.830240
1642516762.725902 1.005597 1.411292 -0.320656 -0.275641 -0.480160 -0.047337 -0.831401
1642516762.734235 1.008694 1.416233 -0.319932 -0.272332 -0.480686 -0.046849 -0.832215
1642516762.742568 1.011559 1.421103 -0.319050 -0.269265 -0.481107 -0.046795 -0.832972
1642516762.750902 1.014198 1.425923 -0.318031 -0.266183 -0.481629 -0.047278 -0.833634
1642516762.759235 1.016629 1.430690 -0.316867 -0.263492 -0.482732 -0.047893 -0.833815
1642516762.767568 1.018854 1.435373 -0.315569 -0.260923 -0.484186 -0.048899 -0.833722
1642516762.775902 1.020865 1.439960 -0.314143 -0.258543 -0.485681 -0.050442 -0.833502
1642516762.784235 1.022686 1.444462 -0.312551 -0.256398 -0.488101 -0.051757 -0.832670
1642516762.792568 1.024228 1.448875 -0.310734 -0.254529 -0.489385 -0.054201 -0.832334
1642516762.800902 1.025620 1.453082 -0.308823 -0.252886 -0.491163 -0.056668 -0.831623
1642516762.809235 1.026879 1.457057 -0.306798 -0.251301 -0.494905 -0.058194 -0.829777
1642516762.817568 1.027866 1.460941 -0.304461 -0.250230 -0.496868 -0.061044 -0.828722
1642516762.825902 1.028717 1.464566 -0.302012 -0.249343 -0.498394 -0.064011 -0.827849
1642516762.834235 1.029408 1.467924 -0.299409 -0.248601 -0.499830 -0.067085 -0.826962
1642516762.842568 1.029959 1.471040 -0.296632 -0.248297 -0.501151 -0.069940 -0.826017
1642516762.850902 1.030423 1.473815 -0.293793 -0.248123 -0.502919 -0.072196 -0.824800
1642516762.859235 1.030663 1.476359 -0.290761 -0.248251 -0.503723 -0.074924 -0.824027
1642516762.867568 1.030677 1.478696 -0.287533 -0.248576 -0.503043 -0.078407 -0.824021
1642516762.875902 1.030564 1.480670 -0.284264 -0.249013 -0.502255 -0.081592 -0.824060
1642516762.884235 1.030319 1.482356 -0.280930 -0.249412 -0.501507 -0.084387 -0.824113
1642516762.892568 1.029923 1.483776 -0.277525 -0.249849 -0.500752 -0.086783 -0.824192
1642516762.900902 1.029347 1.484880 -0.274093 -0.250213 -0.499523 -0.089152 -0.824574
1642516762.909235 1.028629 1.485673 -0.270625 -0.250553 -0.498179 -0.091316 -0.825047
1642516762.917568 1.027829 1.486105 -0.267191 -0.250727 -0.497236 -0.092750 -0.825403
1642516762.925902 1.026773 1.486354 -0.263626 -0.250872 -0.494790 -0.094862 -0.826588
1642516762.934235 1.025617 1.486261 -0.260072 -0.251033 -0.492438 -0.096545 -0.827748
1642516762.942568 1.024454 1.485781 -0.256570 -0.251399 -0.490331 -0.097490 -0.828776
1642516762.950902 1.023068 1.485062 -0.253022 -0.251582 -0.487919 -0.098660 -0.830005
1642516762.959235 1.021451 1.484142 -0.249362 -0.251871 -0.484632 -0.100547 -0.831615
1642516762.967568 1.019845 1.482843 -0.245810 -0.252354 -0.482246 -0.101548 -0.832733
1642516762.975902 1.017986 1.481227 -0.242196 -0.252276 -0.481013 -0.102301 -0.833378
1642516762.984235 1.016023 1.479430 -0.238503 -0.252585 -0.479176 -0.103407 -0.834205
1642516762.992568 1.013901 1.477313 -0.234771 -0.253120 -0.477041 -0.104968 -0.835071
1642516763.000902 1.011678 1.474952 -0.230959 -0.253944 -0.475076 -0.106430 -0.835756
1642516763.009235 1.009350 1.472343 -0.227048 -0.255020 -0.472996 -0.108039 -0.836401
1642516763.017568 1.006932 1.469492 -0.223041 -0.256354 -0.470931 -0.109767 -0.836934
1642516763.025902 1.004364 1.466467 -0.218862 -0.258025 -0.468099 -0.111952 -0.837719
1642516763.034235 1.001827 1.463066 -0.214738 -0.259934 -0.466494 -0.113071 -0.837874
1642516763.042568 0.999186 1.459462 -0.210489 -0.262082 -0.464315 -0.114490 -0.838222
1642516763.050902 0.996454 1.455655 -0.206156 -0.264513 -0.461833 -0.115891 -0.838637
1642516763.059235 0.993662 1.451622 -0.201760 -0.267196 -0.459195 -0.117174 -0.839057
1642516763.067568 0.990818 1.447380 -0.197294 -0.270140 -0.456433 -0.118447 -0.839442
1642516763.075902 0.987942 1.442907 -0.192797 -0.273328 -0.453625 -0.119710 -0.839753
1642516763.084235 0.984974 1.438312 -0.188203 -0.276589 -0.450558 -0.120583 -0.840212
1642516763.092568 0.982011 1.433476 -0.183587 -0.280217 -0.447494 -0.121705 -0.840485
1642516763.100902 0.979003 1.428504 -0.178916 -0.283993 -0.444356 -0.122457 -0.840774
1642516763.109235 0.975967 1.423401 -0.174268 -0.287913 -0.440190 -0.123232 -0.841518
1642516763.117568 0.972891 1.418161 -0.169600 -0.292011 -0.436655 -0.123504 -0.841908
1642516763.125902 0.969773 1.412826 -0.164943 -0.296268 -0.432984 -0.123434 -0.842327
1642516763.134235 0.966636 1.407405 -0.160342 -0.300544 -0.429170 -0.122926 -0.842838
1642516763.142568 0.963455 1.401925 -0.155808 -0.304869 -0.425095 -0.122145 -0.843463
1642516763.150902 0.960243 1.396385 -0.151356 -0.309112 -0.420906 -0.120962 -0.844190
1642516763.159235 0.956958 1.390870 -0.146913 -0.312804 -0.416403 -0.119193 -0.845314
1642516763.167568 0.953543 1.385436 -0.142471 -0.316024 -0.411773 -0.116328 -0.846782
1642516763.175902 0.950125 1.379943 -0.138145 -0.319793 -0.406817 -0.114288 -0.848039
1642516763.184235 0.946685 1.374413 -0.133909 -0.323610 -0.401785 -0.111920 -0.849306
1642516763.192568 0.943163 1.368901 -0.129745 -0.327252 -0.396620 -0.109405 -0.850664
1642516763.200902 0.939575 1.363472 -0.125620 -0.330813 -0.391392 -0.106659 -0.852056
1642516763.209235 0.935871 1.358046 -0.121553 -0.334321 -0.385846 -0.103873 -0.853559
1642516763.217568 0.932059 1.352646 -0.117548 -0.337761 -0.379938 -0.101069 -0.855190
1642516763.225902 0.928140 1.347309 -0.113601 -0.341148 -0.374140 -0.098327 -0.856720
1642516763.234235 0.924106 1.342107 -0.109655 -0.344537 -0.367938 -0.095784 -0.858337
1642516763.242568 0.919978 1.336954 -0.105801 -0.347690 -0.362215 -0.093125 -0.859790
1642516763.250902 0.915695 1.331923 -0.101958 -0.350892 -0.356423 -0.091038 -0.861133
1642516763.259235 0.911284 1.326982 -0.098145 -0.353940 -0.350868 -0.088996 -0.862379
1642516763.267568 0.906759 1.322140 -0.094379 -0.356991 -0.345531 -0.087229 -0.863457
1642516763.275902 0.902113 1.317410 -0.090640 -0.359990 -0.340501 -0.085600 -0.864372
1642516763.284235 0.897347 1.312798 -0.086934 -0.362978 -0.335530 -0.084202 -0.865203
1642516763.292568 0.892491 1.308295 -0.083286 -0.365929 -0.330759 -0.083002 -0.865913
1642516763.300902 0.887511 1.303911 -0.079680 -0.368930 -0.326210 -0.081767 -0.866482
1642516763.309235 0.882425 1.299641 -0.076099 -0.371898 -0.321516 -0.080831 -0.867056
1642516763.317568 0.877221 1.295489 -0.072543 -0.374805 -0.316920 -0.079761 -0.867595
1642516763.325902 0.871885 1.291445 -0.068998 -0.377735 -0.312197 -0.079003 -0.868106
1642516763.334235 0.866429 1.287511 -0.065447 -0.380708 -0.307375 -0.078249 -0.868596
1642516763.342568 0.860843 1.283697 -0.061902 -0.383714 -0.302266 -0.077690 -0.869116
1642516763.350902 0.855134 1.280007 -0.058350 -0.386818 -0.296860 -0.077295 -0.869639
1642516763.359235 0.849316 1.276465 -0.054822 -0.389879 -0.291398 -0.076936 -0.870151
1642516763.367568 0.843377 1.273070 -0.051307 -0.392846 -0.285626 -0.076606 -0.870759
1642516763.375902 0.837319 1.269837 -0.047825 -0.395686 -0.279676 -0.076281 -0.871433
1642516763.384235 0.831150 1.266774 -0.044413 -0.398324 -0.274253 -0.075697 -0.872006
1642516763.392568 0.824886 1.263916 -0.041034 -0.400732 -0.267987 -0.075391 -0.872877
1642516763.400902 0.818505 1.261245 -0.037700 -0.402949 -0.261311 -0.075348 -0.873883
1642516763.409235 0.812036 1.258761 -0.034423 -0.404982 -0.254536 -0.075259 -0.874950
1642516763.417568 0.805497 1.256453 -0.031241 -0.406784 -0.247923 -0.075017 -0.876033
1642516763.425902 0.798879 1.254360 -0.028140 -0.408411 -0.240731 -0.074909 -0.877290
1642516763.434235 0.792262 1.252496 -0.025097 -0.409975 -0.232682 -0.074984 -0.878725
1642516763.442568 0.785623 1.250774 -0.022229 -0.411541 -0.224480 -0.075413 -0.880088
1642516763.450902 0.778855 1.249355 -0.019468 -0.412763 -0.217008 -0.075176 -0.881409
1642516763.459235 0.771982 1.248213 -0.016665 -0.412569 -0.209725 -0.074173 -0.883346
1642516763.467568 0.765171 1.247277 -0.014046 -0.412962 -0.202115 -0.074577 -0.884902
1642516763.475902 0.758391 1.246549 -0.011530 -0.413417 -0.194279 -0.075410 -0.886372
1642516763.484235 0.751681 1.246007 -0.009123 -0.413554 -0.186716 -0.076027 -0.887880
1642516763.492568 0.745026 1.245657 -0.006803 -0.413442 -0.179289 -0.076901 -0.889386
1642516763.500902 0.738454 1.245446 -0.004624 -0.413140 -0.172319 -0.077763 -0.890828
1642516763.509235 0.731975 1.245461 -0.002535 -0.412633 -0.165646 -0.078958 -0.892222
1642516763.517568 0.725651 1.245679 -0.000569 -0.412026 -0.159303 -0.080246 -0.893542
1642516763.525902 0.719447 1.246110 0.001306 -0.411079 -0.153272 -0.081699 -0.894901
1642516763.534235 0.713445 1.246711 0.002992 -0.409972 -0.147833 -0.083440 -0.896162
1642516763.542568 0.707597 1.247310 0.004416 -0.408607 -0.145250 -0.083752 -0.897178
1642516763.550902 0.701856 1.248418 0.006018 -0.407123 -0.139093 -0.086849 -0.898533
1642516763.559235 0.696345 1.249541 0.007385 -0.405545 -0.134049 -0.089413 -0.899761
1642516763.567568 0.691083 1.250775 0.008643 -0.403704 -0.130076 -0.091215 -0.900990
1642516763.575902 0.685967 1.252196 0.009774 -0.401823 -0.126207 -0.093363 -0.902160
1642516763.584235 0.681105 1.253710 0.010803 -0.399795 -0.122390 -0.095330 -0.903381
1642516763.592568 0.676500 1.255302 0.011702 -0.397706 -0.118622 -0.097188 -0.904606
1642516763.600902 0.672113 1.257065 0.012565 -0.395555 -0.114916 -0.098969 -0.905834
1642516763.609235 0.667960 1.258924 0.013328 -0.393268 -0.111129 -0.100662 -0.907115
1642516763.617568 0.664068 1.260875 0.014000 -0.390954 -0.107529 -0.102163 -0.908381
1642516763.625902 0.660484 1.262846 0.014581 -0.388526 -0.104218 -0.103122 -0.909699
1642516763.634235 0.657056 1.264965 0.015121 -0.385941 -0.100937 -0.104513 -0.911009
1642516763.642568 0.653906 1.267208 0.015669 -0.383449 -0.096953 -0.106200 -0.912299
1642516763.650902 0.650967 1.269553 0.016218 -0.380440 -0.093900 -0.107166 -0.913763
1642516763.659235 0.648298 1.271969 0.016695 -0.377728 -0.091055 -0.108540 -0.915014
1642516763.667568 0.645923 1.274430 0.017143 -0.374879 -0.087966 -0.110171 -0.916292
1642516763.675902 0.643708 1.277079 0.017636 -0.372234 -0.085517 -0.111971 -0.917383
1642516763.684235 0.641824 1.279728 0.018096 -0.369633 -0.083801 -0.113340 -0.918424
1642516763.692568 0.640162 1.282462 0.018581 -0.366949 -0.081864 -0.114767 -0.919497
1642516763.700902 0.638726 1.285277 0.019094 -0.364249 -0.079858 -0.116349 -0.920548
1642516763.709235 0.637493 1.288199 0.019681 -0.361475 -0.077779 -0.118019 -0.921606
1642516763.717568 0.636587 1.291128 0.020270 -0.358715 -0.075578 -0.119663 -0.922655
1642516763.725902 0.635941 1.294093 0.020846 -0.356193 -0.074434 -0.121074 -0.923541
1642516763.734235 0.635456 1.297210 0.021499 -0.353848 -0.074402 -0.122404 -0.924269
1642516763.742568 0.635265 1.300410 0.022184 -0.351334 -0.073969 -0.123816 -0.925074
1642516763.750902 0.635343 1.303704 0.022898 -0.348676 -0.073691 -0.125177 -0.925919
1642516763.759235 0.635650 1.307120 0.023661 -0.345886 -0.073478 -0.126528 -0.926798
1642516763.767568 0.636230 1.310592 0.024420 -0.342983 -0.073653 -0.127715 -0.927700
1642516763.775902 0.637067 1.314138 0.025194 -0.339978 -0.074013 -0.128861 -0.928618
1642516763.784235 0.638181 1.317794 0.026025 -0.336265 -0.075231 -0.129414 -0.929795
1642516763.792568 0.639515 1.321522 0.026851 -0.332877 -0.076387 -0.130144 -0.930817
1642516763.800902 0.641106 1.325323 0.027685 -0.329497 -0.077572 -0.130797 -0.931830
1642516763.809235 0.642950 1.329184 0.028510 -0.326133 -0.079077 -0.131275 -0.932819
1642516763.817568 0.645042 1.333095 0.029296 -0.322733 -0.081411 -0.131425 -0.933779
1642516763.825902 0.647407 1.337085 0.030126 -0.319260 -0.083467 -0.131422 -0.934791
1642516763.834235 0.650021 1.341133 0.030975 -0.316028 -0.085778 -0.131317 -0.935695
1642516763.842568 0.652891 1.345197 0.031768 -0.312394 -0.087502 -0.131229 -0.936767
1642516763.850902 0.655990 1.349306 0.032554 -0.308904 -0.089491 -0.131012 -0.937766
1642516763.859235 0.659293 1.353450 0.033345 -0.305390 -0.091665 -0.130599 -0.938764
1642516763.867568 0.662742 1.357677 0.034164 -0.301778 -0.092850 -0.131079 -0.939749
1642516763.875902 0.666421 1.361866 0.034950 -0.298481 -0.095369 -0.130647 -0.940609
1642516763.884235 0.670370 1.365969 0.035692 -0.295048 -0.098255 -0.129459 -0.941559
1642516763.892568 0.674481 1.370095 0.036405 -0.291345 -0.100515 -0.128702 -0.942577
1642516763.900902 0.678754 1.374237 0.037135 -0.287943 -0.103429 -0.127754 -0.943435
1642516763.909235 0.683187 1.378389 0.037842 -0.284423 -0.105756 -0.127195 -0.944320
1642516763.917568 0.687844 1.382461 0.038496 -0.280911 -0.108412 -0.126344 -0.945184
1642516763.925902 0.692729 1.386394 0.039048 -0.277373 -0.111802 -0.124794 -0.946040
1642516763.934235 0.697699 1.390390 0.039696 -0.273866 -0.114442 -0.123940 -0.946858
1642516763.942568 0.702848 1.394251 0.040284 -0.270445 -0.117301 -0.122996 -0.947614
1642516763.950902 0.708153 1.397961 0.040849 -0.267153 -0.120328 -0.121949 -0.948303
1642516763.959235 0.713589 1.401484 0.041362 -0.264000 -0.123339 -0.120999 -0.948921
1642516763.967568 0.719145 1.404885 0.041948 -0.260901 -0.126166 -0.120226 -0.949504
1642516763.975902 0.724784 1.408074 0.042552 -0.258511 -0.130529 -0.119043 -0.949717
1642516763.984235 0.730570 1.411024 0.043150 -0.255898 -0.133380 -0.118556 -0.950090
1642516763.992568 0.736408 1.413770 0.043814 -0.253999 -0.137513 -0.117808 -0.950103
1642516764.000902 0.742388 1.416232 0.044482 -0.252002 -0.140305 -0.117765 -0.950232
1642516764.009235 0.748475 1.418455 0.045205 -0.250572 -0.143282 -0.118028 -0.950133
1642516764.017568 0.754595 1.420401 0.045964 -0.249747 -0.147824 -0.117748 -0.949689
1642516764.025902 0.760937 1.421944 0.046677 -0.249112 -0.151286 -0.118500 -0.949217
1642516764.034235 0.767359 1.423216 0.047427 -0.248811 -0.155173 -0.118772 -0.948635
1642516764.042568 0.773863 1.424212 0.048209 -0.248939 -0.159008 -0.119048 -0.947931
1642516764.050902 0.780442 1.424914 0.049016 -0.249545 -0.163677 -0.119035 -0.946978
1642516764.059235 0.787186 1.425259 0.049783 -0.249947 -0.166916 -0.119614 -0.946234
1642516764.067568 0.794035 1.425293 0.050530 -0.250509 -0.170221 -0.120156 -0.945427
1642516764.075902 0.800977 1.425038 0.051310 -0.251619 -0.174390 -0.120312 -0.944352
1642516764.084235 0.808043 1.424477 0.052059 -0.252572 -0.177801 -0.120716 -0.943410
1642516764.092568 0.815224 1.423604 0.052782 -0.253838 -0.181474 -0.120935 -0.942342
1642516764.100902 0.822517 1.422429 0.053504 -0.255243 -0.185145 -0.120990 -0.941240
1642516764.109235 0.829923 1.420953 0.054185 -0.256907 -0.188794 -0.120929 -0.940070
1642516764.117568 0.837444 1.419175 0.054849 -0.258766 -0.192273 -0.120809 -0.938870
1642516764.125902 0.845049 1.417113 0.055431 -0.260777 -0.196432 -0.120399 -0.937504
1642516764.134235 0.852808 1.414733 0.056008 -0.263019 -0.199463 -0.120226 -0.936259
1642516764.142568 0.860603 1.412114 0.056559 -0.265541 -0.202624 -0.120124 -0.934881
1642516764.150902 0.868564 1.409184 0.057041 -0.268170 -0.206389 -0.119276 -0.933414
1642516764.159235 0.876615 1.406008 0.057477 -0.270995 -0.209534 -0.118756 -0.931963
1642516764.167568 0.884753 1.402596 0.057894 -0.274020 -0.212620 -0.118349 -0.930430
1642516764.175902 0.892937 1.399041 0.058336 -0.276798 -0.215841 -0.117102 -0.929023
1642516764.184235 0.901231 1.395187 0.058682 -0.279945 -0.218926 -0.116481 -0.927434
1642516764.192568 0.909647 1.391070 0.058964 -0.283374 -0.221584 -0.116274 -0.925786
1642516764.200902 0.918130 1.386787 0.059221 -0.287004 -0.224357 -0.116084 -0.924022
1642516764.209235 0.926650 1.382356 0.059434 -0.290846 -0.227797 -0.115759 -0.922018
1642516764.217568 0.935251 1.377816 0.059653 -0.294837 -0.230685 -0.115720 -0.920035
1642516764.225902 0.944003 1.372990 0.059700 -0.298832 -0.233875 -0.115319 -0.917989
1642516764.234235 0.952870 1.368233 0.059856 -0.302723 -0.236726 -0.114926 -0.916030
1642516764.242568 0.961749 1.363367 0.059947 -0.306645 -0.240266 -0.114268 -0.913884
1642516764.250902 0.970737 1.358382 0.059980 -0.310382 -0.243896 -0.113431 -0.911763
1642516764.259235 0.979861 1.353315 0.059858 -0.315160 -0.247275 -0.113171 -0.909243
1642516764.267568 0.989088 1.348028 0.059554 -0.319930 -0.251220 -0.112395 -0.906587
1642516764.275902 0.998375 1.342871 0.059288 -0.324232 -0.254823 -0.111586 -0.904150
1642516764.284235 1.007598 1.337826 0.059007 -0.328393 -0.258945 -0.110764 -0.901575
1642516764.292568 1.016930 1.332812 0.058684 -0.332215 -0.262914 -0.110162 -0.899096
1642516764.300902 1.026271 1.327843 0.058290 -0.336486 -0.266526 -0.109384 -0.896536
1642516764.309235 1.035605 1.322952 0.057824 -0.340862 -0.270267 -0.108672 -0.893845
1642516764.317568 1.044926 1.318149 0.057278 -0.345176 -0.274855 -0.107741 -0.890899
1642516764.325902 1.054272 1.313490 0.056692 -0.349596 -0.278935 -0.106999 -0.887991
1642516764.334235 1.063629 1.308993 0.056075 -0.353904 -0.283073 -0.106450 -0.885037
1642516764.342568 1.072959 1.304684 0.055402 -0.358230 -0.287553 -0.105927 -0.881909
1642516764.350902 1.082233 1.300599 0.054699 -0.362527 -0.293216 -0.105308 -0.878356
1642516764.359235 1.091588 1.296734 0.053862 -0.366379 -0.296954 -0.104988 -0.875535
1642516764.367568 1.100887 1.293135 0.052984 -0.370263 -0.301344 -0.104516 -0.872452
1642516764.375902 1.110092 1.289836 0.052067 -0.374076 -0.306117 -0.104284 -0.869186
1642516764.384235 1.119303 1.286836 0.051071 -0.377571 -0.311191 -0.103448 -0.865967
1642516764.392568 1.128432 1.284185 0.050056 -0.380714 -0.316380 -0.102614 -0.862804
1642516764.400902 1.137464 1.281865 0.049003 -0.383714 -0.321539 -0.101749 -0.859665
1642516764.409235 1.146382 1.279865 0.047875 -0.386430 -0.326380 -0.100875 -0.856722
1642516764.417568 1.155195 1.278343 0.046819 -0.388963 -0.331098 -0.100049 -0.853857
1642516764.425902 1.163886 1.277170 0.045716 -0.391199 -0.335999 -0.098997 -0.851039
1642516764.434235 1.172423 1.276302 0.044544 -0.393243 -0.340549 -0.097964 -0.848404
1642516764.442568 1.180817 1.275867 0.043394 -0.394857 -0.345290 -0.096768 -0.845872
1642516764.450902 1.189080 1.275857 0.042238 -0.396178 -0.350087 -0.095490 -0.843424
1642516764.459235 1.197178 1.276273 0.041091 -0.397000 -0.354950 -0.094064 -0.841162
1642516764.467568 1.205101 1.277080 0.039941 -0.397495 -0.359824 -0.092606 -0.839016
1642516764.475902 1.212854 1.278298 0.038775 -0.397720 -0.364416 -0.091071 -0.837094
1642516764.484235 1.220399 1.279913 0.037599 -0.397415 -0.369417 -0.089361 -0.835229
1642516764.492568 1.227749 1.281922 0.036426 -0.396753 -0.374096 -0.087426 -0.833664
1642516764.500902 1.234891 1.284296 0.035235 -0.395770 -0.378584 -0.085363 -0.832318
1642516764.509235 1.241812 1.287038 0.034065 -0.394366 -0.382875 -0.083226 -0.831237
1642516764.517568 1.248514 1.290078 0.032891 -0.392547 -0.386954 -0.080990 -0.830430
1642516764.525902 1.254975 1.293431 0.031749 -0.390503 -0.391162 -0.078729 -0.829639
1642516764.534235 1.261217 1.297086 0.030656 -0.388252 -0.395077 -0.076406 -0.829058
1642516764.542568 1.267198 1.301024 0.029613 -0.385594 -0.399229 -0.074065 -0.828522
1642516764.550902 1.272934 1.305195 0.028600 -0.382781 -0.403366 -0.071818 -0.828020
1642516764.559235 1.278412 1.309610 0.027621 -0.379777 -0.407326 -0.069714 -0.827644
1642516764.567568 1.283697 1.314113 0.026574 -0.377124 -0.411157 -0.068904 -0.827031
1642516764.575902 1.288658 1.318917 0.025693 -0.373919 -0.415753 -0.067041 -0.826341
1642516764.584235 1.293324 1.323940 0.024888 -0.370411 -0.419916 -0.065063 -0.825974
1642516764.592568 1.297681 1.329198 0.024178 -0.366360 -0.423897 -0.062786 -0.825924
1642516764.600902 1.301712 1.334612 0.023582 -0.361986 -0.427782 -0.060224 -0.826040
1642516764.609235 1.305496 1.340088 0.023005 -0.357756 -0.431725 -0.058269 -0.825971
1642516764.617568 1.309025 1.345628 0.022474 -0.353430 -0.435462 -0.056572 -0.825990
1642516764.625902 1.312251 1.351292 0.022073 -0.348976 -0.438864 -0.054970 -0.826191
1642516764.634235 1.315205 1.357012 0.021754 -0.344496 -0.442275 -0.053402 -0.826355
1642516764.642568 1.317850 1.362808 0.021568 -0.339873 -0.445226 -0.051970 -0.826776
1642516764.650902 1.320300 1.368528 0.021416 -0.335287 -0.448206 -0.050927 -0.827103
1642516764.659235 1.322614 1.374378 0.021492 -0.331331 -0.447405 -0.050408 -0.829161
1642516764.667568 1.324290 1.380207 0.021683 -0.326270 -0.450883 -0.048889 -0.829374
1642516764.675902 1.325855 1.385881 0.021946 -0.321435 -0.453491 -0.047547 -0.829919
1642516764.684235 1.327107 1.391667 0.022453 -0.316543 -0.454805 -0.045881 -0.831173
1642516764.692568 1.328036 1.397455 0.023158 -0.311953 -0.455979 -0.044821 -0.832322
1642516764.700902 1.328769 1.403136 0.023993 -0.307536 -0.456655 -0.043919 -0.833642
1642516764.709235 1.329274 1.408724 0.024970 -0.303277 -0.457156 -0.042958 -0.834977
1642516764.717568 1.329573 1.414231 0.026101 -0.299110 -0.457388 -0.042115 -0.836395
1642516764.725902 1.329653 1.419655 0.027380 -0.295036 -0.457499 -0.041315 -0.837819
1642516764.734235 1.329515 1.424962 0.028814 -0.291072 -0.457393 -0.040624 -0.839296
1642516764.742568 1.329187 1.430176 0.030392 -0.287337 -0.457251 -0.039840 -0.840697
1642516764.750902 1.328682 1.435217 0.032077 -0.283598 -0.456684 -0.039384 -0.842295
1642516764.759235 1.327937 1.440193 0.033912 -0.280007 -0.456317 -0.038847 -0.843719
1642516764.767568 1.326981 1.444970 0.035837 -0.276436 -0.455609 -0.038552 -0.845291
1642516764.775902 1.325896 1.449569 0.037845 -0.272989 -0.454722 -0.038010 -0.846912
1642516764.784235 1.324492 1.453992 0.040020 -0.269387 -0.454442 -0.037851 -0.848222
1642516764.792568 1.322928 1.458223 0.042241 -0.266017 -0.453270 -0.038029 -0.849903
1642516764.800902 1.321221 1.462222 0.044530 -0.262728 -0.452217 -0.038176 -0.851479
1642516764.809235 1.319325 1.465976 0.046904 -0.259467 -0.451106 -0.038348 -0.853059
1642516764.817568 1.317260 1.469494 0.049346 -0.256344 -0.449740 -0.038670 -0.854708
1642516764.825902 1.315069 1.472711 0.051828 -0.253196 -0.447530 -0.039390 -0.856772
1642516764.834235 1.312695 1.475685 0.054406 -0.250233 -0.445901 -0.039857 -0.858468
1642516764.842568 1.310107 1.478426 0.057069 -0.247456 -0.444537 -0.040303 -0.859958
1642516764.850902 1.307398 1.480868 0.059804 -0.244890 -0.443285 -0.040736 -0.861318
1642516764.859235 1.304542 1.482999 0.062588 -0.242355 -0.441850 -0.041319 -0.862743
1642516764.867568 1.301550 1.484838 0.065447 -0.239978 -0.440268 -0.042004 -0.864182
1642516764.875902 1.298424 1.486371 0.068383 -0.237863 -0.438702 -0.042671 -0.865529
1642516764.884235 1.295175 1.487593 0.071403 -0.235956 -0.436833 -0.043525 -0.866953
1642516764.892568 1.291814 1.488507 0.074521 -0.234282 -0.435174 -0.044106 -0.868211
1642516764.900902 1.288328 1.489112 0.077730 -0.232782 -0.433297 -0.044782 -0.869518
1642516764.909235 1.284671 1.489439 0.081068 -0.231675 -0.431302 -0.045862 -0.870748
1642516764.917568 1.280989 1.489394 0.084483 -0.230668 -0.429092 -0.046520 -0.872072
1642516764.925902 1.277163 1.488994 0.087992 -0.229969 -0.426827 -0.047433 -0.873317
1642516764.934235 1.273197 1.488312 0.091637 -0.229652 -0.424959 -0.048407 -0.874258
1642516764.942568 1.269137 1.487304 0.095374 -0.229558 -0.422519 -0.049611 -0.875397
1642516764.950902 1.264992 1.485965 0.099221 -0.229864 -0.420236 -0.050792 -0.876347
1642516764.959235 1.260751 1.484307 0.103166 -0.230337 -0.417925 -0.051911 -0.877262
1642516764.967568 1.256425 1.482350 0.107219 -0.231201 -0.415521 -0.053105 -0.878105
1642516764.975902 1.251997 1.480044 0.111353 -0.232331 -0.412927 -0.054401 -0.878951
1642516764.984235 1.247487 1.477419 0.115574 -0.233792 -0.410277 -0.055718 -0.879721
1642516764.992568 1.242945 1.474397 0.119802 -0.235215 -0.408413 -0.055994 -0.880192
1642516765.000902 1.238224 1.471176 0.124236 -0.237656 -0.404684 -0.058314 -0.881107
1642516765.009235 1.233437 1.467723 0.128787 -0.240332 -0.401551 -0.060152 -0.881691
1642516765.017568 1.228881 1.463814 0.133337 -0.243588 -0.395344 -0.061801 -0.883487
1642516765.025902 1.223821 1.459774 0.138015 -0.246519 -0.393870 -0.063012 -0.883247
1642516765.034235 1.218778 1.455437 0.142727 -0.249887 -0.391440 -0.064271 -0.883289
1642516765.042568 1.213740 1.450822 0.147447 -0.253588 -0.388211 -0.065400 -0.883577
1642516765.050902 1.208783 1.445817 0.152107 -0.257121 -0.385025 -0.065268 -0.883960
1642516765.059235 1.203583 1.440807 0.156966 -0.261586 -0.380491 -0.067198 -0.884468
1642516765.067568 1.198309 1.435570 0.161812 -0.266128 -0.376349 -0.068585 -0.884779
1642516765.075902 1.192987 1.430111 0.166620 -0.270566 -0.372514 -0.069367 -0.884995
1642516765.084235 1.187644 1.424315 0.171244 -0.274543 -0.370868 -0.068093 -0.884560
1642516765.092568 1.182180 1.418647 0.176026 -0.279911 -0.365138 -0.069882 -0.885122
1642516765.100902 1.176714 1.412682 0.180608 -0.284618 -0.361331 -0.069640 -0.885202
1642516765.109235 1.171108 1.406633 0.185164 -0.289596 -0.356840 -0.069863 -0.885392
1642516765.117568 1.165348 1.400575 0.189670 -0.294801 -0.351789 -0.070868 -0.885615
1642516765.125902 1.159529 1.394387 0.194024 -0.299713 -0.347120 -0.071023 -0.885797
1642516765.134235 1.153601 1.388155 0.198273 -0.304505 -0.343198 -0.070578 -0.885726
1642516765.142568 1.147574 1.381875 0.202404 -0.309099 -0.338621 -0.070098 -0.885935
1642516765.150902 1.141439 1.375591 0.206394 -0.313256 -0.333068 -0.069329 -0.886640
1642516765.159235 1.135178 1.369286 0.210269 -0.317677 -0.327870 -0.068646 -0.887057
1642516765.167568 1.128794 1.362971 0.214040 -0.322201 -0.322881 -0.067917 -0.887312
1642516765.175902 1.122282 1.356688 0.217726 -0.326900 -0.318269 -0.067075 -0.887323
1642516765.184235 1.115685 1.350406 0.221284 -0.331391 -0.312630 -0.066398 -0.887713
1642516765.192568 1.108939 1.344180 0.224765 -0.335866 -0.307065 -0.065551 -0.888036
1642516765.200902 1.102028 1.338033 0.228227 -0.340631 -0.301887 -0.064743 -0.888056
1642516765.209235 1.095013 1.331961 0.231551 -0.345009 -0.295513 -0.064335 -0.888539
1642516765.217568 1.087786 1.326029 0.234820 -0.349417 -0.290249 -0.063638 -0.888602
1642516765.225902 1.080383 1.320228 0.237940 -0.353732 -0.283703 -0.062956 -0.889057
1642516765.234235 1.072887 1.314567 0.241006 -0.357937 -0.276856 -0.062731 -0.889548
1642516765.242568 1.065228 1.309083 0.243983 -0.361632 -0.271041 -0.062461 -0.889864
1642516765.250902 1.057448 1.303780 0.246862 -0.365151 -0.265168 -0.062307 -0.890207
1642516765.259235 1.049505 1.298718 0.249684 -0.368551 -0.259867 -0.062098 -0.890384
1642516765.267568 1.041487 1.293865 0.252415 -0.371736 -0.254145 -0.062046 -0.890715
1642516765.275902 1.033344 1.289255 0.255092 -0.374681 -0.248415 -0.062290 -0.891080
1642516765.284235 1.025110 1.284877 0.257699 -0.377483 -0.242717 -0.062609 -0.891445
1642516765.292568 1.016783 1.280743 0.260226 -0.380106 -0.236994 -0.062934 -0.891848
1642516765.300902 1.008358 1.276867 0.262706 -0.382508 -0.231161 -0.063323 -0.892324
1642516765.309235 0.999834 1.273264 0.265138 -0.384713 -0.225223 -0.063793 -0.892861
1642516765.317568 0.991216 1.269938 0.267503 -0.386691 -0.219234 -0.064299 -0.893461
1642516765.325902 0.982502 1.266887 0.269858 -0.388154 -0.212950 -0.064660 -0.894320
1642516765.334235 0.973749 1.264151 0.272136 -0.389779 -0.206457 -0.065451 -0.895078
1642516765.342568 0.964968 1.261716 0.274328 -0.391405 -0.199945 -0.066300 -0.895784
1642516765.350902 0.956158 1.259638 0.276481 -0.392797 -0.192928 -0.067520 -0.896622
1642516765.359235 0.947370 1.257816 0.278530 -0.393868 -0.185878 -0.068346 -0.897578
1642516765.367568 0.938476 1.256387 0.280530 -0.394564 -0.179231 -0.069584 -0.898529
1642516765.375902 0.929582 1.255315 0.282460 -0.395018 -0.172952 -0.070434 -0.899493
1642516765.384235 0.920795 1.254590 0.284345 -0.395066 -0.164942 -0.071748 -0.900871
1642516765.392568 0.912001 1.254308 0.286163 -0.394753 -0.157263 -0.073123 -0.902270
1642516765.400902 0.903299 1.254332 0.287797 -0.394049 -0.150003 -0.074307 -0.903716
1642516765.409235 0.894685 1.254766 0.289363 -0.392929 -0.142343 -0.075554 -0.905338
1642516765.417568 0.886153 1.255570 0.290831 -0.391392 -0.134918 -0.076698 -0.907043
1642516765.425902 0.877742 1.256741 0.292171 -0.389618 -0.128000 -0.077734 -0.908720
1642516765.434235 0.869506 1.258186 0.293325 -0.387412 -0.121094 -0.078780 -0.910518
1642516765.442568 0.861493 1.260018 0.294378 -0.384651 -0.114018 -0.079825 -0.912508
1642516765.450902 0.853694 1.262187 0.295238 -0.381521 -0.107608 -0.080865 -0.914507
1642516765.459235 0.846189 1.264665 0.295970 -0.378051 -0.101932 -0.081206 -0.916566
1642516765.467568 0.838850 1.267484 0.296542 -0.374347 -0.097125 -0.081852 -0.918549
1642516765.475902 0.831701 1.270697 0.297067 -0.369831 -0.091370 -0.082901 -0.920871
1642516765.484235 0.824948 1.274127 0.297389 -0.365377 -0.086273 -0.083794 -0.923058
1642516765.492568 0.818489 1.277825 0.297573 -0.360699 -0.080744 -0.085405 -0.925247
1642516765.500902 0.812300 1.281771 0.297601 -0.355917 -0.076350 -0.086751 -0.927344
1642516765.509235 0.806508 1.285890 0.297469 -0.350718 -0.072482 -0.087418 -0.929570
1642516765.517568 0.801003 1.290233 0.297211 -0.345127 -0.068238 -0.088762 -0.931854
1642516765.525902 0.795848 1.294770 0.296839 -0.339444 -0.064747 -0.089873 -0.934082
1642516765.534235 0.791081 1.299415 0.296325 -0.333532 -0.061973 -0.090368 -0.936349
1642516765.542568 0.786622 1.304275 0.295765 -0.327615 -0.059172 -0.091295 -0.938527
1642516765.550902 0.782486 1.309239 0.295143 -0.321600 -0.056688 -0.092058 -0.940683
1642516765.559235 0.778683 1.314275 0.294471 -0.315611 -0.054264 -0.092715 -0.942788
1642516765.567568 0.775182 1.319377 0.293784 -0.309693 -0.052062 -0.093381 -0.944807
1642516765.575902 0.771968 1.324526 0.293105 -0.303830 -0.049928 -0.093962 -0.946766
1642516765.584235 0.769049 1.329695 0.292438 -0.298167 -0.047943 -0.094589 -0.948605
1642516765.592568 0.766443 1.334879 0.291806 -0.292630 -0.046287 -0.095225 -0.950346
1642516765.600902 0.764181 1.340025 0.291186 -0.287187 -0.045321 -0.095361 -0.952038
1642516765.609235 0.762185 1.345212 0.290630 -0.281775 -0.043931 -0.096131 -0.953641
1642516765.617568 0.760527 1.350420 0.290146 -0.276108 -0.042969 -0.096633 -0.955290
1642516765.625902 0.759214 1.355509 0.289657 -0.271038 -0.043626 -0.096424 -0.956733
1642516765.634235 0.758216 1.360524 0.289218 -0.265915 -0.043001 -0.097029 -0.958137
1642516765.642568 0.757528 1.365431 0.288797 -0.261298 -0.043966 -0.096812 -0.959384
1642516765.650902 0.757182 1.370209 0.288403 -0.256614 -0.044361 -0.096888 -0.960622
1642516765.659235 0.757129 1.374900 0.288048 -0.252064 -0.045038 -0.096977 -0.961785
1642516765.667568 0.757371 1.379460 0.287715 -0.247716 -0.046257 -0.096965 -0.962858
1642516765.675902 0.757838 1.383936 0.287425 -0.243264 -0.047218 -0.097220 -0.963920
1642516765.684235 0.758729 1.388157 0.287088 -0.239272 -0.049391 -0.096684 -0.964864
1642516765.692568 0.759824 1.392305 0.286790 -0.235253 -0.051199 -0.096458 -0.965780
1642516765.700902 0.761293 1.396187 0.286438 -0.231539 -0.053919 -0.095566 -0.966618
1642516765.709235 0.763018 1.399902 0.286088 -0.227820 -0.056667 -0.094705 -0.967429
1642516765.717568 0.764937 1.403486 0.285754 -0.224264 -0.059790 -0.093826 -0.968157
1642516765.725902 0.767148 1.406841 0.285401 -0.220617 -0.062292 -0.093153 -0.968902
1642516765.734235 0.769578 1.410028 0.285040 -0.217128 -0.065584 -0.092195 -0.969564
1642516765.742568 0.772290 1.412985 0.284649 -0.213688 -0.068547 -0.091342 -0.970204
1642516765.750902 0.775247 1.415740 0.284233 -0.210420 -0.071671 -0.090427 -0.970778
1642516765.759235 0.778416 1.418315 0.283792 -0.207356 -0.075534 -0.089227 -0.971255
1642516765.767568 0.781867 1.420630 0.283326 -0.204229 -0.078785 -0.088201 -0.971753
1642516765.775902 0.785547 1.422725 0.282846 -0.201245 -0.082386 -0.087038 -0.972182
1642516765.784235 0.789427 1.424590 0.282352 -0.198517 -0.086164 -0.085866 -0.972519
1642516765.792568 0.793520 1.426221 0.281869 -0.195939 -0.090038 -0.084780 -0.972787
1642516765.800902 0.797822 1.427592 0.281383 -0.193671 -0.094149 -0.083693 -0.972946
1642516765.809235 0.802307 1.428706 0.280927 -0.191649 -0.098256 -0.082618 -0.973032
1642516765.817568 0.806969 1.429544 0.280497 -0.189931 -0.102258 -0.081810 -0.973025
1642516765.825902 0.811788 1.430118 0.280120 -0.188812 -0.106861 -0.080849 -0.972828
1642516765.834235 0.816779 1.430386 0.279769 -0.187653 -0.110652 -0.080508 -0.972657
1642516765.842568 0.821950 1.430346 0.279454 -0.187045 -0.114566 -0.080354 -0.972333
1642516765.850902 0.827213 1.430093 0.279286 -0.187179 -0.117894 -0.081223 -0.971837
1642516765.859235 0.832750 1.429360 0.279008 -0.187319 -0.122745 -0.080669 -0.971256
1642516765.867568 0.838318 1.428448 0.278949 -0.188432 -0.127577 -0.081226 -0.970371
1642516765.875902 0.844016 1.427270 0.278963 -0.190406 -0.133665 -0.081335 -0.969156
1642516765.884235 0.850097 1.425555 0.278861 -0.191639 -0.139476 -0.080490 -0.968165
1642516765.892568 0.856269 1.423655 0.278920 -0.193880 -0.145330 -0.080334 -0.966869
1642516765.900902 0.862551 1.421576 0.279142 -0.196856 -0.149179 -0.082210 -0.965523
1642516765.909235 0.868877 1.419231 0.279419 -0.200455 -0.154840 -0.083690 -0.963763
1642516765.917568 0.875498 1.416479 0.279667 -0.203810 -0.159463 -0.085170 -0.962174
1642516765.925902 0.882203 1.413508 0.280007 -0.208065 -0.165312 -0.086517 -0.960154
1642516765.934235 0.889185 1.410157 0.280320 -0.212015 -0.169517 -0.088372 -0.958386
1642516765.942568 0.896311 1.406564 0.280677 -0.216682 -0.174694 -0.089855 -0.956273
1642516765.950902 0.903584 1.402742 0.281050 -0.221869 -0.180512 -0.091168 -0.953875
1642516765.959235 0.911030 1.398692 0.281431 -0.227364 -0.186552 -0.092405 -0.951297
1642516765.967568 0.918650 1.394435 0.281786 -0.233185 -0.192561 -0.093740 -0.948556
1642516765.975902 0.926450 1.389990 0.282097 -0.239179 -0.198641 -0.094888 -0.945691
1642516765.984235 0.934424 1.385381 0.282339 -0.245282 -0.204705 -0.096058 -0.942712
1642516765.992568 0.942581 1.380629 0.282496 -0.251620 -0.210745 -0.097216 -0.939586
1642516766.000902 0.950919 1.375752 0.282561 -0.258067 -0.216828 -0.098293 -0.936336
1642516766.009235 0.959442 1.370788 0.282533 -0.264595 -0.222785 -0.099163 -0.933018
1642516766.017568 0.968151 1.365816 0.282425 -0.271074 -0.229213 -0.099420 -0.929568
1642516766.025902 0.977016 1.360809 0.282182 -0.277428 -0.235236 -0.099691 -0.926153
1642516766.034235 0.986093 1.355782 0.281638 -0.285257 -0.241380 -0.100360 -0.922113
1642516766.042568 0.995259 1.350772 0.280876 -0.292563 -0.247933 -0.100738 -0.918035
1642516766.050902 1.004635 1.345795 0.279876 -0.299764 -0.254383 -0.101431 -0.913861
1642516766.059235 1.014101 1.341035 0.278665 -0.306196 -0.260925 -0.101466 -0.909872
1642516766.067568 1.023670 1.336438 0.277233 -0.312127 -0.267223 -0.101021 -0.906070
1642516766.075902 1.033340 1.332000 0.275566 -0.317827 -0.273478 -0.100392 -0.902285
1642516766.084235 1.043092 1.327764 0.273661 -0.323196 -0.279669 -0.099463 -0.898575
1642516766.092568 1.052940 1.323755 0.271555 -0.327863 -0.285824 -0.098403 -0.895057
1642516766.100902 1.062818 1.319954 0.269158 -0.332427 -0.292535 -0.096767 -0.891377
1642516766.109235 1.072744 1.316476 0.266572 -0.336491 -0.298792 -0.094723 -0.887989
1642516766.117568 1.082709 1.313283 0.263696 -0.340212 -0.304746 -0.092654 -0.884760
1642516766.125902 1.092675 1.310393 0.260535 -0.343718 -0.310812 -0.090719 -0.881490
1642516766.134235 1.102616 1.307893 0.257144 -0.346862 -0.316451 -0.088922 -0.878430
1642516766.142568 1.112519 1.305743 0.253521 -0.349506 -0.322586 -0.086991 -0.875338
1642516766.150902 1.122380 1.303934 0.249656 -0.351851 -0.328982 -0.085066 -0.872202
1642516766.159235 1.132169 1.302494 0.245582 -0.353789 -0.335526 -0.083152 -0.869104
1642516766.167568 1.141909 1.301482 0.241340 -0.355264 -0.342204 -0.081128 -0.866084
1642516766.175902 1.151587 1.300928 0.236968 -0.356243 -0.349509 -0.078860 -0.862969
1642516766.184235 1.161169 1.300715 0.232424 -0.356783 -0.356408 -0.076766 -0.860108
1642516766.192568 1.170641 1.300911 0.227741 -0.356900 -0.363639 -0.074603 -0.857219
1642516766.200902 1.179987 1.301513 0.222934 -0.356365 -0.371372 -0.072271 -0.854321
1642516766.209235 1.189187 1.302460 0.218025 -0.355549 -0.378449 -0.070297 -0.851716
1642516766.217568 1.198228 1.303825 0.213065 -0.354352 -0.386256 -0.067981 -0.848894
1642516766.225902 1.207156 1.305517 0.208031 -0.352827 -0.393156 -0.065828 -0.846527
1642516766.234235 1.215916 1.307485 0.202932 -0.351569 -0.400840 -0.064459 -0.843547
1642516766.242568 1.224440 1.309866 0.197853 -0.349720 -0.408210 -0.062498 -0.840925
1642516766.250902 1.232763 1.312562 0.192781 -0.347301 -0.415245 -0.059898 -0.838669
1642516766.259235 1.240829 1.315595 0.187735 -0.344612 -0.422003 -0.057466 -0.836573
1642516766.267568 1.248608 1.318975 0.182733 -0.341568 -0.428625 -0.055297 -0.834598
1642516766.275902 1.256195 1.322622 0.177784 -0.338260 -0.434596 -0.053340 -0.832983
1642516766.284235 1.263464 1.326542 0.172902 -0.334648 -0.440660 -0.051490 -0.831371
1642516766.292568 1.270445 1.330709 0.168077 -0.330712 -0.446920 -0.049783 -0.829707
1642516766.300902 1.277031 1.335215 0.163453 -0.325900 -0.452710 -0.047235 -0.828621
1642516766.309235 1.283404 1.339881 0.158830 -0.321325 -0.458691 -0.045448 -0.827217
1642516766.317568 1.289621 1.344567 0.154018 -0.318203 -0.464955 -0.045570 -0.824917
1642516766.325902 1.295478 1.349519 0.149401 -0.314238 -0.471031 -0.045230 -0.823005
1642516766.334235 1.300996 1.354715 0.144955 -0.309644 -0.477115 -0.044438 -0.821284
1642516766.342568 1.306207 1.360070 0.140610 -0.304841 -0.483109 -0.043729 -0.819613
1642516766.350902 1.311110 1.365571 0.136365 -0.299872 -0.488875 -0.043224 -0.818052
1642516766.359235 1.315667 1.371239 0.132246 -0.294829 -0.494457 -0.042947 -0.816544
1642516766.367568 1.319917 1.377015 0.128244 -0.289680 -0.499945 -0.042658 -0.815059
1642516766.375902 1.323856 1.382886 0.124362 -0.284453 -0.504990 -0.042617 -0.813791
1642516766.384235 1.327473 1.388846 0.120598 -0.279131 -0.509723 -0.042575 -0.812684
1642516766.392568 1.330774 1.394951 0.116980 -0.273670 -0.514296 -0.042375 -0.811670
1642516766.400902 1.333720 1.401015 0.113451 -0.268162 -0.518258 -0.042531 -0.810980
1642516766.409235 1.336368 1.407216 0.110073 -0.262527 -0.522052 -0.042354 -0.810400
1642516766.417568 1.338710 1.413425 0.106841 -0.256791 -0.525286 -0.042245 -0.810153
1642516766.425902 1.340686 1.419667 0.103779 -0.251078 -0.528471 -0.042060 -0.809882
1642516766.434235 1.342408 1.425876 0.100857 -0.245309 -0.530619 -0.042137 -0.810242
1642516766.442568 1.343848 1.432014 0.098073 -0.239477 -0.532561 -0.041951 -0.810721
1642516766.450902 1.344976 1.438177 0.095550 -0.233782 -0.534020 -0.041989 -0.811422
1642516766.459235 1.345846 1.444276 0.093227 -0.228276 -0.534830 -0.042213 -0.812444
1642516766.467568 1.346332 1.450394 0.091148 -0.222936 -0.534783 -0.042848 -0.813923
1642516766.475902 1.346627 1.456439 0.089295 -0.217145 -0.534838 -0.043226 -0.815431
1642516766.484235 1.346642 1.462313 0.087591 -0.211845 -0.534683 -0.043649 -0.816903
1642516766.492568 1.346434 1.468020 0.086023 -0.207046 -0.534489 -0.043370 -0.818274
1642516766.500902 1.345884 1.473726 0.084730 -0.202603 -0.534276 -0.043167 -0.819535
1642516766.509235 1.345122 1.479114 0.083513 -0.197300 -0.534241 -0.042190 -0.820902
1642516766.517568 1.344030 1.484477 0.082599 -0.192811 -0.532363 -0.042648 -0.823162
1642516766.525902 1.342681 1.489901 0.082129 -0.189375 -0.529090 -0.044642 -0.825959
1642516766.534235 1.341186 1.494954 0.081699 -0.185838 -0.525375 -0.046206 -0.829042
1642516766.542568 1.339405 1.499817 0.081403 -0.182329 -0.522252 -0.046862 -0.831753
1642516766.550902 1.337464 1.504373 0.081254 -0.178884 -0.519380 -0.046935 -0.834291
1642516766.559235 1.335257 1.508777 0.081331 -0.175573 -0.515868 -0.047388 -0.837143
1642516766.567568 1.332742 1.513020 0.081599 -0.172771 -0.511729 -0.047969 -0.840228
1642516766.575902 1.329979 1.517048 0.082054 -0.169952 -0.507492 -0.048565 -0.843332
1642516766.584235 1.327026 1.520782 0.082682 -0.167309 -0.502768 -0.049607 -0.846624
1642516766.592568 1.323800 1.524307 0.083495 -0.164934 -0.498082 -0.050507 -0.849800
1642516766.600902 1.320322 1.527512 0.084479 -0.162672 -0.492517 -0.051996 -0.853383
1642516766.609235 1.316644 1.530387 0.085599 -0.160758 -0.486539 -0.053759 -0.857057
1642516766.617568 1.312671 1.533062 0.086924 -0.159212 -0.481396 -0.055032 -0.860164
1642516766.625902 1.308487 1.535415 0.088340 -0.157888 -0.475623 -0.056907 -0.863491
1642516766.634235 1.304086 1.537468 0.089860 -0.156755 -0.469802 -0.058986 -0.866738
1642516766.642568 1.299437 1.539218 0.091492 -0.155884 -0.464038 -0.061423 -0.869825
1642516766.650902 1.294540 1.540679 0.093214 -0.155250 -0.458441 -0.064212 -0.872701
1642516766.659235 1.289411 1.541856 0.095044 -0.154788 -0.452779 -0.067494 -0.875487
1642516766.667568 1.284050 1.542748 0.096950 -0.154405 -0.447508 -0.070923 -0.877990
1642516766.675902 1.278457 1.543372 0.098903 -0.154039 -0.442829 -0.074377 -0.880138
1642516766.684235 1.272627 1.543708 0.100930 -0.153758 -0.438269 -0.078144 -0.882141
1642516766.692568 1.266590 1.543754 0.103003 -0.153588 -0.433789 -0.082147 -0.884019
1642516766.700902 1.260323 1.543492 0.105115 -0.153598 -0.429198 -0.086432 -0.885848
1642516766.709235 1.253870 1.542977 0.107269 -0.153941 -0.423957 -0.091235 -0.887828
1642516766.717568 1.247198 1.541994 0.109320 -0.153271 -0.421551 -0.093858 -0.888816
1642516766.725902 1.240292 1.540824 0.111473 -0.153191 -0.418189 -0.097752 -0.889997
1642516766.734235 1.233137 1.539407 0.113672 -0.153412 -0.413672 -0.102707 -0.891511
1642516766.742568 1.225764 1.537688 0.115874 -0.153741 -0.409135 -0.107880 -0.892936
1642516766.750902 1.218179 1.535709 0.118073 -0.154186 -0.404517 -0.113233 -0.894299
1642516766.759235 1.210378 1.533464 0.120267 -0.154723 -0.399644 -0.118862 -0.895666
1642516766.767568 1.202386 1.530948 0.122439 -0.155304 -0.394694 -0.124500 -0.896993
1642516766.775902 1.194205 1.528219 0.124595 -0.156180 -0.388893 -0.130678 -0.898495
1642516766.784235 1.185867 1.525212 0.126671 -0.156978 -0.383301 -0.136366 -0.899913
1642516766.792568 1.177328 1.521994 0.128706 -0.157079 -0.377897 -0.141065 -0.901455
1642516766.800902 1.168752 1.518401 0.130535 -0.159161 -0.372311 -0.147141 -0.902442
1642516766.809235 1.159891 1.514780 0.132463 -0.161275 -0.364740 -0.154541 -0.903921
1642516766.817568 1.151040 1.510817 0.134237 -0.161852 -0.359187 -0.158434 -0.905366
1642516766.825902 1.141935 1.506832 0.136106 -0.162949 -0.351161 -0.164382 -0.907255
1642516766.834235 1.132721 1.502622 0.137893 -0.164351 -0.343375 -0.169834 -0.908977
1642516766.842568 1.123421 1.498175 0.139586 -0.165787 -0.336021 -0.174442 -0.910590
1642516766.850902 1.113982 1.493570 0.141220 -0.167409 -0.328263 -0.179176 -0.912203
1642516766.859235 1.104394 1.488805 0.142809 -0.169248 -0.320304 -0.183811 -0.913769
1642516766.867568 1.094775 1.483772 0.144222 -0.170512 -0.314105 -0.186463 -0.915148
1642516766.875902 1.084949 1.478700 0.145637 -0.172426 -0.306828 -0.190232 -0.916481
1642516766.884235 1.074903 1.473650 0.147104 -0.175111 -0.296991 -0.196095 -0.917976
1642516766.892568 1.064742 1.468381 0.148406 -0.177130 -0.287665 -0.201409 -0.919407
1642516766.900902 1.054448 1.462851 0.149562 -0.180181 -0.277851 -0.207072 -0.920573
1642516766.909235 1.044110 1.457159 0.150591 -0.182582 -0.270003 -0.211105 -0.921519
1642516766.917568 1.033608 1.451515 0.151686 -0.184839 -0.262708 -0.214782 -0.922327
1642516766.925902 1.022921 1.445852 0.152833 -0.188292 -0.251994 -0.221251 -0.923089
1642516766.934235 1.012193 1.439938 0.153780 -0.191562 -0.242681 -0.226708 -0.923587
1642516766.942568 1.001383 1.433896 0.154617 -0.194484 -0.234611 -0.231317 -0.923919
1642516766.950902 0.990422 1.427745 0.155355 -0.197397 -0.226340 -0.236207 -0.924127
1642516766.959235 0.979339 1.421477 0.155978 -0.200357 -0.218197 -0.241187 -0.924162
1642516766.967568 0.968075 1.415159 0.156536 -0.203327 -0.210341 -0.246514 -0.923930
1642516766.975902 0.956750 1.408805 0.157020 -0.206339 -0.202780 -0.251429 -0.923628
1642516766.984235 0.945296 1.402292 0.157355 -0.209419 -0.195046 -0.256738 -0.923139
1642516766.992568 0.933726 1.395687 0.157582 -0.212661 -0.187210 -0.262165 -0.922495
1642516767.000902 0.922002 1.389054 0.157682 -0.215991 -0.179437 -0.267996 -0.921590
1642516767.009235 0.910137 1.382427 0.157707 -0.218265 -0.171660 -0.273734 -0.920849
1642516767.017568 0.898238 1.375648 0.157440 -0.221618 -0.164081 -0.279729 -0.919628
1642516767.025902 0.886184 1.368877 0.157031 -0.225385 -0.157729 -0.284969 -0.918213
1642516767.034235 0.874065 1.362079 0.156426 -0.228454 -0.150226 -0.290484 -0.916984
1642516767.042568 0.861887 1.355255 0.155607 -0.231177 -0.141876 -0.296186 -0.915807
1642516767.050902 0.849746 1.348370 0.154591 -0.233626 -0.134234 -0.300740 -0.914853
1642516767.059235 0.837560 1.341527 0.153345 -0.235757 -0.124574 -0.306274 -0.913836
1642516767.067568 0.825248 1.334869 0.151931 -0.238027 -0.114511 -0.312178 -0.912565
1642516767.075902 0.812949 1.328288 0.150281 -0.240653 -0.104884 -0.317001 -0.911370
1642516767.084235 0.800733 1.321832 0.148425 -0.242847 -0.095405 -0.321177 -0.910367
1642516767.092568 0.788577 1.315559 0.146379 -0.244687 -0.085558 -0.325322 -0.909381
1642516767.100902 0.776497 1.309483 0.144122 -0.246424 -0.075883 -0.328974 -0.908457
1642516767.109235 0.764470 1.303669 0.141709 -0.248179 -0.067317 -0.331716 -0.907656
1642516767.117568 0.752549 1.298117 0.139142 -0.249636 -0.058474 -0.334147 -0.906978
1642516767.125902 0.740706 1.292812 0.136371 -0.250779 -0.049544 -0.336250 -0.906417
1642516767.134235 0.729013 1.287769 0.133469 -0.251756 -0.040228 -0.338074 -0.905929
1642516767.142568 0.717474 1.282992 0.130441 -0.252638 -0.030832 -0.339488 -0.905523
1642516767.150902 0.706060 1.278568 0.127338 -0.253305 -0.020932 -0.340593 -0.905204
1642516767.159235 0.694805 1.274384 0.124137 -0.254092 -0.011803 -0.341287 -0.904887
1642516767.167568 0.683606 1.270559 0.120922 -0.254822 -0.003595 -0.341566 -0.904647
1642516767.175902 0.672553 1.267040 0.117644 -0.255352 0.004682 -0.341651 -0.904460
1642516767.184235 0.661625 1.263806 0.114320 -0.255753 0.012826 -0.341618 -0.904280
1642516767.192568 0.650823 1.260859 0.110964 -0.256077 0.021045 -0.341676 -0.904013
1642516767.200902 0.640126 1.258188 0.107605 -0.256357 0.028883 -0.341601 -0.903745
1642516767.209235 0.629529 1.255797 0.104262 -0.256583 0.036416 -0.341515 -0.903441
1642516767.217568 0.619048 1.253713 0.100929 -0.256682 0.043701 -0.341249 -0.903191
1642516767.225902 0.608744 1.251914 0.097571 -0.256556 0.051081 -0.340825 -0.902999
1642516767.234235 0.598594 1.250406 0.094201 -0.256396 0.058032 -0.340210 -0.902857
1642516767.242568 0.588615 1.249180 0.090797 -0.256098 0.064669 -0.339426 -0.902786
1642516767.250902 0.578790 1.248272 0.087404 -0.255472 0.071248 -0.338423 -0.902844
1642516767.259235 0.569161 1.247607 0.083968 -0.254730 0.077455 -0.337404 -0.902924
1642516767.267568 0.559705 1.247211 0.080507 -0.253779 0.083503 -0.336390 -0.903031
1642516767.275902 0.550533 1.247052 0.076983 -0.252404 0.090864 -0.335767 -0.902938
1642516767.284235 0.541536 1.247220 0.073455 -0.250912 0.097407 -0.334786 -0.903035
1642516767.292568 0.532741 1.247659 0.069883 -0.249155 0.103767 -0.334024 -0.903096
1642516767.300902 0.524189 1.248408 0.066293 -0.247055 0.109942 -0.333085 -0.903289
1642516767.309235 0.515922 1.249447 0.062663 -0.244412 0.116222 -0.331994 -0.903623
1642516767.317568 0.507898 1.250776 0.059026 -0.241647 0.121706 -0.330636 -0.904143
1642516767.325902 0.500157 1.252370 0.055381 -0.238491 0.127144 -0.329288 -0.904724
1642516767.334235 0.492714 1.254227 0.051721 -0.234971 0.132524 -0.327812 -0.905409
1642516767.342568 0.485570 1.256341 0.048081 -0.231146 0.137696 -0.326174 -0.906213
1642516767.350902 0.478742 1.258685 0.044454 -0.227124 0.142520 -0.324424 -0.907112
1642516767.359235 0.472251 1.261237 0.040847 -0.222782 0.147787 -0.322553 -0.908013
1642516767.367568 0.466044 1.263985 0.037296 -0.218580 0.152122 -0.320206 -0.909148
1642516767.375902 0.460133 1.266926 0.033799 -0.214223 0.156524 -0.317856 -0.910262
1642516767.384235 0.454529 1.270035 0.030357 -0.209738 0.161125 -0.315541 -0.911308
1642516767.392568 0.449206 1.273302 0.026981 -0.205149 0.165552 -0.313113 -0.912396
1642516767.400902 0.444185 1.276719 0.023706 -0.199694 0.170211 -0.310726 -0.913565
1642516767.409235 0.439500 1.280257 0.020486 -0.194466 0.174217 -0.308346 -0.914743
1642516767.417568 0.435156 1.283926 0.017343 -0.189448 0.176954 -0.305446 -0.916242
1642516767.425902 0.431230 1.287704 0.014251 -0.183861 0.179950 -0.302593 -0.917742
1642516767.434235 0.427673 1.291623 0.011263 -0.178320 0.181860 -0.299385 -0.919510
1642516767.442568 0.424558 1.295602 0.008360 -0.172577 0.183275 -0.295912 -0.921447
1642516767.450902 0.421904 1.299611 0.005544 -0.166473 0.184588 -0.292272 -0.923467
1642516767.459235 0.419642 1.303699 0.002871 -0.160462 0.185209 -0.288315 -0.925648
1642516767.467568 0.417728 1.307827 0.000361 -0.154850 0.184580 -0.283989 -0.928064
1642516767.475902 0.416219 1.311952 -0.001979 -0.149026 0.184477 -0.279772 -0.930316
1642516767.484235 0.415022 1.316079 -0.004158 -0.143595 0.183165 -0.275094 -0.932821
1642516767.492568 0.414150 1.320181 -0.006117 -0.138397 0.181668 -0.270322 -0.935291
1642516767.500902 0.413611 1.324241 -0.007867 -0.133433 0.180445 -0.265570 -0.937607
1642516767.509235 0.413383 1.328283 -0.009395 -0.128951 0.179135 -0.260628 -0.939870
1642516767.517568 0.413391 1.332310 -0.010690 -0.125300 0.176431 -0.255226 -0.942354
1642516767.525902 0.413691 1.336292 -0.011750 -0.121306 0.174378 -0.249613 -0.944759
1642516767.534235 0.414300 1.340157 -0.012582 -0.117869 0.172533 -0.244164 -0.946955
1642516767.542568 0.415191 1.343935 -0.013162 -0.115079 0.170311 -0.238714 -0.949087
1642516767.550902 0.416366 1.347631 -0.013495 -0.112705 0.167786 -0.233021 -0.951234
1642516767.559235 0.417787 1.351262 -0.013551 -0.110120 0.165274 -0.226906 -0.953453
1642516767.567568 0.419528 1.354783 -0.013379 -0.108270 0.162236 -0.220773 -0.955623
1642516767.575902 0.421554 1.358202 -0.012976 -0.106996 0.159173 -0.214813 -0.957638
1642516767.584235 0.423872 1.361497 -0.012344 -0.106069 0.155577 -0.208414 -0.959744
1642516767.592568 0.426460 1.364684 -0.011468 -0.105403 0.151935 -0.201836 -0.961805
1642516767.600902 0.429266 1.367740 -0.010374 -0.105224 0.148236 -0.194921 -0.963826
1642516767.609235 0.432343 1.370680 -0.009056 -0.105316 0.143832 -0.187409 -0.965971
1642516767.617568 0.435644 1.373504 -0.007509 -0.105701 0.139007 -0.179783 -0.968082
1642516767.625902 0.439168 1.376199 -0.005759 -0.106424 0.134451 -0.172246 -0.970014
1642516767.634235 0.442932 1.378734 -0.003825 -0.107270 0.130518 -0.164913 -0.971731
1642516767.642568 0.446931 1.381111 -0.001726 -0.108374 0.126455 -0.157220 -0.973420
1642516767.650902 0.451065 1.383323 0.000561 -0.110020 0.121841 -0.149481 -0.975041
1642516767.659235 0.455362 1.385373 0.003048 -0.112130 0.117198 -0.141861 -0.976508
1642516767.667568 0.459852 1.387242 0.005700 -0.114494 0.112644 -0.134220 -0.977849
1642516767.675902 0.464521 1.388916 0.008507 -0.117248 0.107918 -0.126520 -0.979081
1642516767.684235 0.469396 1.390352 0.011403 -0.120174 0.103056 -0.118811 -0.980215
1642516767.692568 0.474409 1.391577 0.014415 -0.123379 0.098213 -0.111264 -0.981199
1642516767.700902 0.479540 1.392599 0.017566 -0.126737 0.093362 -0.103879 -0.982054
1642516767.709235 0.484813 1.393393 0.020805 -0.130397 0.088364 -0.096649 -0.982775
1642516767.717568 0.490236 1.393941 0.024098 -0.133717 0.084194 -0.090014 -0.983325
1642516767.725902 0.495751 1.394300 0.027517 -0.137933 0.078518 -0.082955 -0.983833
1642516767.734235 0.501446 1.394364 0.030955 -0.142535 0.071737 -0.075244 -0.984315
1642516767.742568 0.507295 1.394255 0.034499 -0.146629 0.066288 -0.068594 -0.984582
1642516767.750902 0.513330 1.393802 0.037971 -0.150336 0.061569 -0.062576 -0.984730
1642516767.759235 0.519445 1.393084 0.041504 -0.154655 0.056233 -0.056100 -0.984770
1642516767.767568 0.525698 1.392142 0.045118 -0.159265 0.050277 -0.049533 -0.984710
1642516767.775902 0.532117 1.390969 0.048760 -0.164215 0.044255 -0.043028 -0.984492
1642516767.784235 0.538648 1.389520 0.052388 -0.169331 0.037792 -0.036680 -0.984151
1642516767.792568 0.545332 1.387813 0.056013 -0.174458 0.031397 -0.030338 -0.983696
1642516767.800902 0.552231 1.385874 0.059633 -0.179417 0.025641 -0.024123 -0.983143
1642516767.809235 0.559279 1.383657 0.063192 -0.184457 0.019856 -0.017966 -0.982476
1642516767.817568 0.566415 1.381288 0.066742 -0.189452 0.014501 -0.012078 -0.981709
1642516767.825902 0.573804 1.378594 0.070202 -0.194717 0.008389 -0.005468 -0.980808
1642516767.834235 0.581247 1.375734 0.073640 -0.199747 0.003022 0.000666 -0.979843
1642516767.842568 0.588839 1.372650 0.076998 -0.204809 -0.002214 0.006879 -0.978775
1642516767.850902 0.596661 1.369225 0.080210 -0.210037 -0.008083 0.013681 -0.977564
1642516767.859235 0.604563 1.365609 0.083381 -0.215167 -0.013589 0.020368 -0.976270
1642516767.867568 0.612550 1.361817 0.086492 -0.220213 -0.018610 0.026917 -0.974903
1642516767.875902 0.620648 1.357827 0.089527 -0.225591 -0.023826 0.033509 -0.973354
1642516767.884235 0.628875 1.353587 0.092449 -0.230461 -0.028071 0.039915 -0.971857
1642516767.892568 0.637202 1.349144 0.095272 -0.235306 -0.032143 0.046410 -0.970280
1642516767.900902 0.645638 1.344539 0.098013 -0.240365 -0.036061 0.053056 -0.968561
1642516767.909235 0.654146 1.339743 0.100632 -0.245168 -0.039759 0.059463 -0.966838
1642516767.917568 0.662721 1.334771 0.103139 -0.249791 -0.043440 0.065784 -0.965086
1642516767.925902 0.671373 1.329654 0.105536 -0.254251 -0.047345 0.072037 -0.963289
1642516767.934235 0.679998 1.324450 0.107944 -0.258832 -0.051069 0.077736 -0.961434
1642516767.942568 0.688808 1.319000 0.110169 -0.263750 -0.056309 0.084204 -0.959257
1642516767.950902 0.697695 1.313398 0.112311 -0.268477 -0.060989 0.090200 -0.957112
1642516767.959235 0.706605 1.307696 0.114400 -0.273037 -0.065620 0.095667 -0.954983
1642516767.967568 0.715495 1.301920 0.116431 -0.277446 -0.069906 0.100475 -0.952912
1642516767.975902 0.724525 1.295843 0.118247 -0.282554 -0.077274 0.107023 -0.950125
1642516767.984235 0.733624 1.289822 0.120095 -0.287171 -0.082118 0.111315 -0.947839
1642516767.992568 0.742721 1.283612 0.121791 -0.292003 -0.088856 0.116258 -0.945158
1642516768.000902 0.751876 1.277421 0.123475 -0.296496 -0.093645 0.119805 -0.942851
1642516768.009235 0.761065 1.271028 0.124987 -0.301488 -0.100415 0.124238 -0.939993
1642516768.017568 0.770295 1.264619 0.126445 -0.306745 -0.107727 0.128614 -0.936889
1642516768.025902 0.779519 1.258216 0.127908 -0.311567 -0.113408 0.131573 -0.934213
1642516768.034235 0.788805 1.251610 0.129181 -0.316643 -0.119851 0.134932 -0.931218
1642516768.042568 0.798147 1.245006 0.130426 -0.321735 -0.125047 0.137212 -0.928452
1642516768.050902 0.807503 1.238382 0.131590 -0.326716 -0.130482 0.139291 -0.925651
1642516768.059235 0.816866 1.231678 0.132653 -0.331745 -0.136396 0.141581 -0.922657
1642516768.067568 0.826286 1.224929 0.133584 -0.337275 -0.141509 0.142431 -0.919747
1642516768.075902 0.835724 1.218228 0.134464 -0.342760 -0.146554 0.142960 -0.916842
1642516768.084235 0.845165 1.211598 0.135271 -0.347879 -0.151476 0.143133 -0.914083
1642516768.092568 0.854713 1.205006 0.135927 -0.352828 -0.156663 0.143400 -0.911266
1642516768.100902 0.864403 1.198219 0.136310 -0.357878 -0.164242 0.145256 -0.907661
1642516768.109235 0.874159 1.191598 0.136617 -0.362735 -0.170914 0.145838 -0.904402
1642516768.117568 0.883987 1.185166 0.136849 -0.367209 -0.176802 0.145378 -0.901534
1642516768.125902 0.893917 1.178863 0.136946 -0.371393 -0.182875 0.144617 -0.898727
1642516768.134235 0.903949 1.172716 0.136896 -0.375410 -0.189097 0.143488 -0.895947
1642516768.142568 0.914081 1.166729 0.136713 -0.379234 -0.195517 0.141986 -0.893193
1642516768.150902 0.924282 1.160863 0.136394 -0.382860 -0.202299 0.140321 -0.890395
1642516768.159235 0.934606 1.155267 0.136012 -0.386454 -0.209016 0.138331 -0.887598
1642516768.167568 0.945062 1.149955 0.135554 -0.390093 -0.215558 0.136003 -0.884797
1642516768.175902 0.955591 1.144903 0.135032 -0.393665 -0.222546 0.133361 -0.881882
1642516768.184235 0.966234 1.140105 0.134432 -0.397130 -0.229271 0.130576 -0.879018
1642516768.192568 0.977000 1.135588 0.133738 -0.400364 -0.235670 0.127564 -0.876297
1642516768.200902 0.987871 1.131372 0.132964 -0.403427 -0.242074 0.124386 -0.873599
1642516768.209235 0.998799 1.127546 0.132112 -0.406349 -0.248897 0.121207 -0.870770
1642516768.217568 1.009828 1.124020 0.131193 -0.409005 -0.255627 0.117716 -0.868051
1642516768.225902 1.020979 1.120717 0.130215 -0.411457 -0.262459 0.114087 -0.865334
1642516768.234235 1.032166 1.117810 0.129183 -0.413726 -0.269307 0.110167 -0.862652
1642516768.242568 1.043368 1.115281 0.128115 -0.415771 -0.276204 0.106078 -0.859996
1642516768.250902 1.054626 1.113092 0.127010 -0.417759 -0.283152 0.101757 -0.857291
1642516768.259235 1.065878 1.111329 0.125872 -0.419448 -0.289699 0.097186 -0.854806
1642516768.267568 1.077187 1.109839 0.124717 -0.421266 -0.296364 0.092662 -0.852125
1642516768.275902 1.088517 1.108726 0.123521 -0.422811 -0.303046 0.088077 -0.849492
1642516768.284235 1.099839 1.108018 0.122277 -0.424013 -0.309504 0.083444 -0.847029
1642516768.292568 1.111053 1.107879 0.121136 -0.425115 -0.315453 0.077418 -0.844851
1642516768.300902 1.122288 1.108053 0.119922 -0.425918 -0.321472 0.071928 -0.842660
1642516768.309235 1.133501 1.108509 0.118652 -0.426225 -0.327671 0.066922 -0.840527
1642516768.317568 1.144621 1.109355 0.117411 -0.426315 -0.333878 0.061709 -0.838435
1642516768.325902 1.155688 1.110530 0.116177 -0.426367 -0.340086 0.055528 -0.836343
1642516768.334235 1.166619 1.112138 0.114978 -0.426308 -0.346256 0.049756 -0.834202
1642516768.342568 1.177463 1.114238 0.113685 -0.426550 -0.352784 0.043842 -0.831671
1642516768.350902 1.188148 1.116663 0.112445 -0.426395 -0.359033 0.038047 -0.829358
1642516768.359235 1.198704 1.119497 0.111253 -0.425796 -0.364976 0.032351 -0.827311
1642516768.367568 1.209114 1.122665 0.110009 -0.424965 -0.371034 0.026670 -0.825244
1642516768.375902 1.219373 1.126239 0.108772 -0.423806 -0.377201 0.021094 -0.823203
1642516768.384235 1.229451 1.130175 0.107568 -0.422485 -0.383006 0.015366 -0.821327
1642516768.392568 1.239323 1.134439 0.106430 -0.420832 -0.388690 0.009061 -0.819596
1642516768.400902 1.248945 1.139059 0.105382 -0.418936 -0.394433 0.003125 -0.817866
1642516768.409235 1.258309 1.144041 0.104380 -0.417336 -0.399871 -0.003006 -0.816043
1642516768.417568 1.267411 1.149290 0.103483 -0.415294 -0.405154 -0.009133 -0.814431
1642516768.425902 1.276232 1.154795 0.102682 -0.412706 -0.410539 -0.015020 -0.812961
1642516768.434235 1.284752 1.160636 0.101973 -0.409605 -0.415880 -0.020961 -0.811683
1642516768.442568 1.292987 1.166831 0.101273 -0.406885 -0.421343 -0.027275 -0.810044
1642516768.450902 1.300966 1.173248 0.100621 -0.403836 -0.426427 -0.033417 -0.808678
1642516768.459235 1.308613 1.179890 0.100085 -0.400286 -0.431448 -0.039319 -0.807514
1642516768.467568 1.315929 1.186668 0.099625 -0.396549 -0.436453 -0.045448 -0.806345
1642516768.475902 1.322865 1.193655 0.099331 -0.392641 -0.441010 -0.051681 -0.805402
1642516768.484235 1.329455 1.200733 0.099197 -0.388579 -0.445438 -0.058297 -0.804483
1642516768.492568 1.335633 1.207966 0.099254 -0.384784 -0.449460 -0.064869 -0.803566
1642516768.500902 1.341352 1.215496 0.099642 -0.380428 -0.452983 -0.070551 -0.803183
1642516768.509235 1.346740 1.223039 0.100171 -0.376278 -0.456095 -0.076549 -0.802828
1642516768.517568 1.351786 1.230592 0.100800 -0.372377 -0.458816 -0.082723 -0.802484
1642516768.525902 1.356457 1.238230 0.101551 -0.368637 -0.461205 -0.088792 -0.802193
1642516768.534235 1.360751 1.245905 0.102380 -0.364833 -0.463413 -0.094582 -0.801997
1642516768.542568 1.364656 1.253624 0.103308 -0.360954 -0.465308 -0.100198 -0.801973
1642516768.550902 1.368144 1.261332 0.104338 -0.357131 -0.466785 -0.105748 -0.802113
1642516768.559235 1.371231 1.268990 0.105474 -0.353297 -0.467953 -0.111205 -0.802393
1642516768.567568 1.373920 1.276556 0.106733 -0.349553 -0.468907 -0.116528 -0.802720
1642516768.575902 1.376194 1.284013 0.108085 -0.345994 -0.469561 -0.121969 -0.803071
1642516768.584235 1.378085 1.291152 0.109336 -0.343899 -0.469801 -0.128052 -0.802885
1642516768.592568 1.379529 1.298261 0.110730 -0.340896 -0.470024 -0.133730 -0.803109
1642516768.600902 1.380519 1.305313 0.112203 -0.336931 -0.470315 -0.139018 -0.803714
1642516768.609235 1.381103 1.312158 0.113624 -0.332761 -0.470490 -0.144203 -0.804434
1642516768.617568 1.381253 1.318813 0.114988 -0.328390 -0.470576 -0.149295 -0.805251
1642516768.625902 1.380978 1.325261 0.116307 -0.323813 -0.470615 -0.154213 -0.806154
1642516768.634235 1.380298 1.331490 0.117545 -0.318947 -0.470545 -0.158942 -0.807216
1642516768.642568 1.379203 1.337459 0.118691 -0.313849 -0.470408 -0.163489 -0.808385
1642516768.650902 1.377691 1.343153 0.119742 -0.308518 -0.470193 -0.167941 -0.809648
1642516768.659235 1.375760 1.348546 0.120674 -0.302945 -0.470022 -0.172264 -0.810943
1642516768.667568 1.373388 1.353603 0.121494 -0.297223 -0.469792 -0.176684 -0.812242
1642516768.675902 1.370608 1.358323 0.122237 -0.290885 -0.469489 -0.181112 -0.813735
1642516768.684235 1.367418 1.362704 0.122867 -0.285074 -0.468809 -0.185625 -0.815165
1642516768.692568 1.363783 1.366685 0.123410 -0.279332 -0.468461 -0.190036 -0.816336
1642516768.700902 1.359802 1.370344 0.123944 -0.273631 -0.467641 -0.194573 -0.817667
1642516768.709235 1.355581 1.373616 0.124448 -0.267838 -0.466134 -0.198790 -0.819429
1642516768.717568 1.350944 1.376391 0.124992 -0.261630 -0.465682 -0.202594 -0.820759
1642516768.725902 1.346026 1.378819 0.125641 -0.256249 -0.463357 -0.206977 -0.822677
1642516768.734235 1.340899 1.380896 0.126427 -0.251792 -0.459510 -0.211742 -0.824995
1642516768.742568 1.335567 1.382598 0.127367 -0.247798 -0.455279 -0.216243 -0.827380
1642516768.750902 1.330049 1.383883 0.128402 -0.244524 -0.450054 -0.220917 -0.829973
1642516768.759235 1.324404 1.384820 0.129563 -0.241733 -0.444553 -0.225287 -0.832576
1642516768.767568 1.318647 1.385399 0.130823 -0.239407 -0.438559 -0.229505 -0.835271
1642516768.775902 1.312802 1.385607 0.132153 -0.237528 -0.432197 -0.233561 -0.837995
1642516768.784235 1.306902 1.385465 0.133576 -0.236093 -0.425631 -0.237423 -0.840671
1642516768.792568 1.300951 1.384976 0.135079 -0.235033 -0.418936 -0.241159 -0.843264
1642516768.800902 1.294998 1.384169 0.136676 -0.233741 -0.412433 -0.244900 -0.845747
1642516768.809235 1.289021 1.383039 0.138350 -0.233371 -0.405583 -0.248527 -0.848100
1642516768.817568 1.283030 1.381570 0.140064 -0.233501 -0.399193 -0.251665 -0.850169
1642516768.825902 1.277058 1.379818 0.141860 -0.233843 -0.392908 -0.254654 -0.852111
1642516768.834235 1.271119 1.377781 0.143709 -0.234566 -0.386556 -0.257466 -0.853970
1642516768.842568 1.265024 1.375656 0.145769 -0.236688 -0.378342 -0.262134 -0.855641
1642516768.850902 1.259145 1.373169 0.147720 -0.238235 -0.371536 -0.264702 -0.857402
1642516768.859235 1.253348 1.370375 0.149646 -0.239676 -0.365380 -0.266077 -0.859218
1642516768.867568 1.247586 1.367319 0.151592 -0.241557 -0.358478 -0.267684 -0.861098
1642516768.875902 1.241808 1.364044 0.153607 -0.243809 -0.352072 -0.268651 -0.862803
1642516768.884235 1.236046 1.360545 0.155671 -0.246356 -0.345436 -0.269419 -0.864521
1642516768.892568 1.230368 1.356783 0.157737 -0.249176 -0.338526 -0.269862 -0.866306
1642516768.900902 1.224759 1.352791 0.159800 -0.252173 -0.331123 -0.270241 -0.868180
1642516768.909235 1.219172 1.348581 0.161876 -0.255381 -0.323707 -0.270365 -0.869999
1642516768.917568 1.213620 1.344158 0.163972 -0.258923 -0.316046 -0.270442 -0.871742
1642516768.925902 1.208021 1.339576 0.166107 -0.262824 -0.309582 -0.269729 -0.873114
1642516768.934235 1.202462 1.334763 0.168263 -0.266951 -0.303178 -0.268773 -0.874403
1642516768.942568 1.196947 1.329707 0.170430 -0.271293 -0.296282 -0.267824 -0.875721
1642516768.950902 1.191428 1.324428 0.172619 -0.275937 -0.289652 -0.266682 -0.876836
1642516768.959235 1.185855 1.318957 0.174876 -0.280900 -0.284405 -0.265046 -0.877473
1642516768.967568 1.180410 1.313215 0.177076 -0.285892 -0.277653 -0.263655 -0.878442
1642516768.975902 1.174960 1.307277 0.179293 -0.291130 -0.271009 -0.262215 -0.879227
1642516768.984235 1.169464 1.301181 0.181532 -0.296650 -0.265071 -0.260640 -0.879661
1642516768.992568 1.163947 1.294905 0.183756 -0.302432 -0.259375 -0.258939 -0.879892
1642516769.000902 1.158396 1.288466 0.185937 -0.308202 -0.253776 -0.257082 -0.880067
1642516769.009235 1.152793 1.281881 0.188097 -0.314083 -0.248399 -0.255121 -0.880093
1642516769.017568 1.147119 1.275131 0.190205 -0.319871 -0.243245 -0.253212 -0.879999
1642516769.025902 1.141325 1.268281 0.192282 -0.325587 -0.238275 -0.250956 -0.879909
1642516769.034235 1.135458 1.261265 0.194275 -0.331500 -0.233565 -0.248825 -0.879569
1642516769.042568 1.129526 1.254092 0.196185 -0.337609 -0.228729 -0.246803 -0.879086
1642516769.050902 1.123468 1.246795 0.198027 -0.343843 -0.223981 -0.244564 -0.878518
1642516769.059235 1.117295 1.239394 0.199800 -0.350335 -0.219222 -0.242213 -0.877804
1642516769.067568 1.111015 1.231864 0.201466 -0.356908 -0.214075 -0.239874 -0.877069
1642516769.075902 1.104563 1.224260 0.203046 -0.363595 -0.208899 -0.237359 -0.876254
1642516769.084235 1.097912 1.216601 0.204564 -0.370507 -0.203670 -0.234613 -0.875329
1642516769.092568 1.091122 1.208880 0.205978 -0.377508 -0.198381 -0.231586 -0.874357
1642516769.100902 1.084131 1.201108 0.207293 -0.384419 -0.192650 -0.228614 -0.873409
1642516769.109235 1.076906 1.193285 0.208517 -0.391184 -0.186708 -0.225811 -0.872424
1642516769.117568 1.069395 1.185507 0.209639 -0.398238 -0.180607 -0.222445 -0.871382
1642516769.125902 1.061681 1.177773 0.210662 -0.405127 -0.174227 -0.219295 -0.870303
1642516769.134235 1.053738 1.170105 0.211592 -0.411759 -0.167346 -0.216551 -0.869227
1642516769.142568 1.045574 1.162483 0.212365 -0.418332 -0.160446 -0.213897 -0.868046
1642516769.150902 1.037198 1.154919 0.212925 -0.424478 -0.154017 -0.211022 -0.866930
1642516769.159235 1.028507 1.147567 0.213378 -0.430285 -0.147191 -0.208286 -0.865914
1642516769.167568 1.019561 1.140380 0.213681 -0.435824 -0.140189 -0.205640 -0.864937
1642516769.175902 1.010392 1.133313 0.213800 -0.441003 -0.133178 -0.203094 -0.864021
1642516769.184235 1.000973 1.126489 0.213754 -0.446072 -0.126307 -0.200723 -0.863005
1642516769.192568 0.991304 1.119935 0.213561 -0.450706 -0.119705 -0.198480 -0.862056
1642516769.200902 0.981413 1.113629 0.213227 -0.454776 -0.113393 -0.196435 -0.861240
1642516769.209235 0.971305 1.107541 0.212686 -0.458563 -0.107786 -0.194601 -0.860368
1642516769.217568 0.960924 1.101498 0.212423 -0.458441 -0.102572 -0.192016 -0.861650
1642516769.225902 0.950366 1.096049 0.211418 -0.463230 -0.097105 -0.191122 -0.859919
1642516769.234235 0.939596 1.090830 0.210226 -0.468049 -0.091809 -0.190400 -0.858050
1642516769.242568 0.928558 1.085796 0.209220 -0.470811 -0.086122 -0.189426 -0.857344
1642516769.250902 0.917281 1.081039 0.208149 -0.473334 -0.080060 -0.188716 -0.856698
1642516769.259235 0.905786 1.076544 0.206998 -0.475588 -0.073939 -0.188182 -0.856117
1642516769.267568 0.894081 1.072303 0.205760 -0.477591 -0.067585 -0.187790 -0.855613
1642516769.275902 0.882155 1.068219 0.204481 -0.478494 -0.061317 -0.186972 -0.855760
1642516769.284235 0.870001 1.064572 0.203011 -0.480946 -0.054716 -0.186138 -0.855015
1642516769.292568 0.857776 1.061149 0.201422 -0.483446 -0.047884 -0.186291 -0.853981
1642516769.300902 0.845432 1.057909 0.199796 -0.485212 -0.040880 -0.186878 -0.853215
1642516769.309235 0.832858 1.054979 0.198170 -0.486800 -0.033867 -0.186528 -0.852694
1642516769.317568 0.820205 1.052282 0.196418 -0.488334 -0.026602 -0.186773 -0.852020
1642516769.325902 0.807479 1.049828 0.194542 -0.489799 -0.019020 -0.187717 -0.851174
1642516769.334235 0.794633 1.047661 0.192560 -0.491033 -0.011305 -0.188683 -0.850387
1642516769.342568 0.781689 1.045785 0.190491 -0.491894 -0.003771 -0.189792 -0.849709
1642516769.350902 0.768661 1.044261 0.188273 -0.492894 0.004134 -0.191128 -0.848828
1642516769.359235 0.755545 1.042975 0.185979 -0.493437 0.011674 -0.192628 -0.848103
1642516769.367568 0.742316 1.041790 0.183728 -0.492960 0.018664 -0.194148 -0.847908
1642516769.375902 0.728997 1.040746 0.181328 -0.491434 0.025958 -0.195018 -0.848402
1642516769.384235 0.715725 1.040056 0.178805 -0.490710 0.032671 -0.196942 -0.848145
1642516769.392568 0.702434 1.039660 0.176237 -0.490159 0.039313 -0.199250 -0.847643
1642516769.400902 0.689104 1.039470 0.173603 -0.489273 0.046168 -0.201489 -0.847279
1642516769.409235 0.675784 1.039510 0.170900 -0.488195 0.053011 -0.203853 -0.846935
1642516769.417568 0.662483 1.039767 0.168137 -0.486884 0.059895 -0.206379 -0.846619
1642516769.425902 0.649232 1.040241 0.165310 -0.485395 0.066850 -0.209089 -0.846289
1642516769.434235 0.636055 1.040902 0.162400 -0.483699 0.073170 -0.211713 -0.846085
1642516769.442568 0.622970 1.041791 0.159486 -0.481657 0.079939 -0.214743 -0.845874
1642516769.450902 0.610021 1.042870 0.156570 -0.479405 0.086748 -0.217449 -0.845790
1642516769.459235 0.597238 1.044102 0.153591 -0.477093 0.092677 -0.219672 -0.845895
1642516769.467568 0.584570 1.045630 0.150669 -0.474449 0.099205 -0.222263 -0.845964
1642516769.475902 0.572085 1.047338 0.147732 -0.471667 0.105578 -0.224704 -0.846104
1642516769.484235 0.559811 1.049206 0.144784 -0.468715 0.111499 -0.226778 -0.846432
1642516769.492568 0.547732 1.051250 0.141863 -0.465569 0.117408 -0.228723 -0.846845
1642516769.500902 0.535849 1.053488 0.138998 -0.462743 0.122404 -0.230416 -0.847228
1642516769.509235 0.524261 1.055821 0.136115 -0.459431 0.128056 -0.232106 -0.847733
1642516769.517568 0.512822 1.058327 0.133344 -0.455904 0.134827 -0.233843 -0.848110
1642516769.525902 0.501575 1.061004 0.130668 -0.452454 0.141209 -0.235244 -0.848531
1642516769.534235 0.490606 1.063760 0.128022 -0.449305 0.146585 -0.236161 -0.849038
1642516769.542568 0.479949 1.066566 0.125386 -0.445928 0.152289 -0.236807 -0.849635
1642516769.550902 0.469539 1.069484 0.122839 -0.442562 0.158204 -0.237298 -0.850177
1642516769.559235 0.459357 1.072512 0.120386 -0.439331 0.163869 -0.237521 -0.850717
1642516769.567568 0.449427 1.075658 0.118051 -0.436328 0.169029 -0.237487 -0.851262
1642516769.575902 0.439753 1.078901 0.115797 -0.433175 0.174184 -0.237213 -0.851909
1642516769.584235 0.430379 1.082198 0.113588 -0.429807 0.179830 -0.237033 -0.852492
1642516769.592568 0.421254 1.085588 0.111470 -0.426499 0.185128 -0.236790 -0.853087
1642516769.600902 0.412378 1.089073 0.109443 -0.423278 0.189876 -0.236525 -0.853721
1642516769.609235 0.403776 1.092639 0.107507 -0.420091 0.194367 -0.236206 -0.854372
1642516769.617568 0.395452 1.096298 0.105659 -0.416849 0.198488 -0.235846 -0.855112
1642516769.625902 0.387432 1.100063 0.103922 -0.413616 0.202255 -0.235275 -0.855956
1642516769.634235 0.379740 1.103950 0.102342 -0.410820 0.205113 -0.234263 -0.856899
1642516769.642568 0.372391 1.107958 0.100876 -0.407707 0.207740 -0.232993 -0.858099
1642516769.650902 0.365374 1.112089 0.099501 -0.404274 0.210243 -0.231320 -0.859564
1642516769.659235 0.358698 1.116333 0.098241 -0.400769 0.212553 -0.229520 -0.861119
1642516769.667568 0.352366 1.120685 0.097044 -0.396834 0.215670 -0.227505 -0.862700
1642516769.675902 0.346293 1.125184 0.096001 -0.393468 0.217875 -0.224887 -0.864372
1642516769.684235 0.340501 1.129781 0.095061 -0.390257 0.220175 -0.221978 -0.865996
1642516769.692568 0.334979 1.134486 0.094209 -0.386877 0.223567 -0.219173 -0.867356
1642516769.700902 0.329762 1.139237 0.093377 -0.383214 0.227730 -0.216174 -0.868652
1642516769.709235 0.324820 1.144060 0.092642 -0.380262 0.230724 -0.212371 -0.870095
1642516769.717568 0.320127 1.149031 0.091980 -0.377271 0.234074 -0.208591 -0.871416
1642516769.725902 0.315749 1.154054 0.091299 -0.373475 0.238728 -0.205025 -0.872634
1642516769.734235 0.311620 1.159196 0.090709 -0.370179 0.242082 -0.201054 -0.874037
1642516769.742568 0.307799 1.164404 0.090143 -0.366546 0.245651 -0.197173 -0.875455
1642516769.750902 0.304256 1.169665 0.089608 -0.362896 0.248686 -0.193290 -0.876984
1642516769.759235 0.301024 1.174942 0.089047 -0.358563 0.251897 -0.189482 -0.878679
1642516769.767568 0.298061 1.180247 0.088537 -0.354289 0.254250 -0.185700 -0.880541
1642516769.775902 0.295332 1.185552 0.088019 -0.349658 0.256342 -0.181484 -0.882662
1642516769.784235 0.292908 1.190794 0.087496 -0.345142 0.257832 -0.177678 -0.884777
1642516769.792568 0.290814 1.196019 0.086991 -0.340792 0.258669 -0.174463 -0.886856
1642516769.800902 0.289000 1.201160 0.086466 -0.336160 0.259433 -0.171471 -0.888982
1642516769.809235 0.287447 1.206155 0.085893 -0.331095 0.260334 -0.168654 -0.891156
1642516769.817568 0.286161 1.211019 0.085349 -0.326422 0.260312 -0.166060 -0.893370
1642516769.825902 0.285126 1.215756 0.084814 -0.321951 0.259762 -0.163543 -0.895615
1642516769.834235 0.284356 1.220292 0.084240 -0.317326 0.259105 -0.161253 -0.897868
1642516769.842568 0.283826 1.224609 0.083645 -0.312649 0.258303 -0.159164 -0.900110
1642516769.850902 0.283519 1.228692 0.083037 -0.308094 0.257362 -0.157253 -0.902283
1642516769.859235 0.283429 1.232516 0.082427 -0.303596 0.256393 -0.155703 -0.904350
1642516769.867568 0.283538 1.236066 0.081832 -0.299283 0.255035 -0.154436 -0.906386
1642516769.875902 0.283880 1.239328 0.081261 -0.295333 0.253527 -0.154111 -0.908159
1642516769.884235 0.284359 1.242307 0.080687 -0.291557 0.251463 -0.153916 -0.909984
1642516769.892568 0.284992 1.244937 0.080201 -0.287992 0.249860 -0.153771 -0.911584
1642516769.900902 0.285776 1.247260 0.079737 -0.284802 0.247161 -0.153710 -0.913331
1642516769.909235 0.286662 1.249243 0.079418 -0.281869 0.245529 -0.154281 -0.914584
1642516769.917568 0.287652 1.250891 0.079211 -0.279481 0.243968 -0.155124 -0.915591
1642516769.925902 0.288794 1.252183 0.079058 -0.277485 0.241324 -0.156218 -0.916712
1642516769.934235 0.290009 1.253147 0.078983 -0.275659 0.238907 -0.157890 -0.917609
1642516769.942568 0.291306 1.253771 0.079007 -0.274320 0.236483 -0.160054 -0.918263
1642516769.950902 0.292699 1.254031 0.079169 -0.273462 0.233640 -0.162667 -0.918787
1642516769.959235 0.294190 1.253906 0.079456 -0.272622 0.230485 -0.165666 -0.919298
1642516769.967568 0.295812 1.253450 0.079838 -0.272286 0.227074 -0.169141 -0.919614
1642516769.975902 0.297549 1.252720 0.080292 -0.272482 0.222418 -0.172880 -0.919998
1642516769.984235 0.299406 1.251646 0.080882 -0.273207 0.217301 -0.176784 -0.920264
1642516769.992568 0.301379 1.250207 0.081631 -0.274191 0.212548 -0.181073 -0.920247
1642516770.000902 0.303451 1.248523 0.082516 -0.275779 0.206677 -0.185418 -0.920245
1642516770.009235 0.305663 1.246549 0.083436 -0.277276 0.200573 -0.189997 -0.920212
1642516770.017568 0.308006 1.244315 0.084435 -0.278918 0.193904 -0.194507 -0.920203
1642516770.025902 0.310359 1.241966 0.085550 -0.281214 0.186636 -0.199465 -0.919945
1642516770.034235 0.312840 1.239379 0.086646 -0.283197 0.179518 -0.204490 -0.919650
1642516770.042568 0.315394 1.236620 0.087765 -0.285656 0.171521 -0.209218 -0.919353
1642516770.050902 0.318166 1.233645 0.088850 -0.288612 0.162428 -0.213182 -0.919170
1642516770.059235 0.320982 1.230543 0.089864 -0.291371 0.154174 -0.217227 -0.918774
1642516770.067568 0.323711 1.227427 0.090850 -0.293516 0.146657 -0.220809 -0.918468
1642516770.075902 0.326464 1.224229 0.091729 -0.295337 0.140165 -0.224209 -0.918074
1642516770.084235 0.329126 1.221017 0.092493 -0.297989 0.132787 -0.227419 -0.917525
1642516770.092568 0.331728 1.217853 0.093151 -0.300720 0.126138 -0.230880 -0.916707
1642516770.100902 0.334253 1.214656 0.093663 -0.303130 0.120386 -0.233894 -0.915922
1642516770.109235 0.336714 1.211366 0.094011 -0.306031 0.115630 -0.236934 -0.914788
1642516770.117568 0.338996 1.208145 0.094212 -0.308711 0.111768 -0.239474 -0.913706
1642516770.125902 0.341056 1.205018 0.094256 -0.311031 0.108499 -0.241430 -0.912798
1642516770.134235 0.342915 1.201935 0.094124 -0.313217 0.105905 -0.243218 -0.911879
1642516770.142568 0.344546 1.198913 0.093828 -0.315361 0.103835 -0.244758 -0.910966
1642516770.150902 0.345928 1.195968 0.093360 -0.317490 0.102047 -0.246197 -0.910040
1642516770.159235 0.347060 1.193087 0.092778 -0.319560 0.101019 -0.247633 -0.909040
1642516770.167568 0.347922 1.190288 0.092058 -0.321541 0.100023 -0.249002 -0.908078
1642516770.175902 0.348512 1.187577 0.091214 -0.323482 0.099261 -0.250406 -0.907085
1642516770.184235 0.348838 1.184959 0.090255 -0.325366 0.098707 -0.251811 -0.906082
1642516770.192568 0.348901 1.182453 0.089161 -0.327052 0.098177 -0.253190 -0.905148
1642516770.200902 0.348587 1.180152 0.088042 -0.327553 0.097934 -0.253788 -0.904826
1642516770.209235 0.348032 1.177964 0.086744 -0.328216 0.097537 -0.254771 -0.904352
1642516770.217568 0.347381 1.175772 0.085184 -0.330196 0.097458 -0.257164 -0.902961
1642516770.225902 0.346342 1.173854 0.083613 -0.330652 0.097640 -0.258790 -0.902310
1642516770.234235 0.345060 1.171985 0.081868 -0.331470 0.097910 -0.260592 -0.901462
1642516770.242568 0.343468 1.170154 0.079976 -0.332559 0.098206 -0.261628 -0.900728
1642516770.250902 0.341606 1.168602 0.078027 -0.332985 0.098752 -0.262642 -0.900215
1642516770.259235 0.339540 1.167282 0.075999 -0.333114 0.099506 -0.264090 -0.899661
1642516770.267568 0.337249 1.166148 0.073874 -0.333139 0.100522 -0.265476 -0.899131
1642516770.275902 0.334870 1.165289 0.071667 -0.333023 0.101838 -0.268255 -0.898200
1642516770.284235 0.332226 1.164591 0.069377 -0.332719 0.103476 -0.270336 -0.897501
1642516770.292568 0.329301 1.164042 0.067014 -0.332309 0.105520 -0.271478 -0.897071
1642516770.300902 0.326188 1.163707 0.064592 -0.331820 0.107817 -0.272497 -0.896670
1642516770.309235 0.322881 1.163597 0.062115 -0.331120 0.110377 -0.273514 -0.896307
1642516770.317568 0.319445 1.163718 0.059607 -0.330308 0.113081 -0.274317 -0.896024
1642516770.325902 0.315854 1.164112 0.057053 -0.329289 0.115957 -0.275042 -0.895809
1642516770.334235 0.312158 1.164732 0.054458 -0.328021 0.118918 -0.275605 -0.895714
1642516770.342568 0.308382 1.165568 0.051817 -0.326428 0.122007 -0.275919 -0.895783
1642516770.350902 0.304530 1.166650 0.049147 -0.324573 0.125140 -0.276052 -0.895984
1642516770.359235 0.300624 1.167980 0.046469 -0.322556 0.128285 -0.276032 -0.896274
1642516770.367568 0.296681 1.169551 0.043781 -0.320294 0.131433 -0.275864 -0.896681
1642516770.375902 0.292712 1.171353 0.041105 -0.317738 0.134658 -0.275565 -0.897204
1642516770.384235 0.288743 1.173388 0.038461 -0.315057 0.137970 -0.275207 -0.897755
1642516770.392568 0.284765 1.175663 0.035855 -0.312330 0.141445 -0.274785 -0.898296
1642516770.400902 0.280812 1.178152 0.033301 -0.309495 0.144865 -0.274177 -0.898918
1642516770.409235 0.276892 1.180856 0.030792 -0.306517 0.148351 -0.273474 -0.899584
1642516770.417568 0.273024 1.183770 0.028331 -0.303465 0.151936 -0.272781 -0.900231
1642516770.425902 0.269225 1.186873 0.025929 -0.300312 0.155567 -0.272145 -0.900860
1642516770.434235 0.265506 1.190168 0.023622 -0.297005 0.159137 -0.271467 -0.901537
1642516770.442568 0.261894 1.193658 0.021409 -0.293619 0.162540 -0.270737 -0.902258
1642516770.450902 0.258369 1.197317 0.019301 -0.289971 0.166022 -0.269555 -0.903158
1642516770.459235 0.255020 1.201128 0.017275 -0.286440 0.169018 -0.268250 -0.904117
1642516770.467568 0.251824 1.205149 0.015341 -0.283014 0.171883 -0.267051 -0.905010
1642516770.475902 0.248798 1.209330 0.013519 -0.279515 0.174875 -0.266066 -0.905814
1642516770.484235 0.245949 1.213649 0.011818 -0.275886 0.177705 -0.265123 -0.906652
1642516770.492568 0.243283 1.218110 0.010237 -0.272170 0.180254 -0.264092 -0.907573
1642516770.500902 0.240792 1.222724 0.008828 -0.267777 0.182659 -0.262817 -0.908768
1642516770.509235 0.238549 1.227454 0.007526 -0.263543 0.184707 -0.261541 -0.909959
1642516770.517568 0.236557 1.232284 0.006352 -0.259634 0.186510 -0.260230 -0.911090
1642516770.525902 0.234816 1.237202 0.005323 -0.255552 0.188241 -0.258744 -0.912310
1642516770.534235 0.233295 1.242240 0.004447 -0.251662 0.189278 -0.256941 -0.913686
1642516770.542568 0.232029 1.247341 0.003701 -0.247731 0.189983 -0.254898 -0.915185
1642516770.550902 0.231027 1.252464 0.003080 -0.243694 0.190859 -0.252821 -0.916661
1642516770.559235 0.230264 1.257634 0.002590 -0.239687 0.191699 -0.250562 -0.918162
1642516770.567568 0.229755 1.262854 0.002267 -0.235816 0.192478 -0.248046 -0.919683
1642516770.575902 0.229459 1.268119 0.002069 -0.232004 0.193125 -0.245385 -0.921229
1642516770.584235 0.229425 1.273395 0.001986 -0.228250 0.193809 -0.242680 -0.922738
1642516770.592568 0.229659 1.278708 0.002057 -0.224645 0.194675 -0.239828 -0.924185
1642516770.600902 0.230142 1.284044 0.002257 -0.221046 0.195334 -0.236806 -0.925692
1642516770.609235 0.230882 1.289399 0.002554 -0.217409 0.195723 -0.233549 -0.927297
1642516770.617568 0.231893 1.294738 0.002926 -0.213788 0.195194 -0.229847 -0.929174
1642516770.625902 0.233167 1.300066 0.003443 -0.210174 0.194613 -0.226121 -0.931033
1642516770.634235 0.234667 1.305406 0.004079 -0.206429 0.193862 -0.222507 -0.932896
1642516770.642568 0.236420 1.310714 0.004829 -0.202701 0.192915 -0.218879 -0.934766
1642516770.650902 0.238421 1.315976 0.005683 -0.199002 0.191574 -0.215169 -0.936696
1642516770.659235 0.240652 1.321184 0.006622 -0.195242 0.189800 -0.211458 -0.938692
1642516770.667568 0.243104 1.326331 0.007640 -0.191535 0.187585 -0.207774 -0.940721
1642516770.675902 0.245783 1.331408 0.008719 -0.187771 0.185157 -0.204076 -0.942768
1642516770.684235 0.248715 1.336385 0.009886 -0.183987 0.182777 -0.200422 -0.944760
1642516770.692568 0.251858 1.341252 0.011026 -0.180116 0.179303 -0.196617 -0.946969
1642516770.700902 0.255210 1.345976 0.012169 -0.176246 0.175306 -0.192750 -0.949238
1642516770.709235 0.258783 1.350543 0.013362 -0.172440 0.171394 -0.188995 -0.951404
1642516770.717568 0.262566 1.354927 0.014582 -0.168783 0.167239 -0.185166 -0.953550
1642516770.725902 0.266550 1.359118 0.015823 -0.165177 0.162847 -0.181311 -0.955680
1642516770.734235 0.270716 1.363093 0.017075 -0.161700 0.158168 -0.177494 -0.957774
1642516770.742568 0.275055 1.366832 0.018344 -0.158353 0.153315 -0.173660 -0.959824
1642516770.750902 0.279546 1.370331 0.019633 -0.155094 0.148364 -0.169925 -0.961800
1642516770.759235 0.284167 1.373571 0.020931 -0.152106 0.143062 -0.166197 -0.963730
1642516770.767568 0.288906 1.376534 0.022239 -0.149298 0.137664 -0.162619 -0.965564
1642516770.775902 0.293743 1.379211 0.023576 -0.146757 0.132069 -0.159191 -0.967305
1642516770.784235 0.298643 1.381590 0.024939 -0.144463 0.126451 -0.155991 -0.968921
1642516770.792568 0.303590 1.383658 0.026329 -0.142451 0.120900 -0.153082 -0.970390
1642516770.800902 0.308564 1.385426 0.027767 -0.140674 0.115521 -0.150519 -0.971705
1642516770.809235 0.313562 1.386879 0.029261 -0.139240 0.110072 -0.148195 -0.972900
1642516770.817568 0.318557 1.388029 0.030821 -0.138196 0.104722 -0.146211 -0.973939
1642516770.825902 0.323584 1.388852 0.032458 -0.137595 0.099184 -0.144219 -0.974901
1642516770.834235 0.328614 1.389371 0.034173 -0.137377 0.093794 -0.142577 -0.975706
1642516770.842568 0.333634 1.389587 0.035946 -0.137104 0.089519 -0.141805 -0.976258
1642516770.850902 0.338650 1.389511 0.037834 -0.137710 0.084406 -0.140885 -0.976762
1642516770.859235 0.343715 1.389098 0.039769 -0.138387 0.079655 -0.140240 -0.977158
1642516770.867568 0.348800 1.388373 0.041775 -0.139236 0.075171 -0.139969 -0.977431
1642516770.875902 0.353901 1.387336 0.043870 -0.140735 0.070244 -0.139685 -0.977623
1642516770.884235 0.359003 1.386036 0.046057 -0.142469 0.065669 -0.139794 -0.977675
1642516770.892568 0.364097 1.384461 0.048337 -0.144853 0.060310 -0.139799 -0.977669
1642516770.900902 0.369315 1.382492 0.050630 -0.147111 0.055772 -0.139968 -0.977577
1642516770.909235 0.374571 1.380258 0.053019 -0.149607 0.051328 -0.140286 -0.977396
1642516770.917568 0.379857 1.377752 0.055481 -0.152568 0.046541 -0.140720 -0.977116
1642516770.925902 0.385166 1.375033 0.058054 -0.156250 0.040562 -0.140654 -0.976810
1642516770.934235 0.390480 1.372048 0.060632 -0.159837 0.035463 -0.141383 -0.976322
1642516770.942568 0.395908 1.368740 0.063237 -0.163465 0.031080 -0.142288 -0.975739
1642516770.950902 0.401389 1.365209 0.065890 -0.167565 0.026198 -0.143235 -0.975048
1642516770.959235 0.407072 1.361391 0.068533 -0.171495 0.022645 -0.144918 -0.974205
1642516770.967568 0.412813 1.357378 0.071261 -0.176270 0.017553 -0.145732 -0.973336
1642516770.975902 0.418584 1.353167 0.074008 -0.181126 0.012445 -0.146724 -0.972374
1642516770.984235 0.424486 1.348722 0.076763 -0.185739 0.008432 -0.148064 -0.971343
1642516770.992568 0.430598 1.343981 0.079469 -0.190268 0.004893 -0.149348 -0.970293
1642516771.000902 0.436825 1.339048 0.082182 -0.195559 -0.000342 -0.149699 -0.969199
1642516771.009235 0.443134 1.333983 0.084907 -0.201095 -0.005640 -0.150153 -0.967979
1642516771.017568 0.449624 1.328719 0.087603 -0.206565 -0.010158 -0.150789 -0.966690
1642516771.025902 0.456306 1.323261 0.090262 -0.212318 -0.014815 -0.151091 -0.965336
1642516771.034235 0.463146 1.317657 0.092879 -0.218234 -0.019376 -0.151350 -0.963894
1642516771.042568 0.470155 1.311914 0.095439 -0.224248 -0.023975 -0.151495 -0.962386
1642516771.050902 0.477380 1.306036 0.097915 -0.230168 -0.027913 -0.151770 -0.960838
1642516771.059235 0.484788 1.300029 0.100332 -0.236314 -0.032155 -0.151635 -0.959233
1642516771.067568 0.492321 1.293965 0.102680 -0.242638 -0.036806 -0.151664 -0.957481
1642516771.075902 0.500029 1.287822 0.104958 -0.248915 -0.041107 -0.151716 -0.955685
1642516771.084235 0.507858 1.281625 0.107169 -0.255558 -0.046668 -0.151361 -0.953731
1642516771.092568 0.515854 1.275385 0.109300 -0.262281 -0.052415 -0.150960 -0.951668
1642516771.100902 0.524013 1.269131 0.111356 -0.268831 -0.057467 -0.150714 -0.949586
1642516771.109235 0.532415 1.262757 0.113262 -0.275551 -0.063515 -0.149737 -0.947426
1642516771.117568 0.540902 1.256453 0.115106 -0.282176 -0.069098 -0.149389 -0.945138
1642516771.125902 0.549550 1.250129 0.116794 -0.288802 -0.075597 -0.148851 -0.942721
1642516771.134235 0.558388 1.243788 0.118335 -0.295418 -0.082183 -0.148265 -0.940208
1642516771.142568 0.567319 1.237548 0.119822 -0.301731 -0.087163 -0.148670 -0.937688
1642516771.150902 0.576363 1.231405 0.121253 -0.308423 -0.093446 -0.148602 -0.934912
1642516771.159235 0.585608 1.225263 0.122545 -0.315057 -0.100101 -0.147948 -0.932111
1642516771.167568 0.595004 1.219174 0.123715 -0.321469 -0.106045 -0.147712 -0.929297
1642516771.175902 0.604437 1.213297 0.124809 -0.327855 -0.112301 -0.147733 -0.926323
1642516771.184235 0.614094 1.207500 0.125772 -0.333855 -0.118485 -0.147029 -0.923517
1642516771.192568 0.623846 1.201881 0.126613 -0.339438 -0.124693 -0.146283 -0.920779
1642516771.200902 0.633739 1.196453 0.127252 -0.345456 -0.131076 -0.145735 -0.917737
1642516771.209235 0.643827 1.191201 0.127739 -0.351205 -0.137470 -0.144720 -0.914775
1642516771.217568 0.654032 1.186148 0.128134 -0.356427 -0.143719 -0.143278 -0.912018
1642516771.225902 0.664360 1.181285 0.128389 -0.361608 -0.149935 -0.141543 -0.909244
1642516771.234235 0.674808 1.176622 0.128507 -0.366720 -0.155984 -0.139689 -0.906461
1642516771.242568 0.685366 1.172157 0.128510 -0.371621 -0.161753 -0.137548 -0.903778
1642516771.250902 0.696012 1.167915 0.128399 -0.376399 -0.167395 -0.135237 -0.901118
1642516771.259235 0.706733 1.163952 0.128197 -0.381028 -0.173098 -0.132826 -0.898450
1642516771.267568 0.717563 1.160196 0.127893 -0.385339 -0.178872 -0.130569 -0.895807
1642516771.275902 0.728472 1.156697 0.127478 -0.389389 -0.184606 -0.128077 -0.893248
1642516771.284235 0.739477 1.153475 0.126957 -0.393311 -0.190059 -0.125249 -0.890784
1642516771.292568 0.750568 1.150516 0.126341 -0.396998 -0.195557 -0.122070 -0.888397
1642516771.300902 0.761748 1.147833 0.125622 -0.400437 -0.201034 -0.118766 -0.886076
1642516771.309235 0.773006 1.145421 0.124808 -0.403717 -0.206515 -0.115460 -0.883761
1642516771.317568 0.784348 1.143313 0.123908 -0.406808 -0.212138 -0.112220 -0.881426
1642516771.325902 0.795800 1.141487 0.122976 -0.409332 -0.218085 -0.109232 -0.879178
1642516771.334235 0.807253 1.139893 0.121931 -0.411688 -0.223805 -0.105888 -0.877047
1642516771.342568 0.818761 1.138637 0.120781 -0.414118 -0.229543 -0.102839 -0.874780
1642516771.350902 0.830354 1.137694 0.119589 -0.416531 -0.235934 -0.099857 -0.872276
1642516771.359235 0.841961 1.137014 0.118324 -0.418580 -0.242331 -0.096621 -0.869903
1642516771.367568 0.853597 1.136690 0.116961 -0.420287 -0.249095 -0.093786 -0.867476
1642516771.375902 0.865300 1.136708 0.115506 -0.421804 -0.256174 -0.091157 -0.864955
1642516771.384235 0.877067 1.137025 0.113941 -0.423047 -0.263248 -0.088536 -0.862492
1642516771.392568 0.888877 1.137663 0.112274 -0.424030 -0.270575 -0.085783 -0.860017
1642516771.400902 0.900749 1.138618 0.110520 -0.424800 -0.277914 -0.082969 -0.857569
1642516771.409235 0.912622 1.139941 0.108732 -0.425003 -0.285502 -0.079913 -0.855263
1642516771.417568 0.924483 1.141603 0.106849 -0.424940 -0.293301 -0.076782 -0.852939
1642516771.425902 0.936387 1.143509 0.104822 -0.424878 -0.300903 -0.073875 -0.850576
1642516771.434235 0.948285 1.145792 0.102755 -0.424604 -0.308326 -0.071161 -0.848282
1642516771.442568 0.960112 1.148400 0.100602 -0.424093 -0.315798 -0.068530 -0.846003
1642516771.450902 0.971893 1.151323 0.098370 -0.423288 -0.323410 -0.065741 -0.843748
1642516771.459235 0.983599 1.154537 0.096057 -0.422286 -0.330691 -0.063081 -0.841629
1642516771.467568 0.995207 1.158034 0.093652 -0.420969 -0.338176 -0.060552 -0.839498
1642516771.475902 1.006728 1.161858 0.091201 -0.419431 -0.345684 -0.057842 -0.837398
1642516771.484235 1.018141 1.166021 0.088723 -0.417706 -0.352886 -0.055214 -0.835431
1642516771.492568 1.029445 1.170468 0.086176 -0.415745 -0.360268 -0.052600 -0.833425
1642516771.500902 1.040627 1.175148 0.083560 -0.413549 -0.367635 -0.049922 -0.831462
1642516771.509235 1.051651 1.180064 0.080889 -0.411098 -0.375062 -0.047359 -0.829508
1642516771.517568 1.062504 1.185229 0.078163 -0.408416 -0.382557 -0.044929 -0.827543
1642516771.525902 1.073192 1.190614 0.075401 -0.405401 -0.390181 -0.042523 -0.825591
1642516771.534235 1.083653 1.196221 0.072605 -0.402175 -0.397763 -0.040233 -0.823664
1642516771.542568 1.093925 1.202050 0.069777 -0.399013 -0.405369 -0.038366 -0.821579
1642516771.550902 1.103961 1.208055 0.066958 -0.395532 -0.413079 -0.036527 -0.819503
1642516771.559235 1.113789 1.214082 0.064093 -0.391637 -0.420726 -0.035274 -0.817537
1642516771.567568 1.123367 1.220307 0.061204 -0.387827 -0.428009 -0.033990 -0.815624
1642516771.575902 1.132410 1.226825 0.058595 -0.382765 -0.435524 -0.029851 -0.814198
1642516771.584235 1.141089 1.233347 0.056064 -0.377148 -0.443239 -0.024561 -0.812832
1642516771.592568 1.149832 1.239900 0.052928 -0.375016 -0.450058 -0.025837 -0.810027
1642516771.600902 1.158254 1.246555 0.049869 -0.372531 -0.456542 -0.027198 -0.807496
1642516771.609235 1.166173 1.253265 0.047138 -0.368088 -0.463046 -0.025635 -0.805880
1642516771.617568 1.173716 1.259986 0.044419 -0.363446 -0.469085 -0.024098 -0.804540
1642516771.625902 1.180909 1.266676 0.041764 -0.358787 -0.474923 -0.022508 -0.803252
1642516771.634235 1.187774 1.273322 0.039136 -0.353908 -0.480519 -0.020631 -0.802138
1642516771.642568 1.194216 1.279953 0.036581 -0.349051 -0.485413 -0.018990 -0.801359
1642516771.650902 1.200246 1.286523 0.034148 -0.344397 -0.489685 -0.017676 -0.800804
1642516771.659235 1.205899 1.292991 0.031798 -0.339773 -0.493540 -0.016423 -0.800440
1642516771.667568 1.211162 1.299355 0.029528 -0.335044 -0.497086 -0.015226 -0.800262
1642516771.675902 1.216031 1.305554 0.027350 -0.330052 -0.500311 -0.013884 -0.800351
1642516771.684235 1.220515 1.311637 0.025184 -0.324982 -0.503242 -0.012483 -0.800611
1642516771.692568 1.224649 1.317621 0.023018 -0.319735 -0.505951 -0.011035 -0.801037
1642516771.700902 1.228463 1.323445 0.020891 -0.314189 -0.508537 -0.009497 -0.801614
1642516771.709235 1.231887 1.329138 0.018817 -0.308513 -0.510944 -0.008060 -0.802303
1642516771.717568 1.234979 1.334615 0.016778 -0.302760 -0.513093 -0.006486 -0.803137
1642516771.725902 1.237787 1.339839 0.014790 -0.296880 -0.515100 -0.004772 -0.804059
1642516771.734235 1.240265 1.344907 0.012922 -0.290881 -0.516904 -0.002712 -0.805103
1642516771.742568 1.242437 1.349690 0.011139 -0.284979 -0.518551 -0.000763 -0.806158
1642516771.750902 1.244327 1.354143 0.009440 -0.279309 -0.520022 0.000845 -0.807195
1642516771.759235 1.245928 1.358312 0.007881 -0.273869 -0.521250 0.002315 -0.808263
1642516771.767568 1.247227 1.362187 0.006516 -0.268683 -0.522675 0.003782 -0.809077
1642516771.775902 1.248267 1.365736 0.005337 -0.263786 -0.524016 0.005110 -0.809813
1642516771.784235 1.249184 1.368996 0.004355 -0.257848 -0.524203 0.006003 -0.811597
1642516771.792568 1.249859 1.371922 0.003554 -0.252545 -0.524187 0.006811 -0.813267
1642516771.800902 1.250200 1.374509 0.002966 -0.248548 -0.523800 0.007206 -0.814743
1642516771.809235 1.250391 1.376688 0.002556 -0.244861 -0.523737 0.007894 -0.815892
1642516771.817568 1.250455 1.378454 0.002354 -0.241686 -0.524229 0.008908 -0.816513
1642516771.825902 1.250341 1.379822 0.002353 -0.238970 -0.523950 0.009619 -0.817482
1642516771.834235 1.250055 1.380801 0.002555 -0.236782 -0.523250 0.010193 -0.818559
1642516771.842568 1.249609 1.381389 0.002987 -0.235201 -0.522546 0.010701 -0.819458
1642516771.850902 1.249001 1.381583 0.003649 -0.234210 -0.522001 0.011241 -0.820082
1642516771.859235 1.248258 1.381372 0.004513 -0.233708 -0.521251 0.011780 -0.820695
1642516771.867568 1.247381 1.380746 0.005562 -0.233789 -0.520262 0.012250 -0.821292
1642516771.875902 1.246388 1.379696 0.006780 -0.234380 -0.518975 0.012540 -0.821933
1642516771.884235 1.245229 1.378243 0.008230 -0.235498 -0.518460 0.012973 -0.821932
1642516771.892568 1.243965 1.376398 0.009804 -0.237059 -0.517432 0.013300 -0.822126
1642516771.900902 1.242598 1.374174 0.011506 -0.239030 -0.515910 0.013542 -0.822507
1642516771.909235 1.241085 1.371573 0.013401 -0.241403 -0.514865 0.013894 -0.822463
1642516771.917568 1.239447 1.368592 0.015448 -0.244207 -0.514015 0.014297 -0.822160
1642516771.925902 1.237648 1.365266 0.017672 -0.247434 -0.513287 0.014859 -0.821640
1642516771.934235 1.235723 1.361570 0.020015 -0.250989 -0.512026 0.015228 -0.821341
1642516771.942568 1.233635 1.357547 0.022513 -0.254930 -0.510759 0.015654 -0.820909
1642516771.950902 1.231398 1.353203 0.025152 -0.259242 -0.509095 0.016066 -0.820584
1642516771.959235 1.228999 1.348538 0.027909 -0.263895 -0.507114 0.016457 -0.820319
1642516771.967568 1.226402 1.343586 0.030811 -0.268903 -0.505085 0.016965 -0.819935
1642516771.975902 1.223615 1.338347 0.033830 -0.274253 -0.502820 0.017493 -0.819544
1642516771.984235 1.220589 1.332808 0.036939 -0.279904 -0.500054 0.017859 -0.819318
1642516771.992568 1.217349 1.327001 0.040092 -0.285931 -0.496827 0.018766 -0.819179
1642516772.000902 1.213828 1.321040 0.043359 -0.291958 -0.493407 0.019578 -0.819101
1642516772.009235 1.210089 1.314832 0.046669 -0.297862 -0.489746 0.020306 -0.819155
1642516772.017568 1.206095 1.308398 0.049997 -0.303885 -0.485596 0.021143 -0.819392
1642516772.025902 1.201780 1.301822 0.053358 -0.310014 -0.480925 0.021870 -0.819832
1642516772.034235 1.197168 1.295096 0.056713 -0.316225 -0.475819 0.022662 -0.820417
1642516772.042568 1.192175 1.288284 0.060135 -0.322479 -0.470417 0.023084 -0.821086
1642516772.050902 1.186864 1.281399 0.063550 -0.328642 -0.464760 0.023749 -0.821845
1642516772.059235 1.181272 1.274433 0.066904 -0.334570 -0.458774 0.024836 -0.822784
1642516772.067568 1.175355 1.267426 0.070229 -0.340187 -0.452417 0.025947 -0.823965
1642516772.075902 1.169082 1.260448 0.073557 -0.345777 -0.446166 0.027171 -0.825007
1642516772.084235 1.162488 1.253456 0.076834 -0.351307 -0.439456 0.028357 -0.826231
1642516772.092568 1.155550 1.246492 0.080082 -0.356867 -0.432882 0.029570 -0.827275
1642516772.100902 1.148270 1.239579 0.083291 -0.362489 -0.426450 0.030779 -0.828128
1642516772.109235 1.140767 1.232680 0.086412 -0.368075 -0.419029 0.031832 -0.829411
1642516772.117568 1.132892 1.225960 0.089508 -0.373579 -0.412287 0.032478 -0.830304
1642516772.125902 1.124675 1.219372 0.092508 -0.378983 -0.406224 0.033086 -0.830819
1642516772.134235 1.116154 1.212912 0.095429 -0.384236 -0.400478 0.033460 -0.831180
1642516772.142568 1.107344 1.206647 0.098312 -0.389340 -0.394744 0.033623 -0.831541
1642516772.150902 1.098219 1.200588 0.101172 -0.394328 -0.389081 0.033483 -0.831866
1642516772.159235 1.088778 1.194748 0.104007 -0.399213 -0.383622 0.033058 -0.832088
1642516772.167568 1.079048 1.189173 0.106834 -0.403959 -0.378190 0.032469 -0.832307
1642516772.175902 1.069032 1.183864 0.109604 -0.408903 -0.372554 0.031349 -0.832478
1642516772.184235 1.058694 1.178754 0.112388 -0.413574 -0.366691 0.030030 -0.832822
1642516772.192568 1.048073 1.173906 0.115168 -0.417934 -0.360637 0.028313 -0.833349
1642516772.200902 1.037200 1.169368 0.117878 -0.422135 -0.354567 0.026181 -0.833906
1642516772.209235 1.026034 1.165142 0.120611 -0.425634 -0.348359 0.024449 -0.834796
1642516772.217568 1.014642 1.161237 0.123268 -0.429011 -0.341820 0.022241 -0.835831
1642516772.225902 1.003072 1.157650 0.125782 -0.432639 -0.334871 0.019033 -0.836853
1642516772.234235 0.991253 1.154322 0.128226 -0.435854 -0.327955 0.016173 -0.837983
1642516772.242568 0.979267 1.151420 0.130718 -0.438853 -0.319234 0.012775 -0.839842
1642516772.250902 0.967070 1.148840 0.133133 -0.441518 -0.310699 0.009476 -0.841688
1642516772.259235 0.954664 1.146525 0.135426 -0.443633 -0.303002 0.006604 -0.843408
1642516772.267568 0.942121 1.144562 0.137653 -0.445439 -0.295008 0.003636 -0.845305
1642516772.275902 0.929441 1.142926 0.139798 -0.446891 -0.287041 0.000716 -0.847287
1642516772.284235 0.916646 1.141611 0.141847 -0.447992 -0.278957 -0.002273 -0.849400
1642516772.292568 0.903753 1.140649 0.143861 -0.449020 -0.270074 -0.005541 -0.851711
1642516772.300902 0.890756 1.140006 0.145751 -0.449691 -0.261464 -0.008804 -0.854012
1642516772.309235 0.877600 1.139711 0.147486 -0.450044 -0.254039 -0.011427 -0.856034
1642516772.317568 0.864405 1.139695 0.149108 -0.450160 -0.246046 -0.014512 -0.858258
1642516772.325902 0.851164 1.139976 0.150621 -0.449877 -0.237820 -0.018149 -0.860653
1642516772.334235 0.837873 1.140585 0.152030 -0.449320 -0.229981 -0.021718 -0.862988
1642516772.342568 0.824556 1.141462 0.153300 -0.448268 -0.221863 -0.025556 -0.865551
1642516772.350902 0.811199 1.142639 0.154421 -0.446698 -0.213948 -0.029398 -0.868230
1642516772.359235 0.797822 1.144163 0.155447 -0.444769 -0.206051 -0.033245 -0.870987
1642516772.367568 0.784475 1.145914 0.156272 -0.442631 -0.198409 -0.037161 -0.873688
1642516772.375902 0.771151 1.147904 0.156914 -0.440304 -0.190773 -0.041298 -0.876375
1642516772.384235 0.757841 1.150156 0.157422 -0.437607 -0.182863 -0.045606 -0.879194
1642516772.392568 0.744569 1.152657 0.157794 -0.434630 -0.175254 -0.049988 -0.881977
1642516772.400902 0.731380 1.155385 0.158051 -0.431475 -0.167562 -0.054300 -0.884762
1642516772.409235 0.718218 1.158331 0.158176 -0.428008 -0.159896 -0.058650 -0.887582
1642516772.417568 0.705131 1.161520 0.158179 -0.424228 -0.152641 -0.062790 -0.890387
1642516772.425902 0.692134 1.164886 0.158065 -0.420128 -0.144972 -0.066940 -0.893305
1642516772.434235 0.679232 1.168437 0.157858 -0.415935 -0.137034 -0.071170 -0.896189
1642516772.442568 0.666450 1.172180 0.157584 -0.411694 -0.128613 -0.075470 -0.899039
1642516772.450902 0.653852 1.176014 0.157195 -0.407245 -0.120201 -0.079390 -0.901887
1642516772.459235 0.641432 1.179929 0.156672 -0.402656 -0.112235 -0.082840 -0.904660
1642516772.467568 0.629152 1.184007 0.156112 -0.397955 -0.103914 -0.086142 -0.907421
1642516772.475902 0.617139 1.188116 0.155492 -0.393275 -0.096223 -0.088561 -0.910073
1642516772.484235 0.605290 1.192371 0.154847 -0.388566 -0.088123 -0.091408 -0.912631
1642516772.492568 0.593606 1.196755 0.154194 -0.383782 -0.079114 -0.094473 -0.915165
1642516772.500902 0.582191 1.201132 0.153525 -0.378775 -0.070337 -0.096399 -0.917763
1642516772.509235 0.571010 1.205587 0.152836 -0.373851 -0.061127 -0.098489 -0.920217
1642516772.517568 0.560142 1.210055 0.152083 -0.369274 -0.051952 -0.100779 -0.922378
1642516772.525902 0.549557 1.214541 0.151329 -0.364626 -0.042689 -0.102972 -0.924458
1642516772.534235 0.539284 1.219055 0.150584 -0.359995 -0.033362 -0.105031 -0.926423
1642516772.542568 0.529375 1.223524 0.149801 -0.355473 -0.024333 -0.106957 -0.928228
1642516772.550902 0.519833 1.228011 0.149031 -0.351219 -0.015872 -0.108638 -0.929834
1642516772.559235 0.510657 1.232524 0.148284 -0.347108 -0.008227 -0.110073 -0.931307
1642516772.567568 0.501910 1.236983 0.147536 -0.342711 -0.000547 -0.111541 -0.932796
1642516772.575902 0.493558 1.241439 0.146811 -0.338414 0.006318 -0.112961 -0.934171
1642516772.584235 0.485631 1.245887 0.146095 -0.334211 0.012362 -0.114339 -0.935455
1642516772.592568 0.478207 1.250269 0.145376 -0.329870 0.018458 -0.115987 -0.936692
1642516772.600902 0.471214 1.254630 0.144672 -0.325851 0.023314 -0.117613 -0.937787
1642516772.609235 0.464686 1.258947 0.143979 -0.322030 0.027171 -0.119188 -0.938804
1642516772.617568 0.458669 1.263199 0.143298 -0.318142 0.030608 -0.120754 -0.939823
1642516772.625902 0.453138 1.267403 0.142630 -0.314235 0.033345 -0.122163 -0.940862
1642516772.634235 0.448092 1.271549 0.141976 -0.310393 0.035455 -0.123514 -0.941883
1642516772.642568 0.443534 1.275626 0.141336 -0.306530 0.037001 -0.124665 -0.942936
1642516772.650902 0.439465 1.279634 0.140719 -0.302651 0.037917 -0.125549 -0.944035
1642516772.659235 0.435869 1.283573 0.140128 -0.298832 0.038386 -0.126345 -0.945126
1642516772.667568 0.432737 1.287446 0.139557 -0.295005 0.038539 -0.127002 -0.946233
1642516772.675902 0.430072 1.291246 0.139012 -0.291130 0.038392 -0.127421 -0.947382
1642516772.684235 0.427859 1.294971 0.138483 -0.287215 0.038162 -0.127612 -0.948560
1642516772.692568 0.426099 1.298602 0.137959 -0.283280 0.037890 -0.127619 -0.949753
1642516772.700902 0.424778 1.302145 0.137445 -0.279330 0.037489 -0.127394 -0.950968
1642516772.709235 0.423880 1.305622 0.136951 -0.275430 0.036904 -0.126921 -0.952191
1642516772.717568 0.423383 1.308984 0.136442 -0.271332 0.036149 -0.126375 -0.953468
1642516772.725902 0.423291 1.312235 0.135938 -0.267207 0.035271 -0.125759 -0.954747
1642516772.734235 0.423607 1.315403 0.135470 -0.263251 0.034180 -0.124969 -0.955988
1642516772.742568 0.424324 1.318467 0.135037 -0.259298 0.032872 -0.124041 -0.957235
1642516772.750902 0.425426 1.321413 0.134636 -0.255392 0.031461 -0.123046 -0.958460
1642516772.759235 0.426908 1.324245 0.134285 -0.251634 0.029912 -0.122007 -0.959636
1642516772.767568 0.428764 1.326953 0.133999 -0.247978 0.028192 -0.120909 -0.960777
1642516772.775902 0.430927 1.329543 0.133779 -0.244461 0.026156 -0.120009 -0.961849
1642516772.784235 0.433497 1.331943 0.133616 -0.241267 0.023494 -0.118777 -0.962876
1642516772.792568 0.436415 1.334248 0.133541 -0.238718 0.021119 -0.118138 -0.963645
1642516772.800902 0.439680 1.336404 0.133558 -0.236428 0.018428 -0.117497 -0.964343
1642516772.809235 0.443277 1.338404 0.133688 -0.234078 0.015064 -0.116429 -0.965104
1642516772.817568 0.447151 1.340301 0.133945 -0.231926 0.011648 -0.115661 -0.965762
1642516772.825902 0.451339 1.342066 0.134309 -0.230065 0.007717 -0.114892 -0.966339
1642516772.834235 0.455838 1.343691 0.134783 -0.228409 0.003229 -0.114080 -0.966853
1642516772.842568 0.460647 1.345167 0.135354 -0.227029 -0.001694 -0.113316 -0.967272
1642516772.850902 0.465754 1.346511 0.136032 -0.225799 -0.006958 -0.112698 -0.967608
1642516772.859235 0.471148 1.347723 0.136806 -0.224746 -0.012564 -0.112120 -0.967864
1642516772.867568 0.476833 1.348805 0.137694 -0.224146 -0.018755 -0.111433 -0.967982
1642516772.875902 0.482806 1.349736 0.138630 -0.223467 -0.025481 -0.110704 -0.968069
1642516772.884235 0.489011 1.350574 0.139648 -0.223125 -0.032992 -0.110055 -0.967995
1642516772.892568 0.495499 1.351310 0.140782 -0.222853 -0.039307 -0.110234 -0.967802
1642516772.900902 0.502264 1.351938 0.141993 -0.222657 -0.045822 -0.110379 -0.967544
1642516772.909235 0.509294 1.352440 0.143223 -0.222731 -0.053930 -0.109829 -0.967171
1642516772.917568 0.516586 1.352857 0.144513 -0.222765 -0.061143 -0.109867 -0.966730
1642516772.925902 0.524082 1.353233 0.145851 -0.222868 -0.067897 -0.110476 -0.966186
1642516772.934235 0.531819 1.353485 0.147189 -0.223154 -0.075592 -0.110761 -0.965516
1642516772.942568 0.539816 1.353661 0.148564 -0.223936 -0.084237 -0.110390 -0.964661
1642516772.950902 0.548116 1.353743 0.149942 -0.224699 -0.092390 -0.110043 -0.963776
1642516772.959235 0.556711 1.353715 0.151277 -0.225369 -0.100394 -0.109598 -0.962870
1642516772.967568 0.565518 1.353671 0.152581 -0.226232 -0.108293 -0.109399 -0.961833
1642516772.975902 0.574579 1.353538 0.153799 -0.227274 -0.116641 -0.108997 -0.960657
1642516772.984235 0.583893 1.353385 0.154971 -0.228374 -0.124790 -0.108725 -0.959402
1642516772.992568 0.593502 1.353193 0.156089 -0.229429 -0.132589 -0.108303 -0.958151
1642516773.000902 0.603372 1.352948 0.157102 -0.230611 -0.140700 -0.107530 -0.956797
1642516773.009235 0.613461 1.352690 0.157997 -0.231734 -0.148220 -0.107163 -0.955430
1642516773.017568 0.623764 1.352440 0.158800 -0.232944 -0.155428 -0.107092 -0.953997
1642516773.025902 0.634362 1.352145 0.159484 -0.234416 -0.162969 -0.107001 -0.952387
1642516773.034235 0.645180 1.351841 0.160007 -0.236001 -0.171010 -0.106583 -0.950631
1642516773.042568 0.656180 1.351569 0.160341 -0.237400 -0.179522 -0.105730 -0.948807
1642516773.050902 0.667424 1.351295 0.160516 -0.238630 -0.187956 -0.104720 -0.946975
1642516773.059235 0.678848 1.351015 0.160558 -0.239783 -0.196576 -0.103783 -0.945035
1642516773.067568 0.690450 1.350790 0.160465 -0.240902 -0.205464 -0.102790 -0.942966
1642516773.075902 0.702202 1.350614 0.160230 -0.241946 -0.213882 -0.102036 -0.940907
1642516773.084235 0.714169 1.350399 0.159755 -0.243044 -0.223033 -0.100841 -0.938625
1642516773.092568 0.726318 1.350165 0.159043 -0.244369 -0.233101 -0.099185 -0.936007
1642516773.100902 0.738577 1.349975 0.158134 -0.245789 -0.242565 -0.098015 -0.933351
1642516773.109235 0.750950 1.349910 0.157031 -0.247175 -0.252454 -0.097104 -0.930453
1642516773.117568 0.763397 1.349954 0.155787 -0.247945 -0.263002 -0.096289 -0.927406
1642516773.125902 0.775927 1.350008 0.154347 -0.248620 -0.273057 -0.095366 -0.924410
1642516773.134235 0.788505 1.350092 0.152687 -0.249702 -0.283445 -0.094032 -0.921122
1642516773.142568 0.801117 1.350221 0.150814 -0.250644 -0.293907 -0.092700 -0.917716
1642516773.150902 0.813759 1.350390 0.148721 -0.251418 -0.304017 -0.091488 -0.914326
1642516773.159235 0.826380 1.350620 0.146465 -0.252236 -0.314749 -0.090050 -0.910605
1642516773.167568 0.838956 1.350952 0.144039 -0.252624 -0.324966 -0.088342 -0.907069
1642516773.175902 0.851635 1.351239 0.141280 -0.253026 -0.334895 -0.086487 -0.903517
1642516773.184235 0.864224 1.351616 0.138376 -0.253282 -0.344561 -0.084499 -0.899992
1642516773.192568 0.876560 1.352202 0.135442 -0.253673 -0.352968 -0.083879 -0.896676
1642516773.200902 0.888849 1.352786 0.132298 -0.254271 -0.361012 -0.083571 -0.893327
1642516773.209235 0.901073 1.353371 0.128973 -0.254723 -0.369451 -0.082338 -0.889856
1642516773.217568 0.913190 1.353953 0.125501 -0.255818 -0.378444 -0.081473 -0.885833
1642516773.225902 0.925145 1.354606 0.121944 -0.256837 -0.387101 -0.080463 -0.881881
1642516773.234235 0.936882 1.355336 0.118305 -0.257340 -0.394923 -0.079117 -0.878381
1642516773.242568 0.948480 1.356088 0.114577 -0.257845 -0.402283 -0.077837 -0.875001
1642516773.250902 0.959873 1.356936 0.110798 -0.258352 -0.409448 -0.076449 -0.871643
1642516773.259235 0.971024 1.357842 0.106958 -0.258912 -0.416360 -0.075175 -0.868308
1642516773.267568 0.981963 1.358743 0.103033 -0.259424 -0.423110 -0.073720 -0.865010
1642516773.275902 0.992573 1.359706 0.099109 -0.259951 -0.430684 -0.071902 -0.861259
1642516773.284235 1.002905 1.360716 0.095173 -0.260541 -0.437955 -0.070267 -0.857541
1642516773.292568 1.012980 1.361713 0.091190 -0.261005 -0.444531 -0.068852 -0.854124
1642516773.300902 1.022775 1.362673 0.087158 -0.261250 -0.450114 -0.067815 -0.851203
1642516773.309235 1.032239 1.363660 0.083132 -0.261419 -0.455511 -0.066772 -0.848358
1642516773.317568 1.041371 1.364654 0.079155 -0.261533 -0.461242 -0.065508 -0.845319
1642516773.325902 1.050177 1.365627 0.075205 -0.261587 -0.466745 -0.064266 -0.842372
1642516773.334235 1.058648 1.366632 0.071314 -0.261541 -0.472101 -0.062985 -0.839494
1642516773.342568 1.066764 1.367619 0.067468 -0.261381 -0.477244 -0.061697 -0.836727
1642516773.350902 1.074497 1.368560 0.063692 -0.261183 -0.481981 -0.060527 -0.834155
1642516773.359235 1.081863 1.369476 0.060015 -0.260922 -0.486342 -0.059406 -0.831783
1642516773.367568 1.088832 1.370380 0.056458 -0.260583 -0.490513 -0.058282 -0.829516
1642516773.375902 1.095462 1.371208 0.053001 -0.260029 -0.494572 -0.056974 -0.827368
1642516773.384235 1.101639 1.372074 0.049741 -0.259048 -0.498280 -0.054802 -0.825596
1642516773.392568 1.107443 1.372878 0.046634 -0.258177 -0.501597 -0.052894 -0.823983
1642516773.400902 1.113068 1.373482 0.043529 -0.257716 -0.504694 -0.052765 -0.822242
1642516773.409235 1.118178 1.374055 0.040490 -0.258487 -0.507542 -0.052448 -0.820265
1642516773.417568 1.122822 1.374647 0.037693 -0.258549 -0.510361 -0.051367 -0.818563
1642516773.425902 1.127095 1.375181 0.035087 -0.257700 -0.513258 -0.050521 -0.817071
1642516773.434235 1.130958 1.375652 0.032602 -0.257410 -0.515652 -0.049802 -0.815698
1642516773.442568 1.134467 1.376064 0.030262 -0.257219 -0.517502 -0.049193 -0.814622
1642516773.450902 1.137588 1.376406 0.028066 -0.257061 -0.519187 -0.048708 -0.813629
1642516773.459235 1.140287 1.376744 0.026058 -0.256945 -0.520148 -0.048732 -0.813050
1642516773.467568 1.142617 1.377004 0.024199 -0.256838 -0.521086 -0.048648 -0.812488
1642516773.475902 1.144669 1.377122 0.022425 -0.256739 -0.522592 -0.047953 -0.811593
1642516773.484235 1.146322 1.377232 0.020828 -0.256593 -0.523354 -0.047636 -0.811167
1642516773.492568 1.147585 1.377300 0.019396 -0.256359 -0.523727 -0.047397 -0.811014
1642516773.500902 1.148538 1.377285 0.018087 -0.256110 -0.524212 -0.046869 -0.810810
1642516773.509235 1.149144 1.377222 0.016940 -0.255773 -0.524379 -0.046343 -0.810839
1642516773.517568 1.149408 1.377118 0.015965 -0.255389 -0.524271 -0.045711 -0.811065
1642516773.525902 1.149381 1.376925 0.015134 -0.255038 -0.524270 -0.044768 -0.811229
1642516773.534235 1.149013 1.376685 0.014484 -0.254619 -0.523852 -0.043882 -0.811679
1642516773.542568 1.148241 1.376487 0.014063 -0.254105 -0.522231 -0.043675 -0.812895
1642516773.550902 1.147206 1.376207 0.013788 -0.253616 -0.520800 -0.043035 -0.813999
1642516773.559235 1.145893 1.375852 0.013679 -0.253149 -0.519378 -0.042164 -0.815098
1642516773.567568 1.144230 1.375473 0.013774 -0.252565 -0.517312 -0.041558 -0.816623
1642516773.575902 1.142334 1.375065 0.014067 -0.251659 -0.514633 -0.040819 -0.818630
1642516773.584235 1.140043 1.374718 0.014565 -0.251158 -0.511426 -0.039097 -0.820875
1642516773.592568 1.137455 1.374269 0.015165 -0.251466 -0.508136 -0.038085 -0.822868
1642516773.600902 1.134643 1.373715 0.015908 -0.251820 -0.504624 -0.037864 -0.824929
1642516773.609235 1.131495 1.373167 0.016876 -0.251978 -0.500725 -0.037185 -0.827284
1642516773.617568 1.128078 1.372564 0.018021 -0.252158 -0.496387 -0.036636 -0.829864
1642516773.625902 1.124347 1.371925 0.019337 -0.252327 -0.492049 -0.036137 -0.832414
1642516773.634235 1.120253 1.371225 0.020808 -0.252477 -0.487288 -0.035986 -0.835171
1642516773.642568 1.115876 1.370522 0.022427 -0.252685 -0.482459 -0.035826 -0.837914
1642516773.650902 1.111225 1.369818 0.024184 -0.252870 -0.477564 -0.035767 -0.840660
1642516773.659235 1.106267 1.369094 0.026093 -0.253278 -0.472190 -0.036113 -0.843554
1642516773.667568 1.101030 1.368356 0.028110 -0.253740 -0.466912 -0.036333 -0.846338
1642516773.675902 1.095489 1.367597 0.030203 -0.254121 -0.461632 -0.036447 -0.849112
1642516773.684235 1.089670 1.366789 0.032392 -0.254527 -0.455964 -0.036811 -0.852031
1642516773.692568 1.083587 1.365944 0.034678 -0.254972 -0.450422 -0.037165 -0.854826
1642516773.700902 1.077238 1.365098 0.036996 -0.255297 -0.444149 -0.037917 -0.857973
1642516773.709235 1.070590 1.364227 0.039368 -0.255661 -0.437817 -0.038805 -0.861074
1642516773.717568 1.063638 1.363345 0.041823 -0.256081 -0.432130 -0.039507 -0.863786
1642516773.725902 1.056405 1.362475 0.044303 -0.256313 -0.426460 -0.040334 -0.866492
1642516773.734235 1.048928 1.361606 0.046818 -0.256572 -0.420566 -0.041292 -0.869247
1642516773.742568 1.041219 1.360680 0.049329 -0.256816 -0.414431 -0.042331 -0.872067
1642516773.750902 1.033265 1.359746 0.051845 -0.257056 -0.407963 -0.043467 -0.874985
1642516773.759235 1.025095 1.358843 0.054351 -0.257308 -0.400921 -0.044514 -0.878108
1642516773.767568 1.016576 1.357930 0.056856 -0.257391 -0.394636 -0.045634 -0.880869
1642516773.775902 1.007802 1.356999 0.059356 -0.257442 -0.388195 -0.046959 -0.883642
1642516773.784235 0.998908 1.356076 0.061810 -0.257528 -0.380060 -0.048618 -0.887057
1642516773.792568 0.989799 1.355157 0.064253 -0.257652 -0.371538 -0.050283 -0.890532
1642516773.800902 0.980405 1.354221 0.066676 -0.257709 -0.364145 -0.051650 -0.893485
1642516773.809235 0.970789 1.353291 0.069039 -0.257695 -0.357091 -0.053104 -0.896247
1642516773.817568 0.961062 1.352383 0.071315 -0.257666 -0.348811 -0.054699 -0.899415
1642516773.825902 0.951185 1.351476 0.073527 -0.257609 -0.340167 -0.056287 -0.902638
1642516773.834235 0.941155 1.350553 0.075681 -0.257575 -0.331864 -0.057748 -0.905641
1642516773.842568 0.930989 1.349647 0.077781 -0.257664 -0.323228 -0.059357 -0.908631
1642516773.850902 0.920657 1.348810 0.079860 -0.257743 -0.314048 -0.061278 -0.911695
1642516773.859235 0.910266 1.347905 0.081802 -0.257813 -0.305309 -0.062851 -0.914532
1642516773.867568 0.899786 1.346956 0.083634 -0.257955 -0.296757 -0.064195 -0.917209
1642516773.875902 0.889094 1.346117 0.085450 -0.258407 -0.287176 -0.065873 -0.920009
1642516773.884235 0.878313 1.345306 0.087212 -0.258394 -0.277687 -0.067404 -0.922810
1642516773.892568 0.867504 1.344447 0.088844 -0.258300 -0.268766 -0.068832 -0.925369
1642516773.900902 0.856630 1.343566 0.090353 -0.258637 -0.259880 -0.070307 -0.927700
1642516773.909235 0.845729 1.342688 0.091810 -0.258858 -0.250520 -0.071761 -0.930098
1642516773.917568 0.834805 1.341789 0.093171 -0.258978 -0.241414 -0.072942 -0.932378
1642516773.925902 0.823790 1.340940 0.094451 -0.258913 -0.232702 -0.073582 -0.934559
1642516773.934235 0.812729 1.340124 0.095655 -0.258922 -0.223795 -0.074401 -0.936664
1642516773.942568 0.801656 1.339257 0.096722 -0.259072 -0.214802 -0.075643 -0.938627
1642516773.950902 0.790545 1.338408 0.097697 -0.259220 -0.205780 -0.077045 -0.940491
1642516773.959235 0.779433 1.337584 0.098576 -0.259202 -0.196402 -0.078659 -0.942366
1642516773.967568 0.768290 1.336789 0.099356 -0.259149 -0.187238 -0.080297 -0.944106
1642516773.975902 0.757085 1.336053 0.100068 -0.259432 -0.179406 -0.081729 -0.945425
1642516773.984235 0.745943 1.335322 0.100660 -0.259405 -0.170127 -0.083895 -0.946957
1642516773.992568 0.734813 1.334606 0.101110 -0.259102 -0.160593 -0.086312 -0.948486
1642516774.000902 0.723635 1.333958 0.101467 -0.259151 -0.153268 -0.088021 -0.949527
1642516774.009235 0.712462 1.333358 0.101705 -0.259275 -0.146577 -0.089743 -0.950388
1642516774.017568 0.701329 1.332775 0.101813 -0.259188 -0.139694 -0.091751 -0.951257
1642516774.025902 0.690244 1.332231 0.101808 -0.258953 -0.132821 -0.093724 -0.952112
1642516774.034235 0.679203 1.331734 0.101679 -0.258732 -0.126152 -0.095674 -0.952885
1642516774.042568 0.668240 1.331244 0.101416 -0.258222 -0.118807 -0.097951 -0.953736
1642516774.050902 0.657313 1.330805 0.101032 -0.257645 -0.111530 -0.100231 -0.954533
1642516774.059235 0.646371 1.330482 0.100569 -0.257437 -0.105626 -0.101910 -0.955083
1642516774.067568 0.635489 1.330201 0.099989 -0.257158 -0.099202 -0.103737 -0.955650
1642516774.075902 0.624728 1.329883 0.099239 -0.256400 -0.091219 -0.106105 -0.956389
1642516774.084235 0.614071 1.329556 0.098340 -0.255584 -0.083990 -0.107660 -0.957096
1642516774.092568 0.603405 1.329291 0.097370 -0.255192 -0.077839 -0.108645 -0.957609
1642516774.100902 0.592798 1.329075 0.096318 -0.254573 -0.069223 -0.110860 -0.958181
1642516774.109235 0.582305 1.328864 0.095091 -0.253564 -0.060141 -0.113168 -0.958792
1642516774.117568 0.571842 1.328696 0.093747 -0.252890 -0.052662 -0.114869 -0.959207
1642516774.125902 0.561471 1.328565 0.092347 -0.252374 -0.045044 -0.116688 -0.959512
1642516774.134235 0.551252 1.328421 0.090817 -0.251469 -0.036578 -0.118804 -0.959849
1642516774.142568 0.541121 1.328321 0.089179 -0.250409 -0.027158 -0.121757 -0.960069
1642516774.150902 0.531134 1.328217 0.087435 -0.249444 -0.018124 -0.124673 -0.960159
1642516774.159235 0.521292 1.328119 0.085594 -0.248358 -0.009531 -0.127276 -0.960223
1642516774.167568 0.511702 1.327918 0.083626 -0.247255 -0.001674 -0.129546 -0.960250
1642516774.175902 0.502346 1.327646 0.081535 -0.246222 0.005558 -0.131876 -0.960184
1642516774.184235 0.493093 1.327453 0.079386 -0.245032 0.012959 -0.134998 -0.959983
1642516774.192568 0.484037 1.327254 0.077220 -0.243433 0.019479 -0.137546 -0.959918
1642516774.200902 0.475269 1.326981 0.074945 -0.241739 0.025639 -0.140275 -0.959806
1642516774.209235 0.466778 1.326677 0.072548 -0.240436 0.031517 -0.143921 -0.959419
1642516774.217568 0.458616 1.326323 0.070081 -0.238955 0.037261 -0.147352 -0.959062
1642516774.225902 0.450722 1.325935 0.067615 -0.237715 0.042075 -0.150609 -0.958665
1642516774.234235 0.443077 1.325492 0.065105 -0.236579 0.045695 -0.153833 -0.958268
1642516774.242568 0.435742 1.324975 0.062524 -0.235031 0.050020 -0.157387 -0.957856
1642516774.250902 0.428682 1.324405 0.059931 -0.233485 0.054354 -0.161085 -0.957383
1642516774.259235 0.421892 1.323783 0.057298 -0.231945 0.058212 -0.164758 -0.956905
1642516774.267568 0.415439 1.323077 0.054660 -0.230509 0.061923 -0.168248 -0.956412
1642516774.275902 0.409286 1.322298 0.052013 -0.229112 0.065456 -0.171725 -0.955894
1642516774.284235 0.403440 1.321458 0.049372 -0.227778 0.068969 -0.175150 -0.955345
1642516774.292568 0.397894 1.320561 0.046751 -0.226436 0.072387 -0.178480 -0.954794
1642516774.300902 0.392640 1.319601 0.044144 -0.225166 0.075780 -0.181883 -0.954189
1642516774.309235 0.387738 1.318531 0.041583 -0.224120 0.079025 -0.184861 -0.953599
1642516774.317568 0.383136 1.317388 0.039056 -0.223172 0.082238 -0.187733 -0.952989
1642516774.325902 0.378813 1.316190 0.036551 -0.222265 0.085735 -0.190791 -0.952285
1642516774.334235 0.374760 1.314917 0.034088 -0.221496 0.088924 -0.193759 -0.951572
1642516774.342568 0.371014 1.313576 0.031692 -0.220891 0.092177 -0.196600 -0.950820
1642516774.350902 0.367578 1.312182 0.029371 -0.220323 0.095964 -0.199369 -0.950000
1642516774.359235 0.364416 1.310719 0.027124 -0.219857 0.099726 -0.202031 -0.949158
1642516774.367568 0.361547 1.309181 0.024958 -0.219497 0.103547 -0.204658 -0.948269
1642516774.375902 0.358973 1.307563 0.022858 -0.218925 0.107934 -0.207476 -0.947299
1642516774.384235 0.356616 1.305914 0.020867 -0.218818 0.111135 -0.210026 -0.946391
1642516774.392568 0.354510 1.304229 0.019002 -0.219066 0.113692 -0.212409 -0.945498
1642516774.400902 0.352710 1.302481 0.017237 -0.219186 0.116724 -0.214909 -0.944535
1642516774.409235 0.351158 1.300698 0.015585 -0.219352 0.119456 -0.217583 -0.943543
1642516774.417568 0.349907 1.298842 0.014076 -0.219644 0.121811 -0.220119 -0.942585
1642516774.425902 0.348954 1.296922 0.012710 -0.220090 0.123659 -0.222371 -0.941711
1642516774.434235 0.348260 1.294980 0.011473 -0.220578 0.125240 -0.224811 -0.940808
1642516774.442568 0.347844 1.293004 0.010380 -0.221080 0.126468 -0.227299 -0.939928
1642516774.450902 0.347707 1.290987 0.009422 -0.221676 0.127226 -0.229715 -0.939098
1642516774.459235 0.347853 1.288939 0.008606 -0.222367 0.127454 -0.232082 -0.938321
1642516774.467568 0.348280 1.286863 0.007934 -0.222988 0.127310 -0.234386 -0.937620
1642516774.475902 0.349031 1.284757 0.007355 -0.224151 0.126945 -0.236990 -0.936737
1642516774.484235 0.350121 1.282607 0.006914 -0.225107 0.126920 -0.239753 -0.935808
1642516774.492568 0.351487 1.280439 0.006656 -0.226365 0.125529 -0.242133 -0.935079
1642516774.500902 0.353091 1.278295 0.006552 -0.228028 0.122779 -0.244187 -0.934506
1642516774.509235 0.354972 1.276158 0.006610 -0.229253 0.120182 -0.246101 -0.934042
1642516774.517568 0.357153 1.274008 0.006824 -0.230649 0.117411 -0.247966 -0.933557
1642516774.525902 0.359630 1.271848 0.007177 -0.232154 0.114447 -0.249691 -0.933092
1642516774.534235 0.362396 1.269691 0.007672 -0.233748 0.111276 -0.251253 -0.932658
1642516774.542568 0.365439 1.267542 0.008304 -0.235448 0.108070 -0.252761 -0.932200
1642516774.550902 0.368739 1.265400 0.009039 -0.237177 0.104868 -0.254226 -0.931729
1642516774.559235 0.372323 1.263304 0.009912 -0.238993 0.101254 -0.255430 -0.931335
1642516774.567568 0.376203 1.261226 0.010882 -0.240836 0.097384 -0.256509 -0.930977
1642516774.575902 0.380338 1.259205 0.011950 -0.242732 0.093322 -0.257635 -0.930589
1642516774.584235 0.384748 1.257214 0.013153 -0.244888 0.088171 -0.258242 -0.930358
1642516774.592568 0.389440 1.255249 0.014430 -0.246968 0.083156 -0.258979 -0.930065
1642516774.600902 0.394450 1.253327 0.015789 -0.248955 0.078687 -0.259734 -0.929714
1642516774.609235 0.399759 1.251432 0.017233 -0.251064 0.073796 -0.260167 -0.929427
1642516774.617568 0.405314 1.249618 0.018743 -0.253168 0.068563 -0.260634 -0.929126
1642516774.625902 0.411131 1.247859 0.020322 -0.255319 0.063020 -0.260916 -0.928850
1642516774.634235 0.417173 1.246182 0.021961 -0.257454 0.057329 -0.261318 -0.928517
1642516774.642568 0.423493 1.244582 0.023662 -0.259602 0.051581 -0.261538 -0.928194
1642516774.650902 0.430088 1.243036 0.025427 -0.261925 0.045320 -0.261266 -0.927945
1642516774.659235 0.436925 1.241571 0.027244 -0.264306 0.038679 -0.260828 -0.927693
1642516774.667568 0.444047 1.240197 0.029106 -0.266636 0.032101 -0.260304 -0.927425
1642516774.675902 0.451456 1.238912 0.031004 -0.268972 0.025421 -0.259571 -0.927163
1642516774.684235 0.459128 1.237722 0.032952 -0.271417 0.018426 -0.258590 -0.926890
1642516774.692568 0.467039 1.236665 0.034957 -0.273331 0.011510 -0.257333 -0.926789
1642516774.700902 0.475219 1.235751 0.036982 -0.275083 0.004403 -0.255985 -0.926705
1642516774.709235 0.483645 1.234912 0.039006 -0.277415 -0.003125 -0.254281 -0.926484
1642516774.717568 0.492249 1.234195 0.041061 -0.280158 -0.011694 -0.251904 -0.926239
1642516774.725902 0.501087 1.233628 0.043125 -0.282834 -0.020482 -0.249443 -0.925939
1642516774.734235 0.510194 1.233169 0.045158 -0.285288 -0.028557 -0.246987 -0.925631
1642516774.742568 0.519590 1.232782 0.047146 -0.287611 -0.036053 -0.244449 -0.925324
1642516774.750902 0.529182 1.232541 0.049128 -0.289954 -0.043749 -0.241651 -0.924996
1642516774.759235 0.538912 1.232504 0.051118 -0.292351 -0.052113 -0.238482 -0.924631
1642516774.767568 0.548851 1.232591 0.053030 -0.294647 -0.060356 -0.235237 -0.924232
1642516774.775902 0.558949 1.232874 0.054905 -0.297140 -0.069564 -0.231441 -0.923744
1642516774.784235 0.569237 1.233335 0.056722 -0.299302 -0.078586 -0.227544 -0.923291
1642516774.792568 0.579736 1.233933 0.058443 -0.300945 -0.087099 -0.223605 -0.922956
1642516774.800902 0.590398 1.234724 0.060108 -0.302339 -0.096189 -0.219087 -0.922681
1642516774.809235 0.601221 1.235677 0.061672 -0.303294 -0.105185 -0.214278 -0.922515
1642516774.817568 0.612218 1.236760 0.063076 -0.304472 -0.114388 -0.209499 -0.922130
1642516774.825902 0.623355 1.238014 0.064342 -0.305679 -0.123806 -0.204437 -0.921650
1642516774.834235 0.634571 1.239464 0.065508 -0.306431 -0.133223 -0.198842 -0.921311
1642516774.842568 0.645902 1.241046 0.066542 -0.307067 -0.142686 -0.192942 -0.920937
1642516774.850902 0.657300 1.242766 0.067424 -0.307460 -0.152250 -0.186797 -0.920541
1642516774.859235 0.668775 1.244613 0.068186 -0.307748 -0.161473 -0.180570 -0.920115
1642516774.867568 0.680351 1.246571 0.068851 -0.307979 -0.169942 -0.174387 -0.919705
1642516774.875902 0.691913 1.248677 0.069395 -0.308113 -0.179133 -0.167863 -0.919130
1642516774.884235 0.703498 1.250838 0.069779 -0.308235 -0.188770 -0.161132 -0.918365
1642516774.892568 0.715157 1.253054 0.070058 -0.308302 -0.197766 -0.154677 -0.917558
1642516774.900902 0.726824 1.255368 0.070237 -0.308368 -0.206574 -0.148233 -0.916659
1642516774.909235 0.738493 1.257732 0.070276 -0.308444 -0.215248 -0.141762 -0.915661
1642516774.917568 0.750130 1.260190 0.070253 -0.308469 -0.223689 -0.135316 -0.914604
1642516774.925902 0.761751 1.262680 0.070128 -0.308459 -0.232147 -0.128809 -0.913438
1642516774.934235 0.773411 1.265157 0.069905 -0.307362 -0.241150 -0.121613 -0.912461
1642516774.942568 0.785006 1.267747 0.069653 -0.305928 -0.249639 -0.114475 -0.911584
1642516774.950902 0.796510 1.270365 0.069270 -0.305226 -0.258446 -0.107445 -0.910219
1642516774.959235 0.808095 1.272850 0.068663 -0.304603 -0.267312 -0.100435 -0.908666
1642516774.967568 0.819659 1.275356 0.067987 -0.303879 -0.274915 -0.093835 -0.907345
1642516774.975902 0.831154 1.277858 0.067227 -0.303029 -0.282965 -0.086653 -0.905867
1642516774.984235 0.842630 1.280306 0.066360 -0.302109 -0.291285 -0.079246 -0.904214
1642516774.992568 0.854020 1.282778 0.065472 -0.301113 -0.299229 -0.071976 -0.902559
1642516775.000902 0.865378 1.285211 0.064516 -0.300064 -0.306975 -0.064676 -0.900858
1642516775.009235 0.876653 1.287627 0.063508 -0.298977 -0.314620 -0.057382 -0.899074
1642516775.017568 0.887829 1.290015 0.062448 -0.297952 -0.322104 -0.050050 -0.897201
1642516775.025902 0.898911 1.292378 0.061352 -0.296963 -0.329601 -0.042615 -0.895187
1642516775.034235 0.909950 1.294658 0.060178 -0.295816 -0.336481 -0.035144 -0.893330
1642516775.042568 0.920908 1.296876 0.058942 -0.294534 -0.342671 -0.027865 -0.891656
1642516775.050902 0.931725 1.299073 0.057687 -0.293357 -0.348765 -0.020629 -0.889876
1642516775.059235 0.942468 1.301221 0.056362 -0.292160 -0.354759 -0.013100 -0.888041
1642516775.067568 0.953126 1.303325 0.054949 -0.290970 -0.360850 -0.005194 -0.886057
1642516775.075902 0.963662 1.305387 0.053484 -0.289939 -0.366605 0.002605 -0.884042
1642516775.084235 0.974038 1.307358 0.051920 -0.289159 -0.372688 0.010516 -0.881692
1642516775.092568 0.984376 1.309195 0.050262 -0.287265 -0.380346 0.020099 -0.878870
1642516775.100902 0.994590 1.311062 0.048675 -0.284775 -0.387395 0.029591 -0.876329
1642516775.109235 1.004574 1.312958 0.047128 -0.283135 -0.392836 0.037855 -0.874118
1642516775.117568 1.014404 1.314761 0.045517 -0.281774 -0.398112 0.046169 -0.871768
1642516775.125902 1.024059 1.316487 0.043869 -0.280521 -0.403331 0.054494 -0.869289
1642516775.134235 1.033535 1.318099 0.042145 -0.279731 -0.408462 0.062674 -0.866592
1642516775.142568 1.042840 1.319719 0.040448 -0.279343 -0.412244 0.069812 -0.864377
1642516775.150902 1.051950 1.321231 0.038743 -0.278135 -0.415753 0.076715 -0.862499
1642516775.159235 1.060811 1.322584 0.036941 -0.276993 -0.420712 0.085064 -0.859675
1642516775.167568 1.069441 1.323894 0.035106 -0.276338 -0.425951 0.094092 -0.856359
1642516775.175902 1.077852 1.325055 0.033219 -0.275357 -0.430735 0.102769 -0.853279
1642516775.184235 1.086010 1.326084 0.031291 -0.274351 -0.434993 0.111268 -0.850372
1642516775.192568 1.093878 1.326924 0.029311 -0.273057 -0.438431 0.119082 -0.847961
1642516775.200902 1.101468 1.327632 0.027285 -0.271849 -0.441757 0.126930 -0.845481
1642516775.209235 1.108781 1.328298 0.025301 -0.271349 -0.446727 0.135894 -0.841628
1642516775.217568 1.115783 1.328836 0.023291 -0.270608 -0.451429 0.144645 -0.837891
1642516775.225902 1.122488 1.329163 0.021170 -0.269390 -0.454794 0.152737 -0.835023
1642516775.234235 1.128859 1.329275 0.019019 -0.268304 -0.458190 0.160658 -0.832024
1642516775.242568 1.134916 1.329216 0.016845 -0.267190 -0.461493 0.168466 -0.829007
1642516775.250902 1.140649 1.329057 0.014653 -0.266102 -0.464951 0.176335 -0.825782
1642516775.259235 1.146060 1.328739 0.012438 -0.265059 -0.468397 0.184237 -0.822438
1642516775.267568 1.151152 1.328233 0.010218 -0.263887 -0.471295 0.191827 -0.819418
1642516775.275902 1.155920 1.327553 0.008011 -0.262716 -0.474059 0.199393 -0.816389
1642516775.284235 1.160379 1.326696 0.005796 -0.261491 -0.476334 0.206932 -0.813577
1642516775.292568 1.164538 1.325608 0.003581 -0.260419 -0.478257 0.214640 -0.810791
1642516775.300902 1.168289 1.324365 0.001455 -0.259491 -0.480329 0.222182 -0.807827
1642516775.309235 1.171595 1.322952 -0.000589 -0.258299 -0.482546 0.229761 -0.804761
1642516775.317568 1.174582 1.321421 -0.002527 -0.257598 -0.484347 0.236823 -0.801852
1642516775.325902 1.177287 1.319806 -0.004388 -0.257148 -0.485118 0.243216 -0.799613
1642516775.334235 1.179654 1.317972 -0.006205 -0.256548 -0.486135 0.250156 -0.797044
1642516775.342568 1.181679 1.316070 -0.007897 -0.256189 -0.486913 0.256616 -0.794626
1642516775.350902 1.183356 1.313998 -0.009494 -0.255906 -0.487409 0.262915 -0.792351
1642516775.359235 1.184652 1.311771 -0.010946 -0.255765 -0.487880 0.269070 -0.790037
1642516775.367568 1.185621 1.309451 -0.012244 -0.255699 -0.487864 0.274814 -0.788089
1642516775.375902 1.186264 1.307022 -0.013401 -0.255783 -0.487826 0.280551 -0.786061
1642516775.384235 1.186579 1.304517 -0.014393 -0.256185 -0.487722 0.285923 -0.784057
1642516775.392568 1.186592 1.301872 -0.015269 -0.256650 -0.487183 0.290974 -0.782380
1642516775.400902 1.186289 1.299121 -0.016006 -0.257242 -0.486498 0.295913 -0.780757
1642516775.409235 1.185618 1.296342 -0.016539 -0.258179 -0.486175 0.300560 -0.778872
1642516775.417568 1.184623 1.293545 -0.016876 -0.259174 -0.485331 0.304625 -0.777487
1642516775.425902 1.183376 1.290622 -0.017099 -0.260146 -0.483804 0.308578 -0.776555
1642516775.434235 1.181843 1.287629 -0.017200 -0.261487 -0.482770 0.312694 -0.775100
1642516775.442568 1.180002 1.284566 -0.017117 -0.262984 -0.481696 0.316680 -0.773642
1642516775.450902 1.177880 1.281426 -0.016854 -0.264553 -0.480289 0.320463 -0.772424
1642516775.459235 1.175490 1.278294 -0.016445 -0.266324 -0.478853 0.323976 -0.771240
1642516775.467568 1.172849 1.275119 -0.015925 -0.268097 -0.477136 0.327412 -0.770238
1642516775.475902 1.169972 1.271903 -0.015298 -0.269882 -0.475133 0.330760 -0.769422
1642516775.484235 1.166822 1.268693 -0.014526 -0.271815 -0.473225 0.333991 -0.768521
1642516775.492568 1.163417 1.265485 -0.013632 -0.273863 -0.471246 0.337083 -0.767660
1642516775.500902 1.159796 1.262177 -0.012697 -0.276065 -0.469458 0.340518 -0.766450
1642516775.509235 1.155889 1.258966 -0.011580 -0.278284 -0.467511 0.343384 -0.765558
1642516775.517568 1.151723 1.255852 -0.010295 -0.280471 -0.465017 0.345722 -0.765227
1642516775.525902 1.147354 1.252677 -0.008967 -0.282863 -0.462543 0.348388 -0.764636
1642516775.534235 1.142749 1.249519 -0.007532 -0.285314 -0.459809 0.350909 -0.764222
1642516775.542568 1.137867 1.246419 -0.005965 -0.287946 -0.457095 0.353178 -0.763817
1642516775.550902 1.132736 1.243366 -0.004284 -0.290758 -0.454271 0.355310 -0.763448
1642516775.559235 1.127364 1.240324 -0.002503 -0.293669 -0.451236 0.357358 -0.763177
1642516775.567568 1.121718 1.237331 -0.000627 -0.296755 -0.448177 0.359198 -0.762922
1642516775.575902 1.115818 1.234382 0.001322 -0.299890 -0.444931 0.360979 -0.762756
1642516775.584235 1.109703 1.231454 0.003318 -0.302930 -0.441281 0.362718 -0.762850
1642516775.592568 1.103311 1.228601 0.005386 -0.306111 -0.437645 0.364219 -0.762959
1642516775.600902 1.096638 1.225783 0.007502 -0.309515 -0.434563 0.365859 -0.762563
1642516775.609235 1.089708 1.223112 0.009713 -0.312682 -0.430823 0.366935 -0.762877
1642516775.617568 1.082518 1.220650 0.012018 -0.315567 -0.426363 0.367326 -0.764005
1642516775.625902 1.075031 1.218197 0.014373 -0.318658 -0.422336 0.367859 -0.764702
1642516775.634235 1.067242 1.215776 0.016797 -0.321767 -0.418033 0.368164 -0.765617
1642516775.642568 1.059227 1.213490 0.019217 -0.324774 -0.413495 0.368228 -0.766780
1642516775.650902 1.050962 1.211295 0.021640 -0.327716 -0.408771 0.368160 -0.768093
1642516775.659235 1.042427 1.209186 0.024085 -0.330578 -0.403931 0.367986 -0.769510
1642516775.667568 1.033583 1.207183 0.026597 -0.333529 -0.399395 0.367488 -0.770840
1642516775.675902 1.024514 1.205250 0.029106 -0.336437 -0.394578 0.366655 -0.772452
1642516775.684235 1.015223 1.203368 0.031559 -0.339321 -0.389911 0.365911 -0.773912
1642516775.692568 1.005671 1.201632 0.034011 -0.342158 -0.385274 0.365095 -0.775369
1642516775.700902 0.995863 1.200148 0.036577 -0.345241 -0.380378 0.363376 -0.777225
1642516775.709235 0.985831 1.198711 0.039109 -0.348265 -0.375483 0.361868 -0.778958
1642516775.717568 0.975588 1.197312 0.041569 -0.351034 -0.370297 0.360474 -0.780842
1642516775.725902 0.965056 1.196088 0.044123 -0.354001 -0.365060 0.358338 -0.782949
1642516775.734235 0.954308 1.194984 0.046647 -0.356985 -0.359819 0.356341 -0.784929
1642516775.742568 0.943324 1.194045 0.049176 -0.359705 -0.354093 0.353923 -0.787381
1642516775.750902 0.932125 1.193284 0.051711 -0.362007 -0.348254 0.351610 -0.789962
1642516775.759235 0.920760 1.192599 0.054152 -0.363662 -0.341241 0.349305 -0.793278
1642516775.767568 0.909157 1.192117 0.056570 -0.365378 -0.333250 0.345723 -0.797445
1642516775.775902 0.897205 1.191793 0.059013 -0.368071 -0.327863 0.342506 -0.799825
1642516775.784235 0.885022 1.191720 0.061472 -0.370729 -0.322617 0.339189 -0.802141
1642516775.792568 0.872688 1.191780 0.063849 -0.372501 -0.316003 0.335554 -0.805474
1642516775.800902 0.860120 1.191897 0.066126 -0.373947 -0.309188 0.332479 -0.808717
1642516775.809235 0.847381 1.192331 0.068504 -0.375303 -0.300750 0.327900 -0.813129
1642516775.817568 0.834490 1.192806 0.070792 -0.376519 -0.292791 0.323258 -0.817319
1642516775.825902 0.821378 1.193469 0.073004 -0.378138 -0.286544 0.318764 -0.820545
1642516775.834235 0.808167 1.194392 0.075223 -0.379516 -0.279369 0.313148 -0.824535
1642516775.842568 0.794859 1.195536 0.077369 -0.380647 -0.271696 0.307350 -0.828749
1642516775.850902 0.781361 1.196938 0.079463 -0.381736 -0.264198 0.300881 -0.833035
1642516775.859235 0.767789 1.198471 0.081446 -0.382452 -0.256452 0.294067 -0.837548
1642516775.867568 0.754130 1.200248 0.083393 -0.382866 -0.248461 0.286653 -0.842325
1642516775.875902 0.740365 1.202227 0.085296 -0.382947 -0.240263 0.278526 -0.847378
1642516775.884235 0.726557 1.204375 0.087128 -0.382735 -0.231740 0.270061 -0.852571
1642516775.892568 0.712714 1.206717 0.088851 -0.382195 -0.223094 0.261364 -0.857814
1642516775.900902 0.698831 1.209258 0.090471 -0.381462 -0.214950 0.252614 -0.862827
1642516775.909235 0.684891 1.211977 0.092017 -0.380445 -0.206717 0.243493 -0.867895
1642516775.917568 0.670899 1.214828 0.093427 -0.379149 -0.198318 0.233766 -0.873081
1642516775.925902 0.656909 1.217819 0.094672 -0.377677 -0.190189 0.223684 -0.878153
1642516775.934235 0.642951 1.220916 0.095753 -0.376059 -0.182667 0.213591 -0.882945
1642516775.942568 0.628995 1.224173 0.096719 -0.373963 -0.174796 0.202817 -0.887955
1642516775.950902 0.615051 1.227563 0.097557 -0.371443 -0.166518 0.191340 -0.893136
1642516775.959235 0.601118 1.231062 0.098260 -0.368605 -0.158114 0.179495 -0.898283
1642516775.967568 0.587201 1.234591 0.098798 -0.365450 -0.149963 0.167538 -0.903265
1642516775.975902 0.573297 1.238277 0.099296 -0.361851 -0.140019 0.153717 -0.908752
1642516775.984235 0.559482 1.242008 0.099662 -0.358012 -0.129827 0.139469 -0.914068
1642516775.992568 0.545749 1.245592 0.099755 -0.353775 -0.121684 0.126835 -0.918667
1642516776.000902 0.532079 1.249201 0.099717 -0.349223 -0.113127 0.113215 -0.923271
1642516776.009235 0.518570 1.252791 0.099491 -0.344932 -0.104465 0.098441 -0.927587
1642516776.017568 0.505216 1.256295 0.099037 -0.340287 -0.096072 0.083225 -0.931691
1642516776.025902 0.492027 1.259741 0.098396 -0.335428 -0.088111 0.067771 -0.935485
1642516776.034235 0.479025 1.263145 0.097584 -0.330373 -0.080545 0.052138 -0.938961
1642516776.042568 0.466200 1.266429 0.096571 -0.324853 -0.073116 0.036104 -0.942243
1642516776.050902 0.453574 1.269574 0.095360 -0.319115 -0.066160 0.019913 -0.945194
1642516776.059235 0.441190 1.272580 0.093966 -0.313075 -0.059617 0.003616 -0.947849
1642516776.067568 0.429063 1.275427 0.092397 -0.306751 -0.053476 -0.012705 -0.950202
1642516776.075902 0.417220 1.278094 0.090645 -0.300214 -0.047564 -0.029062 -0.952242
1642516776.084235 0.405695 1.280532 0.088700 -0.293638 -0.041806 -0.045432 -0.953921
1642516776.092568 0.394485 1.282789 0.086632 -0.286615 -0.036488 -0.061513 -0.955373
1642516776.100902 0.383629 1.284856 0.084440 -0.278907 -0.031018 -0.077490 -0.956684
1642516776.109235 0.373120 1.286714 0.082117 -0.271380 -0.025511 -0.093666 -0.957564
1642516776.117568 0.362948 1.288385 0.079706 -0.264040 -0.020951 -0.109537 -0.958043
1642516776.125902 0.353134 1.289855 0.077191 -0.256542 -0.016538 -0.125341 -0.958229
1642516776.134235 0.343689 1.291137 0.074591 -0.249210 -0.012813 -0.140878 -0.958063
1642516776.142568 0.334683 1.292180 0.071867 -0.241862 -0.010021 -0.155816 -0.957666
1642516776.150902 0.326135 1.292988 0.069026 -0.234156 -0.007064 -0.170446 -0.957115
1642516776.159235 0.317970 1.293661 0.066120 -0.226522 -0.004753 -0.184814 -0.956300
1642516776.167568 0.310231 1.294167 0.063141 -0.218780 -0.002794 -0.198893 -0.955285
1642516776.175902 0.302943 1.294459 0.060063 -0.210854 -0.000517 -0.212905 -0.954050
1642516776.184235 0.296035 1.294556 0.056896 -0.202875 0.001204 -0.226824 -0.952571
1642516776.192568 0.289556 1.294407 0.053672 -0.195278 0.002018 -0.240151 -0.950889
1642516776.200902 0.283430 1.294114 0.050455 -0.187784 0.002815 -0.253201 -0.949009
1642516776.209235 0.277612 1.293664 0.047242 -0.179758 0.003485 -0.265859 -0.947098
1642516776.217568 0.272132 1.293031 0.044011 -0.171743 0.004211 -0.278420 -0.944970
1642516776.225902 0.267000 1.292210 0.040766 -0.163717 0.005245 -0.290934 -0.942617
1642516776.234235 0.262192 1.291187 0.037510 -0.155623 0.006056 -0.303305 -0.940080
1642516776.242568 0.257681 1.289976 0.034233 -0.147624 0.006534 -0.315548 -0.937333
1642516776.250902 0.253466 1.288587 0.030946 -0.139670 0.006746 -0.327674 -0.934386
1642516776.259235 0.249586 1.286960 0.027644 -0.131576 0.006152 -0.339081 -0.931490
1642516776.267568 0.245995 1.285124 0.024340 -0.123575 0.005599 -0.350434 -0.928382
1642516776.275902 0.242637 1.283132 0.021076 -0.115779 0.006190 -0.362659 -0.924681
1642516776.284235 0.239546 1.280920 0.017815 -0.108043 0.006680 -0.374854 -0.920742
1642516776.292568 0.236749 1.278463 0.014540 -0.100345 0.007446 -0.387190 -0.916493
1642516776.300902 0.234237 1.275799 0.011322 -0.092759 0.007814 -0.399320 -0.912074
1642516776.309235 0.231987 1.273011 0.008177 -0.085391 0.007781 -0.411284 -0.907465
1642516776.317568 0.230034 1.270103 0.005060 -0.078128 0.008791 -0.424056 -0.902217
1642516776.325902 0.228460 1.267007 0.001999 -0.071021 0.009717 -0.436698 -0.896748
1642516776.334235 0.227349 1.263675 -0.000990 -0.063916 0.009423 -0.447801 -0.891796
1642516776.342568 0.226631 1.260205 -0.003897 -0.056989 0.008747 -0.458236 -0.886958
1642516776.350902 0.226236 1.256703 -0.006712 -0.050500 0.008449 -0.468799 -0.881820
1642516776.359235 0.226205 1.253162 -0.009401 -0.044500 0.008327 -0.479171 -0.876553
1642516776.367568 0.226568 1.249615 -0.011952 -0.038994 0.008376 -0.489283 -0.871213
1642516776.375902 0.227348 1.246075 -0.014344 -0.033891 0.008070 -0.498581 -0.866143
1642516776.384235 0.228579 1.242563 -0.016567 -0.029238 0.007814 -0.507408 -0.861175
1642516776.392568 0.230272 1.239118 -0.018619 -0.025016 0.007801 -0.515874 -0.856264
1642516776.400902 0.232377 1.235790 -0.020453 -0.021324 0.007782 -0.523661 -0.851625
1642516776.409235 0.234879 1.232606 -0.022058 -0.018432 0.007694 -0.530709 -0.847319
1642516776.417568 0.237748 1.229591 -0.023440 -0.016222 0.007685 -0.537236 -0.843241
1642516776.425902 0.241005 1.226697 -0.024572 -0.014635 0.007670 -0.543127 -0.839488
1642516776.434235 0.244677 1.223890 -0.025441 -0.013782 0.007501 -0.548117 -0.836255
1642516776.442568 0.248702 1.221186 -0.026051 -0.013690 0.007415 -0.552584 -0.833312
1642516776.450902 0.253029 1.218601 -0.026403 -0.014389 0.007374 -0.556686 -0.830565
1642516776.459235 0.257679 1.216106 -0.026470 -0.015804 0.007210 -0.560398 -0.828042
1642516776.467568 0.262637 1.213698 -0.026267 -0.017949 0.006908 -0.563793 -0.825692
1642516776.475902 0.267885 1.211380 -0.025799 -0.020813 0.006369 -0.566770 -0.823588
1642516776.484235 0.273439 1.209114 -0.025075 -0.024289 0.005830 -0.569531 -0.821590
1642516776.492568 0.279293 1.206887 -0.024118 -0.028263 0.005166 -0.572105 -0.819677
1642516776.500902 0.285413 1.204708 -0.022947 -0.032798 0.004316 -0.574426 -0.817888
1642516776.509235 0.291811 1.202550 -0.021586 -0.037752 0.003357 -0.576639 -0.816119
1642516776.517568 0.298489 1.200401 -0.020062 -0.043095 0.002158 -0.578630 -0.814448
1642516776.525902 0.305439 1.198282 -0.018382 -0.048853 0.000838 -0.580434 -0.812840
1642516776.534235 0.312661 1.196185 -0.016565 -0.054946 -0.000674 -0.582118 -0.811245
1642516776.542568 0.320141 1.194140 -0.014621 -0.061304 -0.002411 -0.583626 -0.809701
1642516776.550902 0.327890 1.192159 -0.012560 -0.067771 -0.004526 -0.584911 -0.808249
1642516776.559235 0.335922 1.190230 -0.010403 -0.074352 -0.006897 -0.586024 -0.806846
1642516776.567568 0.344229 1.188366 -0.008158 -0.081031 -0.009466 -0.586949 -0.805503
1642516776.575902 0.352795 1.186595 -0.005837 -0.087673 -0.012395 -0.587509 -0.804358
1642516776.584235 0.361624 1.184926 -0.003450 -0.094252 -0.015699 -0.587672 -0.803438
1642516776.592568 0.370692 1.183424 -0.000939 -0.099915 -0.019152 -0.587631 -0.802708
1642516776.600902 0.380037 1.182059 0.001612 -0.105379 -0.022830 -0.587317 -0.802143
1642516776.609235 0.389711 1.180750 0.004097 -0.111796 -0.026937 -0.586553 -0.801705
1642516776.617568 0.399677 1.179536 0.006467 -0.119549 -0.031863 -0.585236 -0.801368
1642516776.625902 0.409893 1.178524 0.008915 -0.126440 -0.037164 -0.584004 -0.800981
1642516776.634235 0.420319 1.177728 0.011484 -0.132056 -0.042451 -0.582774 -0.800708
1642516776.642568 0.430971 1.177071 0.013970 -0.138458 -0.048094 -0.580889 -0.800677
1642516776.650902 0.441829 1.176617 0.016499 -0.144105 -0.054001 -0.578725 -0.800872
1642516776.659235 0.452937 1.176306 0.018923 -0.150692 -0.060585 -0.576024 -0.801136
1642516776.667568 0.464252 1.176184 0.021311 -0.157221 -0.067551 -0.572979 -0.801507
1642516776.675902 0.475736 1.176288 0.023695 -0.163128 -0.074562 -0.569728 -0.802022
1642516776.684235 0.487384 1.176605 0.026046 -0.169040 -0.081517 -0.566293 -0.802554
1642516776.692568 0.499163 1.177106 0.028351 -0.174838 -0.088673 -0.562623 -0.803134
1642516776.700902 0.511080 1.177785 0.030594 -0.180453 -0.096256 -0.558577 -0.803843
1642516776.709235 0.523134 1.178671 0.032785 -0.185955 -0.103942 -0.554214 -0.804651
1642516776.717568 0.535303 1.179753 0.034882 -0.191373 -0.111717 -0.549555 -0.805534
1642516776.725902 0.547553 1.181043 0.036883 -0.196616 -0.119546 -0.544523 -0.806564
1642516776.734235 0.559854 1.182558 0.038795 -0.201645 -0.127066 -0.539369 -0.807635
1642516776.742568 0.572245 1.184233 0.040570 -0.206370 -0.134614 -0.533826 -0.808901
1642516776.750902 0.584682 1.186086 0.042224 -0.210789 -0.142448 -0.527799 -0.810373
1642516776.759235 0.597121 1.188127 0.043749 -0.215045 -0.149867 -0.521759 -0.811827
1642516776.767568 0.609612 1.190278 0.045098 -0.218945 -0.157233 -0.515359 -0.813477
1642516776.775902 0.622075 1.192585 0.046345 -0.222621 -0.164492 -0.508706 -0.815230
1642516776.784235 0.634490 1.195025 0.047508 -0.226021 -0.171824 -0.501780 -0.817073
1642516776.792568 0.646839 1.197587 0.048577 -0.229225 -0.179007 -0.494838 -0.818870
1642516776.800902 0.659117 1.200267 0.049535 -0.232305 -0.185782 -0.487949 -0.820625
1642516776.809235 0.671310 1.203083 0.050417 -0.235176 -0.193099 -0.480553 -0.822480
1642516776.817568 0.683385 1.206025 0.051246 -0.237797 -0.200795 -0.472921 -0.824305
1642516776.825902 0.695361 1.209053 0.051974 -0.240023 -0.208431 -0.465238 -0.826135
1642516776.834235 0.707214 1.212185 0.052632 -0.241987 -0.216188 -0.457373 -0.827958
1642516776.842568 0.718898 1.215422 0.053236 -0.243840 -0.223741 -0.449546 -0.829693
1642516776.850902 0.730402 1.218737 0.053791 -0.245422 -0.231081 -0.441675 -0.831440
1642516776.859235 0.741779 1.222113 0.054258 -0.246518 -0.238846 -0.433450 -0.833248
1642516776.867568 0.752979 1.225572 0.054680 -0.247364 -0.246577 -0.425074 -0.835059
1642516776.875902 0.763937 1.229136 0.055155 -0.248789 -0.252661 -0.417348 -0.836712
1642516776.884235 0.774734 1.232744 0.055588 -0.249948 -0.258582 -0.409505 -0.838431
1642516776.892568 0.785354 1.236381 0.055944 -0.250436 -0.265525 -0.400940 -0.840253
1642516776.900902 0.795777 1.240085 0.056273 -0.250917 -0.272437 -0.392124 -0.842055
1642516776.909235 0.806021 1.243832 0.056588 -0.251247 -0.278495 -0.383588 -0.843905
1642516776.917568 0.816047 1.247668 0.056889 -0.251628 -0.284137 -0.375165 -0.845695
1642516776.925902 0.825822 1.251592 0.057185 -0.251761 -0.290202 -0.366390 -0.847442
1642516776.934235 0.835415 1.255541 0.057430 -0.251563 -0.295810 -0.357752 -0.849250
1642516776.942568 0.844833 1.259521 0.057589 -0.251179 -0.300964 -0.349223 -0.851101
1642516776.950902 0.854064 1.263585 0.057701 -0.250482 -0.306047 -0.340483 -0.853033
1642516776.959235 0.863126 1.267737 0.057765 -0.249523 -0.311199 -0.331480 -0.854994
1642516776.967568 0.872016 1.271994 0.057785 -0.248480 -0.316343 -0.322301 -0.856917
1642516776.975902 0.880769 1.276311 0.057752 -0.247186 -0.321778 -0.312673 -0.858833
1642516776.984235 0.889379 1.280674 0.057658 -0.245709 -0.327379 -0.302686 -0.860716
1642516776.992568 0.897868 1.285055 0.057454 -0.243822 -0.333543 -0.292022 -0.862568
1642516777.000902 0.906230 1.289446 0.057170 -0.241682 -0.339974 -0.280921 -0.864344
1642516777.009235 0.914404 1.293907 0.056886 -0.239994 -0.345305 -0.270458 -0.866037
1642516777.017568 0.922434 1.298366 0.056533 -0.238225 -0.350588 -0.259822 -0.867658
1642516777.025902 0.930313 1.302817 0.056120 -0.236410 -0.355836 -0.248932 -0.869209
1642516777.034235 0.938031 1.307251 0.055655 -0.234602 -0.360945 -0.237822 -0.870702
1642516777.042568 0.945617 1.311627 0.055107 -0.232723 -0.365661 -0.226669 -0.872212
1642516777.050902 0.953049 1.315969 0.054492 -0.230856 -0.370423 -0.215188 -0.873605
1642516777.059235 0.960305 1.320294 0.053806 -0.229000 -0.375281 -0.203364 -0.874852
1642516777.067568 0.967425 1.324562 0.053022 -0.227061 -0.379502 -0.191525 -0.876208
1642516777.075902 0.974402 1.328782 0.052154 -0.225063 -0.383490 -0.179400 -0.877552
1642516777.084235 0.981226 1.332957 0.051198 -0.222990 -0.387275 -0.167037 -0.878859
1642516777.092568 0.987908 1.337042 0.050132 -0.221060 -0.390967 -0.154478 -0.880008
1642516777.100902 0.994415 1.341079 0.049027 -0.218904 -0.394368 -0.141600 -0.881195
1642516777.109235 1.000706 1.345159 0.047961 -0.215484 -0.397604 -0.127973 -0.882667
1642516777.117568 1.006871 1.349077 0.046744 -0.212674 -0.400946 -0.114630 -0.883669
1642516777.125902 1.012910 1.352777 0.045392 -0.211520 -0.403782 -0.102393 -0.884158
1642516777.134235 1.018770 1.356383 0.044019 -0.209497 -0.407042 -0.089171 -0.884577
1642516777.142568 1.024495 1.359784 0.042535 -0.207356 -0.410065 -0.076139 -0.884903
1642516777.150902 1.029957 1.363115 0.041065 -0.205749 -0.412754 -0.064002 -0.884989
1642516777.159235 1.035258 1.366238 0.039490 -0.204338 -0.416263 -0.051362 -0.884496
1642516777.167568 1.040422 1.369206 0.037866 -0.202618 -0.419504 -0.038961 -0.883994
1642516777.175902 1.045315 1.372106 0.036229 -0.200602 -0.423422 -0.026435 -0.883048
1642516777.184235 1.049982 1.374850 0.034529 -0.198974 -0.427533 -0.014008 -0.881719
1642516777.192568 1.054426 1.377450 0.032803 -0.197500 -0.432033 -0.001458 -0.879965
1642516777.200902 1.058642 1.379885 0.031038 -0.196088 -0.436514 0.010842 -0.878002
1642516777.209235 1.062629 1.382157 0.029242 -0.194681 -0.440902 0.022985 -0.875886
1642516777.217568 1.066360 1.384258 0.027408 -0.193303 -0.445125 0.034965 -0.873656
1642516777.225902 1.069834 1.386227 0.025544 -0.192062 -0.449185 0.046798 -0.871295
1642516777.234235 1.073078 1.388129 0.023704 -0.190951 -0.452705 0.058391 -0.869015
1642516777.242568 1.076049 1.389911 0.021858 -0.189723 -0.455435 0.069640 -0.867026
1642516777.250902 1.078689 1.391535 0.019989 -0.188359 -0.458013 0.080766 -0.864998
1642516777.259235 1.081022 1.393080 0.018162 -0.187074 -0.460447 0.091889 -0.862872
1642516777.267568 1.083065 1.394571 0.016389 -0.185766 -0.462548 0.102872 -0.860789
1642516777.275902 1.084815 1.396002 0.014685 -0.184651 -0.464875 0.114083 -0.858359
1642516777.284235 1.086266 1.397380 0.013065 -0.183622 -0.466678 0.124994 -0.856079
1642516777.292568 1.087397 1.398664 0.011518 -0.182491 -0.467508 0.135028 -0.854342
1642516777.300902 1.088184 1.399847 0.010056 -0.181309 -0.468482 0.145103 -0.852407
1642516777.309235 1.088668 1.400988 0.008705 -0.180322 -0.469529 0.155202 -0.850258
1642516777.317568 1.088839 1.402074 0.007467 -0.179385 -0.469820 0.164657 -0.848515
1642516777.325902 1.088691 1.403121 0.006356 -0.178594 -0.469886 0.173662 -0.846849
1642516777.334235 1.088266 1.404039 0.005336 -0.177939 -0.469864 0.182311 -0.845180
1642516777.342568 1.087515 1.404892 0.004411 -0.177365 -0.469862 0.190459 -0.843502
1642516777.350902 1.086454 1.405723 0.003613 -0.177333 -0.470727 0.198891 -0.841078
1642516777.359235 1.085157 1.406349 0.002871 -0.176955 -0.470037 0.206431 -0.839725
1642516777.367568 1.083551 1.406886 0.002226 -0.176613 -0.469168 0.213696 -0.838465
1642516777.375902 1.081624 1.407379 0.001626 -0.176304 -0.468309 0.220477 -0.837254
1642516777.384235 1.079406 1.407745 0.001084 -0.175848 -0.466894 0.226632 -0.836496
1642516777.392568 1.076921 1.407977 0.000578 -0.175539 -0.465689 0.232821 -0.835532
1642516777.400902 1.074077 1.408250 0.000202 -0.175257 -0.465324 0.239470 -0.833914
1642516777.409235 1.070962 1.408426 -0.000131 -0.174972 -0.465031 0.245784 -0.832299
1642516777.417568 1.067642 1.408392 -0.000518 -0.175281 -0.464605 0.251211 -0.830850
1642516777.425902 1.064044 1.408239 -0.000863 -0.175686 -0.464290 0.256452 -0.829338
1642516777.434235 1.060143 1.407982 -0.001163 -0.176512 -0.463894 0.261692 -0.827746
1642516777.442568 1.055960 1.407636 -0.001399 -0.177510 -0.463485 0.266908 -0.826095
1642516777.450902 1.051558 1.407227 -0.001557 -0.178280 -0.463072 0.271724 -0.824589
1642516777.459235 1.046904 1.406751 -0.001641 -0.179267 -0.462642 0.276266 -0.823106
1642516777.467568 1.041988 1.406214 -0.001631 -0.180395 -0.461992 0.280460 -0.821805
1642516777.475902 1.036807 1.405623 -0.001530 -0.181622 -0.461069 0.284284 -0.820738
1642516777.484235 1.031358 1.404974 -0.001334 -0.182918 -0.459966 0.287867 -0.819820
1642516777.492568 1.025641 1.404276 -0.001051 -0.184138 -0.458662 0.291324 -0.819056
1642516777.500902 1.019645 1.403500 -0.000690 -0.185275 -0.457146 0.294584 -0.818481
1642516777.509235 1.013410 1.402692 -0.000262 -0.186411 -0.455360 0.297678 -0.818099
1642516777.517568 1.006962 1.401907 0.000257 -0.187449 -0.453196 0.300604 -0.817994
1642516777.525902 1.000285 1.401077 0.000893 -0.188328 -0.450826 0.303405 -0.818067
1642516777.534235 0.993328 1.400257 0.001648 -0.189085 -0.448250 0.306196 -0.818268
1642516777.542568 0.986085 1.399480 0.002550 -0.189725 -0.445019 0.308422 -0.819047
1642516777.550902 0.978633 1.398738 0.003591 -0.190451 -0.441020 0.310154 -0.820387
1642516777.559235 0.970906 1.398037 0.004787 -0.191265 -0.436480 0.311437 -0.822137
1642516777.567568 0.962910 1.397385 0.006137 -0.192218 -0.431525 0.312224 -0.824229
1642516777.575902 0.954671 1.396853 0.007643 -0.193370 -0.426390 0.312584 -0.826493
1642516777.584235 0.946151 1.396352 0.009294 -0.194587 -0.420641 0.312346 -0.829239
1642516777.592568 0.937311 1.395791 0.011054 -0.195826 -0.414267 0.311560 -0.832446
1642516777.600902 0.928205 1.395320 0.012911 -0.197279 -0.407986 0.310409 -0.835628
1642516777.609235 0.918816 1.394878 0.014894 -0.198440 -0.401680 0.309254 -0.838830
1642516777.617568 0.909154 1.394450 0.016954 -0.199667 -0.395423 0.307914 -0.841999
1642516777.625902 0.899222 1.394016 0.019016 -0.201610 -0.388797 0.305599 -0.845458
1642516777.634235 0.889037 1.393599 0.021111 -0.203590 -0.382130 0.302911 -0.848983
1642516777.642568 0.878619 1.393192 0.023203 -0.205615 -0.375667 0.299946 -0.852426
1642516777.650902 0.867981 1.392801 0.025265 -0.207641 -0.369562 0.296833 -0.855687
1642516777.659235 0.857140 1.392423 0.027285 -0.209623 -0.363782 0.293654 -0.858772
1642516777.667568 0.846119 1.392077 0.029257 -0.211494 -0.358106 0.290145 -0.861886
1642516777.675902 0.834915 1.391759 0.031195 -0.212925 -0.351615 0.285963 -0.865595
1642516777.684235 0.823566 1.391404 0.033022 -0.214085 -0.345458 0.282324 -0.868976
1642516777.692568 0.812062 1.391091 0.034781 -0.215462 -0.340166 0.278895 -0.871826
1642516777.700902 0.800375 1.390969 0.036630 -0.216858 -0.333229 0.273325 -0.875914
1642516777.709235 0.788533 1.390855 0.038415 -0.218235 -0.326350 0.267640 -0.879908
1642516777.717568 0.776539 1.390697 0.040043 -0.219449 -0.320792 0.263057 -0.883027
1642516777.725902 0.764469 1.390710 0.041581 -0.220363 -0.314685 0.257576 -0.886605
1642516777.734235 0.752322 1.390700 0.042998 -0.221373 -0.308817 0.252115 -0.889980
1642516777.742568 0.740065 1.390638 0.044344 -0.222560 -0.303374 0.246831 -0.893032
1642516777.750902 0.727746 1.390612 0.045614 -0.223738 -0.297838 0.241249 -0.896121
1642516777.759235 0.715356 1.390698 0.046810 -0.224614 -0.291553 0.234913 -0.899645
1642516777.767568 0.702902 1.390802 0.047901 -0.225419 -0.285278 0.228508 -0.903098
1642516777.775902 0.690420 1.390980 0.048898 -0.226097 -0.278477 0.221678 -0.906747
1642516777.784235 0.677897 1.391144 0.049771 -0.226839 -0.271855 0.215081 -0.910154
1642516777.792568 0.665362 1.391294 0.050537 -0.227586 -0.264941 0.208401 -0.913554
1642516777.800902 0.652803 1.391511 0.051217 -0.227998 -0.257503 0.201389 -0.917143
1642516777.809235 0.640242 1.391722 0.051728 -0.228409 -0.250910 0.195021 -0.920239
1642516777.817568 0.627684 1.391959 0.052135 -0.228709 -0.244071 0.188568 -0.923344
1642516777.825902 0.615156 1.392237 0.052453 -0.228783 -0.236783 0.181893 -0.926557
1642516777.834235 0.602643 1.392538 0.052654 -0.228725 -0.229182 0.175174 -0.929771
1642516777.842568 0.590170 1.392861 0.052727 -0.228617 -0.221592 0.168577 -0.932852
1642516777.850902 0.577749 1.393191 0.052662 -0.228252 -0.213687 0.161938 -0.935957
1642516777.859235 0.565360 1.393587 0.052488 -0.227644 -0.205340 0.154942 -0.939152
1642516777.867568 0.553019 1.394045 0.052180 -0.226970 -0.197236 0.148014 -0.942165
1642516777.875902 0.540734 1.394527 0.051709 -0.225857 -0.188825 0.141089 -0.945213
1642516777.884235 0.528502 1.394956 0.051052 -0.224478 -0.181659 0.135267 -0.947793
1642516777.892568 0.516345 1.395403 0.050249 -0.223558 -0.175431 0.130227 -0.949888
1642516777.900902 0.504295 1.395925 0.049352 -0.222660 -0.167633 0.123938 -0.952345
1642516777.909235 0.492296 1.396457 0.048413 -0.221399 -0.159870 0.117841 -0.954745
1642516777.917568 0.480377 1.397039 0.047446 -0.220154 -0.151698 0.111508 -0.957124
1642516777.925902 0.468604 1.397537 0.046302 -0.219201 -0.143109 0.104455 -0.959458
1642516777.934235 0.456892 1.398098 0.045179 -0.218036 -0.131921 0.095566 -0.962250
1642516777.942568 0.445320 1.398615 0.043939 -0.216899 -0.120916 0.086976 -0.964764
1642516777.950902 0.433899 1.398985 0.042483 -0.216316 -0.113448 0.081246 -0.966300
1642516777.959235 0.422505 1.399398 0.041063 -0.215543 -0.104302 0.074260 -0.968064
1642516777.967568 0.411213 1.399750 0.039543 -0.214583 -0.094958 0.067122 -0.969759
1642516777.975902 0.400053 1.400037 0.037918 -0.213514 -0.085180 0.059821 -0.971379
1642516777.984235 0.389007 1.400272 0.036186 -0.212474 -0.075536 0.052410 -0.972832
1642516777.992568 0.378051 1.400456 0.034377 -0.211619 -0.066416 0.045126 -0.974048
1642516778.000902 0.367208 1.400545 0.032484 -0.210647 -0.056703 0.037578 -0.975193
1642516778.009235 0.356482 1.400536 0.030506 -0.209586 -0.046477 0.029764 -0.976231
1642516778.017568 0.345866 1.400409 0.028449 -0.208462 -0.036041 0.021840 -0.977122
1642516778.025902 0.335374 1.400160 0.026309 -0.207391 -0.025329 0.013767 -0.977833
1642516778.034235 0.325034 1.399783 0.024105 -0.206373 -0.014447 0.005716 -0.978350
1642516778.042568 0.314879 1.399270 0.021834 -0.205440 -0.003647 -0.002312 -0.978660
1642516778.050902 0.304915 1.398614 0.019476 -0.204569 0.007030 -0.010395 -0.978772
1642516778.059235 0.295196 1.397820 0.017029 -0.203616 0.017969 -0.018426 -0.978712
1642516778.067568 0.285716 1.396914 0.014515 -0.202469 0.029281 -0.026774 -0.978485
1642516778.075902 0.276434 1.395871 0.011921 -0.201335 0.039996 -0.035222 -0.978072
1642516778.084235 0.267408 1.394645 0.009218 -0.200390 0.049616 -0.043053 -0.977511
1642516778.092568 0.258598 1.393297 0.006447 -0.199348 0.059169 -0.051156 -0.976802
1642516778.100902 0.249974 1.391892 0.003642 -0.198002 0.069378 -0.060033 -0.975899
1642516778.109235 0.241636 1.390310 0.000760 -0.196831 0.078723 -0.068477 -0.974870
1642516778.117568 0.233591 1.388554 -0.002179 -0.195964 0.087176 -0.076582 -0.973722
1642516778.125902 0.225762 1.386739 -0.005121 -0.195504 0.094587 -0.084551 -0.972462
1642516778.134235 0.218257 1.384752 -0.008132 -0.195046 0.101757 -0.092481 -0.971108
1642516778.142568 0.211144 1.382571 -0.011221 -0.193480 0.110567 -0.101095 -0.969598
1642516778.150902 0.204332 1.380246 -0.014366 -0.191638 0.118829 -0.109641 -0.968056
1642516778.159235 0.197738 1.377820 -0.017500 -0.190814 0.125156 -0.117448 -0.966505
1642516778.167568 0.191465 1.375237 -0.020677 -0.189886 0.131522 -0.125500 -0.964829
1642516778.175902 0.185512 1.372557 -0.023870 -0.188497 0.137857 -0.133794 -0.963101
1642516778.184235 0.179844 1.369817 -0.027028 -0.187555 0.143012 -0.141826 -0.961382
1642516778.192568 0.174503 1.366968 -0.030203 -0.186303 0.148157 -0.150012 -0.959603
1642516778.200902 0.169501 1.364038 -0.033351 -0.185023 0.153169 -0.158171 -0.957752
1642516778.209235 0.164835 1.361034 -0.036468 -0.183566 0.158122 -0.166318 -0.955845
1642516778.217568 0.160481 1.357964 -0.039550 -0.182268 0.162374 -0.174260 -0.953964
1642516778.225902 0.156479 1.354835 -0.042560 -0.181054 0.166395 -0.182086 -0.952038
1642516778.234235 0.152817 1.351645 -0.045500 -0.179947 0.170078 -0.189699 -0.950109
1642516778.242568 0.149479 1.348407 -0.048355 -0.178941 0.173620 -0.197145 -0.948140
1642516778.250902 0.146483 1.345132 -0.051116 -0.177995 0.176821 -0.204260 -0.946219
1642516778.259235 0.143831 1.341828 -0.053783 -0.177111 0.179830 -0.211230 -0.944285
1642516778.267568 0.141531 1.338476 -0.056347 -0.176513 0.182756 -0.218204 -0.942247
1642516778.275902 0.139616 1.335055 -0.058799 -0.176172 0.185188 -0.224528 -0.940349
1642516778.284235 0.138016 1.331652 -0.061118 -0.175680 0.187709 -0.230431 -0.938511
1642516778.292568 0.136728 1.328249 -0.063326 -0.175234 0.190446 -0.236399 -0.936557
1642516778.300902 0.135770 1.324837 -0.065428 -0.174978 0.192798 -0.242369 -0.934596
1642516778.309235 0.135158 1.321417 -0.067378 -0.174973 0.194976 -0.248123 -0.932633
1642516778.317568 0.134853 1.317992 -0.069177 -0.175186 0.197159 -0.253474 -0.930693
1642516778.325902 0.134858 1.314610 -0.070786 -0.175215 0.199176 -0.258434 -0.928892
1642516778.334235 0.135202 1.311286 -0.072219 -0.175080 0.200734 -0.263011 -0.927296
1642516778.342568 0.135922 1.307991 -0.073490 -0.175435 0.201719 -0.267357 -0.925771
1642516778.350902 0.136970 1.304776 -0.074534 -0.175885 0.202682 -0.271520 -0.924263
1642516778.359235 0.138357 1.301668 -0.075358 -0.176377 0.203753 -0.275653 -0.922709
1642516778.367568 0.140103 1.298618 -0.075977 -0.177048 0.204381 -0.279356 -0.921327
1642516778.375902 0.142173 1.295641 -0.076369 -0.177893 0.204605 -0.282746 -0.920079
1642516778.384235 0.144567 1.292756 -0.076532 -0.178761 0.204641 -0.286089 -0.918869
1642516778.392568 0.147369 1.289940 -0.076445 -0.179933 0.203786 -0.288769 -0.917991
1642516778.400902 0.150517 1.287232 -0.076103 -0.181365 0.202214 -0.291060 -0.917333
1642516778.409235 0.153952 1.284675 -0.075507 -0.182749 0.200670 -0.293621 -0.916581
1642516778.417568 0.157778 1.282221 -0.074627 -0.184312 0.198321 -0.295577 -0.916151
1642516778.425902 0.161966 1.279910 -0.073467 -0.186049 0.195120 -0.296954 -0.916042
1642516778.434235 0.166489 1.277786 -0.072037 -0.187738 0.191586 -0.298278 -0.916013
1642516778.442568 0.171368 1.275815 -0.070351 -0.189455 0.187452 -0.299295 -0.916183
1642516778.450902 0.176647 1.273965 -0.068415 -0.191578 0.182309 -0.299600 -0.916680
1642516778.459235 0.182246 1.272310 -0.066230 -0.194000 0.176673 -0.299908 -0.917173
1642516778.467568 0.188171 1.270850 -0.063757 -0.196116 0.170541 -0.299988 -0.917857
1642516778.475902 0.194454 1.269565 -0.061057 -0.198082 0.164579 -0.300033 -0.918508
1642516778.484235 0.201115 1.268419 -0.058110 -0.200351 0.158061 -0.299451 -0.919351
1642516778.492568 0.208096 1.267464 -0.054903 -0.203063 0.150782 -0.298230 -0.920374
1642516778.500902 0.215374 1.266731 -0.051490 -0.205965 0.143303 -0.296769 -0.921396
1642516778.509235 0.222988 1.266171 -0.047933 -0.208732 0.135927 -0.295049 -0.922443
1642516778.517568 0.230933 1.265766 -0.044238 -0.211685 0.128516 -0.293002 -0.923484
1642516778.525902 0.239192 1.265549 -0.040395 -0.214779 0.120619 -0.290471 -0.924634
1642516778.534235 0.247773 1.265510 -0.036433 -0.217839 0.112772 -0.287647 -0.925791
1642516778.542568 0.256622 1.265673 -0.032362 -0.220963 0.104727 -0.284697 -0.926906
1642516778.550902 0.265786 1.266003 -0.028203 -0.224279 0.096330 -0.281148 -0.928103
1642516778.559235 0.275336 1.266485 -0.023985 -0.227350 0.089003 -0.277241 -0.929262
1642516778.567568 0.285166 1.267137 -0.019738 -0.230323 0.081890 -0.273286 -0.930355
1642516778.575902 0.295338 1.267912 -0.015477 -0.233328 0.074259 -0.268414 -0.931664
1642516778.584235 0.305717 1.268884 -0.011223 -0.236313 0.066377 -0.263549 -0.932894
1642516778.592568 0.316331 1.270027 -0.006989 -0.239234 0.058034 -0.258365 -0.934156
1642516778.600902 0.327224 1.271312 -0.002827 -0.241787 0.050423 -0.253141 -0.935370
1642516778.609235 0.338356 1.272736 0.001254 -0.244212 0.042698 -0.247800 -0.936554
1642516778.617568 0.349675 1.274343 0.005283 -0.246267 0.034416 -0.242178 -0.937826
1642516778.625902 0.361207 1.276093 0.009232 -0.247958 0.025961 -0.236471 -0.939108
1642516778.634235 0.373024 1.277900 0.013027 -0.249990 0.017314 -0.230676 -0.940209
1642516778.642568 0.385068 1.279814 0.016690 -0.251628 0.008928 -0.224874 -0.941294
1642516778.650902 0.397315 1.281822 0.020199 -0.253009 0.000507 -0.219026 -0.942345
1642516778.659235 0.409731 1.283919 0.023554 -0.254393 -0.008623 -0.212932 -0.943329
1642516778.667568 0.422319 1.286087 0.026729 -0.255582 -0.017792 -0.206933 -0.944214
1642516778.675902 0.434997 1.288369 0.029761 -0.256731 -0.027650 -0.200844 -0.944979
1642516778.684235 0.447786 1.290714 0.032623 -0.257843 -0.037971 -0.194663 -0.945612
1642516778.692568 0.460748 1.293071 0.035253 -0.258674 -0.048584 -0.188127 -0.946222
1642516778.700902 0.473832 1.295466 0.037690 -0.259324 -0.059450 -0.181503 -0.946717
1642516778.709235 0.486958 1.297976 0.039995 -0.259851 -0.069324 -0.175735 -0.946989
1642516778.717568 0.500161 1.300525 0.042114 -0.260332 -0.079280 -0.169978 -0.947127
1642516778.725902 0.513396 1.303117 0.044047 -0.260802 -0.089014 -0.164663 -0.947072
1642516778.734235 0.526645 1.305732 0.045768 -0.261139 -0.098856 -0.159562 -0.946876
1642516778.742568 0.539972 1.308318 0.047267 -0.261355 -0.109243 -0.153984 -0.946598
1642516778.750902 0.553292 1.310932 0.048604 -0.261547 -0.119634 -0.148460 -0.946172
1642516778.759235 0.566586 1.313545 0.049748 -0.261693 -0.129961 -0.143042 -0.945604
1642516778.767568 0.579833 1.316150 0.050714 -0.261626 -0.140092 -0.137605 -0.944982
1642516778.775902 0.593070 1.318692 0.051483 -0.261428 -0.149306 -0.132892 -0.944300
1642516778.784235 0.606254 1.321186 0.052070 -0.261247 -0.157884 -0.128896 -0.943509
1642516778.792568 0.619263 1.323740 0.052515 -0.261084 -0.166724 -0.124455 -0.942629
1642516778.800902 0.632139 1.326348 0.052809 -0.260707 -0.175935 -0.119691 -0.941675
1642516778.809235 0.644936 1.328923 0.052941 -0.260268 -0.185430 -0.115120 -0.940544
1642516778.817568 0.657629 1.331441 0.052923 -0.259688 -0.194048 -0.110981 -0.939463
1642516778.825902 0.670223 1.333947 0.052757 -0.259010 -0.202309 -0.107092 -0.938358
1642516778.834235 0.682615 1.336475 0.052479 -0.258341 -0.210931 -0.103375 -0.937060
1642516778.842568 0.694806 1.338993 0.052091 -0.257585 -0.220285 -0.099803 -0.935502
1642516778.850902 0.706925 1.341462 0.051530 -0.256699 -0.229212 -0.096378 -0.933959
1642516778.859235 0.718841 1.343925 0.050831 -0.255814 -0.238585 -0.093135 -0.932181
1642516778.867568 0.730611 1.346349 0.049960 -0.254692 -0.246848 -0.090599 -0.930586
1642516778.875902 0.742259 1.348721 0.048967 -0.253532 -0.255162 -0.088232 -0.928886
1642516778.884235 0.753708 1.351087 0.047872 -0.252464 -0.264557 -0.085549 -0.926797
1642516778.892568 0.764892 1.353520 0.046698 -0.251515 -0.272929 -0.083313 -0.924829
1642516778.900902 0.775835 1.356019 0.045462 -0.250148 -0.281024 -0.081115 -0.922969
1642516778.909235 0.786580 1.358520 0.044053 -0.249141 -0.289207 -0.079271 -0.920872
1642516778.917568 0.797155 1.360988 0.042422 -0.248808 -0.297127 -0.078333 -0.918517
1642516778.925902 0.807445 1.363522 0.040750 -0.247801 -0.305048 -0.076847 -0.916316
1642516778.934235 0.817449 1.366089 0.038975 -0.246913 -0.313563 -0.075221 -0.913813
1642516778.942568 0.827262 1.368631 0.037055 -0.245853 -0.321102 -0.073859 -0.911589
1642516778.950902 0.836804 1.371224 0.035069 -0.244590 -0.328439 -0.072044 -0.909458
1642516778.959235 0.846008 1.373857 0.033012 -0.243608 -0.336687 -0.070016 -0.906860
1642516778.967568 0.854994 1.376454 0.030813 -0.242854 -0.344062 -0.068348 -0.904418
1642516778.975902 0.863696 1.379126 0.028542 -0.241546 -0.349859 -0.066287 -0.902696
1642516778.984235 0.872054 1.381777 0.026133 -0.240966 -0.355621 -0.065399 -0.900662
1642516778.992568 0.880008 1.384447 0.023627 -0.240105 -0.361932 -0.064043 -0.898473
1642516779.000902 0.887694 1.387151 0.021069 -0.238753 -0.366894 -0.061926 -0.896968
1642516779.009235 0.895132 1.389764 0.018312 -0.238076 -0.371705 -0.060430 -0.895267
1642516779.017568 0.902245 1.392357 0.015447 -0.237528 -0.376020 -0.059151 -0.893695
1642516779.025902 0.908999 1.394954 0.012505 -0.236451 -0.379540 -0.057393 -0.892607
1642516779.034235 0.915434 1.397500 0.009427 -0.234849 -0.382994 -0.054495 -0.891736
1642516779.042568 0.921480 1.400044 0.006269 -0.233445 -0.386323 -0.051889 -0.890823
1642516779.050902 0.927199 1.402511 0.002965 -0.232497 -0.389282 -0.050137 -0.889882
1642516779.059235 0.932510 1.404963 -0.000393 -0.231119 -0.391979 -0.047782 -0.889187
1642516779.067568 0.937464 1.407358 -0.003832 -0.229707 -0.394383 -0.045370 -0.888616
1642516779.075902 0.942050 1.409687 -0.007353 -0.228232 -0.396388 -0.043095 -0.888217
1642516779.084235 0.946266 1.411953 -0.010944 -0.226602 -0.398249 -0.040899 -0.887906
1642516779.092568 0.950113 1.414151 -0.014589 -0.224912 -0.399975 -0.038822 -0.887653
1642516779.100902 0.953604 1.416272 -0.018271 -0.223218 -0.401461 -0.036841 -0.887494
1642516779.109235 0.956730 1.418326 -0.021980 -0.221556 -0.402740 -0.035037 -0.887404
1642516779.117568 0.959509 1.420305 -0.025710 -0.219832 -0.404062 -0.033319 -0.887298
1642516779.125902 0.961976 1.422184 -0.029439 -0.218053 -0.405294 -0.031737 -0.887233
1642516779.134235 0.964077 1.424000 -0.033161 -0.216234 -0.406503 -0.030420 -0.887171
1642516779.142568 0.965853 1.425731 -0.036867 -0.214291 -0.407792 -0.029283 -0.887089
1642516779.150902 0.967325 1.427372 -0.040546 -0.212232 -0.409328 -0.028321 -0.886908
1642516779.159235 0.968493 1.428922 -0.044169 -0.210073 -0.410791 -0.027651 -0.886767
1642516779.167568 0.969384 1.430385 -0.047721 -0.207796 -0.412336 -0.027184 -0.886601
1642516779.175902 0.969979 1.431792 -0.051181 -0.205520 -0.414215 -0.026776 -0.886268
1642516779.184235 0.970294 1.433141 -0.054551 -0.203401 -0.416571 -0.026449 -0.885662
1642516779.192568 0.970410 1.434350 -0.057833 -0.201118 -0.418645 -0.026485 -0.885204
1642516779.200902 0.970313 1.435476 -0.061002 -0.198881 -0.420708 -0.026675 -0.884726
1642516779.209235 0.970031 1.436517 -0.064058 -0.196729 -0.422850 -0.026963 -0.884177
1642516779.217568 0.969583 1.437462 -0.066978 -0.194559 -0.424962 -0.027272 -0.883635
1642516779.225902 0.968986 1.438313 -0.069735 -0.192350 -0.426700 -0.027765 -0.883266
1642516779.234235 0.968258 1.439098 -0.072344 -0.189965 -0.428509 -0.028183 -0.882893
1642516779.242568 0.967414 1.439802 -0.074769 -0.187529 -0.430112 -0.028638 -0.882619
1642516779.250902 0.966480 1.440416 -0.076974 -0.185135 -0.431388 -0.029334 -0.882479
1642516779.259235 0.965467 1.440967 -0.078974 -0.182835 -0.432734 -0.030001 -0.882277
1642516779.267568 0.964398 1.441463 -0.080751 -0.180497 -0.433820 -0.030851 -0.882196
1642516779.275902 0.963274 1.441920 -0.082292 -0.178206 -0.435089 -0.031703 -0.882006
1642516779.284235 0.962082 1.442353 -0.083578 -0.175903 -0.436907 -0.032305 -0.881548
1642516779.292568 0.960872 1.442684 -0.084622 -0.173536 -0.438219 -0.033222 -0.881332
1642516779.300902 0.959664 1.442971 -0.085397 -0.170804 -0.439563 -0.034235 -0.881158
1642516779.309235 0.958478 1.443220 -0.085907 -0.167945 -0.440786 -0.035126 -0.881061
1642516779.317568 0.957290 1.443400 -0.086169 -0.165300 -0.441774 -0.035808 -0.881039
1642516779.325902 0.956139 1.443508 -0.086152 -0.162596 -0.442757 -0.036173 -0.881034
1642516779.334235 0.955023 1.443486 -0.085916 -0.160514 -0.443004 -0.036684 -0.881270
1642516779.342568 0.953949 1.443372 -0.085428 -0.158593 -0.442901 -0.037137 -0.881651
1642516779.350902 0.952862 1.443218 -0.084637 -0.157114 -0.443264 -0.036952 -0.881741
1642516779.359235 0.951803 1.442966 -0.083552 -0.156016 -0.443214 -0.036741 -0.881970
1642516779.367568 0.950742 1.442628 -0.082162 -0.155355 -0.442864 -0.036448 -0.882274
1642516779.375902 0.949694 1.442178 -0.080481 -0.155156 -0.442220 -0.036164 -0.882644
1642516779.384235 0.948654 1.441630 -0.078542 -0.155382 -0.441387 -0.035850 -0.883034
1642516779.392568 0.947584 1.440973 -0.076337 -0.156397 -0.440188 -0.035509 -0.883467
1642516779.400902 0.946538 1.440156 -0.073862 -0.158056 -0.438471 -0.035156 -0.884039
1642516779.409235 0.945423 1.439261 -0.071090 -0.160225 -0.437072 -0.034382 -0.884372
1642516779.417568 0.944269 1.438230 -0.068047 -0.163045 -0.435427 -0.033448 -0.884704
1642516779.425902 0.943156 1.437023 -0.064757 -0.165354 -0.433007 -0.032910 -0.885483
1642516779.434235 0.941994 1.435653 -0.061227 -0.167920 -0.430248 -0.032331 -0.886366
1642516779.442568 0.940804 1.434052 -0.057512 -0.170505 -0.427642 -0.031172 -0.887175
1642516779.450902 0.939551 1.432290 -0.053607 -0.173237 -0.424400 -0.030475 -0.888226
1642516779.459235 0.938185 1.430412 -0.049444 -0.176721 -0.419738 -0.031066 -0.889733
1642516779.467568 0.936723 1.428301 -0.045160 -0.180538 -0.416084 -0.030119 -0.890715
1642516779.475902 0.935121 1.426027 -0.040709 -0.184788 -0.412250 -0.028989 -0.891663
1642516779.484235 0.933441 1.423552 -0.036092 -0.189221 -0.408189 -0.028179 -0.892627
1642516779.492568 0.931634 1.420922 -0.031356 -0.193990 -0.404085 -0.027354 -0.893496
1642516779.500902 0.929679 1.418133 -0.026542 -0.199022 -0.399941 -0.026448 -0.894281
1642516779.509235 0.927539 1.415215 -0.021657 -0.204183 -0.396196 -0.025249 -0.894819
1642516779.517568 0.925218 1.412160 -0.016727 -0.209332 -0.392396 -0.024046 -0.895336
1642516779.525902 0.922768 1.408912 -0.011826 -0.214375 -0.387672 -0.023200 -0.896223
1642516779.534235 0.920106 1.405544 -0.006934 -0.219427 -0.383011 -0.022438 -0.897023
1642516779.542568 0.917187 1.402095 -0.002074 -0.224543 -0.379050 -0.021601 -0.897461
1642516779.550902 0.914080 1.398515 0.002693 -0.229889 -0.374957 -0.020714 -0.897847
1642516779.559235 0.910740 1.394840 0.007431 -0.235325 -0.370736 -0.019932 -0.898209
1642516779.567568 0.907234 1.391158 0.012112 -0.240048 -0.366098 -0.019542 -0.898870
1642516779.575902 0.903566 1.387468 0.016666 -0.244811 -0.360391 -0.019693 -0.899888
1642516779.584235 0.899566 1.383745 0.021149 -0.249608 -0.355521 -0.019953 -0.900501
1642516779.592568 0.895264 1.379968 0.025431 -0.254125 -0.352522 -0.019390 -0.900429
1642516779.600902 0.890774 1.376207 0.029541 -0.258593 -0.349352 -0.019000 -0.900401
1642516779.609235 0.885990 1.372488 0.033498 -0.262983 -0.346124 -0.019038 -0.900375
1642516779.617568 0.880964 1.368757 0.037254 -0.267365 -0.343072 -0.019072 -0.900252
1642516779.625902 0.875692 1.365063 0.040829 -0.271686 -0.340077 -0.019235 -0.900091
1642516779.634235 0.870161 1.361446 0.044238 -0.276100 -0.336896 -0.019749 -0.899933
1642516779.642568 0.864368 1.357865 0.047425 -0.280522 -0.333987 -0.020148 -0.899641
1642516779.650902 0.858329 1.354399 0.050359 -0.284802 -0.330996 -0.020675 -0.899390
1642516779.659235 0.852079 1.351089 0.053012 -0.288935 -0.327916 -0.021203 -0.899187
1642516779.667568 0.845537 1.347853 0.055378 -0.292773 -0.325174 -0.021425 -0.898937
1642516779.675902 0.838741 1.344775 0.057457 -0.296229 -0.322147 -0.021785 -0.898886
1642516779.684235 0.831680 1.341875 0.059257 -0.299390 -0.318836 -0.022296 -0.899006
1642516779.692568 0.824368 1.339118 0.060767 -0.302090 -0.315713 -0.022449 -0.899201
1642516779.700902 0.816810 1.336525 0.062012 -0.304306 -0.312384 -0.022533 -0.899615
1642516779.709235 0.808987 1.334121 0.063027 -0.306094 -0.308700 -0.022724 -0.900275
1642516779.717568 0.800932 1.331881 0.063784 -0.307496 -0.305175 -0.022519 -0.901004
1642516779.725902 0.792618 1.329865 0.064348 -0.308446 -0.300877 -0.022653 -0.902120
1642516779.734235 0.784063 1.328036 0.064711 -0.309034 -0.296161 -0.023028 -0.903469
1642516779.742568 0.775350 1.326290 0.064783 -0.309304 -0.292418 -0.022692 -0.904604
1642516779.750902 0.766371 1.324798 0.064719 -0.309160 -0.287835 -0.022824 -0.906118
1642516779.759235 0.757172 1.323502 0.064507 -0.308504 -0.283135 -0.022897 -0.907819
1642516779.767568 0.747750 1.322437 0.064144 -0.307579 -0.278297 -0.022829 -0.909629
1642516779.775902 0.738123 1.321599 0.063559 -0.307093 -0.273214 -0.022823 -0.911333
1642516779.784235 0.728350 1.320937 0.062811 -0.306633 -0.268055 -0.023168 -0.913009
1642516779.792568 0.718456 1.320475 0.061943 -0.305967 -0.262522 -0.024249 -0.914811
1642516779.800902 0.708406 1.320227 0.060968 -0.305142 -0.256941 -0.025307 -0.916640
1642516779.809235 0.698227 1.320205 0.059868 -0.304109 -0.251086 -0.026640 -0.918566
1642516779.817568 0.687991 1.320318 0.058563 -0.303003 -0.245801 -0.027710 -0.920328
1642516779.825902 0.677712 1.320570 0.057144 -0.301837 -0.240330 -0.028927 -0.922117
1642516779.834235 0.667396 1.320966 0.055576 -0.300574 -0.234657 -0.030330 -0.923943
1642516779.842568 0.657015 1.321545 0.053846 -0.299285 -0.229825 -0.031615 -0.925532
1642516779.850902 0.646595 1.322300 0.051919 -0.297898 -0.224964 -0.032981 -0.927125
1642516779.859235 0.636165 1.323204 0.049817 -0.296451 -0.220279 -0.034379 -0.928661
1642516779.867568 0.625692 1.324298 0.047594 -0.294916 -0.215479 -0.036029 -0.930212
1642516779.875902 0.615234 1.325540 0.045195 -0.293342 -0.210648 -0.037758 -0.931747
1642516779.884235 0.604828 1.326877 0.042621 -0.291751 -0.205498 -0.039534 -0.933321
1642516779.892568 0.594408 1.328354 0.039883 -0.290222 -0.200555 -0.041198 -0.934800
1642516779.900902 0.584052 1.329947 0.036967 -0.288559 -0.195483 -0.042938 -0.936310
1642516779.909235 0.573786 1.331594 0.033882 -0.286870 -0.189919 -0.044807 -0.937885
1642516779.917568 0.563560 1.333353 0.030641 -0.285068 -0.184645 -0.046510 -0.939404
1642516779.925902 0.553410 1.335198 0.027241 -0.283220 -0.179228 -0.048332 -0.940919
1642516779.934235 0.543298 1.337128 0.023696 -0.281397 -0.174254 -0.049968 -0.942314
1642516779.942568 0.533304 1.339111 0.020004 -0.279384 -0.168510 -0.051730 -0.943861
1642516779.950902 0.523506 1.341116 0.016172 -0.276910 -0.161436 -0.053721 -0.945713
1642516779.959235 0.513719 1.343200 0.012248 -0.274726 -0.155770 -0.055273 -0.947210
1642516779.967568 0.504068 1.345309 0.008233 -0.272451 -0.149607 -0.056627 -0.948779
1642516779.975902 0.494547 1.347426 0.004139 -0.270175 -0.143266 -0.057824 -0.950335
1642516779.984235 0.485143 1.349529 -0.000050 -0.267747 -0.136365 -0.059088 -0.951958
1642516779.992568 0.475867 1.351617 -0.004321 -0.265127 -0.128947 -0.060304 -0.953648
1642516780.000902 0.466717 1.353722 -0.008599 -0.262694 -0.121765 -0.061163 -0.955209
1642516780.009235 0.457694 1.355809 -0.012913 -0.260217 -0.114345 -0.061915 -0.956754
1642516780.017568 0.448852 1.357793 -0.017346 -0.257661 -0.107849 -0.061640 -0.958217
1642516780.025902 0.440166 1.359725 -0.021812 -0.254987 -0.101546 -0.060941 -0.959665
1642516780.034235 0.431551 1.361719 -0.026194 -0.252139 -0.093131 -0.061683 -0.961222
1642516780.042568 0.423108 1.363634 -0.030601 -0.249233 -0.085341 -0.061738 -0.962699
1642516780.050902 0.414827 1.365502 -0.035001 -0.246199 -0.077342 -0.061694 -0.964157
1642516780.059235 0.406703 1.367280 -0.039411 -0.242968 -0.069162 -0.061599 -0.965603
1642516780.067568 0.398679 1.369006 -0.043805 -0.239571 -0.061208 -0.061544 -0.966991
1642516780.075902 0.390751 1.370741 -0.048095 -0.236329 -0.053851 -0.061526 -0.968227
1642516780.084235 0.382945 1.372432 -0.052333 -0.232850 -0.046706 -0.061527 -0.969440
1642516780.092568 0.375269 1.374063 -0.056518 -0.229191 -0.039645 -0.061799 -0.970608
1642516780.100902 0.367709 1.375669 -0.060613 -0.225380 -0.032441 -0.062633 -0.971714
1642516780.109235 0.360237 1.377240 -0.064597 -0.221009 -0.025233 -0.063585 -0.972870
1642516780.117568 0.352881 1.378717 -0.068490 -0.216440 -0.019122 -0.064089 -0.974002
1642516780.125902 0.345661 1.380137 -0.072303 -0.212516 -0.013474 -0.065277 -0.974882
1642516780.134235 0.338524 1.381485 -0.075991 -0.208517 -0.008124 -0.066531 -0.975719
1642516780.142568 0.331454 1.382759 -0.079543 -0.204433 -0.003018 -0.067838 -0.976522
1642516780.150902 0.324453 1.383964 -0.082947 -0.200264 0.001687 -0.069182 -0.977295
1642516780.159235 0.317512 1.385091 -0.086195 -0.196205 0.006195 -0.070670 -0.977993
1642516780.167568 0.310629 1.386122 -0.089303 -0.192067 0.010693 -0.072392 -0.978650
1642516780.175902 0.303768 1.387096 -0.092222 -0.188228 0.014510 -0.074191 -0.979212
1642516780.184235 0.296950 1.387984 -0.094967 -0.184676 0.017739 -0.075885 -0.979705
1642516780.192568 0.290298 1.388668 -0.097586 -0.180427 0.022674 -0.077967 -0.980231
1642516780.200902 0.283696 1.389255 -0.100014 -0.176162 0.028529 -0.080720 -0.980631
1642516780.209235 0.277109 1.389758 -0.102225 -0.172715 0.032815 -0.082810 -0.980936
1642516780.217568 0.270594 1.390154 -0.104214 -0.168956 0.038977 -0.086027 -0.981088
1642516780.225902 0.264106 1.390439 -0.105997 -0.166174 0.042709 -0.088032 -0.981230
1642516780.234235 0.257741 1.390540 -0.107578 -0.163125 0.047620 -0.090390 -0.981301
1642516780.242568 0.251464 1.390471 -0.108937 -0.160118 0.053210 -0.093002 -0.981265
1642516780.250902 0.245276 1.390237 -0.110084 -0.157208 0.059097 -0.095916 -0.981118
1642516780.259235 0.239109 1.389894 -0.110992 -0.155026 0.063846 -0.098658 -0.980896
1642516780.267568 0.233026 1.389427 -0.111656 -0.153252 0.068455 -0.101564 -0.980568
1642516780.275902 0.227019 1.388840 -0.112076 -0.151831 0.072839 -0.104660 -0.980147
1642516780.284235 0.221102 1.388129 -0.112256 -0.150788 0.076962 -0.107921 -0.979639
1642516780.292568 0.215294 1.387276 -0.112227 -0.150075 0.080965 -0.111423 -0.979034
1642516780.300902 0.209610 1.386285 -0.111979 -0.149862 0.084586 -0.114877 -0.978361
1642516780.309235 0.204074 1.385139 -0.111509 -0.149994 0.087952 -0.118233 -0.977644
1642516780.317568 0.198610 1.383934 -0.110793 -0.150499 0.091077 -0.121722 -0.976852
1642516780.325902 0.193325 1.382569 -0.109866 -0.151658 0.093339 -0.124810 -0.976069
1642516780.334235 0.188225 1.381077 -0.108768 -0.152696 0.096308 -0.128190 -0.975180
1642516780.342568 0.183306 1.379485 -0.107492 -0.154040 0.099154 -0.131542 -0.974237
1642516780.350902 0.178603 1.377803 -0.106048 -0.155640 0.101781 -0.134837 -0.973260
1642516780.359235 0.174132 1.376017 -0.104465 -0.157485 0.104270 -0.138083 -0.972244
1642516780.367568 0.169917 1.374146 -0.102773 -0.159328 0.106846 -0.141315 -0.971200
1642516780.375902 0.165889 1.372292 -0.100939 -0.161449 0.109021 -0.144408 -0.970152
1642516780.384235 0.162055 1.370456 -0.098956 -0.164456 0.109981 -0.146999 -0.969149
1642516780.392568 0.158574 1.368550 -0.096912 -0.167177 0.112073 -0.149752 -0.968022
1642516780.400902 0.155364 1.366651 -0.094788 -0.170084 0.113959 -0.152272 -0.966901
1642516780.409235 0.152448 1.364758 -0.092619 -0.173248 0.115590 -0.154484 -0.965794
1642516780.417568 0.149847 1.362881 -0.090433 -0.176559 0.117230 -0.156588 -0.964657
1642516780.425902 0.147552 1.361059 -0.088251 -0.179975 0.118705 -0.158472 -0.963538
1642516780.434235 0.145587 1.359297 -0.086073 -0.183440 0.119870 -0.160142 -0.962463
1642516780.442568 0.143962 1.357617 -0.083924 -0.186962 0.120974 -0.161791 -0.961371
1642516780.450902 0.142674 1.356028 -0.081839 -0.190533 0.121845 -0.163339 -0.960298
1642516780.459235 0.141734 1.354550 -0.079838 -0.193959 0.122573 -0.164818 -0.959266
1642516780.467568 0.141140 1.353214 -0.077928 -0.197292 0.123022 -0.166232 -0.958284
1642516780.475902 0.140909 1.352003 -0.076156 -0.200576 0.123067 -0.167427 -0.957388
1642516780.484235 0.141052 1.350906 -0.074519 -0.203546 0.123027 -0.168523 -0.956574
1642516780.492568 0.141555 1.349999 -0.072981 -0.206359 0.122456 -0.169283 -0.955910
1642516780.500902 0.142435 1.349248 -0.071573 -0.208908 0.121526 -0.169753 -0.955392
1642516780.509235 0.143685 1.348663 -0.070301 -0.211215 0.120236 -0.170022 -0.955000
1642516780.517568 0.145294 1.348248 -0.069176 -0.213210 0.118594 -0.170068 -0.954753
1642516780.525902 0.147249 1.348008 -0.068193 -0.214980 0.116393 -0.169929 -0.954652
1642516780.534235 0.149530 1.347949 -0.067367 -0.216422 0.113962 -0.169816 -0.954640
1642516780.542568 0.152149 1.348055 -0.066702 -0.217336 0.111919 -0.169830 -0.954671
1642516780.550902 0.155102 1.348341 -0.066183 -0.217890 0.110071 -0.169787 -0.954768
1642516780.559235 0.158282 1.348850 -0.065776 -0.218528 0.106904 -0.169417 -0.955047
1642516780.567568 0.161757 1.349544 -0.065486 -0.218911 0.103764 -0.168956 -0.955387
1642516780.575902 0.165485 1.350441 -0.065301 -0.219313 0.100088 -0.168143 -0.955831
1642516780.584235 0.169410 1.351532 -0.065265 -0.219623 0.095389 -0.167098 -0.956423
1642516780.592568 0.173589 1.352782 -0.065387 -0.219241 0.091439 -0.166306 -0.957034
1642516780.600902 0.177985 1.354201 -0.065639 -0.218616 0.087403 -0.165448 -0.957703
1642516780.609235 0.182568 1.355774 -0.066014 -0.217969 0.082840 -0.164508 -0.958418
1642516780.617568 0.187343 1.357502 -0.066513 -0.217178 0.078012 -0.163584 -0.959160
1642516780.625902 0.192349 1.359372 -0.067143 -0.215997 0.074059 -0.162903 -0.959856
1642516780.634235 0.197549 1.361385 -0.067898 -0.214647 0.070012 -0.162221 -0.960578
1642516780.642568 0.202937 1.363534 -0.068780 -0.213120 0.065911 -0.161632 -0.961307
1642516780.650902 0.208509 1.365804 -0.069794 -0.211514 0.061698 -0.160984 -0.962049
1642516780.659235 0.214290 1.368188 -0.070945 -0.209954 0.057422 -0.160522 -0.962733
1642516780.667568 0.220244 1.370700 -0.072214 -0.208278 0.053168 -0.160228 -0.963390
1642516780.675902 0.226326 1.373323 -0.073575 -0.206143 0.048858 -0.159552 -0.964189
1642516780.684235 0.232608 1.375998 -0.075059 -0.203931 0.044233 -0.158678 -0.965027
1642516780.692568 0.239044 1.378735 -0.076660 -0.201606 0.039371 -0.157622 -0.965899
1642516780.700902 0.245655 1.381498 -0.078367 -0.199068 0.034347 -0.156511 -0.966797
1642516780.709235 0.252414 1.384284 -0.080180 -0.196390 0.029023 -0.155316 -0.967712
1642516780.717568 0.259217 1.387175 -0.082042 -0.193468 0.023721 -0.154196 -0.968623
1642516780.725902 0.266102 1.390080 -0.083963 -0.190345 0.018381 -0.152992 -0.969549
1642516780.734235 0.273032 1.392996 -0.085905 -0.186976 0.013139 -0.151757 -0.970483
1642516780.742568 0.280018 1.395903 -0.087889 -0.183410 0.007297 -0.150125 -0.971478
1642516780.750902 0.287039 1.398775 -0.089885 -0.179782 0.001154 -0.148284 -0.972465
1642516780.759235 0.294066 1.401624 -0.091820 -0.175999 -0.003778 -0.147096 -0.973331
1642516780.767568 0.301121 1.404406 -0.093715 -0.171912 -0.008317 -0.146058 -0.974189
1642516780.775902 0.308169 1.407149 -0.095529 -0.167983 -0.012966 -0.144876 -0.975000
1642516780.784235 0.315170 1.409847 -0.097220 -0.164358 -0.018738 -0.143214 -0.975769
1642516780.792568 0.322184 1.412437 -0.098828 -0.160385 -0.023865 -0.141750 -0.976532
1642516780.800902 0.329170 1.414940 -0.100316 -0.156326 -0.028925 -0.140343 -0.977256
1642516780.809235 0.336133 1.417362 -0.101658 -0.152314 -0.034206 -0.138908 -0.977924
1642516780.817568 0.343065 1.419699 -0.102836 -0.148284 -0.039691 -0.137242 -0.978571
1642516780.825902 0.349949 1.421950 -0.103834 -0.144089 -0.045123 -0.135503 -0.979204
1642516780.834235 0.356772 1.424113 -0.104633 -0.139916 -0.050409 -0.133945 -0.979766
1642516780.842568 0.363526 1.426169 -0.105223 -0.135920 -0.055577 -0.132566 -0.980236
1642516780.850902 0.370242 1.428101 -0.105590 -0.131897 -0.061021 -0.130954 -0.980679
1642516780.859235 0.376892 1.429916 -0.105721 -0.128182 -0.066439 -0.129360 -0.981031
1642516780.867568 0.383493 1.431578 -0.105626 -0.124625 -0.072635 -0.127231 -0.981328
1642516780.875902 0.390073 1.433071 -0.105296 -0.120983 -0.078776 -0.124943 -0.981604
1642516780.884235 0.396582 1.434479 -0.104672 -0.117464 -0.083359 -0.123713 -0.981809
1642516780.892568 0.402943 1.435802 -0.103755 -0.114815 -0.089494 -0.121826 -0.981818
1642516780.900902 0.409205 1.437006 -0.102546 -0.112610 -0.095803 -0.119946 -0.981710
1642516780.909235 0.415436 1.438020 -0.101071 -0.110380 -0.100506 -0.119004 -0.981607
1642516780.917568 0.421666 1.438804 -0.099340 -0.108191 -0.105063 -0.117626 -0.981540
1642516780.925902 0.427819 1.439433 -0.097308 -0.106374 -0.109463 -0.116313 -0.981414
1642516780.934235 0.433868 1.439953 -0.094975 -0.105281 -0.114365 -0.114948 -0.981134
1642516780.942568 0.439946 1.440225 -0.092400 -0.104088 -0.117792 -0.114102 -0.980954
1642516780.950902 0.445855 1.440401 -0.089484 -0.103532 -0.121192 -0.113773 -0.980637
1642516780.959235 0.451790 1.440365 -0.086332 -0.103296 -0.125238 -0.112653 -0.980283
1642516780.967568 0.457574 1.440221 -0.082857 -0.103436 -0.127759 -0.113263 -0.979873
1642516780.975902 0.463409 1.439835 -0.079182 -0.104373 -0.131627 -0.113066 -0.979284
1642516780.984235 0.469220 1.439271 -0.075267 -0.105976 -0.135824 -0.113053 -0.978540
1642516780.992568 0.474993 1.438540 -0.071029 -0.106190 -0.137930 -0.112696 -0.978263
1642516781.000902 0.480715 1.437613 -0.066538 -0.106641 -0.139908 -0.111827 -0.978033
1642516781.009235 0.486407 1.436466 -0.061831 -0.108317 -0.142755 -0.110791 -0.977555
1642516781.017568 0.492163 1.435150 -0.056909 -0.109845 -0.143393 -0.111305 -0.977233
1642516781.025902 0.497843 1.433688 -0.051756 -0.112018 -0.144664 -0.111439 -0.976783
1642516781.034235 0.503528 1.432066 -0.046406 -0.114494 -0.145590 -0.111701 -0.976329
1642516781.042568 0.509181 1.430327 -0.040842 -0.117383 -0.146869 -0.111797 -0.975783
1642516781.050902 0.514829 1.428429 -0.035115 -0.121007 -0.148483 -0.111879 -0.975086
1642516781.059235 0.520593 1.426311 -0.029282 -0.124504 -0.148250 -0.112926 -0.974561
1642516781.067568 0.526325 1.424130 -0.023232 -0.127151 -0.147266 -0.113403 -0.974313
1642516781.075902 0.531996 1.421882 -0.017001 -0.130100 -0.147011 -0.113122 -0.973994
1642516781.084235 0.537765 1.419440 -0.010726 -0.134239 -0.146789 -0.113515 -0.973420
1642516781.092568 0.543575 1.416867 -0.004378 -0.138862 -0.146438 -0.114126 -0.972753
1642516781.100902 0.549371 1.414262 0.002079 -0.143059 -0.145883 -0.114167 -0.972223
1642516781.109235 0.555127 1.411655 0.008633 -0.147325 -0.145557 -0.114024 -0.971652
1642516781.117568 0.560917 1.409019 0.015212 -0.151558 -0.145027 -0.113661 -0.971122
1642516781.125902 0.566893 1.406216 0.021681 -0.156546 -0.143928 -0.114005 -0.970454
1642516781.134235 0.572872 1.403430 0.028118 -0.162361 -0.143347 -0.114544 -0.969521
1642516781.142568 0.578954 1.400641 0.034503 -0.167143 -0.142262 -0.114044 -0.968927
1642516781.150902 0.585030 1.397922 0.040813 -0.172448 -0.141735 -0.113651 -0.968120
1642516781.159235 0.591285 1.395140 0.046899 -0.178433 -0.140170 -0.114599 -0.967151
1642516781.167568 0.597502 1.392519 0.052902 -0.184213 -0.139201 -0.115080 -0.966150
1642516781.175902 0.603858 1.389919 0.058690 -0.189690 -0.137551 -0.115579 -0.965266
1642516781.184235 0.610236 1.387435 0.064241 -0.195344 -0.138042 -0.115065 -0.964129
1642516781.192568 0.616766 1.384972 0.069481 -0.200365 -0.137326 -0.115033 -0.963204
1642516781.200902 0.623303 1.382662 0.074443 -0.205726 -0.138542 -0.114299 -0.961987
1642516781.209235 0.629936 1.380518 0.079120 -0.210853 -0.140007 -0.113335 -0.960778
1642516781.217568 0.636707 1.378466 0.083428 -0.215403 -0.140656 -0.112409 -0.959782
1642516781.225902 0.643481 1.376626 0.087367 -0.219975 -0.142547 -0.110693 -0.958665
1642516781.234235 0.650393 1.374911 0.090880 -0.223852 -0.143235 -0.109144 -0.957842
1642516781.242568 0.657368 1.373346 0.093998 -0.227789 -0.144670 -0.107661 -0.956866
1642516781.250902 0.664317 1.371989 0.096717 -0.231710 -0.146836 -0.105951 -0.955784
1642516781.259235 0.671284 1.370799 0.099025 -0.235359 -0.149003 -0.104163 -0.954754
1642516781.267568 0.678289 1.369758 0.100881 -0.238375 -0.150158 -0.102722 -0.953980
1642516781.275902 0.685321 1.368837 0.102268 -0.241271 -0.151794 -0.100861 -0.953192
1642516781.284235 0.692288 1.368133 0.103282 -0.244036 -0.153681 -0.098856 -0.952395
1642516781.292568 0.699205 1.367629 0.103887 -0.246893 -0.156473 -0.096267 -0.951469
1642516781.300902 0.706178 1.367205 0.103988 -0.248658 -0.156986 -0.094221 -0.951129
1642516781.309235 0.713046 1.366959 0.103657 -0.250267 -0.158397 -0.091859 -0.950704
1642516781.317568 0.719831 1.366905 0.102937 -0.251805 -0.160672 -0.089045 -0.950184
1642516781.325902 0.726548 1.366988 0.101801 -0.252968 -0.162935 -0.086113 -0.949760
1642516781.334235 0.733226 1.367156 0.100238 -0.253376 -0.164294 -0.083546 -0.949646
1642516781.342568 0.739769 1.367496 0.098318 -0.253600 -0.167026 -0.080479 -0.949375
1642516781.350902 0.746178 1.367989 0.096042 -0.253614 -0.170639 -0.077048 -0.949013
1642516781.359235 0.752478 1.368643 0.093473 -0.253496 -0.173843 -0.073901 -0.948713
1642516781.367568 0.758719 1.369384 0.090565 -0.252741 -0.175730 -0.071490 -0.948752
1642516781.375902 0.764720 1.370305 0.087359 -0.251778 -0.177820 -0.069666 -0.948754
1642516781.384235 0.770609 1.371345 0.083888 -0.250864 -0.180810 -0.067450 -0.948591
1642516781.392568 0.776363 1.372496 0.080144 -0.249915 -0.183873 -0.065309 -0.948403
1642516781.400902 0.781987 1.373757 0.076155 -0.249043 -0.187067 -0.063340 -0.948141
1642516781.409235 0.787463 1.375107 0.071935 -0.248201 -0.190464 -0.061343 -0.947817
1642516781.417568 0.792783 1.376544 0.067503 -0.247464 -0.193716 -0.059547 -0.947465
1642516781.425902 0.797954 1.378064 0.062862 -0.246817 -0.197066 -0.057698 -0.947057
1642516781.434235 0.803004 1.379661 0.058011 -0.246241 -0.200574 -0.055777 -0.946586
1642516781.442568 0.807865 1.381329 0.052985 -0.245727 -0.203795 -0.054189 -0.946124
1642516781.450902 0.812557 1.383051 0.047788 -0.245195 -0.206860 -0.052652 -0.945683
1642516781.459235 0.817083 1.384782 0.042433 -0.244794 -0.209908 -0.051446 -0.945181
1642516781.467568 0.821453 1.386510 0.036929 -0.244595 -0.212794 -0.050603 -0.944633
1642516781.475902 0.825590 1.388285 0.031319 -0.244252 -0.215403 -0.049483 -0.944190
1642516781.484235 0.829528 1.390057 0.025611 -0.243944 -0.217694 -0.048573 -0.943791
1642516781.492568 0.833282 1.391839 0.019799 -0.243581 -0.219870 -0.047775 -0.943421
1642516781.500902 0.836867 1.393579 0.013904 -0.243161 -0.221890 -0.047156 -0.943088
1642516781.509235 0.840300 1.395275 0.007933 -0.242663 -0.223658 -0.046751 -0.942818
1642516781.517568 0.843584 1.396938 0.001899 -0.242093 -0.225498 -0.046338 -0.942547
1642516781.525902 0.846758 1.398578 -0.004200 -0.241469 -0.227507 -0.045913 -0.942245
1642516781.534235 0.849793 1.400161 -0.010307 -0.240828 -0.229418 -0.045615 -0.941960
1642516781.542568 0.852722 1.401704 -0.016413 -0.240016 -0.231192 -0.045361 -0.941746
1642516781.550902 0.855542 1.403241 -0.022486 -0.239043 -0.233126 -0.045089 -0.941529
1642516781.559235 0.858249 1.404781 -0.028481 -0.237873 -0.235237 -0.044738 -0.941317
1642516781.567568 0.860892 1.406276 -0.034411 -0.236372 -0.237594 -0.044093 -0.941134
1642516781.575902 0.863437 1.407784 -0.040255 -0.234677 -0.240465 -0.043507 -0.940856
1642516781.584235 0.865784 1.409344 -0.045876 -0.233016 -0.242882 -0.044205 -0.940616
1642516781.592568 0.868144 1.410805 -0.051436 -0.230892 -0.245689 -0.044366 -0.940403
1642516781.600902 0.870492 1.412255 -0.056854 -0.228557 -0.248514 -0.044580 -0.940221
1642516781.609235 0.872894 1.413694 -0.062095 -0.225969 -0.250933 -0.044820 -0.940192
1642516781.617568 0.875162 1.415104 -0.067158 -0.223151 -0.254079 -0.045222 -0.940001
1642516781.625902 0.877331 1.416544 -0.071998 -0.220027 -0.258005 -0.045907 -0.939635
1642516781.634235 0.879487 1.418000 -0.076605 -0.216603 -0.261730 -0.046716 -0.939361
1642516781.642568 0.881684 1.419429 -0.081026 -0.212969 -0.266188 -0.047185 -0.938915
1642516781.650902 0.883890 1.420871 -0.085204 -0.209061 -0.271037 -0.047482 -0.938391
1642516781.659235 0.886145 1.422262 -0.089197 -0.204773 -0.277013 -0.047017 -0.937615
1642516781.667568 0.888426 1.423654 -0.092906 -0.200226 -0.283384 -0.046841 -0.936701
1642516781.675902 0.890646 1.425209 -0.096142 -0.195878 -0.287546 -0.048730 -0.936256
1642516781.684235 0.892922 1.426618 -0.099253 -0.191593 -0.293587 -0.048657 -0.935271
1642516781.692568 0.895251 1.428016 -0.102027 -0.187204 -0.299701 -0.048181 -0.934245
1642516781.700902 0.897542 1.429505 -0.104367 -0.182573 -0.305073 -0.048085 -0.933427
1642516781.709235 0.899933 1.430859 -0.106444 -0.178048 -0.311719 -0.047105 -0.932154
1642516781.717568 0.902422 1.432070 -0.108286 -0.173673 -0.319284 -0.045357 -0.930504
1642516781.725902 0.904816 1.433403 -0.109619 -0.169973 -0.324604 -0.045769 -0.929326
1642516781.734235 0.907288 1.434624 -0.110650 -0.166616 -0.330800 -0.045307 -0.927770
1642516781.742568 0.909732 1.435879 -0.111225 -0.164151 -0.335391 -0.046431 -0.926505
1642516781.750902 0.912314 1.436977 -0.111555 -0.161713 -0.341409 -0.045757 -0.924768
1642516781.759235 0.914943 1.437999 -0.111559 -0.159713 -0.347545 -0.044850 -0.922872
1642516781.767568 0.917576 1.439017 -0.111162 -0.158408 -0.352613 -0.044854 -0.921173
1642516781.775902 0.920197 1.440005 -0.110392 -0.157737 -0.357723 -0.045047 -0.919306
1642516781.784235 0.922811 1.440907 -0.109344 -0.157920 -0.362034 -0.045996 -0.917538
1642516781.792568 0.925603 1.441576 -0.108175 -0.158552 -0.365879 -0.046401 -0.915882
1642516781.800902 0.928401 1.442194 -0.106648 -0.158886 -0.370328 -0.046225 -0.914043
1642516781.809235 0.931182 1.442709 -0.104871 -0.159547 -0.374989 -0.045694 -0.912053
1642516781.817568 0.934045 1.443037 -0.102891 -0.160446 -0.378788 -0.045213 -0.910347
1642516781.825902 0.936921 1.443205 -0.100694 -0.161768 -0.382225 -0.044636 -0.908704
1642516781.834235 0.939838 1.443204 -0.098314 -0.163358 -0.385140 -0.044077 -0.907215
1642516781.842568 0.942781 1.443017 -0.095778 -0.165141 -0.387611 -0.043419 -0.905870
1642516781.850902 0.945650 1.442701 -0.093057 -0.167359 -0.390594 -0.042279 -0.904234
1642516781.859235 0.948499 1.442212 -0.090183 -0.169918 -0.393355 -0.041031 -0.902616
1642516781.867568 0.951360 1.441521 -0.087161 -0.172844 -0.395539 -0.039670 -0.901166
1642516781.875902 0.954134 1.440688 -0.083971 -0.176405 -0.398017 -0.037794 -0.899464
1642516781.884235 0.956836 1.439722 -0.080632 -0.180607 -0.400575 -0.035592 -0.897582
1642516781.892568 0.959538 1.438542 -0.077240 -0.185158 -0.401289 -0.033881 -0.896402
1642516781.900902 0.962146 1.437212 -0.073753 -0.190098 -0.401453 -0.032019 -0.895362
1642516781.909235 0.964645 1.435743 -0.070220 -0.195373 -0.401126 -0.030024 -0.894442
1642516781.917568 0.967007 1.434154 -0.066683 -0.200792 -0.400721 -0.027706 -0.893497
1642516781.925902 0.969226 1.432425 -0.063143 -0.206313 -0.399629 -0.025315 -0.892799
1642516781.934235 0.971297 1.430561 -0.059646 -0.211928 -0.398234 -0.022780 -0.892176
1642516781.942568 0.973191 1.428566 -0.056213 -0.217711 -0.396227 -0.020271 -0.891737
1642516781.950902 0.974920 1.426471 -0.052890 -0.223704 -0.393858 -0.017768 -0.891357
1642516781.959235 0.976423 1.424234 -0.049706 -0.229757 -0.392304 -0.014463 -0.890562
1642516781.967568 0.977656 1.421950 -0.046786 -0.235661 -0.391624 -0.010258 -0.889376
1642516781.975902 0.978616 1.419792 -0.044030 -0.241957 -0.388684 -0.007768 -0.889000
1642516781.984235 0.979301 1.417684 -0.041592 -0.247878 -0.385719 -0.005155 -0.888679
1642516781.992568 0.979633 1.415608 -0.039476 -0.253253 -0.383373 -0.002554 -0.888190
1642516782.000902 0.979618 1.413570 -0.037751 -0.258239 -0.381235 0.000175 -0.887678
1642516782.009235 0.979278 1.411574 -0.036439 -0.262981 -0.379391 0.002992 -0.887071
1642516782.017568 0.978624 1.409681 -0.035473 -0.266526 -0.377920 0.005570 -0.886628
1642516782.025902 0.977641 1.407905 -0.034869 -0.269627 -0.376069 0.007561 -0.886463
1642516782.034235 0.976325 1.406323 -0.034565 -0.272293 -0.374128 0.008942 -0.886456
1642516782.042568 0.974567 1.404755 -0.034766 -0.274793 -0.374172 0.011096 -0.885642
1642516782.050902 0.972415 1.403161 -0.035549 -0.278084 -0.374578 0.013580 -0.884407
1642516782.059235 0.969963 1.401832 -0.036558 -0.278568 -0.375636 0.015273 -0.883779
1642516782.067568 0.967152 1.400663 -0.037895 -0.278072 -0.377475 0.016700 -0.883125
1642516782.075902 0.963896 1.399566 -0.039651 -0.278244 -0.379486 0.018217 -0.882178
1642516782.084235 0.960251 1.398602 -0.041705 -0.278173 -0.381694 0.019436 -0.881222
1642516782.092568 0.956245 1.397744 -0.044036 -0.277856 -0.384188 0.020557 -0.880212
1642516782.100902 0.951866 1.396982 -0.046633 -0.277194 -0.386455 0.021298 -0.879410
1642516782.109235 0.947138 1.396343 -0.049443 -0.276340 -0.388930 0.022068 -0.878569
1642516782.117568 0.942071 1.395818 -0.052457 -0.275270 -0.391461 0.022717 -0.877764
1642516782.125902 0.936659 1.395419 -0.055638 -0.274036 -0.393884 0.023126 -0.877055
1642516782.134235 0.930929 1.395150 -0.058979 -0.272628 -0.396368 0.023313 -0.876369
1642516782.142568 0.924866 1.394988 -0.062462 -0.270914 -0.398410 0.022943 -0.875984
1642516782.150902 0.918519 1.394970 -0.066035 -0.269183 -0.400452 0.022385 -0.875601
1642516782.159235 0.911912 1.395108 -0.069661 -0.267125 -0.402347 0.021599 -0.875383
1642516782.167568 0.905066 1.395388 -0.073312 -0.264776 -0.404101 0.020620 -0.875312
1642516782.175902 0.897943 1.395677 -0.077059 -0.262932 -0.405787 0.019420 -0.875115
1642516782.184235 0.890611 1.396081 -0.080838 -0.261304 -0.407284 0.018077 -0.874936
1642516782.192568 0.883064 1.396612 -0.084655 -0.260097 -0.408906 0.017030 -0.874560
1642516782.200902 0.875294 1.397155 -0.088545 -0.258701 -0.410333 0.015818 -0.874329
1642516782.209235 0.867470 1.397715 -0.092574 -0.257143 -0.409992 0.014057 -0.874978
1642516782.217568 0.859421 1.398401 -0.096617 -0.255767 -0.410644 0.012705 -0.875096
1642516782.225902 0.851210 1.399131 -0.100731 -0.254256 -0.410937 0.011059 -0.875421
1642516782.234235 0.842879 1.399904 -0.104885 -0.252788 -0.411614 0.009883 -0.875543
1642516782.242568 0.834409 1.400699 -0.109087 -0.251101 -0.412042 0.008630 -0.875840
1642516782.250902 0.825861 1.401551 -0.113315 -0.249500 -0.412200 0.007297 -0.876235
1642516782.259235 0.817247 1.402468 -0.117569 -0.248013 -0.412320 0.006264 -0.876609
1642516782.267568 0.808575 1.403401 -0.121855 -0.246459 -0.412101 0.004968 -0.877158
1642516782.275902 0.799867 1.404332 -0.126150 -0.244846 -0.411996 0.003781 -0.877665
1642516782.284235 0.791073 1.405284 -0.130444 -0.243135 -0.411551 0.002911 -0.878352
1642516782.292568 0.782226 1.406254 -0.134715 -0.241295 -0.410858 0.002037 -0.879186
1642516782.300902 0.773367 1.407226 -0.138980 -0.239539 -0.410047 0.001375 -0.880046
1642516782.309235 0.764567 1.408138 -0.143266 -0.237871 -0.409745 0.001238 -0.880639
1642516782.317568 0.755735 1.409076 -0.147449 -0.235868 -0.408875 0.000638 -0.881582
1642516782.325902 0.746910 1.410012 -0.151559 -0.233786 -0.407867 0.000086 -0.882603
1642516782.334235 0.738127 1.410965 -0.155582 -0.231820 -0.406612 -0.000387 -0.883700
1642516782.342568 0.729369 1.411905 -0.159493 -0.229631 -0.405157 -0.000953 -0.884939
1642516782.350902 0.720654 1.412832 -0.163286 -0.227261 -0.403654 -0.001441 -0.886236
1642516782.359235 0.712017 1.413756 -0.166979 -0.224979 -0.402021 -0.001797 -0.887559
1642516782.367568 0.703475 1.414644 -0.170522 -0.222722 -0.400017 -0.002277 -0.889031
1642516782.375902 0.694997 1.415468 -0.173929 -0.220322 -0.398084 -0.002289 -0.890495
1642516782.384235 0.686622 1.416272 -0.177172 -0.217845 -0.395704 -0.002173 -0.892165
1642516782.392568 0.678329 1.417059 -0.180198 -0.215777 -0.392840 -0.003355 -0.893927
1642516782.400902 0.670036 1.417786 -0.183027 -0.213633 -0.391172 -0.004345 -0.895168
1642516782.409235 0.661947 1.418472 -0.185680 -0.211473 -0.388983 -0.005340 -0.896629
1642516782.417568 0.653976 1.419143 -0.188114 -0.209316 -0.386929 -0.006427 -0.898015
1642516782.425902 0.646131 1.419788 -0.190328 -0.207298 -0.385264 -0.007607 -0.899189
1642516782.434235 0.638479 1.420359 -0.192329 -0.205262 -0.383179 -0.008924 -0.900534
1642516782.442568 0.631027 1.420852 -0.194149 -0.203171 -0.380506 -0.010566 -0.902123
1642516782.450902 0.623759 1.421299 -0.195774 -0.201125 -0.377627 -0.012450 -0.903765
1642516782.459235 0.616590 1.421813 -0.197095 -0.199477 -0.376845 -0.013398 -0.904443
1642516782.467568 0.609650 1.422251 -0.198204 -0.197619 -0.375442 -0.014694 -0.905414
1642516782.475902 0.602955 1.422645 -0.199125 -0.195438 -0.373017 -0.016511 -0.906857
1642516782.484235 0.596376 1.423039 -0.199792 -0.193234 -0.371135 -0.018253 -0.908067
1642516782.492568 0.589972 1.423454 -0.200176 -0.191051 -0.369636 -0.019641 -0.909111
1642516782.500902 0.583757 1.423856 -0.200319 -0.188836 -0.368086 -0.021078 -0.910170
1642516782.509235 0.577722 1.424262 -0.200167 -0.186181 -0.366521 -0.022461 -0.911315
1642516782.517568 0.571881 1.424665 -0.199725 -0.183141 -0.364882 -0.023769 -0.912554
1642516782.525902 0.566198 1.425013 -0.199091 -0.180955 -0.363023 -0.025284 -0.913690
1642516782.534235 0.560684 1.425327 -0.198193 -0.178792 -0.360962 -0.026849 -0.914887
1642516782.542568 0.555334 1.425609 -0.197034 -0.176676 -0.358673 -0.028503 -0.916148
1642516782.550902 0.550152 1.425855 -0.195615 -0.174613 -0.356378 -0.029958 -0.917392
1642516782.559235 0.545140 1.426082 -0.193915 -0.172583 -0.353902 -0.031366 -0.918686
1642516782.567568 0.540246 1.426333 -0.191892 -0.170883 -0.350856 -0.033461 -0.920097
1642516782.575902 0.535556 1.426543 -0.189615 -0.169300 -0.347758 -0.035083 -0.921505
1642516782.584235 0.531048 1.426741 -0.187070 -0.167990 -0.344523 -0.036672 -0.922897
1642516782.592568 0.526711 1.426928 -0.184270 -0.167006 -0.341186 -0.038209 -0.924252
1642516782.600902 0.522561 1.427083 -0.181240 -0.166138 -0.337831 -0.039382 -0.925590
1642516782.609235 0.518586 1.427189 -0.178006 -0.165275 -0.334535 -0.040251 -0.926904
1642516782.617568 0.514728 1.427279 -0.174539 -0.164518 -0.330952 -0.041386 -0.928273
1642516782.625902 0.511015 1.427299 -0.170885 -0.163714 -0.327331 -0.042412 -0.929652
1642516782.634235 0.507407 1.427284 -0.167057 -0.162817 -0.323622 -0.043461 -0.931059
1642516782.642568 0.503914 1.427208 -0.163063 -0.161807 -0.319807 -0.044460 -0.932505
1642516782.650902 0.500541 1.427056 -0.158903 -0.160771 -0.316046 -0.045313 -0.933924
1642516782.659235 0.497268 1.426827 -0.154579 -0.159859 -0.312152 -0.046236 -0.935344
1642516782.667568 0.494098 1.426525 -0.150108 -0.159090 -0.308249 -0.047245 -0.936718
1642516782.675902 0.491021 1.426135 -0.145517 -0.158373 -0.304455 -0.048139 -0.938034
1642516782.684235 0.488040 1.425635 -0.140822 -0.157593 -0.301158 -0.048782 -0.939196
1642516782.692568 0.485132 1.425020 -0.136048 -0.156680 -0.298618 -0.048961 -0.940150
1642516782.700902 0.482278 1.424334 -0.131120 -0.155847 -0.295405 -0.049792 -0.941259
1642516782.709235 0.479474 1.423549 -0.126090 -0.154972 -0.292222 -0.050824 -0.942341
1642516782.717568 0.476722 1.422669 -0.120959 -0.154146 -0.289329 -0.051890 -0.943311
1642516782.725902 0.474009 1.421695 -0.115719 -0.153572 -0.286567 -0.053102 -0.944180
1642516782.734235 0.471340 1.420623 -0.110354 -0.153377 -0.283671 -0.054601 -0.945000
1642516782.742568 0.468634 1.419519 -0.104799 -0.153936 -0.279774 -0.057362 -0.945907
1642516782.750902 0.465895 1.418366 -0.099087 -0.155154 -0.275377 -0.060772 -0.946785
1642516782.759235 0.463371 1.416965 -0.093468 -0.155902 -0.273880 -0.061529 -0.947047
1642516782.767568 0.460796 1.415626 -0.087670 -0.157532 -0.269969 -0.064968 -0.947671
1642516782.775902 0.458201 1.414169 -0.081837 -0.159133 -0.267479 -0.067313 -0.947945
1642516782.784235 0.455625 1.412621 -0.075977 -0.160953 -0.265336 -0.069608 -0.948075
1642516782.792568 0.453091 1.410989 -0.070121 -0.163034 -0.263388 -0.071846 -0.948096
1642516782.800902 0.450579 1.409285 -0.064260 -0.165474 -0.261762 -0.074133 -0.947947
1642516782.809235 0.448073 1.407563 -0.058390 -0.168331 -0.259927 -0.076845 -0.947733
1642516782.817568 0.445610 1.405789 -0.052555 -0.171626 -0.258278 -0.079336 -0.947387
1642516782.825902 0.443178 1.403989 -0.046765 -0.175196 -0.256751 -0.081696 -0.946948
1642516782.834235 0.440769 1.402191 -0.041042 -0.179131 -0.254826 -0.084360 -0.946498
1642516782.842568 0.438408 1.400374 -0.035438 -0.183247 -0.252805 -0.086791 -0.946033
1642516782.850902 0.436042 1.398548 -0.029978 -0.187537 -0.250727 -0.089091 -0.945531
1642516782.859235 0.433693 1.396731 -0.024681 -0.191897 -0.248505 -0.091322 -0.945030
1642516782.867568 0.431381 1.394930 -0.019586 -0.196155 -0.246116 -0.093380 -0.944579
1642516782.875902 0.429063 1.393163 -0.014710 -0.200352 -0.243749 -0.095221 -0.944129
1642516782.884235 0.426759 1.391429 -0.010062 -0.204271 -0.241109 -0.096735 -0.943813
1642516782.892568 0.424502 1.389737 -0.005683 -0.208066 -0.238184 -0.098009 -0.943595
1642516782.900902 0.422254 1.388094 -0.001582 -0.211659 -0.235111 -0.098798 -0.943484
1642516782.909235 0.420029 1.386526 0.002205 -0.215052 -0.231691 -0.099300 -0.943510
1642516782.917568 0.417833 1.385040 0.005657 -0.218194 -0.227948 -0.099313 -0.943699
1642516782.925902 0.415625 1.383682 0.008778 -0.221218 -0.223651 -0.099482 -0.944005
1642516782.934235 0.413404 1.382426 0.011537 -0.224126 -0.219395 -0.099005 -0.944368
1642516782.942568 0.411115 1.381313 0.013956 -0.227178 -0.215392 -0.098006 -0.944665
1642516782.950902 0.408802 1.380352 0.016062 -0.229825 -0.212011 -0.096908 -0.944902
1642516782.959235 0.406563 1.379412 0.017728 -0.231830 -0.206734 -0.096433 -0.945630
1642516782.967568 0.404315 1.378654 0.019106 -0.233587 -0.200938 -0.096063 -0.946485
1642516782.975902 0.402139 1.377877 0.020019 -0.235378 -0.196608 -0.094437 -0.947114
1642516782.984235 0.399909 1.377233 0.020576 -0.236955 -0.192748 -0.092628 -0.947692
1642516782.992568 0.397606 1.376854 0.020920 -0.238569 -0.185888 -0.093215 -0.948600
1642516783.000902 0.395366 1.376499 0.020801 -0.239813 -0.181234 -0.092097 -0.949296
1642516783.009235 0.393077 1.376243 0.020332 -0.240870 -0.177421 -0.091117 -0.949843
1642516783.017568 0.390776 1.376099 0.019516 -0.241600 -0.174000 -0.090266 -0.950371
1642516783.025902 0.388478 1.376058 0.018338 -0.242063 -0.170642 -0.089724 -0.950914
1642516783.034235 0.386155 1.376120 0.016832 -0.242168 -0.167570 -0.089465 -0.951457
1642516783.042568 0.383807 1.376310 0.015022 -0.242113 -0.165245 -0.089268 -0.951896
1642516783.050902 0.381445 1.376593 0.012909 -0.241906 -0.163446 -0.089060 -0.952279
1642516783.059235 0.379149 1.376916 0.010460 -0.241090 -0.160694 -0.089299 -0.952932
1642516783.067568 0.376862 1.377337 0.007785 -0.240467 -0.158972 -0.089092 -0.953397
1642516783.075902 0.374643 1.377768 0.004813 -0.239244 -0.155613 -0.089515 -0.954219
1642516783.084235 0.372389 1.378287 0.001632 -0.238251 -0.153300 -0.089497 -0.954843
1642516783.092568 0.370152 1.378855 -0.001810 -0.237135 -0.150881 -0.089503 -0.955506
1642516783.100902 0.367914 1.379456 -0.005477 -0.235978 -0.148310 -0.089629 -0.956183
1642516783.109235 0.365697 1.380084 -0.009350 -0.234706 -0.145758 -0.089703 -0.956881
1642516783.117568 0.363498 1.380727 -0.013428 -0.233517 -0.142862 -0.090045 -0.957576
1642516783.125902 0.361313 1.381370 -0.017692 -0.232390 -0.139903 -0.090453 -0.958248
1642516783.134235 0.359146 1.382073 -0.022063 -0.231374 -0.136538 -0.091091 -0.958919
1642516783.142568 0.357016 1.382792 -0.026563 -0.230539 -0.132831 -0.091901 -0.959563
1642516783.150902 0.354971 1.383543 -0.031177 -0.229669 -0.129121 -0.092028 -0.960266
1642516783.159235 0.352955 1.384332 -0.035866 -0.228819 -0.124627 -0.092161 -0.961050
1642516783.167568 0.351055 1.385046 -0.040698 -0.228458 -0.119462 -0.092827 -0.961727
1642516783.175902 0.349233 1.385754 -0.045660 -0.228163 -0.114614 -0.092899 -0.962380
1642516783.184235 0.347494 1.386441 -0.050721 -0.227915 -0.109273 -0.092841 -0.963065
1642516783.192568 0.345804 1.387115 -0.055886 -0.227636 -0.103927 -0.092668 -0.963739
1642516783.200902 0.344207 1.387791 -0.061121 -0.227463 -0.097914 -0.092500 -0.964426
1642516783.209235 0.342711 1.388443 -0.066437 -0.227182 -0.091162 -0.092445 -0.965159
1642516783.217568 0.341331 1.389066 -0.071822 -0.226869 -0.083733 -0.092591 -0.965891
1642516783.225902 0.340070 1.389681 -0.077225 -0.226878 -0.076581 -0.092346 -0.966506
1642516783.234235 0.338938 1.390269 -0.082668 -0.227007 -0.069069 -0.092062 -0.967069
1642516783.242568 0.337976 1.390813 -0.088185 -0.227076 -0.061490 -0.091412 -0.967626
1642516783.250902 0.337192 1.391327 -0.093767 -0.226935 -0.053866 -0.090572 -0.968192
1642516783.259235 0.336451 1.391873 -0.099345 -0.226925 -0.046479 -0.090293 -0.968603
1642516783.267568 0.335894 1.392329 -0.104986 -0.226757 -0.039772 -0.089297 -0.969034
1642516783.275902 0.335500 1.392739 -0.110669 -0.226346 -0.033514 -0.087994 -0.969485
1642516783.284235 0.335196 1.393182 -0.116364 -0.225416 -0.026667 -0.087776 -0.969934
1642516783.292568 0.335003 1.393613 -0.122057 -0.224012 -0.019980 -0.087619 -0.970434
1642516783.300902 0.334939 1.394066 -0.127705 -0.222328 -0.013993 -0.087380 -0.970948
1642516783.309235 0.335072 1.394477 -0.133400 -0.221178 -0.008375 -0.088000 -0.971219
1642516783.317568 0.335351 1.394877 -0.139048 -0.219858 -0.003181 -0.088785 -0.971478
1642516783.325902 0.335776 1.395265 -0.144636 -0.218370 0.001345 -0.089622 -0.971741
1642516783.334235 0.336325 1.395646 -0.150147 -0.216810 0.005097 -0.090325 -0.972013
1642516783.342568 0.337023 1.395968 -0.155624 -0.214875 0.008816 -0.091404 -0.972315
1642516783.350902 0.337882 1.396248 -0.161046 -0.212514 0.012566 -0.092987 -0.972643
1642516783.359235 0.338877 1.396508 -0.166364 -0.210218 0.015346 -0.094549 -0.972951
1642516783.367568 0.340011 1.396739 -0.171562 -0.207999 0.017443 -0.096175 -0.973233
1642516783.375902 0.341277 1.396959 -0.176623 -0.205938 0.018732 -0.097849 -0.973481
1642516783.384235 0.342741 1.397118 -0.181586 -0.203216 0.021234 -0.100305 -0.973751
1642516783.392568 0.344500 1.397092 -0.186475 -0.200299 0.022900 -0.101747 -0.974168
1642516783.400902 0.346431 1.397017 -0.191264 -0.196773 0.025476 -0.103880 -0.974598
1642516783.409235 0.348484 1.396942 -0.195801 -0.193922 0.026598 -0.105748 -0.974938
1642516783.417568 0.350676 1.396837 -0.200134 -0.190999 0.028107 -0.108053 -0.975220
1642516783.425902 0.353002 1.396716 -0.204248 -0.188034 0.029908 -0.110843 -0.975429
1642516783.434235 0.355561 1.396449 -0.208167 -0.185313 0.030222 -0.112568 -0.975743
1642516783.442568 0.358310 1.396097 -0.211849 -0.182726 0.030173 -0.113939 -0.976073
1642516783.450902 0.361220 1.395663 -0.215280 -0.180417 0.029600 -0.115044 -0.976390
1642516783.459235 0.364205 1.395235 -0.218440 -0.178028 0.029956 -0.117240 -0.976557
1642516783.467568 0.367368 1.394686 -0.221319 -0.176232 0.028871 -0.118337 -0.976783
1642516783.475902 0.370642 1.394051 -0.223898 -0.174861 0.026751 -0.118699 -0.977046
1642516783.484235 0.374162 1.393273 -0.226206 -0.173266 0.025667 -0.119003 -0.977322
1642516783.492568 0.377739 1.392469 -0.228193 -0.171749 0.024914 -0.119871 -0.977503
1642516783.500902 0.381422 1.391593 -0.229869 -0.170453 0.024013 -0.120568 -0.977667
1642516783.509235 0.385187 1.390634 -0.231220 -0.169371 0.023019 -0.121341 -0.977783
1642516783.517568 0.389022 1.389617 -0.232241 -0.168486 0.022178 -0.122457 -0.977816
1642516783.525902 0.393025 1.388431 -0.232947 -0.167988 0.020518 -0.122547 -0.977927
1642516783.534235 0.397140 1.387117 -0.233335 -0.167879 0.018350 -0.122190 -0.978034
1642516783.542568 0.401274 1.385776 -0.233390 -0.168030 0.016441 -0.122378 -0.978018
1642516783.550902 0.405471 1.384313 -0.233135 -0.168542 0.014518 -0.122646 -0.977927
1642516783.559235 0.409745 1.382737 -0.232574 -0.169250 0.012746 -0.123094 -0.977773
1642516783.567568 0.414082 1.381048 -0.231688 -0.170164 0.010936 -0.123592 -0.977573
1642516783.575902 0.418434 1.379282 -0.230444 -0.172075 0.007572 -0.123528 -0.977279
1642516783.584235 0.422839 1.377393 -0.228900 -0.173873 0.005194 -0.124164 -0.976895
1642516783.592568 0.427304 1.375378 -0.227046 -0.175688 0.003473 -0.125207 -0.976445
1642516783.600902 0.431950 1.373121 -0.224899 -0.177718 0.001794 -0.125521 -0.976042
1642516783.609235 0.436575 1.370747 -0.222449 -0.180530 -0.001914 -0.125076 -0.975583
1642516783.617568 0.441238 1.368230 -0.219704 -0.183574 -0.005308 -0.125091 -0.975000
1642516783.625902 0.445953 1.365553 -0.216680 -0.187000 -0.008735 -0.125158 -0.974315
1642516783.634235 0.450714 1.362723 -0.213374 -0.191039 -0.012782 -0.124988 -0.973508
1642516783.642568 0.455487 1.359778 -0.209772 -0.195830 -0.017422 -0.124767 -0.972512
1642516783.650902 0.460324 1.356648 -0.205977 -0.200074 -0.020069 -0.125623 -0.971487
1642516783.659235 0.465286 1.353298 -0.201982 -0.204676 -0.022779 -0.126150 -0.970399
1642516783.667568 0.470293 1.349802 -0.197795 -0.210255 -0.026637 -0.126510 -0.969061
1642516783.675902 0.475339 1.346187 -0.193368 -0.216192 -0.031061 -0.126129 -0.967671
1642516783.684235 0.480447 1.342445 -0.188733 -0.222374 -0.034985 -0.126087 -0.966141
1642516783.692568 0.485655 1.338521 -0.184014 -0.228189 -0.038632 -0.125961 -0.964661
1642516783.700902 0.490929 1.334465 -0.179188 -0.234030 -0.042319 -0.125706 -0.963139
1642516783.709235 0.496304 1.330245 -0.174275 -0.239646 -0.045957 -0.125204 -0.961656
1642516783.717568 0.501784 1.325878 -0.169289 -0.245172 -0.049201 -0.124600 -0.960180
1642516783.725902 0.507236 1.321478 -0.164144 -0.251129 -0.051706 -0.124774 -0.958484
1642516783.734235 0.512807 1.316908 -0.158982 -0.257208 -0.054891 -0.124226 -0.956765
1642516783.742568 0.518480 1.312225 -0.153796 -0.263306 -0.057569 -0.123770 -0.955006
1642516783.750902 0.524139 1.307536 -0.148573 -0.269980 -0.061481 -0.123276 -0.952961
1642516783.759235 0.529831 1.302828 -0.143346 -0.277023 -0.066550 -0.122569 -0.950687
1642516783.767568 0.535646 1.298066 -0.138137 -0.283716 -0.069648 -0.122773 -0.948463
1642516783.775902 0.541522 1.293269 -0.132990 -0.290427 -0.073609 -0.122851 -0.946119
1642516783.784235 0.547485 1.288437 -0.127897 -0.297065 -0.078216 -0.122698 -0.943705
1642516783.792568 0.553574 1.283511 -0.122936 -0.303259 -0.083054 -0.122165 -0.941388
1642516783.800902 0.559692 1.278633 -0.117950 -0.309714 -0.087100 -0.122313 -0.938898
1642516783.809235 0.565938 1.273649 -0.113136 -0.316201 -0.092757 -0.121398 -0.936310
1642516783.817568 0.572222 1.268720 -0.108376 -0.322937 -0.097257 -0.121397 -0.933550
1642516783.825902 0.578643 1.263767 -0.103822 -0.329418 -0.102551 -0.120630 -0.930814
1642516783.834235 0.585100 1.258915 -0.099460 -0.335847 -0.106235 -0.121046 -0.928046
1642516783.842568 0.591672 1.254161 -0.095304 -0.342259 -0.111935 -0.120309 -0.925124
1642516783.850902 0.598321 1.249511 -0.091407 -0.348181 -0.117234 -0.119605 -0.922345
1642516783.859235 0.605039 1.244974 -0.087764 -0.353785 -0.122357 -0.118710 -0.919659
1642516783.867568 0.611808 1.240566 -0.084360 -0.359009 -0.126997 -0.117665 -0.917137
1642516783.875902 0.618570 1.236364 -0.081155 -0.364060 -0.131938 -0.116181 -0.914634
1642516783.884235 0.625402 1.232308 -0.078230 -0.368796 -0.136295 -0.114241 -0.912339
1642516783.892568 0.632235 1.228441 -0.075579 -0.373332 -0.140720 -0.111819 -0.910119
1642516783.900902 0.639077 1.224792 -0.073217 -0.377573 -0.144978 -0.109105 -0.908029
1642516783.909235 0.645907 1.221380 -0.071165 -0.381569 -0.149278 -0.106202 -0.906003
1642516783.917568 0.652764 1.218193 -0.069419 -0.385225 -0.153345 -0.103219 -0.904120
1642516783.925902 0.659568 1.215284 -0.067984 -0.388812 -0.157894 -0.100187 -0.902140
1642516783.934235 0.666352 1.212605 -0.066847 -0.392293 -0.162302 -0.097291 -0.900166
1642516783.942568 0.673043 1.210234 -0.065989 -0.395655 -0.167047 -0.094490 -0.898123
1642516783.950902 0.679707 1.208126 -0.065419 -0.399000 -0.171715 -0.091595 -0.896060
1642516783.959235 0.686260 1.206340 -0.065160 -0.402218 -0.176813 -0.088703 -0.893918
1642516783.967568 0.692625 1.204897 -0.065189 -0.405205 -0.182502 -0.085970 -0.891690
1642516783.975902 0.698948 1.203715 -0.065565 -0.407839 -0.187909 -0.082957 -0.889649
1642516783.984235 0.705124 1.202860 -0.066289 -0.410192 -0.193196 -0.079966 -0.887707
1642516783.992568 0.711119 1.202302 -0.067383 -0.412172 -0.198436 -0.076919 -0.885901
1642516784.000902 0.716921 1.202041 -0.068840 -0.413818 -0.203646 -0.073849 -0.884211
1642516784.009235 0.722495 1.202106 -0.070639 -0.415197 -0.208599 -0.070759 -0.882661
1642516784.017568 0.727813 1.202487 -0.072815 -0.416348 -0.213440 -0.067615 -0.881207
1642516784.025902 0.732896 1.203149 -0.075373 -0.417305 -0.217728 -0.065028 -0.879899
1642516784.034235 0.737674 1.204095 -0.078196 -0.417041 -0.222370 -0.062206 -0.879067
1642516784.042568 0.742023 1.205384 -0.081366 -0.416366 -0.227307 -0.058934 -0.878349
1642516784.050902 0.746045 1.206952 -0.084766 -0.415269 -0.231122 -0.055913 -0.878071
1642516784.059235 0.749779 1.208751 -0.088410 -0.413924 -0.234632 -0.053061 -0.877952
1642516784.067568 0.753232 1.210790 -0.092281 -0.412175 -0.237844 -0.050194 -0.878079
1642516784.075902 0.756300 1.213078 -0.096344 -0.410270 -0.240769 -0.047786 -0.878308
1642516784.084235 0.759072 1.215559 -0.100573 -0.408300 -0.243623 -0.045574 -0.878557
1642516784.092568 0.761534 1.218235 -0.104937 -0.406287 -0.246517 -0.043493 -0.878788
1642516784.100902 0.763700 1.221079 -0.109429 -0.404260 -0.249268 -0.041927 -0.879023
1642516784.109235 0.765567 1.224062 -0.114053 -0.402013 -0.252720 -0.040317 -0.879143
1642516784.117568 0.767140 1.227162 -0.118812 -0.399846 -0.256653 -0.038985 -0.879052
1642516784.125902 0.768445 1.230399 -0.123644 -0.397813 -0.259813 -0.038289 -0.879077
1642516784.134235 0.769488 1.233712 -0.128581 -0.395834 -0.263152 -0.037801 -0.878998
1642516784.142568 0.770312 1.237074 -0.133614 -0.393922 -0.266573 -0.037555 -0.878837
1642516784.150902 0.770856 1.240510 -0.138738 -0.391927 -0.270382 -0.037325 -0.878575
1642516784.159235 0.771155 1.243987 -0.143918 -0.389826 -0.274131 -0.037305 -0.878349
1642516784.167568 0.771243 1.247453 -0.149131 -0.387891 -0.277675 -0.037394 -0.878088
1642516784.175902 0.771059 1.250939 -0.154394 -0.385968 -0.281067 -0.037562 -0.877849
1642516784.184235 0.770664 1.254388 -0.159658 -0.384024 -0.284360 -0.037582 -0.877641
1642516784.192568 0.770071 1.257787 -0.164927 -0.382237 -0.287502 -0.037604 -0.877396
1642516784.200902 0.769234 1.261169 -0.170178 -0.380231 -0.290301 -0.037584 -0.877347
1642516784.209235 0.768181 1.264481 -0.175411 -0.378222 -0.292836 -0.037695 -0.877368
1642516784.217568 0.766934 1.267702 -0.180640 -0.376217 -0.295167 -0.037892 -0.877440
1642516784.225902 0.765544 1.270812 -0.185806 -0.374232 -0.297226 -0.037961 -0.877591
1642516784.234235 0.763969 1.273847 -0.190908 -0.372106 -0.298894 -0.037979 -0.877928
1642516784.242568 0.762254 1.276667 -0.195930 -0.370019 -0.300635 -0.037945 -0.878217
1642516784.250902 0.760443 1.279319 -0.200852 -0.368347 -0.301703 -0.038257 -0.878540
1642516784.259235 0.758488 1.281825 -0.205603 -0.366589 -0.302378 -0.037902 -0.879058
1642516784.267568 0.756389 1.284144 -0.210197 -0.364625 -0.302850 -0.036897 -0.879755
1642516784.275902 0.754174 1.286270 -0.214610 -0.362558 -0.303171 -0.035393 -0.880560
1642516784.284235 0.751848 1.288236 -0.218827 -0.361177 -0.302234 -0.035432 -0.881448
1642516784.292568 0.749510 1.289897 -0.222937 -0.359589 -0.302668 -0.033729 -0.882015
1642516784.300902 0.747055 1.291420 -0.226869 -0.358599 -0.301788 -0.033828 -0.882716
1642516784.309235 0.744446 1.292833 -0.230494 -0.357314 -0.300641 -0.033639 -0.883635
1642516784.317568 0.741785 1.293991 -0.233971 -0.355726 -0.300192 -0.032696 -0.884463
1642516784.325902 0.739115 1.294861 -0.237303 -0.354379 -0.300629 -0.031472 -0.884899
1642516784.334235 0.736269 1.295631 -0.240277 -0.352995 -0.300057 -0.030861 -0.885668
1642516784.342568 0.733286 1.296212 -0.242966 -0.351544 -0.299111 -0.030682 -0.886571
1642516784.350902 0.730263 1.296478 -0.245514 -0.350169 -0.299637 -0.029733 -0.886970
1642516784.359235 0.727075 1.296647 -0.247638 -0.348861 -0.298814 -0.029490 -0.887771
1642516784.367568 0.723849 1.296521 -0.249614 -0.347789 -0.298957 -0.028969 -0.888160
1642516784.375902 0.720462 1.296270 -0.251166 -0.346502 -0.298245 -0.028570 -0.888915
1642516784.384235 0.716953 1.295859 -0.252336 -0.344751 -0.297388 -0.027722 -0.889909
1642516784.392568 0.713360 1.295243 -0.253335 -0.344011 -0.296345 -0.028057 -0.890533
1642516784.400902 0.709640 1.294422 -0.254052 -0.343258 -0.295252 -0.028546 -0.891171
1642516784.409235 0.705774 1.293451 -0.254419 -0.342631 -0.293389 -0.029639 -0.891991
1642516784.417568 0.701874 1.292159 -0.254622 -0.342379 -0.292778 -0.030339 -0.892265
1642516784.425902 0.697791 1.290788 -0.254418 -0.342194 -0.290865 -0.031990 -0.892904
1642516784.434235 0.693617 1.289237 -0.253922 -0.342219 -0.289061 -0.033535 -0.893423
1642516784.442568 0.689389 1.287398 -0.253222 -0.342450 -0.288211 -0.034679 -0.893566
1642516784.450902 0.685045 1.285473 -0.252136 -0.342952 -0.286190 -0.036547 -0.893948
1642516784.459235 0.680723 1.283251 -0.250918 -0.343849 -0.285092 -0.037998 -0.893894
1642516784.467568 0.676217 1.280993 -0.249322 -0.344847 -0.282686 -0.040242 -0.894176
1642516784.475902 0.671635 1.278533 -0.247450 -0.346169 -0.280270 -0.042581 -0.894317
1642516784.484235 0.667056 1.275801 -0.245501 -0.347740 -0.279072 -0.044158 -0.894005
1642516784.492568 0.662312 1.273083 -0.243193 -0.349627 -0.276257 -0.046804 -0.894009
1642516784.500902 0.657493 1.270250 -0.240644 -0.351794 -0.273151 -0.049734 -0.893955
1642516784.509235 0.652674 1.267178 -0.238065 -0.354158 -0.271297 -0.051980 -0.893459
1642516784.517568 0.647752 1.264078 -0.235215 -0.356617 -0.268674 -0.054458 -0.893125
1642516784.525902 0.642754 1.260906 -0.232197 -0.359216 -0.265564 -0.056979 -0.892857
1642516784.534235 0.637691 1.257702 -0.228971 -0.361609 -0.261805 -0.059550 -0.892833
1642516784.542568 0.632657 1.254256 -0.225752 -0.363981 -0.258843 -0.061169 -0.892624
1642516784.550902 0.627562 1.250643 -0.222512 -0.366180 -0.256077 -0.062415 -0.892435
1642516784.559235 0.622392 1.246994 -0.219059 -0.368144 -0.252610 -0.063485 -0.892540
1642516784.567568 0.617165 1.243205 -0.215501 -0.370017 -0.248961 -0.064272 -0.892735
1642516784.575902 0.611883 1.239280 -0.211832 -0.372116 -0.245089 -0.064840 -0.892892
1642516784.584235 0.606555 1.235222 -0.208042 -0.374435 -0.241047 -0.065212 -0.892996
1642516784.592568 0.601166 1.231040 -0.204138 -0.377023 -0.236856 -0.065511 -0.893007
1642516784.600902 0.595687 1.226790 -0.200143 -0.379811 -0.232181 -0.066013 -0.893016
1642516784.609235 0.590150 1.222451 -0.196032 -0.382918 -0.226574 -0.066754 -0.893074
1642516784.617568 0.584488 1.218044 -0.191876 -0.386069 -0.221556 -0.067414 -0.892927
1642516784.625902 0.578808 1.213614 -0.187686 -0.389346 -0.216284 -0.068062 -0.892748
1642516784.634235 0.573025 1.209172 -0.183462 -0.392557 -0.211158 -0.068886 -0.892505
1642516784.642568 0.567169 1.204738 -0.179230 -0.395794 -0.206263 -0.069855 -0.892145
1642516784.650902 0.561245 1.200341 -0.174996 -0.399006 -0.201788 -0.070664 -0.891674
1642516784.659235 0.555250 1.195989 -0.170803 -0.402332 -0.197785 -0.071338 -0.891023
1642516784.667568 0.549252 1.191663 -0.166650 -0.405448 -0.194098 -0.072673 -0.890313
1642516784.675902 0.543239 1.187395 -0.162545 -0.408620 -0.190608 -0.074238 -0.889487
1642516784.684235 0.537218 1.183204 -0.158549 -0.411820 -0.187281 -0.076030 -0.888566
1642516784.692568 0.531150 1.179169 -0.154715 -0.414970 -0.185030 -0.077955 -0.887405
1642516784.700902 0.525076 1.175265 -0.151069 -0.418052 -0.183230 -0.080115 -0.886138
1642516784.709235 0.519025 1.171481 -0.147616 -0.421069 -0.181733 -0.082892 -0.884762
1642516784.717568 0.512949 1.167951 -0.144299 -0.423750 -0.180615 -0.085569 -0.883455
1642516784.725902 0.506830 1.164635 -0.141226 -0.426828 -0.179657 -0.088142 -0.881914
1642516784.734235 0.500698 1.161568 -0.138394 -0.430019 -0.179141 -0.090708 -0.880207
1642516784.742568 0.494556 1.158781 -0.135839 -0.433277 -0.178747 -0.093384 -0.878407
1642516784.750902 0.488460 1.156307 -0.133571 -0.436630 -0.177656 -0.096062 -0.876678
1642516784.759235 0.482396 1.154208 -0.131665 -0.439932 -0.176432 -0.098797 -0.874969
1642516784.767568 0.476323 1.152468 -0.130097 -0.442688 -0.175232 -0.100651 -0.873608
1642516784.775902 0.470272 1.151140 -0.128938 -0.445000 -0.173682 -0.102089 -0.872575
1642516784.784235 0.464226 1.150261 -0.128189 -0.446743 -0.172094 -0.103138 -0.871875
1642516784.792568 0.458188 1.149825 -0.127848 -0.447964 -0.170216 -0.103836 -0.871535
1642516784.800902 0.452195 1.149778 -0.127931 -0.448720 -0.167919 -0.103914 -0.871582
1642516784.809235 0.446179 1.150183 -0.128415 -0.448992 -0.165660 -0.103744 -0.871894
1642516784.817568 0.440158 1.151019 -0.129296 -0.448801 -0.163200 -0.103316 -0.872507
1642516784.825902 0.434151 1.152295 -0.130561 -0.448210 -0.160377 -0.102557 -0.873424
1642516784.834235 0.428145 1.153978 -0.132229 -0.447429 -0.157555 -0.101402 -0.874472
1642516784.842568 0.422154 1.156081 -0.134236 -0.445599 -0.154691 -0.100473 -0.876024
1642516784.850902 0.416172 1.158566 -0.136603 -0.443276 -0.152046 -0.099384 -0.877788
1642516784.859235 0.410242 1.161412 -0.139274 -0.440582 -0.149412 -0.098269 -0.879720
1642516784.867568 0.404266 1.164579 -0.142252 -0.437336 -0.147218 -0.097306 -0.881814
1642516784.875902 0.398320 1.167974 -0.145499 -0.433835 -0.145084 -0.096084 -0.884028
1642516784.884235 0.392317 1.171629 -0.148969 -0.430128 -0.143190 -0.095105 -0.886252
1642516784.892568 0.386345 1.175511 -0.152645 -0.426282 -0.141278 -0.094252 -0.888505
1642516784.900902 0.380332 1.179656 -0.156471 -0.422408 -0.139320 -0.093617 -0.890729
1642516784.909235 0.374329 1.183915 -0.160508 -0.418498 -0.137922 -0.093632 -0.892788
1642516784.917568 0.368315 1.188342 -0.164716 -0.414658 -0.136687 -0.093898 -0.894740
1642516784.925902 0.362292 1.192915 -0.169073 -0.410846 -0.135596 -0.094375 -0.896612
1642516784.934235 0.356281 1.197598 -0.173556 -0.407159 -0.134528 -0.095245 -0.898361
1642516784.942568 0.350304 1.202344 -0.178163 -0.403531 -0.133326 -0.096605 -0.900030
1642516784.950902 0.344276 1.207219 -0.182884 -0.400068 -0.132326 -0.097528 -0.901623
1642516784.959235 0.338265 1.212124 -0.187706 -0.396691 -0.130908 -0.098593 -0.903205
1642516784.967568 0.332261 1.217093 -0.192615 -0.393479 -0.129547 -0.099875 -0.904664
1642516784.975902 0.326256 1.222098 -0.197588 -0.390429 -0.127885 -0.101192 -0.906074
1642516784.984235 0.320272 1.227118 -0.202657 -0.387375 -0.125584 -0.102723 -0.907534
1642516784.992568 0.314330 1.232137 -0.207770 -0.384505 -0.123273 -0.103843 -0.908943
1642516785.000902 0.308383 1.237178 -0.212930 -0.381777 -0.120774 -0.104936 -0.910301
1642516785.009235 0.302485 1.242184 -0.218177 -0.378889 -0.117340 -0.105988 -0.911834
1642516785.017568 0.296628 1.247153 -0.223459 -0.375753 -0.113184 -0.106854 -0.913554
1642516785.025902 0.290732 1.252114 -0.228793 -0.372379 -0.108337 -0.107517 -0.915444
1642516785.034235 0.284853 1.257005 -0.234110 -0.369266 -0.104404 -0.107974 -0.917106
1642516785.042568 0.279033 1.261764 -0.239459 -0.365837 -0.099608 -0.108492 -0.918951
1642516785.050902 0.273219 1.266447 -0.244782 -0.362198 -0.094470 -0.108812 -0.920895
1642516785.059235 0.267426 1.271032 -0.250064 -0.358177 -0.088829 -0.109221 -0.922979
1642516785.067568 0.261642 1.275527 -0.255290 -0.353968 -0.082964 -0.109586 -0.925103
1642516785.075902 0.255876 1.279908 -0.260494 -0.349317 -0.077089 -0.109743 -0.927357
1642516785.084235 0.250102 1.284177 -0.265636 -0.344271 -0.071186 -0.109895 -0.929695
1642516785.092568 0.244351 1.288295 -0.270698 -0.338702 -0.065055 -0.109999 -0.932175
1642516785.100902 0.238589 1.292279 -0.275636 -0.332855 -0.058296 -0.110444 -0.934672
1642516785.109235 0.232806 1.296115 -0.280425 -0.326921 -0.051257 -0.111142 -0.937093
1642516785.117568 0.227005 1.299764 -0.285062 -0.320920 -0.044223 -0.112026 -0.939417
1642516785.125902 0.221192 1.303220 -0.289523 -0.314891 -0.037572 -0.113154 -0.941609
1642516785.134235 0.215381 1.306470 -0.293779 -0.308878 -0.030978 -0.114438 -0.943684
1642516785.142568 0.209603 1.309476 -0.297843 -0.302976 -0.025167 -0.115747 -0.945608
1642516785.150902 0.203846 1.312303 -0.301638 -0.297117 -0.019616 -0.117665 -0.947360
1642516785.159235 0.198148 1.314889 -0.305213 -0.291181 -0.014182 -0.119749 -0.949038
1642516785.167568 0.192487 1.317245 -0.308589 -0.284709 -0.008023 -0.122620 -0.950705
1642516785.175902 0.186798 1.319461 -0.311610 -0.279241 -0.004831 -0.125044 -0.952032
1642516785.184235 0.181197 1.321439 -0.314377 -0.273479 -0.001043 -0.127998 -0.953323
1642516785.192568 0.175653 1.323204 -0.316843 -0.267794 0.002645 -0.131275 -0.954488
1642516785.200902 0.170179 1.324722 -0.319061 -0.262289 0.005258 -0.134299 -0.955584
1642516785.209235 0.164789 1.326003 -0.320998 -0.256899 0.007595 -0.137370 -0.956595
1642516785.217568 0.159446 1.327057 -0.322639 -0.251677 0.009325 -0.140184 -0.957560
1642516785.225902 0.154168 1.327874 -0.323984 -0.246455 0.011145 -0.142680 -0.958529
1642516785.234235 0.149026 1.328452 -0.325079 -0.242224 0.012604 -0.145791 -0.959121
1642516785.242568 0.143956 1.328877 -0.325827 -0.237942 0.013999 -0.149009 -0.959679
1642516785.250902 0.138916 1.329042 -0.326262 -0.234148 0.015576 -0.151897 -0.960135
1642516785.259235 0.133964 1.328944 -0.326399 -0.230930 0.016474 -0.154192 -0.960534
1642516785.267568 0.129029 1.328656 -0.326199 -0.228302 0.017575 -0.156609 -0.960751
1642516785.275902 0.124229 1.328069 -0.325778 -0.225501 0.019535 -0.158902 -0.960998
1642516785.284235 0.119424 1.327317 -0.325027 -0.223456 0.021388 -0.161174 -0.961058
1642516785.292568 0.114638 1.326369 -0.323977 -0.221572 0.023586 -0.163479 -0.961054
1642516785.300902 0.109928 1.325173 -0.322672 -0.220108 0.025575 -0.165190 -0.961047
1642516785.309235 0.105274 1.323758 -0.321083 -0.219199 0.027247 -0.166357 -0.961007
1642516785.317568 0.100609 1.322203 -0.319196 -0.218699 0.029346 -0.167685 -0.960828
1642516785.325902 0.095978 1.320465 -0.317050 -0.218340 0.032664 -0.169443 -0.960495
1642516785.334235 0.091433 1.318493 -0.314625 -0.218589 0.035937 -0.170469 -0.960140
1642516785.342568 0.086885 1.316424 -0.311925 -0.219156 0.040170 -0.172132 -0.959545
1642516785.350902 0.082318 1.314239 -0.309048 -0.220099 0.043917 -0.173562 -0.958908
1642516785.359235 0.077873 1.311842 -0.305978 -0.221325 0.047676 -0.174463 -0.958282
1642516785.367568 0.073445 1.309365 -0.302748 -0.222591 0.051391 -0.175664 -0.957577
1642516785.375902 0.069067 1.306755 -0.299365 -0.224070 0.055171 -0.176946 -0.956786
1642516785.384235 0.064692 1.304107 -0.295745 -0.225729 0.059100 -0.178338 -0.955902
1642516785.392568 0.060329 1.301380 -0.291939 -0.228162 0.061565 -0.179284 -0.954992
1642516785.400902 0.056050 1.298569 -0.287995 -0.230738 0.064797 -0.180814 -0.953870
1642516785.409235 0.051860 1.295689 -0.283893 -0.233861 0.067645 -0.182208 -0.952646
1642516785.417568 0.047730 1.292772 -0.279667 -0.237536 0.070243 -0.183719 -0.951257
1642516785.425902 0.043719 1.289834 -0.275362 -0.241728 0.072466 -0.185315 -0.949724
1642516785.434235 0.039761 1.286944 -0.271026 -0.246060 0.074413 -0.187284 -0.948073
1642516785.442568 0.035897 1.284086 -0.266662 -0.250655 0.076113 -0.189377 -0.946317
1642516785.450902 0.032166 1.281284 -0.262304 -0.255477 0.077323 -0.191530 -0.944494
1642516785.459235 0.028573 1.278517 -0.257964 -0.260333 0.078728 -0.193674 -0.942613
1642516785.467568 0.025187 1.275815 -0.253675 -0.265146 0.080500 -0.195818 -0.940677
1642516785.475902 0.021959 1.273256 -0.249464 -0.270409 0.081223 -0.197687 -0.938724
1642516785.484235 0.018951 1.270854 -0.245405 -0.275652 0.081775 -0.199531 -0.936759
1642516785.492568 0.016236 1.268589 -0.241507 -0.280926 0.082001 -0.200762 -0.934907
1642516785.500902 0.013762 1.266571 -0.237837 -0.285994 0.081997 -0.202233 -0.933052
1642516785.509235 0.011558 1.264773 -0.234446 -0.291075 0.081728 -0.203708 -0.931182
1642516785.517568 0.009536 1.263264 -0.231236 -0.295189 0.081252 -0.204566 -0.929739
1642516785.525902 0.007739 1.262052 -0.228301 -0.299163 0.080163 -0.205004 -0.928466
1642516785.534235 0.006158 1.261163 -0.225606 -0.303227 0.078447 -0.204980 -0.927298
1642516785.542568 0.004856 1.260505 -0.223267 -0.306547 0.077987 -0.205091 -0.926221
1642516785.550902 0.003787 1.260160 -0.221250 -0.309717 0.077605 -0.204826 -0.925256
1642516785.559235 0.002956 1.260145 -0.219585 -0.312601 0.077463 -0.204198 -0.924437
1642516785.567568 0.002364 1.260466 -0.218262 -0.315158 0.077800 -0.203333 -0.923731
1642516785.575902 0.001996 1.261125 -0.217309 -0.317317 0.078546 -0.202261 -0.923164
1642516785.584235 0.001839 1.262118 -0.216754 -0.319233 0.079145 -0.200791 -0.922773
1642516785.592568 0.001894 1.263405 -0.216607 -0.320997 0.080264 -0.199193 -0.922410
1642516785.600902 0.002150 1.265121 -0.216776 -0.321763 0.081286 -0.197407 -0.922438
1642516785.609235 0.002620 1.267179 -0.217334 -0.322064 0.082420 -0.195433 -0.922653
1642516785.617568 0.003305 1.269576 -0.218263 -0.321861 0.083608 -0.193238 -0.923079
1642516785.625902 0.004216 1.272302 -0.219566 -0.321080 0.084732 -0.190857 -0.923743
1642516785.634235 0.005369 1.275359 -0.221252 -0.319672 0.085863 -0.188352 -0.924641
1642516785.642568 0.006733 1.278731 -0.223305 -0.317654 0.086768 -0.185596 -0.925809
1642516785.650902 0.008313 1.282394 -0.225692 -0.315103 0.087436 -0.182736 -0.927185
1642516785.659235 0.010062 1.286344 -0.228369 -0.311989 0.088145 -0.179886 -0.928727
1642516785.667568 0.011950 1.290507 -0.231329 -0.308411 0.088639 -0.176791 -0.930468
1642516785.675902 0.014002 1.294942 -0.234558 -0.304861 0.088901 -0.174303 -0.932081
1642516785.684235 0.016183 1.299593 -0.238014 -0.300980 0.089399 -0.172112 -0.933700
1642516785.692568 0.018472 1.304410 -0.241667 -0.296972 0.090038 -0.170024 -0.935304
1642516785.700902 0.020860 1.309386 -0.245509 -0.292760 0.090930 -0.168197 -0.936874
1642516785.709235 0.023313 1.314543 -0.249448 -0.289178 0.090686 -0.166189 -0.938367
1642516785.717568 0.025916 1.319790 -0.253557 -0.285381 0.091249 -0.164500 -0.939772
1642516785.725902 0.028643 1.325123 -0.257811 -0.281733 0.091917 -0.162892 -0.941087
1642516785.734235 0.031497 1.330533 -0.262179 -0.278185 0.092545 -0.161434 -0.942331
1642516785.742568 0.034453 1.335996 -0.266658 -0.274814 0.093062 -0.159967 -0.943519
1642516785.750902 0.037516 1.341504 -0.271233 -0.271413 0.093713 -0.158769 -0.944640
1642516785.759235 0.040748 1.346964 -0.275864 -0.268294 0.094127 -0.157179 -0.945755
1642516785.767568 0.044053 1.352461 -0.280589 -0.265039 0.094644 -0.155913 -0.946831
1642516785.775902 0.047469 1.357946 -0.285367 -0.261623 0.095026 -0.154676 -0.947944
1642516785.784235 0.050998 1.363398 -0.290184 -0.258085 0.095403 -0.153345 -0.949092
1642516785.792568 0.054642 1.368794 -0.295037 -0.254423 0.095889 -0.151994 -0.950248
1642516785.800902 0.058404 1.374127 -0.299894 -0.250626 0.096356 -0.150669 -0.951421
1642516785.809235 0.062256 1.379387 -0.304737 -0.246873 0.096748 -0.149274 -0.952581
1642516785.817568 0.066204 1.384560 -0.309544 -0.243042 0.097345 -0.147830 -0.953730
1642516785.825902 0.070245 1.389631 -0.314296 -0.239264 0.097788 -0.146297 -0.954876
1642516785.834235 0.074371 1.394599 -0.318990 -0.235444 0.098230 -0.144653 -0.956030
1642516785.842568 0.078549 1.399486 -0.323591 -0.231344 0.098812 -0.143054 -0.957210
1642516785.850902 0.082753 1.404289 -0.328104 -0.227019 0.099571 -0.141576 -0.958386
1642516785.859235 0.087052 1.408925 -0.332527 -0.222490 0.100169 -0.139970 -0.959621
1642516785.867568 0.091430 1.413410 -0.336836 -0.217527 0.101162 -0.138387 -0.960884
1642516785.875902 0.095886 1.417737 -0.341030 -0.211943 0.102938 -0.136854 -0.962162
1642516785.884235 0.100309 1.421976 -0.345027 -0.206956 0.102869 -0.134730 -0.963553
1642516785.892568 0.104778 1.426067 -0.348811 -0.202128 0.102430 -0.132404 -0.964947
1642516785.900902 0.109337 1.429967 -0.352445 -0.196420 0.103368 -0.130497 -0.966284
1642516785.909235 0.113851 1.433807 -0.355823 -0.191023 0.103774 -0.128360 -0.967608
1642516785.917568 0.118406 1.437475 -0.358950 -0.185913 0.103364 -0.125875 -0.968973
1642516785.925902 0.122913 1.441048 -0.361837 -0.180896 0.102599 -0.123443 -0.970315
1642516785.934235 0.127498 1.444397 -0.364503 -0.175245 0.102981 -0.121231 -0.971590
1642516785.942568 0.131923 1.447751 -0.366826 -0.170170 0.101980 -0.119096 -0.972861
1642516785.950902 0.136528 1.450758 -0.368956 -0.164493 0.101902 -0.116768 -0.974127
1642516785.959235 0.140964 1.453767 -0.370715 -0.159301 0.101064 -0.114866 -0.975303
1642516785.967568 0.145321 1.456666 -0.372151 -0.154345 0.100001 -0.113063 -0.976419
1642516785.975902 0.149672 1.459406 -0.373222 -0.149731 0.098772 -0.111023 -0.977496
1642516785.984235 0.154041 1.461895 -0.374035 -0.145402 0.096901 -0.108863 -0.978579
1642516785.992568 0.158279 1.464320 -0.374477 -0.141233 0.095307 -0.107232 -0.979526
1642516786.000902 0.162439 1.466600 -0.374598 -0.137351 0.093481 -0.105846 -0.980404
1642516786.009235 0.166571 1.468688 -0.374356 -0.134020 0.091080 -0.103985 -0.981290
1642516786.017568 0.170627 1.470610 -0.373748 -0.131453 0.087774 -0.101689 -0.982179
1642516786.025902 0.174560 1.472402 -0.372856 -0.128233 0.086764 -0.101461 -0.982718
1642516786.034235 0.178498 1.473949 -0.371657 -0.125249 0.085510 -0.100917 -0.983268
1642516786.042568 0.182351 1.475342 -0.370066 -0.123427 0.082826 -0.099911 -0.983831
1642516786.050902 0.186159 1.476548 -0.368131 -0.122385 0.079368 -0.098512 -0.984387
1642516786.059235 0.189852 1.477619 -0.365932 -0.120646 0.078237 -0.099227 -0.984621
1642516786.067568 0.193539 1.478477 -0.363366 -0.120411 0.074200 -0.098026 -0.985082
1642516786.075902 0.197139 1.479193 -0.360559 -0.119572 0.072267 -0.098619 -0.985269
1642516786.084235 0.200779 1.479641 -0.357484 -0.119148 0.069286 -0.098104 -0.985586
1642516786.092568 0.204332 1.479946 -0.354166 -0.118385 0.067511 -0.098751 -0.985736
1642516786.100902 0.207887 1.479988 -0.350666 -0.117393 0.065599 -0.098970 -0.985962
1642516786.109235 0.211314 1.479913 -0.346868 -0.116690 0.064338 -0.100245 -0.986000
1642516786.117568 0.214809 1.479501 -0.342855 -0.116462 0.061795 -0.099792 -0.986235
1642516786.125902 0.218224 1.478891 -0.338622 -0.116447 0.059442 -0.099551 -0.986406
1642516786.134235 0.221561 1.478099 -0.334137 -0.116668 0.058169 -0.100208 -0.986389
1642516786.142568 0.224945 1.476996 -0.329384 -0.117752 0.055733 -0.099245 -0.986498
1642516786.150902 0.228192 1.475764 -0.324369 -0.119565 0.053869 -0.099017 -0.986407
1642516786.159235 0.231446 1.474301 -0.319194 -0.121277 0.053539 -0.099301 -0.986187
1642516786.167568 0.234692 1.472627 -0.313857 -0.122990 0.054203 -0.100061 -0.985862
1642516786.175902 0.237844 1.470816 -0.308324 -0.125512 0.054024 -0.100446 -0.985515
1642516786.184235 0.240930 1.468864 -0.302650 -0.128314 0.054016 -0.101009 -0.985097
1642516786.192568 0.243954 1.466787 -0.296830 -0.131262 0.054113 -0.101806 -0.984621
1642516786.200902 0.246913 1.464627 -0.290896 -0.134830 0.054018 -0.102864 -0.984034
1642516786.209235 0.249840 1.462370 -0.284876 -0.139156 0.052080 -0.102652 -0.983558
1642516786.217568 0.252700 1.460027 -0.278907 -0.142745 0.051673 -0.103722 -0.982952
1642516786.225902 0.255556 1.457658 -0.272918 -0.146285 0.051870 -0.105136 -0.982271
1642516786.234235 0.258397 1.455276 -0.266961 -0.149966 0.052428 -0.106849 -0.981501
1642516786.242568 0.261328 1.452807 -0.261065 -0.153964 0.051616 -0.107185 -0.980888
1642516786.250902 0.264177 1.450398 -0.255252 -0.158041 0.051029 -0.108292 -0.980149
1642516786.259235 0.267053 1.447970 -0.249558 -0.161877 0.051503 -0.110091 -0.979297
1642516786.267568 0.269917 1.445589 -0.243999 -0.165854 0.052108 -0.112490 -0.978327
1642516786.275902 0.272899 1.443158 -0.238621 -0.170266 0.051715 -0.114092 -0.977404
1642516786.284235 0.275856 1.440869 -0.233446 -0.174824 0.051882 -0.116843 -0.976265
1642516786.292568 0.278979 1.438586 -0.228539 -0.179803 0.051003 -0.118638 -0.975190
1642516786.300902 0.282089 1.436525 -0.223948 -0.184508 0.051116 -0.121664 -0.973931
1642516786.309235 0.285386 1.434541 -0.219728 -0.189231 0.050528 -0.123879 -0.972776
1642516786.317568 0.288849 1.432699 -0.215921 -0.193511 0.049902 -0.125629 -0.971741
1642516786.325902 0.292429 1.431074 -0.212552 -0.197360 0.049200 -0.127552 -0.970752
1642516786.334235 0.296145 1.429664 -0.209653 -0.200911 0.048335 -0.129257 -0.969841
1642516786.342568 0.300062 1.428452 -0.207199 -0.204048 0.047276 -0.130388 -0.969086
1642516786.350902 0.304113 1.427488 -0.205203 -0.206669 0.046153 -0.131081 -0.968491
1642516786.359235 0.308250 1.426833 -0.203662 -0.208844 0.045216 -0.131699 -0.967985
1642516786.367568 0.312607 1.426344 -0.202681 -0.210775 0.043164 -0.131442 -0.967695
1642516786.375902 0.317181 1.426075 -0.202238 -0.211920 0.041897 -0.130713 -0.967600
1642516786.384235 0.321779 1.426180 -0.202233 -0.212421 0.041420 -0.129960 -0.967611
1642516786.392568 0.326529 1.426482 -0.202797 -0.212383 0.040587 -0.128908 -0.967796
1642516786.400902 0.331442 1.426946 -0.203856 -0.212093 0.039544 -0.127106 -0.968141
1642516786.409235 0.336362 1.427707 -0.205338 -0.211307 0.039052 -0.125284 -0.968570
1642516786.417568 0.341341 1.428690 -0.207245 -0.210036 0.039630 -0.123543 -0.969047
1642516786.425902 0.346322 1.429871 -0.209532 -0.208851 0.039177 -0.121274 -0.969608
1642516786.434235 0.351329 1.431225 -0.212196 -0.207576 0.038587 -0.118365 -0.970264
1642516786.442568 0.356256 1.432840 -0.215197 -0.206028 0.038811 -0.116193 -0.970848
1642516786.450902 0.361139 1.434652 -0.218536 -0.204330 0.039004 -0.113883 -0.971472
1642516786.459235 0.365984 1.436648 -0.222191 -0.202442 0.039301 -0.111508 -0.972131
1642516786.467568 0.370778 1.438863 -0.226080 -0.200449 0.040654 -0.109844 -0.972678
1642516786.475902 0.375567 1.441166 -0.230301 -0.198617 0.040328 -0.107114 -0.973371
1642516786.484235 0.380252 1.443694 -0.234700 -0.196571 0.041947 -0.106015 -0.973838
1642516786.492568 0.385019 1.446203 -0.239367 -0.194894 0.041550 -0.103221 -0.974492
1642516786.500902 0.389673 1.448872 -0.244259 -0.193275 0.041624 -0.101247 -0.975019
1642516786.509235 0.394271 1.451660 -0.249310 -0.191547 0.042759 -0.100291 -0.975409
1642516786.517568 0.398938 1.454390 -0.254590 -0.190196 0.041984 -0.097693 -0.975971
1642516786.525902 0.403484 1.457296 -0.259985 -0.188531 0.043127 -0.096970 -0.976316
1642516786.534235 0.408099 1.460127 -0.265550 -0.186858 0.043259 -0.094981 -0.976827
1642516786.542568 0.412741 1.462894 -0.271296 -0.184931 0.043546 -0.092747 -0.977396
1642516786.550902 0.417146 1.465853 -0.277050 -0.183570 0.043979 -0.091701 -0.977732
1642516786.559235 0.421641 1.468637 -0.282990 -0.181300 0.045130 -0.090074 -0.978254
1642516786.567568 0.426055 1.471393 -0.289007 -0.179802 0.044660 -0.087737 -0.978764
1642516786.575902 0.430278 1.474242 -0.295040 -0.178012 0.046280 -0.087460 -0.979041
1642516786.584235 0.434458 1.477008 -0.301080 -0.175771 0.046833 -0.085995 -0.979549
1642516786.592568 0.438562 1.479744 -0.307130 -0.173160 0.047479 -0.084482 -0.980114
1642516786.600902 0.442590 1.482449 -0.313159 -0.170305 0.047956 -0.082846 -0.980731
1642516786.609235 0.446555 1.485086 -0.319146 -0.167552 0.047887 -0.080835 -0.981376
1642516786.617568 0.450448 1.487648 -0.325090 -0.164973 0.046805 -0.077975 -0.982096
1642516786.625902 0.454202 1.490220 -0.330977 -0.161119 0.049486 -0.077936 -0.982608
1642516786.634235 0.457910 1.492687 -0.336785 -0.158135 0.049692 -0.076163 -0.983221
1642516786.642568 0.461542 1.495094 -0.342512 -0.155051 0.049875 -0.074445 -0.983834
1642516786.650902 0.465082 1.497427 -0.348172 -0.151902 0.050094 -0.072677 -0.984446
1642516786.659235 0.468526 1.499672 -0.353766 -0.148857 0.050184 -0.070846 -0.985040
1642516786.667568 0.471881 1.501910 -0.359248 -0.145300 0.049921 -0.068677 -0.985738
1642516786.675902 0.475121 1.504099 -0.364619 -0.141849 0.048665 -0.066043 -0.986483
1642516786.684235 0.478307 1.506194 -0.369930 -0.137304 0.048873 -0.063856 -0.987260
1642516786.692568 0.481405 1.508204 -0.375144 -0.132058 0.049554 -0.061868 -0.988068
1642516786.700902 0.484337 1.510198 -0.380188 -0.127420 0.048466 -0.059091 -0.988900
1642516786.709235 0.487188 1.512099 -0.385123 -0.121511 0.049100 -0.056927 -0.989739
1642516786.717568 0.489864 1.513976 -0.389814 -0.116567 0.047846 -0.054061 -0.990556
1642516786.725902 0.492435 1.515774 -0.394321 -0.110860 0.047496 -0.051530 -0.991362
1642516786.734235 0.494856 1.517549 -0.398582 -0.104856 0.047434 -0.049127 -0.992140
1642516786.742568 0.497152 1.519254 -0.402592 -0.098959 0.047137 -0.046551 -0.992884
1642516786.750902 0.499313 1.520886 -0.406349 -0.093094 0.046300 -0.043445 -0.993631
1642516786.759235 0.501266 1.522460 -0.409846 -0.087305 0.045282 -0.040716 -0.994319
1642516786.767568 0.503080 1.523974 -0.412993 -0.081656 0.044763 -0.038740 -0.994901
1642516786.775902 0.504699 1.525438 -0.415816 -0.076321 0.044237 -0.036566 -0.995430
1642516786.784235 0.506121 1.526836 -0.418274 -0.071183 0.043756 -0.034499 -0.995906
1642516786.792568 0.507297 1.528215 -0.420332 -0.066126 0.043272 -0.032312 -0.996349
1642516786.800902 0.508307 1.529481 -0.421998 -0.062006 0.042618 -0.031080 -0.996681
1642516786.809235 0.509097 1.530691 -0.423233 -0.058378 0.042019 -0.030169 -0.996954
1642516786.817568 0.509763 1.531748 -0.424149 -0.055283 0.041096 -0.029287 -0.997195
1642516786.825902 0.510173 1.532794 -0.424613 -0.052624 0.040295 -0.028943 -0.997381
1642516786.834235 0.510484 1.533657 -0.424763 -0.050291 0.039346 -0.028638 -0.997548
1642516786.842568 0.510558 1.534491 -0.424467 -0.048472 0.038604 -0.029017 -0.997656
1642516786.850902 0.510477 1.535194 -0.423848 -0.046882 0.037852 -0.029513 -0.997747
1642516786.859235 0.510305 1.535733 -0.422884 -0.045596 0.036744 -0.029921 -0.997835
1642516786.867568 0.510024 1.536131 -0.421587 -0.044494 0.035474 -0.030482 -0.997914
1642516786.875902 0.509636 1.536391 -0.419967 -0.043778 0.034071 -0.031174 -0.997973
1642516786.884235 0.509143 1.536507 -0.418004 -0.043326 0.032528 -0.032237 -0.998011
1642516786.892568 0.508563 1.536510 -0.415707 -0.043189 0.030970 -0.033646 -0.998020
1642516786.900902 0.507882 1.536407 -0.413058 -0.043282 0.029923 -0.035915 -0.997969
1642516786.909235 0.507182 1.536124 -0.410129 -0.043920 0.027502 -0.037069 -0.997968
1642516786.917568 0.506461 1.535701 -0.406886 -0.044955 0.025065 -0.038420 -0.997935
1642516786.925902 0.505721 1.535129 -0.403335 -0.046254 0.022473 -0.039786 -0.997884
1642516786.934235 0.504978 1.534395 -0.399499 -0.047843 0.019511 -0.040851 -0.997828
1642516786.942568 0.504254 1.533465 -0.395391 -0.049806 0.015907 -0.041292 -0.997778
1642516786.950902 0.503476 1.532442 -0.391018 -0.051813 0.013277 -0.042776 -0.997652
1642516786.959235 0.502668 1.531246 -0.386367 -0.054233 0.010198 -0.043939 -0.997509
1642516786.967568 0.501865 1.529908 -0.381467 -0.056701 0.007676 -0.045239 -0.997336
1642516786.975902 0.501083 1.528398 -0.376336 -0.059526 0.005024 -0.046310 -0.997139
1642516786.984235 0.500291 1.526727 -0.371001 -0.062571 0.002827 -0.047537 -0.996904
1642516786.992568 0.499488 1.524886 -0.365483 -0.065615 0.001203 -0.049081 -0.996637
1642516787.000902 0.498820 1.522783 -0.359803 -0.069067 -0.001342 -0.049044 -0.996405
1642516787.009235 0.498106 1.520534 -0.353972 -0.072437 -0.003047 -0.049790 -0.996125
1642516787.017568 0.497441 1.518094 -0.348011 -0.075901 -0.004477 -0.050613 -0.995820
1642516787.025902 0.496822 1.515476 -0.341932 -0.079947 -0.006155 -0.051310 -0.995459
1642516787.034235 0.496232 1.512723 -0.335742 -0.084518 -0.007797 -0.052071 -0.995030
1642516787.042568 0.495721 1.509793 -0.329486 -0.089286 -0.008965 -0.053162 -0.994546
1642516787.050902 0.495296 1.506751 -0.323141 -0.094720 -0.010119 -0.054092 -0.993982
1642516787.059235 0.494966 1.503593 -0.316760 -0.100584 -0.011183 -0.054906 -0.993349
1642516787.067568 0.494790 1.500299 -0.310429 -0.106881 -0.012319 -0.055299 -0.992656
1642516787.075902 0.494629 1.497042 -0.304065 -0.113553 -0.013085 -0.055972 -0.991868
1642516787.084235 0.494666 1.493642 -0.297885 -0.120434 -0.014050 -0.056124 -0.991034
1642516787.092568 0.494814 1.490240 -0.291817 -0.127467 -0.015100 -0.056267 -0.990130
1642516787.100902 0.495077 1.486841 -0.285854 -0.134980 -0.016206 -0.056478 -0.989105
1642516787.109235 0.495515 1.483403 -0.280124 -0.142052 -0.016490 -0.056835 -0.988089
1642516787.117568 0.496191 1.479902 -0.274696 -0.148152 -0.014427 -0.058196 -0.987145
1642516787.125902 0.496892 1.476510 -0.269468 -0.155491 -0.015444 -0.058222 -0.985999
1642516787.134235 0.497740 1.473149 -0.264558 -0.162591 -0.016844 -0.058116 -0.984836
1642516787.142568 0.498714 1.469842 -0.260012 -0.169360 -0.018342 -0.057848 -0.983684
1642516787.150902 0.499815 1.466601 -0.255839 -0.176118 -0.020651 -0.057296 -0.982483
1642516787.159235 0.500967 1.463495 -0.252022 -0.183235 -0.025157 -0.055940 -0.981154
1642516787.167568 0.502350 1.460392 -0.248705 -0.188706 -0.026760 -0.055571 -0.980095
1642516787.175902 0.503875 1.457368 -0.245794 -0.193725 -0.028272 -0.055281 -0.979089
1642516787.184235 0.505540 1.454437 -0.243319 -0.198185 -0.029481 -0.054941 -0.978179
1642516787.192568 0.507219 1.451703 -0.241223 -0.202906 -0.031962 -0.054424 -0.977162
1642516787.200902 0.508961 1.449115 -0.239550 -0.207231 -0.034981 -0.053703 -0.976190
1642516787.209235 0.510737 1.446712 -0.238312 -0.211073 -0.038239 -0.052927 -0.975287
1642516787.217568 0.512503 1.444510 -0.237514 -0.214384 -0.041840 -0.052113 -0.974461
1642516787.225902 0.514299 1.442469 -0.237130 -0.216847 -0.045140 -0.051314 -0.973810
1642516787.234235 0.516093 1.440632 -0.237132 -0.218563 -0.048265 -0.050583 -0.973315
1642516787.242568 0.517899 1.438922 -0.237595 -0.219948 -0.052374 -0.049296 -0.972857
1642516787.250902 0.519625 1.437463 -0.238360 -0.220915 -0.056239 -0.048464 -0.972463
1642516787.259235 0.521269 1.436218 -0.239422 -0.221630 -0.059764 -0.047947 -0.972116
1642516787.267568 0.522888 1.435120 -0.240856 -0.222411 -0.063942 -0.047291 -0.971704
1642516787.275902 0.524450 1.434186 -0.242606 -0.223107 -0.068249 -0.046871 -0.971272
1642516787.284235 0.525840 1.433532 -0.244573 -0.223844 -0.072087 -0.047193 -0.970809
1642516787.292568 0.527244 1.432978 -0.246932 -0.225053 -0.076723 -0.047554 -0.970156
1642516787.300902 0.528472 1.432651 -0.249453 -0.225455 -0.080897 -0.047979 -0.969703
1642516787.309235 0.529564 1.432521 -0.252200 -0.225724 -0.084911 -0.048604 -0.969266
1642516787.317568 0.530607 1.432481 -0.255241 -0.225875 -0.089489 -0.048826 -0.968808
1642516787.325902 0.531498 1.432643 -0.258422 -0.225682 -0.093385 -0.049656 -0.968443
1642516787.334235 0.532313 1.432896 -0.261854 -0.225416 -0.097818 -0.050119 -0.968043
1642516787.342568 0.533019 1.433273 -0.265462 -0.224996 -0.102330 -0.050573 -0.967651
1642516787.350902 0.533595 1.433768 -0.269219 -0.224578 -0.107178 -0.050935 -0.967204
1642516787.359235 0.533999 1.434375 -0.273104 -0.224396 -0.112980 -0.051092 -0.966577
1642516787.367568 0.534334 1.435060 -0.277140 -0.223824 -0.117493 -0.051652 -0.966142
1642516787.375902 0.534554 1.435857 -0.281264 -0.223215 -0.121340 -0.052495 -0.965762
1642516787.384235 0.534603 1.436698 -0.285502 -0.222336 -0.125961 -0.052968 -0.965347
1642516787.392568 0.534514 1.437611 -0.289804 -0.221207 -0.130363 -0.053497 -0.964993
1642516787.400902 0.534339 1.438510 -0.294195 -0.219976 -0.135484 -0.053000 -0.964596
1642516787.409235 0.533943 1.439547 -0.298499 -0.218525 -0.138253 -0.054200 -0.964466
1642516787.417568 0.533464 1.440545 -0.302877 -0.216999 -0.142304 -0.054358 -0.964213
1642516787.425902 0.532861 1.441533 -0.307271 -0.215586 -0.146267 -0.054859 -0.963908
1642516787.434235 0.532005 1.442641 -0.311526 -0.212759 -0.150202 -0.053979 -0.963981
1642516787.442568 0.531048 1.443700 -0.315786 -0.210380 -0.154037 -0.053739 -0.963911
1642516787.450902 0.529941 1.444758 -0.319962 -0.207640 -0.158122 -0.053261 -0.963871
1642516787.459235 0.528711 1.445781 -0.324059 -0.205080 -0.162540 -0.052749 -0.963712
1642516787.467568 0.527415 1.446697 -0.328130 -0.202480 -0.166330 -0.052958 -0.963604
1642516787.475902 0.525967 1.447637 -0.332007 -0.198950 -0.170038 -0.052148 -0.963736
1642516787.484235 0.524367 1.448481 -0.335755 -0.195215 -0.174311 -0.051422 -0.963775
1642516787.492568 0.522737 1.449260 -0.339344 -0.191398 -0.177858 -0.050592 -0.963937
1642516787.500902 0.521018 1.449929 -0.342778 -0.187332 -0.181193 -0.049869 -0.964152
1642516787.509235 0.519203 1.450512 -0.345980 -0.183726 -0.185325 -0.048670 -0.964122
1642516787.517568 0.517298 1.451034 -0.348915 -0.180303 -0.190106 -0.047170 -0.963912
1642516787.525902 0.515258 1.451434 -0.351641 -0.176446 -0.193994 -0.046177 -0.963899
1642516787.534235 0.513156 1.451753 -0.354070 -0.172760 -0.198240 -0.045069 -0.963755
1642516787.542568 0.510977 1.451984 -0.356202 -0.169133 -0.202265 -0.043956 -0.963613
1642516787.550902 0.508715 1.452144 -0.358010 -0.165600 -0.206568 -0.042749 -0.963368
1642516787.559235 0.506394 1.452211 -0.359482 -0.162171 -0.210899 -0.041461 -0.963070
1642516787.567568 0.504025 1.452185 -0.360625 -0.159036 -0.215147 -0.040281 -0.962703
1642516787.575902 0.501638 1.452024 -0.361474 -0.156136 -0.219639 -0.038768 -0.962225
1642516787.584235 0.499230 1.451760 -0.361923 -0.153837 -0.226370 -0.035710 -0.961153
1642516787.592568 0.496677 1.451541 -0.361875 -0.152127 -0.228337 -0.036937 -0.960914
1642516787.600902 0.494184 1.451081 -0.361601 -0.150382 -0.232520 -0.036159 -0.960215
1642516787.609235 0.491669 1.450547 -0.360904 -0.149488 -0.237600 -0.035175 -0.959147
1642516787.617568 0.489176 1.449856 -0.359897 -0.148697 -0.242457 -0.034097 -0.958092
1642516787.625902 0.486726 1.449019 -0.358584 -0.148113 -0.247523 -0.032734 -0.956934
1642516787.634235 0.484264 1.448086 -0.356920 -0.147706 -0.252429 -0.031651 -0.955751
1642516787.642568 0.481836 1.447090 -0.354830 -0.148022 -0.255882 -0.031943 -0.954774
1642516787.650902 0.479387 1.446033 -0.352378 -0.148562 -0.259981 -0.031942 -0.953582
1642516787.659235 0.477101 1.444754 -0.349707 -0.148759 -0.264436 -0.030949 -0.952358
1642516787.667568 0.474792 1.443456 -0.346619 -0.149690 -0.269524 -0.030130 -0.950811
1642516787.675902 0.472565 1.442010 -0.343287 -0.150191 -0.272716 -0.030281 -0.949817
1642516787.684235 0.470428 1.440486 -0.339631 -0.151131 -0.276448 -0.030039 -0.948596
1642516787.692568 0.468377 1.438878 -0.335681 -0.152254 -0.280103 -0.030001 -0.947344
1642516787.700902 0.466410 1.437181 -0.331460 -0.153579 -0.283626 -0.029969 -0.946082
1642516787.709235 0.464517 1.435409 -0.326959 -0.155076 -0.287078 -0.029995 -0.944795
1642516787.717568 0.462724 1.433556 -0.322217 -0.156653 -0.290315 -0.030195 -0.943539
1642516787.725902 0.461015 1.431632 -0.317236 -0.158350 -0.293532 -0.030355 -0.942254
1642516787.734235 0.459397 1.429615 -0.312057 -0.160195 -0.296614 -0.030597 -0.940969
1642516787.742568 0.457865 1.427520 -0.306673 -0.162064 -0.299528 -0.030737 -0.939720
1642516787.750902 0.456437 1.425346 -0.301108 -0.163980 -0.302161 -0.030867 -0.938540
1642516787.759235 0.455114 1.423087 -0.295344 -0.165881 -0.304363 -0.030953 -0.937490
1642516787.767568 0.453920 1.420745 -0.289393 -0.168019 -0.306171 -0.030919 -0.936522
1642516787.775902 0.452833 1.418336 -0.283269 -0.170423 -0.307517 -0.031002 -0.935643
1642516787.784235 0.451838 1.415902 -0.276961 -0.173158 -0.308155 -0.031500 -0.934914
1642516787.792568 0.450988 1.413363 -0.270545 -0.176067 -0.308969 -0.031451 -0.934104
1642516787.800902 0.450272 1.410762 -0.264039 -0.179227 -0.309774 -0.031198 -0.933244
1642516787.809235 0.449633 1.408171 -0.257421 -0.182726 -0.310065 -0.031700 -0.932452
1642516787.817568 0.449104 1.405550 -0.250750 -0.186488 -0.310218 -0.032200 -0.931639
1642516787.825902 0.448696 1.402891 -0.244052 -0.190350 -0.310433 -0.032694 -0.930768
1642516787.834235 0.448392 1.400232 -0.237363 -0.194192 -0.310412 -0.033297 -0.929960
1642516787.842568 0.448228 1.397512 -0.230701 -0.198037 -0.310379 -0.033707 -0.929145
1642516787.850902 0.448179 1.394772 -0.224104 -0.201876 -0.310298 -0.034042 -0.928333
1642516787.859235 0.448273 1.391999 -0.217581 -0.205753 -0.310315 -0.034192 -0.927470
1642516787.867568 0.448472 1.389250 -0.211157 -0.209715 -0.310145 -0.034422 -0.926631
1642516787.875902 0.448811 1.386508 -0.204876 -0.214068 -0.310353 -0.034680 -0.925556
1642516787.884235 0.449189 1.383853 -0.198735 -0.218874 -0.310168 -0.035374 -0.924467
1642516787.892568 0.449721 1.381167 -0.192883 -0.224044 -0.310939 -0.034889 -0.922987
1642516787.900902 0.450336 1.378636 -0.187158 -0.228763 -0.311684 -0.035035 -0.921571
1642516787.909235 0.450979 1.376243 -0.181645 -0.233562 -0.311965 -0.035749 -0.920244
1642516787.917568 0.451753 1.373889 -0.176435 -0.238114 -0.313050 -0.035493 -0.918717
1642516787.925902 0.452599 1.371616 -0.171520 -0.242360 -0.314265 -0.034948 -0.917212
1642516787.934235 0.453510 1.369437 -0.166885 -0.246320 -0.315529 -0.034013 -0.915757
1642516787.942568 0.454427 1.367373 -0.162538 -0.249820 -0.316739 -0.032466 -0.914446
1642516787.950902 0.455440 1.365337 -0.158579 -0.253671 -0.318077 -0.031411 -0.912957
1642516787.959235 0.456535 1.363376 -0.155009 -0.257685 -0.319411 -0.030140 -0.911409
1642516787.967568 0.457524 1.361556 -0.151827 -0.262905 -0.320402 -0.030778 -0.909547
1642516787.975902 0.458477 1.359893 -0.148943 -0.266942 -0.321725 -0.030217 -0.907922
1642516787.984235 0.459388 1.358393 -0.146414 -0.270799 -0.322736 -0.029718 -0.906436
1642516787.992568 0.460254 1.357032 -0.144326 -0.274203 -0.324366 -0.028318 -0.904874
1642516788.000902 0.461193 1.355727 -0.142812 -0.278330 -0.326177 -0.027562 -0.902985
1642516788.009235 0.462002 1.354658 -0.141661 -0.281785 -0.327530 -0.026546 -0.901453
1642516788.017568 0.462749 1.353741 -0.140972 -0.284848 -0.328726 -0.025176 -0.900093
1642516788.025902 0.463401 1.353014 -0.140708 -0.287102 -0.329818 -0.023325 -0.899026
1642516788.034235 0.464061 1.352381 -0.140957 -0.289641 -0.330851 -0.022135 -0.897862
1642516788.042568 0.464546 1.351958 -0.141577 -0.290961 -0.331640 -0.020171 -0.897190
1642516788.050902 0.465026 1.351602 -0.142715 -0.292690 -0.332590 -0.019007 -0.896301
1642516788.059235 0.465359 1.351384 -0.144212 -0.293563 -0.333532 -0.017179 -0.895702
1642516788.067568 0.465599 1.351296 -0.146110 -0.293901 -0.334363 -0.015363 -0.895314
1642516788.075902 0.465748 1.351324 -0.148364 -0.293899 -0.335204 -0.013516 -0.895030
1642516788.084235 0.465803 1.351429 -0.150969 -0.293415 -0.336003 -0.011664 -0.894915
1642516788.092568 0.465812 1.351627 -0.153914 -0.292881 -0.336891 -0.009641 -0.894781
1642516788.100902 0.465777 1.351951 -0.157122 -0.292339 -0.337451 -0.007825 -0.894764
1642516788.109235 0.465707 1.352306 -0.160611 -0.291508 -0.338258 -0.005735 -0.894747
1642516788.117568 0.465639 1.352713 -0.164363 -0.290609 -0.339205 -0.003445 -0.894692
1642516788.125902 0.465571 1.353185 -0.168311 -0.289587 -0.339829 -0.001562 -0.894792
1642516788.134235 0.465550 1.353672 -0.172424 -0.287760 -0.341240 0.000796 -0.894846
1642516788.142568 0.465549 1.354174 -0.176785 -0.286563 -0.342495 0.003515 -0.894744
1642516788.150902 0.465549 1.354648 -0.181302 -0.285368 -0.343826 0.006212 -0.894601
1642516788.159235 0.465605 1.355103 -0.185974 -0.284210 -0.345190 0.008834 -0.894422
1642516788.167568 0.465719 1.355523 -0.190774 -0.283026 -0.346761 0.011450 -0.894160
1642516788.175902 0.465920 1.355935 -0.195666 -0.281961 -0.348678 0.014288 -0.893710
1642516788.184235 0.466188 1.356313 -0.200621 -0.280916 -0.350694 0.017003 -0.893203
1642516788.192568 0.466546 1.356672 -0.205633 -0.279877 -0.352816 0.019746 -0.892636
1642516788.200902 0.467001 1.356984 -0.210665 -0.278786 -0.355367 0.022644 -0.891897
1642516788.209235 0.467566 1.357237 -0.215713 -0.277680 -0.358009 0.025550 -0.891107
1642516788.217568 0.468301 1.357446 -0.220781 -0.276626 -0.360571 0.028541 -0.890310
1642516788.225902 0.469104 1.357599 -0.225809 -0.275572 -0.363852 0.031447 -0.889203
1642516788.234235 0.470063 1.357692 -0.230824 -0.274476 -0.367395 0.034505 -0.887972
1642516788.242568 0.471184 1.357734 -0.235813 -0.273308 -0.370899 0.037548 -0.886751
1642516788.250902 0.472481 1.357715 -0.240775 -0.272282 -0.374581 0.040671 -0.885380
1642516788.259235 0.473950 1.357624 -0.245671 -0.271292 -0.378133 0.043839 -0.884022
1642516788.267568 0.475598 1.357502 -0.250522 -0.270302 -0.382059 0.047257 -0.882459
1642516788.275902 0.477428 1.357335 -0.255297 -0.269368 -0.386195 0.050603 -0.880757
1642516788.284235 0.479436 1.357112 -0.260031 -0.268376 -0.390854 0.054443 -0.878774
1642516788.292568 0.481635 1.356709 -0.264767 -0.266858 -0.397286 0.059906 -0.875992
1642516788.300902 0.484031 1.356421 -0.269267 -0.265860 -0.401767 0.063544 -0.873993
1642516788.309235 0.486612 1.356087 -0.273661 -0.264813 -0.406381 0.067255 -0.871898
1642516788.317568 0.489377 1.355712 -0.277968 -0.263708 -0.410956 0.070669 -0.869816
1642516788.325902 0.492317 1.355314 -0.282140 -0.262545 -0.415515 0.074099 -0.867714
1642516788.334235 0.495479 1.354886 -0.286183 -0.261623 -0.420515 0.077640 -0.865270
1642516788.342568 0.498786 1.354386 -0.290099 -0.261132 -0.425230 0.080845 -0.862817
1642516788.350902 0.502370 1.353997 -0.293809 -0.259925 -0.430237 0.084516 -0.860345
1642516788.359235 0.506145 1.353609 -0.297340 -0.258583 -0.435098 0.088285 -0.857922
1642516788.367568 0.510128 1.353236 -0.300708 -0.257276 -0.439942 0.092031 -0.855447
1642516788.375902 0.514308 1.352894 -0.303898 -0.256095 -0.444967 0.096180 -0.852742
1642516788.384235 0.518712 1.352625 -0.306880 -0.255268 -0.450651 0.100801 -0.849465
1642516788.392568 0.523228 1.352336 -0.309677 -0.254164 -0.455123 0.104696 -0.846937
1642516788.400902 0.527909 1.352082 -0.312264 -0.253144 -0.459489 0.108520 -0.844400
1642516788.409235 0.532743 1.351906 -0.314615 -0.252172 -0.463379 0.112234 -0.842077
1642516788.417568 0.537740 1.351859 -0.316681 -0.251513 -0.465989 0.114819 -0.840483
1642516788.425902 0.542800 1.351667 -0.318692 -0.249943 -0.470750 0.119814 -0.837596
1642516788.434235 0.548064 1.351751 -0.320326 -0.249485 -0.472475 0.122063 -0.836436
1642516788.442568 0.553461 1.351598 -0.321937 -0.249319 -0.475499 0.126260 -0.834146
1642516788.450902 0.558968 1.351517 -0.323329 -0.247898 -0.479052 0.131720 -0.831688
1642516788.459235 0.564652 1.351765 -0.324345 -0.247357 -0.479244 0.134466 -0.831300
1642516788.467568 0.570433 1.351968 -0.325234 -0.246310 -0.480356 0.138832 -0.830250
1642516788.475902 0.576371 1.352232 -0.325938 -0.245463 -0.481329 0.143577 -0.829129
1642516788.484235 0.582425 1.352574 -0.326465 -0.244668 -0.482303 0.148451 -0.827939
1642516788.492568 0.588613 1.352975 -0.326797 -0.243818 -0.482613 0.153282 -0.827129
1642516788.500902 0.594902 1.353463 -0.326955 -0.242905 -0.482704 0.158186 -0.826421
1642516788.509235 0.601297 1.354007 -0.326933 -0.242081 -0.482680 0.163132 -0.825714
1642516788.517568 0.607770 1.354560 -0.326760 -0.241255 -0.482863 0.168495 -0.824772
1642516788.525902 0.614406 1.355206 -0.326469 -0.240593 -0.482850 0.173739 -0.823884
1642516788.534235 0.621133 1.355926 -0.326074 -0.240004 -0.482667 0.178890 -0.823061
1642516788.542568 0.627995 1.356730 -0.325605 -0.239618 -0.482310 0.183977 -0.822261
1642516788.550902 0.634983 1.357666 -0.325103 -0.239518 -0.481785 0.188742 -0.821518
1642516788.559235 0.641926 1.358541 -0.324499 -0.239340 -0.482104 0.194465 -0.820046
1642516788.567568 0.649150 1.359534 -0.323890 -0.238932 -0.482486 0.199284 -0.818782
1642516788.575902 0.656352 1.360586 -0.323256 -0.238654 -0.483131 0.204285 -0.817250
1642516788.584235 0.663587 1.361722 -0.322599 -0.238407 -0.484188 0.209203 -0.815450
1642516788.592568 0.670949 1.362849 -0.321955 -0.237725 -0.484942 0.214316 -0.813871
1642516788.600902 0.678404 1.364023 -0.321341 -0.236838 -0.485554 0.219360 -0.812420
1642516788.609235 0.685991 1.365115 -0.320657 -0.235889 -0.486787 0.225017 -0.810409
1642516788.617568 0.693647 1.366276 -0.319895 -0.233935 -0.487557 0.231070 -0.808807
1642516788.625902 0.701357 1.367376 -0.319242 -0.233004 -0.488162 0.236255 -0.807212
1642516788.634235 0.709086 1.368466 -0.318577 -0.231998 -0.488433 0.241450 -0.805799
1642516788.642568 0.716807 1.369552 -0.317897 -0.230733 -0.488357 0.246570 -0.804657
1642516788.650902 0.724592 1.370683 -0.317183 -0.229310 -0.488097 0.251609 -0.803661
1642516788.659235 0.732340 1.371833 -0.316446 -0.227637 -0.487229 0.256369 -0.803159
1642516788.667568 0.740137 1.372923 -0.315679 -0.225994 -0.486525 0.261488 -0.802399
1642516788.675902 0.747901 1.374108 -0.314853 -0.223943 -0.485028 0.266155 -0.802346
1642516788.684235 0.755724 1.375210 -0.314019 -0.221927 -0.483539 0.270951 -0.802200
1642516788.692568 0.763563 1.376302 -0.313118 -0.219821 -0.481846 0.275624 -0.802206
1642516788.700902 0.771407 1.377324 -0.312190 -0.217527 -0.480078 0.280513 -0.802197
1642516788.709235 0.779254 1.378320 -0.311217 -0.215421 -0.477973 0.284902 -0.802476
1642516788.717568 0.787091 1.379273 -0.310213 -0.213143 -0.475948 0.289217 -0.802743
1642516788.725902 0.794910 1.380191 -0.309199 -0.211126 -0.473999 0.293425 -0.802902
1642516788.734235 0.802714 1.381068 -0.308170 -0.209211 -0.472293 0.297293 -0.802986
1642516788.742568 0.810418 1.381820 -0.307057 -0.207480 -0.471271 0.301434 -0.802492
1642516788.750902 0.818140 1.382605 -0.305994 -0.206058 -0.470060 0.304950 -0.802240
1642516788.759235 0.825839 1.383356 -0.304929 -0.204946 -0.469106 0.308353 -0.801783
1642516788.767568 0.833507 1.384073 -0.303851 -0.204022 -0.468447 0.311663 -0.801123
1642516788.775902 0.841169 1.384822 -0.302773 -0.203109 -0.467931 0.314774 -0.800440
1642516788.784235 0.848744 1.385301 -0.301665 -0.202722 -0.467820 0.318073 -0.799298
1642516788.792568 0.856171 1.385530 -0.300514 -0.202823 -0.468057 0.321651 -0.797701
1642516788.800902 0.863592 1.385824 -0.299287 -0.202829 -0.468316 0.324958 -0.796205
1642516788.809235 0.870932 1.386002 -0.298014 -0.203081 -0.468557 0.327996 -0.794752
1642516788.817568 0.878137 1.386030 -0.296664 -0.203558 -0.468847 0.330796 -0.793298
1642516788.825902 0.885219 1.385993 -0.295329 -0.204897 -0.468891 0.333576 -0.791761
1642516788.834235 0.892165 1.385824 -0.293846 -0.205811 -0.469206 0.336470 -0.790111
1642516788.842568 0.898974 1.385514 -0.292288 -0.206793 -0.469607 0.339306 -0.788402
1642516788.850902 0.905604 1.385115 -0.290644 -0.207894 -0.469689 0.342121 -0.786845
1642516788.859235 0.912079 1.384669 -0.288971 -0.209166 -0.469479 0.344627 -0.785539
1642516788.867568 0.918290 1.383987 -0.287140 -0.210298 -0.469147 0.347232 -0.784287
1642516788.875902 0.924261 1.383207 -0.285196 -0.211453 -0.468776 0.350180 -0.782887
1642516788.884235 0.930027 1.382440 -0.283202 -0.212738 -0.467915 0.352783 -0.781884
1642516788.892568 0.935524 1.381576 -0.281084 -0.213835 -0.466620 0.355164 -0.781280
1642516788.900902 0.940732 1.380635 -0.278902 -0.214925 -0.465100 0.357431 -0.780854
1642516788.909235 0.945660 1.379624 -0.276646 -0.215786 -0.463268 0.359775 -0.780629
1642516788.917568 0.950301 1.378502 -0.274331 -0.216368 -0.460798 0.361889 -0.780952
1642516788.925902 0.954567 1.377332 -0.271934 -0.217026 -0.458568 0.363886 -0.781154
1642516788.934235 0.958485 1.376150 -0.269499 -0.217764 -0.456647 0.366058 -0.781059
1642516788.942568 0.962064 1.374814 -0.266971 -0.218331 -0.454407 0.367858 -0.781362
1642516788.950902 0.965327 1.373404 -0.264458 -0.218735 -0.451284 0.369452 -0.782306
1642516788.959235 0.968221 1.372001 -0.261897 -0.219340 -0.448689 0.370986 -0.782903
1642516788.967568 0.970753 1.370570 -0.259294 -0.219952 -0.445975 0.372304 -0.783656
1642516788.975902 0.972906 1.369074 -0.256621 -0.220663 -0.443539 0.373325 -0.784353
1642516788.984235 0.974691 1.367529 -0.253925 -0.221610 -0.441468 0.374145 -0.784863
1642516788.992568 0.976198 1.365881 -0.251225 -0.222539 -0.438816 0.374744 -0.785801
1642516789.000902 0.977347 1.364199 -0.248498 -0.223689 -0.436771 0.375193 -0.786400
1642516789.009235 0.978171 1.362452 -0.245759 -0.225029 -0.434945 0.375677 -0.786798
1642516789.017568 0.978676 1.360647 -0.243017 -0.226572 -0.433274 0.376078 -0.787086
1642516789.025902 0.978890 1.358775 -0.240274 -0.228237 -0.431596 0.376127 -0.787503
1642516789.034235 0.978814 1.356840 -0.237534 -0.230126 -0.430151 0.376247 -0.787687
1642516789.042568 0.978454 1.354870 -0.234790 -0.232132 -0.428739 0.376262 -0.787861
1642516789.050902 0.977820 1.352851 -0.232038 -0.234246 -0.427560 0.376211 -0.787900
1642516789.059235 0.976926 1.350797 -0.229255 -0.236448 -0.426470 0.376025 -0.787922
1642516789.067568 0.975760 1.348721 -0.226474 -0.238756 -0.425393 0.375670 -0.787978
1642516789.075902 0.974348 1.346638 -0.223648 -0.241243 -0.424575 0.375220 -0.787876
1642516789.084235 0.972760 1.344486 -0.220804 -0.243640 -0.423120 0.374742 -0.788148
1642516789.092568 0.970924 1.342334 -0.217905 -0.246170 -0.421794 0.374002 -0.788424
1642516789.100902 0.968867 1.340166 -0.214969 -0.248796 -0.420455 0.373479 -0.788563
1642516789.109235 0.966588 1.337970 -0.211984 -0.251524 -0.418779 0.372657 -0.788978
1642516789.117568 0.964127 1.335814 -0.208992 -0.254325 -0.417099 0.371741 -0.789402
1642516789.125902 0.961437 1.333501 -0.205919 -0.256756 -0.414626 0.371346 -0.790104
1642516789.134235 0.958582 1.331260 -0.202841 -0.259492 -0.412335 0.370628 -0.790746
1642516789.142568 0.955498 1.329016 -0.199711 -0.262113 -0.409760 0.369991 -0.791518
1642516789.150902 0.952213 1.326798 -0.196512 -0.264867 -0.407426 0.369479 -0.792045
1642516789.159235 0.948763 1.324567 -0.193317 -0.267632 -0.404490 0.368731 -0.792968
1642516789.167568 0.945155 1.322379 -0.190107 -0.270605 -0.401625 0.367758 -0.793867
1642516789.175902 0.941314 1.320066 -0.186814 -0.273467 -0.398777 0.367134 -0.794611
1642516789.184235 0.937307 1.317833 -0.183530 -0.276485 -0.395667 0.366125 -0.795586
1642516789.192568 0.933117 1.315616 -0.180230 -0.279635 -0.392698 0.365162 -0.796398
1642516789.200902 0.928731 1.313426 -0.176911 -0.282728 -0.389723 0.364263 -0.797178
1642516789.209235 0.924165 1.311308 -0.173518 -0.285239 -0.386654 0.363756 -0.798009
1642516789.217568 0.919395 1.309160 -0.170166 -0.288517 -0.383454 0.362552 -0.798923
1642516789.225902 0.914399 1.307043 -0.166814 -0.291913 -0.380157 0.361191 -0.799880
1642516789.234235 0.909211 1.304961 -0.163435 -0.295250 -0.376719 0.359607 -0.800995
1642516789.242568 0.903844 1.302919 -0.160084 -0.298605 -0.373305 0.357834 -0.802143
1642516789.250902 0.898277 1.300933 -0.156742 -0.301772 -0.369926 0.355844 -0.803407
1642516789.259235 0.892500 1.298997 -0.153403 -0.304958 -0.366949 0.353692 -0.804519
1642516789.267568 0.886562 1.297087 -0.150116 -0.307852 -0.363647 0.351669 -0.805802
1642516789.275902 0.880384 1.295338 -0.146800 -0.310809 -0.360886 0.349240 -0.806964
1642516789.284235 0.874073 1.293599 -0.143544 -0.313511 -0.357953 0.346756 -0.808295
1642516789.292568 0.867548 1.291855 -0.140319 -0.316119 -0.354871 0.344275 -0.809697
1642516789.300902 0.860862 1.290151 -0.137120 -0.318720 -0.351448 0.341750 -0.811239
1642516789.309235 0.853982 1.288481 -0.133941 -0.321414 -0.348386 0.339072 -0.812619
1642516789.317568 0.846931 1.286863 -0.130772 -0.324104 -0.345043 0.336516 -0.814038
1642516789.325902 0.839690 1.285288 -0.127639 -0.326839 -0.341941 0.333768 -0.815384
1642516789.334235 0.832306 1.283705 -0.124533 -0.329515 -0.338262 0.331045 -0.816951
1642516789.342568 0.824747 1.282183 -0.121461 -0.332252 -0.334808 0.328174 -0.818422
1642516789.350902 0.817041 1.280682 -0.118417 -0.334949 -0.331393 0.325288 -0.819863
1642516789.359235 0.809167 1.279225 -0.115399 -0.337645 -0.327824 0.322277 -0.821380
1642516789.367568 0.801157 1.277825 -0.112430 -0.340225 -0.323988 0.319091 -0.823080
1642516789.375902 0.792947 1.276390 -0.109497 -0.342863 -0.320628 0.316196 -0.824417
1642516789.384235 0.784600 1.274963 -0.106595 -0.345477 -0.316789 0.313277 -0.825922
1642516789.392568 0.776100 1.273535 -0.103827 -0.348013 -0.313525 0.310663 -0.827090
1642516789.400902 0.767381 1.272105 -0.101048 -0.350456 -0.310026 0.307992 -0.828375
1642516789.409235 0.758540 1.270639 -0.098353 -0.353106 -0.306703 0.305414 -0.829441
1642516789.417568 0.749531 1.269343 -0.095634 -0.355727 -0.302587 0.301736 -0.831177
1642516789.425902 0.740376 1.267965 -0.093036 -0.358111 -0.298740 0.298697 -0.832641
1642516789.434235 0.731044 1.266692 -0.090433 -0.360616 -0.294521 0.294991 -0.834382
1642516789.442568 0.721558 1.265384 -0.087945 -0.363038 -0.290468 0.291548 -0.835961
1642516789.450902 0.711906 1.264114 -0.085512 -0.365459 -0.286288 0.287772 -0.837655
1642516789.459235 0.702179 1.262800 -0.083238 -0.367762 -0.282474 0.284543 -0.839044
1642516789.467568 0.692260 1.261475 -0.081027 -0.370227 -0.279035 0.281260 -0.840216
1642516789.475902 0.682186 1.260306 -0.078793 -0.372475 -0.274563 0.277039 -0.842097
1642516789.484235 0.672083 1.259038 -0.076767 -0.374342 -0.270130 0.273844 -0.843746
1642516789.492568 0.661799 1.257767 -0.074861 -0.376378 -0.266839 0.271112 -0.844769
1642516789.500902 0.651341 1.256739 -0.072928 -0.378466 -0.262609 0.266871 -0.846511
1642516789.509235 0.640698 1.255765 -0.071085 -0.380578 -0.258511 0.263362 -0.847923
1642516789.517568 0.630014 1.254729 -0.069386 -0.382532 -0.254629 0.259234 -0.849489
1642516789.525902 0.619216 1.253712 -0.067775 -0.384499 -0.251046 0.255524 -0.850790
1642516789.534235 0.608290 1.252851 -0.066187 -0.386314 -0.246925 0.250889 -0.852552
1642516789.542568 0.597292 1.251910 -0.064786 -0.388174 -0.243493 0.247018 -0.853823
1642516789.550902 0.586160 1.251062 -0.063454 -0.389905 -0.239988 0.242968 -0.855188
1642516789.559235 0.574869 1.250416 -0.062101 -0.391570 -0.235632 0.237844 -0.857077
1642516789.567568 0.563570 1.249745 -0.060946 -0.392993 -0.232033 0.233601 -0.858573
1642516789.575902 0.552126 1.249177 -0.059833 -0.394376 -0.228535 0.229270 -0.860043
1642516789.584235 0.540542 1.248837 -0.058689 -0.395540 -0.223903 0.223490 -0.862246
1642516789.592568 0.528921 1.248509 -0.057687 -0.396658 -0.220086 0.218420 -0.864012
1642516789.600902 0.517264 1.248241 -0.056796 -0.397634 -0.216543 0.213474 -0.865694
1642516789.609235 0.505516 1.248081 -0.055970 -0.398492 -0.213391 0.208750 -0.867232
1642516789.617568 0.493722 1.248126 -0.055140 -0.399328 -0.209286 0.202907 -0.869233
1642516789.625902 0.481885 1.248314 -0.054368 -0.400009 -0.205040 0.196879 -0.871315
1642516789.634235 0.470026 1.248652 -0.053656 -0.400494 -0.201001 0.190829 -0.873377
1642516789.642568 0.458160 1.249122 -0.053036 -0.400935 -0.196934 0.184503 -0.875458
1642516789.650902 0.446278 1.249769 -0.052490 -0.401091 -0.192812 0.177910 -0.877666
1642516789.659235 0.434388 1.250570 -0.052006 -0.401176 -0.188559 0.170984 -0.879925
1642516789.667568 0.422485 1.251511 -0.051593 -0.401041 -0.184532 0.164072 -0.882154
1642516789.675902 0.410574 1.252607 -0.051248 -0.400859 -0.180356 0.156740 -0.884430
1642516789.684235 0.398610 1.253834 -0.051004 -0.400384 -0.175407 0.148968 -0.886980
1642516789.692568 0.386743 1.255197 -0.050833 -0.399984 -0.170877 0.141245 -0.889305
1642516789.700902 0.374879 1.256717 -0.050744 -0.399340 -0.166529 0.133392 -0.891629
1642516789.709235 0.363061 1.258384 -0.050761 -0.398534 -0.161955 0.125269 -0.894007
1642516789.717568 0.351286 1.260200 -0.050879 -0.397445 -0.157337 0.116935 -0.896442
1642516789.725902 0.339541 1.262162 -0.051102 -0.396302 -0.153154 0.108461 -0.898735
1642516789.734235 0.327899 1.264265 -0.051445 -0.394796 -0.148379 0.099930 -0.901184
1642516789.742568 0.316266 1.266581 -0.051792 -0.392877 -0.143129 0.090834 -0.903831
1642516789.750902 0.304805 1.268860 -0.052412 -0.391154 -0.139274 0.082395 -0.905987
1642516789.759235 0.293383 1.271312 -0.053105 -0.389102 -0.134816 0.073468 -0.908310
1642516789.767568 0.282061 1.273878 -0.053919 -0.386616 -0.130050 0.064420 -0.910750
1642516789.775902 0.270827 1.276581 -0.054851 -0.384108 -0.125524 0.055248 -0.913046
1642516789.784235 0.259714 1.279393 -0.055921 -0.381264 -0.120981 0.046025 -0.915360
1642516789.792568 0.248692 1.282329 -0.057119 -0.378234 -0.116584 0.036790 -0.917602
1642516789.800902 0.237775 1.285372 -0.058435 -0.374916 -0.112067 0.027440 -0.919851
1642516789.809235 0.226960 1.288547 -0.059848 -0.371342 -0.107099 0.017659 -0.922130
1642516789.817568 0.216238 1.291891 -0.061328 -0.367347 -0.100781 0.006836 -0.924583
1642516789.825902 0.205688 1.295060 -0.063104 -0.363136 -0.096991 -0.002099 -0.926672
1642516789.834235 0.195124 1.298499 -0.064858 -0.358585 -0.090949 -0.013049 -0.928964
1642516789.842568 0.184697 1.301935 -0.066736 -0.353304 -0.085649 -0.022961 -0.931297
1642516789.850902 0.174473 1.305306 -0.068841 -0.348540 -0.081076 -0.032997 -0.933198
1642516789.859235 0.164466 1.308714 -0.071086 -0.343598 -0.076695 -0.042754 -0.935003
1642516789.867568 0.154603 1.312115 -0.073443 -0.338510 -0.072270 -0.052558 -0.936710
1642516789.875902 0.144893 1.315484 -0.075929 -0.333348 -0.067821 -0.062549 -0.938279
1642516789.884235 0.135358 1.318801 -0.078567 -0.328335 -0.063443 -0.072479 -0.939637
1642516789.892568 0.125967 1.322186 -0.081263 -0.323002 -0.058473 -0.083064 -0.940931
1642516789.900902 0.116755 1.325447 -0.084094 -0.317602 -0.054215 -0.092565 -0.942137
1642516789.909235 0.107646 1.328690 -0.087013 -0.312069 -0.049248 -0.102590 -0.943219
1642516789.917568 0.098672 1.331917 -0.090000 -0.306484 -0.043496 -0.113033 -0.944139
1642516789.925902 0.089880 1.335037 -0.093153 -0.301015 -0.039291 -0.122362 -0.944920
1642516789.934235 0.081270 1.338104 -0.096391 -0.295509 -0.034102 -0.132068 -0.945552
1642516789.942568 0.072867 1.341048 -0.099764 -0.289611 -0.029054 -0.141374 -0.946200
1642516789.950902 0.064674 1.343923 -0.103263 -0.283662 -0.024006 -0.150546 -0.946729
1642516789.959235 0.056700 1.346699 -0.106870 -0.277591 -0.018982 -0.159524 -0.947172
1642516789.967568 0.048931 1.349393 -0.110561 -0.271412 -0.013518 -0.168454 -0.947511
1642516789.975902 0.041396 1.352027 -0.114317 -0.265193 -0.007469 -0.177629 -0.947663
1642516789.984235 0.034035 1.354552 -0.118193 -0.259099 -0.003260 -0.186003 -0.947766
1642516789.992568 0.026930 1.356946 -0.122200 -0.252645 0.001772 -0.194608 -0.947784
1642516790.000902 0.020055 1.359225 -0.126306 -0.246153 0.006864 -0.203411 -0.947621
1642516790.009235 0.013427 1.361329 -0.130571 -0.239974 0.011937 -0.212811 -0.947091
1642516790.017568 0.007004 1.363365 -0.134756 -0.233695 0.015064 -0.220615 -0.946831
1642516790.025902 0.000770 1.365318 -0.139040 -0.226997 0.018414 -0.229037 -0.946401
1642516790.034235 -0.005244 1.367202 -0.143428 -0.220044 0.021689 -0.237789 -0.945815
1642516790.042568 -0.010982 1.368929 -0.147832 -0.213030 0.024377 -0.246136 -0.945220
1642516790.050902 -0.016490 1.370554 -0.152279 -0.205890 0.026712 -0.254549 -0.944511
1642516790.059235 -0.021707 1.371962 -0.156824 -0.198546 0.028759 -0.262895 -0.943737
1642516790.067568 -0.026656 1.373237 -0.161369 -0.191143 0.030236 -0.270943 -0.942942
1642516790.075902 -0.031408 1.374393 -0.165954 -0.183595 0.031568 -0.279256 -0.941973
1642516790.084235 -0.035908 1.375387 -0.170565 -0.175875 0.032519 -0.287637 -0.940891
1642516790.092568 -0.040116 1.376168 -0.175199 -0.167886 0.032997 -0.295694 -0.939835
1642516790.100902 -0.044159 1.376861 -0.179776 -0.160353 0.033461 -0.304157 -0.938432
1642516790.109235 -0.047909 1.377345 -0.184319 -0.152716 0.033499 -0.312290 -0.937033
1642516790.117568 -0.051419 1.377686 -0.188791 -0.145239 0.034129 -0.320929 -0.935278
1642516790.125902 -0.054679 1.377890 -0.193202 -0.137846 0.034112 -0.329254 -0.933502
1642516790.134235 -0.057654 1.377890 -0.197490 -0.130629 0.034293 -0.337376 -0.931632
1642516790.142568 -0.060339 1.377743 -0.201663 -0.123726 0.034438 -0.345409 -0.929623
1642516790.150902 -0.062731 1.377446 -0.205709 -0.116954 0.034431 -0.353016 -0.927640
1642516790.159235 -0.064795 1.376991 -0.209634 -0.110498 0.035501 -0.360936 -0.925341
1642516790.167568 -0.066585 1.376515 -0.213332 -0.104910 0.036323 -0.368078 -0.923143
1642516790.175902 -0.068134 1.375789 -0.216774 -0.099697 0.035271 -0.374658 -0.921112
1642516790.184235 -0.069289 1.375067 -0.220116 -0.094836 0.037190 -0.381647 -0.918678
1642516790.192568 -0.070267 1.374176 -0.223103 -0.090564 0.036714 -0.387757 -0.916567
1642516790.200902 -0.070914 1.373288 -0.225821 -0.085658 0.038992 -0.394700 -0.913977
1642516790.209235 -0.071043 1.371956 -0.228645 -0.083691 0.038047 -0.398239 -0.912663
1642516790.217568 -0.071074 1.370792 -0.231105 -0.080967 0.040493 -0.404254 -0.910156
1642516790.225902 -0.070756 1.369489 -0.233377 -0.078521 0.042476 -0.409407 -0.907974
1642516790.234235 -0.070162 1.368102 -0.235442 -0.076447 0.044778 -0.414402 -0.905771
1642516790.242568 -0.069282 1.366623 -0.237322 -0.074886 0.047141 -0.419098 -0.903619
1642516790.250902 -0.068119 1.365061 -0.238998 -0.073663 0.049445 -0.423640 -0.901476
1642516790.259235 -0.066682 1.363404 -0.240510 -0.072721 0.050042 -0.426987 -0.899939
1642516790.267568 -0.064930 1.361725 -0.241824 -0.072262 0.053175 -0.431513 -0.897634
1642516790.275902 -0.062951 1.360004 -0.242944 -0.071969 0.055673 -0.435725 -0.895469
1642516790.284235 -0.060660 1.358180 -0.243941 -0.071970 0.058032 -0.439655 -0.893396
1642516790.292568 -0.058108 1.356273 -0.244813 -0.071850 0.060360 -0.443551 -0.891323
1642516790.300902 -0.055308 1.354292 -0.245552 -0.072057 0.062176 -0.447282 -0.889315
1642516790.309235 -0.052250 1.352265 -0.246137 -0.072326 0.063700 -0.451157 -0.887225
1642516790.317568 -0.048926 1.350184 -0.246568 -0.072757 0.064914 -0.454856 -0.885211
1642516790.325902 -0.045338 1.348099 -0.246856 -0.073353 0.065571 -0.458235 -0.883369
1642516790.334235 -0.041476 1.346024 -0.246982 -0.074180 0.065809 -0.461547 -0.881556
1642516790.342568 -0.037319 1.343922 -0.246958 -0.075037 0.065776 -0.464753 -0.879800
1642516790.350902 -0.032813 1.341735 -0.246861 -0.075570 0.065684 -0.467836 -0.878126
1642516790.359235 -0.028160 1.339698 -0.246557 -0.076750 0.065093 -0.470875 -0.876441
1642516790.367568 -0.023246 1.337697 -0.246113 -0.077882 0.064101 -0.473743 -0.874868
1642516790.375902 -0.018097 1.335749 -0.245509 -0.079029 0.062508 -0.476240 -0.873523
1642516790.384235 -0.012597 1.333771 -0.244828 -0.080197 0.060441 -0.478513 -0.872319
1642516790.392568 -0.006860 1.331865 -0.244041 -0.081263 0.058195 -0.480872 -0.871075
1642516790.400902 -0.000877 1.330011 -0.243155 -0.082311 0.055594 -0.483075 -0.869927
1642516790.409235 0.005375 1.328228 -0.242188 -0.083447 0.052622 -0.484849 -0.869016
1642516790.417568 0.011884 1.326521 -0.241123 -0.084682 0.049341 -0.486491 -0.868171
1642516790.425902 0.018640 1.324893 -0.239973 -0.085972 0.045958 -0.487791 -0.867500
1642516790.434235 0.025632 1.323360 -0.238747 -0.087505 0.042690 -0.489032 -0.866815
1642516790.442568 0.032871 1.321886 -0.237439 -0.089153 0.039299 -0.489812 -0.866367
1642516790.450902 0.040326 1.320564 -0.236008 -0.091154 0.036577 -0.490697 -0.865777
1642516790.459235 0.047973 1.319348 -0.234648 -0.092872 0.033891 -0.491243 -0.865394
1642516790.467568 0.055892 1.318129 -0.232968 -0.092885 0.030616 -0.491811 -0.865192
1642516790.475902 0.063979 1.316988 -0.231438 -0.095052 0.027541 -0.491724 -0.865110
1642516790.484235 0.072259 1.315894 -0.229853 -0.097448 0.024262 -0.491173 -0.865254
1642516790.492568 0.080676 1.314892 -0.228225 -0.100052 0.021795 -0.490792 -0.865239
1642516790.500902 0.089226 1.313982 -0.226544 -0.103129 0.019816 -0.490558 -0.865058
1642516790.509235 0.097928 1.313123 -0.224823 -0.106189 0.017713 -0.489894 -0.865109
1642516790.517568 0.106757 1.312328 -0.223069 -0.109547 0.015523 -0.489112 -0.865175
1642516790.525902 0.115708 1.311584 -0.221278 -0.113059 0.013682 -0.488456 -0.865125
1642516790.534235 0.124765 1.310906 -0.219486 -0.117565 0.012092 -0.488085 -0.864757
1642516790.542568 0.133966 1.310281 -0.217563 -0.120289 0.009287 -0.486597 -0.865256
1642516790.550902 0.143255 1.309718 -0.215667 -0.123951 0.006893 -0.485484 -0.865387
1642516790.559235 0.152647 1.309248 -0.213801 -0.127940 0.004512 -0.484280 -0.865496
1642516790.567568 0.162191 1.308799 -0.211940 -0.132503 0.001276 -0.482711 -0.865697
1642516790.575902 0.171841 1.308452 -0.210062 -0.136072 -0.001230 -0.481224 -0.865971
1642516790.584235 0.181527 1.308219 -0.208175 -0.139754 -0.004392 -0.479396 -0.866389
1642516790.592568 0.191382 1.308046 -0.206296 -0.143191 -0.007793 -0.477307 -0.866957
1642516790.600902 0.201322 1.307947 -0.204423 -0.146554 -0.011388 -0.475002 -0.867621
1642516790.609235 0.211378 1.307888 -0.202581 -0.149853 -0.014843 -0.472658 -0.868285
1642516790.617568 0.221539 1.307891 -0.200724 -0.152874 -0.018846 -0.469996 -0.869125
1642516790.625902 0.231787 1.307931 -0.198899 -0.155914 -0.023001 -0.467351 -0.869911
1642516790.634235 0.242145 1.308030 -0.197058 -0.159021 -0.027715 -0.464486 -0.870745
1642516790.642568 0.252566 1.308127 -0.195307 -0.161786 -0.031922 -0.461968 -0.871431
1642516790.650902 0.263083 1.308269 -0.193551 -0.164714 -0.036614 -0.459291 -0.872113
1642516790.659235 0.273649 1.308555 -0.191668 -0.168331 -0.041387 -0.456353 -0.872751
1642516790.667568 0.284347 1.308745 -0.189937 -0.171474 -0.046222 -0.453554 -0.873355
1642516790.675902 0.295150 1.308966 -0.188241 -0.174713 -0.051395 -0.450401 -0.874056
1642516790.684235 0.305999 1.309197 -0.186573 -0.178065 -0.056364 -0.447392 -0.874618
1642516790.692568 0.316886 1.309495 -0.184896 -0.181587 -0.060939 -0.444567 -0.875027
1642516790.700902 0.327875 1.309767 -0.183255 -0.184901 -0.066480 -0.440943 -0.875764
1642516790.709235 0.338949 1.310005 -0.181673 -0.188218 -0.072431 -0.436927 -0.876597
1642516790.717568 0.349988 1.310313 -0.180078 -0.192171 -0.076717 -0.433977 -0.876840
1642516790.725902 0.361101 1.310635 -0.178495 -0.195955 -0.081965 -0.430081 -0.877447
1642516790.734235 0.372249 1.310943 -0.176945 -0.199815 -0.087064 -0.426110 -0.878023
1642516790.742568 0.383428 1.311232 -0.175450 -0.203850 -0.091904 -0.422128 -0.878525
1642516790.750902 0.394632 1.311599 -0.173932 -0.207851 -0.097159 -0.417676 -0.879150
1642516790.759235 0.405854 1.311945 -0.172470 -0.211840 -0.102118 -0.413376 -0.879668
1642516790.767568 0.417078 1.312314 -0.171047 -0.215891 -0.107105 -0.408887 -0.880188
1642516790.775902 0.428347 1.312693 -0.169653 -0.219912 -0.112318 -0.404274 -0.880674
1642516790.784235 0.439608 1.313096 -0.168311 -0.223969 -0.117505 -0.399577 -0.881118
1642516790.792568 0.450866 1.313525 -0.167016 -0.227981 -0.122738 -0.394713 -0.881568
1642516790.800902 0.462104 1.313982 -0.165823 -0.231692 -0.127399 -0.389991 -0.882040
1642516790.809235 0.473309 1.314523 -0.164596 -0.235121 -0.132410 -0.384865 -0.882646
1642516790.817568 0.484570 1.315031 -0.163552 -0.238985 -0.137746 -0.379763 -0.883002
1642516790.825902 0.495868 1.315557 -0.162674 -0.243929 -0.143231 -0.374662 -0.882956
1642516790.834235 0.507112 1.316211 -0.161763 -0.247598 -0.149105 -0.369137 -0.883290
1642516790.842568 0.518345 1.316910 -0.160960 -0.250820 -0.154700 -0.363650 -0.883695
1642516790.850902 0.529557 1.317682 -0.160234 -0.254161 -0.161259 -0.357678 -0.884005
1642516790.859235 0.540710 1.318520 -0.159565 -0.257477 -0.167120 -0.351853 -0.884294
1642516790.867568 0.551840 1.319520 -0.159046 -0.260528 -0.174567 -0.344909 -0.884697
1642516790.875902 0.562876 1.320555 -0.158617 -0.263261 -0.181256 -0.338615 -0.884974
1642516790.884235 0.573835 1.321691 -0.158291 -0.265933 -0.188089 -0.332051 -0.885237
1642516790.892568 0.584705 1.322906 -0.158062 -0.268483 -0.194829 -0.325540 -0.885428
1642516790.900902 0.595521 1.324123 -0.157945 -0.270968 -0.200710 -0.319126 -0.885692
1642516790.909235 0.606135 1.325560 -0.157876 -0.273215 -0.207953 -0.312182 -0.885806
1642516790.917568 0.616698 1.327111 -0.157904 -0.274321 -0.215442 -0.304796 -0.886246
1642516790.925902 0.627190 1.328579 -0.158220 -0.277424 -0.222745 -0.297995 -0.885788
1642516790.934235 0.637516 1.330253 -0.158568 -0.279147 -0.229989 -0.290911 -0.885750
1642516790.942568 0.647714 1.332042 -0.159036 -0.280653 -0.237326 -0.283766 -0.885656
1642516790.950902 0.657752 1.333959 -0.159625 -0.281661 -0.245448 -0.276234 -0.885504
1642516790.959235 0.667686 1.336083 -0.160306 -0.281642 -0.252133 -0.268583 -0.885985
1642516790.967568 0.677624 1.338084 -0.161321 -0.283046 -0.259023 -0.261452 -0.885683
1642516790.975902 0.687326 1.340329 -0.162308 -0.283342 -0.266525 -0.253629 -0.885638
1642516790.984235 0.696904 1.342677 -0.163417 -0.283525 -0.274071 -0.245739 -0.885500
1642516790.992568 0.706300 1.345128 -0.164614 -0.283589 -0.281779 -0.237889 -0.885204
1642516791.000902 0.715571 1.347628 -0.165900 -0.283512 -0.289519 -0.229740 -0.884884
1642516791.009235 0.724677 1.350190 -0.167291 -0.283362 -0.297348 -0.221759 -0.884372
1642516791.017568 0.733639 1.352786 -0.168771 -0.283040 -0.305423 -0.213328 -0.883796
1642516791.025902 0.742446 1.355384 -0.170415 -0.282032 -0.315849 -0.203408 -0.882792
1642516791.034235 0.751062 1.358046 -0.172090 -0.281531 -0.322967 -0.195863 -0.882083
1642516791.042568 0.759452 1.360799 -0.173812 -0.280864 -0.330659 -0.188094 -0.881136
1642516791.050902 0.767646 1.363621 -0.175574 -0.279841 -0.338524 -0.180230 -0.880118
1642516791.059235 0.775737 1.366371 -0.177468 -0.279378 -0.346069 -0.172970 -0.878786
1642516791.067568 0.783562 1.369297 -0.179271 -0.279232 -0.352353 -0.166818 -0.877524
1642516791.075902 0.791306 1.372141 -0.181240 -0.278630 -0.361358 -0.158624 -0.875571
1642516791.084235 0.798968 1.374880 -0.183367 -0.277734 -0.368595 -0.151358 -0.874124
1642516791.092568 0.806460 1.377657 -0.185508 -0.276956 -0.376901 -0.143812 -0.872100
1642516791.100902 0.813791 1.380447 -0.187687 -0.275839 -0.385579 -0.136367 -0.869854
1642516791.109235 0.820898 1.383147 -0.189954 -0.275043 -0.394005 -0.128445 -0.867533
1642516791.117568 0.827829 1.385858 -0.192266 -0.273659 -0.402478 -0.120482 -0.865220
1642516791.125902 0.834396 1.388726 -0.194477 -0.271890 -0.410807 -0.111341 -0.863086
1642516791.134235 0.840936 1.391337 -0.196887 -0.270913 -0.417978 -0.103928 -0.860872
1642516791.142568 0.847247 1.393935 -0.199313 -0.270142 -0.425146 -0.096484 -0.858467
1642516791.150902 0.853550 1.396321 -0.201844 -0.269504 -0.431769 -0.090154 -0.856046
1642516791.159235 0.859433 1.398805 -0.204331 -0.268604 -0.437699 -0.082495 -0.854088
1642516791.167568 0.865088 1.401202 -0.206869 -0.267765 -0.443216 -0.074833 -0.852210
1642516791.175902 0.870533 1.403579 -0.209385 -0.266924 -0.448262 -0.067188 -0.850470
1642516791.184235 0.875686 1.405893 -0.211911 -0.266227 -0.453060 -0.059487 -0.848717
1642516791.192568 0.880585 1.408153 -0.214408 -0.265586 -0.458376 -0.051654 -0.846574
1642516791.200902 0.885230 1.410359 -0.216937 -0.265032 -0.462429 -0.044125 -0.844968
1642516791.209235 0.889582 1.412520 -0.219456 -0.264678 -0.465328 -0.036821 -0.843836
1642516791.217568 0.893657 1.414614 -0.221984 -0.264175 -0.468642 -0.029686 -0.842440
1642516791.225902 0.897486 1.416651 -0.224507 -0.263611 -0.471570 -0.022565 -0.841203
1642516791.234235 0.900988 1.418546 -0.227076 -0.263038 -0.473936 -0.015775 -0.840206
1642516791.242568 0.904124 1.420492 -0.229596 -0.262395 -0.476535 -0.008840 -0.839038
1642516791.250902 0.907067 1.422205 -0.232149 -0.260781 -0.477944 -0.002902 -0.838781
1642516791.259235 0.909586 1.423916 -0.234697 -0.259732 -0.479488 0.003180 -0.838225
1642516791.267568 0.911784 1.425557 -0.237252 -0.258552 -0.481021 0.008978 -0.837669
1642516791.275902 0.913651 1.427113 -0.239824 -0.257312 -0.482499 0.014476 -0.837124
1642516791.284235 0.915218 1.428628 -0.242396 -0.255945 -0.483986 0.019865 -0.836573
1642516791.292568 0.916440 1.430184 -0.244954 -0.254211 -0.485441 0.025413 -0.836109
1642516791.300902 0.917377 1.431544 -0.247578 -0.252635 -0.487160 0.030509 -0.835416
1642516791.309235 0.917939 1.432907 -0.250204 -0.250748 -0.488515 0.034888 -0.835022
1642516791.317568 0.918213 1.434156 -0.252862 -0.248769 -0.490300 0.039342 -0.834370
1642516791.325902 0.918108 1.435423 -0.255498 -0.246585 -0.491684 0.043189 -0.834013
1642516791.334235 0.917692 1.436595 -0.258146 -0.244265 -0.493147 0.046746 -0.833640
1642516791.342568 0.916970 1.437735 -0.260790 -0.241746 -0.494854 0.050106 -0.833167
1642516791.350902 0.915947 1.438760 -0.263440 -0.239266 -0.496714 0.053261 -0.832581
1642516791.359235 0.914588 1.439816 -0.266088 -0.236549 -0.498341 0.055830 -0.832216
1642516791.367568 0.912971 1.440772 -0.268735 -0.233798 -0.500286 0.058386 -0.831651
1642516791.375902 0.911107 1.441641 -0.271393 -0.230988 -0.502482 0.060714 -0.830945
1642516791.384235 0.909018 1.442437 -0.274022 -0.227700 -0.505044 0.062970 -0.830131
1642516791.392568 0.906636 1.443151 -0.276703 -0.224934 -0.507726 0.065246 -0.829073
1642516791.400902 0.904050 1.443766 -0.279371 -0.222330 -0.509846 0.067127 -0.828324
1642516791.409235 0.901201 1.444330 -0.282031 -0.219493 -0.512746 0.069113 -0.827126
1642516791.417568 0.898165 1.444787 -0.284653 -0.216666 -0.515409 0.070911 -0.826064
1642516791.425902 0.894934 1.445172 -0.287214 -0.213770 -0.518152 0.072465 -0.824967
1642516791.434235 0.891530 1.445452 -0.289764 -0.210789 -0.520386 0.073875 -0.824202
1642516791.442568 0.887952 1.445648 -0.292230 -0.207841 -0.522724 0.075144 -0.823356
1642516791.450902 0.884253 1.445757 -0.294644 -0.204854 -0.525194 0.076599 -0.822398
1642516791.459235 0.880403 1.445786 -0.296999 -0.202003 -0.527228 0.077848 -0.821684
1642516791.467568 0.876512 1.445637 -0.299285 -0.199380 -0.529371 0.079389 -0.820799
1642516791.475902 0.872490 1.445407 -0.301466 -0.197019 -0.531784 0.081142 -0.819637
1642516791.484235 0.868402 1.445070 -0.303580 -0.194699 -0.533539 0.082740 -0.818892
1642516791.492568 0.864214 1.444623 -0.305602 -0.192639 -0.534755 0.084360 -0.818420
1642516791.500902 0.859946 1.444054 -0.307502 -0.190856 -0.536066 0.086018 -0.817807
1642516791.509235 0.855604 1.443369 -0.309268 -0.189341 -0.537109 0.087692 -0.817296
1642516791.517568 0.851176 1.442586 -0.310922 -0.188035 -0.537820 0.089308 -0.816955
1642516791.525902 0.846697 1.441710 -0.312451 -0.186904 -0.537971 0.090653 -0.816968
1642516791.534235 0.842109 1.440709 -0.313840 -0.185894 -0.538560 0.092484 -0.816605
1642516791.542568 0.837449 1.439597 -0.315133 -0.184953 -0.538782 0.094204 -0.816475
1642516791.550902 0.832722 1.438385 -0.316277 -0.184272 -0.539190 0.096044 -0.816146
1642516791.559235 0.827912 1.437067 -0.317330 -0.183550 -0.538699 0.097626 -0.816445
1642516791.567568 0.823009 1.435643 -0.318202 -0.183106 -0.538918 0.099701 -0.816149
1642516791.575902 0.818078 1.434123 -0.318925 -0.183034 -0.538643 0.101546 -0.816120
1642516791.584235 0.813076 1.432523 -0.319527 -0.183208 -0.537574 0.103050 -0.816597
1642516791.592568 0.808012 1.430847 -0.319955 -0.183782 -0.536326 0.104522 -0.817101
1642516791.600902 0.802811 1.429060 -0.320264 -0.184250 -0.535280 0.106129 -0.817474
1642516791.609235 0.797621 1.427175 -0.320410 -0.185107 -0.533494 0.107468 -0.818273
1642516791.617568 0.792299 1.425217 -0.320424 -0.186029 -0.532173 0.108943 -0.818729
1642516791.625902 0.786861 1.423155 -0.320273 -0.186990 -0.531006 0.110541 -0.819053
1642516791.634235 0.781378 1.421101 -0.319979 -0.188397 -0.528890 0.111371 -0.819987
1642516791.642568 0.775766 1.418945 -0.319541 -0.189856 -0.527096 0.112180 -0.820695
1642516791.650902 0.770025 1.416680 -0.318987 -0.191247 -0.525935 0.113460 -0.820941
1642516791.659235 0.764209 1.414423 -0.318246 -0.193178 -0.523977 0.113959 -0.821671
1642516791.667568 0.758306 1.412095 -0.317373 -0.195298 -0.521888 0.114278 -0.822455
1642516791.675902 0.752190 1.409779 -0.316324 -0.197382 -0.518812 0.113590 -0.823997
1642516791.684235 0.746036 1.407361 -0.315172 -0.199703 -0.516400 0.113337 -0.824988
1642516791.692568 0.739774 1.404835 -0.313932 -0.202114 -0.513995 0.113003 -0.825948
1642516791.700902 0.733384 1.402256 -0.312570 -0.204067 -0.510149 0.111624 -0.828037
1642516791.709235 0.726873 1.399807 -0.311013 -0.206639 -0.507176 0.110548 -0.829368
1642516791.717568 0.720278 1.397325 -0.309303 -0.209430 -0.505384 0.110351 -0.829788
1642516791.725902 0.713607 1.394635 -0.307528 -0.211824 -0.501314 0.108219 -0.831928
1642516791.734235 0.706850 1.392159 -0.305524 -0.214724 -0.499102 0.107282 -0.832635
1642516791.742568 0.699982 1.389631 -0.303441 -0.217399 -0.495439 0.105275 -0.834383
1642516791.750902 0.693084 1.387061 -0.301212 -0.220370 -0.492034 0.103403 -0.835851
1642516791.759235 0.686083 1.384474 -0.298872 -0.224349 -0.487832 0.101083 -0.837538
1642516791.767568 0.679040 1.381878 -0.296346 -0.228034 -0.484712 0.099020 -0.838600
1642516791.775902 0.671961 1.379437 -0.293704 -0.231752 -0.480466 0.096923 -0.840268
1642516791.784235 0.664776 1.376879 -0.290919 -0.235377 -0.475974 0.094015 -0.842145
1642516791.792568 0.657579 1.374403 -0.287998 -0.239393 -0.471969 0.091457 -0.843547
1642516791.800902 0.650371 1.371927 -0.284947 -0.243394 -0.467981 0.089096 -0.844876
1642516791.809235 0.643111 1.369576 -0.281705 -0.246550 -0.463845 0.086644 -0.846495
1642516791.817568 0.635798 1.367223 -0.278442 -0.250641 -0.459394 0.083691 -0.848017
1642516791.825902 0.628450 1.364877 -0.275118 -0.254767 -0.455360 0.080867 -0.849236
1642516791.834235 0.621132 1.362597 -0.271724 -0.258795 -0.450759 0.078055 -0.850735
1642516791.842568 0.613778 1.360438 -0.268196 -0.263191 -0.445576 0.074625 -0.852422
1642516791.850902 0.606263 1.358327 -0.264573 -0.267321 -0.441565 0.071391 -0.853500
1642516791.859235 0.598823 1.356035 -0.261113 -0.270401 -0.437815 0.069186 -0.854643
1642516791.867568 0.591384 1.354072 -0.257366 -0.274665 -0.433202 0.066241 -0.855866
1642516791.875902 0.583950 1.352241 -0.253537 -0.279092 -0.429185 0.063513 -0.856664
1642516791.884235 0.576508 1.350430 -0.249690 -0.283207 -0.424339 0.060524 -0.857944
1642516791.892568 0.569065 1.348728 -0.245813 -0.287367 -0.419599 0.057488 -0.859100
1642516791.900902 0.561663 1.347187 -0.241852 -0.291485 -0.415304 0.055267 -0.859945
1642516791.909235 0.554255 1.345782 -0.237824 -0.294087 -0.410793 0.052531 -0.861396
1642516791.917568 0.546778 1.344400 -0.233880 -0.297298 -0.405658 0.049262 -0.862919
1642516791.925902 0.539324 1.343132 -0.229914 -0.300326 -0.400946 0.046245 -0.864239
1642516791.934235 0.531860 1.341954 -0.225950 -0.303211 -0.395880 0.043179 -0.865724
1642516791.942568 0.524422 1.340889 -0.221981 -0.305831 -0.390622 0.040100 -0.867337
1642516791.950902 0.516998 1.339927 -0.217995 -0.308332 -0.385756 0.037256 -0.868755
1642516791.959235 0.509633 1.339075 -0.214031 -0.310644 -0.380182 0.034265 -0.870510
1642516791.967568 0.502363 1.338407 -0.210018 -0.313108 -0.373464 0.030626 -0.872669
1642516791.975902 0.495034 1.337708 -0.206199 -0.314869 -0.369393 0.028740 -0.873831
1642516791.984235 0.487873 1.337291 -0.202292 -0.316882 -0.362839 0.025370 -0.875951
1642516791.992568 0.480716 1.336842 -0.198598 -0.318104 -0.358963 0.023629 -0.877153
1642516792.000902 0.473674 1.336728 -0.194838 -0.319595 -0.352203 0.020152 -0.879435
1642516792.009235 0.466726 1.336583 -0.191303 -0.320184 -0.349159 0.018939 -0.880461
1642516792.017568 0.459811 1.336791 -0.187585 -0.321442 -0.342019 0.014664 -0.882883
1642516792.025902 0.453033 1.336969 -0.184103 -0.322441 -0.337144 0.012813 -0.884422
1642516792.034235 0.446413 1.337314 -0.180605 -0.322607 -0.332462 0.010766 -0.886159
1642516792.042568 0.439919 1.337783 -0.177155 -0.322721 -0.327688 0.008911 -0.887915
1642516792.050902 0.433569 1.338377 -0.173749 -0.322806 -0.322525 0.006984 -0.889789
1642516792.059235 0.427361 1.339092 -0.170403 -0.322869 -0.317534 0.005200 -0.891572
1642516792.067568 0.421342 1.339982 -0.167082 -0.322786 -0.311277 0.002797 -0.893817
1642516792.075902 0.415440 1.340997 -0.163900 -0.322150 -0.306934 0.001366 -0.895550
1642516792.084235 0.409669 1.342223 -0.160773 -0.321028 -0.302801 0.000781 -0.897358
1642516792.092568 0.404052 1.343464 -0.157707 -0.319440 -0.298728 -0.000581 -0.899288
1642516792.100902 0.398655 1.344861 -0.154824 -0.318415 -0.294725 -0.002333 -0.900968
1642516792.109235 0.393474 1.346356 -0.152013 -0.317625 -0.290743 -0.004600 -0.902531
1642516792.117568 0.388352 1.347978 -0.149169 -0.315887 -0.286628 -0.005856 -0.904448
1642516792.125902 0.383546 1.349626 -0.146441 -0.315014 -0.282655 -0.007966 -0.905985
1642516792.134235 0.378901 1.351442 -0.143695 -0.313908 -0.278563 -0.009694 -0.907618
1642516792.142568 0.374459 1.353257 -0.141032 -0.312609 -0.274691 -0.011189 -0.909228
1642516792.150902 0.370198 1.355179 -0.138424 -0.311286 -0.270642 -0.012995 -0.910870
1642516792.159235 0.366165 1.357238 -0.135880 -0.310019 -0.267026 -0.014822 -0.912341
1642516792.167568 0.362339 1.359342 -0.133456 -0.308573 -0.263885 -0.016704 -0.913711
1642516792.175902 0.358716 1.361494 -0.131156 -0.306878 -0.261517 -0.018348 -0.914931
1642516792.184235 0.355274 1.363751 -0.128933 -0.305090 -0.258938 -0.020610 -0.916213
1642516792.192568 0.352075 1.366042 -0.126851 -0.303197 -0.257214 -0.022481 -0.917283
1642516792.200902 0.349104 1.368356 -0.124875 -0.301231 -0.255878 -0.024306 -0.918257
1642516792.209235 0.346306 1.370745 -0.122971 -0.299296 -0.254430 -0.026436 -0.919233
1642516792.217568 0.343754 1.373130 -0.121161 -0.297333 -0.253381 -0.028259 -0.920105
1642516792.225902 0.341413 1.375533 -0.119434 -0.295323 -0.252470 -0.030044 -0.920946
1642516792.234235 0.339267 1.377999 -0.117765 -0.293551 -0.251367 -0.032094 -0.921744
1642516792.242568 0.337344 1.380464 -0.116194 -0.291666 -0.250595 -0.033879 -0.922489
1642516792.250902 0.335642 1.382964 -0.114735 -0.289809 -0.250044 -0.035623 -0.923158
1642516792.259235 0.334140 1.385477 -0.113401 -0.287839 -0.249817 -0.037093 -0.923777
1642516792.267568 0.332838 1.388039 -0.112179 -0.285965 -0.249774 -0.038690 -0.924305
1642516792.275902 0.331727 1.390653 -0.111068 -0.283842 -0.249697 -0.040560 -0.924900
1642516792.284235 0.330819 1.393272 -0.110087 -0.281631 -0.249874 -0.042059 -0.925461
1642516792.292568 0.330086 1.395922 -0.109233 -0.279380 -0.250275 -0.043492 -0.925969
1642516792.300902 0.329530 1.398591 -0.108495 -0.276852 -0.250560 -0.044999 -0.926579
1642516792.309235 0.329144 1.401265 -0.107873 -0.274261 -0.251302 -0.046290 -0.927084
1642516792.317568 0.328947 1.403958 -0.107346 -0.271592 -0.251907 -0.047494 -0.927645
1642516792.325902 0.328923 1.406664 -0.106932 -0.268891 -0.252600 -0.048612 -0.928185
1642516792.334235 0.329059 1.409385 -0.106614 -0.265960 -0.253440 -0.049613 -0.928748
1642516792.342568 0.329354 1.412092 -0.106396 -0.263121 -0.254297 -0.050464 -0.929276
1642516792.350902 0.329817 1.414803 -0.106269 -0.260237 -0.255108 -0.051402 -0.929814
1642516792.359235 0.330404 1.417531 -0.106229 -0.257285 -0.256135 -0.052067 -0.930316
1642516792.367568 0.331151 1.420269 -0.106257 -0.253917 -0.257482 -0.051829 -0.930883
1642516792.375902 0.332099 1.422920 -0.106442 -0.251433 -0.258832 -0.052953 -0.931119
1642516792.384235 0.333145 1.425624 -0.106657 -0.248481 -0.260202 -0.053458 -0.931501
1642516792.392568 0.334248 1.428376 -0.106899 -0.245145 -0.261471 -0.053501 -0.932027
1642516792.400902 0.335641 1.430995 -0.107320 -0.242582 -0.263334 -0.054132 -0.932137
1642516792.409235 0.337015 1.433710 -0.107731 -0.239228 -0.264847 -0.053946 -0.932586
1642516792.417568 0.338615 1.436299 -0.108294 -0.236780 -0.266815 -0.054761 -0.932602
1642516792.425902 0.340269 1.438923 -0.108899 -0.233811 -0.268617 -0.054942 -0.932823
1642516792.434235 0.342038 1.441515 -0.109576 -0.230978 -0.270556 -0.055134 -0.932957
1642516792.442568 0.343915 1.444067 -0.110320 -0.228054 -0.272585 -0.055211 -0.933081
1642516792.450902 0.345871 1.446607 -0.111134 -0.225255 -0.274641 -0.055304 -0.933153
1642516792.459235 0.347934 1.449117 -0.112026 -0.222464 -0.276853 -0.055196 -0.933175
1642516792.467568 0.350057 1.451592 -0.112992 -0.219705 -0.279131 -0.055182 -0.933151
1642516792.475902 0.352197 1.454087 -0.113982 -0.216567 -0.281413 -0.054689 -0.933228
1642516792.484235 0.354491 1.456438 -0.115124 -0.214146 -0.283891 -0.055262 -0.933002
1642516792.492568 0.356738 1.458864 -0.116253 -0.211028 -0.286409 -0.054749 -0.932974
1642516792.500902 0.359089 1.461184 -0.117494 -0.208236 -0.288972 -0.054912 -0.932801
1642516792.509235 0.361587 1.463267 -0.119012 -0.205464 -0.295038 -0.053059 -0.931623
1642516792.517568 0.364029 1.465513 -0.120385 -0.202740 -0.297989 -0.053006 -0.931284
1642516792.525902 0.366411 1.467847 -0.121691 -0.199945 -0.299030 -0.054222 -0.931484
1642516792.534235 0.369051 1.469860 -0.123312 -0.197577 -0.303203 -0.053778 -0.930666
1642516792.542568 0.371621 1.471892 -0.124971 -0.194700 -0.307931 -0.052635 -0.929785
1642516792.550902 0.374210 1.473927 -0.126622 -0.191887 -0.311394 -0.052472 -0.929225
1642516792.559235 0.376796 1.475898 -0.128323 -0.189188 -0.314832 -0.052344 -0.928627
1642516792.567568 0.379366 1.477862 -0.130018 -0.186740 -0.317177 -0.053219 -0.928275
1642516792.575902 0.381904 1.479751 -0.131789 -0.184260 -0.320153 -0.053779 -0.927717
1642516792.584235 0.384543 1.481463 -0.133687 -0.181411 -0.324428 -0.052683 -0.926856
1642516792.592568 0.387119 1.483169 -0.135594 -0.178795 -0.328059 -0.052432 -0.926100
1642516792.600902 0.389698 1.484808 -0.137544 -0.176193 -0.331821 -0.052111 -0.925276
1642516792.609235 0.392249 1.486377 -0.139516 -0.173607 -0.335450 -0.051852 -0.924470
1642516792.617568 0.394756 1.487888 -0.141526 -0.171019 -0.339128 -0.051575 -0.923626
1642516792.625902 0.397272 1.489325 -0.143537 -0.168537 -0.342725 -0.051274 -0.922771
1642516792.634235 0.399737 1.490674 -0.145578 -0.166049 -0.346329 -0.050891 -0.921897
1642516792.642568 0.402192 1.491976 -0.147631 -0.163833 -0.349875 -0.050704 -0.920964
1642516792.650902 0.404618 1.493202 -0.149762 -0.162119 -0.353382 -0.051070 -0.919908
1642516792.659235 0.406995 1.494350 -0.151848 -0.160131 -0.356796 -0.051094 -0.918936
1642516792.667568 0.409319 1.495456 -0.153918 -0.158363 -0.359925 -0.051638 -0.917992
1642516792.675902 0.411656 1.496482 -0.156006 -0.156579 -0.362679 -0.052110 -0.917187
1642516792.684235 0.413975 1.497358 -0.158103 -0.154514 -0.366323 -0.052136 -0.916087
1642516792.692568 0.416240 1.498184 -0.160245 -0.152909 -0.369808 -0.052106 -0.914957
1642516792.700902 0.418480 1.498922 -0.162401 -0.151352 -0.373273 -0.052058 -0.913811
1642516792.709235 0.420687 1.499582 -0.164563 -0.149907 -0.376747 -0.051895 -0.912632
1642516792.717568 0.422859 1.500168 -0.166731 -0.148392 -0.380187 -0.051838 -0.911455
1642516792.725902 0.425018 1.500665 -0.168911 -0.147015 -0.383577 -0.051843 -0.910257
1642516792.734235 0.427164 1.501074 -0.171083 -0.145677 -0.387110 -0.051727 -0.908982
1642516792.742568 0.429270 1.501416 -0.173252 -0.144385 -0.390465 -0.051826 -0.907747
1642516792.750902 0.431364 1.501665 -0.175422 -0.143199 -0.394018 -0.051858 -0.906397
1642516792.759235 0.433431 1.501843 -0.177581 -0.142136 -0.397465 -0.051703 -0.905067
1642516792.767568 0.435481 1.501927 -0.179725 -0.141176 -0.400849 -0.051535 -0.903733
1642516792.775902 0.437499 1.501930 -0.181850 -0.140306 -0.404380 -0.051193 -0.902314
1642516792.784235 0.439490 1.501858 -0.183955 -0.139536 -0.407697 -0.050992 -0.900951
1642516792.792568 0.441454 1.501699 -0.186039 -0.138869 -0.411266 -0.050472 -0.899460
1642516792.800902 0.443395 1.501452 -0.188094 -0.138365 -0.414627 -0.050112 -0.898013
1642516792.809235 0.445298 1.501111 -0.190124 -0.138068 -0.418099 -0.049610 -0.896476
1642516792.817568 0.447181 1.500690 -0.192112 -0.137842 -0.421346 -0.049242 -0.895010
1642516792.825902 0.449024 1.500198 -0.194066 -0.137858 -0.424529 -0.048876 -0.893522
1642516792.834235 0.450825 1.499619 -0.195975 -0.137908 -0.427643 -0.048426 -0.892053
1642516792.842568 0.452581 1.498974 -0.197847 -0.138019 -0.430815 -0.047823 -0.890541
1642516792.850902 0.454303 1.498245 -0.199671 -0.138380 -0.433846 -0.047367 -0.889036
1642516792.859235 0.455979 1.497447 -0.201447 -0.138672 -0.436841 -0.046821 -0.887552
1642516792.867568 0.457597 1.496657 -0.203113 -0.139011 -0.439590 -0.046285 -0.886169
1642516792.875902 0.459210 1.495671 -0.204811 -0.139439 -0.442603 -0.045415 -0.884645
1642516792.884235 0.460684 1.494724 -0.206396 -0.139963 -0.444739 -0.045240 -0.883499
1642516792.892568 0.462179 1.493655 -0.207958 -0.140644 -0.447417 -0.044520 -0.882075
1642516792.900902 0.463624 1.492547 -0.209457 -0.141330 -0.449951 -0.043831 -0.880709
1642516792.909235 0.465001 1.491394 -0.210884 -0.142162 -0.452230 -0.043059 -0.879445
1642516792.917568 0.466335 1.490209 -0.212255 -0.142908 -0.454491 -0.042250 -0.878197
1642516792.925902 0.467615 1.488981 -0.213548 -0.143728 -0.456648 -0.041421 -0.876983
1642516792.934235 0.468828 1.487729 -0.214762 -0.144599 -0.458545 -0.040406 -0.875897
1642516792.942568 0.469979 1.486446 -0.215920 -0.145524 -0.460278 -0.039541 -0.874874
1642516792.950902 0.471063 1.485142 -0.216999 -0.146385 -0.461857 -0.038320 -0.873952
1642516792.959235 0.472074 1.483798 -0.218023 -0.147450 -0.463087 -0.037248 -0.873168
1642516792.967568 0.472999 1.482448 -0.218967 -0.148450 -0.464178 -0.035988 -0.872471
1642516792.975902 0.473864 1.481063 -0.219856 -0.149554 -0.465057 -0.034592 -0.871871
1642516792.984235 0.474643 1.479681 -0.220685 -0.150665 -0.465620 -0.033310 -0.871429
1642516792.992568 0.475343 1.478282 -0.221450 -0.151796 -0.466078 -0.031944 -0.871039
1642516793.000902 0.475951 1.476891 -0.222161 -0.152816 -0.466222 -0.030564 -0.870833
1642516793.009235 0.476459 1.475486 -0.222816 -0.153878 -0.466156 -0.029265 -0.870726
1642516793.017568 0.476860 1.474100 -0.223411 -0.154957 -0.465839 -0.027800 -0.870752
1642516793.025902 0.477178 1.472697 -0.223930 -0.156014 -0.465473 -0.026357 -0.870804
1642516793.034235 0.477404 1.471324 -0.224377 -0.157000 -0.464942 -0.024927 -0.870953
1642516793.042568 0.477540 1.470000 -0.224715 -0.157290 -0.464361 -0.023344 -0.871254
1642516793.050902 0.477576 1.468629 -0.225049 -0.158369 -0.463410 -0.021865 -0.871603
1642516793.059235 0.477520 1.467280 -0.225339 -0.159389 -0.462588 -0.020254 -0.871893
1642516793.067568 0.477360 1.465933 -0.225565 -0.160487 -0.461620 -0.018705 -0.872239
1642516793.075902 0.477113 1.464600 -0.225751 -0.161524 -0.460588 -0.017119 -0.872626
1642516793.084235 0.476766 1.463286 -0.225885 -0.162603 -0.459496 -0.015699 -0.873028
1642516793.092568 0.476296 1.461964 -0.225970 -0.163586 -0.458422 -0.014227 -0.873434
1642516793.100902 0.475718 1.460662 -0.225990 -0.164664 -0.457214 -0.012757 -0.873887
1642516793.109235 0.475032 1.459377 -0.225964 -0.165658 -0.455938 -0.011549 -0.874383
1642516793.117568 0.474236 1.458081 -0.225877 -0.166664 -0.454774 -0.010143 -0.874815
1642516793.125902 0.473348 1.456810 -0.225752 -0.167713 -0.453494 -0.008950 -0.875292
1642516793.134235 0.472340 1.455531 -0.225585 -0.168809 -0.452092 -0.007831 -0.875817
1642516793.142568 0.471227 1.454260 -0.225367 -0.169768 -0.450569 -0.006726 -0.876426
1642516793.150902 0.470010 1.453022 -0.225110 -0.170706 -0.449020 -0.005759 -0.877045
1642516793.159235 0.468652 1.451792 -0.224815 -0.171640 -0.447567 -0.004788 -0.877610
1642516793.167568 0.467197 1.450582 -0.224477 -0.172519 -0.445855 -0.004008 -0.878313
1642516793.175902 0.465682 1.449345 -0.224101 -0.173431 -0.444728 -0.002923 -0.878709
1642516793.184235 0.463910 1.448258 -0.223629 -0.174146 -0.442307 -0.002775 -0.879790
1642516793.192568 0.462103 1.447136 -0.223140 -0.174882 -0.440575 -0.002298 -0.880514
1642516793.200902 0.460271 1.446028 -0.222628 -0.175860 -0.439486 -0.001092 -0.880866
1642516793.209235 0.458254 1.444969 -0.222068 -0.176493 -0.437599 -0.000745 -0.881678
1642516793.217568 0.456065 1.444019 -0.221432 -0.176925 -0.434997 -0.000979 -0.882879
1642516793.225902 0.453914 1.442969 -0.220858 -0.177544 -0.433757 -0.000110 -0.883364
1642516793.234235 0.451559 1.441997 -0.220238 -0.177943 -0.431333 -0.000292 -0.884471
1642516793.242568 0.449067 1.441179 -0.219535 -0.178240 -0.428250 -0.001106 -0.885907
1642516793.250902 0.446637 1.440257 -0.218916 -0.178601 -0.426734 -0.000290 -0.886566
1642516793.259235 0.444031 1.439466 -0.218219 -0.178737 -0.424367 -0.000351 -0.887674
1642516793.267568 0.441357 1.438730 -0.217517 -0.178892 -0.421851 -0.000376 -0.888841
1642516793.275902 0.438592 1.438053 -0.216809 -0.178907 -0.419109 -0.000545 -0.890135
1642516793.284235 0.435752 1.437435 -0.216084 -0.178871 -0.416353 -0.000730 -0.891434
1642516793.292568 0.432846 1.436866 -0.215359 -0.178820 -0.413416 -0.000883 -0.892810
1642516793.300902 0.429865 1.436340 -0.214621 -0.178741 -0.410277 -0.001049 -0.894273
1642516793.309235 0.426803 1.435860 -0.213894 -0.178546 -0.407183 -0.001112 -0.895724
1642516793.317568 0.423688 1.435450 -0.213161 -0.178191 -0.404011 -0.001370 -0.897230
1642516793.325902 0.420488 1.435051 -0.212457 -0.177573 -0.399755 -0.002207 -0.899255
1642516793.334235 0.417251 1.434738 -0.211713 -0.177150 -0.396237 -0.002632 -0.900892
1642516793.342568 0.413927 1.434493 -0.210948 -0.176657 -0.392424 -0.003225 -0.902655
1642516793.350902 0.410552 1.434273 -0.210166 -0.176170 -0.388665 -0.003843 -0.904372
1642516793.359235 0.407040 1.434100 -0.209382 -0.175564 -0.385414 -0.004238 -0.905878
1642516793.367568 0.403511 1.433963 -0.208560 -0.175046 -0.381482 -0.005081 -0.907637
1642516793.375902 0.399903 1.433908 -0.207674 -0.173865 -0.377671 -0.005773 -0.909452
1642516793.384235 0.396186 1.433846 -0.206907 -0.174166 -0.373260 -0.006869 -0.911206
1642516793.392568 0.392411 1.433810 -0.206091 -0.174076 -0.369137 -0.008023 -0.912892
1642516793.400902 0.388578 1.433809 -0.205257 -0.174006 -0.364608 -0.009440 -0.914710
1642516793.409235 0.384663 1.433822 -0.204412 -0.173841 -0.360261 -0.010890 -0.916446
1642516793.417568 0.380679 1.433868 -0.203554 -0.173583 -0.355724 -0.012669 -0.918242
1642516793.425902 0.376629 1.433931 -0.202684 -0.173229 -0.351214 -0.014425 -0.920018
1642516793.434235 0.372500 1.434009 -0.201795 -0.172860 -0.346626 -0.016285 -0.921794
1642516793.442568 0.368347 1.434050 -0.200945 -0.172375 -0.342305 -0.017813 -0.923470
1642516793.450902 0.364093 1.434151 -0.200053 -0.172085 -0.337561 -0.019972 -0.925225
1642516793.459235 0.359789 1.434259 -0.199166 -0.171814 -0.332784 -0.022400 -0.926948
1642516793.467568 0.355428 1.434355 -0.198292 -0.171587 -0.328097 -0.024864 -0.928597
1642516793.475902 0.351035 1.434431 -0.197429 -0.171352 -0.323485 -0.027447 -0.930184
1642516793.484235 0.346591 1.434518 -0.196590 -0.171096 -0.318598 -0.030290 -0.931828
1642516793.492568 0.342104 1.434587 -0.195775 -0.170932 -0.313927 -0.033019 -0.933350
1642516793.500902 0.337572 1.434656 -0.194983 -0.170697 -0.309082 -0.036094 -0.934895
1642516793.509235 0.333047 1.434693 -0.194201 -0.170490 -0.304421 -0.039073 -0.936341
1642516793.517568 0.328479 1.434755 -0.193422 -0.170587 -0.299467 -0.042865 -0.937754
1642516793.525902 0.324000 1.434695 -0.192758 -0.170376 -0.295408 -0.045166 -0.938971
1642516793.534235 0.319474 1.434688 -0.192089 -0.170273 -0.290885 -0.048292 -0.940245
1642516793.542568 0.314964 1.434593 -0.191512 -0.171115 -0.286477 -0.051365 -0.941282
1642516793.550902 0.310488 1.434508 -0.190957 -0.170691 -0.283168 -0.053442 -0.942244
1642516793.559235 0.306017 1.434504 -0.190328 -0.170833 -0.277308 -0.057684 -0.943710
1642516793.567568 0.301583 1.434424 -0.189801 -0.170744 -0.272894 -0.060792 -0.944817
1642516793.575902 0.297194 1.434335 -0.189304 -0.170661 -0.268427 -0.064069 -0.945895
1642516793.584235 0.292775 1.434330 -0.188762 -0.171004 -0.262074 -0.068946 -0.947270
1642516793.592568 0.288486 1.434183 -0.188369 -0.171057 -0.258020 -0.071916 -0.948152
1642516793.600902 0.284174 1.434083 -0.187993 -0.170640 -0.253591 -0.074550 -0.949219
1642516793.609235 0.279992 1.433887 -0.187670 -0.170771 -0.249622 -0.077472 -0.950013
1642516793.617568 0.275838 1.433681 -0.187428 -0.170844 -0.245561 -0.080419 -0.950813
1642516793.625902 0.271750 1.433462 -0.187211 -0.171001 -0.241474 -0.083400 -0.951574
1642516793.634235 0.267736 1.433225 -0.187053 -0.171192 -0.237417 -0.086409 -0.952292
1642516793.642568 0.263753 1.432992 -0.186923 -0.171334 -0.233175 -0.089693 -0.953011
1642516793.650902 0.259856 1.432732 -0.186856 -0.171570 -0.229272 -0.092541 -0.953642
1642516793.659235 0.256023 1.432432 -0.186837 -0.171709 -0.225447 -0.095290 -0.954259
1642516793.667568 0.252220 1.432152 -0.186849 -0.171823 -0.221584 -0.098190 -0.954849
1642516793.675902 0.248476 1.431839 -0.186905 -0.172010 -0.217685 -0.101117 -0.955406
1642516793.684235 0.244766 1.431541 -0.187005 -0.172133 -0.213971 -0.104024 -0.955911
1642516793.692568 0.241172 1.431173 -0.187172 -0.172836 -0.210025 -0.107562 -0.956268
1642516793.700902 0.237568 1.430856 -0.187278 -0.172238 -0.205765 -0.109895 -0.957036
1642516793.709235 0.234022 1.430515 -0.187497 -0.172361 -0.202084 -0.112672 -0.957475
1642516793.717568 0.230533 1.430119 -0.187732 -0.172324 -0.198191 -0.115523 -0.957956
1642516793.725902 0.227166 1.429626 -0.188119 -0.173562 -0.194312 -0.119106 -0.958088
1642516793.734235 0.223745 1.429189 -0.188459 -0.174094 -0.190458 -0.121714 -0.958438
1642516793.742568 0.220398 1.428748 -0.188779 -0.173844 -0.186898 -0.124394 -0.958840
1642516793.750902 0.217072 1.428348 -0.189087 -0.173766 -0.183265 -0.127287 -0.959175
1642516793.759235 0.213849 1.427812 -0.189541 -0.173447 -0.179891 -0.129945 -0.959515
1642516793.767568 0.210645 1.427380 -0.189907 -0.173388 -0.176169 -0.133159 -0.959776
1642516793.775902 0.207504 1.426860 -0.190386 -0.173221 -0.172835 -0.135992 -0.960015
1642516793.784235 0.204432 1.426320 -0.190877 -0.173016 -0.169585 -0.138855 -0.960222
1642516793.792568 0.201401 1.425833 -0.191335 -0.172714 -0.165981 -0.142039 -0.960440
1642516793.800902 0.198597 1.425118 -0.191946 -0.172432 -0.162906 -0.144645 -0.960628
1642516793.809235 0.195754 1.424471 -0.192548 -0.171797 -0.159893 -0.147808 -0.960767
1642516793.817568 0.193025 1.423817 -0.193109 -0.171702 -0.158559 -0.149560 -0.960734
1642516793.825902 0.190378 1.423149 -0.193694 -0.171455 -0.156009 -0.152375 -0.960753
1642516793.834235 0.187828 1.422460 -0.194265 -0.171323 -0.153371 -0.155239 -0.960743
1642516793.842568 0.185417 1.421712 -0.194843 -0.171181 -0.150806 -0.158024 -0.960720
1642516793.850902 0.183044 1.421010 -0.195425 -0.170766 -0.147945 -0.161272 -0.960699
1642516793.859235 0.180729 1.420319 -0.196009 -0.171337 -0.148087 -0.163353 -0.960224
1642516793.867568 0.178673 1.419586 -0.196607 -0.171263 -0.146141 -0.165896 -0.960099
1642516793.875902 0.176699 1.418904 -0.197148 -0.171055 -0.144484 -0.168411 -0.959949
1642516793.884235 0.174940 1.418103 -0.197783 -0.170762 -0.144271 -0.169804 -0.959788
1642516793.892568 0.173320 1.417317 -0.198401 -0.170395 -0.142527 -0.172292 -0.959671
1642516793.900902 0.171853 1.416525 -0.199014 -0.170468 -0.141490 -0.174632 -0.959388
1642516793.909235 0.170484 1.415796 -0.199526 -0.170471 -0.141785 -0.175787 -0.959133
1642516793.917568 0.169343 1.414947 -0.200127 -0.170578 -0.141596 -0.177280 -0.958867
1642516793.925902 0.168206 1.414302 -0.200538 -0.170926 -0.140617 -0.179434 -0.958548
1642516793.934235 0.167383 1.413462 -0.201092 -0.171189 -0.140947 -0.180318 -0.958287
1642516793.942568 0.166704 1.412649 -0.201586 -0.171419 -0.141788 -0.180604 -0.958068
1642516793.950902 0.166051 1.412003 -0.201916 -0.172009 -0.141153 -0.182230 -0.957748
1642516793.959235 0.165649 1.411225 -0.202309 -0.172638 -0.141612 -0.182716 -0.957474
1642516793.967568 0.165414 1.410439 -0.202665 -0.173414 -0.142161 -0.183005 -0.957197
1642516793.975902 0.165409 1.409535 -0.203075 -0.174181 -0.143573 -0.182370 -0.956969
1642516793.984235 0.165404 1.408837 -0.203275 -0.174875 -0.143457 -0.182647 -0.956807
1642516793.992568 0.165590 1.408049 -0.203487 -0.176612 -0.144194 -0.182937 -0.956321
1642516794.000902 0.165960 1.407171 -0.203713 -0.177947 -0.145664 -0.181961 -0.956037
1642516794.009235 0.166421 1.406353 -0.203861 -0.179467 -0.146569 -0.181534 -0.955696
1642516794.017568 0.167064 1.405403 -0.204073 -0.180965 -0.147115 -0.181120 -0.955408
1642516794.025902 0.167757 1.404537 -0.204147 -0.182753 -0.148046 -0.180406 -0.955059
1642516794.034235 0.168510 1.403750 -0.204101 -0.184600 -0.148888 -0.179715 -0.954703
1642516794.042568 0.169480 1.402722 -0.204214 -0.186475 -0.149911 -0.178875 -0.954336
1642516794.050902 0.170422 1.401947 -0.204018 -0.188828 -0.151613 -0.177751 -0.953814
1642516794.059235 0.171588 1.400928 -0.204017 -0.190889 -0.152559 -0.177038 -0.953386
1642516794.067568 0.172737 1.400059 -0.203812 -0.193282 -0.153782 -0.176177 -0.952867
1642516794.075902 0.174053 1.399035 -0.203711 -0.195657 -0.155629 -0.174901 -0.952317
1642516794.084235 0.175354 1.398133 -0.203447 -0.198214 -0.156923 -0.174155 -0.951712
1642516794.092568 0.176916 1.397027 -0.203308 -0.200490 -0.157250 -0.173384 -0.951322
1642516794.100902 0.178377 1.396004 -0.203129 -0.202997 -0.159113 -0.172298 -0.950678
1642516794.109235 0.179948 1.395034 -0.202785 -0.205491 -0.160395 -0.171530 -0.950066
1642516794.117568 0.181540 1.393955 -0.202560 -0.207903 -0.163138 -0.170037 -0.949342
1642516794.125902 0.183259 1.392955 -0.202225 -0.210359 -0.164482 -0.169152 -0.948727
1642516794.134235 0.184943 1.392028 -0.201808 -0.212014 -0.166798 -0.168022 -0.948155
1642516794.142568 0.186696 1.391064 -0.201471 -0.215043 -0.169533 -0.167299 -0.947115
1642516794.150902 0.188512 1.390011 -0.201181 -0.217410 -0.171710 -0.166334 -0.946352
1642516794.159235 0.190346 1.389034 -0.200840 -0.219731 -0.173723 -0.165523 -0.945590
1642516794.167568 0.192211 1.388058 -0.200511 -0.221860 -0.176061 -0.164548 -0.944831
1642516794.175902 0.194112 1.387091 -0.200179 -0.223930 -0.178243 -0.163690 -0.944082
1642516794.184235 0.196032 1.386149 -0.199852 -0.225866 -0.180541 -0.162906 -0.943319
1642516794.192568 0.197977 1.385212 -0.199521 -0.227634 -0.182775 -0.162125 -0.942598
1642516794.200902 0.199954 1.384304 -0.199207 -0.229442 -0.185111 -0.161293 -0.941846
1642516794.209235 0.201918 1.383448 -0.198859 -0.230811 -0.187297 -0.160076 -0.941287
1642516794.217568 0.203973 1.382542 -0.198595 -0.233000 -0.189647 -0.159561 -0.940364
1642516794.225902 0.205990 1.381720 -0.198273 -0.234215 -0.191740 -0.158274 -0.939856
1642516794.234235 0.208049 1.380879 -0.197988 -0.235847 -0.193876 -0.157416 -0.939153
1642516794.242568 0.210176 1.380011 -0.197745 -0.237909 -0.196139 -0.156825 -0.938261
1642516794.250902 0.212273 1.379209 -0.197483 -0.239483 -0.198151 -0.155899 -0.937593
1642516794.259235 0.214357 1.378467 -0.197177 -0.240679 -0.200443 -0.154388 -0.937049
1642516794.267568 0.216528 1.377644 -0.196953 -0.242774 -0.202397 -0.153911 -0.936166
1642516794.275902 0.218689 1.376898 -0.196695 -0.244346 -0.204531 -0.152763 -0.935482
1642516794.284235 0.220883 1.376150 -0.196449 -0.246021 -0.206582 -0.151738 -0.934758
1642516794.292568 0.223076 1.375431 -0.196197 -0.247804 -0.208511 -0.150702 -0.934026
1642516794.300902 0.225304 1.374695 -0.195967 -0.249553 -0.210620 -0.149525 -0.933276
1642516794.309235 0.227523 1.374027 -0.195706 -0.251406 -0.212138 -0.148909 -0.932533
1642516794.317568 0.229740 1.373358 -0.195450 -0.253226 -0.213658 -0.148248 -0.931799
1642516794.325902 0.232032 1.372619 -0.195274 -0.254250 -0.217124 -0.145298 -0.931183
1642516794.334235 0.234295 1.371921 -0.195082 -0.255916 -0.219176 -0.144037 -0.930442
1642516794.342568 0.236508 1.371335 -0.194861 -0.257658 -0.220368 -0.143632 -0.929742
1642516794.350902 0.238873 1.370578 -0.194776 -0.258943 -0.223834 -0.141020 -0.928957
1642516794.359235 0.241092 1.369999 -0.194612 -0.260510 -0.225108 -0.140564 -0.928280
1642516794.367568 0.243402 1.369332 -0.194535 -0.262012 -0.227318 -0.139175 -0.927527
1642516794.375902 0.245743 1.368619 -0.194606 -0.264583 -0.229824 -0.138407 -0.926294
1642516794.384235 0.248055 1.367971 -0.194588 -0.266016 -0.232319 -0.136913 -0.925483
1642516794.392568 0.250339 1.367311 -0.194596 -0.267555 -0.234732 -0.135495 -0.924638
1642516794.400902 0.252720 1.366541 -0.194687 -0.268754 -0.238307 -0.132867 -0.923757
1642516794.409235 0.254944 1.365905 -0.194773 -0.270081 -0.240835 -0.131469 -0.922914
1642516794.417568 0.257226 1.365162 -0.194909 -0.271926 -0.243297 -0.130056 -0.921926
1642516794.425902 0.259411 1.364571 -0.195019 -0.272746 -0.245797 -0.128614 -0.921223
1642516794.434235 0.261618 1.363862 -0.195233 -0.274382 -0.248252 -0.127266 -0.920265
1642516794.442568 0.263787 1.363198 -0.195446 -0.275555 -0.250553 -0.125992 -0.919466
1642516794.450902 0.265932 1.362549 -0.195695 -0.276646 -0.253062 -0.124467 -0.918659
1642516794.459235 0.268064 1.361899 -0.195956 -0.277617 -0.255226 -0.123170 -0.917942
1642516794.467568 0.270100 1.361304 -0.196267 -0.278550 -0.257533 -0.121824 -0.917194
1642516794.475902 0.272145 1.360692 -0.196578 -0.279432 -0.259534 -0.120558 -0.916529
1642516794.484235 0.274117 1.360134 -0.196896 -0.280195 -0.261620 -0.119280 -0.915870
1642516794.492568 0.276027 1.359617 -0.197239 -0.281036 -0.263756 -0.118022 -0.915162
1642516794.500902 0.277897 1.359143 -0.197603 -0.281656 -0.265766 -0.116774 -0.914550
1642516794.509235 0.279708 1.358705 -0.197974 -0.282325 -0.267566 -0.115623 -0.913965
1642516794.517568 0.281489 1.358320 -0.198357 -0.282912 -0.269594 -0.114410 -0.913340
1642516794.525902 0.283223 1.357983 -0.198753 -0.283340 -0.271358 -0.113312 -0.912822
1642516794.534235 0.284908 1.357711 -0.199179 -0.283671 -0.273405 -0.112146 -0.912252
1642516794.542568 0.286544 1.357455 -0.199618 -0.284080 -0.275388 -0.111010 -0.911667
1642516794.550902 0.288190 1.357237 -0.200043 -0.284289 -0.277293 -0.109877 -0.911162
1642516794.559235 0.289760 1.357079 -0.200503 -0.284492 -0.279132 -0.108872 -0.910657
1642516794.567568 0.291289 1.356947 -0.200961 -0.284621 -0.281065 -0.107893 -0.910139
1642516794.575902 0.292767 1.356854 -0.201439 -0.284802 -0.283123 -0.106931 -0.909558
1642516794.584235 0.294207 1.356803 -0.201921 -0.284865 -0.285045 -0.106021 -0.909044
1642516794.592568 0.295609 1.356772 -0.202394 -0.284885 -0.286885 -0.105148 -0.908560
1642516794.600902 0.296992 1.356752 -0.202889 -0.284893 -0.288896 -0.104254 -0.908023
1642516794.609235 0.298248 1.356972 -0.203174 -0.282801 -0.290965 -0.102093 -0.908262
1642516794.617568 0.299570 1.356997 -0.203701 -0.282729 -0.292871 -0.101261 -0.907765
1642516794.625902 0.300848 1.357041 -0.204232 -0.282580 -0.294861 -0.100445 -0.907258
1642516794.634235 0.302121 1.357090 -0.204769 -0.282505 -0.296695 -0.099633 -0.906772
1642516794.642568 0.303364 1.357142 -0.205320 -0.282521 -0.298444 -0.098847 -0.906279
1642516794.650902 0.304567 1.357215 -0.205873 -0.282377 -0.300122 -0.098034 -0.905858
1642516794.659235 0.305798 1.357234 -0.206445 -0.282285 -0.301979 -0.097040 -0.905377
1642516794.667568 0.306965 1.357252 -0.207029 -0.282280 -0.303653 -0.096144 -0.904914
1642516794.675902 0.308128 1.357306 -0.207617 -0.282073 -0.305157 -0.095282 -0.904564
1642516794.684235 0.309291 1.357312 -0.208226 -0.281978 -0.306696 -0.094383 -0.904167
1642516794.692568 0.310429 1.357329 -0.208841 -0.281821 -0.308223 -0.093364 -0.903802
1642516794.700902 0.311458 1.357439 -0.209406 -0.281797 -0.309001 -0.093095 -0.903572
1642516794.709235 0.312586 1.357438 -0.210021 -0.281639 -0.310222 -0.092121 -0.903303
1642516794.717568 0.313642 1.357478 -0.210627 -0.281421 -0.311350 -0.091194 -0.903077
1642516794.725902 0.314729 1.357443 -0.211290 -0.281055 -0.313084 -0.089413 -0.902769
1642516794.734235 0.315707 1.357510 -0.211853 -0.281103 -0.313758 -0.089133 -0.902548
1642516794.742568 0.316603 1.357596 -0.212372 -0.281172 -0.316782 -0.087522 -0.901627
1642516794.750902 0.317597 1.357566 -0.212996 -0.280783 -0.318262 -0.085890 -0.901384
1642516794.759235 0.318522 1.357607 -0.213570 -0.280545 -0.319192 -0.085054 -0.901208
1642516794.767568 0.319415 1.357661 -0.214133 -0.280354 -0.320077 -0.084222 -0.901032
1642516794.775902 0.320237 1.357778 -0.214628 -0.280266 -0.320525 -0.084057 -0.900916
1642516794.784235 0.321072 1.357846 -0.215146 -0.280070 -0.321335 -0.083413 -0.900748
1642516794.792568 0.321877 1.357918 -0.215667 -0.279828 -0.322487 -0.082511 -0.900495
1642516794.800902 0.322647 1.357994 -0.216178 -0.279604 -0.323249 -0.081944 -0.900343
1642516794.809235 0.323359 1.358090 -0.216650 -0.279279 -0.323959 -0.081383 -0.900239
1642516794.817568 0.324055 1.358172 -0.217117 -0.278953 -0.324798 -0.080710 -0.900099
1642516794.825902 0.324736 1.358267 -0.217581 -0.278779 -0.325593 -0.080134 -0.899916
1642516794.834235 0.325343 1.358441 -0.217960 -0.278777 -0.325475 -0.080437 -0.899933
1642516794.842568 0.326011 1.358498 -0.218405 -0.278389 -0.325876 -0.080038 -0.899944
1642516794.850902 0.326645 1.358555 -0.218889 -0.277871 -0.327592 -0.078576 -0.899610
1642516794.859235 0.327139 1.358749 -0.219277 -0.277604 -0.328778 -0.078059 -0.899304
1642516794.867568 0.327675 1.358908 -0.219671 -0.277358 -0.329392 -0.077724 -0.899184
1642516794.875902 0.328174 1.359077 -0.220043 -0.277014 -0.330162 -0.077205 -0.899053
1642516794.884235 0.328639 1.359251 -0.220400 -0.276701 -0.330905 -0.076782 -0.898912
1642516794.892568 0.329080 1.359431 -0.220740 -0.276409 -0.331545 -0.076322 -0.898805
1642516794.900902 0.329497 1.359609 -0.221044 -0.276122 -0.332003 -0.076000 -0.898752
1642516794.909235 0.329887 1.359799 -0.221347 -0.275839 -0.332463 -0.075671 -0.898697
1642516794.917568 0.330264 1.359967 -0.221647 -0.275602 -0.332893 -0.075389 -0.898633
1642516794.925902 0.330617 1.360152 -0.221926 -0.275267 -0.333313 -0.075127 -0.898603
1642516794.934235 0.330944 1.360327 -0.222193 -0.275030 -0.333721 -0.074858 -0.898546
1642516794.942568 0.331252 1.360493 -0.222462 -0.274779 -0.334079 -0.074601 -0.898511
1642516794.950902 0.331541 1.360646 -0.222715 -0.274522 -0.334515 -0.074292 -0.898453
1642516794.959235 0.331822 1.360795 -0.222943 -0.274215 -0.334786 -0.074061 -0.898465
1642516794.967568 0.332084 1.360926 -0.223162 -0.273906 -0.335040 -0.073874 -0.898480
1642516794.975902 0.332346 1.361034 -0.223374 -0.273753 -0.335305 -0.073587 -0.898451
1642516794.984235 0.332599 1.361129 -0.223563 -0.273488 -0.335391 -0.073458 -0.898511
1642516794.992568 0.332947 1.361102 -0.223805 -0.273092 -0.335784 -0.072534 -0.898559
1642516795.000902 0.333121 1.361213 -0.223961 -0.273022 -0.336410 -0.072300 -0.898365
1642516795.009235 0.333427 1.361132 -0.224194 -0.273593 -0.336576 -0.073204 -0.898056
1642516795.017568 0.333562 1.361325 -0.224214 -0.272873 -0.335752 -0.072791 -0.898617
1642516795.025902 0.333715 1.361396 -0.224328 -0.272825 -0.336403 -0.072538 -0.898408
1642516795.034235 0.333929 1.361420 -0.224456 -0.272764 -0.336575 -0.072429 -0.898371
1642516795.042568 0.334129 1.361423 -0.224574 -0.272737 -0.336680 -0.072300 -0.898351
1642516795.050902 0.334333 1.361433 -0.224682 -0.272646 -0.337008 -0.072055 -0.898275
1642516795.059235 0.334543 1.361432 -0.224787 -0.272607 -0.337092 -0.071941 -0.898264
1642516795.067568 0.334794 1.361382 -0.224902 -0.272457 -0.336847 -0.071889 -0.898406
1642516795.075902 0.334986 1.361384 -0.224995 -0.272379 -0.336975 -0.071736 -0.898394
1642516795.084235 0.335176 1.361377 -0.225082 -0.272375 -0.337138 -0.071627 -0.898342
1642516795.092568 0.335354 1.361366 -0.225175 -0.272346 -0.337412 -0.071387 -0.898268
1642516795.100902 0.335530 1.361361 -0.225264 -0.272375 -0.337595 -0.071288 -0.898198
1642516795.109235 0.335680 1.361354 -0.225342 -0.272231 -0.337837 -0.071099 -0.898166
1642516795.117568 0.335822 1.361351 -0.225422 -0.272208 -0.337989 -0.070951 -0.898127
1642516795.125902 0.336047 1.361220 -0.225584 -0.272891 -0.338175 -0.071957 -0.897770
1642516795.134235 0.336085 1.361342 -0.225569 -0.272075 -0.338192 -0.070750 -0.898107
1642516795.142568 0.336211 1.361336 -0.225632 -0.272013 -0.338377 -0.070604 -0.898068
1642516795.150902 0.336334 1.361323 -0.225690 -0.272017 -0.338442 -0.070506 -0.898049
1642516795.159235 0.336552 1.361187 -0.225820 -0.272703 -0.338551 -0.071483 -0.897723
1642516795.167568 0.336580 1.361305 -0.225778 -0.271940 -0.338493 -0.070234 -0.898075
1642516795.175902 0.336699 1.361302 -0.225811 -0.271946 -0.338471 -0.070142 -0.898088
1642516795.184235 0.336921 1.361168 -0.225921 -0.272620 -0.338596 -0.071040 -0.897767
1642516795.192568 0.336944 1.361285 -0.225859 -0.271927 -0.338522 -0.069847 -0.898098
1642516795.200902 0.337154 1.361146 -0.225952 -0.272671 -0.338545 -0.070842 -0.897786
1642516795.209235 0.337178 1.361251 -0.225885 -0.271966 -0.338454 -0.069625 -0.898129
1642516795.217568 0.337379 1.361110 -0.225984 -0.272724 -0.338518 -0.070602 -0.897799
1642516795.225902 0.337391 1.361214 -0.225900 -0.272019 -0.338453 -0.069376 -0.898133
1642516795.234235 0.337469 1.361205 -0.225919 -0.272040 -0.338417 -0.069288 -0.898147
1642516795.242568 0.337598 1.361146 -0.225922 -0.272193 -0.338443 -0.069122 -0.898104
